timestamp,timeframe,category,rank,address,pnl,volume,userName
2026-05-31 07:00:31,day,overall,1,0x84cfffc3f16dcc353094de30d4a45226eccd2f63,1077007.1997693991,742133.9267559999,mooseborzoi
2026-05-31 07:00:31,day,overall,2,0x53757615de1c42b83f893b79d4241a009dc2aeea,699226.2296327356,863987.3344079999,
2026-05-31 07:00:31,day,overall,3,0x1136368d7f6728e94ed14c532ab95a932f710c2e,361958.31528516544,162031.30302599998,arlanta
2026-05-31 07:00:31,day,overall,4,0x9f2fe025f84839ca81dd8e0338892605702d2ca8,308591.26802723255,550001.1266020002,surfandturf
2026-05-31 07:00:31,day,overall,5,0xd959b6925d3d3391a40c1a85dd3d8916ef16daf7,263976.2489045202,716566.658509,Borntorun
2026-05-31 07:00:31,day,overall,6,0x2cff41636fe21fad120fed603d54d4fdd96259db,238377.44399094503,0.0,ThisAgain
2026-05-31 07:00:31,day,overall,7,0x2c335066fe58fe9237c3d3dc7b275c2a034a0563,189579.216111279,2519350.6520279995,0x2c335066FE58fe9237c3d3Dc7b275C2a034a0563-1759935795465
2026-05-31 07:00:31,day,overall,8,0x349606c1b77f3ba668879cbc9347f15a44cf8fc4,166958.12291640282,169605.6,skk1ch
2026-05-31 07:00:31,day,overall,9,0x5268527977f700f9bf9b6d5cd843859e4e70135d,140823.1888499863,733707.738507,HomeRunHazard
2026-05-31 07:00:31,day,overall,10,0xf284ad6d607f777f34bc643cea587c33a886b9f9,136630.95605495246,364829.1757550001,strike123
2026-05-31 07:00:31,day,overall,11,0xb91aeb5accc33a5f9a8615b8ed6b2d352e913987,116287.09649012766,0.0,afghj2421
2026-05-31 07:00:31,day,overall,12,0xb3cfe7615d64db8dfa743a1b1a2b976911460ebd,111959.00753655421,298105.6373030001,omoi0i0
2026-05-31 07:00:31,day,overall,13,0x6211f97a76ed5c4b1d658f637041ac5f293db89e,110076.46415572998,100577.88890199998,Tiger200
2026-05-31 07:00:31,day,overall,14,0x03e8a544e97eeff5753bc1e90d46e5ef22af1697,84690.81983972387,0.0,weflyhigh
2026-05-31 07:00:31,day,overall,15,0x492442eab586f242b53bda933fd5de859c8a3782,83373.5433500004,0.0,0x492442EaB586F242B53bDa933fD5dE859c8A3782-1766317541188
2026-05-31 07:00:31,day,overall,16,0xfe787d2da716d60e8acff57fb87eb13cd4d10319,74884.7184544811,1401125.2382480002,ferrariChampions2026
2026-05-31 07:00:31,day,overall,17,0x47a83fb1debcd11cc93f3bbbf5aeb3a5caeb52f9,74751.18590033488,0.0,JuicySlots
2026-05-31 07:00:31,day,overall,18,0x94d71d0d28709da91fd44c7d89da272fe86dbef5,56466.82318593061,381668.981397,JMMMMM
2026-05-31 07:00:31,day,overall,19,0x35353a3a2988c7c26e53849d602be60df49aa775,52279.43175000002,16847.68,theboss2
2026-05-31 07:00:31,day,overall,20,0x575a227b3d9369b06a4aeffb3ab820b407f3bba6,52240.793078571995,50000.0,qqq89
2026-05-31 07:00:31,day,overall,21,0x3d9141e6836b8e847d84966deb5bb72bb26fa5fd,50381.409732930006,0.0,111sf
2026-05-31 07:00:31,day,overall,22,0xe9076a87c5ed90ef16e6fe6529c943baeca0cff6,50321.96433128941,445275.18176099996,
2026-05-31 07:00:31,day,overall,23,0x86e99faea12fccd8925de5d9f052471baf7a4cdf,49654.56910214653,12143.027253,deloochsREBORN
2026-05-31 07:00:31,day,overall,24,0x8b887c9ad761b851d9e14510ea9aae04a01e8f33,47305.2946751187,25000.0,lluucckkyy
2026-05-31 07:00:31,day,overall,25,0xf65506e2d5f55279d77bd67d3c80af6882ad7ea4,42096.700675853586,6280.837347,piratesfan1313
2026-05-31 07:00:31,day,overall,26,0xdd92232bcdfbbac04132b3cbacbf32c2e5b16b2a,40042.13247108174,0.0,Jdhdhduu
2026-05-31 07:00:31,day,overall,27,0x67bb64fac5252df3f61ee2d91a4b1350e40eb6ef,38686.58146727663,42717.86,Blueberry1337
2026-05-31 07:00:31,day,overall,28,0xf410c083eb92d2ba6417b6c77797a83057deca73,38533.98836121799,16999.965579,ridleyridley
2026-05-31 07:00:31,day,overall,29,0x20e2d462eb96d6fe2c4c7d3fb99e1df17a93667f,38461.79685468828,5463.532334999999,sportsbettor222
2026-05-31 07:00:31,day,overall,30,0x418d51e13d019913bb027db22ecc723fe1ad88a3,38394.01252161604,41000.0,0x418D51e13d019913BB027DB22ECc723fe1AD88A3-1720918577961
2026-05-31 07:00:31,day,overall,31,0x99abd14fb1b179b1c5647a5762156b7ceeb77bd2,38139.89608753128,16282.467739,uponlyvibes
2026-05-31 07:00:31,day,overall,32,0xe5efd6543002653b2eef940d8254911862ad9e7a,37925.52716806322,110156.303264,0xE5efD6543002653B2EEF940d8254911862aD9e7A-1729599643232
2026-05-31 07:00:31,day,overall,33,0x4f3818cc7bca7c79680bb7fd3ac4108b7f3a2e85,37858.72704471841,19399.054845,PapiBowser
2026-05-31 07:00:31,day,overall,34,0x1d1ade627d0bb0205758580b20d808573e720df6,37340.00805392483,0.0,Pwaddler
2026-05-31 07:00:31,day,overall,35,0x5966db1fe50763c9e3c014d756369bad07e1f804,36896.15815553069,0.0,0x5966Db1fE50763C9e3C014d756369BAd07E1F804-1777648534241
2026-05-31 07:00:31,day,overall,36,0x63f390d8493c0122bff4e6b0abc0b7b05d17458b,34922.27822203999,0.0,chinamaxi
2026-05-31 07:00:31,day,overall,37,0x033f0346c007323030eb420305ffede19a95618e,34644.51136825101,68302.636247,TheVeryGoodCow
2026-05-31 07:00:31,day,overall,38,0x8e0b7ae246205b1ddf79172148a58a3204139e5c,34365.82186449919,0.0,synnet
2026-05-31 07:00:31,day,overall,39,0xe5b70fd855af9258d9463992e4f1ed7987905ee3,34253.85576111648,23.809522,alwaysfade
2026-05-31 07:00:31,day,overall,40,0x0aefa113cd13ca86b3e42cb2160f86ed5459db15,33469.534925645006,0.0,13957763411
2026-05-31 07:00:31,day,overall,41,0x2a2c53bd278c04da9962fcf96490e17f3dfb9bc1,31529.436615877865,0.0,0x2a2C53bD278c04DA9962Fcf96490E17F3DfB9Bc1-1772479215461
2026-05-31 07:00:31,day,overall,42,0xee1706b93845d50ea60e49219be7311a2ebb6ea1,30918.76920268196,9822.848872999999,jwerhor
2026-05-31 07:00:31,day,overall,43,0x65c18d740c8246af3353741c0b32e4b6da552988,29881.124508632987,35765.444466,RIP-PHIZZURP
2026-05-31 07:00:31,day,overall,44,0xc6b13482e72f656519705d792a1f25587a6c78fd,28624.12178761298,48381.961576,damed21
2026-05-31 07:00:31,day,overall,45,0x71ca04d689bc38c5e4dcda8a4d743f279c5a3501,28071.216261386064,5555.0,Ronaldo2100
2026-05-31 07:00:31,day,overall,46,0xde0463ea7f611b065e8ab06bbfbddad75e6dfa37,26685.530000035098,77545.89471400001,mwenya
2026-05-31 07:00:31,day,overall,47,0xac2519c4e68c4b58326eadd26d7373a4f7fb433f,25899.77547327202,0.0,nbacup
2026-05-31 07:00:31,day,overall,48,0xcd65c3279408a33866a9129bed6943064cb6ee96,24985.63504312685,160717.627772,NiNo999
2026-05-31 07:00:31,day,overall,49,0xf3a4710f66a6d9eeb081af71dc7b7fb5d1ac097f,24868.26525996805,11627.9,0xf3A4710f66a6D9EeB081aF71dc7b7Fb5D1ac097f-1728394889999
2026-05-31 07:00:31,day,overall,50,0xd48a81db62f742c4e42d86dfc23a7ee345366e90,24700.62112534076,158885.81833899996,NiFengFanPan
2026-05-31 07:00:31,day,overall,51,0x32ed517a571c01b6e9adecf61ba81ca48ff2f960,23920.68661085236,111657.252633,sportmaster777
2026-05-31 07:00:31,day,overall,52,0x55f707423f0ae7e83b3cb8285be179191064c71d,23843.3427,0.0,YoungGang
2026-05-31 07:00:31,day,overall,53,0xf43842aca68209bd8bd3b4cfae00a32053769559,23474.996630549955,0.0,PendulumExchange
2026-05-31 07:00:31,day,overall,54,0x5e6e2c3f06686f2607b86c90e35f536e81a1be00,22947.203463506972,30.0,ewwwwwww
2026-05-31 07:00:31,day,overall,55,0xe593999ed79e9d091f482eb280bfabe069f7cc7d,22540.6164,49001.34,0xe593999ed79E9D091F482Eb280BFAbe069f7cC7D-1770117546274
2026-05-31 07:00:31,day,overall,56,0x05e17fb524aa6896de92dec88db2f0e4dd5285a2,21492.073304593923,11152.659089,0x05e17Fb524aa6896DE92DeC88db2F0e4Dd5285A2-1768091861491
2026-05-31 07:00:31,day,overall,57,0x60cca529dfd6c22e8fbd66e0b070bec7901aff9b,21210.93976999911,14161.31818,chowfun
2026-05-31 07:00:31,day,overall,58,0xee00ba338c59557141789b127927a55f5cc5cea1,21164.005637486,129097.856871,S-Works
2026-05-31 07:00:31,day,overall,59,0xa3922eaac3633b419f1d30831511275d0a941415,21145.27336149997,0.0,parkyun205
2026-05-31 07:00:31,day,overall,60,0xf41a50dd466780103a8311c9d91bea20753db386,19655.975905940002,34243.86,jhyhbjkbiuyb
2026-05-31 07:00:31,day,overall,61,0x661daf6af6d884012dd6db73c09d72e8be224dc6,19014.589113900656,68792.449912,DOLLAR-PRINTER
2026-05-31 07:00:31,day,overall,62,0x25cc572fae8d022da57a888597561908fd669297,18990.12370650318,0.0,jt7
2026-05-31 07:00:31,day,overall,63,0xa1fbe355025e17d2850fd3f75a1a95a4c1ff54d0,18195.652171313322,0.0,BigHero6
2026-05-31 07:00:31,day,overall,64,0x2ccc6ebc5e41d41a3f2a3662c5d4f6547e075a0f,17644.484109999994,0.0,Quants2
2026-05-31 07:00:31,day,overall,65,0x0346afae2603313d2bbee96b628536c8cbe352a5,17551.84361592942,322232.106928,GoalLineGhost
2026-05-31 07:00:31,day,overall,66,0xf1528f12e645462c344799b62b1b421a6a4c64aa,17424.5272383056,37189.550456,phonesculptor
2026-05-31 07:00:31,day,overall,67,0xf32e55e00b84cf085d0c676cebca38dc3b5d441d,17347.692284,97117.94141300001,0xf32e55e00B84cF085d0C676cEbCa38dC3B5D441d-1774844758426
2026-05-31 07:00:31,day,overall,68,0xfa39fdf92783d5547cc697e560e532a7e6a1bb64,17292.802331651757,132896.577185,0x96802d6895A713b6257E196c5393A19bF7c69196-1773997868369
2026-05-31 07:00:31,day,overall,69,0xb2a3623364c33561d8312e1edb79eb941c798510,17176.574901767075,0.0,aekghas
2026-05-31 07:00:31,day,overall,70,0x1ea06ea7143d3b8e2431f9cab7011619c269950a,17144.245167622303,10000.0,0x1EA06EA7143D3b8e2431f9CAB7011619C269950a-1736584377931
2026-05-31 07:00:31,day,overall,71,0x26b46988d027c6c03cfa12a7c0c6d778be49b8a9,16998.973799834414,81852.046211,kkookkoo
2026-05-31 07:00:31,day,overall,72,0x5b6331e7ff0831a3fe2ed12004747db1a9c911a4,16964.17341328239,151276.72901500002,neutralwave23
2026-05-31 07:00:31,day,overall,73,0xab72e9d3b61a536319929020a65b604057260888,16885.928263306498,34726.203832,justhuman.eth
2026-05-31 07:00:31,day,overall,74,0xd218e474776403a330142299f7796e8ba32eb5c9,16802.085644773448,121408.03528499999,cigarettes
2026-05-31 07:00:31,day,overall,75,0xc44f432b014f36679e13615f95996eac32bbd49f,16617.024999999965,0.0,Zywoo123
2026-05-31 07:00:31,day,overall,76,0xb56db5215443706244b0af76b3daaad3066ad621,16245.303605380883,8638.378534,DegenKingBetter
2026-05-31 07:00:31,day,overall,77,0xccca48bd12facbd6ab03713a36bb54bff2d83b2b,16221.324999999997,0.0,NGALVA
2026-05-31 07:00:31,day,overall,78,0x8c8cb907c2a04042dc45530b0121d26566f8c7b4,16044.190394282188,1538.461537,RiCHDR4MER
2026-05-31 07:00:31,day,overall,79,0x7aa16fd4fba9a459414a2dbf6985b40b5ca1e126,15819.999999999996,28000.0,haristotle
2026-05-31 07:00:31,day,overall,80,0xdb27bf2ac5d428a9c63dbc914611036855a6c56e,15708.008010329315,0.0,DrPufferfish
2026-05-31 07:00:31,day,overall,81,0x0a77bc0638f13892c8b1d1d2c13ba178540f9d74,15280.76834987838,9178.447691,0x0A77exmm
2026-05-31 07:00:31,day,overall,82,0xd053b5bd0c3089d454f9ea91ded4a22d6f123c01,15257.234,0.0,princetano
2026-05-31 07:00:31,day,overall,83,0x82ff82838d26347b7188c8e3ddc9fb6f8306f0c4,15229.337633478004,0.0,lucio12z16
2026-05-31 07:00:31,day,overall,84,0x85479e922031ca1ddac413c0b901b4d34a4dddee,15013.251122,17354.675351,0x85479e922031ca1DDAc413C0B901b4D34A4dDdeE-1780181594002
2026-05-31 07:00:31,day,overall,85,0xab89d54040e8fd2159b3db0b3e824439c4405949,15009.358720275,0.0,Blackjocks
2026-05-31 07:00:31,day,overall,86,0x21f333307ac6d2e65ac82f014b3dd2b64cbc35e3,14937.423120968786,53059.876965,hi774c
2026-05-31 07:00:31,day,overall,87,0x300b12adf2b3a118724dfd5e863cc32e5ed1bbbd,14896.332073722,0.0,0x300B12Adf2b3a118724dFd5E863Cc32E5ED1BbbD-1778919414976
2026-05-31 07:00:31,day,overall,88,0x3c918a8ef8c379304f744592120cbb4d76149af7,14422.084363086557,18899.986556,Vilgefortz
2026-05-31 07:00:31,day,overall,89,0x635cfc3676fcd4bc65d177214eb5f9fdf73645c6,14264.705880715308,0.0,jumpsquad
2026-05-31 07:00:31,day,overall,90,0x28059b3fb7af7ed76d83dc9121bbb72ec7cf76ed,14163.594649,16004.368900000001,Byeprisonplanet
2026-05-31 07:00:31,day,overall,91,0xa36fcb6947c4ac1f09ee894aa1fd0756b90e180b,13776.656684692949,0.0,Shori888
2026-05-31 07:00:31,day,overall,92,0x92b5f14c68ccae0cd7d0ba52b098ffaab990fec6,13729.985898694293,21646.84,Schnoodled
2026-05-31 07:00:31,day,overall,93,0x2117ae94a97d69b78cbc81b6680a62deb1955c26,13657.833441538294,21952.989999999998,Zzzz87
2026-05-31 07:00:31,day,overall,94,0xf4e144462829dead1a93c6fd23a33560736e34a5,13536.149432408434,51078.595498999995,Avrtsz
2026-05-31 07:00:31,day,overall,95,0x007b44a74a8d915a4cd7cff5c07ce881e4d9adc6,13526.920821717962,41428.985208,donky
2026-05-31 07:00:31,day,overall,96,0x42d1e0daa3c83748cb1661bfcd9d3033278214aa,13278.006556911001,0.0,0x42D1e0daa3c83748CB1661bFcd9D3033278214aA-1760696201963
2026-05-31 07:00:31,day,overall,97,0x9cb990f1862568a63d8601efeebe0304225c32f2,13225.000000000233,0.0,jtwyslljy
2026-05-31 07:00:31,day,overall,98,0x1610db79f753a80207e1d66716be9e91e627ae49,12929.116318361397,134998.564732,0x1610DB79f753a80207E1d66716be9E91E627AE49-1778875286261
2026-05-31 07:00:31,day,overall,99,0xfb13cf3a8c9c40c02979e601261a27dc365037cd,12826.349725961674,46562.82081,pally
2026-05-31 07:00:31,day,overall,100,0x43372356634781eea88d61bbdd7824cdce958882,12741.202526047195,67014.10639500001,Anjun
2026-05-31 07:00:31,day,politics,1,0xb2a3623364c33561d8312e1edb79eb941c798510,17176.574901767075,0.0,aekghas
2026-05-31 07:00:31,day,politics,2,0x0f0223dc4b5c68f345ac4f0444f2955740b85bfb,10944.152816718706,0.0,0x0F0223dC4b5C68f345Ac4F0444f2955740B85bfB-1779940201096
2026-05-31 07:00:31,day,politics,3,0x8c80d213c0cbad777d06ee3f58f6ca4bc03102c3,10245.286937204888,0.0,SecondWindCapital
2026-05-31 07:00:31,day,politics,4,0xeed588bab0b0df73a9a6def7a59e512e9ede1a33,8739.269593524048,0.0,mohahaha
2026-05-31 07:00:31,day,politics,5,0xf9c1190aa8184bcbe418e6f5321c53b0bfbc39e2,8650.457048962708,6651.856661,AdrianCronauer
2026-05-31 07:00:31,day,politics,6,0xc03ce4d8af842ca6251ac57228b3ffb166ed50af,8073.685604999948,223685.0,NyetRisk
2026-05-31 07:00:31,day,politics,7,0xc6587b11a2209e46dfe3928b31c5514a8e33b784,7222.3381769732805,0.0,Erasmus.
2026-05-31 07:00:31,day,politics,8,0x0a854897a06d4999e5b2dde5693609f1428ffe9d,7144.699953210133,0.0,TheQuietRisk
2026-05-31 07:00:31,day,politics,9,0x93511d72d294f1478739bc38f578bf0306fd9e4d,6252.6899106291385,173100.244869,Dafu0715
2026-05-31 07:00:31,day,politics,10,0x03805a13a0b3e058f55f6c6af95389d4f431073d,5969.4235127331995,48592.696161999986,donthackme
2026-05-31 07:00:31,day,politics,11,0xfc2f4f50ce2f6045d35558a5e2d8d4b2ac6610c7,5704.63256494511,275111.83622500004,0xFc2F4f50ce2F6045d35558A5E2D8d4b2aC6610c7-1769097007451
2026-05-31 07:00:31,day,politics,12,0xc8ab97a9089a9ff7e6ef0688e6e591a066946418,5620.872503370556,634212.8819329998,ArmageddonRewardsBilly
2026-05-31 07:00:31,day,politics,13,0x93fb8127a1b21a112b11af936361225df0563e4a,5611.0981384900915,130.592098,LlamaLoco0000
2026-05-31 07:00:31,day,politics,14,0xbd0477e08d82d35a855ff19644a88a9213d8fbb0,5308.472081344138,14395.11,yuhyuhyuhy352352
2026-05-31 07:00:31,day,politics,15,0xa022ba0a68e11a78348382ff168601012d4d77f8,4762.486819341546,0.0,yungstalin
2026-05-31 07:00:31,day,politics,16,0x37d366a769f58ef478f72c6b1bf730424b2b709a,4734.299090299366,9490.09,Drose32
2026-05-31 07:00:31,day,politics,17,0x5a218c7ad04135830a45c41aaed7294df7809318,4502.2374333345215,26589.475703999997,balthazar
2026-05-31 07:00:31,day,politics,18,0xa3a417e434923aeaf97afe9a61b10ff9364e5106,4328.583272076954,106411.041359,0xC03cE4d8Af842Ca6251Ac57228B3Ffb166ed50A
2026-05-31 07:00:31,day,politics,19,0xa9fe4929d4ea1525ca03bd0ff68ea1fbf9e7f135,4193.263938323013,0.0,novv25
2026-05-31 07:00:31,day,politics,20,0x9d5bd213aa944db526ba0c29ebe27931f7dea51e,4155.3172198175,5086.820000000001,0x9D5Bd213aa944Db526BA0c29eBE27931f7DEA51E-1743525797980
2026-05-31 07:00:31,day,politics,21,0x511f9c771449162349795d17becf8b37031acbe1,4141.008900368455,19910.621738000005,Bigggggggg
2026-05-31 07:00:31,day,politics,22,0x950ea3d54a52dca7ec54e7a0338812450268f8e5,4000.00026772001,0.0,onepingonly
2026-05-31 07:00:31,day,politics,23,0x8afa03dd6974e44d00c4d14dcccb00c0ddf6adb6,3861.490882744518,13243.867033,stupid22
2026-05-31 07:00:31,day,politics,24,0x2e7a8329d729d986aead6b58b75d9301c4b429f6,3166.5408802525,0.0,Richdale
2026-05-31 07:00:31,day,politics,25,0xfbd8c9c22ca76b3662d0e53a4f79719fdc684027,2975.0629820749928,14891.0,0xfBd8C9C22cA76B3662d0e53A4f79719FDC684027-1779347618060
2026-05-31 07:00:31,day,politics,26,0x4f1d5ae26fc31472966e951af3183308736d8de2,2806.935348819592,45997.59308299999,e46m3
2026-05-31 07:00:31,day,politics,27,0x614dc8d3542c12103d2c6a3553fd761e391d1546,2716.713869881467,100.0,mr.ozi
2026-05-31 07:00:31,day,politics,28,0x6ed913ba70f0f5dbcbd6648f2044718bb96bfebf,2678.185326796389,4992.32,Roger1410
2026-05-31 07:00:31,day,politics,29,0x8f69269039b9a401de28a38c2f1c3001364b7df1,2431.6667193130997,0.0,DumplingBMF
2026-05-31 07:00:31,day,politics,30,0x8cb3494de4c9f5670c6f108a3401617cbe2b60d2,2355.5886560025,0.0,RugbyRichard007
2026-05-31 07:00:31,day,politics,31,0x8593729d510c4f0b7119e51c185cc48fc37026ef,2316.704776719,0.0,0x8593729d510c4F0b7119E51C185Cc48FC37026eF-1776664916796
2026-05-31 07:00:31,day,politics,32,0x10e9d12ffbf23834cacc495ac0757cda41e833f3,2304.850717104986,0.0,llllllI
2026-05-31 07:00:31,day,politics,33,0xe613b515bd46b1585a8b137a4d291d9b80bd540e,2128.1686887300457,29129.807251000006,Gucky-Gu45
2026-05-31 07:00:31,day,politics,34,0x2e617f2cb474acaba820030e4819fe92148519bd,1996.378104542995,0.0,Javier777Milei
2026-05-31 07:00:31,day,politics,35,0x9690d9f51b618222c29567c3b39aac2935a5f2d5,1969.4334906540012,22222.0612,Djibooty
2026-05-31 07:00:31,day,politics,36,0xfffadf38a520cd5a0035ff52d7fceb436a08864b,1958.9017809801153,0.0,GoriIIa
2026-05-31 07:00:31,day,politics,37,0xbbcebb46f76db04a38ded59eac8bd28ff72b3da1,1958.4271482399995,0.0,humlegable
2026-05-31 07:00:31,day,politics,38,0xb0d62e7959377b18fd63b772c74147724e0e7475,1910.6996835979153,8887.462307000002,0xb0D62E7959377B18Fd63b772C74147724E0E7475-1762012908734
2026-05-31 07:00:31,day,politics,39,0xecaa8806a9a05049d7d5260a33dc924220e377a9,1909.9015621610743,23642.176492000002,Melody626
2026-05-31 07:00:31,day,politics,40,0x9ba9dec33838f4ec9f032f7247d7481987e63ce9,1894.20374823999,0.0,TeamA
2026-05-31 07:00:31,day,politics,41,0xb1a5a349a2d2900e082176cfe9bab817c8e7815d,1869.8967514399915,0.0,0xad3Db8C370f1D42f7df3BDf53Cf050A95fE03c14-1777933933343
2026-05-31 07:00:31,day,politics,42,0x8b24a5e26873c9674fbb073b79941c29ca93c4be,1859.2022822275067,0.0,Lessgo123
2026-05-31 07:00:31,day,politics,43,0x53e55bc7cb3d67ad177c023ce891ad076a9d6177,1854.821957455133,0.0,Arbguy
2026-05-31 07:00:31,day,politics,44,0xeccede2327d2fcf33b27f31dc7b23bb330df69d8,1845.9014809070004,0.0,0xECcEdE2327D2fCf33B27F31dc7b23Bb330df69D8-1779490001957
2026-05-31 07:00:31,day,politics,45,0xbb1f2e5808ef314eb65e340b42389716e32c907d,1832.9596278349973,5000.0,KRUNRG
2026-05-31 07:00:31,day,politics,46,0x6d9fc316c3b8377060a44b852ba664adbfd59790,1791.076651710493,17672.699999999997,MEPP
2026-05-31 07:00:31,day,politics,47,0xfd8f5bba5b09d286b6d1db35cda8249bdd356f11,1757.1018263422254,4250.316665,bitdady
2026-05-31 07:00:31,day,politics,48,0x64b5c632757ea57990a52ba49935daab945ddd7c,1565.9478900000001,0.0,Karkoo
2026-05-31 07:00:31,day,politics,49,0xcbbc4c8802f6d061504c9d670a181508cf42ea5a,1549.325942075,0.0,Doggieson
2026-05-31 07:00:31,day,politics,50,0xafbacaeeda63f31202759eff7f8126e49adfe61b,1547.8121922999853,0.0,SammySledge
2026-05-31 07:00:31,day,politics,51,0x43372356634781eea88d61bbdd7824cdce958882,1536.5377200997027,762.3958250000001,Anjun
2026-05-31 07:00:31,day,politics,52,0xa938bd6071fed6384654b06ffa3e67d7a8d4bad0,1472.7364319720036,0.0,asdgwezcasdq
2026-05-31 07:00:31,day,politics,53,0x28bf066c6cb952da62d6d182c16ad173ada64a4e,1455.1247559344974,5135.4400000000005,plainfolder
2026-05-31 07:00:31,day,politics,54,0x7a47a75a7a483e3baa479fa566043688185dd947,1447.2832590445,1831.1,NotKoryTeneycke
2026-05-31 07:00:31,day,politics,55,0xeb490d0534bb68b4c2ce139b219a728cd2c3693e,1410.093732074849,33827.029811,78979879879879
2026-05-31 07:00:31,day,politics,56,0xc96cb25888f25ab1929b575834a6c406234f6a98,1393.9627101785718,74534.509758,James000
2026-05-31 07:00:31,day,politics,57,0xdcc0d387f0af3628ff1f2aebffb17ece397822e1,1392.2230740799969,0.0,turo
2026-05-31 07:00:31,day,politics,58,0x62cf46cd4c3af254dccfc37a7f93de265b4b5826,1387.5593725650415,0.0,eCash
2026-05-31 07:00:31,day,politics,59,0x7523cafcee7bcf2db9a79d80e0d79b88a9a54c4c,1365.0407736390189,0.0,DonaldinhoTrumpito
2026-05-31 07:00:31,day,politics,60,0xd6b6f6924341b00626e603240f799644d4b6342b,1332.2200082754134,0.0,sciuboi
2026-05-31 07:00:31,day,politics,61,0x49ebd7ba46eca5e7a7336027d7b46792bf39cf37,1282.648313809499,0.0,Makesmesicktomystomach
2026-05-31 07:00:31,day,politics,62,0xd9b5455d1ee240ce157787b87ff2e0a60f639db1,1243.6424481482572,6644.915192,0xd9b5455d1ee240ce157787b87ff2e0a60f639db1-1759024898621
2026-05-31 07:00:31,day,politics,63,0xf39651f0addaad0221806d828197064b97feed0d,1226.809495853493,0.0,Pajamapants
2026-05-31 07:00:31,day,politics,64,0xb1ca909e848cc24ec4e220ce1c453bc290c51705,1216.881548592588,70218.73225999999,NonceChaser
2026-05-31 07:00:31,day,politics,65,0x59c49a09e5335430833b96d96af9e581b0a9b517,1194.0743939440144,0.0,badbbd
2026-05-31 07:00:31,day,politics,66,0x46d3d62ab3dd01fb8dc3b16f0141462c82df62e0,1178.2843446869956,0.0,Optionsguru18
2026-05-31 07:00:31,day,politics,67,0x6806d2ab8efb9c41baa28c72e44fdfc4b3293a05,1178.223046688001,0.0,Aurelian9
2026-05-31 07:00:31,day,politics,68,0xf1554a6292c37db1cd007102b0f55bd7e7ac76bd,1160.9341910244984,0.0,lorry3122
2026-05-31 07:00:31,day,politics,69,0x076baf4f9155d6d596bbcd2e380c798a5f1357af,1126.7518005140028,0.0,0x076BAF4f9155d6d596BBcd2E380c798a5f1357AF-1773255639062
2026-05-31 07:00:31,day,politics,70,0x05e26c775ecfe91b897d47f134c1bf5900ca6e12,1091.598047740059,0.0,Llalalala
2026-05-31 07:00:31,day,politics,71,0xeae71b3df17b5c45e67b63cd271ac077657b1884,1083.8102698229923,0.0,0xEae71b3DF17B5c45E67B63cd271aC077657B1884-1743486921653
2026-05-31 07:00:31,day,politics,72,0x000d257d2dc7616feaef4ae0f14600fdf50a758e,1067.33600077359,0.0,scottilicious
2026-05-31 07:00:31,day,politics,73,0x63d43bbb87f85af03b8f2f9e2fad7b54334fa2f1,1062.3583714488777,0.0,wokerjoesleeper
2026-05-31 07:00:31,day,politics,74,0x56832fe210246b25fcef010565c815ee89479d56,1057.543008810003,0.0,8632
2026-05-31 07:00:31,day,politics,75,0xf284ad6d607f777f34bc643cea587c33a886b9f9,1057.1242458000197,76511.12,strike123
2026-05-31 07:00:31,day,politics,76,0x64f38c96fa1c04b30f91364ed0f4f143fbac34b6,1055.8695109388227,368.35,parlia
2026-05-31 07:00:31,day,politics,77,0x7fdc0f0e0205aac4ee092e7ed6bd35add9451830,1042.7925804120023,0.0,echovl
2026-05-31 07:00:31,day,politics,78,0xa3282d3e882501229c75d0caf134e62e3afb4977,1039.0887381508146,3330.331524,korda77
2026-05-31 07:00:31,day,politics,79,0xb8a717fed80eab7258a9ff6ba9961908691d7674,1031.711848578998,0.0,pugdev
2026-05-31 07:00:31,day,politics,80,0x3e5b23e9f71b2a2edcd5629d3f948f12f591073b,1019.2203937812374,2042.0953470000002,beenraping
2026-05-31 07:00:31,day,politics,81,0xf811ef0712a03925ce67ae2af5318cfeb86b1792,1009.5669489039574,0.0,krikcrok
2026-05-31 07:00:31,day,politics,82,0xfb83a2228c1b4ec7dd84c4bf95c9b7a3883477ee,996.095226872907,3016.986665,stopgrowing
2026-05-31 07:00:31,day,politics,83,0x6b6017aad92663e20336b8c39172245a13da9c7e,991.154027832501,0.0,anqana
2026-05-31 07:00:31,day,politics,84,0x09a5d3b75f908d780f2070ac270eabd6cf83caaa,981.4745065785378,24945.274764,83CAAA
2026-05-31 07:00:31,day,politics,85,0xe258c02a1ed5c159f3268cf7728ba5706f8bd084,969.7372198039984,0.0,yikaiz
2026-05-31 07:00:31,day,politics,86,0xfd22b8843ae03a33a8a4c5e39ef1e5ff33ebad91,964.577388857957,0.0,AML
2026-05-31 07:00:31,day,politics,87,0xfe1cee9005401c8285a9d3bcfc4358c34d1802bb,962.461067373999,0.0,FreshCar
2026-05-31 07:00:31,day,politics,88,0xd0d920677cf913e289b6467dde2140d4fa43d6db,962.3198068562251,1705.163512,compute
2026-05-31 07:00:31,day,politics,89,0xbf01a061bca2ddffb0044e41242ee7066966bbf7,960.7764362978191,2690.9090889999998,goose-no17
2026-05-31 07:00:31,day,politics,90,0x8d0c615f5ed3c835016b96207b3f051eec7d5839,946.2560111250496,0.0,fastviking
2026-05-31 07:00:31,day,politics,91,0x0e66881d3a44f017956990ac77bdf433426a80b0,943.4643800599999,1151.97,Squampkinpapa
2026-05-31 07:00:31,day,politics,92,0xce1d15f4ab2e11cca6fefe4fe7d70889e6531b9b,928.7642062199957,0.0,armads
2026-05-31 07:00:31,day,politics,93,0x44bb9b6af128bdcdac143f9fe845a8a9a105c186,923.9439240674983,0.0,US.holds.WT-OPCON.of.SouthKorea
2026-05-31 07:00:31,day,politics,94,0x277989790d4a8c782d7a4992e13c2dcaa031239a,923.5513540752518,3996.3900000000003,PolyFliperAlan
2026-05-31 07:00:31,day,politics,95,0x07a9bf6d9a913df0e149bb2d652998b57fd832c8,915.1196126850045,0.0,ReedUpdatee
2026-05-31 07:00:31,day,politics,96,0x74019d0b6978a9f4198af6983c25df40374187c5,892.5151987100035,0.0,freeman1337
2026-05-31 07:00:31,day,politics,97,0x28aaedcb77f232fed5fb97131d8d16bc2d708f75,890.4393978259995,0.0,Rk780
2026-05-31 07:00:31,day,politics,98,0xbf93328f8b69273453228a82c913207731822fd7,889.9385987819842,0.0,hell0pia
2026-05-31 07:00:31,day,politics,99,0xfc75f7bf7d158ffd32b6133b31705ebe41328604,874.778424382,0.0,smartrandom
2026-05-31 07:00:31,day,politics,100,0xc3cd1d612bbf9fbf80da5a9bff0b0470cb46816c,866.3345057993865,13296.222609,UbuntuTrading
2026-05-31 07:00:31,day,sports,1,0x84cfffc3f16dcc353094de30d4a45226eccd2f63,1077007.1997693963,742133.926756,mooseborzoi
2026-05-31 07:00:31,day,sports,2,0x53757615de1c42b83f893b79d4241a009dc2aeea,699194.8466470158,857992.3344079999,
2026-05-31 07:00:31,day,sports,3,0x1136368d7f6728e94ed14c532ab95a932f710c2e,361958.31528516544,162031.30302599998,arlanta
2026-05-31 07:00:31,day,sports,4,0x9f2fe025f84839ca81dd8e0338892605702d2ca8,308591.33210700005,550001.1266020002,surfandturf
2026-05-31 07:00:31,day,sports,5,0xd959b6925d3d3391a40c1a85dd3d8916ef16daf7,263976.2489045202,716566.658509,Borntorun
2026-05-31 07:00:31,day,sports,6,0x2cff41636fe21fad120fed603d54d4fdd96259db,238377.44399094503,0.0,ThisAgain
2026-05-31 07:00:31,day,sports,7,0x2c335066fe58fe9237c3d3dc7b275c2a034a0563,189554.935772622,2519350.652027999,0x2c335066FE58fe9237c3d3Dc7b275C2a034a0563-1759935795465
2026-05-31 07:00:31,day,sports,8,0x349606c1b77f3ba668879cbc9347f15a44cf8fc4,166958.1229132926,169605.6,skk1ch
2026-05-31 07:00:31,day,sports,9,0x5268527977f700f9bf9b6d5cd843859e4e70135d,140823.18884998403,733707.738507,HomeRunHazard
2026-05-31 07:00:31,day,sports,10,0xf284ad6d607f777f34bc643cea587c33a886b9f9,134780.36360246743,288318.0557550001,strike123
2026-05-31 07:00:31,day,sports,11,0xb91aeb5accc33a5f9a8615b8ed6b2d352e913987,116287.09649012766,0.0,afghj2421
2026-05-31 07:00:31,day,sports,12,0xb3cfe7615d64db8dfa743a1b1a2b976911460ebd,111959.00753655421,298105.6373030001,omoi0i0
2026-05-31 07:00:31,day,sports,13,0x6211f97a76ed5c4b1d658f637041ac5f293db89e,110076.46415572998,100577.88890199998,Tiger200
2026-05-31 07:00:31,day,sports,14,0x03e8a544e97eeff5753bc1e90d46e5ef22af1697,84690.81983972387,0.0,weflyhigh
2026-05-31 07:00:31,day,sports,15,0x492442eab586f242b53bda933fd5de859c8a3782,83373.5433500004,0.0,0x492442EaB586F242B53bDa933fD5dE859c8A3782-1766317541188
2026-05-31 07:00:31,day,sports,16,0xfe787d2da716d60e8acff57fb87eb13cd4d10319,74884.71845447738,1401125.2382480002,ferrariChampions2026
2026-05-31 07:00:31,day,sports,17,0x47a83fb1debcd11cc93f3bbbf5aeb3a5caeb52f9,74751.18590033488,0.0,JuicySlots
2026-05-31 07:00:31,day,sports,18,0xe9076a87c5ed90ef16e6fe6529c943baeca0cff6,64069.30771511687,143403.429871,
2026-05-31 07:00:31,day,sports,19,0x94d71d0d28709da91fd44c7d89da272fe86dbef5,56466.82318593061,381668.981397,JMMMMM
2026-05-31 07:00:31,day,sports,20,0x35353a3a2988c7c26e53849d602be60df49aa775,52279.43175000002,16847.68,theboss2
2026-05-31 07:00:31,day,sports,21,0x575a227b3d9369b06a4aeffb3ab820b407f3bba6,52240.793078571995,50000.0,qqq89
2026-05-31 07:00:31,day,sports,22,0x3d9141e6836b8e847d84966deb5bb72bb26fa5fd,50381.409732930006,0.0,111sf
2026-05-31 07:00:31,day,sports,23,0x86e99faea12fccd8925de5d9f052471baf7a4cdf,49949.60660227203,12143.027253,deloochsREBORN
2026-05-31 07:00:31,day,sports,24,0x8b887c9ad761b851d9e14510ea9aae04a01e8f33,47305.2946751187,25000.0,lluucckkyy
2026-05-31 07:00:31,day,sports,25,0xf65506e2d5f55279d77bd67d3c80af6882ad7ea4,42096.700675853586,6280.837347,piratesfan1313
2026-05-31 07:00:31,day,sports,26,0xdd92232bcdfbbac04132b3cbacbf32c2e5b16b2a,40042.13247108174,0.0,Jdhdhduu
2026-05-31 07:00:31,day,sports,27,0x67bb64fac5252df3f61ee2d91a4b1350e40eb6ef,38686.581466184085,42717.86,Blueberry1337
2026-05-31 07:00:31,day,sports,28,0xf410c083eb92d2ba6417b6c77797a83057deca73,38533.988361217984,16999.965579,ridleyridley
2026-05-31 07:00:31,day,sports,29,0x20e2d462eb96d6fe2c4c7d3fb99e1df17a93667f,38461.79685468828,5463.532334999999,sportsbettor222
2026-05-31 07:00:31,day,sports,30,0x418d51e13d019913bb027db22ecc723fe1ad88a3,38394.01252161604,41000.0,0x418D51e13d019913BB027DB22ECc723fe1AD88A3-1720918577961
2026-05-31 07:00:31,day,sports,31,0x99abd14fb1b179b1c5647a5762156b7ceeb77bd2,38139.89608753128,16282.467739,uponlyvibes
2026-05-31 07:00:31,day,sports,32,0xe5efd6543002653b2eef940d8254911862ad9e7a,37925.52716806327,110156.303264,0xE5efD6543002653B2EEF940d8254911862aD9e7A-1729599643232
2026-05-31 07:00:31,day,sports,33,0x4f3818cc7bca7c79680bb7fd3ac4108b7f3a2e85,37858.72704471841,19399.054845,PapiBowser
2026-05-31 07:00:31,day,sports,34,0x1d1ade627d0bb0205758580b20d808573e720df6,37340.00805392483,0.0,Pwaddler
2026-05-31 07:00:31,day,sports,35,0x5966db1fe50763c9e3c014d756369bad07e1f804,36896.15815553069,0.0,0x5966Db1fE50763C9e3C014d756369BAd07E1F804-1777648534241
2026-05-31 07:00:31,day,sports,36,0x63f390d8493c0122bff4e6b0abc0b7b05d17458b,34922.27822203999,0.0,chinamaxi
2026-05-31 07:00:31,day,sports,37,0x033f0346c007323030eb420305ffede19a95618e,34646.823857733514,68302.636247,TheVeryGoodCow
2026-05-31 07:00:31,day,sports,38,0x8e0b7ae246205b1ddf79172148a58a3204139e5c,34365.82186449919,0.0,synnet
2026-05-31 07:00:31,day,sports,39,0xe5b70fd855af9258d9463992e4f1ed7987905ee3,34252.75576111648,23.809522,alwaysfade
2026-05-31 07:00:31,day,sports,40,0x0aefa113cd13ca86b3e42cb2160f86ed5459db15,33469.534925645006,0.0,13957763411
2026-05-31 07:00:31,day,sports,41,0x2a2c53bd278c04da9962fcf96490e17f3dfb9bc1,31528.532943877857,0.0,0x2a2C53bD278c04DA9962Fcf96490E17F3DfB9Bc1-1772479215461
2026-05-31 07:00:31,day,sports,42,0x65c18d740c8246af3353741c0b32e4b6da552988,29881.124508632987,35765.444466,RIP-PHIZZURP
2026-05-31 07:00:31,day,sports,43,0xee1706b93845d50ea60e49219be7311a2ebb6ea1,28750.00178024,0.0,jwerhor
2026-05-31 07:00:31,day,sports,44,0xc6b13482e72f656519705d792a1f25587a6c78fd,28624.121918639983,48381.961576,damed21
2026-05-31 07:00:31,day,sports,45,0x71ca04d689bc38c5e4dcda8a4d743f279c5a3501,27959.38824113099,5555.0,Ronaldo2100
2026-05-31 07:00:31,day,sports,46,0xde0463ea7f611b065e8ab06bbfbddad75e6dfa37,27577.782846533053,68413.003666,mwenya
2026-05-31 07:00:31,day,sports,47,0xac2519c4e68c4b58326eadd26d7373a4f7fb433f,25899.77547327202,0.0,nbacup
2026-05-31 07:00:31,day,sports,48,0xf3a4710f66a6d9eeb081af71dc7b7fb5d1ac097f,25003.259612976053,11627.9,0xf3A4710f66a6D9EeB081aF71dc7b7Fb5D1ac097f-1728394889999
2026-05-31 07:00:31,day,sports,49,0xcd65c3279408a33866a9129bed6943064cb6ee96,24985.63504312685,160717.627772,NiNo999
2026-05-31 07:00:31,day,sports,50,0xd48a81db62f742c4e42d86dfc23a7ee345366e90,24114.92539648732,158885.81833899996,NiFengFanPan
2026-05-31 07:00:31,day,sports,51,0x32ed517a571c01b6e9adecf61ba81ca48ff2f960,23920.97654385236,111657.252633,sportmaster777
2026-05-31 07:00:31,day,sports,52,0x55f707423f0ae7e83b3cb8285be179191064c71d,23843.3427,0.0,YoungGang
2026-05-31 07:00:31,day,sports,53,0xf43842aca68209bd8bd3b4cfae00a32053769559,23624.996630549955,0.0,PendulumExchange
2026-05-31 07:00:31,day,sports,54,0x5e6e2c3f06686f2607b86c90e35f536e81a1be00,22947.203463506972,30.0,ewwwwwww
2026-05-31 07:00:31,day,sports,55,0xe593999ed79e9d091f482eb280bfabe069f7cc7d,22540.6164,49001.34,0xe593999ed79E9D091F482Eb280BFAbe069f7cC7D-1770117546274
2026-05-31 07:00:31,day,sports,56,0x05e17fb524aa6896de92dec88db2f0e4dd5285a2,21492.073322912922,11152.659089,0x05e17Fb524aa6896DE92DeC88db2F0e4Dd5285A2-1768091861491
2026-05-31 07:00:31,day,sports,57,0x60cca529dfd6c22e8fbd66e0b070bec7901aff9b,21210.93976999911,14161.31818,chowfun
2026-05-31 07:00:31,day,sports,58,0xee00ba338c59557141789b127927a55f5cc5cea1,21163.996400034986,129097.856871,S-Works
2026-05-31 07:00:31,day,sports,59,0xa3922eaac3633b419f1d30831511275d0a941415,21139.27429188797,0.0,parkyun205
2026-05-31 07:00:31,day,sports,60,0xf41a50dd466780103a8311c9d91bea20753db386,19655.975905940002,34243.86,jhyhbjkbiuyb
2026-05-31 07:00:31,day,sports,61,0x5b6331e7ff0831a3fe2ed12004747db1a9c911a4,19205.73537001683,127477.48696400001,neutralwave23
2026-05-31 07:00:31,day,sports,62,0x661daf6af6d884012dd6db73c09d72e8be224dc6,19083.075442888658,68792.44991200001,DOLLAR-PRINTER
2026-05-31 07:00:31,day,sports,63,0x25cc572fae8d022da57a888597561908fd669297,18990.549675460177,0.0,jt7
2026-05-31 07:00:31,day,sports,64,0xa1fbe355025e17d2850fd3f75a1a95a4c1ff54d0,18195.652171313322,0.0,BigHero6
2026-05-31 07:00:31,day,sports,65,0x2ccc6ebc5e41d41a3f2a3662c5d4f6547e075a0f,17644.484109999994,0.0,Quants2
2026-05-31 07:00:31,day,sports,66,0x0346afae2603313d2bbee96b628536c8cbe352a5,17551.843615929305,322232.106928,GoalLineGhost
2026-05-31 07:00:31,day,sports,67,0xf1528f12e645462c344799b62b1b421a6a4c64aa,17424.5272383056,37189.550456,phonesculptor
2026-05-31 07:00:31,day,sports,68,0xf32e55e00b84cf085d0c676cebca38dc3b5d441d,17347.692284,97117.94141300001,0xf32e55e00B84cF085d0C676cEbCa38dC3B5D441d-1774844758426
2026-05-31 07:00:31,day,sports,69,0xfa39fdf92783d5547cc697e560e532a7e6a1bb64,17292.802331651757,132896.577185,0x96802d6895A713b6257E196c5393A19bF7c69196-1773997868369
2026-05-31 07:00:31,day,sports,70,0x1ea06ea7143d3b8e2431f9cab7011619c269950a,17144.305863282,10000.0,0x1EA06EA7143D3b8e2431f9CAB7011619C269950a-1736584377931
2026-05-31 07:00:31,day,sports,71,0x26b46988d027c6c03cfa12a7c0c6d778be49b8a9,16998.973799834414,81852.046211,kkookkoo
2026-05-31 07:00:31,day,sports,72,0xd218e474776403a330142299f7796e8ba32eb5c9,16743.53902376251,121406.53528499998,cigarettes
2026-05-31 07:00:31,day,sports,73,0xc44f432b014f36679e13615f95996eac32bbd49f,16617.024999999965,0.0,Zywoo123
2026-05-31 07:00:31,day,sports,74,0xab72e9d3b61a536319929020a65b604057260888,16324.166625969,28439.31,justhuman.eth
2026-05-31 07:00:31,day,sports,75,0xb56db5215443706244b0af76b3daaad3066ad621,16245.303605380883,8638.378534,DegenKingBetter
2026-05-31 07:00:31,day,sports,76,0xccca48bd12facbd6ab03713a36bb54bff2d83b2b,16221.324999999997,0.0,NGALVA
2026-05-31 07:00:31,day,sports,77,0x8c8cb907c2a04042dc45530b0121d26566f8c7b4,16044.190394282188,1538.461537,RiCHDR4MER
2026-05-31 07:00:31,day,sports,78,0x7aa16fd4fba9a459414a2dbf6985b40b5ca1e126,15819.999999999996,28000.0,haristotle
2026-05-31 07:00:31,day,sports,79,0xdb27bf2ac5d428a9c63dbc914611036855a6c56e,15708.008067344315,0.0,DrPufferfish
2026-05-31 07:00:31,day,sports,80,0x0a77bc0638f13892c8b1d1d2c13ba178540f9d74,15280.768349877813,9178.447691,0x0A77exmm
2026-05-31 07:00:31,day,sports,81,0xd053b5bd0c3089d454f9ea91ded4a22d6f123c01,15257.234,0.0,princetano
2026-05-31 07:00:31,day,sports,82,0x82ff82838d26347b7188c8e3ddc9fb6f8306f0c4,15229.337633478004,0.0,lucio12z16
2026-05-31 07:00:31,day,sports,83,0x85479e922031ca1ddac413c0b901b4d34a4dddee,15013.251122,17354.675351,0x85479e922031ca1DDAc413C0B901b4D34A4dDdeE-1780181594002
2026-05-31 07:00:31,day,sports,84,0xab89d54040e8fd2159b3db0b3e824439c4405949,15009.358720275,0.0,Blackjocks
2026-05-31 07:00:31,day,sports,85,0x21f333307ac6d2e65ac82f014b3dd2b64cbc35e3,14937.423120969048,53059.876965,hi774c
2026-05-31 07:00:31,day,sports,86,0x300b12adf2b3a118724dfd5e863cc32e5ed1bbbd,14896.332073722,0.0,0x300B12Adf2b3a118724dFd5E863Cc32E5ED1BbbD-1778919414976
2026-05-31 07:00:31,day,sports,87,0x3c918a8ef8c379304f744592120cbb4d76149af7,14523.198095948535,11199.986556,Vilgefortz
2026-05-31 07:00:31,day,sports,88,0x635cfc3676fcd4bc65d177214eb5f9fdf73645c6,14264.705880715308,0.0,jumpsquad
2026-05-31 07:00:31,day,sports,89,0x28059b3fb7af7ed76d83dc9121bbb72ec7cf76ed,14163.594649,16004.368900000001,Byeprisonplanet
2026-05-31 07:00:31,day,sports,90,0xa36fcb6947c4ac1f09ee894aa1fd0756b90e180b,13776.656684692949,0.0,Shori888
2026-05-31 07:00:31,day,sports,91,0x92b5f14c68ccae0cd7d0ba52b098ffaab990fec6,13729.985898694293,21646.84,Schnoodled
2026-05-31 07:00:31,day,sports,92,0x2117ae94a97d69b78cbc81b6680a62deb1955c26,13594.202354580593,20110.989999999998,Zzzz87
2026-05-31 07:00:31,day,sports,93,0x007b44a74a8d915a4cd7cff5c07ce881e4d9adc6,13562.359465937461,41428.985208,donky
2026-05-31 07:00:31,day,sports,94,0xf4e144462829dead1a93c6fd23a33560736e34a5,13536.149432408434,51078.595498999995,Avrtsz
2026-05-31 07:00:31,day,sports,95,0x42d1e0daa3c83748cb1661bfcd9d3033278214aa,13286.356644132,0.0,0x42D1e0daa3c83748CB1661bFcd9D3033278214aA-1760696201963
2026-05-31 07:00:31,day,sports,96,0x9cb990f1862568a63d8601efeebe0304225c32f2,13225.000000000233,0.0,jtwyslljy
2026-05-31 07:00:31,day,sports,97,0x1610db79f753a80207e1d66716be9e91e627ae49,12929.116318361397,134998.564732,0x1610DB79f753a80207E1d66716be9E91E627AE49-1778875286261
2026-05-31 07:00:31,day,sports,98,0xfb13cf3a8c9c40c02979e601261a27dc365037cd,12826.349725961678,46562.82081,pally
2026-05-31 07:00:31,day,sports,99,0xc57b3e98276eb1009073b38320bfa668c0c50a2b,12264.353329206306,7303.030302,nakshi
2026-05-31 07:00:31,day,sports,100,0x43372356634781eea88d61bbdd7824cdce958882,11941.424730917963,64706.786264,Anjun
2026-05-31 07:00:31,day,crypto,1,0x6e1d5040d0ac73709b0621f620d2a60b80d2d0fa,10819.32401049824,47209.055083,0x6E1d5040d0ac73709B0621F620d2a60b80d2D0F
2026-05-31 07:00:31,day,crypto,2,0x751a2b86cab503496efd325c8344e10159349ea1,7995.804627307341,29535.622775,Sharky6999
2026-05-31 07:00:31,day,crypto,3,0xfe4c06ca3530a78d362279ba02c6fc75791a3b6e,6055.494543345916,28476.129098,0xfE4c06cA3530A78D362279BA02c6fc75791a3b6E-1780107887524
2026-05-31 07:00:31,day,crypto,4,0x4d2db6c8e9900405379df2990418f94c02fbf5cc,5739.9204529999915,12889.105669,0x4d2dB6c8E9900405379Df2990418F94c02fBf5CC-1779042502779
2026-05-31 07:00:31,day,crypto,5,0x8d2d7bae900cc62bbac531f900dbf58a6f8c5517,3928.9330619999673,8354.760936,0x8d2D7BAe900cC62bBAC531f900dBf58a6F8c5517-1779036172957
2026-05-31 07:00:31,day,crypto,6,0xa8f878d5027bbf73bb5d34e6db546abc04fe0e46,3646.4778690000003,7158.716314999999,Golanido
2026-05-31 07:00:31,day,crypto,7,0x724db3c436dcc7b26fbe1ae0c0d6af538b588dea,3051.2367496027728,16468.679873,RITB123
2026-05-31 07:00:31,day,crypto,8,0x1465b79bff7992bc703e1aafb3683b1089647072,3033.8748088849825,0.0,JnStTrdrBnusFnd
2026-05-31 07:00:31,day,crypto,9,0x176e4450b5e0a55deaa0ed62a48c7090dbec22c2,2761.6284955130795,22223.36606,ffkk001
2026-05-31 07:00:31,day,crypto,10,0x3b8407699e832891203387d52c64d8f61ff2f487,2657.799966110164,18747.236598,0x0a2c53bd218c04da996cf96490e14-f3dfb9bc2
2026-05-31 07:00:31,day,crypto,11,0x2334195baf2db920ff6e8940dcbc031451f99a9f,2627.9715505699933,38677.97077,0x2338195baf2DB920ff6E8940dcbC031451f98M
2026-05-31 07:00:31,day,crypto,12,0xddb0629096a8a03f490b6572c06f2ee76465f95a,2624.2226648948854,82767.408709,IVY56
2026-05-31 07:00:31,day,crypto,13,0x65c7e04e0adf632f97bbc55e149882a5b0b8953c,2426.7339355431004,16405.431336999998,xxhh001
2026-05-31 07:00:31,day,crypto,14,0x388537259dc9e693c1c9b96fdf07a63f6b7aca77,2236.552209983289,7557.434859000001,easypredict
2026-05-31 07:00:31,day,crypto,15,0xcc500cbcc8b7cf5bd21975ebbea34f21b5644c82,2229.7774782318156,4085.289997,justdance
2026-05-31 07:00:31,day,crypto,16,0x8d1d5d1c6041b13fc708b5d9f668070e1724ed4a,2208.1957560901064,77659.372192,CERTova
2026-05-31 07:00:31,day,crypto,17,0xcfbb6b28819a87076db76ecc933658b630b44197,2140.8565496174415,13925.177726000002,marmot3
2026-05-31 07:00:31,day,crypto,18,0xfb386c41d989c18b5cd8d3d15233f70b53f836f4,2094.375394999992,4098.648878999999,0xFb386c41D989C18b5cd8d3D15233f70b53F836F4-1779042990353
2026-05-31 07:00:31,day,crypto,19,0x2bc01f3ad80e31f5bf3d80775b044f0c67797871,1933.3492899999765,12579.006406,is5minfixedyet
2026-05-31 07:00:31,day,crypto,20,0x927f7694de44d19a72bce76254e628d1c141d215,1875.3078991955845,28316.837811000005,baloneigh
2026-05-31 07:00:31,day,crypto,21,0x18614c6c85500f0ff39e4faa77ff62f427e4ff2a,1862.1797399999923,2450.33,nnnnnn1111
2026-05-31 07:00:31,day,crypto,22,0x98f5d88798331947dc2a0f9087308a17c41f754f,1832.1721143282484,5923.008618,gardenerCx
2026-05-31 07:00:31,day,crypto,23,0x5cfcc624e07dd8d7354d7393048b0ae87619e62d,1719.3615662554425,20018.942933,0x5cfcc624e07dD8D7354D7393048b0Ae87619E62D-1778966566900
2026-05-31 07:00:31,day,crypto,24,0x912a58103662ebe2e30328a305bc33131eca0f92,1656.4082123162516,12426.374025,ratue
2026-05-31 07:00:31,day,crypto,25,0x68f6c51dbb0ecb12ee66a937434e6190c9f19533,1630.3140909999856,37882.987251,btc5mScour
2026-05-31 07:00:31,day,crypto,26,0x65d887fcfb195022ddc1084b8063027300e6b2dd,1560.4064390000058,9193.571469999999,0x65D887fcFb195022DdC1084B8063027300E6b2dd-1779042749073
2026-05-31 07:00:31,day,crypto,27,0xd49efb98250c6a57b56809efad434799070db548,1541.5620429309797,5248.827101000001,0xd49Efb98250C6a57b56809EfaD434799070db548-1780055106005
2026-05-31 07:00:31,day,crypto,28,0xd11727ba2e41b4e186b01db8ca9360921f32d712,1485.7100092127857,9684.225543,UpupupYeah
2026-05-31 07:00:31,day,crypto,29,0xe66a771cffa92d41bf85853237fb290dce3c6cff,1458.547148995298,4743.734783,gao2leng
2026-05-31 07:00:31,day,crypto,30,0xddef6129e38cac71624e88348d9e30dd8edb2dad,1399.0313416682914,76473.92787,wizzzyyy
2026-05-31 07:00:31,day,crypto,31,0x8320b90db15e5b777e5a023b5ba3cfa214d4904e,1356.1377474705223,17259.399333999998,vedaresearch.btc
2026-05-31 07:00:31,day,crypto,32,0xb241cef82664ce59b260a120634a4352105f902c,1353.0596530669081,8631.038314,Mypp-cnm
2026-05-31 07:00:31,day,crypto,33,0x5371f1b6954e31c502064614649cea3568cb76eb,1348.2044597749991,0.0,oegdatam
2026-05-31 07:00:31,day,crypto,34,0x2277c18fb73d4cfbd61384be80ef9339a9496604,1318.380553009983,75406.95832500001,EVP-HalfKelly
2026-05-31 07:00:31,day,crypto,35,0x18954a8003ebbbdaa4d9190cd2505382a5b902fb,1294.2502812905295,14217.902619,Si-gambler
2026-05-31 07:00:31,day,crypto,36,0x804d8b429cc1cc0d2cd0151ffbafc23067ad632f,1262.1187720000044,4702.818326999999,emki192
2026-05-31 07:00:31,day,crypto,37,0x9e499f4477eb5714836c0a7c5394c9e83eead3d8,1258.6635729999998,1960.92,shiyitrade001
2026-05-31 07:00:31,day,crypto,38,0x4ac8c5c1527c03ef534b8cfddff85f6dcf1dd77c,1252.6779979999988,2659.212726,18524937288
2026-05-31 07:00:31,day,crypto,39,0xf62084fb019c80345360bb5a8a8f10d2845890e5,1214.7701496399982,5019.740000000001,poobidav
2026-05-31 07:00:31,day,crypto,40,0x0b5256053917201a64e1c7f8c279e8ef105ef3c4,1213.5094092357594,9005.353229,wanzitb11
2026-05-31 07:00:31,day,crypto,41,0xe9c01874cac22d0f77065bcf57fcfd22dc5bc45c,1200.0424769810952,5219.753532999999,
2026-05-31 07:00:31,day,crypto,42,0xb305d384400e3d7a15780216a55368ea677eca4e,1194.822914062861,19249.468358,0x9c2d56b0e388cb559ba010bde4417d09606111
2026-05-31 07:00:31,day,crypto,43,0x0a6c99d88523d328f6a8edf7db851796dc7f7e41,1186.4446629999984,2318.747717,uord
2026-05-31 07:00:31,day,crypto,44,0xe408ce333d83263a659ba42bda63733276ebfd80,1185.0359977800003,2269.846541,46644676
2026-05-31 07:00:31,day,crypto,45,0x0484e64092ba4108c2786b61e6fc052d3bf41b1a,1161.3438570000762,71549.97,ZinDotGae
2026-05-31 07:00:31,day,crypto,46,0x32ec633aa376cfe621e2a34e978244d61291645e,1151.1343048350082,10094.753033,fjwad
2026-05-31 07:00:31,day,crypto,47,0xf705fa045201391d9632b7f3cde06a5e24453ca7,1088.2409168418963,6875.53,
2026-05-31 07:00:31,day,crypto,48,0x872149fd236dee03aace99f5b385f9eafae278f5,1086.058787,7846.5377770000005,0x872149fD236DeE03aACe99f5B385F9EAfae278f5-1779256506920
2026-05-31 07:00:31,day,crypto,49,0x36ef0552d262ac320770a6715df2552175743c3a,1082.423479643618,12904.686388000002,Luxun0517
2026-05-31 07:00:31,day,crypto,50,0x4c9497941333332d29f1c235dd23200f3623ffad,1063.2844080499162,41797.482256,
2026-05-31 07:00:31,day,crypto,51,0xac08edd158fa8b558bea4055f06af075e92949ee,1056.0371719999994,2261.8221,0xlucas888
2026-05-31 07:00:31,day,crypto,52,0x34b6025905210639f0b7d06de104e6117f015e52,1044.095893524477,11164.398282,evf
2026-05-31 07:00:31,day,crypto,53,0x2e4d05beafd81a6e85bc0c6a94820d61ef34f703,1041.9533604813623,139.54,woshiLimpeh
2026-05-31 07:00:31,day,crypto,54,0x3c58ef422754ff22c7e806336feba0064d8b776b,1039.106814452709,31602.634235999998,antsaslyku
2026-05-31 07:00:31,day,crypto,55,0x71edffd0d70a1da823ff07a3c6fc81457294d338,1035.8723523500012,0.0,pako
2026-05-31 07:00:31,day,crypto,56,0x3c0bf75348b1021e31d63f23cda126292f7276e2,1028.9709499999808,8229.897518,0x3c0bf75348b1021e31D63f23CdA126292F7276E2-1779042832371
2026-05-31 07:00:31,day,crypto,57,0x5cb1010840f87de51a1ac9fa6f7fefcf64ee6c8f,1024.8223515971067,9934.814539,0x5cb1010840f87De51a1AC9fa6F7FeFCF64ee6c8F-1779638120020
2026-05-31 07:00:31,day,crypto,58,0x20d2309cd92b797ae7ca175ed828ed8a27fbe29d,1022.8353701540618,47187.05483600001,
2026-05-31 07:00:31,day,crypto,59,0xc0bd6230884e4aa733cab2050495bf4a0a7d939a,1004.0263324497719,8835.334626,wanzitb1
2026-05-31 07:00:31,day,crypto,60,0xcae4d5459028c7000afa2cf985725a62348ae479,1003.5979353693281,5620.69253,0xcAe4d5459028C7000aFA2CF985725A62348ae479-1772302077087
2026-05-31 07:00:31,day,crypto,61,0x2c4ddd52a101e05151153b712d75b7ef2b7c0486,1001.4828594481768,7264.855672,0x2c4ddD52a101E05151153b712D75b7eF2b7C0486-1775042514466
2026-05-31 07:00:31,day,crypto,62,0x66835dd6e6ecb3b882c8d350899e9066c2d645ff,947.3162240000001,1739.5289400000001,jkwls
2026-05-31 07:00:31,day,crypto,63,0x654d9b39821bfe254e77aa2ccb0b04c0f1caba8f,944.03082256394,11456.185932999999,0x654d9B39821BFe254e77AA2CcB0b04c0f1caba8f-1776268172734
2026-05-31 07:00:31,day,crypto,64,0xaea580fb19bfe70c56f4d9eace7a4236b04b6163,939.8446064263387,2526.618536,0xaea580FB19BfE70C56f4D9eaCE7A4236B04B6163-1771342437995
2026-05-31 07:00:31,day,crypto,65,0x900387dc07b502173c50ae5f3383ac5d77a0fa6e,937.2022843699779,3321.33994,birelam29
2026-05-31 07:00:31,day,crypto,66,0xc3cbaf58a785f456e9424433f351e2349d0a8d96,934.1334580829459,5026.286425,Rsd6
2026-05-31 07:00:31,day,crypto,67,0x66ad4221d66358ab9867f6d8cae73ede08e5cc4e,930.4635774843264,6999.9781760000005,Marioy
2026-05-31 07:00:31,day,crypto,68,0x56e91151755bb02eba36a37d50cdbcc8923fea02,930.4586330000166,10299.904872,LAST1000USDT
2026-05-31 07:00:31,day,crypto,69,0xdb15da77acd124387b3f3a9769b243ed2aa33d37,919.4487557254611,7898.059575000001,naiwa
2026-05-31 07:00:31,day,crypto,70,0x0f015dd19e5c2b17e4c269b9e97e858d7873079e,904.8613499999974,0.0,scsa.26
2026-05-31 07:00:31,day,crypto,71,0x88f2963c93ec4cc070a9d41a3765dc4357baa6c1,892.0709280600022,5854.094379,wwwise
2026-05-31 07:00:31,day,crypto,72,0xb138eb3b51350375c8a2c66a386c322379de3733,882.7876568024559,5009.648956000001,hanamiya
2026-05-31 07:00:31,day,crypto,73,0x69c7b8de588c68d3927f094eb9ec9a2b1bbeb03c,862.4481242392558,8121.419105999999,egig
2026-05-31 07:00:31,day,crypto,74,0x7ceb4bf8c6942747296ccd45c93d0062a6463cc1,851.5404246420003,0.0,kkkkkkkkkkkkkkkk
2026-05-31 07:00:31,day,crypto,75,0x136022a7e4c1253e6fe7f38c711f133706f82b50,849.744856,1430.183332,0x136022a7e4c1253E6fe7F38c711F133706f82b50-1776682349409
2026-05-31 07:00:31,day,crypto,76,0xe0229e10a858860218b6132f4234602c47bd6603,847.1181200002029,22920.0,JetFadil
2026-05-31 07:00:31,day,crypto,77,0x61e6cefb61ff796aec1ab7376c38eed778760e2e,842.9622380000001,1296.690768,ProphetofBTC
2026-05-31 07:00:31,day,crypto,78,0x604b4da08d794c5b8ef9ae35c3b959ec6a106845,841.8360587795482,6578.250575,jalko
2026-05-31 07:00:31,day,crypto,79,0xed0c028ced932101ef3596c872da425afc8b7d5c,840.5526955655441,9715.499065,Blackpanther3
2026-05-31 07:00:31,day,crypto,80,0xba016b05c84c9f073e5c9059d247d37cea4b8535,824.4433021138975,29144.670659000007,shy-blue-rock
2026-05-31 07:00:31,day,crypto,81,0xdc4362bf023184b15affa392ea6e55a6e9b0ce91,816.3271782490974,6265.466825,freezvnb
2026-05-31 07:00:31,day,crypto,82,0xbf337426aa856996b8bb79b238345dd1a0276bf7,815.4502677477649,126892.530294,nagi777
2026-05-31 07:00:31,day,crypto,83,0x251c1a283703beed41590b0875a8dcb8ddd1541f,815.0138429999388,36879.979999999996,0xAAAAA
2026-05-31 07:00:31,day,crypto,84,0xfce55aaa7d0ba4bb3b8b2010a81f48d9ca8994da,812.0757085545629,3001.820792,perchperkinsz
2026-05-31 07:00:31,day,crypto,85,0xd9dea316cd3b785828bfa7c41ef081a4684b608b,810.8968305408562,27310.885254999997,GaliBooty
2026-05-31 07:00:31,day,crypto,86,0x93480ebf63946a1f13c26eedb9f3caf7e7dd6664,803.3901258215666,4504.045218,0x93480eBF63946a1f13C26eedB9F3CaF7E7Dd6664-1779529028074
2026-05-31 07:00:31,day,crypto,87,0x495e26cff8a21b843043c7c4217c13ad5c319a96,800.9706898469994,0.0,Bumblefrog
2026-05-31 07:00:31,day,crypto,88,0xf284ad6d607f777f34bc643cea587c33a886b9f9,792.4682066849964,0.0,strike123
2026-05-31 07:00:31,day,crypto,89,0x548254ca3e01e6c33498be4ed54ae03cd45023cd,791.4967690376216,4351.563276,3fifths
2026-05-31 07:00:31,day,crypto,90,0x2a9c77ed09d86c2ad2ced0a60c8b5b2a23acc8cf,789.2919537600137,69961.05,0x2a9c77ED09d86C2AD2CeD0a60c8b5b2A23ACc8Cf-1774329787224
2026-05-31 07:00:31,day,crypto,91,0x20201ac508729de079c9a330aa4baa2d6cee891f,779.5338133943669,2776.197919,0x20201Ac508729DE079C9A330Aa4BAA2D6CeE891f-1767075386763
2026-05-31 07:00:31,day,crypto,92,0xa564bbf376c85d690d1070aa20cc2b22e9144d08,778.8690755497769,4336.449860000001,Axorbit
2026-05-31 07:00:31,day,crypto,93,0xc1200f03f07df479a041bb925a076d0b51c3b9f1,776.5895859888078,2389.384251,solomiy
2026-05-31 07:00:31,day,crypto,94,0x71fbfff9ace4daf49f3d3eefc2c27354e4ca163f,771.6419999999996,0.0,mathisxy
2026-05-31 07:00:31,day,crypto,95,0x66cfad874ca7e93883e2c877f9f72a3b546f2343,747.973162821193,1086.675145,BoneReaders
2026-05-31 07:00:31,day,crypto,96,0xcf657e00636483a208ed1f069ad103e4ed7ee09d,746.7203877140637,6502.490473,contelligent
2026-05-31 07:00:31,day,crypto,97,0x6239c6146935f5e5e3c08b88c25997997935c6b4,744.8619163854501,10644.162443,doc.holliday
2026-05-31 07:00:31,day,crypto,98,0x0785597788ac91bcea5a837e6088dd3a7fd88f61,738.102269521351,5913.862918,dreamsdocometrue
2026-05-31 07:00:31,day,crypto,99,0x91b82e36b49ecacb87705f61e9c25885ecae7fd9,733.1168850800009,2411.3775219999998,nahman-pooh
2026-05-31 07:00:31,day,crypto,100,0xb3232cf73dff177df9ce70818276b90d3c4427df,714.9356069530077,0.0,thelastrabbit
2026-05-31 07:00:31,day,finance,1,0xdc4f08727c65afc4731b75cf1ed265666b7b4652,4027.836229856439,4086.51,third-eye
2026-05-31 07:00:31,day,finance,2,0x7789c218a7641a0c5b495067082b2c9ace2aa2ce,1893.734490792501,0.0,yourQuantGuy
2026-05-31 07:00:31,day,finance,3,0x2f63dbd36cfff1952a88d9f704bd58bcb78cf247,1748.8774265270022,0.0,esports097
2026-05-31 07:00:31,day,finance,4,0x09c02e58f79dc2fc1e42c7c14d43e4a142326f73,1386.7568435745052,0.0,klinxiowl
2026-05-31 07:00:31,day,finance,5,0x03805a13a0b3e058f55f6c6af95389d4f431073d,1362.2675134264791,10980.665396,donthackme
2026-05-31 07:00:31,day,finance,6,0xf0ca28d5b0141f0a8e7b251dea80fd881cb166ed,1295.9481955024385,0.0,Hauchn
2026-05-31 07:00:31,day,finance,7,0xed107a85a4585a381e48c7f7ca4144909e7dd2e5,1169.7094242818907,119411.106215,elmcap2
2026-05-31 07:00:31,day,finance,8,0x35f3f632e298b77df6acd316687169d15be3cfd0,1137.18939844,6165.96,RickRockRick
2026-05-31 07:00:31,day,finance,9,0x9e8ecc4cb3c4e48f544cba2fbbb252a6a65e8db8,823.8393581372493,6062.2,DREAMBIG.
2026-05-31 07:00:31,day,finance,10,0x844ef6cdd0a4d691b7a81429ee550f025aa64f41,799.9667023599977,0.0,flyfat88
2026-05-31 07:00:31,day,finance,11,0xf797d4d1c038d1eb0593edae0e66bf8e4b2e0bf2,767.5172136194997,0.0,DerDon
2026-05-31 07:00:31,day,finance,12,0xe53312c6c15af508e0c31e2cfadbefddd399ab29,748.9905071704961,0.0,WharfMan
2026-05-31 07:00:31,day,finance,13,0x8a4c788f043023b8b28a762216d037e9f148532b,614.536028232993,0.0,theo5
2026-05-31 07:00:31,day,finance,14,0x08566453dc49c9dec656a621ed453aeee3b9b042,536.6393124225006,0.0,Jackwin
2026-05-31 07:00:31,day,finance,15,0x97f3f9f15c0063710c60d3ac9c40d17f4ba60eba,508.39492274400254,0.0,Investnow
2026-05-31 07:00:31,day,finance,16,0x657bbe664d7b565baf4a4d6aff19e4cac14e3992,483.2497051999999,0.0,doe.john
2026-05-31 07:00:31,day,finance,17,0x6ac0caf622798132614a5972f81d86ff23fc55f3,479.1966524290003,0.0,LeRoiSoleil
2026-05-31 07:00:31,day,finance,18,0x4e4203102fd7bde55ce1bcf9f1ef222e251949ed,477.8413077540001,0.0,shingoWAKAYAMA
2026-05-31 07:00:31,day,finance,19,0x5c320cfe1206594afea4f860060955f3cb92d685,439.4608024699992,0.0,cc9911
2026-05-31 07:00:31,day,finance,20,0x5a218c7ad04135830a45c41aaed7294df7809318,420.0722176888521,721.899133,balthazar
2026-05-31 07:00:31,day,finance,21,0x511f9c771449162349795d17becf8b37031acbe1,419.7005565886684,3332.0491649999994,Bigggggggg
2026-05-31 07:00:31,day,finance,22,0x0826042fb1f3f5ff4325ed7237ebc87468070b32,415.25091999999904,0.0,deltasniper
2026-05-31 07:00:31,day,finance,23,0x6bab66c4bb24c96ed14dcca0f0979b38a6830fe5,336.594578799999,0.0,0x6bAB66c4BB24c96Ed14dccA0f0979B38a6830FE5-1760703674960
2026-05-31 07:00:31,day,finance,24,0xeae707a267b3d6a112167b5c93c3fa74e38c2800,329.01291262000086,0.0,destinyas
2026-05-31 07:00:31,day,finance,25,0x46a121e4df5fdd6cf042a4ede1e90672583e2736,325.3685951874986,0.0,0x46a121E4DF5FdD6CF042A4EDe1E90672583E2736
2026-05-31 07:00:31,day,finance,26,0xd49a35114b87ecda1799fc9cd46480a8573e6f4c,310.3492892009999,0.0,0xD49a35114b87ecdA1799FC9CD46480A8573E6F4C-1779330984720
2026-05-31 07:00:31,day,finance,27,0xbf5dfa33f94e80f7649fa94a81ab8465d65c6e7d,305.4434627800006,0.0,0xBF5DFa33F94e80F7649FA94a81Ab8465d65C6e7D-1765458383511
2026-05-31 07:00:31,day,finance,28,0x3a8aa345d5db7ec5138298c8c4f4540259be7699,304.3675306814994,0.0,TheReturnOfDarthMaul
2026-05-31 07:00:31,day,finance,29,0x5fcd7afe1d2da7ced927348aa837b6ead132c2ac,295.4802000000017,0.0,nogodcomplex
2026-05-31 07:00:31,day,finance,30,0x455b892fec081a27740394dd6444b838f32759f2,295.108400000001,0.0,lovesunyang
2026-05-31 07:00:31,day,finance,31,0x72a0d79b4325638bc2bcfc9a2b8a380c2d81c059,286.17701466746803,0.0,
2026-05-31 07:00:31,day,finance,32,0x75a27d0cc95b3586297c1e6b5417269332cd6992,267.1358298455,0.0,youngcheese
2026-05-31 07:00:31,day,finance,33,0x4f80a5da109252eca37ad090c0f25a2796ecc19c,246.34021674999985,0.0,falloutmax
2026-05-31 07:00:31,day,finance,34,0x59db0bd8c5e0b201ec10c8d7b06150d41a7ac353,243.48767981849778,0.0,jadebasilisk
2026-05-31 07:00:31,day,finance,35,0xd353c5971f18b51941a1d29ffdc2e63ca7fcf6ac,240.0,0.0,GoldMansacks
2026-05-31 07:00:31,day,finance,36,0x52268b0618c21a3c1ccbec2b110b1ba6c8338554,239.1775644430054,0.0,west77
2026-05-31 07:00:31,day,finance,37,0x9ca116e08205e9e353a026d7893c0b02977513ea,238.3848896999989,0.0,TheDowIsOver50Thousand
2026-05-31 07:00:31,day,finance,38,0xac482f27ac3d1144ca4f778af405eb5cac5d2feb,227.28000000000065,0.0,CryptoFortunate
2026-05-31 07:00:31,day,finance,39,0x160df84695ed42f620a1b2fa4cb69a5f69986f25,226.66138949999913,143.19,Albedo00
2026-05-31 07:00:31,day,finance,40,0xcd09c7f5132a160b41578a79a9e3453da7aeda63,223.21576231500012,0.0,ShayaEredyon
2026-05-31 07:00:31,day,finance,41,0xc97b0b2a2547bb3ed57167092ef8a6e816c347e5,217.07704530249612,0.0,0xC97b0b2A2547bB3eD57167092EF8a6e816C347E5-1770003388001
2026-05-31 07:00:31,day,finance,42,0xb52245e13bb87b4f2db64c13a9f761222e323ebb,215.22609172250145,0.0,0xB52245e13Bb87b4f2db64c13A9F761222E323eBb-1772155836970
2026-05-31 07:00:31,day,finance,43,0xdef69fbcd554109526ee9e925be31f6ad751f63a,212.24186543999895,0.0,ThePREDICTORRRR
2026-05-31 07:00:31,day,finance,44,0xe95e726d0ca927874f3998d815bfec51d19261f2,211.7920108799999,400.0,mewmew1
2026-05-31 07:00:31,day,finance,45,0xbec7f8efc3724484c5d27271e6feb9924c515977,204.04280452000057,0.0,minionguy
2026-05-31 07:00:31,day,finance,46,0x993c072519306017fe9a6b3ee6fa4a02b3056787,203.3468217423158,274.692726,Jep-G
2026-05-31 07:00:31,day,finance,47,0x6f6bc4f8a73430f59213d8812173c85e75111ab6,191.27909999999974,0.0,marsresting
2026-05-31 07:00:31,day,finance,48,0xa40cc3bc1278bdefdf869c653a9281df80cb1bae,190.6574492499999,0.0,alphastrike10
2026-05-31 07:00:31,day,finance,49,0x169c95cc3c345256c33084ce0d5d043941a933ad,190.5779988280002,0.0,0x169c95Cc3c345256C33084CE0d5D043941a933AD-1774681349204
2026-05-31 07:00:31,day,finance,50,0x294d6426745e9c48c978b91478b91365af32b362,189.21675055500327,0.0,ghuonliyelkihxeklkgeu
2026-05-31 07:00:31,day,finance,51,0x5e84743ad0515699b7adf2588de4c3032d538e88,186.8563630919998,0.0,Cbb.
2026-05-31 07:00:31,day,finance,52,0xc5187cb669690150643ba2f9aac6b7d98d212594,185.29421335190818,3938.2835799999993,mustbethewater
2026-05-31 07:00:31,day,finance,53,0xe617861a96631d7cefdb1ad43e95c33b5946f251,184.84379804199853,0.0,
2026-05-31 07:00:31,day,finance,54,0x37d1cb1825dae7043e15c4ac6987e0c61ece6caa,183.0490078619996,0.0,0x37d1Cb1825dae7043E15c4AC6987E0c61Ece6cAA-1773637870087
2026-05-31 07:00:31,day,finance,55,0x832bbb891caf3a24c7d1915d9f6369c4949b5c91,177.3742188129986,0.0,yoyobb2018
2026-05-31 07:00:31,day,finance,56,0x6fcdd2e9219813efab835bb530486bbcef0d5996,175.80928960649987,0.0,medtechlord
2026-05-31 07:00:31,day,finance,57,0xfd557e6db670c9704bc1d0d8e8b585c7d9c9f905,171.18046752522696,832.944442,northdrawer
2026-05-31 07:00:31,day,finance,58,0x5789132677a2ab9103edcea5500ef339258d4483,168.8095847200002,0.0,Lafrenze
2026-05-31 07:00:31,day,finance,59,0xc2e98eb992cf48744c9761797497fada7b64e288,163.727078520001,0.0,dreivierteljaeger
2026-05-31 07:00:31,day,finance,60,0xe026d08868d6318c40b87a9f1323308188c0dcf7,163.71914893000036,0.0,0xE026D08868d6318C40b87A9F1323308188C0dCF7-1719433930578
2026-05-31 07:00:31,day,finance,61,0x7a4d01b777813a2555078972096ba5b8fe46546a,161.73654795000039,0.0,Kerigan
2026-05-31 07:00:31,day,finance,62,0xd5555147366b7e5bfcea444f4a06a745c18be28a,160.99898389520968,855.37,mmmbop
2026-05-31 07:00:31,day,finance,63,0xb4f2592e67c333e73c923547cfe05e768180e5fa,158.69999999999982,0.0,M2sx92kljs42
2026-05-31 07:00:31,day,finance,64,0x87684f29d70994464c6f533bc52eb693b4f4dd9b,158.14003498799866,0.0,10000Bets
2026-05-31 07:00:31,day,finance,65,0x8b8762de175b0c9c86453239e0dabbedd6d73e8d,154.39170978999846,0.0,MickyMauldib
2026-05-31 07:00:31,day,finance,66,0x1d5f88f1b97317cccad804374e5bd847512e634d,153.48015355899952,0.0,firegold
2026-05-31 07:00:31,day,finance,67,0xa45cdb0a5ba4629b5c7860dc3f310978a4dd1d10,152.27281951250734,0.0,lnkybtc
2026-05-31 07:00:31,day,finance,68,0x1cd24cc49782240413903b4b7e7694779f917f85,151.98878324000543,0.0,bitterfish
2026-05-31 07:00:31,day,finance,69,0xac4a1fabdac2438d6afa2a9e8e83845310a0bf1e,147.20538608931747,890.52447,HerrieDavis
2026-05-31 07:00:31,day,finance,70,0x0670fee985af6e0b8e378cf6855fa2b8688c29bf,142.99375936050092,0.0,CryptoLBL
2026-05-31 07:00:31,day,finance,71,0xc21be9277a84523f3cc2dad3466aa4bf3efa31d1,140.0,0.0,Geepiti
2026-05-31 07:00:31,day,finance,72,0x0be4cefff0e2ca7ce78efd31dcac14b4296314f6,139.08640000000014,0.0,lungmatcrypto
2026-05-31 07:00:31,day,finance,73,0x793d214fd47833e96d6abdf866ae62512fd18720,137.77403316,15946.03,Altria
2026-05-31 07:00:31,day,finance,74,0x4f1d5ae26fc31472966e951af3183308736d8de2,134.77077680906223,7180.369621,e46m3
2026-05-31 07:00:31,day,finance,75,0x79f244fab4c796670330aafdb46be99df24518ff,133.35269671499964,1104.5900000000001,pcca
2026-05-31 07:00:31,day,finance,76,0x32b484581fc5606de9c1e43af4636b6be9bc8b21,130.0525805829675,0.0,0x32b484581fc5606dE9C1e43AF4636b6Be9BC8B21-1774274303653
2026-05-31 07:00:31,day,finance,77,0x16d4b755e9ac9568a0b597313af1e7c850e9c2c5,127.94666537800043,0.0,tvampire
2026-05-31 07:00:31,day,finance,78,0x460a2465ceec7e9207077d110736a9464216e696,127.5277803890001,0.0,lexswitz
2026-05-31 07:00:31,day,finance,79,0xca00024cebb5e6caa04991882ffccd3739c769a9,125.326997157,0.0,chicho
2026-05-31 07:00:31,day,finance,80,0xe38ee6bef3ea40daac3e3adc2fca23ba456850c8,122.48028141550185,0.0,CryptoBizzi
2026-05-31 07:00:31,day,finance,81,0x353c33595988322b954b7fa8ff71d9fb254a2af5,122.08332000000087,0.0,MaxPowell
2026-05-31 07:00:31,day,finance,82,0x1421839bbf48a05a2eca04dd08938649f5b69e62,121.73052159000008,0.0,NiceFalcons
2026-05-31 07:00:31,day,finance,83,0xc8b2c3bc854b47d0ee799caa4194a9365ce13ebf,120.1955898340002,0.0,potcat
2026-05-31 07:00:31,day,finance,84,0xd11f1b638acfb2b1ce7127cb41763388612b70f4,119.04761901999973,0.0,0xD11F1B638aCFB2b1CE7127CB41763388612b70F4-1773466463535
2026-05-31 07:00:31,day,finance,85,0xe3479950ef6e8984df109ec5c9be40630f9fb438,117.58254155290251,246.792316,Anon321321
2026-05-31 07:00:31,day,finance,86,0x16533eff632fcf016a1c8fd10d99381956940348,117.14598198350029,0.0,CornMusketeer
2026-05-31 07:00:31,day,finance,87,0x36901eb0f21519cc9055662a6d2483e96da1e16f,116.63979810060846,2169.239621,melchior1248
2026-05-31 07:00:31,day,finance,88,0x68c24bf4a8ad4d79a6fe4b8eec6f93a02dfd1711,115.66670440649978,0.0,mombil
2026-05-31 07:00:31,day,finance,89,0x48afe8fbde091ff3e616901dc92ef20862c289cc,114.8816771020065,0.0,heresjimmy
2026-05-31 07:00:31,day,finance,90,0x9bf6423ffc16e2463a77a3bcc4c498bea48650e2,113.79944921600003,0.0,sking009
2026-05-31 07:00:31,day,finance,91,0xd497873a13dc9f215fc86c04438c2894a5c142c5,112.50016317000018,0.0,Rancher1555
2026-05-31 07:00:31,day,finance,92,0x5441e8470dce8a0b87cba72b067226b4a8137c4e,112.22194580349992,0.0,InterpidDeLux
2026-05-31 07:00:31,day,finance,93,0x0d15e2724df455f9e65b15104d21d76412a2c454,111.12483807999524,0.0,e88888
2026-05-31 07:00:31,day,finance,94,0xe89ea370d21cfe36a27c4236f348a884c36b0600,110.87527894499999,0.0,0xe89EA370d21CfE36a27C4236f348A884C36b0600-1769549080364
2026-05-31 07:00:31,day,finance,95,0xb196e43905123a597cd2dd9dae97c2352a47b14b,109.64123443350059,0.0,0xB196E43905123A597Cd2dD9Dae97C2352a47B14B-1766394039181
2026-05-31 07:00:31,day,finance,96,0x7e7828345a445ccc049cdd6e5df312ec844e3945,109.12809935600035,0.0,Jdhd38483
2026-05-31 07:00:31,day,finance,97,0x59e5812376c95ba42d4360b25aa8110c88a37a2b,107.30476237899711,5000.0,ManCangGangGanDaDanGan
2026-05-31 07:00:31,day,finance,98,0x23b998312d9d0a7fba1c736032aa3cdac35d0b21,105.74576917800005,0.0,push-push
2026-05-31 07:00:31,day,finance,99,0x7650e94d9c2decc455d7e2b9f8af0c0aa319fac1,104.6989033230002,0.0,JT716
2026-05-31 07:00:31,day,finance,100,0x8473b3cf4b2af4cfb5b8e7c61464bde829f470ef,101.614019555499,0.0,jpurd17
2026-05-31 07:00:31,day,culture,1,0xd8c4d45000b7976d897ab79c21780e46faaa848d,5627.89536707908,61327.011164,0xa8C4d45000b7976d897Ab79c21780E46faAA848
2026-05-31 07:00:31,day,culture,2,0xbbc840487fcafa8c1cc3fd95db20f272a7627927,3545.3815085325004,0.0,abcdef12344
2026-05-31 07:00:31,day,culture,3,0xf54f8f4c925a8b8b445a4a6ec93012c6fb4e3374,2820.2248431910007,0.0,edcrfvtgbujmik
2026-05-31 07:00:31,day,culture,4,0x415569616a331f4106dc3a12e921de43b30335ce,2420.888925000002,0.0,bunnyhunter
2026-05-31 07:00:31,day,culture,5,0x955c9661bf6e010beff0ba896a49f715a8c8990f,1631.8567817455914,10195.710000000001,
2026-05-31 07:00:31,day,culture,6,0x37d9cc6367d8606b1971eae39356767da0690656,1331.2839021455006,0.0,1123581321345589
2026-05-31 07:00:31,day,culture,7,0x75d4c19708ad084c1cf6a10cfdf528c76fd94027,1127.5156821914934,0.0,whodet
2026-05-31 07:00:31,day,culture,8,0xa2d71813dc3857e582130015bd60e5edb61ee3b7,923.3126470524548,11687.772346,exponentially
2026-05-31 07:00:31,day,culture,9,0xf2f2703d83938e05cba23c819891845d26f01762,892.4537265800027,3023.83,SmolDog
2026-05-31 07:00:31,day,culture,10,0x83e786f1a3064af8900856c28ff7a6fc6b38f9fd,870.6762632111349,9.7,0x83E786f1a3064aF8900856c28Ff7A6Fc6B38f9fd-1779291172297
2026-05-31 07:00:31,day,culture,11,0xac26f794b6b7baa2823db9e68caedfef5a5406ff,867.7500000000002,0.0,WR100
2026-05-31 07:00:31,day,culture,12,0xa49b6ea0a604c581f2a9569db42c192b1c487054,775.7546469827066,4140.810917,387411007415611814092217897387
2026-05-31 07:00:31,day,culture,13,0xb19a7dc9f616c4270d5170a59a36d30de3ae3808,753.5111911459188,715.815238,CHANCEHAT23
2026-05-31 07:00:31,day,culture,14,0x4a2be7a7e6e3b41dc2de00706b4c09660ca9af20,613.9368018145002,0.0,troim
2026-05-31 07:00:31,day,culture,15,0x9aeb534c42b58b21673d5e03e9da14fbd15b2729,508.3239594800034,1564.63,The-Joker
2026-05-31 07:00:31,day,culture,16,0x03805a13a0b3e058f55f6c6af95389d4f431073d,467.35654199438204,25984.296917,donthackme
2026-05-31 07:00:31,day,culture,17,0x33f832b83b52aa61967fb8ecb2e753734767c5e4,457.9934751295041,2361.3424999999997,fanat12
2026-05-31 07:00:31,day,culture,18,0x66cb857b5b20bdbebddd27a88289db3298e43dd2,421.05936274649594,7.0,fiImnerd
2026-05-31 07:00:31,day,culture,19,0x0a6d26d31b28fd5a84c301f8b27296612f3b1d0a,374.50176064004336,10.0,Bikesarethebest
2026-05-31 07:00:31,day,culture,20,0x2301fd5f64589eb5110d54abfd92b41acb767fa8,355.40215617000035,1348.96,sundaylines
2026-05-31 07:00:31,day,culture,21,0xed107a85a4585a381e48c7f7ca4144909e7dd2e5,351.2587282737222,31998.510000000002,elmcap2
2026-05-31 07:00:31,day,culture,22,0x63850ce907044eac77fba13d59f263ade68093f2,284.8000722980014,214.64,Waterfall
2026-05-31 07:00:31,day,culture,23,0x12ed45d2b45259d27a7fb593e564cd269c4fc9b4,266.9355529689292,2997.472355,sazzaa
2026-05-31 07:00:31,day,culture,24,0x5d5a68ba12cf0264ea2dab626d99abb9a71c4289,259.81615902980434,3885.5549419999998,arongarongarong
2026-05-31 07:00:31,day,culture,25,0xb260e618bd5b0351f54cbb6b2370def471af715a,252.9677726246191,3196.7139179999995,Hit-man
2026-05-31 07:00:31,day,culture,26,0x9214dab53f22dbd2808e9439196a855e6d5ea803,251.42103146470754,65.045991,neoniks
2026-05-31 07:00:31,day,culture,27,0xa04f6848a20b7a2ac58a5065ae90a600e9b6eeab,249.69370075000006,0.0,
2026-05-31 07:00:31,day,culture,28,0xa7ce6905990451685b70082424ac9129418d6398,237.50826944294386,0.0,someone2026
2026-05-31 07:00:31,day,culture,29,0xa37a2bd25e985179d20b2e5add2a9ada5edca9e7,237.1362059677242,56.0,
2026-05-31 07:00:31,day,culture,30,0x89e0552b897baa5486a45ff257a39858a79a9412,236.57099205073018,0.0,Ross1212
2026-05-31 07:00:31,day,culture,31,0xa2cd4ccda9a1f95949df7a3355c4c2daa0642ba0,236.05032700000447,0.0,0xA2cd4CcdA9A1f95949DF7A3355C4c2DAa0642Ba0-1729178570395
2026-05-31 07:00:31,day,culture,32,0x48e7ca9d4754021dc8b32adcaec0234dd6c9d5f8,223.01773646299625,0.0,Zippy
2026-05-31 07:00:31,day,culture,33,0x4da76bbf120899fc10fa6e0aad4bffdd19a7355e,219.22449784799392,2000.0,degensruletheworld
2026-05-31 07:00:31,day,culture,34,0x44b0a564260008b65a111286e45079f2cf360822,212.19038967850008,0.0,0x44b0A564260008b65A111286e45079F2CF360822-1779794130690
2026-05-31 07:00:31,day,culture,35,0x24fbc286881b0c0e76bc7558c47c3fa5f71d973e,201.10318442499965,0.0,wqujvj
2026-05-31 07:00:31,day,culture,36,0x5095e97281f28d4d8549fd3834802c24cbb793ee,193.9830525535217,15149.903332,0x5095e97281f28d4d8549fd3834802c24cbb793e
2026-05-31 07:00:31,day,culture,37,0x9d8019321990b0e9d3947c74e7832f855b2afcaf,191.8704152299979,1176.49,ndsjcv
2026-05-31 07:00:31,day,culture,38,0xdb7118f26824cfbc472aa512c798f31b665410cd,186.72420000000056,0.0,GooberThaGooner
2026-05-31 07:00:31,day,culture,39,0x74957ea27ac4fbdee46d861fdae357859ff67fcf,182.11875758258884,3998.12064,ultralisk
2026-05-31 07:00:31,day,culture,40,0x04a2a7075963c86990e246e73e50f8023b79e16c,181.4902173731207,2319.96761,gordontradedc
2026-05-31 07:00:31,day,culture,41,0x25257a6a89dba93dd0c536b6279365632a4eb919,175.1996960579982,0.0,Trading4Fridge
2026-05-31 07:00:31,day,culture,42,0xc4d5a24a240ec9f52669e3251e0473fd0c5687cf,174.82921033582534,29802.0393,bipbipbop
2026-05-31 07:00:31,day,culture,43,0xde0463ea7f611b065e8ab06bbfbddad75e6dfa37,168.9473605269559,1302.361048,mwenya
2026-05-31 07:00:31,day,culture,44,0x2a793085e8e54271b140c6168ebee6241159e2af,162.7344000000021,0.0,wakux
2026-05-31 07:00:31,day,culture,45,0x073a1caba3c22e9e361ceae83aaa5405706f91e7,162.00000000000045,0.0,Mantronix
2026-05-31 07:00:31,day,culture,46,0x4f6180c59217fb7f2395fde27c57b57d6be02680,156.37443971199994,0.0,AranegaJA
2026-05-31 07:00:31,day,culture,47,0xd53b2cd1f1b681de5160f43d02a6df508906fc94,152.01861039999994,202.15,michaelB
2026-05-31 07:00:31,day,culture,48,0xbebe49168cc3fe33fd9060c6fc83355c3359a8b5,150.16489999996747,0.0,MoronKiler
2026-05-31 07:00:31,day,culture,49,0xb4137939635b2d6d29bfac4429eaab05f5d81cb7,149.13762191249953,0.0,
2026-05-31 07:00:31,day,culture,50,0xef0d80a3431ec2fd3357a11442ea90256fb78733,147.4992614549992,0.0,0x146fb4c5
2026-05-31 07:00:31,day,culture,51,0x7f42267ac46ce8c160830b3052d93bba2cf236ff,146.78984499996295,0.0,waterwaterwater
2026-05-31 07:00:31,day,culture,52,0x8245ea0d5a476678cb354b69e136908f0757ebed,143.5606406321749,1908.86,AZwater
2026-05-31 07:00:31,day,culture,53,0x4c14e0d367faeae310cd6bce2a76c4f219d8805b,142.70232354000018,104.43,Semikolon
2026-05-31 07:00:31,day,culture,54,0x29d337076f24d135b7b2b08796edfff4e32cb2ed,138.08922500000028,0.0,PancraceRoyer
2026-05-31 07:00:31,day,culture,55,0xfcf2059c73fe5ebfe708591500ed3fc821497279,136.47165679249974,0.0,0xfcf2059C73fe5ebfe708591500eD3FC821497279-1768056005270
2026-05-31 07:00:31,day,culture,56,0xf6777a18a34a6349fe76c5432dd7f81029792efe,135.94954269,0.0,0xF6777A18A34a6349Fe76C5432DD7F81029792EFE-1778523420587
2026-05-31 07:00:31,day,culture,57,0x51fd8f0358cc9e8a1ee5f87a0c7e3b07ed634272,134.39554293000197,0.0,TimeTraveler
2026-05-31 07:00:31,day,culture,58,0x2f684bb74337ed8abbd3e48df79aabd2b69a21ec,129.7299999999999,0.0,SandraParks5480
2026-05-31 07:00:31,day,culture,59,0x4acf2ad93f608ead3144e3e0aa326d259edc106c,126.69713855999998,0.0,0x4aCf2aD93f608eAD3144E3E0aa326d259eDc106C-1769793016358
2026-05-31 07:00:31,day,culture,60,0x8575467a6743c81ef0a8d06acc76e99b454a87fe,126.21997057628687,3977.918686,products
2026-05-31 07:00:31,day,culture,61,0xa5333b65acb8115d2b8797257503479bb88f2758,125.98246139400004,0.0,tonightwefeast
2026-05-31 07:00:31,day,culture,62,0x8085de9048a283f768f4a2789c8b4b5c2931ea17,123.22326957200039,0.0,G3M
2026-05-31 07:00:31,day,culture,63,0x9acd8d2bcabc675ef46e23d9fbb2f328cdb1a3fe,121.52709360000026,941.6999999999999,smi1e
2026-05-31 07:00:31,day,culture,64,0xecb2e9808e9176f9462cf1c1574c582b0abda30c,118.05623999999996,0.0,jkls33333jkljh3845kk3hhhh4444
2026-05-31 07:00:31,day,culture,65,0x8de5e02553b6afba268e0ccf91f50d881d1f2b04,112.96874931050843,0.0,mistreciberatit
2026-05-31 07:00:31,day,culture,66,0x1692bb5b801f1fcbd6427cf17b6698177a29a90e,112.568625,0.0,stinkyboyux
2026-05-31 07:00:31,day,culture,67,0x638dc9ee7760a35c304afaec7acb2bb7600c3d87,110.88900000000001,0.0,johnnnnnnn
2026-05-31 07:00:31,day,culture,68,0x68540c38878781e28add4857f7574802ddcd67d0,110.50640255999946,0.0,coldhot
2026-05-31 07:00:31,day,culture,69,0x77662b0f165fe2a47fa270b797e7e8189034b7f6,108.85204154750045,0.0,spakila
2026-05-31 07:00:31,day,culture,70,0xf83971d9f4616159c837e153c790993d02abbbf0,108.34715926000001,0.0,01mn23zx
2026-05-31 07:00:31,day,culture,71,0xf2f52144a3936d4400b52ad6a2e4dbd7993e137e,107.19306529250025,0.0,coinflip123
2026-05-31 07:00:31,day,culture,72,0x9574537d031ac68f2fefd4780e930d448a860089,103.9136999999755,0.0,0x9574537D031aC68F2FeFd4780e930d448a860089-1776565971121
2026-05-31 07:00:31,day,culture,73,0x233bacfb515aad6871027b95c5e4c6166f5c1f2c,101.73944674207974,1641.9759,0x233BACFB515aaD
2026-05-31 07:00:31,day,culture,74,0xb94c970ff6d7541773b6a1ec4181579f1c1cb5b5,100.17602115399495,0.0,T.hanks
2026-05-31 07:00:31,day,culture,75,0x43774ec4527391f2c5de6cac9508679242a51764,99.54845550999744,0.0,0x43774eC4527391f2c5DE6cac9508679242a51764-1774168642241
2026-05-31 07:00:31,day,culture,76,0x01233910bee9428bc9bdb40a0f04bfbb81e1f638,99.00364569500002,0.0,
2026-05-31 07:00:31,day,culture,77,0xfaf98181c44636998a194aa7660bcae1b977f4c4,95.92677617101072,1000.0,onekey02
2026-05-31 07:00:31,day,culture,78,0xb51b3beffd13cde071ed799e70a7b0b598e8b4d9,95.24460440300209,0.0,cambridgeisaac
2026-05-31 07:00:31,day,culture,79,0xf508e911f5901513055d483abf83c65cbb4730a5,94.59879499365098,22.759523,
2026-05-31 07:00:31,day,culture,80,0x3dca854f147d9b9ecc56d37800f36b347ce23c13,91.08656902400026,0.0,Ryxon21
2026-05-31 07:00:31,day,culture,81,0x8a6545e70bd034ea2ef535cbfbc1f0f3699fecdf,88.44445067999999,1003.12,XIAOCHENG26
2026-05-31 07:00:31,day,culture,82,0xf9712c6d06a0e6527ae7f85c9d540158e1a40a57,87.44304554750124,124.18,rocky42013
2026-05-31 07:00:31,day,culture,83,0xc8ab97a9089a9ff7e6ef0688e6e591a066946418,86.84453784710968,10778.944337999998,ArmageddonRewardsBilly
2026-05-31 07:00:31,day,culture,84,0xc1dc6f35e37815f1de4c41884306e9450db709c2,86.84369251999999,0.0,lele1313
2026-05-31 07:00:31,day,culture,85,0x08458f7e9d2858027de579e4c3ca305475496b6f,85.46136761949856,0.0,GollumGekko
2026-05-31 07:00:31,day,culture,86,0xa15c9040756e27cae856154399448da96cef10d3,85.45935333200032,0.0,seniordongato
2026-05-31 07:00:31,day,culture,87,0x1d66d98518f21288355bbc6455c5ad29b4a3928f,85.28559166499963,2199.99,bravelittleguy
2026-05-31 07:00:31,day,culture,88,0x7f28044d388f69b23fdc45142fbf7b02ac937d8e,84.04124000000002,0.0,tian666
2026-05-31 07:00:31,day,culture,89,0xfee149fafe22d89834c75f35a3fe9ecf1cd2746f,82.85357860399995,0.0,HappyPumba
2026-05-31 07:00:31,day,culture,90,0x6f2a7a03d6a3fabc7665ff9e37c86a5c689527d1,81.81469474299996,0.0,crucenodeoro
2026-05-31 07:00:31,day,culture,91,0x51471abb29dcfb36ede1d55539f69bc7984da0b7,81.24583903749999,500.0,cbg
2026-05-31 07:00:31,day,culture,92,0x038bca073c9aebb694028d70eec94116ed4bafc4,76.6725911199992,0.0,triple-purple
2026-05-31 07:00:31,day,culture,93,0x18a0e748f547787c49b36345132971a89e21dea8,76.42207523872776,2449.3947,oxhrvnqpslitnzajurflmxkduvbnweu
2026-05-31 07:00:31,day,culture,94,0x8564848285e54c65f6cc2e3930b49362fbd84b2e,73.54183000000194,0.0,AllYourMoniesAreBelongToMe
2026-05-31 07:00:31,day,culture,95,0xfb8285acf88bf4e27eb7ddff71f72f9527f40318,73.09986474850004,0.0,Wasserturm
2026-05-31 07:00:31,day,culture,96,0x54a78f8c6e64572111c5683a9efeed25a04c881b,72.3831746704991,0.0,Laurenman
2026-05-31 07:00:31,day,culture,97,0x05e2f520faf6e7b9e8a6f34f723ceb5eea3dea88,70.99639949800621,0.0,cledisidiot
2026-05-31 07:00:31,day,culture,98,0x743d681bb4bba8743cdfc21aa5100fc79c69f77e,70.42968631000008,1991.77,Suirenzirou
2026-05-31 07:00:31,day,culture,99,0x24c8cf69a0e0a17eee21f69d29752bfa32e823e1,70.29032867949718,0.0,debased
2026-05-31 07:00:31,day,culture,100,0x4e72c22cd76f9973a48aedfd79feeaacc8b7ffb9,68.09526207267993,1271.013425,0x4E72c22CD76f9973a48aedfd79FeEAaCC8B7FFb9-1778811541343
2026-05-31 07:00:31,day,mentions,1,0x955c9661bf6e010beff0ba896a49f715a8c8990f,1954.970048272,3131.4700000000003,
2026-05-31 07:00:31,day,mentions,2,0x44c1dfe43260c94ed4f1d00de2e1f80fb113ebc1,1132.1527859744965,702.5510899999999,aenews2
2026-05-31 07:00:31,day,mentions,3,0xad5353afe30c2da57709e2704ef3ccdcf67eef24,328.3785605001167,680.8761969999999,AJSV
2026-05-31 07:00:31,day,mentions,4,0xd8d5289c35124b5353f5a10a28b8cc29aec38935,263.25628174899975,0.0,D8D5289c35124b5353f5A10A28B8cC29aEC38935
2026-05-31 07:00:31,day,mentions,5,0x0b97c6b3e2eedcf896b0d2c8d9b8a9caa0390efe,140.29467034114168,300.099178,winner123
2026-05-31 07:00:31,day,mentions,6,0x832bce13fa76d504c2b747587c274c996b423ae1,135.38866701999996,0.0,EscapeVelocity
2026-05-31 07:00:31,day,mentions,7,0xc8ca4205453705fcb0dd947a311258d6813c0097,122.88591742099999,293.71000000000004,socksgreen3
2026-05-31 07:00:31,day,mentions,8,0xcb59c3db857bae4b9dd41385b152c5d607aee21d,122.48640315732882,701.3079779999999,lakemichigan
2026-05-31 07:00:31,day,mentions,9,0x9e8ecc4cb3c4e48f544cba2fbbb252a6a65e8db8,114.74816426850157,0.0,DREAMBIG.
2026-05-31 07:00:31,day,mentions,10,0x66c1a6fe836ff555ca32848646acedbbe93bfa3f,110.17603999999119,0.0,Y0MAMA
2026-05-31 07:00:31,day,mentions,11,0xc9751b5f25e1ecd88ec4630d19422b58d0562c68,97.96998099999928,3122.59,NeoSay10
2026-05-31 07:00:31,day,mentions,12,0xc6dd722558dbfbd8fa780efcbe819ed8c6604b9f,67.70399999999972,0.0,tourists
2026-05-31 07:00:31,day,mentions,13,0xd52b8dcb4b812c4056faf41164a6f6c73f4c5c72,62.93018824000001,0.0,TBill1
2026-05-31 07:00:31,day,mentions,14,0xeacf6268112f4ef50de045c0778426ca20183c55,59.7,100.0,EpicFury
2026-05-31 07:00:31,day,mentions,15,0x3574aa67e0027d389f4d12d5324c568cbd130f66,58.45347571000002,0.0,0x3574...D130F6
2026-05-31 07:00:31,day,mentions,16,0x7ac9849cf9d7f369fc082d5d648f80ef5aff576c,56.782543827399,0.0,KrishFire
2026-05-31 07:00:31,day,mentions,17,0xc24307db60e64be7a809f4f461ffd27a4f0b5e94,50.79195866883397,29.0,eggsando
2026-05-31 07:00:31,day,mentions,18,0xc8e3b71b2d059cd1a54b1631d302980a41766fb0,46.3039500000001,0.0,tywed
2026-05-31 07:00:31,day,mentions,19,0x2a930ccd48c862dce04ecc62e3668cb5ea7d4eb3,44.03167593999999,351.83000000000004,Undersurf
2026-05-31 07:00:31,day,mentions,20,0xa53c26443fb636d8ae31ac24f62fc1d5ef8f67a5,39.74812000000001,119.04,Oddinn
2026-05-31 07:00:31,day,mentions,21,0x9cb35555b913c805a62a2e34bce4ef14f0e81367,39.698902897627875,318.63502800000003,Colala
2026-05-31 07:00:31,day,mentions,22,0x7cfe9f1948a5cb3226abe53244a22c94134a74da,37.321873,2564.3722589999998,0x7CFE9f1948A5Cb3226Abe53244a22C94134a74Da-1779889024346
2026-05-31 07:00:31,day,mentions,23,0x1d1aa3439835cc8dbb5e55d615bee3f39b0d324e,34.50407512899801,10.0,b14k
2026-05-31 07:00:31,day,mentions,24,0x5b6331e7ff0831a3fe2ed12004747db1a9c911a4,31.73208246250033,45.0,neutralwave23
2026-05-31 07:00:31,day,mentions,25,0xa76b7dc2d87b3b029ee67305c538547489198a50,28.72477317362518,15.08,qcp14
2026-05-31 07:00:31,day,mentions,26,0x72a22d4d155079da8f50c89d4c6c03b6428e7b65,27.0,0.0,meowtai
2026-05-31 07:00:31,day,mentions,27,0xc7d02944a76b9f83b199e9090ecc92c82d241f8a,26.40005532449959,0.0,0xc7D02944A76B9F83B199e9090ECC92C82d241F8a-1776944395495
2026-05-31 07:00:31,day,mentions,28,0xa17325d33b095b6bb48d475a3578fecbdff73315,24.4125,0.0,Risto
2026-05-31 07:00:31,day,mentions,29,0x8f0247a94f4d3853a97061ccac5097ae96b5baad,23.534539199999998,24.16,0xlost
2026-05-31 07:00:31,day,mentions,30,0x285b2f4aa132c64dd39883138045438bbb7bf3d3,22.890534952351004,450.209133,orbitalcoins2
2026-05-31 07:00:31,day,mentions,31,0x26aa6eec2ccf20f53bd0c8810c11b8df9e079d4d,22.81999999999997,0.0,0x26AA6eEC2CCF20f53Bd0C8810c11B8dF9e079d4d-1776735614449
2026-05-31 07:00:31,day,mentions,32,0xafd2e11a56362b774b3542c4eaa6b2ff9dd89693,22.583590592999826,0.0,wtfisgoingonhere
2026-05-31 07:00:31,day,mentions,33,0x8165437fe358644ba9f56f3097d15e6113ca2f9b,16.9991919,34.17,Eaaglee
2026-05-31 07:00:31,day,mentions,34,0x1c144e30f405a25f991cbd8baa15d40599090869,16.485700000004726,0.0,bernardbulletin
2026-05-31 07:00:31,day,mentions,35,0x371473617d3064ed904cde2df3e90ad1e0be9ce3,16.350344531500014,19.987633,AndyFran
2026-05-31 07:00:31,day,mentions,36,0x50b977391c4b3dd88b0a0bef03c3434fe4284298,14.39499999999947,23.0,rocketcrypto
2026-05-31 07:00:31,day,mentions,37,0xf2cf3cf7863182c763bce60580a7d20e9333464b,13.402558530455963,36.940416,Mojito9
2026-05-31 07:00:31,day,mentions,38,0xfb7fdd0f3d964aa7da59f354e8914328d985fb67,12.995165942525002,0.0,
2026-05-31 07:00:31,day,mentions,39,0xeb747705bbd51b84a7f9018f69e0be82ec872f5a,12.942449789200282,31.346743,Tugaxe
2026-05-31 07:00:31,day,mentions,40,0x8d2e777cbe11109c8afe52438f881b5d5441f022,12.72760000000001,0.0,
2026-05-31 07:00:31,day,mentions,41,0x6b133170edaaae9d61c296ae8c7b9f43bb3bf125,12.479670000000056,0.0,Shevcov
2026-05-31 07:00:31,day,mentions,42,0x0711e162e05349de3d87626dea4285d08537f03c,11.84524384000224,0.0,S888
2026-05-31 07:00:31,day,mentions,43,0x2d78ea0f66410b9fe0e909a1a419916908125c35,11.6002539555,0.0,gobene
2026-05-31 07:00:31,day,mentions,44,0x04f5bc449c432a1a3f7e968234173d42f19871e9,11.280775000000006,69.85,0x04f5bC449C432a1a3F7e968234173d42f19871E9-1768226209087
2026-05-31 07:00:31,day,mentions,45,0x83c56c56bc67c0b99b38abd1c0a3c1aca7a7e193,11.128380179998203,0.0,5tghfh67fghf
2026-05-31 07:00:31,day,mentions,46,0x38266db1174da047028b5343180cca0d02002bc7,11.034561446331999,12.925399,
2026-05-31 07:00:31,day,mentions,47,0xb99988b728325046dd14a5fe95b758c2563b8446,10.996148670964004,0.0,
2026-05-31 07:00:31,day,mentions,48,0x07e0d594bd1493576daac8fb0e2189fd2e01ac5c,10.896840000000003,39.5,0x07e0d594bd1493576DAAc8FB0e2189Fd2e01Ac5C-1777214204168
2026-05-31 07:00:31,day,mentions,49,0xc6777f27f1829916c5fabdd97662c79d6d77677a,10.879245000000026,5.0,trader-c6777f27
2026-05-31 07:00:31,day,mentions,50,0x0560e9e88bb08eac15f89d6699fb28fd350199a4,10.824648050000064,0.0,
2026-05-31 07:00:31,day,mentions,51,0xd4e8d48486808c84515a22d2d9e2ef096f26baac,10.811452912333,12.928608,
2026-05-31 07:00:31,day,mentions,52,0xe6e53d1135e87edd8d404ed52b3e937983cb8e81,10.589025613260999,12.928608,
2026-05-31 07:00:31,day,mentions,53,0x81626b2ef8bac4fb609a1ef30a20670407596ffe,10.556619474499996,0.0,BillLiamNaire
2026-05-31 07:00:31,day,mentions,54,0x6560abb717a8e5f3afaacd1a31e9c03eed71e164,10.545269921,626.13,1walrus
2026-05-31 07:00:31,day,mentions,55,0xb025df83938a1324df300d967bedf1cd5ffba439,10.478918369999999,0.0,0xB025Df83938A1324DF300d967BeDF1Cd5FFba439-1779274077179
2026-05-31 07:00:31,day,mentions,56,0x3d03c46d2e4594ea6fa03f7b571342d8ee249d52,10.121475000000004,0.0,
2026-05-31 07:00:31,day,mentions,57,0xdacf9f8d0341fa3770fae5c7ccd9dcfed23e3c74,9.583781199997247,782.4,CosmicCedar
2026-05-31 07:00:31,day,mentions,58,0x8a1480dad6a335b8b527731bee0e14e7c0bfb0b5,9.472713553972001,0.0,
2026-05-31 07:00:31,day,mentions,59,0x46b353667fd7d846af3bbeda6584b0e5b883d3de,9.44654400000013,15.529,bjprolo
2026-05-31 07:00:31,day,mentions,60,0x29474e5232bc95fa5cdf88f0a94018c58c9c4cf4,9.000000000000568,0.0,
2026-05-31 07:00:31,day,mentions,61,0x923cab91dbbba0cefa969e9312bfdff2a199fa1d,8.94587168039098,13.803431,magicportland
2026-05-31 07:00:31,day,mentions,62,0xad5a38a6549b4b1e35b8c4cfef1b5242088de224,8.621924068500022,0.0,odb1
2026-05-31 07:00:31,day,mentions,63,0x6a2c31c11eb9d2a7b60f0615c490bb00f96680e5,7.9476915105,0.0,risk-hedger
2026-05-31 07:00:31,day,mentions,64,0x347b13dbf510484f2c7d0ced7e3e2c40f4f1c9bc,7.906995458000036,0.0,mehanizator
2026-05-31 07:00:31,day,mentions,65,0x134a63b764ac7b008356e8db1857db94e6b09e42,7.9047499999869615,1300.19,Bertapotamous
2026-05-31 07:00:31,day,mentions,66,0x765c3441b5161683541bbbf7c0bc7d71b3d9dbb6,7.893414114000002,0.0,nc3iceibvtvetvbt
2026-05-31 07:00:31,day,mentions,67,0xa1430ef6da7bf3c50152ab276bd74800532804c1,7.816248108999986,0.0,0xa1430ef6DA7BF3c50152aB276BD74800532804C1-1771611181063
2026-05-31 07:00:31,day,mentions,68,0x45e033487c5f8bcf577b8f47094c977c844215cb,7.750749234000004,0.0,bon23.
2026-05-31 07:00:31,day,mentions,69,0xf648aa9af173a2811a3a9c95e9663fb28784bd61,7.601050000000001,0.0,
2026-05-31 07:00:31,day,mentions,70,0xe4fef3b62db86d32aa4a7cb55a8535245dd94fcc,7.448223277499999,0.0,0xE4fEF3b62DB86d32aA4A7CB55A8535245DD94fcC-1779261403471
2026-05-31 07:00:31,day,mentions,71,0x3b14127d30b434795dafc1f036af31a2c5299d6e,6.923075939999999,0.0,ZoomyZella
2026-05-31 07:00:31,day,mentions,72,0x273f222e12d8715df0c07a62073aa08a9a8bef14,6.781249566,0.0,forthright1
2026-05-31 07:00:31,day,mentions,73,0xbec41a0712b1a77e23759b2cf094a815523fcf90,6.344516847555,0.0,wayto1m
2026-05-31 07:00:31,day,mentions,74,0xad0004c261ac99c8b394a0bfbd3bdf2da21b83ba,6.2961648735,0.0,stuartmcdo
2026-05-31 07:00:31,day,mentions,75,0x29c17d8af62582e964a39b9fba56878b60ce9a60,6.190752758632001,0.0,
2026-05-31 07:00:31,day,mentions,76,0xe142dfa8d6a752163e3ec2d52370d6ccfd6d4dcb,6.182064119664,0.0,
2026-05-31 07:00:31,day,mentions,77,0xc2a4ed1ba62f39dcd6cb50443708979413780d05,5.995832374,0.0,0xc2A4eD1BA62F39dCd6cB50443708979413780d05-1780100503653
2026-05-31 07:00:31,day,mentions,78,0x947cb439594c7a1bcb57750ebe8fc4aac8f59a5c,5.920799999999986,0.0,nikola123
2026-05-31 07:00:31,day,mentions,79,0x6d9b04e46b8807a411ec5aeb1f2e5293c556a7da,5.816781000000001,0.0,wxk2dmoqz814
2026-05-31 07:00:31,day,mentions,80,0xf02d70360b1302368ae6488df3ce1f772dfee07c,5.725780950002047,10.0,Shaaaark
2026-05-31 07:00:31,day,mentions,81,0xf797d4d1c038d1eb0593edae0e66bf8e4b2e0bf2,5.510943540000881,0.0,DerDon
2026-05-31 07:00:31,day,mentions,82,0xbe0e2ccaba04e1cff6328df819aba5648578d429,5.434621279999988,60.0,hesure
2026-05-31 07:00:31,day,mentions,83,0xe00600258ee55e44f41983f485bfbc90fd3cc141,5.366793006,0.0,
2026-05-31 07:00:31,day,mentions,84,0xb79fadaa593335ee1a1ccb4506c9c89ac3b2d749,5.186701160954499,51.77109,mountaingreen
2026-05-31 07:00:31,day,mentions,85,0x3d354b130a135a93cc5c8b57afcb6e34682bfe4f,4.609975553420003,0.0,
2026-05-31 07:00:31,day,mentions,86,0x5ce3c43f2b2be1b51ec5f4920acbf7340733f779,4.515484999999984,0.0,JJtt3
2026-05-31 07:00:31,day,mentions,87,0x9453a389c73df7991249d9f2c6e2c854157b1a48,4.5059289999999805,404.7,Arman2
2026-05-31 07:00:31,day,mentions,88,0x2099ecad0083eadb09a4857adf8992b7ceb83024,4.230014008499978,0.0,dsoisoij
2026-05-31 07:00:31,day,mentions,89,0xd0b360f26117a04c17a4f98954cfd9add40bfc10,4.0157968445000005,0.0,Cipango91
2026-05-31 07:00:31,day,mentions,90,0x1797fb0a68b450358e1b8c321afb7ae151062dab,3.874998078,0.0,0x1797fB0a68B450358e1B8C321AfB7aE151062dAb-1776632149094
2026-05-31 07:00:31,day,mentions,91,0x80b8771fb831c197584b2e475b02490a1c3be077,3.8571422400000017,0.0,0x80b8771fb831C197584B2E475B02490A1C3bE077-1775489357127
2026-05-31 07:00:31,day,mentions,92,0x8242a0899ad50231a13e4dc401d1bfbbf3f60f3c,3.687015387587998,0.0,
2026-05-31 07:00:31,day,mentions,93,0x1cdd071bb612de6d66d0c882b676c663697de595,3.445861595428596,28.8,Lavincey
2026-05-31 07:00:31,day,mentions,94,0x2e1e2b00bf6f107bed50f54d522a5f70aa0c1215,3.419062500000001,0.0,Epsilor
2026-05-31 07:00:31,day,mentions,95,0x0fb43d68269f248b7b3569243404c9540b5294e3,3.2920548500000004,18.009999999999998,Cryptodictator
2026-05-31 07:00:31,day,mentions,96,0x2c207f078877188e3bc3aca25d0328ac4c5deb9c,3.2733143740000012,0.0,0x2c207f078877188E3Bc3AcA25D0328ac4c5deB9c-1779834195188
2026-05-31 07:00:31,day,mentions,97,0xb5e4def83a77ab2a171a2bc112638b6e78a39b0d,3.2549999999999955,0.0,elithewhiteguy
2026-05-31 07:00:31,day,mentions,98,0x7f8d10f774c5794e5ec42681d4f81bb3aafc4a45,3.2519429040000007,0.0,PoorStamfordian
2026-05-31 07:00:31,day,mentions,99,0xc5d557d5236b82df7af746e7f5a2fb7f282d45e0,3.18691,115.22,sixtrumpers
2026-05-31 07:00:31,day,mentions,100,0xc13bcbbdbad135c3a325771f0d49336b099ef908,3.1159999999999854,8.0,volaris
2026-05-31 07:00:31,day,weather,1,0xafde461fce5aa0fabdb7711c59db93b65e343e1d,6643.2023897765475,32709.299453999993,0xaFdE461FcE5aa0FAbDB7711c59Db93B65E343e1d-1779266212661
2026-05-31 07:00:31,day,weather,2,0x1f66796b45581868376365aef54b51eb84184c8d,1726.9874738079598,18588.670910000004,maskache2
2026-05-31 07:00:31,day,weather,3,0x1838cca016850ac7185a9b149fe7d0bd2d6629b4,1365.679003718651,7854.456849,JoeTheMeteorologist
2026-05-31 07:00:31,day,weather,4,0x3b2ca1312bed6142f069090240b43d801aceecdc,945.8675426899998,1578.83,Fatbbbb
2026-05-31 07:00:31,day,weather,5,0xa493ef05d1e4722c0689547cef88f6e2ff821b55,904.0976705120188,5239.947827999999,ChooseAUsername3
2026-05-31 07:00:31,day,weather,6,0x044f334595a7fd42c143e11c8ec47f23c8d1d1f1,632.5931486506106,6147.616216,gghff
2026-05-31 07:00:31,day,weather,7,0xc60bb547dbdf59c8d1746bc8a754accc3809d9f7,543.2692565986408,2764.281559,limitless00
2026-05-31 07:00:31,day,weather,8,0xa89518aca5a633a79ad1e9737209c9689f83faac,543.2522667315388,5989.665913999999,teaseer
2026-05-31 07:00:31,day,weather,9,0xf2f6af4f27ec2dcf4072095ab804016e14cd5817,486.1144554174389,0.0,gopfan2
2026-05-31 07:00:31,day,weather,10,0xcb894d56b6ed7f458e8534636a086b65e915a2e8,470.6374140800026,0.0,justme003
2026-05-31 07:00:31,day,weather,11,0x4e25605fd905e9972efc0f4d8814530c655cd7a7,464.1730934659954,0.0,
2026-05-31 07:00:31,day,weather,12,0xf73f7e9c6bd1f40dc045d2a93bec3dd4248aee53,442.6372799103738,5982.495420000001,meteoblue
2026-05-31 07:00:31,day,weather,13,0x488c725253fc21c7a9ca812030dc2f6343f98c1c,404.7245929001183,17102.405303,WeatherHK
2026-05-31 07:00:31,day,weather,14,0xec86a2d3f69015b1a9382e4dfa8695e1b48760e4,377.6625703007012,7543.095565,0xeC86a2d3f69015b1A9382e4dfA8695E1B48760E4-1770735132210
2026-05-31 07:00:31,day,weather,15,0x3bd3893177754b3a820d034ab5a79f217b613cfc,347.24291125387,2189.208862,0x3BD3893177754b3A820d034AB5A79F217B613Cfc-1774573867751
2026-05-31 07:00:31,day,weather,16,0x44c1dfe43260c94ed4f1d00de2e1f80fb113ebc1,346.93876511009876,0.0,aenews2
2026-05-31 07:00:31,day,weather,17,0xae608ecbef420a36d743e2846b864067a5eb9c28,337.8923625320331,1315.312677,
2026-05-31 07:00:31,day,weather,18,0xe8ff0a56d848954b60e8e8ed99637e3c50ddc93b,331.0894846700013,0.0,BlindGibbon
2026-05-31 07:00:31,day,weather,19,0x8d0930676d559cc8fb7d8af0c555791c1820143f,323.6982729038318,16067.17315,vip68
2026-05-31 07:00:31,day,weather,20,0xe2be51cc4ff06cea203113cdc3b2c2722556ff33,314.78033790121344,1610.5930419999997,Yettti
2026-05-31 07:00:31,day,weather,21,0x57ee70867b4e387de9de34fd62bc685aa02a8112,313.21337515089544,2425.994074,HenryTheAtmoPhD
2026-05-31 07:00:31,day,weather,22,0x21d0c129deb8a7f7e1569045200d20e23862ce91,310.6159269400021,0.0,DEGENKHAN
2026-05-31 07:00:31,day,weather,23,0xf56ccbb9d8158ae1dda67207d1f76acf2f81ad84,306.67130907748015,21388.985338000002,LXJXLJ
2026-05-31 07:00:31,day,weather,24,0x5c6b40f748a2060284d8ba41cdb01fb4169ff32b,254.75086158999966,0.0,Phlox
2026-05-31 07:00:31,day,weather,25,0xd66196189fee25e395d55dcc966cdfc27e0d2750,253.56801802175232,2797.372746,NPC2026
2026-05-31 07:00:31,day,weather,26,0xba63d3a0105a3c01bfa561015c36911c8d1536dc,245.77228854057466,587.772429,0xBA63D3a0105A3C01bfa561015c36911C8D1536dC-1769606304708
2026-05-31 07:00:31,day,weather,27,0xe3def294cd4ac865fb1a6c63532e35b370ae0876,244.35917130100015,0.0,0xe3dEf294cD4ac865fb1a6C63532e35b370Ae0876-1767487454268
2026-05-31 07:00:31,day,weather,28,0x8cc1262cf53b83047926e09af8e5ab3bf537b9f8,241.86400734170593,3288.526099,0x8CC1262CF53b83047926e09af8E5Ab3Bf537B9F8-1774929892987
2026-05-31 07:00:31,day,weather,29,0x0f37cb80dee49d55b5f6d9e595d52591d6371410,236.54701652331278,5958.521872000001,Hans323
2026-05-31 07:00:31,day,weather,30,0x96489abcb9f583d6835c8ef95ffc923d05a86825,233.51043272548122,0.0,anoin123
2026-05-31 07:00:31,day,weather,31,0x42e5ca21784929315826a32bc850ad927fd4c9a7,233.1672226226001,2429.48233,leizhenzi
2026-05-31 07:00:31,day,weather,32,0x118689b24aead1d6e9507b8068d056b2ec4f051b,230.9045884816078,272.56,russell110320
2026-05-31 07:00:31,day,weather,33,0x482943e8126e83a63695cebde33a9498ee7497eb,226.35728999504204,3239.294847,0x482943e8126e83a63695cEbDE33A9498ee7497Eb-1762456938039
2026-05-31 07:00:31,day,weather,34,0x945a49252f772a10c6ddd1d1e1e24ee20438a48c,220.46583348063268,14423.111216000001,zxcursed121
2026-05-31 07:00:31,day,weather,35,0x8fe70c889ce14f67acea5d597e3d0351d73b4f20,219.5198714730002,0.0,amused85
2026-05-31 07:00:31,day,weather,36,0x8f25c69bedff614f0ec6ec78aa2117073be55490,217.99461345999998,1290.2199999999998,pierojoe
2026-05-31 07:00:31,day,weather,37,0x3c11b622d3f6d6d0e1a3188d0f46c3baad2d33c9,217.4435916280945,1948.2987190000001,Nosredno
2026-05-31 07:00:31,day,weather,38,0x8f3a1da6345aa915333a76c15224a271e72cc4fe,215.40416089111523,5607.411115,outsider12345
2026-05-31 07:00:31,day,weather,39,0x12313aa6965395261f8cb1d11e1fa9d95632796f,212.89387108000005,1616.24,SloviaShiba
2026-05-31 07:00:31,day,weather,40,0x94700fded82ba336a5c98fcfd006814a1368989d,211.04374872820995,4037.257006,winnerbig
2026-05-31 07:00:31,day,weather,41,0x7300833941f579802d58791eb1d0152c1b17e52c,209.33350550114437,2144.0270899999996,PontiusPilate
2026-05-31 07:00:31,day,weather,42,0x18aee702a6b7d9007dcc7c03f4cfb51abb7d314c,205.80688945114332,23599.437008999997,BarometricBros
2026-05-31 07:00:31,day,weather,43,0xde0fa43faad1c0da4881c63681ad07a8c850a4e7,202.71243815348805,1197.358671,supermeow
2026-05-31 07:00:31,day,weather,44,0xc34f6b088bb9172625ee1ea2ee8da9ac4f037d2e,201.3514435276993,13095.420519000003,StayFreshCheeseBags
2026-05-31 07:00:31,day,weather,45,0x26123cbf0f4820f7e70408a8c054ba7615c05289,198.1303079366362,14970.364911999997,nexvs
2026-05-31 07:00:31,day,weather,46,0x652d6be4a7532227fd1dc3d3c69b0a0a1dc446b3,197.06108796548415,17679.980623000003,0xALJJ
2026-05-31 07:00:31,day,weather,47,0x285109735e915f14038a2f41322814e0d6b46b8c,196.39319860695394,4222.191546999999,flipsss
2026-05-31 07:00:31,day,weather,48,0xb40e89677d59665d5188541ad860450a6e2a7cc9,181.5612131812959,13361.121270000001,Poligarch
2026-05-31 07:00:31,day,weather,49,0xe937357d6b851c08f258fc0b325fd71dfb06d46a,180.37230347000002,0.0,CalculatedRisk08
2026-05-31 07:00:31,day,weather,50,0x686880eea810fa9141be46a1acec9eee41755198,179.48405523917972,21177.552723999997,0x686880EEA810Fa9141Be46A1aCec9Eee41755198-1770878625325
2026-05-31 07:00:31,day,weather,51,0x3000045f08dbdf94043585306f7f82438a2a9eb1,178.83291168600013,950.6999999999999,Nicekito
2026-05-31 07:00:31,day,weather,52,0x0baabb6b4de57a6366be10cb98803520382afe13,176.46016706049932,0.0,
2026-05-31 07:00:31,day,weather,53,0x1cdd071bb612de6d66d0c882b676c663697de595,174.49987861724367,2598.905812,Lavincey
2026-05-31 07:00:31,day,weather,54,0x938da0b2f87433660ce8ed2ae75ef7b665e78674,169.09797794499718,472.37,JimBobMagoo
2026-05-31 07:00:31,day,weather,55,0x1ea77a5e8191db9f2c0a18f2692feccd0c47bcd9,169.05889217999993,0.0,ps5
2026-05-31 07:00:31,day,weather,56,0x36e6f5489a73bacfa269f375e5e9aeec00f1ad16,168.49181929753607,929.1976319999999,Odayy
2026-05-31 07:00:31,day,weather,57,0x443eac4e61b71c26126583d65270f1ae0bdc712e,166.1582473100002,0.0,powderz
2026-05-31 07:00:31,day,weather,58,0x919698b19427cbe6945b0dc823f2d9e126a4d934,164.76641406,1581.16,wuxiuming
2026-05-31 07:00:31,day,weather,59,0x7fc6e183e48e2f7658cd825ff4f40e44e9327306,164.21061999888946,699.992694,tradingdecs
2026-05-31 07:00:31,day,weather,60,0xf0f86cdb6872730ca12c84ff8b014a539b8c325f,155.00237454165008,1975.988127,0xf0F86cdb6872730CA12c84FF8b014a539B8C325f-1779656368241
2026-05-31 07:00:31,day,weather,61,0x23d18416645924e097c453e8ceadd4bfeb6a353f,152.00436656818056,4040.878207,fcomp3
2026-05-31 07:00:31,day,weather,62,0x04dcf8d1328b2bf5fa6e7aa8a200df95751cd572,149.10698712344538,2431.906433,tinylonglong
2026-05-31 07:00:31,day,weather,63,0x9006751a04d629f45cc0c15b26c5685a0e309fb8,147.96884100700004,480.46000000000004,rouba
2026-05-31 07:00:31,day,weather,64,0x3fe8878f022c20615bde51d17bfbc4c40ea71fd3,147.71608815912896,1099.978498,yyyykk
2026-05-31 07:00:31,day,weather,65,0xae68539542db9d69e66445c21e6e3bdde417064a,147.42284178594218,3016.2355259999995,hgmr2
2026-05-31 07:00:31,day,weather,66,0xad5057e6947081649c263a538d58899117e63122,146.78025663651988,790.852301,moon11188
2026-05-31 07:00:31,day,weather,67,0xc90b20dd4ccd4d1f6c0a2182b8b1cf9526707190,146.2132651908396,1220.285364,dennycloud
2026-05-31 07:00:31,day,weather,68,0xeb68675c06e0bb9f08ba510550912d77289ce362,145.49417859396948,4338.1411530000005,0xeB68675C06E0bB9F08ba510550912d77289Ce362-1778811892036
2026-05-31 07:00:31,day,weather,69,0x900939fada83b830ae89e39c031e11e44bd91621,145.15758277350824,1465.226654,skewerpacil
2026-05-31 07:00:31,day,weather,70,0x6a8d1709bfb718d8555d315a983c4816278350f9,144.3832650809054,2652.2767989999998,OnlyLuckNoBrain
2026-05-31 07:00:31,day,weather,71,0xc0d896336db3b2e08876a5dcd63b25a811e15430,142.29825954432022,1097.25376,seqre
2026-05-31 07:00:31,day,weather,72,0xcb32934773126ed9267babaee1e68f0c375779aa,142.06436808379476,1575.311644,NewBuildingX
2026-05-31 07:00:31,day,weather,73,0xa11376e9f170aaf97664cac13e9ab210a70193f4,139.50262261199805,0.0,ballzi.
2026-05-31 07:00:31,day,weather,74,0xa98a7b57b3ffc40dd701ac345a6ebb1d3255a5a8,139.44574025375096,1731.1444149999998,lowM
2026-05-31 07:00:31,day,weather,75,0xb06a0eae498750ed0acac7e1f759f741c56e52f5,138.34656976648694,7904.0426240000015,Ooookey
2026-05-31 07:00:31,day,weather,76,0xfd368530e2d6b22677eeb90c89b29e232670a832,137.45735973049977,305.88,
2026-05-31 07:00:31,day,weather,77,0x665959eb02b5da0361f47fd79f5c1a36877bb7ca,136.1218756580804,72.795079,user8979823749823
2026-05-31 07:00:31,day,weather,78,0x8bbc4005e13f2d0599bccb8938890d6f09f01d9e,133.6705813251947,6307.99,smolchungus
2026-05-31 07:00:31,day,weather,79,0xf27a3520be0776a0f6cc12b7f511c5b848e178d8,129.58920479611197,1310.589886,0xf27a3520be0776a0F6cC12B7F511c5B848E178d8-1778430718713
2026-05-31 07:00:31,day,weather,80,0x5f211a24da4c005d9438a1ea269673b85ed0b376,129.04353604175049,18308.849355999995,dpnd
2026-05-31 07:00:31,day,weather,81,0xb2e42d29690b7b63335a03c0fd5e64df0681b7f1,127.89567362686398,3864.93027,0xb2e42D29690B7B63335a03C0Fd5E64Df0681B7f1-1778811987251
2026-05-31 07:00:31,day,weather,82,0x50246b42c852c96f231e6f9014640addaeed3007,127.52885462950007,73.46000000000001,wedor
2026-05-31 07:00:31,day,weather,83,0x0886b39e5ef38fd23c070e214f739e730282b3a6,126.53783649000002,0.0,cyberhei
2026-05-31 07:00:31,day,weather,84,0xc1b399b26020a4f689108e9640fd3dc8ffc8501c,126.49603876000037,0.0,CoffeeLover
2026-05-31 07:00:31,day,weather,85,0xb3476e21d2505bd523c3193f6feac01fda0aa115,125.70807757217153,3148.5748459999995,BUYJUSTNO
2026-05-31 07:00:31,day,weather,86,0xa8f878d5027bbf73bb5d34e6db546abc04fe0e46,124.19310015499991,413.04,Golanido
2026-05-31 07:00:31,day,weather,87,0xe4dde63feb0828493c7618eeafb50baedda8bc04,121.87000655500003,0.0,0xe4dDE63feB0828493c7618eeAfB50baeDDA8bC04-1729624246727
2026-05-31 07:00:31,day,weather,88,0x510f4963b66b1b18505faab74b0bb943d1dda43c,120.53789592104022,9486.194584,PPMT
2026-05-31 07:00:31,day,weather,89,0x5398a3e796ab7b6400ca0170715eef162d54ceb0,119.14701457302199,2500.653824,412sdg
2026-05-31 07:00:31,day,weather,90,0x19af989568d17f3862ff77e6d5a15b055a076e63,111.62266499997747,0.0,weebstable
2026-05-31 07:00:31,day,weather,91,0xdd2362a6a69701056c50a70450c7c2c516f0faba,111.30639261285998,2066.024748,unanonymous
2026-05-31 07:00:31,day,weather,92,0x86092179972d66d51fb7be9357ec890bb3449be9,111.10764215000002,140.0,hawkjay
2026-05-31 07:00:31,day,weather,93,0xe43ff9e39282c95e76a53ec38243b78e1e9fa889,111.07516500001475,0.0,belyosh56
2026-05-31 07:00:31,day,weather,94,0xf72044fb3f98854411a069d9a682e54e4b824599,110.60264507900138,291.7,Gennedy
2026-05-31 07:00:31,day,weather,95,0x6aa2d3399729991261ba820339a090b0c90105fb,110.59451041839077,4805.878428,ThermoGuy
2026-05-31 07:00:31,day,weather,96,0xea0044e4665a34633d32d34827cd6868f5171faf,110.39085570872001,342.82421999999997,polarmint
2026-05-31 07:00:31,day,weather,97,0x20d81d3225d25c1618497548b486c192ac80463e,107.73020999998653,0.0,bluexred
2026-05-31 07:00:31,day,weather,98,0xd009eeeeac8c81dc2d5e254e0e25a1a14e5791af,107.71513500000424,0.0,RatingIU
2026-05-31 07:00:31,day,weather,99,0x01ced860d8dca5d7987579d2a2635df8520d27a2,107.53207357750762,2053.11,CreamCream1215
2026-05-31 07:00:31,day,weather,100,0x21880e922e233898c16ce0c803a01d482e6f7a8d,106.34798971717198,280.745262,Keanuo
2026-05-31 07:00:31,day,economics,1,0x182bd8bf2f11a572c4ec686aae3a0d919adcf3d3,7165.030009960028,0.0,peoplearestrange
2026-05-31 07:00:31,day,economics,2,0x0c0e270cf879583d6a0142fc817e05b768d0434e,5215.757561716833,85939.46380900001,The Spirit of Ukraine>UMA
2026-05-31 07:00:31,day,economics,3,0xf1bf47707b8e4cec6292eaa6bc47dc25871411d7,4023.581220049993,0.0,mikemoneywire - 20419
2026-05-31 07:00:31,day,economics,4,0xf9c1190aa8184bcbe418e6f5321c53b0bfbc39e2,4006.5212613614567,5000.0,AdrianCronauer
2026-05-31 07:00:31,day,economics,5,0xc8ab97a9089a9ff7e6ef0688e6e591a066946418,2773.3906084031914,36725.344205999994,ArmageddonRewardsBilly
2026-05-31 07:00:31,day,economics,6,0x5235578efe24555b0c98e7dc10a902b09089c04a,2610.232152247161,3407.0,back-in-whack
2026-05-31 07:00:31,day,economics,7,0x1a3fb05e94caef23e28905767cd603eb574a6dea,2236.508484189999,0.0,alextalley
2026-05-31 07:00:31,day,economics,8,0xee1706b93845d50ea60e49219be7311a2ebb6ea1,2000.2000308000133,0.0,jwerhor
2026-05-31 07:00:31,day,economics,9,0xf66166919d7d7afc3406d2dd36dd954a2f822259,1639.9974539499963,0.0,suvorov
2026-05-31 07:00:31,day,economics,10,0x8e77537e059837d3c2ca5b4efe75e74e9498c4f3,1456.8253249420013,0.0,dwpoker
2026-05-31 07:00:31,day,economics,11,0xc6dd722558dbfbd8fa780efcbe819ed8c6604b9f,1113.860749020001,0.0,tourists
2026-05-31 07:00:31,day,economics,12,0xcca90a5d3c8f2d6663817e3650d6adbe9ab44c9f,1071.4703378865033,3000.0,0xcCa90A5D3C8F2d6663817E3650D6aDbe9aB44C9f-1772395966516
2026-05-31 07:00:31,day,economics,13,0x71edffd0d70a1da823ff07a3c6fc81457294d338,1047.7767130546272,0.0,pako
2026-05-31 07:00:31,day,economics,14,0xaf458bee32b8f1d9ba39ee876f20c7e3ce62ec7d,1035.0979813310405,0.0,fed26
2026-05-31 07:00:31,day,economics,15,0x96b59f71f635da5da031e3e93448c54fe226f5e7,899.9996843998233,0.0,ExhaustedBoyBilly
2026-05-31 07:00:31,day,economics,16,0xe7387473b067235436884d16799777cf279edf65,854.8322882699995,0.0,Huludubu
2026-05-31 07:00:31,day,economics,17,0x7bb244d0c70293e66dee84f3d0623fbbbf7d682c,844.850944834001,0.0,WongKimArk
2026-05-31 07:00:31,day,economics,18,0xc96cb25888f25ab1929b575834a6c406234f6a98,824.5816338800032,0.0,James000
2026-05-31 07:00:31,day,economics,19,0x42abb0c4c00b3ca9c0e5dea7f5c4459d23673e26,765.0294815599991,0.0,brainlag9000
2026-05-31 07:00:31,day,economics,20,0x78048aa26ac1967566b8ed11910b529e5f2d7025,750.7949635499681,0.0,HorribleWork
2026-05-31 07:00:31,day,economics,21,0xa1d82aa07258aac95b2a7f0893f740a37ef1a786,749.4026258400008,0.0,IHeardLoveisallyouNeed
2026-05-31 07:00:31,day,economics,22,0xd3ecb2aee0d65622da559ff356b00e8c2e626603,727.6555296000006,0.0,sabsabinxz
2026-05-31 07:00:31,day,economics,23,0x246b6f2cf1eb3c74ab82b5d7288ef49baeed1196,725.8417958600003,0.0,citra
2026-05-31 07:00:31,day,economics,24,0x9e7e57fbc4dd03dc7b0eea98f1f01bc100083e1d,668.5843562605005,0.0,mcorleone
2026-05-31 07:00:31,day,economics,25,0xe87f2c8db31af60d9b8fb28bc390fd891cb67d85,641.0363943599987,0.0,0xE87F2c8DB31af60D9B8FB28bC390fD891cB67d85-1767548376380
2026-05-31 07:00:31,day,economics,26,0xe961babbccae0be01c2f6b5f28f8d002e332ef1b,583.0163273199978,0.0,Kryptogram
2026-05-31 07:00:31,day,economics,27,0x5a1c1697c0d1756616faa712416e9d459e0f49c1,529.1273151318555,1717.304826,forgotmypasswordagain
2026-05-31 07:00:31,day,economics,28,0x014c4e7ae2145992861c2d1b124af633a97f820c,525.5507545699943,0.0,Hyperlong
2026-05-31 07:00:31,day,economics,29,0x96489abcb9f583d6835c8ef95ffc923d05a86825,483.05220654257573,9999.0,anoin123
2026-05-31 07:00:31,day,economics,30,0xa8b202e6e9a4c2091b6860f1f5c9e9119bbc9a39,467.95527038600994,0.0,CongMingLabs
2026-05-31 07:00:31,day,economics,31,0x859babdb4d05c59c9fc013b05efe8f6ddb6b6bba,466.68434653999975,0.0,voidemir
2026-05-31 07:00:31,day,economics,32,0x879752bca887bc247ba883a52bc45e9c6be6bbbe,464.1002826900003,0.0,singularityman
2026-05-31 07:00:31,day,economics,33,0x0e5bd76779e74304d08e759072abf126d87da593,457.9941474099469,0.0,JAHODA
2026-05-31 07:00:31,day,economics,34,0x33c11b0b5278ad7009b9c58f2a79a0e03ce2d177,448.6916000000001,0.0,sdffssdfd
2026-05-31 07:00:31,day,economics,35,0x07046535ff9a910d7343a2c319a3e62234621858,433.9176726050209,0.0,HH168
2026-05-31 07:00:31,day,economics,36,0xab8f49a32aa63b75d8da76777bc1e4be444406d6,431.56923928000106,0.0,lazercrazer
2026-05-31 07:00:31,day,economics,37,0x2c41d0ca2b4b2344912eead711f28cd4dcff133e,430.94830000001093,0.0,lineth
2026-05-31 07:00:31,day,economics,38,0x027e587a1086809d1a00f22216bef6a808f1c97f,425.0883744010007,0.0,AndreasSchm
2026-05-31 07:00:31,day,economics,39,0x3022ebb3d83ba8e4d8a272d0e28174cfa49359c1,421.76560064000114,0.0,Arlette
2026-05-31 07:00:31,day,economics,40,0xb8ee94bd599a92d4747dda5f3bc6d2b243349e81,387.2291638912957,1311.7,0xB8eE94bD599A92D4747DdA5f3bc6D2B243349e81-1765943326811
2026-05-31 07:00:31,day,economics,41,0x9e7296fc4776144f60db9a5943ff2051696599c4,386.0070122800007,0.0,carlos484
2026-05-31 07:00:31,day,economics,42,0xa5d833a23bc19b7d38adcbee7c117a8f421eff3a,355.7393000000002,0.0,0xA5d833A23bC19B7D38ADcBEE7c117A8F421EFF3A-1779306353525
2026-05-31 07:00:31,day,economics,43,0x225b7c9aaf6108ded29b9fda9939aa671ef6422a,336.0880662000018,0.0,0x225b7c9Aaf6108deD29b9fdA9939aA671Ef6422A-1756591558414
2026-05-31 07:00:31,day,economics,44,0x2086c709d8f0567a972b07386dded458ad158ef7,329.38287986,560.32,0x2086C709d8F0567A972B07386DDeD458AD158Ef7-1769554127501
2026-05-31 07:00:31,day,economics,45,0xc6d0ff59ef83e7d6210c47d20408eb27b7844bad,318.5856207199977,0.0,strategy1.2
2026-05-31 07:00:31,day,economics,46,0xe0c3c302f8ef3d51ae8e33cda6c41b524063eb31,314.56082830000014,0.0,chromemx
2026-05-31 07:00:31,day,economics,47,0x879247bf7570a40d193dd3bb9118820e0b194174,307.13488042000154,0.0,hosoon123
2026-05-31 07:00:31,day,economics,48,0x6f43578024a9e29a7a9966e3ae9b54a8068babdf,283.7613366400001,0.0,ZpeedtX
2026-05-31 07:00:31,day,economics,49,0x8c66e28fbe7ede7f57ba6cbc70408dff442944f3,280.7055828766497,11000.0,0x8c66E28FbE7Ede7F57bA6CBc70408DfF442944F3-1777220320442
2026-05-31 07:00:31,day,economics,50,0x29d337076f24d135b7b2b08796edfff4e32cb2ed,279.99975551999887,0.0,PancraceRoyer
2026-05-31 07:00:31,day,economics,51,0x41e8266341517750bec28829015b5289fe00b994,277.6439218125015,0.0,0x41E8266341517750bec28829015b5289FE00b994-1766188710954
2026-05-31 07:00:31,day,economics,52,0x9bcada74fbcaa331afecdf7e861fbc9532ecca1f,261.329085615027,0.0,rooivalk
2026-05-31 07:00:31,day,economics,53,0xdd9c961288a032098076267bd665d407dac231a0,261.05034356500255,0.0,hippoka
2026-05-31 07:00:31,day,economics,54,0xbd0477e08d82d35a855ff19644a88a9213d8fbb0,260.90477138000097,0.0,yuhyuhyuhy352352
2026-05-31 07:00:31,day,economics,55,0x6574a8585aea10d8d33dc67f27a079edb0e0a6eb,256.27067427000065,0.0,ARCSOL
2026-05-31 07:00:31,day,economics,56,0xea66e66396d8663c1e108cb3d1c1208b0c6ebb43,246.8970813400001,0.0,Tend1esAdd1ction
2026-05-31 07:00:31,day,economics,57,0xded8a46ee5fa25b550689176ab7c58c2d44eca0f,238.41669628300588,0.0,yingxer
2026-05-31 07:00:31,day,economics,58,0x682dbb961b8b4c4c99d9d56557d5ad68847e4cd6,217.41994667999916,18.0,St3f
2026-05-31 07:00:31,day,economics,59,0xf910cc50ec0ceecb18a24dee5b9606b5ffa87467,213.9996819299995,0.0,december
2026-05-31 07:00:31,day,economics,60,0xe9514aa0b925353ea0d5e32978d636ec25ebde18,210.97580645699054,0.0,b2d0
2026-05-31 07:00:31,day,economics,61,0x919567f2466daf2627ae3582ef6a2502ad5772a4,198.57902926358202,2246.361803,winnipeg
2026-05-31 07:00:31,day,economics,62,0x11e128505e8060cb515b86c981f2f9817fe69577,194.89654084000108,0.0,paganiBroker
2026-05-31 07:00:31,day,economics,63,0x90d2a9148aecee066cbd4d3b64fa0e326fe3a6b3,190.37158708147354,382.436232,cockataile
2026-05-31 07:00:31,day,economics,64,0x7820259d8711598488f09617b900667d50225723,188.21982500000013,0.0,0x7820259D8711598488F09617b900667d50225723-1777400377626
2026-05-31 07:00:31,day,economics,65,0x334b261e6ab81287841c1e8c9326a149b8bfd971,184.96228706000034,0.0,treesanddreams
2026-05-31 07:00:31,day,economics,66,0x02e7f29f3e612a95a9ccca7131ce7dd5d56b59e5,184.64842808700632,0.0,CAR-GangVersion
2026-05-31 07:00:31,day,economics,67,0xce71bed9dd1418abc34d244730879d795e8683bc,181.8088841010176,0.0,tutrucks
2026-05-31 07:00:31,day,economics,68,0xdc4f08727c65afc4731b75cf1ed265666b7b4652,177.73324221852818,1371.2642819999999,third-eye
2026-05-31 07:00:31,day,economics,69,0x94cff0a688ca7b2e5b2602343c49bcd812123db3,173.41112166599487,0.0,Official-Market-Maker
2026-05-31 07:00:31,day,economics,70,0x00425c692a667981118f679ef68fdc775257321e,172.4905599999911,0.0,99problems123
2026-05-31 07:00:31,day,economics,71,0x75d389a9c6344423bc16b5a556b26f7438410343,167.0903833000002,0.0,luckylefty
2026-05-31 07:00:31,day,economics,72,0x453ae5e896ea243f332ed97c1c77bf2888ce81d2,162.19824654102752,4960.099999999999,5038813185
2026-05-31 07:00:31,day,economics,73,0x8ee5b555cd5d167720d16345f1bf13c50384ffa5,160.10000000000036,0.0,ww3prepper
2026-05-31 07:00:31,day,economics,74,0x4e4203102fd7bde55ce1bcf9f1ef222e251949ed,160.09040000000095,0.0,shingoWAKAYAMA
2026-05-31 07:00:31,day,economics,75,0xcb4c32ea10e917e5daac3710c64981aebdb66d64,151.4429781600047,0.0,52centis
2026-05-31 07:00:31,day,economics,76,0xf4f3476be6e5b2de3a7e1bc849ff4b047bef330d,150.00420244400448,0.0,nada
2026-05-31 07:00:31,day,economics,77,0x50396e4d9d11d38b0dcfd75280101a315f50946d,150.00173329999961,0.0,Barboncino
2026-05-31 07:00:31,day,economics,78,0xaf45b5821e7a31c1ab2a0378314f84c1c7cc8dd2,147.8126455800002,0.0,NateRiver88
2026-05-31 07:00:31,day,economics,79,0x26572868adcee0e5136dc8d33756e9879d0d42e6,147.42785634499978,0.0,0x26572868AdCeE0E5136dC8d33756e9879d0D42E6-1771354638297
2026-05-31 07:00:31,day,economics,80,0x9c987f84d18a4dd640909409b31212fbb805f4f4,145.59479308000027,0.0,Moonshot1019
2026-05-31 07:00:31,day,economics,81,0xcce2b7c71f21e358b8e5e797e586cbc03160d58b,145.07763806000003,0.0,xcnstrategy
2026-05-31 07:00:31,day,economics,82,0xd8cae792b3d84d6888080401423e973337287229,140.76499999999942,0.0,NihilisticMeerkat
2026-05-31 07:00:31,day,economics,83,0x6dc38952a7dc5c6063d71e84ad26919c6050f57e,140.28030849396146,5735.1416930000005,0x6Dc38952A7dC5c6063D71E84aD26919C6050F57e-1775410870880
2026-05-31 07:00:31,day,economics,84,0x508212fa8e10afce25025422161c15c68b8b049d,140.00700000000052,0.0,Rebecca-95
2026-05-31 07:00:31,day,economics,85,0x00d2ebb4da03856cf1a795bd2513b23260d7fb50,139.68889326247154,4198.346665,coolquail
2026-05-31 07:00:31,day,economics,86,0xa5e3044fd953605f9407d58c76e48fd75a394d7e,138.79056197862792,1550.24288,peepeepooppoop
2026-05-31 07:00:31,day,economics,87,0x5739ddf8672627ce076eff5f444610a250075f1a,138.65494250000017,0.0,hopedieslast
2026-05-31 07:00:31,day,economics,88,0xa8ae9f8f2a92cb27a73791bb816e65071ca38eb7,136.0014887899997,0.0,nellojello
2026-05-31 07:00:31,day,economics,89,0xb661ed6e6d3f76f1db9d0a6acf80b4bbe6ebaa83,135.24003723500027,0.0,lolilolkikoo
2026-05-31 07:00:31,day,economics,90,0x8b6b42aab3d96d71992b89bb705b6a456cacafd5,132.52528007300862,0.0,sunlc.ai
2026-05-31 07:00:31,day,economics,91,0x52750887b1960a6ee0d95979501d7a10dc86ea79,131.72904362099985,0.0,Whaddaheck
2026-05-31 07:00:31,day,economics,92,0xa9fe4929d4ea1525ca03bd0ff68ea1fbf9e7f135,130.6412245640022,0.0,novv25
2026-05-31 07:00:31,day,economics,93,0xcc033f89eb48f85ed62b727f0745bb651578d5c0,127.80092657350042,0.0,zhaoyk
2026-05-31 07:00:31,day,economics,94,0xa4bc3bbdac29e51c0c4f8485cd15e36d7478026c,126.85514795100053,0.0,IbnKhaldun
2026-05-31 07:00:31,day,economics,95,0x49bceb9fa38ae72bf16d645b12c9dc76c7348e3c,126.42168925000124,0.0,casituancui
2026-05-31 07:00:31,day,economics,96,0x2a0b006cc573c13f3ad65a313c4d04b79ef75721,123.72477251999953,0.0,67Shadow
2026-05-31 07:00:31,day,economics,97,0x2b9dd0a3ae93bf0d08ef733650bb9002160574f5,121.74472299900026,0.0,grinder456
2026-05-31 07:00:31,day,economics,98,0x2117ae94a97d69b78cbc81b6680a62deb1955c26,120.85999999999876,0.0,Zzzz87
2026-05-31 07:00:31,day,economics,99,0xfc915907cf315161de19dbd0390787bdb84931eb,120.38074000000097,0.0,
2026-05-31 07:00:31,day,economics,100,0x2fd4334d9f99d24da77b91fb075330a26e796be6,118.00010606000072,0.0,K3ir
2026-05-31 07:00:31,day,tech,1,0x96489abcb9f583d6835c8ef95ffc923d05a86825,14911.07076341618,126.5,anoin123
2026-05-31 07:00:31,day,tech,2,0xc682d7943aad07c246986a7aa2989cfcb17817bb,1268.5096243999997,0.0,zthunderfury
2026-05-31 07:00:31,day,tech,3,0xb10bf118b2a3c1cff0379a4134a82eb6d51e0b04,751.8624,0.0,0xB10bf118b2A3c1cfF0379a4134A82Eb6d51e0b04-1767216280668
2026-05-31 07:00:31,day,tech,4,0x6bab66c4bb24c96ed14dcca0f0979b38a6830fe5,736.3420966935009,1260.49,0x6bAB66c4BB24c96Ed14dccA0f0979B38a6830FE5-1760703674960
2026-05-31 07:00:31,day,tech,5,0x7018ba02d635bd8afc0fa8d0cb45d073cc7e98c2,490.31825863999984,0.0,cryptofund
2026-05-31 07:00:31,day,tech,6,0xb2f54cdd9981886970f2f1b41fe8b669d7192f29,369.6376916500001,0.0,anosrngoisndfno
2026-05-31 07:00:31,day,tech,7,0xc3262aeb0bd81deab067726635f5b5bd39201db1,369.2000704990005,50.0,X-Rabbit.Sezu
2026-05-31 07:00:31,day,tech,8,0x0c99e528d01b62a2ff9e9982e2913d2e935287cf,320.0101478400002,0.0,CloudCactus
2026-05-31 07:00:31,day,tech,9,0xfc7612db87dc5d3b234fb673eda2858f9de00ad0,298.5724000000009,0.0,lisra
2026-05-31 07:00:31,day,tech,10,0x0dba1031b49144fc304ceb51b1b4ffbf955371e9,286.2955793244987,0.0,Dzibra1998.
2026-05-31 07:00:31,day,tech,11,0xc8ab97a9089a9ff7e6ef0688e6e591a066946418,281.8241172363814,1607.466358,ArmageddonRewardsBilly
2026-05-31 07:00:31,day,tech,12,0x5666ffa1ca295ef3161f950547480a63115ac630,264.47473257200005,0.0,TulipoII
2026-05-31 07:00:31,day,tech,13,0xa532080a6b5e9d9790340c65f9e277a9aec2114b,263.5793334400005,0.0,deepy17
2026-05-31 07:00:31,day,tech,14,0x1ee9a5fc09665909c0cce297c581703bfbb9197f,262.9917953945002,0.0,vinii
2026-05-31 07:00:31,day,tech,15,0x9d4aea6f0609c6a77070c573d78679ba4d136cb1,244.85997488500038,0.0,ToyodaMan
2026-05-31 07:00:31,day,tech,16,0xb89f5425341719d298dc2f5b9a92374f5fde1c44,224.22688754989576,732.8,iusedtowritepoetryforaliving
2026-05-31 07:00:31,day,tech,17,0x027a422d069cde53d7ff6baf4ed3212d7a23ea13,218.42711200000005,0.0,LongBFIT
2026-05-31 07:00:31,day,tech,18,0x5fc788cd31bd484e9d873e3a77fbcfa6a023a9dd,213.89802019250033,0.0,Emphasis-Landscape
2026-05-31 07:00:31,day,tech,19,0x19167bff74cadaedf6dd31953a0fd79d86d3b8ed,207.67718066500038,0.0,datawitch
2026-05-31 07:00:31,day,tech,20,0xb5e1b01c57d80d7d36f54f831beae34c1b8d2cf4,194.63699999999994,0.0,0xb5E1B01c57d80d7D36F54F831bEAe34c1b8D2cf4-1766387453777
2026-05-31 07:00:31,day,tech,21,0xe639e41094bbeae18f3e6d1790c17299183f082a,169.13589760000013,0.0,0xe639e41094bbeae18g3e6d1790c17299183f082a
2026-05-31 07:00:31,day,tech,22,0xc9328e28eeb44978dbac9debb61ebc92931be6a5,161.90720344000007,0.0,Gladius7
2026-05-31 07:00:31,day,tech,23,0xc6393f5177345cf7b9d9f3fbb782fd72da00c5a2,160.3029210029997,0.0,HowToBasic
2026-05-31 07:00:31,day,tech,24,0x7845161180695b5741fa3d71f203eaaac497417b,146.79823993750028,0.0,Smart-bettor7
2026-05-31 07:00:31,day,tech,25,0x7226ece5c70d2d90cd49b29028a0dd657bcd834a,139.70738600000004,0.0,kernel.panic
2026-05-31 07:00:31,day,tech,26,0xe1b361d6a6f237b9ed7534d19b232df8369e1426,134.2392793050003,0.0,tja
2026-05-31 07:00:31,day,tech,27,0x2de5d6e235283148293f8b4fbf581e82b287d7a5,131.65580000000023,0.0,ta-koiss
2026-05-31 07:00:31,day,tech,28,0x73ecf6a30d3c6538cd931ec13c9ed6eba944f5bb,126.37137073650047,0.0,YakubianWarlord
2026-05-31 07:00:31,day,tech,29,0x169527179bbc4bd99288585fc39eb0e117bf2842,125.28436203399997,0.0,sakuralover
2026-05-31 07:00:31,day,tech,30,0x005585f3b58f2e81db4484e551fad474d8bade40,125.219084425,0.0,rnoansdiogan
2026-05-31 07:00:31,day,tech,31,0x5b242dc2ebe5eb233d019d17301fdd63618ff36a,123.89176043300017,0.0,Zenef
2026-05-31 07:00:31,day,tech,32,0x86e0596f41151defebdb73ed7c176d77a15fc394,122.91732200000001,0.0,DLMM
2026-05-31 07:00:31,day,tech,33,0x529d3986c62df484bf34400f655432c5703d6381,120.0292337600001,0.0,DeverNoom
2026-05-31 07:00:31,day,tech,34,0x3a8aa345d5db7ec5138298c8c4f4540259be7699,118.7945539500001,0.0,TheReturnOfDarthMaul
2026-05-31 07:00:31,day,tech,35,0x645a91730f588c5586e8860936a7e3554303fd84,113.70113048450497,33.668701,nobtc
2026-05-31 07:00:31,day,tech,36,0xf4baccff188321440a1ed01a5d5fd89c3e1f5933,112.25371328000028,0.0,Treadmilled
2026-05-31 07:00:31,day,tech,37,0xc354db331f52ef9af32a26464444249fb39ade11,108.24080000000006,0.0,dolmil
2026-05-31 07:00:31,day,tech,38,0xe5d6ef50c0d5cb526485050e61e1ffddbbfc8a40,105.58592968000005,0.0,Susmate
2026-05-31 07:00:31,day,tech,39,0xb3bd99454bfc2696c54dba999e7de40fb020f543,102.70666624000023,0.0,megafom
2026-05-31 07:00:31,day,tech,40,0x2a019dc0089ea8c6edbbafc8a7cc9ba77b4b6397,102.35907718999988,20043.08,aviato
2026-05-31 07:00:31,day,tech,41,0xe0f1e7751df4035f78a5eb2f4296c98b4d5bc4bd,99.61399170000004,0.0,CompulsiveGambler
2026-05-31 07:00:31,day,tech,42,0x31558694ba5b6e72e7f67a248807bf2cf74ef96e,99.55749000000003,0.0,njl90
2026-05-31 07:00:31,day,tech,43,0x0da462636b228293849aac34c18577244775edde,87.84725000000006,0.0,luish
2026-05-31 07:00:31,day,tech,44,0xacd468196b50248509834a7bca8e3044cb3ea98c,87.48928432000002,0.0,AltanaKay
2026-05-31 07:00:31,day,tech,45,0x4e4203102fd7bde55ce1bcf9f1ef222e251949ed,85.9757980400006,974.93,shingoWAKAYAMA
2026-05-31 07:00:31,day,tech,46,0xe542afd3881c4c330ba0ebbb603bb470b2ba0a37,81.01201049850033,0.0,leegunner
2026-05-31 07:00:31,day,tech,47,0x0aa6fe02a54b554e65230810ceb2d59941aeb38f,79.90277200000011,0.0,KingBlue
2026-05-31 07:00:31,day,tech,48,0x2fde7eb009fae68188e91278f5cc0b24ee9d2c33,79.47540672000014,0.0,kylebutler
2026-05-31 07:00:31,day,tech,49,0x93c3dd7c446cf36406c984c4b21a2f4aef4dbc02,79.20757880000008,0.0,0x93c3DD7C446CF36406c984C4B21A2f4aeF4Dbc02-1769623078000
2026-05-31 07:00:31,day,tech,50,0x3779b860139ba123b9c0d13c631bb9164575f61c,79.09543352000003,0.0,bare-dollar
2026-05-31 07:00:31,day,tech,51,0xddd85ddfa58784925990c16c9858ccd62e4ee6f7,78.35325024900521,0.0,Sreisz
2026-05-31 07:00:31,day,tech,52,0xf2aa8381a08ec33467fbcdd0843aa31cb8d521fb,78.11602500000026,0.0,rabbit007
2026-05-31 07:00:31,day,tech,53,0x743e49b6166314b444982ccbbd6f8eafb0fef405,78.09758304000013,0.0,0x743E49b6166314b444982CCbBd6F8EAFb0fEF405-1776699176804
2026-05-31 07:00:31,day,tech,54,0x09e672e5993de19f84fbd9a1cc2e298fdc5b24a1,77.4024304250006,1653.52,RIC25
2026-05-31 07:00:31,day,tech,55,0xcb14f61711d913773f4b982af340fa7eae175358,76.31701599999974,0.0,ooops
2026-05-31 07:00:31,day,tech,56,0x67482380b9d3266dcfee87abb8ae006c7cce151b,75.40737838549978,0.0,daddypapi
2026-05-31 07:00:31,day,tech,57,0xad87f6aeb9ab1aafa20dd4903e7f1ea261566a86,71.2661830300001,0.0,1lI
2026-05-31 07:00:31,day,tech,58,0x63c652270a37e53a170303b6b264a2aa835743a5,70.39841928000033,0.0,big-short
2026-05-31 07:00:31,day,tech,59,0x4dc2ce59c39f7ca8155c88e88a635f0034d60933,68.70242697499998,0.0,MechaHitlah
2026-05-31 07:00:31,day,tech,60,0x831597f1f6820789e2c0b3097275a5d7aed255cf,68.0,0.0,baishu
2026-05-31 07:00:31,day,tech,61,0xda63b03e953ee7c60962c6a46c1e12a78eb7b031,66.1693676215001,0.0,Michajlowski
2026-05-31 07:00:31,day,tech,62,0x11e829d2a19e7ade935861fb043715766a015b74,65.90304993499922,0.0,Justitia
2026-05-31 07:00:31,day,tech,63,0xbd0f6c867e2a852807ef8fcdd76d696053da48fd,64.94218144000013,0.0,FatSlag
2026-05-31 07:00:31,day,tech,64,0x6c439f2c136efab50b08cd8a52de3dfb070dfb9b,62.8832000000001,0.0,BlueBase-568
2026-05-31 07:00:31,day,tech,65,0x63850ce907044eac77fba13d59f263ade68093f2,61.79149971349989,0.0,Waterfall
2026-05-31 07:00:31,day,tech,66,0x506f3851ab75685ea3622bf4dd9d28cacadfe8bb,60.65886141000013,50.0,truthbeautyjustice
2026-05-31 07:00:31,day,tech,67,0x74265205409f048d6871b25df9d4fd8741463fae,58.961194720000094,0.0,0x74265205409f048D6871b25DF9d4fD8741463FAE-1778213352607
2026-05-31 07:00:31,day,tech,68,0x5a218c7ad04135830a45c41aaed7294df7809318,58.62797138514952,129.0,balthazar
2026-05-31 07:00:31,day,tech,69,0xbfe694c244b5e408eaf103cbf68b0aac12ee16f6,57.47476960000006,0.0,polymark
2026-05-31 07:00:31,day,tech,70,0x6e7bcbbcc24296e5138d51cd570cf43a3b2fbcbc,56.55475207999996,0.0,SumDumFuk
2026-05-31 07:00:31,day,tech,71,0xdb405a9ad581a23c68a32b5d5869d4ad5ae73612,53.95002524000006,0.0,DooBieZ
2026-05-31 07:00:31,day,tech,72,0xcc7cc758832741d13ad773e7074215922e354ce2,53.2161201725001,0.0,urakan
2026-05-31 07:00:31,day,tech,73,0xe7639669dbbd83865d47665ea127b0caf8bb007d,52.704098480000084,0.0,robertoteto6
2026-05-31 07:00:31,day,tech,74,0xa750f5b7dafe7ffc9107ecf345b792a1c6c30d0f,50.28729499999997,0.0,asakku
2026-05-31 07:00:31,day,tech,75,0x8cf4d3bd0f849bdd39ce68889259d9a584e65608,49.99933319999991,0.0,Waluig1
2026-05-31 07:00:31,day,tech,76,0x1c144e30f405a25f991cbd8baa15d40599090869,44.76364977499907,0.0,bernardbulletin
2026-05-31 07:00:31,day,tech,77,0xe9b9d1a794f7400bfeb6b4eb152602cd25ee2798,44.20880000000005,0.0,MaryLOUmc
2026-05-31 07:00:31,day,tech,78,0x1d0c5ced6459c59f4e4ab3e34619873c8b6d39a7,43.77018625000005,0.0,Aniallator114
2026-05-31 07:00:31,day,tech,79,0xb7e1b2c157ac2132e7131a6e88b54245525c8c19,43.03020161149993,0.0,PaulAtreides
2026-05-31 07:00:31,day,tech,80,0x02981ea7473e0a7ef143b5144f004165284c5cdc,42.87850000000003,0.0,bimbumbap22
2026-05-31 07:00:31,day,tech,81,0x8bc97bfd0c92aeb98dd4510bee0e3a1122d8a4df,42.87149080000006,0.0,
2026-05-31 07:00:31,day,tech,82,0x68d1b156197fc516c56fc95d325b3716322c3c4d,41.12384846182067,2990.6625599999998,aikko
2026-05-31 07:00:31,day,tech,83,0x5230808b454d42128b349d60ec128776370f8132,40.28938769700005,0.0,FrontierPsychiatrist
2026-05-31 07:00:31,day,tech,84,0x28b291aa82da13e1d58993873806c92908d5eb4f,40.16764099960483,100.0,libratus1
2026-05-31 07:00:31,day,tech,85,0xd9b5455d1ee240ce157787b87ff2e0a60f639db1,40.11921537549989,790.0,0xd9b5455d1ee240ce157787b87ff2e0a60f639db1-1759024898621
2026-05-31 07:00:31,day,tech,86,0x606ffc68a29ebf92f9dc1d041fec5d0127571083,39.99973320000004,0.0,0x606fFc68a29eBf92F9dc1d041FeC5d0127571083-1769265164411
2026-05-31 07:00:31,day,tech,87,0xb03e9b1a6632e4018639a24ba89f7b62e09c1091,38.77777923901907,6.614956,PUERTOVALLERTA452
2026-05-31 07:00:31,day,tech,88,0xe8ac7bec23b173e07ec5441cf844d4426fbc4abb,38.13692320000008,0.0,tougua
2026-05-31 07:00:31,day,tech,89,0xcc792a28d90f3c5d8fe91e48a184913a65031c2a,37.999640960000306,0.0,enrico-vasaio
2026-05-31 07:00:31,day,tech,90,0xd0bd69c97d346fc7a4b9ee9e024f73ce48ace598,37.60000000000002,0.0,JordanBelfortion
2026-05-31 07:00:31,day,tech,91,0xe8dd7741ccb12350957ec71e9ee332e0d1e6ec86,35.99844779599334,0.0,influenz.eth
2026-05-31 07:00:31,day,tech,92,0x60fc80c41e2b2b215506d2e47215aceb03a5a72f,35.97999999999999,0.0,gammasq
2026-05-31 07:00:31,day,tech,93,0xa834aeb9e5e55f4924e8137b09996404bd3071ae,35.96943203000012,0.0,Lapinot
2026-05-31 07:00:31,day,tech,94,0xda36765455d7af3909e8b40a27a76d394a5c0911,35.66496160000003,0.0,coolcapidog2
2026-05-31 07:00:31,day,tech,95,0x7e3a9cad1647a363f209cf86a02dd1b8a7784e8a,34.977033604499994,0.0,0x7e3a9cAd1647A363f209cF86a02dD1B8a7784E8a-1776338780263
2026-05-31 07:00:31,day,tech,96,0x4f23a0976493be385412ce9a6b93841ee2c090db,34.562317994998125,0.0,Hiworld.
2026-05-31 07:00:31,day,tech,97,0x2c1a7a67e6f71bd61a616841f54ae0df8e8d42d8,33.19488437799987,0.0,rocky42015
2026-05-31 07:00:31,day,tech,98,0x03805a13a0b3e058f55f6c6af95389d4f431073d,32.73245255059942,790.03,donthackme
2026-05-31 07:00:31,day,tech,99,0x295347a4c2c1c42d72a614eaf7055c646a462ed5,31.999631840000063,0.0,squirtdirty
2026-05-31 07:00:31,day,tech,100,0xdf6fb75bbe381c8d5b79b59f95b805934076faf3,31.982562080000037,0.0,Febux
