timestamp,timeframe,category,rank,address,pnl,volume,userName
2026-06-19 08:34:38,day,overall,1,0xbc11a64ab34a03a043fbe80598fa065ee87eeec6,911664.7877245792,4165556.4816959985,frostrizz
2026-06-19 08:34:38,day,overall,2,0xd1c537b2a7cba8d365e111bffb9de7b205e2cbd0,709803.7981043678,1714261.7655119998,weatherman12
2026-06-19 08:34:38,day,overall,3,0x204f72f35326db932158cba6adff0b9a1da95e14,558388.8284925651,4594564.682619,swisstony
2026-06-19 08:34:38,day,overall,4,0x8cb4ca5af7d9361322340bb307a828d288c91057,525000.0,0.0,
2026-06-19 08:34:38,day,overall,5,0x53bed12209c83a8fe4d4d247aa91caba7277456a,516424.83471790375,2368887.452703,nutmegger
2026-06-19 08:34:38,day,overall,6,0x4c6a21c3c9ba8a4c0a79abe7b32b204cfe150f47,472500.0,0.0,
2026-06-19 08:34:38,day,overall,7,0x9f2fe025f84839ca81dd8e0338892605702d2ca8,459729.5398604879,2460656.0452350006,surfandturf
2026-06-19 08:34:38,day,overall,8,0x84cfffc3f16dcc353094de30d4a45226eccd2f63,414276.4810245986,3416632.1669710004,mooseborzoi
2026-06-19 08:34:38,day,overall,9,0x2a69660046d7acc4ab204d7cc5ba78b0776cd2f7,179395.67143312574,623880.1819160002,UpTheBlues
2026-06-19 08:34:38,day,overall,10,0xe2dd72d7ca976e65495d75b8a16ba9eda62b4a23,158999.86305000004,299999.741604,
2026-06-19 08:34:38,day,overall,11,0xcfb69f94b3764e75228515ad9d169570d5f906da,152063.99538278265,0.0,athelstan
2026-06-19 08:34:38,day,overall,12,0xc430e5b17128df7ce78d69fa28bc7de038641ebf,143523.05161273998,0.0,Gourmet1
2026-06-19 08:34:38,day,overall,13,0x4f29e103339919c4baaea2a60195cf1c8bb27a7e,137504.37901968695,1147453.5556259998,0x4f2
2026-06-19 08:34:38,day,overall,14,0x39d3c773be30fcc73161fc6768f46d563a779ef0,134627.37168606732,57742.73408899999,matanovik
2026-06-19 08:34:38,day,overall,15,0x28059b3fb7af7ed76d83dc9121bbb72ec7cf76ed,114701.9422881,99223.25726500001,RISK-IS-NEVER-OK
2026-06-19 08:34:38,day,overall,16,0x2005d16a84ceefa912d4e380cd32e7ff827875ea,106883.68687056191,2111862.784512,RN1
2026-06-19 08:34:38,day,overall,17,0x4ab9b54427ec4b7f3646b1a0ef1bed73bc708ebe,102266.86937,0.0,RWCS
2026-06-19 08:34:38,day,overall,18,0x6c3aae17140c5e3cde62380daaa323e38575c459,100287.227136,0.0,AvrahamEisenberg - 10161
2026-06-19 08:34:38,day,overall,19,0xaa075924e1dc7cff3b9fab67401126338c4d2125,98462.74553383759,92114.69936399999,rustin
2026-06-19 08:34:38,day,overall,20,0xa8cf2ed8751f4e58ad039e1b68a8b58b4395031f,85547.41699299996,0.0,
2026-06-19 08:34:38,day,overall,21,0x89dd49bf87c41be422927372a0b75c6ab577f662,81552.95057240792,383554.2243259999,0x8139E8F571eb4372ecc8498771f6a319Cb5bBe43-1767828467116
2026-06-19 08:34:38,day,overall,22,0x9703676286b93c2eca71ca96e8757104519a69c2,74796.5417243152,362197.22627099993,AnonymousUsername
2026-06-19 08:34:38,day,overall,23,0xdbade4c82fb72780a0db9a38f821d8671aba9c95,69050.83072094596,24743.113182,SwissMiss
2026-06-19 08:34:38,day,overall,24,0x37e053beabee77acc15e641dfe8e395b2b2d024e,67093.84288368294,661542.8801710001,ChinesePro
2026-06-19 08:34:38,day,overall,25,0x74471a007ddcc488f6d57b5e86dfb35a8d48a16d,65694.14717485722,244697.67682100003,tetrose
2026-06-19 08:34:38,day,overall,26,0x92ee6583b495d71a33cc9b73f4f7ddf8ff8f90e6,61030.917727510365,40736.635424,iamnotaloser
2026-06-19 08:34:38,day,overall,27,0xc97485a44146b5db0b8b121358f57cf297cdb33b,59312.41268017498,30936.725387000002,lu1zzz
2026-06-19 08:34:38,day,overall,28,0x5739ddf8672627ce076eff5f444610a250075f1a,53361.22312047348,6999.99,hopedieslast
2026-06-19 08:34:38,day,overall,29,0x53757615de1c42b83f893b79d4241a009dc2aeea,53126.7149714692,497700.404108,
2026-06-19 08:34:38,day,overall,30,0x3d8a89a20aa73fba0f30d080e8120de9f9555724,50768.65829263802,0.0,Poyo
2026-06-19 08:34:38,day,overall,31,0x412fe1a101554f0b382181c3af932e4b2d8030fa,47728.45469216717,74442.82447099999,GrizzliesSuck
2026-06-19 08:34:38,day,overall,32,0x23d81ba9371e576015c1e562db09c689f56b0288,45572.35072477817,144792.682663,flawfence
2026-06-19 08:34:38,day,overall,33,0x160db9bb5bf012f21251a74737093bcdc36f5295,43031.02822049696,146106.22,JESUSCHRISTISGOD
2026-06-19 08:34:38,day,overall,34,0x32b484581fc5606de9c1e43af4636b6be9bc8b21,42904.5773445243,743502.2296209999,0x32b484581fc5606dE9C1e43AF4636b6Be9BC8B21-1774274303653
2026-06-19 08:34:38,day,overall,35,0x4bff30af91642dc7d2b19a8664378fe55c45fc26,41880.851010920014,124632.83000000002,Sassy-Bucket
2026-06-19 08:34:38,day,overall,36,0x0c0e270cf879583d6a0142fc817e05b768d0434e,39133.486002029626,118577.98566399999,The Spirit of Ukraine>UMA
2026-06-19 08:34:38,day,overall,37,0xbd0477e08d82d35a855ff19644a88a9213d8fbb0,36159.1775339736,42145.30735,yuhyuhyuhy352352
2026-06-19 08:34:38,day,overall,38,0xee0bcf86a719c9c1023906718034cca17498e6d4,36006.68693175202,31562.209971,retriscavadeira
2026-06-19 08:34:38,day,overall,39,0x9854aeab8b073c34ab7643f3e8aa316f3b616bf2,33068.7321354737,0.0,ygggg1
2026-06-19 08:34:38,day,overall,40,0x987b441a20dd4aa4ba6d53069e852e7f820adf43,31507.51168021653,0.0,lighthousefamily
2026-06-19 08:34:38,day,overall,41,0xa66c59e25b7efe25bb7bdeb25227c998da4bcd67,30098.555443633155,48906.874062,trillionaire
2026-06-19 08:34:38,day,overall,42,0xc29198ad764bd6adaf7bb971a3757a689ece5d74,28841.2126156128,195870.636983,SnakeBall
2026-06-19 08:34:38,day,overall,43,0x087d5d7939d4757a4eb508c67028073eb900b872,28510.779392289987,0.0,bambambole
2026-06-19 08:34:38,day,overall,44,0xe5241830e8876c115d7dc8311ad9f43d85fdd34f,27559.94818137004,51999.902229,Sportbetting76
2026-06-19 08:34:38,day,overall,45,0x0f35109cc3ceaf729609c3109310791bd616c84a,27254.641564000005,0.0,
2026-06-19 08:34:38,day,overall,46,0xdd882a70680633a75516f6ed5fce443e2d96dadb,26417.919102259068,3999.933316,MeiGuNiuBi
2026-06-19 08:34:38,day,overall,47,0x36a74fda8204b1e1680b8512613b0b520f7eb6e9,26389.491549666396,39758.442665,nerongod
2026-06-19 08:34:38,day,overall,48,0x42477970683d4d0a52ec7082fee5d760cc5591c4,24475.139466182005,99500.43919100001,
2026-06-19 08:34:38,day,overall,49,0x182bd8bf2f11a572c4ec686aae3a0d919adcf3d3,24248.634859501853,0.0,peoplearestrange
2026-06-19 08:34:38,day,overall,50,0x503865a8b7d6310e882c12717cd4584b3a916236,23926.751793521988,1462.0,gpkashka
2026-06-19 08:34:38,day,overall,51,0xab3e081fcc4bb22918312e0ac3662cfda137de25,23912.57883955247,18863.260000000002,keepmyheadup
2026-06-19 08:34:38,day,overall,52,0x782186952ef2ca75ea91c95aef25bbdcffb4bb1a,23607.800415098933,0.0,thif - 33063
2026-06-19 08:34:38,day,overall,53,0x510904c9a58f5c5ad799a1b44947077564175e9c,23391.208892938466,0.0,Logan.
2026-06-19 08:34:38,day,overall,54,0x224f7ef690d952cf551a471846d5afb4892e514a,23240.10556835989,49243.28888600001,jemesaoulviens
2026-06-19 08:34:38,day,overall,55,0x62ca7dc910876e188a3418b47df31091c62c1760,22987.084625251875,19750.831206000003,0x62Ca7dc910876e188A3418B47df31091c62C1760-1769898657486
2026-06-19 08:34:38,day,overall,56,0xef1bfe068ea3eb4c357d95805baf1050fd528697,22598.674637878976,49654.934971999995,devilbanker
2026-06-19 08:34:38,day,overall,57,0x5235578efe24555b0c98e7dc10a902b09089c04a,22574.316135122033,0.0,back-in-whack
2026-06-19 08:34:38,day,overall,58,0xa41f7bc26abf650aee09f00481c62797e1c1c0f7,21474.670098537343,128296.993911,qwertyjack
2026-06-19 08:34:38,day,overall,59,0xa309f903dbbd559e87d8d368834b8e41355c4cf2,21382.489760352997,0.0,dlkf
2026-06-19 08:34:38,day,overall,60,0x69d57cfa1abed351049d0d8de541b33635ce7767,20974.09838323358,38499.786962000006,phantomsc
2026-06-19 08:34:38,day,overall,61,0x924379a79c64b77ad5816ad362122a5f6228658e,20674.1508596685,0.0,Kch-Temp
2026-06-19 08:34:38,day,overall,62,0x6e4b8009426dd540f27797ffc326188c223b3c6d,20020.96906162651,0.0,Phantom69
2026-06-19 08:34:38,day,overall,63,0x1bc8b6519eb646dab62ac7be5b55920f5bb72f68,19802.06228617964,1796.99,V1back
2026-06-19 08:34:38,day,overall,64,0x356114962890a4739f8a56f166da988e43c2996c,19475.017567180003,69795.91,
2026-06-19 08:34:38,day,overall,65,0x64e93f87d8a0c1b2cde6f20d71f211372a95eb4c,19091.71538359499,19999.807717000003,oudine2
2026-06-19 08:34:38,day,overall,66,0x32ed517a571c01b6e9adecf61ba81ca48ff2f960,18367.485191440202,14510.729272999999,sportmaster777
2026-06-19 08:34:38,day,overall,67,0x95b198f900d19a80d3d7e47b7b17708af254f9ac,18124.591877,0.0,thepicklebomber - 3805
2026-06-19 08:34:38,day,overall,68,0x1e1f17412069c0736adfaadf8ee7f46e5612c855,17797.261542862787,24423.401885,Brokie
2026-06-19 08:34:38,day,overall,69,0xa022ba0a68e11a78348382ff168601012d4d77f8,17794.507104350152,0.0,yungstalin
2026-06-19 08:34:38,day,overall,70,0x8fbb3c32496d4bcff8f456c3342f90edaaa09a17,17789.624999999884,0.0,diooson
2026-06-19 08:34:38,day,overall,71,0xc8ab97a9089a9ff7e6ef0688e6e591a066946418,17498.67204418006,630449.3178240001,ArmageddonRewardsBilly
2026-06-19 08:34:38,day,overall,72,0x7923d4ff806b231b3276592391de5d0953356c0b,17455.808078261016,49959.929346000004,JambonMogettes
2026-06-19 08:34:38,day,overall,73,0xc6dd722558dbfbd8fa780efcbe819ed8c6604b9f,16671.75494927321,87879.626635,tourists
2026-06-19 08:34:38,day,overall,74,0x1171000d0ff07da7f2bcb5a129a4324a0d9f98dc,16635.900446956824,34720.847729999994,wiswww
2026-06-19 08:34:38,day,overall,75,0xdbdd45150249e229eb4ca8aa48a30dca21faa5de,16167.248326679954,43485.16306800001,0xdbdd45150249e229eB4cA8aa48A30Dca21Faa5de-1757094771846
2026-06-19 08:34:38,day,overall,76,0xe4d6b67b76916d069a0a25b63df71e835cf0308a,16083.649299999997,39621.11,0xe4D6B67b76916d069a0A25B63DF71e835CF0308a-1779532052234
2026-06-19 08:34:38,day,overall,77,0xb8b44e3cc9e0962982e3c8bf444b6a7411f51f6e,15900.829659144081,3496.2,MonacoLover
2026-06-19 08:34:38,day,overall,78,0x714a685b5454ea4d52979563bbafa77b8168ab2f,15722.493963253002,0.0,pada
2026-06-19 08:34:38,day,overall,79,0x2d7be5170a8026c18709eaea1027c7f12e8ce2ce,15695.096826754976,0.0,caicai888888
2026-06-19 08:34:38,day,overall,80,0x1117eade222413335b7ec959e5b48c1d3dbc3532,15679.184810828652,0.0,benwyatt
2026-06-19 08:34:38,day,overall,81,0xfc2f4f50ce2f6045d35558a5e2d8d4b2ac6610c7,15332.356160326044,210387.99558499997,0xFc2F4f50ce2F6045d35558A5E2D8d4b2aC6610c7-1769097007451
2026-06-19 08:34:38,day,overall,82,0x27f738fe203827445690339104aae35b20bc44b0,15172.35940858505,23152.0,ic4cream
2026-06-19 08:34:38,day,overall,83,0x7fb23b0d330ea4ac4f3cecce1eb81fb0bfb3ed4b,14768.168524999995,0.0,
2026-06-19 08:34:38,day,overall,84,0x6a32a31f2b28c31c016c6a222f2942240d8d0086,14620.11031028864,40451.01306399999,0x6A32A31F2B28c31c016C6A222f2942240d8D0086-1756820952447
2026-06-19 08:34:38,day,overall,85,0x29ccb2084a5a42861291107ce745dd344d3f3c29,14332.284448235427,26258.021249,Wiredss
2026-06-19 08:34:38,day,overall,86,0xf7f0b0b1e9c0fe02ccad926916ee31aef74b912c,14306.69902531882,34850.903769,wapol
2026-06-19 08:34:38,day,overall,87,0x4f70929ba287ac85dc2431c85382ccd9e6b0d185,14234.245540373951,0.0,Lance Uppercut
2026-06-19 08:34:38,day,overall,88,0x6bef0a2c81a9812a34648ae47d800920c79c5e49,14187.269800259244,1570.0,homag
2026-06-19 08:34:38,day,overall,89,0x17e313bb9173febb23c865a2ef8a4e8e0eaf9ba5,14117.242390440004,0.0,hymolu
2026-06-19 08:34:38,day,overall,90,0xd1b796968d8acc1a7f1a0929108cb1cad2a6fdf1,14093.13726249225,96473.60709,0xD1B796968d8aCc1A7F1A0929108cB1CAd2a6fDF1-1781843707729
2026-06-19 08:34:38,day,overall,91,0xa7715a969f35fea826258fc7b7ce4c95fdf642d1,13755.64068233849,0.0,VICTORMAX77
2026-06-19 08:34:38,day,overall,92,0x26b46988d027c6c03cfa12a7c0c6d778be49b8a9,13639.249445231486,50935.015977999996,kkookkoo
2026-06-19 08:34:38,day,overall,93,0x2797c48e4369d677fe2b8d8518252a7886abaec6,13542.52918652,0.0,infaa
2026-06-19 08:34:38,day,overall,94,0xa0c0b34875fd8b305231ceb0e7ef068d166f1bed,13468.982737535764,4499.979625,BLN030
2026-06-19 08:34:38,day,overall,95,0x15ae79d7cd60b2a7f06ae46eb4c7a0eb16096ffd,13228.384830000005,0.0,humiliating piglet
2026-06-19 08:34:38,day,overall,96,0xf66166919d7d7afc3406d2dd36dd954a2f822259,13201.985060687031,0.0,suvorov
2026-06-19 08:34:38,day,overall,97,0x510b2a6a6b82e6041103b08fe010775516b0795b,13140.976441179719,11096.907118,finfinthecaklit
2026-06-19 08:34:38,day,overall,98,0xa697d0b3fff7d285a0f92d6ee03a7f97809e59d5,13103.263666673043,189089.097196,0xa697d0b3FFf7D285a0F92d6Ee03a7f97809E59d5-1774326306031
2026-06-19 08:34:38,day,overall,99,0xbde33ac3839672f1bd3fecfc0271ad95f07c4a49,13056.336655546198,29922.648720000005,213546566
2026-06-19 08:34:38,day,overall,100,0x79ae097215202b5d01f98e4479fb219102469a4a,12841.862379960468,12432.170474999999,CORGI8
2026-06-19 08:34:38,day,politics,1,0x74471a007ddcc488f6d57b5e86dfb35a8d48a16d,76057.96690086921,244697.676821,tetrose
2026-06-19 08:34:38,day,politics,2,0x5739ddf8672627ce076eff5f444610a250075f1a,50645.78554517348,6999.99,hopedieslast
2026-06-19 08:34:38,day,politics,3,0xbd0477e08d82d35a855ff19644a88a9213d8fbb0,36070.089509553596,42145.30735,yuhyuhyuhy352352
2026-06-19 08:34:38,day,politics,4,0xa022ba0a68e11a78348382ff168601012d4d77f8,33597.30054161465,0.0,yungstalin
2026-06-19 08:34:38,day,politics,5,0x510904c9a58f5c5ad799a1b44947077564175e9c,23433.222099795414,0.0,Logan.
2026-06-19 08:34:38,day,politics,6,0x6e4b8009426dd540f27797ffc326188c223b3c6d,20020.969097320012,0.0,Phantom69
2026-06-19 08:34:38,day,politics,7,0xc8ab97a9089a9ff7e6ef0688e6e591a066946418,19196.604605126107,298843.753506,ArmageddonRewardsBilly
2026-06-19 08:34:38,day,politics,8,0x1e1f17412069c0736adfaadf8ee7f46e5612c855,17892.16380228428,24423.401885,Brokie
2026-06-19 08:34:38,day,politics,9,0xb8b44e3cc9e0962982e3c8bf444b6a7411f51f6e,15585.905387824081,3496.2,MonacoLover
2026-06-19 08:34:38,day,politics,10,0xa7715a969f35fea826258fc7b7ce4c95fdf642d1,13755.641007618487,0.0,VICTORMAX77
2026-06-19 08:34:38,day,politics,11,0x9d84ce0306f8551e02efef1680475fc0f1dc1344,12354.255179222906,17229.070427999995,ImJustKen
2026-06-19 08:34:38,day,politics,12,0x60a92c8620846d81f5ea17b0564e0d4b7c545a71,12114.821025618876,51506.06540199999,paddaa
2026-06-19 08:34:38,day,politics,13,0xfc2f4f50ce2f6045d35558a5e2d8d4b2ac6610c7,12042.057013369573,81115.75290400001,0xFc2F4f50ce2F6045d35558A5E2D8d4b2aC6610c7-1769097007451
2026-06-19 08:34:38,day,politics,14,0x9592adb70397e9de67ba9abe6971e3f50fb7a7b8,11994.393976410065,52155.620308000005,trashpilot
2026-06-19 08:34:38,day,politics,15,0x6139c42e48cf190e67a0a85d492413b499336b7a,11710.397299372591,35719.412142,RememberAmalek
2026-06-19 08:34:38,day,politics,16,0x5969ad859ca21e7cad3acc3253199bac63f05bed,10549.646105376003,0.0,aaron107
2026-06-19 08:34:38,day,politics,17,0x40cfb29411d29f4fa0908f2a121297042cccd21d,9789.639934150327,25615.46743,whig
2026-06-19 08:34:38,day,politics,18,0xa3a417e434923aeaf97afe9a61b10ff9364e5106,9621.162578101415,303666.736187,0xC03cE4d8Af842Ca6251Ac57228B3Ffb166ed50A
2026-06-19 08:34:38,day,politics,19,0xb687f00464e33934f5d591f224e71c3559ecaee5,9611.738483120582,123770.415153,alwayslatetotheparty
2026-06-19 08:34:38,day,politics,20,0x94a428cfa4f84b264e01f70d93d02bc96cb36356,9488.187447261997,0.0,GCottrell93
2026-06-19 08:34:38,day,politics,21,0xaceaf91ad4e59b4663fa0a9b3913fa82d4848b97,9311.125020843998,10299.992771,sucuk-mit-ei
2026-06-19 08:34:38,day,politics,22,0x28ca4e9a04531f2eac0c2770f95db4e1c6a65d19,9039.006228462626,420.053931,DuneMentat
2026-06-19 08:34:38,day,politics,23,0x4a2be7a7e6e3b41dc2de00706b4c09660ca9af20,8661.709206676329,20058.523019999997,troim
2026-06-19 08:34:38,day,politics,24,0x448861155279dbf833d041b963e3ac854599e319,7168.184844354051,13494.489999999998,Flipadelphia
2026-06-19 08:34:38,day,politics,25,0x2e4d05beafd81a6e85bc0c6a94820d61ef34f703,7162.422098244002,0.0,woshiLimpeh
2026-06-19 08:34:38,day,politics,26,0xefcedda09b4f2224c856edbd9c41c1d6db124e4a,6923.830474907686,2731.499024,
2026-06-19 08:34:38,day,politics,27,0x22258d6f56b48b92bdd70f03e4cfca7b0b7624d1,6839.982716402998,0.0,y22
2026-06-19 08:34:38,day,politics,28,0xcc2620f9e3cb4498e8aea556764ec341357932ca,6835.618710872528,54631.11915299999,0x2785e7022dc20757108204b13c08cea8613b70a
2026-06-19 08:34:38,day,politics,29,0xde7be6d489bce070a959e0cb813128ae659b5f4b,6489.521342675202,9999.838152,wan123
2026-06-19 08:34:38,day,politics,30,0xc65e8816443985b1148f03b8aea249fb96861502,6225.513752261995,0.0,Cadabra
2026-06-19 08:34:38,day,politics,31,0xa8a9c7a2f1d8eca2c20b6dc58df52caa85cdbb81,6152.76162406981,256203.626082,98better
2026-06-19 08:34:38,day,politics,32,0x44c1dfe43260c94ed4f1d00de2e1f80fb113ebc1,6139.21052780631,130031.55072999999,aenews2
2026-06-19 08:34:38,day,politics,33,0xce71bed9dd1418abc34d244730879d795e8683bc,6129.331867599336,3000.0,tutrucks
2026-06-19 08:34:38,day,politics,34,0xba461de1e1482e50a3e1409dce6640f581ec16ce,5934.861843329997,0.0,ijioo
2026-06-19 08:34:38,day,politics,35,0x18c7cd41ec9c444ac97d738208efea0428c4b402,5739.374232779002,0.0,papa22
2026-06-19 08:34:38,day,politics,36,0x5a560d135484258aa509f6720d31c4ed24f0adab,5349.000612494019,0.0,Anon5566
2026-06-19 08:34:38,day,politics,37,0x3881ababc5e2bc1e6741a8b2690404426a19804e,5316.349265000001,0.0,crypto-b
2026-06-19 08:34:38,day,politics,38,0x6d16c33b540069f5aa0d9f705b0d759dec927228,5310.595772583003,0.0,slippy0
2026-06-19 08:34:38,day,politics,39,0x8085de9048a283f768f4a2789c8b4b5c2931ea17,5023.165203408722,2683.804626,G3M
2026-06-19 08:34:38,day,politics,40,0xcf19c420814435ffb1c459588208ed23a7ee6402,4988.878521112958,52528.01,PantheraUncia
2026-06-19 08:34:38,day,politics,41,0xa77105bb4d2d4d200b0133a2036222353831162d,4948.812124189208,288483.806708,pizzabillgates
2026-06-19 08:34:38,day,politics,42,0x4df332e27f9ee3224f52ce30e3ce15c1075e788f,4925.113825864675,4344.57,SunlineTicker
2026-06-19 08:34:38,day,politics,43,0xa7ce6905990451685b70082424ac9129418d6398,4911.736488860997,0.0,someone2026
2026-06-19 08:34:38,day,politics,44,0x17ed7dbfdcfe228016ac50571182f974d59ac087,4872.7910356280045,8641.95,0xfcb034ffesa540c89ad3732182f6e0c762feac86
2026-06-19 08:34:38,day,politics,45,0x645a91730f588c5586e8860936a7e3554303fd84,4813.065772481397,2510.7757319999996,nobtc
2026-06-19 08:34:38,day,politics,46,0x9f66aa958734d9d5af35f5f19a276d23e84f3a50,4799.7840467497845,11010.150798,MrMelonHead
2026-06-19 08:34:38,day,politics,47,0x8c57f67ac7cc69a4cf96be5747cb2ed63dc9f939,4724.9256684489665,0.0,mm4ker
2026-06-19 08:34:38,day,politics,48,0xe899b5ea69afb161da7a35597b6fe70398860899,4577.225993007189,22238.59,SlavaUkraini
2026-06-19 08:34:38,day,politics,49,0xcb01ca833ffd79a8c8e349c45aaff25ebce9ead3,4410.95179879,0.0,6089261455
2026-06-19 08:34:38,day,politics,50,0x2b865705f71b8607efda1b2a25e3736812be2dc8,4343.861213732998,0.0,Inhabit
2026-06-19 08:34:38,day,politics,51,0xcc2982e3fbbcaf9af9fa373fa3ae392fd9457774,4244.714919556485,10333.33,hose
2026-06-19 08:34:38,day,politics,52,0x3b4484b6c8cbfdaa383ba337ab3f0d71055e264e,4212.541376134177,33349.920206,0xf1434f7d6de30bfbbdfeadd075a1f40f
2026-06-19 08:34:38,day,politics,53,0x78ad03d27582cd1b5255d364ff8f093b6cf745cc,4202.855028929982,0.0,XVFlow
2026-06-19 08:34:38,day,politics,54,0xb48ef6deecd526c0974c35e1f7b5c3bbd12fa144,4109.132802703985,0.0,100x
2026-06-19 08:34:38,day,politics,55,0x8c80d213c0cbad777d06ee3f58f6ca4bc03102c3,4106.158518430078,0.0,SecondWindCapital
2026-06-19 08:34:38,day,politics,56,0xeff9837de49ff99f1a2e5f7fa03e27a07b3c05fd,3824.357395965999,10840.84,Archeroon
2026-06-19 08:34:38,day,politics,57,0x31c518f864d1394361fec967b3daa9093a86ede4,3808.3359940165064,0.0,BTCGambler247
2026-06-19 08:34:38,day,politics,58,0xc772be0a052081402b3a154584c3ec13cdba45f5,3764.915079334998,0.0,nextdayoff
2026-06-19 08:34:38,day,politics,59,0x25257a6a89dba93dd0c536b6279365632a4eb919,3758.9231545876537,2256.5625889999997,Trading4Fridge
2026-06-19 08:34:38,day,politics,60,0x6d9fc316c3b8377060a44b852ba664adbfd59790,3751.0884358788026,34738.508593,MEPP
2026-06-19 08:34:38,day,politics,61,0x4483c26cdf27496cf32fb244972fca3f9ee5c565,3638.681025502483,0.0,emoney
2026-06-19 08:34:38,day,politics,62,0x9b9e51ac142e1c4987145f2b9dc552319ba7ae15,3602.8323899999996,0.0,ujk
2026-06-19 08:34:38,day,politics,63,0x437c54031fa45db31ac75a0b7f2241bcc81edfa4,3592.6050397500003,0.0,dresden77
2026-06-19 08:34:38,day,politics,64,0x4da76bbf120899fc10fa6e0aad4bffdd19a7355e,3549.172316328535,0.0,degensruletheworld
2026-06-19 08:34:38,day,politics,65,0x136a5fc29dd939c9c2340a63bcab19c70fb688ee,3540.2243626971213,31428.92,FreeDiddy2028
2026-06-19 08:34:38,day,politics,66,0x7744bfd749a70020d16a1fcbac1d064761c9999e,3539.6551948609995,0.0,chungguskhan
2026-06-19 08:34:38,day,politics,67,0x7fd3fe6580b5b944e32701fdbba0c0ef4991e662,3355.5963554590053,0.0,7153649820
2026-06-19 08:34:38,day,politics,68,0x291009b2f0d6315b2db1431f5499e8d0841bd94d,3322.6077552210013,0.0,Gravitylost
2026-06-19 08:34:38,day,politics,69,0x853c37a959a5791b849e3f3225c7f5963746bd03,3263.9205291017424,11768.165063,WarriorPooh
2026-06-19 08:34:38,day,politics,70,0x92e53057ef2872722a53fe807245bd387e1defee,3161.7732314501045,1254.615143,GrokEnjoyer
2026-06-19 08:34:38,day,politics,71,0x797f96327e128ff4fbb1dee703b36f16f75aaa36,3156.056519687,283.24,Cobra.
2026-06-19 08:34:38,day,politics,72,0xa7d2119a2379311081df679641bc97f148a17c9e,3154.221974248003,0.0,SquigglyTrousers72888
2026-06-19 08:34:38,day,politics,73,0x0562e01b3c3e65bb93bf0de32f02cec238a79d66,3086.439233057492,0.0,iForgor
2026-06-19 08:34:38,day,politics,74,0xfaf98181c44636998a194aa7660bcae1b977f4c4,3063.598528599512,0.0,onekey02
2026-06-19 08:34:38,day,politics,75,0x6000bd089eafe43b6d58b44a590c5d6dd643f302,3053.74043863939,8148.512927,timmythewhale
2026-06-19 08:34:38,day,politics,76,0x7c6ad2c1e9a6a86c663cb95cc328330576f20b8c,2919.1133168211054,9175.877772,Imo7o
2026-06-19 08:34:38,day,politics,77,0xb4fc3b8dfa7e5966df6d7ed8932e87eb46aaa926,2876.0473322580274,14800.975019999998,endlesssss
2026-06-19 08:34:38,day,politics,78,0xc7e53ac4a7c76d6df8b794de2e7d0794265d2d3a,2808.507912623696,5347.841832,LiquidatedDegen
2026-06-19 08:34:38,day,politics,79,0xd8d5289c35124b5353f5a10a28b8cc29aec38935,2773.760264227363,10458.644439,D8D5289c35124b5353f5A10A28B8cC29aEC38935
2026-06-19 08:34:38,day,politics,80,0x15fdd6a159788bd7d382f5669a047ad0fcb2cc95,2753.189589999997,0.0,PolBandit
2026-06-19 08:34:38,day,politics,81,0x34ab676b682e8132484a1c041f2c67706f063eb5,2740.8323502918574,5405.544478999999,toutiege
2026-06-19 08:34:38,day,politics,82,0x850d81cf29cd29c218a6f1b4e57c80679495aae1,2674.5074084299995,0.0,Shark13
2026-06-19 08:34:38,day,politics,83,0x01a2db1db31c7505dbcfbf828b39e4c55919b1a0,2626.735673681502,0.0,dddad1
2026-06-19 08:34:38,day,politics,84,0x85b8b010ac6e24a23625621724a15513c80d6b6a,2614.832018640591,5213.917775,AJM96
2026-06-19 08:34:38,day,politics,85,0x0dd60a6ddeea6f93659789cac7af6a9d12835f62,2593.8428939886726,3500.0,SplendidAmadeus
2026-06-19 08:34:38,day,politics,86,0x1104d937f3635fc20f42d56c2855e72f0ec5002a,2591.7289621710897,14830.774177000001,conotocaurius
2026-06-19 08:34:38,day,politics,87,0x7ea7bcd658a253bfa78618a8e127cc73b54879ac,2523.2661450460146,0.0,Monopoly_Money
2026-06-19 08:34:38,day,politics,88,0x90ed5bffbffbfc344aa1195572d89719a398b5bc,2510.676514524006,0.0,failstober
2026-06-19 08:34:38,day,politics,89,0xd7f85d0eb0fe0732ca38d9107ad0d4d01b1289e4,2476.643814804498,0.0,tdrhrhhd
2026-06-19 08:34:38,day,politics,90,0x9def9524630e31ff90f884eed32c3eecfbf8d1a5,2401.800509125622,37126.531021,pbshine
2026-06-19 08:34:38,day,politics,91,0xe53312c6c15af508e0c31e2cfadbefddd399ab29,2396.3865516259993,0.0,WharfMan
2026-06-19 08:34:38,day,politics,92,0x86283633b8d8ee0c0d6db3ce4c7a23f811f56f0b,2354.023516469997,0.0,Katello
2026-06-19 08:34:38,day,politics,93,0x93521335308a270795daa9f073b5406938b12227,2352.5237154564966,20295.017093,peterfromfamilyguy
2026-06-19 08:34:38,day,politics,94,0xeb22f4735df6bd5d14e1b5fd10faefa7757d808a,2336.3434854756924,44086.646426,BigRabbit
2026-06-19 08:34:38,day,politics,95,0xc4d1a863e9cc45d02ba22d3a1ae9ba7822018ce8,2326.0833566172514,0.0,rdba
2026-06-19 08:34:38,day,politics,96,0x67ac9e1ad7d7e74ef0215d14fc8edb538e4fedf1,2295.7471627289997,0.0,ohati
2026-06-19 08:34:38,day,politics,97,0x2b9dbf4b6e0e11309a9d6d2a09b72f65f652adc0,2284.074167502502,19655.34,garnejota
2026-06-19 08:34:38,day,politics,98,0x9fdf4849c084484b5f1db7479c21db7a306d8029,2279.997983396999,0.0,escapingthemaze
2026-06-19 08:34:38,day,politics,99,0xdf17f4a8dd01a4cfa6fc3da323a2baee5f8697d1,2175.6855611827923,63978.46745599999,PatrocIus
2026-06-19 08:34:38,day,politics,100,0xb66582886125a2a2ea966f1ea60ea60b6ecabf8f,2100.0,0.0,Aeglos
2026-06-19 08:34:38,day,sports,1,0xbc11a64ab34a03a043fbe80598fa065ee87eeec6,911664.7877245792,4165556.4816959985,frostrizz
2026-06-19 08:34:38,day,sports,2,0xd1c537b2a7cba8d365e111bffb9de7b205e2cbd0,709803.7981043678,1714261.7655119998,weatherman12
2026-06-19 08:34:38,day,sports,3,0x204f72f35326db932158cba6adff0b9a1da95e14,558388.8284925409,4594564.682619,swisstony
2026-06-19 08:34:38,day,sports,4,0x8cb4ca5af7d9361322340bb307a828d288c91057,525000.0,0.0,
2026-06-19 08:34:38,day,sports,5,0x53bed12209c83a8fe4d4d247aa91caba7277456a,516424.8347179033,2368887.452703,nutmegger
2026-06-19 08:34:38,day,sports,6,0x4c6a21c3c9ba8a4c0a79abe7b32b204cfe150f47,472500.0,0.0,
2026-06-19 08:34:38,day,sports,7,0x9f2fe025f84839ca81dd8e0338892605702d2ca8,459729.5398604879,2460656.0452350006,surfandturf
2026-06-19 08:34:38,day,sports,8,0x84cfffc3f16dcc353094de30d4a45226eccd2f63,414866.2101724325,3410815.356971,mooseborzoi
2026-06-19 08:34:38,day,sports,9,0x2a69660046d7acc4ab204d7cc5ba78b0776cd2f7,179395.67143312574,623880.1819160002,UpTheBlues
2026-06-19 08:34:38,day,sports,10,0xe2dd72d7ca976e65495d75b8a16ba9eda62b4a23,158999.86305000004,299999.741604,
2026-06-19 08:34:38,day,sports,11,0xcfb69f94b3764e75228515ad9d169570d5f906da,152063.99538278254,0.0,athelstan
2026-06-19 08:34:38,day,sports,12,0xc430e5b17128df7ce78d69fa28bc7de038641ebf,143523.05161273998,0.0,Gourmet1
2026-06-19 08:34:38,day,sports,13,0x4f29e103339919c4baaea2a60195cf1c8bb27a7e,137504.37901968684,1147453.5556259998,0x4f2
2026-06-19 08:34:38,day,sports,14,0x39d3c773be30fcc73161fc6768f46d563a779ef0,134627.37168606755,57742.73408899999,matanovik
2026-06-19 08:34:38,day,sports,15,0x28059b3fb7af7ed76d83dc9121bbb72ec7cf76ed,114701.94228468447,99223.25726500001,RISK-IS-NEVER-OK
2026-06-19 08:34:38,day,sports,16,0x2005d16a84ceefa912d4e380cd32e7ff827875ea,106883.6868706327,2111862.784512,RN1
2026-06-19 08:34:38,day,sports,17,0xaa075924e1dc7cff3b9fab67401126338c4d2125,98462.74553383747,92114.69936399999,rustin
2026-06-19 08:34:38,day,sports,18,0x89dd49bf87c41be422927372a0b75c6ab577f662,81473.12085119425,382188.3684119999,0x8139E8F571eb4372ecc8498771f6a319Cb5bBe43-1767828467116
2026-06-19 08:34:38,day,sports,19,0x9703676286b93c2eca71ca96e8757104519a69c2,73280.16832957714,351697.648216,AnonymousUsername
2026-06-19 08:34:38,day,sports,20,0xdbade4c82fb72780a0db9a38f821d8671aba9c95,68247.60921039525,24743.113182,SwissMiss
2026-06-19 08:34:38,day,sports,21,0x37e053beabee77acc15e641dfe8e395b2b2d024e,67093.92672859156,661542.8801710001,ChinesePro
2026-06-19 08:34:38,day,sports,22,0x92ee6583b495d71a33cc9b73f4f7ddf8ff8f90e6,61030.917727510365,40736.635424,iamnotaloser
2026-06-19 08:34:38,day,sports,23,0xc97485a44146b5db0b8b121358f57cf297cdb33b,59312.4126801751,30936.725387000002,lu1zzz
2026-06-19 08:34:38,day,sports,24,0x23d81ba9371e576015c1e562db09c689f56b0288,59205.516906226054,144792.682663,flawfence
2026-06-19 08:34:38,day,sports,25,0x53757615de1c42b83f893b79d4241a009dc2aeea,53032.685576679185,486889.404108,
2026-06-19 08:34:38,day,sports,26,0x412fe1a101554f0b382181c3af932e4b2d8030fa,47728.45469216717,74442.82447099999,GrizzliesSuck
2026-06-19 08:34:38,day,sports,27,0x160db9bb5bf012f21251a74737093bcdc36f5295,43030.40570549696,146106.22,JESUSCHRISTISGOD
2026-06-19 08:34:38,day,sports,28,0x32b484581fc5606de9c1e43af4636b6be9bc8b21,42590.73770184873,743502.2296209999,0x32b484581fc5606dE9C1e43AF4636b6Be9BC8B21-1774274303653
2026-06-19 08:34:38,day,sports,29,0x4bff30af91642dc7d2b19a8664378fe55c45fc26,41880.851010920014,124632.83000000002,Sassy-Bucket
2026-06-19 08:34:38,day,sports,30,0xee0bcf86a719c9c1023906718034cca17498e6d4,36006.68693175202,31562.209971,retriscavadeira
2026-06-19 08:34:38,day,sports,31,0x9854aeab8b073c34ab7643f3e8aa316f3b616bf2,33268.73103736405,0.0,ygggg1
2026-06-19 08:34:38,day,sports,32,0x987b441a20dd4aa4ba6d53069e852e7f820adf43,31507.51168021653,0.0,lighthousefamily
2026-06-19 08:34:38,day,sports,33,0xa66c59e25b7efe25bb7bdeb25227c998da4bcd67,30098.555443633155,48906.874062,trillionaire
2026-06-19 08:34:38,day,sports,34,0xc29198ad764bd6adaf7bb971a3757a689ece5d74,28841.212615613505,195870.636983,SnakeBall
2026-06-19 08:34:38,day,sports,35,0x087d5d7939d4757a4eb508c67028073eb900b872,28510.779392289987,0.0,bambambole
2026-06-19 08:34:38,day,sports,36,0xe5241830e8876c115d7dc8311ad9f43d85fdd34f,27559.94818137004,51999.902229,Sportbetting76
2026-06-19 08:34:38,day,sports,37,0x36a74fda8204b1e1680b8512613b0b520f7eb6e9,26389.491549666396,39758.442665,nerongod
2026-06-19 08:34:38,day,sports,38,0xdd882a70680633a75516f6ed5fce443e2d96dadb,26307.119494543003,0.0,MeiGuNiuBi
2026-06-19 08:34:38,day,sports,39,0x42477970683d4d0a52ec7082fee5d760cc5591c4,24180.837458665308,97971.45113700001,
2026-06-19 08:34:38,day,sports,40,0x503865a8b7d6310e882c12717cd4584b3a916236,23926.751750249998,1462.0,gpkashka
2026-06-19 08:34:38,day,sports,41,0xab3e081fcc4bb22918312e0ac3662cfda137de25,23912.578839552465,18863.260000000002,keepmyheadup
2026-06-19 08:34:38,day,sports,42,0x224f7ef690d952cf551a471846d5afb4892e514a,23240.10556835989,49243.28888600001,jemesaoulviens
2026-06-19 08:34:38,day,sports,43,0x62ca7dc910876e188a3418b47df31091c62c1760,22987.084625251875,19750.831206000003,0x62Ca7dc910876e188A3418B47df31091c62C1760-1769898657486
2026-06-19 08:34:38,day,sports,44,0xef1bfe068ea3eb4c357d95805baf1050fd528697,21647.283380553876,46241.983641,devilbanker
2026-06-19 08:34:38,day,sports,45,0xa41f7bc26abf650aee09f00481c62797e1c1c0f7,21474.215057758745,128296.993911,qwertyjack
2026-06-19 08:34:38,day,sports,46,0x69d57cfa1abed351049d0d8de541b33635ce7767,20974.099403237582,38499.786962000006,phantomsc
2026-06-19 08:34:38,day,sports,47,0x924379a79c64b77ad5816ad362122a5f6228658e,20674.1508596685,0.0,Kch-Temp
2026-06-19 08:34:38,day,sports,48,0x1bc8b6519eb646dab62ac7be5b55920f5bb72f68,19802.06228617964,1796.99,V1back
2026-06-19 08:34:38,day,sports,49,0x356114962890a4739f8a56f166da988e43c2996c,19475.017567180003,69795.91,
2026-06-19 08:34:38,day,sports,50,0x64e93f87d8a0c1b2cde6f20d71f211372a95eb4c,19090.920478185493,19999.807717000003,oudine2
2026-06-19 08:34:38,day,sports,51,0x32ed517a571c01b6e9adecf61ba81ca48ff2f960,18367.77512443997,14510.729272999999,sportmaster777
2026-06-19 08:34:38,day,sports,52,0x8fbb3c32496d4bcff8f456c3342f90edaaa09a17,17789.624999999884,0.0,diooson
2026-06-19 08:34:38,day,sports,53,0x7923d4ff806b231b3276592391de5d0953356c0b,17455.808078261016,49959.929346000004,JambonMogettes
2026-06-19 08:34:38,day,sports,54,0x1171000d0ff07da7f2bcb5a129a4324a0d9f98dc,16635.900446956824,34720.847729999994,wiswww
2026-06-19 08:34:38,day,sports,55,0xe4d6b67b76916d069a0a25b63df71e835cf0308a,16083.649299999997,39621.11,0xe4D6B67b76916d069a0A25B63DF71e835CF0308a-1779532052234
2026-06-19 08:34:38,day,sports,56,0x2d7be5170a8026c18709eaea1027c7f12e8ce2ce,15695.09682675486,0.0,caicai888888
2026-06-19 08:34:38,day,sports,57,0x1117eade222413335b7ec959e5b48c1d3dbc3532,15679.18481082865,0.0,benwyatt
2026-06-19 08:34:38,day,sports,58,0x27f738fe203827445690339104aae35b20bc44b0,15172.35940858505,23152.0,ic4cream
2026-06-19 08:34:38,day,sports,59,0x6a32a31f2b28c31c016c6a222f2942240d8d0086,14620.110310288626,40451.01306399999,0x6A32A31F2B28c31c016C6A222f2942240d8D0086-1756820952447
2026-06-19 08:34:38,day,sports,60,0x29ccb2084a5a42861291107ce745dd344d3f3c29,14332.284448235427,26258.021249,Wiredss
2026-06-19 08:34:38,day,sports,61,0xf7f0b0b1e9c0fe02ccad926916ee31aef74b912c,14315.934318669402,34430.903769000004,wapol
2026-06-19 08:34:38,day,sports,62,0x6bef0a2c81a9812a34648ae47d800920c79c5e49,14187.269800089241,1570.0,homag
2026-06-19 08:34:38,day,sports,63,0x26b46988d027c6c03cfa12a7c0c6d778be49b8a9,13639.249445231515,50935.015977999996,kkookkoo
2026-06-19 08:34:38,day,sports,64,0x2797c48e4369d677fe2b8d8518252a7886abaec6,13542.52918652,0.0,infaa
2026-06-19 08:34:38,day,sports,65,0xa0c0b34875fd8b305231ceb0e7ef068d166f1bed,13468.982737535764,4499.979625,BLN030
2026-06-19 08:34:38,day,sports,66,0x510b2a6a6b82e6041103b08fe010775516b0795b,13140.53444117972,11096.907118,finfinthecaklit
2026-06-19 08:34:38,day,sports,67,0xa697d0b3fff7d285a0f92d6ee03a7f97809e59d5,13088.924448673031,188471.09719599993,0xa697d0b3FFf7D285a0F92d6Ee03a7f97809E59d5-1774326306031
2026-06-19 08:34:38,day,sports,68,0xbde33ac3839672f1bd3fecfc0271ad95f07c4a49,13046.558666025041,29332.834437000005,213546566
2026-06-19 08:34:38,day,sports,69,0xdbdd45150249e229eb4ca8aa48a30dca21faa5de,12866.004567227094,29911.18380900001,0xdbdd45150249e229eB4cA8aa48A30Dca21Faa5de-1757094771846
2026-06-19 08:34:38,day,sports,70,0x79ae097215202b5d01f98e4479fb219102469a4a,12841.86237996048,12432.170474999999,CORGI8
2026-06-19 08:34:38,day,sports,71,0xa7a4d7ab9515cc80d5401cf69ea71590deb4e371,12375.0,22500.0,kokotus
2026-06-19 08:34:38,day,sports,72,0x108def0c668dd55082afcaa03ccc3d02df5cb85d,12364.771639999988,0.0,0x108dEF0C668dd55082AFcaa03CCC3D02Df5cb85D-1765118750975
2026-06-19 08:34:38,day,sports,73,0x084425dedaa0a4d92164adb33b294005518df46a,12253.26705396314,22151.226543,ripplecs
2026-06-19 08:34:38,day,sports,74,0xee00ba338c59557141789b127927a55f5cc5cea1,11892.064837098587,22521.905594,S-Works
2026-06-19 08:34:38,day,sports,75,0xbca08c1bc204a34f2fddbe47b438b9bd42ac9705,11734.681212818716,54872.863691,bananawoin
2026-06-19 08:34:38,day,sports,76,0x5a662a1262a1d9d0dab767909b64620150d4dcc2,11711.44352844809,113690.468092,0x5a662a1262A1d9D0dAb767909B64620150D4dcc2-1776749850535
2026-06-19 08:34:38,day,sports,77,0x38f0b76ed812c24166a4f6293f991ac4b9972768,11599.249565549428,39716.865101,Ringgo8899
2026-06-19 08:34:38,day,sports,78,0x22ed3d438a22d7f036dc35403b26ebab61ed002b,11158.726462429997,0.0,Pesssiii
2026-06-19 08:34:38,day,sports,79,0xf5592765133941c40c77e52bc56bbe7ec167f462,10937.500002212008,0.0,0xf5592765133941c40C77e52Bc56bbe7EC167F462-1755612447740
2026-06-19 08:34:38,day,sports,80,0x74f1b8944c7b10f7239e3dda0de6b8ee42e816a8,10819.866522427998,489.45000000000005,probability
2026-06-19 08:34:38,day,sports,81,0xca97f5464912ba0308bd40c095bea215980849f6,10775.285874797788,43173.191015000004,SportsANDPrices
2026-06-19 08:34:38,day,sports,82,0x97860d01437050da6cf9552266a157b190344c55,10770.089282525645,0.0,Anonymous11267
2026-06-19 08:34:38,day,sports,83,0x99129621844835c6c07d943f951010af1eda5d4a,10695.2070108389,104923.96889700001,0x99129621844835c6C07D943f951010AF1eda5d4A-1781607262723
2026-06-19 08:34:38,day,sports,84,0x99f0d31fdced5b3a0e5ee2867730a6644a6c9495,10683.037146312614,49483.16035300001,0x99F0d31fdced5B3A0e5Ee2867730A6644a6C9495-1779037126382
2026-06-19 08:34:38,day,sports,85,0x7bc14171ccb0d3e6bac219ec6a76211826e28db4,10582.462036199995,0.0,coali10
2026-06-19 08:34:38,day,sports,86,0xe987c520c086cf3930b0d163067b5470ba0ff0e1,10576.097273872998,44528.517673999995,0xe987c520c086Cf3930b0d163067B5470ba0FF0E1-1780518901092
2026-06-19 08:34:38,day,sports,87,0xc41d736bded9ed1accd6a44235039266219774fd,10386.750510935439,496898.7702019999,0xC41D736bDed9ED1acCD6A44235039266219774fD-1777101352681
2026-06-19 08:34:38,day,sports,88,0x9106cf79b02f85d8f1e546802ed916648f44afcb,10070.233704553677,122100.67501400001,su281
2026-06-19 08:34:38,day,sports,89,0xbc43c8bfbc4d77c2fc9011adad38ba43b88996d3,10065.265077133517,337969.3310170001,0xBc43c8bfBC4d77c2FC9011adaD38Ba43b88996d3-1765231687816
2026-06-19 08:34:38,day,sports,90,0x2117ae94a97d69b78cbc81b6680a62deb1955c26,9884.502842361791,334533.659456,Zzzz87
2026-06-19 08:34:38,day,sports,91,0x9b89ef1f344d3e17b37ccdff3bccf62d04f04244,9823.86164638924,183282.645936,Woaifacai
2026-06-19 08:34:38,day,sports,92,0x021c7df18153e2636e368e85f0cedb34c245232f,9806.00000000003,0.0,0x021C7Df18153E2636e368e85F0Cedb34C245232f-1767207000808
2026-06-19 08:34:38,day,sports,93,0xf2b8e406727f7069ac1017bb1add58d80620b908,9692.187389505001,0.0,aurorapp
2026-06-19 08:34:38,day,sports,94,0xf7429705e25b619338412967f0a70260b6e1e039,9595.71471468424,58154.507566,unbribeableref
2026-06-19 08:34:38,day,sports,95,0x83d9a38fbf2265d1a092499a964412dd44e810d9,9525.330013973471,87186.199333,user4861
2026-06-19 08:34:38,day,sports,96,0x462d515e957253d2fa79a1f808e6e99eb2eece9b,9067.640358216593,69989.245744,Hongweiqian
2026-06-19 08:34:38,day,sports,97,0xdb15b3f2bf169fa422f90dc20c6257fb8ddf8393,8898.705341289502,0.0,woshiliangzai
2026-06-19 08:34:38,day,sports,98,0xf1649daae29c44bdb406a4dbb7f1748eac398fa4,8756.97639749851,80347.049,Jargs
2026-06-19 08:34:38,day,sports,99,0xc72d7dcdb23597d143a83536fb97b1d7db7efc21,8492.151331640533,6145.766287,HongYunX
2026-06-19 08:34:38,day,sports,100,0x86c878cde72660ec52f5e6f0f0438b76de8fc867,8476.070832700003,17983.196665,fortuneking
2026-06-19 08:34:38,day,crypto,1,0x565ca59275f81991bd9877d7fa8404c5ecf6519e,11270.39353875193,46017.004479999996,bbwlover
2026-06-19 08:34:38,day,crypto,2,0x06dc51826bc524d9a83770e7de9dd7e005b04524,6540.579700773931,288763.978315,0x06dc51826bc524d9a83770e7de9dd7e005b0452
2026-06-19 08:34:38,day,crypto,3,0xf971c6a47d0306fa2c2a33dab11180dad66bc417,6259.386297580003,11137.619586,George007
2026-06-19 08:34:38,day,crypto,4,0xb623ca89bc6e19f24a0e2d5d6013d0db4a034203,5131.774872499984,0.0,viberefllex
2026-06-19 08:34:38,day,crypto,5,0xf705fa045201391d9632b7f3cde06a5e24453ca7,5047.80496201152,73732.28,
2026-06-19 08:34:38,day,crypto,6,0x5c4600b33a02adf80dd07d6853f0c59e8d9e753d,4325.249477880803,56077.449573000005,NihiIism
2026-06-19 08:34:38,day,crypto,7,0xe52fe7c4fd84a51960dbcbddc79a3345681fbbca,4152.055401737434,59001.23153600001,truuuuu
2026-06-19 08:34:38,day,crypto,8,0xe9076a87c5ed90ef16e6fe6529c943baeca0cff6,3737.0098916480783,424524.3925859999,suntori
2026-06-19 08:34:38,day,crypto,9,0x9f5ffe76a818dce37c70f947998b52b70671a008,3598.065187654982,134048.76335300005,0x9F5fFE76a818DCE37c70F947998b52b70671A008-1772728605528
2026-06-19 08:34:38,day,crypto,10,0xeebde7a0e019a63e6b476eb425505b7b3e6eba30,3587.9490639124997,540466.2418210001,Bonereaper
2026-06-19 08:34:38,day,crypto,11,0x927f7694de44d19a72bce76254e628d1c141d215,3546.510387894843,37724.795026,baloneigh
2026-06-19 08:34:38,day,crypto,12,0xb27bc932bf8110d8f78e55da7d5f0497a18b5b82,3130.795582388644,277271.27167700004,
2026-06-19 08:34:38,day,crypto,13,0xb55fa1296e6ec55d0ce53d93b9237389f11764d4,3039.4172780824592,125638.56632499995,0xb55fa1296E6ec55D0cE53d93B9237389f11764d4-1777575277609
2026-06-19 08:34:38,day,crypto,14,0xabafd6fc73531642b3bc1b1188e20835876308de,2842.043136999997,15802.0,lll1111
2026-06-19 08:34:38,day,crypto,15,0xc487a65e48552b964a46df520eed1029aec8b127,2564.2869315300013,12811.87,KyeZX
2026-06-19 08:34:38,day,crypto,16,0x861f4149171db053c73382c40d2c7e5408fd177d,2464.1564908199944,0.0,D7422D98eA0d5b6Dd942a8eEd1d2a61945bFd0
2026-06-19 08:34:38,day,crypto,17,0xb0f7ab1a8d9f10f24bc797fba6a380273f5251c6,2166.1469158359705,213971.202668,SeptimusWarrenSmith
2026-06-19 08:34:38,day,crypto,18,0xe0d3373dd8ab8b3b508239d126771b6eebf513d7,2061.396430347,363.95,dtdctr
2026-06-19 08:34:38,day,crypto,19,0x7c07dc57ffbdd38d5060fd6f9b8da36919555214,1998.2173973897225,35400.42,DaddyBets7
2026-06-19 08:34:38,day,crypto,20,0x8320b90db15e5b777e5a023b5ba3cfa214d4904e,1978.064121165342,48751.048854,vedaresearch.btc
2026-06-19 08:34:38,day,crypto,21,0x61313791c42f09ea053acc9eea9aaa6e7300fd16,1872.7786532250102,0.0,emreus
2026-06-19 08:34:38,day,crypto,22,0xed6822bd7fc121dbd44edc964af6ffb6a1123555,1842.1271410509999,52131.509441999995,0xeD6822BD7fC121Dbd44Edc964Af6fFB6a1123555-1728375638822
2026-06-19 08:34:38,day,crypto,23,0xbf337426aa856996b8bb79b238345dd1a0276bf7,1792.6037936130015,124353.841461,nagi777
2026-06-19 08:34:38,day,crypto,24,0x204b4cdc0bc88253c67abc858514ad2864666a5c,1788.3169921515,1000.0,Telluxion
2026-06-19 08:34:38,day,crypto,25,0x27091ce48a08a3e21d63c42d33428cf1e55d20f5,1768.1797417653215,112759.50882599999,dgcf
2026-06-19 08:34:38,day,crypto,26,0xaa3ce7266b315972c874660c401e6416bf393111,1762.307428124348,5141.9705300000005,nofollows
2026-06-19 08:34:38,day,crypto,27,0xd379fa2c09cc90083a3cc6e6bfbc08e2b06f87a8,1758.568228,3516.9,beizhuang
2026-06-19 08:34:38,day,crypto,28,0x358b5d5e3e32d1348e62cc89d0c8aad569af7ebd,1747.4999996645108,3495.0,EliasAndersson
2026-06-19 08:34:38,day,crypto,29,0xd76930596edbb8c784dcc48f52140875bcd4f90c,1741.8315106940572,0.0,dodca
2026-06-19 08:34:38,day,crypto,30,0x912a58103662ebe2e30328a305bc33131eca0f92,1731.4893356241228,7638.316632000001,ratue
2026-06-19 08:34:38,day,crypto,31,0xce25e214d5cfe4f459cf67f08df581885aae7fdc,1724.1160252940608,94228.08963000003,0xcE25E214D5cfE4f459cf67F08DF581885AAE7Fdc-1777575398144
2026-06-19 08:34:38,day,crypto,32,0xb4982f610a92a6ff7448fa27c70dccd3dc9e85b9,1699.7128691987455,64112.843398,GoingInsolvent
2026-06-19 08:34:38,day,crypto,33,0x744c072005bde6ddab8764a7477f61d3d22ae37f,1633.3150910145196,0.0,Egozic86
2026-06-19 08:34:38,day,crypto,34,0x8b14a322db0e518ed3e3fbe69f65690f3787d0b1,1613.9625820149995,0.0,gengis111
2026-06-19 08:34:38,day,crypto,35,0xcc30b9cc1649ea0e872e10dd0bd86d02a097c8a5,1605.26520008867,8986.638414000001,0xCC30B9Cc1649Ea0e872e10DD0BD86d02a097c8a5-1758802576597
2026-06-19 08:34:38,day,crypto,36,0x5b6331e7ff0831a3fe2ed12004747db1a9c911a4,1561.8065893793246,57567.15778000001,neutralwave23
2026-06-19 08:34:38,day,crypto,37,0xc9f67f0d3d2523d004c5b1ac32eb7b22cb9b8741,1420.36125477936,14665.267165000001,HiimProgrammer
2026-06-19 08:34:38,day,crypto,38,0x885278f0e304bc2d53f805af2ab779cb6011c569,1379.7452874807059,40918.950938,gabigol
2026-06-19 08:34:38,day,crypto,39,0xd76251a6786ea74dafdb2ba9f06cd2efa51f2800,1358.8510281106,14550.005143,sw52
2026-06-19 08:34:38,day,crypto,40,0x825a96fbae9189ea41bb2aa70e7572970f408835,1349.7174999099952,0.0,noman2026
2026-06-19 08:34:38,day,crypto,41,0x5083a040efc20da48e3602f520940cc61c2bb0ea,1345.9176035000637,26206.268982999998,
2026-06-19 08:34:38,day,crypto,42,0x9c13cd45bc3cb9cdee51c2be029486d74f2f4b42,1330.8624912177202,76082.935421,uiardugoakl
2026-06-19 08:34:38,day,crypto,43,0xd83cca512a2566ee0a82e1b1780f3857cf5a19dc,1226.096118581816,8726.066575,Coolmanx
2026-06-19 08:34:38,day,crypto,44,0xe055d214540ba6fde3c5c18adb7fed9c02630628,1183.1781731201627,28421.101784000002,AgropescaJacare
2026-06-19 08:34:38,day,crypto,45,0x0484e64092ba4108c2786b61e6fc052d3bf41b1a,1173.097227499995,119879.75,DoggyStyIe
2026-06-19 08:34:38,day,crypto,46,0xddb0629096a8a03f490b6572c06f2ee76465f95a,1094.3712015217461,60263.756232,IVY56
2026-06-19 08:34:38,day,crypto,47,0x99f6d49711a91c4dbd9e28c48a3508fae92f37fc,1087.4945072049995,0.0,0x99F6D49711a91C4DBd9e28c48a3508FAE92F37fc-1760627151725
2026-06-19 08:34:38,day,crypto,48,0x8c773ca8482d5d2037e4228e234134bca734033e,1074.253603054933,2571.986973,Rokrok888
2026-06-19 08:34:38,day,crypto,49,0x6138b966436f811bc0e3f0d35f1fb14b869b97a0,1072.0816816680162,0.0,tradexplorer
2026-06-19 08:34:38,day,crypto,50,0x069cd074ad3bcfbd6fd82478aad02916bff5cf63,1039.5088350128572,14876.201158,Under-btc-low
2026-06-19 08:34:38,day,crypto,51,0x4228048ea2f8f571ff2777cc32baee584c5134cb,1026.1978171688097,15708.697033,trinity42
2026-06-19 08:34:38,day,crypto,52,0xfa8fc6a3e706bc4aa7556d060564c154322ad61b,1025.1232850496308,1958.16,singaporesling
2026-06-19 08:34:38,day,crypto,53,0x398d32a7ba9acaced33696049de39f27c076f9af,1022.36655574,5526.3,alvinop
2026-06-19 08:34:38,day,crypto,54,0x4c375c3731d72e71ed032268eaf66dbbdbc80631,1015.0969440000026,0.0,intothethickofit
2026-06-19 08:34:38,day,crypto,55,0xc4567fe2a835b23f40db07f567ba0efbbdc98996,991.5573069000093,300.7,gydmasg
2026-06-19 08:34:38,day,crypto,56,0x1629505a8ae58b5ce86b8323a94d1704554ab0ec,989.5971658361932,12842.889456,tarasnipesho
2026-06-19 08:34:38,day,crypto,57,0x46dd0b87baf97cc57aeafa90b51d609470f6151e,964.3326369999997,1194.795558,0x46dD0B87baF97CC57aEaFa90B51d609470f6151e-1772671672449
2026-06-19 08:34:38,day,crypto,58,0xef1bfe068ea3eb4c357d95805baf1050fd528697,951.3912573250873,3412.9513309999998,devilbanker
2026-06-19 08:34:38,day,crypto,59,0xda5b51c5342f3f036c8d928be667a2f425598cce,944.2048458649951,0.0,
2026-06-19 08:34:38,day,crypto,60,0x3c063bf5a71a1235780ada0c61d2fc65266a078a,925.3371870499968,0.0,geopolitical-expert
2026-06-19 08:34:38,day,crypto,61,0xf3531b23b504cf0aed4ff21325232b2a2d496685,895.3764679251617,71559.87574100001,powerwinner
2026-06-19 08:34:38,day,crypto,62,0xf56f0fac9bdad1cfe4212cda2947343408256c44,894.0718082741658,79924.817313,0xf56f0FAC9bdad1cFE4212CDA2947343408256C44-1780242055301
2026-06-19 08:34:38,day,crypto,63,0xe6d27cadb4e3702af0a6de6a12355167875f8bec,893.4720219501232,26647.083475,kbvcerthui
2026-06-19 08:34:38,day,crypto,64,0xbfa41f44e58e10de3c74ad00af749efea6356ba3,887.0185046515007,0.0,4618
2026-06-19 08:34:38,day,crypto,65,0x691fd030b65f88a73905ba30674bdc839a85877a,874.3669368819669,10263.104743,0x691Fd030b65f88A73905bA30674Bdc839a858
2026-06-19 08:34:38,day,crypto,66,0x0e59e3449152b05844abc0d48130d1e8d822eda6,871.390945976698,24136.335409,0x0E59E3449152b05844abC0D48130d1E8D822EDA6-1781409910475
2026-06-19 08:34:38,day,crypto,67,0x32e4abe3e97aaf3c95c315ba3ffbe7b2a313beed,855.2860890000084,75399.95999999999,Budbd
2026-06-19 08:34:38,day,crypto,68,0x596b928ea8168b239c9d846282777f79030c21e5,852.2722696909041,63843.08496899999,Harrvest
2026-06-19 08:34:38,day,crypto,69,0x5d4aba8ad45bb5eab3499a0294b42da5d1e455d3,850.4320940927573,31712.552927999994,
2026-06-19 08:34:38,day,crypto,70,0xf418d3a1a941292f9c8707d62a14980c5beb95a3,842.7289602699984,61045.1725,wocaolei
2026-06-19 08:34:38,day,crypto,71,0x75cc3b63a2f2423085e10706c78b494017b93ce1,839.2348833128926,35634.342656,
2026-06-19 08:34:38,day,crypto,72,0x91aab8d0ae5c7dde7d9ea7ca49aeb985e09819b8,838.6231399934913,145499.046025,0x4tngfdi43gjdgvji
2026-06-19 08:34:38,day,crypto,73,0x69788e136500902559a2fb21883ab9baacbd08d8,830.8442083534974,0.0,TruongMyLan
2026-06-19 08:34:38,day,crypto,74,0x9d57c42e847173d06841703825d3fe2299e456ea,818.7204618810283,87831.660673,Polkadot-Frog
2026-06-19 08:34:38,day,crypto,75,0xf17add1f7ac10b0078a5a3b016218c8b05237b1f,817.9508603100039,0.0,lifehack
2026-06-19 08:34:38,day,crypto,76,0x6e2c3937e6dd094a3a9f814ecbdc289d3fd5b7f8,806.8499744791552,815.926743,olegs
2026-06-19 08:34:38,day,crypto,77,0x7a234402593e6e49c5025d6c2fb046403ac04454,799.7157947355518,12921.726362999998,TableMax
2026-06-19 08:34:38,day,crypto,78,0x0c7c5204404e9d5402d258fedac59c7212bae4cb,771.9155492916325,31568.755106000004,OhioRiskManagement
2026-06-19 08:34:38,day,crypto,79,0x8d1d5d1c6041b13fc708b5d9f668070e1724ed4a,768.6365380447969,58813.45927599999,CERTova
2026-06-19 08:34:38,day,crypto,80,0xddc778b5d67b2562db539d2e5553e64c652a6895,762.5403448194149,9652.235078999998,0xDdc778b5d67b2562db539d2E5553e64c652A6895-1781614742947
2026-06-19 08:34:38,day,crypto,81,0x17ef6aab2d350ff48cf0892663427303258f252a,755.9105181121568,40108.225804,tangotangotango2
2026-06-19 08:34:38,day,crypto,82,0x5204cc05829c4e50444ee52c7f94386901bd23c2,753.594226465968,3831.8526459999994,nndrekop
2026-06-19 08:34:38,day,crypto,83,0x8bbe942498081a10fb587c1411d1122d2f6ab9dc,751.2361630639944,0.0,LuckyChole
2026-06-19 08:34:38,day,crypto,84,0x34c6fdbb0ed6335a01c152c5336e68c38063d0db,748.221509500011,63653.81230000001,0x0dA532cB751B46dasdH5akd92sDEcF30d6115eE
2026-06-19 08:34:38,day,crypto,85,0x7498b6f6889dc49dd29350c861e1115d37ba59c6,736.3868194905172,3723.320309,ronaldcluck
2026-06-19 08:34:38,day,crypto,86,0x14e296e208258247e8631c4749ce273d5342282f,730.4509334891154,7546.189619,mathiinfo
2026-06-19 08:34:38,day,crypto,87,0x5a0564e0a0f1dcb29d2b6a29865f0bc174c699c4,726.9905541918961,12082.361396000002,YZaza
2026-06-19 08:34:38,day,crypto,88,0x57e4bd0fa030e6a6fdde7ee0b58aa497b4f6835e,721.4077178954976,0.0,imjustalarp
2026-06-19 08:34:38,day,crypto,89,0x9b853977cd5fd900573022deae4c9d5d82e1cd3a,714.8535718500007,0.0,yieldfarmer
2026-06-19 08:34:38,day,crypto,90,0xc35698bb684a46f501ac73bf2dd3a6b134958052,699.9997313799995,0.0,AceMoonCrypto
2026-06-19 08:34:38,day,crypto,91,0x9f65651c8498a253fb6c8345841aef06a4cd1679,688.8132721125021,0.0,anton534
2026-06-19 08:34:38,day,crypto,92,0x12b712029efeee7efc4066e98e4e1b6beb8b1b0b,688.0047191482754,5116.41486,abrownfox001
2026-06-19 08:34:38,day,crypto,93,0xbace5a5a9e309d69164dc81788d353fed8d43429,687.9803387250031,0.0,kitten147
2026-06-19 08:34:38,day,crypto,94,0xd96750bf8d941a8186e592b0ae6e096da66aa266,682.3993078717358,2605.647997,imwalkinghere
2026-06-19 08:34:38,day,crypto,95,0x7f3c8979d0afa00007bae4747d5347122af05613,680.467277387972,0.0,LucasMeow
2026-06-19 08:34:38,day,crypto,96,0x3375550a4d4c4b68d5b2de7fe9d02a352455a69c,678.7509075023208,5091.694811,bitcoinlight
2026-06-19 08:34:38,day,crypto,97,0x6b96beea1b9b4c6440bb67744012db3d084a4268,676.5038176058863,28573.613832000006,pickoverstalk
2026-06-19 08:34:38,day,crypto,98,0x60bf59e257dd9bc9c6a5d0d0fd7881d76aee15aa,674.5298261250027,0.0,sssxx
2026-06-19 08:34:38,day,crypto,99,0x518467728111bb0a29095900887d167362f41363,673.5253526360736,39276.9355,Dava1
2026-06-19 08:34:38,day,crypto,100,0xe09b92c5d6ff129f51c3cd21b51f07a70e84cfbc,659.4199591154711,6370.512385,0xe09b92C5d6FF129F51C3cd21B51f07A70E84CFBC-1773363816572
2026-06-19 08:34:38,day,finance,1,0x8c46f5749cdd38e3649d7f648bce236e00c4d64d,2455.497035115157,19600.11173,yolo.master
2026-06-19 08:34:38,day,finance,2,0xd23f8c8aab13cfb2a35da40b67f8471faf9894a1,2112.8557693891507,48937.0,Corlys
2026-06-19 08:34:38,day,finance,3,0x701488c648ca157ce051b6d2a0e76f707789d7e9,1961.2708037949997,0.0,0x701488C648CA157Ce051B6D2a0e76F707789d7e9-1781221266197
2026-06-19 08:34:38,day,finance,4,0xcbab47f889ffffbb603f600a5feeb0eca0cc9a8a,1959.2229076799995,0.0,ameameameameame
2026-06-19 08:34:38,day,finance,5,0x134b1d01718befadff282b06be73f40c5860fd51,1861.8642874389989,0.0,pnhoptions
2026-06-19 08:34:38,day,finance,6,0x40604cb1f958c03bea0b18aa43e4cb0d62f33ec3,1622.2489822240314,30889.92,C03B
2026-06-19 08:34:38,day,finance,7,0x5e84743ad0515699b7adf2588de4c3032d538e88,1452.9456832279957,0.0,Cbb.
2026-06-19 08:34:38,day,finance,8,0xb619ed5b378053f8309c307d2f7adf9c13665068,1080.9876331790383,5937.42,tnl
2026-06-19 08:34:38,day,finance,9,0x903221b1098263779ae19486028c844e8c338717,1061.0567558787407,136.3636,0x903221b1
2026-06-19 08:34:38,day,finance,10,0xe9076a87c5ed90ef16e6fe6529c943baeca0cff6,1058.9698243721068,38773.553072999995,suntori
2026-06-19 08:34:38,day,finance,11,0x53c48faa2373f597b693567f79c3782c6ce7740b,1057.2055965250001,0.0,uma003
2026-06-19 08:34:38,day,finance,12,0xb47adfafc08e77ec77b03a6d1496066675ae6d60,1015.3311610959936,0.0,0xfree-money
2026-06-19 08:34:38,day,finance,13,0xf28c7b2efa875580a79f8c8810deff374f51cdf8,941.2569685545004,0.0,0xF28C7B2efA875580A79F8C8810DEFf374f51Cdf8-1774419743181
2026-06-19 08:34:38,day,finance,14,0x27b0dceebc77ebc59573b818144743b9f1a2209b,919.9999799899524,0.0,yuahldj
2026-06-19 08:34:38,day,finance,15,0x1a29b75d4bfb5d62b343e4abdd10b60c0ce19b2e,916.7705999999889,0.0,Casablanca10
2026-06-19 08:34:38,day,finance,16,0x376441d19f56d43629d3872324dc2e648e13c5eb,834.0358647700086,259.86,m3t64 - 815
2026-06-19 08:34:38,day,finance,17,0x74b4f9447b14b12308963fc048ae363eb0756bea,824.1315193758073,1975.77,0x74B4F9447B14b12308963FC048Ae363EB0756bEA-1769170826159
2026-06-19 08:34:38,day,finance,18,0x993c072519306017fe9a6b3ee6fa4a02b3056787,783.0417213492474,9655.787889,Jep-G
2026-06-19 08:34:38,day,finance,19,0x43372356634781eea88d61bbdd7824cdce958882,763.8161299845015,0.0,Anjun
2026-06-19 08:34:38,day,finance,20,0x777fae71d2ff9ec48a1213d48ba1d9d91024a1bb,661.1689500000211,0.0,Albert 1953
2026-06-19 08:34:38,day,finance,21,0xa0dd0519b051ee920637e26147b7676fed591b9b,639.8260567734628,489.026814,Sixsevensix
2026-06-19 08:34:38,day,finance,22,0x44c1dfe43260c94ed4f1d00de2e1f80fb113ebc1,620.4134498799976,0.0,aenews2
2026-06-19 08:34:38,day,finance,23,0x49f206f4fb2210a28af4795e4e0b6532cf0bd7b4,616.2474980399984,9868.14,RisottoPasta
2026-06-19 08:34:38,day,finance,24,0xc95539ac5c7b982484f42baeb0ff86dbf2f8b1e9,611.7101790699999,0.0,alex2945545
2026-06-19 08:34:38,day,finance,25,0x8b8762de175b0c9c86453239e0dabbedd6d73e8d,611.3284615913681,3827.97,MickyMauldib
2026-06-19 08:34:38,day,finance,26,0x7a388e45fa9d76c42cbb7ab89fed0d3a2fefd6ab,597.4488301980009,0.0,Larix1
2026-06-19 08:34:38,day,finance,27,0xf3ad8f80006d90a5ba90112a675d13bffd740724,590.8027352165,0.0,
2026-06-19 08:34:38,day,finance,28,0xe47439f42819348023f15ca578ce766c1ee81508,542.7969470050011,0.0,shehues
2026-06-19 08:34:38,day,finance,29,0x0f2bcf469f85fe746058f3a0767d24124d0d665a,539.9989348570007,0.0,Sylvester.the.Cat
2026-06-19 08:34:38,day,finance,30,0x645a91730f588c5586e8860936a7e3554303fd84,539.384097373718,544.890001,nobtc
2026-06-19 08:34:38,day,finance,31,0xc28f8fc265651d74fd4c5180f91a54d19865ffed,513.2158999999956,0.0,dsdfsfds
2026-06-19 08:34:38,day,finance,32,0x6ffdf781b9fabc368137c1d835644f12b9a6a637,503.37310361397977,2248.6005219999997,ng6000
2026-06-19 08:34:38,day,finance,33,0x49df1422e482a905927cbe92539e8e2c0bc796b7,491.638923125,0.0,tumoxapro
2026-06-19 08:34:38,day,finance,34,0x7e0f0dfc6eab68b0db72ca790de03a6edf1146f2,484.47662,0.0,lucky-claw
2026-06-19 08:34:38,day,finance,35,0x4fff3c11a5d9b77822e01792f933cdb28557be78,468.500091294537,668.6577379999999,turtle123
2026-06-19 08:34:38,day,finance,36,0xe8a2057abd53d285f7bea590b8f1dff1f04454c2,430.8730410950004,3733.47,2017
2026-06-19 08:34:38,day,finance,37,0x5f45b60c29d6e4d55c0bfd8ddd39ad45c5e0a77a,409.77759735497966,0.0,0x5F45b60C29d6e4D55c0bFd8dDD39ad45C5e0a77A-1761473032186
2026-06-19 08:34:38,day,finance,38,0x5a218c7ad04135830a45c41aaed7294df7809318,404.23900927249633,2486.0,balthazar
2026-06-19 08:34:38,day,finance,39,0x23ca4376e7b74376b9247c4daac3dcad1fec9ae6,382.22270627750186,0.0,fdsfo
2026-06-19 08:34:38,day,finance,40,0xb1ae2773df489279cff5026cf2c9eff218873f6a,380.9842062774998,0.0,0xb1Ae2773dF489279CFF5026Cf2C9eff218873F6a-1769707836093
2026-06-19 08:34:38,day,finance,41,0x03805a13a0b3e058f55f6c6af95389d4f431073d,375.61633245921985,7277.6402960000005,donthackme
2026-06-19 08:34:38,day,finance,42,0x87684f29d70994464c6f533bc52eb693b4f4dd9b,373.95016195250355,0.0,10000Bets
2026-06-19 08:34:38,day,finance,43,0x4d3e6f882536f5bde89d20a64e2198b1c1e8783b,368.7389154470002,0.0,bitcoinmafia
2026-06-19 08:34:38,day,finance,44,0xa67685fa5213fd8167977bfb7b3f50c06d511c22,363.41676938699993,0.0,0x8712
2026-06-19 08:34:38,day,finance,45,0x1b5655739e33491a3d831bcb51e2c74e0501715e,360.0004909200002,0.0,95de
2026-06-19 08:34:38,day,finance,46,0x14649f7d9fd051d7c934586ecabba6e08b0a8748,351.6797504134588,576.027027,gautamgg
2026-06-19 08:34:38,day,finance,47,0xbd3188f4a3c0413ad630cd9c89d8dfc3c9c997a4,340.0676754571841,67.16,JamieIstanbul
2026-06-19 08:34:38,day,finance,48,0x64d9c4c9994321dc660efe7ddbf457c49f7846e6,335.5191641705014,0.0,Pokemon001
2026-06-19 08:34:38,day,finance,49,0x46992d0e547e3822a9c28723f51bfa804ae4e03c,332.9182499999997,0.0,anon.1980.123
2026-06-19 08:34:38,day,finance,50,0xd5b97d08ec6098407bfbf66c2786ccc9967fe44e,331.4434281362919,69.175337,Optimus-
2026-06-19 08:34:38,day,finance,51,0x8c4465127b5278a5d7fd120b95b77e7fe292fcd4,327.00621499999943,0.0,nelbal8486
2026-06-19 08:34:38,day,finance,52,0xc28d883de465dc464d267e639ac81822be971773,320.85711069999985,0.0,0xc28D883DE465dc464D267E639Ac81822bE971773-1771886294068
2026-06-19 08:34:38,day,finance,53,0xc97b0b2a2547bb3ed57167092ef8a6e816c347e5,317.3179499948783,6384.899957999999,0xC97b0b2A2547bB3eD57167092EF8a6e816C347E5-1770003388001
2026-06-19 08:34:38,day,finance,54,0xa5568c648cac83d34d7c471ae964c75cdafc5c0e,316.1208399999998,0.0,ricci233
2026-06-19 08:34:38,day,finance,55,0x1ea77a5e8191db9f2c0a18f2692feccd0c47bcd9,310.4070403639994,7394.88,ps5
2026-06-19 08:34:38,day,finance,56,0xb187a6fae3d0b60108f13006359dded4d15944a9,309.11494765600037,0.0,Cptrade
2026-06-19 08:34:38,day,finance,57,0x588b9dab66658fd6ce7765204b0ddc4d7a2e5635,308.87850000000026,0.0,realizedlosses
2026-06-19 08:34:38,day,finance,58,0xe25b9180f5687aa85bd94ee309bb72a464320f1b,300.00000000000546,0.0,WordleAddict
2026-06-19 08:34:38,day,finance,59,0xecb98ff2542d9c57ec36aa3ecad3734b9e295a12,290.19720000000007,0.0,Zptml
2026-06-19 08:34:38,day,finance,60,0xcc3ef03d700f65f613848506ff2bdb6f1b527304,277.69069512300007,0.0,0xcC3ef03D700F65F613848506Ff2bDB6F1B527304-1763827508452
2026-06-19 08:34:38,day,finance,61,0xdf17f4a8dd01a4cfa6fc3da323a2baee5f8697d1,274.72952601,0.0,PatrocIus
2026-06-19 08:34:38,day,finance,62,0xf940a011524039aa29f74be6ff9c19ba37833239,270.1957251240003,0.0,mt2rules
2026-06-19 08:34:38,day,finance,63,0x6d16c33b540069f5aa0d9f705b0d759dec927228,269.1488956684989,0.0,slippy0
2026-06-19 08:34:38,day,finance,64,0xe917ff331e805261dbc903d39965a6b64ccd9612,266.6699913721468,566.4858919999999,SteveTheFish
2026-06-19 08:34:38,day,finance,65,0x1d973373d8560157f76f80f38a1d7906d5e9d127,266.43301602830525,2292.426029,ARBTRADE
2026-06-19 08:34:38,day,finance,66,0xb1ca909e848cc24ec4e220ce1c453bc290c51705,264.6611317299985,0.0,NonceChaser
2026-06-19 08:34:38,day,finance,67,0x095dcfb123a4bc035ee6b0d624bab0cc964352cf,259.74750889999893,0.0,Contrarian - 7451
2026-06-19 08:34:38,day,finance,68,0xd36b1c4a17daefaec4906d84668cb87cc0b53d32,259.3753532189994,0.0,skeptic
2026-06-19 08:34:38,day,finance,69,0xbef037910e0410c572bd8bcc97724691370e86ef,257.21740165999995,0.0,ci4ga
2026-06-19 08:34:38,day,finance,70,0x3a8aa345d5db7ec5138298c8c4f4540259be7699,246.53128562200072,0.0,TheReturnOfDarthMaul
2026-06-19 08:34:38,day,finance,71,0x760907c8840491c8c86fddb843d3f1d801786c4e,244.6905624061373,338.0,0x760907C8840491c8C86fdDB843D3f1d801786C4e-1771959662080
2026-06-19 08:34:38,day,finance,72,0x3b7ed1242417f4b8f6992b5dd53aa9415a2c23eb,242.94475959742795,89.544223,phdcapital
2026-06-19 08:34:38,day,finance,73,0x3c918a8ef8c379304f744592120cbb4d76149af7,240.00000000000045,0.0,Vilgefortz
2026-06-19 08:34:38,day,finance,74,0x743beec1270e1f4a468658bf628ac8cb94e6b802,239.63271820000045,0.0,earshot.zenith
2026-06-19 08:34:38,day,finance,75,0xad431a3aa1b6c86b874d009a62a9b3b70117b681,235.99398474999998,0.0,tradesbyicky
2026-06-19 08:34:38,day,finance,76,0x95074f700f93bdf6e62fc965e0832064c0877b04,223.62417948150323,442.35,95074f700f93bdf6e62fc965e0832064c0877b04
2026-06-19 08:34:38,day,finance,77,0x97ff545643d3bfb8c4307997f78e4912680cd970,221.36586532200016,0.0,joecool2046
2026-06-19 08:34:38,day,finance,78,0xb828fe7da3eb3a367e5f799200707479ed116703,221.35690556004198,252.391303,0xb828fE7DA3EB3A367E5F799200707479Ed116703-1778253762342
2026-06-19 08:34:38,day,finance,79,0xafa7c29727630c2801583314c9a13c65030d2cee,221.01514942,0.0,p0laris
2026-06-19 08:34:38,day,finance,80,0xaae9b2c5ad90e82b5068c7f8a4b491997633d661,220.04729999999836,0.0,ZorroDeLaVega
2026-06-19 08:34:38,day,finance,81,0xcaaf808e66191bfb9782517be7c55599c0518031,218.7569083199021,764.9499999999999,autumnwolf
2026-06-19 08:34:38,day,finance,82,0xdf1c2e388bde2fbacabaf85c75a6b69cc35e2ebb,215.38680246999957,0.0,BMM-1
2026-06-19 08:34:38,day,finance,83,0xd28142454d575c37c33ba05f9046292eae91a3c9,213.62726245300013,0.0,
2026-06-19 08:34:38,day,finance,84,0x997d42dd7a52a44936ff69f087368e48facedecf,212.87511961970426,3327.629582,rodger
2026-06-19 08:34:38,day,finance,85,0xb4f2592e67c333e73c923547cfe05e768180e5fa,210.29862609000065,0.0,M2sx92kljs42
2026-06-19 08:34:38,day,finance,86,0xbace5a5a9e309d69164dc81788d353fed8d43429,210.2446106999996,0.0,kitten147
2026-06-19 08:34:38,day,finance,87,0x70d94a4ff67ed919a8480885cf0808afefe7a684,208.37632269671303,2654.5395359999998,naiiiiii
2026-06-19 08:34:38,day,finance,88,0x93fb8127a1b21a112b11af936361225df0563e4a,204.43575110200072,0.0,LlamaLoco0000
2026-06-19 08:34:38,day,finance,89,0x50b242e0b9ac75359464c5b3be62ad6b42d8c94a,203.36251195750037,0.0,DonPanic
2026-06-19 08:34:38,day,finance,90,0xf13822c0822be86bca748152c68f0733084160a4,200.937061261,210.0,nimei
2026-06-19 08:34:38,day,finance,91,0x4e25605fd905e9972efc0f4d8814530c655cd7a7,200.16405835763726,0.0,
2026-06-19 08:34:38,day,finance,92,0x0d2e0ea91cff6766db088f2b1b936c723bf25f81,196.040962137,0.0,0x0d2E0eA91cfF6766db088F2B1b936c723BF25f81-1769886591670
2026-06-19 08:34:38,day,finance,93,0x702b852b897491cba37574aa08fe78cc54adafd4,190.90926249999993,0.0,thesuperforecaster
2026-06-19 08:34:38,day,finance,94,0x4a2be7a7e6e3b41dc2de00706b4c09660ca9af20,190.23334682849827,0.0,troim
2026-06-19 08:34:38,day,finance,95,0x049e90c3d31d232c1c663e578e921ade942e5e44,189.6674026134997,0.0,0x049E90c3D31D232c1C663e578E921AdE942E5E44-1766397660145
2026-06-19 08:34:38,day,finance,96,0x9aea85d0b70bff6cb980cbb22d2e70b141e6b686,187.5027173969993,0.0,POLO
2026-06-19 08:34:38,day,finance,97,0xa61ef8773ec2e821962306ca87d4b57e39ff0abd,186.34355292600048,0.0,risk-manager
2026-06-19 08:34:38,day,finance,98,0x7fc6e183e48e2f7658cd825ff4f40e44e9327306,183.92065292149994,0.0,tradingdecs
2026-06-19 08:34:38,day,finance,99,0x6dc4bf9d9be9b28e303c3ff1c403fc04e3bc6770,180.92415100099788,5572.25,RealMaxNick
2026-06-19 08:34:38,day,finance,100,0x816c5d0b262060e487b0f31569e6e21226c47707,179.74686438000003,0.0,Hehcktp
2026-06-19 08:34:38,day,culture,1,0x4ab9b54427ec4b7f3646b1a0ef1bed73bc708ebe,102266.86937,0.0,RWCS
2026-06-19 08:34:38,day,culture,2,0x6c3aae17140c5e3cde62380daaa323e38575c459,100287.227136,0.0,AvrahamEisenberg - 10161
2026-06-19 08:34:38,day,culture,3,0xa8cf2ed8751f4e58ad039e1b68a8b58b4395031f,85547.41699299996,0.0,
2026-06-19 08:34:38,day,culture,4,0x3d8a89a20aa73fba0f30d080e8120de9f9555724,50768.70831010202,0.0,Poyo
2026-06-19 08:34:38,day,culture,5,0x0d18e30e252008d83f51dae00d36873ddd9e24a6,29726.538636999983,0.0,MonsieurDimanche
2026-06-19 08:34:38,day,culture,6,0x0f35109cc3ceaf729609c3109310791bd616c84a,27254.641564000005,0.0,
2026-06-19 08:34:38,day,culture,7,0x782186952ef2ca75ea91c95aef25bbdcffb4bb1a,23607.800415098933,0.0,thif - 33063
2026-06-19 08:34:38,day,culture,8,0x95b198f900d19a80d3d7e47b7b17708af254f9ac,18124.591877,0.0,thepicklebomber - 3805
2026-06-19 08:34:38,day,culture,9,0x7fb23b0d330ea4ac4f3cecce1eb81fb0bfb3ed4b,14768.168524999995,0.0,
2026-06-19 08:34:38,day,culture,10,0x4f70929ba287ac85dc2431c85382ccd9e6b0d185,14234.245540373951,0.0,Lance Uppercut
2026-06-19 08:34:38,day,culture,11,0x15ae79d7cd60b2a7f06ae46eb4c7a0eb16096ffd,13228.38483,0.0,humiliating piglet
2026-06-19 08:34:38,day,culture,12,0x903221b1098263779ae19486028c844e8c338717,11412.82380400002,0.0,0x903221b1
2026-06-19 08:34:38,day,culture,13,0x322f041810cee536293dcb4c99fc23b3a766940a,10043.226767999999,0.0,Sports
2026-06-19 08:34:38,day,culture,14,0xe0eeb30d92eb2a995fc82b4e58def02c53e6fa3f,9426.288296831113,0.0,predictor - 3335
2026-06-19 08:34:38,day,culture,15,0x84898b583d56054b502c6564f3edfad43b54e211,8927.851561376445,0.0,JustLearning
2026-06-19 08:34:38,day,culture,16,0xfefaf44054fb92d87882f2bd24bddbd163487bed,8476.656116999999,0.0,vivaFujimori - 33031
2026-06-19 08:34:38,day,culture,17,0xae95a2fd8df6b5e621d583157d47412a6b066579,8274.744259,0.0,draintheswamp!
2026-06-19 08:34:38,day,culture,18,0x09fb8ab5f70b2140511c366451e0f02c3c10d01c,7974.457056,0.0,mkiaz - 1025
2026-06-19 08:34:38,day,culture,19,0x1f682adb9a5cf101bcf53a7cd00bc2c594f7c9b3,7677.93231,0.0,0x3177d25a95524e6d98843c78cd604b67fb1b92b9
2026-06-19 08:34:38,day,culture,20,0x7668efbca0df8195ba199d3e19cb768e8b3779ec,7415.563737,0.0,
2026-06-19 08:34:38,day,culture,21,0x0393b7a4c1e4a72564bf8287c7d1471ac9a61130,6550.193144999999,0.0,
2026-06-19 08:34:38,day,culture,22,0x7430669ff298f8dc78e3339448d4994e812d111f,6530.533578999999,0.0,zwe2edS1ms
2026-06-19 08:34:38,day,culture,23,0xb254cd171eb8d5b4b60703f99fd13474504bb70a,6116.458664,0.0,maga - 97
2026-06-19 08:34:38,day,culture,24,0x0af5f7ff9e6b4957e26d064b3218c38c59c87e3f,5982.980714,0.0,brian - 23314
2026-06-19 08:34:38,day,culture,25,0xf1302aafc43aa3a69bcd8058fc7a0259dac246ab,5774.415381503198,0.0,TraderRed
2026-06-19 08:34:38,day,culture,26,0xfcbe281f11f195423fdf458582e1215790b7aa8b,5171.851393012967,0.0,igot
2026-06-19 08:34:38,day,culture,27,0x9950ee8a9cf72226eb1f6f02b086c17198074f87,5064.889840753716,0.0,inanity - 38305
2026-06-19 08:34:38,day,culture,28,0x88186ddbea78ab3d65b7d08f0658b9c22037f265,4999.839805000004,0.0,
2026-06-19 08:34:38,day,culture,29,0xef1d0c6244e7a8c9640b08758a8425b5d2a5bdcb,4744.460834,0.0,
2026-06-19 08:34:38,day,culture,30,0x64310c79be3502dd17e88d9ca7df781700a66f1f,4403.783522999997,0.0,Sergeantx - 410
2026-06-19 08:34:38,day,culture,31,0x730ae359e9441f836022f7ec14b941fdc942a0fe,3882.4374039999993,0.0,rippopsmoke - 56
2026-06-19 08:34:38,day,culture,32,0x7789806c754eb0af4c3abeb026c218b4ba78f823,3870.9248069999812,0.0,VibesGreaterRules
2026-06-19 08:34:38,day,culture,33,0x63f8eb9f5f902f6637f75f10fc185e77b0f660ac,3859.3649970000006,0.0,hmm ok
2026-06-19 08:34:38,day,culture,34,0xb5fc4d5388952dc7a798fe784fe659f9a20e5ca4,3469.0265169999075,0.0,
2026-06-19 08:34:38,day,culture,35,0x8b5a7da2fdf239b51b9c68a2a1a35bb156d200f2,3044.810162000009,0.0,Joe-Biden
2026-06-19 08:34:38,day,culture,36,0x687349b551df31c4a330bbaf1519458cb521d9e5,2966.8310484142407,0.0,ihatedmyself
2026-06-19 08:34:38,day,culture,37,0xfab242aa69777dda9ab74b6a6aa878555f3feacd,2845.680646,0.0,Luxy - 6433
2026-06-19 08:34:38,day,culture,38,0xc4c81a4e8e39d374b12e27a0373f6e2ccb4f8618,2757.944658,0.0,mhonkasalo
2026-06-19 08:34:38,day,culture,39,0xa8845b7cf1cdc5d63a226d7db2be64feb8119d7d,2537.449412,0.0,mbharus - 38295
2026-06-19 08:34:38,day,culture,40,0xbb90ad2434c27716e987f6318df47285c6ddffbe,2473.6647920000005,0.0,AceBaby256
2026-06-19 08:34:38,day,culture,41,0xae50d6935c736696a99c309a4dcabe1343b20354,2428.523338,0.0,dougiedigital - 11986
2026-06-19 08:34:38,day,culture,42,0x2b71bc97507076a80bd0000cdb134e4fc3041359,2402.6987620001287,0.0,97507076a80bd0000cdb134e4fc304135
2026-06-19 08:34:38,day,culture,43,0xb2d62e284ac9f13f09dcdd8accab61bfdd7af3bd,2076.737313000005,0.0,crystalfalls
2026-06-19 08:34:38,day,culture,44,0x778f6b920f7b96b0a76b1711b495e429b932e2c3,2029.2884580005775,0.0,
2026-06-19 08:34:38,day,culture,45,0x495b97dcdd8e3e4ae7788ca6a53156cd4907e3fc,1971.7628119890958,0.0,uuuuu
2026-06-19 08:34:38,day,culture,46,0x5a9fa918bca3e2c55d5615e891f543231fd70485,1922.566682,0.0,Alex - 28
2026-06-19 08:34:38,day,culture,47,0x30af50d04b9c1ddef67ae39996f9607c0f14aa32,1816.1796949583552,0.0,
2026-06-19 08:34:38,day,culture,48,0xa6a8aa0792dfb4d2aecd481ff6e926822c01a884,1796.6459240000002,0.0,Degens - 740
2026-06-19 08:34:38,day,culture,49,0xee292607d48ecee93afc0fe9994fbe316f59c56d,1739.240313000002,0.0,How do I claim prizes?
2026-06-19 08:34:38,day,culture,50,0xc94171dab78729079b3eb6e14ad33ea60ab80a0b,1723.5970946048967,0.0,shangtr0n - 7868
2026-06-19 08:34:38,day,culture,51,0xf1bb700a67e3e8a45dc8160a92f4e0405f41bf09,1668.9680569999987,0.0,aenews-915
2026-06-19 08:34:38,day,culture,52,0x647683f0e175a692e63f9d6934498144805bdb34,1617.8293519999995,0.0,manofwax0824 - 7483
2026-06-19 08:34:38,day,culture,53,0x909a3abd5ec12fcaaccbb71ea27ff1410dfa7cd0,1603.81072,0.0,........
2026-06-19 08:34:38,day,culture,54,0x51d8c16b487e3ef3bfa3daabf689fda2d26a2cab,1477.014933999999,0.0,
2026-06-19 08:34:38,day,culture,55,0x77cfb716811a03a83ced6ffcfc1d9b8281930e71,1410.9405581017513,0.0,disko
2026-06-19 08:34:38,day,culture,56,0x9d84ce0306f8551e02efef1680475fc0f1dc1344,1397.4694376160624,0.0,ImJustKen
2026-06-19 08:34:38,day,culture,57,0xdbe73eaa9359dafe7d481297945c9636cc06fb86,1396.389825,0.0,mfiskeaux - 18826
2026-06-19 08:34:38,day,culture,58,0xe567b0d5c9c0a9468b970ebe12e799248d3c75a4,1350.248397,0.0,
2026-06-19 08:34:38,day,culture,59,0x814da9245a05f2d9db142357a80d13784e6da04f,1327.145716,0.0,
2026-06-19 08:34:38,day,culture,60,0xba5e052730edceb1258b1ca575f824eb975c6598,1284.276551,0.0,signme
2026-06-19 08:34:38,day,culture,61,0x0c0e270cf879583d6a0142fc817e05b768d0434e,1246.171083224508,0.0,The Spirit of Ukraine>UMA
2026-06-19 08:34:38,day,culture,62,0xb8128d057e3b64d422af55e2f41b2c8cf832be01,1234.020243,0.0,UGLY-domer-HAHAHA
2026-06-19 08:34:38,day,culture,63,0x962c3a66dd4ce862da1d3b5f83e8620652fef969,1198.9465649999997,0.0,baseline
2026-06-19 08:34:38,day,culture,64,0x5115160eb59eb7f82e0af3f0c9f0d340ad8fe1a2,1179.15973,0.0,
2026-06-19 08:34:38,day,culture,65,0x80265d2042b57193d645af089d215f5d7a5311f0,1154.577019,0.0,
2026-06-19 08:34:38,day,culture,66,0x376441d19f56d43629d3872324dc2e648e13c5eb,1146.860336,0.0,m3t64 - 815
2026-06-19 08:34:38,day,culture,67,0xf78a94a5e8df10bd9f1307dde3337c6970476537,1126.682719,0.0,kkatanchi - 13112
2026-06-19 08:34:38,day,culture,68,0x69cd9827ce7eb000837c27a60197191dda8e2400,1125.273625,0.0,1423
2026-06-19 08:34:38,day,culture,69,0xa48ee028dee3e4c691381a9bae7f16e710cd7154,1124.5784736259684,0.0,dirmity - 1256
2026-06-19 08:34:38,day,culture,70,0x935f1d59317acc6b72240ae659b46345e123aea6,1097.359049,0.0,jquintanan - 19993
2026-06-19 08:34:38,day,culture,71,0xafd2855a086ad4fba71a7c3f53a4e236f9bc1044,1000.6337970000001,0.0,gpredicts - 2735
2026-06-19 08:34:38,day,culture,72,0x7056f248c5098cce2fb0a062cdd2ab0f8318c95c,992.4739829946448,4825.183741,TheYobama
2026-06-19 08:34:38,day,culture,73,0x31bde87de495e7e0112e4ee60f6591838b2f1a75,982.403051,0.0,LL - 6284
2026-06-19 08:34:38,day,culture,74,0xcf790393daf6c90ca07f0b198a100040a3245ed5,974.302737,0.0,icecreamrocket
2026-06-19 08:34:38,day,culture,75,0xc4be6f1b2d6737006a20ea3c6f4b94b7ce065dd5,951.236348,0.0,archimedes - 2599
2026-06-19 08:34:38,day,culture,76,0x8de5e02553b6afba268e0ccf91f50d881d1f2b04,945.92154761657,4662.650000000001,mistreciberatit
2026-06-19 08:34:38,day,culture,77,0x62d2bcd198bb6eab8b7eeb9d2061815dc02b9eb7,902.0365669999883,0.0,ANudeEgg
2026-06-19 08:34:38,day,culture,78,0x0b30110c445725d8746d61fac60f67da456d375c,887.795887,0.0,cnute - 38312
2026-06-19 08:34:38,day,culture,79,0xb0e63a822ca959f0311a043eded8bf6a0d99a76a,835.0958820000002,0.0,UGLYdomerHAHAHA
2026-06-19 08:34:38,day,culture,80,0x5c74ef117cf3647154b20dc70c86c0ac666d1c9a,821.786648,0.0,Bman527 - 16841
2026-06-19 08:34:38,day,culture,81,0xe6f0bcad743aca1d8eab31b3e72019f222267f00,808.9185815787905,0.0,0xffd01cdb802d35abf484d64f77baf053a3b126f4
2026-06-19 08:34:38,day,culture,82,0x514bed69dd15b0aa7183f985bdce50681a026931,785.3364622901595,1666.67,ProsperIntelligence
2026-06-19 08:34:38,day,culture,83,0x72dfe24820a5aa4037c7f746fd27f433e973387d,762.7309839999999,0.0,Orb-961
2026-06-19 08:34:38,day,culture,84,0xf6129c47f5ef4cab25f3aa67b5e3aaac77b15700,757.2212639999998,0.0,Skip-Earthwax
2026-06-19 08:34:38,day,culture,85,0x8b5eb9aa03850e10b57c447cc58b4e3ce17e5692,753.8156600000001,0.0,cthiebaut
2026-06-19 08:34:38,day,culture,86,0x89404b1194eb41166ab6f9d3efdf6eb11d3b1bb5,752.805575,0.0,MikeMcdermott - 72
2026-06-19 08:34:38,day,culture,87,0x4c0340f93e3c590118fc6e35215d51ce7dc80cc1,752.3515989999992,0.0,terminalline - 20450
2026-06-19 08:34:38,day,culture,88,0x593376993ef3c859013ed1c00064e1939d934b4f,739.532016,0.0,nostra - 4223
2026-06-19 08:34:38,day,culture,89,0x686e6a5b0d5d240e738c3aff0377b9596846fda2,737.276221,0.0,lesserfool
2026-06-19 08:34:38,day,culture,90,0x43372356634781eea88d61bbdd7824cdce958882,730.5288929863455,45.78,Anjun
2026-06-19 08:34:38,day,culture,91,0x8575467a6743c81ef0a8d06acc76e99b454a87fe,729.8443962363272,0.0,products
2026-06-19 08:34:38,day,culture,92,0xd7da4374a7f25bbfc907fa08480f6559c7adca5d,725.370678,0.0,kenzie - 19708
2026-06-19 08:34:38,day,culture,93,0x8e449d8f85c57ccd0b2870ce597aa277045fa6be,721.9535398617707,861.4650260000001,Randomcnobodykins
2026-06-19 08:34:38,day,culture,94,0xb672fadc8ddc4885bfaefb459c8b66822a13a665,721.201861,0.0,benedicthsieh - 18327
2026-06-19 08:34:38,day,culture,95,0x3c125b06575d4ec62c64c782676521b0405662f3,707.9349590000002,0.0,low risk enjoyer
2026-06-19 08:34:38,day,culture,96,0xeb914a1ccf7475232fa078f8121e9c8d2c4a4002,704.963356,0.0,---
2026-06-19 08:34:38,day,culture,97,0xbd493da0c6cba70771dd8b85c805cdc54d2ad059,701.438192,0.0,anish
2026-06-19 08:34:38,day,culture,98,0xaaf4acafbb7980ce93631d238eb10a5c4ca67883,700.4118199999721,0.0,Squee
2026-06-19 08:34:38,day,culture,99,0x368dab93ea5593628d0b7d778c0801fd3f332a24,674.0309443784679,0.0,
2026-06-19 08:34:38,day,culture,100,0x55d84b20bdcc979b505e3344a813748c87355df9,673.959865,0.0,0xelnino - 35119
2026-06-19 08:34:38,day,mentions,1,0x9e8ecc4cb3c4e48f544cba2fbbb252a6a65e8db8,451.60718866610114,7365.729999999999,DREAMBIG.
2026-06-19 08:34:38,day,mentions,2,0xbd109b7fc486d2dd78c7bea143cdd101007bfcdf,211.33333668,8218.81,0x...
2026-06-19 08:34:38,day,mentions,3,0xc6cb9289841eace1219abc274c4c6c6d07167926,183.14622101350997,2157.314004,alsdkfjasd
2026-06-19 08:34:38,day,mentions,4,0x4b8ae011176b76888949476d7fb7a56985faf4a4,170.13754983000035,2662.7083430000002,chessplayer
2026-06-19 08:34:38,day,mentions,5,0xa1a84a33405d4895b9cbb5b6d47b79cdb04b6764,152.84166308,0.0,wenlvmbo1
2026-06-19 08:34:38,day,mentions,6,0xcd9cd64d08499ac9f919155c22ae5f21c9867133,152.73590839499866,20.0,imafish
2026-06-19 08:34:38,day,mentions,7,0xe350d874195530e434ed618c36262ddcbaf4c0c8,150.99649999999974,363.0,failedbet
2026-06-19 08:34:38,day,mentions,8,0x30f67d821c57a54e25e5e521dbd3b5b18309004f,136.96899844608424,1069.978438,shiifoo
2026-06-19 08:34:38,day,mentions,9,0x714f682e577a6892ee921290fd6ad213d11266d5,129.89545000000032,0.0,Poivre
2026-06-19 08:34:38,day,mentions,10,0x48de64f9b224609361539d2cc86d30f0d0190c51,99.57886991999953,32.92,Pratikcrazy81
2026-06-19 08:34:38,day,mentions,11,0x4d1bcbaeed22c6da173b1a356c3c6d2270081419,99.47506824500033,1.38,RolandChang
2026-06-19 08:34:38,day,mentions,12,0x9f92355417d3001149a03e1cdcfecef40d482c2d,98.94448775582994,5927.6447180000005,Ttooot
2026-06-19 08:34:38,day,mentions,13,0xdb405a9ad581a23c68a32b5d5869d4ad5ae73612,98.68068279999997,3160.62,DooBieZ
2026-06-19 08:34:38,day,mentions,14,0xdacf9f8d0341fa3770fae5c7ccd9dcfed23e3c74,96.8829478899952,1499.03,CosmicCedar
2026-06-19 08:34:38,day,mentions,15,0xa58d4f278d7953cd38eeb929f7e242bfc7c0b9b8,67.72541013814771,6153.499183999999,AiBird
2026-06-19 08:34:38,day,mentions,16,0x7bbb2a2730e35844c2a786b9275033ce15cdad2e,58.8951,110.0,niubeee
2026-06-19 08:34:38,day,mentions,17,0xa3e22cd32aa9238ef7dbcfb4761e33b9eaa1fdf8,56.533042809780454,439.117651,pootytherewardfarmer
2026-06-19 08:34:38,day,mentions,18,0x0cb10c40b0776e9ee8cef970af85724654dda76c,49.18595603005815,396.21,ninjaslashed
2026-06-19 08:34:38,day,mentions,19,0xb779436770333f8d584dd8a61fba3910c324ab22,48.36784999999941,119.85,Awestin.eth
2026-06-19 08:34:38,day,mentions,20,0xc9727ed498a58a9e8e8758d51c5a4eb0b752dcd9,44.8659587799998,1189.990713,dyckpaths
2026-06-19 08:34:38,day,mentions,21,0x2375550d3b98ce364476c81f663a0b878cb0691f,43.89983274997576,281.0,0x234
2026-06-19 08:34:38,day,mentions,22,0xceabafdca846e7a31a00a55c089e3d3c0d14dce7,43.76830972999983,0.0,motardio
2026-06-19 08:34:38,day,mentions,23,0x21b48e8e2daa01f531fff08b62f2b4df6cff1f06,43.69558899999975,4340.25,proposal123
2026-06-19 08:34:38,day,mentions,24,0x128be76f9decb982af0e2acdcab658aa0fd30ee5,39.93110000000001,0.0,ithinkthisisfoster
2026-06-19 08:34:38,day,mentions,25,0x0952ffd58769f5e9ad3853edd2dc318ddfcfa44b,36.95355000000018,0.0,gamingcat
2026-06-19 08:34:38,day,mentions,26,0x6216afe19506009a0014ffce6b625c80b94e1bd4,36.10092904999998,59.99,
2026-06-19 08:34:38,day,mentions,27,0x85ee84be50f99d9ec7c379f9c56442aa7529a64a,36.061908315999986,163.0,0x85EE84bE50f99d9ec7c379F9C56442aA7529a64a-1775502961314
2026-06-19 08:34:38,day,mentions,28,0xd850eee235ec87b06d675af9901acc13eec8e26c,34.671432955493685,170.0,
2026-06-19 08:34:38,day,mentions,29,0x0bfb8009df6c46c1fdd79b65896cf224dc4526a7,31.440650000000915,0.0,melganis
2026-06-19 08:34:38,day,mentions,30,0x3d60a4dcf361d6eed01bfadd0c6cfc2ac8866df2,24.976000000000006,35.68,mathacec
2026-06-19 08:34:38,day,mentions,31,0xaf0074d9f5bba163c5c65d0ce2a488ce024f33a7,24.87714500000004,425.0,happyjappy
2026-06-19 08:34:38,day,mentions,32,0xd9fa5d994026ce74d4d85a22725637667be66ee7,24.654275469999988,0.0,
2026-06-19 08:34:38,day,mentions,33,0xd5555147366b7e5bfcea444f4a06a745c18be28a,24.03801963536803,936.030174,mmmbop
2026-06-19 08:34:38,day,mentions,34,0xc33d6aa3eb972639f31e46a6a02201cece380d40,23.462686058396457,2400.266429,penguinec
2026-06-19 08:34:38,day,mentions,35,0x23c46463c281deb26a041fdcc24ae9c5d7629c42,23.43100500000037,0.0,oidocrop
2026-06-19 08:34:38,day,mentions,36,0x25257a6a89dba93dd0c536b6279365632a4eb919,23.351400000000012,0.0,Trading4Fridge
2026-06-19 08:34:38,day,mentions,37,0xa675b5c4692c196cb012e93ccec16131662dde18,22.881088589999997,0.0,desdecero
2026-06-19 08:34:38,day,mentions,38,0xb567608cc44dd0c2a083b3f9eea78e7d973e1575,20.700000000000003,0.0,TradingBear
2026-06-19 08:34:38,day,mentions,39,0xaaa2cde772ab98ea86c9c323802f96daf03ec75f,19.31732971499946,0.0,wholesomehentai
2026-06-19 08:34:38,day,mentions,40,0x2ff332f276682f396f701d9765f7bce2e5184910,16.315819595788,78.815788,
2026-06-19 08:34:38,day,mentions,41,0x516d99159930cbae003756af74fecf61159903e5,14.450000000000102,0.0,Echelonprt
2026-06-19 08:34:38,day,mentions,42,0x3eccb67e467ab5cade77e17fe8b407450d691d30,12.976114999999936,0.0,EmeraldEdge
2026-06-19 08:34:38,day,mentions,43,0x055437346b158f0c4131f1b37563c506d081da2a,12.939192195,26.08,polypocket22
2026-06-19 08:34:38,day,mentions,44,0x9d752f3abe7b08c4546642c68ebcdb447446a06d,11.708334,0.0,polymarketmexico
2026-06-19 08:34:38,day,mentions,45,0xe7fe17248aab26ed24935921fb81bf0a452624e5,11.250000000000004,0.0,Banditoxaxa
2026-06-19 08:34:38,day,mentions,46,0xe9bae88d0762897ebff34f8519ff8a70e23a952e,10.459324920000007,0.0,simsii
2026-06-19 08:34:38,day,mentions,47,0xeced899e5da49dd21b4f0d22823cf2c39496c598,10.374999999999993,0.0,Invictus07
2026-06-19 08:34:38,day,mentions,48,0x7b243a801ba512d41534537f8579a95e7d6eef34,10.300000000000011,70.0,foolishcactus
2026-06-19 08:34:38,day,mentions,49,0x79cc177b1f24a76fc620fbc4396bb07e9d614d02,10.294700000000006,19.8,stra-h11
2026-06-19 08:34:38,day,mentions,50,0x0dedae6a02ea2ff8018ba5f277632919ed1c9025,10.243125490007515,41.0,jcharger
2026-06-19 08:34:38,day,mentions,51,0xd3b50fd651c0f39e302627b962441c61a9d7f7f0,10.079999999999927,120.0,22BB
2026-06-19 08:34:38,day,mentions,52,0x3577763ad9d0d03f8977c74b962df9dea4996eff,9.974577539999999,117.597,0x3577763AD9D0d03F8977C74B962dF9Dea4996EFF-1767394315226
2026-06-19 08:34:38,day,mentions,53,0x907cca2cfe1f46061ac80eaaf62cff8f838623c1,9.819999999999993,40.0,Pablittle
2026-06-19 08:34:38,day,mentions,54,0xc0e0754e04722dce35178cbeaf6e6aff5f0b2838,9.583100000000004,92.84,lucyintheskywithdiamonds
2026-06-19 08:34:38,day,mentions,55,0x7853a4ad0302f9581560784da268ec83a7802d49,9.219999999999999,0.0,Xythes
2026-06-19 08:34:38,day,mentions,56,0x389a21fa2e2445c7f8b915b45b9b009bd641397d,8.111826210002619,0.0,SPY-KT
2026-06-19 08:34:38,day,mentions,57,0x724520ac6ab02cfa66010ef1e44b50b40232099d,7.826538380000002,40.0,0x724520Ac6AB02Cfa66010EF1e44b50B40232099d-1779094991006
2026-06-19 08:34:38,day,mentions,58,0x9a3fa403a6666eef75f92f181fcf13f9c051914a,7.501639999999497,0.0,Rex416
2026-06-19 08:34:38,day,mentions,59,0xa400008ab672cc8a19928aa0a49852f80d1c14bb,7.409381244999992,0.0,0xA400008Ab672cC8A19928aa0a49852f80D1c14bb-1779714772177
2026-06-19 08:34:38,day,mentions,60,0xeeb7b6537407273218a2ebaef1139cf23ab8891e,7.405060455,0.0,timeskaz
2026-06-19 08:34:38,day,mentions,61,0xacfe5bbc96fb4976ecc4693997c063c332bfc247,7.327500000000018,12.5,bakanabaka
2026-06-19 08:34:38,day,mentions,62,0xf2cf3cf7863182c763bce60580a7d20e9333464b,7.224200246709984,318.176665,Mojito9
2026-06-19 08:34:38,day,mentions,63,0xcb0e8bdee43eb0cf091374ebb031304c4de4c5e4,7.116164280000007,0.0,0xCB0E8BDEE43EB0CF091374eBb031304c4DE4c5E4-1778340980759
2026-06-19 08:34:38,day,mentions,64,0xeca0c0888e34df59589c67fbe53dc7f298b5e8f8,6.8490780000001905,0.0,StarMaster
2026-06-19 08:34:38,day,mentions,65,0xf4f88a1e25ff5dfae68326eb62049d6a1b7c5bf1,6.579999999999927,0.0,cosmicsteaks
2026-06-19 08:34:38,day,mentions,66,0x9f2a10f2967c9d63ed36f0880eea5fd7189d3706,6.536000000000001,0.0,98132wxc
2026-06-19 08:34:38,day,mentions,67,0x414900133ee4e311a8072ff1a7ba161cfc7f44c4,6.360614950635,13.379999999999999,cristianoronaldo70
2026-06-19 08:34:38,day,mentions,68,0xcb3b6ed4b431a9401171ba0b2694e2e296d8a2b6,6.2531999999999925,15.44,f54940e77
2026-06-19 08:34:38,day,mentions,69,0xb37f3f453a78aebc6f39bf577f2d53708dadfdcf,5.8114999999993415,0.0,Wwx
2026-06-19 08:34:38,day,mentions,70,0xc6ba0142cee8481d4fdc636646df61ef27e2b46d,5.799999999999997,0.0,ignc.v2
2026-06-19 08:34:38,day,mentions,71,0xc8769416b054a6dfbaad14cb38309effc79b8711,5.7964209749509905,1055.665713,44444444ben
2026-06-19 08:34:38,day,mentions,72,0x816b8451382b8e9cb66972fa4dd4777091739ec7,5.696509999999989,422.06,solomillo
2026-06-19 08:34:38,day,mentions,73,0x998b3ad9fc8219f4a9ef374196ffbb690832db96,5.656332499999934,8.7901,0x998B3AD9Fc8219F4A9EF374196fFbb690832Db96-1776201383464
2026-06-19 08:34:38,day,mentions,74,0x716934e59ade35d8c7469816542e368e744e3ca6,5.244781850500004,0.0,0xd0496d05595247dd3d1f8c66558e634d791269d
2026-06-19 08:34:38,day,mentions,75,0x92a6294cd55b9c6ccd57efaffc365ad943118b84,5.198300000003428,0.0,Trustinghorse
2026-06-19 08:34:38,day,mentions,76,0xf571d53f888d98525021c14da4044da6e349d2dc,4.659684819999882,8.96,qcp10
2026-06-19 08:34:38,day,mentions,77,0x61a0ed614dbca50907c614d1a292f3e90a2f0ae9,4.3769300699999985,0.0,solidsnakeronin
2026-06-19 08:34:38,day,mentions,78,0x7b35c7f4d18ea93b7f7dbf28b00746ffdb2570d9,4.372166665000002,12.0,
2026-06-19 08:34:38,day,mentions,79,0xbe0e2ccaba04e1cff6328df819aba5648578d429,4.35250219999989,10.0,hesure
2026-06-19 08:34:38,day,mentions,80,0x47f356e6c235aca603f36d206634118346dde50a,4.025000000000006,20.0,0x47F356e6c235ACa603F36d206634118346dDE50A-1769750502777
2026-06-19 08:34:38,day,mentions,81,0xf08848b2f70524573ca48f6c44069f635270f575,3.871924044999999,0.0,Pritanis
2026-06-19 08:34:38,day,mentions,82,0xa59f4fc2457fc36fee616fe5eda31e282bd511bd,3.6762956191329996,5.319133,Testtv2
2026-06-19 08:34:38,day,mentions,83,0xe8cde51416ce4562a26be7970e8ab76c490816c8,3.574138562500001,0.0,MAGALFG
2026-06-19 08:34:38,day,mentions,84,0x0e935a8486b7e044b6b4195af7acd280163b6a82,3.565566585000113,20.0,0x0e935A8486B7e044b6b4195af7ACd280163b6A82-1778525694471
2026-06-19 08:34:38,day,mentions,85,0x30687f44db250f7d914acb4ddc9634c3400e083d,3.3112350000019433,0.0,YoungMoziRPG
2026-06-19 08:34:38,day,mentions,86,0x8415583fffe5b258cd5f356a20c95641a9edb087,3.2840906595,0.0,greatgooglymoogly
2026-06-19 08:34:38,day,mentions,87,0xf3f2e9aa5426213cbb7866314cf8ae8ccb5ac0eb,3.1413041404999973,0.0,tbkboss
2026-06-19 08:34:38,day,mentions,88,0xee213de5ec7ab93c72bcad3c2c76552cb56de2fe,3.0363000000002103,0.0,idhjdfo9u23urjp2jt2-wu
2026-06-19 08:34:38,day,mentions,89,0xc6e3d7fd9dfd5e26a4688ac5518a03331e466867,2.9998809999999994,363.98,JERRY66666
2026-06-19 08:34:38,day,mentions,90,0x089fd80bd21df5abe0ff64044652ab1f60def599,2.883295961537,8.25,
2026-06-19 08:34:38,day,mentions,91,0x81fa36e478098dd2669fedeff133b01d2d960b25,2.846156326152,0.0,0x81Fa36e478098dd2669FEdEfF133B01D2d960b25-1781121458750
2026-06-19 08:34:38,day,mentions,92,0x32960172f2d21399cd98bfd1b7069fcb70cf3a43,2.8313289865000026,0.0,0x32960172F2D21399CD98Bfd1b7069FcB70cf3A43-1780982872095
2026-06-19 08:34:38,day,mentions,93,0xcab1a13e4657cab32161444e55d2fe803ea67dfa,2.6843999999999966,100.0,0xcAb1a13E4657cab32161444e55D2FE803Ea67dfA-1770581419156
2026-06-19 08:34:38,day,mentions,94,0xe4ab8f70db1ef65630dc71d9f1a2933a645f7d30,2.679665660000001,21.23,sm-s01
2026-06-19 08:34:38,day,mentions,95,0x657ce98bbb6bd563cc7f33652f1ddcaf0de366a3,2.6755,0.0,Lumens
2026-06-19 08:34:38,day,mentions,96,0x4aa87d513621c74a091f514e9c14b52377f46531,2.6299999999999955,263.0,0x4aa87D513621C74A091f514E9c14B52377F46531-1779355201172
2026-06-19 08:34:38,day,mentions,97,0x66914a53e4f0ef183741e079ff0f3edf64ea962c,2.624149999999993,0.0,Jefferyep77
2026-06-19 08:34:38,day,mentions,98,0x4da64bbaefa0c2955d49728f58df2a64c1780baa,2.5996665750000005,0.0,0x4da64bBaEfA0c2955d49728f58dF2A64c1780baA-1780423021681
2026-06-19 08:34:38,day,mentions,99,0xd798717d5bcbf64df69d6b779f298e98865d117f,2.5281121318079993,0.0,Dtwohig
2026-06-19 08:34:38,day,mentions,100,0x34cb173d34b6c8de809399dae2a595a525827588,2.505288105000009,988.3199999999999,richardd
2026-06-19 08:34:38,day,weather,1,0x542aae10712e812bd71d792861ec5a570aa8a81b,1382.7740620000002,0.0,Blind Chicken
2026-06-19 08:34:38,day,weather,2,0xc7d02944a76b9f83b199e9090ecc92c82d241f8a,782.3804110716992,14802.179396,0xc7D02944A76B9F83B199e9090ECC92C82d241F8a-1776944395495
2026-06-19 08:34:38,day,weather,3,0x3069c1002bd0bb6aec054c7a27722919df95f8ef,781.7234791560004,0.0,Orion96
2026-06-19 08:34:38,day,weather,4,0x46992d0e547e3822a9c28723f51bfa804ae4e03c,711.4485252900039,14282.219999999998,anon.1980.123
2026-06-19 08:34:38,day,weather,5,0x2480d18ea391bda8f9dbb38431fa591517c63c00,692.8626191200001,1110.36,jonnyquakes
2026-06-19 08:34:38,day,weather,6,0x5ffea747575581e8d2dc5e23c47ab98c1638e48b,615.4530920870693,3692.6023849999997,0x5FfeA747575581E8d2Dc5E23C47aB98C1638e48b-1777529589397
2026-06-19 08:34:38,day,weather,7,0x0e8d61f16a2373931ffbfc2993f046e33286dfcc,567.7359300000007,0.0,GummiMummi
2026-06-19 08:34:38,day,weather,8,0x8a4c788f043023b8b28a762216d037e9f148532b,551.459757000001,0.0,theo5
2026-06-19 08:34:38,day,weather,9,0x564735dad6be7134f551baed03769f2402cede1d,522.3453342196907,1128.767378,fortniteplayer
2026-06-19 08:34:38,day,weather,10,0xaa930fdc4caa3c0f6067404a7bd7899ca45f0bc7,516.0368973679033,2037.976655,Lex-tang
2026-06-19 08:34:38,day,weather,11,0x32e3742a6dd363c3dfdba700b77f845ec99ad066,499.9895920000001,0.0,zubbybadger
2026-06-19 08:34:38,day,weather,12,0x17e0504da9a42b1ba021e5e22802f34a42bffe5b,490.11102078374824,7221.630425,pedrobueno
2026-06-19 08:34:38,day,weather,13,0x702e2cd7a34372405f24534e25012a6da4284357,480.6493306521679,2041.8594890000002,0x702e2cd74357405F24534E2
2026-06-19 08:34:38,day,weather,14,0xba63d3a0105a3c01bfa561015c36911c8d1536dc,474.50481529863737,1483.3126100000002,0xBA63D3a0105A3C01bfa561015c36911C8D1536dC-1769606304708
2026-06-19 08:34:38,day,weather,15,0x044f334595a7fd42c143e11c8ec47f23c8d1d1f1,465.03001518420206,9398.270859,gghff
2026-06-19 08:34:38,day,weather,16,0x4f1164d1531b8fb77919df285c576628318553b0,435.96769898309003,9187.356089,yourthos
2026-06-19 08:34:38,day,weather,17,0x8b6f9ecf0a471eaaba941b2bd32c7a00586cb9be,429.1995723837806,6909.962695,shamu10086
2026-06-19 08:34:38,day,weather,18,0x7e0c371faed99a1f76bc4723bd3f15a2c41f8b5e,412.073066778328,14249.130491999998,anonymous58371
2026-06-19 08:34:38,day,weather,19,0x97abe233a0eb7f3b1a23c6e083892d6d05baa19f,408.97988133000035,3173.79,0x97abe233a0eB7F3b1A23c6E083892d6D05Baa19f-1722790943967
2026-06-19 08:34:38,day,weather,20,0x3016065355d3a39891d11d90d0a6b6687e9d54e9,387.7312326401402,20493.218289,donkrea
2026-06-19 08:34:38,day,weather,21,0xcf7c3d0c796b2aaaccfd613236431a0ec7cdf2cb,374.4810110000001,0.0,Kickstand8
2026-06-19 08:34:38,day,weather,22,0x6400219cccc8eaaa22729253111fd6660d20331a,362.2090373334181,13082.112176999999,0x6400219CCCC8EAaA22729253111fD6660D20331a-1759869298583
2026-06-19 08:34:38,day,weather,23,0x52ebca459280966f4a56240a05e38df8527067ac,346.21121199088066,9900.591352999998,merz1305
2026-06-19 08:34:38,day,weather,24,0x01ced860d8dca5d7987579d2a2635df8520d27a2,323.3050137236005,2723.825566,CreamCream1215
2026-06-19 08:34:38,day,weather,25,0x9baebe30d1cefe0ac5be4be85189c9fa33e95d34,320.5306710000001,0.0,tinman2
2026-06-19 08:34:38,day,weather,26,0x182addd8096bbd0fc0f609a6e3887f67fe82f847,294.16790060155654,8449.699117999999,cmcbrown
2026-06-19 08:34:38,day,weather,27,0x1abc2b469b5ded495d6c8b21fc79dcb8d8f345e7,286.1479143862671,9083.940997,0x1aBc2b469b5dED495d6C8B21Fc79dcb8d8f345E7-1778811281023
2026-06-19 08:34:38,day,weather,28,0x40d034598fa1c2a22a63353637c0825fd82d7c22,281.3737008605003,0.0,BetPure
2026-06-19 08:34:38,day,weather,29,0x6011655c4afb76f36dd1b08a137a1ba73466b31e,278.015813378679,7907.756960000001,HighTempTation
2026-06-19 08:34:38,day,weather,30,0x662e8b1d8b5ccefff22e8799306ae4f4110a4b20,277.0572319999992,1759.9479999999999,0x662E8B1d8b5cCEFFf22E8799306aE4f4110a4B20-1773318981383
2026-06-19 08:34:38,day,weather,31,0x37de5810f247a0cba8dc95b626bb4e7b9b32f512,277.0477040873342,3732.3713470000002,horse2026
2026-06-19 08:34:38,day,weather,32,0xeb68675c06e0bb9f08ba510550912d77289ce362,268.63358249109933,4756.946411999999,0xeB68675C06E0bB9F08ba510550912d77289Ce362-1778811892036
2026-06-19 08:34:38,day,weather,33,0x02492788452e1a458d71298120b100364cad5b4b,266.4643571165002,890.77476,Tango22
2026-06-19 08:34:38,day,weather,34,0xf2f6af4f27ec2dcf4072095ab804016e14cd5817,250.4302034669672,0.0,gopfan2
2026-06-19 08:34:38,day,weather,35,0x5a218c7ad04135830a45c41aaed7294df7809318,248.60758425149197,18981.658462,balthazar
2026-06-19 08:34:38,day,weather,36,0xae4c91d9c9ddd6b3c372f1c3a666cd6304a9d114,247.51150282378126,3708.6693869999995,helloSparrow
2026-06-19 08:34:38,day,weather,37,0xdbf08158da8516f5b9535ce60ae00b702ea8ff09,245.47255986117602,7149.383949000001,MarginSafety
2026-06-19 08:34:38,day,weather,38,0xd302c20b7618cda8077d3011b9501a836d758cbf,245.4642548999999,5641.73,0xD302c20B7618cdA8077D3011B9501A836D758Cbf-1777250857426
2026-06-19 08:34:38,day,weather,39,0x77f069c3233901628c89d0e8ea5bb510a2822b1f,242.99736994720934,5555.667385000001,cleaningLady
2026-06-19 08:34:38,day,weather,40,0xf421705cbe3dd07db21ddd4a61eb8cce9386efce,234.72017295830352,5469.275567999999,OlympusHive
2026-06-19 08:34:38,day,weather,41,0x37e7a3abaefef459941fe8698ae39d03057ec2d1,231.8022908147102,719.487455,NERO-HJ
2026-06-19 08:34:38,day,weather,42,0x4e72c22cd76f9973a48aedfd79feeaacc8b7ffb9,229.76135682802692,5074.724920000001,0x4E72c22CD76f9973a48aedfd79FeEAaCC8B7FFb9-1778811541343
2026-06-19 08:34:38,day,weather,43,0x2a3a5ec2b6979faab43ee866e496c8f5da1c00b2,219.73254526900004,750.2,Coolnyul3
2026-06-19 08:34:38,day,weather,44,0xd8f8c13644ea84d62e1ec88c5d1215e436eb0f11,218.97100507459982,6144.5592369999995,automatedAItradingbot
2026-06-19 08:34:38,day,weather,45,0x95060d8644127a5f06f158102f21e87b18271cd8,216.91396600000007,0.0,just read the instructions
2026-06-19 08:34:38,day,weather,46,0x0786dae11f63aa97035bd5facdb1168624c1df1d,215.6549481351999,1635.939721,0x0786DaE11F63aa97035BD5fACDb1168624c1DF1d-1777167636562
2026-06-19 08:34:38,day,weather,47,0x565e2a6c5f7a82a439cf70ff6a331071f95e875d,215.58153366111083,931.106532,Oliver1978
2026-06-19 08:34:38,day,weather,48,0x24edd5f8eab7f66a77fd5b7f4e7c507761ed8a18,215.2324482987629,446.887733,SXematoz
2026-06-19 08:34:38,day,weather,49,0xa4cd59fc022a2e38e02ca2ba5a982b26c392e2ab,213.31093020338062,0.0,velvetdaisies
2026-06-19 08:34:38,day,weather,50,0x88394534c6d050ac528964a2df5928dc5935ddb5,204.36113024710698,1667.2482220000002,ZhouYi-talk
2026-06-19 08:34:38,day,weather,51,0x1cdd071bb612de6d66d0c882b676c663697de595,203.57222045955132,64584.93824699999,Lavincey
2026-06-19 08:34:38,day,weather,52,0x31646b754f77b973910e7376b7015cb81fe83c65,201.64186046784835,3826.2171129999997,Mr.Z.
2026-06-19 08:34:38,day,weather,53,0xb2e42d29690b7b63335a03c0fd5e64df0681b7f1,200.89646390602775,5243.9198240000005,0xb2e42D29690B7B63335a03C0Fd5E64Df0681B7f1-1778811987251
2026-06-19 08:34:38,day,weather,54,0x652d6be4a7532227fd1dc3d3c69b0a0a1dc446b3,199.33426662780766,25427.998581,0xALJJ
2026-06-19 08:34:38,day,weather,55,0xa09d35cd5d693f247f33f84bbaec816315d8af80,196.51794814157347,10692.596598,0xa09D35Cd5D693f247f33F84bbaeC816315D8AF80-1760963487396
2026-06-19 08:34:38,day,weather,56,0xdce009215842ab4143c4befc1240c7bae0e41d75,196.45219059600004,0.0,saladcat
2026-06-19 08:34:38,day,weather,57,0x1ba75514fa9dcd48d5eea3a2ae7c1fb990353d88,189.94820125950002,731.0,mahmed-abula-ibn-mahmud
2026-06-19 08:34:38,day,weather,58,0x2d0fbf6995692cc56f21171a9993be04436a81aa,189.54600095178102,6958.51149,Happening9014
2026-06-19 08:34:38,day,weather,59,0xb911a44691574f645e1f636930b1bbd79fa4d6d0,187.88177719999996,0.0,lee-metamask
2026-06-19 08:34:38,day,weather,60,0x35e6f6d3b7d55d89615e511954c3ff4316e87a4d,181.53986538962704,2759.4595369999997,seedlings
2026-06-19 08:34:38,day,weather,61,0x2b8c0ed1252d1cf1ee4c47c8d3cf94d87aeb4406,178.85459524249458,2262.116994,opentrading
2026-06-19 08:34:38,day,weather,62,0x06a31df91c87a8df3b5699cbf4e4eb9e0b58fa45,175.00243835070216,1686.618891,LightningArbCap
2026-06-19 08:34:38,day,weather,63,0x6b17d237e6b7f74ce8171d6dc68e07bc21c803b2,174.29062623312603,2848.662453,rocky42007
2026-06-19 08:34:38,day,weather,64,0xf4193868f769301f8c046382fd34fe0e1efa5f89,172.83827093300079,60.21,fred5k
2026-06-19 08:34:38,day,weather,65,0x77357b4fcc685e5ba9e67b7ba00f8ae059c34740,171.95056514594398,1118.552208,
2026-06-19 08:34:38,day,weather,66,0xeb31cf3a8d7cee01c515f9d0ea0cd28215ab3952,170.75846202600002,0.0,0xEb31cF3A8D7CEE01c515f9D0Ea0CD28215AB3952-1780083976961
2026-06-19 08:34:38,day,weather,67,0x5028d34cd2691f64255971410d595289a2a191c5,166.618367389848,1105.511483,rocky42001
2026-06-19 08:34:38,day,weather,68,0x116db6298abcdefe06f9f5458c293c7de185fbf1,164.23520888930943,18781.860912,opopv
2026-06-19 08:34:38,day,weather,69,0x09d9ff5154baa713c13377029924c016127f1b48,161.39811022150005,399.982087,westerlies
2026-06-19 08:34:38,day,weather,70,0x4989bfed5900ba096b08ba1f9b718464527c983e,161.22245068617195,1763.849702,weather.macau
2026-06-19 08:34:38,day,weather,71,0xf875cf328c6d840fbe87b2228c837952559f814d,157.04456298849988,670.4,BackToProfit
2026-06-19 08:34:38,day,weather,72,0x569e37de70cfc302405dc0577ae46f3140bc67db,155.31013899999994,0.0,datNiqqa
2026-06-19 08:34:38,day,weather,73,0x619051785a0ef3398519704753ebfddc559e5e11,154.0857206700002,0.0,babag1
2026-06-19 08:34:38,day,weather,74,0x593716b79fb30a506250753822a97b487077ae8d,153.5136636448549,1281.753092,CanyonGrizlON
2026-06-19 08:34:38,day,weather,75,0x1fe8885f82c4e395c8ba6dc1072113384f826e25,150.4695899479998,786.1199999999999,spicy3
2026-06-19 08:34:38,day,weather,76,0x49ebd7ba46eca5e7a7336027d7b46792bf39cf37,147.95099285549986,0.0,Makesmesicktomystomach
2026-06-19 08:34:38,day,weather,77,0xbc13d65fadbaa2bb38e4612968e3f5127ec05eb6,147.408490384405,1542.5109510000002,trustbrad
2026-06-19 08:34:38,day,weather,78,0xd6a8f78e03f156228fb87fcb8bafea5b92fa58fd,145.0619310090051,198.0,rocky42005
2026-06-19 08:34:38,day,weather,79,0xd23f8c8aab13cfb2a35da40b67f8471faf9894a1,144.72421255536983,37823.523706999986,Corlys
2026-06-19 08:34:38,day,weather,80,0x33118aa4bd707fb3cc0e0e7ec1c4c3490dc2d659,140.87291287205312,770.7873480000001,0x33118aa4bd707FB3cC0e0e7ec1C4C3490Dc2d659-1775127216597
2026-06-19 08:34:38,day,weather,81,0x919698b19427cbe6945b0dc823f2d9e126a4d934,140.6842608195875,3031.3177050000004,wuxiuming
2026-06-19 08:34:38,day,weather,82,0x52dc66f3dbbc3349636ded07fae8f654b56333c9,138.5561105733422,3209.255135,CRonaldo777
2026-06-19 08:34:38,day,weather,83,0x229c0a7d92977a9934e5ac2348d507988996b966,138.03397446824533,4189.947853,qqqppp-l1
2026-06-19 08:34:38,day,weather,84,0xb19a9f623a9df7e45eb4cf3a8304a1760bd97cb7,137.37673595100023,0.0,Transportlag
2026-06-19 08:34:38,day,weather,85,0xe987422a343f76702d8bf8e69c317f7ec21b81b7,136.6310249684998,0.0,0xe987422A343f76702d8bF8E69c317F7Ec21B81b7-1779804683914
2026-06-19 08:34:38,day,weather,86,0xe7123a5454f9be0a197d5909d2720a4d473c9a10,131.7825322305839,888.319857,alexbita
2026-06-19 08:34:38,day,weather,87,0x21ffd2b7a212a6f277ed3eca1a9f8efcbca90d71,131.36339327973064,29683.712223000002,Haradwaith
2026-06-19 08:34:38,day,weather,88,0xeb54562f0132336a725d1303f6110136161dd452,130.41864450149978,0.0,50kcasestudy
2026-06-19 08:34:38,day,weather,89,0x3f4ce230d8f6d6ce4fcb011d81c7b7efa5d1631c,128.038,500.0,0x3F4cE230d8f6D6cE4fCB011D81c7B7efA5D1631c-1768672359819
2026-06-19 08:34:38,day,weather,90,0xa81eefec9c08fa157d855f1ac5caf8feab1903dc,122.99527500000033,0.0,Snow-White
2026-06-19 08:34:38,day,weather,91,0xa2f75d5ba0cf3e9289d4c290374936a8bc1c10d3,122.34692900149992,0.0,cplyrcmol2
2026-06-19 08:34:38,day,weather,92,0x9ba7db02193612ca5a4cb85ee41af1707ec39321,121.18860768349995,563.19,kingkin
2026-06-19 08:34:38,day,weather,93,0x38e2f5d6d1693a365e22b7ca0c715f8d92da2909,120.91199198172467,2056.8213720000003,0x38E2f5d6d1693a365E22b7ca0c715f8d92Da2909-1774307530180
2026-06-19 08:34:38,day,weather,94,0x377326c9360302d15d5ce7f7ad5718e27837f0dd,120.65234525148026,1399.9894679999998,Alegrandebig
2026-06-19 08:34:38,day,weather,95,0x17bd8a9d2f9f5754d327528d28797aed50a6f0ba,120.60601483501699,899.885539,eyeonu
2026-06-19 08:34:38,day,weather,96,0xc317ca6d5af6b758720ee087eb3f83ca2f4ba731,120.498772435,0.0,CyberGod100
2026-06-19 08:34:38,day,weather,97,0xcc09af8b0f479ad33f6897b2dc77393b090388ed,119.34852986622536,2688.616675,jcforthepride
2026-06-19 08:34:38,day,weather,98,0x5a7c30afbe4c8bc49b2057f030ab068a91e6d7b8,117.17313514999933,1945.87,chang1130
2026-06-19 08:34:38,day,weather,99,0xafde461fce5aa0fabdb7711c59db93b65e343e1d,116.45826013389888,29132.574617999995,opopv2
2026-06-19 08:34:38,day,weather,100,0xb89bfe9b9813607adf83489e0dca6ab25c4d1a22,115.55252656050016,6527.866999999999,fastestclick
2026-06-19 08:34:38,day,economics,1,0x0c0e270cf879583d6a0142fc817e05b768d0434e,38071.510682769964,9999.0,The Spirit of Ukraine>UMA
2026-06-19 08:34:38,day,economics,2,0x182bd8bf2f11a572c4ec686aae3a0d919adcf3d3,24248.633606100047,0.0,peoplearestrange
2026-06-19 08:34:38,day,economics,3,0x5235578efe24555b0c98e7dc10a902b09089c04a,22637.40206135201,0.0,back-in-whack
2026-06-19 08:34:38,day,economics,4,0xa309f903dbbd559e87d8d368834b8e41355c4cf2,21382.489760352997,0.0,dlkf
2026-06-19 08:34:38,day,economics,5,0x714a685b5454ea4d52979563bbafa77b8168ab2f,16390.205923618996,0.0,pada
2026-06-19 08:34:38,day,economics,6,0xc6dd722558dbfbd8fa780efcbe819ed8c6604b9f,15551.640164340264,10005.0,tourists
2026-06-19 08:34:38,day,economics,7,0x17e313bb9173febb23c865a2ef8a4e8e0eaf9ba5,14117.242390440004,0.0,hymolu
2026-06-19 08:34:38,day,economics,8,0xf66166919d7d7afc3406d2dd36dd954a2f822259,13201.985060687031,0.0,suvorov
2026-06-19 08:34:38,day,economics,9,0x22e4248bdb066f65c9f11cd66cdd3719a28eef1c,12626.358257558,0.0,ProfessionalPunter
2026-06-19 08:34:38,day,economics,10,0x1a3fb05e94caef23e28905767cd603eb574a6dea,9526.708835320016,0.0,alextalley
2026-06-19 08:34:38,day,economics,11,0x334b261e6ab81287841c1e8c9326a149b8bfd971,8719.270821700007,0.0,treesanddreams
2026-06-19 08:34:38,day,economics,12,0x134a63b764ac7b008356e8db1857db94e6b09e42,8466.66434319154,8234.0,Bertapotamous
2026-06-19 08:34:38,day,economics,13,0xfc2f4f50ce2f6045d35558a5e2d8d4b2ac6610c7,8367.585192372304,92135.27677099999,0xFc2F4f50ce2F6045d35558A5E2D8d4b2aC6610c7-1769097007451
2026-06-19 08:34:38,day,economics,14,0x8c66e28fbe7ede7f57ba6cbc70408dff442944f3,8143.730321224844,14000.0,0x8c66E28FbE7Ede7F57bA6CBc70408DfF442944F3-1777220320442
2026-06-19 08:34:38,day,economics,15,0x20bcdf5a9c7696d1134cba8d77067d2a967fa3a7,7609.57500000007,0.0,Ryan888
2026-06-19 08:34:38,day,economics,16,0x6000bd089eafe43b6d58b44a590c5d6dd643f302,6292.753825740001,0.0,timmythewhale
2026-06-19 08:34:38,day,economics,17,0x7bb244d0c70293e66dee84f3d0623fbbbf7d682c,6024.807699293498,0.0,WongKimArk
2026-06-19 08:34:38,day,economics,18,0x3a8aa345d5db7ec5138298c8c4f4540259be7699,5838.417078562503,0.0,TheReturnOfDarthMaul
2026-06-19 08:34:38,day,economics,19,0x44c1dfe43260c94ed4f1d00de2e1f80fb113ebc1,5480.472062785397,25608.81204,aenews2
2026-06-19 08:34:38,day,economics,20,0x96b59f71f635da5da031e3e93448c54fe226f5e7,5454.25681087414,0.0,ExhaustedBoyBilly
2026-06-19 08:34:38,day,economics,21,0xd3ecb2aee0d65622da559ff356b00e8c2e626603,5135.878444797279,4000.0,sabsabinxz
2026-06-19 08:34:38,day,economics,22,0x71abe97b83eaba3f06cb04fd4d9a03ee37d2f015,4177.258395887999,0.0,groth
2026-06-19 08:34:38,day,economics,23,0xcca90a5d3c8f2d6663817e3650d6adbe9ab44c9f,4155.883223099998,0.0,0xcCa90A5D3C8F2d6663817E3650D6aDbe9aB44C9f-1772395966516
2026-06-19 08:34:38,day,economics,24,0xd7f85d0eb0fe0732ca38d9107ad0d4d01b1289e4,4094.189463350005,0.0,tdrhrhhd
2026-06-19 08:34:38,day,economics,25,0xc0402e527a464e782bca96f802c77e5db8d8beac,3941.3857578460047,4045.45,23449
2026-06-19 08:34:38,day,economics,26,0xdc4f08727c65afc4731b75cf1ed265666b7b4652,3297.6049994040222,0.0,third-eye
2026-06-19 08:34:38,day,economics,27,0x42abb0c4c00b3ca9c0e5dea7f5c4459d23673e26,3240.6966004000024,0.0,brainlag9000
2026-06-19 08:34:38,day,economics,28,0x2c41d0ca2b4b2344912eead711f28cd4dcff133e,3189.158387260006,0.0,lineth
2026-06-19 08:34:38,day,economics,29,0x398816c2f74b28c3287598a4992211fa661d7a45,2999.7162094500063,0.0,Lihong62
2026-06-19 08:34:38,day,economics,30,0x626ecb3e147226e19aa6a14d99e6dfa02848fa46,2850.7318776400016,0.0,NotTheSharpestTool
2026-06-19 08:34:38,day,economics,31,0x879752bca887bc247ba883a52bc45e9c6be6bbbe,2780.4314159590067,0.0,singularityman
2026-06-19 08:34:38,day,economics,32,0xbbea56528e414e3a494c5bc23d93770cc91ae2b0,2746.573270770001,0.0,WindTakeMeNorth
2026-06-19 08:34:38,day,economics,33,0x5739ddf8672627ce076eff5f444610a250075f1a,2715.4375753000013,0.0,hopedieslast
2026-06-19 08:34:38,day,economics,34,0x93fb8127a1b21a112b11af936361225df0563e4a,2700.0,0.0,LlamaLoco0000
2026-06-19 08:34:38,day,economics,35,0x41e8266341517750bec28829015b5289fe00b994,2685.9000178500028,0.0,0x41E8266341517750bec28829015b5289FE00b994-1766188710954
2026-06-19 08:34:38,day,economics,36,0x246b6f2cf1eb3c74ab82b5d7288ef49baeed1196,2633.673134700004,0.0,citra
2026-06-19 08:34:38,day,economics,37,0x9ffe14d8b1e05c23430c8592cd8ec30f70658edd,2617.4787167699983,0.0,tfg50
2026-06-19 08:34:38,day,economics,38,0xa9fe4929d4ea1525ca03bd0ff68ea1fbf9e7f135,2581.5510296700013,0.0,novv25
2026-06-19 08:34:38,day,economics,39,0x51558e4723041ca62f640d1cb56ea94bcaf2a7dd,2575.9522030954904,57405.393067,kukasistaken
2026-06-19 08:34:38,day,economics,40,0x60567382d04d7af8776eea04468a918519ebc27c,2489.2016844909995,0.0,akimbogod
2026-06-19 08:34:38,day,economics,41,0x5a1c1697c0d1756616faa712416e9d459e0f49c1,2455.6255912040006,0.0,forgotmypasswordagain
2026-06-19 08:34:38,day,economics,42,0xbcf30627403bcdfc14b3b1759a69caa6d4f59d88,2386.279802052004,0.0,PamBondiBonds
2026-06-19 08:34:38,day,economics,43,0xa1d82aa07258aac95b2a7f0893f740a37ef1a786,2248.2078775200034,0.0,IHeardLoveisallyouNeed
2026-06-19 08:34:38,day,economics,44,0xe87f2c8db31af60d9b8fb28bc390fd891cb67d85,2245.689828180006,0.0,0xE87F2c8DB31af60D9B8FB28bC390fD891cB67d85-1767548376380
2026-06-19 08:34:38,day,economics,45,0x0d15e2724df455f9e65b15104d21d76412a2c454,2049.4885730700007,0.0,e88888
2026-06-19 08:34:38,day,economics,46,0x453ae5e896ea243f332ed97c1c77bf2888ce81d2,2047.5791509200062,13267.82,5038813185
2026-06-19 08:34:38,day,economics,47,0x9c2617462567859fcf5764e03b9a687ebca274bc,2047.4994326899978,0.0,Tigerofthehood
2026-06-19 08:34:38,day,economics,48,0x2b9dd0a3ae93bf0d08ef733650bb9002160574f5,1998.3651959355016,2182.0,grinder456
2026-06-19 08:34:38,day,economics,49,0xe0dbdb7f005f233f4510e4ef7e53a2f76a8df44e,1983.362566740001,0.0,lug
2026-06-19 08:34:38,day,economics,50,0x9e7296fc4776144f60db9a5943ff2051696599c4,1886.1931018800033,0.0,carlos484
2026-06-19 08:34:38,day,economics,51,0x066a7727f53124db18aa963f900bb95b36f7550d,1856.82240714,0.0,LeftieFTW
2026-06-19 08:34:38,day,economics,52,0xd34bf815245d5bcea098cb0ea17df360b5c50004,1855.8746376500003,0.0,Jest55
2026-06-19 08:34:38,day,economics,53,0x879247bf7570a40d193dd3bb9118820e0b194174,1793.7073643700005,0.0,hosoon123
2026-06-19 08:34:38,day,economics,54,0xeb22f4735df6bd5d14e1b5fd10faefa7757d808a,1789.4426178924991,34453.36,BigRabbit
2026-06-19 08:34:38,day,economics,55,0xfca73c8e6965e8d05a063edeae032605e05c5d82,1754.5254630699997,0.0,0x7bABFD88f7c3671294809a18Bf0f88e593544E24-1758075453596
2026-06-19 08:34:38,day,economics,56,0x3c4c03892f47d3166ee049a48a73d4743a17dd95,1754.4237000000003,0.0,RobertoRubio
2026-06-19 08:34:38,day,economics,57,0xe961babbccae0be01c2f6b5f28f8d002e332ef1b,1749.0489819600007,0.0,Kryptogram
2026-06-19 08:34:38,day,economics,58,0x06ac70013cd0c7992ec830ad5df9f7f66d5b79ec,1739.9935009799988,4000.0,eastpak
2026-06-19 08:34:38,day,economics,59,0x2458489f779c836fc773135d81b08ead95ccf8e7,1724.5958615370964,3994.9094689999997,neuroplasticompany
2026-06-19 08:34:38,day,economics,60,0x78048aa26ac1967566b8ed11910b529e5f2d7025,1714.9212590190145,0.0,HorribleWork
2026-06-19 08:34:38,day,economics,61,0x2e0b70d482e6b389e81dea528be57d825dd48070,1713.3612739910022,0.0,Trump2028
2026-06-19 08:34:38,day,economics,62,0x199df422f3460e56931a6af1643a0bb97a9a6e7b,1576.7099000180006,0.0,0x199dF422f3460e56931a6af1643A0bB97A9A6E7B-1723168998413
2026-06-19 08:34:38,day,economics,63,0x8e77537e059837d3c2ca5b4efe75e74e9498c4f3,1569.3222695439981,2162.251501,dwpoker
2026-06-19 08:34:38,day,economics,64,0x9c987f84d18a4dd640909409b31212fbb805f4f4,1557.5079473400037,0.0,Moonshot1019
2026-06-19 08:34:38,day,economics,65,0x7b02b2bac2a30ed5e40b7094e734f4c3dc2a4991,1509.7028202130314,0.0,foodenjoyer
2026-06-19 08:34:38,day,economics,66,0x51dc2872794673e01bff2edc7034b44ed7e4423b,1493.2240704600003,0.0,0x51dc2872794673e01BFF2edC7034B44eD7E4423b-1779994657897
2026-06-19 08:34:38,day,economics,67,0x963137a0ba0b02ebf6f37710023cc1b0303289a1,1491.1727390000015,3000.0,0x963137a0BA0B02EBf6F37710023Cc1B0303289A1-1764031525036
2026-06-19 08:34:38,day,economics,68,0x4da76bbf120899fc10fa6e0aad4bffdd19a7355e,1439.9984471400012,0.0,degensruletheworld
2026-06-19 08:34:38,day,economics,69,0x1ddbdf5885336aaf17245933d55ea5d612d844c4,1432.3941883799998,0.0,HockeyGuy
2026-06-19 08:34:38,day,economics,70,0x7c9df67aec7b97d6f6ed1b433dedb9a03093acff,1405.8863999999994,0.0,Tanjirooo
2026-06-19 08:34:38,day,economics,71,0x027e587a1086809d1a00f22216bef6a808f1c97f,1387.9526657880033,0.0,AndreasSchm
2026-06-19 08:34:38,day,economics,72,0x3069c1002bd0bb6aec054c7a27722919df95f8ef,1314.7180577999998,0.0,Orion96
2026-06-19 08:34:38,day,economics,73,0x000d257d2dc7616feaef4ae0f14600fdf50a758e,1314.0,0.0,scottilicious
2026-06-19 08:34:38,day,economics,74,0x4cd4c3690adc86de3b881ffbfb93a8c306335b25,1298.5182282899996,0.0,Vvv
2026-06-19 08:34:38,day,economics,75,0x2c6fe612dc43cc67676d2efc1e5eed50cbc1deee,1279.5538966200015,350.0,YellowSnake
2026-06-19 08:34:38,day,economics,76,0x556854525e433c9d45e16b14dc75ab7046fdf11d,1278.9439023000014,0.0,pizdamba
2026-06-19 08:34:38,day,economics,77,0xa5d833a23bc19b7d38adcbee7c117a8f421eff3a,1227.729600000002,0.0,0xA5d833A23bC19B7D38ADcBEE7c117A8F421EFF3A-1779306353525
2026-06-19 08:34:38,day,economics,78,0x6dc38952a7dc5c6063d71e84ad26919c6050f57e,1214.0304641400016,0.0,0x6Dc38952A7dC5c6063D71E84aD26919C6050F57e-1775410870880
2026-06-19 08:34:38,day,economics,79,0x4e4203102fd7bde55ce1bcf9f1ef222e251949ed,1200.711299999999,0.0,shingoWAKAYAMA
2026-06-19 08:34:38,day,economics,80,0xf1ef8705e9f63c790c6fffd6329aea7011718cd6,1200.0008001000033,0.0,Outsid3rTrading
2026-06-19 08:34:38,day,economics,81,0x413f29bc7f5ce2a2d8d28fb3a8b5d75199d247f3,1200.0,0.0,luckyfly
2026-06-19 08:34:38,day,economics,81,0xc576af380217a4d2b2d190e06c938e5505be747a,1200.0,0.0,imhome
2026-06-19 08:34:38,day,economics,83,0x8ee5b555cd5d167720d16345f1bf13c50384ffa5,1199.9985450000022,0.0,ww3prepper
2026-06-19 08:34:38,day,economics,84,0x8afa03dd6974e44d00c4d14dcccb00c0ddf6adb6,1174.9990331150018,4999.990437,stupid22
2026-06-19 08:34:38,day,economics,85,0xc6393f5177345cf7b9d9f3fbb782fd72da00c5a2,1172.3639999999996,0.0,HowToBasic
2026-06-19 08:34:38,day,economics,86,0xa5fda0340959e67ef9de8bc5caf1c502c6f736d1,1141.7982742549993,0.0,88blitzcrank
2026-06-19 08:34:38,day,economics,87,0xe9130925779ee85a19d205fc436af2c51501ffb5,1125.8000746280004,0.0,0xe9130925779Ee85a19D205FC436af2C51501ffb5-1772934701702
2026-06-19 08:34:38,day,economics,88,0x6770bf688b8121331b1c5cfd7723ebd4152545fb,1118.0498855099995,0.0,TheGreekTraderPM
2026-06-19 08:34:38,day,economics,89,0xdc26d7776929e9c84a3d9651e13260dece6f7e7d,1101.6053160200008,43184.0,ozpreezy
2026-06-19 08:34:38,day,economics,90,0x983bcc4986f95024217bf5ac5ee32151ba2e3578,1087.1405278799996,0.0,djked
2026-06-19 08:34:38,day,economics,91,0xc96cb25888f25ab1929b575834a6c406234f6a98,1086.578004169991,0.0,James000
2026-06-19 08:34:38,day,economics,92,0xc3db6a07351313cc684759dee1722d2bb1e90f98,1084.2919208399999,0.0,0xC3Db6a07351313cc684759Dee1722D2bB1e90F98-1768247047455
2026-06-19 08:34:38,day,economics,93,0x508212fa8e10afce25025422161c15c68b8b049d,1080.0006633600005,0.0,Rebecca-95
2026-06-19 08:34:38,day,economics,94,0x225b7c9aaf6108ded29b9fda9939aa671ef6422a,1066.6444286400001,0.0,0x225b7c9Aaf6108deD29b9fdA9939aA671Ef6422A-1756591558414
2026-06-19 08:34:38,day,economics,95,0xd902d85156fe7b309c12299375c00d86ea83cdb9,1062.8943894991849,12504.604541,Shovelface
2026-06-19 08:34:38,day,economics,96,0x5c14eb6a6d5083c003daa8241ed559d2dc82cc49,1061.1927443109985,0.0,forinnerpsandr1x11222
2026-06-19 08:34:38,day,economics,97,0xecfaf23966e472b13107d272d9bef32fee1e3c6f,1021.3194215800004,0.0,TouchDownThana
2026-06-19 08:34:38,day,economics,98,0xa1089452f0224a9973505f2d4347c2ea2f08abd3,1017.2829337680805,20224.7191,Paul973973
2026-06-19 08:34:38,day,economics,99,0xe54d37c9c12e5fd3d684ff4d193ef1f44dabfdec,1001.9999713200014,0.0,hobo69
2026-06-19 08:34:38,day,economics,100,0xcd71fd5370880f3d92bb941e628c05840fe0d127,984.3949080199964,7786.58554,Kevindoto
2026-06-19 08:34:38,day,tech,1,0x63850ce907044eac77fba13d59f263ade68093f2,478.581134,0.0,Waterfall
2026-06-19 08:34:38,day,tech,2,0x03805a13a0b3e058f55f6c6af95389d4f431073d,384.9634883727949,13496.528823999999,donthackme
2026-06-19 08:34:38,day,tech,3,0x2b670a311561dcaf741d8155451774d3fa7fb814,375.4963911000001,570.34,0x2b670A311561DcAF741D8155451774D3Fa7fb814-1778467735876
2026-06-19 08:34:38,day,tech,4,0x76aaa258dd917fb6e50f19aedaf1ca189a08c4f4,303.98971729900006,0.0,WindsonC
2026-06-19 08:34:38,day,tech,5,0x0dba1031b49144fc304ceb51b1b4ffbf955371e9,291.64490532000036,0.0,Dzibra1998.
2026-06-19 08:34:38,day,tech,6,0x41f34763a4cca3681d05024b8a23ec883b3b6202,277.64598069999965,0.0,grapygroyp
2026-06-19 08:34:38,day,tech,7,0xe8c4d68aff65b38cac46987b9b65e01eb47d395d,226.85191096000034,0.0,JAMJAMJAM4
2026-06-19 08:34:38,day,tech,8,0xddd85ddfa58784925990c16c9858ccd62e4ee6f7,156.70650049800315,0.0,Sreisz
2026-06-19 08:34:38,day,tech,9,0x1057e7d3ddafc60a4aeb10a2bc5b543792449ea5,153.50583715900575,0.0,Macks22
2026-06-19 08:34:38,day,tech,10,0xf0d5eb1cbe7350f1f896ade6c172e6700414c665,153.36126850000164,31084.35,yen4u
2026-06-19 08:34:38,day,tech,11,0x5999ebfa145490e0280dd246856a5b3605f7ae94,140.97462181249944,0.0,kl1v
2026-06-19 08:34:38,day,tech,12,0xc8e8458a146ddb49e918c753c89630c62c36d739,130.82026345499997,0.0,tobiasschwarz
2026-06-19 08:34:38,day,tech,13,0x1bfd792c102c75d3c41c954d058355a796ee40d0,106.69659914256545,45.0,4e2fbc2acf
2026-06-19 08:34:38,day,tech,14,0xbb9c165825e9f233d1f611b50b193fe94513072b,100.59626037999988,0.0,jesterthegoose
2026-06-19 08:34:38,day,tech,15,0x28b291aa82da13e1d58993873806c92908d5eb4f,99.37048320649956,0.0,libratus1
2026-06-19 08:34:38,day,tech,16,0xe38ee6bef3ea40daac3e3adc2fca23ba456850c8,89.58773643999945,0.0,CryptoBizzi
2026-06-19 08:34:38,day,tech,17,0xd6ec916b3f6717cd4b12bc321294b0b3761d2ecb,88.56536049999977,0.0,d85jg3979
2026-06-19 08:34:38,day,tech,18,0x57e4bd0fa030e6a6fdde7ee0b58aa497b4f6835e,87.75002285899996,0.0,imjustalarp
2026-06-19 08:34:38,day,tech,19,0xc8ab97a9089a9ff7e6ef0688e6e591a066946418,86.09281470350834,0.0,ArmageddonRewardsBilly
2026-06-19 08:34:38,day,tech,20,0x9aeb534c42b58b21673d5e03e9da14fbd15b2729,85.0049034299991,0.0,The-Joker
2026-06-19 08:34:38,day,tech,21,0xac4a1fabdac2438d6afa2a9e8e83845310a0bf1e,84.41867520504002,897.246666,HerrieDavis
2026-06-19 08:34:38,day,tech,22,0xbbaaf5c98a1ed5d24c32a64426f8a79b1f84cbea,83.28308926000045,0.0,Got2Luvya
2026-06-19 08:34:38,day,tech,23,0xa92729a8d9a672f5e734a413ce92bba42abf4847,76.296663968,0.0,lufei88888
2026-06-19 08:34:38,day,tech,24,0x67482380b9d3266dcfee87abb8ae006c7cce151b,69.74415614000009,0.0,daddypapi
2026-06-19 08:34:38,day,tech,25,0x4f23a0976493be385412ce9a6b93841ee2c090db,65.62085598999965,0.0,Hiworld.
2026-06-19 08:34:38,day,tech,26,0x92a6294cd55b9c6ccd57efaffc365ad943118b84,61.88638200000062,0.0,Trustinghorse
2026-06-19 08:34:38,day,tech,27,0xe617861a96631d7cefdb1ad43e95c33b5946f251,57.03816090000021,0.0,
2026-06-19 08:34:38,day,tech,28,0x3594526e2a0aaf467038ee1799d6ded344aedc58,54.92741988199987,0.0,Linslav
2026-06-19 08:34:38,day,tech,29,0x468f33d6d78a1095bc6767fa484a33dd6007c2a7,52.67279101999975,0.0,Campsite
2026-06-19 08:34:38,day,tech,30,0xdb2395a272dd89a897578ea8acd07c5d0b5ec959,52.49782447500024,0.0,cozygo
2026-06-19 08:34:38,day,tech,31,0x81c0d7a80a1b64d630f07ad007a34eeb6f723fa5,52.434749745000005,0.0,elviktor
2026-06-19 08:34:38,day,tech,32,0xc1265aa3d6f6c8315756bc46305f29c0f7a4832c,50.2714100000012,50271.41,ZhangMuZhisDaddy
2026-06-19 08:34:38,day,tech,33,0xfc1d241fa7ee4b2161226032202c2f6a45984203,48.536852180000096,0.0,relaxie
2026-06-19 08:34:38,day,tech,34,0x309b1b79a02d6af8c71c3573d7e75be3ba2802a0,48.337689275,0.0,avp15
2026-06-19 08:34:38,day,tech,35,0x8929a63143fba9416c8e0d3c96388b429c47733e,46.788471050000055,117.91,rocky42025
2026-06-19 08:34:38,day,tech,36,0xc5187cb669690150643ba2f9aac6b7d98d212594,46.689890739417024,1731.5912889999997,mustbethewater
2026-06-19 08:34:38,day,tech,37,0x764b305694b026c1acce7bf862c3b5456a146bad,45.306692901088695,308.446696,quietparcel
2026-06-19 08:34:38,day,tech,38,0x765fa4c18dd7c3607cdcee7a87681747c2d51508,41.46549452999898,0.0,
2026-06-19 08:34:38,day,tech,39,0x731c34cd5ea5a7ba7c8101b9978724cbb57a637d,39.521995819999916,0.0,RiskyyLemon
2026-06-19 08:34:38,day,tech,40,0x3606f455cf588c84453f56e749cd15bca4f14e08,37.91454070299994,0.0,0x3606F455cF588C84453f56E749cd15BCa4f14e08-1760889589657
2026-06-19 08:34:38,day,tech,41,0x17d60b530b0999e04097eefe601ce3a66094e3ed,37.74768941499998,0.0,artfart
2026-06-19 08:34:38,day,tech,42,0x8d08fc3dd02eaf192b05782b2a8518d5364d9165,35.38010320000002,83.2,No-bet-no-life
2026-06-19 08:34:38,day,tech,43,0x9f208e85f326f865077fffa68b32d8b0e2bc12c3,35.26178473800019,1200.0,mildwindow27
2026-06-19 08:34:38,day,tech,44,0xe1b361d6a6f237b9ed7534d19b232df8369e1426,34.622496298497936,0.0,tja
2026-06-19 08:34:38,day,tech,45,0x4f1d5ae26fc31472966e951af3183308736d8de2,32.69278905650185,543.7260349999997,e46m3
2026-06-19 08:34:38,day,tech,46,0xc5d2787c1ba7cace87f4b36ee707b50e7a15be1d,32.61992996799995,0.0,TimWaltz
2026-06-19 08:34:38,day,tech,47,0x8a98109fb0f1d87d9bfcb4486ba3587b95c51b92,31.91125000000102,0.0,0xd8dA6BF26964aF9D7eEd9e03E53415D37aA9604
2026-06-19 08:34:38,day,tech,48,0xfdfca60e7aebfc50dfdc40c27987970aa9c1288c,31.666086631000553,0.0,Polyticks
2026-06-19 08:34:38,day,tech,49,0x143732d8a06bd1596c694f7873cd493be80aacfe,30.97686942973607,60.0,frozenriver
2026-06-19 08:34:38,day,tech,50,0x736539924a5602b37a03a54fc12c1cc8f98964da,30.695910560065386,6.49222,cqk
2026-06-19 08:34:38,day,tech,51,0xf2aa8381a08ec33467fbcdd0843aa31cb8d521fb,30.310199999999895,0.0,rabbit007
2026-06-19 08:34:38,day,tech,52,0x2f2b6e3176e4914ccc79111dd9c704904d390f9a,29.58500000000013,0.0,Whalerfan
2026-06-19 08:34:38,day,tech,53,0x6204bad10670eede693eaaf96c039d751298421a,29.5499797330001,0.0,Jjgr
2026-06-19 08:34:38,day,tech,54,0x808db301f0b237020d1d877a743d6bf5f1cdebfd,29.534897376999936,1186.28,Dios777
2026-06-19 08:34:38,day,tech,55,0x7dcf235766e6b09c8869468a75d5495cf171a7bd,29.488621111500493,353.0,godblessme2026
2026-06-19 08:34:38,day,tech,56,0x57684ad0b4391b8d4d2c7a379b8c7803f3b408fd,29.27926597000001,0.0,lisa67
2026-06-19 08:34:38,day,tech,57,0x397ee8cd2e5f20353962d2e80effd7087e0317ad,28.863852859999984,0.0,jaguar-1.618
2026-06-19 08:34:38,day,tech,58,0xd900bf582bca2626a4696e4280924c7d1d7fa592,28.512877950000075,0.0,0xd900Bf582BCA2626A4696E4280924C7d1D7fA592-1763197941086
2026-06-19 08:34:38,day,tech,59,0xa2cd4ccda9a1f95949df7a3355c4c2daa0642ba0,28.167284999999993,0.0,0xA2cd4CcdA9A1f95949DF7A3355C4c2DAa0642Ba0-1729178570395
2026-06-19 08:34:38,day,tech,60,0xd3316cbf9583e6a7d71286b69d5ae07ef77e733c,28.04386522199991,100.0,zzaqq2
2026-06-19 08:34:38,day,tech,61,0x63c652270a37e53a170303b6b264a2aa835743a5,27.15367600799982,0.0,big-short
2026-06-19 08:34:38,day,tech,62,0x4dc2ce59c39f7ca8155c88e88a635f0034d60933,26.871492576499918,0.0,MechaHitlah
2026-06-19 08:34:38,day,tech,63,0x2c97a96bf29d78565673cfeeb23b144aaf7d202d,26.690762214999836,0.0,Dumdum-1758369151829
2026-06-19 08:34:38,day,tech,64,0x4985153fc851f9dcfdaa5021a533e8f0dcff28bd,26.383841219001624,0.0,mikka101
2026-06-19 08:34:38,day,tech,65,0x11e829d2a19e7ade935861fb043715766a015b74,25.551276403499287,0.0,Justitia
2026-06-19 08:34:38,day,tech,66,0x2330f65ed7e017bc3d0d9a0a5aa20292103ced99,25.316849960000003,389.49,Joker-DogVersion
2026-06-19 08:34:38,day,tech,67,0x14619de097b1fbe058d6d36282662c20958a30a1,25.216560579999964,0.0,fwed33
2026-06-19 08:34:38,day,tech,68,0x225b7c9aaf6108ded29b9fda9939aa671ef6422a,24.974750000000313,0.0,0x225b7c9Aaf6108deD29b9fdA9939aA671Ef6422A-1756591558414
2026-06-19 08:34:38,day,tech,69,0x1771126b1984de56e2a1efc2f7d33be46b0b6796,24.728550000000006,0.0,JohnnySilverhand2077
2026-06-19 08:34:38,day,tech,70,0x271229d5fa9dbef1476e14eedae67fa634c4eb71,24.680011385,66.63,
2026-06-19 08:34:38,day,tech,71,0x78048aa26ac1967566b8ed11910b529e5f2d7025,24.380390415999955,0.0,HorribleWork
2026-06-19 08:34:38,day,tech,72,0x5235578efe24555b0c98e7dc10a902b09089c04a,23.979090000000724,0.0,back-in-whack
2026-06-19 08:34:38,day,tech,73,0xa8c63f775ddbbe66b56614191747def3021444e8,23.582238910500564,0.0,Tenebrus7
2026-06-19 08:34:38,day,tech,74,0x998837b9adce8d31aa9d5a80203cef693780c67a,23.1,0.0,theseis
2026-06-19 08:34:38,day,tech,75,0x2277c18fb73d4cfbd61384be80ef9339a9496604,22.156075370000007,266.179716,EVP-HalfKelly
2026-06-19 08:34:38,day,tech,76,0x6630c34aa5836d4610fb6303d0ee9d966cd42f4e,22.138510334000102,546.0,garlictrump
2026-06-19 08:34:38,day,tech,77,0xd32ce89f16509d3c8f8b5e9750305a5b2bc2a4c2,21.945337839481937,650.0,
2026-06-19 08:34:38,day,tech,78,0x34379b9a574de6c5f05b3216a315fbf5b707f8f3,21.538461500000267,0.0,gioogioo
2026-06-19 08:34:38,day,tech,79,0x599afdc60a7d48a7154f0441c669c4d49bdb6ef7,20.994799999999998,0.0,devyq
2026-06-19 08:34:38,day,tech,80,0x9a8e4e9c97e197892a590bb04381e37262469408,20.602577079999975,0.0,bladeform
2026-06-19 08:34:38,day,tech,81,0x42fa340061a94072a818e540c3e80d8148d81fc7,20.498412453998753,0.0,Trashbag
2026-06-19 08:34:38,day,tech,82,0x09e672e5993de19f84fbd9a1cc2e298fdc5b24a1,20.457886602499457,0.0,RIC25
2026-06-19 08:34:38,day,tech,83,0x1cdd071bb612de6d66d0c882b676c663697de595,20.316224849113837,982.141043,Lavincey
2026-06-19 08:34:38,day,tech,84,0xc004b035b67be284e0d1db56c39e865df6cac095,19.925880233499925,0.0,StopKillingBlackTransgenderKids
2026-06-19 08:34:38,day,tech,85,0x7df00357d97916a5c7888b212a94535097790dfe,19.75857603800023,0.0,neverhackme
2026-06-19 08:34:38,day,tech,86,0xe80e8498ed55be13f85d9713b73c622e54659211,19.559823209999877,0.0,gagagagagaga
2026-06-19 08:34:38,day,tech,87,0x510f4963b66b1b18505faab74b0bb943d1dda43c,19.362775397611017,1882.4593300000001,PPMT
2026-06-19 08:34:38,day,tech,88,0xaee811b7c7e5d961b545ac0e3f62f5f1cb181154,19.139017748499935,278.99971400000004,1in1000
2026-06-19 08:34:38,day,tech,89,0xab51c55eb5cefec49c52a174acc10b3cd69e2473,18.98596000000009,0.0,Longdemshiuchiha
2026-06-19 08:34:38,day,tech,90,0x2843d543c60a54106f572ab74f0e2e04f293b3d2,18.592278918000034,0.0,simulacrum3
2026-06-19 08:34:38,day,tech,91,0x34665f3cd147ebd9cba18ac5b6699d3dfa98ea7a,18.58357050000012,0.0,gotaluism
2026-06-19 08:34:38,day,tech,92,0x0bfb8009df6c46c1fdd79b65896cf224dc4526a7,18.563328645999945,0.0,melganis
2026-06-19 08:34:38,day,tech,93,0xacb18dd5604cac86ed3108453aca68f109d01b1d,18.480162309999912,0.0,Tpezaske
2026-06-19 08:34:38,day,tech,94,0x2ec0aa99d26b703585f58bded217a640d09e976b,18.175621391761524,792.95,Ryan1365
2026-06-19 08:34:38,day,tech,95,0x30adf73386fa3491de9a44039655694e0f655d5f,18.165,0.0,capon1
2026-06-19 08:34:38,day,tech,96,0x7c3db723f1d4d8cb9c550095203b686cb11e5c6b,16.94878460199834,0.0,Car
2026-06-19 08:34:38,day,tech,97,0x090af6fd2aeb04202abc97370aa86c1b81d90fa6,16.91201456365195,584.6906919999999,VictorLudorum
2026-06-19 08:34:38,day,tech,98,0xc91b7d9f4463c9985f562149c31841cde87793bd,16.85475000000004,0.0,0xC91b7D9F4463C9985f562149
2026-06-19 08:34:38,day,tech,99,0x5183882e744220978682767efe62328b4f48d4da,16.601532565000525,0.0,TheAlphaKing
2026-06-19 08:34:38,day,tech,100,0x2eba0bd81e35707040c4dc84071b3bb90d32ffa3,16.399510541999916,0.0,JuicedBunched
