timestamp,timeframe,category,rank,address,pnl,volume,userName
2026-09-10 07:57:48,day,overall,1,0x7ad71d79a3bb90d0a87a06500fa0fe11663842aa,185347.01507303445,0.0,theowalcott
2026-09-10 07:57:48,day,overall,2,0x31e5d54aded22aa7cd80dbe9e33102abe2504879,176935.70201268318,44825.211451,Noprajsk
2026-09-10 07:57:48,day,overall,3,0x924379a79c64b77ad5816ad362122a5f6228658e,155632.2397566851,29556.631185,Kch-Temp
2026-09-10 07:57:48,day,overall,4,0x6575759174ad221bba9947bc3f18750ec769b198,139782.59314438608,18419.686794,dromedaryy
2026-09-10 07:57:48,day,overall,5,0xf0318c32136c2db7fec88b84869aee6a1106c80c,121330.46273065172,31604.761745,BreakTheBank
2026-09-10 07:57:48,day,overall,6,0x4ab9b54427ec4b7f3646b1a0ef1bed73bc708ebe,102266.86937,0.0,RWCS
2026-09-10 07:57:48,day,overall,7,0x6c3aae17140c5e3cde62380daaa323e38575c459,100287.227136,0.0,AvrahamEisenberg - 10161
2026-09-10 07:57:48,day,overall,8,0xa8cf2ed8751f4e58ad039e1b68a8b58b4395031f,85547.41699299996,0.0,
2026-09-10 07:57:48,day,overall,9,0x224a89dbe0db0d6124b335edabd15b3f877da3d5,64468.26387235522,651488.9618800001,wr0ngw4yb3tt0r
2026-09-10 07:57:48,day,overall,10,0x8e74984fb998be82444627906740dc1a19c35972,63649.41691590083,82276.24106100001,itwillallbeok
2026-09-10 07:57:48,day,overall,11,0x9703676286b93c2eca71ca96e8757104519a69c2,58312.04245954912,69821.421077,AnonymousUsername
2026-09-10 07:57:48,day,overall,12,0x55a1f55fb021eb52f5233321f88ff8eca5aedb28,55095.119113529945,82980.5,vjnn
2026-09-10 07:57:48,day,overall,13,0xf1528f12e645462c344799b62b1b421a6a4c64aa,54109.81040214619,0.0,phonesculptor
2026-09-10 07:57:48,day,overall,14,0x821dab0565ebf5b327f51db06223fdcfe01acf16,51840.11346404918,660329.0404250004,Flaznorp
2026-09-10 07:57:48,day,overall,15,0x4bff30af91642dc7d2b19a8664378fe55c45fc26,49338.567042006645,0.0,Sassy-Bucket
2026-09-10 07:57:48,day,overall,16,0x78becf0a4e4f2640380af0c19ad32e2557e6bde0,43864.4931284173,327772.83847699995,
2026-09-10 07:57:48,day,overall,17,0xb4f978be63cdf75554b0b46a4262a6db597cc9a7,42754.733566382136,62137.402037,0xb4F978BE63cDF75554b0B46a4262a6dB597cc9A7-1779258330186
2026-09-10 07:57:48,day,overall,18,0x29b52d98ac9ef9414b04164246c95bc63d74cc6c,42322.67941900436,269401.07009700005,0x29b52d98ac9ef9414b04164246c95BC63d7
2026-09-10 07:57:48,day,overall,19,0x5188fa0e8a77e87bc6a58e6781fdfc4e165cc804,38910.14746103125,32994.044811,AllByMyseIf
2026-09-10 07:57:48,day,overall,20,0xe40ecff63ec661d218a86c048186ac83389a9770,37270.634562861,113394.85842300001,lllllllIlll
2026-09-10 07:57:48,day,overall,21,0xd106952ebf30a3125affd8a23b6c1f30c35fc79c,35916.65472865058,32781.309091,Herdonia
2026-09-10 07:57:48,day,overall,22,0xdc41c39b95453c943174f369926018f6963bdd7e,31494.54103088372,389138.91000000003,nigiri99
2026-09-10 07:57:48,day,overall,23,0x121fd10502fbd639a491a4e5779bca49508c15c1,30031.42637613999,178162.8,chongchongpanda
2026-09-10 07:57:48,day,overall,24,0x0d18e30e252008d83f51dae00d36873ddd9e24a6,29726.538637000125,0.0,MonsieurDimanche
2026-09-10 07:57:48,day,overall,25,0x3a8aa345d5db7ec5138298c8c4f4540259be7699,28776.12217511219,0.0,TheReturnOfDarthMaul
2026-09-10 07:57:48,day,overall,26,0xe015b5a2a299167be835a2fd1e86f09c49e06ffd,28298.273997514727,77024.283835,TAIWANNUMBERONE
2026-09-10 07:57:48,day,overall,27,0x4f1d5ae26fc31472966e951af3183308736d8de2,28125.808724504528,26660.765061000002,e46m3
2026-09-10 07:57:48,day,overall,28,0x0f35109cc3ceaf729609c3109310791bd616c84a,27254.641564000005,0.0,
2026-09-10 07:57:48,day,overall,29,0x75f204b39709544f763ca68c2e3f4a60a309ff6d,25817.008669674127,98773.382957,Runemup
2026-09-10 07:57:48,day,overall,30,0x7c37b52eb226bcb9411375ec48b0169663fb6aeb,24913.972802059787,571526.147641,Diabolical-Prize
2026-09-10 07:57:48,day,overall,31,0x2c335066fe58fe9237c3d3dc7b275c2a034a0563,24576.15429577943,773501.7685280001,0x2c335066FE58fe9237c3d3Dc7b275C2a034a0563-1759935795465
2026-09-10 07:57:48,day,overall,32,0x782186952ef2ca75ea91c95aef25bbdcffb4bb1a,23607.800415098933,0.0,thif - 33063
2026-09-10 07:57:48,day,overall,33,0xf6dd2e6947283b30a19a106401dadad2bc9bac58,22732.627953909836,229494.500536,Katalunygeaxvhj
2026-09-10 07:57:48,day,overall,34,0xf7f0b0b1e9c0fe02ccad926916ee31aef74b912c,22684.37741836404,18246.671456999997,wapol
2026-09-10 07:57:48,day,overall,35,0x5268527977f700f9bf9b6d5cd843859e4e70135d,22499.622727724724,0.0,HomeRunHazard
2026-09-10 07:57:48,day,overall,36,0xc6e956068048c1cf98d8f0b3a495edc9da130741,22417.59934261148,42.269999999999996,luck00004
2026-09-10 07:57:48,day,overall,37,0x21f333307ac6d2e65ac82f014b3dd2b64cbc35e3,22010.21521766745,28712.475766999996,hi774c
2026-09-10 07:57:48,day,overall,38,0x684baa57c338c2549aec0aa3f034f695d72a8409,21365.66999014886,86728.217619,monkeymashingkeyboard
2026-09-10 07:57:48,day,overall,39,0xf5f92940519a72da460b1c2a606bc1230f0e87b0,20232.881556224544,25085.466875999995,kekasaur
2026-09-10 07:57:48,day,overall,40,0x9c68e5a4b3004bf6ac9d6735a33ffb5f983a247a,19888.578453238,8103.727715,Antblack
2026-09-10 07:57:48,day,overall,41,0x73e3fec494611d73c170cb2f23850fd998b21be9,18363.543715007138,301748.686835,mmklop
2026-09-10 07:57:48,day,overall,42,0x95b198f900d19a80d3d7e47b7b17708af254f9ac,18124.591877,0.0,thepicklebomber - 3805
2026-09-10 07:57:48,day,overall,43,0x6d3c5bd13984b2de47c3a88ddc455309aab3d294,17991.336737534744,302239.094436,VeryLucky888
2026-09-10 07:57:48,day,overall,44,0x30c7ac0158499ddc6761047f7f69bcf7d036ac3b,17975.27700559172,166154.131271,Wiretransferxyz
2026-09-10 07:57:48,day,overall,45,0xb7271c112cbd83eb4c1ef1b554ff963604ae2a9d,16896.98835321504,75.0,Elaran1993
2026-09-10 07:57:48,day,overall,46,0xfe787d2da716d60e8acff57fb87eb13cd4d10319,16857.155155828805,1358517.4110289994,ferrariChampions2026
2026-09-10 07:57:48,day,overall,47,0x2ce8505aa641791eb8460f6ac6bf5c0511e34527,15740.449190587118,0.0,0x2cE8505aA641791EB8460f6ac6bf5C0511E34527-1746735481513
2026-09-10 07:57:48,day,overall,48,0x16bb9951a36fce71e2ef57890b786145e0ba8492,15704.205638943851,0.0,SDTrading
2026-09-10 07:57:48,day,overall,49,0x713b63e4eccb6644aeaae4077c69a6b5e07eee60,14847.828893670083,61612.340573999994,0x713b63E4ECCb6644AeAaE4077C69A6b5e07EEE60-1763046788695
2026-09-10 07:57:48,day,overall,50,0x7fb23b0d330ea4ac4f3cecce1eb81fb0bfb3ed4b,14768.168524999995,0.0,
2026-09-10 07:57:48,day,overall,51,0xabb89972b21b304c1bed2bf26f35c8741ac9bba3,14750.899999996274,15552.222301000002,Feromont
2026-09-10 07:57:48,day,overall,52,0xa38a455bbdd4b68486548b7e19da99903f4f821d,14597.173587999901,26251.949954,takeormake
2026-09-10 07:57:48,day,overall,53,0xc8ab97a9089a9ff7e6ef0688e6e591a066946418,14479.762603900852,49898.99178299999,ArmageddonRewardsBilly
2026-09-10 07:57:48,day,overall,54,0xf3a6ac44c5c90ff2b4afa4459f71acc2e57971bd,14315.873848199844,0.0,donchonx
2026-09-10 07:57:48,day,overall,55,0x4f70929ba287ac85dc2431c85382ccd9e6b0d185,14234.245540373951,0.0,Lance Uppercut
2026-09-10 07:57:48,day,overall,56,0xf28e42d20e4826f2b10a24bc952001697947cab2,13821.786557002459,86373.21,ethanaz
2026-09-10 07:57:48,day,overall,57,0xdc40c985063d50aa00cc5f637f7e83203b3b89cf,13465.522546697517,68555.15956600002,Villson
2026-09-10 07:57:48,day,overall,58,0xb278db15aba01ada500391f5a5a88e29612a2291,13250.47608074294,32132.781740000002,bbqq123
2026-09-10 07:57:48,day,overall,59,0x15ae79d7cd60b2a7f06ae46eb4c7a0eb16096ffd,13228.38483,0.0,humiliating piglet
2026-09-10 07:57:48,day,overall,60,0x7d92fd69504bfd391162e1442cb784c0af408676,13152.773611181416,57330.487262,mikesports
2026-09-10 07:57:48,day,overall,61,0xc789d1196769518a3c8d15c61cdc6415e40d1a62,13128.3183,110.0,tikstt2
2026-09-10 07:57:48,day,overall,62,0x2aecc79b2212b6dbdcac29625a54c1c71ebeea65,13029.327077576585,61120.377334000004,Ornnstar
2026-09-10 07:57:48,day,overall,63,0xda3a9b7afff7b44ad4fd75308723194e0a11381f,12828.19230996856,18542.321309000003,Gooooooollllllllll
2026-09-10 07:57:48,day,overall,64,0x9f15613ebf1f36d4bc679e1211d1fc567cf9bdb3,12779.257063233092,29540.194014,0x9f15613ebf1f36d4bc679e1211d1fc567cf9bdb3
2026-09-10 07:57:48,day,overall,65,0x7f2863a51f2f4aa383e97692e414dae94aee85e8,12688.239104625314,77934.44443900001,miracleee...
2026-09-10 07:57:48,day,overall,66,0x9c3ce009c9b039956665cecc4cd14de862b5e8c9,12475.491037369966,1851.85,0x0x23kjookhaiuohduoayh8c9
2026-09-10 07:57:48,day,overall,67,0xafd492974cd531aae7786210438ae46b42047e61,12218.806574040835,73906.533333,RevengeRange
2026-09-10 07:57:48,day,overall,68,0xf5a3504ad3a8b079974620b3aa4fcca3f7579e12,12019.490435900174,363.32222399999995,pltrkr111
2026-09-10 07:57:48,day,overall,69,0xec981ed70ae69c5cbcac08c1ba063e734f6bafcd,11980.850321665506,21400.0,0xheavy888
2026-09-10 07:57:48,day,overall,70,0x1cfc260bfa2b5ae89377863180ca3b4f5c862111,11869.46753145698,38224.691979999996,lissartter
2026-09-10 07:57:48,day,overall,71,0x79ae097215202b5d01f98e4479fb219102469a4a,11737.447255047606,83238.75873499998,CORGI8
2026-09-10 07:57:48,day,overall,72,0x8efa1ea8ee2d456a051ae2985079a1e3c9aa894c,11021.730024599277,1991.2954549999997,
2026-09-10 07:57:48,day,overall,73,0x66b23cd8bcb651e11b70f6f340ce154864870fdf,10891.107663359486,14024.705744,donaldbush
2026-09-10 07:57:48,day,overall,74,0xccd81fbd3395dc43a0531f8484b21c2462daf4de,10728.872647925518,176416.23757000003,0F62
2026-09-10 07:57:48,day,overall,75,0x97ead83eb0e6b7f142e63284791882f05ddf3363,10589.075938794573,11732.7275,Hakei.
2026-09-10 07:57:48,day,overall,76,0xe954ddb021c19495f1c556f59dadbd1494821ef1,10299.17044404582,21800.88077,kingflop
2026-09-10 07:57:48,day,overall,77,0xf68a281980f8c13828e84e147e3822381d6e5b1b,10225.371024131575,30809.994005999997,Nooserac
2026-09-10 07:57:48,day,overall,78,0x01e6e3c5cfe50943e7721398054cb1e22032e7e0,10180.418828260055,29652.554733999998,JustADonk
2026-09-10 07:57:48,day,overall,79,0x903221b1098263779ae19486028c844e8c338717,10162.741724056052,0.0,0x903221b1
2026-09-10 07:57:48,day,overall,80,0x322f041810cee536293dcb4c99fc23b3a766940a,10043.226767999999,0.0,Sports
2026-09-10 07:57:48,day,overall,81,0xf5f0dca5d5ec264961d3bf43f77fbbe9a440840d,9951.619999999999,70.0,Aniu7
2026-09-10 07:57:48,day,overall,82,0x1d1ade627d0bb0205758580b20d808573e720df6,9913.627600000356,1635.52,Pwaddler
2026-09-10 07:57:48,day,overall,83,0x3f985e3a68f88e6ed8da1a22e1a5eda81c8e0aa1,9803.353290891711,13390.771539,xabidaking
2026-09-10 07:57:48,day,overall,84,0xc96e5287ab294ac0388c2ddb00180fc464cff1f9,9764.473438986208,2358.699897,wigglew
2026-09-10 07:57:48,day,overall,85,0xb5aa9120ee3313e44d5e6a4895b8f7118cda5bd7,9587.86661134,0.0,Lackvill
2026-09-10 07:57:48,day,overall,86,0x37e4728b3c4607fb2b3b205386bb1d1fb1a8c991,9541.15790000034,0.0,SemyonMarmeladov
2026-09-10 07:57:48,day,overall,87,0x0d2d845a6ff64e31e04a70afce8a573940767ff5,9512.093367629659,478248.599257,38791873984189
2026-09-10 07:57:48,day,overall,88,0xe0eeb30d92eb2a995fc82b4e58def02c53e6fa3f,9426.288296831113,0.0,predictor - 3335
2026-09-10 07:57:48,day,overall,89,0x6b97ebe911d7f2e5e3e8c4a0faad4a5c7c0b8d30,9167.523528305646,73198.084855,vibing123
2026-09-10 07:57:48,day,overall,90,0x21064fd320bfd5a86f8c92a94d3209edf4154dea,9121.320699128177,103186.305545,rainbowlilies
2026-09-10 07:57:48,day,overall,91,0x84898b583d56054b502c6564f3edfad43b54e211,8927.851561376445,0.0,JustLearning
2026-09-10 07:57:48,day,overall,92,0x6139c42e48cf190e67a0a85d492413b499336b7a,8867.75126078072,35212.522916,RememberAmalek
2026-09-10 07:57:48,day,overall,93,0xa8e089ade142c95538e06196e09c85681112ad50,8800.0,130000.0,Wannac
2026-09-10 07:57:48,day,overall,94,0x715ce1ecfa3836fbb10e6829109ebce10a5f19d1,8742.000000000011,0.0,exstnc
2026-09-10 07:57:48,day,overall,95,0xfefaf44054fb92d87882f2bd24bddbd163487bed,8476.656116999999,0.0,vivaFujimori - 33031
2026-09-10 07:57:48,day,overall,96,0xc660ae71765d0d9eaf5fa8328c1c959841d2bd28,8320.000000000844,0.0,BoggsFromShawshank
2026-09-10 07:57:48,day,overall,97,0xae95a2fd8df6b5e621d583157d47412a6b066579,8274.744259,0.0,draintheswamp!
2026-09-10 07:57:48,day,overall,98,0xeb34b86ca3ca64eb3cee6c9a0cce668385df7268,8252.50754100161,165385.55372999999,kneelbeforetheking
2026-09-10 07:57:48,day,overall,99,0xdb83e85ffd22faa4009273034770f96ffc5b1e50,8236.722921493129,135284.52735299998,sentrio
2026-09-10 07:57:48,day,overall,100,0x09fb8ab5f70b2140511c366451e0f02c3c10d01c,7974.457056,0.0,mkiaz - 1025
2026-09-10 07:57:48,day,politics,1,0x6139c42e48cf190e67a0a85d492413b499336b7a,6075.198054398294,33927.703638,RememberAmalek
2026-09-10 07:57:48,day,politics,2,0xa2f1fecf1cc7db65a46588f764b6691533052d22,5070.249210008653,6804.25,elPolloLoco
2026-09-10 07:57:48,day,politics,3,0x7e5972bfc25819775ee5a9d4f191919375487b8b,4762.938468901539,7333.641035000001,Gaditima
2026-09-10 07:57:48,day,politics,4,0x69d1983b8a327b2eb2897c7fc85ac6f637047c8b,4403.809493166502,28963.059999999998,Analyse24ResultsBefore
2026-09-10 07:57:48,day,politics,5,0xa8f13ff79c83a3884049e533d98a0c38c4a9d87b,4182.8270983420725,6542.9444539999995,panitom
2026-09-10 07:57:48,day,politics,6,0x98d04f9eb52d08ef9697f6eb8d7cfe8d46e5f14a,4172.743026032695,8160.3066499999995,mrworldwide
2026-09-10 07:57:48,day,politics,7,0xca289809d28e06d2dc39ca6c0f28c5672bca4e91,3558.079056864506,0.0,Aviatorul
2026-09-10 07:57:48,day,politics,8,0xeb34b86ca3ca64eb3cee6c9a0cce668385df7268,3444.790583266744,56260.50589099999,kneelbeforetheking
2026-09-10 07:57:48,day,politics,9,0x1fee90f352fd362ea4bf13c6ed7cdd83a4d2ed5e,3412.127267139236,78060.51999999999,lomneivan
2026-09-10 07:57:48,day,politics,10,0x369f46433349a57cd6d08abf2819da737c09873e,3096.796306772023,0.0,kindar
2026-09-10 07:57:48,day,politics,11,0x12e45413131aedc46b68a127354831300485dfc2,3032.170324300001,3583.46,rigatohni
2026-09-10 07:57:48,day,politics,12,0x867149d900abf49270d9194900efc5e13e3ad4b7,2850.1227940273166,0.0,LeopoldArschenbrenner
2026-09-10 07:57:48,day,politics,13,0x62cf46cd4c3af254dccfc37a7f93de265b4b5826,2845.238466320414,243.26,eCash
2026-09-10 07:57:48,day,politics,14,0x551e72eda42a5ab39d6d78239a1d9bbb5db6b0e0,2509.051557419589,6440.006039,GayPride
2026-09-10 07:57:48,day,politics,15,0x6d57da09ef86a327524853b36fbd2e39cf0cbfc5,2419.700611754364,11314.344194,SitsToPee
2026-09-10 07:57:48,day,politics,16,0x8f0b503c3f65d679b8517480555cd936a53feb6d,2177.809624797501,0.0,GuailanKia
2026-09-10 07:57:48,day,politics,17,0xff1e352d5310eab17d1e9fd7e00ec33f16c05e2d,1962.3502837400156,504.33,0xff1e352d5310eab17d1e9fd7e00ec33f16c05e2
2026-09-10 07:57:48,day,politics,18,0x234485c24869cab818c56031dc12402895536458,1740.3716151899835,3029.599994,mr52global
2026-09-10 07:57:48,day,politics,19,0x96489abcb9f583d6835c8ef95ffc923d05a86825,1721.2267417581752,38927.835503,anoin123
2026-09-10 07:57:48,day,politics,20,0xe8c4d68aff65b38cac46987b9b65e01eb47d395d,1716.455757117995,21.0,JAMJAMJAM4
2026-09-10 07:57:48,day,politics,21,0x524db836890e08aceb3abcdee98d44240e324495,1464.8453853679966,0.0,Mac-Gyver
2026-09-10 07:57:48,day,politics,22,0x690bfe39089e61f674b8f88d89511c9eff90bd2c,1432.8428995099894,0.0,0x690BfE39089E61F674b8F88D89511c9efF90bd2C-1782954570100
2026-09-10 07:57:48,day,politics,23,0xfa87a158110370eb6dbe678843c055a6b144c2a0,1351.8892411039997,0.0,asdfadfasdf1
2026-09-10 07:57:48,day,politics,24,0x50077b1be471eeb87aa1d1e2a5ede855bbf73164,1327.0598232613,1554.046668,morallyexhausted
2026-09-10 07:57:48,day,politics,25,0xcfff4295288ee29f75a38a7028611b7c1e93673d,1294.8683714546205,1364.723332,graynotebook19
2026-09-10 07:57:48,day,politics,26,0x93fb8127a1b21a112b11af936361225df0563e4a,1274.7711702958331,0.0,LlamaLoco0000
2026-09-10 07:57:48,day,politics,27,0xb1ca909e848cc24ec4e220ce1c453bc290c51705,1235.464421522629,1335.133964,GrandeFromage
2026-09-10 07:57:48,day,politics,28,0x09cc4da8a3e39237aa74b445a300565e33d0421a,1186.4202570799998,0.0,rerevervadae4r3453214tpermdr43fvd
2026-09-10 07:57:48,day,politics,29,0x23d81ba9371e576015c1e562db09c689f56b0288,1122.1283132905373,28522.404483999995,flawfence
2026-09-10 07:57:48,day,politics,30,0x40047c2a7f97b6849ec2a665425c171dc4b6c40b,1117.6481393679023,415.36,0xrc
2026-09-10 07:57:48,day,politics,31,0x9e9fb94f518d488787df47787181a01daec81d38,1099.8256631449985,0.0,AMike
2026-09-10 07:57:48,day,politics,32,0x28b3cacb362807b34136c0c476404c35a3e2e4ec,1098.0601274679996,0.0,PredragDanicic
2026-09-10 07:57:48,day,politics,33,0xb36cfbf83a716c55507a81ace255480b9ed31077,1096.0635593514053,3530.91,20260601
2026-09-10 07:57:48,day,politics,34,0xbca82ff9891c5358b33d565c4f4739e4d812b680,1074.7004836425713,1345.996364,0xbCa82fF9891c5358b33D565C4F4739e4d812b680-1779481574004
2026-09-10 07:57:48,day,politics,35,0x58b3380f71bd6c706dd398a5e60bde55fa3a653c,1074.5920182054106,26223.082712,timetowander
2026-09-10 07:57:48,day,politics,36,0xb142e1d4890cee21d82e4196bb91138aa2cedac9,1061.7650999999998,0.0,fhgfhg
2026-09-10 07:57:48,day,politics,37,0x88bbeb3b6aad01614823f740c0b5d770da29c12b,1053.9751462250024,0.0,randomaccount7
2026-09-10 07:57:48,day,politics,38,0x28aa2a306ac9b8478e35a748032f4762f35828f5,1051.8758430599992,0.0,Whitelied91
2026-09-10 07:57:48,day,politics,39,0xf2f6af4f27ec2dcf4072095ab804016e14cd5817,1050.3844737291802,150.15,gopfan2
2026-09-10 07:57:48,day,politics,40,0x9e7296fc4776144f60db9a5943ff2051696599c4,1040.821670121004,0.0,carlos484
2026-09-10 07:57:48,day,politics,41,0x6d9fc316c3b8377060a44b852ba664adbfd59790,1017.4814086405095,8584.279341,MEPP
2026-09-10 07:57:48,day,politics,42,0x53ae0010f44f3ede94cc223d392dc78c2b752af1,952.379886447,0.0,Scarletttye
2026-09-10 07:57:48,day,politics,43,0x629bc4a1e53e1d475beb7ea3d388791e96dd995a,884.4806106293108,230.679503,lava-lava
2026-09-10 07:57:48,day,politics,44,0x8b4bca1d794779e66e023d44391b2a86c5ab541b,874.9357669381425,21170.812773999998,0x8B4bcA1D794779E66e023D44391B2A86C5ab541B-1769764313952
2026-09-10 07:57:48,day,politics,45,0xc851cd9bee7d262afd78674f861f9f576a12cd2a,859.2885177860735,5876.491265000001,betwick
2026-09-10 07:57:48,day,politics,46,0x3cd63e65f3df4aaf8ebe9de56fe5f8f633b218e4,833.7257595859992,0.0,HerbertAppreciator
2026-09-10 07:57:48,day,politics,47,0x2cfe7302d69d3eaec0b39a0da170c20740b0e4de,823.6805899999988,75.0,algo168
2026-09-10 07:57:48,day,politics,48,0x6b25c5c4d1e681d2203297803793ad8c732b7a69,818.6143931593256,19.0,
2026-09-10 07:57:48,day,politics,49,0x614dc8d3542c12103d2c6a3553fd761e391d1546,812.9018979830435,0.0,mr.ozi
2026-09-10 07:57:48,day,politics,50,0xf0d5eb1cbe7350f1f896ade6c172e6700414c665,807.4439117395086,2380.0,yen4u
2026-09-10 07:57:48,day,politics,51,0xf1074a76b18e272c8a8ab4fece7d8ef536b1b9ba,805.3040564428409,3345.1094279999998,J.Ch.
2026-09-10 07:57:48,day,politics,52,0x6e131d6c61216b4a5ec571db332ad3226e7fa801,757.5153157869952,0.0,disputequant
2026-09-10 07:57:48,day,politics,53,0xb9f11a71b90b030d91f9a37f7fa8d514ac97a6a0,753.770857319998,0.0,0xB9F11A71b90b030D91F9a37F7fA8D514Ac97a6a0-1769192572771
2026-09-10 07:57:48,day,politics,54,0x9771bbd2a6226a2213a283649e3bc04bc8945a0a,747.0373870815034,0.0,0x9771bbD2A6226A2213a283649E3bC04bc8945a0A-1764589379691
2026-09-10 07:57:48,day,politics,55,0xfe2d0b7350141c8413da4ab3eb72b5d71026da35,737.1904698213048,8286.264374,gmgmgmgmg
2026-09-10 07:57:48,day,politics,56,0x7523cafcee7bcf2db9a79d80e0d79b88a9a54c4c,736.7506035226397,0.0,DonaldinhoTrumpito
2026-09-10 07:57:48,day,politics,57,0x2d99e29c4f066ba32098c65e4c7454b277d94ca3,699.4900687005138,0.0,scout
2026-09-10 07:57:48,day,politics,58,0x011f2d377e56119fb09196dffb0948ae55711122,691.2158219743578,66224.162942,11122
2026-09-10 07:57:48,day,politics,59,0x3d29419e337a0c8ae467c8ce665c8d500d242408,690.9733279354987,0.0,kylox
2026-09-10 07:57:48,day,politics,60,0x63bcf78f77cef62b4a9b8d101a14247bf90292c5,657.4430718799995,0.0,Bettong
2026-09-10 07:57:48,day,politics,61,0xcf37bbb2c1687b70ea553b6fe05f740251d7993f,651.3496121636799,1026.70245,rocky42004
2026-09-10 07:57:48,day,politics,62,0xa2ac9772ec9477f2afc0ead7454014cc6cfc7f76,638.9478753061921,13166.16012,Addarash
2026-09-10 07:57:48,day,politics,63,0xa9fe4929d4ea1525ca03bd0ff68ea1fbf9e7f135,624.1112852660008,0.0,novv25
2026-09-10 07:57:48,day,politics,64,0xf83ec0e37ac9eece71c064507270e9001a734663,622.263812255887,8197.314418,JustClickeverywhere
2026-09-10 07:57:48,day,politics,65,0x38e59b36aae31b164200d0cad7c3fe5e0ee795e7,615.9865596947275,0.0,cowcat
2026-09-10 07:57:48,day,politics,66,0x82e00fb51c8f278d5d2f772a1210380aa0060779,606.6867585500004,0.0,Jimmy-Carvalho-Opcoes
2026-09-10 07:57:48,day,politics,67,0x0eee1b21001ca9af6e5ab8a7321fc2ee46dd4c52,606.4629852224953,0.0,-0-
2026-09-10 07:57:48,day,politics,68,0xc8c73a0c6a1dca2a096123759636819426b53726,589.7690505859955,0.0,Sven68
2026-09-10 07:57:48,day,politics,69,0x45bbe85e001a1b1626e94349d45ad6a09f9241a7,563.9072676419996,0.0,QR1
2026-09-10 07:57:48,day,politics,70,0xe3f2ecfd3e648bdabcd3fb701ccf294f13afe1c1,554.356101141726,4065.3112810000002,supersmard
2026-09-10 07:57:48,day,politics,71,0xc9328e28eeb44978dbac9debb61ebc92931be6a5,554.0177743108361,9.302326,Gladius7
2026-09-10 07:57:48,day,politics,72,0xbcdb9e99b50548bb21a2b6ec8f2e1353ee111df5,547.3919034345001,0.0,Franklin7771
2026-09-10 07:57:48,day,politics,73,0x60a32f71352159d2671ab79542863d6cdfa8378d,542.5149443785003,0.0,Steve.Park
2026-09-10 07:57:48,day,politics,74,0x6640bd87f6e4b6e8d62457448bd1b3a4711a2202,533.9200405989977,3000.0,Jellow2
2026-09-10 07:57:48,day,politics,75,0xcfee7c48b3b63ad378da75af2d51f037516dffcd,532.128925306728,8626.139999999998,Heskel2
2026-09-10 07:57:48,day,politics,76,0x13c8420687c9d2786652321ed60a6d96ace15a24,520.9368109439965,0.0,sensuy
2026-09-10 07:57:48,day,politics,77,0x2200b75c27835935a40308779b5656c09ab40f2d,517.659898657992,4000.0,BeanC0unter
2026-09-10 07:57:48,day,politics,78,0xb0e74df9430a089aa102e2207af5fde1967439d2,501.48887011015177,0.0,
2026-09-10 07:57:48,day,politics,79,0x71389d69bb86385f122e18bb427578f1d70e8c89,498.5613749474985,111.0,247525
2026-09-10 07:57:48,day,politics,80,0xd24b95551eb288ff82bb625dcd7f32f62abdef76,490.93904912380094,781.02235,BiDiFakePolls
2026-09-10 07:57:48,day,politics,81,0x6eea4370af8f223b0f14deab0dbdff9cf2fccb72,483.6378287250009,0.0,bobo75008
2026-09-10 07:57:48,day,politics,82,0x4c8cdcdd4c92bf44e74a642254f7414de14de36f,482.66874148498755,0.0,defillama7
2026-09-10 07:57:48,day,politics,83,0x4fc8a0b0eeee85bae47f2867f6d531d35879f9fc,468.2882999999997,9591.0,tangze
2026-09-10 07:57:48,day,politics,84,0xbd0477e08d82d35a855ff19644a88a9213d8fbb0,467.2505940840347,0.0,yuhyuhyuhy352352
2026-09-10 07:57:48,day,politics,85,0x944e0472b99926f4f712fc97dc0a846a8c5d8c94,466.41252508088655,1413.331036,mountaindewd
2026-09-10 07:57:48,day,politics,86,0x3007ea6df4389c173a5119162be94aac6bba763a,459.3457578588932,150.889895,katbot
2026-09-10 07:57:48,day,politics,87,0x162fbc7afa95f21add25597f0ee4febfd9b3978f,454.90694568000436,4342.63,valetecaolho
2026-09-10 07:57:48,day,politics,88,0x4bf459194025b2ca11a2db2deb9ef2a08c467021,451.368910021989,695.5600000000001,Malganis
2026-09-10 07:57:48,day,politics,89,0x7bb244d0c70293e66dee84f3d0623fbbbf7d682c,444.31852233899554,0.0,WongKimArk
2026-09-10 07:57:48,day,politics,90,0x129d24a94293cc554fdfef07eba4912cbc277d2d,439.4884176944989,0.0,CryptoGo
2026-09-10 07:57:48,day,politics,91,0x52f9c45a6fa8182649067bef26209878b935e1c7,435.3679024275116,0.0,Myway
2026-09-10 07:57:48,day,politics,92,0x2a211627a7a9bd5db94cf8d676667abcd4d4280f,422.33067273100005,0.0,Solomon-
2026-09-10 07:57:48,day,politics,93,0xef2f91f75d1878a09ecd42a376d084d3bc808b9c,421.0328489049989,0.0,carkiller530
2026-09-10 07:57:48,day,politics,94,0x6de11fc88a25b080be5203a7356db3c054efdfc9,417.37026128200057,0.0,NSNO
2026-09-10 07:57:48,day,politics,95,0xbaa2bcb5439e985ce4ccf815b4700027d1b92c73,416.8658640035428,0.0,denizz
2026-09-10 07:57:48,day,politics,96,0x3afef976a5d031b351da42c0ad0ff1f13c1d01d4,414.93079665099776,0.0,Johnsansculotte
2026-09-10 07:57:48,day,politics,97,0x863176c50b2039c67811cdf0a28da82c854f9a73,413.47789665998425,150.6,Azrarn
2026-09-10 07:57:48,day,politics,98,0x683a7f0443df0f00d74efe51241c928aee1de2c4,409.9529240154841,872.263889,Nostradamus69
2026-09-10 07:57:48,day,politics,99,0x020fea8b9bdf27cb729db5bfa80332286d8ede5e,408.559183809999,8171.18,Llama67
2026-09-10 07:57:48,day,politics,100,0x312bcca3bc77bdc1d37dc6db5b9c1493de61cafe,407.09452614500333,0.0,ELICHOU
2026-09-10 07:57:48,day,sports,1,0x7ad71d79a3bb90d0a87a06500fa0fe11663842aa,185347.01507303445,0.0,theowalcott
2026-09-10 07:57:48,day,sports,2,0x31e5d54aded22aa7cd80dbe9e33102abe2504879,183336.83185830887,0.0,Noprajsk
2026-09-10 07:57:48,day,sports,3,0x924379a79c64b77ad5816ad362122a5f6228658e,155632.23975668498,29556.631185000002,Kch-Temp
2026-09-10 07:57:48,day,sports,4,0xf0318c32136c2db7fec88b84869aee6a1106c80c,121330.46273065172,31604.761745,BreakTheBank
2026-09-10 07:57:48,day,sports,5,0x224a89dbe0db0d6124b335edabd15b3f877da3d5,64468.26387238223,651474.2893880002,wr0ngw4yb3tt0r
2026-09-10 07:57:48,day,sports,6,0x9703676286b93c2eca71ca96e8757104519a69c2,59603.98271956865,69821.421077,AnonymousUsername
2026-09-10 07:57:48,day,sports,7,0x55a1f55fb021eb52f5233321f88ff8eca5aedb28,54633.211249999964,62865.19,vjnn
2026-09-10 07:57:48,day,sports,8,0xf1528f12e645462c344799b62b1b421a6a4c64aa,54109.81040214619,0.0,phonesculptor
2026-09-10 07:57:48,day,sports,9,0x821dab0565ebf5b327f51db06223fdcfe01acf16,51875.94236860273,659331.8679560004,Flaznorp
2026-09-10 07:57:48,day,sports,10,0x4bff30af91642dc7d2b19a8664378fe55c45fc26,49338.56704200711,0.0,Sassy-Bucket
2026-09-10 07:57:48,day,sports,11,0xb4f978be63cdf75554b0b46a4262a6db597cc9a7,42754.78634973898,62059.679816,0xb4F978BE63cDF75554b0B46a4262a6dB597cc9A7-1779258330186
2026-09-10 07:57:48,day,sports,12,0x78becf0a4e4f2640380af0c19ad32e2557e6bde0,42368.94889517891,324128.80692599993,
2026-09-10 07:57:48,day,sports,13,0xd106952ebf30a3125affd8a23b6c1f30c35fc79c,35916.65472865058,32781.309091,Herdonia
2026-09-10 07:57:48,day,sports,14,0x121fd10502fbd639a491a4e5779bca49508c15c1,30136.73020613999,178162.8,chongchongpanda
2026-09-10 07:57:48,day,sports,15,0xdc41c39b95453c943174f369926018f6963bdd7e,29427.231119647564,381460.91000000003,nigiri99
2026-09-10 07:57:48,day,sports,16,0x75f204b39709544f763ca68c2e3f4a60a309ff6d,25817.008669674127,98773.382957,Runemup
2026-09-10 07:57:48,day,sports,17,0xf7f0b0b1e9c0fe02ccad926916ee31aef74b912c,22756.410444053297,17347.606897,wapol
2026-09-10 07:57:48,day,sports,18,0x5268527977f700f9bf9b6d5cd843859e4e70135d,22499.622727724258,0.0,HomeRunHazard
2026-09-10 07:57:48,day,sports,19,0x21f333307ac6d2e65ac82f014b3dd2b64cbc35e3,22010.215217667304,28712.475766999996,hi774c
2026-09-10 07:57:48,day,sports,20,0x684baa57c338c2549aec0aa3f034f695d72a8409,21365.66999014886,86728.21761900002,monkeymashingkeyboard
2026-09-10 07:57:48,day,sports,21,0xf5f92940519a72da460b1c2a606bc1230f0e87b0,20232.881556224544,25085.466875999995,kekasaur
2026-09-10 07:57:48,day,sports,22,0x9c68e5a4b3004bf6ac9d6735a33ffb5f983a247a,19888.578453237995,8103.727715,Antblack
2026-09-10 07:57:48,day,sports,23,0x6d3c5bd13984b2de47c3a88ddc455309aab3d294,18577.775935198413,268457.785208,VeryLucky888
2026-09-10 07:57:48,day,sports,24,0xf6dd2e6947283b30a19a106401dadad2bc9bac58,17710.204632651174,112431.166997,Katalunygeaxvhj
2026-09-10 07:57:48,day,sports,25,0xfe787d2da716d60e8acff57fb87eb13cd4d10319,17350.011517889332,1345096.8172329995,ferrariChampions2026
2026-09-10 07:57:48,day,sports,26,0xb7271c112cbd83eb4c1ef1b554ff963604ae2a9d,16896.98835321504,75.0,Elaran1993
2026-09-10 07:57:48,day,sports,27,0x2ce8505aa641791eb8460f6ac6bf5c0511e34527,15740.93657262015,0.0,0x2cE8505aA641791EB8460f6ac6bf5C0511E34527-1746735481513
2026-09-10 07:57:48,day,sports,28,0x16bb9951a36fce71e2ef57890b786145e0ba8492,15704.205638943851,0.0,SDTrading
2026-09-10 07:57:48,day,sports,29,0x713b63e4eccb6644aeaae4077c69a6b5e07eee60,14848.730763670083,61612.340574,0x713b63E4ECCb6644AeAaE4077C69A6b5e07EEE60-1763046788695
2026-09-10 07:57:48,day,sports,30,0xabb89972b21b304c1bed2bf26f35c8741ac9bba3,14749.99999999674,0.0,Feromont
2026-09-10 07:57:48,day,sports,31,0xa38a455bbdd4b68486548b7e19da99903f4f821d,14602.290887999945,26251.949954,takeormake
2026-09-10 07:57:48,day,sports,32,0xf3a6ac44c5c90ff2b4afa4459f71acc2e57971bd,14315.873848199844,0.0,donchonx
2026-09-10 07:57:48,day,sports,33,0xf28e42d20e4826f2b10a24bc952001697947cab2,13821.786557002459,86373.21,ethanaz
2026-09-10 07:57:48,day,sports,34,0x9c3ce009c9b039956665cecc4cd14de862b5e8c9,13506.102237369945,0.0,0x0x23kjookhaiuohduoayh8c9
2026-09-10 07:57:48,day,sports,35,0x7d92fd69504bfd391162e1442cb784c0af408676,13152.773611181881,57330.487262,mikesports
2026-09-10 07:57:48,day,sports,36,0xc789d1196769518a3c8d15c61cdc6415e40d1a62,13128.3183,110.0,tikstt2
2026-09-10 07:57:48,day,sports,37,0x9f15613ebf1f36d4bc679e1211d1fc567cf9bdb3,12779.356856233106,29540.194014,0x9f15613ebf1f36d4bc679e1211d1fc567cf9bdb3
2026-09-10 07:57:48,day,sports,38,0xec981ed70ae69c5cbcac08c1ba063e734f6bafcd,12148.601915225037,21400.0,0xheavy888
2026-09-10 07:57:48,day,sports,39,0x97ead83eb0e6b7f142e63284791882f05ddf3363,11033.790401999995,8382.54,Hakei.
2026-09-10 07:57:48,day,sports,40,0x8efa1ea8ee2d456a051ae2985079a1e3c9aa894c,11021.730024599274,1991.2954549999997,
2026-09-10 07:57:48,day,sports,41,0xccd81fbd3395dc43a0531f8484b21c2462daf4de,10728.872647925746,176416.23757000003,0F62
2026-09-10 07:57:48,day,sports,42,0x01e6e3c5cfe50943e7721398054cb1e22032e7e0,10446.321837750664,29652.554733999998,JustADonk
2026-09-10 07:57:48,day,sports,43,0xf5a3504ad3a8b079974620b3aa4fcca3f7579e12,10344.439608314977,0.0,pltrkr111
2026-09-10 07:57:48,day,sports,44,0x1cfc260bfa2b5ae89377863180ca3b4f5c862111,10336.502156171526,16975.372964,lissartter
2026-09-10 07:57:48,day,sports,45,0xe954ddb021c19495f1c556f59dadbd1494821ef1,10299.170444045812,21800.88077,kingflop
2026-09-10 07:57:48,day,sports,46,0x1d1ade627d0bb0205758580b20d808573e720df6,9913.627600000356,1635.52,Pwaddler
2026-09-10 07:57:48,day,sports,47,0x3f985e3a68f88e6ed8da1a22e1a5eda81c8e0aa1,9803.35329089174,13390.771539,xabidaking
2026-09-10 07:57:48,day,sports,48,0xc96e5287ab294ac0388c2ddb00180fc464cff1f9,9782.130675544206,2358.699897,wigglew
2026-09-10 07:57:48,day,sports,49,0xb5aa9120ee3313e44d5e6a4895b8f7118cda5bd7,9587.86675,0.0,Lackvill
2026-09-10 07:57:48,day,sports,50,0x37e4728b3c4607fb2b3b205386bb1d1fb1a8c991,9541.157900000224,0.0,SemyonMarmeladov
2026-09-10 07:57:48,day,sports,51,0xa8e089ade142c95538e06196e09c85681112ad50,8800.000000000466,130000.0,Wannac
2026-09-10 07:57:48,day,sports,52,0x715ce1ecfa3836fbb10e6829109ebce10a5f19d1,8742.000000000004,0.0,exstnc
2026-09-10 07:57:48,day,sports,53,0x21064fd320bfd5a86f8c92a94d3209edf4154dea,8629.62155021407,86172.64202,rainbowlilies
2026-09-10 07:57:48,day,sports,54,0xc660ae71765d0d9eaf5fa8328c1c959841d2bd28,8320.000000000466,0.0,BoggsFromShawshank
2026-09-10 07:57:48,day,sports,55,0xbca08c1bc204a34f2fddbe47b438b9bd42ac9705,7503.061494356021,136267.972699,justaluckydude
2026-09-10 07:57:48,day,sports,56,0xc785252b25901a591e9d962e09f4342468444ef2,6985.140570725074,162686.577681,dips.
2026-09-10 07:57:48,day,sports,57,0x5ad49cd574df6888a0fe1d2b522f334988f06866,6681.4517880000785,13332.0,0x5aD49Cd574dF6888a0fE1d2B522F334988f06866-1766098504363
2026-09-10 07:57:48,day,sports,58,0x4f423d4ad987215b20b95f788f83c250e9628bbc,6544.259918348507,18219.474338,Vgsps11
2026-09-10 07:57:48,day,sports,59,0x66b23cd8bcb651e11b70f6f340ce154864870fdf,6538.810657892516,582.526316,donaldbush
2026-09-10 07:57:48,day,sports,60,0x0d2d845a6ff64e31e04a70afce8a573940767ff5,6521.08774179779,420990.9809080001,38791873984189
2026-09-10 07:57:48,day,sports,61,0x0a6356d95e871f7288063d56a2db518ea004fc03,6479.673720999963,32892.458365,f3arless
2026-09-10 07:57:48,day,sports,62,0xc7b564d67b4f1e053d22a45d6a5c5969c366c3e3,6352.529121302663,13683.175439,LuckyVision
2026-09-10 07:57:48,day,sports,63,0x1250846658e2a118930edb02e31f7a7e82258f99,6231.302599044167,17465.950848,Kev69
2026-09-10 07:57:48,day,sports,64,0x4f29e103339919c4baaea2a60195cf1c8bb27a7e,5892.557710020657,314256.3457700002,0x4f2
2026-09-10 07:57:48,day,sports,65,0x3b62c64ebaee15478e8b21765b9f940458655cc8,5794.9999999998545,10000.0,rollobravado
2026-09-10 07:57:48,day,sports,66,0x191f77486cb1c5af42e54734621804936a204a8d,5709.348548089009,21196.448199,LaarsY
2026-09-10 07:57:48,day,sports,67,0x2ca1084475eb6d8103617a460400e7c93bcfddcd,5649.999999999956,15000.0,Thebigshot
2026-09-10 07:57:48,day,sports,68,0x1f624696c102b99bea92c75a502fa7e4a6d676f6,5223.1988024914135,43700.26337,emacron
2026-09-10 07:57:48,day,sports,69,0x418d51e13d019913bb027db22ecc723fe1ad88a3,4733.297699999952,2999.997013,0x418D51e13d019913BB027DB22ECc723fe1AD88A3-1720918577961
2026-09-10 07:57:48,day,sports,70,0xe9cbb1c9b3f7f411dd4fdf2ea7afa780c8b4d096,4731.811305750452,70427.50489699999,lameloballer
2026-09-10 07:57:48,day,sports,71,0x1e386b0e0f1fc58c67ce738d7bbc4ba7ec74fd47,4671.33402857498,0.0,beeemw
2026-09-10 07:57:48,day,sports,72,0xdb83e85ffd22faa4009273034770f96ffc5b1e50,4575.246242201945,31575.594980999995,sentrio
2026-09-10 07:57:48,day,sports,73,0x10a6fadcbacd66330862206f6199b197e3ad4d8b,4535.928194000793,7016.422687,rabbitfoot1
2026-09-10 07:57:48,day,sports,74,0xca7c00e2bf8e4571357f31631f05dbf231e6e994,4354.4884627402935,466.20554300000003,youngwhale
2026-09-10 07:57:48,day,sports,75,0x48be64cacd43048d38e522c83281e99161b773a8,4353.556704999995,8372.208334,tysonuw
2026-09-10 07:57:48,day,sports,76,0x5811c8ad5dc5990528357ecf1a6d03311d6c0976,4293.104037188852,43709.767826,0x5811c8AD5DC5990528357ecf1A6D03311D6c0976-1782550886071
2026-09-10 07:57:48,day,sports,77,0xc6b13482e72f656519705d792a1f25587a6c78fd,4250.000000000175,0.0,xxzws1
2026-09-10 07:57:48,day,sports,78,0x551c8f09fffa54889974a101e2af2b92c13dfe91,4199.48463179142,9062.940418,retarb
2026-09-10 07:57:48,day,sports,79,0x2d6ac4f70307102ac46e9e6ded67f3838ddf8add,4081.8492682819924,85724.459428,GC-P
2026-09-10 07:57:48,day,sports,80,0xa8da826aec6f2b90700eeafbc911ca29ddcbf944,3868.6978789999994,10033.660303,DOGWIFHAT
2026-09-10 07:57:48,day,sports,81,0x1e7792acc779a6af8304bd7991ff31d16d468c33,3851.045853970456,0.0,THEdirkdiggler
2026-09-10 07:57:48,day,sports,82,0x866056133a70de9282a080758858d1a0c8b393ed,3849.9970384600165,0.0,WhattDoyoumean
2026-09-10 07:57:48,day,sports,83,0xaacac528e8af87ca25809824b384e169b558f5d5,3815.4789257295197,14578.592969000001,testyeagles
2026-09-10 07:57:48,day,sports,84,0x2ed17c5026b12cac4570e30d6543f7471939caa2,3809.463026000016,4809.460477,RCHUP2
2026-09-10 07:57:48,day,sports,85,0xe5065c99791f3f1ea0cf5791cf3b7d9463c47c70,3725.3710840000003,8628.097895,0xe5065c99791f3f1EA0cf5791cF3b7D9463c47C70-1743743147670
2026-09-10 07:57:48,day,sports,86,0xda68a76eb2575456af9c65d375fa2cba049b6b7b,3674.9749999999967,5160.0,0xda68A76EB2575456AF9C65d375FA2cBA049b6b7B-1786413516710
2026-09-10 07:57:48,day,sports,87,0x87531c465a5a729850e1e2c4fd4af3dcb87d85ad,3646.2426409050677,0.0,Trotz.85
2026-09-10 07:57:48,day,sports,88,0x1b47e9b128e6b671edebfb2cac23dd3efc40d814,3621.8349155795877,56.71,sbsigner
2026-09-10 07:57:48,day,sports,89,0xef292327dc97299c63f30e998614740d9a852f1e,3572.1058332600514,31271.92,avotrade
2026-09-10 07:57:48,day,sports,90,0x696b1571c5c8316a237d8f7eed30bce618df49c1,3479.9999999999995,6000.0,oop20
2026-09-10 07:57:48,day,sports,91,0xd3faf1906cc31e75d1dfa0d7b57e8f97d33da26c,3423.9130432958864,0.0,IAmHomelessNow
2026-09-10 07:57:48,day,sports,92,0x161a7f666ca49d592848cf415b42f49a84714103,3394.4008087486145,90664.70224700001,torta.tech
2026-09-10 07:57:48,day,sports,93,0x38181f43e5802391522583a82d05893df3039797,3384.949969150297,13601.885757,MissingJoy
2026-09-10 07:57:48,day,sports,94,0x6ffb4354cbe6e0f9989e3b55564ec5fb8646a834,3358.8838759998907,7337.316789,AgricultureSecretary
2026-09-10 07:57:48,day,sports,95,0x32ed517a571c01b6e9adecf61ba81ca48ff2f960,3261.4922459996305,2002.48,sportmaster777
2026-09-10 07:57:48,day,sports,96,0x1a382b80464f4a0ccb0b1882eb3cb4861dac8fb5,3205.675554704074,0.0,cubsfan333
2026-09-10 07:57:48,day,sports,97,0xf5e15d3344c35890f1aa716dca88e13eb9065ad0,3202.9199999999983,0.0,WYNNERBACC
2026-09-10 07:57:48,day,sports,98,0x17cb6a89c4276a7403e18126957d121a34353ab8,3198.233383955965,0.0,0xsven
2026-09-10 07:57:48,day,sports,99,0xf536df9537ac6b7fd873d21080733e0176ebfd1a,3194.9417499999995,0.0,Megawhalefish
2026-09-10 07:57:48,day,sports,100,0xd27cc742d023d06ef633a4c880cf1ff1836ec081,3124.9949999801174,0.0,madkkee
2026-09-10 07:57:48,day,crypto,1,0x6575759174ad221bba9947bc3f18750ec769b198,139756.91564438608,18404.686794,dromedaryy
2026-09-10 07:57:48,day,crypto,2,0x5188fa0e8a77e87bc6a58e6781fdfc4e165cc804,38901.73408758224,32991.264811,AllByMyseIf
2026-09-10 07:57:48,day,crypto,3,0xb278db15aba01ada500391f5a5a88e29612a2291,13250.47608074294,32132.781740000002,bbqq123
2026-09-10 07:57:48,day,crypto,4,0x7f2863a51f2f4aa383e97692e414dae94aee85e8,12688.239104625318,77934.44443900001,miracleee...
2026-09-10 07:57:48,day,crypto,5,0x226bf1220731af372b1e7d572959414f31b4cad6,12299.99762812,44999.98,botbot
2026-09-10 07:57:48,day,crypto,6,0xf5f0dca5d5ec264961d3bf43f77fbbe9a440840d,9951.619999999999,70.0,Aniu7
2026-09-10 07:57:48,day,crypto,7,0x565ca59275f81991bd9877d7fa8404c5ecf6519e,6830.063289000012,35339.286667,IamFKINGbankrupt
2026-09-10 07:57:48,day,crypto,8,0x7c1775161994c0ae8af7b773718c966d37eb3deb,6795.200559250002,1915.1200000000001,0x7c1775161994c0aE8aF7b773718C966d37EB3dEB-1788938251234
2026-09-10 07:57:48,day,crypto,9,0xb76b680e0ca8e5461ef265d2008296833ba9c2e4,6651.455508710272,81.216217,bhbtc
2026-09-10 07:57:48,day,crypto,10,0x441909510a0b18a7df9f5ea588314a53d5bcfcf4,6399.978673000003,0.0,Gambler661
2026-09-10 07:57:48,day,crypto,11,0xa3e9a711841e655def080044768452b60f4263d0,5817.428690132001,1335.3600000000001,alanhutton
2026-09-10 07:57:48,day,crypto,12,0x7b023e54b7e217d16784ec8faa71e5dae0221fdd,5664.258275370012,0.0,shadyjdz
2026-09-10 07:57:48,day,crypto,13,0xb55fa1296e6ec55d0ce53d93b9237389f11764d4,5485.420430946862,275502.24990999995,0xb55fa1296E6ec55D0cE53d93B9237389f11764d4-1777575277609
2026-09-10 07:57:48,day,crypto,14,0xe0a7606179ece09f570f3430e49b9bd41d5f063e,5199.065721200001,43757.06744,0x10e131b8c71888adb0f1480143143c0
2026-09-10 07:57:48,day,crypto,15,0xf6dd2e6947283b30a19a106401dadad2bc9bac58,5022.423321258662,117063.333539,Katalunygeaxvhj
2026-09-10 07:57:48,day,crypto,16,0x12d6cccfc7470a3f4bafc53599a4779cbf2cf2a8,4861.5879118552,11911.380000000001,classified
2026-09-10 07:57:48,day,crypto,17,0x44c1dfe43260c94ed4f1d00de2e1f80fb113ebc1,4604.075433410006,0.0,aenews2
2026-09-10 07:57:48,day,crypto,18,0xebc05b45ba24e782fca2ef613096c75feb275aaf,4460.032874457998,0.0,chickengambler
2026-09-10 07:57:48,day,crypto,19,0xf1f9a438f2697381b4ac8eb283d6f4dd772d1245,4451.63081156,27537.51,tunatyler
2026-09-10 07:57:48,day,crypto,20,0xb87532a1a04c654700aa8153b3a95675ac4f4b16,4408.436426389977,0.0,En11006
2026-09-10 07:57:48,day,crypto,21,0x5e60d871c2d646de185e541290689b727ef0e468,4080.438404574521,86017.051468,0x3664555C090fBEFHSVE94a7d216FCe860d746HD5
2026-09-10 07:57:48,day,crypto,22,0xf6fe05305c33e165166a5f0da4e01e6b82f9595e,3944.87314816559,21930.659778999998,sunmingze1981
2026-09-10 07:57:48,day,crypto,23,0xa8c63f775ddbbe66b56614191747def3021444e8,3674.285388973007,5118.67,Tenebrus7
2026-09-10 07:57:48,day,crypto,24,0x36043d916a6336445c8110829b1c63eff879dbb7,3570.535838680644,9259.146813,Richlukcypotato
2026-09-10 07:57:48,day,crypto,25,0x014c4e7ae2145992861c2d1b124af633a97f820c,3497.4735070170036,0.0,Hyperlong
2026-09-10 07:57:48,day,crypto,26,0x672c9e0698b0d668f8fd8baf0e1e19c76142881b,3413.192522995514,19841.221311,Antonio1729-2
2026-09-10 07:57:48,day,crypto,27,0x6ad9ff01ba3f5ecc1797c4f68a1236aca0818d2e,3397.659872370001,0.0,Heisui
2026-09-10 07:57:48,day,crypto,28,0xe339bba7fba043520d83516ce22add16beb6e01b,3305.5646438572185,2398.9438760000003,12Alexander12
2026-09-10 07:57:48,day,crypto,29,0x9baa108c349fd68e0be492cb7d1d35609d972346,3266.6426230288307,25632.06774,oooooooooo777laugh
2026-09-10 07:57:48,day,crypto,30,0xb8c40cfb12b96a2c69b84b82ef2d8414c3469099,3266.6254543951254,36120.54597800001,henesys
2026-09-10 07:57:48,day,crypto,31,0xc4f0d8e94a90ad0ad24bb27529df26a8949be891,3105.271943140001,0.0,semi-semi-
2026-09-10 07:57:48,day,crypto,32,0x5cf8f29935fadd6ebc0a4df24ce4f1f5f1f83a61,3099.7160329282806,661.08,E15T
2026-09-10 07:57:48,day,crypto,33,0xc6e956068048c1cf98d8f0b3a495edc9da130741,2994.8153599999996,0.0,luck00004
2026-09-10 07:57:48,day,crypto,34,0x7e0127d862ecd1bd514ca8bc413bfd544456f637,2902.1975648140196,18339.127978000004,435erdrhrtyh
2026-09-10 07:57:48,day,crypto,35,0x0d2d845a6ff64e31e04a70afce8a573940767ff5,2899.782103788764,28338.203620000004,38791873984189
2026-09-10 07:57:48,day,crypto,36,0x18e46c94d7538f43042dfa7f0b882239a2c0e2bb,2831.4642618610033,0.0,qyblem
2026-09-10 07:57:48,day,crypto,37,0x69d1202216d3082d01ba4935d513d3b5fe99a8a6,2782.939394306599,20494.070774,ZCu000
2026-09-10 07:57:48,day,crypto,38,0xf797d4d1c038d1eb0593edae0e66bf8e4b2e0bf2,2738.789158347502,0.0,DerDon
2026-09-10 07:57:48,day,crypto,39,0x41e2e1ccf1e4940029af02259a31c6b89b9fa354,2727.1721486026654,148219.22556500003,norm1e69
2026-09-10 07:57:48,day,crypto,40,0x974da1d69a42f1db94b481a39621bfbafd41b050,2676.269613581928,7499.911345,0x8dszc153187wmy123456789
2026-09-10 07:57:48,day,crypto,41,0x0cb038487586d1119b165466072e9baf666f3a90,2651.6680044879904,227518.059344,
2026-09-10 07:57:48,day,crypto,42,0x050700a1d08e0961ca552771f9b6dfe079225600,2581.070874521636,36414.196935,
2026-09-10 07:57:48,day,crypto,43,0xb895566d5d5e43d55caa4272031019dbef8cb4f9,2504.1623891100026,0.0,Camelcc
2026-09-10 07:57:48,day,crypto,44,0x0c689c8e78588fd3d02e56a6e787e7f9e9b09e76,2499.9999187400026,0.0,monkeyking42
2026-09-10 07:57:48,day,crypto,45,0x0fb7a044759ec90c26efb0990ffafc9d864fb296,2450.837741021693,15849.494322000002,6547y56fgjhg
2026-09-10 07:57:48,day,crypto,46,0x9595b9d67a821bebac4627a1f5c9a5540dc42008,2449.3745738776815,61910.74610199999,ghuhkhh6769vggvuyyug.
2026-09-10 07:57:48,day,crypto,47,0xeebde7a0e019a63e6b476eb425505b7b3e6eba30,2411.008082665736,126126.21366200002,Bonereaper
2026-09-10 07:57:48,day,crypto,48,0xb1a279adb096d316b1b168993e8ed976d3cd372a,2375.7515692300512,0.0,TwoEyes
2026-09-10 07:57:48,day,crypto,49,0x9d84ce0306f8551e02efef1680475fc0f1dc1344,2350.217628340004,0.0,ImJustKen
2026-09-10 07:57:48,day,crypto,50,0x9bf4ab497adf5bcddcadbf4df761ce73a0680284,2301.097673556251,9467.969563999999,kchecko
2026-09-10 07:57:48,day,crypto,51,0x26165df18c4dae74bfc20b8f266f0887fedbc6aa,2262.5538464,0.0,ivantoney
2026-09-10 07:57:48,day,crypto,52,0xae34fc7142bf90d630c97e16a55e3bee4583b37d,2251.946414300313,9394.689338999999,nahhtr
2026-09-10 07:57:48,day,crypto,53,0x936e3a446b995b0cf997e583c92bbd125919473f,2247.0763271200003,5548.33,overbet
2026-09-10 07:57:48,day,crypto,54,0x454c48b436e5dda7a186cc7e0ebeee2a1d1865cf,2220.5263170319563,9324.965079000001,checkr3
2026-09-10 07:57:48,day,crypto,55,0xa35cd589adf3df988c84f1d17c50cd3dd4775bb2,2219.3292889999993,0.0,nothingbutlove
2026-09-10 07:57:48,day,crypto,56,0x5380555499c258e06330d364f3828079951ed4b3,2184.6202928113344,19939.637732,rear
2026-09-10 07:57:48,day,crypto,57,0x206191d01c411a5b346d11a2df2d463a356b8ec9,2172.005000000001,0.0,rebotsliaf
2026-09-10 07:57:48,day,crypto,58,0x128e9dcee42b2d9e4dfa44c94a4346f24871abfa,2114.4596530750023,0.0,Armando67
2026-09-10 07:57:48,day,crypto,59,0xa4eb1cc5bd05bbcad1cd44e76308d5b8ecbb393f,2091.095791640306,21519.954535999997,B-15-T
2026-09-10 07:57:48,day,crypto,60,0xda0f4e3f79a50b8601b3cb9d421f48ce11bbf0e7,2041.2917910799697,16165.339551000001,Xplayer
2026-09-10 07:57:48,day,crypto,61,0x1cfc260bfa2b5ae89377863180ca3b4f5c862111,2027.1862178263145,2971.8804360000004,lissartter
2026-09-10 07:57:48,day,crypto,62,0x51fd8f0358cc9e8a1ee5f87a0c7e3b07ed634272,1906.4502068250204,7727.602333,TimeTraveler
2026-09-10 07:57:48,day,crypto,63,0xc7d02944a76b9f83b199e9090ecc92c82d241f8a,1854.2672575494153,14759.496444,0xc7D02944A76B9F83B199e9090ECC92C82d241F8a-1776944395495
2026-09-10 07:57:48,day,crypto,64,0xeda9eb21b1472c60fecc52f69252585743d40990,1851.7684922887668,23594.775891999998,dfgeyrtgfvjg
2026-09-10 07:57:48,day,crypto,65,0x0340fcffce4d0d00670212d44f364535e6e56907,1835.8338011999986,0.0,0x0340FcFfce4d0d00670212d44F364535E6E56907-1764744261318
2026-09-10 07:57:48,day,crypto,66,0x82849052735c2be0f5953c738f1fad904a955caf,1791.2388806000001,7865.893324,pxdre
2026-09-10 07:57:48,day,crypto,67,0x71ebf9ee9f173b02e3ee5db7ee4047d1079bb6f1,1734.4156886066885,21615.483962000002,0x71ebf9ee9F173B02E3Ee5dB7ee4047d1079Bb6f1-1774061299286
2026-09-10 07:57:48,day,crypto,68,0x524db836890e08aceb3abcdee98d44240e324495,1730.1663724999999,0.0,Mac-Gyver
2026-09-10 07:57:48,day,crypto,69,0xe550b80d070f2f4a8d8e7b022dd5617415d0683d,1704.6594981673525,19537.440173,er3e45t35t
2026-09-10 07:57:48,day,crypto,70,0x61bc0eaff95f98c5c6ced21cdc7d1bdb7f842289,1637.5479958521464,25573.854169,Colendewin
2026-09-10 07:57:48,day,crypto,71,0x05f6cb63d4ffdfaecd7ad8acd0765b6f6a5a25a1,1632.9695029700015,0.0,ethBELIVER
2026-09-10 07:57:48,day,crypto,72,0x825a96fbae9189ea41bb2aa70e7572970f408835,1625.1469410249993,0.0,noman2026
2026-09-10 07:57:48,day,crypto,73,0x28101352a90100eb8a6ac82bd606fc53b3e479c8,1607.548462386132,7957.523497,xqirtros8989
2026-09-10 07:57:48,day,crypto,74,0x3e105fda0e7a3b1bad425cfa1981c6ffedd40b9a,1595.043855999992,12059.658862,
2026-09-10 07:57:48,day,crypto,75,0xfcda969d818f49fb945b889275405f929221eecc,1594.2795622365998,14612.403082,3123123121313
2026-09-10 07:57:48,day,crypto,76,0x0e11cc0b89fe06832d02892791211fa3a4611b07,1591.6255867585987,8597.087699,krakaza
2026-09-10 07:57:48,day,crypto,77,0xb2ca88cd9c431a0f1223029088beb0cf4f035fb0,1578.8461459499995,0.0,IceFrosst
2026-09-10 07:57:48,day,crypto,78,0x715df5d081e2b1bdd226e865316e707adf8db09b,1519.922303899013,0.0,AlexMakedonskay
2026-09-10 07:57:48,day,crypto,79,0x78becf0a4e4f2640380af0c19ad32e2557e6bde0,1495.5442332385073,3644.031551,
2026-09-10 07:57:48,day,crypto,80,0x21d0a97aac03917e752857a551bbe5103a00e8d7,1490.5731313406432,16824.237178,PBot-6
2026-09-10 07:57:48,day,crypto,81,0xde7be6d489bce070a959e0cb813128ae659b5f4b,1478.8835747300036,0.0,wan123
2026-09-10 07:57:48,day,crypto,82,0x48ac40fc545cf327edd5365435c3a9f385614a7e,1477.8894240506343,315600.611747,BoneOhio
2026-09-10 07:57:48,day,crypto,83,0x3e4b6bb85fe8926c215433125fe65bcf3184dfa5,1458.114049461552,4955.669016,keeepawayy
2026-09-10 07:57:48,day,crypto,84,0xbfc1bde5bb460f38d9c63ccefd9d623ce86aaea3,1438.3493716592038,12998.278732,0xbFC1BDe5bB460f38d9C63CCeFD9d623cE86aAEa3-1785277562739
2026-09-10 07:57:48,day,crypto,85,0x2397e5b6f050f56a363f771e67f4dc90fe101b7f,1392.2735749490885,30572.565698,0x2397e5B6f050F56a363f771E67f4dC90FE101B7f-1768848892969
2026-09-10 07:57:48,day,crypto,86,0xc1737e2db2d19e0b73a958ecd5d0f279d0e726ee,1374.5958690722327,6128.2317330000005,GoodRecipient
2026-09-10 07:57:48,day,crypto,87,0xcf070b9ed273abd6185a4253713ce8e64c0ec770,1364.8302068417252,8222.55,MaxEnt
2026-09-10 07:57:48,day,crypto,88,0xd1436fd149ffe4ec20f385ecf91b55e54a8f83ec,1355.3957449150003,0.0,0xD1436fd149ffE4EC20F385ECF91B55E54a8f83Ec-1762509323867
2026-09-10 07:57:48,day,crypto,89,0x9a1f8ce407172a0a3c8d57c92e182d22ace2c925,1328.3981999999996,0.0,ETHhedge
2026-09-10 07:57:48,day,crypto,90,0xc8ab97a9089a9ff7e6ef0688e6e591a066946418,1315.6545027175453,5744.297143,ArmageddonRewardsBilly
2026-09-10 07:57:48,day,crypto,91,0xefde9ff487fae209ab6e3157a8acb4276f9c783d,1304.4367640410019,0.0,Umaroth
2026-09-10 07:57:48,day,crypto,92,0x2bfaf4fccc1546667e99ddd0ca6e1af48ac52f31,1298.2369942600017,0.0,ichibancho
2026-09-10 07:57:48,day,crypto,93,0xe23b8c541afbe1a3f06734a569207e7243ae7c42,1285.8552727200004,0.0,E7C43
2026-09-10 07:57:48,day,crypto,94,0xa2fc0448a1dce9258ebb91b2f3abcddb98a0b1b4,1280.5236433631544,311.994075,jaijiajaijai
2026-09-10 07:57:48,day,crypto,95,0x8b14a322db0e518ed3e3fbe69f65690f3787d0b1,1271.4349517350201,0.0,gengis111
2026-09-10 07:57:48,day,crypto,96,0x861f4149171db053c73382c40d2c7e5408fd177d,1251.6053956999967,0.0,D7422D98eA0d5b6Dd942a8eEd1d2a61945bFd0
2026-09-10 07:57:48,day,crypto,97,0xd6bf2ed46a320bb35e725a634dc7c07609cdba87,1213.2980243926124,2958.9183759999996,0xD6Bf2ed46A320Bb35e725a634dc7c07609CDBa87-1770254790216
2026-09-10 07:57:48,day,crypto,98,0x9aeb534c42b58b21673d5e03e9da14fbd15b2729,1205.571837234309,7431.631429000001,The-Joker
2026-09-10 07:57:48,day,crypto,99,0x3cd3963f25b42b69e09a094488ee352d49758ed2,1202.257286326733,2333.9417940000003,gent16
2026-09-10 07:57:48,day,crypto,100,0xda5b51c5342f3f036c8d928be667a2f425598cce,1201.1552043949996,0.0,
2026-09-10 07:57:48,day,finance,1,0x4f1d5ae26fc31472966e951af3183308736d8de2,28309.39264719264,6062.260660999998,e46m3
2026-09-10 07:57:48,day,finance,2,0xc6e956068048c1cf98d8f0b3a495edc9da130741,19265.393982611422,42.269999999999996,luck00004
2026-09-10 07:57:48,day,finance,3,0x3a8aa345d5db7ec5138298c8c4f4540259be7699,14359.106640651982,0.0,TheReturnOfDarthMaul
2026-09-10 07:57:48,day,finance,4,0x1d8c256b15d3cd1f5db221e70c77f552eb8d757a,4831.946467175803,3304.57,Hourglass
2026-09-10 07:57:48,day,finance,5,0xb0c85813a7a4428f1139ff91d3118a92c391fe7f,4402.788217380177,1847.4892219999997,laptop.recked
2026-09-10 07:57:48,day,finance,6,0x06ac70013cd0c7992ec830ad5df9f7f66d5b79ec,4177.757862623495,1000.0,eastpak
2026-09-10 07:57:48,day,finance,7,0x9efdf8932077f748fa000ec4e74996829e21b227,3837.4743118198944,8410.99805,zxdw
2026-09-10 07:57:48,day,finance,8,0x1abc2b469b5ded495d6c8b21fc79dcb8d8f345e7,3555.096225647503,217.8,0x1aBc2b469b5dED495d6C8B21Fc79dcb8d8f345E7-1778811281023
2026-09-10 07:57:48,day,finance,9,0xd32ce89f16509d3c8f8b5e9750305a5b2bc2a4c2,3251.922514026499,1218.806571,
2026-09-10 07:57:48,day,finance,10,0xeb34b86ca3ca64eb3cee6c9a0cce668385df7268,3200.835502669999,966.261852,kneelbeforetheking
2026-09-10 07:57:48,day,finance,11,0x83733b87090cf97aee473b1000beb9bfab7af0bc,2555.1625454926834,1384.246142,merod
2026-09-10 07:57:48,day,finance,12,0xa3282d3e882501229c75d0caf134e62e3afb4977,1992.8417177256924,747.0,korda77
2026-09-10 07:57:48,day,finance,13,0xeb490d0534bb68b4c2ce139b219a728cd2c3693e,1927.919144589996,0.0,78979879879879
2026-09-10 07:57:48,day,finance,14,0x53c48faa2373f597b693567f79c3782c6ce7740b,1826.5414876810246,1495.21,uma003
2026-09-10 07:57:48,day,finance,15,0xe60f07a844bd18448eb3b23818f94bec1589f4b4,1666.031777000001,2200.0,cryptoincome
2026-09-10 07:57:48,day,finance,16,0xdf1c2e388bde2fbacabaf85c75a6b69cc35e2ebb,1627.5063327960024,0.0,BMM-1
2026-09-10 07:57:48,day,finance,17,0xc5187cb669690150643ba2f9aac6b7d98d212594,1603.1324132060327,821.976233,mustbethewater
2026-09-10 07:57:48,day,finance,18,0x2974bd0059e48f215c391882976e0f1b4c8c9c23,1376.6268327964972,0.0,65765757
2026-09-10 07:57:48,day,finance,19,0x4d49acb0ae1c463eb5b1947d174141b812ba7450,1250.0,0.0,no1yet
2026-09-10 07:57:48,day,finance,20,0x56c9fbdeccf198f1f5ad95ace39b24f5f7fb0d9e,1216.0905708525097,0.0,redvinny
2026-09-10 07:57:48,day,finance,21,0x537263fdfc15e4e967e63c0c783f22f549e74b1f,1100.804113622,0.0,xiaojiren
2026-09-10 07:57:48,day,finance,22,0x5a45565906b8478fe456a0d313ce8839b3e7f628,937.905160000002,0.0,FFIE.
2026-09-10 07:57:48,day,finance,23,0xebaba6d3c08c5fff3d444ce0f751e6d97f15cff5,851.7733059375001,434.57,0xeBABa6D3C08C5FfF3d444cE0F751E6D97F15CFf5-1779341123078
2026-09-10 07:57:48,day,finance,24,0xa61ef8773ec2e821962306ca87d4b57e39ff0abd,740.7923305890004,0.0,risk-manager
2026-09-10 07:57:48,day,finance,25,0xe53312c6c15af508e0c31e2cfadbefddd399ab29,707.7492964949997,0.0,WharfMan
2026-09-10 07:57:48,day,finance,26,0xa2c97a854993d3f4935334f89d7dada6a6269c10,673.29725,0.0,shizzle99
2026-09-10 07:57:48,day,finance,27,0x5c14eb6a6d5083c003daa8241ed559d2dc82cc49,669.4194990000015,0.0,forinnerpsandr1x11222
2026-09-10 07:57:48,day,finance,28,0x82af2899d7cfe87f28935cb996d41b0b835166ae,655.5820423439995,0.0,gorgeousfuel
2026-09-10 07:57:48,day,finance,29,0x8159c22bb2a91d196eec16588eff695024158dc9,646.8929999999999,0.0,hhhooo77
2026-09-10 07:57:48,day,finance,30,0xc3daa1bb9ce85866fb1a7c3a5d02816798e641fe,643.1079919660001,0.0,harishjindal
2026-09-10 07:57:48,day,finance,31,0x96489abcb9f583d6835c8ef95ffc923d05a86825,634.7221931135573,56.0,anoin123
2026-09-10 07:57:48,day,finance,32,0x46a121e4df5fdd6cf042a4ede1e90672583e2736,608.7065330894959,0.0,0x46a121E4DF5FdD6CF042A4EDe1E90672583E2736
2026-09-10 07:57:48,day,finance,33,0xb1ca909e848cc24ec4e220ce1c453bc290c51705,604.9426344509957,4775.27,GrandeFromage
2026-09-10 07:57:48,day,finance,34,0x88c4919de76e526d55a32c1f8afb439dd1f1129a,603.8211202634993,0.0,RenanPresidente.
2026-09-10 07:57:48,day,finance,35,0xca00024cebb5e6caa04991882ffccd3739c769a9,597.4665019595009,0.0,chicho
2026-09-10 07:57:48,day,finance,36,0x41f3b515c133850bc03e72b3bfaa42cf0962844e,585.0000000000109,0.0,headsh0t
2026-09-10 07:57:48,day,finance,37,0xce054a280345977fa81733f4cfdca141e8759176,573.7701414995001,0.0,kxkxkx
2026-09-10 07:57:48,day,finance,38,0x6300bdade02dd69388ad3d69af19e113958abd20,497.2201149350003,0.0,robipitt4
2026-09-10 07:57:48,day,finance,39,0x963137a0ba0b02ebf6f37710023cc1b0303289a1,489.4721892800044,1461.53,0x963137a0BA0B02EBf6F37710023Cc1B0303289A1-1764031525036
2026-09-10 07:57:48,day,finance,40,0x39d0f1dca6fb7e5514858c1a337724a426764fe8,480.20164622581933,1303.72,kekkone
2026-09-10 07:57:48,day,finance,41,0xac9b386454ed02ef205e0ebd189d8864fd02d4c5,444.8946632199986,0.0,tryingmyluckhere
2026-09-10 07:57:48,day,finance,42,0xa16c780dca2812c966afb81ad06232b781be7936,424.4985064195001,328.88,baoyunqi
2026-09-10 07:57:48,day,finance,43,0x4f80a5da109252eca37ad090c0f25a2796ecc19c,423.55001117859683,684.011043,falloutmax
2026-09-10 07:57:48,day,finance,44,0x1387d145aaf01f6e33b66525dda6e1f51f6955f8,412.96467033499994,473.7599999999999,Lucerys
2026-09-10 07:57:48,day,finance,45,0x969fae0a3a93778adc42178f72c612ed8c4e4d55,408.8326541549468,0.0,superstonksbro
2026-09-10 07:57:48,day,finance,46,0xc7d02944a76b9f83b199e9090ecc92c82d241f8a,407.1414458144063,544.88,0xc7D02944A76B9F83B199e9090ECC92C82d241F8a-1776944395495
2026-09-10 07:57:48,day,finance,47,0xc8ab97a9089a9ff7e6ef0688e6e591a066946418,406.29188512585824,1080.856096,ArmageddonRewardsBilly
2026-09-10 07:57:48,day,finance,48,0xe40362b6d2c1eb1134da886f4c64f02f08f6e5a4,400.4683847999968,0.0,Coram_Deo
2026-09-10 07:57:48,day,finance,49,0x201cbc10410f6900090edf68515f62190e8158bf,400.0,0.0,CharityStripe
2026-09-10 07:57:48,day,finance,50,0xf4677fde7b20f3ac4f573355678de3a0f610935f,391.51445545800016,0.0,wntsang41
2026-09-10 07:57:48,day,finance,51,0xccbcf2b7ce194e74a2321b5d2cf349145d04508e,379.5089385695005,0.0,0xccBcF2b7ce194E74A2321B5d2Cf349145d04508e-1786821487982
2026-09-10 07:57:48,day,finance,52,0x5d2f49295387e01a49f0a3e59449ceed791c4adb,366.49903500000016,0.0,MikeMoore
2026-09-10 07:57:48,day,finance,53,0xc9eb41938082b7c6ceafa464454ba95b48556a67,354.5013599799986,0.0,zhenxiao
2026-09-10 07:57:48,day,finance,54,0x7f9e2d1df78614564a70becc7fa14aa9a6623a0e,351.53568885399727,0.0,LulaVaiPerder
2026-09-10 07:57:48,day,finance,55,0x30328330513d01e16174d53d98c2047ef35c99e7,338.3807236474988,0.0,Prinas
2026-09-10 07:57:48,day,finance,56,0x2b670a311561dcaf741d8155451774d3fa7fb814,336.1766484795944,55.55,0x2b670A311561DcAF741D8155451774D3Fa7fb814-1778467735876
2026-09-10 07:57:48,day,finance,57,0x39c3d7208946b664aab88797225a418f9d4e0c7e,335.64260499999955,0.0,sam52727482916
2026-09-10 07:57:48,day,finance,58,0x0fe5311af2d4981af6765242c28a674b145306ce,332.8580735999999,0.0,luansha178
2026-09-10 07:57:48,day,finance,59,0x1104d937f3635fc20f42d56c2855e72f0ec5002a,330.79212763199985,1770.0,conotocaurius
2026-09-10 07:57:48,day,finance,60,0x50c80ae7a66e49701dc9388bd13574ba03e0caa2,330.1296975005389,4785.3319440000005,flipforchanel
2026-09-10 07:57:48,day,finance,61,0xf24482c8a844463322a9941203ec791f07bc9b9e,323.65877532449986,0.0,Gmoney16
2026-09-10 07:57:48,day,finance,62,0x0d15e2724df455f9e65b15104d21d76412a2c454,320.0,0.0,e88888
2026-09-10 07:57:48,day,finance,63,0x8de0771af4eb2785fe64eab139399abd30bd7f22,313.8538950000003,0.0,101456
2026-09-10 07:57:48,day,finance,64,0x8e77537e059837d3c2ca5b4efe75e74e9498c4f3,304.9999999999993,0.0,dwpoker
2026-09-10 07:57:48,day,finance,65,0x21d0c129deb8a7f7e1569045200d20e23862ce91,302.31265155353685,105.990001,DEGENKHAN
2026-09-10 07:57:48,day,finance,66,0x4a0ba8efffe2a16b48b01f3fa5728ae0541a7a11,298.5065914655006,0.0,
2026-09-10 07:57:48,day,finance,67,0xeec50edede5d961efb02e20bfd3275dd1e7fb6fe,287.3548869371625,111.0,Chims
2026-09-10 07:57:48,day,finance,68,0xefddc1d3285d0fe1b9f2aa06e04901f527a08370,284.56857860350055,0.0,vino1234
2026-09-10 07:57:48,day,finance,69,0x2e3ea056400d81c42e2ce26ef25fda4ec5caabea,275.8521538564755,2567.4975249999998,HDGB
2026-09-10 07:57:48,day,finance,70,0xdefebc7ed6f5d6e8710398f37eea6fc1746a17f4,263.3341127276144,7616.550069,e25247f2da2a2462f03c936c379b7ab0
2026-09-10 07:57:48,day,finance,71,0xf27de6607cbd15be1133619b9807ff63fb86e6d3,260.3139099879995,100.0,0xf27de6607Cbd19be1133619B9807ff63Fb86e6d
2026-09-10 07:57:48,day,finance,72,0xd8d5289c35124b5353f5a10a28b8cc29aec38935,246.12860979426114,200.0,D8D5289c35124b5353f5A10A28B8cC29aEC38935
2026-09-10 07:57:48,day,finance,73,0xbfb3b7bd96f923fc22ecc8fb416d4dc5d3b24b43,242.71489253700747,0.0,borchi
2026-09-10 07:57:48,day,finance,74,0x08458f7e9d2858027de579e4c3ca305475496b6f,238.15848889049812,0.0,GollumGekko
2026-09-10 07:57:48,day,finance,75,0xda68a76eb2575456af9c65d375fa2cba049b6b7b,237.47534047499903,0.0,0xda68A76EB2575456AF9C65d375FA2cBA049b6b7B-1786413516710
2026-09-10 07:57:48,day,finance,76,0x3cad9826407cdadc96bb85cab6f03ff8d7166fea,237.105124025,0.0,emffg
2026-09-10 07:57:48,day,finance,77,0xa24f0d516433ae4b8ecf4ce6de13c7eafbce7131,235.0,0.0,bala-bala
2026-09-10 07:57:48,day,finance,78,0xe74d4976e5e034182d708a3b9df602e72d4722fd,230.704499999998,0.0,Pump
2026-09-10 07:57:48,day,finance,79,0x635852018e1d0964828ad6afddc45041ebf2d19a,221.56620329553,2907.0461490000002,8hytrhgfd8
2026-09-10 07:57:48,day,finance,80,0x8afa03dd6974e44d00c4d14dcccb00c0ddf6adb6,216.06211029800033,0.0,stupid22
2026-09-10 07:57:48,day,finance,81,0x832bbb891caf3a24c7d1915d9f6369c4949b5c91,211.560276142779,2166.005076,yoyobb2018
2026-09-10 07:57:48,day,finance,82,0x993c072519306017fe9a6b3ee6fa4a02b3056787,209.1551937171089,8484.271225,Jep-G
2026-09-10 07:57:48,day,finance,83,0xcf070b9ed273abd6185a4253713ce8e64c0ec770,206.03052366149586,237.61,MaxEnt
2026-09-10 07:57:48,day,finance,84,0x63c652270a37e53a170303b6b264a2aa835743a5,205.66653587999645,0.0,big-short
2026-09-10 07:57:48,day,finance,85,0x8361b39a5b65055fbb67a1f0327bc2d32db98e6d,204.3908975839995,0.0,brothercaptain
2026-09-10 07:57:48,day,finance,86,0x44c1dfe43260c94ed4f1d00de2e1f80fb113ebc1,200.9725297500263,0.0,aenews2
2026-09-10 07:57:48,day,finance,87,0x4e25605fd905e9972efc0f4d8814530c655cd7a7,200.7432537251152,0.0,
2026-09-10 07:57:48,day,finance,88,0x85d575c99b977e9e39543747c859c83b727aaece,200.0,0.0,warlasfutpro
2026-09-10 07:57:48,day,finance,89,0x25dcf4635fe93082e0849fbbf81c95680cf5e33b,197.7901164050004,0.0,XieGuangKun
2026-09-10 07:57:48,day,finance,90,0xa037d9ae501a6830a8f37610e6bac4b721672fb3,197.40819958950033,0.0,0xa037d9Ae501a6830a8F37610e6baC4B721672fB3-1777131682067
2026-09-10 07:57:48,day,finance,91,0xb3078bcc1266252ed38f9c509dd0d70e1a709c25,196.68107274774593,0.0,lilesto2
2026-09-10 07:57:48,day,finance,92,0x2e1c6e971cff5c3259090d3dea7802a15e4edb61,193.28520007099988,0.0,0x2E1C6E971cff5c3259090d3dEa7802A15e4eDB61-1779115991589
2026-09-10 07:57:48,day,finance,93,0xd5dc16a421717a6e2499818b76a76880874ad1df,192.56366484799946,0.0,caishiopt
2026-09-10 07:57:48,day,finance,94,0x4c4ed674fde7dc998036b3ae92445d00fcdb297b,190.01172667499986,0.0,SingletonFamilyFund
2026-09-10 07:57:48,day,finance,95,0xcecaeade076dafc88fdb955864da9d9c15693f67,189.94479284949966,0.0,Everestpredictions
2026-09-10 07:57:48,day,finance,96,0xa5c9c873e823b9ba5df249050780dd186cd241b5,189.06310913999982,0.0,fintrader
2026-09-10 07:57:48,day,finance,97,0x6d9fc316c3b8377060a44b852ba664adbfd59790,186.04954214600002,0.0,MEPP
2026-09-10 07:57:48,day,finance,98,0x9690d9f51b618222c29567c3b39aac2935a5f2d5,182.33264018200134,0.0,Djibooty
2026-09-10 07:57:48,day,finance,99,0xcc792a28d90f3c5d8fe91e48a184913a65031c2a,179.68859488000044,0.0,enrico-vasaio
2026-09-10 07:57:48,day,finance,100,0x57c02fb1189621fe9c0dbd97c7066920eeb260c5,177.05719554000007,0.0,0xhanxyz
2026-09-10 07:57:48,day,culture,1,0x21064fd320bfd5a86f8c92a94d3209edf4154dea,1381.2570652074355,116.49,rainbowlilies
2026-09-10 07:57:48,day,culture,2,0xec02fcf4918e22023f7b49b763281cae7dec70fc,1223.821637394998,0.0,Deni13
2026-09-10 07:57:48,day,culture,3,0x8f7b4550a868467b2db230445fee9242077e2a5f,1199.5363049551997,335.45,Venimous
2026-09-10 07:57:48,day,culture,4,0x5a45565906b8478fe456a0d313ce8839b3e7f628,963.2736612760127,9.84,FFIE.
2026-09-10 07:57:48,day,culture,5,0x9d84ce0306f8551e02efef1680475fc0f1dc1344,716.4821840635268,60.370000000000005,ImJustKen
2026-09-10 07:57:48,day,culture,6,0x62cf46cd4c3af254dccfc37a7f93de265b4b5826,608.3606999999975,9.290000000000001,eCash
2026-09-10 07:57:48,day,culture,7,0xe95e726d0ca927874f3998d815bfec51d19261f2,607.5037499999996,0.0,mewmew1
2026-09-10 07:57:48,day,culture,8,0x12ed45d2b45259d27a7fb593e564cd269c4fc9b4,497.44594888989377,4201.328232999999,sazzaa
2026-09-10 07:57:48,day,culture,9,0x33f832b83b52aa61967fb8ecb2e753734767c5e4,488.32771594298174,9.84,fanat12
2026-09-10 07:57:48,day,culture,10,0xfce1d32896ab5be795dae1510e679596a24a9123,393.95652621499994,0.0,AceBoogie7723
2026-09-10 07:57:48,day,culture,11,0x0c18cf122dce8556302ff496affe379097aba04c,377.42462870674217,1257.574855,Lastworld13
2026-09-10 07:57:48,day,culture,12,0x1c3e24224559bf9cc0f8b895a305f2f30372176d,350.62936712999976,0.0,17735977
2026-09-10 07:57:48,day,culture,13,0x4f1d5ae26fc31472966e951af3183308736d8de2,341.2083806968967,596.12642,e46m3
2026-09-10 07:57:48,day,culture,14,0x1ecc91dbd13963efbaa305262a23164c68eb53a9,326.85462388248015,8.99,20YrsOfBoredom
2026-09-10 07:57:48,day,culture,15,0xcfff4295288ee29f75a38a7028611b7c1e93673d,294.45847193498787,631.7,graynotebook19
2026-09-10 07:57:48,day,culture,16,0x04a2a7075963c86990e246e73e50f8023b79e16c,284.7885530170024,1377.218953,gordontradedc
2026-09-10 07:57:48,day,culture,17,0x0f7f9903f46c24ba66900ceb4a427873129c6450,284.65106959801506,0.0,Elonurmom
2026-09-10 07:57:48,day,culture,18,0xe089e5e74fb21bb106a7fffe1201f0bf82f4ad3a,275.08724690899544,0.0,lox97
2026-09-10 07:57:48,day,culture,19,0x6e6ceb124dbda7711e09de01775ed8329ed7e358,271.6729525599999,0.0,polmar001
2026-09-10 07:57:48,day,culture,20,0xf49157940e58d3d7d10001ee97d37ab0397f4495,243.23255112913807,981.858125,
2026-09-10 07:57:48,day,culture,21,0xbd13294ec4e8fca4ab0a389de5e4288fcb1a3e49,243.0511999704998,0.0,0x9A025507cE5B610070246d1eD42466Fd118F210f-1776961652902
2026-09-10 07:57:48,day,culture,22,0x38f50488b14a87769e0c5cd6c514b6c2e8ec6824,220.52906351949787,82.78,iFlexdaughter
2026-09-10 07:57:48,day,culture,23,0xb028b82a80c2d1e855ab4f3cd3a18ecf76838686,218.77491570878192,412.74749599999996,Ox79879657hjgdsghgdj98090klfdkld
2026-09-10 07:57:48,day,culture,24,0x99012d12a47cb06e777cbacb156dbd82edfc6046,215.9466057349996,0.0,SuperFake
2026-09-10 07:57:48,day,culture,25,0xf285f0cc521a22477bca826fe5f471c516ca1b96,207.24189160499986,0.0,BIC05
2026-09-10 07:57:48,day,culture,26,0x4edbadbd2ff5e06bb64ed7d472254b6320614b90,199.60616843999992,0.0,0x4edbaDBd2FF5E06Bb64ed7D472254b6320614b90-1788770597595
2026-09-10 07:57:48,day,culture,27,0x5f4fc359460dbe427ae7d4f81b4a34b3678cc2f1,186.7857627253684,1253.371479,0x5f4fc359460Dbe427Ae7D4F81b4a34B3678Cc2F1-1766878911831
2026-09-10 07:57:48,day,culture,28,0xd48fbb1cae18cf7d956277271ce4c712513e2132,176.42798399499986,0.0,Rocky0420
2026-09-10 07:57:48,day,culture,29,0x49f206f4fb2210a28af4795e4e0b6532cf0bd7b4,173.16235916599987,0.0,0x49F206
2026-09-10 07:57:48,day,culture,30,0x0407048e72e36bc5a0ddd482c2810fc624f365e6,172.5769738699999,880.6700000000001,2greghtrhg6
2026-09-10 07:57:48,day,culture,31,0x2ca9149f3b481a56d128c002b1c06591e8e8b942,172.16807012900244,0.0,stormshadow
2026-09-10 07:57:48,day,culture,32,0x942e79166821f3f4e67872e44f1672fcccd2be27,169.45046243400475,560.7299999999999,smallreceipt
2026-09-10 07:57:48,day,culture,33,0x727994f29f2832413a11fdd20cc3751e01b64612,167.87933375960438,740.845493,gordontradesg
2026-09-10 07:57:48,day,culture,34,0xc9be4fbe8b18bc5b66305da2616fc61f526e9e90,166.37920008499987,0.0,elekzil
2026-09-10 07:57:48,day,culture,35,0xb4e9c0420c037c40437b601a32b1664714faf380,161.00116992771473,5435.470415,xaeroqkAtProtonMe
2026-09-10 07:57:48,day,culture,36,0x590ed3d1a14ba08cad23f5c513bad6301772e43d,159.14068694900197,24908.611262,smalltimezzz
2026-09-10 07:57:48,day,culture,37,0x1534a91f9e69a0a132e2ae8da6173984cf505b56,158.28831658499985,0.0,lebigeli
2026-09-10 07:57:48,day,culture,38,0xf452408faa1a0eedad591f65d8f5f5c7bbc58ff9,156.44846633000043,1085.0,0xf452408fAa1A0eEDAd591f65D8F5F5c7bbC58FF9-1764228314605
2026-09-10 07:57:48,day,culture,39,0x014c4e7ae2145992861c2d1b124af633a97f820c,152.62160778000543,334.12,Hyperlong
2026-09-10 07:57:48,day,culture,40,0x52071e89ed7f68478a428fd65aed5dc572be686b,151.72916937215416,1180.22,StraddleSeller
2026-09-10 07:57:48,day,culture,41,0x9704f27e5ad52e2b9006e920cd56ffbccfba8f9e,147.5135930785221,0.0,dognamedreggi
2026-09-10 07:57:48,day,culture,42,0x2eb6921692bbefa0ee42d48c48141f6a81d33e31,139.07421268404147,11622.605927,CaprioDiLeo
2026-09-10 07:57:48,day,culture,43,0x3a7b4c9e79779bff106239e9ffa749eea5bd08ae,135.3559172800003,539.0,boombaby67
2026-09-10 07:57:48,day,culture,44,0x0f2bcf469f85fe746058f3a0767d24124d0d665a,125.00004995499908,0.0,Sylvester.the.Cat
2026-09-10 07:57:48,day,culture,45,0x2ecb34e1cb95b3c8d9d3e2905668d3eee03a7645,124.29856311900357,0.0,AlphaPengu1n
2026-09-10 07:57:48,day,culture,46,0x3013bd60a53789789b9ead41f3a6b6dae8662cd8,122.30951850199926,3548.65,kpyrslf
2026-09-10 07:57:48,day,culture,47,0xceed63729dbad7b41afd0140f415684d8967f8ee,121.88688660000662,0.0,jdmboy
2026-09-10 07:57:48,day,culture,48,0x28ca4e9a04531f2eac0c2770f95db4e1c6a65d19,121.42797510314449,250.011058,DuneMentat
2026-09-10 07:57:48,day,culture,49,0x04dcbd9b805b220a9b2d27e4d9e649ed07902387,115.48067000000538,0.0,thursdays
2026-09-10 07:57:48,day,culture,50,0x2c5d015ad737b43e9e2bb04f57d0e91b3c546128,110.58999093099993,0.0,anonymousgecko
2026-09-10 07:57:48,day,culture,51,0x50a8a3e47f7048747aed551fcc38d9f0cbb298ed,109.08039177341743,3950.170511,elonplstweets
2026-09-10 07:57:48,day,culture,52,0x21d0c129deb8a7f7e1569045200d20e23862ce91,106.26396513399959,0.0,DEGENKHAN
2026-09-10 07:57:48,day,culture,53,0xbacd00c9080a82ded56f504ee8810af732b0ab35,104.96020227999543,0.0,ScottyNooo
2026-09-10 07:57:48,day,culture,54,0x81c83c96127cbeeaea411630274d965818cd0738,103.36526325999967,0.0,bimbytodd2
2026-09-10 07:57:48,day,culture,55,0x9696400353b2f0b6becf4fbfdde86ffd680f0861,103.14447864260364,493.45000000000005,ent1337
2026-09-10 07:57:48,day,culture,56,0x18a0e748f547787c49b36345132971a89e21dea8,102.02158976338796,306.75,oxhrvnqpslitnzajurflmxkduvbnweu
2026-09-10 07:57:48,day,culture,57,0xfec7e9c057aab384dd7c948a88818a55c59bae1c,101.31209884850057,0.0,DvePlotnieBanki
2026-09-10 07:57:48,day,culture,58,0xe8c4d68aff65b38cac46987b9b65e01eb47d395d,97.91067420699983,0.0,JAMJAMJAM4
2026-09-10 07:57:48,day,culture,59,0xeed7c2e6c4e998fd50098b66144ee8dff01d16b2,96.17245999999989,0.0,grinder1011
2026-09-10 07:57:48,day,culture,60,0x460a20d648c4601abfcd0c71ec37eb6dfd26d738,96.02474261444172,213.98,whispercatalyst
2026-09-10 07:57:48,day,culture,61,0xa15655c43a7e4b50190d1f14198e80da86a1cf02,94.77227853000045,0.0,Crabsoup92
2026-09-10 07:57:48,day,culture,62,0x7e35a2a8cfd1eb1e69dacd043206db5a787f1a6c,94.72861073650165,0.0,buoys
2026-09-10 07:57:48,day,culture,63,0xf02105d60083d7d74d7e0f9785d79e06137cdf56,92.45519999999306,0.0,MollyParkets
2026-09-10 07:57:48,day,culture,64,0x45bbe85e001a1b1626e94349d45ad6a09f9241a7,89.27090167556923,972.9359689999999,QR1
2026-09-10 07:57:48,day,culture,65,0x9d65b48671e39f147cd8645a05582728ce778e57,88.975019,1146.32,btc888888888888
2026-09-10 07:57:48,day,culture,66,0xff1e352d5310eab17d1e9fd7e00ec33f16c05e2d,86.4423001139337,1883.81,0xff1e352d5310eab17d1e9fd7e00ec33f16c05e2
2026-09-10 07:57:48,day,culture,67,0x4279886c941189104c0c1abce1aa46b957ee3100,86.36641885799997,0.0,brahaveatslaha26
2026-09-10 07:57:48,day,culture,68,0xe7c035ee5136d6c213160a6f760392e2eb1ed656,85.61369383993951,358.24,0xe7C035eE5136D6c213160a6F760392e2Eb1eD656-1767789082519
2026-09-10 07:57:48,day,culture,69,0xf767fa803ef11754c87175515f071eb487b261df,84.98520000000008,0.0,poli.monaco
2026-09-10 07:57:48,day,culture,70,0x180fb34cc458ef613c9cd5b5faeb6363e35a0c07,84.49999999999991,0.0,Memorinas
2026-09-10 07:57:48,day,culture,71,0xa022ff25949597e2c79893d228415ec66ac4f1d3,83.997987395,0.0,ramime
2026-09-10 07:57:48,day,culture,72,0xac542714d5659793074590b3ace251f250e5c6b0,81.71621972999998,566.96,jabali-furioso
2026-09-10 07:57:48,day,culture,73,0xe5bd42e02dc8c05b31514c1596eaf82d3e52339a,81.04777947348884,0.0,Kaiji123
2026-09-10 07:57:48,day,culture,74,0x8e15585f7b2e22851b839b6d3cee8cba2d5fa0ee,79.63993293749995,0.0,0x8e15585F7b2e22851b839B6d3ceE8CBa2d5FA0ee-1774521864337
2026-09-10 07:57:48,day,culture,75,0x91adb56d113fe26fd335058e7ccde92d55f71ee5,77.83625786999983,341.46975000000003,FernandoVII
2026-09-10 07:57:48,day,culture,76,0xa49b6ea0a604c581f2a9569db42c192b1c487054,77.25021338007355,1760.0311,387411007415611814092217897387
2026-09-10 07:57:48,day,culture,77,0x3f3bfc6d754e416699793901ffb12ddeee9f1d77,76.97297056550815,0.0,eNakeVets
2026-09-10 07:57:48,day,culture,78,0x038bca073c9aebb694028d70eec94116ed4bafc4,76.48593750000236,0.0,triple-purple
2026-09-10 07:57:48,day,culture,79,0x21f41e8e53a9ea8f9eacf4db99961e37f610b8ad,76.05922584799964,0.0,UZZ242
2026-09-10 07:57:48,day,culture,80,0x29e17e0da7794efd89403ccff9b958f5084b29f8,72.72282362999994,1354.57,sferfgefvrfgh1234
2026-09-10 07:57:48,day,culture,81,0x59a1799a1a276a35def6d6ef817b67756dd4a8d1,71.66950857199618,0.0,LuckyMANNN
2026-09-10 07:57:48,day,culture,82,0x186c18caabd40f2a9d5db1f0bcfc4bd509a11d32,71.00999999999999,0.0,zalozhen
2026-09-10 07:57:48,day,culture,83,0xfd07a6ddb8a7e01b7327a991727ba28d57a36bb7,70.78643518752688,11197.605,LordYeah
2026-09-10 07:57:48,day,culture,84,0xfee149fafe22d89834c75f35a3fe9ecf1cd2746f,70.45916957942154,181.159421,HappyPumba
2026-09-10 07:57:48,day,culture,85,0xb60314f4fafc3fe8f4c59299b275750f780b58fe,68.85684790968105,938.2787030000001,Ronke
2026-09-10 07:57:48,day,culture,86,0x69448d9d3ae6c6c62d94ab9c1ea696532fa47275,67.99077695999961,47.0,helpinghans
2026-09-10 07:57:48,day,culture,87,0x97ff9e9affb3acf739161deef10492a96a36d095,67.59636672000852,62.3,niceShare
2026-09-10 07:57:48,day,culture,88,0x7afb239dabdd549d09ccd3e6cc910958894b61ea,67.23361949499986,0.0,buyaoshangtou1
2026-09-10 07:57:48,day,culture,89,0x146ddbae0a17c93df342680d878afa804d8317c7,66.83162978700784,0.0,Romeo005
2026-09-10 07:57:48,day,culture,90,0xa94b5c016ac2c543191f3f4fa4350e4fb26fc864,66.42260939353191,942.1,qwertykeyboard
2026-09-10 07:57:48,day,culture,91,0xf7bbfd4588f578697c0051e855d5d1a8838ba9f7,63.77935653000168,329.91,PiMaak
2026-09-10 07:57:48,day,culture,92,0x1e3bc72271435f46effb75353403936ab664e3ba,62.5066254019971,0.0,froku
2026-09-10 07:57:48,day,culture,93,0x090af6fd2aeb04202abc97370aa86c1b81d90fa6,61.00227012325604,265.595713,VictorLudorum
2026-09-10 07:57:48,day,culture,94,0xf58b1c1340d6f8c0871e8ea8ee7b80ec6b8a5f34,60.68227839999999,0.0,muddyrc
2026-09-10 07:57:48,day,culture,95,0x2924d14ef7fb302d7d520c2394310409fce5dcde,60.629172052793365,16534.386667,0x9b257ead1a6240d4ab5c2ae0253
2026-09-10 07:57:48,day,culture,96,0x6f36ce54f16757df7f4dd693433dfe8932f089ca,60.36551948699994,0.0,Ersicolus
2026-09-10 07:57:48,day,culture,97,0x08458f7e9d2858027de579e4c3ca305475496b6f,59.32746981449782,0.0,GollumGekko
2026-09-10 07:57:48,day,culture,98,0x684592063acf613e2d0d5887256a0c16cb48c125,59.08970055498503,1334.856668,yuyang
2026-09-10 07:57:48,day,culture,99,0x913f5f691ce0a947cf60cd573cbdc7c66d8ec676,58.89999999993961,0.0,0x913f5F691Ce0a947CF60cD573CBdC7C66d8eC676-1774844074915
2026-09-10 07:57:48,day,culture,100,0x8df73e2962d0184ea1f71621784d46ca6b5936c4,57.61423974500008,0.0,End123
2026-09-10 07:57:48,day,mentions,1,0xa5e3044fd953605f9407d58c76e48fd75a394d7e,700.9804780527138,1031.507388,peepeepooppoop
2026-09-10 07:57:48,day,mentions,2,0x38f50488b14a87769e0c5cd6c514b6c2e8ec6824,595.9853379756096,2885.5430619999997,iFlexdaughter
2026-09-10 07:57:48,day,mentions,3,0x5415c298dde8c84f4ba726d36b411df6e9a72a6e,366.71244211000703,307.407408,-Dominus-
2026-09-10 07:57:48,day,mentions,4,0x8673d3a19c559f43241312894bb82fc4fd8559a5,354.84192559932615,512.8525870000001,
2026-09-10 07:57:48,day,mentions,5,0x2375550d3b98ce364476c81f663a0b878cb0691f,319.05077388496284,702.0,0x234
2026-09-10 07:57:48,day,mentions,6,0x0cb10c40b0776e9ee8cef970af85724654dda76c,295.8619795456616,1275.531765,Quarrelsome-Branch
2026-09-10 07:57:48,day,mentions,7,0x4fff3c11a5d9b77822e01792f933cdb28557be78,259.0301995699981,1382.91,turtle123
2026-09-10 07:57:48,day,mentions,8,0x4b8ae011176b76888949476d7fb7a56985faf4a4,211.22512933499456,0.0,chessplayer
2026-09-10 07:57:48,day,mentions,9,0x52ebca459280966f4a56240a05e38df8527067ac,167.35181768800112,0.0,AMAM13
2026-09-10 07:57:48,day,mentions,10,0x1c144e30f405a25f991cbd8baa15d40599090869,135.62999999996828,0.0,bernardbulletin
2026-09-10 07:57:48,day,mentions,11,0x7a95a3c59926a540e32bf38524ab42b723ea2551,129.02000000000007,290.0,0x7a95A3C59926a540E32bf38524ab42b723ea2551-1771473941367
2026-09-10 07:57:48,day,mentions,12,0x460a20d648c4601abfcd0c71ec37eb6dfd26d738,123.6936986090127,2179.751274,whispercatalyst
2026-09-10 07:57:48,day,mentions,13,0x05c8cce6a8271a20a48babac2095c673676d2223,121.28017400000033,254.0,HeDidWearASuit
2026-09-10 07:57:48,day,mentions,14,0xeed7c2e6c4e998fd50098b66144ee8dff01d16b2,116.47327956499998,0.0,grinder1011
2026-09-10 07:57:48,day,mentions,15,0x8f3166b79a019a1f451d86513604ffa1f74a84a2,113.05177430094798,97.06774300000001,0x8F3166B79A019A1F451d86513604Ffa1F74A84A2-1785673333356
2026-09-10 07:57:48,day,mentions,16,0x9b2fcb79bdb8a6a6174da327e9335f7889c6d8f8,108.99774999999954,0.0,SloppyDonny
2026-09-10 07:57:48,day,mentions,17,0x2c3928af89565c352afe8e2a1b25deed77a056dc,106.01896723550453,10530.455376999998,Dragontree
2026-09-10 07:57:48,day,mentions,18,0x393fd2fe185573fa052849aa3b728e58d1ff64ae,102.54490574999997,0.0,0x1BB08eD1EEAd6c724D4Dd3375B47e241320155df-1770318691684
2026-09-10 07:57:48,day,mentions,19,0xa400008ab672cc8a19928aa0a49852f80d1c14bb,100.267757693717,49.473717,0xA400008Ab672cC8A19928aa0a49852f80D1c14bb-1779714772177
2026-09-10 07:57:48,day,mentions,20,0xc8ab97a9089a9ff7e6ef0688e6e591a066946418,99.25125647803725,675.077163,ArmageddonRewardsBilly
2026-09-10 07:57:48,day,mentions,21,0x93521335308a270795daa9f073b5406938b12227,98.18398249999973,66.73,peterfromfamilyguy
2026-09-10 07:57:48,day,mentions,22,0xa7fea388f955a9517067111030eb771c6d911f3e,96.20136737000576,405.18,Faston
2026-09-10 07:57:48,day,mentions,23,0x12e45413131aedc46b68a127354831300485dfc2,93.47205000000031,10.0,rigatohni
2026-09-10 07:57:48,day,mentions,24,0xc6cb9289841eace1219abc274c4c6c6d07167926,88.04144300000007,503.231161,alsdkfjasd
2026-09-10 07:57:48,day,mentions,25,0x04378e731c56dc13abe5f0e1bc53549caf4730f4,84.25687510479403,695.934407,steevo
2026-09-10 07:57:48,day,mentions,26,0x927ffeba73eb63ffb7e576aca7d32f78e54be7e7,80.08954372997687,429.79,ClydeCash
2026-09-10 07:57:48,day,mentions,27,0xf9712c6d06a0e6527ae7f85c9d540158e1a40a57,78.87535059190475,1869.6885189999998,rocky42013
2026-09-10 07:57:48,day,mentions,28,0x4a86051b0a7ac1530b70d4e6fc361a5fb755cfda,75.9801500000001,0.0,Markizzz
2026-09-10 07:57:48,day,mentions,29,0x299cb40195d270438f8950902f242d796457d85e,75.32262000000173,0.0,0x61824002685454-836100846371
2026-09-10 07:57:48,day,mentions,30,0xb3265ed7799fe1c1102b77ad50d20bf51a79d18b,74.64591843000001,0.0,MARW-2026-Piotr
2026-09-10 07:57:48,day,mentions,31,0xac4a1fabdac2438d6afa2a9e8e83845310a0bf1e,70.75748179999846,764.12,HerrieDavis
2026-09-10 07:57:48,day,mentions,32,0xfba7ec8ed53d45fb47190b706a93ff4300764782,69.07212863374498,871.782223,0xfBa7EC8ED53d45Fb47190b706a93Ff4300764782-1768823808492
2026-09-10 07:57:48,day,mentions,33,0x391dd6c65880963a94da3fb2d31ef419fe5bdef1,59.489551925,8.73,rocky42024
2026-09-10 07:57:48,day,mentions,34,0xc0c45e8f4877d3151fc00455fa1704032aa6beed,56.247990299999984,0.0,DNikolaou
2026-09-10 07:57:48,day,mentions,35,0x08ef9bb12e694e305d5e0cf1761874ce902ae466,54.664335209082026,293.488451,0x08ef9Bb12E694e305D5E0cf1761874cE902aE466-1758127915454
2026-09-10 07:57:48,day,mentions,36,0x30f67d821c57a54e25e5e521dbd3b5b18309004f,53.798551800001405,10.0,shiifoo
2026-09-10 07:57:48,day,mentions,37,0xb17d4706e45bf0935acc338162bd40af837e59ae,53.35324999999989,0.0,Mithrandir.
2026-09-10 07:57:48,day,mentions,38,0x5f56a9a1ac5cb8793024d196e5ec2cacfd9d348a,52.2180629745817,42.0,echotrader
2026-09-10 07:57:48,day,mentions,39,0xb10047d6a254b2ebb306d7a7d13bf59171ab6461,43.79999999998836,0.0,Parz1vaI
2026-09-10 07:57:48,day,mentions,40,0x9e8ecc4cb3c4e48f544cba2fbbb252a6a65e8db8,42.032751730061136,0.0,DREAMBIG.
2026-09-10 07:57:48,day,mentions,41,0x75978edaeed0b4aba863a73f7bcb4ab6205e5f01,38.794224457304836,324.70123,ruletheworld
2026-09-10 07:57:48,day,mentions,42,0x797527a06e5b1550bbaa9cce14bf29492a8bd3f7,37.35669999999982,0.0,Botadouro
2026-09-10 07:57:48,day,mentions,43,0xb2f997f2ad6b8b26cca66cf2f1c2f5bc8647eb15,35.74999999999977,0.0,lootsheeey
2026-09-10 07:57:48,day,mentions,44,0xef13bdcecd9c13e4a07bb20924657f3b110263d9,34.749240137003994,40.748164,johnashbough
2026-09-10 07:57:48,day,mentions,45,0x6e8f80ca0cddb8d3f207dc5147ac0e6062ae162c,34.08430000000271,57.77,0x6e8f80ca0cddb8d3f207dc5147ac0e6062ae162
2026-09-10 07:57:48,day,mentions,46,0x4a695874b7791dc042f2a1c9df629e40b132228f,31.643157402080988,25.522329,Lufelola
2026-09-10 07:57:48,day,mentions,47,0x5f3ee9c40be255d1c18ca38bf4ab94b564c75337,30.93134603999988,90.0,0x5F3ee9c40Be255D1C18cA38bf4Ab94b564C75337-1776862065527
2026-09-10 07:57:48,day,mentions,48,0x961b2866b349bad732c6fce081af9090be4d2b00,30.344780314999895,0.0,erFiodena
2026-09-10 07:57:48,day,mentions,49,0x62382a696ff02a618d8e143d4f0067ad02ce57c8,30.13611550586188,0.0,ChilmarkGeneralStore
2026-09-10 07:57:48,day,mentions,50,0xf4f88a1e25ff5dfae68326eb62049d6a1b7c5bf1,29.74578370000154,270.0,cosmicsteaks
2026-09-10 07:57:48,day,mentions,51,0x6ffb4354cbe6e0f9989e3b55564ec5fb8646a834,29.611299999887706,1898.42,AgricultureSecretary
2026-09-10 07:57:48,day,mentions,52,0xbe74297ff19030f104ce1d538709f43b30eca70e,27.960366559999784,0.0,title1
2026-09-10 07:57:48,day,mentions,53,0x53547af9fd25199208c1c41cff0a6d50baf750e7,25.889565,0.0,zzmdc2
2026-09-10 07:57:48,day,mentions,54,0xe0dcc05376176f9f9e5160b9aae6f51e2ca93944,25.253949999999747,482.07000000000005,Dr.mett
2026-09-10 07:57:48,day,mentions,55,0x4acacfdc568abb7c574bc815705eaa9e32afd2ab,24.205113824999984,0.0,flamencoflamingo
2026-09-10 07:57:48,day,mentions,56,0x3089e1a6e3e9122c328aebe47b86ff5e13b292f6,24.06790000000005,0.0,bonalddrunk
2026-09-10 07:57:48,day,mentions,57,0xb0850f4176a8a312c28aac84e3907e610dc77b10,23.256661354999984,18.597561,clingtastic
2026-09-10 07:57:48,day,mentions,58,0xcc7c1f044ddb2e002345f9f05b4e941e54a11d18,22.58145109962993,88.63901,Freedom-BY
2026-09-10 07:57:48,day,mentions,59,0x8964b58c08b784ecfe1d9344223692263d130bec,21.028858699999887,150.0,DegenerateJanet
2026-09-10 07:57:48,day,mentions,60,0x040ad8ef62b111e76b21576efd1a9c0807b5118d,21.002000000000017,200.0,misha-d1
2026-09-10 07:57:48,day,mentions,61,0x4604f8adce4ada600dfc315c855a66dee37256f1,20.043389398674996,83.565625,Zqxx01
2026-09-10 07:57:48,day,mentions,62,0x30687f44db250f7d914acb4ddc9634c3400e083d,19.68971999999394,0.0,YoungMoziRPG
2026-09-10 07:57:48,day,mentions,63,0x1aa836dc906a84ca61c49452f4f1f9238cd2e5a3,18.680650000000014,0.0,goosemaxxing
2026-09-10 07:57:48,day,mentions,64,0x4ffe49ba2a4cae123536a8af4fda48faeb609f71,17.875281181802166,362.951026,planktonXD
2026-09-10 07:57:48,day,mentions,65,0xf797d4d1c038d1eb0593edae0e66bf8e4b2e0bf2,17.637499999982538,0.0,DerDon
2026-09-10 07:57:48,day,mentions,66,0x80f9fdf81ed5089cc017d6ebe40bdc0a2ff43ab9,17.444982594421163,135.903817,AllTheWhimsy
2026-09-10 07:57:48,day,mentions,67,0xceabafdca846e7a31a00a55c089e3d3c0d14dce7,16.709126709999595,0.0,motardio
2026-09-10 07:57:48,day,mentions,68,0x7c3db723f1d4d8cb9c550095203b686cb11e5c6b,16.396390410031017,0.0,Car
2026-09-10 07:57:48,day,mentions,69,0x74957ea27ac4fbdee46d861fdae357859ff67fcf,16.375608213089436,184.569457,LornaPredicts
2026-09-10 07:57:48,day,mentions,70,0x1e3e294758c7d4b42d84968d395383f305f8ce36,16.16067720999999,184.09,kryptoriley
2026-09-10 07:57:48,day,mentions,71,0x8cc50926bf7cd986f18a30ea8951282cb088f5e1,15.78809544,0.0,asitiet
2026-09-10 07:57:48,day,mentions,72,0x706aa434f1ca2d58145542257f0ee13697e20d4a,14.827586107241018,0.0,0x706aa434f1Ca2d58145542257F0Ee13697E20D4A-1756822939969
2026-09-10 07:57:48,day,mentions,73,0x6936431c93a525f454d1bb914c107f926c86a45e,14.32435000000055,0.0,OnlyPhan
2026-09-10 07:57:48,day,mentions,74,0xc808e7855e3ff6baebcfe9aec6965d86eafefffe,14.160000000000025,0.0,spxtest
2026-09-10 07:57:48,day,mentions,75,0x392d557de378926143df5f72d8ddaef3f0d221a1,13.844600000000014,0.0,DorTovim
2026-09-10 07:57:48,day,mentions,76,0xd41617f96e74c9a99a30bde56bdfbd882f710f17,13.413543377499996,0.0,huashao1
2026-09-10 07:57:48,day,mentions,77,0xf1f2b3c6c5bea42a6664fe3a8395addc1ab28c8d,13.394887565000033,99.496297,HFT-PRO
2026-09-10 07:57:48,day,mentions,78,0x83c56c56bc67c0b99b38abd1c0a3c1aca7a7e193,13.150000000001455,0.0,5tghfh67fghfsdt4356g
2026-09-10 07:57:48,day,mentions,79,0x6702ea5bb92527f5e4cd9d0362a7ee5a197fff45,12.839999999999975,0.0,
2026-09-10 07:57:48,day,mentions,80,0x9c1a548c397e3a4d41e0047bb0880ed67f1ff186,12.679545475000019,30.0,0x616a5b5de63dfe628d2B7f84a24b7Cc879C28Db6-1773610076375
2026-09-10 07:57:48,day,mentions,81,0xa76b7dc2d87b3b029ee67305c538547489198a50,11.917081340000664,0.0,qcp14
2026-09-10 07:57:48,day,mentions,82,0x1849bd2facdd6f55bb06a93357cffd3ee0abd245,11.900643249859996,0.0,Panamera34
2026-09-10 07:57:48,day,mentions,83,0x67d657e52db60591b27b411f0ed1dbde811c245e,11.395800000000023,0.0,StupidMonkeyyy
2026-09-10 07:57:48,day,mentions,84,0xecfe6f8dbb8d6cdbb0d2ebf525c4a55470ea74e6,10.408446144999985,0.0,arrpadex
2026-09-10 07:57:48,day,mentions,85,0xb66c2855ecdf8d41d6028b749fe7970f291ba0f5,10.155282396155997,0.0,0xB66C2855ecdF8d41d6028B749fE7970f291Ba0f5-1775396068284
2026-09-10 07:57:48,day,mentions,86,0x8c7199cc09a2c6658f38ab47419eeb842aad3f1a,10.005639990994922,2196.064106,C6H6
2026-09-10 07:57:48,day,mentions,87,0xeface9902242b0399856f981600b907dcc9bc9a1,9.659702602806647,36.014265,macrosteaks
2026-09-10 07:57:48,day,mentions,88,0xbaf71a1647d89498713c1084a3f6eefec74eb963,9.611111879999996,0.0,0xbaf71a1647D89498713C1084A3F6eeFec74Eb963-1772219577462
2026-09-10 07:57:48,day,mentions,89,0x1b2b2b444b2690f81dc914d156962141ecced461,9.6,0.0,Alarming-Cauliflower
2026-09-10 07:57:48,day,mentions,90,0x1683420e12bd04d7c46ab6f35518318f34e0bd27,9.258069,159.671905,frryrr
2026-09-10 07:57:48,day,mentions,91,0xe8fcb5f37ef114be04c7e54ff601730117340d3b,9.121415615000274,0.0,Fihdrzgdd
2026-09-10 07:57:48,day,mentions,92,0xb77778b0ed37ad61176519da34b24118c9593ff9,8.88042053499862,0.0,tiongbu
2026-09-10 07:57:48,day,mentions,93,0xa16a1302ca05463f30faebeb5c045767fde233a1,8.649999999999864,77.105264,asd147
2026-09-10 07:57:48,day,mentions,94,0xb309407809458b6522379c265fb81181cc4ed14b,8.584999999999994,265.0,HighBetaBro
2026-09-10 07:57:48,day,mentions,95,0xf2cf3cf7863182c763bce60580a7d20e9333464b,8.33376244999991,0.0,Mojito9
2026-09-10 07:57:48,day,mentions,96,0x2e8fff9931b1dcab71bdffb0bad573b2574d4059,8.329301317376,0.0,Rinzooffical
2026-09-10 07:57:48,day,mentions,97,0x768fec713e26800eef968ea838a2e28267b2c7bd,7.797783399999998,0.0,dfupagain
2026-09-10 07:57:48,day,mentions,98,0x6f2635a5299351b9e45b2edb34927aff038393bc,7.79740000000001,0.0,1okx
2026-09-10 07:57:48,day,mentions,99,0x59fd1ac95bc007242b72446b4cbfe87d37e674c8,7.252073250000059,432.9278,FlyingSabra
2026-09-10 07:57:48,day,mentions,100,0x272ee4e633ea7f8882a57babf62f6cd2b3e96e99,7.20000000000001,0.0,Atenilson
2026-09-10 07:57:48,day,weather,1,0x7c63520c2ca9b336af0c205b9ccf68217bb393d4,1823.7085781868227,12987.403008,opopv.
2026-09-10 07:57:48,day,weather,2,0xbf13934a1fec7d3211fc15c138d84ac2a691b91a,1110.0179727855411,15105.957993,Bilberry
2026-09-10 07:57:48,day,weather,3,0x5a218c7ad04135830a45c41aaed7294df7809318,822.565926084586,12084.465457,balthazar
2026-09-10 07:57:48,day,weather,4,0xf8dc8cd0fd55eccb5409ed99ed90a86bc7f0f31f,696.6661004982052,26877.453798000002,dingdingdangdang
2026-09-10 07:57:48,day,weather,5,0x3dd1cf0515af12542488af04388404fb056e557e,528.6887138116917,11454.157480999998,0x3dd1cF0515aF12542488aF04388404Fb056e557E-1777227435219
2026-09-10 07:57:48,day,weather,6,0xf73f7e9c6bd1f40dc045d2a93bec3dd4248aee53,383.564037337693,638.545198,meteoblue
2026-09-10 07:57:48,day,weather,7,0xdd22fb0e71982d6793e9a22e47306c462eba2013,341.7512325097441,1187.897539,
2026-09-10 07:57:48,day,weather,8,0x77f069c3233901628c89d0e8ea5bb510a2822b1f,335.4049915121632,5541.189907999999,cleaningLady
2026-09-10 07:57:48,day,weather,9,0xf3618ba9f63638ab77e85553c67dbb9aaeba783a,332.53338510573303,7984.367273,Bakuskyvs
2026-09-10 07:57:48,day,weather,10,0xeab61f1c7168138db3e0bb87acadfb77ce8dd4c6,327.7458842369915,2250.807459,acc42020
2026-09-10 07:57:48,day,weather,11,0x21413203b0be620ebc9dc236a152413923287fa2,308.33647026250105,70.13,climateprofessor
2026-09-10 07:57:48,day,weather,12,0x9f6a4549f14154a7f2c74d03efd8de903a61eb61,299.2931285278046,2182.051311,TheWildProject
2026-09-10 07:57:48,day,weather,13,0xec87cb382fd131f2af9abf11840752df74fd43f9,288.7555997200001,1341.41,Rexc8
2026-09-10 07:57:48,day,weather,14,0xfa29facb369d36eb76cd6a2d80f65fb807c1f018,288.75052852433475,4577.6377170000005,yebaka
2026-09-10 07:57:48,day,weather,15,0xdd6307cd304875eda5983e93702519c3eaf4a18d,283.6600220884999,964.8299999999999,malkovic
2026-09-10 07:57:48,day,weather,16,0x7300833941f579802d58791eb1d0152c1b17e52c,283.1511723493386,3925.359681,PontiusPilate
2026-09-10 07:57:48,day,weather,17,0xc7a704744f739374a69e1fa7cc58daeea4ececdd,264.04645392380917,15699.844525,REKTITRALPH
2026-09-10 07:57:48,day,weather,18,0x38cf9743eb70188664d388d84d4aa4c6f40fd885,254.87551751519993,579.51623,Leclerc04
2026-09-10 07:57:48,day,weather,19,0xa3f0b63cc320411f24bc44c8f0de2f1e9d775cd7,254.39086534274838,922.722658,VAPAPORRA
2026-09-10 07:57:48,day,weather,20,0xc60bb547dbdf59c8d1746bc8a754accc3809d9f7,253.0629270160316,5263.948705000001,limitless00
2026-09-10 07:57:48,day,weather,21,0x4f1d5ae26fc31472966e951af3183308736d8de2,246.5979181141447,980.3674920000001,e46m3
2026-09-10 07:57:48,day,weather,22,0x8d5e7e32347212e53e57f7ea2c1a4fa35192c921,244.59899700178664,2299.040997,keyboard-politician
2026-09-10 07:57:48,day,weather,23,0xe5b49b3b107cbf33f4e0644a9ee405596bf41e3e,241.80004880800038,0.0,Giannis2026
2026-09-10 07:57:48,day,weather,24,0x7f614df83c50a5d7c3bbd24a228595fa5a038554,235.86956523500066,0.0,kongehund
2026-09-10 07:57:48,day,weather,25,0x52ebca459280966f4a56240a05e38df8527067ac,233.5637024394673,3183.386649,AMAM13
2026-09-10 07:57:48,day,weather,26,0x0a0c42f6b1da5a633ec1a4d45ba76eb486c1a853,229.7891451663752,1248.5649400000002,WrongBy1Degree
2026-09-10 07:57:48,day,weather,27,0xe8f2f3c1fdfa0c99a3db6e44b6c412becd9396d7,228.28885557273134,692.332108,xiaopingan3565
2026-09-10 07:57:48,day,weather,28,0x7eeb94f2d5a474123e260f160b4f15d3f3eab6bd,219.27286359814752,2795.44553,edgewarehouse
2026-09-10 07:57:48,day,weather,29,0x9c114982228228a5882233cf98fcc32e52cb847b,213.73168891457803,485.886793,franklyno
2026-09-10 07:57:48,day,weather,30,0x2e58d92a758e6e5064a0290a0c2168992d7f0728,209.9935903587201,7752.806611,mengchow
2026-09-10 07:57:48,day,weather,31,0x758dac51ba3cc9a246a79787da9df11c5f425d9e,207.31620746806652,37182.59667900002,a5533
2026-09-10 07:57:48,day,weather,32,0xa9b73b68f02f26238e2fa948fe0b7dbeb5bff43c,201.3803104524295,1048.370472,jensond
2026-09-10 07:57:48,day,weather,33,0x76f4765ebc9bdeaeb4af4d27504bff1d4ce782da,183.0509542678501,2829.865573,hlwp229
2026-09-10 07:57:48,day,weather,34,0xaa930fdc4caa3c0f6067404a7bd7899ca45f0bc7,178.13343001439353,3857.597008,Lex-tang
2026-09-10 07:57:48,day,weather,35,0x496f76bd5cf4c2819c710ae90ed1c84b2dc6fa5d,167.82769853861828,15284.707604999998,0x496f76BD5Cf4c2819C710aE90Ed1C84B2dc6FA5D-1773782287927
2026-09-10 07:57:48,day,weather,36,0xfd368530e2d6b22677eeb90c89b29e232670a832,162.47721672942316,0.0,
2026-09-10 07:57:48,day,weather,37,0x0fb475b0375a628a82f625c2e6b93b58050bc6d7,158.96562890183213,1071.400194,Kirt4sh
2026-09-10 07:57:48,day,weather,38,0x6c0dea2107d32ae5e016d43ea3ba52872ecb0885,158.31226855213117,7443.5034510000005,shamu13
2026-09-10 07:57:48,day,weather,39,0x0d42cc5ff0526fbb8f0bb9eafa9ebba3f23df124,156.51565725363673,1686.821449,42021
2026-09-10 07:57:48,day,weather,40,0x054605d9224ca48239edfb53260b1b319e3017a9,156.02230776999932,5335.94,princeyin02
2026-09-10 07:57:48,day,weather,41,0x8e5a09a82f02bd28a6c1e70f907129cd01d3d118,155.40511337807627,325.926854,blind00
2026-09-10 07:57:48,day,weather,42,0x5f2fd10e5bbb30d1e97d5f03f87168724777756a,154.59534661000004,0.0,PlasticFlesh
2026-09-10 07:57:48,day,weather,43,0xcbbc5e035504421b084ad9248b660f6e9618b5d0,154.25873503486855,4870.405659,VibeTrader
2026-09-10 07:57:48,day,weather,44,0x55ca61018989187e525f56825807ed83f8bc498f,151.49868021268378,2977.937599,MortalCultivator
2026-09-10 07:57:48,day,weather,45,0xf3a74222fbbab51557eae5005aca0698b2de2657,149.64962202647905,100.27936100000001,mashuuu
2026-09-10 07:57:48,day,weather,46,0xeaf1660603945a0b01401ed0d030461a097ce136,147.49202624380018,5104.0813,Gan3
2026-09-10 07:57:48,day,weather,47,0x331bf91c132af9d921e1908ca0979363fc47193f,146.71403251703305,8038.974266,BeefSlayer
2026-09-10 07:57:48,day,weather,48,0x0484bf76425db5021ce2d369f78fc125906d4830,145.79968364787783,6415.820427999999,sleeper-service
2026-09-10 07:57:48,day,weather,49,0xfc17946b7bedc82eb11329e67d0f2d3a76c1886a,143.32749999999942,0.0,0xfC17946B7BedC82EB11329E67D0f2D3A76C1886A-1783026995151
2026-09-10 07:57:48,day,weather,50,0x38e59b36aae31b164200d0cad7c3fe5e0ee795e7,142.2431021489997,0.0,cowcat
2026-09-10 07:57:48,day,weather,51,0xec223a27ac64d7808c1c6dfebe26c7933217b932,141.4991233756341,227.80480899999998,0xEc223A27Ac64D7808C1c6dFEbe26C7933217b932-1780943973648
2026-09-10 07:57:48,day,weather,52,0x3069c1002bd0bb6aec054c7a27722919df95f8ef,139.35723658000097,0.0,Orion96
2026-09-10 07:57:48,day,weather,53,0xc878c6a7ba8ad896a897fe82e48b93fb66dfa6f3,138.31778705000306,2112.27,ZEEBRA-KY
2026-09-10 07:57:48,day,weather,54,0x7df00357d97916a5c7888b212a94535097790dfe,138.13257256629095,2047.9200230000001,neverhackme
2026-09-10 07:57:48,day,weather,55,0x814de45404c20dd9956737a83f7c8b0b039eb842,136.42960000000016,0.0,resfeber
2026-09-10 07:57:48,day,weather,56,0x47e836e0788f9a14f2879d02130782f2569daa81,136.003360390132,5130.698891,POCHACO
2026-09-10 07:57:48,day,weather,57,0xcf006e28309313be21b36d22bde515882182353f,135.25224436901362,998.311629,rocky42009
2026-09-10 07:57:48,day,weather,58,0x3e2056bc3982f15c9198c22853ec61e37dffb6a7,135.20613026776522,2246.322166,0xD359c1cc3371114EC8d976abb8A8B38ACAD41E0E-1777021046532
2026-09-10 07:57:48,day,weather,59,0x6011655c4afb76f36dd1b08a137a1ba73466b31e,133.8729210000456,6978.82,HighTempTation
2026-09-10 07:57:48,day,weather,60,0x58a34d556ac676b6aa1a7d5a8cbb169b99fec5ce,127.62246353299952,3625.9399999999996,0x58...c5CE
2026-09-10 07:57:48,day,weather,61,0xaca2029906da85ba878cd691140c74f0f6f2610e,123.40260000000012,400.0,jghfhyfd
2026-09-10 07:57:48,day,weather,62,0xf074f1b27f834162176fcabbcbb1db502a22d298,122.56551118398909,1160.452572,yesmantoo
2026-09-10 07:57:48,day,weather,63,0x2cad814fb1acd284737b231c65b4f897f8a0c773,121.27399307880057,2847.7077249999998,0x2CA
2026-09-10 07:57:48,day,weather,64,0x686880eea810fa9141be46a1acec9eee41755198,120.49416975339045,12728.865354999998,opopv3
2026-09-10 07:57:48,day,weather,65,0x28bf066c6cb952da62d6d182c16ad173ada64a4e,120.26746117345829,1925.4180000000001,plainfolder
2026-09-10 07:57:48,day,weather,66,0x803a112b5eb1404eea463b26a2318cfcb3b9219e,116.51079451981923,1668.465254,mgxsx
2026-09-10 07:57:48,day,weather,67,0xc85bb8afb9976310afbf1fba223c3395b1d6ba1b,112.91120000000001,17.0,0xc85Bb8afb9976310AfBf1fBA223c3395B1D6BA1B-1784350284811
2026-09-10 07:57:48,day,weather,68,0x87d3ab5b8fe791081deeb5255a5c8df7ba75ee0e,111.11535850000007,0.0,ilovelatinass
2026-09-10 07:57:48,day,weather,69,0x2ef2f13f30e523197e9e66afa2f2620f02fbfaa5,110.84014804474282,4764.090480999999,goshopping
2026-09-10 07:57:48,day,weather,70,0xd2c182ba82504b983bf1e358cb81ec5ebb045b62,109.19253380499572,0.0,marinelepin
2026-09-10 07:57:48,day,weather,71,0xdba10a9b40c401c6e47e98a5223801a79a3d8239,109.06481420499586,576.9845170000001,squisito
2026-09-10 07:57:48,day,weather,72,0xc55451833341ee4c38a9441a32449ed6dab3efff,106.45041004000001,0.0,vedanggg
2026-09-10 07:57:48,day,weather,73,0x229c0a7d92977a9934e5ac2348d507988996b966,104.41298267545244,9106.095579,qqqppp-l1
2026-09-10 07:57:48,day,weather,74,0x96548bc0baa8721e6a02846b5279eef15f78fa6c,103.83678051895394,285.304525,
2026-09-10 07:57:48,day,weather,75,0x8867341a9baf6fbabbe166c88e289cedcd877683,103.5380326865652,1794.5750849999997,securebet2
2026-09-10 07:57:48,day,weather,76,0x001cb0a0b0981d01d2bb18cb10b6a65754cbe5ed,102.83628633125363,2082.901539,wallingj13
2026-09-10 07:57:48,day,weather,77,0x7de7cbeba7e2ea14c6445be39d4d46a3cf14a9c8,100.69440286000008,0.0,inventive
2026-09-10 07:57:48,day,weather,78,0x861e16e66de973b78969b33a866c6982af27fed2,96.59064061199967,91.18,0x861e16e66DE973b78969b33A866c6982aF27fED2-1781559304171
2026-09-10 07:57:48,day,weather,79,0x5b6331e7ff0831a3fe2ed12004747db1a9c911a4,95.87151394675493,605.969339,neutralwave23
2026-09-10 07:57:48,day,weather,80,0x540e1af6792d02365c84ea34dcb4f6561442df8d,95.1695604061378,1107.959697,oiiial
2026-09-10 07:57:48,day,weather,81,0xb8fe807aa951e35af53fd0fee36abc303864ce76,94.99810000000002,0.0,CaptainCoinflip
2026-09-10 07:57:48,day,weather,82,0x8dcf7e03c1e09d0c25e7b6fecc9825bce6215668,93.88682535999988,0.0,semantics
2026-09-10 07:57:48,day,weather,83,0x507b51630295906bc404c52ef0456a7bdbec0742,93.60090499999995,0.0,0x507b51630295906bC404c52Ef0456A7BDbEC0742-1769736987265
2026-09-10 07:57:48,day,weather,84,0x881713021866ab84467b2b552b6cd7a51ac9cda8,92.55884930842149,1499.5,BeginnersLuck2
2026-09-10 07:57:48,day,weather,85,0x6abc0fefcff7f448420586f29674484b7288bd1b,92.10446314480802,1516.2851770000002,aFa168
2026-09-10 07:57:48,day,weather,86,0x0bd400947db20cc61f82af5ee98f6e5eecbaf2fe,88.50553018051119,5.196416,tuntuntuntuntuntunsahur
2026-09-10 07:57:48,day,weather,87,0x7dcf235766e6b09c8869468a75d5495cf171a7bd,88.18386370898588,1538.05,godblessme2026
2026-09-10 07:57:48,day,weather,88,0x9e42994df82c383c1b128069280c0e3f65184938,87.56073392932268,5781.623704,Skywill
2026-09-10 07:57:48,day,weather,89,0xa33d25630fb8b779ea9744bc6dfab536272f3ef2,86.23847834173637,211.50796100000002,Altergora
2026-09-10 07:57:48,day,weather,90,0xb05659bdc1c54c028346de373de6cedbda776f67,84.67922127651198,0.0,dima32122
2026-09-10 07:57:48,day,weather,91,0xce6dc1ac784e5456fc6dc55bd4d9dc5c5f304d2c,84.366004902943,455.94727500000005,Bismarckia
2026-09-10 07:57:48,day,weather,92,0xc3eb9dfae62d7a07f9563f2a46ec6902d3a1ed72,84.07348831259867,2180.046457,WeatherPeen69
2026-09-10 07:57:48,day,weather,93,0x73749db0d73fdf2bc74e56edcf30dd98180a38ff,83.32695999999987,338.09,ex-webanker
2026-09-10 07:57:48,day,weather,94,0x6e795e4214fd90096847a4d31ee5c9c915666a5a,82.44922707499973,0.0,Lucyday
2026-09-10 07:57:48,day,weather,95,0x1a81418ae297c76d7c67eabe4c3f790be0bc6cf9,81.41337556793587,476.29635500000006,donothackmeee
2026-09-10 07:57:48,day,weather,96,0x804d3be809d9ec275d53b60c3c2c0a33028dcf86,81.32215929754588,221.891926,Van4er
2026-09-10 07:57:48,day,weather,97,0xe7e91d5d52b1524ddf6e83082d2d8b012a78fb3c,81.01092574200084,3427.6099999999997,sisan33
2026-09-10 07:57:48,day,weather,98,0x3408a63389b28bc10da28c68c212d7bcc4c943f7,80.97764247416399,1782.7316779999999,luckyllllllll
2026-09-10 07:57:48,day,weather,99,0x7bf1b4d7131c470b07d156b03135065390e73f67,80.06493632172487,1192.0700000000002,mxnxn
2026-09-10 07:57:48,day,weather,100,0xebed2bb89ba2826df60e0b088cdd048924b07d9c,76.81366788616009,1493.8981840000001,Lucas221
2026-09-10 07:57:48,day,economics,1,0x3a8aa345d5db7ec5138298c8c4f4540259be7699,20278.69620428927,0.0,TheReturnOfDarthMaul
2026-09-10 07:57:48,day,economics,2,0xc8ab97a9089a9ff7e6ef0688e6e591a066946418,13770.209220627905,2795.48451,ArmageddonRewardsBilly
2026-09-10 07:57:48,day,economics,3,0xd87a4012b40aad76a870fed7d1976e9224dfd3b8,7783.570220640004,0.0,lymphnatic
2026-09-10 07:57:48,day,economics,4,0x1058f156b207cafe61d102e97bf6796931d301c1,6291.569262158038,0.0,TheyAreTakingTheHobitsToIsengard
2026-09-10 07:57:48,day,economics,5,0x71edffd0d70a1da823ff07a3c6fc81457294d338,5197.789051386411,0.0,pako
2026-09-10 07:57:48,day,economics,6,0x0dcc9d7b9ccbdf3c37ab947a1689ed3701c05a1f,4918.171126229994,0.0,oneappleway
2026-09-10 07:57:48,day,economics,7,0xc3ca1a42fd9217b2d02fb05980c1803af462688e,4706.8586101120745,0.0,ThePrinceThatWasPromised
2026-09-10 07:57:48,day,economics,8,0x7bc14171ccb0d3e6bac219ec6a76211826e28db4,4022.143189739996,0.0,coali10
2026-09-10 07:57:48,day,economics,9,0xc3daa1bb9ce85866fb1a7c3a5d02816798e641fe,3894.096179123484,0.0,harishjindal
2026-09-10 07:57:48,day,economics,10,0xeee1b757ce93e076fdb4c1f4ff183dc302c53e28,3303.3808159499895,0.0,Dreamlawn
2026-09-10 07:57:48,day,economics,11,0x2b2dbd6524cd314a9b1651ec46f7bb1dfa461031,3271.7725711000094,0.0,jsmythyson
2026-09-10 07:57:48,day,economics,12,0x0c0e270cf879583d6a0142fc817e05b768d0434e,3243.28899147996,0.0,The Spirit of Ukraine>UMA
2026-09-10 07:57:48,day,economics,13,0x6139c42e48cf190e67a0a85d492413b499336b7a,2952.5260248764243,1284.819278,RememberAmalek
2026-09-10 07:57:48,day,economics,14,0x3750ad9b4033b972f775b671d26cc2f0bd17cbdd,2923.9492231460026,0.0,shaoqi767
2026-09-10 07:57:48,day,economics,15,0x7cf93583951552553bc0d243a8582a3410ed2798,2804.258965314002,33.07,SheltonDoubter
2026-09-10 07:57:48,day,economics,16,0x45060425ac73951a6f57474a9321abea427843fd,2613.865824859997,0.0,RRRRRRRRL
2026-09-10 07:57:48,day,economics,17,0x212f7fc77c18c6ce34bb1dae43e9198ab19b7fd2,2538.1402405984772,8276.726352,mnuop8890
2026-09-10 07:57:48,day,economics,18,0x00425c692a667981118f679ef68fdc775257321e,2311.9073999999964,0.0,99problems123
2026-09-10 07:57:48,day,economics,19,0xe033e9d4a0e8b30c417f3f7abcb029bc695940a5,2290.0081065830163,0.0,CDAP1
2026-09-10 07:57:48,day,economics,20,0x9478e0b0db650ac66ca3a2c9f6ed68ebca4863f5,2115.346190763994,0.0,50-Pence
2026-09-10 07:57:48,day,economics,21,0x2e0b70d482e6b389e81dea528be57d825dd48070,2106.4046999999555,0.0,Trump2028
2026-09-10 07:57:48,day,economics,22,0x69b9a231e6d9e8a1be243e3db5174203a33f1284,2097.353399849998,0.0,Croesus1
2026-09-10 07:57:48,day,economics,23,0x3eae57986be5e0ca435102ffe1f14206ffa2e2ed,1935.0159701459977,0.0,thoodr
2026-09-10 07:57:48,day,economics,24,0xc6587b11a2209e46dfe3928b31c5514a8e33b784,1933.3956999999937,0.0,Erasmus.
2026-09-10 07:57:48,day,economics,25,0x27e56917c5c7c5ae7662b85cf86c289bfc39fb20,1862.2360309045034,0.0,AdjunctBias
2026-09-10 07:57:48,day,economics,26,0xf59208d73418cbae8facc08b4bef88ed50c4a230,1799.9980161300045,0.0,amatus777
2026-09-10 07:57:48,day,economics,27,0xd218e474776403a330142299f7796e8ba32eb5c9,1638.9364940763771,12.8,cigarettes
2026-09-10 07:57:48,day,economics,28,0xfaf680c17a9cca24ff0773ae2d9f7db49c02cc47,1638.3764198254212,37128.608998,Seutervoinen
2026-09-10 07:57:48,day,economics,29,0x2c4ca29d332c67d3ad7bf22b3cfe9486e3b1cb39,1458.539328089997,0.0,ololololololololo
2026-09-10 07:57:48,day,economics,30,0x35bbbad2415fe5e39b12da9a316cdc80b022009b,1184.5307886599985,0.0,MisTKy
2026-09-10 07:57:48,day,economics,31,0x602fbd543b41ef4cc727dc0083bb45b6ae246164,1156.1412219699996,0.0,ayko2718
2026-09-10 07:57:48,day,economics,32,0x014c4e7ae2145992861c2d1b124af633a97f820c,1105.4214071299975,520.0,Hyperlong
2026-09-10 07:57:48,day,economics,33,0x05f6cb63d4ffdfaecd7ad8acd0765b6f6a5a25a1,1095.5071259799988,0.0,ethBELIVER
2026-09-10 07:57:48,day,economics,34,0xc5a1613f2fba9a948acfe789735dac00d6cf6877,1088.769582689998,0.0,Fomology
2026-09-10 07:57:48,day,economics,35,0x90bf2dbb1ab3b3c1bdd76d73848afcb19b5799eb,1078.1834983350054,0.0,0x90Bf2dbB1ab3b3C1bDd76D73848AFCb19b5799EB-1757018988089
2026-09-10 07:57:48,day,economics,36,0xa022ba0a68e11a78348382ff168601012d4d77f8,1045.5272128540091,0.0,yungstalin
2026-09-10 07:57:48,day,economics,37,0xcaab19659b995951a44cc992447cb2ad5be324dd,1003.64096603301,0.0,QMG-CORE
2026-09-10 07:57:48,day,economics,38,0xfbe66593e49c4e7a7180a2582f041158bfb800f8,999.9999314650049,0.0,gaven-willwin
2026-09-10 07:57:48,day,economics,39,0xd60419ae698bd0ae7c0ef69470bfc1e0f9a9bc8a,999.9995915899999,0.0,thegreatjeff
2026-09-10 07:57:48,day,economics,40,0x39953e4f8192061b85eaf7d1054d9dba099e67cf,999.9953316199974,0.0,takotsubo
2026-09-10 07:57:48,day,economics,41,0xd4247aa1b49c1882343db55217bbb7ce4ade3927,999.8808999999965,0.0,DFRBSF
2026-09-10 07:57:48,day,economics,42,0xd3316cbf9583e6a7d71286b69d5ae07ef77e733c,970.9382849999974,0.0,zzaqq2
2026-09-10 07:57:48,day,economics,43,0xc02147dee42356b7a4edbb1c35ac4ffa95f61fa8,874.5721558101359,17460.266352,Eatpraylove
2026-09-10 07:57:48,day,economics,44,0x1a3fb05e94caef23e28905767cd603eb574a6dea,834.9384065600025,0.0,alextalley
2026-09-10 07:57:48,day,economics,45,0x856f3a22368a9e33aee5f45cbc11a66d4d5d2f64,804.613292439999,0.0,SamAlterman
2026-09-10 07:57:48,day,economics,46,0x626ecb3e147226e19aa6a14d99e6dfa02848fa46,789.8462139400035,0.0,NotTheSharpestTool
2026-09-10 07:57:48,day,economics,47,0x022e626e7a8de2603fd771e7c91e0251ee1ef9f5,754.7551542599995,0.0,JG123
2026-09-10 07:57:48,day,economics,48,0x4ad6cadefae3c28f5b2caa32a99ebba3a614464c,740.0000028649811,0.0,noreasapa
2026-09-10 07:57:48,day,economics,49,0x90bfc858ddb497e6208a92dce15cfe9a480d3348,725.3640578099994,0.0,charliegooseman
2026-09-10 07:57:48,day,economics,50,0xcb59ea1babf3b26ea50088057e427ab0ed8f0a22,714.5082955299949,0.0,BeneGesseritVoice
2026-09-10 07:57:48,day,economics,51,0xd0394bd0de8d901c3fde039a86bf08e6aa4a2532,698.8316136699614,0.0,pantomime
2026-09-10 07:57:48,day,economics,52,0x859b4303ce5ae7d6fd43bc118d807a01b37f31b8,630.396267928998,0.0,ColdSoap2
2026-09-10 07:57:48,day,economics,53,0x0bb8a71b7ed93265c8045640fb3aa1eb93ad253e,629.3669181077785,10415.689999999999,anykey
2026-09-10 07:57:48,day,economics,54,0xecb14ac6e9ca447ce2f2912e6217b43d7b655da3,619.1097000000009,0.0,SaylorMoon
2026-09-10 07:57:48,day,economics,55,0x5ccc29d31afb02b07462114349b9bda1b612edb7,618.8900999999996,0.0,KingOdysseus
2026-09-10 07:57:48,day,economics,56,0xfb593511b24df1edff63c35de81c72d5733683f9,612.922905710002,0.0,0xFB593511b24DF1EdfF63c35de81C72d5733683f9-1772989578742
2026-09-10 07:57:48,day,economics,57,0x76dd9f47b2480d46250d55411f4f9eb2903145bb,601.2687364929998,0.0,sS666
2026-09-10 07:57:48,day,economics,58,0x5feb9ad581c58ee94710572bb6af15b92dd9693a,568.3667447399994,0.0,0x791898ea586742eb8e1909f01523f743f62280f2
2026-09-10 07:57:48,day,economics,59,0x3a7082b466c10cf4fd8583c8921499b272902828,539.3510264999995,0.0,ruyi666
2026-09-10 07:57:48,day,economics,60,0x96489abcb9f583d6835c8ef95ffc923d05a86825,538.6715790399467,6893.58,anoin123
2026-09-10 07:57:48,day,economics,61,0x279586b44e055dfe58bd21fff9d67a675043acd0,527.4727499999935,0.0,0x279586b44E055dfE58BD21Fff9D67A675043Acd0-1763372677832
2026-09-10 07:57:48,day,economics,62,0x524c0e30d0e336e6186c201e7573576a4dae6b4f,519.2868000000003,0.0,dfdvbjgdhbh
2026-09-10 07:57:48,day,economics,63,0xe234959595e01dacd391a9502a6ad0edf4e3304a,504.7970017600019,0.0,0xecaa8806a9a05049d7d5260a33dc924220e377a
2026-09-10 07:57:48,day,economics,64,0x0a38dcf3740ee299a0607e80cb955c42a34cf931,496.96715159000087,0.0,0x0a38DcF3740eE299a0607E80CB955C42a34cF931-1727027089095
2026-09-10 07:57:48,day,economics,65,0xac4a1fabdac2438d6afa2a9e8e83845310a0bf1e,496.901659018542,2969.97,HerrieDavis
2026-09-10 07:57:48,day,economics,66,0x42018dffd61b34aefddec3f1a66bca505ca66133,496.29535250249955,0.0,worknplay
2026-09-10 07:57:48,day,economics,67,0x5b6331e7ff0831a3fe2ed12004747db1a9c911a4,472.89011685602236,1171.5688780000003,neutralwave23
2026-09-10 07:57:48,day,economics,68,0xc97b0b2a2547bb3ed57167092ef8a6e816c347e5,470.03922649999777,0.0,Avamax
2026-09-10 07:57:48,day,economics,69,0x3a0a860a449014d37b75d5ab53f8ade2183ee68a,440.65000000000146,0.0,rmpm
2026-09-10 07:57:48,day,economics,70,0xcce2b7c71f21e358b8e5e797e586cbc03160d58b,435.2329141800001,0.0,xcnstrategy
2026-09-10 07:57:48,day,economics,71,0x0fded0ed829a00c35dcd2d550983e92108ed8ab1,431.601800370001,0.0,Telepath-One
2026-09-10 07:57:48,day,economics,72,0x32d9e8e585a39fdaf7ed7ecc994a6d892c99d638,420.04542288000084,0.0,IsabelaCa
2026-09-10 07:57:48,day,economics,73,0xa8c63f775ddbbe66b56614191747def3021444e8,419.18979062575454,4024.79,Tenebrus7
2026-09-10 07:57:48,day,economics,74,0xe154165732b79548f7533fc45168b102dd7a0b7f,416.36346049200074,4333.33,Nadmi
2026-09-10 07:57:48,day,economics,75,0xffd21411e46b606fe4a4e6843f6656aea1e7d7ae,416.1909150980009,0.0,NoPeeking
2026-09-10 07:57:48,day,economics,76,0xe1b361d6a6f237b9ed7534d19b232df8369e1426,414.942509950004,0.0,tja
2026-09-10 07:57:48,day,economics,77,0x43405b1b3dee23baf8284b3bcfd79930600b64c4,403.12457827000617,0.0,-nkt-
2026-09-10 07:57:48,day,economics,78,0x53e55bc7cb3d67ad177c023ce891ad076a9d6177,388.79993765999825,0.0,Arbguy
2026-09-10 07:57:48,day,economics,79,0xe9076a87c5ed90ef16e6fe6529c943baeca0cff6,385.02603767981054,13128.835576000001,suntori
2026-09-10 07:57:48,day,economics,80,0xe339bba7fba043520d83516ce22add16beb6e01b,381.3839999999998,0.0,12Alexander12
2026-09-10 07:57:48,day,economics,81,0x9f2fe025f84839ca81dd8e0338892605702d2ca8,375.3919223190005,26730.828395999997,surfandturf
2026-09-10 07:57:48,day,economics,82,0x7a35f8849c597cd12c3e2e3086b52b8c4f682744,373.2034489070011,0.0,gokol
2026-09-10 07:57:48,day,economics,83,0x66e7ce01c6831b8a2503d09edd6167152ee68bcd,372.5749260067241,0.0,0x66E7ce01C6831B8A2503D09eDD6167152Ee68BcD-1771870353938
2026-09-10 07:57:48,day,economics,84,0x50ef0c1ad55b07d583335853f96122c06efc5e6e,368.38127999999915,0.0,lqbeijing
2026-09-10 07:57:48,day,economics,85,0x4755072010b0a6963d5140b4c34ba6a544664338,359.6637621819982,0.0,QMG-MACRO
2026-09-10 07:57:48,day,economics,86,0x1d620ed68c4fd00b189207ed1f8c13222766d76b,359.299701259999,0.0,QMG-SCALAR
2026-09-10 07:57:48,day,economics,87,0xb619ed5b378053f8309c307d2f7adf9c13665068,345.2205639369995,0.0,tnl
2026-09-10 07:57:48,day,economics,88,0x71ed0bc95433cdf1be29f43219725fce9addd9eb,341.60543652453634,6000.0,d1k21
2026-09-10 07:57:48,day,economics,89,0x1693c3c84ab70ccd6949cbb5d54867a1861b5d20,334.52105553,0.0,TheFOMCGambler
2026-09-10 07:57:48,day,economics,90,0x447fec5ca2a21c1e5512319d88244c33fe3ba05e,333.86322893299985,0.0,Odin-Hearth
2026-09-10 07:57:48,day,economics,91,0x794e5cbf60324f14084f1e6fda3fcbfc50935358,330.4298554899997,0.0,37wallet
2026-09-10 07:57:48,day,economics,92,0x1df440f3a7eb629eecd5c70bbb79c58b78dccf01,317.99797811999997,0.0,goduforever
2026-09-10 07:57:48,day,economics,93,0xa8b964a5e729d2af6314ca8b7babc8c8cb4b6b7c,314.14226031,0.0,131071
2026-09-10 07:57:48,day,economics,94,0xa357ca965911490fb888d4e374ab2dd1d006ded0,312.67266577300006,0.0,XH541
2026-09-10 07:57:48,day,economics,95,0x4e66d90b3b40f318534c3e8e804f98918dc8668f,309.781343163002,0.0,T31
2026-09-10 07:57:48,day,economics,96,0x9d736920e486176e7df7a76fa218f1ebd853216b,305.5181471914998,2031.73,AlAhmeda
2026-09-10 07:57:48,day,economics,97,0x661daf6af6d884012dd6db73c09d72e8be224dc6,301.0193456899997,0.0,DOLLAR-PRINTER
2026-09-10 07:57:48,day,economics,98,0x7cde9cc2fc1ff9556b5167aaaa6fc5b3ce0ab97d,300.0,0.0,allen114
2026-09-10 07:57:48,day,economics,98,0x993f451b6d5c21996b1bf688493cea9c4c823ee3,300.0,0.0,hitjnn214
2026-09-10 07:57:48,day,economics,100,0x269ced0ede348b4b3f8fd8470b19f65508f79017,299.9988750000048,0.0,allen111
2026-09-10 07:57:48,day,tech,1,0x03805a13a0b3e058f55f6c6af95389d4f431073d,8319.273017612199,8994.54,donthackme
2026-09-10 07:57:48,day,tech,2,0x4f1d5ae26fc31472966e951af3183308736d8de2,4554.873635992262,2124.291,e46m3
2026-09-10 07:57:48,day,tech,3,0x1d8c256b15d3cd1f5db221e70c77f552eb8d757a,2753.3102882487874,3000.0,Hourglass
2026-09-10 07:57:48,day,tech,4,0x9f208e85f326f865077fffa68b32d8b0e2bc12c3,2421.9189493449812,1620.0399999999997,mildwindow27
2026-09-10 07:57:48,day,tech,5,0x4c4ed674fde7dc998036b3ae92445d00fcdb297b,1935.9749744643905,2962.770423,SingletonFamilyFund
2026-09-10 07:57:48,day,tech,6,0xac4a1fabdac2438d6afa2a9e8e83845310a0bf1e,1603.9111019844404,3652.5299999999997,HerrieDavis
2026-09-10 07:57:48,day,tech,7,0xeed8c2be411025120fb511ea2332dd0a1f6135f0,1409.5861547580862,3026.583146,WarriorH
2026-09-10 07:57:48,day,tech,8,0x21ffd2b7a212a6f277ed3eca1a9f8efcbca90d71,1363.3038220448652,5654.355353,Haradwaith
2026-09-10 07:57:48,day,tech,9,0x96489abcb9f583d6835c8ef95ffc923d05a86825,1035.0888729963772,6228.285806000001,anoin123
2026-09-10 07:57:48,day,tech,10,0x7dcf235766e6b09c8869468a75d5495cf171a7bd,984.4330782054822,1224.7005869999998,godblessme2026
2026-09-10 07:57:48,day,tech,11,0x00425c692a667981118f679ef68fdc775257321e,962.0538486400055,0.0,99problems123
2026-09-10 07:57:48,day,tech,12,0xb1ca909e848cc24ec4e220ce1c453bc290c51705,850.7969701700786,38602.723300000005,GrandeFromage
2026-09-10 07:57:48,day,tech,13,0x524db836890e08aceb3abcdee98d44240e324495,808.4117030949983,0.0,Mac-Gyver
2026-09-10 07:57:48,day,tech,14,0x2b9dbf4b6e0e11309a9d6d2a09b72f65f652adc0,794.5587574499968,0.0,seal7
2026-09-10 07:57:48,day,tech,15,0xb0e74df9430a089aa102e2207af5fde1967439d2,674.6450118456369,0.0,
2026-09-10 07:57:48,day,tech,16,0xc5187cb669690150643ba2f9aac6b7d98d212594,635.7630373336178,425.162858,mustbethewater
2026-09-10 07:57:48,day,tech,17,0x736539924a5602b37a03a54fc12c1cc8f98964da,599.5891544555852,15840.602768,Tremendous-Dinnerplate
2026-09-10 07:57:48,day,tech,18,0x1387d145aaf01f6e33b66525dda6e1f51f6955f8,508.5077931814949,605.9699999999999,Lucerys
2026-09-10 07:57:48,day,tech,19,0x1d7f90846c1d649237e8a142d0a75152834d017b,473.35136467999973,0.0,Kretos
2026-09-10 07:57:48,day,tech,20,0xd32ce89f16509d3c8f8b5e9750305a5b2bc2a4c2,446.8338743005079,486.0,
2026-09-10 07:57:48,day,tech,21,0x0b0fca03617cf1b1d442c45852e34db991fc8cd9,325.1512987835383,811.18,pullthetrigger
2026-09-10 07:57:48,day,tech,22,0xedfbf97dee28c8600797959a1289648483b23c1c,315.32015979799894,0.0,MrBauer
2026-09-10 07:57:48,day,tech,23,0xad529df14c293d77984a0137990a1441b25211ac,304.23536020761094,3204.25,nettspendfan1
2026-09-10 07:57:48,day,tech,24,0x3594526e2a0aaf467038ee1799d6ded344aedc58,288.1009142134999,0.0,Linslav
2026-09-10 07:57:48,day,tech,25,0x43372356634781eea88d61bbdd7824cdce958882,274.84519898699364,0.0,Anjun
2026-09-10 07:57:48,day,tech,26,0xf08b28a72e77d9425478cc662d8da0623435517f,253.64573122518303,11737.467093,000oooo21
2026-09-10 07:57:48,day,tech,27,0x764b305694b026c1acce7bf862c3b5456a146bad,229.74805047602786,669.06,quietparcel
2026-09-10 07:57:48,day,tech,28,0x635852018e1d0964828ad6afddc45041ebf2d19a,226.08978466888,6910.69091,8hytrhgfd8
2026-09-10 07:57:48,day,tech,29,0xc42d02afe568a863c7aa3117b90bbd2d5365ca94,216.645121999999,783.0,0xC42d02AFE568A863C7aa3117b90bbd2D5365Ca94-1782962565138
2026-09-10 07:57:48,day,tech,30,0xb0c85813a7a4428f1139ff91d3118a92c391fe7f,209.5156781177502,395.19,laptop.recked
2026-09-10 07:57:48,day,tech,31,0x5999ebfa145490e0280dd246856a5b3605f7ae94,199.6815805605056,0.0,kl1v
2026-09-10 07:57:48,day,tech,32,0x26f870f5b99b65b18d9354cc3906258f48d4a969,176.30174999999963,0.0,TheDao
2026-09-10 07:57:48,day,tech,33,0xfbedb045813457be883ad83dd1078e88a2a1a665,169.67286295399572,221.491175,SpringlyFawl
2026-09-10 07:57:48,day,tech,34,0x963137a0ba0b02ebf6f37710023cc1b0303289a1,166.88612346000014,368.86,0x963137a0BA0B02EBf6F37710023Cc1B0303289A1-1764031525036
2026-09-10 07:57:48,day,tech,35,0x0be4c9e1beb1289d3602e4553424fcb3dfa2b548,157.49574000000013,0.0,a5DYXQMGEE
2026-09-10 07:57:48,day,tech,36,0xe234959595e01dacd391a9502a6ad0edf4e3304a,154.530367969317,6940.29,0xecaa8806a9a05049d7d5260a33dc924220e377a
2026-09-10 07:57:48,day,tech,37,0x74f1b8944c7b10f7239e3dda0de6b8ee42e816a8,151.35336171000063,3718.38,probability
2026-09-10 07:57:48,day,tech,38,0xf5e814660a5a5ac071390a36122e7bc7c1309fbd,146.64767833661585,1649.599834,fiter
2026-09-10 07:57:48,day,tech,39,0xd13c3f39618d2749ee34e9ae77c6dd2c187d6c2b,133.33333329999994,0.0,name1231231231
2026-09-10 07:57:48,day,tech,40,0xedf67cfe47ecbeda70c7025de60ac9a2e61fcf40,130.65064414000017,0.0,curupirAA
2026-09-10 07:57:48,day,tech,41,0xad5353afe30c2da57709e2704ef3ccdcf67eef24,122.4861118232293,3292.564734,AJSV
2026-09-10 07:57:48,day,tech,42,0x537263fdfc15e4e967e63c0c783f22f549e74b1f,121.7352844350001,0.0,xiaojiren
2026-09-10 07:57:48,day,tech,43,0x60c6ad7e43cb23b5209d7eddf9386c508285247f,121.49996499999997,0.0,konsomida
2026-09-10 07:57:48,day,tech,44,0x2b5920274740ca61745eeb077587bf5bb4ff9db6,120.14838999999483,238.0,aHjCz
2026-09-10 07:57:48,day,tech,45,0x08458f7e9d2858027de579e4c3ca305475496b6f,118.78481450899903,1313.12,GollumGekko
2026-09-10 07:57:48,day,tech,46,0x733c8ebec12de818631d6737a27477d89191851f,116.84283560400013,0.0,rockybalboa111
2026-09-10 07:57:48,day,tech,47,0x0c28d976bbfaad597a678f6fc3794d6ba56a9844,113.44593031050005,1135.85,youtube-trader
2026-09-10 07:57:48,day,tech,48,0x34cb173d34b6c8de809399dae2a595a525827588,98.6288077076639,1082.199457,richardd
2026-09-10 07:57:48,day,tech,49,0xf27de6607cbd15be1133619b9807ff63fb86e6d3,98.31338270499998,0.0,0xf27de6607Cbd19be1133619B9807ff63Fb86e6d
2026-09-10 07:57:48,day,tech,50,0x245e93fb7a6f2ff65b747fd182b4e0da3a93183c,92.582972025,0.0,GoodDealBro
2026-09-10 07:57:48,day,tech,51,0x9ae93a6eda243f3684a820964aa2eae037c87b59,86.58584140500011,0.0,Intogrey
2026-09-10 07:57:48,day,tech,52,0xc2e5359b204c4296b7e1a07603fe0b657486b3a5,82.46400000000006,0.0,euro-catcher
2026-09-10 07:57:48,day,tech,53,0x1cc16713196d456f86fa9c7387dd326a7f73b8df,81.68999999999869,389.0,Wickier
2026-09-10 07:57:48,day,tech,54,0x1ee9a5fc09665909c0cce297c581703bfbb9197f,80.94146658486352,3117.1748650000004,vinii
2026-09-10 07:57:48,day,tech,55,0x122cb94c437ea5e6f088c6c0c143c592ab8efbed,80.65847541999756,3700.9700000000003,0x122Cb94C437EA5e6f088c6c0C143c592ab8EFBed-1782168978900
2026-09-10 07:57:48,day,tech,56,0xcddc662ec645424d44d86e626f8bb7f9b737a8cf,80.31497685,0.0,Avotoast
2026-09-10 07:57:48,day,tech,57,0x73bde4af5df2e4f399eabfa471f9c2d4fb07ac54,79.7334119845001,0.0,tigertest1
2026-09-10 07:57:48,day,tech,58,0xc7d02944a76b9f83b199e9090ecc92c82d241f8a,79.47084671900188,2031.55,0xc7D02944A76B9F83B199e9090ECC92C82d241F8a-1776944395495
2026-09-10 07:57:48,day,tech,59,0xd1a63a243042d864520512fbdbd2fd20e0ab1507,77.33699717999934,122.71000000000001,DkOYL
2026-09-10 07:57:48,day,tech,60,0x1114ad9ae15e644d16420376515f09692361c330,75.58392075999998,99.99,wpovniweijfowjp
2026-09-10 07:57:48,day,tech,61,0x7d1bb9f000e5fce13db3a0927b64aa38e69de75c,75.26200217433143,190.0,bmtr
2026-09-10 07:57:48,day,tech,62,0x661daf6af6d884012dd6db73c09d72e8be224dc6,73.13489500000014,0.0,DOLLAR-PRINTER
2026-09-10 07:57:48,day,tech,63,0xfe2d0b7350141c8413da4ab3eb72b5d71026da35,72.51515329019196,1622.4199999999998,gmgmgmgmg
2026-09-10 07:57:48,day,tech,64,0x14c32680ffc318892e0d019181e4161aa34cdf68,71.45349091000026,0.0,borntoolate.eth
2026-09-10 07:57:48,day,tech,65,0xac29dd1fdcd974bc1bbd62f5859418ea5aab36c7,69.03176130349993,938.26,OnYesYes
2026-09-10 07:57:48,day,tech,66,0x0202e278e1e4dcf12b2c5120ba52ec2266e57e33,69.002637117,0.0,0x0202E278e1e4Dcf12B2C5120Ba52Ec2266E57E33-1775101606699
2026-09-10 07:57:48,day,tech,67,0x52ebca459280966f4a56240a05e38df8527067ac,68.79942484016965,1735.636848,AMAM13
2026-09-10 07:57:48,day,tech,68,0xcb48f490d8579832e56954cb31dfee630d59be6d,68.79816895999988,202.65,NoTeacher
2026-09-10 07:57:48,day,tech,69,0xe040ffe586e21cb49449e8daf19b1cdff87a824f,68.32544857349785,589.99,god83743894
2026-09-10 07:57:48,day,tech,70,0xca12d28728c46d3484395243f5f842f2c321ea03,68.07460745002345,304.83,chaosj88
2026-09-10 07:57:48,day,tech,71,0xf767fa803ef11754c87175515f071eb487b261df,64.6998000000001,0.0,poli.monaco
2026-09-10 07:57:48,day,tech,72,0x758dac51ba3cc9a246a79787da9df11c5f425d9e,63.39688738784096,2569.9720230000003,a5533
2026-09-10 07:57:48,day,tech,73,0xe30898ebedefd06a8acd3ea2bfdd7a00bd67309c,62.1676010244999,0.0,crop?
2026-09-10 07:57:48,day,tech,74,0x7afb239dabdd549d09ccd3e6cc910958894b61ea,60.76159999999982,0.0,buyaoshangtou1
2026-09-10 07:57:48,day,tech,75,0xfd557e6db670c9704bc1d0d8e8b585c7d9c9f905,60.32021092950163,552.5600000000001,northdrawer
2026-09-10 07:57:48,day,tech,76,0x35a093addfdebaa5578696b46b8faa6881952bab,58.13561397999956,0.0,Redeemm
2026-09-10 07:57:48,day,tech,77,0x090f3a297fef40a0344b4084f30ff8dac396312f,56.57999466000001,0.0,blizzle
2026-09-10 07:57:48,day,tech,78,0x15433540ca3794108e602bfd353189519af8baaf,55.33648689000074,0.0,DualDelta
2026-09-10 07:57:48,day,tech,79,0xb0a759e7a7d868d5a30eca7c9ddbbc4916bbb4fd,55.33293329999998,0.0,randombyte
2026-09-10 07:57:48,day,tech,80,0xbe9cc7e6406fa2c75ddcf5fdad149512ab6d7be3,53.883260285000006,0.0,DC1995
2026-09-10 07:57:48,day,tech,81,0x5cd5c8d7a17c78d7389d8b87b611aed83322ac33,53.20771489799813,0.0,nonkenny90
2026-09-10 07:57:48,day,tech,82,0x0c97325a81ad05c6b58ae30d12eaaec1b8451b68,52.49935929000071,0.0,dontshowmyname
2026-09-10 07:57:48,day,tech,83,0xf7435b8713ed0b30170c07fa8a76d0317dfe1811,52.37760000000003,0.0,UnSmartMan
2026-09-10 07:57:48,day,tech,84,0xaec718f7dd38e0c29c14a8472183a48fed6203ef,51.93026999999999,0.0,adfjo
2026-09-10 07:57:48,day,tech,85,0xc3262aeb0bd81deab067726635f5b5bd39201db1,51.67876561184312,74.86,X-Rabbit.Sezu
2026-09-10 07:57:48,day,tech,86,0x0b04c5d8be3f2cb04acfbfbaef5a69d51cb430fc,51.28339528000003,0.0,woreste
2026-09-10 07:57:48,day,tech,87,0x69788e136500902559a2fb21883ab9baacbd08d8,50.89576611300026,0.0,TruongMyLan
2026-09-10 07:57:48,day,tech,88,0x5efe3c04dbc8e0f63260d3984db311128ceb5f55,50.85166653199988,0.0,ammarb
2026-09-10 07:57:48,day,tech,89,0x17d848f666c9d7ef8618a7642aca44ad0a06e57a,49.998577999999995,0.0,xneguvxo351
2026-09-10 07:57:48,day,tech,90,0xdbd028b4afcb6fe1e30c55fb65f59a1133d58c1c,49.591046689999075,906.8399999999999,8dcc906a9b
2026-09-10 07:57:48,day,tech,91,0xc771d5d878f267ab9c29edcddcc7f4bd50aa6f90,49.44358661887499,3240.8199999999997,bepatienttoday
2026-09-10 07:57:48,day,tech,92,0x97f3f9f15c0063710c60d3ac9c40d17f4ba60eba,49.312430350501245,0.0,Investnow
2026-09-10 07:57:48,day,tech,93,0x97ead83eb0e6b7f142e63284791882f05ddf3363,49.30025605899982,0.0,Hakei.
2026-09-10 07:57:48,day,tech,94,0x251e9c65f2655a6b1f00dac375c1ef0d45bc81bf,47.31260000000004,0.0,daleroyjankins
2026-09-10 07:57:48,day,tech,95,0x1cac5c537efec302c6505dd92f907d0193426f43,46.02837781150015,0.0,SteviaDaddy
2026-09-10 07:57:48,day,tech,96,0x62cf46cd4c3af254dccfc37a7f93de265b4b5826,44.999723339999036,0.0,eCash
2026-09-10 07:57:48,day,tech,97,0x8673d3a19c559f43241312894bb82fc4fd8559a5,43.72622082950011,0.0,
2026-09-10 07:57:48,day,tech,98,0x659db5d7c035771e1b1b3243e544207bae71a037,42.38815499999998,0.0,0x659db5d7C035771e1b1b3243e544207BAE71a037-1744115964414
2026-09-10 07:57:48,day,tech,99,0x1cf169df887c8aca4d8afc83b1a37710b2756ca1,41.15581126050051,0.0,qianyi2026
2026-09-10 07:57:48,day,tech,100,0x07d126ea6f8542a58ee2c4c7c31535dd9b3e8ffa,40.794418135,0.0,wavesinthesky
