timestamp,timeframe,category,rank,address,pnl,volume,userName
2026-05-13 06:28:27,day,overall,1,0x492442eab586f242b53bda933fd5de859c8a3782,234014.12859944883,0.0,0x492442EaB586F242B53bDa933fD5dE859c8A3782-1766317541188
2026-05-13 06:28:27,day,overall,2,0x6a72f61820b26b1fe4d956e17b6dc2a1ea3033ee,168483.16394839063,80302.571927,kch123
2026-05-13 06:28:27,day,overall,3,0x9495425feeb0c250accb89275c97587011b19a27,151870.89253170695,438024.51671399997,LaBradfordSmith22
2026-05-13 06:28:27,day,overall,4,0xe7e1eb9e47ef36bc3e6cc28841c3ba81a8f3ec43,107336.14611152996,0.0,Lolol12345
2026-05-13 06:28:27,day,overall,5,0xd959b6925d3d3391a40c1a85dd3d8916ef16daf7,94200.0772881759,220271.69073199993,Borntorun
2026-05-13 06:28:27,day,overall,6,0x93abbc022ce98d6f45d4444b594791cc4b7a9723,79109.33646612425,1653.6431479999999,gatorr
2026-05-13 06:28:27,day,overall,7,0x2663daca3cecf3767ca1c3b126002a8578a8ed1f,77470.26523438162,93064.50891599999,Q96s3kwozynxpau
2026-05-13 06:28:27,day,overall,8,0xc33635224ac2755656a12071234ea7fdb2f002ab,59138.09201929142,240782.12108900002,gibdolla
2026-05-13 06:28:27,day,overall,9,0x5bec79df9add70a3892041ab1a5516b60f53b215,58119.53487854521,0.0,guongAI
2026-05-13 06:28:27,day,overall,10,0xd106952ebf30a3125affd8a23b6c1f30c35fc79c,53818.66247551015,3279.158644,Herdonia
2026-05-13 06:28:27,day,overall,11,0x19254b55e7c48e88baab9e62cc218223a6544654,49848.22456919179,0.0,drjpoll
2026-05-13 06:28:27,day,overall,12,0xbd14b65383c15e0b0f64944ca000f9a2bc5dd62a,46403.924377888674,0.0,0xbd14b65383c15e0b0f64944ca000f9a2bc5dd62a
2026-05-13 06:28:27,day,overall,13,0x21ecbb95a15822bbdd4ab71345385a6056d95348,38931.16705282661,109602.54309600001,0x21eCbb95a15822bBdD4Ab71345385a6056D95348-1763085902493
2026-05-13 06:28:27,day,overall,14,0x2a2c53bd278c04da9962fcf96490e17f3dfb9bc1,35203.23767244498,192197.9299,0x2a2C53bD278c04DA9962Fcf96490E17F3DfB9Bc1-1772479215461
2026-05-13 06:28:27,day,overall,15,0x5966db1fe50763c9e3c014d756369bad07e1f804,34274.98314127815,449294.826029,0x5966Db1fE50763C9e3C014d756369BAd07E1F804-1777648534241
2026-05-13 06:28:27,day,overall,16,0xde9f03151fb0a4b8cbcf6bbe24b73bf5856bb8f7,32991.733079444646,3000.0,sjqdhqsjgd65
2026-05-13 06:28:27,day,overall,17,0x3b5a307f9b679922a105fe9f55013b0d05babb9b,32991.62009933186,55323.826263999996,Gh0stTradez
2026-05-13 06:28:27,day,overall,18,0xc44f432b014f36679e13615f95996eac32bbd49f,32519.486918624985,71970.84,Zywoo123
2026-05-13 06:28:27,day,overall,19,0x3f3937fe8dd576266be6a4a2469af794a253a73d,32458.343588772717,247.39036500000003,Hehaj648jeh
2026-05-13 06:28:27,day,overall,20,0xabb89972b21b304c1bed2bf26f35c8741ac9bba3,32404.35010928032,130528.51,Feromont
2026-05-13 06:28:27,day,overall,21,0xabb89972b21b304c1bed2bf26f35c8741ac9bba3,32400.225464280462,130528.51,Feromont
2026-05-13 06:28:27,day,overall,22,0xf284ad6d607f777f34bc643cea587c33a886b9f9,29887.27513267911,232541.48536000002,strike123
2026-05-13 06:28:27,day,overall,23,0xbddf61af533ff524d27154e589d2d7a81510c684,29167.671937960666,374195.035014,Countryside
2026-05-13 06:28:27,day,overall,24,0xe30e74595517de48f1fb19f4553dd3d9f1e96b87,26230.0,0.0,0xE30E74595517de48f1FB19f4553dd3d9F1E96B87-1772612985000
2026-05-13 06:28:27,day,overall,25,0xfea31bc088000ff909be1dfd8d0e3f2c7ef2d227,25058.73704277529,60636.75628399998,newdogbeginning
2026-05-13 06:28:27,day,overall,26,0xeb8ed14f8b83fad23c2099c15352ba48b10d34ce,24300.01972062,79999.778924,qqwwe23
2026-05-13 06:28:27,day,overall,27,0xd81e5bc01e4a98d0af93d82dc2c542a4c0f9e3d0,24152.984709594806,795547.73085,beet420
2026-05-13 06:28:27,day,overall,28,0x1fee90f352fd362ea4bf13c6ed7cdd83a4d2ed5e,24081.628158841457,3263.0600000000004,lomneivan
2026-05-13 06:28:27,day,overall,29,0xba389f76b0119aed07c53c9029852664bd97e406,23226.31431539153,20000.0,joblessfinalboss
2026-05-13 06:28:27,day,overall,30,0x29b52d98ac9ef9414b04164246c95bc63d74cc6c,22354.381468501713,47415.092189,loitterer
2026-05-13 06:28:27,day,overall,31,0x5b4ec9c06b284ee52c41a761974d836992880232,21746.365550000017,0.0,ramadamaramadam
2026-05-13 06:28:27,day,overall,32,0x14026373da58fabe45e2bf73a915a5d4b3a6e35b,21158.568845000005,683.54,0x14026373da58fabe45e2bf73a915a5d4b3a6e35b
2026-05-13 06:28:27,day,overall,33,0x0e1b30c63f6bac4fa1eacc7b852fa7e72e93ecaf,21112.788853569888,172457.140795,sjhfccha
2026-05-13 06:28:27,day,overall,34,0x709e8dcb133555794decc598e07f2c923b8366f5,19676.453447439708,0.0,0xd4aa6f8e91cfea29b66a48ebff52814
2026-05-13 06:28:27,day,overall,35,0x16bb9951a36fce71e2ef57890b786145e0ba8492,19238.57197606312,890.7284129999999,SDTrading
2026-05-13 06:28:27,day,overall,36,0x780cdebc22dd4d3cfadd3882d71c216d544b3b11,16640.697749918283,190670.83913899996,jhwjknmmql
2026-05-13 06:28:27,day,overall,37,0x418d51e13d019913bb027db22ecc723fe1ad88a3,16434.001651939994,35451.661250000005,0x418D51e13d019913BB027DB22ECc723fe1AD88A3-1720918577961
2026-05-13 06:28:27,day,overall,38,0x4064f0122a3703e9159ca5dbd4bfeb7b980df741,16075.236615170186,0.0,qix7
2026-05-13 06:28:27,day,overall,39,0x27f738fe203827445690339104aae35b20bc44b0,16064.078170860128,2361.0,ic4cream
2026-05-13 06:28:27,day,overall,40,0x8e8ccd010d924673af70bc0191c4f49329da65dd,16062.18685407906,142506.16285000002,DogecoinMillionaire
2026-05-13 06:28:27,day,overall,41,0x7cecad9ebf718ef99aa5c35713c9dd94a8b5f71c,15685.00000000001,0.0,AmineLamuadni
2026-05-13 06:28:27,day,overall,42,0x38337de21ff0bb0a11a40761507d51e318d633d1,14992.922976459413,0.0,SineNooneEI
2026-05-13 06:28:27,day,overall,43,0x53515c8447275edfac486e6d70a6e3bf49c19b3c,13971.609551282287,0.0,Gambleguy123
2026-05-13 06:28:27,day,overall,44,0x6a32a31f2b28c31c016c6a222f2942240d8d0086,13791.088847165593,0.0,0x6A32A31F2B28c31c016C6A222f2942240d8D0086-1756820952447
2026-05-13 06:28:27,day,overall,45,0xf28e42d20e4826f2b10a24bc952001697947cab2,13741.78048911877,151468.790594,ethanaz
2026-05-13 06:28:27,day,overall,46,0xe7a2052a8b7c6b865e3eb3d16300a4db7432ae70,13703.992616978721,0.0,TheOneto3
2026-05-13 06:28:27,day,overall,47,0x911a399a1a5bedc602de56bfbadeb3930a7b2278,13250.0,0.0,0x911a399a1A5beDC602de56bfbADeB3930a7b2278-1774351163772
2026-05-13 06:28:27,day,overall,48,0xc660ae71765d0d9eaf5fa8328c1c959841d2bd28,13217.245415883328,0.0,BoggsFromShawshank
2026-05-13 06:28:27,day,overall,49,0x558f2f82cf0394c28ce3c8e117ee747aeab51a56,13069.83377632383,51419.44999999999,LesterDiamond
2026-05-13 06:28:27,day,overall,50,0xbca08c1bc204a34f2fddbe47b438b9bd42ac9705,11785.633134295058,191148.79909000001,bananawoin
2026-05-13 06:28:27,day,overall,51,0xa38a455bbdd4b68486548b7e19da99903f4f821d,11676.508825575314,72201.57855099998,takeormake
2026-05-13 06:28:27,day,overall,52,0x1d1ade627d0bb0205758580b20d808573e720df6,11427.85994999943,10200.0,Pwaddler
2026-05-13 06:28:27,day,overall,53,0x02b4401ae7ead14477e944f79e9db07ce9ab7092,11256.569332535004,92625.3,alohaa
2026-05-13 06:28:27,day,overall,54,0x2dc13c6bda81b202281e796953a7323de675b33c,11073.68192799999,18181.82,xifutloong3
2026-05-13 06:28:27,day,overall,55,0xc408cf3d54aedccbb5c604fc887a1a8a8d93c1ef,10604.887244169993,19629.53,GeorgeIII
2026-05-13 06:28:27,day,overall,56,0x2005d16a84ceefa912d4e380cd32e7ff827875ea,10563.053512524813,1094376.3655729995,RN1
2026-05-13 06:28:27,day,overall,57,0x7dfc8aa22f2d4d6f9cbf55cf86682a4d2477f54e,10492.041799481696,177260.38632400002,CramSchoolClub01
2026-05-13 06:28:27,day,overall,58,0x1ff26f9f8a048d4f6fb2e4283f32f6ca64d2dbbd,9997.435413202504,28153.085305,cozyfnf
2026-05-13 06:28:27,day,overall,59,0xaca23974e2b8131efbafaa1fe03ea9595ea0b9a1,9483.52677114278,53511.762672000004,ellio8989
2026-05-13 06:28:27,day,overall,60,0xdfa63fd10f2a182997d2abeaa81ae45b2afb6c6c,9348.243572019997,0.0,Crassula
2026-05-13 06:28:27,day,overall,61,0xa2b5bafa01d0f81926a2a88e5628a95b59fc4582,9005.36651196354,23275.26833,BruceWayne77
2026-05-13 06:28:27,day,overall,62,0x9a4cf053d6788a095da9be5e811e73131f491f30,8874.999999999998,0.0,to100posbe
2026-05-13 06:28:27,day,overall,63,0x880b1fc5d3beb01c237f0848b249fd72b48fc98b,8657.972486499988,23174.800796,cruzNBA
2026-05-13 06:28:27,day,overall,64,0x49007e1e636d0e922d0122a02ea743e41d194a72,8527.789588838103,71977.208569,08AF
2026-05-13 06:28:27,day,overall,65,0x0e1d01759cfa75782134472a7af5963da9d50c53,8418.060491964481,1472.92,PDJ88
2026-05-13 06:28:27,day,overall,66,0xe8d78397160e13edc306a63b1d88c9c1f3dd1252,8294.62612333335,102172.69519400001,coinlaundry
2026-05-13 06:28:27,day,overall,67,0xe5047b7b7eb66eafdc80540048c31227f641600e,8286.24024520164,26579.307108999998,050005000500
2026-05-13 06:28:27,day,overall,68,0x43372356634781eea88d61bbdd7824cdce958882,8261.822915716071,51033.920567,Anjun
2026-05-13 06:28:27,day,overall,69,0x8c80d213c0cbad777d06ee3f58f6ca4bc03102c3,8192.207677989965,0.0,SecondWindCapital
2026-05-13 06:28:27,day,overall,70,0xe405483ff60ab58ce973479d3317045549fec67e,8190.168877754411,20506.684165000002,BliPloPah
2026-05-13 06:28:27,day,overall,71,0xfed8ff0b541ce9a66d632aedebe81bdd1b2c4388,8019.2667506100115,0.0,JudgeLance
2026-05-13 06:28:27,day,overall,72,0x033f0346c007323030eb420305ffede19a95618e,7966.266765418537,1621.98,TheVeryGoodCow
2026-05-13 06:28:27,day,overall,73,0x38f0b76ed812c24166a4f6293f991ac4b9972768,7667.864693161035,0.0,initial77a
2026-05-13 06:28:27,day,overall,74,0xdd9d902e3cdaf7ee29eff1dd2902dcb40741b730,7464.8703617322535,12690.711477999997,0xDd9D902e3Cdaf7eE29Eff1Dd2902DcB40741b730-1772597907584
2026-05-13 06:28:27,day,overall,75,0x0a854897a06d4999e5b2dde5693609f1428ffe9d,7369.635266612517,0.0,TheQuietRisk
2026-05-13 06:28:27,day,overall,76,0x1ef5bc81296d559ad76c9c03efaab7be1323dc05,7364.222650941185,33261.355114,0x1ef5bc81296d559ad76c9c03efaab7be1323dc05
2026-05-13 06:28:27,day,overall,77,0x7760fe4dcb17c09161adb2eb8d29f39e382e21f0,7139.705445560555,0.0,cumulus33
2026-05-13 06:28:27,day,overall,78,0x4ef2bf7e1529e6bbad6e4a8f257e0b3fc7dcccfb,7075.392525999938,109589.76000000001,0x4ef2bf7e1529e6bbad6e4a8f257e0b3fc7dcccfb
2026-05-13 06:28:27,day,overall,79,0xaf458bee32b8f1d9ba39ee876f20c7e3ce62ec7d,7048.876270443476,0.0,fed26
2026-05-13 06:28:27,day,overall,80,0xfa21179f2cef2f61cb78e8340ae62b17f9271438,6764.691397282979,71272.622771,BABELCONSTEL
2026-05-13 06:28:27,day,overall,81,0x4b59e178095b9bb5ba97598244f2ca8b02fc3aa6,6749.468647194939,0.0,humbleboy
2026-05-13 06:28:27,day,overall,82,0xa252a7efd9572128117c869fa4f064bed37edbf4,6698.624115812998,0.0,msm299
2026-05-13 06:28:27,day,overall,83,0xe16e9895cf292c6955f882edc7e1f1cda426c3c7,6649.1540905899965,2558.0,chickenteriyakiboy
2026-05-13 06:28:27,day,overall,84,0x0eb75bf6f54794a83bd26095811f30b530161f17,6509.368926496361,57863.690006000004,theeere206
2026-05-13 06:28:27,day,overall,85,0x1465b79bff7992bc703e1aafb3683b1089647072,6489.55357706052,0.0,JaneStTraderBonusFund
2026-05-13 06:28:27,day,overall,86,0x5d1d9cfd66ee3068c2a8a57dedf1e1b006dcafd2,6475.684915994614,72947.90487799999,0x5d1d9cfd66ee3068c2a8a57dedf1e1b006dcafd2
2026-05-13 06:28:27,day,overall,87,0x689ae12e11aa489adb3605afd8f39040ff52779e,6324.0447844811715,0.0,Annica
2026-05-13 06:28:27,day,overall,88,0xb3232cf73dff177df9ce70818276b90d3c4427df,6269.156130920011,0.0,thelastrabbit
2026-05-13 06:28:27,day,overall,89,0xfe9455e2cad5257b26547af62cbbfd75c8968a3d,6017.474776182811,559504.8962020001,lovedudley
2026-05-13 06:28:27,day,overall,90,0xce1ee0c8de79ed12902869b67afcddb5456f851f,5916.624569919051,75936.91203400001,Thailand-palyboy
2026-05-13 06:28:27,day,overall,91,0x183f8b17cfb09c9115d068b2da3033b54f4c85e3,5827.411994760012,0.0,BetsAusmAudimax
2026-05-13 06:28:27,day,overall,92,0x1117eade222413335b7ec959e5b48c1d3dbc3532,5773.999436105834,70036.203974,benwyatt
2026-05-13 06:28:27,day,overall,93,0xda3a9b7afff7b44ad4fd75308723194e0a11381f,5714.361333533892,130.904135,Gooooooollllllllll
2026-05-13 06:28:27,day,overall,94,0x3c3ff2c7c85278fd53ef0bd6bed3bfc9ff2e75cf,5655.756754121387,4668.387208,TimmyTurner123
2026-05-13 06:28:27,day,overall,95,0x6d3c5bd13984b2de47c3a88ddc455309aab3d294,5575.097200611024,155982.612166,VeryLucky888
2026-05-13 06:28:27,day,overall,96,0xe0dbdb7f005f233f4510e4ef7e53a2f76a8df44e,5548.416254255506,0.0,lug
2026-05-13 06:28:27,day,overall,97,0x6165eea4a70294502eaafe6a6abdcfae35c8db3c,5512.820514774393,0.0,0x6165EEa4a70294502EAafe6A6abdCFAE35c8Db3c-1763787021961
2026-05-13 06:28:27,day,overall,98,0x62390f3a385354165fb2b459f245a55253bd1d79,5470.208486163691,41638.427413000005,thisnotfortheradio
2026-05-13 06:28:27,day,overall,99,0xdc26d7776929e9c84a3d9651e13260dece6f7e7d,5401.289328581028,0.0,ozpreezy
2026-05-13 06:28:27,day,overall,100,0xc49fe658479db29e1a2fefebf0735f657dca9e05,5365.16998482503,0.0,DogInSuit
2026-05-13 06:28:27,day,politics,1,0x1fee90f352fd362ea4bf13c6ed7cdd83a4d2ed5e,24081.628158841457,3263.0600000000004,lomneivan
2026-05-13 06:28:27,day,politics,2,0x8c80d213c0cbad777d06ee3f58f6ca4bc03102c3,8192.207677989965,0.0,SecondWindCapital
2026-05-13 06:28:27,day,politics,3,0x0a854897a06d4999e5b2dde5693609f1428ffe9d,7369.635266612517,0.0,TheQuietRisk
2026-05-13 06:28:27,day,politics,4,0xde7be6d489bce070a959e0cb813128ae659b5f4b,5709.009514768841,22608.701834,wan123
2026-05-13 06:28:27,day,politics,5,0x950ea3d54a52dca7ec54e7a0338812450268f8e5,4000.0002677199773,0.0,onepingonly
2026-05-13 06:28:27,day,politics,6,0xf9c1190aa8184bcbe418e6f5321c53b0bfbc39e2,3736.4344547645014,10028.216665,AdrianCronauer
2026-05-13 06:28:27,day,politics,7,0x8545ff3521691618f2d5e4f5460d76186a5023be,3254.3231745034996,0.0,1KChallenge
2026-05-13 06:28:27,day,politics,8,0x000d257d2dc7616feaef4ae0f14600fdf50a758e,2418.2188027517404,0.0,scottilicious
2026-05-13 06:28:27,day,politics,9,0xc8ab97a9089a9ff7e6ef0688e6e591a066946418,2125.853565352969,250866.89656100003,ArmageddonRewardsBilly
2026-05-13 06:28:27,day,politics,10,0xb4a0389213318c6d03f012a9eb1540cd33a78b87,2080.86296425,0.0,b723smith
2026-05-13 06:28:27,day,politics,11,0xa9fe4929d4ea1525ca03bd0ff68ea1fbf9e7f135,2006.6682967324741,0.0,novv25
2026-05-13 06:28:27,day,politics,12,0x53e55bc7cb3d67ad177c023ce891ad076a9d6177,1918.4472643121844,18659.474529999996,Arbguy
2026-05-13 06:28:27,day,politics,13,0xfdc07e182e6f959256295567e450a8727272fa79,1771.338766727189,605422.61,FedWillWin
2026-05-13 06:28:27,day,politics,14,0xbf93328f8b69273453228a82c913207731822fd7,1766.5031292200074,0.0,hell0pia
2026-05-13 06:28:27,day,politics,15,0xddb1ecc4ddf67d6732630d5eea099f9ffa53ea72,1764.4215600860034,0.0,Reckless9
2026-05-13 06:28:27,day,politics,16,0x5d0f03cf1243a3e21262d6cf844795afd9fff0ad,1595.643658402143,50.0,EB99999
2026-05-13 06:28:27,day,politics,17,0xeed588bab0b0df73a9a6def7a59e512e9ede1a33,1593.2685282639868,0.0,mohahaha
2026-05-13 06:28:27,day,politics,18,0xf2f6af4f27ec2dcf4072095ab804016e14cd5817,1571.9199763385113,0.0,gopfan2
2026-05-13 06:28:27,day,politics,19,0xd49b42bce7ea10bac53e2901c188cae20ea4bdf9,1478.7966921979314,84644.00244699999,i18z
2026-05-13 06:28:27,day,politics,20,0x6edfbe1379ac9e745824a70b37c31e20a0c11011,1362.939860099992,0.0,545963
2026-05-13 06:28:27,day,politics,21,0x02e7f29f3e612a95a9ccca7131ce7dd5d56b59e5,1361.544337666055,0.0,CAR-GangVersion
2026-05-13 06:28:27,day,politics,22,0xf99f21209545865c45961f413b93b8a2c46b8742,1302.2174543510046,0.0,unsx
2026-05-13 06:28:27,day,politics,23,0xb4f2592e67c333e73c923547cfe05e768180e5fa,1263.0143017154987,0.0,M2sx92kljs42
2026-05-13 06:28:27,day,politics,24,0x62cf46cd4c3af254dccfc37a7f93de265b4b5826,1242.1456322894883,200.1,eCash
2026-05-13 06:28:27,day,politics,25,0xa022ba0a68e11a78348382ff168601012d4d77f8,1229.6580811429885,0.0,yungstalin
2026-05-13 06:28:27,day,politics,26,0x5e3d9733fa5876a5e7a07799445a25a5fb5a6143,1181.118644217997,0.0,eightrock
2026-05-13 06:28:27,day,politics,27,0x521a8c20563ccc9e1c8ebfe5cfe6c8f9b2f8d12f,1172.7762381780194,0.0,b4k9xj2wh
2026-05-13 06:28:27,day,politics,28,0xd8d5289c35124b5353f5a10a28b8cc29aec38935,1161.9195842125002,8557.699999999999,D8D5289c35124b5353f5A10A28B8cC29aEC38935
2026-05-13 06:28:27,day,politics,29,0x56769cafc75d6758548c8278a92af4d5e057b103,1141.5749753179425,4736.186,Nigel.Farage
2026-05-13 06:28:27,day,politics,30,0xfd8f5bba5b09d286b6d1db35cda8249bdd356f11,1133.8536946104687,16068.732351,bitdady
2026-05-13 06:28:27,day,politics,31,0x96f452cb979b24e4ad4af05338b7a34a60d7edc5,1132.2812967479986,0.0,Nargili
2026-05-13 06:28:27,day,politics,32,0x448861155279dbf833d041b963e3ac854599e319,1075.8690675926046,32256.42,Flipadelphia
2026-05-13 06:28:27,day,politics,33,0xba8dd483ab52bf7fd1877ac323a5c2ae7747009d,1071.7008425813146,742.237421,42012
2026-05-13 06:28:27,day,politics,34,0x6062a52aa0bbd83a1ca11af2e950d506906a92dc,1060.241259732,0.0,0x6062A52aa0BBD83a1ca11aF2E950d506906A92dC-1767150460428
2026-05-13 06:28:27,day,politics,35,0x9f0968feb4ea38e9308a83ce227059458d932848,1037.6220967299887,0.0,Achrimus101
2026-05-13 06:28:27,day,politics,36,0x629bc4a1e53e1d475beb7ea3d388791e96dd995a,984.5686614678707,248.438731,lava-lava
2026-05-13 06:28:27,day,politics,37,0x02d8495225a297157d25dbcf7ed9dd483bf80c91,978.8130358200051,0.0,BlasTesla
2026-05-13 06:28:27,day,politics,38,0xd99f3bec8e060ada0aef0c4057695dd5bc22fcdc,975.7428839091153,12889.999999999998,NotBakerMcKenzie
2026-05-13 06:28:27,day,politics,39,0xd576b9ee74c58fcb913675fd9c1d14c85312d5e3,931.304415960054,9103.74,inrock30
2026-05-13 06:28:27,day,politics,40,0xfaf98181c44636998a194aa7660bcae1b977f4c4,929.3600906275442,2382.99,onekey02
2026-05-13 06:28:27,day,politics,41,0xecaa8806a9a05049d7d5260a33dc924220e377a9,922.117886796128,0.0,Melody626
2026-05-13 06:28:27,day,politics,42,0xce71bed9dd1418abc34d244730879d795e8683bc,903.7847680768755,31360.815198999997,tutrucks
2026-05-13 06:28:27,day,politics,43,0x74471a007ddcc488f6d57b5e86dfb35a8d48a16d,895.7031376797167,13936.734841000001,tetrose
2026-05-13 06:28:27,day,politics,44,0x1e82e3eb816aaf755ac9b44bc9d98f01b08aaf92,893.8521597871004,21333.099219999996,0x1E82E3Eb816aAf755AC9b44BC9d98F01b08AAF92-1772042958755
2026-05-13 06:28:27,day,politics,45,0x74019d0b6978a9f4198af6983c25df40374187c5,892.5151987099962,0.0,freeman1337
2026-05-13 06:28:27,day,politics,46,0x098c8fe3e2e915715e8b4c013ad43b433ca21c67,863.8443100000022,0.0,274899afd
2026-05-13 06:28:27,day,politics,47,0xce1495504d3249910c2c2fc800f96f97bb1de38f,857.8394715055015,0.0,mon2026
2026-05-13 06:28:27,day,politics,48,0xa7ce6905990451685b70082424ac9129418d6398,849.2204999999976,0.0,someone2026
2026-05-13 06:28:27,day,politics,49,0x076baf4f9155d6d596bbcd2e380c798a5f1357af,845.0639003729957,0.0,0x076BAF4f9155d6d596BBcd2E380c798a5f1357AF-1773255639062
2026-05-13 06:28:27,day,politics,50,0x8c57f67ac7cc69a4cf96be5747cb2ed63dc9f939,838.164436905543,0.0,mm4ker
2026-05-13 06:28:27,day,politics,51,0xa30e451354cb41cfd46689a065defed989ea49d5,829.7033912748593,853.2756420000001,SAPolitcsSeer
2026-05-13 06:28:27,day,politics,52,0x7664aa7df89e2c02c01e3cd57e0abee078eb2e50,821.4352504874953,0.0,snols
2026-05-13 06:28:27,day,politics,53,0x5011224f4848cb2cf2d87cf2b823551dfd0e220e,808.7955409308925,13743.063332,GCNO1
2026-05-13 06:28:27,day,politics,54,0xf1229f95edb566fa771f442469d18178106f6ea7,806.5045839869454,0.0,fin-tech
2026-05-13 06:28:27,day,politics,55,0x41eacf5aaa4c7fc883a098635b981050715d7a3d,805.4632796750011,5.0,Chungvicular
2026-05-13 06:28:27,day,politics,56,0x9dd9e18b9dcc393705e73966bc79eccbbd9108bd,771.5438190870082,34.0,Glued
2026-05-13 06:28:27,day,politics,57,0xdd1db2f6caa04a8bc5c7b86b340ff7a64ceebbf0,766.7768995810056,0.0,QWETR12345
2026-05-13 06:28:27,day,politics,58,0x93511d72d294f1478739bc38f578bf0306fd9e4d,764.7707406459485,106771.33637799998,Dafu0715
2026-05-13 06:28:27,day,politics,59,0x6e82b93eb57b01a63027bd0c6d2f3f04934a752c,751.7467134869967,0.0,DLEK
2026-05-13 06:28:27,day,politics,60,0xe2314b08a84feff5787d6a7b7984b7e334ef4e3e,734.4268353719963,0.0,OrientalTiger
2026-05-13 06:28:27,day,politics,61,0x44a08c836c70fdf0cf38b6b89dda77b0e452c3b9,707.7085749899998,0.0,0x44vanz
2026-05-13 06:28:27,day,politics,62,0x4b4bdc29a9ad4caedae5f1139ff8373dede0cbf7,707.323453402998,0.0,DonaldPumpJr
2026-05-13 06:28:27,day,politics,63,0x54ce7dd357766fc3255645e55ef41edd51cc9f80,694.5977365299987,0.0,bwgringo
2026-05-13 06:28:27,day,politics,64,0xaf458bee32b8f1d9ba39ee876f20c7e3ce62ec7d,681.9642200000003,0.0,fed26
2026-05-13 06:28:27,day,politics,65,0xeeb8c48abc6185c22db94d8706b2ab8748cfcab5,673.1790800000017,146358.16,hey0man
2026-05-13 06:28:27,day,politics,66,0xeed10490c38abdd3e6faaf69f9dec6f5d9efd782,668.3178028599978,0.0,luckyduck42
2026-05-13 06:28:27,day,politics,67,0xed107a85a4585a381e48c7f7ca4144909e7dd2e5,665.1611565566855,6865.155788,bobe2
2026-05-13 06:28:27,day,politics,68,0xcb58c474467a6dca91d16e346f8f0fe87dfc0160,660.334664699687,4499.985513,0xcb58C474467A6Dca91D16E346F8f0fE87DFC0160-1768538034918
2026-05-13 06:28:27,day,politics,69,0x0d15e2724df455f9e65b15104d21d76412a2c454,658.3526876300166,0.0,e88888
2026-05-13 06:28:27,day,politics,70,0x6b6017aad92663e20336b8c39172245a13da9c7e,637.5756328014977,0.0,anqana
2026-05-13 06:28:27,day,politics,71,0xdc03d611e5bcc9f1c87edb95edeb91671471804c,636.4370833711582,0.0,jocpolitic
2026-05-13 06:28:27,day,politics,72,0x7fdc0f0e0205aac4ee092e7ed6bd35add9451830,635.8292207894847,0.0,echovl
2026-05-13 06:28:27,day,politics,73,0xeec50edede5d961efb02e20bfd3275dd1e7fb6fe,633.4944936346874,9375.086663999999,Chims
2026-05-13 06:28:27,day,politics,74,0xf1d97c40d2a04d98ff55c7beb738c594d5b3e65f,623.9735391199974,0.0,rubadubdub
2026-05-13 06:28:27,day,politics,75,0x8afa03dd6974e44d00c4d14dcccb00c0ddf6adb6,604.7396434102848,16058.509137000001,stupid22
2026-05-13 06:28:27,day,politics,76,0x1c144e30f405a25f991cbd8baa15d40599090869,600.3345190449763,680.816412,bernardbulletin
2026-05-13 06:28:27,day,politics,77,0x436f969d99c90191fbc2c629e6b7a1b754402c7f,596.5233542809874,0.0,0x436f969D99c90191fBC2c629e6B7a1B754402c7F-1772236065502
2026-05-13 06:28:27,day,politics,78,0xae2f4fd68dd278526f308613e6fb6e3d6592db23,590.9989847399956,0.0,bathon
2026-05-13 06:28:27,day,politics,79,0xa938bd6071fed6384654b06ffa3e67d7a8d4bad0,586.5416586539995,0.0,asdgwezcasdq
2026-05-13 06:28:27,day,politics,80,0xc3c3b3ef304ddbea39fa2246e683a71da5d0eec8,585.4976977840997,65409.66698900001,comon119
2026-05-13 06:28:27,day,politics,81,0xdd9ed02bb67b2ec504be24b98febd651fdac49b3,579.7013712487242,8086.650000000001,Binotto
2026-05-13 06:28:27,day,politics,82,0x38e59b36aae31b164200d0cad7c3fe5e0ee795e7,552.7821955042873,5177.992726,cowcat
2026-05-13 06:28:27,day,politics,83,0xcf19c420814435ffb1c459588208ed23a7ee6402,549.8857169590119,49251.819994,PantheraUncia
2026-05-13 06:28:27,day,politics,84,0x5bb0de4e97698184ead80c80cb17a26cd6f6814b,537.6862617840379,0.0,bobe2.1
2026-05-13 06:28:27,day,politics,85,0x6ac7062e35ee83c752899225ccea45406c03aabb,536.385900294998,0.0,Tradman
2026-05-13 06:28:27,day,politics,86,0xb886580698ede4b18de3e446b2d8da8bcedd81b3,535.0874392756668,28292.406933000002,0xB886580698eDE4b18DE3E446b2D8Da8bCEdd81B3-1767532547794
2026-05-13 06:28:27,day,politics,87,0xf5b36225c327d7080babdd8df1a0e44835e14155,534.9244791160127,11059.253999999999,balck
2026-05-13 06:28:27,day,politics,88,0x7dcf235766e6b09c8869468a75d5495cf171a7bd,529.7162196392669,2391.4876710000003,godblessme2026
2026-05-13 06:28:27,day,politics,89,0xfa9e09f12e0ea83569ea92bbfcc2a7908d7bb529,529.365234543,19.17,0xFa9e09F12E0eA83569eA92bBFcC2a7908D7bB529-1772563870649
2026-05-13 06:28:27,day,politics,90,0x88e2b1b6c7847828fc91af43aba2fee07fb07489,528.9868856550165,2256.22,pakukudolphi
2026-05-13 06:28:27,day,politics,91,0x5fcd7afe1d2da7ced927348aa837b6ead132c2ac,509.999626204999,0.0,nogodcomplex
2026-05-13 06:28:27,day,politics,92,0xb9f11a71b90b030d91f9a37f7fa8d514ac97a6a0,498.8570509299999,0.0,0xB9F11A71b90b030D91F9a37F7fA8D514Ac97a6a0-1769192572771
2026-05-13 06:28:27,day,politics,93,0x2e617f2cb474acaba820030e4819fe92148519bd,481.9017349846705,432.51206,Javier777Milei
2026-05-13 06:28:27,day,politics,94,0x5a218c7ad04135830a45c41aaed7294df7809318,478.3684832128347,32363.95339899999,balthazar
2026-05-13 06:28:27,day,politics,95,0xc03ce4d8af842ca6251ac57228b3ffb166ed50af,477.87474599998677,6130.0,NyetRisk
2026-05-13 06:28:27,day,politics,96,0x6fcac84365abab055cf438754ed5a14c78f605bc,476.29247861000476,0.0,Thomas58
2026-05-13 06:28:27,day,politics,97,0x7809521c05ba2724429e2ce924399eecad0c196a,473.86510809599713,0.0,Antitrust002
2026-05-13 06:28:27,day,politics,98,0x30fcb065da3beb77c71767971f7550f4b1c5510d,466.704831784152,2274.532,0x30fcB065dA3BeB77c71767971f7550f4B1C5510D-1773792909230
2026-05-13 06:28:27,day,politics,99,0xdbade4c82fb72780a0db9a38f821d8671aba9c95,465.444078594679,0.0,SwissMiss
2026-05-13 06:28:27,day,politics,100,0x1c863073305557d7271f750d9ca5c71f435fd8d6,463.53350403999866,0.0,Blazzin16
2026-05-13 06:28:27,day,sports,1,0x492442eab586f242b53bda933fd5de859c8a3782,234014.12859944976,0.0,0x492442EaB586F242B53bDa933fD5dE859c8A3782-1766317541188
2026-05-13 06:28:27,day,sports,2,0x6a72f61820b26b1fe4d956e17b6dc2a1ea3033ee,169082.02555724047,80302.571927,kch123
2026-05-13 06:28:27,day,sports,3,0x9495425feeb0c250accb89275c97587011b19a27,151931.77947652875,438024.51671399997,LaBradfordSmith22
2026-05-13 06:28:27,day,sports,4,0xe7e1eb9e47ef36bc3e6cc28841c3ba81a8f3ec43,107139.14675843497,0.0,Lolol12345
2026-05-13 06:28:27,day,sports,5,0xd959b6925d3d3391a40c1a85dd3d8916ef16daf7,94310.2131335419,220271.69073199993,Borntorun
2026-05-13 06:28:27,day,sports,6,0x93abbc022ce98d6f45d4444b594791cc4b7a9723,79105.10359319742,0.0,gatorr
2026-05-13 06:28:27,day,sports,7,0x2663daca3cecf3767ca1c3b126002a8578a8ed1f,77815.16844010502,9677.23,Q96s3kwozynxpau
2026-05-13 06:28:27,day,sports,8,0xc33635224ac2755656a12071234ea7fdb2f002ab,61844.27592789322,240782.12108900002,gibdolla
2026-05-13 06:28:27,day,sports,9,0x5bec79df9add70a3892041ab1a5516b60f53b215,58119.53487854521,0.0,guongAI
2026-05-13 06:28:27,day,sports,10,0xd106952ebf30a3125affd8a23b6c1f30c35fc79c,53820.187616798095,3279.158644,Herdonia
2026-05-13 06:28:27,day,sports,11,0x19254b55e7c48e88baab9e62cc218223a6544654,49906.17146510276,0.0,drjpoll
2026-05-13 06:28:27,day,sports,12,0x21ecbb95a15822bbdd4ab71345385a6056d95348,48998.854994250636,110237.75868599999,0x21eCbb95a15822bBdD4Ab71345385a6056D95348-1763085902493
2026-05-13 06:28:27,day,sports,13,0xbd14b65383c15e0b0f64944ca000f9a2bc5dd62a,46421.142167781945,0.0,0xbd14b65383c15e0b0f64944ca000f9a2bc5dd62a
2026-05-13 06:28:27,day,sports,14,0x2a2c53bd278c04da9962fcf96490e17f3dfb9bc1,35251.62048485875,192197.9299,0x2a2C53bD278c04DA9962Fcf96490E17F3DfB9Bc1-1772479215461
2026-05-13 06:28:27,day,sports,15,0x5966db1fe50763c9e3c014d756369bad07e1f804,34400.71464929264,449294.826029,0x5966Db1fE50763C9e3C014d756369BAd07E1F804-1777648534241
2026-05-13 06:28:27,day,sports,16,0xde9f03151fb0a4b8cbcf6bbe24b73bf5856bb8f7,32991.73307944479,3000.0,sjqdhqsjgd65
2026-05-13 06:28:27,day,sports,17,0x3b5a307f9b679922a105fe9f55013b0d05babb9b,32987.006481199875,55323.826263999996,Gh0stTradez
2026-05-13 06:28:27,day,sports,18,0xc44f432b014f36679e13615f95996eac32bbd49f,32519.486918624985,71970.84,Zywoo123
2026-05-13 06:28:27,day,sports,19,0xabb89972b21b304c1bed2bf26f35c8741ac9bba3,32400.225464280462,130528.51,Feromont
2026-05-13 06:28:27,day,sports,20,0xf284ad6d607f777f34bc643cea587c33a886b9f9,29729.517057901114,197721.26536000002,strike123
2026-05-13 06:28:27,day,sports,21,0xbddf61af533ff524d27154e589d2d7a81510c684,29167.6719379609,374195.035014,Countryside
2026-05-13 06:28:27,day,sports,22,0xe30e74595517de48f1fb19f4553dd3d9f1e96b87,26230.0,0.0,0xE30E74595517de48f1FB19f4553dd3d9F1E96B87-1772612985000
2026-05-13 06:28:27,day,sports,23,0xfea31bc088000ff909be1dfd8d0e3f2c7ef2d227,25044.819662529277,60262.29265499998,newdogbeginning
2026-05-13 06:28:27,day,sports,24,0xeb8ed14f8b83fad23c2099c15352ba48b10d34ce,24300.019720620003,79999.778924,qqwwe23
2026-05-13 06:28:27,day,sports,25,0xd81e5bc01e4a98d0af93d82dc2c542a4c0f9e3d0,24152.984709594748,795547.7308499999,beet420
2026-05-13 06:28:27,day,sports,26,0xba389f76b0119aed07c53c9029852664bd97e406,23226.31431539153,20000.0,joblessfinalboss
2026-05-13 06:28:27,day,sports,27,0x29b52d98ac9ef9414b04164246c95bc63d74cc6c,22354.38146850151,47415.092188999995,loitterer
2026-05-13 06:28:27,day,sports,28,0x5b4ec9c06b284ee52c41a761974d836992880232,21746.365550000017,0.0,ramadamaramadam
2026-05-13 06:28:27,day,sports,29,0x0e1b30c63f6bac4fa1eacc7b852fa7e72e93ecaf,21112.788853569014,172457.14079499998,sjhfccha
2026-05-13 06:28:27,day,sports,30,0x709e8dcb133555794decc598e07f2c923b8366f5,19676.453447439708,0.0,0xd4aa6f8e91cfea29b66a48ebff52814
2026-05-13 06:28:27,day,sports,31,0x16bb9951a36fce71e2ef57890b786145e0ba8492,19238.57197606312,890.7284129999999,SDTrading
2026-05-13 06:28:27,day,sports,32,0x418d51e13d019913bb027db22ecc723fe1ad88a3,16434.001651939994,35451.661250000005,0x418D51e13d019913BB027DB22ECc723fe1AD88A3-1720918577961
2026-05-13 06:28:27,day,sports,33,0x4064f0122a3703e9159ca5dbd4bfeb7b980df741,16075.236615170186,0.0,qix7
2026-05-13 06:28:27,day,sports,34,0x27f738fe203827445690339104aae35b20bc44b0,16064.078170860128,2361.0,ic4cream
2026-05-13 06:28:27,day,sports,35,0x8e8ccd010d924673af70bc0191c4f49329da65dd,16062.18685407909,142506.16285000002,DogecoinMillionaire
2026-05-13 06:28:27,day,sports,36,0x38337de21ff0bb0a11a40761507d51e318d633d1,14992.92297645942,0.0,SineNooneEI
2026-05-13 06:28:27,day,sports,37,0x53515c8447275edfac486e6d70a6e3bf49c19b3c,13971.609551282287,0.0,Gambleguy123
2026-05-13 06:28:27,day,sports,38,0x6a32a31f2b28c31c016c6a222f2942240d8d0086,13791.088847165578,0.0,0x6A32A31F2B28c31c016C6A222f2942240d8D0086-1756820952447
2026-05-13 06:28:27,day,sports,39,0xf28e42d20e4826f2b10a24bc952001697947cab2,13741.780489118944,151468.790594,ethanaz
2026-05-13 06:28:27,day,sports,40,0xe7a2052a8b7c6b865e3eb3d16300a4db7432ae70,13703.992616978721,0.0,TheOneto3
2026-05-13 06:28:27,day,sports,41,0xc660ae71765d0d9eaf5fa8328c1c959841d2bd28,13217.245415883328,0.0,BoggsFromShawshank
2026-05-13 06:28:27,day,sports,42,0x558f2f82cf0394c28ce3c8e117ee747aeab51a56,12614.46666550258,50777.92999999999,LesterDiamond
2026-05-13 06:28:27,day,sports,43,0xbca08c1bc204a34f2fddbe47b438b9bd42ac9705,11785.633134295087,191148.79909000004,bananawoin
2026-05-13 06:28:27,day,sports,44,0xa38a455bbdd4b68486548b7e19da99903f4f821d,11711.508765557373,72201.57855099998,takeormake
2026-05-13 06:28:27,day,sports,45,0x1d1ade627d0bb0205758580b20d808573e720df6,11427.85994999943,10200.0,Pwaddler
2026-05-13 06:28:27,day,sports,46,0x2dc13c6bda81b202281e796953a7323de675b33c,11073.68192799999,18181.82,xifutloong3
2026-05-13 06:28:27,day,sports,47,0x2005d16a84ceefa912d4e380cd32e7ff827875ea,10563.053512573242,1094376.3655729997,RN1
2026-05-13 06:28:27,day,sports,48,0xc408cf3d54aedccbb5c604fc887a1a8a8d93c1ef,10285.873719999992,19629.53,GeorgeIII
2026-05-13 06:28:27,day,sports,49,0x1ff26f9f8a048d4f6fb2e4283f32f6ca64d2dbbd,9997.435413202504,28153.085305,cozyfnf
2026-05-13 06:28:27,day,sports,50,0xdfa63fd10f2a182997d2abeaa81ae45b2afb6c6c,9348.243572019997,0.0,Crassula
2026-05-13 06:28:27,day,sports,51,0xa2b5bafa01d0f81926a2a88e5628a95b59fc4582,9005.36651196354,23275.26833,BruceWayne77
2026-05-13 06:28:27,day,sports,52,0x9a4cf053d6788a095da9be5e811e73131f491f30,8874.999999999998,0.0,to100posbe
2026-05-13 06:28:27,day,sports,53,0x880b1fc5d3beb01c237f0848b249fd72b48fc98b,8657.97248649998,23174.800796,cruzNBA
2026-05-13 06:28:27,day,sports,54,0x49007e1e636d0e922d0122a02ea743e41d194a72,8527.789588838103,71977.208569,08AF
2026-05-13 06:28:27,day,sports,55,0x0e1d01759cfa75782134472a7af5963da9d50c53,8409.782418510484,0.0,PDJ88
2026-05-13 06:28:27,day,sports,56,0x43372356634781eea88d61bbdd7824cdce958882,8397.349655785772,46490.150567000004,Anjun
2026-05-13 06:28:27,day,sports,57,0xe8d78397160e13edc306a63b1d88c9c1f3dd1252,8294.626123333343,102172.69519400001,coinlaundry
2026-05-13 06:28:27,day,sports,58,0xe5047b7b7eb66eafdc80540048c31227f641600e,8286.24035492664,26579.307108999998,050005000500
2026-05-13 06:28:27,day,sports,59,0xaca23974e2b8131efbafaa1fe03ea9595ea0b9a1,8231.117029390778,49980.212672,ellio8989
2026-05-13 06:28:27,day,sports,60,0xe405483ff60ab58ce973479d3317045549fec67e,8188.928527754411,20506.684165000002,BliPloPah
2026-05-13 06:28:27,day,sports,61,0x033f0346c007323030eb420305ffede19a95618e,7988.850502996589,1621.98,TheVeryGoodCow
2026-05-13 06:28:27,day,sports,62,0xfed8ff0b541ce9a66d632aedebe81bdd1b2c4388,7689.1544313600025,0.0,JudgeLance
2026-05-13 06:28:27,day,sports,63,0x38f0b76ed812c24166a4f6293f991ac4b9972768,7667.8646931610565,0.0,initial77a
2026-05-13 06:28:27,day,sports,64,0xdd9d902e3cdaf7ee29eff1dd2902dcb40741b730,7464.8703617322535,12690.711477999997,0xDd9D902e3Cdaf7eE29Eff1Dd2902DcB40741b730-1772597907584
2026-05-13 06:28:27,day,sports,65,0x1ef5bc81296d559ad76c9c03efaab7be1323dc05,7364.222650941185,33261.355114,0x1ef5bc81296d559ad76c9c03efaab7be1323dc05
2026-05-13 06:28:27,day,sports,66,0x7760fe4dcb17c09161adb2eb8d29f39e382e21f0,7139.705445560555,0.0,cumulus33
2026-05-13 06:28:27,day,sports,67,0x4ef2bf7e1529e6bbad6e4a8f257e0b3fc7dcccfb,7075.3924259999385,109589.76000000001,0x4ef2bf7e1529e6bbad6e4a8f257e0b3fc7dcccfb
2026-05-13 06:28:27,day,sports,68,0x4b59e178095b9bb5ba97598244f2ca8b02fc3aa6,6749.468647194968,0.0,humbleboy
2026-05-13 06:28:27,day,sports,69,0xa252a7efd9572128117c869fa4f064bed37edbf4,6698.624117589998,0.0,msm299
2026-05-13 06:28:27,day,sports,70,0xe16e9895cf292c6955f882edc7e1f1cda426c3c7,6649.1540905899965,2558.0,chickenteriyakiboy
2026-05-13 06:28:27,day,sports,71,0x0eb75bf6f54794a83bd26095811f30b530161f17,6509.368926496361,57863.690006000004,theeere206
2026-05-13 06:28:27,day,sports,72,0x5d1d9cfd66ee3068c2a8a57dedf1e1b006dcafd2,6475.684915994614,72947.90487799999,0x5d1d9cfd66ee3068c2a8a57dedf1e1b006dcafd2
2026-05-13 06:28:27,day,sports,73,0xfe9455e2cad5257b26547af62cbbfd75c8968a3d,6014.474776182804,559504.896202,lovedudley
2026-05-13 06:28:27,day,sports,74,0x183f8b17cfb09c9115d068b2da3033b54f4c85e3,5827.411994760012,0.0,BetsAusmAudimax
2026-05-13 06:28:27,day,sports,75,0x1117eade222413335b7ec959e5b48c1d3dbc3532,5773.999436105834,70036.203974,benwyatt
2026-05-13 06:28:27,day,sports,76,0xda3a9b7afff7b44ad4fd75308723194e0a11381f,5714.361310413893,130.904135,Gooooooollllllllll
2026-05-13 06:28:27,day,sports,77,0xe0dbdb7f005f233f4510e4ef7e53a2f76a8df44e,5670.00017049001,0.0,lug
2026-05-13 06:28:27,day,sports,78,0x3c3ff2c7c85278fd53ef0bd6bed3bfc9ff2e75cf,5655.756754121387,4668.387208,TimmyTurner123
2026-05-13 06:28:27,day,sports,79,0x6d3c5bd13984b2de47c3a88ddc455309aab3d294,5575.097200610471,155982.612166,VeryLucky888
2026-05-13 06:28:27,day,sports,80,0x6165eea4a70294502eaafe6a6abdcfae35c8db3c,5512.820511774393,0.0,0x6165EEa4a70294502EAafe6A6abdCFAE35c8Db3c-1763787021961
2026-05-13 06:28:27,day,sports,81,0x62390f3a385354165fb2b459f245a55253bd1d79,5469.775439875097,41638.427413000005,thisnotfortheradio
2026-05-13 06:28:27,day,sports,82,0xc49fe658479db29e1a2fefebf0735f657dca9e05,5364.99998482503,0.0,DogInSuit
2026-05-13 06:28:27,day,sports,83,0x8c0b024c17831a0dde038547b7e791ae6a0d7aa5,5222.420437643072,110874.804228,ALWAYSIMPROVE
2026-05-13 06:28:27,day,sports,84,0x575a227b3d9369b06a4aeffb3ab820b407f3bba6,5183.759645340004,0.0,qqq89
2026-05-13 06:28:27,day,sports,85,0xd1001f4ef07ee37774934a8bc0083185ef6b853d,5089.865194153128,5657.669598,0xd1001f4ef07ee37774934a8bc0083185ef6b853d
2026-05-13 06:28:27,day,sports,86,0x5257aa84944804bbb0c718814ebebeeafaca3e2a,5052.341761480027,0.0,NO-GOD-PLEASE-NO
2026-05-13 06:28:27,day,sports,87,0x762ee19681f0482dfe3e44ca42e9a26b34564bf0,5005.239033774502,9828.236413999999,metski29
2026-05-13 06:28:27,day,sports,88,0x230287e270f04ba48df3162c5f7de6bdb8a0d6d2,4972.979634185787,364.74931100000003,pilotguy
2026-05-13 06:28:27,day,sports,89,0x47f80d27eb78d92f1fe1932d971f299553dd6699,4847.564149999998,0.0,ebbaz
2026-05-13 06:28:27,day,sports,90,0xef2684030d14a67c2a30a3e4fc00eed7a99505ba,4788.851872727893,43734.788128,eyesneverlie
2026-05-13 06:28:27,day,sports,91,0x4eefdace58cb68839530ff98ec567c7fc41d3fcb,4765.907166239915,79.403842,COLBY451
2026-05-13 06:28:27,day,sports,92,0x3c2308acafd1df24b763a6c1445de58b9aafed23,4621.5820688799995,9648.39,Evi33
2026-05-13 06:28:27,day,sports,93,0x8f3c569792ebe53e2fb7b09464896afd33bb2f57,4530.188678329987,0.0,romanh31
2026-05-13 06:28:27,day,sports,94,0xd218e474776403a330142299f7796e8ba32eb5c9,4442.309509369283,59700.561775,cigarettes
2026-05-13 06:28:27,day,sports,95,0xa2cced8bfae7d645f7f437fb76becf2fcbb70cbc,4415.8713853500085,0.0,justwins
2026-05-13 06:28:27,day,sports,96,0x10e053554b8ee1ccc538f567ba4ab3756f25c736,4318.613045620828,7062.226732,bigmac999
2026-05-13 06:28:27,day,sports,97,0x45d5d8145d37ba26277ad6c442bf58cc6607a7a0,4284.622673220106,17026.08646,BDBTC888
2026-05-13 06:28:27,day,sports,98,0x2eed9db77bc86b46e2b8bfc2b4a60d87ec9e85a9,4274.684999999996,5216.5,Izreeaal
2026-05-13 06:28:27,day,sports,99,0xa7425edf5a69203b08b24c7ccd74f8642a3868c5,4162.416199999989,0.0,xxyy10086
2026-05-13 06:28:27,day,sports,100,0x24129e30ce3706a5362415d927518b8ef97255a2,4146.3897525072525,23880.22012,ZN1
2026-05-13 06:28:27,day,crypto,1,0xeaca59cb5e10e0be128b005a0f84465d2ed80729,35749.99999999825,0.0,lil25689
2026-05-13 06:28:27,day,crypto,2,0x3f3937fe8dd576266be6a4a2469af794a253a73d,32447.446990176824,333.13563500000004,Hehaj648jeh
2026-05-13 06:28:27,day,crypto,3,0x14026373da58fabe45e2bf73a915a5d4b3a6e35b,21158.568844999998,683.54,0x14026373da58fabe45e2bf73a915a5d4b3a6e35b
2026-05-13 06:28:27,day,crypto,4,0x780cdebc22dd4d3cfadd3882d71c216d544b3b11,16640.697749918283,190670.83913899996,jhwjknmmql
2026-05-13 06:28:27,day,crypto,5,0x7cecad9ebf718ef99aa5c35713c9dd94a8b5f71c,15685.00000000001,0.0,AmineLamuadni
2026-05-13 06:28:27,day,crypto,6,0x911a399a1a5bedc602de56bfbadeb3930a7b2278,13250.0,0.0,0x911a399a1A5beDC602de56bfbADeB3930a7b2278-1774351163772
2026-05-13 06:28:27,day,crypto,7,0x7dfc8aa22f2d4d6f9cbf55cf86682a4d2477f54e,10492.041799481696,177260.38632400002,CramSchoolClub01
2026-05-13 06:28:27,day,crypto,8,0x1465b79bff7992bc703e1aafb3683b1089647072,6489.55357706052,0.0,JaneStTraderBonusFund
2026-05-13 06:28:27,day,crypto,9,0xb3232cf73dff177df9ce70818276b90d3c4427df,6269.156130920011,0.0,thelastrabbit
2026-05-13 06:28:27,day,crypto,10,0xdc26d7776929e9c84a3d9651e13260dece6f7e7d,5627.895731685028,0.0,ozpreezy
2026-05-13 06:28:27,day,crypto,11,0xbed01ae4caf3e55c39b22faacbd2920e496d0843,5063.055,0.0,Ghewu
2026-05-13 06:28:27,day,crypto,12,0xb55fa1296e6ec55d0ce53d93b9237389f11764d4,4722.01615987008,216569.25503,0xb55fa1296E6ec55D0cE53d93B9237389f11764d4-1777575277609
2026-05-13 06:28:27,day,crypto,13,0xd167e2fed2d2c0f152abb963506d05a48d8426af,4647.8479,1300.0,0xd167e2fed2d2c0f152abb963506d05a48d8426af
2026-05-13 06:28:27,day,crypto,14,0x674887d1ac838099a48b629dff53f25b7b87ee08,4572.47376281154,20078.644621,nj23adsknml3
2026-05-13 06:28:27,day,crypto,15,0xe9c6312464b52aa3eff13d822b003282075995c9,3994.0603305622935,21613.905383000005,kingofcoinflips
2026-05-13 06:28:27,day,crypto,16,0x2a0ebb3a39a0109433d7140fd959545c3cd7a6fc,3673.8854924000007,0.0,Goliath-Online
2026-05-13 06:28:27,day,crypto,17,0x7ab480c23d8a0d5a6e95c2b10a5b82bf55aa716b,3279.24948419501,0.0,glueeater
2026-05-13 06:28:27,day,crypto,18,0x430fc12ac13646b962c98dd73e159488812f5947,3106.7151209799995,0.0,5245242
2026-05-13 06:28:27,day,crypto,19,0x6e1d5040d0ac73709b0621f620d2a60b80d2d0fa,2973.147131625563,118297.020379,0x6E1d5040d0ac73709B0621F620d2a60b80d2D0F
2026-05-13 06:28:27,day,crypto,20,0x9d3e4fb265800f911de2026ed4a0ebddce36eec6,2953.0619726400037,0.0,hild
2026-05-13 06:28:27,day,crypto,21,0x861f4149171db053c73382c40d2c7e5408fd177d,2787.1652453299976,0.0,D7422D98eA0d5b6Dd942a8eEd1d2a61945bFd0
2026-05-13 06:28:27,day,crypto,22,0x073a1caba3c22e9e361ceae83aaa5405706f91e7,2717.4967373700056,0.0,Mantronix
2026-05-13 06:28:27,day,crypto,23,0xee4ecafc71c980417249e1a3b32f23248fc9e2cc,2669.7956779999986,5476.650000000001,ddssaaas6
2026-05-13 06:28:27,day,crypto,24,0xa6d9b55a6a3a54a9d50ca94c64f00af69c50fd2f,2552.031592863117,1499.99,kinderSman
2026-05-13 06:28:27,day,crypto,25,0x5652090d21c85a9d1ca5b6a41fe07f3099fb00c9,2418.116625804996,0.0,AlphaBetaGamma2357
2026-05-13 06:28:27,day,crypto,26,0x89b5cdaaa4866c1e738406712012a630b4078beb,2361.205511232489,68971.84309400001,ohanism
2026-05-13 06:28:27,day,crypto,27,0x825a96fbae9189ea41bb2aa70e7572970f408835,2355.8863810200037,0.0,noman2026
2026-05-13 06:28:27,day,crypto,28,0xa0c37cb0587b0dd1542f794bcfa345762bba5b9a,2248.3281133615747,24229.939228,kukubaja
2026-05-13 06:28:27,day,crypto,29,0xc9dc6c12e2e736396f63e1d4ff9ba6834e3f631e,2142.164003245005,0.0,armandonakamoto
2026-05-13 06:28:27,day,crypto,30,0xea910f1a5e7dbdc1548603216db821909824bea2,2106.5323829499985,10673.002804,yes-yes-no
2026-05-13 06:28:27,day,crypto,31,0xeebde7a0e019a63e6b476eb425505b7b3e6eba30,1966.2656194096198,379538.135138,Bonereaper
2026-05-13 06:28:27,day,crypto,32,0xf2f6af4f27ec2dcf4072095ab804016e14cd5817,1825.3049159101502,0.0,gopfan2
2026-05-13 06:28:27,day,crypto,33,0xce25e214d5cfe4f459cf67f08df581885aae7fdc,1797.2788837207627,105711.92711700001,0xcE25E214D5cfE4f459cf67F08DF581885AAE7Fdc-1777575398144
2026-05-13 06:28:27,day,crypto,34,0x8b14a322db0e518ed3e3fbe69f65690f3787d0b1,1726.4836228950007,0.0,gengis111
2026-05-13 06:28:27,day,crypto,35,0xc5d521074e88279556836998fb2a5d2e2c1c6caa,1657.8088730548188,147225.784201,M4444
2026-05-13 06:28:27,day,crypto,36,0xcfb103c37c0234f524c632d964ed31f117b5f694,1657.1281346898322,156385.2,xuanxuan008
2026-05-13 06:28:27,day,crypto,37,0xa0da9371a4aa5f2ece33eda9b6f47b656bad1f80,1554.259895580003,0.0,0xA0da9371A4Aa5f2eCE33eDa9B6f47b656bAd1F80-1777002339626
2026-05-13 06:28:27,day,crypto,38,0x3a8aa345d5db7ec5138298c8c4f4540259be7699,1464.5868403500117,0.0,TheReturnOfDarthMaul
2026-05-13 06:28:27,day,crypto,39,0x9412cdfc1e3171e1aabb013d0f494986445d0cd0,1437.6637803167832,105826.251859,gansinimen
2026-05-13 06:28:27,day,crypto,40,0xd189664c5308903476f9f079820431e4fd7d06f4,1434.1996209995123,47905.987865,rwo
2026-05-13 06:28:27,day,crypto,41,0x1e50e95700d59375be10cda4db16f87a80302473,1427.0435689999886,3389.5403180000003,ZCu005
2026-05-13 06:28:27,day,crypto,42,0x20d2309cd92b797ae7ca175ed828ed8a27fbe29d,1414.9201094556774,47634.12616699998,0x20d2309cd92b797ae7ca175ed828ed8a27fbe29d
2026-05-13 06:28:27,day,crypto,43,0xa7011667f22c121c6cea7aab30192307c58c47cd,1414.226561545016,0.0,BadTattoo
2026-05-13 06:28:27,day,crypto,44,0x927f7694de44d19a72bce76254e628d1c141d215,1384.3248550118587,32539.709081000005,baloneigh
2026-05-13 06:28:27,day,crypto,45,0x2d70d17da20f1305a36c33ed00b4b071bd9f5b05,1350.0000000000073,0.0,FC111888
2026-05-13 06:28:27,day,crypto,46,0x967d65cd7bb062edc46cbb153670090e6d4e0c38,1248.2630162620542,8057.94447,rsozen
2026-05-13 06:28:27,day,crypto,47,0x9def9524630e31ff90f884eed32c3eecfbf8d1a5,1227.6411493949927,0.0,pbshine
2026-05-13 06:28:27,day,crypto,48,0x424eb20fcd25113e3b98f42522a54580350b263b,1191.9023382123269,51833.92268599999,0x424eb20Fcd25113e3b98f42522A54580350b263b-1774330621025
2026-05-13 06:28:27,day,crypto,49,0xda5b51c5342f3f036c8d928be667a2f425598cce,1183.2316808800024,0.0,0xda5b51c5342f3f036c8d928be667a2f425598cce
2026-05-13 06:28:27,day,crypto,50,0x7aecc2908553ea90de639b5ba2ab72662e1cb487,1143.5182236799992,0.0,Solnishkoo
2026-05-13 06:28:27,day,crypto,51,0x1575418020755c5c07e75dbd912eae36f62ccc76,1135.9910041650037,12449.121441999998,123YGDFG
2026-05-13 06:28:27,day,crypto,52,0x63adda169ca8f3311b361e3e7dc1a98fa882c072,1128.9335600000268,22614.113654999997,0x63ADda169cA8F3311b361E3E7dc1a98FA882C072-1774822849424
2026-05-13 06:28:27,day,crypto,53,0xc278143b0a9a06d236936bc742e516de13472d19,1114.230562875,0.0,ethhte
2026-05-13 06:28:27,day,crypto,54,0xb63e29ddf6c38838ffab62189818ba0c1533f80c,1108.941038,2525.662941,iddk
2026-05-13 06:28:27,day,crypto,55,0xa6896d11f76dfa2820662c1f441496f51553559b,1072.1430367152643,30107.749060000006,0xa6896d11f76dfa2820662c1f441496f51553559
2026-05-13 06:28:27,day,crypto,56,0x3f7db5688d3779417287e82ed47a6f716fcd7314,1060.9850666081638,8401.794423,JadeyPaul
2026-05-13 06:28:27,day,crypto,57,0x08ddd3747e7abc6b5d41fd5863c898d2840fced4,1058.7775129284307,21324.657699999992,buldogg
2026-05-13 06:28:27,day,crypto,58,0x7cde9cc2fc1ff9556b5167aaaa6fc5b3ce0ab97d,1053.7766586000034,0.0,allen114
2026-05-13 06:28:27,day,crypto,59,0xba016b05c84c9f073e5c9059d247d37cea4b8535,1043.5151882679347,51473.236175000005,shy-blue-rock
2026-05-13 06:28:27,day,crypto,60,0x460563d4d4f01f2ac5fb20da1b12af6f9321b773,1024.8891444984329,12382.748847,0x460563D4d4F01F2ac5Fb20da1b12AF6f9321b773-1774926494800
2026-05-13 06:28:27,day,crypto,61,0xba0d049aa32383efdcb1b5e6535dcd984c369a6e,1014.7603675279958,0.0,fleeth
2026-05-13 06:28:27,day,crypto,62,0x4228048ea2f8f571ff2777cc32baee584c5134cb,1012.8826454410755,16812.075109999998,trinity42
2026-05-13 06:28:27,day,crypto,63,0x2d8553bfc7dfdea6a87aec0d2c0c7d53ca18c543,1010.7240409599981,0.0,ToldYouSo10
2026-05-13 06:28:27,day,crypto,64,0x23d01f0a0fc16ae248a905345edd675cffbc8108,1007.5979422199998,0.0,X10DED
2026-05-13 06:28:27,day,crypto,65,0xfb1c3c1ab4fb2d0cbcbb9538c8d4d357dd95963e,980.8312165514799,10446.687518,0xfb1c3c1ab4fb2d0cbcbb9538c8d4d357dd95963e
2026-05-13 06:28:27,day,crypto,66,0x80cd8310aa624521e9e1b2b53b568cafb0ef0273,979.29505263397,2684.7214830000003,HaileyWelch
2026-05-13 06:28:27,day,crypto,67,0x4f7da00c31973ee38fbd42c1c1262ccb98413db0,971.8563473499999,0.0,ADAto10
2026-05-13 06:28:27,day,crypto,68,0x9d4b905c57f466005ef13ac04693c4653030b8e6,971.3387999999995,0.0,0x9D4B905C57f466005eF13Ac04693C4653030b8E6-1765728896620
2026-05-13 06:28:27,day,crypto,69,0xb623ca89bc6e19f24a0e2d5d6013d0db4a034203,966.4150994999945,0.0,viberefllex
2026-05-13 06:28:27,day,crypto,70,0xc547326c577e21102f85e36b06cdb70d05e87b30,942.9180845050032,23796.383082999997,0x33d33
2026-05-13 06:28:27,day,crypto,71,0xe1b361d6a6f237b9ed7534d19b232df8369e1426,922.5387160100036,0.0,tja
2026-05-13 06:28:27,day,crypto,72,0xfdc072df1e4c7d91334cf622d0520d51aef5e6a1,910.7390119999982,0.0,0xfdc072df1e4c7d91334cf622d0520d51aef5e6a
2026-05-13 06:28:27,day,crypto,73,0x801dbe416065cfa8ecffeae526eeb37f393fd8e0,906.9972804700042,0.0,Niseko
2026-05-13 06:28:27,day,crypto,74,0xd47cf8a42917e91504a50da5dcee3347da373f0e,899.8570302237385,14926.029610000001,nobebot2
2026-05-13 06:28:27,day,crypto,75,0xa66b545963196ced48ae155548ed69e81be58682,899.0407964878726,4782.125478,xlao
2026-05-13 06:28:27,day,crypto,76,0x66d75f659e20e1b1894e52e3c6ad52c9a51d5b7b,868.9948410649995,0.0,WCBT
2026-05-13 06:28:27,day,crypto,77,0xfcbecc7e5186e88e03445b81f593685d62828f44,841.1936645907554,2418.631839,ascetic0x
2026-05-13 06:28:27,day,crypto,78,0x074929877dc305333ca363270c78b94a2e616de9,833.0638230600003,0.0,namarian999
2026-05-13 06:28:27,day,crypto,79,0xaf2830f2dd4dfa32e3dffac60531bb4ba5147f92,828.4562283299997,2805.33,infolitio
2026-05-13 06:28:27,day,crypto,80,0x104a3f6e99cd5c8f71be63809ad2c3bb04b95b05,827.1194091420912,0.0,kederrac
2026-05-13 06:28:27,day,crypto,81,0x75cc3b63a2f2423085e10706c78b494017b93ce1,824.9438232319953,51318.965714000005,0x75cc3b63a2f2423085e10706c78b494017b93ce1
2026-05-13 06:28:27,day,crypto,82,0x7457e87a1b0970bdbc3b024cfe48bf6d9f704fc4,810.0000000000003,0.0,yan.z
2026-05-13 06:28:27,day,crypto,83,0xbc1f5a7f8a5330dcd9ab1ce4b9da23bc33f37631,809.2862486677659,1495.322306,0xBc1f5a7F8A5330dcD9Ab1ce4b9dA23bc33F37631-1767411670965
2026-05-13 06:28:27,day,crypto,84,0x7e5d2991c2647de2348287e2f499329fc6a6c4c3,809.2815633430146,22096.453976,aswfadq1555
2026-05-13 06:28:27,day,crypto,85,0x12c2782b74d3b2a051b55be2e5167970ace01381,799.522693329405,57772.671492999994,gta6wen
2026-05-13 06:28:27,day,crypto,86,0x3375550a4d4c4b68d5b2de7fe9d02a352455a69c,782.2306469644939,72744.00393300001,bitcoinlight
2026-05-13 06:28:27,day,crypto,87,0xa64167170ecbd83131a340f9dd792d0aaf86740c,777.5445276900009,0.0,0xA64167170EcBD83131a340f9DD792d0AaF86740c-1738687546855
2026-05-13 06:28:27,day,crypto,88,0x600bf7de3529c6abb7f3a3394730d9865aa0c7e0,767.3580602037771,8114.105795,0x600bf7de3529c6abb7f3a3394730d9865aa0c7e0
2026-05-13 06:28:27,day,crypto,89,0x101888282092fb5be3764b1c615200b2f14a23fe,755.647265675434,34133.158708999996,OhioOhio
2026-05-13 06:28:27,day,crypto,90,0xde6e66428241027be8762c0733ff8f13f6e9da84,754.9347546999124,5612.4008810000005,0x8A160
2026-05-13 06:28:27,day,crypto,91,0xd9ea82869a17448c51b3712dd9ee0079b36522aa,753.3641929924706,8523.990554,GoingDown
2026-05-13 06:28:27,day,crypto,92,0x94118afebda1d20c056fabcb0f530890807563c7,749.9997643749957,0.0,not-gOaTbAnKeR
2026-05-13 06:28:27,day,crypto,93,0xa64d76d112e7b47e5ca3f8fbc5485ae41a91cad1,740.9290275799913,11322.359937,vedaresearch.eth
2026-05-13 06:28:27,day,crypto,94,0xe32f0d8b087faa6cce0f6fdacb3264dece06ce26,739.6685143690438,25371.67,0xE32F0D8B087FAa6cCe0f6FDacB3264dECE06cE26-1778504157215
2026-05-13 06:28:27,day,crypto,95,0x0340fcffce4d0d00670212d44f364535e6e56907,737.9433375200009,0.0,0x0340FcFfce4d0d00670212d44F364535E6E56907-1764744261318
2026-05-13 06:28:27,day,crypto,96,0xc632d5cc48a4b3c10b5c195cfdaf53c5206bb5df,729.2399999999998,0.0,westernsahara
2026-05-13 06:28:27,day,crypto,97,0xbf337426aa856996b8bb79b238345dd1a0276bf7,725.9795294506175,55214.66315899999,nagi777
2026-05-13 06:28:27,day,crypto,98,0xa40a970102c23322a0f5e28332a58c89dcf3fa62,724.2647811900097,0.0,BTCmaxi
2026-05-13 06:28:27,day,crypto,99,0x0f969b60d904c21cd632361523fdf9ce1bd106ce,724.139281655173,1499.3090459999999,0xjsutin
2026-05-13 06:28:27,day,crypto,100,0xe6534dd9d60cafcd8ac78091fbb883927b1d4594,723.2971711821883,487.4578000000001,johnlarx
2026-05-13 06:28:27,day,finance,1,0x72a0d79b4325638bc2bcfc9a2b8a380c2d81c059,4509.724342531394,74587.79889300001,0x72a0d79b4325638bc2bcfc9a2b8a380c2d81c059
2026-05-13 06:28:27,day,finance,2,0xe8dd7741ccb12350957ec71e9ee332e0d1e6ec86,3729.5808913822984,0.0,influenz.eth
2026-05-13 06:28:27,day,finance,3,0xe734e7bf7cfb9e464681f71822f6c2f6be514f0c,3437.8635646926705,27323.578297999997,boyau
2026-05-13 06:28:27,day,finance,4,0x7277ac5c4c24771d8ed0bcd75816e93800b1ab80,3366.4530657149735,0.0,Xuxito
2026-05-13 06:28:27,day,finance,5,0x38d812aff0b79f3bf5da2a477f780bcc163eea7c,3176.0100052940543,2395.5283959999997,0x38D812aFF0B79f3bF5Da2a477F780Bcc163EeA7c-1721165130207
2026-05-13 06:28:27,day,finance,6,0x40471b34671887546013ceb58740625c2efe7293,2951.613445382498,0.0,esports095
2026-05-13 06:28:27,day,finance,7,0x40604cb1f958c03bea0b18aa43e4cb0d62f33ec3,2747.486975099986,25808.269999999997,C03B
2026-05-13 06:28:27,day,finance,8,0xa80e3fe5e7a445fa047fe6de1e27f9a15217b94b,1583.5867721359828,0.0,bin8888
2026-05-13 06:28:27,day,finance,9,0xe613b515bd46b1585a8b137a4d291d9b80bd540e,1436.9708912376007,504.50563200000005,Gucky-Gu45
2026-05-13 06:28:27,day,finance,10,0x448861155279dbf833d041b963e3ac854599e319,979.7766893530418,34682.0,Flipadelphia
2026-05-13 06:28:27,day,finance,11,0x882a5afa5cc685a5908dad6bc7c7ee600035f2b3,960.0403071040023,0.0,waveNemo
2026-05-13 06:28:27,day,finance,12,0xa540e7ff75ef4bf7ebc6c793cbabe87cee970b43,936.3419987936504,16482.812398,pennedreadful
2026-05-13 06:28:27,day,finance,13,0xb0d90ef1959ff0c736bc1288103a3ccd1c75a88d,814.809205399999,14154.22,0xb0d90ef1959fF0c736bC1288103A3CcD1C75A88D-1762256086008
2026-05-13 06:28:27,day,finance,14,0x6adcccb0ea0b93a66e67f0d7b2b625b135a8beba,806.9886000000115,0.0,pikachusplace
2026-05-13 06:28:27,day,finance,15,0x969fae0a3a93778adc42178f72c612ed8c4e4d55,776.7127421615587,0.0,superstonksbro
2026-05-13 06:28:27,day,finance,16,0xaaddfa107f870155547ed77d11b540b70dc2d3f1,610.2349015699983,0.0,yxj425
2026-05-13 06:28:27,day,finance,17,0xeadf5963682dd237184f484da138ce74bfec26ef,599.3145228500016,0.0,0xEaDF5963682Dd237184F484DA138ce74bFeC26eF-1768801372213
2026-05-13 06:28:27,day,finance,18,0xfb593511b24df1edff63c35de81c72d5733683f9,583.8423158319947,495.35,0xFB593511b24DF1EdfF63c35de81C72d5733683f9-1772989578742
2026-05-13 06:28:27,day,finance,19,0x877f1c1c517421d0d66c1f544f02a86aab497acb,574.9999999999998,2000.0,upasna
2026-05-13 06:28:27,day,finance,20,0xac9b386454ed02ef205e0ebd189d8864fd02d4c5,572.2203406189999,0.0,tryingmyluckhere
2026-05-13 06:28:27,day,finance,21,0xbc01b399d8cfdb39e7d2c2b51193b5d66ebbd914,532.9713004649996,0.0,Program76
2026-05-13 06:28:27,day,finance,22,0x9c9ad74b04c7de5bf3030754e5b1cec7ad02553b,527.0062172565104,0.0,IN.PM
2026-05-13 06:28:27,day,finance,23,0x4d3e6f882536f5bde89d20a64e2198b1c1e8783b,516.5871296061123,1000.0,bitcoinmafia
2026-05-13 06:28:27,day,finance,24,0xd49b42bce7ea10bac53e2901c188cae20ea4bdf9,503.2605263592304,4818.758168000001,i18z
2026-05-13 06:28:27,day,finance,25,0x0a7ed19909e9b4c6cd0fc1d59c1d481415a1fce4,500.78236479,0.0,LEONIDOVITCH1983
2026-05-13 06:28:27,day,finance,26,0x17559efac103ac7f361be37ec0b93888d4c55aac,477.79532162548276,0.0,CamelUp
2026-05-13 06:28:27,day,finance,27,0x22e4248bdb066f65c9f11cd66cdd3719a28eef1c,441.24799457499466,0.0,ProfessionalPunter
2026-05-13 06:28:27,day,finance,28,0x844ef6cdd0a4d691b7a81429ee550f025aa64f41,428.73003818000143,0.0,flyfat88
2026-05-13 06:28:27,day,finance,29,0xd640bffba986c2de1a512c0e25a3e37805cd480c,428.22384904049994,0.0,0xd640bffba986c2de1a512c0e25a3e37805cd480c
2026-05-13 06:28:27,day,finance,30,0x204b4cdc0bc88253c67abc858514ad2864666a5c,427.60756398933603,2781.030554,Telluxion
2026-05-13 06:28:27,day,finance,31,0x62eaf8c1523f6f07596b1a389dab09a4c151b955,411.36297557499984,0.0,PricklyPineapple33
2026-05-13 06:28:27,day,finance,32,0x1cd24cc49782240413903b4b7e7694779f917f85,410.6666765950067,0.0,bitterfish
2026-05-13 06:28:27,day,finance,33,0xbfb3b7bd96f923fc22ecc8fb416d4dc5d3b24b43,398.9063334190014,0.0,borchi
2026-05-13 06:28:27,day,finance,34,0xcaf1946d13a1a7967f5d3c76780d012e56b09ad1,389.97425549211766,992.52818,0xcAF1946d13A1A7967f5d3c76780D012E56b09ad1-1775146417402
2026-05-13 06:28:27,day,finance,35,0x34b017fb6d3bfd4ec337d459666ee612b6a9d620,366.9427820796609,1457.830407,mikecoin1
2026-05-13 06:28:27,day,finance,36,0xd01f16ed5775fb5c9b00399771d2e28a30b6ce7a,358.892448641227,2240.93491,greedymartin
2026-05-13 06:28:27,day,finance,37,0xa5eefb72921b7649125b668c70c0ca83ba42925c,356.5833315,0.0,lumnwiptee
2026-05-13 06:28:27,day,finance,38,0x2e4d05beafd81a6e85bc0c6a94820d61ef34f703,355.62169820649433,0.0,woshiLimpeh
2026-05-13 06:28:27,day,finance,39,0x62f6e32528e89b97dceab36b43b7821283696300,352.8627707300002,177.39,Lk7600
2026-05-13 06:28:27,day,finance,40,0x2dfea406909e8820581f7314a39f15fabdaa0a5e,346.51815967100265,0.0,Bgf56
2026-05-13 06:28:27,day,finance,41,0xdefbddc11c11cb1f540aee7e9def3e671456bd88,344.7744261774601,98.63754,0xDeFbDDc11C11Cb1f540AeE7E9DEF3e671456bD88-1767459653670
2026-05-13 06:28:27,day,finance,42,0x81bc49f79b37806767dccc632f0cd5497d98fb58,319.9635185575005,0.0,spongebob
2026-05-13 06:28:27,day,finance,43,0xba69844f302c14913f767879a1f185a4940c79ee,314.52279425999984,0.0,woowee
2026-05-13 06:28:27,day,finance,44,0x20849f2a6ba050aff96ff0d8bc704cb9edac2175,299.13497222,0.0,Randy11
2026-05-13 06:28:27,day,finance,45,0x8d80af60e7a38cdb34ae7cf231a49c24b4b9f0d9,298.6741981309999,0.0,jturuldl
2026-05-13 06:28:27,day,finance,46,0x6560abb717a8e5f3afaacd1a31e9c03eed71e164,293.9561609804723,4257.9972,1walrus
2026-05-13 06:28:27,day,finance,47,0x9753165f6fd3901aefc5c78de58cc6c98ed19d8f,291.23929971460007,4720.776304,dipsy
2026-05-13 06:28:27,day,finance,48,0x1b549ce3385c59ca7c77ecf300bf54a921d32ada,265.7152834970004,0.0,tothemarsandbeyond
2026-05-13 06:28:27,day,finance,49,0x370b4688d0ba1ed97df2f6a484316ecf40eee352,245.669455036428,3230.264684,0x370b4688D0BA1ed97DF2f6a484316Ecf40EeE352-1776578329532
2026-05-13 06:28:27,day,finance,50,0x657bbe664d7b565baf4a4d6aff19e4cac14e3992,241.62485260000176,0.0,doe.john
2026-05-13 06:28:27,day,finance,51,0x97cd4f046a34bb39dd0c5e7de42b801bec7911ca,237.99159339999937,0.0,kg323
2026-05-13 06:28:27,day,finance,52,0x41f3b515c133850bc03e72b3bfaa42cf0962844e,236.35382977827658,4255.752612,headsh0t
2026-05-13 06:28:27,day,finance,53,0x1d5f88f1b97317cccad804374e5bd847512e634d,232.7162436450003,299.99,firegold
2026-05-13 06:28:27,day,finance,54,0xc40681969b90c1e54527775fa48273a06bef07d9,228.90746859000137,0.0,ChetterHummin
2026-05-13 06:28:27,day,finance,55,0xc401fdf872a9c93e06a9b332987a887f1d698b2c,228.12804272500034,0.0,burfee2002
2026-05-13 06:28:27,day,finance,56,0xdac56442dacdaa0a170de01c09750319059cae24,220.3638826000024,210.0,VNINVESTOR
2026-05-13 06:28:27,day,finance,57,0x6bd4d0b9ae5fbdce260777f94526187ce523ed58,216.76276153650178,0.0,83.btc
2026-05-13 06:28:27,day,finance,58,0x249b7466ecf40ff9a22526fa8a25eeadf7155df1,212.189887999755,239.609755,shadowwizardmoneygang
2026-05-13 06:28:27,day,finance,59,0xe1b361d6a6f237b9ed7534d19b232df8369e1426,207.72323292200235,0.0,tja
2026-05-13 06:28:27,day,finance,60,0x74957ea27ac4fbdee46d861fdae357859ff67fcf,201.74282859657797,963.516658,ultralisk
2026-05-13 06:28:27,day,finance,61,0xbf5dfa33f94e80f7649fa94a81ab8465d65c6e7d,200.40534868000026,0.0,0xBF5DFa33F94e80F7649FA94a81Ab8465d65C6e7D-1765458383511
2026-05-13 06:28:27,day,finance,62,0x80b88ab584cb3e34e834fc790cfeb00375aa55ce,199.97408686000017,0.0,BigRedDogFight
2026-05-13 06:28:27,day,finance,63,0xc3c3b3ef304ddbea39fa2246e683a71da5d0eec8,197.03378862929185,734.090903,comon119
2026-05-13 06:28:27,day,finance,64,0xf0ca28d5b0141f0a8e7b251dea80fd881cb166ed,189.17420943456818,0.0,Hauchn
2026-05-13 06:28:27,day,finance,65,0x264cbb7263b0c336c58fb5a5de1773896e6bbaca,188.8548058300148,1740.3,sdhyky
2026-05-13 06:28:27,day,finance,66,0x387e2c5af0ce2c910fedf7a5ac9a9590706656a5,185.9367135160012,0.0,Kingpin700
2026-05-13 06:28:27,day,finance,67,0xd056d2e765630ee61850a7c743a30e20d2e2f1be,181.69696728499994,0.0,0xD056D2E765630Ee61850a7c743A30E20D2E2F1be-1764512770031
2026-05-13 06:28:27,day,finance,68,0x4b97386432bf7d393776a8ea1331512f43a6bc9c,174.64565472899994,0.0,shuibody
2026-05-13 06:28:27,day,finance,69,0xcc792a28d90f3c5d8fe91e48a184913a65031c2a,174.00701237000055,0.0,enrico-vasaio
2026-05-13 06:28:27,day,finance,70,0xb187a6fae3d0b60108f13006359dded4d15944a9,172.4302589910012,0.0,Cptrade
2026-05-13 06:28:27,day,finance,71,0xf2faf524fdf5901cf0f6e7a2eaae3f0c4e9f4a62,170.02020586999993,0.0,ToadToad
2026-05-13 06:28:27,day,finance,72,0x1e82e3eb816aaf755ac9b44bc9d98f01b08aaf92,166.52452737733984,2678.751062,0x1E82E3Eb816aAf755AC9b44BC9d98F01b08AAF92-1772042958755
2026-05-13 06:28:27,day,finance,73,0xa6a0ef15106e14b2c5422a4d691a2e64ce594469,165.3436626449984,0.0,Rusik7
2026-05-13 06:28:27,day,finance,74,0xeae707a267b3d6a112167b5c93c3fa74e38c2800,164.50645631000043,0.0,destinyas
2026-05-13 06:28:27,day,finance,75,0x353673b2fabb0d2140f6b8fabc20e03df13e9821,163.13566963649998,0.0,skizo
2026-05-13 06:28:27,day,finance,76,0x7f4600993722ccbf8dd3cea5803b0950de9601b1,161.51900000000003,0.0,MichaelJackson3448
2026-05-13 06:28:27,day,finance,77,0x7879fc0d6a6f21d892c8b80d51dde576608b822a,160.23800660799986,0.0,RealWigger
2026-05-13 06:28:27,day,finance,78,0x36901eb0f21519cc9055662a6d2483e96da1e16f,160.05438647753908,6694.643662,melchior1248
2026-05-13 06:28:27,day,finance,79,0x0e5bd76779e74304d08e759072abf126d87da593,160.0003957949957,0.0,JAHODA
2026-05-13 06:28:27,day,finance,80,0x8473b3cf4b2af4cfb5b8e7c61464bde829f470ef,158.26071191850028,0.0,jpurd17
2026-05-13 06:28:27,day,finance,81,0xe53312c6c15af508e0c31e2cfadbefddd399ab29,156.49916035550268,0.0,WharfMan
2026-05-13 06:28:27,day,finance,82,0x47e838c90f2c14e599ded20bac2c98538ab0faee,155.45186132000003,0.0,0x47E838C90f2C14e599DED20BaC2c98538Ab0fAeE-1775608993061
2026-05-13 06:28:27,day,finance,83,0x282687aeda303005c7f6d24f194e1a5561baf448,152.98624156399973,0.0,sayanghae
2026-05-13 06:28:27,day,finance,84,0xf579036e211211ab1d5d944f1665c394d5959989,151.6647279500021,0.0,newguy666
2026-05-13 06:28:27,day,finance,85,0x3ce2c0498405cb1ef28b8ee280dda7f4eeada417,151.31193032600004,0.0,darlok
2026-05-13 06:28:27,day,finance,86,0xad7ccc348007636767f88927a684e70941a46244,150.782159655,0.0,0xad7CCc348007636767F88927a684E70941a46244-1775788163128
2026-05-13 06:28:27,day,finance,87,0x57e4bd0fa030e6a6fdde7ee0b58aa497b4f6835e,149.19215207999514,0.0,imjustalarp
2026-05-13 06:28:27,day,finance,88,0x1e8efeed2bbfe3c93643b0d960f8a5466f410cc4,147.46925102000023,2227.5299999999997,bodoh
2026-05-13 06:28:27,day,finance,89,0x08458f7e9d2858027de579e4c3ca305475496b6f,144.88087322147885,439.11111,GollumGekko
2026-05-13 06:28:27,day,finance,90,0x00425c692a667981118f679ef68fdc775257321e,144.82452903949525,0.0,99problems123
2026-05-13 06:28:27,day,finance,91,0x0b644e443a404159a7b5ca4650cf2444b13549bd,143.089756004003,0.0,Gdub
2026-05-13 06:28:27,day,finance,92,0xb7de57721ee931290e90bc0c8a9f38855130b802,142.7334371484,0.0,on-cinema
2026-05-13 06:28:27,day,finance,93,0x9592adb70397e9de67ba9abe6971e3f50fb7a7b8,142.02437035000008,0.0,seraphimproudleduck
2026-05-13 06:28:27,day,finance,94,0xd48a81db62f742c4e42d86dfc23a7ee345366e90,140.74614266699427,0.0,NiFengFanPan
2026-05-13 06:28:27,day,finance,95,0x058ef5443868d743f9745f4d159968f75afae0a8,138.9598000000001,0.0,muskfan
2026-05-13 06:28:27,day,finance,96,0x743beec1270e1f4a468658bf628ac8cb94e6b802,138.8973788000003,0.0,earshot.zenith
2026-05-13 06:28:27,day,finance,97,0xfd557e6db670c9704bc1d0d8e8b585c7d9c9f905,136.72116240240416,635.0087540000001,northdrawer
2026-05-13 06:28:27,day,finance,98,0x736539924a5602b37a03a54fc12c1cc8f98964da,135.110426619176,25.0,cqk
2026-05-13 06:28:27,day,finance,99,0x6d16c33b540069f5aa0d9f705b0d759dec927228,134.67097277432003,3242.66,slippy0
2026-05-13 06:28:27,day,finance,100,0xac382928a693c9c342c92fed3552e260aacfc565,134.2445797719999,0.0,0xAC382928a693C9C342c92feD3552E260aaCfC565-1767706089048
2026-05-13 06:28:27,day,culture,1,0x02b4401ae7ead14477e944f79e9db07ce9ab7092,11256.569332534993,92625.3,alohaa
2026-05-13 06:28:27,day,culture,2,0x689ae12e11aa489adb3605afd8f39040ff52779e,6324.0447844811715,0.0,Annica
2026-05-13 06:28:27,day,culture,3,0xce1ee0c8de79ed12902869b67afcddb5456f851f,5567.503040820503,43756.71,Thailand-palyboy
2026-05-13 06:28:27,day,culture,4,0x40672269263fe09685e07fd99042fd58956f6ffa,4690.999495126203,3233.59,wenwenwenwenwenwen
2026-05-13 06:28:27,day,culture,5,0xfa21179f2cef2f61cb78e8340ae62b17f9271438,2896.9565184339735,0.0,BABELCONSTEL
2026-05-13 06:28:27,day,culture,6,0x0f607897e7a3e05ae15e7a99e57856454d17026a,2717.779520477122,284.577026,hellokittyhellokitty
2026-05-13 06:28:27,day,culture,7,0xf4cd584ea9ad01b30c2be5d2b9dbffc9ba890516,2106.2215207057493,924.400455,BrunoFernandez8
2026-05-13 06:28:27,day,culture,8,0x04a2a7075963c86990e246e73e50f8023b79e16c,1516.594690344803,2005.258274,gordontradedc
2026-05-13 06:28:27,day,culture,9,0x12ed45d2b45259d27a7fb593e564cd269c4fc9b4,1392.885549797954,5999.4108320000005,sazzaa
2026-05-13 06:28:27,day,culture,10,0xaca23974e2b8131efbafaa1fe03ea9595ea0b9a1,1252.4097484200029,3531.5499999999997,ellio8989
2026-05-13 06:28:27,day,culture,11,0x2be3a968b825fec7a8ce2414685c7cc0355244a5,1219.3713057444784,603.6600000000001,0x2be3a968b825fec7a8ce2414685c7cc0355244a5
2026-05-13 06:28:27,day,culture,12,0x9a3a13dab028f72651ecd3ae913d167d5ec84580,1105.8503848435003,2172.59,jostkia
2026-05-13 06:28:27,day,culture,13,0xd8c4d45000b7976d897ab79c21780e46faaa848d,1055.3207182580518,543.86,0xa8C4d45000b7976d897Ab79c21780E46faAA848
2026-05-13 06:28:27,day,culture,14,0x70d94a4ff67ed919a8480885cf0808afefe7a684,991.6011106565129,54019.584789,naiiiiiii
2026-05-13 06:28:27,day,culture,15,0xd76930596edbb8c784dcc48f52140875bcd4f90c,908.6949936564597,462.19000000000005,dodca
2026-05-13 06:28:27,day,culture,16,0x849ccb5907938ce8be18ed5dbf583288e2da4009,898.4120852865453,83035.84773000002,Ondra
2026-05-13 06:28:27,day,culture,17,0x25a7fcfe11abd6ae873148584fa3e1b6aa98a4c8,863.1448521460934,7019.83,loser-star
2026-05-13 06:28:27,day,culture,18,0x46992d0e547e3822a9c28723f51bfa804ae4e03c,839.0411642400004,3160.44,anon.1980.123
2026-05-13 06:28:27,day,culture,19,0xed107a85a4585a381e48c7f7ca4144909e7dd2e5,798.454063651996,20000.0,bobe2
2026-05-13 06:28:27,day,culture,20,0x50a8a3e47f7048747aed551fcc38d9f0cbb298ed,780.4609624964446,1511.390848,elonplstweets
2026-05-13 06:28:27,day,culture,21,0x9034d7be0aff3819327a8927905e8f174e8c4375,780.1680335298151,6842.6960500000005,Papuasus
2026-05-13 06:28:27,day,culture,22,0x73afc8160c17830c0c7281a7bf570c871455b880,732.5676430640033,974.58,0x4bFb41d5B570DeFd03C39a9A4D8dE6Bd8B8982E
2026-05-13 06:28:27,day,culture,23,0xb4e9c0420c037c40437b601a32b1664714faf380,672.8726211519825,408.0,xaeroqkAtProtonMe
2026-05-13 06:28:27,day,culture,24,0xa2cd4ccda9a1f95949df7a3355c4c2daa0642ba0,669.1034999999983,0.0,0xA2cd4CcdA9A1f95949DF7A3355C4c2DAa0642Ba0-1729178570395
2026-05-13 06:28:27,day,culture,25,0xdf0a655b1f2961505df136ed25379a1d1daf08e8,655.7160998806612,15321.678360000002,yolol
2026-05-13 06:28:27,day,culture,26,0x7b7357890f8193ca172a6830af9072f5c927c441,614.4229556914988,0.0,lankeleads
2026-05-13 06:28:27,day,culture,27,0xc8fbab6e965d26402afd38af7714c6e22764af41,590.7689176349998,1694.44,marbas
2026-05-13 06:28:27,day,culture,28,0x25b23e01a7d90e25871d1098841f25e856943b9e,565.0864077095898,1735.29,winnerPro8
2026-05-13 06:28:27,day,culture,29,0xb046937fc05d522ded97815cd25a4577f5d0bc09,563.869252231593,1286.500369,IVNBRENESS1111
2026-05-13 06:28:27,day,culture,30,0xb20d0d382706cae8ac24e9859c1ee4f846dfd518,561.077765,0.0,0xb20d0d382706cae8ac24e9859c1ee4f846dfd518
2026-05-13 06:28:27,day,culture,31,0x038bca073c9aebb694028d70eec94116ed4bafc4,555.7073741499999,1565.3700000000001,triple-purple
2026-05-13 06:28:27,day,culture,32,0x0df46cd4065c0706bba1cbf771b6e69e2caec7cb,511.6000803605001,0.0,0x0df46cd4065c0706bba1cbf771b6e69e2caec7cb
2026-05-13 06:28:27,day,culture,33,0xd70f359081ec8a2a6a159aa64fe4fe86a5be4e35,503.47994048999954,0.0,Borat85
2026-05-13 06:28:27,day,culture,34,0xd3179f7ca7e1313a89aff7f09353c77ebbab025a,501.50527864322794,29188.775916000002,startrader
2026-05-13 06:28:27,day,culture,35,0xfaf98181c44636998a194aa7660bcae1b977f4c4,499.9968322700015,0.0,onekey02
2026-05-13 06:28:27,day,culture,36,0x90684a3d809253a6338868b343356f7b3597e0d2,465.66382524922756,2913.96614,ymhhd666
2026-05-13 06:28:27,day,culture,37,0xc781e8dd03946230f2f32ab36077998bcb4a59d7,461.73098393988766,25037.49,Alphax
2026-05-13 06:28:27,day,culture,38,0xa59c570a9eca148da55f6e1f47a538c0c600bb62,451.9606900398794,52092.03,Prexpect
2026-05-13 06:28:27,day,culture,39,0x0562e01b3c3e65bb93bf0de32f02cec238a79d66,451.09220249566715,398.28267,iForgor
2026-05-13 06:28:27,day,culture,40,0x064be5d6937c917012256f1205d8a6023ad0eae5,450.8258849847716,3227.3936240000003,Dswang
2026-05-13 06:28:27,day,culture,41,0x05e2f520faf6e7b9e8a6f34f723ceb5eea3dea88,441.63025213999936,0.0,cledisidiot
2026-05-13 06:28:27,day,culture,42,0xc3313363f4d8af178c2848c409f7aebfa2841d71,420.18158926050273,0.0,RedOctopus
2026-05-13 06:28:27,day,culture,43,0xa638749f9aa75ee30191b9296646c380f49a1d87,406.9034634404379,17612.819801999998,AlexPro
2026-05-13 06:28:27,day,culture,44,0x3ab5ad27c676c4be1218397912eab5396e6de56f,401.5099400179997,0.0,Obamnna
2026-05-13 06:28:27,day,culture,45,0x11c5d92ef489435a0a3f2c8deba647a57a0179d8,401.02161740149995,0.0,0x11C5d92Ef489435A0a3F2c8deBA647a57A0179d8-1778490537539
2026-05-13 06:28:27,day,culture,46,0x732f92a77d0d7d9f3a2bca0ed6b5dd5b52b3201e,400.7037813421085,7181.51678,Mr-Ferrari
2026-05-13 06:28:27,day,culture,47,0x25867077c891354137bbaf7fde12eec6949cc893,391.82978546249933,0.0,TTdes
2026-05-13 06:28:27,day,culture,48,0xbe4600119a804b824afc9e2bb61dada32bac8b21,381.1835904500008,723.9930420000001,0xbe4600119a804b824afc9e2bb61dada32bac8b21
2026-05-13 06:28:27,day,culture,49,0xf1d54add4374a94a1c771de80b2e3fabe6e1ee5c,381.06665875,0.0,yangf
2026-05-13 06:28:27,day,culture,50,0x6df766e3e23ecf297342f37b5783ac066fb8afb0,354.01442092699654,0.0,Poiuztrewq
2026-05-13 06:28:27,day,culture,51,0xfbfd14dd4bb607373119de95f1d4b21c3b6c0029,351.0354280832398,6200.365906999999,XAE12Archangel
2026-05-13 06:28:27,day,culture,52,0xc164f6f368ad5be585d337a218968c75e695efb9,350.50455058250026,892.94,Juicyworld
2026-05-13 06:28:27,day,culture,53,0xf0d5eb1cbe7350f1f896ade6c172e6700414c665,350.20170944240044,6207.670999999999,yen4u
2026-05-13 06:28:27,day,culture,54,0x18a0e748f547787c49b36345132971a89e21dea8,347.15065104687983,12004.869169999998,oxhrvnqpslitnzajurflmxkduvbnweu
2026-05-13 06:28:27,day,culture,55,0x3d7702587a84915097dfaf48de9f6623808d7004,345.73430257456994,599.974115,Anony777
2026-05-13 06:28:27,day,culture,56,0xe7c035ee5136d6c213160a6f760392e2eb1ed656,340.96218338282006,13133.434544000002,0xe7C035eE5136D6c213160a6F760392e2Eb1eD656-1767789082519
2026-05-13 06:28:27,day,culture,57,0x7db5452784044466615b3542703fd95c9696cf18,338.8518276680106,4120.48,wakuwaku3
2026-05-13 06:28:27,day,culture,58,0xe8cfc57ba25b74a2c30e75318cfccd1d3cbc819e,336.2771740509979,6.75,0xe8cfc57ba25b74a2c30e75318cfccd1d3cbc819e
2026-05-13 06:28:27,day,culture,59,0x7789957157a13aa3610e26d61ef8f99317b7a280,333.41134640749806,3759.965665,Hustleharder888
2026-05-13 06:28:27,day,culture,60,0x4c2a306f6ede61c38819d7c2b6d5bc4ec2f25a26,333.2310200000039,0.0,0x4c2a306f6Ede61c38819d7C2b6D5bC4Ec2f25A26-1768899406311
2026-05-13 06:28:27,day,culture,61,0x52e3ddefd4d851adf4c181bfe496dd99d66782d2,332.72873421999975,0.0,0x52e3dDefd4D851aDF4c181bFe496dD99d66782D2-1774177146439
2026-05-13 06:28:27,day,culture,62,0x4f075b07fd418b25bbbe1e928ea3b86ed6070170,332.4315540870534,463.330569,0x4f075B07FD418b25bbBe1e928Ea3b86eD6070170-1760650837669
2026-05-13 06:28:27,day,culture,63,0x74ff920ae2c6314627395eaf42b10fbb0604be5b,331.55764239340795,48474.37111800001,WanderingPanda
2026-05-13 06:28:27,day,culture,64,0x2e4818113b183641c2b3f25ca6b4c962c57a95c7,327.0094956924986,3000.0,EfygeEfyge
2026-05-13 06:28:27,day,culture,65,0x813e549e089229bc5971d58359c1e323c39d5d51,325.3279822952509,20045.649178,tomato2
2026-05-13 06:28:27,day,culture,66,0x482d8a1828a481f8a53cb7ffbbf962ea4d07ba5e,320.7676832702957,0.0,boomudaed
2026-05-13 06:28:27,day,culture,67,0xb719e0ebb1973850742ebd8e5ccae070798fc1e1,320.34900000000005,119.0,Sloth-Goonies
2026-05-13 06:28:27,day,culture,68,0x8feea1f954b8fa0c3ec903f2a258f74bc1f3850a,318.4711730569986,1063.1739500000003,paisano1978
2026-05-13 06:28:27,day,culture,69,0x8565b21d736741147592264d75cc26ccf2040c43,314.2299099999509,0.0,dddtrips
2026-05-13 06:28:27,day,culture,70,0x43f4cc5fdb7150ecc59887d8d0d49b43d6a62234,312.6936685440003,0.0,f1u0r
2026-05-13 06:28:27,day,culture,71,0x37f8b617d9c575d2af96f095153aa7bb99922fa8,310.4208365249997,0.0,UkraineFisrt
2026-05-13 06:28:27,day,culture,72,0xc468fbab77b004957b07aa79a28af300b621a647,305.94099856479994,0.0,ghucgh
2026-05-13 06:28:27,day,culture,73,0x3a8aa345d5db7ec5138298c8c4f4540259be7699,299.99943317,0.0,TheReturnOfDarthMaul
2026-05-13 06:28:27,day,culture,74,0xfffadf38a520cd5a0035ff52d7fceb436a08864b,293.80945104999955,0.0,GoriIIa
2026-05-13 06:28:27,day,culture,75,0x17b02d8e21426bae381b8941b96386f133504041,290.7557053999999,0.0,BrainrotStonks
2026-05-13 06:28:27,day,culture,76,0xd75ca9b7fb5ca39b79cd943bad530383c7ce69b6,284.5803206400001,0.0,koovvinn
2026-05-13 06:28:27,day,culture,77,0xfa4a6db2598e2b968e315c2769a83c020aadfc9b,279.991199999999,0.0,0xFA4a6db2598e2B968e315C2769A83c020AAdfC9b-1774303482619
2026-05-13 06:28:27,day,culture,78,0xd81c1bfdc68fabbfa1d4bb029d22e87839fb3348,276.5992449999996,0.0,deamfreeman
2026-05-13 06:28:27,day,culture,79,0xaee7fce2cf1bcb17ed1668490848df550dbebbcd,269.9529798320709,1553.1321879999998,dannyboy16
2026-05-13 06:28:27,day,culture,80,0x4c8ed7ead1ac18338f816e964b1edde8a50eb38f,266.2774519114291,12.32,0x4c8eD7EAd1ac18338f816e964B1EDdE8A50eb38F-1765646249727
2026-05-13 06:28:27,day,culture,81,0xb38d6e52f2c77232e086c58e730d10d8b98383d6,263.59571725713045,2849.991537,xiao2222
2026-05-13 06:28:27,day,culture,82,0x3a7d21a52e9b6006fa5a4484148dc1b3d8725913,262.61251961792027,5359.520046000001,Bandz55
2026-05-13 06:28:27,day,culture,83,0x56d46e3f56750aaf97c95e74aab7795949539c57,261.65275874500094,0.0,backspin2
2026-05-13 06:28:27,day,culture,84,0xce401b42568cdfed369ec1867c4b7176e994da67,261.4997361149872,999.9737700000001,lolboy4D
2026-05-13 06:28:27,day,culture,85,0x7e31a5e9c31638483614e9fd9f945bb34692454d,258.6075614040002,99.8,Odysseus7
2026-05-13 06:28:27,day,culture,86,0xf91bcf833b5801cb6dff1bf3d63f7b4b6ef0766e,255.57409548150008,0.0,tengzhao
2026-05-13 06:28:27,day,culture,87,0x3eae57986be5e0ca435102ffe1f14206ffa2e2ed,254.73150112252597,10995.825359,thoodr
2026-05-13 06:28:27,day,culture,88,0xa547f2b615681e344935ce80f778e9ce8b2d95eb,249.572013739532,2796.9832739999997,sjzniubi
2026-05-13 06:28:27,day,culture,89,0x8eab0c46127830072631db88e9dbaeb0b953a56d,249.39994884437328,39858.990000000005,LinaBell🦊
2026-05-13 06:28:27,day,culture,90,0x8849d0469aeff9b119211f86e0ea4c6190bd765a,245.222270038227,2885.564821,daozhu1234
2026-05-13 06:28:27,day,culture,91,0xa2d71813dc3857e582130015bd60e5edb61ee3b7,243.43426261466504,361.102259,exponentially
2026-05-13 06:28:27,day,culture,92,0x2a019dc0089ea8c6edbbafc8a7cc9ba77b4b6397,240.54244709410705,0.0,aviato
2026-05-13 06:28:27,day,culture,93,0x8f660b4dc3fe1526b49d289946f13009e2c7b986,238.48090933349886,440.0,cyberparty
2026-05-13 06:28:27,day,culture,94,0x9fd4ca44be6bf74afc5987aa5b4305f5f748325c,237.69031008500133,0.0,lowlowlowto
2026-05-13 06:28:27,day,culture,95,0x54096e86cac2d70d04fd98ee16f633c7e9d479db,232.17011630100114,43543.53,Boss7
2026-05-13 06:28:27,day,culture,96,0xb1d6a52fd372ae451a75584ff029d7670322cff5,230.26200650701992,693.416791,0xb1d6a52fd372ae451a75584ff029d7670322cff5
2026-05-13 06:28:27,day,culture,97,0x507b51630295906bc404c52ef0456a7bdbec0742,229.67613327999973,0.0,0x507b51630295906bC404c52Ef0456A7BDbEC0742-1769736987265
2026-05-13 06:28:27,day,culture,98,0x176963f37b65fd0523d273c94f22454b728b9412,229.03578408431196,1284.686966,stra-h2
2026-05-13 06:28:27,day,culture,99,0x9696400353b2f0b6becf4fbfdde86ffd680f0861,228.0603353891902,17866.422407000002,ent1337
2026-05-13 06:28:27,day,culture,100,0xd49b42bce7ea10bac53e2901c188cae20ea4bdf9,226.643210300992,2289.7875489999997,i18z
2026-05-13 06:28:27,day,mentions,1,0x176963f37b65fd0523d273c94f22454b728b9412,363.29208868618804,2941.873413,stra-h2
2026-05-13 06:28:27,day,mentions,2,0x4a2be7a7e6e3b41dc2de00706b4c09660ca9af20,308.49267912000005,0.0,troim
2026-05-13 06:28:27,day,mentions,3,0x3c593aeb73ebdadbc9ce76d4264a6a2af4011766,298.61968720000004,0.0,eightpenguins
2026-05-13 06:28:27,day,mentions,4,0x74957ea27ac4fbdee46d861fdae357859ff67fcf,266.63797452999984,2094.9903,ultralisk
2026-05-13 06:28:27,day,mentions,5,0xe5f0ae9cc9aef77ae3c2a64c9e69caa3f335dc1d,215.48513566372912,4993.187128,0xE5F0AE9cc9aeF77ae3c2A64c9E69caa3F335dc1d-1773531520731
2026-05-13 06:28:27,day,mentions,6,0x0b9e9761073d1fa167e77d6a29a31569410098c4,182.7015419999999,239.43,Magictony
2026-05-13 06:28:27,day,mentions,7,0x63b6a2d1a7270fc3115992a580c7b9c814859c8e,134.96234102000003,0.0,scribbleplex
2026-05-13 06:28:27,day,mentions,8,0x0cb10c40b0776e9ee8cef970af85724654dda76c,130.85716359997605,635.6706509999999,ninjaslashed
2026-05-13 06:28:27,day,mentions,9,0x053f95d7ac88e48b06f609a41f561b5ec4822c20,125.97731499999992,0.0,mwalde
2026-05-13 06:28:27,day,mentions,10,0x923cab91dbbba0cefa969e9312bfdff2a199fa1d,108.31931460963403,1194.638664,magicportland
2026-05-13 06:28:27,day,mentions,11,0xafd2e11a56362b774b3542c4eaa6b2ff9dd89693,100.26336890189532,3181.48217,wtfisgoingonhere
2026-05-13 06:28:27,day,mentions,12,0xc19b9228fc202da90be28cc4b807f265849b7baa,87.08191950000001,0.0,0xC19b9228Fc202Da90be28cC4B807F265849b7baa-1771890267542
2026-05-13 06:28:27,day,mentions,13,0xad5353afe30c2da57709e2704ef3ccdcf67eef24,83.9394540542894,875.0785660000001,AJSV
2026-05-13 06:28:27,day,mentions,14,0xb2c6a94d4a008efd6cbe800b2427fd0b91cb3654,76.32043528076792,7085.733477,ChinesePredict
2026-05-13 06:28:27,day,mentions,15,0x66c1a6fe836ff555ca32848646acedbbe93bfa3f,71.86613519999082,0.0,Barkbishop
2026-05-13 06:28:27,day,mentions,16,0x08ceded238219b4b3fff04e00a4778d839d4f301,71.5852772690057,4672.012238,rocky42022
2026-05-13 06:28:27,day,mentions,17,0x24bd1893c1665657a8092a817c856a662d0dd33b,57.98136728799999,0.0,RekksFx
2026-05-13 06:28:27,day,mentions,18,0x2e62eddf5acffa59a97706de674348a2e600b22e,57.092803519999734,633.73538,rocky42003
2026-05-13 06:28:27,day,mentions,19,0xa3e22cd32aa9238ef7dbcfb4761e33b9eaa1fdf8,50.17580960000487,0.0,pootytherewardfarmer
2026-05-13 06:28:27,day,mentions,20,0x9e02c363289bdaddca1648c5ca84c15262d3098c,41.81758902599999,0.0,0x9E02c363289BdaDdCa1648C5CA84C15262d3098C-1778056212798
2026-05-13 06:28:27,day,mentions,21,0xd4212bd3d3446e1c3e89747812d390032b7b191c,41.69545558,0.0,0xD4212bd3d3446e1c3E89747812D390032b7b191C-1769289871498
2026-05-13 06:28:27,day,mentions,22,0xdc0a6bf4b19f1bbedc8477cf74e8b375b98dccdc,41.53867950999984,99.92,Moustik007
2026-05-13 06:28:27,day,mentions,23,0x696a0f103aab2daa93f0c7124bdfbbf19851e23a,40.56616464000035,0.0,0x696A0F103AAb2daa93f0C7124BdFBBf19851E23A-1765573480594
2026-05-13 06:28:27,day,mentions,24,0x6e881e6e5035cdbb7c2208013af4db2793b2bd30,36.88000000000193,0.0,alligator.
2026-05-13 06:28:27,day,mentions,25,0x0bba346e0b099f6589d62fd8d4fd553820b35649,36.30084467397901,164.257742,bullishkhandle
2026-05-13 06:28:27,day,mentions,26,0xd6372da6b44d42719849b10c0e1ed77015cb7617,35.851043198,0.0,0xd6372da6b44d42719849b10c0e1ed77015cb7617
2026-05-13 06:28:27,day,mentions,27,0xf1375cf5b07335f213dc56c66f09c83d3715b4b0,35.088121414,0.0,0xf1375cF5B07335F213dC56C66F09C83d3715b4B0-1775235878528
2026-05-13 06:28:27,day,mentions,28,0x1575418020755c5c07e75dbd912eae36f62ccc76,34.225469640000014,1390.94,123YGDFG
2026-05-13 06:28:27,day,mentions,29,0x813e549e089229bc5971d58359c1e323c39d5d51,34.0,0.0,tomato2
2026-05-13 06:28:27,day,mentions,30,0xeaafb33568f082cde107b1619b898043c41120c0,33.95749233597286,1098.101146,0xeaafb33568f082cde107b1619b898043c41120c0
2026-05-13 06:28:27,day,mentions,31,0x77c812f7735ad07e3ce58fd466a0e1b4346bbc8c,33.08548999999999,0.0,dudukos
2026-05-13 06:28:27,day,mentions,32,0x2bef44404864a098ac054e024adf50738ebb8108,32.302018000000004,0.0,killshot
2026-05-13 06:28:27,day,mentions,33,0x20f788533bc559520a9ead88c8a87ee4ca735527,32.169374999999974,0.0,0x20f788533bC559520A9Ead88C8A87eE4Ca735527-1778142711599
2026-05-13 06:28:27,day,mentions,34,0x75acf1aa88a3f5c613f2214486b91fa9fc1f33d7,30.965816579933744,1434.4588559999997,badatthis
2026-05-13 06:28:27,day,mentions,35,0x709179e7392e59922ab2d73cb1141698b30096f8,30.924195624999992,15.28,0x709179E7392e59922Ab2D73cb1141698b30096f8-1773173619816
2026-05-13 06:28:27,day,mentions,36,0x47a574ad1dfac1f456c87b9c99342cbaaf5ce1fe,30.657616000000004,0.0,0x47A574AD1DfaC1f456C87B9c99342cbAaF5Ce1Fe-1769338339216
2026-05-13 06:28:27,day,mentions,37,0x002dcd37b0b8fa8db98236e599fe1b90d6272561,30.02303924335598,2656.093986,ThePortrait
2026-05-13 06:28:27,day,mentions,38,0xa720469ae04352ad897f98e3c2cb8d0e21c52c91,29.572946,106.32140000000001,oracleisaway
2026-05-13 06:28:27,day,mentions,39,0xc9751b5f25e1ecd88ec4630d19422b58d0562c68,29.147992639999302,0.0,NeoSay10
2026-05-13 06:28:27,day,mentions,40,0x2c97476f2784a995ef9724d5f12b13edf0eb5de2,28.938097855000002,0.0,0x2c97476f2784a995ef9724d5f12b13edf0eb5de2
2026-05-13 06:28:27,day,mentions,41,0xbedc0d25f7c16dab0050d181a5a9ad7041a42173,27.84877999999992,0.0,SMB95
2026-05-13 06:28:27,day,mentions,42,0xd1091712f4ed0e17261feb174f5c080977506fa0,27.211485380000113,0.0,smallf
2026-05-13 06:28:27,day,mentions,43,0x6172fc610e27c26fe69f7656189fab56aaeaf63f,24.391767260551,0.0,0x6172FC610e27C26FE69F7656189fAB56aaeaF63f-1777927494462
2026-05-13 06:28:27,day,mentions,44,0xf5b24ab764d818d76548c3e6ea8ceaa62c8826b9,24.38074999999998,0.0,zpsucces
2026-05-13 06:28:27,day,mentions,45,0x0ec49699229f8c4bacdb7ae8bc9fd2c0f7c9f4a4,23.25,0.0,-Motionless-
2026-05-13 06:28:27,day,mentions,46,0x1b014f93f2787780997ec7c1a4e699ecf188e682,21.335122239999997,0.0,airahimi
2026-05-13 06:28:27,day,mentions,47,0x81bc4f72868dc1d7acd6327595fec92d60e717da,21.045264583790015,0.0,RRPPKK
2026-05-13 06:28:27,day,mentions,48,0x190244535a0f2fd3362e3e27ab1f42c9f5a360db,20.997370900000078,0.0,Snowman930
2026-05-13 06:28:27,day,mentions,49,0x8bb05212607f45175e1166bb9f73ee5b6308c328,20.761499999999728,0.0,Al3xxx
2026-05-13 06:28:27,day,mentions,50,0x5874f18a2ca6558ac8671f491f3f99498fd36b11,20.042285749998882,0.0,BopitPassit
2026-05-13 06:28:27,day,mentions,51,0xe562cfbf7b3292e0deb29a5b8fd3c38af4794fa9,19.981333199999654,0.0,Flnx
2026-05-13 06:28:27,day,mentions,52,0x13a9c16afa8f491ce9889f9e082fee8d319ee573,19.912329109999973,0.0,mentionsgenius
2026-05-13 06:28:27,day,mentions,53,0xefde9ff487fae209ab6e3157a8acb4276f9c783d,19.851760774999775,0.0,Umaroth
2026-05-13 06:28:27,day,mentions,54,0x2f2b6e3176e4914ccc79111dd9c704904d390f9a,19.733800560000084,201.47,Whalerfan
2026-05-13 06:28:27,day,mentions,55,0xfbda9cc99378e2da8bf9cb3d6ad17a9879fe18b1,18.4744,0.0,olafnjuernwer
2026-05-13 06:28:27,day,mentions,56,0xee213de5ec7ab93c72bcad3c2c76552cb56de2fe,18.443567578749935,845.3043749999999,idhjdfo9u23urjp2jt2-wu
2026-05-13 06:28:27,day,mentions,57,0x37a10c9fe980c79fa2dd6a8efa9b3c6bf83db0c8,17.520326235000027,0.0,panzerdragoon
2026-05-13 06:28:27,day,mentions,58,0x5bb5bc415dfb12308eb4e99b6918b807c4c78ab9,17.491040000000012,0.0,dairee1
2026-05-13 06:28:27,day,mentions,59,0xd75af87133fc14de68cd83a9e8c5d999fa49fdec,17.144799999999982,0.0,fantastic55
2026-05-13 06:28:27,day,mentions,60,0xf1fd273d05b545819c7f37ac093c3031d171dde7,16.899259,0.0,bippinwatchin
2026-05-13 06:28:27,day,mentions,61,0xf50ea112ff33274a0bba367cf2f7a6ae991068a1,16.78308784,0.0,iambence17
2026-05-13 06:28:27,day,mentions,62,0xe11ab7e675ffc7136bb065ac13d0d9ba2247c40b,16.677416574999967,0.0,alpha.chen
2026-05-13 06:28:27,day,mentions,63,0x2d613c30614b68eada0a37d65bddf3778d981fa7,16.67189999999988,0.0,generalVR
2026-05-13 06:28:27,day,mentions,64,0x46b353667fd7d846af3bbeda6584b0e5b883d3de,16.377322699999866,355.0,bjprolo
2026-05-13 06:28:27,day,mentions,65,0xfae264c49df08f188c5fb9fddefb4585ca73c12f,15.795599999999467,0.0,FireMage31
2026-05-13 06:28:27,day,mentions,66,0x797527a06e5b1550bbaa9cce14bf29492a8bd3f7,15.588664000000335,8.0,Botadouro
2026-05-13 06:28:27,day,mentions,67,0x26aa6eec2ccf20f53bd0c8810c11b8df9e079d4d,15.490000000000016,100.0,0x26AA6eEC2CCF20f53Bd0C8810c11B8dF9e079d4d-1776735614449
2026-05-13 06:28:27,day,mentions,68,0x134a63b764ac7b008356e8db1857db94e6b09e42,15.477929380067508,766.31,Bertapotamous
2026-05-13 06:28:27,day,mentions,69,0x3000045f08dbdf94043585306f7f82438a2a9eb1,14.872922350000039,315.55,Nicekito
2026-05-13 06:28:27,day,mentions,70,0xe2b567bef2761fab897a3ab9ea8319903ca161bc,14.750349999999969,0.0,jay666
2026-05-13 06:28:27,day,mentions,71,0x50b977391c4b3dd88b0a0bef03c3434fe4284298,14.698268849998897,98.9966,rocketcrypto
2026-05-13 06:28:27,day,mentions,72,0xf6297774f04b3c181940e3fe30d312f96fef9e4c,14.386099521999995,0.0,0xF6297774F04B3c181940e3FE30D312f96FeF9E4c-1777463711963
2026-05-13 06:28:27,day,mentions,73,0xe8f71aafd51cbc67bb010575ee12afc776d87ead,14.221467440000026,0.0,0xe8F71aafd51cbC67BB010575EE12Afc776d87Ead-1771987822532
2026-05-13 06:28:27,day,mentions,74,0x24bb756aae01af22640d27869b1b278cc3f834f7,13.621900000000004,0.0,-P4nd4-
2026-05-13 06:28:27,day,mentions,75,0x8f1394ddf29400e3d73cc5853ee1cad0702c5c2a,13.443252410000003,0.0,kingscrypto
2026-05-13 06:28:27,day,mentions,76,0x8c65191e411feec6c73aefbd74a55d246099dcf7,13.370549519999988,30.0,ManBOOOO
2026-05-13 06:28:27,day,mentions,77,0x43b4e4bfbab5ba1b70d2cc223ff6f412572aec9c,13.315880000000007,0.0,budu100
2026-05-13 06:28:27,day,mentions,78,0x526eb0ad708c5534ebb1db80cc255faf19237c43,12.119309049543993,913.2995890000001,WisHGemini
2026-05-13 06:28:27,day,mentions,79,0x0dedae6a02ea2ff8018ba5f277632919ed1c9025,11.696697308987495,6.171464,jcharger
2026-05-13 06:28:27,day,mentions,80,0x92591aacd5483a850eb923111b3fc6b0cac9aea5,11.410573760000005,0.0,Mikemike559
2026-05-13 06:28:27,day,mentions,81,0xaaa2cde772ab98ea86c9c323802f96daf03ec75f,11.372508054999798,0.0,wholesomehentai
2026-05-13 06:28:27,day,mentions,82,0x9b4eaf9a1948d18fd63d07ecafc41f0c9e0d93a3,11.283539987499994,0.0,Marko-7
2026-05-13 06:28:27,day,mentions,83,0xc13bcbbdbad135c3a325771f0d49336b099ef908,11.266400000000033,0.0,volaris
2026-05-13 06:28:27,day,mentions,84,0x0385c811a9f811db212443e5a7353704ed1b7ffa,11.179516519999993,0.0,0x0385c811a9f811DB212443e5a7353704eD1B7ffa-1777614358924
2026-05-13 06:28:27,day,mentions,85,0xcfeb29056ce7c2c66b8c958acce56ee106f17945,11.141853792965001,0.0,30nn
2026-05-13 06:28:27,day,mentions,86,0x26493ab6df66729ccf68ba6cd62624e1345a9d3c,10.675973404999993,0.0,piq
2026-05-13 06:28:27,day,mentions,87,0xa0277692c4a9c8456f01348b64fd94f9f575350b,10.564999999999992,55.0,0xa0277692c4A9C8456f01348B64fD94f9F575350B-1776557651606
2026-05-13 06:28:27,day,mentions,88,0x92a6294cd55b9c6ccd57efaffc365ad943118b84,10.5616500000001,0.0,Trustinghorse
2026-05-13 06:28:27,day,mentions,89,0x9c1648834ee717cb967d32a31d7b9cf9534ea981,10.042855554999988,80.0,deah12
2026-05-13 06:28:27,day,mentions,90,0xed4f4efc03c1db87bb5b60a9d806610dd99be25a,9.956399999999995,0.0,news-trader
2026-05-13 06:28:27,day,mentions,91,0xc7546f7afc0ee2770612563abf3302d4c312b24e,9.936085739999996,0.0,zykl5959
2026-05-13 06:28:27,day,mentions,92,0xa8faa781b9070f1b190a748dd260f395eeb103e9,9.772609544000003,0.0,Edgarmendoza1981
2026-05-13 06:28:27,day,mentions,93,0x88b3426bf74d59d838406de3e25872c7537bbad4,9.569599999999985,0.0,liuruijin
2026-05-13 06:28:27,day,mentions,94,0x68c8fd989e8c599b2dd9f60817e3663bf718aa59,9.33333296,0.0,0x68c8fd989e8c599b2dd9f60817e3663bf718aa59
2026-05-13 06:28:27,day,mentions,94,0xf7c3c8b485c43efa208dd88d3656d059c09e0b4b,9.33333296,0.0,XX-PP-XX
2026-05-13 06:28:27,day,mentions,96,0xbc0d572d1abb04e9fe39781fbd9db5728922d3a5,9.230771229500078,0.0,pecepe
2026-05-13 06:28:27,day,mentions,97,0xca6eba7899ee3bd495a2f995777de529d20aaf60,8.804365000000011,0.0,arbiteur
2026-05-13 06:28:27,day,mentions,98,0x8a4ec9c5684b23599bb1dd827b8a5673c2fab38c,8.766167181000583,17.222220999999998,Jamieeee
2026-05-13 06:28:27,day,mentions,99,0x375a86bc6543a945b31d86e9af4864509316dbd4,8.675340558423002,0.0,y66
2026-05-13 06:28:27,day,mentions,100,0x9fff1613ba58eade6dc57efe03cbb7e94b680ee9,8.67219183881599,0.0,0x9Fff1613ba58eaDe6dc57Efe03cBB7e94b680EE9-1778315897612
2026-05-13 06:28:27,day,weather,1,0x2a25f7cbf3fc823e315c31602d2eccab85788055,4352.695004944408,27.09,animal.bean
2026-05-13 06:28:27,day,weather,2,0x23d18416645924e097c453e8ceadd4bfeb6a353f,3067.8767621433553,6375.533719999999,fcomp3
2026-05-13 06:28:27,day,weather,3,0x04dcf8d1328b2bf5fa6e7aa8a200df95751cd572,2573.562618442653,4600.940178999999,tinylonglong
2026-05-13 06:28:27,day,weather,4,0xcb32934773126ed9267babaee1e68f0c375779aa,1786.6366053563454,3060.32392,NewBuildingX
2026-05-13 06:28:27,day,weather,5,0x3dd3035809b0969b8d14dcbf2be8b3e7324dccac,1741.8082774322904,7058.710315,Maskache3
2026-05-13 06:28:27,day,weather,6,0x900939fada83b830ae89e39c031e11e44bd91621,1470.7853480292465,2325.348078,skewerpacil
2026-05-13 06:28:27,day,weather,7,0x0f607897e7a3e05ae15e7a99e57856454d17026a,1086.6156735056459,980.662769,hellokittyhellokitty
2026-05-13 06:28:27,day,weather,8,0x36f662fcbdc8f64aa1bbaa1f8897ca0e3bb7ae14,1077.2702999999997,0.0,newbweather
2026-05-13 06:28:27,day,weather,9,0xc90b20dd4ccd4d1f6c0a2182b8b1cf9526707190,958.9056433774922,2019.292821,dennycloud
2026-05-13 06:28:27,day,weather,10,0x44c1dfe43260c94ed4f1d00de2e1f80fb113ebc1,937.8839707851293,0.0,aenews2
2026-05-13 06:28:27,day,weather,11,0xedee942d17893faccf866b72670d5f3ca2bb7139,900.7149591127438,6131.403698,0xedee942d17893faccf866b72670d5f3ca2bb7139
2026-05-13 06:28:27,day,weather,12,0x36f176a1ab4e28fa1526b69468ae8f01b631847f,837.0678053308982,1474.2585179999999,Starling-City-Life
2026-05-13 06:28:27,day,weather,13,0xc7d02944a76b9f83b199e9090ecc92c82d241f8a,598.9922238733052,6426.478183,0xc7D02944A76B9F83B199e9090ECC92C82d241F8a-1776944395495
2026-05-13 06:28:27,day,weather,14,0x1941ca5d7f587827da004b1b1551b0bd6429deea,575.7643517825163,5061.9564279999995,0x2E7BxF72Bfx12A8H67R6CsFPu7jsVA8D
2026-05-13 06:28:27,day,weather,15,0xf2f6af4f27ec2dcf4072095ab804016e14cd5817,575.6842728704796,0.0,gopfan2
2026-05-13 06:28:27,day,weather,16,0x19af989568d17f3862ff77e6d5a15b055a076e63,427.2531464033632,1056.3968360000001,weebstable
2026-05-13 06:28:27,day,weather,17,0x0d7e9ddc0a0e6a7cd703ce8d1c0fd3b517a7cb13,420.0056647720004,0.0,CW1975
2026-05-13 06:28:27,day,weather,18,0x5264b001677b47dd2e20fe20213749dbd7909a63,402.0030700842549,92.360586,HoppySnoppy
2026-05-13 06:28:27,day,weather,19,0xc4a0b4e733bd27a9395527f7d9b5e392ffe6bc3c,379.11249864682713,2351.27,dmatthew05
2026-05-13 06:28:27,day,weather,20,0xa81eefec9c08fa157d855f1ac5caf8feab1903dc,376.66087500000003,0.0,Snow-White
2026-05-13 06:28:27,day,weather,21,0xec86a2d3f69015b1a9382e4dfa8695e1b48760e4,555.5317775089698,6025.011795,0xeC86a2d3f69015b1A9382e4dfA8695E1B48760E4-1770735132210
2026-05-13 06:28:27,day,weather,22,0xe43ff9e39282c95e76a53ec38243b78e1e9fa889,546.5850647077168,1636.3843090000003,belyosh56
2026-05-13 06:28:27,day,weather,23,0x1941ca5d7f587827da004b1b1551b0bd6429deea,509.2679623720169,5742.176427999999,0x2E7BxF72Bfx12A8H67R6CsFPu7jsVA8D
2026-05-13 06:28:27,day,weather,24,0xc8ab97a9089a9ff7e6ef0688e6e591a066946418,499.76768227536013,54763.55733700001,ArmageddonRewardsBilly
2026-05-13 06:28:27,day,weather,25,0x19af989568d17f3862ff77e6d5a15b055a076e63,443.50080555256994,1381.3968360000001,weebstable
2026-05-13 06:28:27,day,weather,26,0xe9076a87c5ed90ef16e6fe6529c943baeca0cff6,442.25205011129765,24229.260567,0xe9076a87c5ed90ef16e6fe6529c943baeca0cff6
2026-05-13 06:28:27,day,weather,27,0x1cdd071bb612de6d66d0c882b676c663697de595,394.3400437103155,9570.859744000001,Lavincey
2026-05-13 06:28:27,day,weather,28,0x20d81d3225d25c1618497548b486c192ac80463e,378.0880120956489,1260.517006,bluexred
2026-05-13 06:28:27,day,weather,29,0xa81eefec9c08fa157d855f1ac5caf8feab1903dc,351.7746749999999,0.0,Snow-White
2026-05-13 06:28:27,day,weather,30,0x018c63048e77a77dcaec44a2503d1468205a9794,341.59821171,0.0,maxiforza
2026-05-13 06:28:27,day,weather,31,0x15354b4ab3ae06950b02cedfdde3c15b8db9d77b,334.4867066494999,1247.699526,Mrakobess
2026-05-13 06:28:27,day,weather,32,0xeb75fcebee13ca53a9ad8a30488d3310538027a3,322.93002112,0.0,egabriel
2026-05-13 06:28:27,day,weather,33,0xe8dd7741ccb12350957ec71e9ee332e0d1e6ec86,320.27808798501155,0.0,influenz.eth
2026-05-13 06:28:27,day,weather,34,0x5264b001677b47dd2e20fe20213749dbd7909a63,314.5642477982533,92.360586,HoppySnoppy
2026-05-13 06:28:27,day,weather,35,0xa98a7b57b3ffc40dd701ac345a6ebb1d3255a5a8,310.47358780662853,1195.686017,lowM
2026-05-13 06:28:27,day,weather,36,0xc532c3e5477afbdd3f02aa414243eeb51cade71d,295.092953956825,86.91,MonopaMong
2026-05-13 06:28:27,day,weather,37,0x7f7274e0c51190f56cf5a8b4dae459825b870e8b,292.19263393181825,0.0,weather.samo
2026-05-13 06:28:27,day,weather,38,0xcb894d56b6ed7f458e8534636a086b65e915a2e8,287.50795215500057,0.0,justme003
2026-05-13 06:28:27,day,weather,39,0xb40e89677d59665d5188541ad860450a6e2a7cc9,280.5460166502962,21991.745134999997,Poligarch
2026-05-13 06:28:27,day,weather,40,0x919698b19427cbe6945b0dc823f2d9e126a4d934,276.90282158675836,928.0820390000001,wuxiuming
2026-05-13 06:28:27,day,weather,41,0x80cb43dd4154c0e2796738cce10102fb658c4629,272.9163269761102,2780.0749849999997,lionelronaldinho
2026-05-13 06:28:27,day,weather,42,0x488c725253fc21c7a9ca812030dc2f6343f98c1c,272.31412115674357,1390.870617,WeatherHK
2026-05-13 06:28:27,day,weather,43,0x5f211a24da4c005d9438a1ea269673b85ed0b376,271.61419714414296,19658.606471,dpnd
2026-05-13 06:28:27,day,weather,44,0xd2bbc6edc2739467a988984fa5c8d7537e26d53f,251.88989010349593,917.3449889999999,accountant18
2026-05-13 06:28:27,day,weather,45,0x092838471c2fb7fe8e0ca8f1494e7b98d3ecc61a,248.74742752999987,0.0,BOSSOFNFTS
2026-05-13 06:28:27,day,weather,46,0x336e80318ab21fc5eb87434a2755b47a6eb3bcc3,241.577645288057,2453.771424,asdwqasf
2026-05-13 06:28:27,day,weather,47,0xf3253c1c54781ad2c75f8d50f7148c84ebc0f8e0,235.01756379105518,3048.3430319999998,whackyy
2026-05-13 06:28:27,day,weather,48,0xb51b3beffd13cde071ed799e70a7b0b598e8b4d9,224.23888829999942,0.0,cambridgeisaac
2026-05-13 06:28:27,day,weather,49,0xda021ddaebe5238561fdf931d29861f256b8a35c,222.68016967000017,0.0,Joelman
2026-05-13 06:28:27,day,weather,50,0xf7f48505305738f0b801ba06276d73d40c2d1e34,218.24965916887913,1536.56,jey
2026-05-13 06:28:27,day,weather,51,0x13325d9b757264ba28c0195d95b06ad08df42b23,213.67567781000002,0.0,Tyler.Durden13
2026-05-13 06:28:27,day,weather,52,0x21ffd2b7a212a6f277ed3eca1a9f8efcbca90d71,191.6783710627501,17457.758278,Haradwaith
2026-05-13 06:28:27,day,weather,53,0xa708513fb23aca0f73dc8ce6d105fcc726ab9321,185.91971754919814,3876.9033010000003,erkes25
2026-05-13 06:28:27,day,weather,54,0x44b637282c62c62eb96f79ab8952b9bb0c63672a,185.4862431050002,0.0,tigerz
2026-05-13 06:28:27,day,weather,55,0xf56ccbb9d8158ae1dda67207d1f76acf2f81ad84,185.14197878401683,19599.765737,LXJXLJ
2026-05-13 06:28:27,day,weather,56,0xfe578df75e3c9ae0ba3182bf4bc1b3385bec4406,182.32747840737238,1797.775265,weatherjizzer69
2026-05-13 06:28:27,day,weather,57,0x8f3a1da6345aa915333a76c15224a271e72cc4fe,181.7646038480118,4927.429612,finalboss12345
2026-05-13 06:28:27,day,weather,58,0x2032352247dd06f340badc66e4f14e87ee42e43e,180.23594551476344,614.065025,0x2032352247Dd06f340BaDc66E4f14e87EE42E43
2026-05-13 06:28:27,day,weather,59,0xa67685fa5213fd8167977bfb7b3f50c06d511c22,179.9259459631444,171.78375,0x8712
2026-05-13 06:28:27,day,weather,60,0xae68539542db9d69e66445c21e6e3bdde417064a,178.64912051974898,3279.9570830000002,hgmr2
2026-05-13 06:28:27,day,weather,61,0x32d6379feb93d541a1ee97e5250a20c5031fa8f5,174.29504613195184,2248.2764660000003,Winbigtogeter
2026-05-13 06:28:27,day,weather,62,0xd302c20b7618cda8077d3011b9501a836d758cbf,173.13424099999963,84.17,0xD302c20B7618cdA8077D3011B9501A836D758Cbf-1777250857426
2026-05-13 06:28:27,day,weather,63,0xa5cbba9e2a8bf817e94dc470a0d3589c85b06882,168.28138464066268,859.5661519999999,rcapitan
2026-05-13 06:28:27,day,weather,64,0x3f1382964dc5e0307fb2e71f242bcd580dbaedcf,165.93030980350613,12958.530408,MakeMoney
2026-05-13 06:28:27,day,weather,65,0xf7a28985e205608c529e68ff6c4144274683c0c5,165.67999054234053,1365.3634330000002,0xF7a28985e205608c529e68fF6c4144274683C0C5-1774182832558
2026-05-13 06:28:27,day,weather,66,0x4248a6f959dd65bc086f0286ec73790d556460ab,164.73926291456195,347.35741800000005,nzbryant
2026-05-13 06:28:27,day,weather,67,0x6a8d1709bfb718d8555d315a983c4816278350f9,162.0739986219487,4057.821795999999,OnlyLuckNoBrain
2026-05-13 06:28:27,day,weather,68,0x06e8b7d7474f561130533455b0a9bdcc56339c25,156.7368618716573,3076.79857,6862584
2026-05-13 06:28:27,day,weather,69,0x375d4a9d3933eb2449e9975dd4004297ce90983e,156.0756947399999,0.0,kaaazz
2026-05-13 06:28:27,day,weather,70,0x9cb35555b913c805a62a2e34bce4ef14f0e81367,155.9644431700326,12740.750635,Colala
2026-05-13 06:28:27,day,weather,71,0x9a2c49c53ae307bd1eb74f6c0e3cd65f513a6f2f,153.8341726497,1998.7500230000003,qwuheuwh
2026-05-13 06:28:27,day,weather,72,0x9388da6e4a2e20a631844996c78b88e8ef2dad42,141.409401113706,956.4474620000001,0x9388Da6e4A2E20A631844996C78b88E8Ef2dad42-1774233092863
2026-05-13 06:28:27,day,weather,73,0x5ffea747575581e8d2dc5e23c47ab98c1638e48b,140.0480785330535,7659.739465000001,0x5FfeA747575581E8d2Dc5E23C47aB98C1638e48b-1777529589397
2026-05-13 06:28:27,day,weather,74,0x945a49252f772a10c6ddd1d1e1e24ee20438a48c,139.05581865922136,13064.972183000003,manual-trader-111
2026-05-13 06:28:27,day,weather,75,0x5d74f04b6c2bd9998c855918830d088b272e8117,137.19514000000004,0.0,0x3weth6a9
2026-05-13 06:28:27,day,weather,76,0xda8ec0db5b2e1b6d22516dd9bc6e139a6c9e3edf,136.71126546000005,0.0,Jamesb78
2026-05-13 06:28:27,day,weather,77,0x9006751a04d629f45cc0c15b26c5685a0e309fb8,134.1954082396295,3291.630514,rouba
2026-05-13 06:28:27,day,weather,78,0x31c518f864d1394361fec967b3daa9093a86ede4,132.99855436000007,0.0,BTCGambler247
2026-05-13 06:28:27,day,weather,79,0x52d7fa466a0fdcf9e5783c918fbc6dd073240ff9,132.79153752428334,2077.4105729999997,moneyboyorange
2026-05-13 06:28:27,day,weather,80,0x09a85cfe4d51e0cde12daa4d255b3f789fb447c1,131.78704869397552,3000.4045610000003,tenkiyoho
2026-05-13 06:28:27,day,weather,81,0x455c9361a86fcd9448951b409163fb04d2fae548,131.69676853000007,0.0,0x455c9361a86fcd9448951b409163fb04d2fae548
2026-05-13 06:28:27,day,weather,82,0xc17e2dff6789d5f5f1f4f4dd3f02f7fea743906a,130.43984752999768,942.1000000000001,KingBobbbbb
2026-05-13 06:28:27,day,weather,83,0xc34f6b088bb9172625ee1ea2ee8da9ac4f037d2e,130.4107127569987,5695.341142000001,StayFreshCheeseBags
2026-05-13 06:28:27,day,weather,84,0x73628b1ce2efbe7b701685f531f4d91007b6a780,126.94469717999993,0.0,PaulPad
2026-05-13 06:28:27,day,weather,85,0x8d0930676d559cc8fb7d8af0c555791c1820143f,124.15692968999792,36982.590000000004,vip68
2026-05-13 06:28:27,day,weather,86,0xa98f1a50432904510798116f68d93fa06919d282,122.61303491300806,243.124193,0xa98F1a50432904510798116F68D93FA06919D282-1774625508104
2026-05-13 06:28:27,day,weather,87,0x7554a0e8c373596406bd06f110df7750ee940b84,122.59120738149994,0.0,cucumberling
2026-05-13 06:28:27,day,weather,88,0xd24bd1c463eb479d1c91eae3d9e39abf0b38187d,120.76244256634163,2472.413469,WeatherNotPro
2026-05-13 06:28:27,day,weather,89,0x764b305694b026c1acce7bf862c3b5456a146bad,120.7170602176127,5071.127267999999,quietparcel
2026-05-13 06:28:27,day,weather,90,0xe4229506c9037cabb4b7eb706b9fdcc05de54d64,120.49299595400032,881.9186329999999,babbrs
2026-05-13 06:28:27,day,weather,91,0xc24307db60e64be7a809f4f461ffd27a4f0b5e94,119.52727434749977,0.0,eggsando
2026-05-13 06:28:27,day,weather,92,0xd5b97d08ec6098407bfbf66c2786ccc9967fe44e,112.06439971999998,0.0,Optimus-
2026-05-13 06:28:27,day,weather,93,0xa37a2bd25e985179d20b2e5add2a9ada5edca9e7,112.0,0.0,0xa37a2bd25e985179d20b2e5add2a9ada5edca9e7
2026-05-13 06:28:27,day,weather,94,0x1838cca016850ac7185a9b149fe7d0bd2d6629b4,111.39663609537092,7384.65874,JoeTheMeteorologist
2026-05-13 06:28:27,day,weather,95,0x9cc9d7766000d621e39dc9865a9920b1f224ac05,110.59906060000003,0.0,Opium-
2026-05-13 06:28:27,day,weather,96,0xe662df7f1fe61e16f3dddebc8203a059a8ff9406,106.3221,1900.0,Weathering.With.You
2026-05-13 06:28:27,day,weather,97,0x37e7a3abaefef459941fe8698ae39d03057ec2d1,105.79337999999996,0.0,NERO-HJ
2026-05-13 06:28:27,day,weather,98,0x14af785c657ec6c0f043fe89aba2a6c1a0a48acb,105.70632051000007,0.0,Hantaman
2026-05-13 06:28:27,day,weather,99,0x0886b39e5ef38fd23c070e214f739e730282b3a6,105.39925914000003,0.0,cyberhei
2026-05-13 06:28:27,day,weather,100,0xedc9775171d763e2723f77d11e07756b132bf0d4,103.94691938400003,0.0,diogohd
2026-05-13 06:28:27,day,economics,1,0xaf458bee32b8f1d9ba39ee876f20c7e3ce62ec7d,6366.912721313478,0.0,fed26
2026-05-13 06:28:27,day,economics,2,0x9d84ce0306f8551e02efef1680475fc0f1dc1344,2998.7991206623847,0.0,ImJustKen
2026-05-13 06:28:27,day,economics,3,0x0c0e270cf879583d6a0142fc817e05b768d0434e,2633.970165431325,26051.248689,The Spirit of Ukraine>UMA
2026-05-13 06:28:27,day,economics,4,0xb1ca909e848cc24ec4e220ce1c453bc290c51705,2436.089653082001,2099.0,NonceChaser
2026-05-13 06:28:27,day,economics,5,0xc8ab97a9089a9ff7e6ef0688e6e591a066946418,2366.9870633287937,221898.44029,ArmageddonRewardsBilly
2026-05-13 06:28:27,day,economics,6,0x182bd8bf2f11a572c4ec686aae3a0d919adcf3d3,2109.776449799974,0.0,peoplearestrange
2026-05-13 06:28:27,day,economics,7,0xee1706b93845d50ea60e49219be7311a2ebb6ea1,2050.01074693998,0.0,jwerhor
2026-05-13 06:28:27,day,economics,8,0x96489abcb9f583d6835c8ef95ffc923d05a86825,1326.8687433348969,30503.163127,anoin123
2026-05-13 06:28:27,day,economics,9,0xc6d0ff59ef83e7d6210c47d20408eb27b7844bad,1307.4352945000064,0.0,strategy1.2
2026-05-13 06:28:27,day,economics,10,0xc0ff6a9ac424210cf218fda5c5753324c34a9953,1265.8966413700073,0.0,Runaround
2026-05-13 06:28:27,day,economics,11,0xc96cb25888f25ab1929b575834a6c406234f6a98,1190.8345585820193,132750.0,James000
2026-05-13 06:28:27,day,economics,12,0x2e0b70d482e6b389e81dea528be57d825dd48070,1137.5794918500033,0.0,Trump2028
2026-05-13 06:28:27,day,economics,13,0x9e7e57fbc4dd03dc7b0eea98f1f01bc100083e1d,1104.04481146322,8531.23,mcorleone
2026-05-13 06:28:27,day,economics,14,0x1a3fb05e94caef23e28905767cd603eb574a6dea,1036.7318331899914,0.0,alextalley
2026-05-13 06:28:27,day,economics,15,0xf9c1190aa8184bcbe418e6f5321c53b0bfbc39e2,1007.8518809399975,0.0,AdrianCronauer
2026-05-13 06:28:27,day,economics,16,0x531b6a892346bdad09a2f2197ea202fb41a132b6,1000.0,0.0,baws
2026-05-13 06:28:27,day,economics,17,0xf4f3476be6e5b2de3a7e1bc849ff4b047bef330d,941.7424652749942,0.0,nada
2026-05-13 06:28:27,day,economics,18,0x7523cafcee7bcf2db9a79d80e0d79b88a9a54c4c,878.96530471,0.0,DonaldinhoTrumpito
2026-05-13 06:28:27,day,economics,19,0xdd9c961288a032098076267bd665d407dac231a0,871.684603909518,0.0,hippoka
2026-05-13 06:28:27,day,economics,20,0xa309f903dbbd559e87d8d368834b8e41355c4cf2,855.2771701750021,0.0,dlkf
2026-05-13 06:28:27,day,economics,21,0x436f969d99c90191fbc2c629e6b7a1b754402c7f,780.3053111700065,0.0,0x436f969D99c90191fBC2c629e6B7a1B754402c7F-1772236065502
2026-05-13 06:28:27,day,economics,22,0xcca90a5d3c8f2d6663817e3650d6adbe9ab44c9f,722.0776589249963,0.0,0xcCa90A5D3C8F2d6663817E3650D6aDbe9aB44C9f-1772395966516
2026-05-13 06:28:27,day,economics,23,0x8e77537e059837d3c2ca5b4efe75e74e9498c4f3,711.4661311149976,0.0,dwpoker
2026-05-13 06:28:27,day,economics,24,0xa46c59f6fcd722fd8d40a0fd2044720cbf9e8f85,690.0135556950045,0.0,JoeMamaBruh
2026-05-13 06:28:27,day,economics,25,0xbe482cd6e5183be8767f03b48ebc3ff35769683f,675.2995160000064,0.0,0xBE482CD6e5183BE8767f03b48EBc3FF35769683f-1768081000582
2026-05-13 06:28:27,day,economics,26,0x96b59f71f635da5da031e3e93448c54fe226f5e7,649.9999999999709,0.0,ExhaustedBoyBilly
2026-05-13 06:28:27,day,economics,27,0xf66166919d7d7afc3406d2dd36dd954a2f822259,559.9991809200001,0.0,suvorov
2026-05-13 06:28:27,day,economics,28,0x4d1bcbaeed22c6da173b1a356c3c6d2270081419,474.65761743500025,0.0,RolandChang
2026-05-13 06:28:27,day,economics,29,0x7bb244d0c70293e66dee84f3d0623fbbbf7d682c,405.25002620000305,0.0,WongKimArk
2026-05-13 06:28:27,day,economics,30,0xdbf16bcffa41bd95faec2640daa2c95ab2bd86b5,374.3812072377814,36864.863329,UnderperformingForALiving
2026-05-13 06:28:27,day,economics,31,0x879752bca887bc247ba883a52bc45e9c6be6bbbe,370.08023479999974,0.0,singularityman
2026-05-13 06:28:27,day,economics,32,0x41e8266341517750bec28829015b5289fe00b994,365.9645999450004,0.0,0x41E8266341517750bec28829015b5289FE00b994-1766188710954
2026-05-13 06:28:27,day,economics,33,0xe87f2c8db31af60d9b8fb28bc390fd891cb67d85,346.3846264099993,0.0,0xE87F2c8DB31af60D9B8FB28bC390fD891cB67d85-1767548376380
2026-05-13 06:28:27,day,economics,34,0x939252e684cbf88736f1d6ffb3ac478377b8c94d,340.39465618250006,0.0,GoodDogGoodDog
2026-05-13 06:28:27,day,economics,35,0x9c987f84d18a4dd640909409b31212fbb805f4f4,330.1997720899999,0.0,Moonshot1019
2026-05-13 06:28:27,day,economics,36,0x7b02b2bac2a30ed5e40b7094e734f4c3dc2a4991,328.731300000014,0.0,foodenjoyer
2026-05-13 06:28:27,day,economics,37,0xe2b1fc269d0c2e27da11fadd1d9596fe28227d2a,326.0946443300054,0.0,New.Jeans
2026-05-13 06:28:27,day,economics,38,0xfc915907cf315161de19dbd0390787bdb84931eb,316.83785000000034,0.0,0xfc915907cf315161de19dbd0390787bdb84931eb
2026-05-13 06:28:27,day,economics,39,0xb8ee94bd599a92d4747dda5f3bc6d2b243349e81,311.85851463999643,1000.0,0xB8eE94bD599A92D4747DdA5f3bc6D2B243349e81-1765943326811
2026-05-13 06:28:27,day,economics,40,0x30df0ee90ad040dbaff5441a6be7d999a16a28a9,302.3434615199976,0.0,0x30df0ee90ad040dbaff5441a6be7d999a16a28a9
2026-05-13 06:28:27,day,economics,41,0xb661ed6e6d3f76f1db9d0a6acf80b4bbe6ebaa83,299.6717828000001,0.0,lolilolkikoo
2026-05-13 06:28:27,day,economics,42,0x6bab66c4bb24c96ed14dcca0f0979b38a6830fe5,291.0270666200013,0.0,0x6bAB66c4BB24c96Ed14dccA0f0979B38a6830FE5-1760703674960
2026-05-13 06:28:27,day,economics,43,0xe961babbccae0be01c2f6b5f28f8d002e332ef1b,272.760860479998,0.0,Kryptogram
2026-05-13 06:28:27,day,economics,44,0xfdc07e182e6f959256295567e450a8727272fa79,269.99349334000726,537246.14,FedWillWin
2026-05-13 06:28:27,day,economics,45,0x225b7c9aaf6108ded29b9fda9939aa671ef6422a,268.36410520999925,0.0,0x225b7c9Aaf6108deD29b9fdA9939aA671Ef6422A-1756591558414
2026-05-13 06:28:27,day,economics,46,0x8c66e28fbe7ede7f57ba6cbc70408dff442944f3,263.3528301699989,0.0,0x8c66E28FbE7Ede7F57bA6CBc70408DfF442944F3-1777220320442
2026-05-13 06:28:27,day,economics,47,0x2c41d0ca2b4b2344912eead711f28cd4dcff133e,262.71819999999025,0.0,lineth
2026-05-13 06:28:27,day,economics,48,0x6ca3bbd21ece8efe616738d04c5664f746be590f,262.68584833000205,0.0,DaOnepiece
2026-05-13 06:28:27,day,economics,49,0x879247bf7570a40d193dd3bb9118820e0b194174,258.6174164500021,0.0,hosoon123
2026-05-13 06:28:27,day,economics,50,0x5235578efe24555b0c98e7dc10a902b09089c04a,253.39356057644545,137.0,back-in-whack
2026-05-13 06:28:27,day,economics,51,0x75e765216a57942d738d880ffcda854d9f869080,249.9975107499995,0.0,25usdc
2026-05-13 06:28:27,day,economics,52,0x1521b47bf0c41f6b7fd3ad41cdec566812c8f23e,245.0,490000.00000000006,alliswell
2026-05-13 06:28:27,day,economics,53,0xf5c49ad254b1d53ea0b86fb285dd3f11dc800926,237.525033549995,0.0,0xdamocles
2026-05-13 06:28:27,day,economics,54,0x29d337076f24d135b7b2b08796edfff4e32cb2ed,235.51788579999902,0.0,PancraceRoyer
2026-05-13 06:28:27,day,economics,55,0xbd38f8143f87f484d7f039626b5064b10f0e99d4,232.37741919106884,11693.86,liberateme
2026-05-13 06:28:27,day,economics,56,0x61e7e940dc615fd3e409a2ca4c5ee7f57e1f6e8b,222.21323352500053,0.0,jimbobianthethird
2026-05-13 06:28:27,day,economics,57,0xd6289d12736536235cf0793f273692c066f39356,221.80869604499003,874.79,Geeman
2026-05-13 06:28:27,day,economics,58,0x4f0e8b2ebadaa5acb3c1f8b14d43608f3fd48775,219.5177333000015,0.0,vitamin.eth
2026-05-13 06:28:27,day,economics,59,0x5529bb3ddb164c1b1781ed58a5c3b4c2d02686d2,216.5412616200001,0.0,RUMBLED
2026-05-13 06:28:27,day,economics,60,0xab8f49a32aa63b75d8da76777bc1e4be444406d6,215.78462850999676,0.0,lazercrazer
2026-05-13 06:28:27,day,economics,61,0xa44398d602a284b246bf871bcf063a87d9e900c6,205.01543631000095,0.0,RMI9001
2026-05-13 06:28:27,day,economics,62,0xd3ecb2aee0d65622da559ff356b00e8c2e626603,204.81939202999638,0.0,sabsabinxz
2026-05-13 06:28:27,day,economics,63,0x06b6872ce4b3cdb90049657cd2937a518a38eba6,202.2734557825001,111.0,123pocky
2026-05-13 06:28:27,day,economics,64,0x614dc8d3542c12103d2c6a3553fd761e391d1546,199.99926499000105,0.0,mr.ozi
2026-05-13 06:28:27,day,economics,65,0x963137a0ba0b02ebf6f37710023cc1b0303289a1,194.55869999999777,0.0,0x963137a0BA0B02EBf6F37710023Cc1B0303289A1-1764031525036
2026-05-13 06:28:27,day,economics,66,0x9e7296fc4776144f60db9a5943ff2051696599c4,193.00354640999785,0.0,carlos484
2026-05-13 06:28:27,day,economics,67,0x42abb0c4c00b3ca9c0e5dea7f5c4459d23673e26,188.03344700999742,0.0,brainlag9000
2026-05-13 06:28:27,day,economics,68,0x027e587a1086809d1a00f22216bef6a808f1c97f,187.55302977000065,0.0,AndreasSchm
2026-05-13 06:28:27,day,economics,69,0x3b7ed1242417f4b8f6992b5dd53aa9415a2c23eb,187.5,0.0,phdcapital
2026-05-13 06:28:27,day,economics,70,0x859babdb4d05c59c9fc013b05efe8f6ddb6b6bba,184.52694039000198,0.0,voidemir
2026-05-13 06:28:27,day,economics,71,0xf284ad6d607f777f34bc643cea587c33a886b9f9,184.1011839499988,34820.22,strike123
2026-05-13 06:28:27,day,economics,72,0xc4b2930b0feb1c0fab13c0b75c9fef34fea09a9b,183.45524999999998,0.0,datajesse
2026-05-13 06:28:27,day,economics,73,0xb2d33c021c5d4c1d447fb191cf26f7d966839633,176.33780723000018,0.0,bobboberson
2026-05-13 06:28:27,day,economics,74,0xb1a1985278c50a25758e2e25a217d084706add34,175.10407125999973,0.0,.brain.
2026-05-13 06:28:27,day,economics,75,0xa50314168a90c6efd197ca6a8c3b3741544c2342,169.99976898500063,0.0,qwerty12345678901
2026-05-13 06:28:27,day,economics,76,0x453ae5e896ea243f332ed97c1c77bf2888ce81d2,168.03861817000035,0.0,5038813185
2026-05-13 06:28:27,day,economics,77,0x3b01eb02b73826e28308e2bd951fff0101512026,164.83237506298065,800.0,GypSea1
2026-05-13 06:28:27,day,economics,78,0xf1bf47707b8e4cec6292eaa6bc47dc25871411d7,164.32016950000252,0.0,mikemoneywire - 20419
2026-05-13 06:28:27,day,economics,79,0xcd91a549956854fdc38efad7e80ff5da8f5432b8,162.17163986049218,0.0,Novus0rdoSeclorum
2026-05-13 06:28:27,day,economics,80,0xdbade4c82fb72780a0db9a38f821d8671aba9c95,157.77108851299272,0.0,SwissMiss
2026-05-13 06:28:27,day,economics,81,0xd1eed20edd22a289839379e89e3470ea1742a8ae,157.19249283600038,600.0,chefradish
2026-05-13 06:28:27,day,economics,82,0xe8dd7741ccb12350957ec71e9ee332e0d1e6ec86,145.97970530349994,0.0,influenz.eth
2026-05-13 06:28:27,day,economics,83,0xe617861a96631d7cefdb1ad43e95c33b5946f251,143.34092798500023,0.0,0xe617861a96631d7cefdb1ad43e95c33b5946f251
2026-05-13 06:28:27,day,economics,84,0xdf17f4a8dd01a4cfa6fc3da323a2baee5f8697d1,141.85006488999898,0.0,Quick-Parcel
2026-05-13 06:28:27,day,economics,85,0x26572868adcee0e5136dc8d33756e9879d0d42e6,141.47640627199962,0.0,0x26572868AdCeE0E5136dC8d33756e9879d0D42E6-1771354638297
2026-05-13 06:28:27,day,economics,86,0xe7a3cd81b59acfa06d21df09beb57b84b794e60a,140.9656193075025,0.0,MKIsabella
2026-05-13 06:28:27,day,economics,87,0x06aaa4fb2479d4d9611e5006d8c96974eb89fbf3,140.1141173660003,113.33,TooLateJerome021
2026-05-13 06:28:27,day,economics,88,0xd14aa86fa6cac2e09edd9944f5c0c0d48634a8ad,137.99992595999947,0.0,l3t0
2026-05-13 06:28:27,day,economics,89,0xd902d85156fe7b309c12299375c00d86ea83cdb9,136.62378209999997,0.0,Shovelface
2026-05-13 06:28:27,day,economics,90,0xe9130925779ee85a19d205fc436af2c51501ffb5,135.14382726999975,0.0,0xe9130925779Ee85a19D205FC436af2C51501ffb5-1772934701702
2026-05-13 06:28:27,day,economics,91,0x0ffcad4963e25dc150774363f4061ebe840c8236,134.6609934871958,50.05,perfectnostalgia
2026-05-13 06:28:27,day,economics,92,0x4310af9b5962303768de4f432d06e8ea3d2c37e1,133.18427500000007,0.0,aoidwa
2026-05-13 06:28:27,day,economics,93,0x1cfc260bfa2b5ae89377863180ca3b4f5c862111,132.93651771995883,0.0,lissartter
2026-05-13 06:28:27,day,economics,94,0x09a5d3b75f908d780f2070ac270eabd6cf83caaa,132.73740503999943,389.40752499999996,powangly
2026-05-13 06:28:27,day,economics,95,0xa8e6bb7bb8244be1dbe54d4c69e0f3f6e66d18df,131.7386599500005,0.0,CashMakerDollarz
2026-05-13 06:28:27,day,economics,96,0xa651934a619ba5c30d626cc62b9d6f2c2a861fd0,129.9997600050001,0.0,boomlife
2026-05-13 06:28:27,day,economics,97,0xc33d05041c15570829f6a28195dba8538df41b02,128.7093696249999,0.0,BetZilla
2026-05-13 06:28:27,day,economics,98,0x8333521ed10e5c714960cde86e43b0a93e9def3e,128.34080549999817,0.0,0x8333521Ed10E5c714960Cde86e43B0A93e9DeF3E-1772404534081
2026-05-13 06:28:27,day,economics,99,0x69743b2bbbabf6605369544c9f68487873906256,126.99989999999934,0.0,AsukaSoryu
2026-05-13 06:28:27,day,economics,100,0xd64e1a97d46f2ba860a56470ac6f47e5bcda5516,125.00000000000045,0.0,uprightuser
2026-05-13 06:28:27,day,tech,1,0xacbca1cf43bd198e734089f198f3725281577cc3,387.91846000000055,0.0,l7vznt3mcgyhoerusnp7veayprtcogn64wvznuykch
2026-05-13 06:28:27,day,tech,2,0x3ab5ad27c676c4be1218397912eab5396e6de56f,366.98106090000056,0.0,Obamnna
2026-05-13 06:28:27,day,tech,3,0x1c0227bc2f91f70f0982db198d00ad3345e5e658,322.52938793,0.0,kc06fpkxdpks
2026-05-13 06:28:27,day,tech,4,0x5847c7522ea5027152f75e64dae14a12d0f45420,300.0000000000009,0.0,EmptySea
2026-05-13 06:28:27,day,tech,5,0xaa99a6c279d34492683db6ff1818aa1f8485dbbf,218.54755721999993,1699.82,willsom
2026-05-13 06:28:27,day,tech,6,0xa27a9cdd124609afac62a45a7fea8713130c4cde,205.0302046500001,0.0,Jungerrespecter
2026-05-13 06:28:27,day,tech,7,0x36901eb0f21519cc9055662a6d2483e96da1e16f,203.84715109564036,2594.952187,melchior1248
2026-05-13 06:28:27,day,tech,8,0x5afe3dd82317090c2f2eae0370049878669caf69,149.99756249999973,0.0,krokotuk
2026-05-13 06:28:27,day,tech,9,0x63bf159cea68e4cdb63a66140a249d19cf8ee319,134.99858325000014,0.0,Skirk1123
2026-05-13 06:28:27,day,tech,10,0x220275250913a0af18fea9b24a2ce1fd85328787,119.7842999999998,0.0,aangelika
2026-05-13 06:28:27,day,tech,11,0x2110ba2a1e18840109482ff4ddc547baeff45850,88.92357215199809,0.0,George.Smiley
2026-05-13 06:28:27,day,tech,12,0xc6dd722558dbfbd8fa780efcbe819ed8c6604b9f,88.65642773699983,0.0,tourists
2026-05-13 06:28:27,day,tech,13,0x9f4b897e75cc6de3ea741d5c0ace40d3f56df9bf,85.14256506000021,0.0,jijodebot
2026-05-13 06:28:27,day,tech,14,0xfc7612db87dc5d3b234fb673eda2858f9de00ad0,83.73570000000109,0.0,lisra
2026-05-13 06:28:27,day,tech,15,0x05c4d6c877616a00a02080471c6dfb831f70003f,79.8173999999999,0.0,0x05c4d6c877616a00a02080471C6dFb831F70003f-1773527482449
2026-05-13 06:28:27,day,tech,16,0x65943f448ff4278f07692269e295388b72989a61,78.25808608000007,0.0,wenzhu
2026-05-13 06:28:27,day,tech,17,0x01de00486455b126bc2406a5b1b8d8625e80a558,77.21236736799847,844.4200000000001,FermatsLastFruit
2026-05-13 06:28:27,day,tech,18,0x154794795d978c5890b3f69264311f0bd966d066,75.05852973199967,0.0,PMTraderAdam
2026-05-13 06:28:27,day,tech,19,0x5235578efe24555b0c98e7dc10a902b09089c04a,74.41809588000251,3833.02,back-in-whack
2026-05-13 06:28:27,day,tech,20,0x21392bf2b3ea167297d1fb26c9c641477b699df0,73.75837245000025,0.0,0x21392bf2b3EA167297D1FB26c9C641477B699DF0-1765356683038
2026-05-13 06:28:27,day,tech,21,0xdb405a9ad581a23c68a32b5d5869d4ad5ae73612,70.98350060000001,0.0,DooBieZ
2026-05-13 06:28:27,day,tech,22,0x21f90e5ff30c12f52fbb2fb220aa268f22faed12,70.00394449999976,0.0,gandalf
2026-05-13 06:28:27,day,tech,23,0x728b2892b251d0c9d07d8583bdfc8637e40efd3e,69.19380690000162,0.0,obamaosama
2026-05-13 06:28:27,day,tech,24,0xabbeb2bdd30ba5c51cb14168b068103961648f37,67.05416742000011,0.0,mamai
2026-05-13 06:28:27,day,tech,25,0x5ecde7348ea5100af4360dd7a6e0a3fb1d420787,62.87036471999454,0.0,Mujurry
2026-05-13 06:28:27,day,tech,26,0xdc83474bc4cdf4d037f8be1eca21cfa290aabcd2,60.37600842000006,0.0,0xdC83474BC4CDf4d037f8BE1EcA21cfa290aaBCD2-1772195983959
2026-05-13 06:28:27,day,tech,27,0x5edc7bba7516cd28dc886ad576ba197bb114bbad,60.02373028549994,0.0,Tee1000
2026-05-13 06:28:27,day,tech,28,0x2034cebc6dbce25870a695ac54ca0604d83d8dae,60.0,0.0,StephenASmith
2026-05-13 06:28:27,day,tech,29,0x256ee70d4a3e131f01915d2a5976ecf77bf53e44,59.99993526000003,0.0,mky-2025
2026-05-13 06:28:27,day,tech,30,0x8f2100aa027be80f8ad7106d21a9f95a26a5b935,59.62405263000005,0.0,bonebot
2026-05-13 06:28:27,day,tech,31,0x41f34763a4cca3681d05024b8a23ec883b3b6202,57.614908215000014,0.0,grapygroyp
2026-05-13 06:28:27,day,tech,32,0x73d225c851df25d73b14846a370bdeef9434f9b7,57.297470017999785,0.0,Dapsy
2026-05-13 06:28:27,day,tech,33,0xc3262aeb0bd81deab067726635f5b5bd39201db1,57.15928467200047,500.1,X-Rabbit.Sezu
2026-05-13 06:28:27,day,tech,34,0x368d8fceb19d891b47daf036c5fe9d8a73478fd1,56.325804947999984,0.0,Wineverything
2026-05-13 06:28:27,day,tech,35,0x6a41aa1eac2164eb8fbebaecb0775747d559419c,53.374695299999985,0.0,0x6a41aa1eAC2164Eb8FBebAECB0775747d559419c-1773883524794
2026-05-13 06:28:27,day,tech,36,0x47e7c056f2428aeff262f542fc11aeb5b965ecbf,52.91554981999988,1302.11,Yurion0
2026-05-13 06:28:27,day,tech,37,0x6c0e409b3b6c25f694bd297388581ff3364c2c0a,52.085556899999915,0.0,FrenchToastDoge69
2026-05-13 06:28:27,day,tech,38,0x92a72063137ecefd14935f049d79247a319085c0,47.66225793000012,0.0,schmoop
2026-05-13 06:28:27,day,tech,39,0xa7034f35042c92e8878f26c98953b3627ced6a73,46.875,0.0,TheEvilMoneyDestroyer
2026-05-13 06:28:27,day,tech,40,0x87ecbd4bfae18995e7ec7f9094ecb22407921ee8,46.57781535000004,0.0,r2mx
2026-05-13 06:28:27,day,tech,41,0x3f73b7ace2bb5c65705bf0b7ec5f40693ae8acef,43.97699999999986,0.0,0x3F73B7Ace2BB5C65705bF0B7EC5f40693Ae8acEF-1776633856762
2026-05-13 06:28:27,day,tech,42,0xbbaaf5c98a1ed5d24c32a64426f8a79b1f84cbea,40.42190109000012,0.0,SST-148
2026-05-13 06:28:27,day,tech,43,0x21405be22aa7fc6983d91113b79d94cd73c35790,38.810875829999986,0.0,Entropy8
2026-05-13 06:28:27,day,tech,44,0xd5b97d08ec6098407bfbf66c2786ccc9967fe44e,37.704008214997884,0.0,Optimus-
2026-05-13 06:28:27,day,tech,45,0x396f35c4d4f84c0a6c5f3b13e40e1de550367f78,35.39687363999997,360.0,lranon2nd
2026-05-13 06:28:27,day,tech,46,0x5b6331e7ff0831a3fe2ed12004747db1a9c911a4,34.265036878999126,0.0,neutralwave23
2026-05-13 06:28:27,day,tech,47,0xe8739d8052b0bd7e86875028d2b919fdffe39532,32.31388884000012,0.0,elyashib
2026-05-13 06:28:27,day,tech,48,0xd0f86659dc92dc80302ace04fbf4e93d74696b50,31.738722869999947,0.0,0xd0F86659dc92DC80302aCE04fbf4E93d74696b50-1757755172744
2026-05-13 06:28:27,day,tech,49,0x1d0c5ced6459c59f4e4ab3e34619873c8b6d39a7,31.264418750000004,0.0,Aniallator114
2026-05-13 06:28:27,day,tech,50,0x07d4245464dc4fa05d0b3f084d82482462dc8991,31.12935580992962,232.42000000000002,Wojtek
2026-05-13 06:28:27,day,tech,51,0x6b17d237e6b7f74ce8171d6dc68e07bc21c803b2,28.757173190580062,596.0,rocky42007
2026-05-13 06:28:27,day,tech,52,0xd49b42bce7ea10bac53e2901c188cae20ea4bdf9,27.494723435050446,5611.102008000001,i18z
2026-05-13 06:28:27,day,tech,53,0x4e522cebe2f9a06581cf7fd3b85fef8483cff6d5,26.450315700000033,0.0,ntlmdy
2026-05-13 06:28:27,day,tech,54,0x75e9bc7fe7460eb0638f9e323dadeff60e08c938,26.349069249999985,0.0,nbnygu
2026-05-13 06:28:27,day,tech,55,0x96489abcb9f583d6835c8ef95ffc923d05a86825,26.005600185948424,6259.04,anoin123
2026-05-13 06:28:27,day,tech,56,0x60fc80c41e2b2b215506d2e47215aceb03a5a72f,25.69999999999999,0.0,gammasq
2026-05-13 06:28:27,day,tech,57,0x9c660d56752ef267126a29b40d35031a8b2321eb,25.49465449000013,0.0,cityBoiii
2026-05-13 06:28:27,day,tech,58,0x50b9e4ca59b767769cc2de13ad9fc688de1d4467,25.223100000000045,0.0,ShunTheNonBeliever.
2026-05-13 06:28:27,day,tech,59,0xeb1d1cd1b31070fb34b1d1de20d700f59c9959b0,24.446438750000027,0.0,1DVSBSTD
2026-05-13 06:28:27,day,tech,60,0xefddc1d3285d0fe1b9f2aa06e04901f527a08370,22.224951004499985,0.0,vino1234
2026-05-13 06:28:27,day,tech,61,0x389a21fa2e2445c7f8b915b45b9b009bd641397d,22.1576666,0.0,SPY-KT
2026-05-13 06:28:27,day,tech,62,0x9aeb534c42b58b21673d5e03e9da14fbd15b2729,21.365078627999537,500.0,The-Joker
2026-05-13 06:28:27,day,tech,63,0x9d84ce0306f8551e02efef1680475fc0f1dc1344,20.838127990005887,0.0,ImJustKen
2026-05-13 06:28:27,day,tech,64,0xa2f75d5ba0cf3e9289d4c290374936a8bc1c10d3,20.22965956999999,0.0,cplyrcmol2
2026-05-13 06:28:27,day,tech,65,0x9652eabdae7d1d8562b4307524ca89462acdd0a0,20.218502029999996,0.0,0x9652eabdAe7d1D8562b4307524cA89462ACDd0A0-1769128632360
2026-05-13 06:28:27,day,tech,66,0xc90c50c497abfc307af45794e6f4f942d0dc9bb7,20.07533989999996,0.0,LSLouis
2026-05-13 06:28:27,day,tech,67,0x19167bff74cadaedf6dd31953a0fd79d86d3b8ed,20.0,0.0,datawitch
2026-05-13 06:28:27,day,tech,68,0xa069f9a1574dc81839b824a2a3737bcc428e1e59,19.832768820000013,0.0,o0most0o
2026-05-13 06:28:27,day,tech,69,0x82f6f474de0f3164da52a10fd01d6bb68d3fe5d4,19.477611749999994,0.0,Boobiiboooo
2026-05-13 06:28:27,day,tech,70,0xfab2b625b4ba0a77c43b4031efc448c85ddb2517,19.149199949999968,0.0,0xfab2b625b4ba0a77c43b4031efc448c85ddb2517
2026-05-13 06:28:27,day,tech,71,0x022be080a2431763ef1d8e1d099640a8af5335ae,18.83794895999999,0.0,0x022bE080A2431763eF1D8e1d099640A8AF5335aE-1777504573500
2026-05-13 06:28:27,day,tech,72,0x2d613c30614b68eada0a37d65bddf3778d981fa7,18.60718121000005,0.0,generalVR
2026-05-13 06:28:27,day,tech,73,0x5874f18a2ca6558ac8671f491f3f99498fd36b11,18.42120000000005,0.0,BopitPassit
2026-05-13 06:28:27,day,tech,74,0xb2ca88cd9c431a0f1223029088beb0cf4f035fb0,18.268602275000035,0.0,IceFrosst
2026-05-13 06:28:27,day,tech,75,0xa8c63f775ddbbe66b56614191747def3021444e8,18.13746185999935,0.0,Tenebrus7
2026-05-13 06:28:27,day,tech,76,0x6ac2c9bf70433bc28f423efee8fe182554a59a51,18.066801459000004,0.0,jhgyggnf
2026-05-13 06:28:27,day,tech,77,0x924d812cfe6d158bff7faffd5978f3bfc935bfba,17.999792249999985,0.0,0x924d812cFE6D158bFF7faFfd5978f3BfC935bFba-1762064022398
2026-05-13 06:28:27,day,tech,78,0x75e5a1adec477458cb86ecb1ec827e3857d60059,17.8381,0.0,Vilmarprocopio
2026-05-13 06:28:27,day,tech,79,0x0224bb9eb0a5c9fd261ac9123a72cbdd5748292a,17.809119999999893,0.0,zb8
2026-05-13 06:28:27,day,tech,80,0x2ef6acb2142bbb17608df9619d0eba29fa52c761,17.769056550000073,0.0,ilmari99
2026-05-13 06:28:27,day,tech,81,0xc8caa4b9d7b8d61c1eead1f6d7130c74f8e2960b,17.29559999999998,0.0,btacc
2026-05-13 06:28:27,day,tech,82,0xdfbdb1a17d77eacb13748a2a49400a781e0992da,17.071624585681036,229.329129,BetALot
2026-05-13 06:28:27,day,tech,83,0x8c76c4787bf236398d2d1a42dd3e8af1393206ac,17.065931720000435,345.0,MajoriT
2026-05-13 06:28:27,day,tech,84,0x0f607897e7a3e05ae15e7a99e57856454d17026a,16.965574870000076,0.0,hellokittyhellokitty
2026-05-13 06:28:27,day,tech,85,0x731c34cd5ea5a7ba7c8101b9978724cbb57a637d,16.76105179550001,0.0,RiskyyLemon
2026-05-13 06:28:27,day,tech,86,0x2c4465c9493251fa215adb034fe9699cc22f72bc,16.66466195999999,0.0,Oblyvion
2026-05-13 06:28:27,day,tech,87,0xae234bfddf7eee7c687a25c425532838eaee142e,16.41529171500042,0.0,0xbandit
2026-05-13 06:28:27,day,tech,88,0x1cd147d1dfd1f129409bdaca9a543b217ea39c20,15.618056850000016,0.0,0x1Cd147D1dFD1f129409BDaCa9A543B217ea39c20-1730764125093
2026-05-13 06:28:27,day,tech,89,0x77e283fa721f66673cd4ac25008e9da7ef767017,15.206892749999966,0.0,oceelysium
2026-05-13 06:28:27,day,tech,90,0x81329dec1ef9858dd5ec2a306a9c2008b80e8219,15.086832999999984,0.0,0x81329deC1Ef9858dD5EC2a306a9C2008B80e8219-1763592822811
2026-05-13 06:28:27,day,tech,91,0xb20d26cc96515f773073dd270aab7e12bcb4db55,15.0,0.0,jaedung
2026-05-13 06:28:27,day,tech,91,0xda9a16c69b43ca66f11d0aec87961f3839f9c6d8,15.0,0.0,llyrarianrhod
2026-05-13 06:28:27,day,tech,93,0x4d21eda0e03214fdd911c47196c65cd4df12b569,14.999399910000022,0.0,bloom0807
2026-05-13 06:28:27,day,tech,94,0xc4567fe2a835b23f40db07f567ba0efbbdc98996,14.99787225,0.0,gydmasg
2026-05-13 06:28:27,day,tech,95,0x2bafa51c39aab13aa69325cb78d8c3fe02a98784,14.981311349999942,0.0,dominique-crispin
2026-05-13 06:28:27,day,tech,96,0xe617861a96631d7cefdb1ad43e95c33b5946f251,14.660203610000238,0.0,0xe617861a96631d7cefdb1ad43e95c33b5946f251
2026-05-13 06:28:27,day,tech,97,0xe4b6e9e514f2f2e1c73bf59290f10acc7f0689a5,14.610643432500025,0.0,alwaysbear
2026-05-13 06:28:27,day,tech,98,0x3606f455cf588c84453f56e749cd15bca4f14e08,13.969680733000018,0.0,0x3606F455cF588C84453f56E749cd15BCa4f14e08-1760889589657
2026-05-13 06:28:27,day,tech,99,0x2e8b2f45648ec1d3e791031e705026a6ecbaed36,13.432835790000013,0.0,Hapdogg
2026-05-13 06:28:27,day,tech,100,0x292b49daabc5574b623276a629f5bafd2df5b004,13.358487800000006,0.0,cbfty5464
