timestamp,timeframe,category,rank,address,pnl,volume,userName
2026-07-15 05:36:02,day,overall,1,0x4ab9b54427ec4b7f3646b1a0ef1bed73bc708ebe,102266.86937,0.0,RWCS
2026-07-15 05:36:02,day,overall,2,0x6c3aae17140c5e3cde62380daaa323e38575c459,100287.227136,0.0,AvrahamEisenberg - 10161
2026-07-15 05:36:02,day,overall,3,0xa8cf2ed8751f4e58ad039e1b68a8b58b4395031f,85547.41699299995,0.0,
2026-07-15 05:36:02,day,overall,4,0xe9076a87c5ed90ef16e6fe6529c943baeca0cff6,70691.34593415806,534681.5087099997,suntori
2026-07-15 05:36:02,day,overall,5,0x9e3ed7b661a903fc97afcf49e0f014ebe869f882,66396.82267657916,421079.432829,0x9e3ed7b661a903fc97afcf49e0f014ebe869f882-1783406009396
2026-07-15 05:36:02,day,overall,6,0x3d8a89a20aa73fba0f30d080e8120de9f9555724,50770.120208414,0.0,Poyo
2026-07-15 05:36:02,day,overall,7,0x5dab5ed9691fab220535891d9c7f5c28eed322e1,38000.05567379991,0.0,Supremeleader75
2026-07-15 05:36:02,day,overall,8,0xa7b7505abe2fdcc497c00074534f7fbd7e07962e,37062.33496236615,0.0,gud.hl
2026-07-15 05:36:02,day,overall,9,0x060f34e5aa82cc11c2a54c9edf3e6a0632925a9d,32580.73654827968,159887.03086899995,alexfire97
2026-07-15 05:36:02,day,overall,10,0x9b9ff79cdc3c6dc3abbc494b06ea577567bea26a,28489.839371000035,0.0,BigFishSushiChief
2026-07-15 05:36:02,day,overall,11,0x2c335066fe58fe9237c3d3dc7b275c2a034a0563,27505.79752899996,830766.0301399999,0x2c335066FE58fe9237c3d3Dc7b275C2a034a0563-1759935795465
2026-07-15 05:36:02,day,overall,12,0x0f35109cc3ceaf729609c3109310791bd616c84a,27254.641564000005,0.0,
2026-07-15 05:36:02,day,overall,13,0x7d6d24d5d9393cc2dd566a95a1cccbe0aa882654,24093.56531032524,27379.01,0xe11Ff8cd2718F51a4d9403D166c20eaAAbE253F4-1777047101622
2026-07-15 05:36:02,day,overall,14,0x782186952ef2ca75ea91c95aef25bbdcffb4bb1a,23607.800415098933,0.0,thif - 33063
2026-07-15 05:36:02,day,overall,15,0xd202bf6d89dc6bab1b9f00ead175f75466348973,19888.409999999916,0.0,meoooow
2026-07-15 05:36:02,day,overall,16,0x95b198f900d19a80d3d7e47b7b17708af254f9ac,18124.591877,0.0,thepicklebomber - 3805
2026-07-15 05:36:02,day,overall,17,0x999df5626bb87b2b1f5a06a134b8e8c22477a1e1,15901.369398469997,7.48,hfxtdgd1
2026-07-15 05:36:02,day,overall,18,0x620d7e06ce27d16532c061eba9b46c7e1833c67f,15142.780579913975,0.0,tankjack
2026-07-15 05:36:02,day,overall,19,0x7fb23b0d330ea4ac4f3cecce1eb81fb0bfb3ed4b,14768.168524999995,0.0,
2026-07-15 05:36:02,day,overall,20,0x04f661add03f080541db83c0f72eb28c8351f24a,14416.084779810015,22900.67,bvrs
2026-07-15 05:36:02,day,overall,21,0x4f70929ba287ac85dc2431c85382ccd9e6b0d185,14234.245540373948,0.0,Lance Uppercut
2026-07-15 05:36:02,day,overall,22,0x559b850620cd9ee1136d48484c1f374fc5d44959,13888.797181,22221.93327,facaigege
2026-07-15 05:36:02,day,overall,23,0xd86ec82a0da8c70d6c12ae06f2990b89bdca45ce,13770.585962728765,5.0,fgdfhr666
2026-07-15 05:36:02,day,overall,24,0x9f2fe025f84839ca81dd8e0338892605702d2ca8,13625.061419509817,0.0,surfandturf
2026-07-15 05:36:02,day,overall,25,0x15ae79d7cd60b2a7f06ae46eb4c7a0eb16096ffd,13228.384829999968,0.0,humiliating piglet
2026-07-15 05:36:02,day,overall,26,0x204f72f35326db932158cba6adff0b9a1da95e14,12116.202227912843,1048101.8303679998,swisstony
2026-07-15 05:36:02,day,overall,27,0x06dc51826bc524d9a83770e7de9dd7e005b04524,11065.854714803398,127391.18826699999,0x06dc51826bc524d9a83770e7de9dd7e005b0452
2026-07-15 05:36:02,day,overall,28,0x93fb8127a1b21a112b11af936361225df0563e4a,10946.918250532848,80403.280435,LlamaLoco0000
2026-07-15 05:36:02,day,overall,29,0xc1ff0721be94d8353e422b72ea38b4d56fe525f1,10894.151749985038,8330.562488000001,Baddie
2026-07-15 05:36:02,day,overall,30,0x322f041810cee536293dcb4c99fc23b3a766940a,10043.226767999999,0.0,Sports
2026-07-15 05:36:02,day,overall,31,0x658e4eca37bfe9f11ea54e3aac9df4f64020d758,9802.587767697898,22627.652857,0x658E4EcA37bfE9F11ea54E3aac9df4f64020d758-1774991417896
2026-07-15 05:36:02,day,overall,32,0xe0eeb30d92eb2a995fc82b4e58def02c53e6fa3f,9426.288296831113,0.0,predictor - 3335
2026-07-15 05:36:02,day,overall,33,0x72e1597864456eda62878413cf3e60c332e4a45d,9115.607293873834,71892.186771,ArbTraderRookie
2026-07-15 05:36:02,day,overall,34,0xc6e956068048c1cf98d8f0b3a495edc9da130741,8995.37088360051,0.0,luck00004
2026-07-15 05:36:02,day,overall,35,0x84898b583d56054b502c6564f3edfad43b54e211,8927.851561376445,0.0,JustLearning
2026-07-15 05:36:02,day,overall,36,0xfefaf44054fb92d87882f2bd24bddbd163487bed,8476.656116999999,0.0,vivaFujimori - 33031
2026-07-15 05:36:02,day,overall,37,0xae95a2fd8df6b5e621d583157d47412a6b066579,8274.744259,0.0,draintheswamp!
2026-07-15 05:36:02,day,overall,38,0xc7d02944a76b9f83b199e9090ecc92c82d241f8a,8020.844356102887,21325.988559999998,0xc7D02944A76B9F83B199e9090ECC92C82d241F8a-1776944395495
2026-07-15 05:36:02,day,overall,39,0x1a2f67124f12eaa88be0f6683a95abede555647a,7984.473666520149,43032.32000000001,uptime0724
2026-07-15 05:36:02,day,overall,40,0x09fb8ab5f70b2140511c366451e0f02c3c10d01c,7974.457056,0.0,mkiaz - 1025
2026-07-15 05:36:02,day,overall,41,0x30c16e063c3be66d93acf14c06e2741e348f9f91,7967.781771619817,11353.490000000002,Ditto321
2026-07-15 05:36:02,day,overall,42,0x0d2d845a6ff64e31e04a70afce8a573940767ff5,7833.547525071184,235322.680441,38791873984189
2026-07-15 05:36:02,day,overall,43,0x1f682adb9a5cf101bcf53a7cd00bc2c594f7c9b3,7677.93231,0.0,0x3177d25a95524e6d98843c78cd604b67fb1b92b9
2026-07-15 05:36:02,day,overall,44,0x7668efbca0df8195ba199d3e19cb768e8b3779ec,7415.563737,0.0,
2026-07-15 05:36:02,day,overall,45,0x511f9c771449162349795d17becf8b37031acbe1,7413.862255767056,138041.931437,Bigggggggg
2026-07-15 05:36:02,day,overall,46,0x7d83c905cb7b0e790499392ce641bb867bd7be92,7141.314222339017,0.0,Sunguyen86
2026-07-15 05:36:02,day,overall,47,0x27091ce48a08a3e21d63c42d33428cf1e55d20f5,6588.5012603508,259357.02672500006,dgcf
2026-07-15 05:36:02,day,overall,48,0x0393b7a4c1e4a72564bf8287c7d1471ac9a61130,6550.193144999999,0.0,
2026-07-15 05:36:02,day,overall,49,0x7430669ff298f8dc78e3339448d4994e812d111f,6530.533578999999,0.0,zwe2edS1ms
2026-07-15 05:36:02,day,overall,50,0xee65685de42f8de9a03b4c53ee77d56a20d2cfc9,6416.7235672302195,112053.04317399999,0x50f7
2026-07-15 05:36:02,day,overall,51,0xb254cd171eb8d5b4b60703f99fd13474504bb70a,6116.458664,0.0,maga - 97
2026-07-15 05:36:02,day,overall,52,0x01787658d8e709979d70229d2e6129ae1a41bff1,6114.382317599993,0.0,adem13016
2026-07-15 05:36:02,day,overall,53,0x8b5a7da2fdf239b51b9c68a2a1a35bb156d200f2,6027.341516693821,0.0,Joe-Biden
2026-07-15 05:36:02,day,overall,54,0x0af5f7ff9e6b4957e26d064b3218c38c59c87e3f,5982.980714,0.0,brian - 23314
2026-07-15 05:36:02,day,overall,55,0xeef6ad0e40c33f6703de88327f27f5e3d4aecd4c,5894.691494874834,18219.616930999997,Waitimcooking
2026-07-15 05:36:02,day,overall,56,0x25b23e01a7d90e25871d1098841f25e856943b9e,5713.09628687237,14152.746441,winnerSpecter
2026-07-15 05:36:02,day,overall,57,0xa697d0b3fff7d285a0f92d6ee03a7f97809e59d5,5545.095658623617,33634.439765,0xa697d0b3FFf7D285a0F92d6Ee03a7f97809E59d5-1774326306031
2026-07-15 05:36:02,day,overall,58,0xe558bb7b02ea489d772bd34f14cc845e391fdcd2,5525.883980000042,29060.0,User1244322
2026-07-15 05:36:02,day,overall,59,0x8b4bca1d794779e66e023d44391b2a86c5ab541b,5495.911845777146,216413.998215,0x8B4bcA1D794779E66e023D44391B2A86C5ab541B-1769764313952
2026-07-15 05:36:02,day,overall,60,0x751a2b86cab503496efd325c8344e10159349ea1,5422.613517143822,1661.3832629999997,Sharky6999
2026-07-15 05:36:02,day,overall,61,0x27f738fe203827445690339104aae35b20bc44b0,5388.859100039583,0.0,ic4cream
2026-07-15 05:36:02,day,overall,62,0xfcbe281f11f195423fdf458582e1215790b7aa8b,5171.851393012967,0.0,igot
2026-07-15 05:36:02,day,overall,63,0x9950ee8a9cf72226eb1f6f02b086c17198074f87,5064.889840753716,0.0,inanity - 38305
2026-07-15 05:36:02,day,overall,64,0xe015b5a2a299167be835a2fd1e86f09c49e06ffd,5013.347380799991,2681.3809199999996,TAIWANNUMBERONE
2026-07-15 05:36:02,day,overall,65,0x88186ddbea78ab3d65b7d08f0658b9c22037f265,4999.839805000004,0.0,
2026-07-15 05:36:02,day,overall,66,0x84cfffc3f16dcc353094de30d4a45226eccd2f63,4947.730979929442,1065992.9000000001,mooseborzoi
2026-07-15 05:36:02,day,overall,67,0x9a5462ab1c4d54c016dfa25a29be8a617d387191,4861.344499599982,0.0,ss0855
2026-07-15 05:36:02,day,overall,68,0xe9514aa0b925353ea0d5e32978d636ec25ebde18,4783.696462119988,0.0,b2d0
2026-07-15 05:36:02,day,overall,69,0x7bc14171ccb0d3e6bac219ec6a76211826e28db4,4760.6275547669065,1020.0,coali10
2026-07-15 05:36:02,day,overall,70,0xef1d0c6244e7a8c9640b08758a8425b5d2a5bdcb,4744.460834,0.0,
2026-07-15 05:36:02,day,overall,71,0x7f9e2d1df78614564a70becc7fa14aa9a6623a0e,4732.522448343283,0.0,nojnn
2026-07-15 05:36:02,day,overall,72,0x076daa87c4fe1a85402a9b6b8e0a866224388d4c,4608.15096997398,16014.03124,
2026-07-15 05:36:02,day,overall,73,0x71edffd0d70a1da823ff07a3c6fc81457294d338,4412.953197563015,0.0,pako
2026-07-15 05:36:02,day,overall,74,0x64310c79be3502dd17e88d9ca7df781700a66f1f,4403.783522999997,0.0,Sergeantx - 410
2026-07-15 05:36:02,day,overall,75,0x1465b79bff7992bc703e1aafb3683b1089647072,4393.510365135444,131840.972715,JnStTrdrBnusFnd
2026-07-15 05:36:02,day,overall,76,0x3eae57986be5e0ca435102ffe1f14206ffa2e2ed,4382.4974328500475,2000.0,thoodr
2026-07-15 05:36:02,day,overall,77,0x3740f38cb19308b573d4cf550d1865e0f6f9a935,4207.342797999988,11194.55882,tiltedinv
2026-07-15 05:36:02,day,overall,78,0xcf070b9ed273abd6185a4253713ce8e64c0ec770,4139.936040794266,7736.175634,MaxEnt
2026-07-15 05:36:02,day,overall,79,0xa080dadd87036ad01dbf5e9c254b0c3dbdba234f,3901.5361569194356,0.0,bands1
2026-07-15 05:36:02,day,overall,80,0x21468ad63a833f5f9ea5c2835fb4e9dec57ad41b,3899.999999999958,0.0,canoflanagan
2026-07-15 05:36:02,day,overall,81,0xe221be3b45dfe5ed562ee9dc16f47205728e06f6,3888.8329932999914,0.0,Jokerxing7
2026-07-15 05:36:02,day,overall,82,0x730ae359e9441f836022f7ec14b941fdc942a0fe,3882.4374039999993,0.0,rippopsmoke - 56
2026-07-15 05:36:02,day,overall,83,0x63f8eb9f5f902f6637f75f10fc185e77b0f660ac,3859.364996999797,0.0,hmm ok
2026-07-15 05:36:02,day,overall,84,0x8b8b9c565c8dca43cfb767f0f2c20b2b323d2512,3853.406249809285,2633.2656309999993,0x8B8b9c565C8dCA43cfb767F0F2C20B2B323d2512-1778811726293
2026-07-15 05:36:02,day,overall,85,0x7b40aed7b200ce5da0cfd765461de9aa6fcf2f4b,3740.239114,6740.238298,Camstewert2026
2026-07-15 05:36:02,day,overall,86,0x5c18d1f705989046f5106d64a0cb34d5deb02f76,3724.8794573339947,8745.383957,lomatic
2026-07-15 05:36:02,day,overall,87,0xffb94cf5888dfa91bdafca81d9bff506a4a1f50b,3699.9998118803887,28370.307664,0xffb94CF5888dfA91BdafcA81d9bfF506A4a1f50b-1783523886549
2026-07-15 05:36:02,day,overall,88,0x07046535ff9a910d7343a2c319a3e62234621858,3522.4991367350985,43318.965000000004,HH168
2026-07-15 05:36:02,day,overall,89,0x5d9becc0728c1b835f4ec3cf60593efa02d9a5eb,3516.8233739100106,15171.265047,0x5d9bEcc0728C1b835F4Ec3CF60593eFA02d9a5eB-1771801626323
2026-07-15 05:36:02,day,overall,90,0x55055c82f4b2b3738d53e54ee530006842beaa44,3486.9039275213,16941.114956999998,dex57
2026-07-15 05:36:02,day,overall,91,0xb5fc4d5388952dc7a798fe784fe659f9a20e5ca4,3469.02651700161,0.0,
2026-07-15 05:36:02,day,overall,92,0x5a218c7ad04135830a45c41aaed7294df7809318,3418.270887653868,26424.805253,balthazar
2026-07-15 05:36:02,day,overall,93,0x9cb990f1862568a63d8601efeebe0304225c32f2,3225.6836324841715,0.0,jtwyslljy
2026-07-15 05:36:02,day,overall,94,0xc44426c70011300047686955499e95a68f3f20da,3224.6691635710213,1442.857141,albx97
2026-07-15 05:36:02,day,overall,95,0x87c67f878e93494918c1a2198fee747b4a1589b7,3201.9636575600234,93499.99,0x87C67f878e93494918c1a2198Fee747b4A1589B7-1723130577004
2026-07-15 05:36:02,day,overall,96,0xb687f00464e33934f5d591f224e71c3559ecaee5,3105.5911347074066,207151.54772,alwayslatetotheparty
2026-07-15 05:36:02,day,overall,97,0xf68a281980f8c13828e84e147e3822381d6e5b1b,3032.5290898825115,9311.01375,WHYWHYWHYWHYWHYWHY
2026-07-15 05:36:02,day,overall,98,0x13932370435f0697106262100d07615fb31f9cf8,2980.2131270634836,43321.327848,
2026-07-15 05:36:02,day,overall,99,0x687349b551df31c4a330bbaf1519458cb521d9e5,2966.8310484142407,0.0,ihatedmyself
2026-07-15 05:36:02,day,overall,100,0x6d3c5bd13984b2de47c3a88ddc455309aab3d294,2943.31394445546,40271.348491000004,VeryLucky888
2026-07-15 05:36:02,day,politics,1,0x93fb8127a1b21a112b11af936361225df0563e4a,10939.878768857321,80403.28043500001,LlamaLoco0000
2026-07-15 05:36:02,day,politics,2,0x7bc14171ccb0d3e6bac219ec6a76211826e28db4,2769.5629318059655,1020.0,coali10
2026-07-15 05:36:02,day,politics,3,0xab19716584931d81cd9e7763402673a64baa4876,2448.7437329754466,15964.519999999999,SlenderMan
2026-07-15 05:36:02,day,politics,4,0x5a218c7ad04135830a45c41aaed7294df7809318,2234.453881444817,1091.9992499999998,balthazar
2026-07-15 05:36:02,day,politics,5,0x3eae57986be5e0ca435102ffe1f14206ffa2e2ed,2181.904919542563,2000.0,thoodr
2026-07-15 05:36:02,day,politics,6,0x40cfb29411d29f4fa0908f2a121297042cccd21d,2067.968280812638,7272.109762,whig
2026-07-15 05:36:02,day,politics,7,0x77fbd6bdba89da0ce4ae6e5bee380d6a51de266c,1991.5461064641058,10753.369999999999,plumbis
2026-07-15 05:36:02,day,politics,8,0xbaa2bcb5439e985ce4ccf815b4700027d1b92c73,1848.369345552288,36526.299999999996,denizz
2026-07-15 05:36:02,day,politics,9,0xf5c49ad254b1d53ea0b86fb285dd3f11dc800926,1755.4929359200032,0.0,0xdamocles
2026-07-15 05:36:02,day,politics,10,0x22e4248bdb066f65c9f11cd66cdd3719a28eef1c,1712.658151680982,768.38,ProfessionalPunter
2026-07-15 05:36:02,day,politics,11,0x9a3fa403a6666eef75f92f181fcf13f9c051914a,1685.8741517689923,0.0,Rex416
2026-07-15 05:36:02,day,politics,12,0xb37aa8834f9baefc6fb3312f59df8ddf0348f1b1,1539.7306933315012,100.0,Steve-Haines
2026-07-15 05:36:02,day,politics,13,0xd426adbc3c4461c86099c26221c877f20e42334a,1507.9304932194646,1550.1699999999998,881112
2026-07-15 05:36:02,day,politics,14,0x6519259c2b215ee3c958e57276ac9d679d3e611b,1295.6725134168955,357.29,0x6519259C2B215EE3c958e57276Ac9D679D3E611B-1774564779376
2026-07-15 05:36:02,day,politics,15,0x7dcf235766e6b09c8869468a75d5495cf171a7bd,1214.1373224119886,582.62,godblessme2026
2026-07-15 05:36:02,day,politics,16,0xc6dd722558dbfbd8fa780efcbe819ed8c6604b9f,1170.5617511764867,0.0,tourists
2026-07-15 05:36:02,day,politics,17,0x2b5920274740ca61745eeb077587bf5bb4ff9db6,1065.8447312285025,1428.06,aHjCz
2026-07-15 05:36:02,day,politics,18,0x9c2617462567859fcf5764e03b9a687ebca274bc,1058.7975570209965,0.0,Tigerofthehood
2026-07-15 05:36:02,day,politics,19,0xc682d7943aad07c246986a7aa2989cfcb17817bb,1035.0848702927024,106.70142799999999,zthunderfury
2026-07-15 05:36:02,day,politics,20,0x9c987f84d18a4dd640909409b31212fbb805f4f4,1027.8832842529373,2321.4300000000003,Moonshot1019
2026-07-15 05:36:02,day,politics,21,0xcfff4295288ee29f75a38a7028611b7c1e93673d,980.6422891464845,1284.19,graynotebook19
2026-07-15 05:36:02,day,politics,22,0x03805a13a0b3e058f55f6c6af95389d4f431073d,978.4835753712105,3940.778878,donthackme
2026-07-15 05:36:02,day,politics,23,0x3c593aeb73ebdadbc9ce76d4264a6a2af4011766,936.36412979546,2183.1800000000003,eightpenguins
2026-07-15 05:36:02,day,politics,24,0x96489abcb9f583d6835c8ef95ffc923d05a86825,934.6661498378962,34411.634764,anoin123
2026-07-15 05:36:02,day,politics,25,0xd44e974a3edb232aa4aedbdcc59792b76a5f67e2,931.4021850799909,0.0,KrackenSruster
2026-07-15 05:36:02,day,politics,26,0x879247bf7570a40d193dd3bb9118820e0b194174,925.2456317724791,1698.65,hosoon123
2026-07-15 05:36:02,day,politics,27,0x8afa03dd6974e44d00c4d14dcccb00c0ddf6adb6,904.0123953509756,0.0,stupid22
2026-07-15 05:36:02,day,politics,28,0xfc2f4f50ce2f6045d35558a5e2d8d4b2ac6610c7,889.3228727210662,2617.1894100000004,0xFc2F4f50ce2F6045d35558A5E2D8d4b2aC6610c7-1769097007451
2026-07-15 05:36:02,day,politics,29,0xf1ef8705e9f63c790c6fffd6329aea7011718cd6,844.5683807924761,0.0,Outsid3rTrading
2026-07-15 05:36:02,day,politics,30,0x1229233bad2fd7462955c6383448904b5432df38,836.3365371994996,176.28,NIKEa
2026-07-15 05:36:02,day,politics,31,0x0224bb9eb0a5c9fd261ac9123a72cbdd5748292a,807.8166724585171,0.0,zb8
2026-07-15 05:36:02,day,politics,32,0xb6c83e346ab31df6e24bc53ecb6e15c03b75b9e6,794.7340560015,0.0,shibagege
2026-07-15 05:36:02,day,politics,33,0xef9b5d5e51eb4987240ed77422352d10604ed5ed,748.5479672100046,0.0,Chelseaone
2026-07-15 05:36:02,day,politics,34,0xb886580698ede4b18de3e446b2d8da8bcedd81b3,738.3869433887467,4972.114379,0xB886580698eDE4b18DE3E446b2D8Da8bCEdd81B3-1767532547794
2026-07-15 05:36:02,day,politics,35,0x9d84ce0306f8551e02efef1680475fc0f1dc1344,735.4809417852666,52.253598,ImJustKen
2026-07-15 05:36:02,day,politics,36,0x836ffd95ef3cf3c7987612279b2152b11ce6906e,723.2481277295446,897.0,RizzEmWithTheTism
2026-07-15 05:36:02,day,politics,37,0x6b3f0f764b3c74e8de8f87b04e3c327aca4443dc,714.220553683499,0.0,Intern.
2026-07-15 05:36:02,day,politics,38,0x90264311ebebc6d447a885c560787af108cad7e4,667.2466184669975,0.0,caspersmc
2026-07-15 05:36:02,day,politics,39,0x8c66e28fbe7ede7f57ba6cbc70408dff442944f3,645.8317100554962,0.0,0x8c66E28FbE7Ede7F57bA6CBc70408DfF442944F3-1777220320442
2026-07-15 05:36:02,day,politics,40,0x21f701a6d8febfd948f899114f2b9d9a8ef7e19f,631.2585045020005,1480.13,0x21F701A6d8febFd948F899114f2B9D9a8ef7e19F-1760280914378
2026-07-15 05:36:02,day,politics,41,0x30fcb065da3beb77c71767971f7550f4b1c5510d,630.8886485764906,366.6,pirulirubeibe
2026-07-15 05:36:02,day,politics,42,0xbf4d202382ba5702721a8c43126f5f08163733ed,623.5126370905273,6717.0199999999995,0xbF4d202382
2026-07-15 05:36:02,day,politics,43,0xde7be6d489bce070a959e0cb813128ae659b5f4b,608.799176673172,0.0,wan123
2026-07-15 05:36:02,day,politics,44,0x6d9fc316c3b8377060a44b852ba664adbfd59790,590.7747684323695,437.797055,MEPP
2026-07-15 05:36:02,day,politics,45,0x5cd5c8d7a17c78d7389d8b87b611aed83322ac33,586.5123729075422,0.0,nonkenny90
2026-07-15 05:36:02,day,politics,46,0xfaf98181c44636998a194aa7660bcae1b977f4c4,583.9484741040069,0.0,onekey02
2026-07-15 05:36:02,day,politics,47,0x08c897e4780c299061fe683120e5bb18cf931da2,577.9677643399846,0.0,Folletin
2026-07-15 05:36:02,day,politics,48,0xc03ce4d8af842ca6251ac57228b3ffb166ed50af,566.9320679407101,2250.0,NyetRisk
2026-07-15 05:36:02,day,politics,49,0x052f4191cd324a348835a846d34df5b0061e53fb,534.5909802594979,0.0,chriszyy3
2026-07-15 05:36:02,day,politics,50,0xfd557e6db670c9704bc1d0d8e8b585c7d9c9f905,534.259618185526,792.69,northdrawer
2026-07-15 05:36:02,day,politics,51,0xa139daa9e38c0b6d24443bede2d34bcdc4256f00,527.9979899024966,0.0,Kris-Future
2026-07-15 05:36:02,day,politics,52,0xdcc0d387f0af3628ff1f2aebffb17ece397822e1,516.9383218750008,0.0,turo
2026-07-15 05:36:02,day,politics,53,0xc64a8606b1c26a364c66c5886f10abd35f92fef1,509.1468810300004,0.0,NTAuthority
2026-07-15 05:36:02,day,politics,54,0xc2e98eb992cf48744c9761797497fada7b64e288,499.10615425150536,0.0,dreivierteljaeger
2026-07-15 05:36:02,day,politics,55,0x8597ca63e722d6216bfc3057591fdc67ec49daee,491.66667609241995,4963.833567000001,Mr-Krabs
2026-07-15 05:36:02,day,politics,56,0x38e59b36aae31b164200d0cad7c3fe5e0ee795e7,486.2687162964794,3469.019997,cowcat
2026-07-15 05:36:02,day,politics,57,0x3c4f0a0dec4b0c76a7e90e2458b8216a773f831e,476.1727778950017,0.0,ev1710
2026-07-15 05:36:02,day,politics,58,0xc15b833b6991e5dbcaca029f7d0f951e5db238af,474.10771758102055,0.0,makinta
2026-07-15 05:36:02,day,politics,59,0xeface9902242b0399856f981600b907dcc9bc9a1,471.3341040982705,4935.516903,macrosteaks
2026-07-15 05:36:02,day,politics,60,0xd5c1d2f52eb8c7dcd128d1dfa7f12926b1fa5280,464.8882399679985,0.0,sharrdio
2026-07-15 05:36:02,day,politics,61,0x6d57da09ef86a327524853b36fbd2e39cf0cbfc5,431.8380276124517,14548.895204999999,SitsToPee
2026-07-15 05:36:02,day,politics,62,0xa3282d3e882501229c75d0caf134e62e3afb4977,428.7247985001013,1433.9793120000002,korda77
2026-07-15 05:36:02,day,politics,63,0x9805cf385541892a26fd84a698e1acd693e008f9,424.00152042399895,0.0,usernamedefault.txt
2026-07-15 05:36:02,day,politics,64,0x413531f78b28c2f2014dd82e92f46802769ce462,417.45292342250013,0.0,
2026-07-15 05:36:02,day,politics,65,0xc851cd9bee7d262afd78674f861f9f576a12cd2a,416.8397241999628,0.0,betwick
2026-07-15 05:36:02,day,politics,66,0x79bfe69e715f54fca27308e6044e4f0c157cbcdf,416.17240663099983,31.34,hedgefundfounder
2026-07-15 05:36:02,day,politics,67,0x92a7cfd236957a6f5472ac3f81e6468cd5d8eb78,404.7731447499998,0.0,greatbritain
2026-07-15 05:36:02,day,politics,68,0xff80bb23621f03fc6300808730316c78abe09b4d,403.9579812384509,7320.422350000001,Zenhack
2026-07-15 05:36:02,day,politics,69,0xfd2b117412a698f322b0cd18d6827dad262b8e50,399.7095017999527,0.0,surf
2026-07-15 05:36:02,day,politics,70,0x746fb1be8434cfa4398c124aeff69f034e3e566d,395.0239216132104,1275.673075,FarseerProphecies
2026-07-15 05:36:02,day,politics,71,0x93abbc022ce98d6f45d4444b594791cc4b7a9723,386.4090828269982,0.0,gatorr
2026-07-15 05:36:02,day,politics,72,0x0787a58e205a70320db638113fe8da18c8800ca3,384.08263376030663,84.62,melonmanm
2026-07-15 05:36:02,day,politics,73,0xdc4b06981e74fe11585438eb40f10bd79f43dbca,366.60492118800175,8000.0,kevtp
2026-07-15 05:36:02,day,politics,74,0xde0463ea7f611b065e8ab06bbfbddad75e6dfa37,359.71126637001,0.0,mwenya
2026-07-15 05:36:02,day,politics,75,0xc0bf7e8ddec29dd01f76fe31f21339aca803b4cd,351.05287319250056,0.0,hermanosisicomono
2026-07-15 05:36:02,day,politics,76,0x527b46e252981a9269d34dac7c5268053929eb08,349.24977739800056,0.0,Crypto4thewin
2026-07-15 05:36:02,day,politics,77,0x5b316b2bb1b3aefb0aa86270cf51b849b45cb2f0,337.6857978704995,3599.38,PwnedUrChoice
2026-07-15 05:36:02,day,politics,78,0x9d736920e486176e7df7a76fa218f1ebd853216b,332.24677953735227,2014.322272,AlAhmeda
2026-07-15 05:36:02,day,politics,79,0x10862813f78fce64c8a2128624f05a946f7227d2,329.1795147575467,517.497327,gods-eye
2026-07-15 05:36:02,day,politics,80,0x8e5c0cc55cda93d6cae14becb3b738a44dcaa68a,326.85986343800323,0.0,cocos228
2026-07-15 05:36:02,day,politics,81,0x69ea0d77ef34f1acb03aaed901df7620fc4215cd,323.59187524349545,0.0,TylerTurden
2026-07-15 05:36:02,day,politics,82,0xce71bed9dd1418abc34d244730879d795e8683bc,319.3640386448533,0.0,tutrucks
2026-07-15 05:36:02,day,politics,83,0xe1e105257812992f0b9aba92a17e33f36e89d250,316.54497929650097,0.0,loliti
2026-07-15 05:36:02,day,politics,84,0x49e94011df9060dcc367995892faeb193e348f85,313.6790991620019,0.0,MoonLambo1205
2026-07-15 05:36:02,day,politics,85,0x11fcbba836d927c5fe6e6a6a64c9c0461e33dc48,309.7383149080051,2020.086335,NeH
2026-07-15 05:36:02,day,politics,86,0x79c7c7131321d66d24d31b6982b46f6f2ca278a6,299.8495384299995,7000.0,john-difool
2026-07-15 05:36:02,day,politics,87,0x92d0cb81e6c891b835c8e0272e8c323095bd269e,294.48359879250347,592.5899999999999,Analista.
2026-07-15 05:36:02,day,politics,88,0xd04b6d4e26272a26145ad3367d48a3dcf694842a,293.6734286444697,660.416665,Plata-O-Mierda
2026-07-15 05:36:02,day,politics,89,0xcb8958d949be35a5727225f176c4b60ad97f8803,292.3211397510022,0.0,9227jshsh
2026-07-15 05:36:02,day,politics,90,0x8f15a54a4ffb33611e7a45cf991ddd622f92c363,287.3837294749974,0.0,TOPO85
2026-07-15 05:36:02,day,politics,91,0x8454f39e7fa6957dfbf1ecc574820ada1c92331a,277.70996727701277,0.0,cripes3
2026-07-15 05:36:02,day,politics,92,0xea102c532c566de09f204f565a4ae17ca911e617,275.8622499999992,0.0,Grindking
2026-07-15 05:36:02,day,politics,93,0xbc75cabb772f1da1c1772430620da0174c453f69,274.19579708602396,0.0,unknwnfnd
2026-07-15 05:36:02,day,politics,94,0x0f47682c24cee9f5381973e7dc2db03d5cc2d66e,274.0711479700003,0.0,50000x
2026-07-15 05:36:02,day,politics,95,0x95bf944dd22691364154fb436ee922798566e00b,270.64997210250294,103.42857000000001,hideo
2026-07-15 05:36:02,day,politics,96,0x93511d72d294f1478739bc38f578bf0306fd9e4d,263.06123551020573,3128.1899970000004,Dafu0715
2026-07-15 05:36:02,day,politics,97,0x3fd0190eb137e335db080b9855f90c86849f0022,260.69500824550414,0.0,
2026-07-15 05:36:02,day,politics,98,0x6b2c51fe14f3f80bce4c838885555c5a64555341,260.60000000000036,0.0,wenyu888888
2026-07-15 05:36:02,day,politics,99,0xf92a950992181e21874dd1b36c7e5666c443a517,259.21014499999,0.0,nedsta
2026-07-15 05:36:02,day,politics,100,0xd23f8c8aab13cfb2a35da40b67f8471faf9894a1,258.2785216929333,2822.0862500000003,Corlys
2026-07-15 05:36:02,day,sports,1,0x9e3ed7b661a903fc97afcf49e0f014ebe869f882,65821.24130564448,373673.455727,0x9e3ed7b661a903fc97afcf49e0f014ebe869f882-1783406009396
2026-07-15 05:36:02,day,sports,2,0xe9076a87c5ed90ef16e6fe6529c943baeca0cff6,39007.3253354975,450319.6795969998,suntori
2026-07-15 05:36:02,day,sports,3,0xa7b7505abe2fdcc497c00074534f7fbd7e07962e,37062.33496236615,0.0,gud.hl
2026-07-15 05:36:02,day,sports,4,0x060f34e5aa82cc11c2a54c9edf3e6a0632925a9d,32580.73656488768,159887.03086899995,alexfire97
2026-07-15 05:36:02,day,sports,5,0x9b9ff79cdc3c6dc3abbc494b06ea577567bea26a,28489.81287100003,0.0,BigFishSushiChief
2026-07-15 05:36:02,day,sports,6,0x2c335066fe58fe9237c3d3dc7b275c2a034a0563,25720.540793539025,829330.19014,0x2c335066FE58fe9237c3d3Dc7b275C2a034a0563-1759935795465
2026-07-15 05:36:02,day,sports,7,0x7d6d24d5d9393cc2dd566a95a1cccbe0aa882654,24093.56531032524,27379.01,0xe11Ff8cd2718F51a4d9403D166c20eaAAbE253F4-1777047101622
2026-07-15 05:36:02,day,sports,8,0xd202bf6d89dc6bab1b9f00ead175f75466348973,19888.409999999916,0.0,meoooow
2026-07-15 05:36:02,day,sports,9,0x999df5626bb87b2b1f5a06a134b8e8c22477a1e1,15901.369398469997,7.48,hfxtdgd1
2026-07-15 05:36:02,day,sports,10,0x620d7e06ce27d16532c061eba9b46c7e1833c67f,15142.780579913975,0.0,tankjack
2026-07-15 05:36:02,day,sports,11,0x559b850620cd9ee1136d48484c1f374fc5d44959,13888.797181,22221.93327,facaigege
2026-07-15 05:36:02,day,sports,12,0xd86ec82a0da8c70d6c12ae06f2990b89bdca45ce,13770.585962728765,5.0,fgdfhr666
2026-07-15 05:36:02,day,sports,13,0x9f2fe025f84839ca81dd8e0338892605702d2ca8,13625.061419509817,0.0,surfandturf
2026-07-15 05:36:02,day,sports,14,0x204f72f35326db932158cba6adff0b9a1da95e14,12116.202227968723,1048101.8303680001,swisstony
2026-07-15 05:36:02,day,sports,15,0xc1ff0721be94d8353e422b72ea38b4d56fe525f1,10893.635873222272,8330.562488,Baddie
2026-07-15 05:36:02,day,sports,16,0x658e4eca37bfe9f11ea54e3aac9df4f64020d758,9802.587767697898,22627.652857,0x658E4EcA37bfE9F11ea54E3aac9df4f64020d758-1774991417896
2026-07-15 05:36:02,day,sports,17,0x72e1597864456eda62878413cf3e60c332e4a45d,9113.8797930003,71892.186771,ArbTraderRookie
2026-07-15 05:36:02,day,sports,18,0xc7d02944a76b9f83b199e9090ecc92c82d241f8a,8557.829659048424,7783.248885999999,0xc7D02944A76B9F83B199e9090ECC92C82d241F8a-1776944395495
2026-07-15 05:36:02,day,sports,19,0x1a2f67124f12eaa88be0f6683a95abede555647a,7984.473666520149,43032.32000000001,uptime0724
2026-07-15 05:36:02,day,sports,20,0x30c16e063c3be66d93acf14c06e2741e348f9f91,7939.069263669815,11353.490000000002,Ditto321
2026-07-15 05:36:02,day,sports,21,0x0d2d845a6ff64e31e04a70afce8a573940767ff5,7907.888863829721,234631.013776,38791873984189
2026-07-15 05:36:02,day,sports,22,0x7d83c905cb7b0e790499392ce641bb867bd7be92,7141.314222339017,0.0,Sunguyen86
2026-07-15 05:36:02,day,sports,23,0x511f9c771449162349795d17becf8b37031acbe1,6187.224007828714,80708.68008100001,Bigggggggg
2026-07-15 05:36:02,day,sports,24,0x01787658d8e709979d70229d2e6129ae1a41bff1,6114.382317599993,0.0,adem13016
2026-07-15 05:36:02,day,sports,25,0x8b5a7da2fdf239b51b9c68a2a1a35bb156d200f2,6027.341516693821,0.0,Joe-Biden
2026-07-15 05:36:02,day,sports,26,0x25b23e01a7d90e25871d1098841f25e856943b9e,5715.435205790738,8482.361219,winnerSpecter
2026-07-15 05:36:02,day,sports,27,0xe558bb7b02ea489d772bd34f14cc845e391fdcd2,5525.883980000042,29060.0,User1244322
2026-07-15 05:36:02,day,sports,28,0xa697d0b3fff7d285a0f92d6ee03a7f97809e59d5,5519.782988623658,8321.769765,0xa697d0b3FFf7D285a0F92d6Ee03a7f97809E59d5-1774326306031
2026-07-15 05:36:02,day,sports,29,0x27f738fe203827445690339104aae35b20bc44b0,5388.859100039583,0.0,ic4cream
2026-07-15 05:36:02,day,sports,30,0xeef6ad0e40c33f6703de88327f27f5e3d4aecd4c,5361.499294874833,15633.176930999998,Waitimcooking
2026-07-15 05:36:02,day,sports,31,0x076daa87c4fe1a85402a9b6b8e0a866224388d4c,5104.20402667718,15718.380525,
2026-07-15 05:36:02,day,sports,32,0xe015b5a2a299167be835a2fd1e86f09c49e06ffd,4999.999999999993,0.0,TAIWANNUMBERONE
2026-07-15 05:36:02,day,sports,33,0x84cfffc3f16dcc353094de30d4a45226eccd2f63,4890.2356561385095,1032712.8600000001,mooseborzoi
2026-07-15 05:36:02,day,sports,34,0x9a5462ab1c4d54c016dfa25a29be8a617d387191,4861.344499599982,0.0,ss0855
2026-07-15 05:36:02,day,sports,35,0x55055c82f4b2b3738d53e54ee530006842beaa44,4372.20045306738,10955.953025,dex57
2026-07-15 05:36:02,day,sports,36,0x3740f38cb19308b573d4cf550d1865e0f6f9a935,4207.152797999999,11194.55882,tiltedinv
2026-07-15 05:36:02,day,sports,37,0xa080dadd87036ad01dbf5e9c254b0c3dbdba234f,3901.5361569194356,0.0,bands1
2026-07-15 05:36:02,day,sports,38,0x21468ad63a833f5f9ea5c2835fb4e9dec57ad41b,3899.999999999998,0.0,canoflanagan
2026-07-15 05:36:02,day,sports,39,0xe221be3b45dfe5ed562ee9dc16f47205728e06f6,3888.8329932999914,0.0,Jokerxing7
2026-07-15 05:36:02,day,sports,40,0x8b8b9c565c8dca43cfb767f0f2c20b2b323d2512,3863.4895812136056,0.0,0x8B8b9c565C8dCA43cfb767F0F2C20B2B323d2512-1778811726293
2026-07-15 05:36:02,day,sports,41,0x8b4bca1d794779e66e023d44391b2a86c5ab541b,3776.1593499137816,142.85,0x8B4bcA1D794779E66e023D44391B2A86C5ab541B-1769764313952
2026-07-15 05:36:02,day,sports,42,0x7b40aed7b200ce5da0cfd765461de9aa6fcf2f4b,3740.239114,6740.238298,Camstewert2026
2026-07-15 05:36:02,day,sports,43,0x5c18d1f705989046f5106d64a0cb34d5deb02f76,3726.788158333984,8745.383957,lomatic
2026-07-15 05:36:02,day,sports,44,0x5d9becc0728c1b835f4ec3cf60593efa02d9a5eb,3516.8233739100106,15171.265047,0x5d9bEcc0728C1b835F4Ec3CF60593eFA02d9a5eB-1771801626323
2026-07-15 05:36:02,day,sports,45,0xb687f00464e33934f5d591f224e71c3559ecaee5,3311.8180329932366,104244.161779,alwayslatetotheparty
2026-07-15 05:36:02,day,sports,46,0x9cb990f1862568a63d8601efeebe0304225c32f2,3225.6836324841715,0.0,jtwyslljy
2026-07-15 05:36:02,day,sports,47,0xc44426c70011300047686955499e95a68f3f20da,3224.6691635710213,1442.857141,albx97
2026-07-15 05:36:02,day,sports,48,0x87c67f878e93494918c1a2198fee747b4a1589b7,3201.9636575600234,93499.99,0x87C67f878e93494918c1a2198Fee747b4A1589B7-1723130577004
2026-07-15 05:36:02,day,sports,49,0xf68a281980f8c13828e84e147e3822381d6e5b1b,3153.0857834725757,9311.01375,WHYWHYWHYWHYWHYWHY
2026-07-15 05:36:02,day,sports,50,0x6d3c5bd13984b2de47c3a88ddc455309aab3d294,2961.970420974598,40150.793379,VeryLucky888
2026-07-15 05:36:02,day,sports,51,0x30d5a7e1a1ec19fb4dbdc250a19a5bb3734f36bf,2818.1294832377316,15368.332493999998,bobi12345678
2026-07-15 05:36:02,day,sports,52,0xc07d5961e7a361992983c1a3a865d00dc28cb1df,2814.3471470765653,80888.81265800001,0xc07
2026-07-15 05:36:02,day,sports,53,0x5c3a1a602848565bb16165fcd460b00c3d43020b,2764.05182253581,11053.626955,VARryKane
2026-07-15 05:36:02,day,sports,54,0xf65506e2d5f55279d77bd67d3c80af6882ad7ea4,2633.397268065717,29720.550119000003,piratesfan1313
2026-07-15 05:36:02,day,sports,55,0x82cf2b31d18fca19830e216b98cffa5dbc6c0998,2630.3216736239992,44.79,roundtripped
2026-07-15 05:36:02,day,sports,56,0x8e4e400b90aaac3e158abd5677fd296134be1dfc,2618.6669681947533,0.0,PM1688
2026-07-15 05:36:02,day,sports,57,0x1316ebb019094a2267a27a697ecee08b5c5948a4,2610.0,0.0,erbao
2026-07-15 05:36:02,day,sports,58,0x3f6e93d1e2c2846a357276e29e7e9147e29c18d9,2559.1322355385637,182292.0,wco26
2026-07-15 05:36:02,day,sports,59,0x8bcfc30236b80d788e55f9bfb4bf3e9cf80fc767,2441.399999999997,0.0,Fujimi888
2026-07-15 05:36:02,day,sports,60,0x021c7df18153e2636e368e85f0cedb34c245232f,2374.5,0.0,0x021C7Df18153E2636e368e85F0Cedb34C245232f-1767207000808
2026-07-15 05:36:02,day,sports,61,0x0c71d47d87ee86a9ebf13cb7c68b318e7c0fc0e5,2335.9754705490595,6778.206381,zhezingling
2026-07-15 05:36:02,day,sports,62,0xb7aac5dd73a3ac0b72d233959797f57185b008c3,2129.34358122996,9012.15172,asdf123asdf123
2026-07-15 05:36:02,day,sports,63,0xb3cfe7615d64db8dfa743a1b1a2b976911460ebd,2122.8639282998774,220779.390756,omoi0i0
2026-07-15 05:36:02,day,sports,64,0x21b70de5fa3532afbf51a5d177e76b1e7e17c861,2082.4961290774972,0.0,mythos1.8
2026-07-15 05:36:02,day,sports,65,0x7bc14171ccb0d3e6bac219ec6a76211826e28db4,1991.0644104609382,0.0,coali10
2026-07-15 05:36:02,day,sports,66,0x2114c6395bb0c3c2129339785e54a48ca1d984c5,1987.2978709574381,0.0,uyyan395
2026-07-15 05:36:02,day,sports,67,0x198fa74120438fb7cabccb61aa824c6720dfc419,1959.3306301733537,7387.080382,PeterSagan
2026-07-15 05:36:02,day,sports,68,0x5b6e80132e843cb8570ee93e448f05f40ef3f544,1856.7175463880121,0.0,anurag
2026-07-15 05:36:02,day,sports,69,0x8d5d93af87298f1781fd96ba4ffa5d63e554191d,1810.4339343537576,0.0,DZC188
2026-07-15 05:36:02,day,sports,70,0x84ad9c5c547a82ec9a08547b94bd922446e5bfb7,1768.1753044256766,20373.944411999997,BillBenter2026
2026-07-15 05:36:02,day,sports,71,0xf2f6af4f27ec2dcf4072095ab804016e14cd5817,1698.4538036519953,0.0,gopfan2
2026-07-15 05:36:02,day,sports,72,0xa7b5bf2089e3de036ae68425461407343466fa78,1694.594033190277,1000.0,TaxIsTheft
2026-07-15 05:36:02,day,sports,73,0xc3acf5878a03523d09a3ac859943445d7baeb964,1689.1991398483515,0.0,mentionmarket
2026-07-15 05:36:02,day,sports,74,0x7e5972bfc25819775ee5a9d4f191919375487b8b,1679.1741043108486,29362.902437999997,Gaditima
2026-07-15 05:36:02,day,sports,75,0xe91171f655be1568e4c63f29663c0028649e3d4e,1663.1898617556144,27976.447852999998,0xE91171f655bE1568e4c63f29663c0028649e3d4e-1765651946286
2026-07-15 05:36:02,day,sports,76,0x54ce7dd357766fc3255645e55ef41edd51cc9f80,1656.2735518677364,0.0,bwgringo
2026-07-15 05:36:02,day,sports,77,0xde9f7f4e77a1595623ceb58e469f776257ccd43c,1629.9828631659038,18334.830969000002,tradecraft
2026-07-15 05:36:02,day,sports,78,0xa107735282e20d07ad4e6019856e4e357404b7bd,1625.8992462780152,0.0,e7f52
2026-07-15 05:36:02,day,sports,79,0xd1049158a102840ce595efc6ab683a0cb6fbacef,1614.748889189068,13897.042687000001,pilimili
2026-07-15 05:36:02,day,sports,80,0xe549581668a5751c1972d3ad2d1991d900bd2d54,1573.2346114544198,0.0,Allezpapa
2026-07-15 05:36:02,day,sports,81,0x3e856790872025b26922999651992ea70bfe788b,1524.3922719999973,8820.497153,brunomedm
2026-07-15 05:36:02,day,sports,82,0x26eb7025980da32ae08614e7237f2aad08205369,1523.1905813685685,8414.861858,0x26EB7025980dA32AE08614e7237f2AAD08205369-1778648117594
2026-07-15 05:36:02,day,sports,83,0xea1cf96f16d14d936fee288e556fe46ee8a14daf,1494.0524088799998,15425.52,Cloverince
2026-07-15 05:36:02,day,sports,84,0x46ee4944d72cceaac9c19e08e0491cbad461ae61,1447.7765433076238,66687.36454400001,0x46ee4944d72cCeAAc9c19e08e0491cbAD461AE61-1774461767714
2026-07-15 05:36:02,day,sports,85,0x479e330b07822ee28e20bac5e504f1b7c6b591c3,1417.0249924632299,4908.61883,0x479E330b07822EE28e20bAC5e504f1b7c6B591C3-1768820092692
2026-07-15 05:36:02,day,sports,86,0x3f348100519813dd4ba2a9aff346de5a0f42ed6a,1413.8014823926014,6394.238630999999,jackccstream
2026-07-15 05:36:02,day,sports,87,0xd4e20ddeb493400ccf41702421578e9a9af90f82,1408.0731113655702,0.0,Dagestan1
2026-07-15 05:36:02,day,sports,88,0x53ecc53e7a69aad0e6dda60264cc2e363092df91,1355.2598644070677,31351.43,0x53eCc53E7
2026-07-15 05:36:02,day,sports,89,0xb272505077cc2c6bde5acca133ea6364152e5030,1331.3771420275662,0.0,FifaFred
2026-07-15 05:36:02,day,sports,90,0x633e96a4b7ae543522358282eafa023fe61bd305,1243.0260816886257,18822.450434,0x633e96a4b7ae543522358282eafa023fe61bd305-1783406206089
2026-07-15 05:36:02,day,sports,91,0x67706ec33d1bc5ed0db5cf0681b74b57b64ec3bd,1232.5893279920565,9899.175933999997,jackmeghivott
2026-07-15 05:36:02,day,sports,92,0xf7429705e25b619338412967f0a70260b6e1e039,1219.6969315688475,20000.0,unbribeableref
2026-07-15 05:36:02,day,sports,93,0xafe4272b4fb0bcc1d734ee2cdec3e78cdc94f3f7,1218.3911513542407,20287.084938000007,QuentinChen
2026-07-15 05:36:02,day,sports,94,0x6485f47d0344c03eb4340f985159f6eb2dcba265,1152.9412103599607,19941.314283999996,flatbarrel
2026-07-15 05:36:02,day,sports,95,0x011f2d377e56119fb09196dffb0948ae55711122,1146.6872691372992,14014.929441999999,11122
2026-07-15 05:36:02,day,sports,96,0x65018f9fc473f6e920b8929a375d39c26a461220,1140.6383480459917,0.0,cnyek
2026-07-15 05:36:02,day,sports,97,0xb0c85813a7a4428f1139ff91d3118a92c391fe7f,1139.96651483007,16110.343512,rustyc.law-
2026-07-15 05:36:02,day,sports,98,0xbbc8fa72556187bdd8eca826c79d2269052b4f5b,1123.6552415051447,1446.178676,signalso
2026-07-15 05:36:02,day,sports,99,0xa8e089ade142c95538e06196e09c85681112ad50,1114.2451085693901,0.0,Wannac
2026-07-15 05:36:02,day,sports,100,0x0f821dcc965f40e02e7ddf5748993c5ae0019ae1,1107.9577602222453,1588.6,Bigmato410
2026-07-15 05:36:02,day,crypto,1,0x13932370435f0697106262100d07615fb31f9cf8,12266.321872103092,26280.939067,
2026-07-15 05:36:02,day,crypto,2,0x06dc51826bc524d9a83770e7de9dd7e005b04524,11065.854714803281,127391.18826699999,0x06dc51826bc524d9a83770e7de9dd7e005b0452
2026-07-15 05:36:02,day,crypto,3,0x27091ce48a08a3e21d63c42d33428cf1e55d20f5,6588.5012603508,259357.02672500003,dgcf
2026-07-15 05:36:02,day,crypto,4,0xee65685de42f8de9a03b4c53ee77d56a20d2cfc9,6416.723567230685,112053.04317399999,0x50f7
2026-07-15 05:36:02,day,crypto,5,0x751a2b86cab503496efd325c8344e10159349ea1,5422.613517143647,1661.3832629999997,Sharky6999
2026-07-15 05:36:02,day,crypto,6,0x1465b79bff7992bc703e1aafb3683b1089647072,4393.510365135444,131840.972715,JnStTrdrBnusFnd
2026-07-15 05:36:02,day,crypto,7,0xffb94cf5888dfa91bdafca81d9bff506a4a1f50b,3699.9998118803887,28370.307664000004,0xffb94CF5888dfA91BdafcA81d9bfF506A4a1f50b-1783523886549
2026-07-15 05:36:02,day,crypto,8,0xe3eeb127d5763a6e4ad597f773f9d259c94d5176,2686.902299012334,64252.082192,0xe3EeB127d5763a6E4aD597f773F9d259C94d5176-1780742904507
2026-07-15 05:36:02,day,crypto,9,0xc487a65e48552b964a46df520eed1029aec8b127,2578.69873991,0.0,KyeZX
2026-07-15 05:36:02,day,crypto,10,0x82c857cb4d18e919c1b7d3c6865be4debe50da77,2301.072323117227,161989.96955399998,wolf9478
2026-07-15 05:36:02,day,crypto,11,0x48ac40fc545cf327edd5365435c3a9f385614a7e,2016.1716702887788,54847.422651,BoneOhio
2026-07-15 05:36:02,day,crypto,12,0xe29042f5d913dcc4015aab3455c13c58514ca33f,2012.6999409781802,155307.33328200004,stepahead
2026-07-15 05:36:02,day,crypto,13,0xdf7930e89a2c47560165331863c31deca0733dcd,1924.9697735141963,117278.308246,std0
2026-07-15 05:36:02,day,crypto,14,0xe055d214540ba6fde3c5c18adb7fed9c02630628,1888.2298654324259,31014.278643999998,AgropescaJacare
2026-07-15 05:36:02,day,crypto,15,0x8d1d5d1c6041b13fc708b5d9f668070e1724ed4a,1775.3137997718732,59044.719735000006,CERTova
2026-07-15 05:36:02,day,crypto,16,0x927f7694de44d19a72bce76254e628d1c141d215,1765.7822176265472,22818.480623,baloneigh
2026-07-15 05:36:02,day,crypto,17,0xa0e72d5575095199ae08ce0dce447f21b7249461,1728.5823754884768,84813.383454,uninformedfloww
2026-07-15 05:36:02,day,crypto,18,0x7e5d2991c2647de2348287e2f499329fc6a6c4c3,1673.4350041170546,29634.008294000007,aswfadq1555
2026-07-15 05:36:02,day,crypto,19,0xb0f85baa97990910a3e8ac2b4a58a322f01ecef5,1658.1788865160197,37514.72422000001,pspspsps5
2026-07-15 05:36:02,day,crypto,20,0x3048d65321be3497164cdfc2996f94f98a2e7537,1631.76031017708,82333.35783699999,BadFallen
2026-07-15 05:36:02,day,crypto,21,0xeebde7a0e019a63e6b476eb425505b7b3e6eba30,1528.5612622911576,89963.213875,Bonereaper
2026-07-15 05:36:02,day,crypto,22,0x0c7c5204404e9d5402d258fedac59c7212bae4cb,1499.831158178713,35528.428454999994,OhioRiskManagement
2026-07-15 05:36:02,day,crypto,23,0xdb2e17fa5c65b86b0478413ba37dc2156237bffa,1411.2476259999999,1861.1946170000003,156748154564
2026-07-15 05:36:02,day,crypto,24,0x6d8090e9b8b8cd01fe18fb4e040b844b3f02a6a1,1395.14465,4650.0,sajkhashaoiww
2026-07-15 05:36:02,day,crypto,25,0x885278f0e304bc2d53f805af2ab779cb6011c569,1375.7195280668675,33505.435832,gabigol
2026-07-15 05:36:02,day,crypto,26,0x9796de6db546a93d9d5134563ec58ba08658d713,1352.4306792000898,59378.90306,bowbow24
2026-07-15 05:36:02,day,crypto,27,0x0484e64092ba4108c2786b61e6fc052d3bf41b1a,1347.1479730001593,104049.76000000001,DoggyStyIe
2026-07-15 05:36:02,day,crypto,28,0x15cd9aaaf5450b9543fd0cc6b573dce884100dc5,1313.72995,4650.0,jkwqhewqiowioe
2026-07-15 05:36:02,day,crypto,29,0x8ca6e59babbb4a02fd17ffd6f95973f5e8eb241e,1261.3359500000006,0.0,lovelyt
2026-07-15 05:36:02,day,crypto,30,0x912314fe33c045bd8899b98c7e82dbf5e2d8054e,1260.4037999999998,4650.0,asjisauiiow
2026-07-15 05:36:02,day,crypto,31,0xe10e15b2f1933ead072f0e064f927418f1362cfe,1224.9505934571866,1467.485713,Tsmc2330
2026-07-15 05:36:02,day,crypto,32,0xf3531b23b504cf0aed4ff21325232b2a2d496685,1219.9996414999478,148799.41999999998,powerwinner
2026-07-15 05:36:02,day,crypto,33,0xb5c403414daed2cea5c5cc7806b5ae387bd39c74,1212.3196506126656,24070.866391000003,Ben030603
2026-07-15 05:36:02,day,crypto,34,0x1291c097d0f1392a91424c41d21e971812c00e69,1137.7149,4650.0,shjakwiwuoie
2026-07-15 05:36:02,day,crypto,35,0x9cbf78b2ef6958e5d47eb8fcd9d78ae4e88aa8a8,1126.4193719838677,31320.996747,bowbow25
2026-07-15 05:36:02,day,crypto,36,0xf8e5f207c0b78a8c85eb625ce470349440a8c1ec,1121.5181090750011,0.0,demkot
2026-07-15 05:36:02,day,crypto,37,0x0af037c59ede5b3b2a6625f23923057d8296d425,1111.1021199999996,0.0,Protruder
2026-07-15 05:36:02,day,crypto,38,0xf6cd90295b4e33446bbf96653abc430d657b8c51,1110.55345,4650.0,saieuwioqw
2026-07-15 05:36:02,day,crypto,39,0xcfbb6b28819a87076db76ecc933658b630b44197,1093.202923229328,7078.160872,marmot3
2026-07-15 05:36:02,day,crypto,40,0xbbd468fd058cdbe0771db91522270db6672c0752,1052.826572,4649.49,ssasdasdas
2026-07-15 05:36:02,day,crypto,41,0x633e96a4b7ae543522358282eafa023fe61bd305,1001.5350880139334,7652.842064999999,0x633e96a4b7ae543522358282eafa023fe61bd305-1783406206089
2026-07-15 05:36:02,day,crypto,42,0xa1c8a817e12dbfad4ac82d7e51355e8d6cbb7a14,978.5861,4650.0,sakuoiwuewq
2026-07-15 05:36:02,day,crypto,43,0xa171629442338339ea68c3def805676b102ea83d,977.7366499999999,4650.0,aasudhash
2026-07-15 05:36:02,day,crypto,44,0x55fd4cacecd6c6645325fa4663198667a411b51a,963.830537,2963.8267699999997,0x55fD4cAceCD6C6645325fa4663198667A411b51A-1782088991939
2026-07-15 05:36:02,day,crypto,45,0x30b5f1cb5d5cfc1218328bb1607539d1adb6be72,942.979557976113,34679.22711,
2026-07-15 05:36:02,day,crypto,46,0xad187142b45594f3f24d36b4e7f966d96e520b4f,939.6797385779573,6797.2868450000005,Kng47
2026-07-15 05:36:02,day,crypto,47,0xb129a54d3b23214728dcc544034fc83067cd890c,926.3827464193992,24593.902082999997,0xB129a54d3b23214728Dcc544034fc83067CD890C-1780260877658
2026-07-15 05:36:02,day,crypto,48,0x1821d5e38701c7be70febc06ea716a010273a839,926.2210335648822,12453.333165000002,
2026-07-15 05:36:02,day,crypto,49,0xba703cb7678524f83dc40a5cff4b3485463b1523,919.2367541000001,0.0,Coolllll
2026-07-15 05:36:02,day,crypto,50,0x74319b40b6c4aaea08fcaf5cb3902db745fae02e,892.2000104386643,3088.151992,henyhuni2104
2026-07-15 05:36:02,day,crypto,51,0xdf0d2ccfe3d7c2ef120395534e43afe283509f79,883.6085959999327,155293.467,0xdf0D2CcfE3d7C2EF120395534e43Afe283509F79-1774320078733
2026-07-15 05:36:02,day,crypto,52,0xfc10b211ca01cffff3b255e204ba04a6ea32a8d5,864.3050736575897,11320.820725,vitozhang
2026-07-15 05:36:02,day,crypto,53,0x6d40f3719734403d22af47529be609f4a611335e,850.5890640226166,1555.676473,pmBigg
2026-07-15 05:36:02,day,crypto,54,0xa6657ab4eb9d92c8bbfb1d1d52ce7205e4ca01e3,840.7747598950664,7907.378346,MikeAddon
2026-07-15 05:36:02,day,crypto,55,0xb6263e83ed7ca634ed89745df9b3912bc35e8d7c,829.4339499999999,4650.0,aswiwqjieijwo
2026-07-15 05:36:02,day,crypto,56,0xa8ccda0419f357f819271437efb61022f01341a9,827.4974949364114,5614.7593,UUDDLRLR
2026-07-15 05:36:02,day,crypto,57,0xf03b3be0a0e7026bc41bbfcdc286129962833ba1,810.0109489619526,9792.986472,GameMaster2026
2026-07-15 05:36:02,day,crypto,58,0x4e476c6a2b84849bbcfdb8789ddf47de4210ab98,809.6888870000007,2549.662,agannever
2026-07-15 05:36:02,day,crypto,59,0x3725d52f3c252e8374999cc8617292ea2608ad88,800.1279722085455,24507.421605999996,almach
2026-07-15 05:36:02,day,crypto,60,0x5beecf0c380e29fecc788e996acc6f51f1a730e4,799.955,4650.0,jaskahjssd
2026-07-15 05:36:02,day,crypto,61,0x72a0d79b4325638bc2bcfc9a2b8a380c2d81c059,775.7734454942693,14363.06356,0x898ca742482eab3A4a015DA6928f8edC9BF3DA39-1782562025853
2026-07-15 05:36:02,day,crypto,62,0x9412cdfc1e3171e1aabb013d0f494986445d0cd0,761.3023484763107,21684.249941,gansinimen
2026-07-15 05:36:02,day,crypto,63,0x8b4bca1d794779e66e023d44391b2a86c5ab541b,750.3710574010038,0.0,0x8B4bcA1D794779E66e023D44391B2A86C5ab541B-1769764313952
2026-07-15 05:36:02,day,crypto,64,0x86de0516011e2ad7ce3abdc13577de8608db55c3,745.3935221410386,8458.213227,zhangfan151
2026-07-15 05:36:02,day,crypto,65,0x1160696549a6e3e5d9b4a7ccaed0403902307d8a,742.3383917958272,50955.414235,0x1160696549a6e3E5d9B4A7cCaed0403902307D8a-1780892492627
2026-07-15 05:36:02,day,crypto,66,0x3c23df83968033b7d85d9e95ab31c0ced857e487,714.706829107854,2420.6078930000003,
2026-07-15 05:36:02,day,crypto,67,0xfcc9af7539c2d3a68bc1e59e5e9f601c38239626,707.2565000000004,0.0,berikon
2026-07-15 05:36:02,day,crypto,68,0x75b04f56e3e9b5897cb816f8ff9f7a7049280c9b,698.1798646816897,19494.283138000003,
2026-07-15 05:36:02,day,crypto,69,0x2b8c9b5c6c32d677e8ea210b222ddfc94f5e3771,697.1139012921922,1806.7799909999999,jushdi
2026-07-15 05:36:02,day,crypto,70,0x6cb273aa20efc1bee3e14b8641917181d56d99a3,696.9996999999967,0.0,dogerfad
2026-07-15 05:36:02,day,crypto,71,0xa18c5cf2bc6eec389d2d512582ae14654b99d792,696.38747014,0.0,gmtrader
2026-07-15 05:36:02,day,crypto,72,0x3ab33542111fa14ec9194c80f08fd120bfba0975,683.2901619923596,12773.687856999999,
2026-07-15 05:36:02,day,crypto,73,0x7a6e8b9ae90f70ecff23eef400e57e737132d8ea,681.62215,4650.0,qiouqioqw
2026-07-15 05:36:02,day,crypto,74,0x251c1a283703beed41590b0875a8dcb8ddd1541f,678.5690869995742,84959.78,0xAAAAA
2026-07-15 05:36:02,day,crypto,75,0x4c375c3731d72e71ed032268eaf66dbbdbc80631,676.7312960000054,0.0,intothethickofit
2026-07-15 05:36:02,day,crypto,76,0xfbdea382467f6d624c3d204a06e8bd6f6722ed31,666.5907500000001,4650.0,iowquioqw
2026-07-15 05:36:02,day,crypto,77,0xa7011667f22c121c6cea7aab30192307c58c47cd,656.2648044899979,0.0,BadTattoo
2026-07-15 05:36:02,day,crypto,78,0xdb5ad26b68d77ae966d29e7180147272ab7a3965,653.187443902425,11841.642468999997,0xDB5
2026-07-15 05:36:02,day,crypto,79,0x13f7a1b36bbc6e5d631732f81c25d571c597e419,652.4886624897008,58178.587662,Ma-winwinwin
2026-07-15 05:36:02,day,crypto,80,0x642488f89f57565267699144a638eab54af2ca0d,650.5259151130972,13193.372448,
2026-07-15 05:36:02,day,crypto,81,0xf4a7c7b7fd50c8cd6c4a502394a000d277f8d252,639.26465,4650.0,iowqujioqwij
2026-07-15 05:36:02,day,crypto,82,0x64a46a989363eb21dab87cd53d57a4567ccbc103,636.8201899705673,8030.873224,thepansy
2026-07-15 05:36:02,day,crypto,83,0x0710a84a8447a2db35d0488d2aa6a8c19b6c06be,631.7510842599968,5072.4527769999995,0x0710a84A8447A2DB35d0488d2aa6a8c19b6c06Be-1778101060981
2026-07-15 05:36:02,day,crypto,84,0x67ae544746f94f6787878eaaa9c60b5804490f0a,631.3107676200016,0.0,Baderbet
2026-07-15 05:36:02,day,crypto,85,0x47ae6d13566c3418c4795c98ced1f197575eee94,627.0727798100006,0.0,JasonPunos
2026-07-15 05:36:02,day,crypto,86,0x6dc4bf9d9be9b28e303c3ff1c403fc04e3bc6770,626.7745685909395,2743.05,RealMaxNick
2026-07-15 05:36:02,day,crypto,87,0xab9e23a64549468f7cc826c2666f02b85bd92a82,623.288377,2064.2675289999997,tgtn
2026-07-15 05:36:02,day,crypto,88,0xf6dcbdb567c6ffd20c31822f76012e0b73cb246e,604.7699977789977,0.0,33pls
2026-07-15 05:36:02,day,crypto,89,0xf6ab262d360c85f98782b84a04db35c6e18d3579,588.8900774424328,37196.24709999999,Jarvisen
2026-07-15 05:36:02,day,crypto,90,0x74c5f2f6c49a0bb6c95ace64c4df73ad2ccef3e7,588.5967774478179,1989.2891690000001,0x74c5F2F6c49a0BB6c95ACe64C4Df73ad2cCEf3e7-1780180324154
2026-07-15 05:36:02,day,crypto,91,0xfb62aadabd80f089fde82688d2491845145864c4,577.61385,4650.0,ioqwuoqwn
2026-07-15 05:36:02,day,crypto,92,0x0ae4a8d6146c304d69208cdf114129e63c67fb39,573.2006575800992,42625.69974099999,ByteBadger92
2026-07-15 05:36:02,day,crypto,93,0x9e3ed7b661a903fc97afcf49e0f014ebe869f882,569.9618118282133,37399.48293199999,0x9e3ed7b661a903fc97afcf49e0f014ebe869f882-1783406009396
2026-07-15 05:36:02,day,crypto,94,0xaec38658ae47a6aabe8839f40e6d7da7996222df,569.7554869349988,0.0,randomlypunting
2026-07-15 05:36:02,day,crypto,95,0x2e5b8865282aafd75211eec7b277bb8804b1d992,558.2751781999991,184.77999999999997,0x2e5b8865282aAfD75211eec7b277bb8804B1d992-1778525442134
2026-07-15 05:36:02,day,crypto,96,0x5fe14b52584c83c18496914db0b30a28d4510981,557.304301000011,857.302865,Bitara
2026-07-15 05:36:02,day,crypto,97,0xe5c1d2dd50c43f7eaeb1031b4dabeb803aa57487,553.0834527788647,1697.053748,pivapi
2026-07-15 05:36:02,day,crypto,98,0xefb16a727fa24c0518a5c1b87920117e5b615e8f,548.4301502999999,3728.8422140000002,1111111111111111111112
2026-07-15 05:36:02,day,crypto,99,0xe9076a87c5ed90ef16e6fe6529c943baeca0cff6,538.6606926806271,68948.774853,suntori
2026-07-15 05:36:02,day,crypto,100,0x997cda7b31612e3c394bfb55440619f3f689251e,538.0631257831119,76440.618934,coinfilippe
2026-07-15 05:36:02,day,finance,1,0xc6e956068048c1cf98d8f0b3a495edc9da130741,9133.018752374002,0.0,luck00004
2026-07-15 05:36:02,day,finance,2,0x7f9e2d1df78614564a70becc7fa14aa9a6623a0e,4755.8778962979995,0.0,nojnn
2026-07-15 05:36:02,day,finance,3,0xeb490d0534bb68b4c2ce139b219a728cd2c3693e,2386.3615278865072,0.0,78979879879879
2026-07-15 05:36:02,day,finance,4,0x53c48faa2373f597b693567f79c3782c6ce7740b,1300.2121808494908,0.0,uma003
2026-07-15 05:36:02,day,finance,5,0x91784d82fbe4543459ee85fc9809be185d70a2b2,1044.1587271999997,2367.45,0x91784d82fbe4543459ee85fc9809be185d70a2b
2026-07-15 05:36:02,day,finance,6,0xc8ab97a9089a9ff7e6ef0688e6e591a066946418,888.4940778999589,19187.457789,ArmageddonRewardsBilly
2026-07-15 05:36:02,day,finance,7,0x64d9c4c9994321dc660efe7ddbf457c49f7846e6,801.7718567820048,0.0,Pokemon001
2026-07-15 05:36:02,day,finance,8,0x969fae0a3a93778adc42178f72c612ed8c4e4d55,800.1214754099201,0.0,superstonksbro
2026-07-15 05:36:02,day,finance,9,0x2974bd0059e48f215c391882976e0f1b4c8c9c23,619.0285383720002,0.0,65765757
2026-07-15 05:36:02,day,finance,10,0xe6055a224d277a3eb39df9ee5ea8201c55c4ac5f,614.5230269276549,2592.1484,CherryB16
2026-07-15 05:36:02,day,finance,11,0xdc41122f45e87890e790ae4f3aad2916776b362b,603.1820877289992,0.0,79879889
2026-07-15 05:36:02,day,finance,12,0xcfff4295288ee29f75a38a7028611b7c1e93673d,580.9981437945007,160.0,graynotebook19
2026-07-15 05:36:02,day,finance,13,0x335592400e402c26583ce8b56d12605e9548a126,549.9993554199973,0.0,ranger44
2026-07-15 05:36:02,day,finance,14,0xd26935092ce94d6393540974ce734ad798c96b9a,530.9810861510009,0.0,
2026-07-15 05:36:02,day,finance,15,0xc6a2910714d2febe8730f8386277641f7c1fc9b7,529.3792756869989,0.0,trx1
2026-07-15 05:36:02,day,finance,16,0x90c23cb846d4c78b59096bae855161d92ea28c24,518.3852493944869,11012.35,cryptothan
2026-07-15 05:36:02,day,finance,17,0x50c80ae7a66e49701dc9388bd13574ba03e0caa2,496.5015659632991,9372.668985,flipforchanel
2026-07-15 05:36:02,day,finance,18,0x403f2471f8aaa1e8a224f1338b073bfa3fdb94f1,475.9484719067805,3475.013014,PollProponent
2026-07-15 05:36:02,day,finance,19,0x8b4bca1d794779e66e023d44391b2a86c5ab541b,439.64273654999715,0.0,0x8B4bcA1D794779E66e023D44391B2A86C5ab541B-1769764313952
2026-07-15 05:36:02,day,finance,20,0x83eb9c192cabd49cc57cecbc062ed3a31d4ce5bd,437.93212980000004,0.0,ideas-501
2026-07-15 05:36:02,day,finance,21,0xb092d86834660348f824cf46438e0e1d22f108fd,421.52117,0.0,lightup001
2026-07-15 05:36:02,day,finance,22,0x2e62eddf5acffa59a97706de674348a2e600b22e,405.1539903980554,0.311257,rocky42003
2026-07-15 05:36:02,day,finance,23,0xe172d9e17386f9b4298e2e6eaf8c66d8a8b4e8e0,389.5722599999999,0.0,megaforest
2026-07-15 05:36:02,day,finance,24,0xb43787991f8bf7fa86295ed514c54d7fd606cfb3,362.8576909324993,0.0,fifaunderdog1
2026-07-15 05:36:02,day,finance,25,0xbace5a5a9e309d69164dc81788d353fed8d43429,359.93864784200014,0.0,kitten147
2026-07-15 05:36:02,day,finance,26,0xa0926fbc4a90e29e479b459ef92a147ebe5b11e3,349.7139775659998,0.0,G.laila
2026-07-15 05:36:02,day,finance,27,0x74957ea27ac4fbdee46d861fdae357859ff67fcf,338.75348335268427,477.40583200000003,LornaPredicts
2026-07-15 05:36:02,day,finance,28,0xdac432f5a09b4b79ab5e259c30e51f8512e9a8c9,334.5787254300002,226.33,0xDAC432f5A09b4B79ab5E259c30E51F8512E9a8c9-1762236145761
2026-07-15 05:36:02,day,finance,29,0x38d812aff0b79f3bf5da2a477f780bcc163eea7c,333.73097252010484,791.6210639999998,thanksforplayin
2026-07-15 05:36:02,day,finance,30,0xdf1c2e388bde2fbacabaf85c75a6b69cc35e2ebb,319.6754000000001,0.0,BMM-1
2026-07-15 05:36:02,day,finance,31,0xdefebc7ed6f5d6e8710398f37eea6fc1746a17f4,306.25839948000066,16041.19,e25247f2da2a2462f03c936c379b7ab0
2026-07-15 05:36:02,day,finance,32,0xf66f1f8f742b301e03eed9480956373a6ef98e0c,293.7837769169055,1186.2326,ronm238
2026-07-15 05:36:02,day,finance,33,0x124e0c267df00ebc350198c73e1e71f26a10a8a9,275.6058577600006,393.61,LIBAI
2026-07-15 05:36:02,day,finance,34,0x14649f7d9fd051d7c934586ecabba6e08b0a8748,261.0351500000002,0.0,gautamgg
2026-07-15 05:36:02,day,finance,35,0x74b4f9447b14b12308963fc048ae363eb0756bea,256.8194233159993,10155.150000000001,0x74B4F9447B14b12308963FC048Ae363EB0756bEA-1769170826159
2026-07-15 05:36:02,day,finance,36,0xda1547a7c3e164f2b5a0e6693f2f32e21250f349,248.59971233499982,0.0,recessionincoming
2026-07-15 05:36:02,day,finance,37,0xc97b0b2a2547bb3ed57167092ef8a6e816c347e5,243.65503017906667,36000.32,0xC97b0b2A2547bB3eD57167092EF8a6e816C347E5-1770003388001
2026-07-15 05:36:02,day,finance,38,0x843e32a367156a1e1e0193a36a04e41ae1b4d2f3,231.2379264899996,0.0,Bursted
2026-07-15 05:36:02,day,finance,39,0xc74a96b8a834677cc2ab2dd579e525134d11f01b,230.0,0.0,Popopolly
2026-07-15 05:36:02,day,finance,40,0x844ef6cdd0a4d691b7a81429ee550f025aa64f41,229.99986662000447,0.0,flyfat88
2026-07-15 05:36:02,day,finance,41,0x0a6d26d31b28fd5a84c301f8b27296612f3b1d0a,224.60506757898838,0.0,Bikesarethebest
2026-07-15 05:36:02,day,finance,42,0xd01f16ed5775fb5c9b00399771d2e28a30b6ce7a,221.99929618711607,1095.0,greedymartin
2026-07-15 05:36:02,day,finance,43,0x8b8762de175b0c9c86453239e0dabbedd6d73e8d,219.27367101016125,276.0,MickyMauldib
2026-07-15 05:36:02,day,finance,44,0xb0c85813a7a4428f1139ff91d3118a92c391fe7f,212.8518650528349,559.5,rustyc.law-
2026-07-15 05:36:02,day,finance,45,0x8b4410e877fa826c7e986dfb30a5be73d72163fb,208.34907478650052,0.0,Bsau4
2026-07-15 05:36:02,day,finance,46,0x743beec1270e1f4a468658bf628ac8cb94e6b802,201.4706787999994,0.0,earshot.zenith
2026-07-15 05:36:02,day,finance,47,0xc6dd722558dbfbd8fa780efcbe819ed8c6604b9f,200.84960919500736,441.710766,tourists
2026-07-15 05:36:02,day,finance,48,0x6d40f3719734403d22af47529be609f4a611335e,195.57209636250082,0.0,pmBigg
2026-07-15 05:36:02,day,finance,49,0xf1899a30a2c016941bf4abd77b900ecacd768e47,193.29132607199972,270.0,Alicia
2026-07-15 05:36:02,day,finance,50,0x5e84743ad0515699b7adf2588de4c3032d538e88,192.09972240989373,42.22,Cbb.
2026-07-15 05:36:02,day,finance,51,0x0b34b69b3acfcf19e589179e0c5894f78261f5a6,188.63702952250105,69.3,IronE
2026-07-15 05:36:02,day,finance,52,0x47326971008e73c6c5e379563385b2c283482f88,183.6023,57.46,perseo
2026-07-15 05:36:02,day,finance,53,0x482bf5accdecfaffa67c14d4d4fbb59f428a3266,183.35509504200002,13.515788,Winry
2026-07-15 05:36:02,day,finance,54,0x1c266db0f8529b1f25b77123e9c0c918ac2f6e31,180.64490932800106,0.0,5atka
2026-07-15 05:36:02,day,finance,55,0xd24002f0f5d0f6ec4788de1e8afa73296a4e1a5d,179.365151028,0.0,GasPrice
2026-07-15 05:36:02,day,finance,56,0x1cdd071bb612de6d66d0c882b676c663697de595,178.2520626670048,0.0,Lavincey
2026-07-15 05:36:02,day,finance,57,0xfbfd14dd4bb607373119de95f1d4b21c3b6c0029,176.02262374624024,3462.3130739999997,XAE12Archangel
2026-07-15 05:36:02,day,finance,58,0x961a3ebcc591e90255b590a1299c1fc4aba973ac,169.834238344999,0.0,BridgeLake
2026-07-15 05:36:02,day,finance,59,0x6560abb717a8e5f3afaacd1a31e9c03eed71e164,169.21378558459946,3017.02,1walrus
2026-07-15 05:36:02,day,finance,60,0x000d257d2dc7616feaef4ae0f14600fdf50a758e,164.60542204500052,0.0,scottilicious
2026-07-15 05:36:02,day,finance,61,0xb971e5628a282d6bd42b96cf3a9bd1a12f16e7ae,164.01577870850087,0.0,Freeze-Corleone
2026-07-15 05:36:02,day,finance,62,0xa3e22cd32aa9238ef7dbcfb4761e33b9eaa1fdf8,162.03048993754783,567.14,pootytherewardfarmer
2026-07-15 05:36:02,day,finance,63,0x88c4919de76e526d55a32c1f8afb439dd1f1129a,159.2168165769981,0.0,QuietRiskisWrong
2026-07-15 05:36:02,day,finance,64,0x4266d3aeedfb1a99f8a79406d97e2b230c725305,153.95520000000033,0.0,hulinali
2026-07-15 05:36:02,day,finance,65,0xac9b386454ed02ef205e0ebd189d8864fd02d4c5,151.04110000000037,0.0,tryingmyluckhere
2026-07-15 05:36:02,day,finance,66,0x5011224f4848cb2cf2d87cf2b823551dfd0e220e,148.3466148725056,119.58,GCNO1
2026-07-15 05:36:02,day,finance,67,0xd25dc5042c8b5bbbf25005954554abd2590363fb,147.6999999999989,0.0,qwersd
2026-07-15 05:36:02,day,finance,68,0xb69ca0846460fe8fce547ab3df062761fe566b19,145.30036587999894,0.0,IPOS
2026-07-15 05:36:02,day,finance,69,0xb619ed5b378053f8309c307d2f7adf9c13665068,143.32739273599873,0.0,tnl
2026-07-15 05:36:02,day,finance,70,0xb2cd99ff5ad8f27c781e54e854ab1b2ab1afc187,142.7851019109985,0.0,vicks
2026-07-15 05:36:02,day,finance,71,0x71abe97b83eaba3f06cb04fd4d9a03ee37d2f015,141.07319855400056,0.0,groth
2026-07-15 05:36:02,day,finance,72,0x6d727f606ab5622f66ec1bb0b6159f89fd3e8e89,140.80820000000006,0.0,QtQlya
2026-07-15 05:36:02,day,finance,73,0x277e6718cdf00f4f887d17589895ae031a337d32,139.7437429616466,1930.3899999999999,aiwar
2026-07-15 05:36:02,day,finance,74,0xb7ef580a13f0463561170074bece5fb7bbd3812c,136.77296215940987,1131.13747,TimRob
2026-07-15 05:36:02,day,finance,75,0x05dd60fc2e11f69a3fa30b19273891cd501ce2af,133.3190500000037,0.0,VdeVirtud
2026-07-15 05:36:02,day,finance,76,0xf940a011524039aa29f74be6ff9c19ba37833239,132.51555552999935,0.0,mt2rules
2026-07-15 05:36:02,day,finance,77,0x4ffe49ba2a4cae123536a8af4fda48faeb609f71,131.28905792244404,1609.742972,planktonXD
2026-07-15 05:36:02,day,finance,78,0x04bf21c2527ae8d54a2f713a6420c608366c7caf,131.22680905499874,0.0,Red781RuM
2026-07-15 05:36:02,day,finance,79,0xdb5b512f97df142c82d04dbd6336ab42dea84995,129.80545923000022,337.25,horizonfushion
2026-07-15 05:36:02,day,finance,80,0x1cd24cc49782240413903b4b7e7694779f917f85,129.12912908599537,0.0,bitterfish
2026-07-15 05:36:02,day,finance,81,0x373f307a311cfb5e9fc7383e155f3cc79d0e1878,128.39491419099795,0.0,333blacksea
2026-07-15 05:36:02,day,finance,82,0xc7d02944a76b9f83b199e9090ecc92c82d241f8a,128.1800541106677,1386.3799999999999,0xc7D02944A76B9F83B199e9090ECC92C82d241F8a-1776944395495
2026-07-15 05:36:02,day,finance,83,0xffbbf885454e6930e54b720ad5224175b8ae36e9,125.92906681858881,28.73563,0xffBbF885454E6930e54b720ad5224175b8AE36e9-1720913580384
2026-07-15 05:36:02,day,finance,84,0x1d973373d8560157f76f80f38a1d7906d5e9d127,125.62615468000001,0.0,ARBTRADE
2026-07-15 05:36:02,day,finance,85,0x06ac70013cd0c7992ec830ad5df9f7f66d5b79ec,119.95612913199693,0.0,eastpak
2026-07-15 05:36:02,day,finance,86,0x04cf3a55f559bd617163a73cfc460e8954a75224,118.11840265503224,10.111181,lagex333
2026-07-15 05:36:02,day,finance,87,0xfacd5eb6566d469f71fb42415177c74eb27d9109,116.18192101999966,0.0,0x79a009b7C0336273Bf3Bc7E1D940aD3e2152B9
2026-07-15 05:36:02,day,finance,88,0xb4eea1c82f0c4cf7e02e69212bd447a63314cc59,113.51777794999998,1535.06,HyperwellNerdZ
2026-07-15 05:36:02,day,finance,89,0x6da7661affe0f534dc58483cd457aaf0d1afa09b,112.73733226800002,0.0,0x6DA7661affe0f534DC58483CD457aAf0d1AFA09B-1772064773160
2026-07-15 05:36:02,day,finance,90,0x9d84ce0306f8551e02efef1680475fc0f1dc1344,111.90634500591113,0.0,ImJustKen
2026-07-15 05:36:02,day,finance,91,0x71ca04d689bc38c5e4dcda8a4d743f279c5a3501,111.10984199999803,0.0,Ronaldo2100
2026-07-15 05:36:02,day,finance,92,0x8a902824144f415537d449377d7a38f1165068fb,110.49890481800004,0.0,sazaki0
2026-07-15 05:36:02,day,finance,93,0xc278143b0a9a06d236936bc742e516de13472d19,105.08908330000031,0.0,ethhte
2026-07-15 05:36:02,day,finance,94,0x500ebb48315d4e0a0262c1954844e754d7b879d4,103.79819118000023,0.0,WizhardofOddz
2026-07-15 05:36:02,day,finance,95,0x40cfb29411d29f4fa0908f2a121297042cccd21d,103.25841478899952,0.0,whig
2026-07-15 05:36:02,day,finance,96,0x9f208e85f326f865077fffa68b32d8b0e2bc12c3,101.22468875399863,320.0,mildwindow27
2026-07-15 05:36:02,day,finance,97,0x5652090d21c85a9d1ca5b6a41fe07f3099fb00c9,100.50956348850013,707.522339,AlphaBetaGamma2357
2026-07-15 05:36:02,day,finance,98,0xb6c83e346ab31df6e24bc53ecb6e15c03b75b9e6,99.99981004300025,0.0,shibagege
2026-07-15 05:36:02,day,finance,99,0xbfb3b7bd96f923fc22ecc8fb416d4dc5d3b24b43,99.62276293999457,0.0,borchi
2026-07-15 05:36:02,day,finance,100,0xb3078bcc1266252ed38f9c509dd0d70e1a709c25,98.54442206950262,0.0,lilesto2
2026-07-15 05:36:02,day,culture,1,0x3eae57986be5e0ca435102ffe1f14206ffa2e2ed,1568.6496374459994,0.0,thoodr
2026-07-15 05:36:02,day,culture,2,0x846988dd97915cc9a847e5ac435262322e55dab0,1008.1411548899996,8131.38,sssssssunnnnnn
2026-07-15 05:36:02,day,culture,3,0xd12f443b6a45225ae65d519a4bdef568d29ce85a,829.1335843214744,5485.371071,Hot-Skull
2026-07-15 05:36:02,day,culture,4,0xd23f8c8aab13cfb2a35da40b67f8471faf9894a1,502.79354190048343,2056.0,Corlys
2026-07-15 05:36:02,day,culture,5,0x2128f011fb563a8ff6c484ba80eb049356c1f203,316.76028937,1358.55,AaronCA
2026-07-15 05:36:02,day,culture,6,0x9d8019321990b0e9d3947c74e7832f855b2afcaf,308.5675066410008,0.0,Tough-
2026-07-15 05:36:02,day,culture,7,0xe2b1fc269d0c2e27da11fadd1d9596fe28227d2a,278.2853469800466,0.0,New.Jeans
2026-07-15 05:36:02,day,culture,8,0xb04895b46d744a55e399dd09a78ce8ef215e7f07,226.0864999999996,100.0,0xb04895b46d744a55e399dd09A78CE8Ef215e7F07-1781456815311
2026-07-15 05:36:02,day,culture,9,0x2fcd9f22eb101f19783af45cde95576e65a5e3d7,208.7932817019996,0.0,chiyip4112
2026-07-15 05:36:02,day,culture,10,0x2b40219938637204cb9cb585a861c376c3bba2bc,180.40824912899,3044.989486,trader8267
2026-07-15 05:36:02,day,culture,11,0xa45cdb0a5ba4629b5c7860dc3f310978a4dd1d10,179.97793662499316,0.0,lnkybtc
2026-07-15 05:36:02,day,culture,12,0x347cbdeb5b2fc5d2ba33c22c9129987cbf946b1f,176.84169753900005,240.96,Po1yBot-QI6GR4DKSp
2026-07-15 05:36:02,day,culture,13,0xc2011583263f9fd179d2d819ec7e89cf46226768,164.38564171549996,0.0,0x96B5D728f180642a9017A62f121fDFD7b08e031c-1768996111343
2026-07-15 05:36:02,day,culture,14,0xb0c85813a7a4428f1139ff91d3118a92c391fe7f,151.40049836570165,1035.953006,rustyc.law-
2026-07-15 05:36:02,day,culture,15,0x73e35ce0b7e36ef3ce29ebd12b30b28007383239,145.6751999999999,0.0,Stonktrader
2026-07-15 05:36:02,day,culture,16,0xb0ccfba29aaf3c20ce28cf97349c951ba589f09b,140.8273268181474,1519.793925,EffyBig
2026-07-15 05:36:02,day,culture,17,0x9ed543dd73a4e1f570b248a6dedf7c25ac08a920,137.8332281295,0.0,jaydencuckoo
2026-07-15 05:36:02,day,culture,18,0x2f107cd07b3bdaeac7fb6616fffaa2b06fb4f544,136.19996510600004,0.0,
2026-07-15 05:36:02,day,culture,19,0x3f3bfc6d754e416699793901ffb12ddeee9f1d77,132.16528960999858,0.0,eNakeVets
2026-07-15 05:36:02,day,culture,20,0x6f084a641012bb925f2f3c7f44a6fec5025e54d3,128.20305847750114,0.0,warptrading
2026-07-15 05:36:02,day,culture,21,0xf142c427d2520e2b9d8cdc6977e5eec4bcdf2f8a,127.36291019735282,1237.52,0xtrin
2026-07-15 05:36:02,day,culture,22,0x6b44cdccdc280e6d0be71782f0772a6bf4b2be1e,117.41380391700022,0.0,nufonehudis67
2026-07-15 05:36:02,day,culture,23,0x43ac41af8056cea82b82c3b2bb8aa02c9642efa9,117.18195611300004,819.1194999999999,Turbo-J
2026-07-15 05:36:02,day,culture,24,0x48e7ca9d4754021dc8b32adcaec0234dd6c9d5f8,114.82760827650054,0.0,Zippy
2026-07-15 05:36:02,day,culture,25,0xb028b82a80c2d1e855ab4f3cd3a18ecf76838686,108.71977369650267,477.08695,Ox79879657hjgdsghgdj98090klfdkld
2026-07-15 05:36:02,day,culture,26,0xdacf9f8d0341fa3770fae5c7ccd9dcfed23e3c74,107.15883319900013,0.0,CosmicCedar
2026-07-15 05:36:02,day,culture,27,0x288d86c1a4b514c0f46285adfaf2d98debd600ea,104.78773283999999,580.49,0x288D86c1a4B514C0F46285ADFAf2D98debd600EA-1780966225825
2026-07-15 05:36:02,day,culture,28,0x89e0552b897baa5486a45ff257a39858a79a9412,104.7445485490025,0.0,Ross1212
2026-07-15 05:36:02,day,culture,29,0x2b340fca886b3c7a2cc928c4a89162133fe4b202,103.7468667529995,1623.9163,Fluo
2026-07-15 05:36:02,day,culture,30,0xe02146e4f1182e2382e4dc05981cc15dbfda10e8,90.89139571199985,0.0,
2026-07-15 05:36:02,day,culture,31,0xf27a9adeae472b4a36071fb2e130fec3736b7b4d,90.56507904800014,1003.58,simpton
2026-07-15 05:36:02,day,culture,32,0xb89f5425341719d298dc2f5b9a92374f5fde1c44,87.35154361200148,0.0,iutwpfal
2026-07-15 05:36:02,day,culture,33,0xbbf4d9f5078167e354937523c28dd4b4665d3b45,83.05191648000437,1193.64,Sabarinathan
2026-07-15 05:36:02,day,culture,34,0x993f451b6d5c21996b1bf688493cea9c4c823ee3,79.91140000000087,0.0,hitjnn214
2026-07-15 05:36:02,day,culture,35,0xcf070b9ed273abd6185a4253713ce8e64c0ec770,79.44304219999992,0.0,MaxEnt
2026-07-15 05:36:02,day,culture,36,0xe78f5180d16d1fbb1a6fd48b03d38aeeb97e8917,77.57177389499978,0.0,bee
2026-07-15 05:36:02,day,culture,37,0x1ecc91dbd13963efbaa305262a23164c68eb53a9,77.35507251600211,57.6,20YrsOfBoredom
2026-07-15 05:36:02,day,culture,38,0xc684828f6b03487759ced2ebdd975f91f3532228,74.69685016949188,0.0,oliman2
2026-07-15 05:36:02,day,culture,39,0x93fb8127a1b21a112b11af936361225df0563e4a,73.95015648000117,0.0,LlamaLoco0000
2026-07-15 05:36:02,day,culture,40,0xc676679416e4b234de28c4db991c07c9480af35c,73.90015499999998,120.0,Blue-Horseshoe
2026-07-15 05:36:02,day,culture,41,0xfd2b05928e63a513efda1e60d6d925b271e29ff9,73.03445488350098,0.0,Matelleti
2026-07-15 05:36:02,day,culture,42,0xdd68a66b0f111035c5d698d2c7751314b14f0261,71.57976256999973,340.09000000000003,dukies
2026-07-15 05:36:02,day,culture,43,0xaf4635074c8f9966ff44f2497183b53fc0578c1d,71.42784055552329,620.0,vamnizar
2026-07-15 05:36:02,day,culture,44,0x54096e86cac2d70d04fd98ee16f633c7e9d479db,71.00928499999736,1000.0,Boss7
2026-07-15 05:36:02,day,culture,45,0x014c4e7ae2145992861c2d1b124af633a97f820c,69.3070000000007,0.0,Hyperlong
2026-07-15 05:36:02,day,culture,46,0x1359416a1289fd554e5b44872ec2a8b9db200c0d,68.77550742399995,599.996968,CyberKillers
2026-07-15 05:36:02,day,culture,47,0x53819cad51e6479a90ffb21ca9121a021cb91ec5,68.17480963500003,971.229103,0xPoni
2026-07-15 05:36:02,day,culture,48,0x477a7d28ed844984088129207c0afcb2459e2d8e,67.74597116000041,0.0,Bot9735
2026-07-15 05:36:02,day,culture,49,0x3eed531ae5118de4bc7828c65f9f9bd99bbd2050,65.73388117853347,1949.992038,pikapikapika
2026-07-15 05:36:02,day,culture,50,0xfac62ccb626a40077cc52ce8fb482cce478ef33f,65.23000000000002,0.0,alanna-debitis194
2026-07-15 05:36:02,day,culture,51,0x99518fa0d201e7542ea2b852809da5a5c8d811bd,64.36688999999933,0.0,imnice
2026-07-15 05:36:02,day,culture,52,0xa6e42bb3762608e5b30d8038896b7dbe73148cf3,64.0,0.0,terryyml19028
2026-07-15 05:36:02,day,culture,53,0x9e8077593bf0a6fd63f988dcf589f7558897f694,62.90122544499991,0.0,Nik-
2026-07-15 05:36:02,day,culture,54,0x2d5403c7064a5e1660a6e31e74639db28a0b2bc7,62.433539982000184,0.0,Po1yBot-OZrhX2UfIz
2026-07-15 05:36:02,day,culture,55,0xa52d67b2c6529a00242b86754c688531f14918b3,62.277855888000005,0.0,Yesrrrr
2026-07-15 05:36:02,day,culture,56,0x9c6f0b98dc8e9b39749d6682dcd72b9025788b32,60.92833336999992,0.0,CashReviver
2026-07-15 05:36:02,day,culture,57,0xeba4f0b5eea60bfe6df14e2297e58d8c152a69fb,59.751109999999926,0.0,Lukasburner
2026-07-15 05:36:02,day,culture,58,0x8a8a7f976d5c0e7559ca0e41defa474314ab4abd,59.39751112700014,0.0,0x8a8A7f976d5C0E7559ca0e41defA474314Ab4ABD-1783080129031
2026-07-15 05:36:02,day,culture,59,0x9acd8d2bcabc675ef46e23d9fbb2f328cdb1a3fe,59.248904650000725,438.12,smi1e
2026-07-15 05:36:02,day,culture,60,0x33ead2c89e869df8d42aa65b7f3a7e3c6576f2f0,57.99978387749999,0.0,Tambasova
2026-07-15 05:36:02,day,culture,61,0x5a218c7ad04135830a45c41aaed7294df7809318,57.478679617808666,827.837811,balthazar
2026-07-15 05:36:02,day,culture,62,0x3f0d2674804e100363f0c1ed4b74b1ceabfdd935,56.568873272500014,0.0,jackpot77
2026-07-15 05:36:02,day,culture,63,0x6d3fa0200fec1dbcf4dd7e4408aa1e53779ca942,55.74676752000232,0.0,stauffen
2026-07-15 05:36:02,day,culture,64,0xac4a1fabdac2438d6afa2a9e8e83845310a0bf1e,55.56929746909009,1340.6100000000001,HerrieDavis
2026-07-15 05:36:02,day,culture,65,0x35377795d164116750f1f0175c013f82cc3d56ea,53.999836568999854,0.0,javarisjavarjavarisonlamar
2026-07-15 05:36:02,day,culture,66,0x8564848285e54c65f6cc2e3930b49362fbd84b2e,53.79760000000533,0.0,AllYourMoniesAreBelongToMe
2026-07-15 05:36:02,day,culture,67,0x6c7d9ce7d08fbe1bf872fa825916802866a8d6eb,53.77245068006596,47.97,VVKhqdMdKjEpLsDRwu
2026-07-15 05:36:02,day,culture,68,0x0619dafd91786867631d0546917aa35c244ed801,52.499800019996655,400.0,Kinganibus
2026-07-15 05:36:02,day,culture,69,0x4bf350d8d6fc4de0bd482ad82b71ebe60245369d,52.36943999999994,0.0,KairoNexus
2026-07-15 05:36:02,day,culture,70,0x2a315a8d15cfde768bcd47ba5cacf3ef5894f2f0,52.03789947599557,0.0,itsjustcheddar
2026-07-15 05:36:02,day,culture,71,0x77e595582f4509ff3672c58c143e44bddcc2ec41,51.58101195800009,0.0,88888888888888888
2026-07-15 05:36:02,day,culture,72,0xe35dfe51d8288ea409ea18a139f188a83b33f5d5,50.64013720346702,1040.438821,chocolate123
2026-07-15 05:36:02,day,culture,73,0xfae264c49df08f188c5fb9fddefb4585ca73c12f,50.29406499999982,0.0,FireMage31
2026-07-15 05:36:02,day,culture,74,0x827a76fd1d596199df88b98e004258f0be15a12b,49.61686763,0.0,Rumbler
2026-07-15 05:36:02,day,culture,75,0xa815f590e64fa64d417df72c581a32f5ff449cbe,46.442251281000495,112.0,Numitus1994
2026-07-15 05:36:02,day,culture,76,0x6e532e0dc877f0da4b8b9022e287b760914222ed,46.12007275849999,0.0,Should.have.vwaped.it
2026-07-15 05:36:02,day,culture,77,0x49adba6092a3288ef0ae2e5d5d1e77e69331f71a,45.75912999499997,0.0,ketman
2026-07-15 05:36:02,day,culture,78,0x3dca854f147d9b9ecc56d37800f36b347ce23c13,45.543221970000104,0.0,Ryxon21
2026-07-15 05:36:02,day,culture,79,0xdc56287dff287cfc3d5516a8a19ee1fb022fe898,44.84980358399992,0.0,Saori.Kido
2026-07-15 05:36:02,day,culture,80,0x34a9b8ab09d930e9b14d01875e2364e3896a9e88,44.072594994999235,0.0,Vovovovovovovo
2026-07-15 05:36:02,day,culture,81,0xe962dfbaed113be79c38e122e67a431231a9663a,44.06450000000041,0.0,Maanimo
2026-07-15 05:36:02,day,culture,82,0xd661fbbe2a0f76506b487348ce00006dfd350d4e,43.580954499232575,1030.7752930000001,hoomanlover
2026-07-15 05:36:02,day,culture,83,0x7d4b7843672a6135854be88de4aa93a5dd89eedf,43.11430038399999,594.68,xyloriss
2026-07-15 05:36:02,day,culture,84,0xe3854d4cebdea26fa8061a88e75751341b143e4a,43.02536078049998,425.71,kakoboe
2026-07-15 05:36:02,day,culture,85,0x79bfe69e715f54fca27308e6044e4f0c157cbcdf,42.963738000000376,547.1800000000001,hedgefundfounder
2026-07-15 05:36:02,day,culture,86,0xa7fea388f955a9517067111030eb771c6d911f3e,41.659794094624885,150.4,Faston
2026-07-15 05:36:02,day,culture,87,0x4a2be7a7e6e3b41dc2de00706b4c09660ca9af20,41.58975528600081,0.0,troim
2026-07-15 05:36:02,day,culture,88,0xb8ad2849635c9ce413f1fdd2e7b364bbfafeff58,41.48376262150032,0.0,Rr55
2026-07-15 05:36:02,day,culture,89,0x95074f700f93bdf6e62fc965e0832064c0877b04,41.036035677501786,430.92,95074f700f93bdf6e62fc965e0832064c0877b04
2026-07-15 05:36:02,day,culture,90,0x51b11a18e75d0f4c3f8e8e360f89eb911d727865,40.61516224499974,0.0,PCMTest
2026-07-15 05:36:02,day,culture,91,0x21ffd2b7a212a6f277ed3eca1a9f8efcbca90d71,40.03191481873546,4771.830987,Haradwaith
2026-07-15 05:36:02,day,culture,92,0x50d3833a3eebc6c8f5ee9af80a6ad3162c1cbad4,39.49999999999999,0.0,pelasti
2026-07-15 05:36:02,day,culture,93,0x0711e162e05349de3d87626dea4285d08537f03c,39.14629220399911,2.0,S888
2026-07-15 05:36:02,day,culture,94,0x53939a943b5d8d1156a774179a58acae4247966a,39.08794784399993,0.0,nole-ksum
2026-07-15 05:36:02,day,culture,95,0xa2301658bef5d1c550bc4d5a6b4b8bde87a61cdb,39.08349999999973,0.0,Destinybeats
2026-07-15 05:36:02,day,culture,96,0xdd166aae93389befb62d1c3332c0e5718f6f901e,38.87999999999988,0.0,
2026-07-15 05:36:02,day,culture,97,0x7a6192ea6815d3177e978dd3f8c38be5f575af24,38.72927999999956,0.0,Gambler1968
2026-07-15 05:36:02,day,culture,98,0xa5d3e93a76fdd01a036effd8d43ec662c8716b98,38.55902654400006,0.0,Emel
2026-07-15 05:36:02,day,culture,99,0xf00c43787a6489142e1d71e86e0a2b6863bd40e4,38.15963567999984,0.0,0xF00c43787A6489142e1D71E86e0a2B6863bd40e4-1782930487563
2026-07-15 05:36:02,day,culture,100,0x562bc8068347268d9a69b8dd464d00eed0f9dc09,37.45593927999562,609.73,SweetChariot
2026-07-15 05:36:02,day,mentions,1,0xcd9cd64d08499ac9f919155c22ae5f21c9867133,116.60827094250044,0.0,imafish
2026-07-15 05:36:02,day,mentions,2,0xcb14f61711d913773f4b982af340fa7eae175358,94.34059819849631,0.0,ooops
2026-07-15 05:36:02,day,mentions,3,0xc8ab97a9089a9ff7e6ef0688e6e591a066946418,89.94609484099419,589.571809,ArmageddonRewardsBilly
2026-07-15 05:36:02,day,mentions,4,0xe8c4d68aff65b38cac46987b9b65e01eb47d395d,87.62,0.0,JAMJAMJAM4
2026-07-15 05:36:02,day,mentions,5,0x52ebca459280966f4a56240a05e38df8527067ac,83.27463391000083,89.492141,AMAM13
2026-07-15 05:36:02,day,mentions,6,0x47084c8677adbbe81b42036d6095ccb190da9580,69.23675349999996,0.0,AllyouneedisClaude
2026-07-15 05:36:02,day,mentions,7,0xd5555147366b7e5bfcea444f4a06a745c18be28a,60.39450000000069,732.92,mmmbop
2026-07-15 05:36:02,day,mentions,8,0x9e8ecc4cb3c4e48f544cba2fbbb252a6a65e8db8,56.96870089581353,905.677233,DREAMBIG.
2026-07-15 05:36:02,day,mentions,9,0x726c6e3d5cdb1a8a97b38c0e2d88448b19d66bfd,56.83061000000009,0.0,idl
2026-07-15 05:36:02,day,mentions,10,0x0dedae6a02ea2ff8018ba5f277632919ed1c9025,56.457103102500696,166.62,jcharger
2026-07-15 05:36:02,day,mentions,11,0xf903c4cd098184e67a06a04f9b8fdb36e7bbe028,55.704773199999636,302.0,Viserys
2026-07-15 05:36:02,day,mentions,12,0x1e109e389fb9cc1fc37360ab796b42c12d4bbeee,53.75999999999999,512.0,ConfusedUngaBunga
2026-07-15 05:36:02,day,mentions,13,0x8963b73b5073df78790256e5fb7ba8d6172cde64,42.354399999999956,0.0,syanovee
2026-07-15 05:36:02,day,mentions,14,0x0e935a8486b7e044b6b4195af7acd280163b6a82,38.692309169499964,0.0,0x0e935A8486B7e044b6b4195af7ACd280163b6A82-1778525694471
2026-07-15 05:36:02,day,mentions,15,0x74957ea27ac4fbdee46d861fdae357859ff67fcf,34.61457981950025,373.009583,LornaPredicts
2026-07-15 05:36:02,day,mentions,16,0x1e3a86ef98030e7e0519e127d8178e9b45389e14,31.401499999999942,0.0,Gl4d
2026-07-15 05:36:02,day,mentions,17,0x62365f754d4aa7dc537f997f23bb5dd9a9e36881,26.9552744307,179.61195,Slackjaw
2026-07-15 05:36:02,day,mentions,18,0x5042e6dc8a612c493881a3e67519cc09f5f4fcb0,23.023692599999777,0.0,NoHigherLimit
2026-07-15 05:36:02,day,mentions,19,0xc676679416e4b234de28c4db991c07c9480af35c,21.9,0.0,Blue-Horseshoe
2026-07-15 05:36:02,day,mentions,20,0x6e881e6e5035cdbb7c2208013af4db2793b2bd30,21.418000000000575,20.0,alligator.
2026-07-15 05:36:02,day,mentions,21,0x4fff3c11a5d9b77822e01792f933cdb28557be78,20.876700000000938,136.11,turtle123
2026-07-15 05:36:02,day,mentions,22,0xc412fdbe9956c2e242e8b45fae131c3e8598592d,19.35633918000076,0.0,BetterFish
2026-07-15 05:36:02,day,mentions,23,0x229c0a7d92977a9934e5ac2348d507988996b966,18.962963835001005,231.25,qqqppp-l1
2026-07-15 05:36:02,day,mentions,24,0x5415c298dde8c84f4ba726d36b411df6e9a72a6e,18.121201880998342,0.0,-Dominus-
2026-07-15 05:36:02,day,mentions,25,0xffc5c213e7601c820f1c582d42b2d06e0bfb67a5,14.925032000000002,20.0,dfgh123
2026-07-15 05:36:02,day,mentions,26,0x58fc7b96bac2bcf6e59bbe841a1fefc4ada0704f,14.263850000000012,64.7,trade333
2026-07-15 05:36:02,day,mentions,27,0xf203d180bc108d011c4496aebeb0df0a76188a41,13.467355827500008,0.0,RideTheWav3
2026-07-15 05:36:02,day,mentions,28,0x21b48e8e2daa01f531fff08b62f2b4df6cff1f06,13.000000000000341,0.0,proposal123
2026-07-15 05:36:02,day,mentions,29,0x761bf62a9c351ba41b483f108463d31560ace8f7,12.149882145000017,96.42941499999999,Useraxe
2026-07-15 05:36:02,day,mentions,30,0x0cb10c40b0776e9ee8cef970af85724654dda76c,12.011838706719573,2338.476296,ninjaslashed
2026-07-15 05:36:02,day,mentions,31,0xee033c97496b0cf420fecd0ff2962c8606e66edb,11.66364239499967,0.0,taylordr
2026-07-15 05:36:02,day,mentions,32,0xe0dcc05376176f9f9e5160b9aae6f51e2ca93944,10.890829889999736,0.0,Dr.mett
2026-07-15 05:36:02,day,mentions,33,0x0ec19560a9c841d0d69b5ae0853fb4b4d64b0099,10.132305000000088,0.0,wrappedtina
2026-07-15 05:36:02,day,mentions,34,0x9592adb70397e9de67ba9abe6971e3f50fb7a7b8,9.983287660600126,0.0,trashpilot
2026-07-15 05:36:02,day,mentions,35,0x4a1e3e68c188d68f5bd7ac9692d836af0c8086d3,9.546122760000003,211.02,SSM86
2026-07-15 05:36:02,day,mentions,36,0xefb90c1fecffb3874ab75b1e73ee81bb87874383,9.477021400000012,0.0,0xEFB90c1feCfFB3874aB75b1E73Ee81bb87874383-1758826993606
2026-07-15 05:36:02,day,mentions,37,0xd426adbc3c4461c86099c26221c877f20e42334a,9.464264220001496,0.0,881112
2026-07-15 05:36:02,day,mentions,38,0x3fbf76bb0a626881dfbeaf77df98d706b50efbce,9.136688999999933,0.0,0x3FBf76BB0a626881DfBEAF77DF98d706b50EfBCe-1781302828025
2026-07-15 05:36:02,day,mentions,39,0xf60fb8fa9df77178ce3b2a0efc86d28ec4e957a8,9.118557879999983,0.0,kirit4
2026-07-15 05:36:02,day,mentions,40,0x94bbb8f7632d11dead6b8970646ad5655a5fc320,9.10626000000002,25.0,Praescientia
2026-07-15 05:36:02,day,mentions,41,0x75acf1aa88a3f5c613f2214486b91fa9fc1f33d7,8.95966842550115,348.65263000000004,badatthis
2026-07-15 05:36:02,day,mentions,42,0xc7f52aac35d3dba3fba4d4eb3fc3fc4ddb763f92,8.820749050456811,0.0,PrimeFrame
2026-07-15 05:36:02,day,mentions,43,0x1c0bb6056e4760cda3b76be160ba8f60b2d755e1,8.599999999999994,20.0,Whoknows69
2026-07-15 05:36:02,day,mentions,44,0xcceb22d524e186153cffe79f13c0aeb75889f030,8.245860000000107,0.0,ScottsRoad
2026-07-15 05:36:02,day,mentions,45,0x9e3ed7b661a903fc97afcf49e0f014ebe869f882,8.21436,0.0,0x9e3ed7b661a903fc97afcf49e0f014ebe869f882-1783406009396
2026-07-15 05:36:02,day,mentions,46,0x927ffeba73eb63ffb7e576aca7d32f78e54be7e7,8.205597825028235,211.19317800000002,ClydeCash
2026-07-15 05:36:02,day,mentions,47,0xb55e62d40733cae5a4e47b50c0a1bb19265393ac,8.055582817776001,0.0,
2026-07-15 05:36:02,day,mentions,48,0xbe74297ff19030f104ce1d538709f43b30eca70e,8.054172472103346,882.8346260000001,title1
2026-07-15 05:36:02,day,mentions,49,0x23c46463c281deb26a041fdcc24ae9c5d7629c42,8.0,0.0,oidocrop
2026-07-15 05:36:02,day,mentions,50,0xf19ae935da7899ef654483bfdcda49100ad5943a,6.987306753127001,0.0,0xf19AE935da7899ef654483BfDCdA49100aD5943A-1767738733098
2026-07-15 05:36:02,day,mentions,51,0xeaa9c399e286809191456044e979802a14ce1737,6.674088810000001,5.249627,ASFYQ78
2026-07-15 05:36:02,day,mentions,52,0x3c1133efae95cca87e721ef9982c7e539654c35a,6.4214178,0.0,
2026-07-15 05:36:02,day,mentions,53,0x4452adc52b1fde911623020e4662b9d328c57ae7,5.923270546812979,0.0,
2026-07-15 05:36:02,day,mentions,54,0xb40e89677d59665d5188541ad860450a6e2a7cc9,5.550009999995382,20.0,Poligarch
2026-07-15 05:36:02,day,mentions,55,0x3c7e0994de0c63b6f1f7686da42746a368de401e,5.2335000000000775,0.0,FiatPunto
2026-07-15 05:36:02,day,mentions,56,0x3abebb317ee115090a3528d8d13dde6d79521446,5.07791286105202,64.05049299999999,Erick666
2026-07-15 05:36:02,day,mentions,57,0x222b7a2502af83ef70fe5e1d54d287c30c1cd3fd,4.93986428,0.0,Boca500
2026-07-15 05:36:02,day,mentions,58,0x555c311dd92f6c550220780bd327f094cdfeee28,4.741500000000769,0.0,TheMasterMind
2026-07-15 05:36:02,day,mentions,59,0x6b67913c0fdca6ad288c7b09834ed67304eb3998,4.6,0.0,fgb23f1g0b
2026-07-15 05:36:02,day,mentions,60,0x6ae4dceae2e3a251f4a1eb4ec11e992cade97c46,4.519629630000281,20.0,jamieduggan
2026-07-15 05:36:02,day,mentions,61,0xdb9af6a1621b4973a64e0a446b11c42af94ab801,4.449820450000004,0.0,Lipitrop
2026-07-15 05:36:02,day,mentions,62,0x29f9b0cd3a29e137a6509c3bce48939ddd899de3,4.368069140000001,0.0,
2026-07-15 05:36:02,day,mentions,63,0x94df50de1af68636237e1247066a14b58200e399,4.228957000000065,0.0,BigMoney16
2026-07-15 05:36:02,day,mentions,64,0xec451d9ff5f353134c7047521a7035ad5cdfc94a,4.082272424999999,0.0,ck31ldam4f
2026-07-15 05:36:02,day,mentions,65,0x385e7a7054ddf03fd641ec7ebde25ea66a623896,4.029999999999973,0.0,g4mbl3
2026-07-15 05:36:02,day,mentions,66,0x571e0184311138af68bda6a2b6ccec5e025c67b2,4.028727124499994,0.0,0xMonzi
2026-07-15 05:36:02,day,mentions,67,0xa76b7dc2d87b3b029ee67305c538547489198a50,3.9575935650000247,116.88903100000002,qcp14
2026-07-15 05:36:02,day,mentions,68,0x687d8cf19d873aed1957e61a3f2092d4721ce28b,3.7820999999999856,252.14,0x687d8cF19d873aED1957E61a3f2092D4721Ce28B-1763957275292
2026-07-15 05:36:02,day,mentions,69,0x7bbb2a2730e35844c2a786b9275033ce15cdad2e,3.599999999999909,0.0,niubeee
2026-07-15 05:36:02,day,mentions,70,0xf571d53f888d98525021c14da4044da6e349d2dc,3.597806019500183,6.02,qcp10
2026-07-15 05:36:02,day,mentions,71,0x9372c55408c20c3ed2e16a55be2023cc05b33b1a,3.5875801340000066,0.0,itoney17
2026-07-15 05:36:02,day,mentions,72,0xb59e2457ce49dd5a4c01766d5cb367e183057e54,3.529999849999996,0.0,BilboTaggins
2026-07-15 05:36:02,day,mentions,73,0x9f8e0ea45dbb357b5ab205dda975cd224dad2175,3.5170634699999965,3.41,johngmason
2026-07-15 05:36:02,day,mentions,74,0x3d60a4dcf361d6eed01bfadd0c6cfc2ac8866df2,3.4842499999999887,0.0,mathacec
2026-07-15 05:36:02,day,mentions,75,0x1a94ff77cdc335af43ca58939cc851a6ae6b78b6,3.4739999999999895,0.0,Terfa
2026-07-15 05:36:02,day,mentions,76,0x4157f19818da67fdc9c031384ca0332a42265474,3.2899193199998464,0.0,YJiICTUsGi
2026-07-15 05:36:02,day,mentions,77,0x6936431c93a525f454d1bb914c107f926c86a45e,3.2810421380000747,469.0,OnlyPhan
2026-07-15 05:36:02,day,mentions,78,0x64a0bf426d355eb92887d01fdf386594eaf0866e,3.25,0.0,SupDekel
2026-07-15 05:36:02,day,mentions,79,0x2e765a4ac7567104eb9296e5747fd8d3a048527e,3.2239889699999935,0.0,C.L.I.T.
2026-07-15 05:36:02,day,mentions,80,0xde55a1a25b33df4a0321dae23b137f18930b1d2a,3.1773000000000007,0.0,arrkisd
2026-07-15 05:36:02,day,mentions,81,0x394d28a46db6cf12fda7924fff829f49ba56cc94,3.0204861393239977,14.976493,
2026-07-15 05:36:02,day,mentions,82,0x9a518fab3cbe191a236806c9b43f59f1d536bf4c,3.0107140999999977,0.0,charay12
2026-07-15 05:36:02,day,mentions,83,0xd0698a02ded7b86284ebf25e9db0bb0d787ad078,2.954001249999994,0.0,0xD0698A02dEd7B86284eBf25e9dB0Bb0d787AD078-1779655870153
2026-07-15 05:36:02,day,mentions,84,0xf9f207b77137caa79c6c4516abdef3133db45cba,2.924615474999996,141.265819,extractive-manatee
2026-07-15 05:36:02,day,mentions,85,0xb22085e3eae25e5f96568f84c7b25b9bf7c45f71,2.829857175000015,0.0,buzzedballs
2026-07-15 05:36:02,day,mentions,86,0xa1cb3f17a2f7c1af2a85e98485a968a9316a4d25,2.770333254999999,0.0,0xa1Cb3f17A2F7C1aF2A85e98485A968a9316a4d25-1761778211637
2026-07-15 05:36:02,day,mentions,87,0x8d10b39465225d7a881b56b4af8354997f0c940a,2.766903551287026,0.0,0x8d10b39465225d7a881b56b4Af8354997f0C940A-1767024582634
2026-07-15 05:36:02,day,mentions,88,0x813fa110c4e2dfc6737ce185757764c8643e26ec,2.610539924999955,0.0,sdssds
2026-07-15 05:36:02,day,mentions,89,0xd96aa9293c34e244734f8b22bbcfde0ae9eed8ce,2.505507371288026,16.715663,
2026-07-15 05:36:02,day,mentions,90,0xdbdb141119ae279b88af7e8c94444e26a2ccb241,2.4995567482709973,5.227271,Balancedmind
2026-07-15 05:36:02,day,mentions,91,0x42b1ce254c11faa513e96ff2ed94411bc4631078,2.4166746133320003,0.0,Slimjimmy
2026-07-15 05:36:02,day,mentions,92,0x48de64f9b224609361539d2cc86d30f0d0190c51,2.410949999998138,0.0,Ultimatetwo
2026-07-15 05:36:02,day,mentions,93,0x42b7601fea87e5b1ea958ffe47647945fabcabff,2.343752939999945,0.0,agentcal
2026-07-15 05:36:02,day,mentions,94,0x3e404c6a250584b14f3c0595d411fb734987224e,2.3060530800000265,0.0,Liquidpapercut
2026-07-15 05:36:02,day,mentions,95,0x13ad9e8beeab772ff7095bf4aa5cba99ea8365fd,2.225355690000015,60.33,101dalma
2026-07-15 05:36:02,day,mentions,96,0xad5353afe30c2da57709e2704ef3ccdcf67eef24,2.2161999999976842,0.0,AJSV
2026-07-15 05:36:02,day,mentions,97,0x5bb4f6246a67188a0afb2dcf3993cef16ce9f3a4,2.206509999999999,0.0,doublesafe
2026-07-15 05:36:02,day,mentions,98,0xe6e741e2f45c6ce9d285796805d925a7b6ef8c77,2.200000000000003,15.0,thekingofthesouth
2026-07-15 05:36:02,day,mentions,99,0x4bb75f3a06d323f726ec9a4f3b360fb7c7429e8a,2.1529497000000006,0.0,
2026-07-15 05:36:02,day,mentions,100,0x26b2f27e885fcbdab1cced3c80d76e3ee17a6d5f,2.1366483060200494,0.0,0x26B2F27E885FCbdAB1CCed3c80D76E3EE17A6D5f-1766234235073
2026-07-15 05:36:02,day,weather,1,0x118689b24aead1d6e9507b8068d056b2ec4f051b,1448.3314023000057,9175.4,russell110320
2026-07-15 05:36:02,day,weather,2,0x09a85cfe4d51e0cde12daa4d255b3f789fb447c1,713.2310273847797,8538.362221000001,tenkiyoho
2026-07-15 05:36:02,day,weather,3,0xf267e5b2a39d17f1c53b6977a3751506c706b0ae,655.1639741085617,59357.404968999996,user2345J2
2026-07-15 05:36:02,day,weather,4,0x46992d0e547e3822a9c28723f51bfa804ae4e03c,589.3336435100064,1467.45,anon.1980.123
2026-07-15 05:36:02,day,weather,5,0x3b2ca1312bed6142f069090240b43d801aceecdc,573.0036487600009,914.3399999999999,Fatbbbb
2026-07-15 05:36:02,day,weather,6,0x7e0c371faed99a1f76bc4723bd3f15a2c41f8b5e,522.6444447101608,13134.104785000001,anonymous58371
2026-07-15 05:36:02,day,weather,7,0x91f83dd2e149d23bf2193275d3ec4c8c07abd951,464.1684880131661,4287.610481,asplla
2026-07-15 05:36:02,day,weather,8,0x814de45404c20dd9956737a83f7c8b0b039eb842,448.14630000000034,0.0,resfeber
2026-07-15 05:36:02,day,weather,9,0x5c6b40f748a2060284d8ba41cdb01fb4169ff32b,433.3937959327923,641.86,Phlox
2026-07-15 05:36:02,day,weather,10,0x23d18416645924e097c453e8ceadd4bfeb6a353f,400.83001999976113,0.0,fcomp3
2026-07-15 05:36:02,day,weather,11,0x044f334595a7fd42c143e11c8ec47f23c8d1d1f1,394.59598512296725,6980.706082000001,gghff
2026-07-15 05:36:02,day,weather,12,0xc6bdd0d9bcd2176e4ea0d82a2b71002898792c9d,365.66694589709596,6753.477282999999,shamu02241182
2026-07-15 05:36:02,day,weather,13,0xf2f6af4f27ec2dcf4072095ab804016e14cd5817,332.1037952315528,0.0,gopfan2
2026-07-15 05:36:02,day,weather,14,0x21d0c129deb8a7f7e1569045200d20e23862ce91,311.0951223424381,1.014197,DEGENKHAN
2026-07-15 05:36:02,day,weather,15,0xf27a3520be0776a0f6cc12b7f511c5b848e178d8,288.8383464571675,1056.041605,0xf27a3520be0776a0F6cC12B7F511c5B848E178d8-1778430718713
2026-07-15 05:36:02,day,weather,16,0x2d11b3bcf6d94eb1d8da67ddd5e75679347ca043,283.5371835100002,200.0,0xdelphinium
2026-07-15 05:36:02,day,weather,17,0x438ae660f4236553c74c776c8fdcf394912061c4,252.77329509786887,2400.252323,whatthedogdoing666
2026-07-15 05:36:02,day,weather,18,0x268831b41d734b1f27c986b33a5496a9ec9b88c9,248.73203427982855,6729.878240000001,wether7.6
2026-07-15 05:36:02,day,weather,19,0xc9ded4d5f6eec0a75907ebb924c164a4aea381d9,246.28865413331914,12011.206679,LMVM
2026-07-15 05:36:02,day,weather,20,0x38e2f5d6d1693a365e22b7ca0c715f8d92da2909,200.98384280078199,957.595416,0x38E2f5d6d1693a365E22b7ca0c715f8d92Da2909-1774307530180
2026-07-15 05:36:02,day,weather,21,0x4e25605fd905e9972efc0f4d8814530c655cd7a7,197.4902203409947,0.0,
2026-07-15 05:36:02,day,weather,22,0x4a3f08088fbecbf830ee664ad6196340db488af6,197.09515367000023,4061.4648239999997,cfoo
2026-07-15 05:36:02,day,weather,23,0x8929a63143fba9416c8e0d3c96388b429c47733e,184.70100009499856,0.0,rocky42025
2026-07-15 05:36:02,day,weather,24,0x4f74fd3694138c4bc93104ba61bd580409d98774,182.83279763015048,309.979434,
2026-07-15 05:36:02,day,weather,25,0xd66196189fee25e395d55dcc966cdfc27e0d2750,172.3694257520092,1300.0,0x-PVG
2026-07-15 05:36:02,day,weather,26,0x3f302dbb8e2cef9c25ea1cf8980b97711234f8de,172.29001676000144,591.475,BobbythePug
2026-07-15 05:36:02,day,weather,27,0xe6953214b110bdaebb473952e69a8c50d47f538e,170.90285180150113,565.97,TWCheng
2026-07-15 05:36:02,day,weather,28,0x4f1164d1531b8fb77919df285c576628318553b0,168.76710425265355,5568.091961,yourthos
2026-07-15 05:36:02,day,weather,29,0x9d3fd9a25960ca82bf02c83f37f70d5b96d0fde2,166.71044758793937,678.6148370000001,haassam
2026-07-15 05:36:02,day,weather,30,0x919698b19427cbe6945b0dc823f2d9e126a4d934,163.99090280862583,4482.755146,wuxiuming
2026-07-15 05:36:02,day,weather,31,0xcbbc5e035504421b084ad9248b660f6e9618b5d0,161.34965472645672,4111.275,VibeTrader
2026-07-15 05:36:02,day,weather,32,0xc878c6a7ba8ad896a897fe82e48b93fb66dfa6f3,159.39075741579722,1020.0948169999999,0xC878C6a7Ba8aD896a897FE82E48B93Fb66DFa6f3-1772898124129
2026-07-15 05:36:02,day,weather,33,0xa11376e9f170aaf97664cac13e9ab210a70193f4,149.9973137219995,0.0,ballzi.
2026-07-15 05:36:02,day,weather,34,0xfeccdc127f399b4f5222386922c58ff634ca77da,149.13021111968646,2411.404274,viksha11
2026-07-15 05:36:02,day,weather,35,0x26b166604677eaef5f2e81b716f539ed2857cc81,146.25145653074196,2747.987417,
2026-07-15 05:36:02,day,weather,36,0x116db6298abcdefe06f9f5458c293c7de185fbf1,136.3174056048665,10437.378124,opopv
2026-07-15 05:36:02,day,weather,37,0x2a672b88cc718617412fada0c92d5317d9505d96,128.18153857058297,1213.545444,Danni-101010
2026-07-15 05:36:02,day,weather,38,0x6b5012826833770af8b10acf3049f01edfcfc9ba,125.35857299999861,1449.19,bentayan
2026-07-15 05:36:02,day,weather,39,0x656672cac3978e34f1ee048006dcec31bcfcea1e,121.3634461,1041.74,yhtytrhrth
2026-07-15 05:36:02,day,weather,40,0x764b305694b026c1acce7bf862c3b5456a146bad,120.86562778102416,4787.4,quietparcel
2026-07-15 05:36:02,day,weather,41,0x34dbc406881a24b82f4b138e09169d9a004b1b63,120.52570503017853,594.973021,0x34dBc406881A24B82F4b138e09169d9a004B1B63-1777004802209
2026-07-15 05:36:02,day,weather,42,0x6ff2cb14da8be7eb57541d250a0196c5f295f140,117.4065150230781,0.0,0x6FF2CB14da8BE7Eb57541D250A0196C5F295f140-1779007910425
2026-07-15 05:36:02,day,weather,43,0x550030c4674eb11847bcbc89c49d09739e68b4f6,116.89674130999992,4137.3,suryakcs
2026-07-15 05:36:02,day,weather,44,0xb9e9e6d0e747202bd9575602701d5bc7641bf1cc,115.26818532627004,1045.722532,Senaxx
2026-07-15 05:36:02,day,weather,45,0x09b4c4173607390b4a499d91b43b713987d3e56d,113.35098999999923,0.0,AndreaPirlo
2026-07-15 05:36:02,day,weather,46,0x24edd5f8eab7f66a77fd5b7f4e7c507761ed8a18,110.45671164900023,0.0,SXematoz
2026-07-15 05:36:02,day,weather,47,0x97abe233a0eb7f3b1a23c6e083892d6d05baa19f,109.28957863505093,810.2651370000001,GodsChildSeeksForture
2026-07-15 05:36:02,day,weather,48,0x5c4855cb1af1ef06010775370d7fe0378d9735fe,108.9446600274999,0.0,maicuong91
2026-07-15 05:36:02,day,weather,49,0xd5a17356cb67f28ae462859e3a55866d39297fbe,106.19001462667399,250.998094,UncleBrave
2026-07-15 05:36:02,day,weather,50,0x3e0b3af175746069b7b5576a908c94fdd9630020,104.23560728819967,1003.149866,Ethansp
2026-07-15 05:36:02,day,weather,51,0xa24ad9988010c08970fe5abb87ca3135b408d9fa,102.05411148000019,2618.55,Rednh007
2026-07-15 05:36:02,day,weather,52,0x496f76bd5cf4c2819c710ae90ed1c84b2dc6fa5d,100.37600197595384,4975.487655,0x496f76BD5Cf4c2819C710aE90Ed1C84B2dc6FA5D-1773782287927
2026-07-15 05:36:02,day,weather,53,0x7c7dada5175d45bf59e333d7a2d8419869f04dea,99.30591401735455,678.426665,hkg1sam
2026-07-15 05:36:02,day,weather,54,0x05ac64dcf09298cb35ac643183e432b21f276d71,94.81832499999973,0.0,0xTengri
2026-07-15 05:36:02,day,weather,55,0x0ab7c13da505cdcd75a0aa0e9c884ae7161f0bd3,93.43404235799983,603.57,p39
2026-07-15 05:36:02,day,weather,56,0x5d6f0f3ab7c8219e65def601e83397453db50e20,91.9330000000009,0.0,0x5D6F0f3aB7c8219E65DEF601e83397453Db50E20-1776139588600
2026-07-15 05:36:02,day,weather,57,0x6aa2d3399729991261ba820339a090b0c90105fb,91.19999999999891,0.0,superfastweather
2026-07-15 05:36:02,day,weather,58,0x74397e50911bc09eb6d93e5b7362fa9b5fa3b8ef,90.25128446846156,2010.811859,feng88888
2026-07-15 05:36:02,day,weather,59,0x286dcb728046d9f7955d166874954f1cfd3d825a,86.72754557253916,369.81580599999995,turinworks
2026-07-15 05:36:02,day,weather,60,0x2467ec9890abd4ce8f814e423c8e532b21fb2650,85.43924983538136,1361.126455,Zy19881009
2026-07-15 05:36:02,day,weather,61,0x2b407c1091b0e0de5fa5e6d96a2edda2cee3ced4,84.8469453597254,1597.958173,smallyua
2026-07-15 05:36:02,day,weather,62,0x8bdce637780b2d6555b6577433e0320507c3a0ba,84.42976984641132,892.725764,Benjaminfjp
2026-07-15 05:36:02,day,weather,63,0x62fcc1961e90e9454536cc0c6835b4ea277fd8cc,83.30355769011794,3681.996472,melonfisher
2026-07-15 05:36:02,day,weather,64,0x3904e686bffade807ac746cd462c6f44724c539b,82.03372815099999,12.0,pangloz99
2026-07-15 05:36:02,day,weather,65,0xb49f3fae241faa938b7670348c4afa6464751821,80.2678646503191,598.553911,
2026-07-15 05:36:02,day,weather,66,0xe1c7c530ad0c0d624f122351cd74b26b2632d291,79.51808783643997,1099.981441,Renati16
2026-07-15 05:36:02,day,weather,67,0x16c7337106a0b3a06ff863a1c06d8e2cbf7322cd,77.95764386651717,2733.4032720000005,0x16c7337106A0B3a06fF863A1c06D8e2cbf7322cd-1778811943243
2026-07-15 05:36:02,day,weather,68,0x6400219cccc8eaaa22729253111fd6660d20331a,77.94242468359334,5567.569433999999,0x6400219CCCC8EAaA22729253111fD6660D20331a-1759869298583
2026-07-15 05:36:02,day,weather,69,0x245d19b04ac0ad7a88cef3fdfe81fee5fc824271,76.12569725600021,0.0,0x245D19b04ac0aD7a88cEF3FDfe81FEE5fc824271-1766584302266
2026-07-15 05:36:02,day,weather,70,0x122cb94c437ea5e6f088c6c0c143c592ab8efbed,74.6891121599997,534.44,0x122Cb94C437EA5e6f088c6c0C143c592ab8EFBed-1782168978900
2026-07-15 05:36:02,day,weather,71,0x11fcdcb86a6bbe97388b5351d4cfef107fa38262,74.46205623455876,1572.9229400000002,
2026-07-15 05:36:02,day,weather,72,0x5a7c30afbe4c8bc49b2057f030ab068a91e6d7b8,73.04644767999935,2244.813887,chang1130
2026-07-15 05:36:02,day,weather,73,0x7dcf235766e6b09c8869468a75d5495cf171a7bd,71.13270948898207,1169.42,godblessme2026
2026-07-15 05:36:02,day,weather,74,0xf3dfc2e4bb1c18e558ff062033bdc4a642697f13,70.71190957849933,445.499605,weather2606
2026-07-15 05:36:02,day,weather,75,0x7bd9019211677f5db6e221d6a6da030ebcd0bd75,70.16793615600636,590.5815769999999,fElon
2026-07-15 05:36:02,day,weather,76,0xb63597fede097391d73e6119bb457e5276f12506,69.47480012200026,7317.999868,CSImage
2026-07-15 05:36:02,day,weather,77,0x652d6be4a7532227fd1dc3d3c69b0a0a1dc446b3,69.46262845572528,6801.124193000001,0xALJJ
2026-07-15 05:36:02,day,weather,78,0xfd48544efea39e627c34bfa81dda6f4e37411e93,67.48973327459328,3392.098511,satc1014
2026-07-15 05:36:02,day,weather,79,0xca1f9b9d67d947c8007d9814e8f9d6045cccd282,67.38483275441968,458.48,KickstandBot
2026-07-15 05:36:02,day,weather,80,0x5745095625e12c0125bc1ce6f6f1c8e3f6e7aa5e,66.6699380614998,0.0,rushrimper
2026-07-15 05:36:02,day,weather,81,0xed01aee3dd20e723e76910d6d44ae1169a6589b7,65.03602731400014,0.0,kyj12345
2026-07-15 05:36:02,day,weather,82,0x1e524ff2123d380a690dbdf2245de2a9428e91d6,64.62791138764169,1379.6455409999999,rocky42002
2026-07-15 05:36:02,day,weather,83,0x30f67d821c57a54e25e5e521dbd3b5b18309004f,63.665352380000016,172.63,shiifoo
2026-07-15 05:36:02,day,weather,84,0x0484bf76425db5021ce2d369f78fc125906d4830,63.337706576709024,4142.2511159999995,sleeper-service
2026-07-15 05:36:02,day,weather,85,0xaff9c02cbf68cdd744609279e41122c8803b64ff,63.22469880908284,140.0,weatherguru
2026-07-15 05:36:02,day,weather,86,0x47f720a18cee7b3e8a372ccf139fbaf58e0fa3cd,63.21213514430826,3758.9190790000002,0x47F720A18CEe7b3E8a372CcF139fbaf58E0fA3CD-1783317931603
2026-07-15 05:36:02,day,weather,87,0x5c9e7f12335a5a6949094704565664a7d8983a21,63.15761362521107,867.0383629999999,YsWeath
2026-07-15 05:36:02,day,weather,88,0x21413203b0be620ebc9dc236a152413923287fa2,59.99038545374617,211.914923,climateprofessor
2026-07-15 05:36:02,day,weather,89,0xc4ccb03b638b30851d6981db8aeaeb3351d12a5e,59.8658503340007,2265.0615669999997,gavrilak89
2026-07-15 05:36:02,day,weather,90,0x7eb547cd3f1ed3bf2e0e74086cfefebfc4e89400,58.46766757175533,563.539492,moonweather
2026-07-15 05:36:02,day,weather,91,0x177500541ae20bb0d46ab0db3fd2559e2a7e85b0,57.54278908360902,3953.2987759999996,bby123
2026-07-15 05:36:02,day,weather,92,0xd3f0eb083fb3698c7bf03befbc67fddc1cf4a4cc,56.482611449616115,1738.4871429999998,0xd3f0EB083fb3698C7bf03befBC67fDdC1CF4a4CC-1775407935821
2026-07-15 05:36:02,day,weather,93,0x942e79166821f3f4e67872e44f1672fcccd2be27,56.073625556999104,3244.69,smallreceipt
2026-07-15 05:36:02,day,weather,94,0xc24fc1414aedfdc5406fa31e85cfed26704d087f,55.17704154653404,2743.018927,shyu5000
2026-07-15 05:36:02,day,weather,95,0xad5057e6947081649c263a538d58899117e63122,54.886609948000114,408.49,moon11188
2026-07-15 05:36:02,day,weather,96,0xeb1d1cd1b31070fb34b1d1de20d700f59c9959b0,53.29106810442954,14024.818123999998,1DVSBSTD
2026-07-15 05:36:02,day,weather,97,0x6011655c4afb76f36dd1b08a137a1ba73466b31e,53.15138264661073,4182.65,HighTempTation
2026-07-15 05:36:02,day,weather,98,0x0b63a2c90a05bece984f7ddeacec8dd0d0cca379,52.8729950000004,0.0,APlayBoy
2026-07-15 05:36:02,day,weather,99,0xcaf59289145789242a4af6b975997344229841ab,52.64687826300053,684.033766,0xcAF59289145789242A4Af6b975997344229841ab-1772187322857
2026-07-15 05:36:02,day,weather,100,0x6f70e39e3335fd5fbde2a999aa835259ebb0891d,52.09140064154212,665.105127,0x6F70E39e3335fD5fbdE2a999aA835259ebB0891d-1767082323418
2026-07-15 05:36:02,day,economics,1,0xe9514aa0b925353ea0d5e32978d636ec25ebde18,4783.696462119988,0.0,b2d0
2026-07-15 05:36:02,day,economics,2,0x71edffd0d70a1da823ff07a3c6fc81457294d338,4578.210734655964,0.0,pako
2026-07-15 05:36:02,day,economics,3,0xcf070b9ed273abd6185a4253713ce8e64c0ec770,3915.348934240101,5830.764013,MaxEnt
2026-07-15 05:36:02,day,economics,4,0x07046535ff9a910d7343a2c319a3e62234621858,3523.06381473504,43318.965000000004,HH168
2026-07-15 05:36:02,day,economics,5,0xfbe66593e49c4e7a7180a2582f041158bfb800f8,2934.736651249994,0.0,gaven-willwin
2026-07-15 05:36:02,day,economics,6,0xe9076a87c5ed90ef16e6fe6529c943baeca0cff6,2599.5694720352767,351.90142499999996,suntori
2026-07-15 05:36:02,day,economics,7,0xa52b785a5510117ac3ae03d75d029f89a36c9480,2398.568600000057,0.0,Hashbrown
2026-07-15 05:36:02,day,economics,8,0x0e5bd76779e74304d08e759072abf126d87da593,2385.635310965212,0.0,JAHODA
2026-07-15 05:36:02,day,economics,9,0x9bcada74fbcaa331afecdf7e861fbc9532ecca1f,2374.995155694982,0.0,rooivalk
2026-07-15 05:36:02,day,economics,10,0xddff18c9e86262e62af046d818dda0c3de6f52d6,2149.6052258300115,0.0,wkmfa518
2026-07-15 05:36:02,day,economics,11,0x4755188644460fc8140a18ccefc1e80b6a5e4158,1994.418303649989,0.0,schizohedgehog
2026-07-15 05:36:02,day,economics,12,0x63d43bbb87f85af03b8f2f9e2fad7b54334fa2f1,1737.5537537455675,0.0,wokerjoesleeper
2026-07-15 05:36:02,day,economics,13,0x086934317f099d0279493b3f73a954ee896114f1,1581.8019863599911,0.0,MiuMiuYan
2026-07-15 05:36:02,day,economics,14,0x71ca04d689bc38c5e4dcda8a4d743f279c5a3501,1555.0065938800108,0.0,Ronaldo2100
2026-07-15 05:36:02,day,economics,15,0xeb6f0a13ea8c5a7a0514c25495adbe815c1025f0,1525.891642900926,2416.178787,8973YEDGJ
2026-07-15 05:36:02,day,economics,16,0x8b6b42aab3d96d71992b89bb705b6a456cacafd5,1413.2249759900005,0.0,sunlc.ai
2026-07-15 05:36:02,day,economics,17,0xd1e1e6dfb3bcb646a1f0f8d44471767286e069a6,1314.477550078,0.0,Ross1983
2026-07-15 05:36:02,day,economics,18,0xaf458bee32b8f1d9ba39ee876f20c7e3ce62ec7d,1303.55524306999,85.93,fed26
2026-07-15 05:36:02,day,economics,19,0x8b4bca1d794779e66e023d44391b2a86c5ab541b,1303.5091967386543,116816.06,0x8B4bcA1D794779E66e023D44391B2A86C5ab541B-1769764313952
2026-07-15 05:36:02,day,economics,20,0x7d2299a379eb0b1c6077c7c419a383da6fb7f0cf,1165.0290666500073,0.0,Qtyu
2026-07-15 05:36:02,day,economics,21,0x844ef6cdd0a4d691b7a81429ee550f025aa64f41,1149.9997263230016,0.0,flyfat88
2026-07-15 05:36:02,day,economics,22,0x9c2617462567859fcf5764e03b9a687ebca274bc,1118.3912366712248,5429.109997,Tigerofthehood
2026-07-15 05:36:02,day,economics,23,0x0c0e270cf879583d6a0142fc817e05b768d0434e,1071.3511846248293,65309.336534,The Spirit of Ukraine>UMA
2026-07-15 05:36:02,day,economics,24,0x7a35f8849c597cd12c3e2e3086b52b8c4f682744,1044.999860120999,0.0,gokol
2026-07-15 05:36:02,day,economics,25,0x53e55bc7cb3d67ad177c023ce891ad076a9d6177,1038.7601771339978,0.0,Arbguy
2026-07-15 05:36:02,day,economics,26,0x052f4191cd324a348835a846d34df5b0061e53fb,903.447642567,0.0,chriszyy3
2026-07-15 05:36:02,day,economics,27,0x5cd5c8d7a17c78d7389d8b87b611aed83322ac33,897.535817769909,0.0,nonkenny90
2026-07-15 05:36:02,day,economics,28,0xf036f9631ae2fc83821b3a8581892109d506b8f1,787.7190811,0.0,Randomfool
2026-07-15 05:36:02,day,economics,29,0x43405b1b3dee23baf8284b3bcfd79930600b64c4,777.7375097900112,0.0,-nkt-
2026-07-15 05:36:02,day,economics,30,0xb7b8e9681f5c863dfbd3ac7ec66bac69fa0edb31,768.3446103159931,0.0,charlatta
2026-07-15 05:36:02,day,economics,31,0xdb1b125189913bf03405e74cbf47273b4466efb5,732.2807747799902,0.0,hack-vc
2026-07-15 05:36:02,day,economics,32,0xe32b46a28b649031939a78ee47fca260758a626e,719.4768389999997,1137.0,Contradict
2026-07-15 05:36:02,day,economics,33,0x7c30ee60b7f53f80211ca65df99d48cce53b7673,672.000530095999,0.0,mazw8
2026-07-15 05:36:02,day,economics,34,0xc3b83efe0233a7df499ac8a725945a577b7cf32f,661.5526397940001,0.0,Jackyoungg
2026-07-15 05:36:02,day,economics,35,0x69aa9fa621403e3a121b29ad77d32ba9eb5e8847,645.7137376109749,0.0,tsekinming01
2026-07-15 05:36:02,day,economics,36,0x511f9c771449162349795d17becf8b37031acbe1,644.5522400473774,4219.785,Bigggggggg
2026-07-15 05:36:02,day,economics,37,0x212f7fc77c18c6ce34bb1dae43e9198ab19b7fd2,638.9343135961972,2377.526879,robau
2026-07-15 05:36:02,day,economics,38,0x33dc4cd4a175180fda291f2ab1876e03e247bb81,604.099336932,200.87,hawkj
2026-07-15 05:36:02,day,economics,39,0x785fd6221d9987a8a401ea0ee3f5d65e26b6c1b5,594.4443332699957,0.0,TimothyChalamet888
2026-07-15 05:36:02,day,economics,40,0x5927a00e9b7669f80e358535b8036f0cb47193dd,586.8639229631374,90.99,Brown-Weasel-Coffee
2026-07-15 05:36:02,day,economics,41,0xde5868f5b8b7d9cb6c5f91fb92c3c736738af55c,547.0373999999938,0.0,faceverification
2026-07-15 05:36:02,day,economics,42,0x851281eee06e684ca9a237030fcef0c26c63a3d2,536.7687000000005,0.0,HHYP
2026-07-15 05:36:02,day,economics,43,0xe639e41094bbeae18f3e6d1790c17299183f082a,526.0984577899799,0.0,0xe639e41094bbeae18g3e6d1790c17299183f082a
2026-07-15 05:36:02,day,economics,44,0x04dcbd9b805b220a9b2d27e4d9e649ed07902387,495.1444100000124,0.0,thursdays
2026-07-15 05:36:02,day,economics,45,0x43372356634781eea88d61bbdd7824cdce958882,488.8151249999064,0.0,Anjun
2026-07-15 05:36:02,day,economics,46,0xc6d0ff59ef83e7d6210c47d20408eb27b7844bad,482.6190609000041,0.0,strategy1.2
2026-07-15 05:36:02,day,economics,47,0xcf19c420814435ffb1c459588208ed23a7ee6402,471.286281614106,726.302723,PantheraUncia
2026-07-15 05:36:02,day,economics,48,0x9078464b624cb400e073efeef5c5fdfd84bc83c7,460.36739919599995,0.0,TheDoctorWho
2026-07-15 05:36:02,day,economics,49,0x712433f69c169ebaaa67ce13f3f66f54575e70c1,453.9418008190114,0.0,S55
2026-07-15 05:36:02,day,economics,50,0xfba638c083dcd88a6711a1ffba4352c5431a1fca,452.50520576000054,0.0,Vladpoutino
2026-07-15 05:36:02,day,economics,51,0xb1ca909e848cc24ec4e220ce1c453bc290c51705,446.9393371199985,0.0,NonceChaser
2026-07-15 05:36:02,day,economics,52,0x0aae5c4ec45339a64a1dd2fe4ba98c2a19eb251c,437.1723156274966,0.0,uncleroger
2026-07-15 05:36:02,day,economics,53,0xa019360ce9fc28c8f8d7275728afd1f92cc25ffd,425.5614714420003,0.0,SuperForecaster89
2026-07-15 05:36:02,day,economics,54,0xb3c4c851445c6a11270c995cf18e2348df667f2f,423.2649832899988,0.0,0xB3C4C851445C6A11270C995cF18e2348df667F2F-1779240193632
2026-07-15 05:36:02,day,economics,55,0xe7bd61ac59883bd4abda5c63865430452ecfebce,421.5398202820006,0.0,i-need-var-please
2026-07-15 05:36:02,day,economics,56,0xd84949634cf9aac74cab066cb978ac33ac676ac7,412.90386749999743,0.0,angelat0
2026-07-15 05:36:02,day,economics,57,0xfb57f8670d2f51a76b0ce40c533ed7d7328c0a46,401.82182870400175,0.0,ppxtu
2026-07-15 05:36:02,day,economics,58,0x134a63b764ac7b008356e8db1857db94e6b09e42,397.7376916259818,0.0,Bertapotamous
2026-07-15 05:36:02,day,economics,59,0xdbf16bcffa41bd95faec2640daa2c95ab2bd86b5,390.52751342800184,0.0,UnderperformingForALiving
2026-07-15 05:36:02,day,economics,60,0xc61e2b6ff7a0d34a518f45b60954d05f34de244c,385.1441392120007,0.0,0xC61E2B6fF7a0D34A518f45b60954d05F34DE244C-1770198330686
2026-07-15 05:36:02,day,economics,61,0xc2e9c60bd9e0c0237a4f692399c0cb11b795fc96,380.319837178502,4843.470617999999,Humezz
2026-07-15 05:36:02,day,economics,62,0xe472ce6be1fb4673d6155de37e414ead8bace7eb,371.8835507115018,0.0,TheRealWarMonger
2026-07-15 05:36:02,day,economics,63,0xac4a1fabdac2438d6afa2a9e8e83845310a0bf1e,330.7179484660228,5213.91,HerrieDavis
2026-07-15 05:36:02,day,economics,64,0x335592400e402c26583ce8b56d12605e9548a126,326.8339776470093,0.0,ranger44
2026-07-15 05:36:02,day,economics,65,0x77b61b96b30a36b885aa8280522a7cabf5e47fec,323.0117,0.0,baba1443
2026-07-15 05:36:02,day,economics,66,0x08458f7e9d2858027de579e4c3ca305475496b6f,319.7897812730007,0.0,GollumGekko
2026-07-15 05:36:02,day,economics,67,0xbdef97b87ffa0bc676bc65b9d03fa1145790fa87,314.9674805779996,0.0,Jane85
2026-07-15 05:36:02,day,economics,68,0x9aeb534c42b58b21673d5e03e9da14fbd15b2729,313.79809999999907,0.0,The-Joker
2026-07-15 05:36:02,day,economics,69,0xdb2c0cee71e430c90c9474b88b07e95deac33a11,312.93906807000167,0.0,Chaitufx
2026-07-15 05:36:02,day,economics,70,0x1d5f88f1b97317cccad804374e5bd847512e634d,310.0776000494916,100.0,firegold
2026-07-15 05:36:02,day,economics,71,0xa96c14b37ac162284e1b45eb22052aa1bf3dd1c7,299.6071866400016,0.0,danielleggerman
2026-07-15 05:36:02,day,economics,72,0x2e0b70d482e6b389e81dea528be57d825dd48070,273.3852240399865,0.0,Trump2028
2026-07-15 05:36:02,day,economics,73,0x9ddcb819e97bb16361e5cdb594c900989723f21c,271.2309225800018,0.0,SAPA9588
2026-07-15 05:36:02,day,economics,74,0x08c897e4780c299061fe683120e5bb18cf931da2,270.15100157000415,0.0,Folletin
2026-07-15 05:36:02,day,economics,75,0xc576af380217a4d2b2d190e06c938e5505be747a,269.0191999999988,0.0,imhome
2026-07-15 05:36:02,day,economics,76,0xe36f5735f5bc12c36b361a599e8603d56f7ccd91,263.93135215000075,0.0,sameday1
2026-07-15 05:36:02,day,economics,77,0xcdf82242c9984bd8d274085ab54165633c54b8ea,260.4209515720004,0.0,momo513
2026-07-15 05:36:02,day,economics,78,0xcaab19659b995951a44cc992447cb2ad5be324dd,256.3055631321258,4171.168665,QMG-CORE
2026-07-15 05:36:02,day,economics,79,0xc15b833b6991e5dbcaca029f7d0f951e5db238af,250.93197220701404,0.0,makinta
2026-07-15 05:36:02,day,economics,80,0xfd557e6db670c9704bc1d0d8e8b585c7d9c9f905,248.01299038500036,979.94,northdrawer
2026-07-15 05:36:02,day,economics,81,0x5a45565906b8478fe456a0d313ce8839b3e7f628,247.14922216999912,0.0,FFIE.
2026-07-15 05:36:02,day,economics,82,0x69b9a231e6d9e8a1be243e3db5174203a33f1284,244.73587587500333,0.0,Croesus1
2026-07-15 05:36:02,day,economics,83,0xa66790e2b0075e73c3781ddaf1d0b875a3aaceb3,243.3599990422208,121.810228,Elias.Thornwell
2026-07-15 05:36:02,day,economics,84,0x48d6f4103cfcadb098d9aa5104371b21e926653c,235.80534329000147,0.0,0x48d6F4103CfCAdb098D9aA5104371B21e926653C-1767066284282
2026-07-15 05:36:02,day,economics,85,0x2e8ee18b940a87270cd89b6a9f7870e0903b5b53,233.78454969399996,0.0,
2026-07-15 05:36:02,day,economics,86,0x9d84ce0306f8551e02efef1680475fc0f1dc1344,216.10456886293832,130.89,ImJustKen
2026-07-15 05:36:02,day,economics,87,0x5235578efe24555b0c98e7dc10a902b09089c04a,211.74072694095958,1344.0,back-in-whack
2026-07-15 05:36:02,day,economics,88,0x22e4248bdb066f65c9f11cd66cdd3719a28eef1c,209.99995023800875,0.0,ProfessionalPunter
2026-07-15 05:36:02,day,economics,89,0x02f7d5462436e13e3435b8168fa2e85b80e9dd8f,208.55792458449997,0.0,
2026-07-15 05:36:02,day,economics,90,0x7bb244d0c70293e66dee84f3d0623fbbbf7d682c,207.7578557950037,0.0,WongKimArk
2026-07-15 05:36:02,day,economics,91,0xc6dd722558dbfbd8fa780efcbe819ed8c6604b9f,207.36113202999695,0.0,tourists
2026-07-15 05:36:02,day,economics,92,0x94daa3bf531255d6565e937c7249d3918fa12bf1,206.12921607899807,0.0,SaracensCapital2
2026-07-15 05:36:02,day,economics,93,0x30e443872ddf63b2908a49f92cd690c304a55102,200.44136542742126,2533.7331190000004,truthteller
2026-07-15 05:36:02,day,economics,94,0xb24c85036d25b16557272b40a6481eb81a5aeefe,200.24996933999756,0.0,Beyonddream
2026-07-15 05:36:02,day,economics,95,0xa61ef8773ec2e821962306ca87d4b57e39ff0abd,199.99649807193782,0.0,risk-manager
2026-07-15 05:36:02,day,economics,96,0xe7a3cd81b59acfa06d21df09beb57b84b794e60a,199.49903678749888,0.0,MKIsabella
2026-07-15 05:36:02,day,economics,97,0x51de66b7f3d10eceb99aab57622ca850655e9e4a,198.78865075200008,312.56,0x51dE66B7f3d10EceB99aaB57622cA850655e9E4A-1779581016815
2026-07-15 05:36:02,day,economics,98,0x49ae18c82dab9fd3a2bb84d0a96c3ded503ff3ba,198.59784758600108,0.0,T123
2026-07-15 05:36:02,day,economics,99,0xb9c7784348bc7d429ef5baef9c0e2b6249e8e3fc,197.927403894,0.0,0xB9c7784348bC7d429Ef5bAeF9c0e2B6249E8E3fC-1776163202448
2026-07-15 05:36:02,day,economics,100,0x06fb6a9076bd43360d93660c0ca9086db5dd9713,196.42494652049936,0.0,jinwujinshu
2026-07-15 05:36:02,day,tech,1,0xa2cdf97a42fa94ac2f19af1fe680754743ab2e8c,416.31917264000003,0.0,
2026-07-15 05:36:02,day,tech,2,0x9aeb534c42b58b21673d5e03e9da14fbd15b2729,333.96148533999076,3270.69,The-Joker
2026-07-15 05:36:02,day,tech,3,0x515e8e9b806a388a51808e2bc5cd92dc11bbec0d,324.5772809179998,0.0,
2026-07-15 05:36:02,day,tech,4,0xd2aefe830ebe42d817a65c7b2bccab0ec362f36b,301.88347363,1320.336613,bigticketchicken
2026-07-15 05:36:02,day,tech,5,0x7b75e76b13a8d792bd4ce25d76a50be61ced3fd1,275.9721049999971,0.0,Xeny
2026-07-15 05:36:02,day,tech,6,0x5a218c7ad04135830a45c41aaed7294df7809318,236.43521743453312,738.731198,balthazar
2026-07-15 05:36:02,day,tech,7,0x52071e89ed7f68478a428fd65aed5dc572be686b,201.03624246600006,705.334,StraddleSeller
2026-07-15 05:36:02,day,tech,8,0xac4a1fabdac2438d6afa2a9e8e83845310a0bf1e,179.33111285499785,70.80000000000001,HerrieDavis
2026-07-15 05:36:02,day,tech,9,0x876bb030ddd424ef505ae02914024cf18c6a1703,174.89683633910863,3795.78,rewardbots
2026-07-15 05:36:02,day,tech,10,0x3eae57986be5e0ca435102ffe1f14206ffa2e2ed,169.64762744899963,0.0,thoodr
2026-07-15 05:36:02,day,tech,11,0x7d1bb9f000e5fce13db3a0927b64aa38e69de75c,157.1899344650001,0.0,bmtr
2026-07-15 05:36:02,day,tech,12,0x3089e1a6e3e9122c328aebe47b86ff5e13b292f6,139.9906500000002,0.0,bonalddrunk
2026-07-15 05:36:02,day,tech,13,0x35a093addfdebaa5578696b46b8faa6881952bab,124.01333921614602,335.98754599999995,Redeemm
2026-07-15 05:36:02,day,tech,14,0xd1a63a243042d864520512fbdbd2fd20e0ab1507,121.83189478139946,169.92000000000002,DkOYL
2026-07-15 05:36:02,day,tech,15,0xba38f6073ca6434b91e9969d66d2a17d6075f74d,109.99619317500002,0.0,ImAdUmDuM
2026-07-15 05:36:02,day,tech,16,0xbeb9d19f10274da29f21625a2c91fa5a00fd3870,95.16135000000031,0.0,AnonymousElephant69
2026-07-15 05:36:02,day,tech,17,0x5e84743ad0515699b7adf2588de4c3032d538e88,93.89935036449992,0.0,Cbb.
2026-07-15 05:36:02,day,tech,18,0xd5b97d08ec6098407bfbf66c2786ccc9967fe44e,79.01644023000154,0.0,Optimus-
2026-07-15 05:36:02,day,tech,19,0xbc3e0e480f7f75b76b96bdc46ece11ab6f3f6693,77.7984547215001,0.0,
2026-07-15 05:36:02,day,tech,20,0xf769c6390f6d564fe4859effbddb682c62660114,75.78245383000035,0.0,MrMarket
2026-07-15 05:36:02,day,tech,21,0xfe724b7046696c9c431ae331c3d29816b4799025,70.60974996000014,0.0,SirSiboppan
2026-07-15 05:36:02,day,tech,22,0x6e9a6afde1e8bd4a0c7bf2809cf87fe14c00f3bb,68.37046535000002,719.85,OnePiece7
2026-07-15 05:36:02,day,tech,23,0x2110ba2a1e18840109482ff4ddc547baeff45850,67.45174319999933,0.0,George.Smiley
2026-07-15 05:36:02,day,tech,24,0x0e64bde21d716711fbe59095eb0c88fae55e336d,66.99000000000001,0.0,KioskJammer
2026-07-15 05:36:02,day,tech,25,0x8fe730b55cf3468c01a884cfcde79c2dfb4d6c1f,66.6356106799999,428.56000000000006,Hugin-og-Munin
2026-07-15 05:36:02,day,tech,26,0x04dbe94fc549e2bfff09aec1cd9d02960adaf0fd,62.61793997999998,335.75,7...
2026-07-15 05:36:02,day,tech,27,0x0a3c73f8e790f2b1ab695a1bff17697ecf5c0511,57.99874199999999,0.0,
2026-07-15 05:36:02,day,tech,28,0xc229bb205179abcb6332bffd11e3cd7984e23aaf,57.12221768000006,0.0,facaidashen
2026-07-15 05:36:02,day,tech,29,0x73ecf6a30d3c6538cd931ec13c9ed6eba944f5bb,53.446447889999945,0.0,ChampagneSocialist
2026-07-15 05:36:02,day,tech,30,0x3cb1a3631e49257e311d40051066ab074c765e96,53.27999999999997,0.0,okada
2026-07-15 05:36:02,day,tech,31,0x7e1d3cb44c3f2a6ec9abc667820ee2645bd44d41,51.28973498000005,130.913578,lightsout912
2026-07-15 05:36:02,day,tech,32,0xcdf82242c9984bd8d274085ab54165633c54b8ea,51.0,0.0,momo513
2026-07-15 05:36:02,day,tech,33,0x8a524bca5c742485c1ee2056735d1825e45bd74c,46.07077704199992,0.0,Ayanokoji67
2026-07-15 05:36:02,day,tech,34,0x46f660832a2cb12ce00885e57a7e4c8f130cb9d6,45.54558604800002,0.0,QIAOmain
2026-07-15 05:36:02,day,tech,35,0x4906519b8b658eba58d3daf27d50be539ace7e10,44.05837865299998,0.0,camtomo
2026-07-15 05:36:02,day,tech,36,0xb51b3beffd13cde071ed799e70a7b0b598e8b4d9,41.4929523815008,0.0,cambridgeisaac
2026-07-15 05:36:02,day,tech,37,0x6ae0a24ae0797e62332852a52ae321e330177483,40.910263,833.5,Want88
2026-07-15 05:36:02,day,tech,38,0xb120679099d26b0af04811c26c6077c587f9f2ff,40.698999999999984,0.0,frizzizzi
2026-07-15 05:36:02,day,tech,39,0xdc83474bc4cdf4d037f8be1eca21cfa290aabcd2,39.90000000000009,0.0,0xdC83474BC4CDf4d037f8BE1EcA21cfa290aaBCD2-1772195983959
2026-07-15 05:36:02,day,tech,40,0x6ca0cfe4ed627cb4ebe0193e69de9823a007e59d,39.586031415000015,0.0,Forch
2026-07-15 05:36:02,day,tech,41,0x2dc090f0510346e46b0068dc50b3cfdae175991d,39.34189784,0.0,Tidehntr
2026-07-15 05:36:02,day,tech,42,0x45b2cb2ae97f7dd81aa20058337a7a8b29b4cbc1,38.94055000000003,0.0,mocamoca
2026-07-15 05:36:02,day,tech,43,0xe9130925779ee85a19d205fc436af2c51501ffb5,37.67046403745992,916.4941739999999,0xe9130925779Ee85a19D205FC436af2C51501ffb5-1772934701702
2026-07-15 05:36:02,day,tech,44,0xcda4925bee5b2bacd8ba056bd6e7e5a01e8e1d82,37.4669534709999,0.0,
2026-07-15 05:36:02,day,tech,45,0x355e5ae20cc1a3a2164f818e4bac8d22dd72a038,36.55198791099974,0.0,Olcan
2026-07-15 05:36:02,day,tech,46,0x501870715d934653d1ebe8b4564df87b36e96108,36.54760312500002,0.0,Bloombergg
2026-07-15 05:36:02,day,tech,47,0x0362bb926368b144e0ff98f6828a251e4cb6449e,35.0,0.0,varch01
2026-07-15 05:36:02,day,tech,48,0x1a0f17f7a2a9a65ea669871fddd4d5c93cda53a2,34.86909717499998,0.0,nicknigelloki
2026-07-15 05:36:02,day,tech,49,0x7dcf235766e6b09c8869468a75d5495cf171a7bd,32.369415395200804,115.075627,godblessme2026
2026-07-15 05:36:02,day,tech,50,0xa3e22cd32aa9238ef7dbcfb4761e33b9eaa1fdf8,32.321718763419085,353.46332500000005,pootytherewardfarmer
2026-07-15 05:36:02,day,tech,51,0x4fff3c11a5d9b77822e01792f933cdb28557be78,30.00000000000182,0.0,turtle123
2026-07-15 05:36:02,day,tech,52,0xb0c85813a7a4428f1139ff91d3118a92c391fe7f,29.58734427124,654.537497,rustyc.law-
2026-07-15 05:36:02,day,tech,53,0xe38ee6bef3ea40daac3e3adc2fca23ba456850c8,28.442857080000067,0.0,CryptoBizzi2
2026-07-15 05:36:02,day,tech,54,0xad5353afe30c2da57709e2704ef3ccdcf67eef24,27.40511630351341,283.854113,AJSV
2026-07-15 05:36:02,day,tech,55,0x34cb173d34b6c8de809399dae2a595a525827588,27.35489270194894,1029.3742809999999,richardd
2026-07-15 05:36:02,day,tech,56,0x21ffd2b7a212a6f277ed3eca1a9f8efcbca90d71,27.154351372616475,502.901701,Haradwaith
2026-07-15 05:36:02,day,tech,57,0x4131bd4f0dc4f4e8d065ccb09a1f875072f9d591,27.060938460000003,570.2499999999999,jackylove
2026-07-15 05:36:02,day,tech,58,0xb12443e1d07ebab99c083eae7a83d39e8df36cda,24.683543819999997,63.291138,fghjvvn
2026-07-15 05:36:02,day,tech,59,0x03805a13a0b3e058f55f6c6af95389d4f431073d,23.907991994805343,137.967554,donthackme
2026-07-15 05:36:02,day,tech,60,0x49103d9d307e97c79c4ec1c730b52f6052f5620a,23.124202620787003,489.177866,0x49103D9d307e97c79C4EC1c730b52f6052F5620A-1783085859315
2026-07-15 05:36:02,day,tech,61,0x51b11a18e75d0f4c3f8e8e360f89eb911d727865,23.034767999999985,50.0,PCMTest
2026-07-15 05:36:02,day,tech,62,0xd23f8c8aab13cfb2a35da40b67f8471faf9894a1,22.84871531299723,229.59999999999997,Corlys
2026-07-15 05:36:02,day,tech,63,0x870535b39b1f8902a3be94f15158b39961058354,22.830739109,0.0,Oleg3
2026-07-15 05:36:02,day,tech,64,0x0cb10c40b0776e9ee8cef970af85724654dda76c,22.39223750000008,192.74625,ninjaslashed
2026-07-15 05:36:02,day,tech,65,0x856f3a22368a9e33aee5f45cbc11a66d4d5d2f64,21.69694534,0.0,user20260127
2026-07-15 05:36:02,day,tech,66,0x747837d9e1763345ab994e8652c8d0ba59bb4003,21.02931026100009,0.0,xcaiox
2026-07-15 05:36:02,day,tech,67,0xa148f913e62759a9955772c5c5ffa36277f7f655,20.82855499414491,126.631577,yolkhead
2026-07-15 05:36:02,day,tech,68,0xe8c4d68aff65b38cac46987b9b65e01eb47d395d,20.746183540000516,0.0,JAMJAMJAM4
2026-07-15 05:36:02,day,tech,69,0x5ce3c43f2b2be1b51ec5f4920acbf7340733f779,19.662650000000212,0.0,WineDarkC
2026-07-15 05:36:02,day,tech,70,0x45a39326be48a1209bc9e641a216513cf19512f0,19.574763999999945,0.0,schneider
2026-07-15 05:36:02,day,tech,71,0x7b5887dcffa32af1ec155a8835c48b4e948aeb2b,19.24999999999999,0.0,senzer
2026-07-15 05:36:02,day,tech,72,0xdc05311686dfc7f63830a0144dd1bcca4c719a76,19.239728075000016,375.53,galhammerman
2026-07-15 05:36:02,day,tech,73,0x3825180182703613f3619d4611890c5b655504e8,18.92604661150017,0.0,WhoseHouseRamsHouse
2026-07-15 05:36:02,day,tech,74,0x0da462636b228293849aac34c18577244775edde,18.247962875000013,0.0,luish
2026-07-15 05:36:02,day,tech,75,0x73d225c851df25d73b14846a370bdeef9434f9b7,17.91976405500054,0.0,Dapsy
2026-07-15 05:36:02,day,tech,76,0xc7d02944a76b9f83b199e9090ecc92c82d241f8a,17.64498193099962,140.68,0xc7D02944A76B9F83B199e9090ECC92C82d241F8a-1776944395495
2026-07-15 05:36:02,day,tech,77,0x551a79d6101081d721262a2605187674fc1686b9,17.14943169327502,70.0,watchmewhip
2026-07-15 05:36:02,day,tech,78,0x89d9906e5c7842a7f546878a5fee7b892362f100,16.619356373500068,0.0,wizardok
2026-07-15 05:36:02,day,tech,79,0xa7d2ec6680f4e5f6ab0da244d8006eec3e20f954,16.322472194999136,0.0,KiruaTrading
2026-07-15 05:36:02,day,tech,80,0xc412fdbe9956c2e242e8b45fae131c3e8598592d,16.31800000000112,0.0,BetterFish
2026-07-15 05:36:02,day,tech,81,0x511f9c771449162349795d17becf8b37031acbe1,16.163955884985626,680.125139,Bigggggggg
2026-07-15 05:36:02,day,tech,82,0x090af6fd2aeb04202abc97370aa86c1b81d90fa6,16.00331192408521,365.18428400000005,VictorLudorum
2026-07-15 05:36:02,day,tech,83,0x6bedb65d4bec63a0fef84cd0f19a54f64029b1fe,15.971044314999972,0.0,blindmaninanorgy
2026-07-15 05:36:02,day,tech,84,0xa2711d1d311a0b2fa7f88d5c7cb760a3fa062727,15.845824264256066,142.143066,9...
2026-07-15 05:36:02,day,tech,85,0xf39458925377b702db755e920f2f9a904749ad79,14.923692025000037,0.0,honorh1691
2026-07-15 05:36:02,day,tech,86,0xe28d57094f4ddcb34f35962a2ce13d9f82f20274,14.84976421500005,0.0,
2026-07-15 05:36:02,day,tech,87,0xec52da8ce6ddf1743240f86d643b47d7459059e8,14.399999999999977,0.0,Boredape
2026-07-15 05:36:02,day,tech,88,0x788e42bf0d25a94cadf47e70fb6df1abf2f0e086,14.341,0.0,markemt
2026-07-15 05:36:02,day,tech,89,0x9bd74f5f970fe3d3c5e747fabcdc025fa47796d3,14.215493055000024,0.0,Savage-Snow
2026-07-15 05:36:02,day,tech,90,0xd8c18c730ec4ec15d776c15cf2e4a38bca0916c0,13.996114913114866,849.896665,rwcoffee
2026-07-15 05:36:02,day,tech,91,0x419199360647609ef4b17b1f1dff1041c15c569f,13.98599999999999,0.0,Aussxx
2026-07-15 05:36:02,day,tech,92,0x8b02c9e1ee95c1d9ec862af66b0cb69235fdb95f,13.75,0.0,wasabeej
2026-07-15 05:36:02,day,tech,93,0x46b204acbbcad593f3f80cd1667f7245ca97df24,13.749999999999986,0.0,den299k
2026-07-15 05:36:02,day,tech,94,0x50071dbd481235089ed367eb20c4e769a049df2e,12.75,0.0,9d77308c0780291b83d88500ab50bc3043fd03
2026-07-15 05:36:02,day,tech,95,0x2e2f62c1acaf892cf62f7ae5116d63ef86c56884,12.504261209999996,0.0,MrBrown4life
2026-07-15 05:36:02,day,tech,96,0x222b7a2502af83ef70fe5e1d54d287c30c1cd3fd,12.04000000000002,0.0,Boca500
2026-07-15 05:36:02,day,tech,97,0x1fbd62dd76073bcc8ab4df97a05f2e7046880d58,11.851500910114002,15.384614,Account11113
2026-07-15 05:36:02,day,tech,98,0xa5303c3d6321892667739ea611f2f6cb8a5188f6,11.635910019999983,19.57,NixNov008
2026-07-15 05:36:02,day,tech,99,0x0789515e1b51b3d49b171d9041437640519bb90a,11.275000000000034,0.0,
2026-07-15 05:36:02,day,tech,100,0xefddc1d3285d0fe1b9f2aa06e04901f527a08370,11.266097074999834,0.0,vino1234
