timestamp,timeframe,category,rank,address,pnl,volume,userName
2026-07-25 05:45:57,day,overall,1,0x3dfb153c197d4c19d3b31c1ecd2c7b6860eeabaf,331789.7730867162,470152.68758400006,0x3DFb153c197D4C19D3B31c1ecD2c7B6860eeabAf-1722957908185
2026-07-25 05:45:57,day,overall,2,0x2c335066fe58fe9237c3d3dc7b275c2a034a0563,77701.6719916843,701725.3502900001,0x2c335066FE58fe9237c3d3Dc7b275C2a034a0563-1759935795465
2026-07-25 05:45:57,day,overall,3,0x84dbb7103982e3617704a2ed7d5b39691952aeeb,59361.017335721524,647.880942,Soarin22
2026-07-25 05:45:57,day,overall,4,0x4bff30af91642dc7d2b19a8664378fe55c45fc26,46696.983421076555,142065.36,Sassy-Bucket
2026-07-25 05:45:57,day,overall,5,0xfe5428c1b7fae9f29cc5ce3b393d9a77251541d6,44709.732706980554,0.0,0xFE5428C1B7faE9F29CC5cE3B393d9a77251541D6-1734980249939
2026-07-25 05:45:57,day,overall,6,0xd81e5bc01e4a98d0af93d82dc2c542a4c0f9e3d0,36753.7378399999,0.0,beet420
2026-07-25 05:45:57,day,overall,7,0xd1ed12197b7dc22dede923727e9b714024dbd7cb,35962.89371489032,284952.577429,curie
2026-07-25 05:45:57,day,overall,8,0x04d5524a0a5af2eca6e39e03defc261d42fe66d8,31931.55718197528,286541.097147,WTSA
2026-07-25 05:45:57,day,overall,9,0x69c5c6f6a4dda665991c203bc8d5df3e006b1e01,27363.538165624894,120680.489277,Themsnw
2026-07-25 05:45:57,day,overall,10,0x7542fa229f63a7bd8a9ca4584638004a39317a20,23628.196543000013,61135.481232000006,highpal
2026-07-25 05:45:57,day,overall,11,0xdb83e85ffd22faa4009273034770f96ffc5b1e50,23598.184488405386,82751.12840100001,sentrio
2026-07-25 05:45:57,day,overall,12,0x0f1cb0af3f632029ec26ba44c22239f47d5f82c6,22573.01919280493,1519.7888630000002,PleaseWinPlease
2026-07-25 05:45:57,day,overall,13,0x204f72f35326db932158cba6adff0b9a1da95e14,21128.051629811525,918644.5031399997,swisstony
2026-07-25 05:45:57,day,overall,14,0x0a47c276f4e7e531fbdf277196a8c43c86420c54,20461.188574836357,0.0,0x0a47c276F4E7E531FBdf277196a8C43c86420C54-1760909165421
2026-07-25 05:45:57,day,overall,15,0x547f2917d51f2e63ab382dcf641d4e0240162937,20011.86032286042,803809.8079809999,0x547f2917D51F2e63ab382DCF641d4E0240162937-1782667852436
2026-07-25 05:45:57,day,overall,16,0xb0c85813a7a4428f1139ff91d3118a92c391fe7f,19283.247940257475,42044.124792,DoctorWhoooo
2026-07-25 05:45:57,day,overall,17,0xd6966eb1ae7b52320ba7ab1016680198c9e08a49,19086.66962499119,11837.173331999998,EIf
2026-07-25 05:45:57,day,overall,18,0xf3a6ac44c5c90ff2b4afa4459f71acc2e57971bd,17894.903730730555,0.0,chanello
2026-07-25 05:45:57,day,overall,19,0x076daa87c4fe1a85402a9b6b8e0a866224388d4c,16651.26195718122,24195.805061,
2026-07-25 05:45:57,day,overall,20,0x6d3c5bd13984b2de47c3a88ddc455309aab3d294,16643.62632630942,110815.005086,VeryLucky888
2026-07-25 05:45:57,day,overall,21,0x3a8aa345d5db7ec5138298c8c4f4540259be7699,16207.003820360274,0.0,TheReturnOfDarthMaul
2026-07-25 05:45:57,day,overall,22,0xc163df5d9317167e1a151d1692302bbcd257aed8,15306.389261539858,42063.025935,KetelOne
2026-07-25 05:45:57,day,overall,23,0x7b02b2bac2a30ed5e40b7094e734f4c3dc2a4991,13901.092492920812,0.0,foodenjoyer
2026-07-25 05:45:57,day,overall,24,0x7f9e2d1df78614564a70becc7fa14aa9a6623a0e,13439.929077010805,0.0,nojnn
2026-07-25 05:45:57,day,overall,25,0xc29198ad764bd6adaf7bb971a3757a689ece5d74,13419.223589800647,119942.075509,SnakeBall
2026-07-25 05:45:57,day,overall,26,0x88c4919de76e526d55a32c1f8afb439dd1f1129a,13289.066162093026,204.43,QuietRiskisWrong
2026-07-25 05:45:57,day,overall,27,0x20d6436849f930584892730c7f96ebb2ac763856,12718.349170759102,42428.20779,0x20D6436849F930584892730C7F96eBB2Ac763856-1768642056357
2026-07-25 05:45:57,day,overall,28,0x32ed517a571c01b6e9adecf61ba81ca48ff2f960,12479.923000499726,31786.896339,sportmaster777
2026-07-25 05:45:57,day,overall,29,0x31a1a31f4c031e35f88762df68b626b2e6be1227,11295.30517860089,48450.369431,stringXX
2026-07-25 05:45:57,day,overall,30,0x16bb9951a36fce71e2ef57890b786145e0ba8492,11094.406478000106,7996.87,SDTrading
2026-07-25 05:45:57,day,overall,31,0xc46368a3374e87566eff1ffae7e6ec0163509a2f,10931.038139289703,13665.084106,NewTeamSosed2
2026-07-25 05:45:57,day,overall,32,0x565ca59275f81991bd9877d7fa8404c5ecf6519e,10899.130626700004,43173.04734999999,IamFKINGbankrupt
2026-07-25 05:45:57,day,overall,33,0xd912131221d75b624963c928fa5bfd284c4775c3,10799.369664784881,27091.489285,
2026-07-25 05:45:57,day,overall,34,0xd1049158a102840ce595efc6ab683a0cb6fbacef,10756.72724066952,19894.67,pilimili
2026-07-25 05:45:57,day,overall,35,0xe337f5a28e9c530a676c959a1888ba5368664ad6,10640.973842923937,218354.40658,0xE337F5A28E9C530a676C959A1888Ba5368664ad6-1779639269540
2026-07-25 05:45:57,day,overall,36,0xb272505077cc2c6bde5acca133ea6364152e5030,10463.607922865282,12786.043894000002,BaseballBill
2026-07-25 05:45:57,day,overall,37,0xc3c3b3ef304ddbea39fa2246e683a71da5d0eec8,9960.051854377052,0.0,comon119
2026-07-25 05:45:57,day,overall,38,0xf95846967c9093e4881506162077ec8f7049db13,9908.318149999977,0.0,thecomplicatedguy
2026-07-25 05:45:57,day,overall,39,0xf68a281980f8c13828e84e147e3822381d6e5b1b,9833.330101272386,401.03375,WHYWHYWHYWHYWHYWHY
2026-07-25 05:45:57,day,overall,40,0xd38ad20037839959d89165cf448568d584b28d26,9563.896327517337,63148.729256000006,johnny234
2026-07-25 05:45:57,day,overall,41,0xfd672b99a7cc7835bf931f0cea09bf7f7680ef90,9560.795453709536,0.0,N34
2026-07-25 05:45:57,day,overall,42,0xbd0477e08d82d35a855ff19644a88a9213d8fbb0,9493.27377964292,5860.335772999999,yuhyuhyuhy352352
2026-07-25 05:45:57,day,overall,43,0xfe787d2da716d60e8acff57fb87eb13cd4d10319,9107.65546009659,1988796.111231,ferrariChampions2026
2026-07-25 05:45:57,day,overall,44,0xe55aab114e95fff2fa267313916381d79323ecf7,8943.744326045007,0.0,steevenseakael
2026-07-25 05:45:57,day,overall,45,0x7583d5f8a1031ff4afcdc6db4e2143bfd41b4df2,8872.613177949068,26035.656225,0x7583d5f8A1031fF4AfCDc6db4e2143bFd41b4dF2-1783673385090
2026-07-25 05:45:57,day,overall,46,0xeb490d0534bb68b4c2ce139b219a728cd2c3693e,8871.377259127476,0.0,78979879879879
2026-07-25 05:45:57,day,overall,47,0xc6e956068048c1cf98d8f0b3a495edc9da130741,8866.437679990224,532.789628,luck00004
2026-07-25 05:45:57,day,overall,48,0x96489abcb9f583d6835c8ef95ffc923d05a86825,8853.15596526035,74546.622338,anoin123
2026-07-25 05:45:57,day,overall,49,0x2117ae94a97d69b78cbc81b6680a62deb1955c26,8756.399708610617,6897.2878,Zzzz87
2026-07-25 05:45:57,day,overall,50,0x7d6d24d5d9393cc2dd566a95a1cccbe0aa882654,8469.738044523168,165171.722699,0xe11Ff8cd2718F51a4d9403D166c20eaAAbE253F4-1777047101622
2026-07-25 05:45:57,day,overall,51,0x72be3dbe7905bfe486be0c967286324b72cf3058,8329.589924177915,28484.613761,FreeXBee
2026-07-25 05:45:57,day,overall,52,0xf7f0b0b1e9c0fe02ccad926916ee31aef74b912c,8001.032534924721,7089.788336,wapol
2026-07-25 05:45:57,day,overall,53,0xdd256e5df4d54e86ec5ea64ecab70e4d839aa624,7963.334198924613,34874.438368,0xdD256e5dF4D54e86EC5ea64EcaB70e4d839aA624-1777406498558
2026-07-25 05:45:57,day,overall,54,0xde7be6d489bce070a959e0cb813128ae659b5f4b,7963.276756803913,0.0,wan123
2026-07-25 05:45:57,day,overall,55,0x7ad71d79a3bb90d0a87a06500fa0fe11663842aa,7800.0,15000.0,theowalcott
2026-07-25 05:45:57,day,overall,56,0xa697d0b3fff7d285a0f92d6ee03a7f97809e59d5,7192.99681226961,19389.002474,0xa697d0b3FFf7D285a0F92d6Ee03a7f97809E59d5-1774326306031
2026-07-25 05:45:57,day,overall,57,0xe5241830e8876c115d7dc8311ad9f43d85fdd34f,7062.2798405447975,29803.311889,Sportbetting76
2026-07-25 05:45:57,day,overall,58,0x49398cc5a5563039ace8e014198bf3d2f3149ade,6963.439837218329,2083.333332,Z2017214
2026-07-25 05:45:57,day,overall,59,0x224f7ef690d952cf551a471846d5afb4892e514a,6904.278938850073,9872.295805000002,WeBuyHighWeSelllow
2026-07-25 05:45:57,day,overall,60,0x942e79166821f3f4e67872e44f1672fcccd2be27,6806.783584448517,1187.3195130000001,smallreceipt
2026-07-25 05:45:57,day,overall,61,0x3f3aa7005f8006bfcc367d43a25cde25509fe8fd,6141.440731385548,28329.788850999998,us391
2026-07-25 05:45:57,day,overall,62,0xbca08c1bc204a34f2fddbe47b438b9bd42ac9705,6118.5357681042515,295250.30546199996,1winstreak1
2026-07-25 05:45:57,day,overall,63,0x8b4bca1d794779e66e023d44391b2a86c5ab541b,5833.80376825653,1283.2429109999998,0x8B4bcA1D794779E66e023D44391B2A86C5ab541B-1769764313952
2026-07-25 05:45:57,day,overall,64,0xf6683d202f76fc9b79e5be716ce8519dab5b5c69,5680.23274852999,0.0,0xf6683D202f76FC9B79E5BE716CE8519DAb5b5c69-1765800503123
2026-07-25 05:45:57,day,overall,65,0xd47dda34a3f41f39e5d3c1c98260a0dd7c0a322b,5614.992186654992,0.0,MymanIvan
2026-07-25 05:45:57,day,overall,66,0x2974bd0059e48f215c391882976e0f1b4c8c9c23,5547.170975470108,1750.53,65765757
2026-07-25 05:45:57,day,overall,67,0x88500d9d6f9168a006386c5468a27d700409b32d,5366.338059631875,29350.414796999998,nnnnnb
2026-07-25 05:45:57,day,overall,68,0x91d757346e322976a9544dd07b9b7e3f58550dfc,5298.004266761489,31934.918421000002,cobaltharborfmz
2026-07-25 05:45:57,day,overall,69,0xff80bb23621f03fc6300808730316c78abe09b4d,5252.291577284937,13927.150638,Zenhack
2026-07-25 05:45:57,day,overall,70,0x5b6e80132e843cb8570ee93e448f05f40ef3f544,5191.315808790969,95393.53887900001,anurag
2026-07-25 05:45:57,day,overall,71,0x0e64bde21d716711fbe59095eb0c88fae55e336d,4876.1467860458815,1680.53,KioskJammer
2026-07-25 05:45:57,day,overall,72,0x1e7792acc779a6af8304bd7991ff31d16d468c33,4736.137593003572,23999.956084999998,THEdirkdiggler
2026-07-25 05:45:57,day,overall,73,0xc84f7e76ec28ef20e7773b7b4926bfb7378be0c5,4703.173861730378,10575.82,BrightStars
2026-07-25 05:45:57,day,overall,74,0xf43842aca68209bd8bd3b4cfae00a32053769559,4637.6157317047655,23451.680624999997,PendulumExchange
2026-07-25 05:45:57,day,overall,75,0xa309f903dbbd559e87d8d368834b8e41355c4cf2,4615.066417868991,0.0,ratehikes
2026-07-25 05:45:57,day,overall,76,0xeafc018ccbca46db203ba57c3e798ce0e84fe4c4,4462.1165838436045,0.0,coltsmildx
2026-07-25 05:45:57,day,overall,77,0xf4baccff188321440a1ed01a5d5fd89c3e1f5933,4441.861176466999,0.0,Treadmilled
2026-07-25 05:45:57,day,overall,78,0xc4cf90ff5911b8f0df80fbea622b8f41a447a60e,4343.877138126685,14873.631108,bbvbbvbv
2026-07-25 05:45:57,day,overall,79,0x162f6fff88a52864f2ecc9833e58089d5254798d,4255.561542299562,840.2044359999999,Valen9
2026-07-25 05:45:57,day,overall,80,0xa0f21e6d351baa9185716b5c00c2925ed9621848,4183.480637720121,180552.81995300003,
2026-07-25 05:45:57,day,overall,81,0x56acab44cfca2e88bb9b3406890aea7bfa0cd77e,4154.041759999644,1946.49,dv-pm
2026-07-25 05:45:57,day,overall,82,0xc07d5961e7a361992983c1a3a865d00dc28cb1df,4126.355691387289,23724.118606999997,0xc07
2026-07-25 05:45:57,day,overall,83,0xd218e474776403a330142299f7796e8ba32eb5c9,4092.7956637299135,25393.027428999998,cigarettes
2026-07-25 05:45:57,day,overall,84,0x613bfbb81d9e5398bff208da4ae848e7a73e823a,4054.47203588915,21588.012257000002,FlamePyro
2026-07-25 05:45:57,day,overall,85,0xb1ca909e848cc24ec4e220ce1c453bc290c51705,4043.430410659107,99659.54135399999,R79dgahr
2026-07-25 05:45:57,day,overall,86,0xf0ca28d5b0141f0a8e7b251dea80fd881cb166ed,3971.5779832309286,0.0,Hauchn
2026-07-25 05:45:57,day,overall,87,0x885ffdf360e5b0b6e6acb963fb3f8ba2344c8ed9,3939.426141618297,1314.3772079999999,forecastication4
2026-07-25 05:45:57,day,overall,88,0xbaa2bcb5439e985ce4ccf815b4700027d1b92c73,3899.228494611103,2546.01,denizz
2026-07-25 05:45:57,day,overall,89,0xdbdd45150249e229eb4ca8aa48a30dca21faa5de,3766.1700190000993,29446.791871999998,0xdbdd45150249e229eB4cA8aa48A30Dca21Faa5de-1757094771846
2026-07-25 05:45:57,day,overall,90,0xb10bf118b2a3c1cff0379a4134a82eb6d51e0b04,3758.261753863553,10851.467883,saintaphextwin
2026-07-25 05:45:57,day,overall,91,0xece0c003e035b724b7fe819c0b363359f475a64d,3720.132899999997,0.0,GDJHAV
2026-07-25 05:45:57,day,overall,92,0x64511822c851d4d56d8c6e5376ecfd724c36b57a,3686.717377725001,204.81,sirluca888
2026-07-25 05:45:57,day,overall,93,0x270a9278196172d49fa1e112590885d9f0481420,3642.4163126798057,8320.465247,ROARINGKITTY-188
2026-07-25 05:45:57,day,overall,94,0xa39a38fbb98ad026c5a6b126d74d891e1be51246,3616.9998327954163,6790.995,MrBently
2026-07-25 05:45:57,day,overall,95,0x45060425ac73951a6f57474a9321abea427843fd,3537.0284860460088,0.0,RRRRRRRRL
2026-07-25 05:45:57,day,overall,96,0xc2e7800b5af46e6093872b177b7a5e7f0563be51,3480.5722315759995,0.0,beachboy4
2026-07-25 05:45:57,day,overall,97,0x4f29e103339919c4baaea2a60195cf1c8bb27a7e,3407.3853110617456,764569.157284,0x4f2
2026-07-25 05:45:57,day,overall,98,0x0c955ea595bf5f62063a593b5e3437a5aa3610f5,3392.2403079741966,36742.937097,0x0C955EA595BF5F62063A593b5E3437a5Aa3610f5-1783302996801
2026-07-25 05:45:57,day,overall,99,0xe558bb7b02ea489d772bd34f14cc845e391fdcd2,3317.8061088480754,0.0,User1244322
2026-07-25 05:45:57,day,overall,100,0x90ed5bffbffbfc344aa1195572d89719a398b5bc,3214.802396756986,0.0,failstober
2026-07-25 05:45:57,day,politics,1,0x88c4919de76e526d55a32c1f8afb439dd1f1129a,11039.437810451025,204.43,QuietRiskisWrong
2026-07-25 05:45:57,day,politics,2,0x96489abcb9f583d6835c8ef95ffc923d05a86825,8248.494303031825,69239.32105299999,anoin123
2026-07-25 05:45:57,day,politics,3,0x7f9e2d1df78614564a70becc7fa14aa9a6623a0e,7874.274806886329,0.0,nojnn
2026-07-25 05:45:57,day,politics,4,0x2974bd0059e48f215c391882976e0f1b4c8c9c23,5325.535731897602,1750.53,65765757
2026-07-25 05:45:57,day,politics,5,0xc84f7e76ec28ef20e7773b7b4926bfb7378be0c5,4703.173861730378,10575.82,BrightStars
2026-07-25 05:45:57,day,politics,6,0x8b4bca1d794779e66e023d44391b2a86c5ab541b,4702.950831677968,1253.2429109999998,0x8B4bcA1D794779E66e023D44391B2A86C5ab541B-1769764313952
2026-07-25 05:45:57,day,politics,7,0x162f6fff88a52864f2ecc9833e58089d5254798d,4262.906707019545,840.2044359999999,Valen9
2026-07-25 05:45:57,day,politics,8,0xb1ca909e848cc24ec4e220ce1c453bc290c51705,3912.9507025938947,69224.94755900001,R79dgahr
2026-07-25 05:45:57,day,politics,9,0xbaa2bcb5439e985ce4ccf815b4700027d1b92c73,3899.228494611103,2546.01,denizz
2026-07-25 05:45:57,day,politics,10,0xc2e7800b5af46e6093872b177b7a5e7f0563be51,3480.5722315759995,0.0,beachboy4
2026-07-25 05:45:57,day,politics,11,0x90ed5bffbffbfc344aa1195572d89719a398b5bc,3236.1594198969833,0.0,failstober
2026-07-25 05:45:57,day,politics,12,0xeb490d0534bb68b4c2ce139b219a728cd2c3693e,3138.46447641548,0.0,78979879879879
2026-07-25 05:45:57,day,politics,13,0xbc75cabb772f1da1c1772430620da0174c453f69,2935.6348806530295,0.0,unknwnfnd
2026-07-25 05:45:57,day,politics,14,0x1e1f17412069c0736adfaadf8ee7f46e5612c855,2680.1157106320024,0.0,Brokie
2026-07-25 05:45:57,day,politics,15,0xc02147dee42356b7a4edbb1c35ac4ffa95f61fa8,2635.7799275055877,1750.0573410000002,Eatpraylove
2026-07-25 05:45:57,day,politics,16,0x82a1b239e7e0ff25a2ac12a20b59fd6b5f90e03a,2426.9102114179987,0.0,darkrider11
2026-07-25 05:45:57,day,politics,17,0xb0c85813a7a4428f1139ff91d3118a92c391fe7f,2370.9139662740054,3546.8555539999998,DoctorWhoooo
2026-07-25 05:45:57,day,politics,18,0x01fbed1482060428cec2146c518d1c28a256208e,2197.353050032,0.0,zephyrax
2026-07-25 05:45:57,day,politics,19,0xc851cd9bee7d262afd78674f861f9f576a12cd2a,2127.085216232459,0.0,betwick
2026-07-25 05:45:57,day,politics,20,0xd27cc742d023d06ef633a4c880cf1ff1836ec081,2111.668061129996,0.0,madkkee
2026-07-25 05:45:57,day,politics,21,0xfffadf38a520cd5a0035ff52d7fceb436a08864b,2100.07056172844,0.0,GoriIIa
2026-07-25 05:45:57,day,politics,22,0x3eae57986be5e0ca435102ffe1f14206ffa2e2ed,2018.331224655998,0.0,thoodr
2026-07-25 05:45:57,day,politics,23,0xd23f8c8aab13cfb2a35da40b67f8471faf9894a1,1804.8386026129156,3384.10765,Corlys
2026-07-25 05:45:57,day,politics,24,0xc15b833b6991e5dbcaca029f7d0f951e5db238af,1785.3358708629821,2789.82,makinta
2026-07-25 05:45:57,day,politics,25,0x8ec829f01516095606e4c265768d75238ebf5709,1780.5760017499997,0.0,A-Train
2026-07-25 05:45:57,day,politics,26,0x16bd7cc71f6da1e77d1d8255677abc75b9bae288,1748.1998305478191,382.65999999999997,ddalkkak
2026-07-25 05:45:57,day,politics,27,0xb66582886125a2a2ea966f1ea60ea60b6ecabf8f,1733.1425115699967,0.0,Aeglos
2026-07-25 05:45:57,day,politics,28,0xd426adbc3c4461c86099c26221c877f20e42334a,1732.9400113550364,22025.32,881112
2026-07-25 05:45:57,day,politics,29,0x3c918a8ef8c379304f744592120cbb4d76149af7,1730.0999900129991,0.0,Vilgefortz
2026-07-25 05:45:57,day,politics,30,0x6139c42e48cf190e67a0a85d492413b499336b7a,1705.6204464550829,12717.131535,RememberAmalek
2026-07-25 05:45:57,day,politics,31,0xff80bb23621f03fc6300808730316c78abe09b4d,1699.9285772239527,13927.150638,Zenhack
2026-07-25 05:45:57,day,politics,32,0xf5592765133941c40c77e52bc56bbe7ec167f462,1674.3305979299985,0.0,0xf5592765133941c40C77e52Bc56bbe7EC167F462-1755612447740
2026-07-25 05:45:57,day,politics,33,0x17e313bb9173febb23c865a2ef8a4e8e0eaf9ba5,1583.4988393409258,408.0,hymolu
2026-07-25 05:45:57,day,politics,34,0xb72358735315fdbb9e43d7146b8133e203f60065,1581.310313189504,0.0,bysittingnottrading
2026-07-25 05:45:57,day,politics,35,0xfaf680c17a9cca24ff0773ae2d9f7db49c02cc47,1576.1137373169258,6714.54,Seutervoinen
2026-07-25 05:45:57,day,politics,36,0x9d84ce0306f8551e02efef1680475fc0f1dc1344,1413.3254316884559,1160.9899999999998,ImJustKen
2026-07-25 05:45:57,day,politics,37,0x7c3db723f1d4d8cb9c550095203b686cb11e5c6b,1342.8280182546005,23723.912183,Car
2026-07-25 05:45:57,day,politics,38,0x018c63048e77a77dcaec44a2503d1468205a9794,1313.5563431759983,0.0,maxiforza
2026-07-25 05:45:57,day,politics,39,0xcfff4295288ee29f75a38a7028611b7c1e93673d,1312.9592587799807,487.356358,graynotebook19
2026-07-25 05:45:57,day,politics,40,0x2d99e29c4f066ba32098c65e4c7454b277d94ca3,1300.054711782941,0.0,scout
2026-07-25 05:45:57,day,politics,41,0x03805a13a0b3e058f55f6c6af95389d4f431073d,1275.9148375886725,3404.151395000001,donthackme
2026-07-25 05:45:57,day,politics,42,0xb8d2bf9500e4731b09f54c7ebec6bf89899ec66b,1260.3126397674969,0.0,elreptil
2026-07-25 05:45:57,day,politics,43,0x11fcbba836d927c5fe6e6a6a64c9c0461e33dc48,1257.357601554002,0.0,NeH
2026-07-25 05:45:57,day,politics,44,0x46992d0e547e3822a9c28723f51bfa804ae4e03c,1249.820376116013,62573.009999999995,anon.1980.123
2026-07-25 05:45:57,day,politics,45,0xdcc0d387f0af3628ff1f2aebffb17ece397822e1,1230.275190469998,0.0,turo
2026-07-25 05:45:57,day,politics,46,0xab19716584931d81cd9e7763402673a64baa4876,1207.7079924855498,3778.8811100000003,SlenderMan
2026-07-25 05:45:57,day,politics,47,0x8c66e28fbe7ede7f57ba6cbc70408dff442944f3,1205.7888692404963,0.0,0x8c66E28FbE7Ede7F57bA6CBc70408DfF442944F3-1777220320442
2026-07-25 05:45:57,day,politics,48,0x4478d7bd8a295691ac84f60a5ec2b47e122102a4,1196.5951589876204,1595.25,Warren-Buffett
2026-07-25 05:45:57,day,politics,49,0xd20b71c94cf1329b7042fa4d976b60663c463a20,1189.837660635003,4249.42,fauxios
2026-07-25 05:45:57,day,politics,50,0x5cd5c8d7a17c78d7389d8b87b611aed83322ac33,1182.6764808765802,1748.932412,nonkenny90
2026-07-25 05:45:57,day,politics,51,0xb37aa8834f9baefc6fb3312f59df8ddf0348f1b1,1138.2176573114557,8563.353839,Steve-Haines
2026-07-25 05:45:57,day,politics,52,0xd51abd921d2ea76b3ad5fe6959e38c0e75cb17c8,1104.2479748955811,7015.816973000001,HoneybeeAlliance
2026-07-25 05:45:57,day,politics,53,0x80c045172058d32740ac2887970188ba6b2eed95,1093.5193538639978,0.0,0x80c045172058D32740ac2887970188ba6b2EED95-1775061091891
2026-07-25 05:45:57,day,politics,54,0x5ccf62ac8155e49bc7d021a1a66e9ef18f5579d7,1078.6784956269694,29732.232511000002,Cungly
2026-07-25 05:45:57,day,politics,55,0x28bf066c6cb952da62d6d182c16ad173ada64a4e,1064.0827844348096,733.8485000000001,plainfolder
2026-07-25 05:45:57,day,politics,56,0xcd71fd5370880f3d92bb941e628c05840fe0d127,1063.9790425354731,0.0,Kevindoto
2026-07-25 05:45:57,day,politics,57,0xa0926fbc4a90e29e479b459ef92a147ebe5b11e3,1054.8316818421845,172.18703900000003,G.laila
2026-07-25 05:45:57,day,politics,58,0x7dcf235766e6b09c8869468a75d5495cf171a7bd,1034.0903420786635,825.833332,godblessme2026
2026-07-25 05:45:57,day,politics,59,0x62cf46cd4c3af254dccfc37a7f93de265b4b5826,1031.8983195690525,0.0,eCash
2026-07-25 05:45:57,day,politics,60,0x6cd84a3230d0b0837c8169f64b6ece55faafd98d,1029.3818479200015,0.0,Lior-Pa
2026-07-25 05:45:57,day,politics,61,0xe25b9180f5687aa85bd94ee309bb72a464320f1b,1010.1845132139279,0.0,WordleAddict
2026-07-25 05:45:57,day,politics,62,0xd1049158a102840ce595efc6ab683a0cb6fbacef,1006.8382440155183,19894.67,pilimili
2026-07-25 05:45:57,day,politics,63,0xed107a85a4585a381e48c7f7ca4144909e7dd2e5,992.029517287272,0.0,elmcap2
2026-07-25 05:45:57,day,politics,64,0x70a795a52d0d6c5d6b5b670a9eca300c66d1b884,920.6393056440022,0.0,troxa
2026-07-25 05:45:57,day,politics,65,0x8afa03dd6974e44d00c4d14dcccb00c0ddf6adb6,858.231100800971,7.68,stupid22
2026-07-25 05:45:57,day,politics,66,0xe7cb6e31f033e0e9f5940e46d84166c7d7ded447,851.4149625099817,0.0,mindeirs
2026-07-25 05:45:57,day,politics,67,0x879247bf7570a40d193dd3bb9118820e0b194174,847.278998051064,9577.25,hosoon123
2026-07-25 05:45:57,day,politics,68,0x8e5c0cc55cda93d6cae14becb3b738a44dcaa68a,845.2691273429664,0.0,cocos228
2026-07-25 05:45:57,day,politics,69,0x614dc8d3542c12103d2c6a3553fd761e391d1546,837.9047715202905,0.0,mr.ozi
2026-07-25 05:45:57,day,politics,70,0x6d9fc316c3b8377060a44b852ba664adbfd59790,837.3056751266122,39881.172655,MEPP
2026-07-25 05:45:57,day,politics,71,0xc5187cb669690150643ba2f9aac6b7d98d212594,820.6690986992908,1230.787884,mustbethewater
2026-07-25 05:45:57,day,politics,72,0xb10047d6a254b2ebb306d7a7d13bf59171ab6461,803.5055277242791,48000.436665,Parz1vaI
2026-07-25 05:45:57,day,politics,73,0x44bb9b6af128bdcdac143f9fe845a8a9a105c186,799.682767405,0.0,YOU-CAN-RUN-BUT-YOU-CANT-HIDE
2026-07-25 05:45:57,day,politics,74,0x35bbbad2415fe5e39b12da9a316cdc80b022009b,786.2743267342739,0.0,MisTKy
2026-07-25 05:45:57,day,politics,75,0x8432544ce97d33027c3d829f28f8d70288e88360,772.0553067599998,0.0,abolgari
2026-07-25 05:45:57,day,politics,76,0x9c2617462567859fcf5764e03b9a687ebca274bc,764.4338743594999,0.0,Tigerofthehood
2026-07-25 05:45:57,day,politics,77,0xb6c83e346ab31df6e24bc53ecb6e15c03b75b9e6,761.2558167189709,0.0,shibagege
2026-07-25 05:45:57,day,politics,78,0xb24c85036d25b16557272b40a6481eb81a5aeefe,732.4989106274952,0.0,Beyonddream
2026-07-25 05:45:57,day,politics,79,0xf7b3094865495f74f01bbf7fbcc83c535da5eeb2,731.7981791130009,0.0,Trumpchi
2026-07-25 05:45:57,day,politics,80,0xf1ef8705e9f63c790c6fffd6329aea7011718cd6,726.7659455590256,0.0,Outsid3rTrading
2026-07-25 05:45:57,day,politics,81,0x60a92c8620846d81f5ea17b0564e0d4b7c545a71,726.2088622530573,556.63,paddaa
2026-07-25 05:45:57,day,politics,82,0x956c9f16fc9d51ec8a7a1218e81ae7939a22250a,702.6844391,0.0,0x956c9F16Fc9d51Ec8a7a1218e81ae7939a22250a-1758385829004
2026-07-25 05:45:57,day,politics,83,0xc03ce4d8af842ca6251ac57228b3ffb166ed50af,680.1877376430202,18696.0,NyetRisk
2026-07-25 05:45:57,day,politics,84,0x5ce3c43f2b2be1b51ec5f4920acbf7340733f779,676.6340563484973,855.79,WineDarkC
2026-07-25 05:45:57,day,politics,85,0x011f2d377e56119fb09196dffb0948ae55711122,676.4643775342847,65587.05489,11122
2026-07-25 05:45:57,day,politics,86,0xd1a63a243042d864520512fbdbd2fd20e0ab1507,662.6170128200829,271.33000000000004,DkOYL
2026-07-25 05:45:57,day,politics,87,0x71abe97b83eaba3f06cb04fd4d9a03ee37d2f015,658.1217453270729,800.0,groth
2026-07-25 05:45:57,day,politics,88,0x9dfe2f73d3c988a9d69df8fa0beb85651340b3dd,654.7958590590133,0.0,Moond
2026-07-25 05:45:57,day,politics,89,0x25db6ca5935ae858a5c1f2dcd5c62939805328de,653.0033124405563,22503.189989999995,0x25db6cA5935ae858A5c1F2dCD5c62939805328dE-1770665598557
2026-07-25 05:45:57,day,politics,90,0x8c57f67ac7cc69a4cf96be5747cb2ed63dc9f939,640.1585127631915,199.85,mm4ker
2026-07-25 05:45:57,day,politics,91,0xcc2982e3fbbcaf9af9fa373fa3ae392fd9457774,638.5975015860095,0.0,hose
2026-07-25 05:45:57,day,politics,92,0xdc4b06981e74fe11585438eb40f10bd79f43dbca,622.6641211014794,0.0,kevtp
2026-07-25 05:45:57,day,politics,93,0xe52c0a1327a12edc7bd54ea6f37ce00a4ca96924,620.6161488440994,1256.868943,aff3
2026-07-25 05:45:57,day,politics,94,0x97ead83eb0e6b7f142e63284791882f05ddf3363,613.3404999621634,1503.0908220000001,Hakei.
2026-07-25 05:45:57,day,politics,95,0x01309d49fd508ba7b2379967bdc7197e5b47274c,612.8380402064995,0.0,Fulgurator
2026-07-25 05:45:57,day,politics,96,0xfaf98181c44636998a194aa7660bcae1b977f4c4,607.392632920004,0.0,onekey02
2026-07-25 05:45:57,day,politics,97,0x9e7296fc4776144f60db9a5943ff2051696599c4,581.9874665563862,47.132351,carlos484
2026-07-25 05:45:57,day,politics,98,0xe77064fcfc9bf8a565b5e0683a33c04281290a66,578.5894283800008,0.0,whyhealwayswinning
2026-07-25 05:45:57,day,politics,99,0x7bb380292fd13b5ca4851dbcd73234d30d1b2682,578.0092171159995,0.0,tajir
2026-07-25 05:45:57,day,politics,100,0x26a6d14ce0651ce43f7bc3d801dcd6469aa4333b,571.4826000000012,0.0,yung-macro
2026-07-25 05:45:57,day,sports,1,0x3dfb153c197d4c19d3b31c1ecd2c7b6860eeabaf,331789.7730867162,470152.68758400006,0x3DFb153c197D4C19D3B31c1ecD2c7B6860eeabAf-1722957908185
2026-07-25 05:45:57,day,sports,2,0x2c335066fe58fe9237c3d3dc7b275c2a034a0563,78768.40988054872,699647.46029,0x2c335066FE58fe9237c3d3Dc7b275C2a034a0563-1759935795465
2026-07-25 05:45:57,day,sports,3,0x84dbb7103982e3617704a2ed7d5b39691952aeeb,59361.017335721524,647.880942,Soarin22
2026-07-25 05:45:57,day,sports,4,0x4bff30af91642dc7d2b19a8664378fe55c45fc26,46696.983421076555,142065.36,Sassy-Bucket
2026-07-25 05:45:57,day,sports,5,0xfe5428c1b7fae9f29cc5ce3b393d9a77251541d6,44709.732706980554,0.0,0xFE5428C1B7faE9F29CC5cE3B393d9a77251541D6-1734980249939
2026-07-25 05:45:57,day,sports,6,0xd81e5bc01e4a98d0af93d82dc2c542a4c0f9e3d0,36753.7378399999,0.0,beet420
2026-07-25 05:45:57,day,sports,7,0xd1ed12197b7dc22dede923727e9b714024dbd7cb,36005.63838320435,260751.71782000002,curie
2026-07-25 05:45:57,day,sports,8,0x04d5524a0a5af2eca6e39e03defc261d42fe66d8,31931.55718197528,286541.097147,WTSA
2026-07-25 05:45:57,day,sports,9,0x69c5c6f6a4dda665991c203bc8d5df3e006b1e01,28833.637489420013,120680.489277,Themsnw
2026-07-25 05:45:57,day,sports,10,0xdb83e85ffd22faa4009273034770f96ffc5b1e50,23994.60059278441,76404.23218800002,sentrio
2026-07-25 05:45:57,day,sports,11,0x7542fa229f63a7bd8a9ca4584638004a39317a20,23628.196543000013,61135.481232000006,highpal
2026-07-25 05:45:57,day,sports,12,0x0f1cb0af3f632029ec26ba44c22239f47d5f82c6,22573.01919280493,1519.7888630000002,PleaseWinPlease
2026-07-25 05:45:57,day,sports,13,0x204f72f35326db932158cba6adff0b9a1da95e14,21128.051629755646,918644.5031399997,swisstony
2026-07-25 05:45:57,day,sports,14,0x0a47c276f4e7e531fbdf277196a8c43c86420c54,20461.188574836357,0.0,0x0a47c276F4E7E531FBdf277196a8C43c86420C54-1760909165421
2026-07-25 05:45:57,day,sports,15,0x547f2917d51f2e63ab382dcf641d4e0240162937,20011.86032286036,803809.8079809999,0x547f2917D51F2e63ab382DCF641d4E0240162937-1782667852436
2026-07-25 05:45:57,day,sports,16,0xd6966eb1ae7b52320ba7ab1016680198c9e08a49,19037.794824992307,2062.213332,EIf
2026-07-25 05:45:57,day,sports,17,0xf3a6ac44c5c90ff2b4afa4459f71acc2e57971bd,17894.903730730555,0.0,chanello
2026-07-25 05:45:57,day,sports,18,0x076daa87c4fe1a85402a9b6b8e0a866224388d4c,16720.330138066784,23947.455797000002,
2026-07-25 05:45:57,day,sports,19,0x6d3c5bd13984b2de47c3a88ddc455309aab3d294,16682.33133356017,110119.573736,VeryLucky888
2026-07-25 05:45:57,day,sports,20,0xb0c85813a7a4428f1139ff91d3118a92c391fe7f,15698.857443906018,15728.058479000001,DoctorWhoooo
2026-07-25 05:45:57,day,sports,21,0xc163df5d9317167e1a151d1692302bbcd257aed8,15306.389261539858,42063.025935,KetelOne
2026-07-25 05:45:57,day,sports,22,0xc29198ad764bd6adaf7bb971a3757a689ece5d74,13419.223589800182,119942.07550899999,SnakeBall
2026-07-25 05:45:57,day,sports,23,0x20d6436849f930584892730c7f96ebb2ac763856,12721.071102039103,42303.06779,0x20D6436849F930584892730C7F96eBB2Ac763856-1768642056357
2026-07-25 05:45:57,day,sports,24,0x32ed517a571c01b6e9adecf61ba81ca48ff2f960,12514.31124993763,31786.896339,sportmaster777
2026-07-25 05:45:57,day,sports,25,0x31a1a31f4c031e35f88762df68b626b2e6be1227,11306.48113557031,46897.287995,stringXX
2026-07-25 05:45:57,day,sports,26,0x16bb9951a36fce71e2ef57890b786145e0ba8492,11094.406478000106,7996.87,SDTrading
2026-07-25 05:45:57,day,sports,27,0xc46368a3374e87566eff1ffae7e6ec0163509a2f,10933.538139289682,13165.084106,NewTeamSosed2
2026-07-25 05:45:57,day,sports,28,0xe337f5a28e9c530a676c959a1888ba5368664ad6,10640.973842923966,218354.40658,0xE337F5A28E9C530a676C959A1888Ba5368664ad6-1779639269540
2026-07-25 05:45:57,day,sports,29,0xb272505077cc2c6bde5acca133ea6364152e5030,10463.607922865282,12786.043894000002,BaseballBill
2026-07-25 05:45:57,day,sports,30,0xf68a281980f8c13828e84e147e3822381d6e5b1b,10043.29924972495,201.03375,WHYWHYWHYWHYWHYWHY
2026-07-25 05:45:57,day,sports,31,0xf95846967c9093e4881506162077ec8f7049db13,9908.318149999977,0.0,thecomplicatedguy
2026-07-25 05:45:57,day,sports,32,0xc3c3b3ef304ddbea39fa2246e683a71da5d0eec8,9899.905945376959,0.0,comon119
2026-07-25 05:45:57,day,sports,33,0xd1049158a102840ce595efc6ab683a0cb6fbacef,9749.970431875001,0.0,pilimili
2026-07-25 05:45:57,day,sports,34,0xd38ad20037839959d89165cf448568d584b28d26,9563.896327517286,63148.729256000006,johnny234
2026-07-25 05:45:57,day,sports,35,0xfd672b99a7cc7835bf931f0cea09bf7f7680ef90,9560.795453709536,0.0,N34
2026-07-25 05:45:57,day,sports,36,0x2117ae94a97d69b78cbc81b6680a62deb1955c26,9342.625801563263,2722.9878,Zzzz87
2026-07-25 05:45:57,day,sports,37,0xe55aab114e95fff2fa267313916381d79323ecf7,8943.744326045005,0.0,steevenseakael
2026-07-25 05:45:57,day,sports,38,0x7583d5f8a1031ff4afcdc6db4e2143bfd41b4df2,8872.613177949097,26035.656225,0x7583d5f8A1031fF4AfCDc6db4e2143bFd41b4dF2-1783673385090
2026-07-25 05:45:57,day,sports,39,0x7d6d24d5d9393cc2dd566a95a1cccbe0aa882654,8469.738044523168,165171.722699,0xe11Ff8cd2718F51a4d9403D166c20eaAAbE253F4-1777047101622
2026-07-25 05:45:57,day,sports,40,0xf7f0b0b1e9c0fe02ccad926916ee31aef74b912c,8007.66885225958,5717.219805,wapol
2026-07-25 05:45:57,day,sports,41,0xdd256e5df4d54e86ec5ea64ecab70e4d839aa624,7964.1931290691355,34874.438368,0xdD256e5dF4D54e86EC5ea64EcaB70e4d839aA624-1777406498558
2026-07-25 05:45:57,day,sports,42,0x7ad71d79a3bb90d0a87a06500fa0fe11663842aa,7800.0,15000.0,theowalcott
2026-07-25 05:45:57,day,sports,43,0xa697d0b3fff7d285a0f92d6ee03a7f97809e59d5,7192.996812269732,19389.002474,0xa697d0b3FFf7D285a0F92d6Ee03a7f97809E59d5-1774326306031
2026-07-25 05:45:57,day,sports,44,0xe5241830e8876c115d7dc8311ad9f43d85fdd34f,7062.279840545147,29803.311889,Sportbetting76
2026-07-25 05:45:57,day,sports,45,0x49398cc5a5563039ace8e014198bf3d2f3149ade,6963.439837218329,2083.333332,Z2017214
2026-07-25 05:45:57,day,sports,46,0x224f7ef690d952cf551a471846d5afb4892e514a,6904.258618804073,9872.295805000002,WeBuyHighWeSelllow
2026-07-25 05:45:57,day,sports,47,0x942e79166821f3f4e67872e44f1672fcccd2be27,6811.131178782049,0.0,smallreceipt
2026-07-25 05:45:57,day,sports,48,0x3f3aa7005f8006bfcc367d43a25cde25509fe8fd,6141.440731385548,28329.788850999998,us391
2026-07-25 05:45:57,day,sports,49,0xbca08c1bc204a34f2fddbe47b438b9bd42ac9705,6118.535768104834,295250.30546199996,1winstreak1
2026-07-25 05:45:57,day,sports,50,0xf43842aca68209bd8bd3b4cfae00a32053769559,5789.831476624764,23451.680625,PendulumExchange
2026-07-25 05:45:57,day,sports,51,0xf6683d202f76fc9b79e5be716ce8519dab5b5c69,5680.23274852999,0.0,0xf6683D202f76FC9B79E5BE716CE8519DAb5b5c69-1765800503123
2026-07-25 05:45:57,day,sports,52,0xd47dda34a3f41f39e5d3c1c98260a0dd7c0a322b,5614.992186654992,0.0,MymanIvan
2026-07-25 05:45:57,day,sports,53,0x5b6e80132e843cb8570ee93e448f05f40ef3f544,5191.315808790969,95393.538879,anurag
2026-07-25 05:45:57,day,sports,54,0x0e64bde21d716711fbe59095eb0c88fae55e336d,4767.210844214991,10.0,KioskJammer
2026-07-25 05:45:57,day,sports,55,0x1e7792acc779a6af8304bd7991ff31d16d468c33,4736.137593003572,23999.956084999998,THEdirkdiggler
2026-07-25 05:45:57,day,sports,56,0xd218e474776403a330142299f7796e8ba32eb5c9,4618.106484555494,25156.027429,cigarettes
2026-07-25 05:45:57,day,sports,57,0xeafc018ccbca46db203ba57c3e798ce0e84fe4c4,4462.1165838436045,0.0,coltsmildx
2026-07-25 05:45:57,day,sports,58,0xa0f21e6d351baa9185716b5c00c2925ed9621848,4208.267311355099,179124.09784300003,
2026-07-25 05:45:57,day,sports,59,0x56acab44cfca2e88bb9b3406890aea7bfa0cd77e,4154.041759999644,1946.49,dv-pm
2026-07-25 05:45:57,day,sports,60,0xc07d5961e7a361992983c1a3a865d00dc28cb1df,4126.355691387289,23724.118606999997,0xc07
2026-07-25 05:45:57,day,sports,61,0xdbdd45150249e229eb4ca8aa48a30dca21faa5de,4108.053978801705,28939.011871999995,0xdbdd45150249e229eB4cA8aa48A30Dca21Faa5de-1757094771846
2026-07-25 05:45:57,day,sports,62,0x613bfbb81d9e5398bff208da4ae848e7a73e823a,4054.47203588915,21588.012257000002,FlamePyro
2026-07-25 05:45:57,day,sports,63,0x885ffdf360e5b0b6e6acb963fb3f8ba2344c8ed9,3939.426141618298,1314.3772079999999,forecastication4
2026-07-25 05:45:57,day,sports,64,0x64511822c851d4d56d8c6e5376ecfd724c36b57a,3686.717377725,204.81,sirluca888
2026-07-25 05:45:57,day,sports,65,0xa39a38fbb98ad026c5a6b126d74d891e1be51246,3616.9998327954163,6790.995,MrBently
2026-07-25 05:45:57,day,sports,66,0xff80bb23621f03fc6300808730316c78abe09b4d,3546.5399999999936,0.0,Zenhack
2026-07-25 05:45:57,day,sports,67,0x5b6331e7ff0831a3fe2ed12004747db1a9c911a4,3511.3482110160403,17746.14116,neutralwave23
2026-07-25 05:45:57,day,sports,68,0x4f29e103339919c4baaea2a60195cf1c8bb27a7e,3407.385311061342,764569.157284,0x4f2
2026-07-25 05:45:57,day,sports,69,0xe558bb7b02ea489d772bd34f14cc845e391fdcd2,3317.8061088480754,0.0,User1244322
2026-07-25 05:45:57,day,sports,70,0x2792fc28811277f12a54e32bd8188be02c2dc4f6,3183.285060714785,712.5430650000001,
2026-07-25 05:45:57,day,sports,71,0x0c955ea595bf5f62063a593b5e3437a5aa3610f5,3128.8804987415006,28331.66307,0x0C955EA595BF5F62063A593b5E3437a5Aa3610f5-1783302996801
2026-07-25 05:45:57,day,sports,72,0x5ad49cd574df6888a0fe1d2b522f334988f06866,3120.4999999999927,6400.0,0x5aD49Cd574dF6888a0fE1d2B522F334988f06866-1766098504363
2026-07-25 05:45:57,day,sports,73,0xcf7379b4b891c06d88807f6f70efa75378120215,3108.3242901815684,109735.98686099998,NM-P
2026-07-25 05:45:57,day,sports,74,0xd619b68e64f256f8ddd185b261c8679eacf0c461,3102.477142114456,2515.907367,CAcap
2026-07-25 05:45:57,day,sports,75,0x0dbe4798a1719b1fc08cd3acc2369dd77c069013,3035.073014664533,0.0,brussssss
2026-07-25 05:45:57,day,sports,76,0x6804b57400dfb0ac39c9c72c82f0c6e5662e29e2,2916.5101626721407,7193.096795,
2026-07-25 05:45:57,day,sports,77,0xa8b8b7d86175f5918d40d8b282649a8da5f936dd,2897.5312873205016,14864.209396,Nanijau
2026-07-25 05:45:57,day,sports,78,0xb6d03407f2b61c81726e90819958b685ad6e9b55,2870.4168452623917,13999.263832,LabRick
2026-07-25 05:45:57,day,sports,79,0xdd5ef115f801999575b03d78d0115ad8b2d59040,2855.352076165931,16895.610653,Forecastication2
2026-07-25 05:45:57,day,sports,80,0xccc776cbb82eaead3f1c4e6b92b51ab45338aa5e,2830.165006905,5299.93,mlblover
2026-07-25 05:45:57,day,sports,81,0x664a25f165a0150ce687410470f3352f5783fc5f,2793.814983697688,29607.199813,itsonlyamatteroftime
2026-07-25 05:45:57,day,sports,82,0x2ad531734533078236780a5acda36d91037a62ff,2778.5500767099657,55518.712509000005,Wgod3
2026-07-25 05:45:57,day,sports,83,0x41b4cd880a61de2f5728594decf7f2cbfc2a10da,2770.517515133997,23555.78,zagzig123
2026-07-25 05:45:57,day,sports,84,0xfd0030324a685035e85af6aa329bfd2fa26afa4d,2697.48908595,2999.9376339999994,game123
2026-07-25 05:45:57,day,sports,85,0x61937c44d18d9814fc399b49bafc078831475b80,2520.3135844638805,31323.269105,averagejoetraders
2026-07-25 05:45:57,day,sports,86,0x82398835fe16616214d928ba87127e28fc1cd9a3,2511.627179187504,0.0,Kosherlocks
2026-07-25 05:45:57,day,sports,87,0xb4d250f58c26840e09723a83ce9c8149aa32ce99,2498.4423360113287,44645.09898400001,alpheclabs
2026-07-25 05:45:57,day,sports,88,0x1b8ffdb4ff99b4622f099465c486e4f75751cca7,2488.1046540900006,0.0,0x1B8FfDb4FF99B4622F099465C486E4F75751cca7-1779298477893
2026-07-25 05:45:57,day,sports,89,0x3572d872fdea280253374fd1c70a7cb8ad429d39,2432.9769628380973,0.0,Upt
2026-07-25 05:45:57,day,sports,90,0x9c87bc38de2734c6ea6268d27b4aba01cb33bf18,2412.7231238022114,13136.452045999999,fklpl
2026-07-25 05:45:57,day,sports,91,0x54559f4eeefb88a2b4be81ca680901f6bfa98b2a,2410.5276325600025,7999.936151,vgybhu
2026-07-25 05:45:57,day,sports,92,0x2b3d1e9bdf941d435dc91a8b974b86f7064c8db7,2323.4853571172134,1815.319046,crckr
2026-07-25 05:45:57,day,sports,93,0x64e93f87d8a0c1b2cde6f20d71f211372a95eb4c,2307.2364160315774,15957.089230000001,oudine2
2026-07-25 05:45:57,day,sports,94,0x10658d371ae1f09eed503a3a14c8ac6a1a936218,2280.579541623294,0.0,kunkun168
2026-07-25 05:45:57,day,sports,95,0x7c4debec15387b170278f13dd6cab7450af9bb01,2232.7827500000003,0.0,imumoccupancy
2026-07-25 05:45:57,day,sports,96,0xadfb6cba33cebca02eab6111ace1e3924b9cc2ef,2186.921600890608,42921.277159000005,KnightDasCapital
2026-07-25 05:45:57,day,sports,97,0x8ce7eb8a3ad1d6907b24368865c8487a68fb3150,2183.3333315902855,0.0,EVhunter69
2026-07-25 05:45:57,day,sports,98,0x84ad9c5c547a82ec9a08547b94bd922446e5bfb7,1992.7455402493943,53936.280782,BillBenter2026
2026-07-25 05:45:57,day,sports,99,0x1d3a805284bc8029cd6acd06d5a2b8b2b1807b63,1970.4636612949835,941.023579,hurpdurp
2026-07-25 05:45:57,day,sports,100,0x6319a232bfcb85d71c901915ccf56b988df6d371,1934.2569940448743,0.0,opeankdngsuxhxbskx
2026-07-25 05:45:57,day,crypto,1,0x565ca59275f81991bd9877d7fa8404c5ecf6519e,10899.130626700004,43173.04734999999,IamFKINGbankrupt
2026-07-25 05:45:57,day,crypto,2,0xd912131221d75b624963c928fa5bfd284c4775c3,10799.369664784881,27091.489285,
2026-07-25 05:45:57,day,crypto,3,0x72be3dbe7905bfe486be0c967286324b72cf3058,8336.013084777916,28484.613761,FreeXBee
2026-07-25 05:45:57,day,crypto,4,0x88500d9d6f9168a006386c5468a27d700409b32d,5366.338059631875,29350.414796999998,nnnnnb
2026-07-25 05:45:57,day,crypto,5,0x91d757346e322976a9544dd07b9b7e3f58550dfc,5160.144045761467,19923.918421000002,cobaltharborfmz
2026-07-25 05:45:57,day,crypto,6,0xc4cf90ff5911b8f0df80fbea622b8f41a447a60e,4343.877138126685,14873.631108,bbvbbvbv
2026-07-25 05:45:57,day,crypto,7,0x270a9278196172d49fa1e112590885d9f0481420,3642.7966439887086,8320.465247,ROARINGKITTY-188
2026-07-25 05:45:57,day,crypto,8,0x308c45a830417283383f788a478ab77dc9a1344e,2760.874744181663,0.0,yk1998
2026-07-25 05:45:57,day,crypto,9,0xa7614974faca5be9a1b809c978d0a8fc532a866b,2281.249106000003,69148.74,0xA7614974FAca5Be9A1b809c978d0A8FC532a866B-1777736641378
2026-07-25 05:45:57,day,crypto,10,0x95f51617e900f7d4df2894d77a73c1b2b269779f,2033.7005618536768,43064.309168,0x95F51617E900F7d4df2894D77A73c1b2B269779F-1767804195553
2026-07-25 05:45:57,day,crypto,11,0x0cb038487586d1119b165466072e9baf666f3a90,1922.5037152477162,151152.86392200002,
2026-07-25 05:45:57,day,crypto,12,0x67c523b7688ed01233899b4981d41543d5b12642,1634.7965792755058,41319.139617,0x2c335066fe58fe9237c3d3dc7b275c2a034a
2026-07-25 05:45:57,day,crypto,13,0x1926dda1f7ec54fae46444fe812a1f55bd76d0ae,1602.6149920978335,6126.73386,0x1926DdA1F7eC54fAe46444fE812a1F55bd76d0Ae-1783859550873
2026-07-25 05:45:57,day,crypto,14,0x0c7c5204404e9d5402d258fedac59c7212bae4cb,1581.3989058036532,35923.413413,OhioRiskManagement
2026-07-25 05:45:57,day,crypto,15,0xe9076a87c5ed90ef16e6fe6529c943baeca0cff6,1494.3612346821465,51340.05855299999,suntori
2026-07-25 05:45:57,day,crypto,16,0xa00807fa922de924f688f3cdd666900d4ff9eff2,1358.0334333532137,4967.796637,0xa00807fA922De924f688F3CDD666900D4ff9EfF2-1783859832382
2026-07-25 05:45:57,day,crypto,17,0x9629804e001a60ebe8a289a334ccf2e5553aee15,1319.2484808084919,10505.318621999999,LeChatonFat
2026-07-25 05:45:57,day,crypto,18,0x1c1e3c092b03799ceea5ffea14da77c4f30a8750,1310.5243727728875,12409.51602,0x1c1E3C092b03799cEEA5fFeA14DA77c4f30a8750-1784208628057
2026-07-25 05:45:57,day,crypto,19,0x0ec857f5a1cb0844bfec59a9735e66aa1e3b1d07,1282.0975230372292,7026.584568,0x0Ec857f5a1cB0844BfEc59A9735E66AA1e3B1D07-1777208935937
2026-07-25 05:45:57,day,crypto,20,0x6ec53970165924e9bf0d5600209664a607d60588,1217.1705189599988,53657.56342,lifeimac
2026-07-25 05:45:57,day,crypto,21,0x654d9b39821bfe254e77aa2ccb0b04c0f1caba8f,1178.0344133871695,1822.5998630000004,LuiaLeQuartier987
2026-07-25 05:45:57,day,crypto,22,0xa0e72d5575095199ae08ce0dce447f21b7249461,1149.9791252423238,37947.69485500001,uninformedfloww
2026-07-25 05:45:57,day,crypto,23,0x75a5662eee300db49787402d78aa94a76bb20b32,1101.4383685000175,65096.0583,0x75a5662eee300DB49787402D78aA94a76BB20b3
2026-07-25 05:45:57,day,crypto,24,0xb6fa7f9c1fc6f0e6597f1175f5a9848597fd271b,1066.8643287615105,7426.814759999998,Pkpol
2026-07-25 05:45:57,day,crypto,25,0xcb92e59eef071c7dfac33fbc64c60952d277e62f,983.3896372151939,5066.998738000001,lelimarket
2026-07-25 05:45:57,day,crypto,26,0xbe285f036120817114f342b4a57a140e74f578ec,948.8493339599809,14045.059999999998,luna113
2026-07-25 05:45:57,day,crypto,27,0x251c1a283703beed41590b0875a8dcb8ddd1541f,948.3798069992918,39119.86,0xAAAAA
2026-07-25 05:45:57,day,crypto,28,0xba8c5fbcc5f58b0e4ae0c1413e0413f8c803e77d,903.3526263314343,32872.791972,Rock.San
2026-07-25 05:45:57,day,crypto,29,0x3048d65321be3497164cdfc2996f94f98a2e7537,888.4397138635686,36652.573962999995,twitter-CryptoWithGab
2026-07-25 05:45:57,day,crypto,30,0xd541994b350cdc836fb383e5d39a50bc1fede026,879.3788491212727,5432.281360999999,Jkim123
2026-07-25 05:45:57,day,crypto,31,0x2d8553bfc7dfdea6a87aec0d2c0c7d53ca18c543,871.4258950599979,0.0,ToldYouSo10
2026-07-25 05:45:57,day,crypto,32,0xba083b5a3fa26a03f403a77782825a7f0857528f,858.7497676571393,2659.8916640000007,
2026-07-25 05:45:57,day,crypto,33,0x7cd156802a8c9f4c9c8a1fa6270529c8b43e8d05,850.4700270000321,1808.018099,0x7cd156802A8c9f4c9C8a1FA6270529C8b43E8d05-1766113882443
2026-07-25 05:45:57,day,crypto,34,0x085a9317f1a849f99e58e56a33d1efd10e5798b1,829.5663931727577,21258.271928000002,0x085a9317f1a849F99e58E56a33D1eFD10e5798b1-1784762921693
2026-07-25 05:45:57,day,crypto,35,0x0e5dc1d7845f57b1ca6e81c98333762a7ceded5d,819.5771120098611,12687.928779999998,0x0e5dC1D7845F57B1CA6E81C98333762a7CeDed5D-1782634658546
2026-07-25 05:45:57,day,crypto,36,0x912a58103662ebe2e30328a305bc33131eca0f92,814.712481712224,3832.769754,ratue
2026-07-25 05:45:57,day,crypto,37,0xbadb9af986ee66437bd39e6cd3d3036cbbdc31a7,800.935593000002,2499.8532999999998,0xBadB9af986EE66437BD39E6cd3D3036CbbDc31a
2026-07-25 05:45:57,day,crypto,38,0x57dec8fbcee28136910a5cebb54dac89902b20cb,798.7618700639869,2986.473742,0x57dec8fbCEE28136910A5cebB54DAC89902B20cb-1772711254480
2026-07-25 05:45:57,day,crypto,39,0x0997f4b1f822423c65907c57963fe7191e1ec9f6,789.4112999999634,6696.33,0x0997f4B1f822423c65907C57963Fe7191e1ec9f6-1774334426166
2026-07-25 05:45:57,day,crypto,40,0xd5fd8ca6e3fab906208434b331aad4dc6622abff,777.0748038743219,1676.57968,CaroKyle
2026-07-25 05:45:57,day,crypto,41,0x2903c7dc01c98c8e332d11e9b0f08740bdd55906,767.9128986480873,20540.252437000003,pnyz
2026-07-25 05:45:57,day,crypto,42,0xba0d049aa32383efdcb1b5e6535dcd984c369a6e,749.0748839849985,0.0,fleeth
2026-07-25 05:45:57,day,crypto,43,0x7df1854c8bd10b573f1281c2e978b8104075491d,744.2909748334546,16514.404289000002,0x7df1854c8bd10b573f1281c2e978b8104616321
2026-07-25 05:45:57,day,crypto,44,0x027e587a1086809d1a00f22216bef6a808f1c97f,742.7623318814976,0.0,AndreasSchm
2026-07-25 05:45:57,day,crypto,45,0x74957ea27ac4fbdee46d861fdae357859ff67fcf,733.7702625167221,480.99399999999997,LornaPredicts
2026-07-25 05:45:57,day,crypto,46,0xe17a941eb6e4f18c75cf40546aeec4706192a347,705.7925784599984,3409.7311009999994,moonphases
2026-07-25 05:45:57,day,crypto,47,0x85bcb9b1d22a26e6e679f9c8a281cfa57abfa12a,697.1113490348453,2953.9563890000004,sunshifu
2026-07-25 05:45:57,day,crypto,48,0x285e6a6d7f4f8b5f64fb23ac351a0b41844af38c,689.604420394,0.0,
2026-07-25 05:45:57,day,crypto,49,0x9eb48be5d329b282b8a18473db7ca6eaeeec65a1,662.311880000103,2493.386875,SirMartingale
2026-07-25 05:45:57,day,crypto,50,0x751a2b86cab503496efd325c8344e10159349ea1,660.8451384998625,5608.31,Sharky6999
2026-07-25 05:45:57,day,crypto,51,0x8408d503038e6c5989fdca36f7a6a70cf2362af4,642.3200851619581,2481.193238,princezote
2026-07-25 05:45:57,day,crypto,52,0x1647c127b2bb0437896f0ab3eab107f8045af879,637.15367727175,4674.955932,vedaresearch.xrp
2026-07-25 05:45:57,day,crypto,53,0xfb1c3c1ab4fb2d0cbcbb9538c8d4d357dd95963e,630.5891683968948,26574.662318000002,
2026-07-25 05:45:57,day,crypto,54,0x4228048ea2f8f571ff2777cc32baee584c5134cb,623.9349469874724,8074.444781,trinity42
2026-07-25 05:45:57,day,crypto,55,0x74ad558b0c4726a9ac224a941cc81f1a857efe77,598.9046804024581,3387.309472,Kelvin0505
2026-07-25 05:45:57,day,crypto,56,0x55aeeb3eb4e8cc0da6d9e4939caf533bf6c3f5df,598.4573969999992,35247.4403,animal00
2026-07-25 05:45:57,day,crypto,57,0xb0f85baa97990910a3e8ac2b4a58a322f01ecef5,584.833612089802,28899.872801999998,pspspsps5
2026-07-25 05:45:57,day,crypto,58,0x0cd4f2c78f5669890a02b0be68ad7008bd144304,584.712997495169,14212.312602,
2026-07-25 05:45:57,day,crypto,59,0x3375550a4d4c4b68d5b2de7fe9d02a352455a69c,581.4192766676422,7650.077627,bitcoinlight
2026-07-25 05:45:57,day,crypto,60,0xafca2ad36fb2a5ca9531d09cea33fc05f7daa775,580.4901593266186,1962.1693659999999,iukll
2026-07-25 05:45:57,day,crypto,61,0x335ac48637a3bc37c2eac9e0c9799c32b3cda494,579.6358934600657,41447.965463999986,QuantumPebble673
2026-07-25 05:45:57,day,crypto,62,0x0340fcffce4d0d00670212d44f364535e6e56907,575.8018568414982,0.0,0x0340FcFfce4d0d00670212d44F364535E6E56907-1764744261318
2026-07-25 05:45:57,day,crypto,63,0xadb58f94821f006fd207410f2fdfe33f27b6e421,572.4138457500002,159.57,
2026-07-25 05:45:57,day,crypto,64,0xe1b19397bdb939f1ecb21408b141e7c51f81b9bc,564.4208366097087,1380.1692220000002,nzapple77777
2026-07-25 05:45:57,day,crypto,65,0xe055d214540ba6fde3c5c18adb7fed9c02630628,554.7115596255753,25581.004985,AgropescaJacare
2026-07-25 05:45:57,day,crypto,66,0x27c5c1eee404a07f39fe70078aff815e5a656d61,547.8395662399998,1779.409123,0x27c5C1EEE404a07F39FE70078AFf815E5a656D61-1763107503028
2026-07-25 05:45:57,day,crypto,67,0xe9c6312464b52aa3eff13d822b003282075995c9,547.2720934225945,1803.94,kingofcoinflips
2026-07-25 05:45:57,day,crypto,68,0xc61a43c378630bade4d1a8474433494d04104a7c,537.9134292299996,0.0,btcuppp
2026-07-25 05:45:57,day,crypto,69,0x8cd1f703b135422861ba4d3a1d72aafcd5d98e7d,531.7746863730958,5387.697752,bigtueusud93818283
2026-07-25 05:45:57,day,crypto,70,0x656b7f0da83a4b9a04d23520e5803378afb7eecc,527.8683159999964,1899.8008329999998,wanysys
2026-07-25 05:45:57,day,crypto,71,0x9cbb1a5c3352691f07e2e26209193ce5a2c433d0,523.7276681386195,3819.6127100000003,0x9CBB1a5C3352691F07E2e26209193Ce5a2C433d0-1777993226700
2026-07-25 05:45:57,day,crypto,72,0xf4e665acf05449816ab244e650402994d68df20b,519.0602267343984,9305.403471,gjtip
2026-07-25 05:45:57,day,crypto,73,0x23d01f0a0fc16ae248a905345edd675cffbc8108,517.8601411499985,0.0,X10DED
2026-07-25 05:45:57,day,crypto,74,0xb6154c614cab58a8d4aa76861bc9b06ba7fd6f09,508.1660980000015,1440.559622,Lmekt1
2026-07-25 05:45:57,day,crypto,75,0x077cffacf05f82a88f631ef3c389ae602c2e4453,507.52343800000006,6918.960206,JJWUDIi
2026-07-25 05:45:57,day,crypto,76,0x931cd2259731f65ff31faa5233f446b9f50ca002,505.16676226622076,1114.43264,0x931cd2259731f65ff31fAa5233f446B9f50Ca002-1777400384859
2026-07-25 05:45:57,day,crypto,77,0x3d205a64a2ab73dcb2115825e2509a35ecaa9617,502.54177465130056,5047.146753999999,boylerk
2026-07-25 05:45:57,day,crypto,78,0x167a59f38ffe5eb3b116c793fae3ae295070d542,497.3474980000031,29498.4759,tnotmotnotgwcrf
2026-07-25 05:45:57,day,crypto,79,0x9cbf78b2ef6958e5d47eb8fcd9d78ae4e88aa8a8,497.3221733477185,46396.688461,bowbow25
2026-07-25 05:45:57,day,crypto,80,0x7aa1121e83a5c0c12071ac5e9428f94e9785ce53,491.95840599999997,8176.431307000001,0x7Aa1121E83a5c0c12071ac5e9428f94E9785Ce53-1784708487689
2026-07-25 05:45:57,day,crypto,81,0xe23b8c541afbe1a3f06734a569207e7243ae7c42,490.94600471999684,0.0,E7C43
2026-07-25 05:45:57,day,crypto,82,0xf6ab262d360c85f98782b84a04db35c6e18d3579,486.81962254094833,38098.737509,Jarvisen
2026-07-25 05:45:57,day,crypto,83,0xf1ed3972c33de5d0679ca6df912632a48e89ae7f,485.21980818397606,6021.194964,lllllllIIIIIIIlllllllIII
2026-07-25 05:45:57,day,crypto,84,0xc487a65e48552b964a46df520eed1029aec8b127,480.5018999399981,0.0,KyeZX
2026-07-25 05:45:57,day,crypto,85,0xb8ea51bd3b55e7105cd6ff351eeaf70d68f36240,474.5,3500.0,BetterThanKarim
2026-07-25 05:45:57,day,crypto,86,0xf27d40745542dc871e127acff3a1c9d3910d9a88,474.2519119036897,8368.375102,0xF27d40745542Dc871e127acFf3A1c9D3910d9a88-1775505016568
2026-07-25 05:45:57,day,crypto,87,0x128e9dcee42b2d9e4dfa44c94a4346f24871abfa,471.8228057899979,310.81,Armando67
2026-07-25 05:45:57,day,crypto,88,0x5d5f7080cf696bf763b3d7d2721201cf2eba1897,470.75144621504296,6518.442669999999,lllllllllllllIIIIIIllll
2026-07-25 05:45:57,day,crypto,89,0x25d9b50e33e1d0cc427a45b68e76c0f928292162,468.0184346442056,5946.166086,IIIIIIIIIlllllllllll
2026-07-25 05:45:57,day,crypto,90,0x9a1f8ce407172a0a3c8d57c92e182d22ace2c925,467.7841549820005,0.0,ETHhedge
2026-07-25 05:45:57,day,crypto,91,0xab40bd6ef2ecb420c10d222f0cd6b1dd54d7b57d,463.2297331199052,1851.8126379999999,mrsdrfinance
2026-07-25 05:45:57,day,crypto,92,0xca96ea22511d51da90010114d0170fe247ff7125,461.2403475391702,4440.148405999999,wangyut123
2026-07-25 05:45:57,day,crypto,93,0xcc59a9d39993130293d0c65aff95ec4072fb1b00,458.02395956695,4714.032096999999,
2026-07-25 05:45:57,day,crypto,94,0xd4fe9261873d9b78aaadf79f7f41d8724d83dbf8,457.08319165501916,5887.441824999999,bci/b/a1a5
2026-07-25 05:45:57,day,crypto,95,0x4a3ffab9e19c474b444f129b07ee21da3de0a885,455.49705628131755,4594.396113,0x4a3FFAB9e19C474b444F129B07EE21dA3dE0A885-1779577776929
2026-07-25 05:45:57,day,crypto,96,0xa5ab52a64cb1dd0b379a9d45c71e0f86b0c85c04,452.7046700000087,1369.985954,whynothappy
2026-07-25 05:45:57,day,crypto,97,0xce25e214d5cfe4f459cf67f08df581885aae7fdc,444.05136581568513,57555.921553000015,0xcE25E214D5cfE4f459cf67F08DF581885AAE7Fdc-1777575398144
2026-07-25 05:45:57,day,crypto,98,0xe1ec3ad1f6123a31474be4caa25a210994950c74,443.7153,0.0,0xE1EC3aD1f6123A31474be4cAA25A210994950C74-1723198053357
2026-07-25 05:45:57,day,crypto,99,0xecf45e7576846cb73ee5fa187f816ffe840ce68c,440.57428120209806,5533.865151,llllllIIIIIIlllllIIIIIlll
2026-07-25 05:45:57,day,crypto,100,0x6693ff783cc07cd3584ea169f271ff4847198374,439.9372089999963,1148.659423,renjyhoierjoyher
2026-07-25 05:45:57,day,finance,1,0xc6e956068048c1cf98d8f0b3a495edc9da130741,8866.437679990224,532.789628,luck00004
2026-07-25 05:45:57,day,finance,2,0xeb490d0534bb68b4c2ce139b219a728cd2c3693e,5732.9127827119955,0.0,78979879879879
2026-07-25 05:45:57,day,finance,3,0x7f9e2d1df78614564a70becc7fa14aa9a6623a0e,5565.654270124476,0.0,nojnn
2026-07-25 05:45:57,day,finance,4,0xf0ca28d5b0141f0a8e7b251dea80fd881cb166ed,3971.6681916324596,0.0,Hauchn
2026-07-25 05:45:57,day,finance,5,0x86e99faea12fccd8925de5d9f052471baf7a4cdf,2746.0247019980015,0.0,junifund1
2026-07-25 05:45:57,day,finance,6,0x88c4919de76e526d55a32c1f8afb439dd1f1129a,2249.628351642001,0.0,QuietRiskisWrong
2026-07-25 05:45:57,day,finance,7,0x06ac70013cd0c7992ec830ad5df9f7f66d5b79ec,2047.0122918219977,0.0,eastpak
2026-07-25 05:45:57,day,finance,8,0x64d9c4c9994321dc660efe7ddbf457c49f7846e6,1260.7657798750079,0.0,Pokemon001
2026-07-25 05:45:57,day,finance,9,0x53c48faa2373f597b693567f79c3782c6ce7740b,1204.0381213939982,0.0,uma003
2026-07-25 05:45:57,day,finance,10,0x3a8aa345d5db7ec5138298c8c4f4540259be7699,1135.8100066039979,0.0,TheReturnOfDarthMaul
2026-07-25 05:45:57,day,finance,11,0xb72358735315fdbb9e43d7146b8133e203f60065,823.9404377790015,0.0,bysittingnottrading
2026-07-25 05:45:57,day,finance,12,0xd26935092ce94d6393540974ce734ad798c96b9a,723.2627674414989,0.0,
2026-07-25 05:45:57,day,finance,13,0xa0926fbc4a90e29e479b459ef92a147ebe5b11e3,650.5337040345039,0.0,G.laila
2026-07-25 05:45:57,day,finance,14,0x714a685b5454ea4d52979563bbafa77b8168ab2f,618.47043419478,1676.8,pada
2026-07-25 05:45:57,day,finance,15,0x9e88f359b9803e41420fbb13385c5ae1765c301c,531.9430899375802,3062.4137519999995,YoungAlphaGoat
2026-07-25 05:45:57,day,finance,16,0xbace5a5a9e309d69164dc81788d353fed8d43429,515.0227498139993,0.0,antoinelegwr
2026-07-25 05:45:57,day,finance,17,0x564f22744b7941ade18d5e0e4f347c30e3057026,502.5894941455008,715.8199999999999,molodoyy
2026-07-25 05:45:57,day,finance,18,0xf9f207b77137caa79c6c4516abdef3133db45cba,495.3113158117194,5408.301665,extractive-manatee
2026-07-25 05:45:57,day,finance,19,0x74957ea27ac4fbdee46d861fdae357859ff67fcf,475.9526194960108,4059.2342989999997,LornaPredicts
2026-07-25 05:45:57,day,finance,20,0x31436bde35c25c3714e0c3e7fbd14a22107581b1,398.5828372469914,0.0,yyyyyyy
2026-07-25 05:45:57,day,finance,21,0x2f7709800bdd3cf81b1c89c4f8b94b36caf59da4,376.50487475507543,3585.79487,Nz2027
2026-07-25 05:45:57,day,finance,22,0xdacf9f8d0341fa3770fae5c7ccd9dcfed23e3c74,368.16540634000194,2900.1800000000003,CosmicCedar
2026-07-25 05:45:57,day,finance,23,0xba95bc615e1977bc079a1d2e55e6265b2934d14b,350.6871059119999,0.0,0xBa95bC615e1977Bc079a1d2E55e6265B2934d14B-1776618316591
2026-07-25 05:45:57,day,finance,24,0xdf1c2e388bde2fbacabaf85c75a6b69cc35e2ebb,349.999654379998,0.0,BMM-1
2026-07-25 05:45:57,day,finance,25,0x77c812f7735ad07e3ce58fd466a0e1b4346bbc8c,338.16776299000014,0.0,dudukos
2026-07-25 05:45:57,day,finance,26,0x969fae0a3a93778adc42178f72c612ed8c4e4d55,325.84705587399367,0.0,superstonksbro
2026-07-25 05:45:57,day,finance,27,0x36dafd0ed99d902f8bdfe9e090ecdc48b053907b,317.1843649999996,0.0,0x36dAfd0ed99D902F8bDfe9e090ecDc48b053907B-1762688421136
2026-07-25 05:45:57,day,finance,28,0x4f23a0976493be385412ce9a6b93841ee2c090db,316.9592150749995,0.0,Hiworld.
2026-07-25 05:45:57,day,finance,29,0xb10047d6a254b2ebb306d7a7d13bf59171ab6461,303.5457940449778,0.0,Parz1vaI
2026-07-25 05:45:57,day,finance,30,0x91572b16dc769ef8b8f1f98d5270b05a36e3626b,284.97718888000054,0.0,0x91572B16dC769ef8b8F1F98D5270B05A36e3626b-1770128923810
2026-07-25 05:45:57,day,finance,31,0x226f4dd2c6cefe71212b5426eafc486ac2e496cd,280.0215999999999,0.0,vbgnghfjmhgk
2026-07-25 05:45:57,day,finance,32,0xc97b0b2a2547bb3ed57167092ef8a6e816c347e5,278.0471524989953,0.0,0xC97b0b2A2547bB3eD57167092EF8a6e816C347E5-1770003388001
2026-07-25 05:45:57,day,finance,33,0xa0a18aa3594b95281268c05e8e3ce894fb0631e3,265.00000000000045,0.0,SwingXBT
2026-07-25 05:45:57,day,finance,34,0x8888a4f8c8d3834482d77405530d7f5428a40b39,263.50059910046366,5531.176332,0x8888A4F8c8D3834482d77405530d7f5428A40b39-1769323876037
2026-07-25 05:45:57,day,finance,35,0x7e7828345a445ccc049cdd6e5df312ec844e3945,263.17017485299766,0.0,Jdhd38483
2026-07-25 05:45:57,day,finance,36,0xd23f8c8aab13cfb2a35da40b67f8471faf9894a1,258.96259116801957,920.6570399999999,Corlys
2026-07-25 05:45:57,day,finance,37,0xb619ed5b378053f8309c307d2f7adf9c13665068,250.20234616000016,0.0,tnl
2026-07-25 05:45:57,day,finance,38,0x0b34b69b3acfcf19e589179e0c5894f78261f5a6,238.29714930689056,543.99,IronE
2026-07-25 05:45:57,day,finance,39,0xa49b6ea0a604c581f2a9569db42c192b1c487054,229.24585728724378,263.45,387411007415611814092217897387
2026-07-25 05:45:57,day,finance,40,0x5f45b60c29d6e4d55c0bfd8ddd39ad45c5e0a77a,225.0176690774897,0.0,0x5F45b60C29d6e4D55c0bFd8dDD39ad45C5e0a77A-1761473032186
2026-07-25 05:45:57,day,finance,41,0xf4677fde7b20f3ac4f573355678de3a0f610935f,223.41835280750456,0.0,wntsang41
2026-07-25 05:45:57,day,finance,42,0x2974bd0059e48f215c391882976e0f1b4c8c9c23,221.63524357250571,0.0,65765757
2026-07-25 05:45:57,day,finance,43,0xa18c5cf2bc6eec389d2d512582ae14654b99d792,220.8391256900004,0.0,gmtrader
2026-07-25 05:45:57,day,finance,44,0x1018fa33923d8b0f4b0f8a0822ee045d46027264,220.60661424749924,0.0,EgoVolae
2026-07-25 05:45:57,day,finance,45,0x4060ad6178fbf267f9f388527aa2215e41e1e63c,213.22509716384423,319.429212,invictus..
2026-07-25 05:45:57,day,finance,46,0x843e32a367156a1e1e0193a36a04e41ae1b4d2f3,212.11354148999817,0.0,Bursted
2026-07-25 05:45:57,day,finance,47,0xd06f0f7719df1b3b75b607923536b3250825d4a6,203.60007816299185,0.0,commeowder
2026-07-25 05:45:57,day,finance,48,0x10e075ba447d155594fa72d39ed77535dd59781a,189.9433169199999,0.0,ChilGai
2026-07-25 05:45:57,day,finance,49,0xd48fbb1cae18cf7d956277271ce4c712513e2132,187.4753366115001,0.0,Rocky0420
2026-07-25 05:45:57,day,finance,50,0x229c0a7d92977a9934e5ac2348d507988996b966,185.89879022316018,1118.062785,qqqppp-l1
2026-07-25 05:45:57,day,finance,51,0x403f2471f8aaa1e8a224f1338b073bfa3fdb94f1,172.9368352834881,1362.480993,PollProponent
2026-07-25 05:45:57,day,finance,52,0x816b8451382b8e9cb66972fa4dd4777091739ec7,165.336105331584,397.51198,solomillo
2026-07-25 05:45:57,day,finance,53,0x5e84743ad0515699b7adf2588de4c3032d538e88,164.64010293200408,0.0,Cbb.
2026-07-25 05:45:57,day,finance,54,0xa61ef8773ec2e821962306ca87d4b57e39ff0abd,164.49996060949888,0.0,risk-manager
2026-07-25 05:45:57,day,finance,55,0xe65d6bdc2f6cd93886aebf93e5d8407cc85bc90b,164.0310233250002,0.0,DannyMaster
2026-07-25 05:45:57,day,finance,56,0xfbfd14dd4bb607373119de95f1d4b21c3b6c0029,158.207879355587,5.263156,XAE12Archangel
2026-07-25 05:45:57,day,finance,57,0x2f63dbd36cfff1952a88d9f704bd58bcb78cf247,158.20215159099826,1010.11,esports097
2026-07-25 05:45:57,day,finance,58,0xb2cd99ff5ad8f27c781e54e854ab1b2ab1afc187,154.66971515499972,0.0,vicks
2026-07-25 05:45:57,day,finance,59,0xf8871f87fbb32d5ce21e3f8902f70f4f0f266b54,152.15222751199985,0.0,newbie77
2026-07-25 05:45:57,day,finance,60,0x6560abb717a8e5f3afaacd1a31e9c03eed71e164,144.57192046288037,10926.986850000001,1walrus
2026-07-25 05:45:57,day,finance,61,0x4a5723b96a1eae7e980056f8aa13de6f1f677b0a,143.30011499300053,0.0,neverknows
2026-07-25 05:45:57,day,finance,62,0xd416d3309f75426c82a5158cdcb209780af2d9e2,142.6752983271001,150.0,Annihilation
2026-07-25 05:45:57,day,finance,63,0xca12d28728c46d3484395243f5f842f2c321ea03,142.15515499999947,0.0,chaosj88
2026-07-25 05:45:57,day,finance,64,0x25257a6a89dba93dd0c536b6279365632a4eb919,135.75694123464655,130.0,Trading4Fridge
2026-07-25 05:45:57,day,finance,65,0x8d234186d9c9228cecb430a3436da1ff95af28d4,134.89109495999992,0.0,kilroywuzhere
2026-07-25 05:45:57,day,finance,66,0xed7802a482184e0346d72192d79f7769722b4ab0,133.72595557654222,0.0,
2026-07-25 05:45:57,day,finance,67,0x33e8296736b315ca3ac5fbfa7d67528606ccdc93,132.62026099999997,2684.2599999999998,formas999
2026-07-25 05:45:57,day,finance,68,0xe95e726d0ca927874f3998d815bfec51d19261f2,126.61985486000049,0.0,mewmew1
2026-07-25 05:45:57,day,finance,69,0x1d5f88f1b97317cccad804374e5bd847512e634d,126.50128291500005,0.0,firegold
2026-07-25 05:45:57,day,finance,70,0x43cb4ae1f4ddc9e671486c79c9f40a6fd98b84df,123.06869234096894,3764.45113,0x43cb4Ae1f4dDC9E671486C79c9F40A6fd98B84Df-1761656284271
2026-07-25 05:45:57,day,finance,71,0x44c1dfe43260c94ed4f1d00de2e1f80fb113ebc1,122.86906784994062,0.0,aenews2
2026-07-25 05:45:57,day,finance,72,0xceee5b3a06b6364db648464741d5ad042d2dd39e,122.76607344000013,0.0,swa3
2026-07-25 05:45:57,day,finance,73,0x4e25605fd905e9972efc0f4d8814530c655cd7a7,119.82496389505104,0.0,
2026-07-25 05:45:57,day,finance,74,0xbdd11cc911ec8ed95887e56dc253d70cb36b0c4f,115.83312999838608,90.14,BTCisaHarshMistress
2026-07-25 05:45:57,day,finance,75,0xbfb3b7bd96f923fc22ecc8fb416d4dc5d3b24b43,112.25969360175259,623.21,borchi
2026-07-25 05:45:57,day,finance,76,0x77da588a1a816953a95c5c2bb9e8c57c53f02fd2,110.0602489490002,0.0,0x77dA588A1a816953a95C5C2bb9e8C57C53f02fd2-1778350791840
2026-07-25 05:45:57,day,finance,77,0x4388640a35b4ecebc33f8c73b58a2b988c615050,109.24862315499558,5.0,Started-with-20-USD
2026-07-25 05:45:57,day,finance,78,0xb0fcea24160139269e0af107811e33d99d6ece0b,109.2189978313827,141.04,DancewithRisk
2026-07-25 05:45:57,day,finance,79,0x15433540ca3794108e602bfd353189519af8baaf,109.09369732399944,0.0,DualDelta
2026-07-25 05:45:57,day,finance,80,0x982a77e75498fa134607f598c861b8de9d0c6851,108.55355347220029,0.0,grasstoucher69
2026-07-25 05:45:57,day,finance,81,0x54fde20fa60e932fc480071e05695b42caa94ac3,105.21060840000428,1464.6100000000001,vimtodcs
2026-07-25 05:45:57,day,finance,82,0xc6dd722558dbfbd8fa780efcbe819ed8c6604b9f,104.50365327287,902.116356,tourists
2026-07-25 05:45:57,day,finance,83,0x832bbb891caf3a24c7d1915d9f6369c4949b5c91,103.70388633250059,0.0,yoyobb2018
2026-07-25 05:45:57,day,finance,84,0xd8d5289c35124b5353f5a10a28b8cc29aec38935,102.56747033999727,0.0,D8D5289c35124b5353f5A10A28B8cC29aEC38935
2026-07-25 05:45:57,day,finance,85,0xd1eed20edd22a289839379e89e3470ea1742a8ae,102.35736918100156,0.0,chefradish
2026-07-25 05:45:57,day,finance,86,0xe38144dd45632a9f59fe210038f8c0e99de13ba9,102.07646483750113,60.0,gyhs9bkybhy
2026-07-25 05:45:57,day,finance,87,0x755d8a435281273f4bbc7b634821d1666fe62721,101.89418164999961,0.0,Crypton993513
2026-07-25 05:45:57,day,finance,88,0x5154aa7f777491e56cd639a08034175e6cd2a301,101.35307319750018,402.0,Kacatta
2026-07-25 05:45:57,day,finance,89,0xbfdd2fb3f69cd098b395eb7390fe973a2158e70e,101.09515176599962,0.0,khonikdev
2026-07-25 05:45:57,day,finance,90,0xf32a44b612a60f2b0c0f23c419876ec1c89c06fd,100.17656547468778,2286.2890890000003,Dit26978
2026-07-25 05:45:57,day,finance,91,0xdc8d49e3317dab913726f10c75a6dff742c784bc,99.25713582000003,0.0,TheAugur
2026-07-25 05:45:57,day,finance,92,0x4025a99c01cbf42511f850865d76d0eba75088b6,97.48194949000208,0.0,hermesss123
2026-07-25 05:45:57,day,finance,93,0xb7a82656a4a524ee89f4c861ba5c2e2833e9d641,97.21361829199986,0.0,Zirlo
2026-07-25 05:45:57,day,finance,94,0x0dd60a6ddeea6f93659789cac7af6a9d12835f62,95.58529089500007,0.0,SplendidAmadeus
2026-07-25 05:45:57,day,finance,95,0x74b4f9447b14b12308963fc048ae363eb0756bea,95.46692391498618,0.0,0x74B4F9447B14b12308963FC048Ae363EB0756bEA-1769170826159
2026-07-25 05:45:57,day,finance,96,0x656672cac3978e34f1ee048006dcec31bcfcea1e,95.22665706499993,0.0,yhtytrhrth
2026-07-25 05:45:57,day,finance,97,0xa74581ebc457ca0ac679e6cb8851edc40c928ca6,94.66426972000136,1027.22,Lolololol
2026-07-25 05:45:57,day,finance,98,0xdc41122f45e87890e790ae4f3aad2916776b362b,94.11783776250013,0.0,79879889
2026-07-25 05:45:57,day,finance,99,0x35a093addfdebaa5578696b46b8faa6881952bab,93.73092635999984,0.0,Redeemm
2026-07-25 05:45:57,day,finance,100,0xbdcb293dd41148a20895d0e818c0d96c0756e811,93.70285155000056,0.0,ourdemocracy2
2026-07-25 05:45:57,day,culture,1,0xb028b82a80c2d1e855ab4f3cd3a18ecf76838686,2615.582087135641,1980.450079,Ox79879657hjgdsghgdj98090klfdkld
2026-07-25 05:45:57,day,culture,2,0x44c1dfe43260c94ed4f1d00de2e1f80fb113ebc1,1561.5825469683623,16152.031553000003,aenews2
2026-07-25 05:45:57,day,culture,3,0xc4d5a24a240ec9f52669e3251e0473fd0c5687cf,1176.0137242381752,42103.373024,bipbipbop
2026-07-25 05:45:57,day,culture,4,0x9aeb534c42b58b21673d5e03e9da14fbd15b2729,1092.0689399838084,2898.4555539999997,The-Joker
2026-07-25 05:45:57,day,culture,5,0x590ed3d1a14ba08cad23f5c513bad6301772e43d,1053.7301951637874,1144.568665,smalltimezzz
2026-07-25 05:45:57,day,culture,6,0x849ccb5907938ce8be18ed5dbf583288e2da4009,874.0130888542553,26386.389694999998,Ondra
2026-07-25 05:45:57,day,culture,7,0xbc605ab11e44f0b09762313f2cdfb6b25514af79,861.0455331919995,0.0,spacegliderr
2026-07-25 05:45:57,day,culture,8,0xb0c85813a7a4428f1139ff91d3118a92c391fe7f,857.8652202564917,8988.263309,DoctorWhoooo
2026-07-25 05:45:57,day,culture,9,0xdd9311d19221e811fda903a5a7e2475613b9a22b,811.542554397236,4975.713018,bisonhead
2026-07-25 05:45:57,day,culture,10,0x40672269263fe09685e07fd99042fd58956f6ffa,787.4435117059948,0.0,66666666666666666666
2026-07-25 05:45:57,day,culture,11,0xaa501f4663c454e94fba8907c42dafcc785a3ed5,775.6029644870141,2875.958527,ghghgghghghghhghghh888
2026-07-25 05:45:57,day,culture,12,0xa49b6ea0a604c581f2a9569db42c192b1c487054,769.2527184862702,16127.857094,387411007415611814092217897387
2026-07-25 05:45:57,day,culture,13,0xe1f039b631879e1fbe3742120a58f3c131f625d2,730.2942872280018,0.0,oiisparahaa
2026-07-25 05:45:57,day,culture,14,0x9034d7be0aff3819327a8927905e8f174e8c4375,694.6249351698862,4170.900000000001,Papuasus
2026-07-25 05:45:57,day,culture,15,0x7413e8475c561dc9c0138255f7a1db0e1b114b09,560.7513451980012,2999.9764,broitsravi
2026-07-25 05:45:57,day,culture,16,0x2ea825a7eaafa49b59b61af8f376923dc1e4ffcf,557.5616921194905,49312.734,0xaea825a7eaafa49b59b61af8f376923dc1e4ff
2026-07-25 05:45:57,day,culture,17,0xc5ab6c9bef3317c6ea17c2dd57604ad8c79a2bcf,522.1448947000006,2837.76,zzhzz
2026-07-25 05:45:57,day,culture,18,0xecaa8806a9a05049d7d5260a33dc924220e377a9,515.1693661956815,10965.396466,Melody626
2026-07-25 05:45:57,day,culture,19,0x4f8d8b5212ee84e07c5ae5b5e1122426e7f399c7,475.37752433499645,0.0,Hiohigs
2026-07-25 05:45:57,day,culture,20,0xac4a1fabdac2438d6afa2a9e8e83845310a0bf1e,448.61204520407773,9524.146008,HerrieDavis
2026-07-25 05:45:57,day,culture,21,0x32561fa3e9c134ff1766ef5db558d4719be5830c,438.5595606137158,4898.376676,Fablurou
2026-07-25 05:45:57,day,culture,22,0x0df46cd4065c0706bba1cbf771b6e69e2caec7cb,437.29840792998607,2064.5648180000003,0xbFfcF3C634B368F277adC26dF75E4560d72156AD-1777985220216
2026-07-25 05:45:57,day,culture,23,0x7db5452784044466615b3542703fd95c9696cf18,413.6503354403703,3235.66,wakuwaku3
2026-07-25 05:45:57,day,culture,24,0x50a8a3e47f7048747aed551fcc38d9f0cbb298ed,384.55939329099783,8523.030000000002,elonplstweets
2026-07-25 05:45:57,day,culture,25,0xd3760017d649f54ddefc7311efa598be53b2231d,379.8141486804793,751.3557599999999,0xd3760017D649f54DdeFC7311eFa598Be53B2231d-1784531370159
2026-07-25 05:45:57,day,culture,26,0x6be949e0f7f46dbb2ba04da0efadc23dfd2c3493,377.9558956189985,3338.282426,Brotherinchrist
2026-07-25 05:45:57,day,culture,27,0xbe78735039230635d5debcdc11400619d7e2c533,348.85913364001317,0.0,splatloud
2026-07-25 05:45:57,day,culture,28,0x683746bf62f31853308f2b0ff06cee75e40e15e1,335.8773000000001,0.0,golfpro2025
2026-07-25 05:45:57,day,culture,29,0xb831a1d17dc7cc13815e665fb94f34473e33892b,333.1333302442272,23157.680000000004,ElonJail
2026-07-25 05:45:57,day,culture,30,0x1e1aed3928a9617e7c7ae674c4fa7aebbd9d7690,328.36728699711966,35169.038142,Bitgod
2026-07-25 05:45:57,day,culture,31,0xe7c035ee5136d6c213160a6f760392e2eb1ed656,314.27499040810835,8948.445231000002,0xe7C035eE5136D6c213160a6F760392e2Eb1eD656-1767789082519
2026-07-25 05:45:57,day,culture,32,0xdd1f6d56df74dc027a0577cd10cf95ebc06acc26,299.63627353867196,1839.05,Jasonshuaixl
2026-07-25 05:45:57,day,culture,33,0xf797d4d1c038d1eb0593edae0e66bf8e4b2e0bf2,238.6264967600091,0.0,DerDon
2026-07-25 05:45:57,day,culture,34,0x984f667bec77fead7181e9c902a5591aa358ba69,233.3602745210003,50.0,0x984F667BeC77FeaD7181e9c902A5591aa358ba69-1781038144198
2026-07-25 05:45:57,day,culture,35,0xea4262df401e12cb0efa039f061a1f4b1a486b0d,231.05556377326138,45826.703332,world-changer
2026-07-25 05:45:57,day,culture,36,0xc4b2930b0feb1c0fab13c0b75c9fef34fea09a9b,229.96779663500092,41.013214,datajesse
2026-07-25 05:45:57,day,culture,37,0x4a6747bf6358ab7a67e6d4c103ec695869ec65c8,226.99636614649995,245.75851699999998,oboltusovao
2026-07-25 05:45:57,day,culture,38,0x66cb857b5b20bdbebddd27a88289db3298e43dd2,222.53135766160995,367.0,kyIiandictador
2026-07-25 05:45:57,day,culture,39,0xc5f57896d6790156b517d0b1af95db789bc7e714,217.22601394999992,10281.54,abinfafafa
2026-07-25 05:45:57,day,culture,40,0x73749db0d73fdf2bc74e56edcf30dd98180a38ff,213.85429692706003,2845.8431920000003,ex-webanker
2026-07-25 05:45:57,day,culture,41,0xfa4a6db2598e2b968e315c2769a83c020aadfc9b,209.64382528887927,4587.874741,Muzamilhussain
2026-07-25 05:45:57,day,culture,42,0x913f5f691ce0a947cf60cd573cbdc7c66d8ec676,200.9143374814812,6807.99,0x913f5F691Ce0a947CF60cD573CBdC7C66d8eC676-1774844074915
2026-07-25 05:45:57,day,culture,43,0x9ffaa9cd1fb96e1fd635cae0a13e2022827fc8fc,200.6817285664265,2005.291302,redstar1987
2026-07-25 05:45:57,day,culture,44,0xdbf99963ba3e62c65a6870d0887d6f776e03b9cc,198.37957511999866,5433.200000000001,ElonSleep
2026-07-25 05:45:57,day,culture,45,0x7fa6c6474e20e9f6ce388847be32611667e216f9,195.50469242967665,338.71146,PickleRick
2026-07-25 05:45:57,day,culture,46,0x63850ce907044eac77fba13d59f263ade68093f2,193.65980947049866,0.0,Waterfall
2026-07-25 05:45:57,day,culture,47,0xcfff4295288ee29f75a38a7028611b7c1e93673d,183.11775840099062,530.0,graynotebook19
2026-07-25 05:45:57,day,culture,48,0xb0ccfba29aaf3c20ce28cf97349c951ba589f09b,178.1218094062151,60.240958,EffyBig
2026-07-25 05:45:57,day,culture,49,0x750545482cf883fcd5e7f7ad8e14d3f61a322978,166.84036777900474,2645.11,Jackybrown
2026-07-25 05:45:57,day,culture,50,0x5a7730fd98289099e5e7518b930667bd8b6cf859,165.4159846170014,999.99946,filaretou
2026-07-25 05:45:57,day,culture,51,0x3de69fd6347a62a618656371e30a17b0c490e560,160.80555813705263,1565.829834,Trader120
2026-07-25 05:45:57,day,culture,52,0x87a9157fffce89ce17201716abade38cf68b4bdf,160.54908149482117,7967.27,sange111
2026-07-25 05:45:57,day,culture,53,0xbdb91de3189860a23fb5d02e17f71493c5a31418,159.0762611249993,0.0,0xBdb91dE3189860a23Fb5d02e17f71493c5A31418-1764343668024
2026-07-25 05:45:57,day,culture,54,0x74263916cc15049f270d56b838b8938a9a837b6d,155.11293000000023,0.0,Mr-East
2026-07-25 05:45:57,day,culture,55,0xe3479950ef6e8984df109ec5c9be40630f9fb438,152.2966150405009,500.41,Anon321321
2026-07-25 05:45:57,day,culture,56,0x0f7f9903f46c24ba66900ceb4a427873129c6450,146.12430108244007,0.0,Elonurmom
2026-07-25 05:45:57,day,culture,57,0xb8a90290332fa3ea9885f1e2ce479e6baf0c2948,144.83680762795484,1101.315408,0xc9a90290332fa3ea9885f1e2ce466e6baf0c293
2026-07-25 05:45:57,day,culture,58,0xd661fbbe2a0f76506b487348ce00006dfd350d4e,136.65534999999954,4806.2,hoomanlover
2026-07-25 05:45:57,day,culture,59,0x6018dbe1c0bd8a427271470e35744777c183170c,131.97599999999966,0.0,DimitriSlazov
2026-07-25 05:45:57,day,culture,60,0xe904443b4084bbda216e344353a44cd4324a2d9f,126.94088739549989,0.0,shovelingdigging
2026-07-25 05:45:57,day,culture,61,0xb12443e1d07ebab99c083eae7a83d39e8df36cda,125.48892087649998,324.680261,fghjvvn
2026-07-25 05:45:57,day,culture,62,0x34a9e26af9bcec22a27cbc96f55cdbb39ad74cfd,121.5570641319324,293.01087600000005,
2026-07-25 05:45:57,day,culture,63,0xaf4635074c8f9966ff44f2497183b53fc0578c1d,118.20964404477854,0.0,vamnizar
2026-07-25 05:45:57,day,culture,64,0x2127cf49b244b867356cb011d55a5668563237f2,116.72211449271163,587.664464,thanhtam86
2026-07-25 05:45:57,day,culture,65,0x12f8c6b2dd36da21ac94e0652986cc08a549bfa5,116.30902759600042,0.0,phanish
2026-07-25 05:45:57,day,culture,66,0x2d811b8d15236dabe92b2f3610a01cc9dbcafe57,113.71450477267581,239.990342,SamsClub-VIP
2026-07-25 05:45:57,day,culture,67,0xdc36e99e2ddb2291286fe0a7d5317044b11c8542,113.05949285107386,665.102305,Mommy007
2026-07-25 05:45:57,day,culture,68,0x6a1b1ad80fcf64d2d3c1fab082c558b120befbbd,112.35904270837545,7358.514175,Kalkay11
2026-07-25 05:45:57,day,culture,69,0x9589b321b589f8efd8f1f661133e44b1f857b816,112.10948199999984,0.0,BITOK
2026-07-25 05:45:57,day,culture,70,0x90bf2dbb1ab3b3c1bdd76d73848afcb19b5799eb,109.36190371811949,719.34611,0x90Bf2dbB1ab3b3C1bDd76D73848AFCb19b5799EB-1757018988089
2026-07-25 05:45:57,day,culture,71,0x122cb94c437ea5e6f088c6c0c143c592ab8efbed,108.20783742999998,955.3299999999999,0x122Cb94C437EA5e6f088c6c0C143c592ab8EFBed-1782168978900
2026-07-25 05:45:57,day,culture,72,0x97ff9e9affb3acf739161deef10492a96a36d095,105.40185104998818,1370.19,niceShare
2026-07-25 05:45:57,day,culture,73,0x2a793085e8e54271b140c6168ebee6241159e2af,102.42640278739054,1665.155554,lleBaniL
2026-07-25 05:45:57,day,culture,74,0xa002fe96b56a85fa3ff05cfdeab99c8c9e53e840,101.21357673500052,7435.778111,orifcontex
2026-07-25 05:45:57,day,culture,75,0x363c6da7b31acace5ea013b3c109af1921358a74,96.59765365499993,0.0,Vllvrd
2026-07-25 05:45:57,day,culture,76,0x5386c28311272ff4c6adf6d208dcbe3c3692f618,95.12898192449984,0.0,Furbo2
2026-07-25 05:45:57,day,culture,77,0x2b3d1e9bdf941d435dc91a8b974b86f7064c8db7,92.63546966953436,94.0,crckr
2026-07-25 05:45:57,day,culture,78,0xb41334fc1c6d9f3c4f544c0eadc91f322badadc3,91.80451094073601,2599.135236,Spamadur
2026-07-25 05:45:57,day,culture,79,0x9f208e85f326f865077fffa68b32d8b0e2bc12c3,91.29859049749575,1006.4,mildwindow27
2026-07-25 05:45:57,day,culture,80,0xbd7844c20bbf02a47fb376dd56177b85f7cae773,91.19303968300028,0.0,Allleex-564
2026-07-25 05:45:57,day,culture,81,0xf257e1b8cd2ab5c55ee05c20c560202544441950,90.63263925927868,13159.718579999999,
2026-07-25 05:45:57,day,culture,82,0x514bed69dd15b0aa7183f985bdce50681a026931,90.30387186500366,0.0,ProsperIntelligence
2026-07-25 05:45:57,day,culture,83,0x53819cad51e6479a90ffb21ca9121a021cb91ec5,89.70805942103004,1213.84661,0xPoni
2026-07-25 05:45:57,day,culture,84,0x5b6331e7ff0831a3fe2ed12004747db1a9c911a4,89.61295710144259,542.6036819999999,neutralwave23
2026-07-25 05:45:57,day,culture,85,0x13fa00e07adbc55fa9ac080374d83a6a5d4a052a,88.44943054350006,0.0,still
2026-07-25 05:45:57,day,culture,86,0xfb8edbc409120f8dbab8df8e723037e0fe773dc3,87.427360372309,408.849694,smye100
2026-07-25 05:45:57,day,culture,87,0xfd7fd789729f1796d90f0341f6b86f53601dc0ce,87.188720526,0.0,Espagan
2026-07-25 05:45:57,day,culture,88,0xd6a8f78e03f156228fb87fcb8bafea5b92fa58fd,86.40657624499954,221.0,rocky42005
2026-07-25 05:45:57,day,culture,89,0x4a2be7a7e6e3b41dc2de00706b4c09660ca9af20,86.3107000000009,8.06,troim
2026-07-25 05:45:57,day,culture,90,0xd7ea6b24e73d178edfb9af838ede14debe72ea62,83.84740329172496,196.47,jurk0
2026-07-25 05:45:57,day,culture,91,0x83a3704e875f997d2abd6c8e0bb620dbc622c878,83.504885253375,2025.8207969999999,Eelonmusk
2026-07-25 05:45:57,day,culture,92,0x684592063acf613e2d0d5887256a0c16cb48c125,81.69036086000051,7197.759999999999,yuyang
2026-07-25 05:45:57,day,culture,93,0x80302a5a0f7806838ea65b39d91071e63cb67b74,78.80499754799985,321.1,Seldon26
2026-07-25 05:45:57,day,culture,94,0x391f21729b0388113d7991d2bf5d0a18ddcbcf8d,77.58015,0.0,Wifdogfight
2026-07-25 05:45:57,day,culture,95,0x28ca4e9a04531f2eac0c2770f95db4e1c6a65d19,77.36674030512222,552.308636,DuneMentat
2026-07-25 05:45:57,day,culture,96,0x7f15f350261a0dfa8bff802df364e33773d552f1,77.26499999999999,0.0,0x7f15F350261a0dfA8bff802df364E33773d552f1-1768964329836
2026-07-25 05:45:57,day,culture,97,0x146ddbae0a17c93df342680d878afa804d8317c7,77.22702735218445,3609.9637,Romeo005
2026-07-25 05:45:57,day,culture,98,0xfb156cde86af7237cbcd0be3e2630e31364e9483,77.102260275,472.92,Mr.Anus
2026-07-25 05:45:57,day,culture,99,0x65abaac57a7095d7f88b073a26b5f8f2f4cb273d,75.19320485748085,0.0,Konium
2026-07-25 05:45:57,day,culture,100,0x9996c6ae4f6d38000a02dc4f324827131748bda1,71.82201941299854,0.0,
2026-07-25 05:45:57,day,mentions,1,0xbd0477e08d82d35a855ff19644a88a9213d8fbb0,10074.931588462961,5860.335772999999,yuhyuhyuhy352352
2026-07-25 05:45:57,day,mentions,2,0x0f214043fe6d32f8692a302270e2ce460a523d6e,3027.860554540124,5473.521175,KawaiKGIRL
2026-07-25 05:45:57,day,mentions,3,0x66c1a6fe836ff555ca32848646acedbbe93bfa3f,1310.7436613698956,12309.704776,Tian-Wen
2026-07-25 05:45:57,day,mentions,4,0x9ba43501360dcacaca09caa523401c7447d8f8c2,1092.8091902800516,5662.039999999999,BipBop
2026-07-25 05:45:57,day,mentions,5,0x0458f6e7d359ced1ed004ab0ef9dafc2d1f792e9,1052.0703841165,0.0,
2026-07-25 05:45:57,day,mentions,6,0x5d91954919c7c729cc0dc4c82c62d336132f3578,756.124728,1199.1236800000001,TralaleloTralalala
2026-07-25 05:45:57,day,mentions,7,0xf797d4d1c038d1eb0593edae0e66bf8e4b2e0bf2,708.3941041707876,624.02,DerDon
2026-07-25 05:45:57,day,mentions,8,0xf1f9a438f2697381b4ac8eb283d6f4dd772d1245,703.3520199999984,3090.1087820000002,tunatyler
2026-07-25 05:45:57,day,mentions,9,0xcb59c3db857bae4b9dd41385b152c5d607aee21d,678.4059799999995,3971.34,lakemichigan
2026-07-25 05:45:57,day,mentions,10,0xeface9902242b0399856f981600b907dcc9bc9a1,540.201206718044,3841.9014650000004,macrosteaks
2026-07-25 05:45:57,day,mentions,11,0x3e9b7b4b81ef445b9e1f198f49623d467fd9a0ec,485.366176459395,0.0,Heyo0292
2026-07-25 05:45:57,day,mentions,12,0x0cb10c40b0776e9ee8cef970af85724654dda76c,475.7495081685338,5009.979385,ninjaslashed
2026-07-25 05:45:57,day,mentions,13,0x3a237fba30a72dbb7722461d1b8a83ac64d70f72,455.4884180735703,1866.376702,MerhabaKardesim
2026-07-25 05:45:57,day,mentions,14,0x852a61deac7872fff2c6a80ee82c059d6a8d3188,392.26060060138116,4422.756804,BlondBeast
2026-07-25 05:45:57,day,mentions,15,0x01309d49fd508ba7b2379967bdc7197e5b47274c,357.5999999999999,1200.0,Fulgurator
2026-07-25 05:45:57,day,mentions,16,0x72f7b4aa5acaff9629917cf4ec34620a41c492f7,321.14951025147457,8759.937225,crypto-basenji
2026-07-25 05:45:57,day,mentions,17,0x37bd787f88e5b7b1bd6072c0cd73ff42afc1ed2a,274.88805949819704,662.0,ZhengYing333
2026-07-25 05:45:57,day,mentions,18,0xcb14f61711d913773f4b982af340fa7eae175358,272.0563667250017,0.0,ooops
2026-07-25 05:45:57,day,mentions,19,0x9ed2418171a065e91b813494dc5e2eb66ac4a0f3,238.03676347500001,0.0,avimos
2026-07-25 05:45:57,day,mentions,20,0x982e29618d277116328be5ab76dbce22e94d7657,226.23689637999996,629.897738,b1rd
2026-07-25 05:45:57,day,mentions,21,0xc7b5c23b3762fdcdba561d54b032858b3330e238,222.805388716,451.02,0xc7B5C23B3762fdcDbA561D54B032858B3330E238-1782046277454
2026-07-25 05:45:57,day,mentions,22,0xefde9ff487fae209ab6e3157a8acb4276f9c783d,213.95857095933957,0.0,Umaroth
2026-07-25 05:45:57,day,mentions,23,0x5c08f27559956e9c4fa008c65f79017fe548eba9,212.8337675724997,0.0,CIOH
2026-07-25 05:45:57,day,mentions,24,0x1ee9a5fc09665909c0cce297c581703bfbb9197f,211.99680511749693,1066.112659,vinii
2026-07-25 05:45:57,day,mentions,25,0x4060ad6178fbf267f9f388527aa2215e41e1e63c,206.50230157663304,1524.8873669999998,invictus..
2026-07-25 05:45:57,day,mentions,26,0x993c95f836ea033d97a08985060869270e208f7a,178.54994634240182,368.961688,lekkerweertje
2026-07-25 05:45:57,day,mentions,27,0xd3760017d649f54ddefc7311efa598be53b2231d,177.007896652613,532.649996,0xd3760017D649f54DdeFC7311eFa598Be53B2231d-1784531370159
2026-07-25 05:45:57,day,mentions,28,0xc9727ed498a58a9e8e8758d51c5a4eb0b752dcd9,176.46262480330097,1815.255709,dyckpaths
2026-07-25 05:45:57,day,mentions,29,0xef6278f3e13d4a516fbb14b0d7ad2649ce990179,165.24041056116766,1881.698816,wagmiser
2026-07-25 05:45:57,day,mentions,30,0x57e70e9a15a47b31fd89c1a9fe3d4d11401984e9,162.34962677091102,519.172571,
2026-07-25 05:45:57,day,mentions,31,0xc262f1a6f75163d8c1a52ba1b09fd0618ea76587,158.34783782,314.26,MacReady
2026-07-25 05:45:57,day,mentions,32,0x97ead83eb0e6b7f142e63284791882f05ddf3363,150.5938555899993,1267.57,Hakei.
2026-07-25 05:45:57,day,mentions,33,0x7bff96579b20fe3530e140d6a3c223c9f2127cd6,146.5036576446946,2229.058846,KingZeManel
2026-07-25 05:45:57,day,mentions,34,0x98a445908b4b15222efc598ed228fe74f7e8b64d,140.59086449999407,1121.257976,0x98a445908b4B15222efC598Ed228Fe74F7e8B64D-1723532717369
2026-07-25 05:45:57,day,mentions,35,0xd1091712f4ed0e17261feb174f5c080977506fa0,123.99525175921599,3568.6327999999994,smallf
2026-07-25 05:45:57,day,mentions,36,0xf656fba80f30d4525012015f6457236fd014782a,123.07692224,0.0,0xf656FbA80f30D4525012015f6457236Fd014782A-1773128024779
2026-07-25 05:45:57,day,mentions,37,0x5f3ee9c40be255d1c18ca38bf4ab94b564c75337,116.42261994199976,140.0,0x5F3ee9c40Be255D1C18cA38bf4Ab94b564C75337-1776862065527
2026-07-25 05:45:57,day,mentions,38,0xbcd671efdc5dd18016e7577c8f05e2db8452f3c8,115.6091,0.0,AutoOdds
2026-07-25 05:45:57,day,mentions,39,0x9db3ff59e5c13760a444a2fec13a35a23af21d38,110.577414763575,1453.409992,Granddaughter
2026-07-25 05:45:57,day,mentions,40,0xb1084f93b4a8c870201ede753e94d7dd92d4ddcf,110.143588392309,0.0,0x7597e14e139b1113b149452b59759E29dae63765-1768303410809
2026-07-25 05:45:57,day,mentions,41,0xf37956bb3992b8a618b9e44d512e16c86af2c1ca,102.39650606000005,2038.4799999999998,CeruleanDeeJay
2026-07-25 05:45:57,day,mentions,42,0xd2e39fe38e13b1d82de4db5230c7eacf2dafb16d,101.20004999999998,270.0,hjnyterh
2026-07-25 05:45:57,day,mentions,43,0xa7fea388f955a9517067111030eb771c6d911f3e,97.72912499999984,292.0,Faston
2026-07-25 05:45:57,day,mentions,44,0x8a4ec9c5684b23599bb1dd827b8a5673c2fab38c,95.58789182000055,0.0,Jamieeee
2026-07-25 05:45:57,day,mentions,45,0x85ee84be50f99d9ec7c379f9c56442aa7529a64a,85.9567598399999,0.0,0x85EE84bE50f99d9ec7c379F9C56442aA7529a64a-1775502961314
2026-07-25 05:45:57,day,mentions,46,0x21ffd2b7a212a6f277ed3eca1a9f8efcbca90d71,84.98334968000063,270.297141,Haradwaith
2026-07-25 05:45:57,day,mentions,47,0xe732156a2d84cdfb4de831d3f11a22899e49898f,83.88986400000067,486.79,Nostdam
2026-07-25 05:45:57,day,mentions,48,0x17e42a96d19502f341e5657b57bd2309f5ef4d33,82.8311286325,135.13,SlayerH
2026-07-25 05:45:57,day,mentions,49,0x1aa836dc906a84ca61c49452f4f1f9238cd2e5a3,79.07159999999993,100.0,goosemaxxing
2026-07-25 05:45:57,day,mentions,50,0x0d05b729b369f742a3b47b1312de4424ad396a81,78.2306,147.05,HMRevenueandCustoms
2026-07-25 05:45:57,day,mentions,51,0x893678ea062c242e8afc66a78f24632f93396c57,77.413270009315,0.0,0x893678ea062c242E8AfC66a78f24632f93396c57-1762552689466
2026-07-25 05:45:57,day,mentions,52,0xa84dc430e7542ac09c7ae0a426a1e89fded7bebd,74.990871997178,289.841358,philosopherclown
2026-07-25 05:45:57,day,mentions,53,0x0ec49699229f8c4bacdb7ae8bc9fd2c0f7c9f4a4,74.4950837450001,0.0,-Motionless-
2026-07-25 05:45:57,day,mentions,54,0x7babd217c09df3a015e9a98325043190beaa8322,73.0,300.0,StillWater0
2026-07-25 05:45:57,day,mentions,55,0x48e3cd12d311498d5623de99a1884b70ee7303cc,72.48641209,1263.93,Treedud25
2026-07-25 05:45:57,day,mentions,56,0x1e3e294758c7d4b42d84968d395383f305f8ce36,72.46945595573199,0.0,kryptoriley
2026-07-25 05:45:57,day,mentions,57,0xf1f7ff06325f7721a90c0ff475fe123622811c76,64.059965699,0.0,pc0
2026-07-25 05:45:57,day,mentions,58,0x3c44552ad4c9e58c3b9efaa9d59a1992680c2fff,60.49640550036601,20.106507,anonoa
2026-07-25 05:45:57,day,mentions,59,0xa34429d549f23fe45a9ca5442b79b365cd2f8141,59.525000000000034,275.0,Roeman
2026-07-25 05:45:57,day,mentions,60,0xa1890dd567befe26bf75b5d0def459e3a3e0a2d5,58.5,0.0,Test669
2026-07-25 05:45:57,day,mentions,61,0x1491f3faea8f55eb683eea438d4d6367eb84fd70,58.317661839999914,0.0,SmartBoyBilly
2026-07-25 05:45:57,day,mentions,62,0xc8ab97a9089a9ff7e6ef0688e6e591a066946418,57.88377736934126,13771.422487999998,ArmageddonRewardsBilly
2026-07-25 05:45:57,day,mentions,63,0xd2cb751a428da5146a312110f9dfff1303996267,55.89999999999999,0.0,Trader6262
2026-07-25 05:45:57,day,mentions,64,0xa3ba6c7a5dd5a1f4b3bc5dc55cb0c5a6ebfaa792,55.746124918184,0.0,rump92
2026-07-25 05:45:57,day,mentions,65,0xbe0e2ccaba04e1cff6328df819aba5648578d429,55.00052852499948,300.26314,hesure
2026-07-25 05:45:57,day,mentions,66,0x801f69fca5a3ae2067b017d73abe81abd0e68dc5,54.853736605341986,0.0,ChopBurr
2026-07-25 05:45:57,day,mentions,67,0xe350d874195530e434ed618c36262ddcbaf4c0c8,50.8992473000003,0.0,failedbet
2026-07-25 05:45:57,day,mentions,68,0x3458ae6606828ed4d9666573e1585d9419efb5a7,50.80587958471301,0.0,SDODNDPD
2026-07-25 05:45:57,day,mentions,69,0x367ce69a2bd008646469b7afef29d15bbb19da98,50.0,0.0,BrittanyBarnes5332
2026-07-25 05:45:57,day,mentions,70,0x63850ce907044eac77fba13d59f263ade68093f2,46.83856139139243,1489.7884999999999,Waterfall
2026-07-25 05:45:57,day,mentions,71,0x2117912fee43e703fe9626fc934ad8653cf39bed,46.68408563000003,167.02714,erzhuron
2026-07-25 05:45:57,day,mentions,72,0xeda045f91a24d199f78ef1f591fbbe6a5b517dff,46.18352853240003,543.92462,rocky42018
2026-07-25 05:45:57,day,mentions,73,0xcbff940cfb4d3a91a9dc1012d513c6046b16e8e7,45.80839854499993,0.0,Chicken14
2026-07-25 05:45:57,day,mentions,74,0x168205abe04b2bbc665fada09297e284edec26ca,45.74911647000002,699.993332,rewrewrewrwe
2026-07-25 05:45:57,day,mentions,75,0x943710f8a577ed9748b3f8988f7f71fcd0a498f1,44.383299,0.0,Ronaldo2818
2026-07-25 05:45:57,day,mentions,76,0x5ce3c43f2b2be1b51ec5f4920acbf7340733f779,43.48391344000001,109.46000000000001,WineDarkC
2026-07-25 05:45:57,day,mentions,77,0x1f0134411be4df9d5003ca286f3dd9fea262548c,41.85491809647195,0.0,0xkinny
2026-07-25 05:45:57,day,mentions,78,0x6b25c5c4d1e681d2203297803793ad8c732b7a69,41.51930654300001,0.0,
2026-07-25 05:45:57,day,mentions,79,0x302b714c2debf7d7622b63e8c67b31cbf9e47a54,41.24385,123.3,EtwZzz
2026-07-25 05:45:57,day,mentions,80,0xa815f590e64fa64d417df72c581a32f5ff449cbe,40.89997907500002,147.56,Numitus1994
2026-07-25 05:45:57,day,mentions,81,0xa3e22cd32aa9238ef7dbcfb4761e33b9eaa1fdf8,40.56145119618668,1039.85,pootytherewardfarmer
2026-07-25 05:45:57,day,mentions,82,0x75978edaeed0b4aba863a73f7bcb4ab6205e5f01,40.048353820821035,23.333329999999997,ruletheworld
2026-07-25 05:45:57,day,mentions,83,0x04eca20ff2761bc635ec4a827251d5435629232a,38.871845277500015,0.0,breezyjpg
2026-07-25 05:45:57,day,mentions,84,0x26bc39c2984d2038bc7616c3d6f7b1e9c5c06b72,38.23530039647201,0.0,neviaa
2026-07-25 05:45:57,day,mentions,85,0xd0265ea6b4212d34ecdc602e1e59ab3b01c2d74b,37.57829861786,0.0,chilz
2026-07-25 05:45:57,day,mentions,86,0xcd2cf8b59b03f002cf8fa77ded11661424470c32,37.4725172865,0.0,
2026-07-25 05:45:57,day,mentions,87,0xb920dfa2a7b197b06349ad08e906ba9a77fc1b19,36.93689604043982,56.76,peterpol3
2026-07-25 05:45:57,day,mentions,88,0xeba4f0b5eea60bfe6df14e2297e58d8c152a69fb,36.666139999999814,3666.614,Lukasburner
2026-07-25 05:45:57,day,mentions,89,0x248a7e83941ff1c8ed6a1c2574bccc30d11c7e6c,35.638372709417,0.0,sandsquanch
2026-07-25 05:45:57,day,mentions,90,0x51b11a18e75d0f4c3f8e8e360f89eb911d727865,35.25359999999999,0.0,PCMTest
2026-07-25 05:45:57,day,mentions,91,0xb40e89677d59665d5188541ad860450a6e2a7cc9,34.70814574987162,289.298093,Poligarch
2026-07-25 05:45:57,day,mentions,92,0xa5cdde81119513f0d2c28cf846095a9a49d94288,34.124998949999984,0.0,
2026-07-25 05:45:57,day,mentions,93,0x7362ef6f40459dec0d7e9606649fc92971f91e3a,33.75062584,0.0,pol999
2026-07-25 05:45:57,day,mentions,94,0x664c3d734dd20ceba9f1f7e6946f10620b1dff1b,32.080937325,0.0,Wpeguero
2026-07-25 05:45:57,day,mentions,95,0xe91003a4ed68abd196981a2890b047a7132e2dae,32.058153440705,0.0,Tobbo
2026-07-25 05:45:57,day,mentions,96,0xa066af596a282d3d10cc20f9fd76a9fb833d710b,31.49226445106399,60.0,GroovyCr0c0dil3
2026-07-25 05:45:57,day,mentions,97,0x708dba576d798c24215e267413503269fe39ea78,30.344970000001013,1149.81375,HornyBibi
2026-07-25 05:45:57,day,mentions,98,0xd8a9ccaf94f3397e05de94ee4969161db1758cb1,30.0,0.0,flyingpanda123
2026-07-25 05:45:57,day,mentions,99,0xa4e0b1a154ba6702ae519a79044344b8eb396392,29.911177563423998,0.0,Sinsin021
2026-07-25 05:45:57,day,mentions,100,0x75acf1aa88a3f5c613f2214486b91fa9fc1f33d7,27.130388471232436,1588.321485,badatthis
2026-07-25 05:45:57,day,weather,1,0x8fbd7cf5f806f563080864694415829f7229a959,1591.1159905315944,11533.212784999996,badatmath.
2026-07-25 05:45:57,day,weather,2,0x23d18416645924e097c453e8ceadd4bfeb6a353f,1511.5800000002682,0.0,fcomp3
2026-07-25 05:45:57,day,weather,3,0x5c6b40f748a2060284d8ba41cdb01fb4169ff32b,896.4962516800078,4453.23,Phlox
2026-07-25 05:45:57,day,weather,4,0x06e8b7d7474f561130533455b0a9bdcc56339c25,504.46785767408073,1115.723682,6862584
2026-07-25 05:45:57,day,weather,5,0x96489abcb9f583d6835c8ef95ffc923d05a86825,481.1754592625475,5253.311285,anoin123
2026-07-25 05:45:57,day,weather,6,0x9807813cfc7c5c650b06d6894338e6d564fc5668,478.1446443950621,5664.914466,Sailor94
2026-07-25 05:45:57,day,weather,7,0xd66196189fee25e395d55dcc966cdfc27e0d2750,451.37783012182445,3204.403332,0x-PVG
2026-07-25 05:45:57,day,weather,8,0x044f334595a7fd42c143e11c8ec47f23c8d1d1f1,346.7656440522842,6461.745618,gghff
2026-07-25 05:45:57,day,weather,9,0xd2fc6b174da1f6f8b8400636475cbe3034da5bd4,321.17570132999936,0.0,HalcyonTime
2026-07-25 05:45:57,day,weather,10,0x2ef2887692386bebad6ef3df9fd3d0e223047f72,318.147832759985,2166.24,fghsrthrhrshrsth
2026-07-25 05:45:57,day,weather,11,0x91f83dd2e149d23bf2193275d3ec4c8c07abd951,315.89795099913033,2073.2147459999996,asplla
2026-07-25 05:45:57,day,weather,12,0xfd48544efea39e627c34bfa81dda6f4e37411e93,312.1303033900001,105.26314,satc1014
2026-07-25 05:45:57,day,weather,13,0xa755e05fc6eb8c017d21bb1579be392b53fab5dd,277.7173912329679,1304.00457,abcdtrader
2026-07-25 05:45:57,day,weather,14,0xbddc2a7690bf600e347d5eb4a9c28f9f24e55d4f,270.1969625638985,1067.529089,0xbddc2a7690BF600E347d5eb4A9C28f9F24E55d4f-1774968947489
2026-07-25 05:45:57,day,weather,15,0x8297f38ebaa1a92702dac88addfd59d964c5d600,225.05584944000054,33.57,icymud
2026-07-25 05:45:57,day,weather,16,0x2b5920274740ca61745eeb077587bf5bb4ff9db6,216.96935633995963,4576.4400000000005,aHjCz
2026-07-25 05:45:57,day,weather,17,0x802d942fd81eb90fcb0790058623a47b48e6d59a,213.1869527275012,1452.3600000000001,letyr
2026-07-25 05:45:57,day,weather,18,0x7c63520c2ca9b336af0c205b9ccf68217bb393d4,205.12714153005436,19228.328978999998,opopv.
2026-07-25 05:45:57,day,weather,19,0x43cb4ae1f4ddc9e671486c79c9f40a6fd98b84df,202.33343349977076,10353.149915000002,0x43cb4Ae1f4dDC9E671486C79c9F40A6fd98B84Df-1761656284271
2026-07-25 05:45:57,day,weather,20,0x0861c07350d37882473d417e0fbefc99dce38e40,199.91178085139597,953.9443399999999,HanaIsogai
2026-07-25 05:45:57,day,weather,21,0x6ff2cb14da8be7eb57541d250a0196c5f295f140,198.66058020180208,3447.0420630000003,0x6FF2CB14da8BE7Eb57541D250A0196C5F295f140-1779007910425
2026-07-25 05:45:57,day,weather,22,0x496f76bd5cf4c2819c710ae90ed1c84b2dc6fa5d,193.48670805556685,7088.535451,0x496f76BD5Cf4c2819C710aE90Ed1C84B2dc6FA5D-1773782287927
2026-07-25 05:45:57,day,weather,23,0x93fb8127a1b21a112b11af936361225df0563e4a,174.96277589999988,848.65,LlamaLoco0000
2026-07-25 05:45:57,day,weather,24,0xdfc408242ff9505dc40a64f339dbcfd51a684089,163.43983591651215,209.689997,0xdFc408242fF9505dc40a64F339DbcFD51a684089-1778956771527
2026-07-25 05:45:57,day,weather,25,0x5c9e7f12335a5a6949094704565664a7d8983a21,163.1223703756059,861.4139560000001,YsWeath
2026-07-25 05:45:57,day,weather,26,0x8fe730b55cf3468c01a884cfcde79c2dfb4d6c1f,162.5177475884999,660.306664,Hugin-og-Munin
2026-07-25 05:45:57,day,weather,27,0x4d02aa551995f172a23de77484ac972e8d13704c,161.42246251945994,2605.005831,aerometeo.-app
2026-07-25 05:45:57,day,weather,28,0x6011655c4afb76f36dd1b08a137a1ba73466b31e,160.64657808298944,4003.24,HighTempTation
2026-07-25 05:45:57,day,weather,29,0x58a34d556ac676b6aa1a7d5a8cbb169b99fec5ce,159.577389795286,2801.7524080000003,an666
2026-07-25 05:45:57,day,weather,30,0xe2418f4292756817bed4bd0738e565eb1c2b5b42,158.06888901800016,0.0,gaspar.eross
2026-07-25 05:45:57,day,weather,31,0x28bf066c6cb952da62d6d182c16ad173ada64a4e,142.1985226462657,5519.034331000001,plainfolder
2026-07-25 05:45:57,day,weather,32,0xdc4dec0ccc55e0aac991a04dafbb66bf2ca3a4c6,141.72045442848002,7085.884283,1489hf
2026-07-25 05:45:57,day,weather,33,0xdca48aec03c7c47d88eec68f5341e5d95138e93d,140.02948246459937,516.081836,mostlyright.md
2026-07-25 05:45:57,day,weather,34,0xc9ded4d5f6eec0a75907ebb924c164a4aea381d9,134.0418048168758,6628.717798,LMVM
2026-07-25 05:45:57,day,weather,35,0x0d7ea49cd50ac9e8c0d7c60c108b9ab4fe923660,133.73158116375203,8520.508049,Anixt
2026-07-25 05:45:57,day,weather,36,0x867149d900abf49270d9194900efc5e13e3ad4b7,132.45854869999994,0.0,MiserMaxxing
2026-07-25 05:45:57,day,weather,37,0x78ed8966161ea0a22f0719b9c04391c6ac22ab3a,127.23863205074304,1235.93101,6000K
2026-07-25 05:45:57,day,weather,38,0xf8dc8cd0fd55eccb5409ed99ed90a86bc7f0f31f,124.86985415586787,2488.295861,dingdingdangdang
2026-07-25 05:45:57,day,weather,39,0x8929a63143fba9416c8e0d3c96388b429c47733e,120.7507465943263,1999.0765150000002,rocky42025
2026-07-25 05:45:57,day,weather,40,0xc24fc1414aedfdc5406fa31e85cfed26704d087f,118.26005900000041,924.48,shyu5000
2026-07-25 05:45:57,day,weather,41,0x9d3fd9a25960ca82bf02c83f37f70d5b96d0fde2,115.77379309048086,920.015706,haassam
2026-07-25 05:45:57,day,weather,42,0x177500541ae20bb0d46ab0db3fd2559e2a7e85b0,114.1022948101072,3591.376864,bby123
2026-07-25 05:45:57,day,weather,43,0x9506e646497107cabf2d5b941a8e6a60d0db1c4f,110.42582907350948,918.955215,
2026-07-25 05:45:57,day,weather,44,0x21413203b0be620ebc9dc236a152413923287fa2,107.7904369430172,2580.011807,climateprofessor
2026-07-25 05:45:57,day,weather,45,0xdef6f7b147246e2bab5422c7363cdebbfd54f69a,107.30972821399337,0.0,bigbonder
2026-07-25 05:45:57,day,weather,46,0x15463d7c82ad6df69260a9def5e19c8ff838778b,106.90249795490672,1666.8820890000002,ssstarboyyy
2026-07-25 05:45:57,day,weather,47,0x9a31cf2531dc71699cb0ab6083151d2ed3ef5af1,106.80824642434345,340.255348,JapeththeGoat
2026-07-25 05:45:57,day,weather,48,0x30fb41b5a08fff5d3dd983f6323e3343931a7db4,106.47900054369802,8415.762708999999,tradetosurvive1
2026-07-25 05:45:57,day,weather,49,0x2ca40153dbe66faf0e10c71cb173f15273504d3b,105.92695000000002,464.27,Dxiaohao418
2026-07-25 05:45:57,day,weather,50,0x1461da5f64f3aae303d4ce6c613f6a25363fb97e,105.33072964560259,6678.304770000001,addl12
2026-07-25 05:45:57,day,weather,51,0x8cc1262cf53b83047926e09af8e5ab3bf537b9f8,100.58274512371736,3751.198405,0x8CC1262CF53b83047926e09af8E5Ab3Bf537B9F8-1774929892987
2026-07-25 05:45:57,day,weather,52,0xd218e474776403a330142299f7796e8ba32eb5c9,100.35901915769318,0.0,cigarettes
2026-07-25 05:45:57,day,weather,53,0x6fb10c9908b68c82f5889f641fdc05ca59ee9319,100.08471776272427,890.465605,Frog-Prince
2026-07-25 05:45:57,day,weather,54,0xc8849a93e05a2ae1b49bb07787a9e0059bb4e17e,99.99957628000993,0.0,Clicker1
2026-07-25 05:45:57,day,weather,55,0xc7d02944a76b9f83b199e9090ecc92c82d241f8a,98.0438780813638,2166.703712,0xc7D02944A76B9F83B199e9090ECC92C82d241F8a-1776944395495
2026-07-25 05:45:57,day,weather,56,0x09c27cea3a1a3bfda8354ef1681796a3f4538210,97.92676463399926,173.73000000000002,w3ath3rz0n3
2026-07-25 05:45:57,day,weather,57,0xf114b578bc08e5641d4cbfbb52e6e97b038d6ecc,97.22214233892191,809.98784,hotornot
2026-07-25 05:45:57,day,weather,58,0x1a9cfddd25dfa4f5b99f39bb928fdaed4e6a079d,94.58996839000179,29784.21,shanze8
2026-07-25 05:45:57,day,weather,59,0x61f7388848e3effe8b4f632b5d43f0c7ad09f8de,92.18563371350183,516.103332,jonej
2026-07-25 05:45:57,day,weather,60,0x56c2247992eb63198e775edd968c315b8427a110,90.44158491079975,699.9798,0xtrialnerror
2026-07-25 05:45:57,day,weather,61,0x8a19890daccd81dc8eab48ea8a311d2a801e073d,89.90358138811553,986.4300000000001,Tokyo.is.hot
2026-07-25 05:45:57,day,weather,62,0x21d0c129deb8a7f7e1569045200d20e23862ce91,87.80480637550045,0.0,DEGENKHAN
2026-07-25 05:45:57,day,weather,63,0x23d81ba9371e576015c1e562db09c689f56b0288,86.7113015350003,4.38,flawfence
2026-07-25 05:45:57,day,weather,64,0xeef147664532734b38558f77a6fc1c5948a421b8,85.63609274352194,1984.570533,xaeroqkAtProtonMe3
2026-07-25 05:45:57,day,weather,65,0x30f67d821c57a54e25e5e521dbd3b5b18309004f,85.61559512999997,65.0,shiifoo
2026-07-25 05:45:57,day,weather,66,0x006cc834cc092684f1b56626e23bedb3835c16ea,83.35778277700592,0.0,0x006cc834Cc092684F1B56626E23BEdB3835c16ea-1729683673397
2026-07-25 05:45:57,day,weather,67,0x97abe233a0eb7f3b1a23c6e083892d6d05baa19f,82.20342340499701,2589.17,GodsChildSeeksForture
2026-07-25 05:45:57,day,weather,68,0xd23f8c8aab13cfb2a35da40b67f8471faf9894a1,81.7675436667505,26547.020942999996,Corlys
2026-07-25 05:45:57,day,weather,69,0x51b11a18e75d0f4c3f8e8e360f89eb911d727865,81.75908483,0.0,PCMTest
2026-07-25 05:45:57,day,weather,70,0xad5057e6947081649c263a538d58899117e63122,81.15298023193009,3329.928,moon11188
2026-07-25 05:45:57,day,weather,71,0x0335cb69dd7498a24c39edea33c925ce51d36eca,80.59434199999669,6562.8099999999995,LittleBitBadBoy
2026-07-25 05:45:57,day,weather,72,0xad8e0a79c34730774cfb1870d9fbdc0bfa45776e,79.63100446500005,0.0,ErnstKuzorra
2026-07-25 05:45:57,day,weather,73,0x92eb8911aa93d4930d5b7d09c5e0f18ad8fc9668,79.11930174134022,817.276665,ho05360
2026-07-25 05:45:57,day,weather,74,0x734290ded4a1990c3e06238f87774d00f9d4d5b4,77.78999999999999,0.0,0x734290dED4A1990C3e06238f87774D00F9D4d5B4-1783112739266
2026-07-25 05:45:57,day,weather,75,0x93dd5294fbf8c35190c4616ecc63d9cf88e34ed5,77.07400649781789,2982.9308200000005,Descubra
2026-07-25 05:45:57,day,weather,76,0xb6aff8bbb6b4032f3d2823523d28b71b4daf4219,75.5155771175564,109.143806,wxwizzard
2026-07-25 05:45:57,day,weather,77,0x5b6331e7ff0831a3fe2ed12004747db1a9c911a4,74.87260325362377,364.90352599999994,neutralwave23
2026-07-25 05:45:57,day,weather,78,0xc6587b11a2209e46dfe3928b31c5514a8e33b784,74.14088000000629,0.0,Erasmus.
2026-07-25 05:45:57,day,weather,79,0xa11376e9f170aaf97664cac13e9ab210a70193f4,73.89285561400084,0.0,ballzi.
2026-07-25 05:45:57,day,weather,80,0xe495f596819a0554bd35cfa548ce5de04b01c165,73.69617523899979,0.0,Danny283847490191
2026-07-25 05:45:57,day,weather,81,0x1ba75514fa9dcd48d5eea3a2ae7c1fb990353d88,73.5484847749999,164.0,mahmed-abula-ibn-mahmud
2026-07-25 05:45:57,day,weather,82,0x8f13db915cca106e6330e8a39996c0a875d8daae,73.35751878534711,514.3515329999999,rocky42019
2026-07-25 05:45:57,day,weather,83,0x2d0fbf6995692cc56f21171a9993be04436a81aa,73.2358221989889,3124.496025,Happening9014
2026-07-25 05:45:57,day,weather,84,0x8c4465127b5278a5d7fd120b95b77e7fe292fcd4,73.1135604329902,0.0,nelbal8486
2026-07-25 05:45:57,day,weather,85,0x4ce3f17be91c3d0d6dbfed7bd4d326957dec4291,73.10336952010402,2779.9500000000003,0x4CE3f17Be91C3d0D6dbFed7Bd4D326957dec4291-1768045938794
2026-07-25 05:45:57,day,weather,86,0xcce9c336513d19e33deefbac15319c5ebbe02199,72.88124236400017,944.994328,0xCce9c33
2026-07-25 05:45:57,day,weather,87,0x88275bb9e312126d1ddb727782dc35d03a155d62,72.6363724658022,558.761625,0x88275Bb9e312126d1DDb727782Dc35d03a155d62-1769110120988
2026-07-25 05:45:57,day,weather,88,0x88394534c6d050ac528964a2df5928dc5935ddb5,72.43621536095452,419.9,ZhouYi-talk
2026-07-25 05:45:57,day,weather,89,0xd2178baff3b409cdd9eabfc9e6e4dee000a07561,72.2786376933052,2710.244081,Traingman
2026-07-25 05:45:57,day,weather,90,0x53685989c332366675257535f28abd6d17782d62,71.47440845512119,515.99,LuckyByNature
2026-07-25 05:45:57,day,weather,91,0xcb32934773126ed9267babaee1e68f0c375779aa,70.98140694389531,4651.19737,NewBuildingX
2026-07-25 05:45:57,day,weather,92,0x2dd8c8f71a741ade1808b7053803fdcecd34f169,70.51648743450053,1362.998097,heibenxiong
2026-07-25 05:45:57,day,weather,93,0x5787c7c9fd5f6b1646ff1be400f91d04e25d1f86,69.12583165981869,277.74255,KelvinCelvin
2026-07-25 05:45:57,day,weather,94,0xdbe1d397f88ee2382753c9f6c4819a176c6d608d,68.60033639218932,3726.1124179999997,-Ciguli-
2026-07-25 05:45:57,day,weather,95,0x7adc818e37d177ae1406bc756bc7285b0775a971,67.7315624084797,160.665,
2026-07-25 05:45:57,day,weather,96,0xa33d25630fb8b779ea9744bc6dfab536272f3ef2,67.44785755619904,0.0,Altergora
2026-07-25 05:45:57,day,weather,97,0x36395107942f35fc40991bc44a0e2f618b3c4186,66.45481115150017,0.0,0x36395107942F35fc40991bc44a0e2f618b3c4186-1779294576918
2026-07-25 05:45:57,day,weather,98,0xb902c1344e37515112340adc929154563e8206d8,65.45190605950009,0.0,Qress
2026-07-25 05:45:57,day,weather,99,0xf875cf328c6d840fbe87b2228c837952559f814d,65.39934499999981,0.0,BackToProfit
2026-07-25 05:45:57,day,weather,100,0xdfbdca978053bf05b23c9dec9cd4f22ca6035a6c,65.32875283731164,1163.956845,tradeeeee
2026-07-25 05:45:57,day,economics,1,0x3a8aa345d5db7ec5138298c8c4f4540259be7699,15001.346108966274,0.0,TheReturnOfDarthMaul
2026-07-25 05:45:57,day,economics,2,0x7b02b2bac2a30ed5e40b7094e734f4c3dc2a4991,13901.092576480936,0.0,foodenjoyer
2026-07-25 05:45:57,day,economics,3,0xde7be6d489bce070a959e0cb813128ae659b5f4b,9016.738302051031,0.0,wan123
2026-07-25 05:45:57,day,economics,4,0xa309f903dbbd559e87d8d368834b8e41355c4cf2,4615.066417868991,0.0,ratehikes
2026-07-25 05:45:57,day,economics,5,0xf4baccff188321440a1ed01a5d5fd89c3e1f5933,4441.861176466999,0.0,Treadmilled
2026-07-25 05:45:57,day,economics,6,0xece0c003e035b724b7fe819c0b363359f475a64d,3720.132899999997,0.0,GDJHAV
2026-07-25 05:45:57,day,economics,7,0x45060425ac73951a6f57474a9321abea427843fd,3537.0284860460088,0.0,RRRRRRRRL
2026-07-25 05:45:57,day,economics,8,0x7523cafcee7bcf2db9a79d80e0d79b88a9a54c4c,2200.0,0.0,DonaldinhoTrumpito
2026-07-25 05:45:57,day,economics,9,0x0bb8a71b7ed93265c8045640fb3aa1eb93ad253e,1921.3427379960049,0.0,anykey
2026-07-25 05:45:57,day,economics,10,0xd52b8dcb4b812c4056faf41164a6f6c73f4c5c72,1754.6002733699934,0.0,TBill1
2026-07-25 05:45:57,day,economics,11,0xc3daa1bb9ce85866fb1a7c3a5d02816798e641fe,1746.6606318645026,0.0,harishjindal
2026-07-25 05:45:57,day,economics,12,0x0dcc9d7b9ccbdf3c37ab947a1689ed3701c05a1f,1576.5721510599906,0.0,oneappleway
2026-07-25 05:45:57,day,economics,13,0xe639e41094bbeae18f3e6d1790c17299183f082a,1520.3596953673987,198234.230065,0xe639e41094bbeae18g3e6d1790c17299183f082a
2026-07-25 05:45:57,day,economics,14,0xe033e9d4a0e8b30c417f3f7abcb029bc695940a5,1467.6561483453115,9612.369999999999,CDAP1
2026-07-25 05:45:57,day,economics,15,0xa022ba0a68e11a78348382ff168601012d4d77f8,1367.1832477800053,0.0,yungstalin
2026-07-25 05:45:57,day,economics,16,0x4ad6cadefae3c28f5b2caa32a99ebba3a614464c,1119.9999923199866,0.0,noreasapa
2026-07-25 05:45:57,day,economics,17,0xd87a4012b40aad76a870fed7d1976e9224dfd3b8,1099.998472089992,0.0,lymphnatic
2026-07-25 05:45:57,day,economics,18,0x71edffd0d70a1da823ff07a3c6fc81457294d338,1003.0661768888822,0.0,pako
2026-07-25 05:45:57,day,economics,19,0x6a5e991a877c9c3647b4b47c5b2c637e0e01c8c1,814.4518168339982,0.0,parsifal
2026-07-25 05:45:57,day,economics,20,0xc8ab97a9089a9ff7e6ef0688e6e591a066946418,768.5780857906211,1059.615383,ArmageddonRewardsBilly
2026-07-25 05:45:57,day,economics,21,0xfef4edf8c1a76e66ff065081a136c9bfeef429bd,752.7527151150025,0.0,0xfEf4eDf8c1A76E66FF065081a136C9BfEeF429bD-1781309546043
2026-07-25 05:45:57,day,economics,22,0x78ad03d27582cd1b5255d364ff8f093b6cf745cc,692.8686996000015,0.0,XVFlow
2026-07-25 05:45:57,day,economics,23,0x014c4e7ae2145992861c2d1b124af633a97f820c,681.2225599999947,0.0,Hyperlong
2026-07-25 05:45:57,day,economics,24,0xdec3b0b122dbd75b68bdfbb29a75029cbe5040ac,669.7008209430005,0.0,GOPACERS
2026-07-25 05:45:57,day,economics,25,0xad96914d7762dac84ebbabafe366ae8ff24dd498,578.1557305705064,0.0,0xAD96914D7762DAC84EbBABAfE366AE8ff24Dd49
2026-07-25 05:45:57,day,economics,26,0xa806270a1a7a8b18a2409c927b1e08851ce72c7c,549.9998557130002,0.0,0xA806270A1A7A8B18A2409c927B1E08851cE72C7c-1774550295650
2026-07-25 05:45:57,day,economics,27,0x5f8ec8b9c07547d93ac7206ef75c1b625e6021b7,549.3424057884913,0.0,1234ab
2026-07-25 05:45:57,day,economics,28,0x14f66f7e5ca69e756cac1bfd4c7c8ac3a7fd15c4,499.99994134999906,0.0,peal
2026-07-25 05:45:57,day,economics,29,0x59f1bead500fca3db9483f76fba8832e3c0ca693,498.5300025279994,0.0,zber
2026-07-25 05:45:57,day,economics,30,0x279586b44e055dfe58bd21fff9d67a675043acd0,497.9216000000015,0.0,0x279586b44E055dfE58BD21Fff9D67A675043Acd0-1763372677832
2026-07-25 05:45:57,day,economics,31,0x9bcada74fbcaa331afecdf7e861fbc9532ecca1f,449.98993430199334,0.0,rooivalk
2026-07-25 05:45:57,day,economics,32,0x758c7982c9086515eb40f4035f80170d5293074a,434.4532426299993,0.0,I0I0I0
2026-07-25 05:45:57,day,economics,33,0x217f4faeace0bd329845c12381d86a14e7f5fb4d,378.1409657960012,0.0,0x217f4fAeacE0bD329845C12381d86A14e7F5FB4D-1774259247240
2026-07-25 05:45:57,day,economics,34,0xdd9c961288a032098076267bd665d407dac231a0,373.31288501198287,0.0,hippoka
2026-07-25 05:45:57,day,economics,35,0x0b13ffcfaa14fdf81196a961e1c5750b697a5957,336.9300000000003,0.0,.yumeko
2026-07-25 05:45:57,day,economics,36,0xedafc523537800d83224934a27f401ba9dda895d,324.8967006469993,0.0,
2026-07-25 05:45:57,day,economics,37,0xd3316cbf9583e6a7d71286b69d5ae07ef77e733c,315.8040999999994,0.0,zzaqq2
2026-07-25 05:45:57,day,economics,38,0x8c1026f774fe33016fb36d5f18f5e791d3e0d7b3,303.2061793099988,0.0,Palace8709
2026-07-25 05:45:57,day,economics,39,0xe234959595e01dacd391a9502a6ad0edf4e3304a,295.28848245899826,4057.75,0x011f2d377e56119fb09196dffb0948ae5571112
2026-07-25 05:45:57,day,economics,40,0xfbfd14dd4bb607373119de95f1d4b21c3b6c0029,270.7281584572047,0.0,XAE12Archangel
2026-07-25 05:45:57,day,economics,41,0xf2088ef95f5c1c0eee2640e8da537d6a1c175eef,268.6149335739997,0.0,richsmith
2026-07-25 05:45:57,day,economics,42,0x022e626e7a8de2603fd771e7c91e0251ee1ef9f5,251.5850514199983,0.0,JG123
2026-07-25 05:45:57,day,economics,43,0x69b9a231e6d9e8a1be243e3db5174203a33f1284,242.260299999999,0.0,Croesus1
2026-07-25 05:45:57,day,economics,44,0x2bace940278da373e37fcf5c5576ecb41290f238,232.048115323003,1046.413298,HelloWorld2024
2026-07-25 05:45:57,day,economics,45,0x94a428cfa4f84b264e01f70d93d02bc96cb36356,225.2418619330001,0.0,GCottrell93
2026-07-25 05:45:57,day,economics,46,0x68fe494c5ca794f3f247f4ec2a8bf95e3ef28792,209.51004763999663,0.0,yameteV9
2026-07-25 05:45:57,day,economics,47,0x0ced4f3afa5d9bfbd7ab82fd124896a7160c12b2,205.70917345999624,0.0,AlmostAndy
2026-07-25 05:45:57,day,economics,48,0xe7bd61ac59883bd4abda5c63865430452ecfebce,202.00288915900092,0.0,thereallkanyewest
2026-07-25 05:45:57,day,economics,49,0x5b6331e7ff0831a3fe2ed12004747db1a9c911a4,197.71983990707304,46.830957999999995,neutralwave23
2026-07-25 05:45:57,day,economics,50,0x7bb244d0c70293e66dee84f3d0623fbbbf7d682c,194.99999999999454,0.0,WongKimArk
2026-07-25 05:45:57,day,economics,51,0x958d7a438dd8741d0364ba550bc5e69d2c78fb1e,189.6015407220002,0.0,0x958D7A438dD8741d0364Ba550bC5E69d2c78fb1e-1781631087839
2026-07-25 05:45:57,day,economics,52,0xfb593511b24df1edff63c35de81c72d5733683f9,189.12957452139744,493.522243,0xFB593511b24DF1EdfF63c35de81C72d5733683f9-1772989578742
2026-07-25 05:45:57,day,economics,53,0x578780c6cf6497400d099e6653cd98c2d6918776,183.69996873800073,0.0,Quinn678
2026-07-25 05:45:57,day,economics,54,0x3a7082b466c10cf4fd8583c8921499b272902828,179.78367549999984,0.0,ruyi666
2026-07-25 05:45:57,day,economics,55,0xb528a976ca7d476602f8040c3d1a49e5145a5039,175.9945000000007,0.0,HelloKitty333
2026-07-25 05:45:57,day,economics,56,0x3f02a8b650d4b30449e83616f2165460209ca51c,157.5626844261842,89059.35553900001,m00n
2026-07-25 05:45:57,day,economics,57,0x0a38dcf3740ee299a0607e80cb955c42a34cf931,156.09489912500067,0.0,0x0a38DcF3740eE299a0607E80CB955C42a34cF931-1727027089095
2026-07-25 05:45:57,day,economics,58,0xb1ca909e848cc24ec4e220ce1c453bc290c51705,150.30839622956682,30021.078041,R79dgahr
2026-07-25 05:45:57,day,economics,59,0xeb22f4735df6bd5d14e1b5fd10faefa7757d808a,149.7499062394927,0.0,BigRabbit
2026-07-25 05:45:57,day,economics,60,0xcce2b7c71f21e358b8e5e797e586cbc03160d58b,145.07763806000003,0.0,xcnstrategy
2026-07-25 05:45:57,day,economics,61,0xf8ccb567e89c3240359217ebd0b5b5fe7fce5a82,142.83675999999832,0.0,DapperChapper
2026-07-25 05:45:57,day,economics,62,0x2b9dd0a3ae93bf0d08ef733650bb9002160574f5,136.56917231072293,306.0,grinder456
2026-07-25 05:45:57,day,economics,63,0x61313791c42f09ea053acc9eea9aaa6e7300fd16,135.50464007000028,0.0,emreus
2026-07-25 05:45:57,day,economics,64,0x7e5972bfc25819775ee5a9d4f191919375487b8b,131.18375294099678,0.0,Gaditima
2026-07-25 05:45:57,day,economics,65,0x546029093abad5c5615f72c903908baccfc8c7b5,130.15053077999983,0.0,0x546029093abad5c5615f72c903908baccfc8c7b5
2026-07-25 05:45:57,day,economics,66,0x5feb9ad581c58ee94710572bb6af15b92dd9693a,129.9274343899997,0.0,0x791898ea586742eb8e1909f01523f743f62280f2
2026-07-25 05:45:57,day,economics,67,0x43cb4ae1f4ddc9e671486c79c9f40a6fd98b84df,123.6096404080005,0.0,0x43cb4Ae1f4dDC9E671486C79c9F40A6fd98B84Df-1761656284271
2026-07-25 05:45:57,day,economics,68,0x00425c692a667981118f679ef68fdc775257321e,123.05369437900663,0.0,99problems123
2026-07-25 05:45:57,day,economics,69,0xfa8fc6a3e706bc4aa7556d060564c154322ad61b,122.71033518698823,0.0,singaporesling
2026-07-25 05:45:57,day,economics,70,0x3eedf40fc4b73cf145b6e5e35d7c6ca645e4cb2a,121.78183901150032,0.0,RewardsMafia
2026-07-25 05:45:57,day,economics,71,0x71ed0bc95433cdf1be29f43219725fce9addd9eb,110.00057157104311,0.0,d1k21
2026-07-25 05:45:57,day,economics,72,0xa5fda0340959e67ef9de8bc5caf1c502c6f736d1,105.44152912499976,10000.0,88blitzcrank
2026-07-25 05:45:57,day,economics,73,0x1d5f88f1b97317cccad804374e5bd847512e634d,104.61498126831793,184.999997,firegold
2026-07-25 05:45:57,day,economics,74,0xb619ed5b378053f8309c307d2f7adf9c13665068,102.0799770209992,0.0,tnl
2026-07-25 05:45:57,day,economics,75,0x8ce90a2cc0d57a2a88c91839a427a7e466edea32,95.86900999999978,0.0,santaclaws
2026-07-25 05:45:57,day,economics,76,0x68c24bf4a8ad4d79a6fe4b8eec6f93a02dfd1711,93.5445698900221,0.0,mombil
2026-07-25 05:45:57,day,economics,77,0x30f67d821c57a54e25e5e521dbd3b5b18309004f,93.19951086899982,45.0,shiifoo
2026-07-25 05:45:57,day,economics,78,0xc02147dee42356b7a4edbb1c35ac4ffa95f61fa8,92.35882251568546,10984.43,Eatpraylove
2026-07-25 05:45:57,day,economics,79,0x2f26606ccc45a934838a97d44a30c32012ae0d8f,91.65499839310087,751.3100000000001,GUINESS123
2026-07-25 05:45:57,day,economics,80,0x9baebe30d1cefe0ac5be4be85189c9fa33e95d34,89.12426345800077,0.0,tinman2
2026-07-25 05:45:57,day,economics,81,0x5e73afb20c2b27caccdaad9e49b97fd336576697,88.5790957750005,0.0,Newshound
2026-07-25 05:45:57,day,economics,82,0x14619de097b1fbe058d6d36282662c20958a30a1,87.99004443000058,0.0,fwed33
2026-07-25 05:45:57,day,economics,83,0xed856be29d1952965c70d9b0607d7b86ed10f876,85.80003453999961,0.0,YYW
2026-07-25 05:45:57,day,economics,84,0x44cf1adbef03497ae2f469bd9cd5da3de6e02211,85.65748167000038,0.0,Chandaria
2026-07-25 05:45:57,day,economics,85,0x79d980791ab82aff891eee32d41b4e1fbb07baec,83.0,0.0,skibabiba
2026-07-25 05:45:57,day,economics,86,0xffd21411e46b606fe4a4e6843f6656aea1e7d7ae,82.74331875649932,0.0,NoPeeking
2026-07-25 05:45:57,day,economics,87,0xe25a84f2a1f1896686e6ec6dd92703e512907f82,82.02221929000098,0.0,ibear
2026-07-25 05:45:57,day,economics,88,0x48fe8fa8872b73e61307b0df1a7329e8db21e6e4,80.38123457999973,0.0,zzzzzgggg
2026-07-25 05:45:57,day,economics,89,0xd24b5b9847c6c2cb91c273eb2264bcfa677f2dfe,80.21085640700015,0.0,leoeagle
2026-07-25 05:45:57,day,economics,90,0xe9076a87c5ed90ef16e6fe6529c943baeca0cff6,75.53616432681156,3546.887623,suntori
2026-07-25 05:45:57,day,economics,91,0xe000e1dd06d3d17dc943dc9215a2e166efd5cbb1,75.1844801139996,0.0,whumpa
2026-07-25 05:45:57,day,economics,92,0x05f6cb63d4ffdfaecd7ad8acd0765b6f6a5a25a1,71.73945468500006,0.0,ethBELIVER
2026-07-25 05:45:57,day,economics,93,0xcf070b9ed273abd6185a4253713ce8e64c0ec770,70.87370100000044,0.0,MaxEnt
2026-07-25 05:45:57,day,economics,94,0x347b13dbf510484f2c7d0ced7e3e2c40f4f1c9bc,70.66336152000036,0.0,mehanizator
2026-07-25 05:45:57,day,economics,95,0x60ab628a82cdf7b9274ff1587f1b30211b763206,69.40934968950023,0.0,Odysseus.
2026-07-25 05:45:57,day,economics,96,0x4e73ac0d5566022622b93246b4daf733319c67e6,67.2242395099995,0.0,Pelle123
2026-07-25 05:45:57,day,economics,97,0x29c3f73dd1e62914809ad93b5c55af7a27ddcd63,66.49989564000089,0.0,porkbun
2026-07-25 05:45:57,day,economics,98,0xb25d2d8100bb0ac29e886c526c74c0871386d127,66.00307999999995,0.0,ThetaDecay2005
2026-07-25 05:45:57,day,economics,99,0xec981ed70ae69c5cbcac08c1ba063e734f6bafcd,65.99986875900186,0.0,0xheavy888
2026-07-25 05:45:57,day,economics,100,0x07d4245464dc4fa05d0b3f084d82482462dc8991,65.30384032999837,0.0,Wojtek
2026-07-25 05:45:57,day,tech,1,0x511f9c771449162349795d17becf8b37031acbe1,1927.2486368924983,893.5461399999999,Bigggggggg
2026-07-25 05:45:57,day,tech,2,0xf920812a747ec629158d06cae571167fa2149dff,1243.0632000000005,0.0,Fderer
2026-07-25 05:45:57,day,tech,3,0xcfff4295288ee29f75a38a7028611b7c1e93673d,1225.2841219605,383.35,graynotebook19
2026-07-25 05:45:57,day,tech,4,0xd59bc663f0825384724f4e858115769e6b9697c2,776.3687999999997,0.0,alabab
2026-07-25 05:45:57,day,tech,5,0x03805a13a0b3e058f55f6c6af95389d4f431073d,660.3203697147037,502.538543,donthackme
2026-07-25 05:45:57,day,tech,6,0x2b5920274740ca61745eeb077587bf5bb4ff9db6,480.09527999999864,1095.0,aHjCz
2026-07-25 05:45:57,day,tech,7,0x2b9dbf4b6e0e11309a9d6d2a09b72f65f652adc0,338.9897900000037,0.0,seal7
2026-07-25 05:45:57,day,tech,8,0xc5187cb669690150643ba2f9aac6b7d98d212594,337.1396845467307,150.754178,mustbethewater
2026-07-25 05:45:57,day,tech,9,0x7bbf09fc724e3ca90332e17d4f352b3cbc0f7ce5,274.0122415400001,155.38343700000001,pestanimal
2026-07-25 05:45:57,day,tech,10,0xb89f5425341719d298dc2f5b9a92374f5fde1c44,263.37021835299674,37.98,iutwpfal
2026-07-25 05:45:57,day,tech,11,0x564f22744b7941ade18d5e0e4f347c30e3057026,218.99153205850416,4062.16,molodoyy
2026-07-25 05:45:57,day,tech,12,0x5e84743ad0515699b7adf2588de4c3032d538e88,202.52033263600032,0.0,Cbb.
2026-07-25 05:45:57,day,tech,13,0xd029b13f2e562c77e2db3e5eda140cee79a44fc1,144.17603719999897,83.43,bignewsagencypro
2026-07-25 05:45:57,day,tech,14,0x1a3d83418c5fa02a0478e4f769649fda5e12fea1,142.61324196200002,0.0,betmandown
2026-07-25 05:45:57,day,tech,15,0xc004b035b67be284e0d1db56c39e865df6cac095,130.1371745850002,0.0,LoveEATINGPOOP
2026-07-25 05:45:57,day,tech,16,0x96489abcb9f583d6835c8ef95ffc923d05a86825,123.4862029659198,53.99,anoin123
2026-07-25 05:45:57,day,tech,17,0x714dc01f64bcd045221757aee513b702623ec177,118.62959897149995,0.0,
2026-07-25 05:45:57,day,tech,18,0x764b305694b026c1acce7bf862c3b5456a146bad,108.83266364700057,406.05,quietparcel
2026-07-25 05:45:57,day,tech,19,0x38f50488b14a87769e0c5cd6c514b6c2e8ec6824,106.42524999999978,0.0,canadastan
2026-07-25 05:45:57,day,tech,20,0x7d1bb9f000e5fce13db3a0927b64aa38e69de75c,99.86483084299977,427.0,bmtr
2026-07-25 05:45:57,day,tech,21,0xc74a96b8a834677cc2ab2dd579e525134d11f01b,83.8408548869993,0.0,Popopolly
2026-07-25 05:45:57,day,tech,22,0xfd59791f361f6aed2960d5923eed702887300231,74.38398563300018,0.0,conherence
2026-07-25 05:45:57,day,tech,23,0xac6df7373c5a483443054e7ae8ac6d9eca7d0fcb,72.15705900437703,45.272856000000004,svuxvwhxbxb
2026-07-25 05:45:57,day,tech,24,0xb0c85813a7a4428f1139ff91d3118a92c391fe7f,71.61586519712,353.36858900000004,DoctorWhoooo
2026-07-25 05:45:57,day,tech,25,0x613b668ef24d3a37417cb5756c5943cae761da44,69.36337213364902,878.274743,613b668ef24D3A37417cb5756c5943cae761DA44.
2026-07-25 05:45:57,day,tech,26,0x43cb4ae1f4ddc9e671486c79c9f40a6fd98b84df,68.06783227603933,2442.7400000000002,0x43cb4Ae1f4dDC9E671486C79c9F40A6fd98B84Df-1761656284271
2026-07-25 05:45:57,day,tech,27,0xa5d833a23bc19b7d38adcbee7c117a8f421eff3a,64.96238290200006,0.0,0xA5d833A23bC19B7D38ADcBEE7c117A8F421EFF3A-1779306353525
2026-07-25 05:45:57,day,tech,28,0x173314380de52766200850634f85a1b7a88b9411,63.52248000000009,0.0,cmarx
2026-07-25 05:45:57,day,tech,29,0xc8ab97a9089a9ff7e6ef0688e6e591a066946418,62.21978226572173,866.3447180000001,ArmageddonRewardsBilly
2026-07-25 05:45:57,day,tech,30,0xec4ddb228b18c52b1093cf43b1b834584450be21,61.25779696500001,0.0,
2026-07-25 05:45:57,day,tech,31,0x389a21fa2e2445c7f8b915b45b9b009bd641397d,60.51122942919221,97.13,SPY-KT
2026-07-25 05:45:57,day,tech,32,0x9f208e85f326f865077fffa68b32d8b0e2bc12c3,59.90873012600059,238.47,mildwindow27
2026-07-25 05:45:57,day,tech,33,0x4a2be7a7e6e3b41dc2de00706b4c09660ca9af20,59.13999214600017,0.0,troim
2026-07-25 05:45:57,day,tech,34,0xe9130925779ee85a19d205fc436af2c51501ffb5,57.086163344000056,0.0,0xe9130925779Ee85a19D205FC436af2C51501ffb5-1772934701702
2026-07-25 05:45:57,day,tech,35,0x1b05bd905de098e6ea96f13835ccdcb5d2733455,55.99924915200006,0.0,moshinfu
2026-07-25 05:45:57,day,tech,36,0x1ee9a5fc09665909c0cce297c581703bfbb9197f,49.83359138942001,1381.81,vinii
2026-07-25 05:45:57,day,tech,37,0xe8c4d68aff65b38cac46987b9b65e01eb47d395d,47.22437488799983,0.0,JAMJAMJAM4
2026-07-25 05:45:57,day,tech,38,0xbeb9d19f10274da29f21625a2c91fa5a00fd3870,46.66746999999941,0.0,AnonymousElephant69
2026-07-25 05:45:57,day,tech,39,0xad5353afe30c2da57709e2704ef3ccdcf67eef24,45.45410768397596,627.109179,AJSV
2026-07-25 05:45:57,day,tech,40,0xcdf82242c9984bd8d274085ab54165633c54b8ea,44.10588500000017,0.0,momo513
2026-07-25 05:45:57,day,tech,41,0xe38ee6bef3ea40daac3e3adc2fca23ba456850c8,43.80445220800016,0.0,CryptoBizzi2
2026-07-25 05:45:57,day,tech,42,0x3cb1a3631e49257e311d40051066ab074c765e96,43.239999999999895,0.0,okada
2026-07-25 05:45:57,day,tech,43,0x355e5ae20cc1a3a2164f818e4bac8d22dd72a038,42.21678873183737,501.48,Olcan
2026-07-25 05:45:57,day,tech,44,0xbadaf319415c17f28824a43ae0cd912b9d84d874,41.386672795499976,80.0,
2026-07-25 05:45:57,day,tech,45,0xe1b361d6a6f237b9ed7534d19b232df8369e1426,40.853568069001994,0.0,tja
2026-07-25 05:45:57,day,tech,46,0x250c209da4b8cd7543a12eed529efc68b6982774,39.72283696200006,0.0,acal
2026-07-25 05:45:57,day,tech,47,0xe9076a87c5ed90ef16e6fe6529c943baeca0cff6,39.177713670171215,39.183672,suntori
2026-07-25 05:45:57,day,tech,48,0xf1b44eec7ad00638c5d240d6714467b0f0ef8383,38.55583621999999,0.0,kokofai
2026-07-25 05:45:57,day,tech,49,0x3814ab5777a6cebc33facb96b5f666311d4b588d,38.39715389400003,0.0,xjp
2026-07-25 05:45:57,day,tech,50,0x5004213415863da95aa87c364cfa90eeb7f29999,37.00930000000003,0.0,
2026-07-25 05:45:57,day,tech,51,0xa58f1b12615a81473f8668bed71019ea6650fd67,36.747043716500045,0.0,telaviv
2026-07-25 05:45:57,day,tech,52,0x46f660832a2cb12ce00885e57a7e4c8f130cb9d6,35.42434470400002,0.0,QIAOmain
2026-07-25 05:45:57,day,tech,53,0x04fc47f282f7ebbaafa849e787f81b43a6720e31,35.355179991000114,0.0,jbr
2026-07-25 05:45:57,day,tech,54,0x74c1ab9a43700aa6d9ea30577c004a8cc0f1ab9b,35.000778074999964,0.0,sunflwr
2026-07-25 05:45:57,day,tech,55,0xb52245e13bb87b4f2db64c13a9f761222e323ebb,34.614157994999914,0.0,0xB52245e13Bb87b4f2db64c13A9F761222E323eBb-1772155836970
2026-07-25 05:45:57,day,tech,56,0x6a4108acbd1a3bbf66f0ba5effafd0cb92759c15,34.28337,0.0,woggioni
2026-07-25 05:45:57,day,tech,57,0xb619ed5b378053f8309c307d2f7adf9c13665068,33.33300000000054,0.0,tnl
2026-07-25 05:45:57,day,tech,58,0x66248f941870d47d0845da7a227c0b099d6f4cd1,32.55475312899989,0.0,
2026-07-25 05:45:57,day,tech,59,0xd0de227553db9a748cb6265820df346452672ef6,32.35893856949998,0.0,ab54545ba
2026-07-25 05:45:57,day,tech,60,0x74957ea27ac4fbdee46d861fdae357859ff67fcf,32.290501058302596,1044.3474700000002,LornaPredicts
2026-07-25 05:45:57,day,tech,61,0x4ac989d73d9e8802075724a1aff23ef39201cf1a,32.112368567999965,0.0,TheKinginYellow
2026-07-25 05:45:57,day,tech,62,0x9aeb534c42b58b21673d5e03e9da14fbd15b2729,30.080119999998715,0.0,The-Joker
2026-07-25 05:45:57,day,tech,63,0xfc915907cf315161de19dbd0390787bdb84931eb,29.97775871999994,619.58,
2026-07-25 05:45:57,day,tech,64,0xf08c827f8bccc70f51686be5538611fa696a91e9,29.77878999999939,0.0,Tourte-chaude
2026-07-25 05:45:57,day,tech,65,0x7fd3fe6580b5b944e32701fdbba0c0ef4991e662,29.684999999999945,0.0,7153649820
2026-07-25 05:45:57,day,tech,66,0xc4b2930b0feb1c0fab13c0b75c9fef34fea09a9b,29.56787178649995,0.0,datajesse
2026-07-25 05:45:57,day,tech,67,0x419199360647609ef4b17b1f1dff1041c15c569f,28.518560000000036,0.0,Aussxx
2026-07-25 05:45:57,day,tech,68,0xf42f4a4211d058cd109d503cf13f7bcdfc82a6a7,28.0,0.0,Sardinianshepherd
2026-07-25 05:45:57,day,tech,69,0x2117912fee43e703fe9626fc934ad8653cf39bed,27.99944,0.0,erzhuron
2026-07-25 05:45:57,day,tech,70,0xa2770432a5e6bd24c347c976b0d815db1f2c1182,27.73448804000003,0.0,0xA2770432A5E6Bd24c347c976b0D815db1f2C1182-1760945846787
2026-07-25 05:45:57,day,tech,71,0x714f682e577a6892ee921290fd6ad213d11266d5,26.74140203999923,0.0,Poivre
2026-07-25 05:45:57,day,tech,72,0xd218e474776403a330142299f7796e8ba32eb5c9,26.623836817521806,0.0,cigarettes
2026-07-25 05:45:57,day,tech,73,0x4138065c69134ea0fcfd13f8664a818dafbf6a24,26.422514999999862,0.0,Rox44
2026-07-25 05:45:57,day,tech,74,0xd905e9d1f8e8848b9aa1d5383a6efb573c6dad7c,26.059506954000653,0.0,Da-Joker
2026-07-25 05:45:57,day,tech,75,0x2b340fca886b3c7a2cc928c4a89162133fe4b202,25.432772095000004,811.416665,Fluo
2026-07-25 05:45:57,day,tech,76,0x2a019dc0089ea8c6edbbafc8a7cc9ba77b4b6397,25.252849302498362,0.0,aviato
2026-07-25 05:45:57,day,tech,77,0x4d024ca7cc33791eb197285f685dbfc3a0fe2ad3,25.132614882,0.0,sunnynotbunny
2026-07-25 05:45:57,day,tech,78,0x4062e7a68f71aa50b5e9701c4c109112f1a76952,24.798539999999775,0.0,wsbwxf
2026-07-25 05:45:57,day,tech,79,0x99984e22205053950eb25453779267bcc1aee858,23.999815000000012,499.998,skybuyer24
2026-07-25 05:45:57,day,tech,80,0xd2f6b6b2d82a88ec6322e82f0096c6e7f11b736f,23.89603850499998,0.0,Salimjs
2026-07-25 05:45:57,day,tech,81,0x97cf8743ddf387db269a76941b6af1d26974c6eb,23.281260000000202,0.0,0x97CF8743dDF387dB269A76941B6aF1d26974c6eb-1769747285159
2026-07-25 05:45:57,day,tech,82,0x5cd5c8d7a17c78d7389d8b87b611aed83322ac33,23.11949833249878,0.0,nonkenny90
2026-07-25 05:45:57,day,tech,83,0x49e94011df9060dcc367995892faeb193e348f85,23.052660000000287,0.0,MoonLambo1205
2026-07-25 05:45:57,day,tech,84,0x58c028e7c41ba7ef2bde2142cd371cf491661c8e,22.683030443999996,0.0,residual
2026-07-25 05:45:57,day,tech,85,0x1b6022ae41ad7a0b387a88c17885c754436ca55b,22.40030591750005,0.0,Outsmarter
2026-07-25 05:45:57,day,tech,86,0xae31c5daff96da901abfbebcff6fd81c0c367fa1,22.100960000000036,0.0,EUfirst
2026-07-25 05:45:57,day,tech,87,0x4266d3aeedfb1a99f8a79406d97e2b230c725305,21.10244001000035,0.0,hulinali
2026-07-25 05:45:57,day,tech,88,0xdb011e86dff806a117edb1d8196913864a70869a,21.0252050000002,0.0,linxy
2026-07-25 05:45:57,day,tech,89,0xc412fdbe9956c2e242e8b45fae131c3e8598592d,20.982034324499637,0.0,BetterFish
2026-07-25 05:45:57,day,tech,90,0xd8c18c730ec4ec15d776c15cf2e4a38bca0916c0,20.33857323700005,0.0,rwcoffee
2026-07-25 05:45:57,day,tech,91,0x56e3d9a06d455e0eac8a60a639451ad3252281cc,19.838310000000092,0.0,bartholomew31
2026-07-25 05:45:57,day,tech,92,0x5d91954919c7c729cc0dc4c82c62d336132f3578,19.725989191999986,0.0,TralaleloTralalala
2026-07-25 05:45:57,day,tech,93,0xd5e22e9c1a958e5dc437f3d7ef34cf388c3fbd16,19.1522923834998,0.0,Neumann97
2026-07-25 05:45:57,day,tech,94,0xce160a70a209d267c86b0f949daadd0130459543,19.054533996000828,0.0,soyo15
2026-07-25 05:45:57,day,tech,95,0xb17d4706e45bf0935acc338162bd40af837e59ae,18.370021812999994,99.99000000000001,Mithrandir.
2026-07-25 05:45:57,day,tech,96,0xb477b6a013980f8013cd5b488fd280c2c53f673e,18.33459599752801,381.079285,Jumbajuz
2026-07-25 05:45:57,day,tech,97,0x01535cf354b5437a93312e0cd47720b20b4c89d6,17.97638886499999,0.0,davida12
2026-07-25 05:45:57,day,tech,98,0x6f1b9c7edd70f94e155c4f9ffa27c46c686deb22,17.545410000000032,225.0,Damien3030
2026-07-25 05:45:57,day,tech,99,0xb7f207db7f63680338911235c7edbeca65181f23,16.928800000000024,0.0,soday
2026-07-25 05:45:57,day,tech,100,0xefa5ab06e3252dd8f3174b64383252b5c55224a6,16.678322895000747,0.0,wwf123
