timestamp,timeframe,category,rank,address,pnl,volume,userName
2026-10-08 10:13:06,day,overall,1,0x2c335066fe58fe9237c3d3dc7b275c2a034a0563,215348.10084550607,956967.9451989998,0x2c335066FE58fe9237c3d3Dc7b275C2a034a0563-1759935795465
2026-10-08 10:13:06,day,overall,2,0x5268527977f700f9bf9b6d5cd843859e4e70135d,175079.9252919338,1440627.1289519998,HomeRunHazard
2026-10-08 10:13:06,day,overall,3,0x7ad71d79a3bb90d0a87a06500fa0fe11663842aa,126298.778560985,0.0,theowalcott
2026-10-08 10:13:06,day,overall,4,0xd38b71f3e8ed1af71983e5c309eac3dfa9b35029,95814.65556014997,212628.07770300002,primm
2026-10-08 10:13:06,day,overall,5,0xe4a57385a34b0b32fd86be72efd25cda41003cad,66226.64455864501,74079.00660600001,chubbytoro
2026-10-08 10:13:06,day,overall,6,0x84ec4b5b2dbf75d07041b7b89f0a82647e3a72c1,57673.045666599995,15539.419808,FeedTheBigBird
2026-10-08 10:13:06,day,overall,7,0x17c4f7e008fe22d69865f73f29329b6e76b92471,53567.796610410005,0.0,0x17C4f7E008fE22D69865F73f29329B6E76B92471-1780774412121
2026-10-08 10:13:06,day,overall,8,0x2759769cd371bee44ec5bfc5e72c7f1f092b2b38,47017.788891645,0.0,SharkbetX-com
2026-10-08 10:13:06,day,overall,9,0x2a69660046d7acc4ab204d7cc5ba78b0776cd2f7,41018.6814522284,387659.81754400005,UpTheBlues
2026-10-08 10:13:06,day,overall,10,0xa96274cc1b321afc8cbdc1ba07f7e2d471e6f7c8,37991.247633465005,0.0,Takon88
2026-10-08 10:13:06,day,overall,11,0x0346afae2603313d2bbee96b628536c8cbe352a5,37706.04535439692,149742.4070209999,GoalLineGhost
2026-10-08 10:13:06,day,overall,12,0x32b484581fc5606de9c1e43af4636b6be9bc8b21,36794.93013207592,481899.11268799996,0x32b484581fc5606dE9C1e43AF4636b6Be9BC8B21-1774274303653
2026-10-08 10:13:06,day,overall,13,0xa2cced8bfae7d645f7f437fb76becf2fcbb70cbc,34499.92255854,0.0,justwins
2026-10-08 10:13:06,day,overall,14,0x1610db79f753a80207e1d66716be9e91e627ae49,31912.349100000007,0.0,NS13
2026-10-08 10:13:06,day,overall,15,0x684baa57c338c2549aec0aa3f034f695d72a8409,31482.394817820015,56375.35757200001,monkeymashingkeyboard
2026-10-08 10:13:06,day,overall,16,0xaa075924e1dc7cff3b9fab67401126338c4d2125,30500.679820940008,13748.389210000001,rustin
2026-10-08 10:13:06,day,overall,17,0x231699490d08919d8f1d3f0b90fd2a677e3e9819,28946.429645344382,23677.954338999996,beeepbeep
2026-10-08 10:13:06,day,overall,18,0xb8ef617fd5d960e61e56c50d2971697300b32864,27046.404147906986,46312.60315300002,no1dodgersfan
2026-10-08 10:13:06,day,overall,19,0xe7870d0e1bfc65a23e3d66caf00ca1b9129e5034,23496.72290123,56993.445804999996,Kkunn
2026-10-08 10:13:06,day,overall,20,0xa38a455bbdd4b68486548b7e19da99903f4f821d,23243.70320589259,215596.67244000002,takeormake
2026-10-08 10:13:06,day,overall,21,0x20d6436849f930584892730c7f96ebb2ac763856,20687.003272289992,16870.58,0x20D6436849F930584892730C7F96eBB2Ac763856-1768642056357
2026-10-08 10:13:06,day,overall,22,0x9e3ed7b661a903fc97afcf49e0f014ebe869f882,19803.08140256037,270906.7749000003,0x9e3ed7b661a903fc97afcf49e0f014ebe869f882-1783406009396
2026-10-08 10:13:06,day,overall,23,0x4f1d5ae26fc31472966e951af3183308736d8de2,19787.07637312191,13763.217895999991,e46m3
2026-10-08 10:13:06,day,overall,24,0x3435519d1d620440c7dab8b5c9ec5d79c1a5a1ed,19250.464130770022,238554.52818199998,veliMax
2026-10-08 10:13:06,day,overall,25,0x9703676286b93c2eca71ca96e8757104519a69c2,17246.722766083985,50970.64657699999,AnonymousUsername
2026-10-08 10:13:06,day,overall,26,0x111f73e91f85b6fe4de1ddec3de2fe32122e355b,17118.496152374995,0.0,Papeasy
2026-10-08 10:13:06,day,overall,27,0xee88371850f0e1332c526e1b8e6f43a7e3ef2826,16190.716987906031,53396.041747999996,comboseoa
2026-10-08 10:13:06,day,overall,28,0x16bb9951a36fce71e2ef57890b786145e0ba8492,15369.41840000001,0.0,0x16bb9951a36fce71e2ef57890b786145e0ba8492
2026-10-08 10:13:06,day,overall,29,0x45e40dbee6f546c7b318498f8c9778560f5a7e20,15135.434603883496,27725.465809,fastball67
2026-10-08 10:13:06,day,overall,30,0x26cf4a41eb49f0c560d32a2d2e4f45715e47c612,15119.865786109473,81529.45788299998,technician2
2026-10-08 10:13:06,day,overall,31,0x4f29e103339919c4baaea2a60195cf1c8bb27a7e,14806.539973775023,370241.2856919998,0x4f2
2026-10-08 10:13:06,day,overall,32,0xa0f21e6d351baa9185716b5c00c2925ed9621848,14753.107628019037,62500.493174,0xa0f21e6d351baa9185716b5c00c2925ed9621848
2026-10-08 10:13:06,day,overall,33,0x96489abcb9f583d6835c8ef95ffc923d05a86825,14325.381678776175,160559.60969000004,anoin123
2026-10-08 10:13:06,day,overall,34,0x56acab44cfca2e88bb9b3406890aea7bfa0cd77e,14243.414500000014,1623.75,dv-pm
2026-10-08 10:13:06,day,overall,35,0x1f624696c102b99bea92c75a502fa7e4a6d676f6,13823.549902244064,43153.30063299999,emacron
2026-10-08 10:13:06,day,overall,36,0xbeb1c94b4260398f93f418e349a15a40b2ae4687,13512.953537255002,8187.333479999999,Ne8om
2026-10-08 10:13:06,day,overall,37,0x0235dc24b38772bf3339a9e5ec5db3d3a05fcee5,12996.185475497507,22016.326413,darkumbreon88
2026-10-08 10:13:06,day,overall,38,0x2005d16a84ceefa912d4e380cd32e7ff827875ea,12430.174262930363,986794.9817209999,RN1
2026-10-08 10:13:06,day,overall,39,0x664a25f165a0150ce687410470f3352f5783fc5f,12377.369504273998,147293.40251200006,itsonlyamatteroftime
2026-10-08 10:13:06,day,overall,40,0xe6535d86446728d567f4929557c2c4eb3cdbc4a7,11878.866097999997,24455.822092,Kluivert9
2026-10-08 10:13:06,day,overall,41,0x3dfb153c197d4c19d3b31c1ecd2c7b6860eeabaf,11374.72579013399,149209.699647,0x3DFb153c197D4C19D3B31c1ecD2c7B6860eeabAf-1722957908185
2026-10-08 10:13:06,day,overall,42,0x955c9661bf6e010beff0ba896a49f715a8c8990f,10803.167149999997,0.0,0x955c9661bf6e010beff0ba896a49f715a8c8990f
2026-10-08 10:13:06,day,overall,43,0x0a854897a06d4999e5b2dde5693609f1428ffe9d,10563.789893520006,0.0,TheQuietRisk
2026-10-08 10:13:06,day,overall,44,0x38e59b36aae31b164200d0cad7c3fe5e0ee795e7,10152.505232997473,33499.99333399999,cowcat
2026-10-08 10:13:06,day,overall,45,0x3e04fbc51adb75418129f6ce2091ae633070564d,10096.936398015,24487.498658000004,roldy
2026-10-08 10:13:06,day,overall,46,0x32bb3f0f842da76d3c3bba7d6d76376334733c1a,10054.337471448998,88192.58929399998,Limousin
2026-10-08 10:13:06,day,overall,47,0x696de7b6e43f45378f60402b9fccff9c7484f89d,9851.511819050007,0.0,xm39
2026-10-08 10:13:06,day,overall,48,0xccd81fbd3395dc43a0531f8484b21c2462daf4de,9824.32924737905,25407.95,0F62
2026-10-08 10:13:06,day,overall,49,0x0e64bde21d716711fbe59095eb0c88fae55e336d,9821.077483839996,64123.45348099999,KioskJammer
2026-10-08 10:13:06,day,overall,50,0x07db5765beba17be154cbfbd6324a15f3c81fa4f,9745.120814151836,37090.05559,PLACEYOURBETS123
2026-10-08 10:13:06,day,overall,51,0x051adea0d16c85df8a8a9c7e400e0655905d1db9,9268.1912307575,56363.421317000015,LightParadox
2026-10-08 10:13:06,day,overall,52,0xfb07f48542d2b655e9d0bf1cc92a8a6feee8e2cc,9196.846314877006,24945.915546999997,0xfB07F48542d2b655e9D0Bf1cC92a8a6Feee8e2cC-1782415802542
2026-10-08 10:13:06,day,overall,53,0x0e604be17c231a33dc01e38a722c7fe3984e3bad,9141.684562075,8094.32,0xwise
2026-10-08 10:13:06,day,overall,54,0xf20b60cc9b8e97cb7678e8ab67bcc3480839e27d,8773.86456806832,4625.936052,GOLDCRYPT12
2026-10-08 10:13:06,day,overall,55,0xb9392e612a5b05063ca012b5dede548e16e5da70,8632.554345999999,10941.470876,IcemanSeason
2026-10-08 10:13:06,day,overall,56,0xb10bf118b2a3c1cff0379a4134a82eb6d51e0b04,8512.466251959995,1000.0,saintaphextwin
2026-10-08 10:13:06,day,overall,57,0x2d6ac4f70307102ac46e9e6ded67f3838ddf8add,8381.364327224013,44660.956976,GC-P
2026-10-08 10:13:06,day,overall,58,0xbb6418f9db6d1c765965dc4c9d48cd5b4d2bdb86,8310.295201352503,39387.82071400001,MadridTime
2026-10-08 10:13:06,day,overall,59,0x8c80d213c0cbad777d06ee3f58f6ca4bc03102c3,8164.994617501041,0.0,SecondWindCapital
2026-10-08 10:13:06,day,overall,60,0xec981ed70ae69c5cbcac08c1ba063e734f6bafcd,7970.456126969977,27510.182581,0xheavy888
2026-10-08 10:13:06,day,overall,61,0x15508cacc0af5bdb52874a315b156a9d7a645481,7818.8385,0.0,Medo3D
2026-10-08 10:13:06,day,overall,62,0x6d3c5bd13984b2de47c3a88ddc455309aab3d294,7460.638100564436,262899.9622160002,VeryLucky888
2026-10-08 10:13:06,day,overall,63,0xe8c4d68aff65b38cac46987b9b65e01eb47d395d,7430.350613752478,15726.987977,JAMJAMJAM4
2026-10-08 10:13:06,day,overall,64,0x06dc51826bc524d9a83770e7de9dd7e005b04524,7353.673462787112,398882.90301099984,0x06dc51826bc524d9a83770e7de9dd7e005b0452
2026-10-08 10:13:06,day,overall,65,0x42d150e0171590b28332a61b3f4cfca0a34cdab6,7095.742508058203,0.0,notprofitabl
2026-10-08 10:13:06,day,overall,66,0x224f7ef690d952cf551a471846d5afb4892e514a,6990.317109180001,30973.644398999997,WeBuyHighWeSelllow
2026-10-08 10:13:06,day,overall,67,0x01e6e3c5cfe50943e7721398054cb1e22032e7e0,6916.997349632928,46903.70854999999,JustADonk
2026-10-08 10:13:06,day,overall,68,0x3eb3acfabb3efb4a68cc5d61e495e1c9d3f24d75,6844.23119172,106503.697942,0x3EB3ACfabB3efB4a68cC5D61E495e1C9D3f24D75-1761113946705
2026-10-08 10:13:06,day,overall,69,0x8efa1ea8ee2d456a051ae2985079a1e3c9aa894c,6807.594939400002,5006.490197,0x8efa1ea8ee2d456a051ae2985079a1e3c9aa894c
2026-10-08 10:13:06,day,overall,70,0x0c0e270cf879583d6a0142fc817e05b768d0434e,6715.816941514713,70708.825,The Spirit of Ukraine>UMA
2026-10-08 10:13:06,day,overall,71,0xa22b401134ab14f9de70809b625428f8c5c73525,6666.666667000001,16666.666667,FBIG
2026-10-08 10:13:06,day,overall,72,0x168fd826a1f30c1752f221b74a7a1316c54f6424,6650.706799999998,22500.0,printmon
2026-10-08 10:13:06,day,overall,73,0x2117ae94a97d69b78cbc81b6680a62deb1955c26,6422.141882259466,6391.993765,Zzzz87
2026-10-08 10:13:06,day,overall,74,0x2b344112f63e69a2e411b0cb7f200cbc0051176e,6410.078449749999,0.0,MAGATheeStallion
2026-10-08 10:13:06,day,overall,75,0xb0e74df9430a089aa102e2207af5fde1967439d2,6404.060961767025,0.0,0xb0e74DF9430A089Aa102e2207Af5fde1967439D2-1789545517033
2026-10-08 10:13:06,day,overall,76,0xc6e956068048c1cf98d8f0b3a495edc9da130741,6366.50585783496,17468.245908,luck00004
2026-10-08 10:13:06,day,overall,77,0x5c6ec9d90a5bde7a09dd1fad6a33ab9d7f024d5b,6301.033543999997,16697.647928,maanulika
2026-10-08 10:13:06,day,overall,78,0x7e3a1f95c558f39a51ff334d789e3e039b553246,6099.107750000003,25231.670000000002,KaneAnalytics
2026-10-08 10:13:06,day,overall,79,0xc7285a98c485b4350ce50fa0b67f067693de3e5b,5951.826924283999,16439.613042,0xc7285A98C485b4350cE50fA0B67f067693dE3E5b-1768074690253
2026-10-08 10:13:06,day,overall,80,0xf705fa045201391d9632b7f3cde06a5e24453ca7,5806.867257546982,34085.751533,0xf705fa045201391d9632b7f3cde06a5e24453ca7
2026-10-08 10:13:06,day,overall,81,0xdc41c39b95453c943174f369926018f6963bdd7e,5706.255120565009,138159.0,nigiri99
2026-10-08 10:13:06,day,overall,82,0x032eb1bc893940263ad0b01889f262fc232f2a9e,5677.174179590547,41680.18000000001,purplegatto
2026-10-08 10:13:06,day,overall,83,0xa16a1302ca05463f30faebeb5c045767fde233a1,5676.7679879999705,58484.55612300001,qwe258
2026-10-08 10:13:06,day,overall,84,0x26b10e052004ad97f37afba4de74376b2b85ffd8,5553.4967,30467.229487999997,Noha13
2026-10-08 10:13:06,day,overall,85,0xcf7379b4b891c06d88807f6f70efa75378120215,5545.238230092506,44666.97402,NM-P
2026-10-08 10:13:06,day,overall,86,0x3e1352a7659c914b6359359ad79b3eaa82769f22,5455.894283689995,98164.11374200002,soccergoat
2026-10-08 10:13:06,day,overall,87,0x84ad9c5c547a82ec9a08547b94bd922446e5bfb7,5409.492568384081,43627.57979499999,BillBenter2026
2026-10-08 10:13:06,day,overall,88,0x28ea3ec52d81664470663c8b17b84046a1e41fbe,5381.410256990001,0.0,ChampGamp
2026-10-08 10:13:06,day,overall,89,0x4a3ee82bca92a2cc2f04128443e54146939c2694,5327.6872788442415,41440.049051,rogerveer
2026-10-08 10:13:06,day,overall,90,0xc0e4f49b80a2162aa8c1c1ad1bd0867574e3dd38,5241.330430356502,158390.092961,dabossrealman
2026-10-08 10:13:06,day,overall,91,0x84cfffc3f16dcc353094de30d4a45226eccd2f63,5212.041935000033,0.0,mooseborzoi
2026-10-08 10:13:06,day,overall,92,0x389d2790cd8ead87028f68eaa7cfadb6c53f5866,5194.447520344489,10593.067292,0x389D2790cD8eaD87028F68eAa7CFadB6c53f5866-1767895502715
2026-10-08 10:13:06,day,overall,93,0xfe67df6e0c585e50cbe8bdcad804d980c6b8a2e8,5074.859545905858,20242.68852299998,youcanbuythisbot
2026-10-08 10:13:06,day,overall,94,0x19ae9efef67c685a8581d631d99267b1ff10395c,4990.212449782999,14828.84246,MaoZeDonK
2026-10-08 10:13:06,day,overall,95,0xe98c6194374418b1d1b27321f025bd64ac2c8792,4977.7327139399995,13176.3,0xe98c6194374418b1d1b27321f025bd64ac2c8792
2026-10-08 10:13:06,day,overall,96,0x00a5960cb5c93e1fabd67b380af61b79482af151,4832.339149550002,190310.025286,Scotty8153
2026-10-08 10:13:06,day,overall,97,0x98db8cca55c32b24cfb414b5b43d273f4e1fdd17,4753.8098512390025,66054.97035599999,Eulhunter
2026-10-08 10:13:06,day,overall,98,0x559b850620cd9ee1136d48484c1f374fc5d44959,4718.953941255,2420.0,facaigege
2026-10-08 10:13:06,day,overall,99,0x9f15613ebf1f36d4bc679e1211d1fc567cf9bdb3,4684.1475937715,14389.447276,0x9f15613ebf1f36d4bc679e1211d1fc567cf9bdb3
2026-10-08 10:13:06,day,overall,100,0xadfb6cba33cebca02eab6111ace1e3924b9cc2ef,4666.720007504993,16920.707509000007,KnightDasCapital
2026-10-08 10:13:06,day,politics,1,0x96489abcb9f583d6835c8ef95ffc923d05a86825,11311.027504340644,151049.90776100004,anoin123
2026-10-08 10:13:06,day,politics,2,0x0a854897a06d4999e5b2dde5693609f1428ffe9d,10563.789893520006,0.0,TheQuietRisk
2026-10-08 10:13:06,day,politics,3,0x696de7b6e43f45378f60402b9fccff9c7484f89d,9851.511819050007,0.0,xm39
2026-10-08 10:13:06,day,politics,4,0x8c80d213c0cbad777d06ee3f58f6ca4bc03102c3,8164.994617501041,0.0,SecondWindCapital
2026-10-08 10:13:06,day,politics,5,0x0c0e270cf879583d6a0142fc817e05b768d0434e,7531.181324915364,70708.825,The Spirit of Ukraine>UMA
2026-10-08 10:13:06,day,politics,6,0x389d2790cd8ead87028f68eaa7cfadb6c53f5866,5194.447520344489,10593.067292,0x389D2790cD8eaD87028F68eAa7CFadB6c53f5866-1767895502715
2026-10-08 10:13:06,day,politics,7,0x93fb8127a1b21a112b11af936361225df0563e4a,4790.292828137986,0.0,LlamaLoco0000
2026-10-08 10:13:06,day,politics,8,0xc8ab97a9089a9ff7e6ef0688e6e591a066946418,4192.847520150559,20807.316941,ArmageddonRewardsBilly
2026-10-08 10:13:06,day,politics,9,0x950ea3d54a52dca7ec54e7a0338812450268f8e5,4000.000267719988,0.0,onepingonly
2026-10-08 10:13:06,day,politics,10,0x515e2144bf38402568979db4ea7f6b64636c8309,3945.0819780925003,16980.820088000004,bullishkirby
2026-10-08 10:13:06,day,politics,11,0xf96dcefc4461a3c758e4f18494d28b73312a214b,3940.8154236599803,0.0,Andylow5
2026-10-08 10:13:06,day,politics,12,0x9592adb70397e9de67ba9abe6971e3f50fb7a7b8,3586.0632217090115,8785.58,meagainsttheworld
2026-10-08 10:13:06,day,politics,13,0x5d189e816b4149be00977c1a3c8840374aec4972,3531.640144461504,0.0,gloriafoster
2026-10-08 10:13:06,day,politics,14,0xa9801c16fd3fa7345916172a60951b3ba2d38080,3490.0745787960004,0.0,patma
2026-10-08 10:13:06,day,politics,15,0xb1ce0561c9f8bc04d27d0d7dcb09e7a9f460ced2,3448.185812293057,299188.74684900005,Ed2357
2026-10-08 10:13:06,day,politics,16,0x40cfb29411d29f4fa0908f2a121297042cccd21d,3260.614075872968,1298.23,whig
2026-10-08 10:13:06,day,politics,17,0x84cfffc3f16dcc353094de30d4a45226eccd2f63,3153.0552000000025,0.0,mooseborzoi
2026-10-08 10:13:06,day,politics,18,0x8afa03dd6974e44d00c4d14dcccb00c0ddf6adb6,3107.422726390935,12308.944782999999,stupid22
2026-10-08 10:13:06,day,politics,19,0x93abbc022ce98d6f45d4444b594791cc4b7a9723,3091.2726626159856,0.0,gatorr
2026-10-08 10:13:06,day,politics,20,0x011f2d377e56119fb09196dffb0948ae55711122,3040.8932271924787,121744.560945,11122
2026-10-08 10:13:06,day,politics,21,0x07a9bf6d9a913df0e149bb2d652998b57fd832c8,2867.5417298164684,0.0,ReedUpdatee
2026-10-08 10:13:06,day,politics,22,0xd1e8ad4614a160553cd51122e6a1110b7c0b27b1,2857.610443685491,0.0,alexhamilton
2026-10-08 10:13:06,day,politics,23,0xa0f21e6d351baa9185716b5c00c2925ed9621848,2804.7560357679554,7176.06,0xa0f21e6d351baa9185716b5c00c2925ed9621848
2026-10-08 10:13:06,day,politics,24,0x9e7296fc4776144f60db9a5943ff2051696599c4,2727.7036621375087,628.1975,carlos484
2026-10-08 10:13:06,day,politics,25,0x133ba4d001ae339bfb08631eead95c5dabe92f22,2706.2162747920024,5141.76,fsx45
2026-10-08 10:13:06,day,politics,26,0xcf19c420814435ffb1c459588208ed23a7ee6402,2613.3146589869966,1433.876593,0xcf19c420814435ffb1c459588208ed23a7ee6402
2026-10-08 10:13:06,day,politics,27,0xa5c3cc9b627d1ca2bd69b1490635713c717f6eca,2598.766094039997,1358.98,sumolive
2026-10-08 10:13:06,day,politics,28,0x68558d37cafd9e6612ab32863f55ccdd798f655a,2540.847680880004,0.0,The-insider-formerly-known-as-25xp
2026-10-08 10:13:06,day,politics,29,0xc8ec6d4cef5c5fe8409ef69303c37f05b678e8f1,2511.3600697654947,59128.512065999996,Hugewinner
2026-10-08 10:13:06,day,politics,30,0xfaf98181c44636998a194aa7660bcae1b977f4c4,2508.8780793068,0.0,onekey02
2026-10-08 10:13:06,day,politics,31,0xe961babbccae0be01c2f6b5f28f8d002e332ef1b,2494.9482915400076,0.0,Kryptogram
2026-10-08 10:13:06,day,politics,32,0xdbade4c82fb72780a0db9a38f821d8671aba9c95,2301.1403649650165,0.0,SwissMiss
2026-10-08 10:13:06,day,politics,33,0x5ecde7348ea5100af4360dd7a6e0a3fb1d420787,2290.8332897274813,0.0,0xdc3E831cad
2026-10-08 10:13:06,day,politics,34,0x7f2de588e3d990d66fef63bf2378dacc87a139a8,2135.4997999999996,118700.0,QQQ777
2026-10-08 10:13:06,day,politics,35,0x7b02b2bac2a30ed5e40b7094e734f4c3dc2a4991,2048.1957145099877,0.0,foodenjoyer
2026-10-08 10:13:06,day,politics,36,0xf2d33b42844c825a8ee4322b217683ff048cdcbd,2027.5593768900005,16.111112,What.Could.Thing.7
2026-10-08 10:13:06,day,politics,37,0x199df422f3460e56931a6af1643a0bb97a9a6e7b,2009.7251724750154,169.555556,Babymunk
2026-10-08 10:13:06,day,politics,38,0xcb4c32ea10e917e5daac3710c64981aebdb66d64,1927.0757879499943,0.0,52centis
2026-10-08 10:13:06,day,politics,39,0x6bab66c4bb24c96ed14dcca0f0979b38a6830fe5,1895.6730127284827,1000.0,0x6bAB66c4BB24c96Ed14dccA0f0979B38a6830FE5-1760703674960
2026-10-08 10:13:06,day,politics,40,0xc96b88bda90f9dac6cb2584eeadd70c3a9cae1be,1796.8441493700084,0.0,0xc96b88bda90f9dac6cb2584eeadd70c3a9cae1be
2026-10-08 10:13:06,day,politics,41,0x4b4bdc29a9ad4caedae5f1139ff8373dede0cbf7,1732.8874003590026,0.0,DonaldPumpJr
2026-10-08 10:13:06,day,politics,42,0x9703676286b93c2eca71ca96e8757104519a69c2,1715.7501008994473,468.47087,AnonymousUsername
2026-10-08 10:13:06,day,politics,43,0xb6644a21bea104c3a804ffe373d21fae41798669,1622.2494502399986,0.0,Humble
2026-10-08 10:13:06,day,politics,44,0x1c144e30f405a25f991cbd8baa15d40599090869,1603.5576905290072,0.0,bernardbulletin
2026-10-08 10:13:06,day,politics,45,0xa52b785a5510117ac3ae03d75d029f89a36c9480,1554.7902231150001,0.0,Hashbrown
2026-10-08 10:13:06,day,politics,46,0x24c8cf69a0e0a17eee21f69d29752bfa32e823e1,1550.9105444625523,4073.464336,debased
2026-10-08 10:13:06,day,politics,47,0x12d6cccfc7470a3f4bafc53599a4779cbf2cf2a8,1430.1429460445188,60879.494452000006,classified
2026-10-08 10:13:06,day,politics,48,0x1e1f17412069c0736adfaadf8ee7f46e5612c855,1427.7868797658982,2.985916,Brokie
2026-10-08 10:13:06,day,politics,49,0x76cf0286fa25599a491ea4980abee915eece9452,1418.795125437995,0.0,fuc.your.mother
2026-10-08 10:13:06,day,politics,50,0xc13ad72937dbe8b4f31e5ae1aafd486ca8ac6471,1414.570474969998,0.0,kenzok
2026-10-08 10:13:06,day,politics,51,0x4ac0cdd5cf34d8abe8c05d8e1489c22d16a88a21,1401.1371813299993,0.0,OnlyBibi2026
2026-10-08 10:13:06,day,politics,52,0xf0f86cdb6872730ca12c84ff8b014a539b8c325f,1396.0431827320062,0.0,V1nch0u
2026-10-08 10:13:06,day,politics,53,0x9e3ed7b661a903fc97afcf49e0f014ebe869f882,1390.4555990895133,32739.371261999997,0x9e3ed7b661a903fc97afcf49e0f014ebe869f882-1783406009396
2026-10-08 10:13:06,day,politics,54,0x2cff41636fe21fad120fed603d54d4fdd96259db,1337.704802932567,0.0,ThisAgain
2026-10-08 10:13:06,day,politics,55,0xb4f2592e67c333e73c923547cfe05e768180e5fa,1311.5431870934844,0.0,M2sx92kljs42
2026-10-08 10:13:06,day,politics,56,0xfbc4f4bb4c9d3f7b0b5f011db376959191cc201d,1299.9967069400009,0.0,ChiCozCapital
2026-10-08 10:13:06,day,politics,57,0xc8b9a30184244d427169cf62485dde6041b2b836,1275.0906775254089,149.97,0xc8b9a30184244d427169cf62485dde6041b2b836
2026-10-08 10:13:06,day,politics,58,0x10b30364936b03d26b3fd01a63d1f991454b40d4,1263.6060764025005,23721.686875,0x10B30364936B03d26B3FD01a63D1f991454b40d4-1723051915288
2026-10-08 10:13:06,day,politics,59,0xeface9902242b0399856f981600b907dcc9bc9a1,1261.9936491139977,1492.9126119999999,macrosteaks
2026-10-08 10:13:06,day,politics,60,0xfb83a2228c1b4ec7dd84c4bf95c9b7a3883477ee,1214.870322924001,0.0,stopgrowing
2026-10-08 10:13:06,day,politics,61,0x1a8534ba1a8023793851865aac5bf52c81f5c99a,1188.2100185620002,0.0,Forrester26
2026-10-08 10:13:06,day,politics,62,0x2c4ca29d332c67d3ad7bf22b3cfe9486e3b1cb39,1174.656596349494,0.0,ololololololololo
2026-10-08 10:13:06,day,politics,63,0xef9b5d5e51eb4987240ed77422352d10604ed5ed,1153.088455710007,0.0,Chelseaone
2026-10-08 10:13:06,day,politics,64,0xf39fd9eb2bf7f65291de1ec4e111fe8ae4c283bf,1129.252965000007,0.0,aannggg
2026-10-08 10:13:06,day,politics,65,0x7d8c02a93418d3d1a0c9a45cb0443e3046f60b5c,1098.177630407994,0.0,Ket218
2026-10-08 10:13:06,day,politics,66,0x121ee8b6c742e25eafa31cf0c39e2824959d7751,1066.2364760645141,0.0,RayZehavi
2026-10-08 10:13:06,day,politics,67,0x35dc385c3a2ef468a429a9c2b04a56849296b9ef,1023.0832464980049,0.0,liruihao
2026-10-08 10:13:06,day,politics,68,0x879247bf7570a40d193dd3bb9118820e0b194174,1022.7928463010064,6069.33,Ko-san-123
2026-10-08 10:13:06,day,politics,69,0x0530df1226cb582bab3e732e448dbb876defe1e8,1002.1110716099993,0.0,mastm
2026-10-08 10:13:06,day,politics,70,0xd46be610a32e5c6ee094977e3caf9ab89c525dab,992.5357330979995,900.342858,Saltyballs
2026-10-08 10:13:06,day,politics,71,0x63bcf78f77cef62b4a9b8d101a14247bf90292c5,988.0816108199942,0.0,Bettong
2026-10-08 10:13:06,day,politics,72,0x63c4dcbb199c5eca30c8a002ff238aad5dce4671,974.5386150124995,70.06,0x63C4dCbb199c5eCA30c8a002fF238aAd5DCE4671-1779125900020
2026-10-08 10:13:06,day,politics,73,0x0c2619b92cd24c8d7f347244cba2af3275f1d223,973.3082940909885,24752.670000000002,tugator
2026-10-08 10:13:06,day,politics,74,0xcf8255a1ff751ee3b52d6770de4a5774e8f28dd7,950.0015339699967,0.0,chuckrhoades
2026-10-08 10:13:06,day,politics,75,0x6d9fc316c3b8377060a44b852ba664adbfd59790,938.2838974598635,15348.3,MEPP
2026-10-08 10:13:06,day,politics,76,0x390897d29180884ddc8ec8714fef978815f42b2c,923.5806083399993,0.0,razrin3
2026-10-08 10:13:06,day,politics,77,0xd44e974a3edb232aa4aedbdcc59792b76a5f67e2,904.0297650640161,216.57,KrackenSruster
2026-10-08 10:13:06,day,politics,78,0x74019d0b6978a9f4198af6983c25df40374187c5,892.5151987100016,0.0,freeman1337
2026-10-08 10:13:06,day,politics,79,0x5739ddf8672627ce076eff5f444610a250075f1a,877.7280614334741,0.0,hopedieslast
2026-10-08 10:13:06,day,politics,80,0xc4f8cb329ea0637fd26ca0d600392c50a5ac8a4a,835.4726467899982,0.0,0xc4f8cb329ea0637fd26ca0d600392c50a5ac8a4a
2026-10-08 10:13:06,day,politics,81,0xd218e474776403a330142299f7796e8ba32eb5c9,832.877353669126,21640.441204,cigarettes
2026-10-08 10:13:06,day,politics,82,0x23ec933dfe314855586bae5d17ac517973308a4f,831.7900096404992,0.0,Quebeclove
2026-10-08 10:13:06,day,politics,83,0xe312101a6ea5c00821b74e2855c2674147b2e0b2,824.1471126200038,932.4942860000001,0xe312101A6EA5c00821B74e2855c2674147B2e0b2-1730831637679
2026-10-08 10:13:06,day,politics,84,0xad89f899f1524533adfd1e6a07da692fcd92f6e1,822.6045936700002,5683.1,Do-Not-Redeem
2026-10-08 10:13:06,day,politics,85,0x8aaaac8e8523492db360b722af35177f4d4d51df,813.8259319499984,267.2,0x8AAAAC8E8523492DB360b722AF35177F4D4D51dF-1763508361044
2026-10-08 10:13:06,day,politics,86,0xcffe12070f5d63d19d3e8f69bef4b3af4e0bcad8,805.4801955964977,0.0,zzzhghnh
2026-10-08 10:13:06,day,politics,87,0x31c518f864d1394361fec967b3daa9093a86ede4,805.302468296497,0.0,BTCGambler247
2026-10-08 10:13:06,day,politics,88,0x5fbfbf3e11a09812b2dffc4b46daa0d0483941f8,796.6842305400005,0.0,doodle20
2026-10-08 10:13:06,day,politics,89,0x89ad2f89b0291415f2f67ff0e8e50ee1af3ceab4,783.8074178399984,0.0,0x89AD2f89b0291415F2f67fF0E8e50eE1AF3ceaB4-1768599133899
2026-10-08 10:13:06,day,politics,90,0x0e8c67cff62868912d8ae14b6cd4246dde2613aa,779.6697168239989,0.0,Sieghart14
2026-10-08 10:13:06,day,politics,91,0x2d4bf8f846bf68f43b9157bf30810d334ac6ca7a,777.0534367835037,7543.15,Gohst
2026-10-08 10:13:06,day,politics,92,0x3d84c9478f783c950b6e3259072fa706cc66086b,773.8125599999985,0.0,0x3D84c9478F783C950B6E3259072FA706cC66086B-1750353270695
2026-10-08 10:13:06,day,politics,93,0xc8849a93e05a2ae1b49bb07787a9e0059bb4e17e,761.2840999999898,0.0,Clicker1
2026-10-08 10:13:06,day,politics,94,0x212f7fc77c18c6ce34bb1dae43e9198ab19b7fd2,756.8801514079678,0.0,Jjjh77660
2026-10-08 10:13:06,day,politics,95,0x2457a25c0d4fe77834bd4488d73ce0bad93827b9,756.8700258859999,0.0,0x2457a25c0D4fe77834bd4488d73cE0baD93827B9-1775054544800
2026-10-08 10:13:06,day,politics,96,0x85b8b010ac6e24a23625621724a15513c80d6b6a,756.753712329999,0.0,AJM96
2026-10-08 10:13:06,day,politics,97,0x629bc4a1e53e1d475beb7ea3d388791e96dd995a,750.4508780455126,1570.7841279999998,lava-lava
2026-10-08 10:13:06,day,politics,98,0x932fbc8aafd762ba7f4bde8a9fa485bf58ce2cd8,733.5955453125007,0.0,TreepleA
2026-10-08 10:13:06,day,politics,99,0x22d3f8a94992261392eed316429b466d72895e3a,729.2790424699997,0.0,tiburon
2026-10-08 10:13:06,day,politics,100,0x54653b7188d5d285ebbd3379158583193ecd5133,726.0200495985005,0.0,gunnar242
2026-10-08 10:13:06,day,sports,1,0x2c335066fe58fe9237c3d3dc7b275c2a034a0563,215507.25263900007,956967.9451989998,0x2c335066FE58fe9237c3d3Dc7b275C2a034a0563-1759935795465
2026-10-08 10:13:06,day,sports,2,0x5268527977f700f9bf9b6d5cd843859e4e70135d,175079.92529193382,1435011.5828729998,HomeRunHazard
2026-10-08 10:13:06,day,sports,3,0x7ad71d79a3bb90d0a87a06500fa0fe11663842aa,126298.778560985,0.0,theowalcott
2026-10-08 10:13:06,day,sports,4,0xd38b71f3e8ed1af71983e5c309eac3dfa9b35029,95814.65556014997,212628.07770300002,primm
2026-10-08 10:13:06,day,sports,5,0xe4a57385a34b0b32fd86be72efd25cda41003cad,66226.64455864503,74079.00660600001,chubbytoro
2026-10-08 10:13:06,day,sports,6,0x84ec4b5b2dbf75d07041b7b89f0a82647e3a72c1,57673.045666599995,15539.419808,FeedTheBigBird
2026-10-08 10:13:06,day,sports,7,0x17c4f7e008fe22d69865f73f29329b6e76b92471,53567.796610410005,0.0,0x17C4f7E008fE22D69865F73f29329B6E76B92471-1780774412121
2026-10-08 10:13:06,day,sports,8,0x2759769cd371bee44ec5bfc5e72c7f1f092b2b38,47464.25512118501,0.0,SharkbetX-com
2026-10-08 10:13:06,day,sports,9,0x2a69660046d7acc4ab204d7cc5ba78b0776cd2f7,41018.6814522284,387659.81754400005,UpTheBlues
2026-10-08 10:13:06,day,sports,10,0xa96274cc1b321afc8cbdc1ba07f7e2d471e6f7c8,37991.247633465005,0.0,Takon88
2026-10-08 10:13:06,day,sports,11,0x0346afae2603313d2bbee96b628536c8cbe352a5,37706.04535439692,149742.4070209999,GoalLineGhost
2026-10-08 10:13:06,day,sports,12,0x32b484581fc5606de9c1e43af4636b6be9bc8b21,36794.93013207592,481899.11268799996,0x32b484581fc5606dE9C1e43AF4636b6Be9BC8B21-1774274303653
2026-10-08 10:13:06,day,sports,13,0xa2cced8bfae7d645f7f437fb76becf2fcbb70cbc,34499.92255854,0.0,justwins
2026-10-08 10:13:06,day,sports,14,0x1610db79f753a80207e1d66716be9e91e627ae49,31912.349100000007,0.0,NS13
2026-10-08 10:13:06,day,sports,15,0x684baa57c338c2549aec0aa3f034f695d72a8409,31482.39481782,56375.35757200001,monkeymashingkeyboard
2026-10-08 10:13:06,day,sports,16,0xaa075924e1dc7cff3b9fab67401126338c4d2125,30500.679820940008,13748.389210000001,rustin
2026-10-08 10:13:06,day,sports,17,0xb8ef617fd5d960e61e56c50d2971697300b32864,26633.17191188949,39126.875298,no1dodgersfan
2026-10-08 10:13:06,day,sports,18,0xe7870d0e1bfc65a23e3d66caf00ca1b9129e5034,23496.72290123,56993.445804999996,Kkunn
2026-10-08 10:13:06,day,sports,19,0xa38a455bbdd4b68486548b7e19da99903f4f821d,23139.18734299999,200153.582189,takeormake
2026-10-08 10:13:06,day,sports,20,0x20d6436849f930584892730c7f96ebb2ac763856,20687.003272289992,16870.58,0x20D6436849F930584892730C7F96eBB2Ac763856-1768642056357
2026-10-08 10:13:06,day,sports,21,0x3435519d1d620440c7dab8b5c9ec5d79c1a5a1ed,19253.024130770027,238554.52818199998,veliMax
2026-10-08 10:13:06,day,sports,22,0x9703676286b93c2eca71ca96e8757104519a69c2,15530.97266518449,50502.175706999995,AnonymousUsername
2026-10-08 10:13:06,day,sports,23,0x16bb9951a36fce71e2ef57890b786145e0ba8492,15391.882100000003,0.0,0x16bb9951a36fce71e2ef57890b786145e0ba8492
2026-10-08 10:13:06,day,sports,24,0x45e40dbee6f546c7b318498f8c9778560f5a7e20,15135.434603883496,27725.465809,fastball67
2026-10-08 10:13:06,day,sports,25,0x4f29e103339919c4baaea2a60195cf1c8bb27a7e,14807.030052105023,370097.7956919998,0x4f2
2026-10-08 10:13:06,day,sports,26,0x56acab44cfca2e88bb9b3406890aea7bfa0cd77e,14243.414500000014,1623.75,dv-pm
2026-10-08 10:13:06,day,sports,27,0x1f624696c102b99bea92c75a502fa7e4a6d676f6,13823.54990224407,43153.30063299999,emacron
2026-10-08 10:13:06,day,sports,28,0xbeb1c94b4260398f93f418e349a15a40b2ae4687,13512.953537255002,8187.333479999999,Ne8om
2026-10-08 10:13:06,day,sports,29,0x0235dc24b38772bf3339a9e5ec5db3d3a05fcee5,12992.018691202502,20544.739831999992,darkumbreon88
2026-10-08 10:13:06,day,sports,30,0x2005d16a84ceefa912d4e380cd32e7ff827875ea,12430.174262930013,986794.9817209999,RN1
2026-10-08 10:13:06,day,sports,31,0x9e3ed7b661a903fc97afcf49e0f014ebe869f882,12104.02685008099,130397.91607099997,0x9e3ed7b661a903fc97afcf49e0f014ebe869f882-1783406009396
2026-10-08 10:13:06,day,sports,32,0xa0f21e6d351baa9185716b5c00c2925ed9621848,11942.433401859444,54549.75262100001,0xa0f21e6d351baa9185716b5c00c2925ed9621848
2026-10-08 10:13:06,day,sports,33,0xe6535d86446728d567f4929557c2c4eb3cdbc4a7,11878.866097999997,24455.822092,Kluivert9
2026-10-08 10:13:06,day,sports,34,0x3dfb153c197d4c19d3b31c1ecd2c7b6860eeabaf,11374.72579013399,149209.699647,0x3DFb153c197D4C19D3B31c1ecD2c7B6860eeabAf-1722957908185
2026-10-08 10:13:06,day,sports,35,0x3e04fbc51adb75418129f6ce2091ae633070564d,10096.936398015,24487.498658000004,roldy
2026-10-08 10:13:06,day,sports,36,0x32bb3f0f842da76d3c3bba7d6d76376334733c1a,10054.337471448998,88192.58929399998,Limousin
2026-10-08 10:13:06,day,sports,37,0xccd81fbd3395dc43a0531f8484b21c2462daf4de,9824.32924737905,25407.95,0F62
2026-10-08 10:13:06,day,sports,38,0x0e64bde21d716711fbe59095eb0c88fae55e336d,9822.302483839998,64123.45348099999,KioskJammer
2026-10-08 10:13:06,day,sports,39,0x38e59b36aae31b164200d0cad7c3fe5e0ee795e7,9572.255904320993,33499.99333399999,cowcat
2026-10-08 10:13:06,day,sports,40,0x051adea0d16c85df8a8a9c7e400e0655905d1db9,9273.1087307575,55379.921317000015,LightParadox
2026-10-08 10:13:06,day,sports,41,0x0e604be17c231a33dc01e38a722c7fe3984e3bad,9141.684562075,8094.32,0xwise
2026-10-08 10:13:06,day,sports,42,0xfb07f48542d2b655e9d0bf1cc92a8a6feee8e2cc,9052.560547697005,20368.362772999997,0xfB07F48542d2b655e9D0Bf1cC92a8a6Feee8e2cC-1782415802542
2026-10-08 10:13:06,day,sports,43,0xb10bf118b2a3c1cff0379a4134a82eb6d51e0b04,8512.466269201017,1000.0,saintaphextwin
2026-10-08 10:13:06,day,sports,44,0xec981ed70ae69c5cbcac08c1ba063e734f6bafcd,8487.70970255,27510.182581,0xheavy888
2026-10-08 10:13:06,day,sports,45,0x2d6ac4f70307102ac46e9e6ded67f3838ddf8add,8381.364327224013,44660.956976,GC-P
2026-10-08 10:13:06,day,sports,46,0xbb6418f9db6d1c765965dc4c9d48cd5b4d2bdb86,8310.295201352503,39368.82071400001,MadridTime
2026-10-08 10:13:06,day,sports,47,0x6d3c5bd13984b2de47c3a88ddc455309aab3d294,8298.685506569935,247115.22773800025,VeryLucky888
2026-10-08 10:13:06,day,sports,48,0x15508cacc0af5bdb52874a315b156a9d7a645481,7818.8385,0.0,Medo3D
2026-10-08 10:13:06,day,sports,49,0x224f7ef690d952cf551a471846d5afb4892e514a,6989.426448248996,30973.644398999997,WeBuyHighWeSelllow
2026-10-08 10:13:06,day,sports,50,0x3eb3acfabb3efb4a68cc5d61e495e1c9d3f24d75,6904.885494000002,94372.837478,0x3EB3ACfabB3efB4a68cC5D61E495e1C9D3f24D75-1761113946705
2026-10-08 10:13:06,day,sports,51,0xe8c4d68aff65b38cac46987b9b65e01eb47d395d,6891.22596034,14900.989088,JAMJAMJAM4
2026-10-08 10:13:06,day,sports,52,0x01e6e3c5cfe50943e7721398054cb1e22032e7e0,6837.028703685004,32701.936808999995,JustADonk
2026-10-08 10:13:06,day,sports,53,0x8efa1ea8ee2d456a051ae2985079a1e3c9aa894c,6807.594939400002,5006.490197,0x8efa1ea8ee2d456a051ae2985079a1e3c9aa894c
2026-10-08 10:13:06,day,sports,54,0x168fd826a1f30c1752f221b74a7a1316c54f6424,6715.3067999999985,22500.0,printmon
2026-10-08 10:13:06,day,sports,55,0xa22b401134ab14f9de70809b625428f8c5c73525,6666.666667000001,16666.666667,FBIG
2026-10-08 10:13:06,day,sports,56,0x2b344112f63e69a2e411b0cb7f200cbc0051176e,6410.078449749999,0.0,MAGATheeStallion
2026-10-08 10:13:06,day,sports,57,0x2117ae94a97d69b78cbc81b6680a62deb1955c26,6245.0734693345075,1546.0,Zzzz87
2026-10-08 10:13:06,day,sports,58,0x7e3a1f95c558f39a51ff334d789e3e039b553246,6099.107750000003,25231.670000000002,KaneAnalytics
2026-10-08 10:13:06,day,sports,59,0x032eb1bc893940263ad0b01889f262fc232f2a9e,5551.620236597479,21076.18,purplegatto
2026-10-08 10:13:06,day,sports,60,0xcf7379b4b891c06d88807f6f70efa75378120215,5545.2382300925065,44666.97402,NM-P
2026-10-08 10:13:06,day,sports,61,0x3e1352a7659c914b6359359ad79b3eaa82769f22,5455.894283689995,98164.11374200002,soccergoat
2026-10-08 10:13:06,day,sports,62,0x28ea3ec52d81664470663c8b17b84046a1e41fbe,5381.410256990001,0.0,ChampGamp
2026-10-08 10:13:06,day,sports,63,0xdc41c39b95453c943174f369926018f6963bdd7e,5333.893120565001,127295.0,nigiri99
2026-10-08 10:13:06,day,sports,64,0x84ad9c5c547a82ec9a08547b94bd922446e5bfb7,5240.812903635009,43013.57979499999,BillBenter2026
2026-10-08 10:13:06,day,sports,65,0xe98c6194374418b1d1b27321f025bd64ac2c8792,4977.7327139399995,13176.3,0xe98c6194374418b1d1b27321f025bd64ac2c8792
2026-10-08 10:13:06,day,sports,66,0x19ae9efef67c685a8581d631d99267b1ff10395c,4966.80939,14318.25246,MaoZeDonK
2026-10-08 10:13:06,day,sports,67,0xc0e4f49b80a2162aa8c1c1ad1bd0867574e3dd38,4917.561300000001,147375.22352300002,dabossrealman
2026-10-08 10:13:06,day,sports,68,0x00a5960cb5c93e1fabd67b380af61b79482af151,4832.339149550002,190310.025286,Scotty8153
2026-10-08 10:13:06,day,sports,69,0x98db8cca55c32b24cfb414b5b43d273f4e1fdd17,4753.8098512390025,66054.97035599999,Eulhunter
2026-10-08 10:13:06,day,sports,70,0xd48a81db62f742c4e42d86dfc23a7ee345366e90,4722.541387494997,0.0,ComingBack
2026-10-08 10:13:06,day,sports,71,0x559b850620cd9ee1136d48484c1f374fc5d44959,4718.953941255,2420.0,facaigege
2026-10-08 10:13:06,day,sports,72,0x9f15613ebf1f36d4bc679e1211d1fc567cf9bdb3,4684.147593771504,14389.447276,0x9f15613ebf1f36d4bc679e1211d1fc567cf9bdb3
2026-10-08 10:13:06,day,sports,73,0xadfb6cba33cebca02eab6111ace1e3924b9cc2ef,4666.720007504993,16920.707509000007,KnightDasCapital
2026-10-08 10:13:06,day,sports,74,0x2559b5bae55fc693e15896e816aae2761d8eb2e3,4662.355831938502,92690.760864,Venusian
2026-10-08 10:13:06,day,sports,75,0x9b11866433281ade9f2811dbde8acdefc45f5375,4660.217150324985,242092.28173400002,0x9b11866433281ade9f2811dbde8acdefc45f5375
2026-10-08 10:13:06,day,sports,76,0x21f333307ac6d2e65ac82f014b3dd2b64cbc35e3,4620.60189029,16782.155203,hi774c
2026-10-08 10:13:06,day,sports,77,0x154ca10dfee317dcfb9337788db7da858cba658e,4554.541256315003,9701.488716000002,AmericaFirst1
2026-10-08 10:13:06,day,sports,78,0x33c96d86e23e971777e9a0b59f4e21cc9e546f9a,4544.493558875001,12084.241269999999,k56
2026-10-08 10:13:06,day,sports,79,0x081cd40e9d1a90896612c189bf470b4fbae4f010,4488.96932451,45.54,0x081cd40e9d1a90896612c189bf470b4fbae4f010
2026-10-08 10:13:06,day,sports,80,0xbf833a720d91906cf8b804a1adf39e9f61383385,4457.885729999998,55834.720184000005,0xbf2342fds234423d
2026-10-08 10:13:06,day,sports,81,0x5102078b37376025b1529516409c56f7a5ff7b08,4274.357900000003,47686.389999,bigfatchud5555
2026-10-08 10:13:06,day,sports,82,0xdbdd45150249e229eb4ca8aa48a30dca21faa5de,4270.421615526504,42029.438736000004,0xdbdd45150249e229eB4cA8aa48A30Dca21Faa5de-1757094771846
2026-10-08 10:13:06,day,sports,83,0x986b121c40e715167dde178b8520bf132a57bdc6,4241.255223386055,289031.343391,hd777
2026-10-08 10:13:06,day,sports,84,0x1b8ffdb4ff99b4622f099465c486e4f75751cca7,4198.825898000001,21645.318058,0x1B8FfDb4FF99B4622F099465C486E4F75751cca7-1779298477893
2026-10-08 10:13:06,day,sports,85,0x26b10e052004ad97f37afba4de74376b2b85ffd8,4174.3511,18974.349488,Noha13
2026-10-08 10:13:06,day,sports,86,0xcfe8f6cc8ff9cb68985b7af650ef6dbe9a373a6c,4138.338713600067,556560.8981920001,kdvlklkvlsklkfs
2026-10-08 10:13:06,day,sports,87,0x30de156a425f2775918851ef0b0b8f8a2e631f9d,3963.8224289105,41568.272314,Carlosoiu
2026-10-08 10:13:06,day,sports,88,0x46809a7ed4c862761865194b2e71e56d6af57d3d,3960.784314,0.0,ff66868
2026-10-08 10:13:06,day,sports,89,0x1dbf0ac12fc39564bf646b54b6f31de8942f1a6b,3858.0043091750003,9600.0,Jugar
2026-10-08 10:13:06,day,sports,90,0x300b4292912c123066a380a344b505b0f353f636,3819.408300000001,7822.07,digitalnomad85
2026-10-08 10:13:06,day,sports,91,0xecf933ccdf7ebc6a0658c77e070cfe51ebe5328a,3736.529369955,0.0,0xecf933ccdf7ebc6a0658c77e070cfe51ebe5328a
2026-10-08 10:13:06,day,sports,92,0x5b624e3e0426f7aa2ca57f7451fbcea4b125d87f,3736.2101872000003,4878.8099999999995,0x5b624e3E0426F7AA2Ca57F7451fbcEa4b125D87f-1769796221989
2026-10-08 10:13:06,day,sports,93,0xa3ae764341ef84ea0c57df7cf78d259fd34caca3,3725.6822239000003,32269.704915000002,0xa3ae764341ef84ea0c57df7cf78d259fd34caca3
2026-10-08 10:13:06,day,sports,94,0xfb681e23db8d1cca8a6b7e2a70a29e000ddfa240,3706.8277169269977,42133.909046999994,royalestake
2026-10-08 10:13:06,day,sports,95,0x8a8685a792c184e5c2ee8c7d4d4baba7c2c94998,3676.837248689997,76481.8722,BrotherObama
2026-10-08 10:13:06,day,sports,96,0x7e5972bfc25819775ee5a9d4f191919375487b8b,3676.0442389900218,24965.470782000004,Gaditima
2026-10-08 10:13:06,day,sports,97,0x0a77bc0638f13892c8b1d1d2c13ba178540f9d74,3574.9882173250003,5691.212986,0x0A77exmm
2026-10-08 10:13:06,day,sports,98,0x73e83485b8e20b70c53c27bef8ba4c62575dcd6f,3538.4079892499994,0.0,betabot
2026-10-08 10:13:06,day,sports,99,0xcf6c5492124794394dd9eac46498a8babbe47e66,3498.186170099998,59975.265218,one8tyfive
2026-10-08 10:13:06,day,sports,100,0x9e53cfe3e881636f9415af925c3a9620f3ad53ae,3457.0853,9060.435582,0x9E53cFE3E881636f9415aF925c3a9620F3ad53AE-1786656823375
2026-10-08 10:13:06,day,crypto,1,0x111f73e91f85b6fe4de1ddec3de2fe32122e355b,17118.496152374995,0.0,Papeasy
2026-10-08 10:13:06,day,crypto,2,0x664a25f165a0150ce687410470f3352f5783fc5f,16649.014807999996,101428.96958000002,itsonlyamatteroftime
2026-10-08 10:13:06,day,crypto,3,0x06dc51826bc524d9a83770e7de9dd7e005b04524,7353.673462786879,397908.70812299993,0x06dc51826bc524d9a83770e7de9dd7e005b0452
2026-10-08 10:13:06,day,crypto,4,0x42d150e0171590b28332a61b3f4cfca0a34cdab6,7095.742508058203,0.0,notprofitabl
2026-10-08 10:13:06,day,crypto,5,0xd1ed12197b7dc22dede923727e9b714024dbd7cb,6922.0376350000015,43997.410661999995,curie
2026-10-08 10:13:06,day,crypto,6,0x5c6ec9d90a5bde7a09dd1fad6a33ab9d7f024d5b,6301.033543999997,16697.647928,maanulika
2026-10-08 10:13:06,day,crypto,7,0xf705fa045201391d9632b7f3cde06a5e24453ca7,5806.867257546982,34085.751533,0xf705fa045201391d9632b7f3cde06a5e24453ca7
2026-10-08 10:13:06,day,crypto,8,0x9e3ed7b661a903fc97afcf49e0f014ebe869f882,5309.547896032999,69895.62753099999,0x9e3ed7b661a903fc97afcf49e0f014ebe869f882-1783406009396
2026-10-08 10:13:06,day,crypto,9,0x252d7bae5ec87553dcafb23e275c202ac0d3c456,4455.596332101014,7291.83,getbipped
2026-10-08 10:13:06,day,crypto,10,0xf9a16d638aa2d1173b2b76ae6135900b5d7baa8a,4124.426435000001,14129.369036999999,04528
2026-10-08 10:13:06,day,crypto,11,0xa19cbababc312f9df185e49d7004c249ed1ade6b,3756.991132474898,20144.847786000002,Tokor
2026-10-08 10:13:06,day,crypto,12,0x5380555499c258e06330d364f3828079951ed4b3,3265.5498378400007,13404.240533000002,rear
2026-10-08 10:13:06,day,crypto,13,0x8b4bca1d794779e66e023d44391b2a86c5ab541b,3168.4185012293747,102269.19285900002,0x8B4bcA1D794779E66e023D44391B2A86C5ab541B-1769764313952
2026-10-08 10:13:06,day,crypto,14,0xeee15bab16ce025cf7c10f20385498c8d311c026,3117.759249999999,0.0,Next-Licensing
2026-10-08 10:13:06,day,crypto,15,0x6f82693789a2d109781a166c7774bc351fe191f0,3004.820279,9617.917286,qwqqw1
2026-10-08 10:13:06,day,crypto,16,0x0d2d845a6ff64e31e04a70afce8a573940767ff5,2941.5018476800014,24949.268802999995,38791873984189
2026-10-08 10:13:06,day,crypto,17,0x41e2e1ccf1e4940029af02259a31c6b89b9fa354,2902.1418529550047,262767.8540580001,norm1e69
2026-10-08 10:13:06,day,crypto,18,0xc53375ff94e96100f2b30a4b5775db35218d69a9,2739.365309475,147076.85280000002,dangerously-skip-permissions
2026-10-08 10:13:06,day,crypto,19,0x21f4c1a1be34a39a7bc20985df4b7e5a39fb691d,2567.057183205,471989.85381700017,CrouchPredictions
2026-10-08 10:13:06,day,crypto,20,0x2f28c1d2d8c0aee287e9c05a0603274ff533ba03,2516.2711629850146,16130.05,alphaalii
2026-10-08 10:13:06,day,crypto,21,0x9783f45ce35f794be38ca47dd0816a5c241383b9,2340.532552,3933.158252,0x9783F45CE35F794BE38cA47dD0816A5C241383B9-1766113722324
2026-10-08 10:13:06,day,crypto,22,0xd1436fd149ffe4ec20f385ecf91b55e54a8f83ec,2239.471089032,8389.0,0xD1436fd149ffE4EC20F385ECF91B55E54a8f83Ec-1762509323867
2026-10-08 10:13:06,day,crypto,23,0xd6c1c2488cb546e0187f083938c744977620ad7e,2181.1461999999997,8665.22,0xd6c1c24846e0187f38c74497620ad7e
2026-10-08 10:13:06,day,crypto,24,0xadc2d7aa903a20936a6c812f58b80340dfdb81b9,2165.5728148999915,0.0,aa9872aa
2026-10-08 10:13:06,day,crypto,25,0x216b0f7fb8cc78d5035ba8d4ee67a1e71d91d8a5,2116.0058749999953,0.0,greater-fools
2026-10-08 10:13:06,day,crypto,26,0x3048d65321be3497164cdfc2996f94f98a2e7537,2107.429770344996,246259.86658999996,x-MoneyForWhiskas
2026-10-08 10:13:06,day,crypto,27,0xd02b6d910a38479c3125308fc4737a46509cd6df,2081.625575245,13668.635936999997,wowitsamazing
2026-10-08 10:13:06,day,crypto,28,0x81c30978a998350c3d6681f3d6975b32d604609b,2035.3324980000002,2999.9766649999997,d5e6x5xaa
2026-10-08 10:13:06,day,crypto,29,0x86b14772a4da70f3e6d5eee06933ebef143efc87,1950.3777561949992,60264.52178600002,machinelearned
2026-10-08 10:13:06,day,crypto,30,0x76eca4109d0dfe8649d5e3861dfccac67ae7d630,1895.7316031255036,0.0,hqb.prediction
2026-10-08 10:13:06,day,crypto,31,0xf3326d8fc30f7ed01bfade12c706cb52c397b1c0,1875.101331945,39342.35039599999,0xf3326D8Fc30F7Ed01BfAde12c706cb52c397B1c0-1780211395335
2026-10-08 10:13:06,day,crypto,32,0x1b414826a2c991d5ae1669a754291626d0df0b56,1845.3227784099984,68529.22503399997,Kathod-Shi-14
2026-10-08 10:13:06,day,crypto,33,0xeee92f1cc6d6e0ad0b4ffda20b01cf3678e27ecb,1828.7951225509846,139997.15231900002,ComTruise
2026-10-08 10:13:06,day,crypto,34,0x859903990489d464272266b031c8d0f441d41b11,1800.0,3000.0,dodepxxf2
2026-10-08 10:13:06,day,crypto,35,0x508ac426fa987527a8b6f8058d0d0961adb6a3d1,1799.9774000000002,2999.962337,xpl9527
2026-10-08 10:13:06,day,crypto,36,0x11e8a8796cb19626dbc20332491b807b93995cd5,1799.9759949999998,2999.9599940000003,zxcvbw254
2026-10-08 10:13:06,day,crypto,37,0x9ce97847467817019202ef476e108fc146dedbab,1799.9442930000002,2999.907161,ppoolluy
2026-10-08 10:13:06,day,crypto,38,0xb1d30490fa2ec8dc55591e8c71d3d64b6e0fc279,1772.9982769999995,149082.9125179999,hoodquant
2026-10-08 10:13:06,day,crypto,39,0xf6dd2e6947283b30a19a106401dadad2bc9bac58,1727.6223750000022,64344.446914,Katalunygeaxvhj
2026-10-08 10:13:06,day,crypto,40,0x5188fa0e8a77e87bc6a58e6781fdfc4e165cc804,1684.1755171870027,0.0,AllByMyseIf
2026-10-08 10:13:06,day,crypto,41,0x08cb4a2cfbb427b3d521612b1d5d9ce1224cd5aa,1637.862812696999,11513.822074000002,nibbio1
2026-10-08 10:13:06,day,crypto,42,0x0ae4a8d6146c304d69208cdf114129e63c67fb39,1622.2485687360042,35845.34489,ByteBadger92
2026-10-08 10:13:06,day,crypto,43,0x10d57bd3327bcdf43bf0656e717aa56f9dbd5388,1608.6661185599964,24219.731330000002,maxmaxi04
2026-10-08 10:13:06,day,crypto,44,0x56f609c609975454bf851f0d91079fbc4a5fe251,1521.9544903299989,49022.60666,arcsine-barrister
2026-10-08 10:13:06,day,crypto,45,0x14767de7346a328d71f8fd4aed260d1cd67dec90,1496.694560248,0.0,shaillakhani
2026-10-08 10:13:06,day,crypto,46,0x7e3471906a6a168f57a4a2ba7ed27206b1b34cc1,1396.4237928399962,0.0,Lecsoman
2026-10-08 10:13:06,day,crypto,47,0x335ac48637a3bc37c2eac9e0c9799c32b3cda494,1340.9639648809994,20718.357254,QuantumPebble673
2026-10-08 10:13:06,day,crypto,48,0x29de3c62b7b49a2d2a062f93b6e659980a4bd9e6,1339.2910050000003,7556.5999999999985,0x8e41faaaaea1b6eae4546eca7713066dc05
2026-10-08 10:13:06,day,crypto,49,0x470f7d0a5550ac39c576fa41cd9b70e626066a31,1280.8767963999999,0.0,Sxc123.sxc
2026-10-08 10:13:06,day,crypto,50,0x6c158caf6430a91a846ac4ea9652dcb23dd87d2d,1266.687446909999,43680.90473300001,minusalpha1
2026-10-08 10:13:06,day,crypto,51,0x9a1f8ce407172a0a3c8d57c92e182d22ace2c925,1212.3542825090117,0.0,ETHhedge
2026-10-08 10:13:06,day,crypto,52,0xcc52c906925c27add8dedeb58b5586751c9e95b2,1157.492905,4279.941239,sindrom
2026-10-08 10:13:06,day,crypto,53,0x1042361ae12417fe2604948d4b72a91819f657f9,1143.1085540000004,5689.50509,124123zz
2026-10-08 10:13:06,day,crypto,54,0x576b0696fd5a9225d66fd9500fd98f5be10b0cab,1134.9260446350013,117077.58993899997,Hcrystallash
2026-10-08 10:13:06,day,crypto,55,0x56ad6bd05999e0f33ea9c05a48ccb1364a46f13e,1130.0173414754681,0.0,floatingraft
2026-10-08 10:13:06,day,crypto,56,0x9cbc68db1bb59cfada93ba7e7f6ff5ad51642f36,1114.5023979999999,5495.794068,notgreedy.
2026-10-08 10:13:06,day,crypto,57,0xbd0d0c4bfc88dad382674c9d5ae483dae8261fb4,1105.4801203299999,17020.734833000002,Perfectly-Spherical-Gum-Boat
2026-10-08 10:13:06,day,crypto,58,0xf7352a738d75becdcd6af06987bb5936fcc37d90,1094.3882899999999,42450.34038499999,Z500Z
2026-10-08 10:13:06,day,crypto,59,0x48ac40fc545cf327edd5365435c3a9f385614a7e,1083.6089176750013,100044.59831299995,BoneOhio
2026-10-08 10:13:06,day,crypto,60,0x43372356634781eea88d61bbdd7824cdce958882,1070.6655834650112,3156.64,Anjun
2026-10-08 10:13:06,day,crypto,61,0xaabbd33103b0664da203a438efff634a04330ac6,1068.9485631050002,1226.7,KKreturn
2026-10-08 10:13:06,day,crypto,62,0x433f62d1f91768a0877171eee70e172f0bf7a0dc,1066.352439000005,14618.372836999997,penguinx
2026-10-08 10:13:06,day,crypto,63,0xf53e7cc2894cba22dcdc40de936513a502ef16e3,1052.873830000055,0.0,VelvetNova27
2026-10-08 10:13:06,day,crypto,64,0x239e726f1f4131ca78a7e5abf1fec86bfc151c10,1041.141019264997,75599.59595999998,EZTRADENL2
2026-10-08 10:13:06,day,crypto,65,0xe609d476ebecc64e55788b4595fc53c343a1d4d4,1034.2151233289624,0.0,TahitiBob
2026-10-08 10:13:06,day,crypto,66,0x7f3c8979d0afa00007bae4747d5347122af05613,1020.9420218800296,1699.95,LucasMeow
2026-10-08 10:13:06,day,crypto,67,0x2ed94d1a460379292d2e3b46f2cf7d94b033f271,998.0427076049923,83365.959053,Hsilverbasher
2026-10-08 10:13:06,day,crypto,68,0x95e833f4ef1320c8e62945924923fe96c1c16fa3,988.9511340749999,12003.119013000003,AiPowerRuin
2026-10-08 10:13:06,day,crypto,69,0xb1a279adb096d316b1b168993e8ed976d3cd372a,984.6974058720043,0.0,TwoEyes
2026-10-08 10:13:06,day,crypto,70,0xf548517cbefe7636bef51ee31a1817f021e7c20e,957.6692204099991,36622.779740999984,meowmeow6769
2026-10-08 10:13:06,day,crypto,71,0xcb0a98f88dba12fa101313e060594a34657d4887,948.6039048949996,1737.086965,Dubaiitaly
2026-10-08 10:13:06,day,crypto,72,0x0c7c5204404e9d5402d258fedac59c7212bae4cb,944.6331779449991,64736.08238099999,OhioRiskManagement
2026-10-08 10:13:06,day,crypto,73,0xd406af105f5a98b9164eefa087c6668139f1e83a,934.0909931749995,112519.21144700002,ballam
2026-10-08 10:13:06,day,crypto,74,0x6916cc00aa1c3e75ecf4081df7cae7d2f3592fd4,927.5256148605094,98562.33389500002,x6916Cc00AA1c3e75ECf4081DF7caE7D2f3592fd4
2026-10-08 10:13:06,day,crypto,75,0xd629e186413189c574cf1430012d553b99515942,926.5005606399995,0.0,550966
2026-10-08 10:13:06,day,crypto,76,0xaa1a4f31c010d4a63fc49770d4ca2d69ea370602,906.2543201000001,104038.98047200001,hdueilqhsdn
2026-10-08 10:13:06,day,crypto,77,0xb392b0234600393289f7a5a0dc32af604ea0fc73,903.6801052239996,994.894856,Berkaja
2026-10-08 10:13:06,day,crypto,78,0x568b079891fcc8bef2e557fa2a8a7ecca1700b3b,898.0290663599999,50596.17246000003,0x568b079891fcc8bef2e557fa2a8a7ecca1700b3b
2026-10-08 10:13:06,day,crypto,79,0x1d4affdc390c00991acf70f6e010c9702b2d46f5,884.0012796599985,0.0,0x1d4affdc390c00991acf70f6e010c9702b2d46f5
2026-10-08 10:13:06,day,crypto,80,0xeba7be146396301075344bb2d477f2ffdba92d1f,883.7891000000004,31378.909999999996,0xEba7BE146396301O75344Bb2D477f2fFDba92d1f
2026-10-08 10:13:06,day,crypto,81,0xede186f37ead91aa618cf8101db2bfe6b6c57dd1,880.4385999999977,0.0,KongX
2026-10-08 10:13:06,day,crypto,82,0x645498055361ad8457a6266f9fb82d9648cf93b4,874.84365,2306.43,0x645498055361aD8457A6266F9Fb82D9648cf93b4-1773737354438
2026-10-08 10:13:06,day,crypto,83,0x3089fcf3fe5b67ec287654b4d627bcd1d51135e4,845.6762875600007,27558.044843000003,13897651
2026-10-08 10:13:06,day,crypto,84,0x2476c35c4b70cbb0d0cdf8d4e5332a3c51718436,831.0156750000006,0.0,beheo123
2026-10-08 10:13:06,day,crypto,85,0x941743de228c1339b996ae09cc84bd8179d86e5e,822.1247337300008,42746.49304899997,0x941743De228c1339B996ae09cc84BD8179D86e5e-1780214631894
2026-10-08 10:13:06,day,crypto,86,0xe1e556d1de36301b5b21383918b2436d71675665,817.8085104400004,7075.135395,0xe1e556d1de36301b5b21383918b2436d71675665
2026-10-08 10:13:06,day,crypto,87,0x652318ac3ed44be3c6ce44e97fcfbd656ca8dd10,814.9552630000003,5671.833625,purplepenguins
2026-10-08 10:13:06,day,crypto,88,0x89a730b74c204625cf19d3d64ff8e8c412b89918,811.7680660000001,3872.344312,fhdsgds
2026-10-08 10:13:06,day,crypto,89,0x19c3b385be5667154fc69c87d8f7914be84087c1,809.2958899999503,0.0,KatsuManager87
2026-10-08 10:13:06,day,crypto,90,0xcc5dc95d30ea2154808a635b5661b3ff75bab351,793.1435850000004,13579.505685,asdad12ssadsadsd
2026-10-08 10:13:06,day,crypto,91,0x167ef4770dfd6038ce4d9dd9f76e1c70ca5c28d9,790.6844759999999,2615.6906759999997,0x167EF4770DFd6038CE4D9dd9f76e1C70CA5C28D9-1778064067692
2026-10-08 10:13:06,day,crypto,92,0x55e2436d747835c7e40b0c6cf92f632bf1215fc9,786.1778499999982,0.0,Rhabarberbarbarbar
2026-10-08 10:13:06,day,crypto,93,0x55be7aa03ecfbe37aa5460db791205f7ac9ddca3,785.4429212870025,611.1600000000001,coinman2
2026-10-08 10:13:06,day,crypto,94,0xa6135050611fcc6f8c56797e115c7f60ff301bf9,775.9397999999983,0.0,0xA6135050611FcC6f8C56797e115c7f60Ff301Bf9-1775956951845
2026-10-08 10:13:06,day,crypto,95,0x4cbc620532d7253ec3567497956fc32885fdedf7,775.6767592499964,0.0,RisingFreedom
2026-10-08 10:13:06,day,crypto,96,0x3c5dc3e055123c7749ab2dbc84bffc13a0917be1,768.4611146389943,0.0,max1ved
2026-10-08 10:13:06,day,crypto,97,0x00726335905c5422b464e962b851208a3c633d75,766.8082319834939,0.0,Nomorepredict
2026-10-08 10:13:06,day,crypto,98,0xeb1f5a235318b312054df0de5724b74288495b91,760.7138530000004,9915.646778000002,thehound
2026-10-08 10:13:06,day,crypto,99,0x484e5213d4b75147fd92a0df0e8c7bbcc2ce8e9c,737.2024321900003,9954.394181000003,0x484e5213d4b75147fd92a0df0e8c7bbcc2ce8e9c
2026-10-08 10:13:06,day,crypto,100,0x71a70f24538d885d1b45f9cea158a2cdf2e56fcf,717.601517917502,2441.84,easyclap
2026-10-08 10:13:06,day,finance,1,0xc6e956068048c1cf98d8f0b3a495edc9da130741,6366.50585783496,17468.245908,luck00004
2026-10-08 10:13:06,day,finance,2,0x982a77e75498fa134607f598c861b8de9d0c6851,2816.9063839885002,37448.98624300001,grasstoucher69
2026-10-08 10:13:06,day,finance,3,0xffbbf885454e6930e54b720ad5224175b8ae36e9,2331.9638970420056,0.0,0xffBbF885454E6930e54b720ad5224175b8AE36e9-1720913580384
2026-10-08 10:13:06,day,finance,4,0xf3ad8f80006d90a5ba90112a675d13bffd740724,2135.7016779799997,0.0,0xf3ad8f80006d90a5ba90112a675d13bffd740724
2026-10-08 10:13:06,day,finance,5,0x8a4c788f043023b8b28a762216d037e9f148532b,1584.836027483485,0.0,occasionalAwareness
2026-10-08 10:13:06,day,finance,6,0x06ac70013cd0c7992ec830ad5df9f7f66d5b79ec,1101.3875158249994,0.0,eastpak
2026-10-08 10:13:06,day,finance,7,0x9afda7ae5c6afadcb500ce0274312e0fe7ba574b,1001.0972596129868,0.0,UnreasonableAwareness
2026-10-08 10:13:06,day,finance,8,0xe392d6cc6a012f306cef646f79114eb6f351c023,943.5310227045002,0.0,ssddssd
2026-10-08 10:13:06,day,finance,9,0xfac31080805e6d2b1691eb9beea998a04dbb99ff,796.9304749349999,0.0,0xfAC31080805e6d2b1691Eb9BeeA998A04Dbb99FF-1772962139269
2026-10-08 10:13:06,day,finance,10,0x903221b1098263779ae19486028c844e8c338717,740.4606942735008,0.0,0x903221b1
2026-10-08 10:13:06,day,finance,11,0x9f66aa958734d9d5af35f5f19a276d23e84f3a50,733.9427804399998,150.0,MrMelonHead
2026-10-08 10:13:06,day,finance,12,0x40604cb1f958c03bea0b18aa43e4cb0d62f33ec3,614.4690322349988,18302.579832000003,C03B
2026-10-08 10:13:06,day,finance,13,0x873534996602665a42c5f2902b6203599ff246e5,573.8214909600001,0.0,bigdickprick
2026-10-08 10:13:06,day,finance,14,0x96489abcb9f583d6835c8ef95ffc923d05a86825,526.9818478499886,4289.401818,anoin123
2026-10-08 10:13:06,day,finance,15,0x5d634050ad89f172afb340437ed3170eaa2c9075,523.4351616499991,3625.982224,PBot-10
2026-10-08 10:13:06,day,finance,16,0xb1ca909e848cc24ec4e220ce1c453bc290c51705,447.19655356600106,11460.86,CAQZeroSeats
2026-10-08 10:13:06,day,finance,17,0x403f2471f8aaa1e8a224f1338b073bfa3fdb94f1,441.07287595348566,16643.204736999996,PippiTrader
2026-10-08 10:13:06,day,finance,18,0x7a86b972c76f703814eedd4ccbe1fe186d35f8e8,410.44782608099945,6661.540000000001,henos
2026-10-08 10:13:06,day,finance,19,0x3ff3d58edda13959e646ad47aed9b52583d88c08,394.87284999999974,0.0,sxxxo
2026-10-08 10:13:06,day,finance,20,0x80a0da00fbdc8440b0ef601341f14c3e24795708,363.0,0.0,de5nuts
2026-10-08 10:13:06,day,finance,21,0x63bc4a3274a69821ba9713792679407aab3ef87d,283.21670000000006,0.0,BurGive
2026-10-08 10:13:06,day,finance,22,0xf28c7b2efa875580a79f8c8810deff374f51cdf8,273.4016499999998,0.0,0xF28C7B2efA875580A79F8C8810DEFf374f51Cdf8-1774419743181
2026-10-08 10:13:06,day,finance,23,0xc1a58674dbcc1d3208f7e61a0a8b252162caf290,258.2484771249947,0.0,amis
2026-10-08 10:13:06,day,finance,24,0x2e3ea056400d81c42e2ce26ef25fda4ec5caabea,253.46349023549976,2940.56666,HDGB
2026-10-08 10:13:06,day,finance,25,0x87adb334761cf875aaff01f7c760750d0dacde46,250.46038283000007,0.0,web2256
2026-10-08 10:13:06,day,finance,26,0xe9076a87c5ed90ef16e6fe6529c943baeca0cff6,246.063281857,1775.367444,suntori
2026-10-08 10:13:06,day,finance,27,0x4535d28650075c79b4c96b9f8b48347ad6174007,236.14996219999998,590.0,pppooooolllmmmk
2026-10-08 10:13:06,day,finance,28,0x524db836890e08aceb3abcdee98d44240e324495,236.06484499999897,0.0,Mac-Gyver
2026-10-08 10:13:06,day,finance,29,0x836ffd95ef3cf3c7987612279b2152b11ce6906e,230.07331287500062,557.1,MrNoItAll
2026-10-08 10:13:06,day,finance,30,0xbace5a5a9e309d69164dc81788d353fed8d43429,228.03487269199104,0.0,ThanksGivingTurkey1001
2026-10-08 10:13:06,day,finance,31,0xc7d02944a76b9f83b199e9090ecc92c82d241f8a,221.82941804200243,201.0,0xc7D02944A76B9F83B199e9090ECC92C82d241F8a-1776944395495
2026-10-08 10:13:06,day,finance,32,0x6936431c93a525f454d1bb914c107f926c86a45e,220.26630500000005,130.21,OnlyPhan
2026-10-08 10:13:06,day,finance,33,0xc278143b0a9a06d236936bc742e516de13472d19,210.17823210000097,0.0,ethhte
2026-10-08 10:13:06,day,finance,34,0xf68a281980f8c13828e84e147e3822381d6e5b1b,210.0,0.0,Nooserac
2026-10-08 10:13:06,day,finance,35,0xc8ec6d4cef5c5fe8409ef69303c37f05b678e8f1,206.93583470500005,1608.652917,Hugewinner
2026-10-08 10:13:06,day,finance,36,0x2c335066fe58fe9237c3d3dc7b275c2a034a0563,194.7531600000002,0.0,0x2c335066FE58fe9237c3d3Dc7b275C2a034a0563-1759935795465
2026-10-08 10:13:06,day,finance,37,0x9e199036a68e4bf9d33f6958834ae079356ba857,192.00686781000013,0.0,0xwind
2026-10-08 10:13:06,day,finance,38,0x21f701a6d8febfd948f899114f2b9d9a8ef7e19f,185.74664999999993,394.37,0x21F701A6d8febFd948F899114f2B9D9a8ef7e19F-1760280914378
2026-10-08 10:13:06,day,finance,39,0x5eb0cd907aa0b7b4df11552e817570e265ea5012,183.8650742624999,0.0,arbandy
2026-10-08 10:13:06,day,finance,40,0x4c2da46b289847e3e8377c6f4ca3d520c620f8ae,181.59667464999984,1099.967695,WashTrade
2026-10-08 10:13:06,day,finance,41,0x9592adb70397e9de67ba9abe6971e3f50fb7a7b8,177.3034978515002,0.0,meagainsttheworld
2026-10-08 10:13:06,day,finance,42,0xb4f2592e67c333e73c923547cfe05e768180e5fa,175.75154543000056,11.912251000000001,M2sx92kljs42
2026-10-08 10:13:06,day,finance,43,0x8b8762de175b0c9c86453239e0dabbedd6d73e8d,175.06879999999978,0.0,MickyMauldib
2026-10-08 10:13:06,day,finance,44,0x1424a9e0a0def5a86c3c6cffbd8b6c65e1b12c7f,167.41733334000003,0.0,Neon-Gargoyle
2026-10-08 10:13:06,day,finance,45,0x6e0e7888ad053c389f46df62ea5bd6eab906abec,163.99680312500004,0.0,lklnd
2026-10-08 10:13:06,day,finance,46,0xac4a1fabdac2438d6afa2a9e8e83845310a0bf1e,162.9090750709945,61.42,HerrieDavis
2026-10-08 10:13:06,day,finance,47,0x5c6e54a0657d0159b993d17470c749dec1bb0617,161.571064875,0.0,0x5C6e54A0657D0159B993D17470C749DeC1bB0617-1764742279431
2026-10-08 10:13:06,day,finance,48,0x3c67fb5c63f40190ddce1c49b3e1130bc07de1a8,161.40841059200005,0.0,CORWIL
2026-10-08 10:13:06,day,finance,49,0x60c6ad7e43cb23b5209d7eddf9386c508285247f,159.1175063300002,18000.0,konsomida
2026-10-08 10:13:06,day,finance,50,0xef13bdcecd9c13e4a07bb20924657f3b110263d9,156.84032693449993,0.0,johnashbough
2026-10-08 10:13:06,day,finance,51,0xd5dc16a421717a6e2499818b76a76880874ad1df,154.0,0.0,caishiopt
2026-10-08 10:13:06,day,finance,52,0xd426adbc3c4461c86099c26221c877f20e42334a,153.9850786900006,0.0,881112
2026-10-08 10:13:06,day,finance,53,0x9aea85d0b70bff6cb980cbb22d2e70b141e6b686,153.4099062045001,0.0,POLO
2026-10-08 10:13:06,day,finance,54,0x1c4cd350bce3cb791daf88ce2034de9b03318d85,150.0,1000.0,Jydyjyd
2026-10-08 10:13:06,day,finance,55,0x4c2966a198cd7ac982110d0219b037afa9997570,143.67029999999988,0.0,0x4c2966a198cd7ac982110d0219b037afa9997570
2026-10-08 10:13:06,day,finance,56,0xdd574188334300a925465d035c89f76866ede0c4,142.89397500000007,0.0,JoneyB
2026-10-08 10:13:06,day,finance,57,0xbf0fd14d47d8d785ac19f33aafa6985501f128ce,140.9016499999998,0.0,0x4dF63E746b71d3a8e
2026-10-08 10:13:06,day,finance,58,0x876bb030ddd424ef505ae02914024cf18c6a1703,138.12840540199977,0.0,rewardbots
2026-10-08 10:13:06,day,finance,59,0x73bb531d8cfabcdd61f9e7bc08e8d2554bc69473,134.62214188000144,0.0,chivoexpiatorio
2026-10-08 10:13:06,day,finance,60,0x17559efac103ac7f361be37ec0b93888d4c55aac,134.0073781809997,0.0,CamelUp
2026-10-08 10:13:06,day,finance,61,0x5297f1e1d0f0584537af763652a0a5f874037b99,133.66838628,679.8862710000001,adasol
2026-10-08 10:13:06,day,finance,62,0xd362985f6e881c0bd8310fb85cc40be7a0089684,133.63352799000006,1238.28,Zeongweonkoo897651
2026-10-08 10:13:06,day,finance,63,0xa40cc3bc1278bdefdf869c653a9281df80cb1bae,133.46021447500016,0.0,alphastrike10
2026-10-08 10:13:06,day,finance,64,0xdf1c2e388bde2fbacabaf85c75a6b69cc35e2ebb,125.47606695599825,0.0,BMM-1
2026-10-08 10:13:06,day,finance,65,0x492f7c119b63a367b1b7289fe37f4f44aa6f8144,120.39247659,0.0,Xavwv
2026-10-08 10:13:06,day,finance,66,0x9d4dc118d20e0f5de3aa02ed474f7e1724696d87,118.74775858499993,0.0,Muskymusk
2026-10-08 10:13:06,day,finance,67,0xe87f68b0d34e07b0d3edb26a08ae7966c044f1e6,118.40270872000019,0.0,LilLoose
2026-10-08 10:13:06,day,finance,68,0x60d8579f44308d32e17cea71fb4215827631b8ed,117.96798122499996,0.0,landmen
2026-10-08 10:13:06,day,finance,69,0x049aa4e44dcdaa109dad82503553252f4eb0b22a,115.39301382949998,2000.0,BP2025
2026-10-08 10:13:06,day,finance,70,0x8888a4f8c8d3834482d77405530d7f5428a40b39,114.0424708894999,9627.889002999998,0x8888A4F8c8D3834482d77405530d7f5428A40b39-1769323876037
2026-10-08 10:13:06,day,finance,71,0xd51d3e7fe5bbcc48ba1e10803d139481f6e320ad,113.1407284425,3351.810811,BobbieBarker
2026-10-08 10:13:06,day,finance,72,0x6d4a4c199661d482c392be32efc76cf32416f05f,106.75481737500013,0.0,Downright-Nectarine
2026-10-08 10:13:06,day,finance,73,0x30f67d821c57a54e25e5e521dbd3b5b18309004f,104.41511037799978,0.0,shiifoo
2026-10-08 10:13:06,day,finance,74,0xe8d3099d9cf42b421f13937d46194b1476b92306,103.66719999999987,0.0,CauchyBraids
2026-10-08 10:13:06,day,finance,75,0x3dea0e83ec0eed89fa46ffa54e34cfec99aec94a,102.46767792800001,0.0,jmakelki
2026-10-08 10:13:06,day,finance,76,0x60567382d04d7af8776eea04468a918519ebc27c,102.00284000999818,0.0,akimbogod
2026-10-08 10:13:06,day,finance,77,0x235e75bafc6c7cc39a1fcc454e7034c1b5845673,101.86952278999979,0.0,Copyright-1
2026-10-08 10:13:06,day,finance,78,0x0cb25edac705df4c6b4d23fb6fc4e18e78301872,101.6425739199999,0.0,0x0cb25edac705df4c6B4d23FB6Fc4E18E78301872-1774209617236
2026-10-08 10:13:06,day,finance,79,0xf0ca28d5b0141f0a8e7b251dea80fd881cb166ed,99.14884593550019,823.3,Hauchn
2026-10-08 10:13:06,day,finance,80,0x708dba576d798c24215e267413503269fe39ea78,98.13460152149992,0.0,HornyBibi
2026-10-08 10:13:06,day,finance,81,0x7c9df67aec7b97d6f6ed1b433dedb9a03093acff,96.73495704999823,2060.2799999999997,Tanjirooo
2026-10-08 10:13:06,day,finance,82,0x748ac19f73c96312e98227f49f65699542943c56,96.50408769999899,8078.542904,1nvoker1
2026-10-08 10:13:06,day,finance,83,0xa38a455bbdd4b68486548b7e19da99903f4f821d,96.24569998000015,0.0,takeormake
2026-10-08 10:13:06,day,finance,84,0xb7de4453b88d34ae7dddfaaf57eec3120054f0db,95.20505017999994,0.0,PauliusKuncinas
2026-10-08 10:13:06,day,finance,85,0x1f85e6e3e41e5f1fe03f6cf22a52ae4e352ea51b,94.9360400000005,0.0,VibeyQuant
2026-10-08 10:13:06,day,finance,86,0x8207e643f3f85fbbc95303bb7f77908edcadc570,94.82669315999999,0.0,Neology
2026-10-08 10:13:06,day,finance,87,0xfc081d2dab43d97ee05b624e2166808ad3e96be7,93.05124737000006,0.0,MPIL
2026-10-08 10:13:06,day,finance,88,0x21d0c129deb8a7f7e1569045200d20e23862ce91,92.20386464701097,832.9094699999999,DEGENKHAN
2026-10-08 10:13:06,day,finance,89,0x167a807987c8da3aea97bc36cb394fc04d3c91d5,91.53641395900013,1698.5098010000002,longdated-poli
2026-10-08 10:13:06,day,finance,90,0x33b3b135660b97b4ba65dad30bf07c7d2281d03d,90.62628777999998,0.0,AlmostNoAwareness
2026-10-08 10:13:06,day,finance,91,0x14ac1110571c3288ff5612fe1ef1774ea9c2d92d,89.26301490999992,244.984375,0x14ac1110571C3288fF5612FE1EF1774ea9c2d92D-1776264121059
2026-10-08 10:13:06,day,finance,92,0xcb59ea1babf3b26ea50088057e427ab0ed8f0a22,88.53384499999954,114.76,BeneGesseritVoice
2026-10-08 10:13:06,day,finance,93,0xf27de6607cbd15be1133619b9807ff63fb86e6d3,87.88172978249986,0.0,0xf27de6607Cbd19be1133619B9807ff63Fb86e6d
2026-10-08 10:13:06,day,finance,94,0x3ad146a7dae2dbab2281c7e351bedce11748b4c5,85.17464079999968,2018.763135,0x3aD146a7daE2dBab2281c7e351beDCE11748b4C5-1771629524936
2026-10-08 10:13:06,day,finance,95,0x4f8c71ce1cb93479184257f08c85e536fc9cd293,84.5,0.0,61728362183
2026-10-08 10:13:06,day,finance,96,0xfa394a598dbf573202a8286b45f512c7a383977f,84.35047710499997,5.0,Brother357
2026-10-08 10:13:06,day,finance,97,0x4a2be7a7e6e3b41dc2de00706b4c09660ca9af20,83.6438788155001,200.0,troim
2026-10-08 10:13:06,day,finance,98,0xc6dd722558dbfbd8fa780efcbe819ed8c6604b9f,81.7868829999934,0.0,tourists
2026-10-08 10:13:06,day,finance,99,0x9108740152eeb2bf19d28e6ff84e7b6f8b10eaad,79.99997142999928,0.0,bugmaster86
2026-10-08 10:13:06,day,finance,100,0x9d736920e486176e7df7a76fa218f1ebd853216b,78.72128228500405,40.0,AlAhmeda
2026-10-08 10:13:06,day,culture,1,0x955c9661bf6e010beff0ba896a49f715a8c8990f,10778.87,0.0,0x955c9661bf6e010beff0ba896a49f715a8c8990f
2026-10-08 10:13:06,day,culture,2,0xb831a1d17dc7cc13815e665fb94f34473e33892b,3629.5163691975004,15950.043707,ElonJail
2026-10-08 10:13:06,day,culture,3,0xc5e82bcc29122a2ec9d912b6784235878c368354,3568.544645999999,64381.298,ihrekunst
2026-10-08 10:13:06,day,culture,4,0x0f7f9903f46c24ba66900ceb4a427873129c6450,2599.495301133,0.0,Elonurmom
2026-10-08 10:13:06,day,culture,5,0x6d3fa0200fec1dbcf4dd7e4408aa1e53779ca942,2285.3448322540003,0.0,stauffen
2026-10-08 10:13:06,day,culture,6,0x2eb6921692bbefa0ee42d48c48141f6a81d33e31,2114.0228042630047,85189.41518100003,CaprioDiLeo
2026-10-08 10:13:06,day,culture,7,0x4afbb6588c79f2c5e9019908fd7440224dd1ed2b,2057.7332469840007,270.0,elenaarybakin21
2026-10-08 10:13:06,day,culture,8,0x8eab0c46127830072631db88e9dbaeb0b953a56d,1612.1168550750017,76756.76016800001,LinaBell🦊
2026-10-08 10:13:06,day,culture,9,0xb37aa8834f9baefc6fb3312f59df8ddf0348f1b1,1609.3066860569998,17600.072226,Raskell
2026-10-08 10:13:06,day,culture,10,0xfbcbd30ee172d6750364c117d989c4c049eebb5d,1511.7600472719996,111188.757796,ElonSimp
2026-10-08 10:13:06,day,culture,11,0x04fbd55b0626add23661c448710a0194fcd25968,1473.1918499999997,1529.86,0x04fbd55b0626ADd23661c448710a0194fcd25968-1789564287540
2026-10-08 10:13:06,day,culture,12,0x97ff9e9affb3acf739161deef10492a96a36d095,1381.0187978120007,10254.443037000001,niceShare
2026-10-08 10:13:06,day,culture,13,0x9a3fa403a6666eef75f92f181fcf13f9c051914a,1033.962359365,3755.64,Rex416
2026-10-08 10:13:06,day,culture,14,0x3abdbfd7a85ae61a2a26757e8e580ecf56ba2c6a,972.9378979035,0.0,sqsb
2026-10-08 10:13:06,day,culture,15,0x6864204009ba1e137989983eafee8644cb3f294b,907.9004974499969,43760.71873199999,hetacz
2026-10-08 10:13:06,day,culture,16,0x7db5452784044466615b3542703fd95c9696cf18,804.5621444904999,2030.2940660000002,wakuwaku3
2026-10-08 10:13:06,day,culture,17,0xce26732e876c0c349c6c42172d7f8cb99ccbf3e8,784.9134366435001,19436.505039,crvlo
2026-10-08 10:13:06,day,culture,18,0x038bca073c9aebb694028d70eec94116ed4bafc4,714.7179543249999,19549.57,triple-purple
2026-10-08 10:13:06,day,culture,19,0x2b670a311561dcaf741d8155451774d3fa7fb814,671.001624999999,0.0,0x2b670A311561DcAF741D8155451774D3Fa7fb814-1778467735876
2026-10-08 10:13:06,day,culture,20,0xc2d366b2b1e4dc8b51b6f1086d533636c38fa1a2,620.70306,13421.220000000001,felipe69
2026-10-08 10:13:06,day,culture,21,0xf1d5baedaf20abc202474fb3fe958858012c54d5,611.2249999999999,0.0,BBX1GbDS011
2026-10-08 10:13:06,day,culture,22,0xbac4990827365cd6458abd90c4c42cd41dc51ab2,604.9376065019997,4600.71,LazyWanker
2026-10-08 10:13:06,day,culture,23,0x3f0c6d5318ca78d70ef41bf4470e9ca8ebd20217,597.8389123280003,0.0,0x1e0T6R5318CS78H73eR4
2026-10-08 10:13:06,day,culture,24,0x306d7f1abad26801597302f3eb48e98b8f197a38,587.46644225,2786.36,Ruiziness
2026-10-08 10:13:06,day,culture,25,0xaa7e5c893b23e264b9d11a7fe8e421d459ee0332,585.8874582325001,0.0,txp111.
2026-10-08 10:13:06,day,culture,26,0x1e1aed3928a9617e7c7ae674c4fa7aebbd9d7690,579.561640115995,29558.312420000002,Bitgod
2026-10-08 10:13:06,day,culture,27,0x4d3d8821996f31accf0560e5928b0c03d4da5047,565.16466,0.0,mcsg
2026-10-08 10:13:06,day,culture,28,0x37b278ab19e1cdc0e392da980dcc59ef802a8681,549.1627390959993,10258.645385,taemaxx
2026-10-08 10:13:06,day,culture,29,0x32561fa3e9c134ff1766ef5db558d4719be5830c,548.2037116995,9411.134599,Fablurou
2026-10-08 10:13:06,day,culture,30,0x8f660b4dc3fe1526b49d289946f13009e2c7b986,531.5287600000001,1200.0,ChunkyMonky
2026-10-08 10:13:06,day,culture,31,0xc4d5a24a240ec9f52669e3251e0473fd0c5687cf,493.9564212965006,70190.20478700001,bipbipbop
2026-10-08 10:13:06,day,culture,32,0xc7d02944a76b9f83b199e9090ecc92c82d241f8a,447.1500025764992,1538.3457600000002,0xc7D02944A76B9F83B199e9090ECC92C82d241F8a-1776944395495
2026-10-08 10:13:06,day,culture,33,0x52071e89ed7f68478a428fd65aed5dc572be686b,446.8390423769988,200.0,StraddleSeller
2026-10-08 10:13:06,day,culture,34,0x7b2ff18f435e738980e06a2c8a33839267137f5c,419.5977749999993,0.0,ageg43oiklbd
2026-10-08 10:13:06,day,culture,35,0x122cb94c437ea5e6f088c6c0c143c592ab8efbed,407.9698099999995,17704.11,Cb94C437EA5e6f088c6c0C143c592ab8EFBed
2026-10-08 10:13:06,day,culture,36,0x75003de792a09a4d0345913baf9c63d08faa567f,380.5199946949998,34734.594941,0x75003de792a09a4D0345913BaF9C63d08Faa567f-1763836802268
2026-10-08 10:13:06,day,culture,37,0xb23e88a3e729951c1992b361435a5c410fcf829a,371.92293120499914,583.4399999999999,clazzy1
2026-10-08 10:13:06,day,culture,38,0xdec2a6879cf654e6bc2c0e125f65b2fa3e27b015,367.47864894500003,400.0,wisechinaman
2026-10-08 10:13:06,day,culture,39,0xaf4635074c8f9966ff44f2497183b53fc0578c1d,359.66529793999996,743.7800000000001,vamnizar
2026-10-08 10:13:06,day,culture,40,0xfb9d744a5cc604dc5211d76614e135b178476577,357.96505172050024,2996.02,jafacakee
2026-10-08 10:13:06,day,culture,41,0xe8c4d68aff65b38cac46987b9b65e01eb47d395d,356.6255775999998,0.0,JAMJAMJAM4
2026-10-08 10:13:06,day,culture,42,0x891c78dd395fe24ad2148c64377fdabe5cf1e455,335.9803828495003,6518.777966999999,blisni
2026-10-08 10:13:06,day,culture,43,0xfec7e9c057aab384dd7c948a88818a55c59bae1c,326.3178511615002,2717.6756530000002,DvePlotnieBanki
2026-10-08 10:13:06,day,culture,44,0x6be949e0f7f46dbb2ba04da0efadc23dfd2c3493,316.7637649800001,17768.023333,Brotherinchrist
2026-10-08 10:13:06,day,culture,45,0xad5353afe30c2da57709e2704ef3ccdcf67eef24,291.73091715550316,10745.451925000001,AJSV
2026-10-08 10:13:06,day,culture,46,0x0b4e62c8a14b1113617ca311453e7053ff33f5e1,289.0581992575003,2113.83,jfefgsgsw
2026-10-08 10:13:06,day,culture,47,0xa002fe96b56a85fa3ff05cfdeab99c8c9e53e840,287.38604860900006,9081.979999999998,orifcontex
2026-10-08 10:13:06,day,culture,48,0x9d84ce0306f8551e02efef1680475fc0f1dc1344,262.94901180654415,0.0,ImJustKen
2026-10-08 10:13:06,day,culture,49,0x544e12de6bba96eb093c4347dbc80ce1112b86dc,258.66872200399996,9889.84,0x544E12de6bBA96eb093C4347dbc80ce1112b86Dc-1765416252934
2026-10-08 10:13:06,day,culture,50,0x7e5972bfc25819775ee5a9d4f191919375487b8b,254.56853865699992,350.0,Gaditima
2026-10-08 10:13:06,day,culture,51,0x4ffe49ba2a4cae123536a8af4fda48faeb609f71,237.19228053649996,40531.483511000006,planktonXD
2026-10-08 10:13:06,day,culture,52,0x04ebaf3ea0e63723b1bd6e25eb01dd7071331ab3,229.39113682,6603.775928,Deus118
2026-10-08 10:13:06,day,culture,53,0xd218e474776403a330142299f7796e8ba32eb5c9,226.33464158951278,2422.489763,cigarettes
2026-10-08 10:13:06,day,culture,54,0xe2b1fc269d0c2e27da11fadd1d9596fe28227d2a,225.83228855250186,35.803024,New.Jeans
2026-10-08 10:13:06,day,culture,55,0x13960a715e0ad504b00cdbb06947f4f7e5103ae6,219.20136855500004,1459.45,Gustav4-1
2026-10-08 10:13:06,day,culture,56,0xe343e1d50291f2f9d8e4de0138d93c21f3ea23fd,216.90867790300004,1000.0,Badekarret
2026-10-08 10:13:06,day,culture,57,0x701187150980c2421bc3c87a74dbdef31d75c6da,216.3479999999995,3143.42,Electricy
2026-10-08 10:13:06,day,culture,58,0x4807a18cd70a7108366660aa08d94600d8ef70ab,215.60407499999974,0.0,RainIess
2026-10-08 10:13:06,day,culture,59,0xeface9902242b0399856f981600b907dcc9bc9a1,207.1637737524992,1163.404333,macrosteaks
2026-10-08 10:13:06,day,culture,60,0xc62e4a0f57a4bbd692a298ec4c6d84e7123534b9,206.52451855000004,2120.255618,Bluebamba
2026-10-08 10:13:06,day,culture,61,0xc79339b3e4db94f77b7114b3ebebbc2ee67602a9,204.0333995314999,1103.8591999999999,azimutp
2026-10-08 10:13:06,day,culture,62,0x06a22231b2d42f8704e85ef44c2dda278d9f8015,201.27024912350066,2104.1400000000003,d008
2026-10-08 10:13:06,day,culture,63,0x4d064064c89ad62f1866a7ed4e85f6c5d885b2ea,197.6619034375001,1818.275802,RootWoot
2026-10-08 10:13:06,day,culture,64,0x9ffaa9cd1fb96e1fd635cae0a13e2022827fc8fc,194.07653382499998,4423.786343,redstar1987
2026-10-08 10:13:06,day,culture,65,0x53124b262d5690f34d13f60594586e585b3b9e9b,190.8054165,2288.67,bibbi
2026-10-08 10:13:06,day,culture,66,0x514bed69dd15b0aa7183f985bdce50681a026931,182.78106499999984,608.99,ProsperIntelligence
2026-10-08 10:13:06,day,culture,67,0x3a7b4c9e79779bff106239e9ffa749eea5bd08ae,181.13727891650024,4087.0,boombaby67
2026-10-08 10:13:06,day,culture,68,0x0826042fb1f3f5ff4325ed7237ebc87468070b32,180.2153549274999,0.0,deltasniper
2026-10-08 10:13:06,day,culture,69,0x724c2de133fcb2f7f19d03ae6280a55ae15560ba,175.90036875300007,8859.42,0xC3DR1C4bE2A9f85c7D93e94b1Fa620C7359E819A
2026-10-08 10:13:06,day,culture,70,0x87a9157fffce89ce17201716abade38cf68b4bdf,164.8146620284997,0.0,sange111
2026-10-08 10:13:06,day,culture,71,0x8b4bca1d794779e66e023d44391b2a86c5ab541b,164.1884963149787,0.0,0x8B4bcA1D794779E66e023D44391B2A86C5ab541B-1769764313952
2026-10-08 10:13:06,day,culture,72,0x2692ef480c8dd150e4cdbd26ecd8f58a375c38e2,159.81175999999988,12841.83,liujing1991
2026-10-08 10:13:06,day,culture,73,0x12d51de654df441c57e97c81156613681114f0eb,159.36300000000006,0.0,drakelong
2026-10-08 10:13:06,day,culture,74,0x6f1901e9a069db659339b086d50d6e02da93b9ff,158.19662259499995,648.207537,Mantzuraj
2026-10-08 10:13:06,day,culture,75,0xf244d58b9e0a83ad68b16fb7c940aeb391b7bedd,157.55508499999996,0.0,RiskyWager
2026-10-08 10:13:06,day,culture,76,0xd416d3309f75426c82a5158cdcb209780af2d9e2,154.28100179499927,1340.0,Annihilation
2026-10-08 10:13:06,day,culture,77,0x38f50488b14a87769e0c5cd6c514b6c2e8ec6824,152.52585184299892,3143.09,smellyEllie
2026-10-08 10:13:06,day,culture,78,0x73749db0d73fdf2bc74e56edcf30dd98180a38ff,151.34522515,816.506342,exboyfriendjustsentit
2026-10-08 10:13:06,day,culture,79,0xec353c2406613d30276a7c763ba8bad05c6a259d,150.89318703,0.0,0x49bafD9A102D35960Fe95F69dE63E6ad122C32b4-1767348365781
2026-10-08 10:13:06,day,culture,80,0xc785252b25901a591e9d962e09f4342468444ef2,143.78505804049996,2354.242185,dips.
2026-10-08 10:13:06,day,culture,81,0x10df1cf36653da12cff1f3725e12a7b4644e04a9,142.98170727800004,0.0,0x10Df1CF36653DA12CFF1F3725E12a7b4644e04A9-1740754053101
2026-10-08 10:13:06,day,culture,82,0xf14ec403ec03d8f5329aed6587252667bcc76173,142.73167033600055,4413.23,0xf14ec403ec03d8f5329aed6587252667bcc76173
2026-10-08 10:13:06,day,culture,83,0x23cd41e50c4ea02e13f9cbdcbd8631f9bc6f377a,142.28433126600066,0.0,prinzealbert
2026-10-08 10:13:06,day,culture,84,0x62d65b7daf6ef4c96b1e184baebbe5783a9254e8,133.05700000000002,200.0,WynnTakesL
2026-10-08 10:13:06,day,culture,85,0x180fb34cc458ef613c9cd5b5faeb6363e35a0c07,133.0,0.0,Memorinas
2026-10-08 10:13:06,day,culture,86,0xb637c89655ffa76e2ff7f5ffa8a19374d3f34c42,128.48004662749963,4053.8840240000004,flywheelpoly
2026-10-08 10:13:06,day,culture,87,0xc757850237e266d3b08d16b8455777a88590ccfc,128.15161335501034,23702.25,tianjiyuyunzhilu
2026-10-08 10:13:06,day,culture,88,0x28ca4e9a04531f2eac0c2770f95db4e1c6a65d19,127.60000876050034,21.0,DuneMentat
2026-10-08 10:13:06,day,culture,89,0x0df46cd4065c0706bba1cbf771b6e69e2caec7cb,124.18037000000015,1467.8400000000001,0xbFfcF3C634B368F277adC26dF75E4560d72156AD-1777985220216
2026-10-08 10:13:06,day,culture,90,0xf452408faa1a0eedad591f65d8f5f5c7bbc58ff9,124.09800516000001,2845.5,0xf452408fAa1A0eEDAd591f65D8F5F5c7bbC58FF9-1764228314605
2026-10-08 10:13:06,day,culture,91,0xfa464e982c8af57dec9378c70026e6e4756a4bb3,123.724762875,0.0,theghost92
2026-10-08 10:13:06,day,culture,92,0x073a1caba3c22e9e361ceae83aaa5405706f91e7,120.0,0.0,Mantronix
2026-10-08 10:13:06,day,culture,93,0x194044a58ab7a66d461cdb9601a281f99ca50ea1,118.78251169749996,2149.537874,bondbondbond
2026-10-08 10:13:06,day,culture,94,0xe6c6f1d992367fb31219ae05464fdcfd2b7577b7,117.60025499899984,20573.693334,carboyant
2026-10-08 10:13:06,day,culture,95,0xfd07a6ddb8a7e01b7327a991727ba28d57a36bb7,116.00561420350007,93.38,LordYeah
2026-10-08 10:13:06,day,culture,96,0xa0f21e6d351baa9185716b5c00c2925ed9621848,114.52254324499934,168.680553,0xa0f21e6d351baa9185716b5c00c2925ed9621848
2026-10-08 10:13:06,day,culture,97,0x758dac51ba3cc9a246a79787da9df11c5f425d9e,113.02798113200004,54054.997215999996,a5533
2026-10-08 10:13:06,day,culture,98,0xef10e3253a9d28c72d2d9ffd9e98f77b4c8c22f0,110.42936999999984,0.0,Jayqee
2026-10-08 10:13:06,day,culture,99,0x66c1a6fe836ff555ca32848646acedbbe93bfa3f,108.1451649999999,185.0,Platykurtic
2026-10-08 10:13:06,day,culture,100,0xb40e89677d59665d5188541ad860450a6e2a7cc9,108.10146256250005,2113.114624,Poligarch
2026-10-08 10:13:06,day,mentions,1,0x1e934f01216bf34b277eaeebe2c81183bed278bc,565.55696419,698.5,jesuslovesy0u
2026-10-08 10:13:06,day,mentions,2,0x75978edaeed0b4aba863a73f7bcb4ab6205e5f01,421.3957717799999,1105.737097,ruletheworld
2026-10-08 10:13:06,day,mentions,3,0x8673d3a19c559f43241312894bb82fc4fd8559a5,267.61992905999983,258.961539,ezfzezefze
2026-10-08 10:13:06,day,mentions,4,0x9b2fcb79bdb8a6a6174da327e9335f7889c6d8f8,231.4456725,0.0,SloppyDonny
2026-10-08 10:13:06,day,mentions,5,0xc62796d790c46a93f6511b112411f125714bcf54,225.14415,0.0,0xC62796D790c46A93F6511b112411f125714bCF54-1785844895658
2026-10-08 10:13:06,day,mentions,6,0x30fb41b5a08fff5d3dd983f6323e3343931a7db4,221.31594366499993,50.0,tradetosurvive1
2026-10-08 10:13:06,day,mentions,7,0x21ffd2b7a212a6f277ed3eca1a9f8efcbca90d71,190.48736028499997,514.54,Haradwaith
2026-10-08 10:13:06,day,mentions,8,0xefde9ff487fae209ab6e3157a8acb4276f9c783d,165.135,0.0,Umaroth
2026-10-08 10:13:06,day,mentions,9,0xa3e22cd32aa9238ef7dbcfb4761e33b9eaa1fdf8,152.34898349999997,134.72058900000002,pootytherewardfarmer
2026-10-08 10:13:06,day,mentions,10,0x2bdea27111b606551a1d3c19c0e8c73e0081ecba,146.83326799000002,0.0,dimesalex
2026-10-08 10:13:06,day,mentions,11,0x2bc7e939bf48259488c991b095977d1f3beee411,143.75183699399997,199.995,jtradegbr
2026-10-08 10:13:06,day,mentions,12,0xa7fea388f955a9517067111030eb771c6d911f3e,136.02053098000005,647.3003229999999,Faston
2026-10-08 10:13:06,day,mentions,13,0x154e1febdde45605dc2ef3f83a2e1905d1c2911f,132.25500002500002,0.0,ms1910
2026-10-08 10:13:06,day,mentions,14,0xa24d3122ecad883b0fe1ff7b9b2d9967e23d3065,131.63148600000002,993.4257,Anatol50
2026-10-08 10:13:06,day,mentions,15,0x8a4ec9c5684b23599bb1dd827b8a5673c2fab38c,130.79414346500005,0.0,Jamieeee
2026-10-08 10:13:06,day,mentions,16,0x80ed3442ee13ca855d90cf78cede3ad3f66ece26,109.82505307999998,811.498173,0xtrador
2026-10-08 10:13:06,day,mentions,17,0xa5e3044fd953605f9407d58c76e48fd75a394d7e,98.84996941349999,0.0,peepeepooppoop
2026-10-08 10:13:06,day,mentions,18,0x797527a06e5b1550bbaa9cce14bf29492a8bd3f7,92.642,0.0,Botadouro
2026-10-08 10:13:06,day,mentions,19,0x7bff96579b20fe3530e140d6a3c223c9f2127cd6,79.32469596800001,125.18,KingZeManel
2026-10-08 10:13:06,day,mentions,20,0xf9efef8ec6235e547ae1ce1ff0de4347e68320eb,77.15972804249998,1127.0423250000001,jeev
2026-10-08 10:13:06,day,mentions,21,0x0cb10c40b0776e9ee8cef970af85724654dda76c,75.44505065500027,763.0,Quarrelsome-Branch
2026-10-08 10:13:06,day,mentions,22,0x1e109e389fb9cc1fc37360ab796b42c12d4bbeee,74.91850000000002,1715.0,ConfusedUngaBunga
2026-10-08 10:13:06,day,mentions,23,0x758dac51ba3cc9a246a79787da9df11c5f425d9e,74.34725666399999,683.3092439999999,a5533
2026-10-08 10:13:06,day,mentions,24,0xca1f9b9d67d947c8007d9814e8f9d6045cccd282,73.44,0.0,KickstandBot
2026-10-08 10:13:06,day,mentions,25,0x7b243a801ba512d41534537f8579a95e7d6eef34,68.025,0.0,foolishcactus
2026-10-08 10:13:06,day,mentions,26,0x290d0d19d90afbff047dd3585c4a716dc5f9dc40,67.77245947999998,0.0,SickandTired
2026-10-08 10:13:06,day,mentions,27,0x7c14bdd7d62b9a7824c220ee39a9b58773f05783,65.24723999999999,83.02,0x7c14bDd7D62B9a7824C220EE39a9b58773F05783-1773587380195
2026-10-08 10:13:06,day,mentions,28,0xccae3d5aa0c3a92003ed5b35ed3e37ea40d80ea3,64.10948474500006,210.93,aerotynecapital
2026-10-08 10:13:06,day,mentions,29,0x401e164edf6266ff2ac8e2d440c98dd3fb19c387,58.231971749999985,0.0,013fk1930
2026-10-08 10:13:06,day,mentions,30,0x927ffeba73eb63ffb7e576aca7d32f78e54be7e7,50.21112751000001,170.258954,ClydeCash
2026-10-08 10:13:06,day,mentions,31,0x1aa836dc906a84ca61c49452f4f1f9238cd2e5a3,48.888750000000016,0.0,goosemaxxing
2026-10-08 10:13:06,day,mentions,32,0xecef81de6dbc37a7f817a3a5113e5c964b8a4909,47.833247570000005,118.31,Flingflonger
2026-10-08 10:13:06,day,mentions,33,0x00029380f7302eaedb802c5fea1cea7fd9537d5f,45.82499999999999,0.0,RVault
2026-10-08 10:13:06,day,mentions,34,0xd4ce0a7ae5c0f1df855ffcb2d37aa26b66d496e8,45.37142207000001,0.0,l1v3
2026-10-08 10:13:06,day,mentions,35,0x7fd8486676920608c0c86da0e41188241300057c,45.368508835000014,320.0,FrogEdge
2026-10-08 10:13:06,day,mentions,36,0x5415c298dde8c84f4ba726d36b411df6e9a72a6e,42.797360615000116,590.46,-Dominus-
2026-10-08 10:13:06,day,mentions,37,0xcc97bbe4aec6a9797100211eb206f62f443e79b7,42.60454091850002,134.02234700000002,0xCc97Bbe4AEc6a9797100211Eb206F62F443e79b7-1785264269150
2026-10-08 10:13:06,day,mentions,38,0x66c1a6fe836ff555ca32848646acedbbe93bfa3f,39.96368999999959,909.91,Platykurtic
2026-10-08 10:13:06,day,mentions,39,0x5d4e7162788ea03494e1127d4050a66a531c360c,39.166852937499996,15.532245,0x5d4e7162788ea03494e1127d4050a66a531c360c
2026-10-08 10:13:06,day,mentions,40,0x64df1adc2bf84d3212d04db134d3c0a9a30eab80,37.77965000000003,478.44,RiskyWhisky
2026-10-08 10:13:06,day,mentions,41,0xf0acc505d85f9c520fef51017bb5f0a4f63780c0,34.724319999999985,154.29,liverpoolfc
2026-10-08 10:13:06,day,mentions,42,0x2382bc1a87a891090a5a4f43ba30e013ceb04628,33.673048359999996,115.58986199999998,mannyp
2026-10-08 10:13:06,day,mentions,43,0x4e65c9cfd7e345cb6284e9016c28193fd78e7a19,28.0,200.0,weather-vane
2026-10-08 10:13:06,day,mentions,44,0x957f0f337bc175a8113defe2a1f60b12fdd2aee0,27.5,0.0,ShaneLin
2026-10-08 10:13:06,day,mentions,45,0xe16486cfbd75d7f8a3881a17a43e458ecd045fdd,27.01065,0.0,conormurphy
2026-10-08 10:13:06,day,mentions,46,0x3c1551a25ecef3a35f94e7262f1fd4413a0145a0,25.710000000000008,0.0,Garmonbozia
2026-10-08 10:13:06,day,mentions,47,0x80fea69a4ebd502c54e50c7a15e401571e93d375,24.760125165000005,0.0,0x80fea69a4ebd502c54e50c7a15e401571e93d375
2026-10-08 10:13:06,day,mentions,48,0x7b89e13ed9d50428c466c6557c930ab17e4eddae,23.866767870000004,612.86205,etghzcer
2026-10-08 10:13:06,day,mentions,49,0xca376dad6aa92ce2b6c82b1c2ef8f54ad69ea2ae,21.092969345,0.0,nickadamus
2026-10-08 10:13:06,day,mentions,50,0x716934e59ade35d8c7469816542e368e744e3ca6,20.31988927500001,60.498082999999994,0x3329cfc2b8d8ceb8d198f081bdf4262f421f43a
2026-10-08 10:13:06,day,mentions,51,0xeac5fd1fad89ba42f7b5e7c774cc5c78fa56d1ca,19.818182165,0.0,PYG18
2026-10-08 10:13:06,day,mentions,52,0x1690daedf91758fa77ec220e1caf590a745cd6c4,19.6871904,10.46,coconono
2026-10-08 10:13:06,day,mentions,53,0xd16f8c10e7a696a3e46093c60ede43d5594d2bad,19.461454595,0.0,0xd16f8c10e7a696a3e46093c60ede43d5594d2bad
2026-10-08 10:13:06,day,mentions,54,0x9ba43501360dcacaca09caa523401c7447d8f8c2,18.380200000000006,322.298182,BipBop
2026-10-08 10:13:06,day,mentions,55,0x56783cfd359fea1d17102270957b460fa17bd8b4,17.8974116,0.0,TreeNode.left
2026-10-08 10:13:06,day,mentions,56,0xafaa81b76de6f6c63ded1ea37b432000f07f3bb4,17.3637,0.0,0x8a2109803637C1902DF8C8baba39C1bD0dA7053e-1772993968950
2026-10-08 10:13:06,day,mentions,57,0xbfb39f57acbfeff1b8337044ae244ebd95fef890,17.034999999999997,10.0,riitmo
2026-10-08 10:13:06,day,mentions,58,0x4365de1cd672401b7ade9e21ed37e4f66f2de20a,16.224999999999998,0.0,0x4365De1cD672401B7aDe9E21ED37E4F66f2DE20A-1751765718565
2026-10-08 10:13:06,day,mentions,59,0xc468b3b8564017fcf2bf9ede2608a0ea24b1009d,15.499750000000006,0.0,PadreMaronno
2026-10-08 10:13:06,day,mentions,60,0x80f9fdf81ed5089cc017d6ebe40bdc0a2ff43ab9,15.3,0.0,AllTheWhimsy
2026-10-08 10:13:06,day,mentions,61,0x42c03b2a749674035741356945f9e2e6bcf4b200,15.152888944999999,0.0,KGFlawless-
2026-10-08 10:13:06,day,mentions,62,0xcc3e87226912d35893b678eaa8a39d57b6fe37ef,14.216500080000003,50.0,LadyLuck2
2026-10-08 10:13:06,day,mentions,63,0xabcb905604117fcf98f6e0acba4145b9bdfb0448,14.192257194999996,0.0,0xaBCB905604117FCf98f6e0acbA4145b9BdFb0448-1786813325408
2026-10-08 10:13:06,day,mentions,64,0x3ad146a7dae2dbab2281c7e351bedce11748b4c5,13.18611156,0.0,0x3aD146a7daE2dBab2281c7e351beDCE11748b4C5-1771629524936
2026-10-08 10:13:06,day,mentions,65,0x9f300e1b1b086290fa04c4c8f40cb6a10e95bb5a,12.508920000000074,639.8000000000001,gettingdrained
2026-10-08 10:13:06,day,mentions,66,0x38cf9743eb70188664d388d84d4aa4c6f40fd885,12.429999999999998,0.0,Leclerc04
2026-10-08 10:13:06,day,mentions,67,0x1cb63fd92efcaaf359ffdf301c40674b2ed793f6,11.71875,0.0,Mrhack210291
2026-10-08 10:13:06,day,mentions,68,0xd0d101031e6de0118e3c9d1212e4773a29de41c2,11.674073674999999,90.0,0xd0d101031e6de0118e3c9d1212e4773a29de41c2
2026-10-08 10:13:06,day,mentions,69,0xe1a49dc01ede5492fbd27a6dcae20dddf719a4ba,11.66201,301.83,ConstantineVIII
2026-10-08 10:13:06,day,mentions,70,0x8bac187090f39ad42cf3477ab0d3a87165715b0e,11.343548100000007,0.0,UpTheStairs
2026-10-08 10:13:06,day,mentions,71,0x6288e13f5e8fae226c281e6018c8c40872c6fd46,11.325714399999999,0.0,0x6288e13f5e8fae226c281e6018c8c40872c6fd46
2026-10-08 10:13:06,day,mentions,72,0x152dba6b8b5fc186556fbca44bdc217a172dd12e,11.279090619999998,0.0,Po1yBot-HbEpAidPT5
2026-10-08 10:13:06,day,mentions,73,0xecf933ccdf7ebc6a0658c77e070cfe51ebe5328a,10.378548359999996,0.0,0xecf933ccdf7ebc6a0658c77e070cfe51ebe5328a
2026-10-08 10:13:06,day,mentions,74,0x3d3a7ef2707a50c6336504307c2b5cd9e64753ff,10.003025325000003,0.0,jzr09
2026-10-08 10:13:06,day,mentions,75,0x510f4963b66b1b18505faab74b0bb943d1dda43c,9.605693749999997,149.37625,PPMT
2026-10-08 10:13:06,day,mentions,76,0x7290e4e73315a289f9fd5dd5e79d1c6e0d3a1ecd,9.572941305,48.11,0x7290e4e73315a289f9fd5dd5e79d1c6e0d3a1ecd
2026-10-08 10:13:06,day,mentions,77,0xf797d4d1c038d1eb0593edae0e66bf8e4b2e0bf2,9.0,0.0,DerDon
2026-10-08 10:13:06,day,mentions,78,0x5b6331e7ff0831a3fe2ed12004747db1a9c911a4,8.822590125000003,9.29,neutralwave23
2026-10-08 10:13:06,day,mentions,79,0x38f50488b14a87769e0c5cd6c514b6c2e8ec6824,8.508550000000241,0.0,smellyEllie
2026-10-08 10:13:06,day,mentions,80,0xab2606e2a4f615b10ab51845b5f8d540aa0db1f5,8.388150059999997,16.490000000000002,cabbage
2026-10-08 10:13:06,day,mentions,81,0x2e3def9794d951b6249a8460901630ecc3c16aa1,8.335,0.0,peachgoma
2026-10-08 10:13:06,day,mentions,82,0x05ae158cab5eeef1741f7b1660f913c7da8b5323,8.254352,26.418181999999998,0x05ae158cab5eeef1741f7b1660f913c7da8b5323
2026-10-08 10:13:06,day,mentions,83,0x309b39e4b81975412e3d1af913fb3328c1594d75,7.534999999999911,491.0,cosmic-kudure
2026-10-08 10:13:06,day,mentions,84,0xcf279d521e62d60848dbfba1791617dc9a99f35f,7.254999999999997,0.0,EkoCam
2026-10-08 10:13:06,day,mentions,85,0x752e9f372e3c4e2e17f2e9eefe6b270d6e3915bc,6.89489086,0.0,0x752E9f372E3c4e2e17f2E9eeFE6b270d6E3915bC-1763586205483
2026-10-08 10:13:06,day,mentions,86,0x726c6e3d5cdb1a8a97b38c0e2d88448b19d66bfd,6.803250000000048,0.0,idl
2026-10-08 10:13:06,day,mentions,87,0x1a5deb5ff6dd54f1afbc031663f4a3597caa3a5c,6.399999999999999,0.0,mentionmarket19
2026-10-08 10:13:06,day,mentions,88,0x5cd5c8d7a17c78d7389d8b87b611aed83322ac33,6.173999999999978,0.0,nonkenny90
2026-10-08 10:13:06,day,mentions,89,0xd96aa9293c34e244734f8b22bbcfde0ae9eed8ce,5.995,0.0,re75v2
2026-10-08 10:13:06,day,mentions,90,0x2b0178fa1cd2ed85338f89f76228a522bbaf9bd7,5.858197499999999,7.23,HatiHusky
2026-10-08 10:13:06,day,mentions,91,0x0a08b794ba7a2ecf0b99d9368de98fdd912f2e25,5.7281,0.0,63483
2026-10-08 10:13:06,day,mentions,92,0x58fc7b96bac2bcf6e59bbe841a1fefc4ada0704f,5.689350000000001,24.21,trade333
2026-10-08 10:13:06,day,mentions,93,0x86b64c3b8bf836f10393b5d4af990a2b6843a127,5.6628571999999995,0.0,0x86b64c3b8bf836f10393b5d4af990a2b6843a127
2026-10-08 10:13:06,day,mentions,94,0x708b9af6a9f75ca4ae36d002a4bae72a17ffe937,5.0,0.0,0x708b9AF6A9F75Ca4ae36D002a4BaE72a17Ffe9
2026-10-08 10:13:06,day,mentions,95,0xb3498d4667506ffc20a9915c3eeb87a15e4b39d8,4.925,0.0,sajat5mm
2026-10-08 10:13:06,day,mentions,96,0xee60f4fa963d608ac8999904b7151eed8fed9c89,4.800000000000001,20.0,dollarcat
2026-10-08 10:13:06,day,mentions,97,0x85b6c450f56a88b0f3d408af3893bf406a11d101,4.488888945,0.0,mention111212
2026-10-08 10:13:06,day,mentions,98,0xf5286079ada8dcfeaa44f7f1c87e1ec37c127e5b,4.388556480000005,35.33,garbagecollect4
2026-10-08 10:13:06,day,mentions,99,0x5d64f1a4841c4f4aff035f5234bcbf6d4f87d216,4.355344874999998,0.0,neon-onyx
2026-10-08 10:13:06,day,mentions,100,0xa400008ab672cc8a19928aa0a49852f80d1c14bb,4.211050219999992,3.7,0xA400008Ab672cC8A19928aa0a49852f80D1c14bb-1779714772177
2026-10-08 10:13:06,day,weather,1,0x0d2d845a6ff64e31e04a70afce8a573940767ff5,2665.449740556,20155.748002999982,38791873984189
2026-10-08 10:13:06,day,weather,2,0x9506e646497107cabf2d5b941a8e6a60d0db1c4f,1580.2971377844988,21573.053356,0x9506e646497107cabf2d5b941a8e6a60d0db1c4f
2026-10-08 10:13:06,day,weather,3,0x41b4cd880a61de2f5728594decf7f2cbfc2a10da,886.2707424999999,0.0,zagzig123
2026-10-08 10:13:06,day,weather,4,0x2e3ecedec4b004c61670f0dcda382ec0da1f0f92,883.4135765899932,16291.780000000002,hello.67
2026-10-08 10:13:06,day,weather,5,0x2d0fbf6995692cc56f21171a9993be04436a81aa,726.6725720325,4311.810011,Happening9014
2026-10-08 10:13:06,day,weather,6,0x34c4fadc63a048d748a8809cad47350647e674b2,660.8001162615001,5713.297476999999,yaoying666
2026-10-08 10:13:06,day,weather,7,0x1e5e22c159a4c19aecc2d85671914b760def40fb,653.3306906500002,802.33,dontknowhappen
2026-10-08 10:13:06,day,weather,8,0xa45fd80cebd05390a9155c7f61b8b7b91890d6cb,643.8171905685008,4359.488011,pykue
2026-10-08 10:13:06,day,weather,9,0x5356afa05f2ea3b840eb2646819ebfb891b9f673,610.5516871504999,7452.416500999998,0x5356afa05f2ea3b840eb2646819ebfb891b9f673
2026-10-08 10:13:06,day,weather,10,0xe1f30809d70c3adc120f8bae9187f306b118cf1c,600.2764625570001,1904.0274369999997,choochbaby
2026-10-08 10:13:06,day,weather,11,0xf2f6af4f27ec2dcf4072095ab804016e14cd5817,490.8515476600078,0.0,gopfan2
2026-10-08 10:13:06,day,weather,12,0x92e11775eb6ab102db0502b0c6192d83b8266d73,380.8899949999998,1799.49,KnowsAllOfIt
2026-10-08 10:13:06,day,weather,13,0x5bae7577f470244ce8e678d20693eee2b8ffed25,360.00088865499794,5206.66062,OutOfMemory
2026-10-08 10:13:06,day,weather,14,0xd25156e222c9b907b128e27c36821fdb41db4d37,346.54723857849876,580.554533,neo7777
2026-10-08 10:13:06,day,weather,15,0xbf13934a1fec7d3211fc15c138d84ac2a691b91a,285.1060709244971,16854.50294,Bilberry
2026-10-08 10:13:06,day,weather,16,0x3135a496407140fe26c1fcae1d2814b228d5cc2d,275.04938,647.5,0xfafade
2026-10-08 10:13:06,day,weather,17,0x398cf5300209e19846ad7ae0f24a4d441b5ec935,269.788322338,156.0,sondinara
2026-10-08 10:13:06,day,weather,18,0x5ddb835bfb16e741ef7b0411c88ef3eef08d3fa9,267.8271677050001,4150.652947,totoroooo
2026-10-08 10:13:06,day,weather,19,0x38cf9743eb70188664d388d84d4aa4c6f40fd885,264.15175115249986,1271.7,Leclerc04
2026-10-08 10:13:06,day,weather,20,0x5264b001677b47dd2e20fe20213749dbd7909a63,260.024436256,0.0,HoppySnoppy
2026-10-08 10:13:06,day,weather,21,0x9f6a4549f14154a7f2c74d03efd8de903a61eb61,233.24129815600008,0.0,TheWildProject
2026-10-08 10:13:06,day,weather,22,0x8fbd7cf5f806f563080864694415829f7229a959,229.35430750700039,6482.909471999999,badatmath.
2026-10-08 10:13:06,day,weather,23,0x36a2746f7e17ce25552ea8847f89f00ef8acb8fa,219.44562033199998,2364.9766640000003,Mgfkogsodfjgnosdfikjgnosduifng
2026-10-08 10:13:06,day,weather,24,0x7c592216c70d0384c97d4b06ffe5318254f40c2c,212.98309205099804,21732.771317000002,WizestWizard
2026-10-08 10:13:06,day,weather,25,0x52ebca459280966f4a56240a05e38df8527067ac,207.72767039349796,4789.764676000001,AMAM13
2026-10-08 10:13:06,day,weather,26,0xaa930fdc4caa3c0f6067404a7bd7899ca45f0bc7,206.27846249399985,4672.166151,Lex-tang
2026-10-08 10:13:06,day,weather,27,0xd378745e2b8140436a6e9a5229088451ab2d8141,202.39395802900094,1720.714392,Tom365
2026-10-08 10:13:06,day,weather,28,0x7bd9019211677f5db6e221d6a6da030ebcd0bd75,200.70274091000175,40.0,fElon
2026-10-08 10:13:06,day,weather,29,0x52c6f65746744a8c987dd27c8727b8c27b8f4347,198.166667063,0.0,0x52C6f65746744A8C987dd27c8727B8C27B8f4347-1782855744707
2026-10-08 10:13:06,day,weather,30,0x33118aa4bd707fb3cc0e0e7ec1c4c3490dc2d659,196.18383854900003,417.709656,0x33118aa4bd707FB3cC0e0e7ec1C4C3490Dc2d659-1775127216597
2026-10-08 10:13:06,day,weather,31,0x95d381e71dba6f1c3199fd9bc040383d6fae6eff,183.71757984549754,6468.490092000001,TunSahur
2026-10-08 10:13:06,day,weather,32,0xa1cce6ea8c929c91ee4b9c78a57b11115d7f6171,183.2076921825,1470.441226,0xa1cCe6ea8C929C91EE4b9C78A57B11115d7F6171-1779361990935
2026-10-08 10:13:06,day,weather,33,0xc2a0547c20e75f8b2b84bdbe3443a3836534a786,173.82849967600023,2349.243352,0xC2A0547C20E75F8B2b84BdBE3443a3836534A786-1790828192005
2026-10-08 10:13:06,day,weather,34,0x075393cec27243f866ebab86c1803cc26c374200,171.37562100549985,3952.399781000001,rphcg
2026-10-08 10:13:06,day,weather,35,0xc1dbdc828c6a67dd71de4f13a4ef1e7f56f8604e,168.17780285199996,854.462858,Ljj9713
2026-10-08 10:13:06,day,weather,36,0x396a570b14d68eb290f8cc37357a5cf5a0e2483e,166.59901500000012,437.65,helloworld6767
2026-10-08 10:13:06,day,weather,37,0x564f22744b7941ade18d5e0e4f347c30e3057026,163.84996420199974,1199.32,molodoyy
2026-10-08 10:13:06,day,weather,38,0xfeccdc127f399b4f5222386922c58ff634ca77da,161.2891588830002,2202.125136,viksha11
2026-10-08 10:13:06,day,weather,39,0xa0598f4eefc09aaae3abf652915a52a04bfddbcf,158.69841490700014,3431.562478,BrettAutomatic
2026-10-08 10:13:06,day,weather,40,0xf18de4f3d720a575667a089c2d4da4d47b153ec0,157.01533000000003,1470.6799999999998,edenhazard2
2026-10-08 10:13:06,day,weather,41,0x7076cb961e87bd22199445d02fe22973510cd0d9,155.3263345720009,2606.6780929999995,5a82666suyuchen
2026-10-08 10:13:06,day,weather,42,0x164cb85e1718d0a8f95d588b08fbb52b34233e39,150.6151664525002,3660.6728570000005,windy-weather
2026-10-08 10:13:06,day,weather,43,0xc8849a93e05a2ae1b49bb07787a9e0059bb4e17e,149.9993644199858,0.0,Clicker1
2026-10-08 10:13:06,day,weather,44,0x8e40e10d9b34b28c77c4962be5026c6fdd1f3797,147.69750000000002,352.5,LowTempTation
2026-10-08 10:13:06,day,weather,45,0x01ced860d8dca5d7987579d2a2635df8520d27a2,146.45704525599984,2413.399911,CreamCream1215
2026-10-08 10:13:06,day,weather,46,0x733d412bd49c41b99d6518d47b26a5200a2e4578,142.025918932,407.42645200000004,plm18
2026-10-08 10:13:06,day,weather,47,0x370c671980712b4014fc6900766c0c6c66923eb1,133.27661791449992,1837.231423,FortunaFelix
2026-10-08 10:13:06,day,weather,48,0x5f211a24da4c005d9438a1ea269673b85ed0b376,132.1017031705005,0.0,dpnd
2026-10-08 10:13:06,day,weather,49,0xb22ae2678733e6cebc5dc43b68fc70714f932815,131.8905824100002,757.7016689999999,MrBPT
2026-10-08 10:13:06,day,weather,50,0xf3618ba9f63638ab77e85553c67dbb9aaeba783a,130.70897499999992,3696.6099999999997,Bakuskyvs
2026-10-08 10:13:06,day,weather,51,0x6d82f7d183c7f0d44968b012a2fd9ce83d7b9e66,129.36094628700002,359.39714299999997,WeatherOnly2
2026-10-08 10:13:06,day,weather,52,0x006cc834cc092684f1b56626e23bedb3835c16ea,125.03667416548706,0.0,0x006cc834Cc092684F1B56626E23BEdB3835c16ea-1729683673397
2026-10-08 10:13:06,day,weather,53,0x1c2c08fe03edffa5d884523e3d990beca91ba9c7,120.17844999999994,427.16,Mr.we4ther
2026-10-08 10:13:06,day,weather,54,0x68f46da42317cdb02ed89ca92d7863fa5071213a,119.9931161655,1481.011878,NB-03B15-02
2026-10-08 10:13:06,day,weather,55,0xa7d2ec6680f4e5f6ab0da244d8006eec3e20f954,117.9168146454997,974.921486,KiruaTrading
2026-10-08 10:13:06,day,weather,56,0x29a5082998f18e7f90dd1a7fe6ad4dd9a665a3c4,117.33898770400015,8432.063006000004,0xSPBB
2026-10-08 10:13:06,day,weather,57,0xdef6f7b147246e2bab5422c7363cdebbfd54f69a,115.9645923210046,0.0,bigbonder
2026-10-08 10:13:06,day,weather,58,0xcbf22e52fdc7c35bad4474bea32d02ef2c7dec01,115.84157276999997,992.12195,sharkdown
2026-10-08 10:13:06,day,weather,59,0x73e0ccf58caf8a62eeb2970645dce32d0978e538,114.98949000000198,3321.23,underwaterdruid
2026-10-08 10:13:06,day,weather,60,0xbb9f224569285cb57f433bbe2e71f9b8a11b557b,113.664179545,263.433623,rocky42014
2026-10-08 10:13:06,day,weather,61,0xc6587b11a2209e46dfe3928b31c5514a8e33b784,111.21132000000216,0.0,Erasmus.
2026-10-08 10:13:06,day,weather,62,0xbf57e5e4cf4605db0b4b7d2b76da735249ab588e,110.76000000000022,0.0,EdwardBryant6165
2026-10-08 10:13:06,day,weather,63,0xca015897afbb81c02e47ed5875e888a33ddb900c,110.25901000000003,991.6399999999999,KeepCalmRelax
2026-10-08 10:13:06,day,weather,64,0x4f6c09f6ab1a9f59935c29ca9fb380319bf76909,108.57855359350003,0.0,Poopyface
2026-10-08 10:13:06,day,weather,65,0xf76253274dbd0dfbbdae21a51c4e60f67114e14f,108.49112063749999,1629.5087250000001,0x453643252347563736326
2026-10-08 10:13:06,day,weather,66,0x3b22f9851d5e70162d8f66f096792b7ecdb56f69,108.06666068549987,2439.0883049999998,m8x.gort
2026-10-08 10:13:06,day,weather,67,0xc6e299b9f4f97545f86169d8528fe0a8a80706f4,106.72682963649996,158.8,trade1112026
2026-10-08 10:13:06,day,weather,68,0x8c4465127b5278a5d7fd120b95b77e7fe292fcd4,105.42708064948965,0.0,nelbal8486
2026-10-08 10:13:06,day,weather,69,0x103dbf73338618931891437f8a8503430e97ee9c,105.1591549195,303.447458,Aalleexx
2026-10-08 10:13:06,day,weather,70,0xc164d4aa39ad93a2c053bc9e911d37a6ef95454d,103.17823930650009,10270.870726,124aaa
2026-10-08 10:13:06,day,weather,71,0x77f069c3233901628c89d0e8ea5bb510a2822b1f,102.79427307100013,7477.393054000001,cleaningLady
2026-10-08 10:13:06,day,weather,72,0x7bbe0987962a6cd2728d1656e0465e7fa8cab95e,98.76816637300004,765.946559,plm15
2026-10-08 10:13:06,day,weather,73,0x7199d484607f926ecd8dd9c360e5b5f064cf9395,98.59868958149991,504.1187769999999,huangfeng889900
2026-10-08 10:13:06,day,weather,74,0x7ce336595687024c9ebf620f2dcb3b71269b1689,98.195275533,899.993192,0x7Ce336595687024C9ebF620F2dCb3b71269B1689-1774766944047
2026-10-08 10:13:06,day,weather,75,0x1e1f17412069c0736adfaadf8ee7f46e5612c855,97.97894654699485,0.0,Brokie
2026-10-08 10:13:06,day,weather,76,0xcef6c12ad7036a2cf4e5f5a845fdc9d58a3f2ade,97.74915497650056,513.7104569999999,whhisky
2026-10-08 10:13:06,day,weather,77,0xce0b1054a2adb61a3efe8bcd42acc8d40154b974,97.62935160200004,8703.082726999999,241532532432
2026-10-08 10:13:06,day,weather,78,0x1d617b17834decf2c4d703ee198197b43e5a2d9d,94.29163825299995,3185.9529479999997,time2pay
2026-10-08 10:13:06,day,weather,79,0x1e109e389fb9cc1fc37360ab796b42c12d4bbeee,94.02413901499997,25.524437,ConfusedUngaBunga
2026-10-08 10:13:06,day,weather,80,0x1a81418ae297c76d7c67eabe4c3f790be0bc6cf9,93.41093909300002,9838.432488000002,donothackmeee
2026-10-08 10:13:06,day,weather,81,0x251d896fa1443abdcca009605f340e43dd9ca195,92.40528792150008,1447.270435,lyl888
2026-10-08 10:13:06,day,weather,82,0xc1a9a04c4ddfdbe34b9912968edb548f9cc15b8b,92.0241,1252.6799999999998,6fesgdfs8
2026-10-08 10:13:06,day,weather,83,0x7d640ebd20cf136bee351100438bba44ca2e07f8,90.58948391950003,1809.6122750000002,zytzrh
2026-10-08 10:13:06,day,weather,84,0x6a8d1709bfb718d8555d315a983c4816278350f9,90.58638785100027,1382.761455,OnlyLuckNoBrain
2026-10-08 10:13:06,day,weather,85,0x957f0f337bc175a8113defe2a1f60b12fdd2aee0,89.31676776999984,517.516466,ShaneLin
2026-10-08 10:13:06,day,weather,86,0xb216043fd27e14b167884534e60f6cf58f3fe994,86.97319632499995,543.9590499999999,aligagada
2026-10-08 10:13:06,day,weather,87,0x639fce3717a86f532714768c574fd78268ea1423,86.282577,299.9907,munrrah-mx3
2026-10-08 10:13:06,day,weather,88,0xb99b5c2f885769c0c287fa4dfb454e128e8ab581,81.86140138849996,256.977223,kenchan5544332211
2026-10-08 10:13:06,day,weather,89,0x5de85df04ef560b9717a6ec812ef7e9e462f3edd,81.83955148700008,45.249286,pierodi87
2026-10-08 10:13:06,day,weather,90,0x2064bee151a2439ef65a647b247340defb69e748,81.66000000000008,0.0,ElizabethCohen6789
2026-10-08 10:13:06,day,weather,91,0x33c8f2e65c1ffc09a7af6ad0bfc6987a4db1de24,81.4596359935,2644.694962,0xyahn
2026-10-08 10:13:06,day,weather,92,0xd39c479140bb52fdb69390617f45238bdaf0a894,81.31434999999999,719.06,vseae
2026-10-08 10:13:06,day,weather,93,0x6bf633e483ed85b5a73c5a387bdffdd100772529,80.772431275,1288.59255,polyweatheryuan
2026-10-08 10:13:06,day,weather,94,0xd9d090cb823b4ee8e6ad5be388d94ca3206a8b59,78.048016125,643.363325,pmc-munrrah-01
2026-10-08 10:13:06,day,weather,95,0x948534046a47920b90d6671ad8c7688437330918,76.97012026499578,0.0,fledger
2026-10-08 10:13:06,day,weather,96,0x4c9affa3a4f5ba6b9ab3dd272c20e47ea47e0cd4,75.86875623249995,870.1638159999999,pppnn
2026-10-08 10:13:06,day,weather,97,0x88394534c6d050ac528964a2df5928dc5935ddb5,75.80770170599999,542.578889,ZhouYi-talk
2026-10-08 10:13:06,day,weather,98,0x556bb60768b7f4bea93632abf2b333357d7b4e33,75.54877145199964,6994.479095999999,weather-alpha.con
2026-10-08 10:13:06,day,weather,99,0xcc09af8b0f479ad33f6897b2dc77393b090388ed,74.82169794350001,244.996113,RKSI
2026-10-08 10:13:06,day,weather,100,0x419348ae99bdd452a5388b97190ff3885776f60b,74.68263500000012,849.1200000000001,Mikhail2026
2026-10-08 10:13:06,day,economics,1,0xe033e9d4a0e8b30c417f3f7abcb029bc695940a5,2796.3702022669895,225.0,CDAP1
2026-10-08 10:13:06,day,economics,2,0xce1d15f4ab2e11cca6fefe4fe7d70889e6531b9b,1149.9998820500005,0.0,0xce1d15f4ab2e11cca6fefe4fe7d70889e6531b9b
2026-10-08 10:13:06,day,economics,3,0xdf17f4a8dd01a4cfa6fc3da323a2baee5f8697d1,1085.702206560003,0.0,ED99999
2026-10-08 10:13:06,day,economics,4,0x2e3ea056400d81c42e2ce26ef25fda4ec5caabea,1042.7522068795045,573.1,HDGB
2026-10-08 10:13:06,day,economics,5,0x57e7c7ef2a44ff08d724d0054fa2b648f93db491,924.1483000000007,0.0,Marks1000
2026-10-08 10:13:06,day,economics,6,0x801dbe416065cfa8ecffeae526eeb37f393fd8e0,779.9981167200003,0.0,Niseko
2026-10-08 10:13:06,day,economics,7,0x8575467a6743c81ef0a8d06acc76e99b454a87fe,699.9848126674988,0.0,products
2026-10-08 10:13:06,day,economics,8,0xe904443b4084bbda216e344353a44cd4324a2d9f,578.2637500000001,0.0,shovelingdigging
2026-10-08 10:13:06,day,economics,9,0x7c6ad2c1e9a6a86c663cb95cc328330576f20b8c,577.2287575200007,0.0,Imo7o
2026-10-08 10:13:06,day,economics,10,0xbaa2bcb5439e985ce4ccf815b4700027d1b92c73,522.4606535100011,0.0,denizz
2026-10-08 10:13:06,day,economics,11,0x5e73afb20c2b27caccdaad9e49b97fd336576697,402.0471277780007,0.0,Newshound
2026-10-08 10:13:06,day,economics,12,0x5f176a980de5b25f89f17473e5e8adef565c519e,393.6067638100003,0.0,cezarn132
2026-10-08 10:13:06,day,economics,13,0x4e72c22cd76f9973a48aedfd79feeaacc8b7ffb9,366.13713427499994,78.24,0x4E72c22CD76f9973a48aedfd79FeEAaCC8B7FFb9-1778811541343
2026-10-08 10:13:06,day,economics,14,0x5ecde7348ea5100af4360dd7a6e0a3fb1d420787,365.9041427805005,0.0,0xdc3E831cad
2026-10-08 10:13:06,day,economics,15,0xa91edabae0eae478c830a6d5dfd3acc0571709e0,365.2237259299984,6946.3,enri.hl
2026-10-08 10:13:06,day,economics,16,0x248a27f29b96633b6f5f53c7e526791cf6674b4a,346.7493555300007,0.0,dedpepe
2026-10-08 10:13:06,day,economics,17,0xab19716584931d81cd9e7763402673a64baa4876,338.80311527000123,20.0,SlenderMan
2026-10-08 10:13:06,day,economics,18,0x9952d39fcc7a5baf664da51dd1b9c95f23ca9cba,337.9998629800002,0.0,helpisontheway
2026-10-08 10:13:06,day,economics,19,0x25db6ca5935ae858a5c1f2dcd5c62939805328de,337.5993042100003,2799.98,0x25db6cA5935ae858A5c1F2dCD5c62939805328dE-1770665598557
2026-10-08 10:13:06,day,economics,20,0xff7ca9cd180d33119e653e3eb50555a3e2ccb233,337.20042656199894,0.0,0xff7ca9cd180d33119e653e3eb50555a3e2ccb233
2026-10-08 10:13:06,day,economics,21,0xc3daa1bb9ce85866fb1a7c3a5d02816798e641fe,254.30618101750588,0.0,aghy
2026-10-08 10:13:06,day,economics,22,0xd1eed20edd22a289839379e89e3470ea1742a8ae,252.01084212050023,0.0,chefradish
2026-10-08 10:13:06,day,economics,23,0x75a27d0cc95b3586297c1e6b5417269332cd6992,250.66790587000014,0.0,BrownBees
2026-10-08 10:13:06,day,economics,24,0x1f9e15f39bbd5d163b0eacf0fbef647ced9e4f1a,239.95399125500347,93.44,FrozenParasite
2026-10-08 10:13:06,day,economics,25,0x38cf9743eb70188664d388d84d4aa4c6f40fd885,219.95554654000063,117.612174,Leclerc04
2026-10-08 10:13:06,day,economics,26,0x6fd089a1556cdda1ad5efef08f997a03c7c0a85b,216.05849999999987,0.0,gt197
2026-10-08 10:13:06,day,economics,27,0x5fc788cd31bd484e9d873e3a77fbcfa6a023a9dd,214.4651499999999,663.03,beata-monalisa
2026-10-08 10:13:06,day,economics,28,0xff06e8c95b984f236a08be2c4b9909be306c2f60,209.96618989499558,406.12,cookedquail
2026-10-08 10:13:06,day,economics,29,0x1681006e2a5c3ca35767f215947326591180b1c7,200.0,0.0,shuanyang
2026-10-08 10:13:06,day,economics,29,0x7bb380292fd13b5ca4851dbcd73234d30d1b2682,200.0,0.0,tajir
2026-10-08 10:13:06,day,economics,29,0x88e2b1b6c7847828fc91af43aba2fee07fb07489,200.0,0.0,pakukudolphi
2026-10-08 10:13:06,day,economics,32,0x8b881cf08d3a53d3711d7ea85783b94738e55f5e,192.56756279,0.0,Bet1nthedark
2026-10-08 10:13:06,day,economics,33,0x2ed8f7a10686dbb0fb15f5c3335f30e0043793d4,192.06011450599908,100.0,podairpod
2026-10-08 10:13:06,day,economics,34,0xbf4d202382ba5702721a8c43126f5f08163733ed,191.49419407999994,0.0,0xbF4d202382
2026-10-08 10:13:06,day,economics,35,0x74471a007ddcc488f6d57b5e86dfb35a8d48a16d,191.30361413000173,85104.02,tetrose
2026-10-08 10:13:06,day,economics,36,0xe95e726d0ca927874f3998d815bfec51d19261f2,190.15324999999984,0.0,mewmew1
2026-10-08 10:13:06,day,economics,37,0xe234959595e01dacd391a9502a6ad0edf4e3304a,186.41398062999997,33736.03,0xa7517ed74c6b07843946e0e69cad10a9fa94e05
2026-10-08 10:13:06,day,economics,38,0x215adbb63b47d0ca92f849fe2c2dc1adb0f6254c,178.03836151499945,0.0,BikesAreTheBikes
2026-10-08 10:13:06,day,economics,39,0xfbfd14dd4bb607373119de95f1d4b21c3b6c0029,177.1519565999988,35000.0,XAE12Archangel
2026-10-08 10:13:06,day,economics,40,0x6809e7f37d2f5aedb20ccebd2a129604a06a6d90,175.5800190749998,136.0,.perfect
2026-10-08 10:13:06,day,economics,41,0x873534996602665a42c5f2902b6203599ff246e5,172.6305707044994,0.0,bigdickprick
2026-10-08 10:13:06,day,economics,42,0x8597ca63e722d6216bfc3057591fdc67ec49daee,156.65109782999934,0.0,Mr-Krabs
2026-10-08 10:13:06,day,economics,43,0xed107a85a4585a381e48c7f7ca4144909e7dd2e5,153.1978215700001,0.0,qmarktea2
2026-10-08 10:13:06,day,economics,44,0xaf2383b66194112d57ac196b00ab25f78c17aa95,150.28968162,0.0,apple-pi
2026-10-08 10:13:06,day,economics,45,0x7cf93583951552553bc0d243a8582a3410ed2798,149.9999749999588,29999.995,MysticFind
2026-10-08 10:13:06,day,economics,46,0x02388370985ec313bcc199911073f91f52b6eb0b,149.99800331999995,0.0,DoloresZ
2026-10-08 10:13:06,day,economics,47,0x54b56146656e7eef9da02b3a030c18e06e924b31,148.05134355999837,1159.6,pup1
2026-10-08 10:13:06,day,economics,48,0x6d9fc316c3b8377060a44b852ba664adbfd59790,143.58788387000004,0.0,MEPP
2026-10-08 10:13:06,day,economics,49,0xcf070b9ed273abd6185a4253713ce8e64c0ec770,141.7001005754974,960.6,MaxEnt
2026-10-08 10:13:06,day,economics,50,0x40fb1ce140a1de46e30d03eb190c6a866c583bd7,130.76923075000013,0.0,0x40fB1ce140a1de46E30D03Eb190c6a866C583BD7-1762961870669
2026-10-08 10:13:06,day,economics,51,0xc5ea7779ccceb73c22eeeebb7ca2e6e8dc9d83f5,125.7800000000002,0.0,38388
2026-10-08 10:13:06,day,economics,52,0xe8c5827d987d9bf9e04102a2b84c7de426817a13,123.08206296000026,0.0,John-Silver
2026-10-08 10:13:06,day,economics,53,0x09789b8b51146babd57e3e33b9376f3496f800e6,120.65362617000028,0.0,MarvelFan94
2026-10-08 10:13:06,day,economics,54,0x9ad5a80b5f7742ede5ab9d2fb44e0dfd08261811,120.53160000000025,0.0,0x9ad5a80b5f7742ede5ab9d2fb44e0dfd08261811
2026-10-08 10:13:06,day,economics,55,0xa24f0d516433ae4b8ecf4ce6de13c7eafbce7131,112.56009681000023,0.0,bala-bala
2026-10-08 10:13:06,day,economics,56,0xe3a1094b08b7be604181a97d386677c85fbf3c87,109.07418631000019,0.0,makemoney2025
2026-10-08 10:13:06,day,economics,57,0xdd9c961288a032098076267bd665d407dac231a0,107.51967454549302,28242.402,hippoka
2026-10-08 10:13:06,day,economics,58,0x0a6d26d31b28fd5a84c301f8b27296612f3b1d0a,104.88097967650197,192.0,Bikesarethebest
2026-10-08 10:13:06,day,economics,59,0x57b00c3ccef1b6bd6962fb9ca463c4e0b38e76f4,100.23503813150023,0.0,nchgbhy
2026-10-08 10:13:06,day,economics,60,0x7e5e420a5cde8a322f3b5b93a12a164827f47315,100.0,0.0,StasPanda
2026-10-08 10:13:06,day,economics,61,0x0cbaab2d3f6cc5998e78cc1969c6ee1f4d1392d3,95.10181237999993,182.12,Aq4ExePrd22Jn
2026-10-08 10:13:06,day,economics,62,0xc6a2910714d2febe8730f8386277641f7c1fc9b7,94.990738365999,1362.97,trx1
2026-10-08 10:13:06,day,economics,63,0xec981ed70ae69c5cbcac08c1ba063e734f6bafcd,91.84909999999945,0.0,0xheavy888
2026-10-08 10:13:06,day,economics,64,0x9ca119b8cd7bdb890aecf1ff3b0f6e3a45cc13b5,89.99920659000009,0.0,JoeBlack01
2026-10-08 10:13:06,day,economics,65,0xfd39c48d1e5e6214c4a16d2d7f950f4a355b9ec8,86.84301393999999,0.0,Antony82
2026-10-08 10:13:06,day,economics,66,0xe472ce6be1fb4673d6155de37e414ead8bace7eb,86.06568349649933,0.0,TheRealWarMonger
2026-10-08 10:13:06,day,economics,67,0x9e42308e7d732aa04209fdc070e8bd779d5e1b36,85.10373388000062,0.0,7418399
2026-10-08 10:13:06,day,economics,68,0xae89da6594bb0d421c8d807d74e213f8729e90b8,83.53428777400018,0.0,Ume-Chang
2026-10-08 10:13:06,day,economics,69,0x5ddde3b22f24ae9bf2de418882437f84d1990014,81.0943544700001,0.0,0x5dDde3B22F24AE9bf2de418882437F84D1990014-1765425723126
2026-10-08 10:13:06,day,economics,70,0x586972cad8192c6f8de9b59c65e1e42250cef493,80.06503500000001,0.0,Careless-Coast
2026-10-08 10:13:06,day,economics,71,0xd72654f5ab87e3a636715ad63dc5f8ea1279b5c9,75.78657999999996,0.0,Hossein-m
2026-10-08 10:13:06,day,economics,72,0x48185887c8dc95de60ee89722f1d0ee7894cbf0b,75.76412083999992,0.0,Liquidifier
2026-10-08 10:13:06,day,economics,73,0xf1b29b5ad60ca3243e383d83dc4c8eeec40fa321,75.0,0.0,PolJim
2026-10-08 10:13:06,day,economics,74,0x0dccfae62418c61d2f9a642e88df39702d8bd87c,73.17549465999991,0.0,0x0DccfaE62418c61D2F9A642e88Df39702D8Bd87c-1764932904403
2026-10-08 10:13:06,day,economics,75,0xe090eb1c4ab574629a00e6c2e63d3d019795d0d4,72.78907429800006,0.0,NeonVector
2026-10-08 10:13:06,day,economics,76,0xb69b45222b1f77473d20c546dd0a96bf62a0aa30,71.98539769000013,0.0,0xB69B45222B1f77473D20c546dD0a96bf62a0aA30-1760836448088
2026-10-08 10:13:06,day,economics,77,0xcd6be6693e2bc11150d397caa9e6f7c6744b68f5,69.99995022999997,0.0,AlfredTheShiller
2026-10-08 10:13:06,day,economics,78,0x43ab6682572796f6f684970ebb6cf8c14c92a0ef,69.40000000000009,0.0,0x43AB6682572796f6f684970eBB6Cf8C14c92A0eF-1761760556265
2026-10-08 10:13:06,day,economics,79,0x72a22d4d155079da8f50c89d4c6c03b6428e7b65,68.83529559999988,0.0,wish-
2026-10-08 10:13:06,day,economics,80,0xbd14da5083afdef8518339c2c1b7b19a491576b4,68.63876934299998,0.0,Bodytobody
2026-10-08 10:13:06,day,economics,81,0x6560abb717a8e5f3afaacd1a31e9c03eed71e164,68.62485500000008,0.0,1walrus
2026-10-08 10:13:06,day,economics,82,0x014c4e7ae2145992861c2d1b124af633a97f820c,65.6478500000012,0.0,Hyperlong
2026-10-08 10:13:06,day,economics,83,0xa61ef8773ec2e821962306ca87d4b57e39ff0abd,64.99958253,0.0,risk-manager
2026-10-08 10:13:06,day,economics,84,0x39c3d7208946b664aab88797225a418f9d4e0c7e,64.14623419999998,0.0,sam52727482916
2026-10-08 10:13:06,day,economics,85,0xd5b97d08ec6098407bfbf66c2786ccc9967fe44e,61.23960800000009,0.0,Optimus-
2026-10-08 10:13:06,day,economics,86,0x8428ac26ee051402115b7bd997f75bf4ce56153e,61.22584619999998,0.0,0x8428aC26eE051402115b7bD997f75bF4CE56153e-1740042234802
2026-10-08 10:13:06,day,economics,87,0x709e3ea86a900aa3fb7a998d06e20d6ce68d027d,60.480009880000125,0.0,gin-huang
2026-10-08 10:13:06,day,economics,88,0x748ac19f73c96312e98227f49f65699542943c56,60.003787010000224,0.0,1nvoker1
2026-10-08 10:13:06,day,economics,89,0xfb57f8670d2f51a76b0ce40c533ed7d7328c0a46,60.0,0.0,ppxtu
2026-10-08 10:13:06,day,economics,90,0xf1ef8705e9f63c790c6fffd6329aea7011718cd6,59.997595920000094,0.0,Outsid3rTrading
2026-10-08 10:13:06,day,economics,91,0x141d096009b2a97238059cf7a826e466af6bfe86,59.61450000000002,0.0,liveMeta
2026-10-08 10:13:06,day,economics,92,0xd035fd5f4d6bec4a73dc2fc11fe35c13c3acf165,57.87623220849992,147.01908600000002,rocky42023
2026-10-08 10:13:06,day,economics,93,0xe7a3cd81b59acfa06d21df09beb57b84b794e60a,57.86661840500028,0.0,MKIsabella
2026-10-08 10:13:06,day,economics,94,0xf7b3094865495f74f01bbf7fbcc83c535da5eeb2,54.92856740000002,0.0,Trumpchi
2026-10-08 10:13:06,day,economics,95,0xd5707ff4ff6476f0ea344a46770c84b4436fb90a,54.75,0.0,hfkfjh
2026-10-08 10:13:06,day,economics,96,0xe154165732b79548f7533fc45168b102dd7a0b7f,54.33358847300007,102.29,Nadmi
2026-10-08 10:13:06,day,economics,97,0xf27de6607cbd15be1133619b9807ff63fb86e6d3,53.98727373999918,0.0,0xf27de6607Cbd19be1133619B9807ff63Fb86e6d
2026-10-08 10:13:06,day,economics,98,0xbe137c902d74984be540540d4789749187f6f1e4,53.639969313499975,4531.583086999999,995oo0
2026-10-08 10:13:06,day,economics,99,0xd509c5b65d219997c05ec4f788fceb7b40d6fc70,53.19638575250002,0.0,0xd509c5b65d219997c05ec4f788fceb7b40d6fc70
2026-10-08 10:13:06,day,economics,100,0x768fec713e26800eef968ea838a2e28267b2c7bd,52.83899708000001,0.0,dfupagain
2026-10-08 10:13:06,day,tech,1,0x96489abcb9f583d6835c8ef95ffc923d05a86825,2969.6580800995002,4962.740111,anoin123
2026-10-08 10:13:06,day,tech,2,0xc004b035b67be284e0d1db56c39e865df6cac095,1194.6993113729986,1403.333334,lamyk
2026-10-08 10:13:06,day,tech,3,0x2110ba2a1e18840109482ff4ddc547baeff45850,1086.2695111960056,0.0,George.Smiley
2026-10-08 10:13:06,day,tech,4,0xb1ca909e848cc24ec4e220ce1c453bc290c51705,1008.2478850299776,19736.579999999998,CAQZeroSeats
2026-10-08 10:13:06,day,tech,5,0x524db836890e08aceb3abcdee98d44240e324495,806.8398266700024,0.0,Mac-Gyver
2026-10-08 10:13:06,day,tech,6,0xbf0fd14d47d8d785ac19f33aafa6985501f128ce,748.299437239999,0.0,0x4dF63E746b71d3a8e
2026-10-08 10:13:06,day,tech,7,0x355e5ae20cc1a3a2164f818e4bac8d22dd72a038,600.7055667340023,1473.737242,Olcan
2026-10-08 10:13:06,day,tech,8,0xa7d2ec6680f4e5f6ab0da244d8006eec3e20f954,592.4396647774993,0.0,KiruaTrading
2026-10-08 10:13:06,day,tech,9,0x3c593aeb73ebdadbc9ce76d4264a6a2af4011766,587.9567575200017,0.0,eightpenguins
2026-10-08 10:13:06,day,tech,10,0x124a73f09f38910fe1f7638f22a0f223c3723741,521.5879122459996,0.0,cat6767
2026-10-08 10:13:06,day,tech,11,0x5999ebfa145490e0280dd246856a5b3605f7ae94,484.94978261600045,0.0,kl1v
2026-10-08 10:13:06,day,tech,12,0xb89f5425341719d298dc2f5b9a92374f5fde1c44,476.10645757000316,22837.992952999997,iutwpfal
2026-10-08 10:13:06,day,tech,13,0xa58d4f278d7953cd38eeb929f7e242bfc7c0b9b8,466.3120813574992,14783.231705,AiBird
2026-10-08 10:13:06,day,tech,14,0x9aeb534c42b58b21673d5e03e9da14fbd15b2729,457.65458311499833,1263.65,The-Joker
2026-10-08 10:13:06,day,tech,15,0x43372356634781eea88d61bbdd7824cdce958882,452.8971160037954,2442.0499999999997,Anjun
2026-10-08 10:13:06,day,tech,16,0xbf93328f8b69273453228a82c913207731822fd7,414.64044948800074,0.0,hell0pia
2026-10-08 10:13:06,day,tech,17,0x5f2d64a75faa9e08534f1f1e60bfb4aee82c0d42,388.8660112160014,16770.695897999998,Boz13
2026-10-08 10:13:06,day,tech,18,0x5188fa0e8a77e87bc6a58e6781fdfc4e165cc804,386.7373769680016,0.0,AllByMyseIf
2026-10-08 10:13:06,day,tech,19,0x2b670a311561dcaf741d8155451774d3fa7fb814,383.65512690899976,346.74,0x2b670A311561DcAF741D8155451774D3Fa7fb814-1778467735876
2026-10-08 10:13:06,day,tech,20,0x71abe97b83eaba3f06cb04fd4d9a03ee37d2f015,377.88520848900225,0.0,groth
2026-10-08 10:13:06,day,tech,21,0x5ecde7348ea5100af4360dd7a6e0a3fb1d420787,366.3161366349959,0.0,0xdc3E831cad
2026-10-08 10:13:06,day,tech,22,0x11f8a22001686b0e40687c4c37c91e3428a0ed31,301.66916246149606,1926.036682,dedidanc
2026-10-08 10:13:06,day,tech,23,0xa2770432a5e6bd24c347c976b0d815db1f2c1182,280.20835606900044,245.05,0xA2770432A5E6Bd24c347c976b0D815db1f2C1182-1760945846787
2026-10-08 10:13:06,day,tech,24,0xf767fa803ef11754c87175515f071eb487b261df,275.48351999999977,0.0,poli.monaco
2026-10-08 10:13:06,day,tech,25,0x26263f963a37e2908eb0f13cdcdfb3182b082b65,265.8341308099999,0.0,Rishrash
2026-10-08 10:13:06,day,tech,26,0x652bff901f401f22b2da47ad1c5c4b5870b3f5c2,264.8051790870003,172.69,0x652bFf901f401Fdhsk342kdjfnfk029abks13
2026-10-08 10:13:06,day,tech,27,0x39aaed185b92e99a78249610cc14a589b764583c,258.7693700000018,0.0,0x39AaEd185b92e99a78249610cc14A589B764583C-1759470981616
2026-10-08 10:13:06,day,tech,28,0x401ee31e9ebf9ab9f6315cd95faca5f950436fc9,254.9256021309984,10995.12,Lolakis
2026-10-08 10:13:06,day,tech,29,0x75bb84e896eeb03911f3bcdd64cec1caaa180ac5,252.78030500000023,0.0,ryzt
2026-10-08 10:13:06,day,tech,30,0x9690d9f51b618222c29567c3b39aac2935a5f2d5,250.11575166499938,1496.3,Djibooty
2026-10-08 10:13:06,day,tech,31,0x014c4e7ae2145992861c2d1b124af633a97f820c,229.51868000000013,0.0,Hyperlong
2026-10-08 10:13:06,day,tech,32,0x6c7d9ce7d08fbe1bf872fa825916802866a8d6eb,227.71588499999817,20.0,VVKhqdMdKjEpLsDRwu
2026-10-08 10:13:06,day,tech,33,0xbd81954a4ebce3a843feb3fc6ebf439cf1c6006d,221.69266164050032,300.0,2Sherlock
2026-10-08 10:13:06,day,tech,34,0x1cfc260bfa2b5ae89377863180ca3b4f5c862111,220.7827894295026,7401.597611999999,lissartter
2026-10-08 10:13:06,day,tech,35,0x564f22744b7941ade18d5e0e4f347c30e3057026,220.20889635150485,373.754706,molodoyy
2026-10-08 10:13:06,day,tech,36,0x38cf9743eb70188664d388d84d4aa4c6f40fd885,218.5086993665002,15.31,Leclerc04
2026-10-08 10:13:06,day,tech,37,0xe74d4976e5e034182d708a3b9df602e72d4722fd,213.89625000000018,1164.23,Pump
2026-10-08 10:13:06,day,tech,38,0xaee811b7c7e5d961b545ac0e3f62f5f1cb181154,211.69972665749833,8236.846827999998,11B7c7e5D961
2026-10-08 10:13:06,day,tech,39,0x97ead83eb0e6b7f142e63284791882f05ddf3363,205.47191605900002,0.0,Hakei.
2026-10-08 10:13:06,day,tech,40,0x1f182ca4c2e03e9c628a26f9f328131323afbf24,204.86182381599974,0.0,PermanentUnderclass
2026-10-08 10:13:06,day,tech,41,0x613a05a00583dadf17a564428f65919f5d412185,200.69949999999994,0.0,sobaka.yebaka
2026-10-08 10:13:06,day,tech,42,0x75a27d0cc95b3586297c1e6b5417269332cd6992,196.66242295499978,0.0,BrownBees
2026-10-08 10:13:06,day,tech,43,0xbd2b2070fc9c7e4fe5f0ed772ff7b7aa69d11a1b,188.9019841395002,0.0,almosthere
2026-10-08 10:13:06,day,tech,44,0x53c4eb97b8ad17727a4657c8252c73eb4d879522,185.4899264400001,0.0,grandvalira
2026-10-08 10:13:06,day,tech,45,0xfb1b4e2db61efb47bfb1ac92807c76d4f367a11d,184.81470205599908,0.0,Rumpelstiltskin
2026-10-08 10:13:06,day,tech,46,0x736539924a5602b37a03a54fc12c1cc8f98964da,180.24176945650584,2711.69,Contentious-Dinnerdate
2026-10-08 10:13:06,day,tech,47,0xcc792a28d90f3c5d8fe91e48a184913a65031c2a,175.09784596100144,0.0,enrico-vasaio
2026-10-08 10:13:06,day,tech,48,0xa27f7a481d471baf22ddbd4edacaeecf40ef0ce8,171.4183309375012,0.0,bleed1
2026-10-08 10:13:06,day,tech,49,0x6c674340b3aee7f15caece2e3c4b2d041824a67a,171.3968207365001,0.0,0x6C674340B3AEe7F15CAEcE2E3c4b2D041824a67a-1787709892485
2026-10-08 10:13:06,day,tech,50,0x7272c0d9478ef6447f48a20a7db2839a61a4a67d,169.0,0.0,0x7272c0D9478Ef6447f48A20a7Db2839A61A4a67d-1735227193318
2026-10-08 10:13:06,day,tech,51,0xdbd028b4afcb6fe1e30c55fb65f59a1133d58c1c,167.85835012700045,0.0,8dcc906a9b
2026-10-08 10:13:06,day,tech,52,0x1f9e15f39bbd5d163b0eacf0fbef647ced9e4f1a,166.6504800445,0.0,FrozenParasite
2026-10-08 10:13:06,day,tech,53,0x25257a6a89dba93dd0c536b6279365632a4eb919,166.2073125600004,225.032964,Trading4Fridge
2026-10-08 10:13:06,day,tech,54,0x3825180182703613f3619d4611890c5b655504e8,163.10969891399958,345.454546,WhoseHouseRamsHouse
2026-10-08 10:13:06,day,tech,55,0x4b8ae011176b76888949476d7fb7a56985faf4a4,156.47894743500058,1710.155455,chessplayer
2026-10-08 10:13:06,day,tech,56,0xefde9ff487fae209ab6e3157a8acb4276f9c783d,151.07627646399953,1588.26,Umaroth
2026-10-08 10:13:06,day,tech,57,0x27b999e442de6aea7f972069edb58ff09cd690d0,148.6189439625001,0.0,pizdi.bolyu
2026-10-08 10:13:06,day,tech,58,0x2cfd02c4ebee1d449dd5a7f856f2a4fce39b01ff,146.7042330449999,0.0,kezgod
2026-10-08 10:13:06,day,tech,59,0x714f682e577a6892ee921290fd6ad213d11266d5,145.24078138799996,0.0,Poivre
2026-10-08 10:13:06,day,tech,60,0x2b9dbf4b6e0e11309a9d6d2a09b72f65f652adc0,141.4979510939993,0.0,seal7
2026-10-08 10:13:06,day,tech,61,0x819dfea4ffa9c4d3ef27f00e2dbac7e9e93507f1,136.3882300000041,0.0,JokerTheClown
2026-10-08 10:13:06,day,tech,62,0x537263fdfc15e4e967e63c0c783f22f549e74b1f,135.75061892999952,114.34,xiaojiren
2026-10-08 10:13:06,day,tech,63,0xc58ba11733ecdd0c9c77bb9261570656c2fbff58,133.78000000000065,0.0,WorkingIsBad
2026-10-08 10:13:06,day,tech,64,0x748ac19f73c96312e98227f49f65699542943c56,130.61957528049652,17656.78,1nvoker1
2026-10-08 10:13:06,day,tech,65,0xe7fe17248aab26ed24935921fb81bf0a452624e5,125.71225370999986,233.489296,Banditoes
2026-10-08 10:13:06,day,tech,66,0x8d1b5eac11d1c4ab43ddad3b3f62c8317c976e20,124.74514504049966,0.0,cucumberschicken
2026-10-08 10:13:06,day,tech,67,0x7842b9934ea3ed4c829b6d4287f0d0da91c34d91,117.76250693749975,8.48,Vodka-
2026-10-08 10:13:06,day,tech,68,0x9dfa81d695a90a2c3525b8af29b67994d5f6d2df,115.88999999999999,400.0,chooseusername7
2026-10-08 10:13:06,day,tech,69,0xb401123e33dbbe1d575c4ee4f30c714a2819df2a,115.69064280800058,0.0,rando12345
2026-10-08 10:13:06,day,tech,70,0x30328330513d01e16174d53d98c2047ef35c99e7,103.25062983000004,0.0,Prinas
2026-10-08 10:13:06,day,tech,71,0x225b7c9aaf6108ded29b9fda9939aa671ef6422a,101.00141825499827,1621.93,0x225b7c9Aaf6108deD29b9fdA9939aA671Ef6422A-1756591558414
2026-10-08 10:13:06,day,tech,72,0x01019e228bff8e0b7cc6155c0b54eebe18816846,100.28944999999999,0.0,PollyEmperor
2026-10-08 10:13:06,day,tech,73,0xa67685fa5213fd8167977bfb7b3f50c06d511c22,99.99918579999985,0.0,0x8712
2026-10-08 10:13:06,day,tech,74,0x015ec33cce2b3c31e925d9cbfb582c178c7babb0,95.4042363399999,0.0,badonde1
2026-10-08 10:13:06,day,tech,75,0xe1b361d6a6f237b9ed7534d19b232df8369e1426,93.69125904700013,0.0,tja
2026-10-08 10:13:06,day,tech,76,0xa89c53d1794961210c040e8edcb0b38eee741410,93.4943819149994,6051.76,ZhouCD
2026-10-08 10:13:06,day,tech,77,0x63390cc3b0c70dc849d19323aa35a0046a04ad29,92.15072710349989,0.0,JungPung
2026-10-08 10:13:06,day,tech,78,0x637e7d6e17f789f3d78837815681becfce2f8cea,90.34790032499997,383.0,0Xb1ca909e848cc24ec4e220ce1c453bc290c51705
2026-10-08 10:13:06,day,tech,79,0x43cb4ae1f4ddc9e671486c79c9f40a6fd98b84df,88.68638184599968,2801.9485849999996,0x43cb4Ae1f4dDC9E671486C79c9F40A6fd98B84Df-1761656284271
2026-10-08 10:13:06,day,tech,80,0xe317330816ec7a06c903b4c6db6251de1e03c580,88.43444501999988,0.0,Sustainable-Precision
2026-10-08 10:13:06,day,tech,81,0x9afeaa84ba61d876f04575c7cb667853f173062a,85.66058403500006,0.0,05005
2026-10-08 10:13:06,day,tech,82,0x57097a9e66dc5bce77e6685812ed50eaea2722c3,84.96411589750005,0.0,5.6sol
2026-10-08 10:13:06,day,tech,83,0x7dd0ef80b582891d0961ec9cfc65a4d8cae12b4b,84.78970955999966,0.0,horatio
2026-10-08 10:13:06,day,tech,84,0x4661c4d3fc6061a9688550a0123d404d9c9d72af,82.85669340999993,0.0,rt54
2026-10-08 10:13:06,day,tech,85,0x7e35a2a8cfd1eb1e69dacd043206db5a787f1a6c,77.9595660050004,0.0,buoys
2026-10-08 10:13:06,day,tech,86,0x0787a58e205a70320db638113fe8da18c8800ca3,77.38658935249998,0.0,melonmanm
2026-10-08 10:13:06,day,tech,87,0xfc55935e1b17ac958bc7cdf3d000d88f21c0b21d,77.23222447000003,709.23,AlphaGooo
2026-10-08 10:13:06,day,tech,88,0xad5353afe30c2da57709e2704ef3ccdcf67eef24,75.95761434703775,15264.976137,AJSV
2026-10-08 10:13:06,day,tech,89,0x15433540ca3794108e602bfd353189519af8baaf,74.70238412000003,0.0,DualDelta
2026-10-08 10:13:06,day,tech,90,0x215adbb63b47d0ca92f849fe2c2dc1adb0f6254c,73.45193177249952,73.0,BikesAreTheBikes
2026-10-08 10:13:06,day,tech,91,0x0ff56e14d90c210cee49c16a661689b11ee9a7e5,71.91376641000011,0.0,78yt8
2026-10-08 10:13:06,day,tech,92,0xd5b97d08ec6098407bfbf66c2786ccc9967fe44e,69.53934663349992,0.0,Optimus-
2026-10-08 10:13:06,day,tech,93,0xef97d61b2f6fefcb37d566d11e7dc110a150ab2c,67.92184486699989,3737.882858,0xef97d61b2f6fefcb37d566d11e7dc110a150ab2c
2026-10-08 10:13:06,day,tech,94,0xb63552c9fe920dd1291c9082735f1958c9282151,66.97469999999998,0.0,kamikazeman
2026-10-08 10:13:06,day,tech,95,0x096be54513c08d731e6ffd587372e4159447bf95,65.32841927500021,0.0,WageringGrandma
2026-10-08 10:13:06,day,tech,96,0x2b340fca886b3c7a2cc928c4a89162133fe4b202,64.80754042299998,0.0,Fluo
2026-10-08 10:13:06,day,tech,97,0xfcef1eb242228df6a9d05537495ec05601eb9499,63.87300538450006,174.8,0xfcef1eb242228df6a9d05537495ec05601eb9499
2026-10-08 10:13:06,day,tech,98,0x9ad091ca2e8f1bd69f27662edcb49dceeaa5bf3d,63.51460997249903,67.41,PaddyAlpha
2026-10-08 10:13:06,day,tech,99,0x9e3ed7b661a903fc97afcf49e0f014ebe869f882,63.43366541099954,512.813332,0x9e3ed7b661a903fc97afcf49e0f014ebe869f882-1783406009396
2026-10-08 10:13:06,day,tech,100,0x29efb149c85a53729c266b7918bfa921a70dddda,63.16020599549945,647.936976,0x29efb149c85a53729c266b7918bfa921a70dddda
