timestamp,timeframe,category,rank,address,pnl,volume,userName
2026-08-17 03:52:45,day,overall,1,0x3dfb153c197d4c19d3b31c1ecd2c7b6860eeabaf,139651.2528595149,28663.177677,0x3DFb153c197D4C19D3B31c1ecD2c7B6860eeabAf-1722957908185
2026-08-17 03:52:45,day,overall,2,0x4ab9b54427ec4b7f3646b1a0ef1bed73bc708ebe,102266.86937,0.0,RWCS
2026-08-17 03:52:45,day,overall,3,0x6c3aae17140c5e3cde62380daaa323e38575c459,100287.227136,0.0,AvrahamEisenberg - 10161
2026-08-17 03:52:45,day,overall,4,0xa8cf2ed8751f4e58ad039e1b68a8b58b4395031f,85547.41699300008,0.0,
2026-08-17 03:52:45,day,overall,5,0xf5f92940519a72da460b1c2a606bc1230f0e87b0,55095.765873812255,0.0,kekasaur
2026-08-17 03:52:45,day,overall,6,0x0346afae2603313d2bbee96b628536c8cbe352a5,39668.01232910715,326988.307581,GoalLineGhost
2026-08-17 03:52:45,day,overall,7,0x8c0b024c17831a0dde038547b7e791ae6a0d7aa5,38424.62599230185,23680.149984,IMAREALPERSON
2026-08-17 03:52:45,day,overall,8,0x0d18e30e252008d83f51dae00d36873ddd9e24a6,29726.53863700037,0.0,MonsieurDimanche
2026-08-17 03:52:45,day,overall,9,0x0f35109cc3ceaf729609c3109310791bd616c84a,27254.641564000005,0.0,
2026-08-17 03:52:45,day,overall,10,0x782186952ef2ca75ea91c95aef25bbdcffb4bb1a,23607.800415098933,0.0,thif - 33063
2026-08-17 03:52:45,day,overall,11,0xe015b5a2a299167be835a2fd1e86f09c49e06ffd,23145.218263654908,15002.631577,TAIWANNUMBERONE
2026-08-17 03:52:45,day,overall,12,0xf95846967c9093e4881506162077ec8f7049db13,22742.951234999753,0.0,thecomplicatedguy
2026-08-17 03:52:45,day,overall,13,0xa36fcb6947c4ac1f09ee894aa1fd0756b90e180b,22313.194010261534,0.0,Shori888
2026-08-17 03:52:45,day,overall,14,0xaa7789219c17e180dcb5933099c90d885f1d15a5,21518.040317096194,41310.074045,alaskabaked
2026-08-17 03:52:45,day,overall,15,0x1d2efa184454366ad3e79f3395d25396c20b896d,20903.421036439817,0.0,huli3882
2026-08-17 03:52:45,day,overall,16,0x19ae9efef67c685a8581d631d99267b1ff10395c,19789.254384479107,35263.388692,MaoZeDonK
2026-08-17 03:52:45,day,overall,17,0x2dc13c6bda81b202281e796953a7323de675b33c,19180.326749349915,0.0,xifutloong3
2026-08-17 03:52:45,day,overall,18,0x5268527977f700f9bf9b6d5cd843859e4e70135d,18716.58068315033,272266.20637500007,HomeRunHazard
2026-08-17 03:52:45,day,overall,19,0x6ac5bb06a9eb05641fd5e82640268b92f3ab4b6e,18315.070381624588,97484.914295,Lakersfan111
2026-08-17 03:52:45,day,overall,20,0x95b198f900d19a80d3d7e47b7b17708af254f9ac,18124.591877,0.0,thepicklebomber - 3805
2026-08-17 03:52:45,day,overall,21,0xe5c215ac428d4143f9ebc817c9ac6e717a2e2ab0,14777.590971750033,0.0,dwFqcd4Z
2026-08-17 03:52:45,day,overall,22,0x7fb23b0d330ea4ac4f3cecce1eb81fb0bfb3ed4b,14768.168524999995,0.0,
2026-08-17 03:52:45,day,overall,23,0x4f70929ba287ac85dc2431c85382ccd9e6b0d185,14234.245540373864,0.0,Lance Uppercut
2026-08-17 03:52:45,day,overall,24,0xa8a53259e60402b0001953f49f66ccb47d35122b,14193.593302787107,0.0,Paracellus
2026-08-17 03:52:45,day,overall,25,0x30fb41b5a08fff5d3dd983f6323e3343931a7db4,14092.711317254343,11983.986598000003,tradetosurvive1
2026-08-17 03:52:45,day,overall,26,0x866056133a70de9282a080758858d1a0c8b393ed,14054.133235941763,22154.250750000003,WhattDoyoumean
2026-08-17 03:52:45,day,overall,27,0x2c335066fe58fe9237c3d3dc7b275c2a034a0563,13892.982284463502,120807.72049800001,0x2c335066FE58fe9237c3d3Dc7b275C2a034a0563-1759935795465
2026-08-17 03:52:45,day,overall,28,0x32b484581fc5606de9c1e43af4636b6be9bc8b21,13888.001795625189,135618.102408,0x32b484581fc5606dE9C1e43AF4636b6Be9BC8B21-1774274303653
2026-08-17 03:52:45,day,overall,29,0x15ae79d7cd60b2a7f06ae46eb4c7a0eb16096ffd,13228.384830000032,0.0,humiliating piglet
2026-08-17 03:52:45,day,overall,30,0xae7ffba3fd102de1a4f795853ad3de06ad666f49,12958.000000000004,0.0,EV-Andars
2026-08-17 03:52:45,day,overall,31,0x9e3ed7b661a903fc97afcf49e0f014ebe869f882,12685.402207565014,64525.938536,0x9e3ed7b661a903fc97afcf49e0f014ebe869f882-1783406009396
2026-08-17 03:52:45,day,overall,32,0x91667e40b80c447050904b042f3b85d22fc6b479,12539.838041016046,66959.01723,GreenBerry1337
2026-08-17 03:52:45,day,overall,33,0x6f3e7f25baa7d2d49e15e2d2957ff3dec62cbcf8,12271.387662106892,124923.387907,fRibrenlc
2026-08-17 03:52:45,day,overall,34,0x772f8865fb93e6d0eb1d41dda3711589114a8145,11675.709718312064,4761.90476,0x772f8865fB93e6D0EB1D41DDa3711589114A8145-1781445006719
2026-08-17 03:52:45,day,overall,35,0x0e47f924a71915ee2d894d5198327272901e96c6,10827.989319110267,91171.344045,Hitmonlee
2026-08-17 03:52:45,day,overall,36,0x1465b79bff7992bc703e1aafb3683b1089647072,10516.044615843392,10591.955249,JnStTrdrBnusFnd
2026-08-17 03:52:45,day,overall,37,0x03805a13a0b3e058f55f6c6af95389d4f431073d,10300.181503124139,19020.416056000002,donthackme
2026-08-17 03:52:45,day,overall,38,0x5a218c7ad04135830a45c41aaed7294df7809318,10200.870642329826,19148.514237,balthazar
2026-08-17 03:52:45,day,overall,39,0x322f041810cee536293dcb4c99fc23b3a766940a,10043.226767999999,0.0,Sports
2026-08-17 03:52:45,day,overall,40,0x56acab44cfca2e88bb9b3406890aea7bfa0cd77e,9830.759759999464,5911.45,dv-pm
2026-08-17 03:52:45,day,overall,41,0xdac30597f7fc625ef0f860248f3a5aefe20166d8,9808.787354643224,51099.181346,trader12312
2026-08-17 03:52:45,day,overall,42,0xf49614e63fb15383d4a9b717a1be03ad2410fe79,9634.614628703683,17942.189475,Arisham
2026-08-17 03:52:45,day,overall,43,0x6b23c73159b753c96d3c1ed94413f113300c04a3,9557.034767884967,33290.635047,pauleta23
2026-08-17 03:52:45,day,overall,44,0x01e6e3c5cfe50943e7721398054cb1e22032e7e0,9499.066633523373,13044.1927,BajaBlaster
2026-08-17 03:52:45,day,overall,45,0xe0eeb30d92eb2a995fc82b4e58def02c53e6fa3f,9426.288296831113,0.0,predictor - 3335
2026-08-17 03:52:45,day,overall,46,0x448861155279dbf833d041b963e3ac854599e319,9260.243428423768,42546.060017,Flipadelphia
2026-08-17 03:52:45,day,overall,47,0x84898b583d56054b502c6564f3edfad43b54e211,8927.851561376445,0.0,JustLearning
2026-08-17 03:52:45,day,overall,48,0xe734e7bf7cfb9e464681f71822f6c2f6be514f0c,8887.287672704071,59277.819991,boyau
2026-08-17 03:52:45,day,overall,49,0xe40aaa5ce1dac0b7dc24c9d0284f27e17c3fe4a2,8528.749568992818,72741.76482299999,Mysaria
2026-08-17 03:52:45,day,overall,50,0xfefaf44054fb92d87882f2bd24bddbd163487bed,8476.656116999999,0.0,vivaFujimori - 33031
2026-08-17 03:52:45,day,overall,51,0xb87532a1a04c654700aa8153b3a95675ac4f4b16,8278.26249176,0.0,En11006
2026-08-17 03:52:45,day,overall,52,0xae95a2fd8df6b5e621d583157d47412a6b066579,8274.744259,0.0,draintheswamp!
2026-08-17 03:52:45,day,overall,53,0x2005d16a84ceefa912d4e380cd32e7ff827875ea,8161.659526777919,404639.95717799995,RN1
2026-08-17 03:52:45,day,overall,54,0x96489abcb9f583d6835c8ef95ffc923d05a86825,8136.921419646504,58503.759008999994,anoin123
2026-08-17 03:52:45,day,overall,55,0x09fb8ab5f70b2140511c366451e0f02c3c10d01c,7974.457056,0.0,mkiaz - 1025
2026-08-17 03:52:45,day,overall,56,0xe9076a87c5ed90ef16e6fe6529c943baeca0cff6,7954.942702853943,51496.93368199999,suntori
2026-08-17 03:52:45,day,overall,57,0x44c58184f89a5c2f699dc8943009cb3d75a08d45,7717.380828107183,37784.129564999996,JhonAlexanderHinestroza
2026-08-17 03:52:45,day,overall,58,0x1f682adb9a5cf101bcf53a7cd00bc2c594f7c9b3,7677.93231,0.0,0x3177d25a95524e6d98843c78cd604b67fb1b92b9
2026-08-17 03:52:45,day,overall,59,0xffbbf885454e6930e54b720ad5224175b8ae36e9,7581.586146197013,0.0,0xffBbF885454E6930e54b720ad5224175b8AE36e9-1720913580384
2026-08-17 03:52:45,day,overall,60,0x57b4520916577bfb64f93cdee2eba6709301b46b,7445.000000000087,0.0,Skyfker
2026-08-17 03:52:45,day,overall,61,0xb589734f08a5b12a7b6f30b782a5deeace3f91e3,7445.000000000029,0.0,vananal0318
2026-08-17 03:52:45,day,overall,62,0x528635df9791d3dcebf9b82ad4b83e8570440d47,7420.125000000175,5005.0,verifly
2026-08-17 03:52:45,day,overall,63,0x7668efbca0df8195ba199d3e19cb768e8b3779ec,7415.563736999917,0.0,
2026-08-17 03:52:45,day,overall,64,0xb0c85813a7a4428f1139ff91d3118a92c391fe7f,6851.33007008902,22063.330353999998,starbucks2....--
2026-08-17 03:52:45,day,overall,65,0x633e96a4b7ae543522358282eafa023fe61bd305,6708.481747051925,4524.964874,0x633e96a4b7ae543522358282eafa023fe61bd305-1783406206089
2026-08-17 03:52:45,day,overall,66,0xd7f85d0eb0fe0732ca38d9107ad0d4d01b1289e4,6679.197824219707,0.0,tdrhrhhd
2026-08-17 03:52:45,day,overall,67,0xf2b51ac841854ede9bf46f3e38dea6d979d32e6d,6658.9302715460235,0.0,
2026-08-17 03:52:45,day,overall,68,0x0393b7a4c1e4a72564bf8287c7d1471ac9a61130,6550.193144999999,0.0,
2026-08-17 03:52:45,day,overall,69,0x7430669ff298f8dc78e3339448d4994e812d111f,6530.533578999999,0.0,zwe2edS1ms
2026-08-17 03:52:45,day,overall,70,0x3471a897e56a8d3621ca79af87dae4325977f17e,6447.084416397032,14839.297208,xytest
2026-08-17 03:52:45,day,overall,71,0xb254cd171eb8d5b4b60703f99fd13474504bb70a,6116.458664,0.0,maga - 97
2026-08-17 03:52:45,day,overall,72,0x0af5f7ff9e6b4957e26d064b3218c38c59c87e3f,5982.980714,0.0,brian - 23314
2026-08-17 03:52:45,day,overall,73,0xf1302aafc43aa3a69bcd8058fc7a0259dac246ab,5774.4153815031705,0.0,TraderRed
2026-08-17 03:52:45,day,overall,74,0xc5187cb669690150643ba2f9aac6b7d98d212594,5671.01393935852,5440.086947,mustbethewater
2026-08-17 03:52:45,day,overall,75,0xde9f7f4e77a1595623ceb58e469f776257ccd43c,5666.337339207297,12806.725037,tradecraft
2026-08-17 03:52:45,day,overall,76,0x87256d0406f876184a66cc158415903bb242eb10,5486.714565587279,12505.862457,-Guapo--
2026-08-17 03:52:45,day,overall,77,0x29788995bd3d54faec1c4cf8b37f564793deb511,5258.455148394727,97932.42123800001,MMzz398
2026-08-17 03:52:45,day,overall,78,0xfcbe281f11f195423fdf458582e1215790b7aa8b,5171.851393012967,0.0,igot
2026-08-17 03:52:45,day,overall,79,0x9950ee8a9cf72226eb1f6f02b086c17198074f87,5064.889840753716,0.0,inanity - 38305
2026-08-17 03:52:45,day,overall,80,0xc8aed7f734caf59cff4ec5a6ff02def316eda45d,5001.568671720001,19525.824227,hideonbushz
2026-08-17 03:52:45,day,overall,81,0x88186ddbea78ab3d65b7d08f0658b9c22037f265,4999.839805000004,0.0,
2026-08-17 03:52:45,day,overall,82,0x236448c21cafb8a9cf9bb93d2e66cd73cd8d18f2,4888.526431344005,17444.627925,fluoro
2026-08-17 03:52:45,day,overall,83,0x99f0d31fdced5b3a0e5ee2867730a6644a6c9495,4886.172565405206,30850.831684,0x99F0d31fdced5B3A0e5Ee2867730A6644a6C9495-1779037126382
2026-08-17 03:52:45,day,overall,84,0xfdc0bd67fbd71aa8edd00121eb2a7fcbddc34b85,4788.008077625709,18571.546488,oneheadedtiger
2026-08-17 03:52:45,day,overall,85,0xef1d0c6244e7a8c9640b08758a8425b5d2a5bdcb,4744.460834,0.0,
2026-08-17 03:52:45,day,overall,86,0x4980930da4ad1194d4f0fd5e29f17b70a42e5709,4696.485042246146,7762.426358,gregbeast
2026-08-17 03:52:45,day,overall,87,0xe954ddb021c19495f1c556f59dadbd1494821ef1,4648.2693787555545,24170.865288,kingflop
2026-08-17 03:52:45,day,overall,88,0xdb83e85ffd22faa4009273034770f96ffc5b1e50,4574.434312045945,21118.239235,sentrio
2026-08-17 03:52:45,day,overall,89,0x2ac3a509eb5337be126215736c18ec9e94c06ec2,4453.6113359999,22879.957002,joshjosh
2026-08-17 03:52:45,day,overall,90,0x64310c79be3502dd17e88d9ca7df781700a66f1f,4403.783522999997,0.0,Sergeantx - 410
2026-08-17 03:52:45,day,overall,91,0xfea31bc088000ff909be1dfd8d0e3f2c7ef2d227,4342.190118506449,6.0,ndb1
2026-08-17 03:52:45,day,overall,92,0x99e42eb9038705165b22f821e27659c1dc41e4c4,4265.052654865096,1546.3400000000001,acorp
2026-08-17 03:52:45,day,overall,93,0x0d666ec36448f6d782385c708b3dbad08c28ff1d,4160.035725629479,24559.279023000003,0x0D666EC36448F6d782385C708b3DBaD08c28ff1d-1786200916984
2026-08-17 03:52:45,day,overall,94,0x18d491b2498ce8a8ee51162c5c6a0d7c56de69a9,4151.050626544369,11753.967395,0x40fF11feAf68885ad735C4f4ae3d4750711831cD-1767649507049
2026-08-17 03:52:45,day,overall,95,0x74471a007ddcc488f6d57b5e86dfb35a8d48a16d,4143.193375905466,5000.0,tetrose
2026-08-17 03:52:45,day,overall,96,0x2759769cd371bee44ec5bfc5e72c7f1f092b2b38,4136.2957110679345,360.0,SharkbetX-com
2026-08-17 03:52:45,day,overall,97,0x86df6ce94c9263d09a6052b43d652adb7b51d902,4027.1599534888774,112857.09251199999,BettingPartners4
2026-08-17 03:52:45,day,overall,98,0xbc5b77b1274d7b48257d9b4d1bf7652e32ec3ddc,3965.0138817116786,60980.551090999994,medellin10
2026-08-17 03:52:45,day,overall,99,0x2b6d32688784e4b2c1be4cec8622fa91c32d27bb,3951.0028027264607,0.0,gettingpwned
2026-08-17 03:52:45,day,overall,100,0x0353aaf82abbd3e69c00059df0a825bc198fc2ff,3936.9726494646857,32502.857141,AGUGava
2026-08-17 03:52:45,day,politics,1,0xe5c215ac428d4143f9ebc817c9ac6e717a2e2ab0,14777.590971750033,0.0,dwFqcd4Z
2026-08-17 03:52:45,day,politics,2,0x96489abcb9f583d6835c8ef95ffc923d05a86825,8744.440060444176,53407.03515299999,anoin123
2026-08-17 03:52:45,day,politics,3,0x30fb41b5a08fff5d3dd983f6323e3343931a7db4,8634.000972879716,1250.525552,tradetosurvive1
2026-08-17 03:52:45,day,politics,4,0xe40aaa5ce1dac0b7dc24c9d0284f27e17c3fe4a2,8228.921772529196,42316.076399,Mysaria
2026-08-17 03:52:45,day,politics,5,0x5a218c7ad04135830a45c41aaed7294df7809318,6700.23771284509,3110.204956,balthazar
2026-08-17 03:52:45,day,politics,6,0xd7f85d0eb0fe0732ca38d9107ad0d4d01b1289e4,6679.197824219707,0.0,tdrhrhhd
2026-08-17 03:52:45,day,politics,7,0x03805a13a0b3e058f55f6c6af95389d4f431073d,6106.508041382011,14326.988267,donthackme
2026-08-17 03:52:45,day,politics,8,0xc5187cb669690150643ba2f9aac6b7d98d212594,5857.665244744247,3335.905638,mustbethewater
2026-08-17 03:52:45,day,politics,9,0xb0c85813a7a4428f1139ff91d3118a92c391fe7f,5777.196286807099,7793.596550999999,starbucks2....--
2026-08-17 03:52:45,day,politics,10,0x5d0f03cf1243a3e21262d6cf844795afd9fff0ad,3428.4942646119744,0.0,EB99999
2026-08-17 03:52:45,day,politics,11,0x7cbefea2f57bf129ea3446d53397b9520747c4b7,3229.570654202498,0.0,VGR22
2026-08-17 03:52:45,day,politics,12,0xf4cca859be76c5f8616b1aeb4b8d518957ee571d,2858.591747715007,0.0,Chinuita
2026-08-17 03:52:45,day,politics,13,0xfd557e6db670c9704bc1d0d8e8b585c7d9c9f905,2848.049501164911,1814.579992,northdrawer
2026-08-17 03:52:45,day,politics,14,0xbd27db79205dd4b09832f16aadfdc34c81262807,2788.5033978690035,0.0,Maxtyt
2026-08-17 03:52:45,day,politics,15,0xfde6d3106320cf7d22fa64822fdec909fa3f7ed6,2770.868681913513,136.38,bogdanc1
2026-08-17 03:52:45,day,politics,16,0x2858ae37256fea3b5f14b18181f0c5e0abd55964,2600.585900000001,0.0,0x2858Ae37256feA3b5f14b18181F0C5e0AbD55964-1769017480720
2026-08-17 03:52:45,day,politics,17,0x1fee90f352fd362ea4bf13c6ed7cdd83a4d2ed5e,2405.9806321499927,0.0,lomneivan
2026-08-17 03:52:45,day,politics,18,0x4e72c22cd76f9973a48aedfd79feeaacc8b7ffb9,2357.904067447438,453.25250800000003,0x4E72c22CD76f9973a48aedfd79FeEAaCC8B7FFb9-1778811541343
2026-08-17 03:52:45,day,politics,19,0x88bbeb3b6aad01614823f740c0b5d770da29c12b,2103.140657330002,0.0,randomaccount7
2026-08-17 03:52:45,day,politics,20,0xdd9ed02bb67b2ec504be24b98febd651fdac49b3,1917.228245078295,11650.374346,Binotto
2026-08-17 03:52:45,day,politics,21,0x49b306b0c083ebf5230dce5b151ecfaf63f06486,1686.8568336849858,0.0,xyz9999
2026-08-17 03:52:45,day,politics,22,0xfbd8c9c22ca76b3662d0e53a4f79719fdc684027,1670.7782022754836,1239.0,0xfBd8C9C22cA76B3662d0e53A4f79719FDC684027-1779347618060
2026-08-17 03:52:45,day,politics,23,0x4f1d5ae26fc31472966e951af3183308736d8de2,1605.741244950099,380.53000000000003,e46m3
2026-08-17 03:52:45,day,politics,24,0xa8a9c7a2f1d8eca2c20b6dc58df52caa85cdbb81,1601.3668500000203,0.0,98better
2026-08-17 03:52:45,day,politics,25,0x0dbdb78fa16659b11b23646a95bc1fbb8e69f4a5,1522.606950000003,0.0,Go3ami2g
2026-08-17 03:52:45,day,politics,26,0xd7134295a3b6900a8c72288e96d9412f585b905a,1491.2411962650003,0.0,Ovrrep
2026-08-17 03:52:45,day,politics,27,0x206191d01c411a5b346d11a2df2d463a356b8ec9,1444.702072484084,0.0,rebotsliaf
2026-08-17 03:52:45,day,politics,28,0x83733b87090cf97aee473b1000beb9bfab7af0bc,1391.1927375221858,1488.74571,merod
2026-08-17 03:52:45,day,politics,29,0x5c6dfe819bc9063fb7e706fd2795c3af511721c9,1361.6448498949994,0.0,0x5C6dFe819bc9063fb7e706FD2795C3Af511721C9-1769011411874
2026-08-17 03:52:45,day,politics,30,0x6a94eab00c14921c994960f067a70fba7e41730f,1336.4307000000008,0.0,Reimbroq
2026-08-17 03:52:45,day,politics,31,0xa3282d3e882501229c75d0caf134e62e3afb4977,1265.324723712547,1651.737099,korda77
2026-08-17 03:52:45,day,politics,32,0xa1ed2ae1eaaa057b6d09204cbb0808ef78a4e774,1246.8072376340024,0.0,NefariousX
2026-08-17 03:52:45,day,politics,33,0xb55974a02f7be68b9dfa941cbdbe7ae4f9415e7c,1235.5229771964987,0.0,kwerty
2026-08-17 03:52:45,day,politics,34,0xcb3143ee858e14d0b3fe40ffeaea78416e646b02,1156.282670563436,0.0,0xCB3143ee858E14d0B3FE40fFeaEa78416e646B0
2026-08-17 03:52:45,day,politics,35,0x9fdcee684571cee2e50e3252900a20aa6a3083cd,1108.0718405074995,0.0,IlyaMaddyson
2026-08-17 03:52:45,day,politics,36,0xf8855dadc0e94d49e63ce1149850b60a74dc5274,1105.420542975999,0.0,
2026-08-17 03:52:45,day,politics,37,0x011f2d377e56119fb09196dffb0948ae55711122,1086.002273003396,24084.362290999998,11122
2026-08-17 03:52:45,day,politics,38,0x3653235d75a0d5969c42f7514d4df8ea5f8cef74,1053.011568216025,394.94,0x3653235d75A0d5969C42f7514d4Df8eA5F8CEF74-1778811817579
2026-08-17 03:52:45,day,politics,39,0x6eea4370af8f223b0f14deab0dbdff9cf2fccb72,967.2756574500017,0.0,bobo75008
2026-08-17 03:52:45,day,politics,40,0x45fb42d054b70e524f9368b5f76ccd8fef0bf1f6,949.8569216720034,0.0,chemp1mln
2026-08-17 03:52:45,day,politics,41,0xc1b399b26020a4f689108e9640fd3dc8ffc8501c,934.186110941926,0.0,CoffeeLover
2026-08-17 03:52:45,day,politics,42,0x3006b8ff025a3786dd9e2e2b3e183d429143e9f4,917.4154999999992,0.0,Canaldi
2026-08-17 03:52:45,day,politics,43,0x81e0595440b89dd65b1cedf081a5024ebef7aff6,907.3421499999968,0.0,Redlu
2026-08-17 03:52:45,day,politics,44,0x090af6fd2aeb04202abc97370aa86c1b81d90fa6,905.9788314376783,4221.341240999999,VictorLudorum
2026-08-17 03:52:45,day,politics,45,0x7dcf235766e6b09c8869468a75d5495cf171a7bd,861.5399443724164,2131.596184,godblessme2026
2026-08-17 03:52:45,day,politics,46,0xfefd398a64dc3f70cfcf200c54f6e1b93ed8cafe,860.8068825950013,0.0,0xfEFd398a64dc3F70CfCF200C54f6e1b93eD8CAfE-1769013480480
2026-08-17 03:52:45,day,politics,47,0xca6fe8051109a231db31981caeea77dae593d07b,858.3209715850007,0.0,A2AB641E88F08F8A1459EDC53C8A3D1A
2026-08-17 03:52:45,day,politics,48,0x50633eeb34727c3a29dd0aac1e29a6cb4be8773d,857.2349499999964,0.0,Deabrest
2026-08-17 03:52:45,day,politics,49,0x38e59b36aae31b164200d0cad7c3fe5e0ee795e7,830.8335538479369,2001.01,cowcat
2026-08-17 03:52:45,day,politics,50,0xc869df5acb47b8e3f61c33c5c05d79e274e2284f,768.1396709694997,0.0,0xC869dF5acB47B8e3f61c33c5C05D79E274e2284F-1782058314705
2026-08-17 03:52:45,day,politics,51,0x110410310f884e6c33f237a9f86c1793b69a7bab,757.5156110499993,0.0,0x110410310F884E6C33F237a9f86C1793b69A7Bab-1769004870209
2026-08-17 03:52:45,day,politics,52,0xfbfd14dd4bb607373119de95f1d4b21c3b6c0029,749.9685485744558,14429.424905,XAE12Archangel
2026-08-17 03:52:45,day,politics,53,0x9771bbd2a6226a2213a283649e3bc04bc8945a0a,735.5432635420034,0.0,0x9771bbD2A6226A2213a283649E3bC04bc8945a0A-1764589379691
2026-08-17 03:52:45,day,politics,54,0xe22d28c3b4f861cfd6d910553a196a33e576635d,725.1787400380008,0.0,Lord-Of-Democracy
2026-08-17 03:52:45,day,politics,55,0xe172d9e17386f9b4298e2e6eaf8c66d8a8b4e8e0,719.5603999999994,0.0,megaforest
2026-08-17 03:52:45,day,politics,56,0x7278b6c6527ad471c98aebf5cc39f9953b05a10f,700.1264044129994,0.0,0x7278b6C6527Ad471c98aEbf5cc39f9953B05A10f-1770901789968
2026-08-17 03:52:45,day,politics,57,0x9bdb403cb4a439884ccad4b0e52b5cf7bb8c73d7,677.6920993699969,0.0,Derbob
2026-08-17 03:52:45,day,politics,58,0x9589a01c747dbb166718f81087220dc4071439b0,666.7468485739992,0.0,Binturung
2026-08-17 03:52:45,day,politics,59,0x13fa4ce1b8a27dd0b7a72db6205a50ee6ff0954c,651.3272153800244,14983.742419999999,betterfasterstronger
2026-08-17 03:52:45,day,politics,60,0x0d395c80b62c2553598d223486a06bf908256bf1,636.7320461220002,0.0,Seldonator
2026-08-17 03:52:45,day,politics,61,0x629c2844d5c0e36774a67fe10dcd43ca31a76c01,621.2640748240156,0.0,CoffeeDespiser
2026-08-17 03:52:45,day,politics,62,0x17e313bb9173febb23c865a2ef8a4e8e0eaf9ba5,616.1405387949926,0.0,hymolu
2026-08-17 03:52:45,day,politics,63,0x6bd4f248ff09cc805020ee24ee5bf1614d78b90a,604.9991117239997,0.0,KingCaker
2026-08-17 03:52:45,day,politics,64,0x8aa739ef6613b1e647fc992b06cf569f5b540d94,603.8640810449942,0.0,Rafifa
2026-08-17 03:52:45,day,politics,65,0x82e00fb51c8f278d5d2f772a1210380aa0060779,595.12291835,0.0,Jimmy-Carvalho-Opcoes
2026-08-17 03:52:45,day,politics,66,0xde0463ea7f611b065e8ab06bbfbddad75e6dfa37,595.0342382819508,0.0,mwenya
2026-08-17 03:52:45,day,politics,67,0x6ac8b1e3a5ee59f3e35ec77ff9c1802622e3c41d,592.4555164549997,0.0,PrivateEquityy
2026-08-17 03:52:45,day,politics,68,0x5739ddf8672627ce076eff5f444610a250075f1a,583.5524693274638,0.0,hopedieslast
2026-08-17 03:52:45,day,politics,69,0xe613b515bd46b1585a8b137a4d291d9b80bd540e,580.6409711395245,0.0,Gucky-45
2026-08-17 03:52:45,day,politics,70,0x1619f1fb31df63b2652f2f24434b9956f04705fb,577.5005423750001,0.0,okw
2026-08-17 03:52:45,day,politics,71,0x96eede0725893db233c7f66f731808572c75bd76,557.8836691755059,0.0,Eduglower
2026-08-17 03:52:45,day,politics,72,0x1537ed4d534ec88634af690b9b03145dbcaec480,540.2032350030058,0.0,Armenia
2026-08-17 03:52:45,day,politics,73,0x166ccc99d4999a0b5d5a96f449db5d722c8bae55,538.3096562249998,0.0,FrynT
2026-08-17 03:52:45,day,politics,74,0x53e55bc7cb3d67ad177c023ce891ad076a9d6177,532.8979900000268,0.0,Arbguy
2026-08-17 03:52:45,day,politics,75,0x0a417d8a68c3b17e61f8e5c0a42eeaa1b75a492a,532.8736499999959,0.0,taincap
2026-08-17 03:52:45,day,politics,76,0x479d647a0b3a55b87883ee7189ebb4f165b2d469,520.3189999999995,0.0,tennisclub
2026-08-17 03:52:45,day,politics,77,0xaa6ea932c91ae1dc43bb5b9723b6953c728b04fe,508.1099510500012,0.0,thanks4playing
2026-08-17 03:52:45,day,politics,78,0x60a32f71352159d2671ab79542863d6cdfa8378d,502.40860264,0.0,Steve.Park
2026-08-17 03:52:45,day,politics,79,0x75d1b199a96801338e67a6efaa35c0028ea87a5f,491.5878942004929,0.0,0x75d1B199a96801338e67a6eFAa35C0028eA87A5F-1770658242710
2026-08-17 03:52:45,day,politics,80,0xfffadf38a520cd5a0035ff52d7fceb436a08864b,489.8438433711417,0.0,GoriIIa
2026-08-17 03:52:45,day,politics,81,0x526e195886ad8b59e56acabb54295adecf813bd0,484.2012881765031,0.0,Rambaldi.seeker
2026-08-17 03:52:45,day,politics,82,0xde4273c8e1af4872de7fdb0d5979391601cd3769,484.0,0.0,keelj
2026-08-17 03:52:45,day,politics,83,0xe5d3bce6580a198afcff39c236f81a1dc25cc347,482.7838887849998,0.0,vade4ka
2026-08-17 03:52:45,day,politics,84,0x9c987f84d18a4dd640909409b31212fbb805f4f4,480.5364022029826,10980.039999999999,Moonshot1019
2026-08-17 03:52:45,day,politics,85,0x738d3152bd07bb4af73bdd867fb12b038c5f4df6,476.02105865,11379.34,dragunis
2026-08-17 03:52:45,day,politics,86,0xf9b71663d723d28fa455db659098e1dacde860a4,472.7118261709984,0.0,siick
2026-08-17 03:52:45,day,politics,87,0x23d81ba9371e576015c1e562db09c689f56b0288,465.5002658755402,313.52,flawfence
2026-08-17 03:52:45,day,politics,88,0xbaa2bcb5439e985ce4ccf815b4700027d1b92c73,465.452021708712,147.89301799999998,denizz
2026-08-17 03:52:45,day,politics,89,0x87884af641ae4ffac780fbc40bc298ccbde00e05,464.3516451700002,0.0,arvinlleva94
2026-08-17 03:52:45,day,politics,90,0x4269f43a1d43982872e71a324b38d70f9d4c4616,451.0549999999997,0.0,ostolbenei
2026-08-17 03:52:45,day,politics,91,0xe52c0a1327a12edc7bd54ea6f37ce00a4ca96924,444.24459485706757,0.0,aff3
2026-08-17 03:52:45,day,politics,92,0x94a428cfa4f84b264e01f70d93d02bc96cb36356,438.21636791387573,0.0,GCottrell93
2026-08-17 03:52:45,day,politics,93,0x87ddd7b5033e00713a931a559441a7add7eee210,429.8917000000001,0.0,mrmoonlight
2026-08-17 03:52:45,day,politics,94,0x6de11fc88a25b080be5203a7356db3c054efdfc9,421.6047939859973,0.0,NSNO
2026-08-17 03:52:45,day,politics,95,0xa974826f82380f9bb3d5b9c722c50f82fb1aef79,421.32898329,0.0,tmoneeey
2026-08-17 03:52:45,day,politics,96,0x1e1f17412069c0736adfaadf8ee7f46e5612c855,414.61464974604314,0.0,Brokie
2026-08-17 03:52:45,day,politics,97,0x01309d49fd508ba7b2379967bdc7197e5b47274c,412.2134501064975,0.0,Fulgurator
2026-08-17 03:52:45,day,politics,98,0x9e55844ef1c1c7068556611689a69fb261a617c0,410.5023999999994,0.0,Cudnbdls
2026-08-17 03:52:45,day,politics,99,0x2b5920274740ca61745eeb077587bf5bb4ff9db6,408.8272763995192,13179.970000000001,aHjCz
2026-08-17 03:52:45,day,politics,100,0x797a80635b75d7e87bb4387d22a006055c347924,408.2406975099998,0.0,IulianaB
2026-08-17 03:52:45,day,sports,1,0x3dfb153c197d4c19d3b31c1ecd2c7b6860eeabaf,139651.2528595149,28663.177677,0x3DFb153c197D4C19D3B31c1ecD2c7B6860eeabAf-1722957908185
2026-08-17 03:52:45,day,sports,2,0xf5f92940519a72da460b1c2a606bc1230f0e87b0,55095.765873812255,0.0,kekasaur
2026-08-17 03:52:45,day,sports,3,0x0346afae2603313d2bbee96b628536c8cbe352a5,39668.01232908992,326988.307581,GoalLineGhost
2026-08-17 03:52:45,day,sports,4,0x2c335066fe58fe9237c3d3dc7b275c2a034a0563,30246.639223598875,88742.03363500001,0x2c335066FE58fe9237c3d3Dc7b275C2a034a0563-1759935795465
2026-08-17 03:52:45,day,sports,5,0xf95846967c9093e4881506162077ec8f7049db13,22742.951234999753,0.0,thecomplicatedguy
2026-08-17 03:52:45,day,sports,6,0x6f3e7f25baa7d2d49e15e2d2957ff3dec62cbcf8,22431.440347247903,124923.387907,fRibrenlc
2026-08-17 03:52:45,day,sports,7,0xa36fcb6947c4ac1f09ee894aa1fd0756b90e180b,22313.194010261534,0.0,Shori888
2026-08-17 03:52:45,day,sports,8,0xaa7789219c17e180dcb5933099c90d885f1d15a5,21518.040317096194,41310.074045,alaskabaked
2026-08-17 03:52:45,day,sports,9,0x1d2efa184454366ad3e79f3395d25396c20b896d,20903.421036439817,0.0,huli3882
2026-08-17 03:52:45,day,sports,10,0x2dc13c6bda81b202281e796953a7323de675b33c,19180.326749349915,0.0,xifutloong3
2026-08-17 03:52:45,day,sports,11,0x5268527977f700f9bf9b6d5cd843859e4e70135d,18716.580683151493,272266.20637500007,HomeRunHazard
2026-08-17 03:52:45,day,sports,12,0xa8a53259e60402b0001953f49f66ccb47d35122b,14193.593302787107,0.0,Paracellus
2026-08-17 03:52:45,day,sports,13,0x32b484581fc5606de9c1e43af4636b6be9bc8b21,13888.001795625198,135618.102408,0x32b484581fc5606dE9C1e43AF4636b6Be9BC8B21-1774274303653
2026-08-17 03:52:45,day,sports,14,0xae7ffba3fd102de1a4f795853ad3de06ad666f49,12958.000000000004,0.0,EV-Andars
2026-08-17 03:52:45,day,sports,15,0x772f8865fb93e6d0eb1d41dda3711589114a8145,11675.709718312064,4761.90476,0x772f8865fB93e6D0EB1D41DDa3711589114A8145-1781445006719
2026-08-17 03:52:45,day,sports,16,0x9e3ed7b661a903fc97afcf49e0f014ebe869f882,10652.417509711348,26742.452892,0x9e3ed7b661a903fc97afcf49e0f014ebe869f882-1783406009396
2026-08-17 03:52:45,day,sports,17,0x56acab44cfca2e88bb9b3406890aea7bfa0cd77e,9830.759759999462,5911.45,dv-pm
2026-08-17 03:52:45,day,sports,18,0x448861155279dbf833d041b963e3ac854599e319,9286.151151371218,42425.430017000006,Flipadelphia
2026-08-17 03:52:45,day,sports,19,0x2005d16a84ceefa912d4e380cd32e7ff827875ea,8161.659526815638,404639.95717799995,RN1
2026-08-17 03:52:45,day,sports,20,0x44c58184f89a5c2f699dc8943009cb3d75a08d45,7717.380828107183,37784.129564999996,JhonAlexanderHinestroza
2026-08-17 03:52:45,day,sports,21,0xf2b51ac841854ede9bf46f3e38dea6d979d32e6d,6658.9302715460235,0.0,
2026-08-17 03:52:45,day,sports,22,0x633e96a4b7ae543522358282eafa023fe61bd305,6078.712019496743,1259.766205,0x633e96a4b7ae543522358282eafa023fe61bd305-1783406206089
2026-08-17 03:52:45,day,sports,23,0x6b23c73159b753c96d3c1ed94413f113300c04a3,5982.319046567485,18605.484821000005,pauleta23
2026-08-17 03:52:45,day,sports,24,0xde9f7f4e77a1595623ceb58e469f776257ccd43c,5666.33733920753,12806.725037,tradecraft
2026-08-17 03:52:45,day,sports,25,0x29788995bd3d54faec1c4cf8b37f564793deb511,5258.455148394727,97932.42123800001,MMzz398
2026-08-17 03:52:45,day,sports,26,0xb035c5b61f2efeaa0b6ff34346cf7ed18165ff78,4981.11803153636,28604.151828999995,Nootpengu
2026-08-17 03:52:45,day,sports,27,0x032eb1bc893940263ad0b01889f262fc232f2a9e,4897.722739392659,65973.7,purplegatto
2026-08-17 03:52:45,day,sports,28,0x99f0d31fdced5b3a0e5ee2867730a6644a6c9495,4886.172565405213,30850.831684,0x99F0d31fdced5B3A0e5Ee2867730A6644a6C9495-1779037126382
2026-08-17 03:52:45,day,sports,29,0x99e42eb9038705165b22f821e27659c1dc41e4c4,4854.710302195046,59.48,acorp
2026-08-17 03:52:45,day,sports,30,0xe954ddb021c19495f1c556f59dadbd1494821ef1,4588.581880755555,24170.865288,kingflop
2026-08-17 03:52:45,day,sports,31,0x18d491b2498ce8a8ee51162c5c6a0d7c56de69a9,4151.050626544369,11753.967395,0x40fF11feAf68885ad735C4f4ae3d4750711831cD-1767649507049
2026-08-17 03:52:45,day,sports,32,0x2759769cd371bee44ec5bfc5e72c7f1f092b2b38,4135.81537712994,360.0,SharkbetX-com
2026-08-17 03:52:45,day,sports,33,0xfea31bc088000ff909be1dfd8d0e3f2c7ef2d227,4097.3629885069095,6.0,ndb1
2026-08-17 03:52:45,day,sports,34,0xbc5b77b1274d7b48257d9b4d1bf7652e32ec3ddc,3965.0138817116786,60980.551090999994,medellin10
2026-08-17 03:52:45,day,sports,35,0x0353aaf82abbd3e69c00059df0a825bc198fc2ff,3936.972649464682,32502.857141,AGUGava
2026-08-17 03:52:45,day,sports,36,0x5c3a1a602848565bb16165fcd460b00c3d43020b,3717.034694999922,0.0,RegardedMoney
2026-08-17 03:52:45,day,sports,37,0x03f4bd4bd14e0dffa6f012d023387e1a327f7e44,3612.0868116620295,0.0,shaw
2026-08-17 03:52:45,day,sports,38,0xd9425013c71600448b32e9c2dd6bc7eb30bdf9d3,3553.5931260000116,6461.066665,SquatFT
2026-08-17 03:52:45,day,sports,39,0x54559f4eeefb88a2b4be81ca680901f6bfa98b2a,3549.6084465599997,31229.535378,vgybhu
2026-08-17 03:52:45,day,sports,40,0x9c3ce009c9b039956665cecc4cd14de862b5e8c9,3428.384173395045,0.0,0x0x23kjookhaiuohduoayh8c9
2026-08-17 03:52:45,day,sports,41,0x995fa77aefb11f22298c61ba93926000d50bbe04,3384.0350000000003,0.0,BerlinerBoy
2026-08-17 03:52:45,day,sports,42,0xc3c3b3ef304ddbea39fa2246e683a71da5d0eec8,3360.9984775302,0.0,comon119
2026-08-17 03:52:45,day,sports,43,0x4ffd3cab000b04574ec094a3b16310d321de7821,3345.163384329995,16933.809999999998,barabasKarabas
2026-08-17 03:52:45,day,sports,44,0x46992d0e547e3822a9c28723f51bfa804ae4e03c,3292.674728786995,50352.509999999995,anon.1980.123
2026-08-17 03:52:45,day,sports,45,0x65b57f3444e1dba0487c65d2618d3b0c0e0baa71,3232.369951481931,11400.957631000001,acount3
2026-08-17 03:52:45,day,sports,46,0xdc41c39b95453c943174f369926018f6963bdd7e,3143.9805517877685,224928.0,quavoo
2026-08-17 03:52:45,day,sports,47,0x565c09cd32dbbde32d5b4fcd6c49d55dd84f878d,3125.01107714737,6578.947367,Brimoz
2026-08-17 03:52:45,day,sports,48,0x72361923300983fc1ba06dc5798e1082917aea53,3117.564881116001,6368.382351,xiaohui998
2026-08-17 03:52:45,day,sports,49,0x9f15613ebf1f36d4bc679e1211d1fc567cf9bdb3,3112.2319184297376,15831.891455,0x9f15613ebf1f36d4bc679e1211d1fc567cf9bdb3
2026-08-17 03:52:45,day,sports,50,0xb4c8b96f00848679d884d34da9da55a31afe8f5a,3093.7381162199854,27477.89,theodyssey
2026-08-17 03:52:45,day,sports,51,0xee0bcf86a719c9c1023906718034cca17498e6d4,3057.600000000006,0.0,betopinto
2026-08-17 03:52:45,day,sports,52,0xa71093cafc0c099b4ccab24c3cb8018d817923c4,3039.8036744811106,0.0,Talvez10
2026-08-17 03:52:45,day,sports,53,0x885ffdf360e5b0b6e6acb963fb3f8ba2344c8ed9,3022.854836982835,7125.508137,forecastication4
2026-08-17 03:52:45,day,sports,54,0xe45d96efa5cf40fc35b17e8a5dcef7e5bbfd230d,2977.874604999999,0.0,HOKKIANPOWER
2026-08-17 03:52:45,day,sports,55,0xb4d250f58c26840e09723a83ce9c8149aa32ce99,2880.8969224648317,70826.406074,alpheclabs
2026-08-17 03:52:45,day,sports,56,0xc3cd1d612bbf9fbf80da5a9bff0b0470cb46816c,2821.414444791604,6692.361110000002,UbuntuTrading
2026-08-17 03:52:45,day,sports,57,0xbca08c1bc204a34f2fddbe47b438b9bd42ac9705,2752.3275185418315,36564.410274,1winstreak1
2026-08-17 03:52:45,day,sports,58,0x3e04fbc51adb75418129f6ce2091ae633070564d,2745.8027202668018,0.0,roldy
2026-08-17 03:52:45,day,sports,59,0x160bf4f27cdaaaed1408ccd1558ab30c210d4296,2574.8994207741925,968.15,mortewfenloin
2026-08-17 03:52:45,day,sports,60,0x12ec6d71325afac2b4d25b3de94185e2c48d41ae,2541.969336684968,1179.700321,olegio
2026-08-17 03:52:45,day,sports,61,0xf1ef8705e9f63c790c6fffd6329aea7011718cd6,2518.772172560115,7754.991024000001,Outsid3rTrading
2026-08-17 03:52:45,day,sports,62,0x481de320aee504c31c31cc4ef975e5697a0a9098,2513.350000000035,0.0,XYZ7676
2026-08-17 03:52:45,day,sports,63,0x6a00004f0cbbcbd7e8ae51bc4a40c9b8790c9158,2376.651336684492,0.0,avo-edge
2026-08-17 03:52:45,day,sports,64,0x0d666ec36448f6d782385c708b3dbad08c28ff1d,2346.323643575978,9001.909023,0x0D666EC36448F6d782385C708b3DBaD08c28ff1d-1786200916984
2026-08-17 03:52:45,day,sports,65,0x9d8a71b1caf3cf1d7cc72b610058c6c424865201,2299.7104297715123,1499.994563,0x9D8a71b1cAf3cF1d7CC72b610058C6C424865201-1768614041847
2026-08-17 03:52:45,day,sports,66,0x2e78d7a77df765928de65f17196671fa83f2067e,2273.779364585236,4087.4824830000002,Kidfp
2026-08-17 03:52:45,day,sports,67,0x6d11cd749eb59c8ffa6d38be80ad0ad0a255c449,2219.4954910700035,0.0,1xx2
2026-08-17 03:52:45,day,sports,68,0xa4b7b1814b0da33f2b61be4939976898aa476008,2185.2909873853787,9993.665606000002,midwicket72
2026-08-17 03:52:45,day,sports,69,0x98db8cca55c32b24cfb414b5b43d273f4e1fdd17,2117.760257554997,15114.05774,Eulhunter
2026-08-17 03:52:45,day,sports,70,0x55f544a537f6b9f50a8d27e662c250e93418e2a0,2110.3580809999985,11045.281722,KevinEasyMoney27
2026-08-17 03:52:45,day,sports,71,0xff80bb23621f03fc6300808730316c78abe09b4d,2099.4816540029424,52484.758565000004,Zenhack
2026-08-17 03:52:45,day,sports,72,0x41d28673f6fbcf28d08e6b2bd87072b34073d7c9,2087.553701600009,0.0,Shimi1234
2026-08-17 03:52:45,day,sports,73,0x2b6d32688784e4b2c1be4cec8622fa91c32d27bb,2079.04904706906,0.0,gettingpwned
2026-08-17 03:52:45,day,sports,74,0x10658d371ae1f09eed503a3a14c8ac6a1a936218,2072.665037996965,0.0,kunkun168
2026-08-17 03:52:45,day,sports,75,0xdebbe89ceb32828a99648bca497684f5209ceedb,2044.973996921879,643.045307,Lexington
2026-08-17 03:52:45,day,sports,76,0xf148f9acb3d2b140792640b92dffea6bb2550b4f,1989.5219103706804,10584.964645999999,Fnfjfiwoc2
2026-08-17 03:52:45,day,sports,77,0xb077e7482c6bea18f75e33bf823cbbe59cda8fe8,1965.5914199999715,3978.93,0xNuttawut
2026-08-17 03:52:45,day,sports,78,0x5749a0e44b7957b5d2ad55a2b85c53a47e606c3e,1906.4684999999997,0.0,0x5749A0e44B7957B5D2AD55a2B85c53a47E606C3e-1786321739498
2026-08-17 03:52:45,day,sports,79,0x6b44c48cfbc5ef89c3d05d9c70567c36cb2e3992,1864.7525000000096,0.0,mjjbb
2026-08-17 03:52:45,day,sports,80,0x912ff4200c42e6868a1d0c9d8d707998d51eb25b,1827.5997437653991,1127.250661,ianamay1
2026-08-17 03:52:45,day,sports,81,0x1250846658e2a118930edb02e31f7a7e82258f99,1820.0261077735631,11514.8745,Kev69
2026-08-17 03:52:45,day,sports,82,0xddb6e6246546230503f153506ac1e9914978b9b3,1792.1344531560317,20240.982518999997,baseinv3
2026-08-17 03:52:45,day,sports,83,0xecc558e1dd2164b451766c89d2a28b35d8405fde,1787.865825294608,153.565332,OdileDeray
2026-08-17 03:52:45,day,sports,84,0x27f738fe203827445690339104aae35b20bc44b0,1666.6861868301348,11247.0,ic4cream
2026-08-17 03:52:45,day,sports,85,0xccf128f31a3af399c40dd9854c83b60101dd25a0,1615.7645260887512,0.0,reakt2026
2026-08-17 03:52:45,day,sports,86,0x0d2d845a6ff64e31e04a70afce8a573940767ff5,1610.4472929477342,192432.39100499998,38791873984189
2026-08-17 03:52:45,day,sports,87,0xff34c2cc46e7624310f3549ea355540d57a4694b,1600.1893599270697,5958.416058,
2026-08-17 03:52:45,day,sports,88,0xcf8bb24159c3bd001b9714001e78085ccb8b1a59,1564.3466100000003,0.0,bepyedek
2026-08-17 03:52:45,day,sports,89,0xaa57cd0782fb4583206ce547379e6442db61a128,1546.4492211754714,11115.517281,mpoly
2026-08-17 03:52:45,day,sports,90,0xd47bd0d1a398f00a01c7ed792527776c443835d7,1511.7769993799993,0.0,antoniodu30
2026-08-17 03:52:45,day,sports,91,0x55b9e6a1dcca2defb01636ba41e9f76a0883a814,1506.8135867256071,12786.566097,ghostorder
2026-08-17 03:52:45,day,sports,92,0x21f333307ac6d2e65ac82f014b3dd2b64cbc35e3,1498.6428941871636,0.0,hi774c
2026-08-17 03:52:45,day,sports,93,0x3ebc0929a04e9d6e6575335f22b9fa5a0ed8063e,1489.0500000000002,0.0,zegg1
2026-08-17 03:52:45,day,sports,94,0x592997c2d8119d82d71f21119957c6434d244684,1477.2694860431984,5958.925810000001,kitopesivan
2026-08-17 03:52:45,day,sports,95,0x4a3f86ed9ce6b3dac5b66e2d5478a6bf38cc4333,1472.5837468200152,1601.995942,Jarod21
2026-08-17 03:52:45,day,sports,96,0x191f77486cb1c5af42e54734621804936a204a8d,1444.0900707477267,589.788939,LaarsY
2026-08-17 03:52:45,day,sports,97,0x390123afe7171eb75b43c079658706a6422a8f65,1423.577476864999,3520.2566609999994,winwinwinwinwin1
2026-08-17 03:52:45,day,sports,98,0x709179e7392e59922ab2d73cb1141698b30096f8,1415.7708743101866,3000.0,0x709179E7392e59922Ab2D73cb1141698b30096f8-1773173619816
2026-08-17 03:52:45,day,sports,99,0x64f4577177d590e78174b0c5364af8e80fbab38e,1390.352343749999,0.0,Jsuehehwywyw6
2026-08-17 03:52:45,day,sports,100,0x3a146cee0c51f28c4a8c5135c13d89cd01329fe4,1385.0386345701927,0.0,0x3A146CeE0c51f28c4a8c5135c13D89cd01329fE4-1779045845822
2026-08-17 03:52:45,day,crypto,1,0x4ab9b54427ec4b7f3646b1a0ef1bed73bc708ebe,102266.86937,0.0,RWCS
2026-08-17 03:52:45,day,crypto,2,0x6c3aae17140c5e3cde62380daaa323e38575c459,100287.227136,0.0,AvrahamEisenberg - 10161
2026-08-17 03:52:45,day,crypto,3,0xa8cf2ed8751f4e58ad039e1b68a8b58b4395031f,85547.41699299996,0.0,
2026-08-17 03:52:45,day,crypto,4,0x3d8a89a20aa73fba0f30d080e8120de9f9555724,50766.935668000006,0.0,Poyo
2026-08-17 03:52:45,day,crypto,5,0x0d18e30e252008d83f51dae00d36873ddd9e24a6,29726.538637000398,0.0,MonsieurDimanche
2026-08-17 03:52:45,day,crypto,6,0x0f35109cc3ceaf729609c3109310791bd616c84a,27254.641564000005,0.0,
2026-08-17 03:52:45,day,crypto,7,0x782186952ef2ca75ea91c95aef25bbdcffb4bb1a,23607.800415098933,0.0,thif - 33063
2026-08-17 03:52:45,day,crypto,8,0x95b198f900d19a80d3d7e47b7b17708af254f9ac,18124.591877,0.0,thepicklebomber - 3805
2026-08-17 03:52:45,day,crypto,9,0x7fb23b0d330ea4ac4f3cecce1eb81fb0bfb3ed4b,14768.168524999995,0.0,
2026-08-17 03:52:45,day,crypto,10,0x4f70929ba287ac85dc2431c85382ccd9e6b0d185,14234.245540373951,0.0,Lance Uppercut
2026-08-17 03:52:45,day,crypto,11,0x15ae79d7cd60b2a7f06ae46eb4c7a0eb16096ffd,13228.384829999999,0.0,humiliating piglet
2026-08-17 03:52:45,day,crypto,12,0x903221b1098263779ae19486028c844e8c338717,11412.82380400002,0.0,0x903221b1
2026-08-17 03:52:45,day,crypto,13,0x1465b79bff7992bc703e1aafb3683b1089647072,10516.044615843392,10591.955249,JnStTrdrBnusFnd
2026-08-17 03:52:45,day,crypto,14,0x322f041810cee536293dcb4c99fc23b3a766940a,10043.226767999999,0.0,Sports
2026-08-17 03:52:45,day,crypto,15,0xe0eeb30d92eb2a995fc82b4e58def02c53e6fa3f,9426.288296831113,0.0,predictor - 3335
2026-08-17 03:52:45,day,crypto,16,0x84898b583d56054b502c6564f3edfad43b54e211,8927.851561376445,0.0,JustLearning
2026-08-17 03:52:45,day,crypto,17,0xfefaf44054fb92d87882f2bd24bddbd163487bed,8476.656116999999,0.0,vivaFujimori - 33031
2026-08-17 03:52:45,day,crypto,18,0xb87532a1a04c654700aa8153b3a95675ac4f4b16,8278.26249176,0.0,En11006
2026-08-17 03:52:45,day,crypto,19,0xae95a2fd8df6b5e621d583157d47412a6b066579,8274.744259,0.0,draintheswamp!
2026-08-17 03:52:45,day,crypto,20,0x09fb8ab5f70b2140511c366451e0f02c3c10d01c,7974.457056,0.0,mkiaz - 1025
2026-08-17 03:52:45,day,crypto,21,0x1f682adb9a5cf101bcf53a7cd00bc2c594f7c9b3,7677.93231,0.0,0x3177d25a95524e6d98843c78cd604b67fb1b92b9
2026-08-17 03:52:45,day,crypto,22,0x7668efbca0df8195ba199d3e19cb768e8b3779ec,7415.563737000004,0.0,
2026-08-17 03:52:45,day,crypto,23,0x0393b7a4c1e4a72564bf8287c7d1471ac9a61130,6550.193144999999,0.0,
2026-08-17 03:52:45,day,crypto,24,0x7430669ff298f8dc78e3339448d4994e812d111f,6530.533578999999,0.0,zwe2edS1ms
2026-08-17 03:52:45,day,crypto,25,0xb254cd171eb8d5b4b60703f99fd13474504bb70a,6116.458664,0.0,maga - 97
2026-08-17 03:52:45,day,crypto,26,0x0af5f7ff9e6b4957e26d064b3218c38c59c87e3f,5982.980714,0.0,brian - 23314
2026-08-17 03:52:45,day,crypto,27,0xf1302aafc43aa3a69bcd8058fc7a0259dac246ab,5774.41538150318,0.0,TraderRed
2026-08-17 03:52:45,day,crypto,28,0xfcbe281f11f195423fdf458582e1215790b7aa8b,5171.851393012967,0.0,igot
2026-08-17 03:52:45,day,crypto,29,0x9950ee8a9cf72226eb1f6f02b086c17198074f87,5064.889840753716,0.0,inanity - 38305
2026-08-17 03:52:45,day,crypto,30,0xc8aed7f734caf59cff4ec5a6ff02def316eda45d,5001.568671720001,19525.824227,hideonbushz
2026-08-17 03:52:45,day,crypto,31,0x88186ddbea78ab3d65b7d08f0658b9c22037f265,4999.839805000004,0.0,
2026-08-17 03:52:45,day,crypto,32,0xef1d0c6244e7a8c9640b08758a8425b5d2a5bdcb,4744.460834,0.0,
2026-08-17 03:52:45,day,crypto,33,0x64310c79be3502dd17e88d9ca7df781700a66f1f,4403.783522999997,0.0,Sergeantx - 410
2026-08-17 03:52:45,day,crypto,34,0x730ae359e9441f836022f7ec14b941fdc942a0fe,3882.4374039999993,0.0,rippopsmoke - 56
2026-08-17 03:52:45,day,crypto,35,0x7789806c754eb0af4c3abeb026c218b4ba78f823,3870.924806999986,0.0,VibesGreaterRules
2026-08-17 03:52:45,day,crypto,36,0x63f8eb9f5f902f6637f75f10fc185e77b0f660ac,3859.364997,0.0,hmm ok
2026-08-17 03:52:45,day,crypto,37,0xe9076a87c5ed90ef16e6fe6529c943baeca0cff6,3787.729239578359,12232.387902,suntori
2026-08-17 03:52:45,day,crypto,38,0xb5fc4d5388952dc7a798fe784fe659f9a20e5ca4,3468.8486149992095,0.0,
2026-08-17 03:52:45,day,crypto,39,0x9d84ce0306f8551e02efef1680475fc0f1dc1344,3115.6154258315873,0.0,ImJustKen
2026-08-17 03:52:45,day,crypto,40,0x8b5a7da2fdf239b51b9c68a2a1a35bb156d200f2,3044.8101620000016,0.0,Joe-Biden
2026-08-17 03:52:45,day,crypto,41,0x687349b551df31c4a330bbaf1519458cb521d9e5,2966.8310484142407,0.0,ihatedmyself
2026-08-17 03:52:45,day,crypto,42,0x1cd24cc49782240413903b4b7e7694779f917f85,2875.718331679993,0.0,bitterfish
2026-08-17 03:52:45,day,crypto,43,0xfab242aa69777dda9ab74b6a6aa878555f3feacd,2845.680646,0.0,Luxy - 6433
2026-08-17 03:52:45,day,crypto,44,0x7375ea40f0cbe71cf3fe1b280510ac2f2e3e572c,2758.4927720875003,0.0,ssasha920
2026-08-17 03:52:45,day,crypto,45,0xc4c81a4e8e39d374b12e27a0373f6e2ccb4f8618,2757.9446579999994,0.0,mhonkasalo
2026-08-17 03:52:45,day,crypto,46,0xa8845b7cf1cdc5d63a226d7db2be64feb8119d7d,2537.449412,0.0,mbharus - 38295
2026-08-17 03:52:45,day,crypto,47,0x0c689c8e78588fd3d02e56a6e787e7f9e9b09e76,2499.9999187400026,0.0,monkeyking42
2026-08-17 03:52:45,day,crypto,48,0xbb90ad2434c27716e987f6318df47285c6ddffbe,2473.6647920000005,0.0,AceBaby256
2026-08-17 03:52:45,day,crypto,49,0xae50d6935c736696a99c309a4dcabe1343b20354,2428.523338,0.0,dougiedigital - 11986
2026-08-17 03:52:45,day,crypto,50,0x2b71bc97507076a80bd0000cdb134e4fc3041359,2402.6987620001287,0.0,97507076a80bd0000cdb134e4fc304135
2026-08-17 03:52:45,day,crypto,51,0xcc500cbcc8b7cf5bd21975ebbea34f21b5644c82,2337.358109727502,4681.310453,justdance
2026-08-17 03:52:45,day,crypto,52,0xd6b6d5b462dd651ffdb2e54e61a951979de3793f,2269.0906749999995,2355.05,0xd6b6d5B462DD651Ffdb2e54E61a951979DE3793F-1757487710204
2026-08-17 03:52:45,day,crypto,53,0xb2d62e284ac9f13f09dcdd8accab61bfdd7af3bd,2076.737313,0.0,crystalfalls
2026-08-17 03:52:45,day,crypto,54,0x778f6b920f7b96b0a76b1711b495e429b932e2c3,2029.2884580009631,0.0,
2026-08-17 03:52:45,day,crypto,55,0x4b1301700756d0fac2f3dd7bd57a881c1bdcae64,2011.2397887463342,5278.683969000001,p-b
2026-08-17 03:52:45,day,crypto,56,0x0e11cc0b89fe06832d02892791211fa3a4611b07,2005.3815822269025,16742.163482,krakaza
2026-08-17 03:52:45,day,crypto,57,0x495b97dcdd8e3e4ae7788ca6a53156cd4907e3fc,1971.762811989096,0.0,uuuuu
2026-08-17 03:52:45,day,crypto,58,0xe60f07a844bd18448eb3b23818f94bec1589f4b4,1961.5615644999993,0.0,cryptoincome
2026-08-17 03:52:45,day,crypto,59,0x5a9fa918bca3e2c55d5615e891f543231fd70485,1922.566682,0.0,Alex - 28
2026-08-17 03:52:45,day,crypto,60,0xc0ffa24eb2bfaeaafe11b5c1143281f7c590136b,1851.330171762398,28049.789160999997,abacaxi
2026-08-17 03:52:45,day,crypto,61,0xe94bf89e66b852d60866667bddf7bff9dad65abe,1832.5276505959832,0.0,PhongLeXBT
2026-08-17 03:52:45,day,crypto,62,0x30af50d04b9c1ddef67ae39996f9607c0f14aa32,1816.1796949583552,0.0,
2026-08-17 03:52:45,day,crypto,63,0xa6a8aa0792dfb4d2aecd481ff6e926822c01a884,1796.6459240000002,0.0,Degens - 740
2026-08-17 03:52:45,day,crypto,64,0xee292607d48ecee93afc0fe9994fbe316f59c56d,1739.240313000002,0.0,How do I claim prizes?
2026-08-17 03:52:45,day,crypto,65,0xc94171dab78729079b3eb6e14ad33ea60ab80a0b,1723.5970946048967,0.0,shangtr0n - 7868
2026-08-17 03:52:45,day,crypto,66,0xf1bb700a67e3e8a45dc8160a92f4e0405f41bf09,1668.968057000001,0.0,aenews-915
2026-08-17 03:52:45,day,crypto,67,0x647683f0e175a692e63f9d6934498144805bdb34,1617.8293519999995,0.0,manofwax0824 - 7483
2026-08-17 03:52:45,day,crypto,68,0x909a3abd5ec12fcaaccbb71ea27ff1410dfa7cd0,1603.81072,0.0,........
2026-08-17 03:52:45,day,crypto,69,0x7b023e54b7e217d16784ec8faa71e5dae0221fdd,1590.3789958199995,0.0,shadyjdz
2026-08-17 03:52:45,day,crypto,70,0x51d8c16b487e3ef3bfa3daabf689fda2d26a2cab,1477.014933999999,0.0,
2026-08-17 03:52:45,day,crypto,71,0xd04b6780ca786e580c581344f358bd66951c1ee8,1442.0469290597975,32045.867172,0xd04b6780cA786E580c581344f358bD66951C1Ee8-1773900847276
2026-08-17 03:52:45,day,crypto,72,0x77cfb716811a03a83ced6ffcfc1d9b8281930e71,1410.940558101751,0.0,disko
2026-08-17 03:52:45,day,crypto,73,0xdbe73eaa9359dafe7d481297945c9636cc06fb86,1396.389825,0.0,mfiskeaux - 18826
2026-08-17 03:52:45,day,crypto,74,0xced4a8473c21e7f37114f22bb6d718b9f8025055,1377.4673354419974,0.0,Zukko111
2026-08-17 03:52:45,day,crypto,75,0x4c7cd5b1a6953fa3e14c6459092a8fd526440ec9,1361.1065363103276,7521.388361,YellowCrocodile
2026-08-17 03:52:45,day,crypto,76,0xe567b0d5c9c0a9468b970ebe12e799248d3c75a4,1350.248397,0.0,
2026-08-17 03:52:45,day,crypto,77,0xe339bba7fba043520d83516ce22add16beb6e01b,1341.3188845530015,0.0,12Alexander12
2026-08-17 03:52:45,day,crypto,78,0x814da9245a05f2d9db142357a80d13784e6da04f,1327.145716,0.0,
2026-08-17 03:52:45,day,crypto,79,0xaa1a4f31c010d4a63fc49770d4ca2d69ea370602,1309.4876990424054,86276.96427899999,hdueilqhsdn
2026-08-17 03:52:45,day,crypto,80,0xba5e052730edceb1258b1ca575f824eb975c6598,1284.276551,0.0,signme
2026-08-17 03:52:45,day,crypto,81,0x66ad4221d66358ab9867f6d8cae73ede08e5cc4e,1274.9296632700007,2000.0,Marioy
2026-08-17 03:52:45,day,crypto,82,0xf705fa045201391d9632b7f3cde06a5e24453ca7,1259.2899679227266,5376.202221,
2026-08-17 03:52:45,day,crypto,83,0xb895566d5d5e43d55caa4272031019dbef8cb4f9,1238.1921982900021,0.0,Camelcc
2026-08-17 03:52:45,day,crypto,84,0xb8128d057e3b64d422af55e2f41b2c8cf832be01,1234.020243,0.0,UGLY-domer-HAHAHA
2026-08-17 03:52:45,day,crypto,85,0x0c0e270cf879583d6a0142fc817e05b768d0434e,1226.5365230000461,0.0,The Spirit of Ukraine>UMA
2026-08-17 03:52:45,day,crypto,86,0x48ac40fc545cf327edd5365435c3a9f385614a7e,1206.0071279107942,57532.974826000005,BoneOhio
2026-08-17 03:52:45,day,crypto,87,0x962c3a66dd4ce862da1d3b5f83e8620652fef969,1198.9465649999997,0.0,baseline
2026-08-17 03:52:45,day,crypto,88,0x5115160eb59eb7f82e0af3f0c9f0d340ad8fe1a2,1179.15973,0.0,
2026-08-17 03:52:45,day,crypto,89,0x9ef50bd7587439596618209f0dc03786be16fa41,1168.654101174584,7185.96206,hdueilqsdn
2026-08-17 03:52:45,day,crypto,90,0x9e3ed7b661a903fc97afcf49e0f014ebe869f882,1156.8527647241426,20496.947216999997,0x9e3ed7b661a903fc97afcf49e0f014ebe869f882-1783406009396
2026-08-17 03:52:45,day,crypto,91,0x80265d2042b57193d645af089d215f5d7a5311f0,1154.577019,0.0,
2026-08-17 03:52:45,day,crypto,92,0x376441d19f56d43629d3872324dc2e648e13c5eb,1146.8603359999993,0.0,m3t64 - 815
2026-08-17 03:52:45,day,crypto,93,0xf78a94a5e8df10bd9f1307dde3337c6970476537,1126.682719,0.0,kkatanchi - 13112
2026-08-17 03:52:45,day,crypto,94,0x69cd9827ce7eb000837c27a60197191dda8e2400,1125.273625,0.0,1423
2026-08-17 03:52:45,day,crypto,95,0xa48ee028dee3e4c691381a9bae7f16e710cd7154,1124.5784736259684,0.0,dirmity - 1256
2026-08-17 03:52:45,day,crypto,96,0x6db983ff1cbc85249e64e6ccd101aaa613ba4ab5,1122.1172865599874,0.0,tsihkodiives
2026-08-17 03:52:45,day,crypto,97,0x935f1d59317acc6b72240ae659b46345e123aea6,1097.359049,0.0,jquintanan - 19993
2026-08-17 03:52:45,day,crypto,98,0x31393e2f8333d4a6e2e31ca6424defe8b6cb9e2e,1093.4382589222805,24542.291306000006,hot-garbage
2026-08-17 03:52:45,day,crypto,99,0x3048d65321be3497164cdfc2996f94f98a2e7537,1046.3543748764787,41567.62229300001,x-MoneyForWhiskas
2026-08-17 03:52:45,day,crypto,100,0x74957ea27ac4fbdee46d861fdae357859ff67fcf,1031.4370317724952,1815.1855,LornaPredicts
2026-08-17 03:52:45,day,finance,1,0xe734e7bf7cfb9e464681f71822f6c2f6be514f0c,9647.687318458571,59277.819991,boyau
2026-08-17 03:52:45,day,finance,2,0xffbbf885454e6930e54b720ad5224175b8ae36e9,7581.586146197013,0.0,0xffBbF885454E6930e54b720ad5224175b8AE36e9-1720913580384
2026-08-17 03:52:45,day,finance,3,0x74471a007ddcc488f6d57b5e86dfb35a8d48a16d,4158.746487548997,5000.0,tetrose
2026-08-17 03:52:45,day,finance,4,0x03805a13a0b3e058f55f6c6af95389d4f431073d,3985.5816930397414,3675.494476,donthackme
2026-08-17 03:52:45,day,finance,5,0x5a218c7ad04135830a45c41aaed7294df7809318,2972.2446849063563,1621.8825470000002,balthazar
2026-08-17 03:52:45,day,finance,6,0x903221b1098263779ae19486028c844e8c338717,2289.4692373684484,67.77000000000001,0x903221b1
2026-08-17 03:52:45,day,finance,7,0x40604cb1f958c03bea0b18aa43e4cb0d62f33ec3,1994.0354027651483,0.0,C03B
2026-08-17 03:52:45,day,finance,8,0xf3ad8f80006d90a5ba90112a675d13bffd740724,1324.5105486585003,0.0,
2026-08-17 03:52:45,day,finance,9,0x25db6ca5935ae858a5c1f2dcd5c62939805328de,1224.480743164002,18.0,0x25db6cA5935ae858A5c1F2dCD5c62939805328dE-1770665598557
2026-08-17 03:52:45,day,finance,10,0x0143de84c92b9cdfcb5edb594db991d07f2f239a,1062.6102056340005,0.0,
2026-08-17 03:52:45,day,finance,11,0xeed8c2be411025120fb511ea2332dd0a1f6135f0,1026.575684696428,2035.0,WarriorH
2026-08-17 03:52:45,day,finance,12,0x5f45b60c29d6e4d55c0bfd8ddd39ad45c5e0a77a,1025.6177807480053,0.0,0x5F45b60C29d6e4D55c0bFd8dDD39ad45C5e0a77A-1761473032186
2026-08-17 03:52:45,day,finance,13,0xe97482c7e5df01af3e1c407969f0c2ede0d1f815,999.9995195499996,0.0,0xe97482c7e5df01AF3E1c407969f0C2edE0d1f815-1783306263036
2026-08-17 03:52:45,day,finance,14,0x9afda7ae5c6afadcb500ce0274312e0fe7ba574b,952.9507004199986,15187.230000000001,UnreasonableAwareness
2026-08-17 03:52:45,day,finance,15,0x6ffdf781b9fabc368137c1d835644f12b9a6a637,946.2088446214948,0.0,ng6000
2026-08-17 03:52:45,day,finance,16,0xed71335ec71385e5b7553aa180dd68fbb379d7ce,607.3081000000002,0.0,6F456F7474666A7479
2026-08-17 03:52:45,day,finance,17,0xeb22f4735df6bd5d14e1b5fd10faefa7757d808a,569.8707546255009,0.0,BigRabbit
2026-08-17 03:52:45,day,finance,18,0x9f208e85f326f865077fffa68b32d8b0e2bc12c3,563.0835973390003,225.0,mildwindow27
2026-08-17 03:52:45,day,finance,19,0xe91171f655be1568e4c63f29663c0028649e3d4e,552.65834954,961.02,0xE91171f655bE1568e4c63f29663c0028649e3d4e-1765651946286
2026-08-17 03:52:45,day,finance,20,0x80a0da00fbdc8440b0ef601341f14c3e24795708,534.1236450050001,0.0,de5nuts
2026-08-17 03:52:45,day,finance,21,0x090af6fd2aeb04202abc97370aa86c1b81d90fa6,479.7420189057302,480.0,VictorLudorum
2026-08-17 03:52:45,day,finance,22,0xac4a1fabdac2438d6afa2a9e8e83845310a0bf1e,423.2957223618723,2341.960528,HerrieDavis
2026-08-17 03:52:45,day,finance,23,0x1abc2b469b5ded495d6c8b21fc79dcb8d8f345e7,411.11841825999863,57.31,0x1aBc2b469b5dED495d6C8B21Fc79dcb8d8f345E7-1778811281023
2026-08-17 03:52:45,day,finance,24,0x6d4a4c199661d482c392be32efc76cf32416f05f,406.16987825000024,0.0,bobothehobo
2026-08-17 03:52:45,day,finance,25,0xc5187cb669690150643ba2f9aac6b7d98d212594,402.7968663374777,300.14525999999995,mustbethewater
2026-08-17 03:52:45,day,finance,26,0x5a7b3328e8756579bfd364ba92c5c589c7bae9eb,391.89790513000116,0.0,notssf3
2026-08-17 03:52:45,day,finance,27,0xa19cbababc312f9df185e49d7004c249ed1ade6b,356.70124323999994,0.0,Tokor
2026-08-17 03:52:45,day,finance,28,0x1018fa33923d8b0f4b0f8a0822ee045d46027264,352.99286205950193,0.0,EgoVolae
2026-08-17 03:52:45,day,finance,29,0xc401fdf872a9c93e06a9b332987a887f1d698b2c,349.0615512700001,0.0,oceanmist79
2026-08-17 03:52:45,day,finance,30,0xe392d6cc6a012f306cef646f79114eb6f351c023,343.26151106999987,0.0,ssddssd
2026-08-17 03:52:45,day,finance,31,0x403f2471f8aaa1e8a224f1338b073bfa3fdb94f1,319.0620983413064,5540.6549749999995,PippiTrader
2026-08-17 03:52:45,day,finance,32,0x72aed28ac902f95a800cf2befce485fd789c9b0a,262.2124963935004,0.0,navtradez
2026-08-17 03:52:45,day,finance,33,0x4f1d5ae26fc31472966e951af3183308736d8de2,262.07564450698555,97.95,e46m3
2026-08-17 03:52:45,day,finance,34,0xdd154a4731ba5919f49b173a6cd4418a759d6d82,241.73864304999915,0.0,fawfafwafafwa
2026-08-17 03:52:45,day,finance,35,0x08e7bb819c3b8e9aaaadc97e8144f5aa6d48aa79,235.20026884999993,0.0,tigerchen
2026-08-17 03:52:45,day,finance,36,0xb37aa8834f9baefc6fb3312f59df8ddf0348f1b1,227.3543045399997,3511.86,Raskell
2026-08-17 03:52:45,day,finance,37,0x21f701a6d8febfd948f899114f2b9d9a8ef7e19f,218.79326365999805,0.0,0x21F701A6d8febFd948F899114f2B9D9a8ef7e19F-1760280914378
2026-08-17 03:52:45,day,finance,38,0x06ac70013cd0c7992ec830ad5df9f7f66d5b79ec,209.04484810899885,0.0,eastpak
2026-08-17 03:52:45,day,finance,39,0xf8f51be8e6a748fbb63d308f4b588b8754743766,204.0751599819996,0.0,Cyphercapital
2026-08-17 03:52:45,day,finance,40,0x8251d7c1ca289bc0d993b4f6eae36785472e879d,204.00644557850137,0.0,0x8251D7c1CA289BC0D993B4F6eAe36785472E879D-1777748373551
2026-08-17 03:52:45,day,finance,41,0xbf93328f8b69273453228a82c913207731822fd7,194.39637500001118,0.0,hell0pia
2026-08-17 03:52:45,day,finance,42,0xb90588ce64ad8792019cc494ea815e59b5071640,188.80449999999655,0.0,BigDataEnergy
2026-08-17 03:52:45,day,finance,43,0x57c02fb1189621fe9c0dbd97c7066920eeb260c5,180.74152510000022,0.0,0xhanxyz
2026-08-17 03:52:45,day,finance,44,0x01f61d388f78aeb1096192828009b8860883a073,177.39246826,0.0,kneww1
2026-08-17 03:52:45,day,finance,45,0x9b06708f82009f5ad2648d6cdc29c45d365b0b42,174.45656079650144,0.0,cassino
2026-08-17 03:52:45,day,finance,46,0x15433540ca3794108e602bfd353189519af8baaf,169.16200348800112,0.0,DualDelta
2026-08-17 03:52:45,day,finance,47,0x08c897e4780c299061fe683120e5bb18cf931da2,169.02078362400061,0.0,Folletin
2026-08-17 03:52:45,day,finance,48,0x72a0d79b4325638bc2bcfc9a2b8a380c2d81c059,166.36903250141768,7450.5421129999995,0x898ca742482eab3A4a015DA6928f8edC9BF3DA39-1782562025853
2026-08-17 03:52:45,day,finance,49,0x5b6331e7ff0831a3fe2ed12004747db1a9c911a4,165.97924660200442,0.0,neutralwave23
2026-08-17 03:52:45,day,finance,50,0x9c3a3169cefdfd23469558b7cc5c5f32cc83f5db,162.72553209000012,0.0,Mll-p
2026-08-17 03:52:45,day,finance,51,0x76dbc01caffa54d0010368ff8d3226d8017f6987,161.6928180999999,1744.07,gambler925
2026-08-17 03:52:45,day,finance,52,0x6af72a7d6ca36735fbbbd54feb991b2055e25a6f,159.921877924,0.0,chillballer
2026-08-17 03:52:45,day,finance,53,0xc961dc05fc00fe86a8d7be9b79a78b62e678db04,155.275116305,123.996791,
2026-08-17 03:52:45,day,finance,54,0xc6f81bf3fa13529b978ca0b9b1ad7faf265d8efb,149.99866644999975,0.0,
2026-08-17 03:52:45,day,finance,55,0xbace5a5a9e309d69164dc81788d353fed8d43429,149.258660889991,0.0,ThanksGivingTurkey1001
2026-08-17 03:52:45,day,finance,56,0xc7d02944a76b9f83b199e9090ecc92c82d241f8a,144.44683573504153,435.127638,0xc7D02944A76B9F83B199e9090ECC92C82d241F8a-1776944395495
2026-08-17 03:52:45,day,finance,57,0x3eedf40fc4b73cf145b6e5e35d7c6ca645e4cb2a,141.4699496999997,0.0,RewardsMafia
2026-08-17 03:52:45,day,finance,58,0xfc2f4f50ce2f6045d35558a5e2d8d4b2ac6610c7,135.18092321799486,0.0,0xFc2F4f50ce2F6045d35558A5E2D8d4b2aC6610c7-1769097007451
2026-08-17 03:52:45,day,finance,59,0x6992d56559dd30b5b5d0f5ca3d5427f9e94e6c1d,134.74117148399773,0.0,0x6992D56559Dd30b5B5D0F5cA3D5427F9e94e6c1d-1760272837095
2026-08-17 03:52:45,day,finance,60,0x97cf8743ddf387db269a76941b6af1d26974c6eb,133.82099578999987,0.0,0x97CF8743dDF387dB269A76941B6aF1d26974c6eb-1769747285159
2026-08-17 03:52:45,day,finance,61,0x02981ea7473e0a7ef143b5144f004165284c5cdc,133.7285932499999,0.0,bimbumbap22
2026-08-17 03:52:45,day,finance,62,0x376441d19f56d43629d3872324dc2e648e13c5eb,132.28928180698858,0.0,m3t64 - 815
2026-08-17 03:52:45,day,finance,63,0xa2cd4ccda9a1f95949df7a3355c4c2daa0642ba0,130.5888,0.0,0xA2cd4CcdA9A1f95949DF7A3355C4c2DAa0642Ba0-1729178570395
2026-08-17 03:52:45,day,finance,64,0xa9aca75fb5d8f04c2ec9eeb0eb0c30d2e526c5d1,129.6411391150018,84.78907600000001,suraxy
2026-08-17 03:52:45,day,finance,65,0xe95e726d0ca927874f3998d815bfec51d19261f2,128.80741302899787,0.0,mewmew1
2026-08-17 03:52:45,day,finance,66,0xdc9e0ee3d430b799b3f929505f23e25fa1a0ba88,126.90959999999905,0.0,Dr.Damnboy
2026-08-17 03:52:45,day,finance,67,0x477a7d28ed844984088129207c0afcb2459e2d8e,122.7636085600011,0.0,Skip-instructs-send-all-funds-to-this-acc
2026-08-17 03:52:45,day,finance,68,0xa32f9fae38ced8b5ef4c2710a7e1fb6e3d3f28bc,122.73856362499987,0.0,BTRSPORTS
2026-08-17 03:52:45,day,finance,69,0x5f210fcfa15b2de9805637179981278dfb16805e,121.5,0.0,Yoon1
2026-08-17 03:52:45,day,finance,70,0xa4bc3bbdac29e51c0c4f8485cd15e36d7478026c,120.28760461999946,0.0,IbnKhaldun
2026-08-17 03:52:45,day,finance,71,0x2b670a311561dcaf741d8155451774d3fa7fb814,117.68072005927024,697.402984,0x2b670A311561DcAF741D8155451774D3Fa7fb814-1778467735876
2026-08-17 03:52:45,day,finance,72,0x654716c3f1d98e152365627538f3e60668d082b3,117.65077544999986,0.0,CityJay
2026-08-17 03:52:45,day,finance,73,0x9592adb70397e9de67ba9abe6971e3f50fb7a7b8,117.61099530299953,0.0,meagainsttheworld
2026-08-17 03:52:45,day,finance,74,0xa53ba9d683f68602ccd767512d5c862a43824021,117.45831663924218,378.0,Vagabund97
2026-08-17 03:52:45,day,finance,75,0xf5c49ad254b1d53ea0b86fb285dd3f11dc800926,115.84950000000003,0.0,0xdamocles
2026-08-17 03:52:45,day,finance,76,0xa61ef8773ec2e821962306ca87d4b57e39ff0abd,111.4998158500016,0.0,risk-manager
2026-08-17 03:52:45,day,finance,77,0xd2b86da404bc36bab60777a18e2e4f7197a88cf5,110.77011319050143,0.0,0xd2b86DA404Bc36Bab60777a18E2e4f7197A88cF5-1770730193385
2026-08-17 03:52:45,day,finance,78,0xa08208e295488328eefa9ed658887dde202a92cb,109.05434775000003,0.0,0xA08208E295488328EeFa9eD658887DdE202a92cb-1782353496272
2026-08-17 03:52:45,day,finance,79,0x244ba241484b6af2ad4cfee3c3a77885c82ed87f,108.68079527999907,0.0,0x244Ba241484B6AF2AD4Cfee3C3A77885C82eD87f-1739990656649
2026-08-17 03:52:45,day,finance,80,0xfd1c01b6e76cfe06f934bef5b5db52ea4c792746,107.94798169999967,0.0,arturfml131
2026-08-17 03:52:45,day,finance,81,0xa85c11c7586a146e4ac916f626945cbdbf27a55e,104.68477080000002,0.0,0x01BEa269191a407aEc1A8B554221F176139d19Fc-1768019792552
2026-08-17 03:52:45,day,finance,82,0x96f91943667762bbce634653e01e1a4745611d08,103.95768567999949,0.0,PoppingChairman
2026-08-17 03:52:45,day,finance,83,0x5cd5c8d7a17c78d7389d8b87b611aed83322ac33,103.68199572399863,5.0,nonkenny90
2026-08-17 03:52:45,day,finance,84,0x832bbb891caf3a24c7d1915d9f6369c4949b5c91,102.74337676750065,0.0,yoyobb2018
2026-08-17 03:52:45,day,finance,85,0xbef5ab169458cb47c5d233e067dff4447fad1c5a,99.99393464999991,0.0,StoneMarble
2026-08-17 03:52:45,day,finance,86,0xeda518d215efc368c02bf10532ce24fcab02e16d,98.32888407050086,33.96,PK2H
2026-08-17 03:52:45,day,finance,87,0x1e109e389fb9cc1fc37360ab796b42c12d4bbeee,98.24548200000027,1568.9156999999998,ConfusedUngaBunga
2026-08-17 03:52:45,day,finance,88,0x88e50e592d50d07bbf9738015f6f05a3ce8a66b2,97.49966986499999,0.0,fritzphantom123
2026-08-17 03:52:45,day,finance,89,0x5652090d21c85a9d1ca5b6a41fe07f3099fb00c9,95.72023386500041,0.0,AlphaBetaGamma2357
2026-08-17 03:52:45,day,finance,90,0x67d657e52db60591b27b411f0ed1dbde811c245e,95.21645752000052,0.0,milfhunterXD
2026-08-17 03:52:45,day,finance,91,0xe8c4d68aff65b38cac46987b9b65e01eb47d395d,91.99494375000131,0.0,JAMJAMJAM4
2026-08-17 03:52:45,day,finance,92,0xe7bd61ac59883bd4abda5c63865430452ecfebce,91.45524672499869,0.0,Gleaming-Pear
2026-08-17 03:52:45,day,finance,93,0xed7b5823a08f1fe610e7b97ca22af74125055cbe,87.81731288500009,0.0,Joy-bing
2026-08-17 03:52:45,day,finance,94,0x33c1ea839e61ec9920dced96973cf5e24664e8b3,87.22117645999981,0.0,0x33c1eA839E61ec9920dCed96973cf5e24664e8B3-1770205722882
2026-08-17 03:52:45,day,finance,95,0x5efe3c04dbc8e0f63260d3984db311128ceb5f55,86.61603343,0.0,ammarb
2026-08-17 03:52:45,day,finance,96,0x0362bb926368b144e0ff98f6828a251e4cb6449e,84.79451755499531,123.0,varch01
2026-08-17 03:52:45,day,finance,97,0x13d6345d463242cf90c4aa5b76deebdd92e05cc7,83.97293992200002,0.0,0x13d6345D463242CF90C4AA5B76DEEBdd92e05cc7-1762783615676
2026-08-17 03:52:45,day,finance,98,0x799435e6f356fe77446a783093db4560bf16c512,82.47039127249536,0.0,Tsarh
2026-08-17 03:52:45,day,finance,99,0xa5568c648cac83d34d7c471ae964c75cdafc5c0e,82.1898556300007,1062.5,ricci233
2026-08-17 03:52:45,day,finance,100,0x5c6e54a0657d0159b993d17470c749dec1bb0617,82.18755189999956,0.0,0x5C6e54A0657D0159B993D17470C749DeC1bB0617-1764742279431
2026-08-17 03:52:45,day,culture,1,0xecaa8806a9a05049d7d5260a33dc924220e377a9,1804.6050491749775,10.0,Melody626
2026-08-17 03:52:45,day,culture,2,0x8565b21d736741147592264d75cc26ccf2040c43,1360.0333350000074,0.0,dddtrips
2026-08-17 03:52:45,day,culture,3,0x215adbb63b47d0ca92f849fe2c2dc1adb0f6254c,583.6807005320188,0.0,BikesAreTheBikes
2026-08-17 03:52:45,day,culture,4,0xac4a1fabdac2438d6afa2a9e8e83845310a0bf1e,556.3349118779888,1623.527316,HerrieDavis
2026-08-17 03:52:45,day,culture,5,0x2a3e9601357f2281f9edabb6661ec822027c5190,553.9993605454997,0.0,miaoa1
2026-08-17 03:52:45,day,culture,6,0xc78bd4be80c847996f56ddb5834f0c2e4f382ca5,538.2825770555023,0.0,Vincent44230
2026-08-17 03:52:45,day,culture,7,0xaca23974e2b8131efbafaa1fe03ea9595ea0b9a1,506.97266504001163,0.0,ellio8989
2026-08-17 03:52:45,day,culture,8,0xa301194d749fbd046a1906bab41a981fcc86bcbd,420.8865079384995,2126.58,ppwins
2026-08-17 03:52:45,day,culture,9,0x89e0552b897baa5486a45ff257a39858a79a9412,408.4694524129991,18.98,Ross1212
2026-08-17 03:52:45,day,culture,10,0xbbdcefe91e01e982c7b8532da6128f6ed7445d81,390.0327214999793,0.0,Angeredbees
2026-08-17 03:52:45,day,culture,11,0x7e5972bfc25819775ee5a9d4f191919375487b8b,365.79467518906677,244.94,Gaditima
2026-08-17 03:52:45,day,culture,12,0x564f22744b7941ade18d5e0e4f347c30e3057026,360.7151611149966,2136.4300000000003,molodoyy
2026-08-17 03:52:45,day,culture,13,0x54096e86cac2d70d04fd98ee16f633c7e9d479db,336.93449193000106,0.0,Boss7
2026-08-17 03:52:45,day,culture,14,0x1f9e15f39bbd5d163b0eacf0fbef647ced9e4f1a,331.96035157200095,2532.21,bcelysiys
2026-08-17 03:52:45,day,culture,15,0x5d2f49295387e01a49f0a3e59449ceed791c4adb,323.7527022149998,96.05,MikeMoore
2026-08-17 03:52:45,day,culture,16,0x1740369c1f8b9df534cf1e3ffbef55dadbd8d7c0,321.79999999999836,0.0,huixue
2026-08-17 03:52:45,day,culture,17,0x99518fa0d201e7542ea2b852809da5a5c8d811bd,312.31746071849557,0.0,imnice
2026-08-17 03:52:45,day,culture,18,0x114aa2a5a68a70387ba041faca00b937ca98f1d1,302.18768721000015,811.2133560000001,Topman1031
2026-08-17 03:52:45,day,culture,19,0x750545482cf883fcd5e7f7ad8e14d3f61a322978,301.2140064220912,1544.3313,Jackybrown
2026-08-17 03:52:45,day,culture,20,0xf2de77a9245a217fa4f08cd5427cd9e840f9e4bd,298.3354494750002,0.0,regergergerrg
2026-08-17 03:52:45,day,culture,21,0x30fb41b5a08fff5d3dd983f6323e3343931a7db4,261.2143907834634,972.0284350000001,tradetosurvive1
2026-08-17 03:52:45,day,culture,22,0x0086cb69cb8540e5561ba1968718e3b305631b8c,254.36579966000045,0.0,manuelarias
2026-08-17 03:52:45,day,culture,23,0xdaad6f960d507dba148c1ff908db5a28743169cc,247.57904159999453,0.0,junkbonds
2026-08-17 03:52:45,day,culture,24,0xc4d5a24a240ec9f52669e3251e0473fd0c5687cf,246.65491499428754,12538.587202,bipbipbop
2026-08-17 03:52:45,day,culture,25,0xd7ddce2e8a6cafa2606d960e1b12ec07bd226a2c,240.98937073200022,0.0,dingdangcat
2026-08-17 03:52:45,day,culture,26,0x4be6b649c01041dac0382b76fe0d3fae9179dc20,239.61019314000004,0.0,htr3gtrhg
2026-08-17 03:52:45,day,culture,27,0xf02105d60083d7d74d7e0f9785d79e06137cdf56,239.26960818098814,0.0,MollyParkets
2026-08-17 03:52:45,day,culture,28,0x5a218c7ad04135830a45c41aaed7294df7809318,238.73334156983037,4521.840645,balthazar
2026-08-17 03:52:45,day,culture,29,0xebf6967890f409db1d8172ae52ad22e5d997a960,237.23695899999143,2002.0,Icannotwin
2026-08-17 03:52:45,day,culture,30,0x881a81096dda123af2dac99cd28a408e245bcccc,236.60709408000002,0.0,Danielx866
2026-08-17 03:52:45,day,culture,31,0x122cb94c437ea5e6f088c6c0c143c592ab8efbed,223.86350427000252,5686.3,0x122Cb94C437EA5e6f088c6c0C143c592ab8EFBed-1782168978900
2026-08-17 03:52:45,day,culture,32,0x9996c6ae4f6d38000a02dc4f324827131748bda1,199.89363261649987,0.0,
2026-08-17 03:52:45,day,culture,33,0x9f208e85f326f865077fffa68b32d8b0e2bc12c3,194.40454601548026,1459.47,mildwindow27
2026-08-17 03:52:45,day,culture,34,0xeba4f0b5eea60bfe6df14e2297e58d8c152a69fb,187.56938999999966,0.0,Lukasburner
2026-08-17 03:52:45,day,culture,35,0x49b60d2cda22653ddc8b6ef21bad6d012a7f170c,187.48430298532912,5846.65,pkz
2026-08-17 03:52:45,day,culture,36,0xc3cf86ccbb1659b4cd413ba4fb4e6c4ce40c51d2,185.0925899161807,1228.819091,amy888
2026-08-17 03:52:45,day,culture,37,0xaee70f0835f8d20e617e41bfe49d55d4a75837fe,175.58498308111666,2514.84,Mr-Lucker
2026-08-17 03:52:45,day,culture,38,0xfa02fe2e4b2fcb79314ef6d045c617a16ce5f3d3,173.3904342249998,0.0,no.33
2026-08-17 03:52:45,day,culture,39,0x7d3f7fa7142ae3036ce89cc8e6249db0f43cfec2,162.5,0.0,Hud1nis
2026-08-17 03:52:45,day,culture,40,0x432775d56b19df02f018376026f0670efe4e253b,154.22460996500004,0.0,grokel
2026-08-17 03:52:45,day,culture,41,0x7e35a2a8cfd1eb1e69dacd043206db5a787f1a6c,154.22458208549506,0.0,buoys
2026-08-17 03:52:45,day,culture,42,0x65abaac57a7095d7f88b073a26b5f8f2f4cb273d,147.5995844999976,50.0,Konium
2026-08-17 03:52:45,day,culture,43,0x84eeecd1b7e901ca0f3c36842f9f7a44301564b4,147.122074,0.0,BERICHING
2026-08-17 03:52:45,day,culture,44,0xc011d9f4a8a81b7f9cf6b0c846d769dc19fe0a62,146.13899328000025,0.0,LOL525
2026-08-17 03:52:45,day,culture,45,0xe40aaa5ce1dac0b7dc24c9d0284f27e17c3fe4a2,145.3352797483476,6350.931904999999,Mysaria
2026-08-17 03:52:45,day,culture,46,0xfae264c49df08f188c5fb9fddefb4585ca73c12f,144.43157499999916,0.0,FireMage31
2026-08-17 03:52:45,day,culture,47,0x72c3112c460638aae715d4f181e4bddb817262e4,136.64999999999998,0.0,QuantQuark887
2026-08-17 03:52:45,day,culture,48,0x6435933d924e35f2f242db670d3697eba3e1cbc8,129.55026053400002,0.0,Mr.Polaki
2026-08-17 03:52:45,day,culture,49,0xc684828f6b03487759ced2ebdd975f91f3532228,127.80519678898008,1506.4200000000003,oliman2
2026-08-17 03:52:45,day,culture,50,0xca24ed40e655a622ef29352e8c3850c1829a686b,124.48832674949998,0.0,AlphaOracle001
2026-08-17 03:52:45,day,culture,51,0xfb2b54396432a92b1d6a8df8155db6a64a1ccadf,124.18586307500544,0.0,Oboltusova
2026-08-17 03:52:45,day,culture,52,0x06305bcabebb84179177ae9b7b367abd4ce93fcd,124.04060562649988,0.0,YieldYoda
2026-08-17 03:52:45,day,culture,53,0x860d81da0e4f6ddfc9635b6c6b26316505a26071,119.73439181649792,738.8599999999999,Bunter.Hiden
2026-08-17 03:52:45,day,culture,54,0xb8c5a6780836acd1dcc6ec354e18a39aa3e7dd45,117.09782729999935,145.11,daybridge
2026-08-17 03:52:45,day,culture,55,0x1ecc91dbd13963efbaa305262a23164c68eb53a9,115.95129951600165,721.0799999999999,20YrsOfBoredom
2026-08-17 03:52:45,day,culture,56,0x6977cb7ac73a5f5b005e5c71d395728a365e936f,115.18233678999991,0.0,MoonMissionary
2026-08-17 03:52:45,day,culture,57,0x2a16e270f36f5b00dd11467df36e1c3121ae6f38,113.92353500000004,0.0,TheSwingState
2026-08-17 03:52:45,day,culture,58,0x02800084d51705f2661d75e54a4dab8edb11da32,112.57279999999992,0.0,YogiKimochi
2026-08-17 03:52:45,day,culture,59,0x18a0e748f547787c49b36345132971a89e21dea8,109.31133388673061,577.59707,oxhrvnqpslitnzajurflmxkduvbnweu
2026-08-17 03:52:45,day,culture,60,0x87650b9f63563f7c456d9bbcceee5f9faf06ed81,107.243161507276,300.920713,2B9S
2026-08-17 03:52:45,day,culture,61,0x49b07c975ea9100333448388e84d31ed894eefd5,105.22981034500026,0.0,jjams
2026-08-17 03:52:45,day,culture,62,0x4f1d5ae26fc31472966e951af3183308736d8de2,104.84062358956089,160.6,e46m3
2026-08-17 03:52:45,day,culture,63,0xe7c035ee5136d6c213160a6f760392e2eb1ed656,104.47203885200815,1004.5699999999999,0xe7C035eE5136D6c213160a6F760392e2Eb1eD656-1767789082519
2026-08-17 03:52:45,day,culture,64,0x4586ac80bf86311dd81a7d03e690152c5476158c,103.32452122349991,0.0,itachigod
2026-08-17 03:52:45,day,culture,65,0xeb68675c06e0bb9f08ba510550912d77289ce362,99.9807774208557,772.7099999999998,0xeB68675C06E0bB9F08ba510550912d77289Ce362-1778811892036
2026-08-17 03:52:45,day,culture,66,0x1bc01990660b3cca2c86d128ff5af2a868a76bb7,99.25500000000011,0.0,BullishBet
2026-08-17 03:52:45,day,culture,67,0x2c665ac0ce73130358ec917fe987325de3ba01d9,96.87972500000001,0.0,MaxPayout
2026-08-17 03:52:45,day,culture,68,0x2594371add18b3ec1918493e7b061ff9dcdabacd,95.10000000000014,0.0,BlackSwanEdge244
2026-08-17 03:52:45,day,culture,69,0xe35da822997dd3aeb1d7304d0d807c63d9110de2,95.10000000000005,0.0,Geopolitician008
2026-08-17 03:52:45,day,culture,70,0x0de64db2ebe159257b523c5525f8d04a045e9933,95.10000000000002,0.0,OddsOptimizer099
2026-08-17 03:52:45,day,culture,70,0x2ef9ca7f78f9427aff19cd56fc1ed7c8b64ed9b1,95.10000000000002,0.0,PollWatcher
2026-08-17 03:52:45,day,culture,70,0xcefe4776ad35a78b3e504358887c7823aec9895d,95.10000000000002,0.0,HedgeHero888
2026-08-17 03:52:45,day,culture,73,0x220c66bb01c867ac803ed15c3e94333416ee8853,95.09999999999991,0.0,DataDrivenDon
2026-08-17 03:52:45,day,culture,74,0xc86eef6954a9d8beecaa5099ec1ede338bb15632,95.09965720999969,0.0,BayesianBet888
2026-08-17 03:52:45,day,culture,75,0x6d7416717c259b2cccc04dc4dfc62cda714cfb6c,95.09815296400006,0.0,SignalNotNoise001
2026-08-17 03:52:45,day,culture,76,0xb0c85813a7a4428f1139ff91d3118a92c391fe7f,92.63601738875877,948.8647040000001,starbucks2....--
2026-08-17 03:52:45,day,culture,77,0x45e1535c178dcafb136aec8b7058f2129b695934,92.09186920077627,142.39000000000001,dex53
2026-08-17 03:52:45,day,culture,78,0xc757850237e266d3b08d16b8455777a88590ccfc,90.2881499999985,10000.0,tianjiyuyunzhilu
2026-08-17 03:52:45,day,culture,79,0xc94a930deecbee8d1b68ff966456e640b6633975,88.67918311000096,903.15,jz285
2026-08-17 03:52:45,day,culture,80,0xb7e4856866162ec14f37a828cd5d00deb181b67b,87.0669999999999,0.0,ExpectedValue098
2026-08-17 03:52:45,day,culture,81,0x5822b9376e50d576ef85e62be0f53434816f8774,86.49902100999952,147.15,dex52
2026-08-17 03:52:45,day,culture,82,0x98f76e56dba215091223a70420707071b5f8e2a4,86.09551904400018,0.0,BagSecurer
2026-08-17 03:52:45,day,culture,83,0xa18166afa109f6013edb74ce02b0798970daece8,83.07561067599954,0.0,Sagand
2026-08-17 03:52:45,day,culture,84,0x7863cda3afcb0df325ef0067864ac57d821effdd,79.74105374599996,0.0,0x7863CdA3AFcB0df325ef0067864AC57D821EFFdD-1784794947851
2026-08-17 03:52:45,day,culture,85,0xd9fe6f0f41ca99fefa93c55d8890000e5a84db0d,79.51067617068088,851.002453,ghorrock
2026-08-17 03:52:45,day,culture,86,0xb77f229980eb7353806245c4ad68061da7558b69,78.94499999999994,0.0,WhaleWatcher567
2026-08-17 03:52:45,day,culture,87,0xad89f899f1524533adfd1e6a07da692fcd92f6e1,78.14340397498017,0.0,Do-Not-Redeem
2026-08-17 03:52:45,day,culture,88,0x79a8bd8353736962d5031a489451781317701bef,77.99400000000014,0.0,akbhaimau
2026-08-17 03:52:45,day,culture,89,0x93fd1445c1d5307ebad91c43f3802a3e7ab77e2f,77.3781103700021,1633.3400000000001,Kamenshyk22
2026-08-17 03:52:45,day,culture,90,0x9034d7be0aff3819327a8927905e8f174e8c4375,77.34089731499989,268.59665,Papuasus
2026-08-17 03:52:45,day,culture,91,0x5652090d21c85a9d1ca5b6a41fe07f3099fb00c9,75.84600000000046,0.0,AlphaBetaGamma2357
2026-08-17 03:52:45,day,culture,92,0x4388640a35b4ecebc33f8c73b58a2b988c615050,73.07838437739747,158.899823,Started-with-20-USD
2026-08-17 03:52:45,day,culture,93,0x7072911fc4967d2c0d1839163d3f20856715e65c,73.04568489799976,0.0,Tommy2toes741
2026-08-17 03:52:45,day,culture,94,0xfa7e25c8df8d4f36e5a87731ba2b91540046f37e,72.27835866450005,0.0,jwd103103
2026-08-17 03:52:45,day,culture,95,0xcb14f61711d913773f4b982af340fa7eae175358,71.95374332751089,0.0,ooops
2026-08-17 03:52:45,day,culture,96,0xc2ca690de86f153bdb1713b8c4fa6519efb9b6ad,70.309392980567,2828.829271,Typhooey
2026-08-17 03:52:45,day,culture,97,0xdc71bed951076a6dfd27f6a341c441b8543ed033,70.25893755999277,0.0,0xDc71bED951076a6dfd27f6A341C441B8543ED033-1760135940099
2026-08-17 03:52:45,day,culture,98,0x732f92a77d0d7d9f3a2bca0ed6b5dd5b52b3201e,69.32186549768676,300.0,Mr-Ferrari
2026-08-17 03:52:45,day,culture,99,0x6d932d842d26d260509aea299f20247dbbdd3741,69.252835,0.0,VoterVantage
2026-08-17 03:52:45,day,culture,100,0x919d214d20f8454eedb576aec5cd237330b660e1,67.95908352549941,0.0,jsmp1
2026-08-17 03:52:45,day,mentions,1,0x1c144e30f405a25f991cbd8baa15d40599090869,69.2185666999867,0.0,bernardbulletin
2026-08-17 03:52:45,day,mentions,2,0x392d557de378926143df5f72d8ddaef3f0d221a1,59.83480699999984,0.0,DorTovim
2026-08-17 03:52:45,day,mentions,3,0x97ead83eb0e6b7f142e63284791882f05ddf3363,38.32500000000067,0.0,Hakei.
2026-08-17 03:52:45,day,mentions,4,0xf60fb8fa9df77178ce3b2a0efc86d28ec4e957a8,38.26766192149998,0.0,kirit4
2026-08-17 03:52:45,day,mentions,5,0x66c1a6fe836ff555ca32848646acedbbe93bfa3f,36.40938349001226,205.1,TrashTrades
2026-08-17 03:52:45,day,mentions,6,0x74957ea27ac4fbdee46d861fdae357859ff67fcf,30.53114423650095,0.0,LornaPredicts
2026-08-17 03:52:45,day,mentions,7,0x4a86051b0a7ac1530b70d4e6fc361a5fb755cfda,28.519645980000064,0.0,Markizzz
2026-08-17 03:52:45,day,mentions,8,0xa3e22cd32aa9238ef7dbcfb4761e33b9eaa1fdf8,21.85913686499407,0.0,pootytherewardfarmer
2026-08-17 03:52:45,day,mentions,9,0x44c1dfe43260c94ed4f1d00de2e1f80fb113ebc1,17.753246830048738,0.0,aenews2
2026-08-17 03:52:45,day,mentions,10,0x5f8310a097f10efeda08a8c8689aaccb4e97255c,15.215017832499996,0.0,0x5F8310A097f10eFeda08A8c8689AaccB4E97255c-1784728443185
2026-08-17 03:52:45,day,mentions,11,0x7818687f1c2cda416877ab68d18d2c9c25f9d185,10.5,0.0,Zaratustra
2026-08-17 03:52:45,day,mentions,12,0x80ed3442ee13ca855d90cf78cede3ad3f66ece26,9.548500000000214,0.0,zerosixtynine
2026-08-17 03:52:45,day,mentions,13,0x299cb40195d270438f8950902f242d796457d85e,9.344120400002794,0.0,0x93718462075596-836100846371
2026-08-17 03:52:45,day,mentions,14,0xc9727ed498a58a9e8e8758d51c5a4eb0b752dcd9,7.854600000002392,0.0,catalanpaths
2026-08-17 03:52:45,day,mentions,15,0x30fb41b5a08fff5d3dd983f6323e3343931a7db4,7.477061660001709,0.0,tradetosurvive1
2026-08-17 03:52:45,day,mentions,16,0x1491f3faea8f55eb683eea438d4d6367eb84fd70,6.571000000000026,0.0,SmartBoyBilly
2026-08-17 03:52:45,day,mentions,17,0x0cb10c40b0776e9ee8cef970af85724654dda76c,6.445422960008727,7.0,FilibusterTerminator
2026-08-17 03:52:45,day,mentions,18,0x8b72cb885a6bd4ea9d1da393ca231f0fa3476dbe,6.359000000000378,0.0,GodRama
2026-08-17 03:52:45,day,mentions,19,0xd2f6bb804d63c38d7f6d724298a9bc7c013f5108,6.249999959999997,0.0,5d5637066a320c
2026-08-17 03:52:45,day,mentions,20,0x46b353667fd7d846af3bbeda6584b0e5b883d3de,6.1193180000002485,21.1111,bjprolo
2026-08-17 03:52:45,day,mentions,21,0x3b6930e90b206755a20e89f7bae00588391e01d7,6.039999999999999,0.0,luccajales
2026-08-17 03:52:45,day,mentions,22,0x9a94e5b4f0d6c646ed49e832cf8142c45474d5f9,5.684925000000106,0.0,.Menthe
2026-08-17 03:52:45,day,mentions,23,0x13e1f69df75b78372182ebe64bd8dcea1c700805,4.699999999999999,0.0,runes-leo
2026-08-17 03:52:45,day,mentions,24,0xde68293bce7ee14695a0d054b12c8f2e081242ce,4.425000000000004,100.0,
2026-08-17 03:52:45,day,mentions,25,0xcceb22d524e186153cffe79f13c0aeb75889f030,4.199999999999818,0.0,ScottsRoad
2026-08-17 03:52:45,day,mentions,26,0xc8ab97a9089a9ff7e6ef0688e6e591a066946418,3.8126632450075704,0.0,ArmageddonRewardsBilly
2026-08-17 03:52:45,day,mentions,27,0x2b9d677d75d42c4f08624816e298d251e8c795f4,3.601714830000219,0.0,GuyFromTinder
2026-08-17 03:52:45,day,mentions,28,0x4d8c82ce3fcdbbbd21cfc1c7d46535c5eb2daef2,3.3579,0.0,sony11111111
2026-08-17 03:52:45,day,mentions,29,0x8f3166b79a019a1f451d86513604ffa1f74a84a2,3.1940500000000327,0.0,0x8F3166B79A019A1F451d86513604Ffa1F74A84A2-1785673333356
2026-08-17 03:52:45,day,mentions,30,0xd8c2ea74008ad5dc5837293103cd6dbc06bbe1fd,3.0487803999999983,0.0,ZeldaGang
2026-08-17 03:52:45,day,mentions,31,0x5f3ee9c40be255d1c18ca38bf4ab94b564c75337,3.0405499999983476,0.0,0x5F3ee9c40Be255D1C18cA38bf4Ab94b564C75337-1776862065527
2026-08-17 03:52:45,day,mentions,32,0x755d29a2e6b543d9463aca57d4d47f50c60b6acc,2.5,0.0,bobbet
2026-08-17 03:52:45,day,mentions,33,0x2c1a7a67e6f71bd61a616841f54ae0df8e8d42d8,2.4149999999997362,0.0,rocky42015
2026-08-17 03:52:45,day,mentions,34,0x0316f533a4602df3b1d71e75f8e5ea3ef25e55e8,2.3500357000000003,0.0,Tenight
2026-08-17 03:52:45,day,mentions,35,0x43b9fb91a92b1f9c5aa6ea779f418b4e768d5db9,2.343800000000016,0.0,UntitledUser1
2026-08-17 03:52:45,day,mentions,36,0x4acacfdc568abb7c574bc815705eaa9e32afd2ab,2.2650000000000006,0.0,flamencoflamingo
2026-08-17 03:52:45,day,mentions,37,0xb567608cc44dd0c2a083b3f9eea78e7d973e1575,2.0,0.0,TradingBear
2026-08-17 03:52:45,day,mentions,38,0x08ef9bb12e694e305d5e0cf1761874ce902ae466,1.9922299999999495,0.0,0x08ef9Bb12E694e305D5E0cf1761874cE902aE466-1758127915454
2026-08-17 03:52:45,day,mentions,39,0xc7b5c23b3762fdcdba561d54b032858b3330e238,1.9457730000000026,0.0,AJ444
2026-08-17 03:52:45,day,mentions,40,0xf5286079ada8dcfeaa44f7f1c87e1ec37c127e5b,1.6499999999999204,0.0,
2026-08-17 03:52:45,day,mentions,41,0x46e7af28babc784bd1b75ae0a10623181dd7f51e,1.5619000499999842,0.0,Ludwig14
2026-08-17 03:52:45,day,mentions,42,0x0ad7f3411bc87f0b5362155e638f04ef05700971,1.5502612900000656,32.71,NFLandChill
2026-08-17 03:52:45,day,mentions,43,0x62365f754d4aa7dc537f997f23bb5dd9a9e36881,1.5343500000030872,0.0,Slackjaw
2026-08-17 03:52:45,day,mentions,44,0x9d736920e486176e7df7a76fa218f1ebd853216b,1.5099999999998772,0.0,AlAhmeda
2026-08-17 03:52:45,day,mentions,45,0x52ebca459280966f4a56240a05e38df8527067ac,1.4092000000007374,0.0,AMAM13
2026-08-17 03:52:45,day,mentions,46,0x2583829535661016b85cea56eab41a2a5280261a,1.3648868899999798,0.0,
2026-08-17 03:52:45,day,mentions,47,0x489a6942253203fd0c5e786c230419a02840fff2,1.3386430699999998,5.0,0x489A6942253203fD0c5e786c230419a02840FfF2-1782011056329
2026-08-17 03:52:45,day,mentions,48,0xf0acc505d85f9c520fef51017bb5f0a4f63780c0,1.2874999999999943,10.0,liverpoolfc
2026-08-17 03:52:45,day,mentions,49,0x1690daedf91758fa77ec220e1caf590a745cd6c4,1.2800000000000011,5.0,coconono
2026-08-17 03:52:45,day,mentions,50,0x2564f113776b17215b8c2a69afb35ae29713f258,1.0608679800000012,0.0,79fsdfs
2026-08-17 03:52:45,day,mentions,51,0x656672cac3978e34f1ee048006dcec31bcfcea1e,1.050000000000182,0.0,yhtytrhrth
2026-08-17 03:52:45,day,mentions,52,0xd5527c2bdf2bc4855b4b55b6aabe3b308371ec26,0.9999999999999991,0.0,ElaraVasiliev
2026-08-17 03:52:45,day,mentions,53,0x78db05b03fcd5f0734fffe0365bd5414862eec04,0.9999990000000001,0.0,kira-LP
2026-08-17 03:52:45,day,mentions,54,0x4ab7625cacd4ec2c8804149ddba6d232fe645f17,0.999999,0.0,yenistriga
2026-08-17 03:52:45,day,mentions,54,0x42e7f0c1f45ccc07a2755489789d700e344143bd,0.999999,0.0,betlife-619
2026-08-17 03:52:45,day,mentions,54,0x58f8f1138be2192696378629fc9aa23c7910dc70,0.999999,0.0,bloodmaster
2026-08-17 03:52:45,day,mentions,54,0x96b542bf4bfbba3801f1304dd611f34199600821,0.999999,0.0,secondarycolor
2026-08-17 03:52:45,day,mentions,54,0x8641736a39a229e091eff6fd0c040ad1db192927,0.999999,0.0,
2026-08-17 03:52:45,day,mentions,54,0xdb82fe0d2ea3b3c4466a245ba26d29b2031c46cb,0.999999,0.0,NortheastTiger
2026-08-17 03:52:45,day,mentions,60,0xb5836c39622aa685fcda6d0ef52b45c8802f939e,0.999996,0.0,chilly99
2026-08-17 03:52:45,day,mentions,61,0xeec913dc394341eb97c2264231876b20fef02c45,0.999995,0.0,pepe11
2026-08-17 03:52:45,day,mentions,62,0x6e8d843cc031c1ba0c6dd1d3db0e2cd1adddcc23,0.9999920385769999,0.0,alvarito
2026-08-17 03:52:45,day,mentions,63,0x9257623ec1ef067eb1756f40349e3ff81246cfb0,0.9994995,0.0,Withia
2026-08-17 03:52:45,day,mentions,64,0x74b4d17af9032fc53ec83e8fe17d37344022b283,0.9994559999999995,0.0,strwr
2026-08-17 03:52:45,day,mentions,65,0xdb29faefbac63c791fcdec9a39f4a8c3137f4b3a,0.9994,0.0,
2026-08-17 03:52:45,day,mentions,66,0xd835d39842fe1dd5ad541e6b620c991ca6d91d5e,0.99937785,0.0,kjhgfvghjmk
2026-08-17 03:52:45,day,mentions,67,0xef03567fc5a30b665efca7e9ef2e9e3fe6031fbf,0.9991199999999999,0.0,0xef03567fC5a30B665efca7e9eF2e9e3fe6031FbF-1759574216489
2026-08-17 03:52:45,day,mentions,68,0xc0f39dd56e5aa8eb6b1adc6d0f523687b87809ab,0.9990930000000001,0.0,
2026-08-17 03:52:45,day,mentions,69,0x61c8abd32c9a3792c8196caaf9c2d3ce31d572ac,0.9990563900000001,0.0,cswrth
2026-08-17 03:52:45,day,mentions,70,0x0adba53d927755feb4d4aca0c3a7e75b7868f95e,0.999,0.0,milfwithnokid
2026-08-17 03:52:45,day,mentions,70,0x3445189bbd762b4cfbd476d1f01092a8f0a8f9fa,0.999,0.0,Batyok
2026-08-17 03:52:45,day,mentions,72,0x4516d2180a80d5b1d46a646cb67ef85ee747ff25,0.998999,0.0,jiton
2026-08-17 03:52:45,day,mentions,73,0xae1223b0240104c7a5f7d305c3888bb329cbcfc1,0.99899436,0.0,0xaE1223b0240104C7a5F7D305c3888BB329cBCfC1-1766964422803
2026-08-17 03:52:45,day,mentions,74,0x7c483d26ccc647422a6e560ec59defe13879f2da,0.998971842662,0.0,0x7C483D26ccC647422a6E560eC59DEFE13879f2Da-1744885137007
2026-08-17 03:52:45,day,mentions,75,0x01636baaefd490d5df43ae3d0c7da2e67699f7c9,0.9989691744239999,0.0,TheRedBear
2026-08-17 03:52:45,day,mentions,76,0x3f05a61b747b292790eff03213760513f85d9524,0.9987577231560001,0.0,Xeiroo
2026-08-17 03:52:45,day,mentions,77,0xce89fa90f3e288ed62a44def95a921755e140089,0.9984662201600001,0.0,ArneFS
2026-08-17 03:52:45,day,mentions,78,0x767d9872cbaa924e3c3e05f94b43a4e3cce6d1b3,0.997748,0.0,changchang1
2026-08-17 03:52:45,day,mentions,79,0xd7bf18e530803a2951cc3e80e9fd805e638f2368,0.9975000000000002,0.0,anonklarol1986
2026-08-17 03:52:45,day,mentions,80,0x8e5004f193584811bae06a350b34c8e2441aded9,0.9972920000000001,0.0,0x8e5004F193584811bAe06a350b34C8e2441AdeD9-1768909790132
2026-08-17 03:52:45,day,mentions,81,0xd87d0e30dddef02cd917dae54e8cf14eae2052f9,0.9972683,0.0,XgangX
2026-08-17 03:52:45,day,mentions,82,0x12de044549c5b11d124c4f82d79cef033d01d155,0.997175272601,0.0,victoriayoung
2026-08-17 03:52:45,day,mentions,83,0x4637b9f28a259a915392ae3ddeb15265196894e3,0.9969669999999999,0.0,0x4637B9f28A259a915392Ae3DDEb15265196894E3-1777325507740
2026-08-17 03:52:45,day,mentions,84,0xdbcd710b921c58493620dcacae92ba0bd79e4036,0.996950592216,0.0,trader000017
2026-08-17 03:52:45,day,mentions,85,0xcfbf6f4525e7d348759f24341ece7901ae40df3a,0.9969009999999999,0.0,
2026-08-17 03:52:45,day,mentions,86,0x44d120043d23cd5db89b1299f56d3ff3f34f9936,0.9968670000000001,0.0,0x44d120043d23cD5DB89b1299f56D3Ff3f34f9936-1764865552907
2026-08-17 03:52:45,day,mentions,87,0x54e4f1a5b059a7ffb2dad83037dbeb18382d4300,0.9966804924099999,0.0,Come4Capital
2026-08-17 03:52:45,day,mentions,88,0x74616f2238deee871e8cd4b6713eb32ed5d332ab,0.9961715557000002,0.0,Doremi4pf
2026-08-17 03:52:45,day,mentions,89,0xa02304e9f72e3866295c790af3590b95f77832bb,0.9960283824680001,0.0,lauratorre
2026-08-17 03:52:45,day,mentions,90,0x715b76415c9eab21a9d633011d0e0031f46418dc,0.9960043261520001,0.0,Valix420
2026-08-17 03:52:45,day,mentions,91,0xa26812e4c396a95c7a4b26d66934f936a7b177dd,0.995982649959,0.0,
2026-08-17 03:52:45,day,mentions,92,0x63ceb541eb422a78d76912bbe066c7959b51d59a,0.99584047,0.0,3c3b
2026-08-17 03:52:45,day,mentions,93,0x6d68f747ffa870bdd95b670bdb5cf2fb232f0237,0.9955980000000011,0.0,TristanWaverly
2026-08-17 03:52:45,day,mentions,94,0xa64bb56817fa45f2cf8419a1107a95a130601b46,0.9955979123059997,0.0,ceoofpol
2026-08-17 03:52:45,day,mentions,95,0x877e18590b34c0a314f7d2fb8f3c43f42e96dcb2,0.995232256665,0.0,Mojanic
2026-08-17 03:52:45,day,mentions,96,0x73e2a14dc9480a09c8503aedb1c33b291df9e05e,0.995183,0.0,btcrocks
2026-08-17 03:52:45,day,mentions,97,0x2bc03661c5462e2498fd3bb9fb78f5eb17bbac69,0.9950110000000001,0.0,0x2BC03661C5462E2498Fd3bb9FB78F5eb17bbac69-1771495316677
2026-08-17 03:52:45,day,mentions,98,0x09fc877d0f2065b37c5cb5aafc0e66602c7d4cd4,0.9949,0.0,vikkS
2026-08-17 03:52:45,day,mentions,99,0x42f19ff3dce72183f90efed9ff18b061fcac67b9,0.994652,0.0,figurettipy
2026-08-17 03:52:45,day,mentions,100,0xefd7c07709560e8ba1fcd81aa25e070aee09cf7a,0.9946204393829999,0.0,zroller
2026-08-17 03:52:45,day,weather,1,0x23d18416645924e097c453e8ceadd4bfeb6a353f,652.3199999993767,0.0,fcomp3
2026-08-17 03:52:45,day,weather,2,0xa12d6fddae0b75d23aa4d28c8d5c26f199e54c1b,449.6907791900003,1967.3899999999999,SunnyDays99
2026-08-17 03:52:45,day,weather,3,0x09b4c4173607390b4a499d91b43b713987d3e56d,371.2880918200135,0.0,AndreaPirlo
2026-08-17 03:52:45,day,weather,4,0xfd368530e2d6b22677eeb90c89b29e232670a832,364.8942319791804,2370.852758,
2026-08-17 03:52:45,day,weather,5,0x52ebca459280966f4a56240a05e38df8527067ac,323.1861446777766,4399.109154999999,AMAM13
2026-08-17 03:52:45,day,weather,6,0xb6fbce093cdd139858c44148a6598d8ec028c038,295.23320597840575,392.0,Weather-Guru
2026-08-17 03:52:45,day,weather,7,0xaf17116ae2b1476032785a67bd5b7c8c05905c20,265.1512400305255,0.0,huskyvs
2026-08-17 03:52:45,day,weather,8,0x441ad4887046db7732623c72bb6edb72652be9c7,261.4730445486957,895.826138,betting-dog-capital
2026-08-17 03:52:45,day,weather,9,0x7c63520c2ca9b336af0c205b9ccf68217bb393d4,257.11183480186446,5881.773075000002,opopv.
2026-08-17 03:52:45,day,weather,10,0x79c9aa24737f7d4283728619a2726ed66ff9b2f1,228.66113173699978,613.77,idono
2026-08-17 03:52:45,day,weather,11,0xf73f7e9c6bd1f40dc045d2a93bec3dd4248aee53,207.98776988905388,1909.5134230000003,meteoblue
2026-08-17 03:52:45,day,weather,12,0x38fa1fdce9420b0116e983dc49f4cf8b2b4d26ff,172.92995646,3109.77,0x38Fa1fdcE9420B0116e983dc49F4CF8B2b4D26Ff-1775875225658
2026-08-17 03:52:45,day,weather,13,0x16ce1f954bfae560af862712fad9dd261f4ceba1,172.7705620739996,0.0,36oldtiger
2026-08-17 03:52:45,day,weather,14,0x104171232971a6db8cf938f76fdbebbb81c5f452,169.95095147914253,88.72,aapang
2026-08-17 03:52:45,day,weather,15,0x0335cb69dd7498a24c39edea33c925ce51d36eca,153.9261024682819,2016.30212,LittleBitBadBoy
2026-08-17 03:52:45,day,weather,16,0xd25156e222c9b907b128e27c36821fdb41db4d37,135.76331861125072,672.703919,neo7777
2026-08-17 03:52:45,day,weather,17,0x4f74fd3694138c4bc93104ba61bd580409d98774,131.18042178500036,0.0,
2026-08-17 03:52:45,day,weather,18,0xa3e22cd32aa9238ef7dbcfb4761e33b9eaa1fdf8,130.56561498497467,1925.0250119999998,pootytherewardfarmer
2026-08-17 03:52:45,day,weather,19,0xc7d02944a76b9f83b199e9090ecc92c82d241f8a,127.23331259571569,1027.4379270000002,0xc7D02944A76B9F83B199e9090ECC92C82d241F8a-1776944395495
2026-08-17 03:52:45,day,weather,20,0xfeccdc127f399b4f5222386922c58ff634ca77da,126.50787156205024,4238.924671000001,viksha11
2026-08-17 03:52:45,day,weather,21,0xa45fd80cebd05390a9155c7f61b8b7b91890d6cb,120.912926141,0.0,pykue
2026-08-17 03:52:45,day,weather,22,0x0fb475b0375a628a82f625c2e6b93b58050bc6d7,117.33852198930936,554.668773,Kirt4sh
2026-08-17 03:52:45,day,weather,23,0x7df00357d97916a5c7888b212a94535097790dfe,117.02140257832889,344.19265700000005,neverhackme
2026-08-17 03:52:45,day,weather,24,0x277989790d4a8c782d7a4992e13c2dcaa031239a,114.67366221899988,0.0,balabalababalabala
2026-08-17 03:52:45,day,weather,25,0xbc82b59f154eeab888dea556fe1b602e3a34cac7,100.77557298499994,0.0,0xBc82B59f154eEab888DeA556FE1b602e3a34CAc7-1776958873001
2026-08-17 03:52:45,day,weather,26,0xc60bb547dbdf59c8d1746bc8a754accc3809d9f7,99.75593398650017,0.0,limitless00
2026-08-17 03:52:45,day,weather,27,0x6a8d1709bfb718d8555d315a983c4816278350f9,94.80143678779496,514.3437589999999,OnlyLuckNoBrain
2026-08-17 03:52:45,day,weather,28,0x91f83dd2e149d23bf2193275d3ec4c8c07abd951,94.25431516567596,198.218725,asplla
2026-08-17 03:52:45,day,weather,29,0xf7a4f1a3716f79e4f588642b5d60e61ddc1cf148,91.91807999999264,0.0,0183648392
2026-08-17 03:52:45,day,weather,30,0xfd37c3c95979a46195ec5152439f820ca2d19135,87.19832308379318,3182.205012,shamu14
2026-08-17 03:52:45,day,weather,31,0xc9cf1058e08e053a725fcf6cf942516f8a3ab443,83.11608052811823,942.8348840000001,Bigdbet
2026-08-17 03:52:45,day,weather,32,0xe6307b98bceee038834a68358e17804999c6ef20,81.25096836278362,2723.2777699999997,anonymous5474495
2026-08-17 03:52:45,day,weather,33,0xf56ccbb9d8158ae1dda67207d1f76acf2f81ad84,79.77625946171793,2688.1621499999997,LXJXLJ
2026-08-17 03:52:45,day,weather,34,0x005ed998fcb786679eb8bfd0d20c15c0903d6d8e,78.66690393513227,2235.2915399999993,0x005ED998fCb786679Eb8Bfd0d20c15C0903D6D8E-1778811773658
2026-08-17 03:52:45,day,weather,35,0xf84d10bcae66a69c39ee2292c6898aa107b25e65,76.03117187929797,455.600009,leke
2026-08-17 03:52:45,day,weather,36,0x5337a3bce9cca845c4a67e9b4b2e87c40851b0c7,75.85191040000001,94.4,WUnderground
2026-08-17 03:52:45,day,weather,37,0x6011655c4afb76f36dd1b08a137a1ba73466b31e,75.45585099994787,2217.7400000000002,HighTempTation
2026-08-17 03:52:45,day,weather,38,0xb0da6365d8f96fb41232c7570b1d2f2e4b3c3ff6,75.19019837000042,389.54999999999995,Laury2
2026-08-17 03:52:45,day,weather,39,0x157069267d199d5e275cc99ce5e793361bedde29,74.54930681549877,229.26,reason.77
2026-08-17 03:52:45,day,weather,40,0x25d66f68ec804e9e3949127fa0cac62f155fdbd7,73.65323219998731,3219.1395,suyuchen888
2026-08-17 03:52:45,day,weather,41,0x7e9c050ac0ac397dd34f95f6718755db3835f3a8,72.60594044993377,282.407842,0x7e9C050aC0aC397dD34F95f6718755db3835F3A8-1769267618341
2026-08-17 03:52:45,day,weather,42,0x21413203b0be620ebc9dc236a152413923287fa2,70.9964362823996,94.50262000000001,climateprofessor
2026-08-17 03:52:45,day,weather,43,0x285109735e915f14038a2f41322814e0d6b46b8c,70.85068176050481,840.0,korda-
2026-08-17 03:52:45,day,weather,44,0xf51b1d560e33b1c56f8a9a4e8fec3d4800c0ca1b,70.13940910894325,2667.955404,
2026-08-17 03:52:45,day,weather,45,0x24edd5f8eab7f66a77fd5b7f4e7c507761ed8a18,69.99224175149908,0.0,SXematoz
2026-08-17 03:52:45,day,weather,46,0x81e96a9a3fac6a82be8318f84b4cf32f2c3a8e07,69.75540117255878,1101.7916340000002,plythesis
2026-08-17 03:52:45,day,weather,47,0xbbb72a812cfbc5217d77c0a0018c71f174d3a11a,69.52546148450347,0.0,sailor82
2026-08-17 03:52:45,day,weather,48,0x30fb41b5a08fff5d3dd983f6323e3343931a7db4,69.49977447218043,7816.546297000003,tradetosurvive1
2026-08-17 03:52:45,day,weather,49,0x2f400c246ae91a94d38a99abf0dc74977093887c,68.82980441999996,27.11,Savolchok89
2026-08-17 03:52:45,day,weather,50,0x95d381e71dba6f1c3199fd9bc040383d6fae6eff,65.34082963499941,112.02,TunSahur
2026-08-17 03:52:45,day,weather,51,0xf787b8a3a4c6990f48614a0b9af8422e3e7a1b63,64.16150999998717,0.0,0bot
2026-08-17 03:52:45,day,weather,52,0xc878c6a7ba8ad896a897fe82e48b93fb66dfa6f3,63.58488301000034,354.46000000000004,ZEEBRA-KY
2026-08-17 03:52:45,day,weather,53,0x8929a63143fba9416c8e0d3c96388b429c47733e,63.41211564549849,0.0,rocky42025
2026-08-17 03:52:45,day,weather,54,0x97d8c0a35cb0449520982bee19716a27ac410a12,58.15735000000302,0.0,0x97D8C0A35cb0449520982beE19716A27AC410A12-1783269092070
2026-08-17 03:52:45,day,weather,55,0x108a7782120894a58eb308e61da5c01c242d8159,55.8260024530241,1246.824515,Cuccuc2026
2026-08-17 03:52:45,day,weather,56,0x03805a13a0b3e058f55f6c6af95389d4f431073d,55.55700323198653,370.6123809999999,donthackme
2026-08-17 03:52:45,day,weather,57,0x4577b2f57566383dfcd24f283868f8d711fdf436,54.994830328127705,721.703302,Eqqs
2026-08-17 03:52:45,day,weather,58,0x6d752d6e0924e8f32585a85da9312c0947188f8a,53.5032461159999,0.0,jiang626
2026-08-17 03:52:45,day,weather,59,0xf16dd3586eb9ca2b002a0498548b15439991b7f9,52.17002412250122,0.0,rocky42017
2026-08-17 03:52:45,day,weather,60,0xf28c7b2efa875580a79f8c8810deff374f51cdf8,50.99999999999997,0.0,0xF28C7B2efA875580A79F8C8810DEFf374f51Cdf8-1774419743181
2026-08-17 03:52:45,day,weather,61,0x2e62eddf5acffa59a97706de674348a2e600b22e,49.44496131313235,483.19443599999994,rocky42003
2026-08-17 03:52:45,day,weather,62,0x7076cb961e87bd22199445d02fe22973510cd0d9,48.45945980098304,3000.63475,5a82666suyuchen
2026-08-17 03:52:45,day,weather,63,0x5de85df04ef560b9717a6ec812ef7e9e462f3edd,46.30950177000028,88.0,pierodi87
2026-08-17 03:52:45,day,weather,64,0x52071e89ed7f68478a428fd65aed5dc572be686b,45.45062999999982,220.62,StraddleSeller
2026-08-17 03:52:45,day,weather,65,0x8e40e10d9b34b28c77c4962be5026c6fdd1f3797,44.50926683999978,123.02000000000001,LowTempTation
2026-08-17 03:52:45,day,weather,66,0xf0fb897df00caa1cbb8be955db20ec33bbc2b5ff,44.29755989999998,0.0,ssszzz-cc
2026-08-17 03:52:45,day,weather,67,0x29cdda0c0f1db0a00289531c7c5323aea91ff4c7,44.09703410669698,285.504549,0x29cdDa0C0F1Db0A00289531C7c5323AeA91ff4C7-1772539318649
2026-08-17 03:52:45,day,weather,68,0x46992d0e547e3822a9c28723f51bfa804ae4e03c,44.03442813993752,7949.08,anon.1980.123
2026-08-17 03:52:45,day,weather,69,0xb99b5c2f885769c0c287fa4dfb454e128e8ab581,43.83958702039172,393.83058,kenchan5544332211
2026-08-17 03:52:45,day,weather,70,0xc34f6b088bb9172625ee1ea2ee8da9ac4f037d2e,43.82382102731572,3784.3988609999997,StayFreshCheeseBags
2026-08-17 03:52:45,day,weather,71,0x32d1f0159dd59c734deebfcbf91db7c924fae5c8,43.228940170586384,1017.8291720000001,0x32d1F0159Dd59C734DeebfcBF91dB7c924FaE5C8-1764754497955
2026-08-17 03:52:45,day,weather,72,0x2087578e72024a335b63245da5dbdf62b59e35e5,43.05589155516002,99.288354,Gilishan
2026-08-17 03:52:45,day,weather,73,0x20d78cc3d4a95d75caddbfa701245a0d88972485,42.80799258038398,587.480322,umyfav
2026-08-17 03:52:45,day,weather,74,0x122cb94c437ea5e6f088c6c0c143c592ab8efbed,42.3152620299943,4245.36,0x122Cb94C437EA5e6f088c6c0C143c592ab8EFBed-1782168978900
2026-08-17 03:52:45,day,weather,75,0xec86a2d3f69015b1a9382e4dfa8695e1b48760e4,40.16850216502644,75.25,0xeC86a2d3f69015b1A9382e4dfA8695E1B48760E4-1770735132210
2026-08-17 03:52:45,day,weather,76,0x6f46063eadcd9eb8cc1ef6e0b3d329af87e777e8,40.02955980649949,13.40862,0x6F46063eaDCd9Eb8cc1ef6E0B3D329aF87e777e8-1773225290572
2026-08-17 03:52:45,day,weather,77,0x79dcb362c47ba851d75cf5873735391b2c81ca77,39.75445561428296,43.877831,rocky42008
2026-08-17 03:52:45,day,weather,78,0x79569c573fd62c0aa3be35f48ec282d185f3eba5,38.380261979237275,201.472749,trashMESH3
2026-08-17 03:52:45,day,weather,79,0x8afa03dd6974e44d00c4d14dcccb00c0ddf6adb6,38.1468555315837,2018.3200000000002,stupid22
2026-08-17 03:52:45,day,weather,80,0xe40aaa5ce1dac0b7dc24c9d0284f27e17c3fe4a2,38.13113181692802,15383.765409000001,Mysaria
2026-08-17 03:52:45,day,weather,81,0x7afb239dabdd549d09ccd3e6cc910958894b61ea,36.99000000000001,0.0,buyaoshangtou1
2026-08-17 03:52:45,day,weather,82,0x4941621f14b588d4cec33be2ec43d241e819b03c,36.9430207073043,798.210615,takertime
2026-08-17 03:52:45,day,weather,83,0xad42a6cd7cabd0657fa3e24e2fbc0b642a9ac918,36.221241748542525,1101.006466,MeteoMan
2026-08-17 03:52:45,day,weather,84,0x34d5bcd9c244d411f7ba4710d7c69da159eca977,36.05811202000041,75.26,hanxilgf
2026-08-17 03:52:45,day,weather,85,0xd218e474776403a330142299f7796e8ba32eb5c9,35.64673586452682,0.0,cigarettes
2026-08-17 03:52:45,day,weather,86,0x7bd9019211677f5db6e221d6a6da030ebcd0bd75,35.60533902999941,11.67,fElon
2026-08-17 03:52:45,day,weather,87,0xd0de0863bcdb93e3c2651be08f1f723b8c0d3b38,34.81420085261402,27.468245,DEADBEEF1
2026-08-17 03:52:45,day,weather,88,0xfd557e6db670c9704bc1d0d8e8b585c7d9c9f905,34.58363441228357,427.301514,northdrawer
2026-08-17 03:52:45,day,weather,89,0xecc8b1562f4a521d0856e3f89c5bfa8bba969335,33.92920994779888,646.55,0x2048
2026-08-17 03:52:45,day,weather,90,0xee2d4aa8c0f1fd3bb69c704aaf984e5816d16968,33.85003083308379,1848.2457239999999,Votome
2026-08-17 03:52:45,day,weather,91,0x1a9cfddd25dfa4f5b99f39bb928fdaed4e6a079d,33.79401341800076,1046.16,shanze8
2026-08-17 03:52:45,day,weather,92,0xbc4e46aa57fc149c046e847dfe5ae536db697dbb,33.19817258776038,1029.52,Dadapple
2026-08-17 03:52:45,day,weather,93,0xd33e2e08bc10de8c72261a62d451791acbfc8736,33.06012599999997,326.0,oddsjack
2026-08-17 03:52:45,day,weather,94,0x5c8b594d429fa4b850b298f1507975a1ba6eeb78,32.95809328285108,382.092134,0x5C8B594d429Fa4B850B298F1507975A1Ba6eEB78-1771937156142
2026-08-17 03:52:45,day,weather,95,0x73749db0d73fdf2bc74e56edcf30dd98180a38ff,32.04636229999994,434.35,ex-webanker
2026-08-17 03:52:45,day,weather,96,0xb92449f0f035e2e9de00f1f9a8f19e0158af0803,31.795951419999938,0.0,gavinfunda
2026-08-17 03:52:45,day,weather,97,0xcd154f053a291f46e550d5fbcd4cfa7ddbc4b352,31.554149291070644,2960.1192740000006,antoniosporano
2026-08-17 03:52:45,day,weather,98,0xd035fd5f4d6bec4a73dc2fc11fe35c13c3acf165,30.758239357974162,91.642753,rocky42023
2026-08-17 03:52:45,day,weather,99,0x8cc1262cf53b83047926e09af8e5ab3bf537b9f8,30.400496407500214,241.76,0x8CC1262CF53b83047926e09af8E5Ab3Bf537B9F8-1774929892987
2026-08-17 03:52:45,day,weather,100,0x895838e426ad0458a4938f7f2580b62c3a5d656d,30.247281999999956,277.42,0x895838e426aD0458a4938F7f2580b62c3A5d656D-1786560619940
2026-08-17 03:52:45,day,economics,1,0x1d379e322ef813587a3e13ad79857c45edc7f4a4,200.3126994974955,0.0,OverlookHotel
2026-08-17 03:52:45,day,economics,2,0x85a85805bcbdf2e629788adac1420b6b53949281,184.85999999999967,0.0,LJa7io23MCv954j
2026-08-17 03:52:45,day,economics,3,0x56c9fbdeccf198f1f5ad95ace39b24f5f7fb0d9e,119.00050300350267,0.0,redvinny
2026-08-17 03:52:45,day,economics,4,0x3f02a8b650d4b30449e83616f2165460209ca51c,118.13844419999987,113627.35,m00n
2026-08-17 03:52:45,day,economics,5,0xccedd9a9a6fedd93c8fd58c24ff72bb3d5b3226b,106.5055377990002,0.0,DenisBr
2026-08-17 03:52:45,day,economics,6,0xd1eed20edd22a289839379e89e3470ea1742a8ae,99.0191742574998,0.0,chefradish
2026-08-17 03:52:45,day,economics,7,0x1d5f88f1b97317cccad804374e5bd847512e634d,88.92851932629492,69.3,firegold
2026-08-17 03:52:45,day,economics,8,0x0ffcad4963e25dc150774363f4061ebe840c8236,85.38783016505477,31.8,perfectnostalgia
2026-08-17 03:52:45,day,economics,9,0x35bbbad2415fe5e39b12da9a316cdc80b022009b,74.37181759500527,14874.369993000002,MisTKy
2026-08-17 03:52:45,day,economics,10,0x70a9e5e6c57c3cb20f52523ccb49a1145bcc6a74,66.26909999999953,0.0,unco
2026-08-17 03:52:45,day,economics,11,0xa4b366ad22fc0d06f1e934ff468e8922431a87b8,61.47934988301131,30.0,HolyMoses7
2026-08-17 03:52:45,day,economics,12,0x80a4552cdcde3b861b8adc146ab1fbd4711022cc,54.27964870398864,1204.21,puravida
2026-08-17 03:52:45,day,economics,13,0x77441e012301e7c4f711085aa25b45305850d8d6,49.22423330000015,0.0,R0ont
2026-08-17 03:52:45,day,economics,14,0xc62796d790c46a93f6511b112411f125714bcf54,45.916564999999395,5.0,0xC62796D790c46A93F6511b112411f125714bCF54-1785844895658
2026-08-17 03:52:45,day,economics,15,0xd6a4620b69d6b6df78db37f88e4e53c152e01abc,37.26000000000005,0.0,rtyjsse
2026-08-17 03:52:45,day,economics,16,0xe9647460d9efa49682803ad109c84938e62b537f,35.10000000000002,0.0,thdesw
2026-08-17 03:52:45,day,economics,17,0xb1ca909e848cc24ec4e220ce1c453bc290c51705,34.35242999999173,0.0,abdkxrhxr
2026-08-17 03:52:45,day,economics,18,0xedafc523537800d83224934a27f401ba9dda895d,33.86952263499916,0.0,
2026-08-17 03:52:45,day,economics,19,0x588ce22fb2bf698e5a3f61447a44b3afe0ad1bf4,32.399876896500245,0.0,Drunken-Mentat
2026-08-17 03:52:45,day,economics,20,0x7e31a5e9c31638483614e9fd9f945bb34692454d,31.941163020000204,0.0,Odysseus7
2026-08-17 03:52:45,day,economics,21,0xda9126becc96be3598ddd05c4fc06f4093759ffd,31.727857895000852,0.0,98Ddd05Cde45d05C4fC06f4093759FFDDFSFFSDDVF
2026-08-17 03:52:45,day,economics,22,0xc4a6e3b83c036fb3b6d68bed97ca8f709ba07a30,29.09940000000006,0.0,yesesfe
2026-08-17 03:52:45,day,economics,23,0x8a554ec10e6fd05bba36215d17398e57d53e5126,28.787068770000133,0.0,jdbuffet
2026-08-17 03:52:45,day,economics,24,0x2262230059b67a21bf191e104d65ca659658b2cf,27.54000000000002,0.0,tyrhsdfgsd
2026-08-17 03:52:45,day,economics,25,0xdceecdb83fcbcc37d381f90ad0c7516824e3bda5,27.144808630000625,0.0,rspa
2026-08-17 03:52:45,day,economics,26,0xfe4e1c9f1441a27313a1505ae70a7e276de2985d,26.880000000000052,0.0,uktrtr
2026-08-17 03:52:45,day,economics,27,0x24787691ebc296444add2ee3dea03c9d6f9b2e62,25.63169999999991,0.0,exothetajunkie
2026-08-17 03:52:45,day,economics,28,0x215adbb63b47d0ca92f849fe2c2dc1adb0f6254c,25.187836830001288,0.0,BikesAreTheBikes
2026-08-17 03:52:45,day,economics,29,0xfbe66593e49c4e7a7180a2582f041158bfb800f8,25.0,0.0,gaven-willwin
2026-08-17 03:52:45,day,economics,30,0x75a94919f0eeb74d88d3ac1536d96eab0917fb4d,24.900000000000034,0.0,fthd
2026-08-17 03:52:45,day,economics,31,0x9fe5a640e14998694ef1f64b742644926025995c,24.120000000000005,0.0,jmdrsdee
2026-08-17 03:52:45,day,economics,32,0x0bb8a71b7ed93265c8045640fb3aa1eb93ad253e,24.031315471504058,44630.892332999996,anykey
2026-08-17 03:52:45,day,economics,33,0x03d52fddfaff7f348cd3c30585f2c303a37d97af,23.759676841998953,0.0,fur-fox
2026-08-17 03:52:45,day,economics,34,0x2f633efb75256a2f2445110c8978684ab8936643,23.724823389999074,0.0,prediction1997
2026-08-17 03:52:45,day,economics,35,0x8f89136ce1bfee53092265544ab9fbd00ba52464,23.400000000000034,0.0,rthdsdfewws
2026-08-17 03:52:45,day,economics,36,0x2086c709d8f0567a972b07386dded458ad158ef7,19.78542000000016,0.0,0x2086C709d8F0567A972B07386DDeD458AD158Ef7-1769554127501
2026-08-17 03:52:45,day,economics,37,0x5b6331e7ff0831a3fe2ed12004747db1a9c911a4,19.642774042604287,12.48,neutralwave23
2026-08-17 03:52:45,day,economics,38,0x0b860f9b071bb96a071b10a2c636361e5b41bd28,19.584865199999967,236.97,MistHill
2026-08-17 03:52:45,day,economics,39,0x58b3380f71bd6c706dd398a5e60bde55fa3a653c,19.268021616735496,3825.5033160000003,timetowander
2026-08-17 03:52:45,day,economics,40,0xac4a1fabdac2438d6afa2a9e8e83845310a0bf1e,19.22062823548913,0.0,HerrieDavis
2026-08-17 03:52:45,day,economics,41,0xa15655c43a7e4b50190d1f14198e80da86a1cf02,17.66164032000006,0.0,Crabsoup92
2026-08-17 03:52:45,day,economics,42,0xcfff4295288ee29f75a38a7028611b7c1e93673d,17.243147869995028,0.0,graynotebook19
2026-08-17 03:52:45,day,economics,43,0x5eab3b937b22aaca30258c237a2a4ba9486eef27,16.970675450999977,0.0,
2026-08-17 03:52:45,day,economics,44,0x978e7fb29354ef2468eb373076fd52ffcdc380bc,16.436415846000273,0.0,BornAgain26
2026-08-17 03:52:45,day,economics,45,0x9f208e85f326f865077fffa68b32d8b0e2bc12c3,16.0400046249988,0.0,mildwindow27
2026-08-17 03:52:45,day,economics,46,0x6b17d237e6b7f74ce8171d6dc68e07bc21c803b2,16.0135244250003,0.0,rocky42007
2026-08-17 03:52:45,day,economics,47,0x80d561ae39fa15427f3cee32cf681c20bfa6a1da,15.971049249999965,0.0,jtsninja
2026-08-17 03:52:45,day,economics,48,0xd7010851673ec281d9a79c77192f31051109917d,15.601558629500119,0.0,0xD7010851673eC281d9A79C77192F31051109917D-1785414009080
2026-08-17 03:52:45,day,economics,49,0x66c1cc4f994ee99a2f5977a2e071cbfd65852c72,15.473300000001018,0.0,Friday
2026-08-17 03:52:45,day,economics,50,0x47c1c4d166c200e5455fca85d3b8f155f8f3825f,15.039691650999885,0.0,rousseauuu
2026-08-17 03:52:45,day,economics,51,0xebcd052a92fdb40644ebd844e58722955e1dd2ef,14.99053521118499,0.0,0xEbcd052A92fDB40644Ebd844e58722955E1dd2EF-1768369124552
2026-08-17 03:52:45,day,economics,52,0x764b305694b026c1acce7bf862c3b5456a146bad,14.866604962502606,0.0,quietparcel
2026-08-17 03:52:45,day,economics,53,0x55d8f3f6bd387df7c0cdcf8b40d01d95ae260cf5,14.142651170999898,0.0,GamblingEnjoyer
2026-08-17 03:52:45,day,economics,54,0x76dbc01caffa54d0010368ff8d3226d8017f6987,13.94954443000097,0.0,gambler925
2026-08-17 03:52:45,day,economics,55,0xd89260404e1c61faea857e4f4084d37be81461fc,13.92573918700009,0.0,cryptomikey1
2026-08-17 03:52:45,day,economics,56,0x9ff2f11ccaa21f8d2d8658692be27f2db6e40707,13.047846139999933,0.0,therootxxx
2026-08-17 03:52:45,day,economics,57,0x44515b948ac5a359207506362288768634affcbe,12.99988534000002,0.0,seehi
2026-08-17 03:52:45,day,economics,58,0x808aee7fddb14ca58f4358c94fe9c194fc2def3f,12.772173646999931,90.0,kittycat67
2026-08-17 03:52:45,day,economics,59,0x30f67d821c57a54e25e5e521dbd3b5b18309004f,12.67154999999957,150.0,shiifoo
2026-08-17 03:52:45,day,economics,60,0xf83ec0e37ac9eece71c064507270e9001a734663,11.772246670499385,0.0,JustClickeverywhere
2026-08-17 03:52:45,day,economics,61,0xff06e8c95b984f236a08be2c4b9909be306c2f60,11.610899999999674,0.0,cookedquail
2026-08-17 03:52:45,day,economics,62,0xe0dcc05376176f9f9e5160b9aae6f51e2ca93944,11.414457425000364,0.0,Dr.mett
2026-08-17 03:52:45,day,economics,63,0x122cb94c437ea5e6f088c6c0c143c592ab8efbed,11.23366500000111,0.0,0x122Cb94C437EA5e6f088c6c0C143c592ab8EFBed-1782168978900
2026-08-17 03:52:45,day,economics,64,0x1c3e24224559bf9cc0f8b895a305f2f30372176d,11.086300000000847,0.0,17735977
2026-08-17 03:52:45,day,economics,65,0xc8ab97a9089a9ff7e6ef0688e6e591a066946418,10.537340948649216,2943.63,ArmageddonRewardsBilly
2026-08-17 03:52:45,day,economics,66,0x5cd5c8d7a17c78d7389d8b87b611aed83322ac33,10.115857099983259,0.0,nonkenny90
2026-08-17 03:52:45,day,economics,67,0xc3daa1bb9ce85866fb1a7c3a5d02816798e641fe,10.032900000020163,0.0,harishjindal
2026-08-17 03:52:45,day,economics,68,0x2ed36f739dc5e9270a7e50f6360e3115cc5dccb0,9.99499252999999,0.0,Lilian0129
2026-08-17 03:52:45,day,economics,69,0x3a60750796a52e84da325b74c5ad5c031f296db9,9.42138806531316,0.0,hansonshen
2026-08-17 03:52:45,day,economics,70,0xbf8ca056b52d9263f22e82e4dc25797c2f1918fd,9.255000000000564,0.0,na6141mi3231bi321321a3213
2026-08-17 03:52:45,day,economics,71,0x54ff3cdfadb609067f8369e1f27fa81f87515cd2,9.113636349999979,0.0,felon23
2026-08-17 03:52:45,day,economics,72,0x74f1b8944c7b10f7239e3dda0de6b8ee42e816a8,9.110699999994267,0.0,probability
2026-08-17 03:52:45,day,economics,73,0x30fb41b5a08fff5d3dd983f6323e3343931a7db4,8.949669263855753,55.0,tradetosurvive1
2026-08-17 03:52:45,day,economics,74,0x9e88f359b9803e41420fbb13385c5ae1765c301c,8.917316154999753,0.0,YoungAlphaGoat
2026-08-17 03:52:45,day,economics,75,0x7e9d01cb8074b099ea6ab18d4889339fbe8e8f38,8.48392308999999,0.0,0x141DC90b5E77674587890DFB8E7DaEAC02ABA115-1775683426687
2026-08-17 03:52:45,day,economics,76,0xd71776a8d4fddeb3c150c4607b3f8bec31213b85,8.243180511999753,0.0,0xD71776A8d4FdDeb3c150C4607B3f8bec31213B85-1778810464493
2026-08-17 03:52:45,day,economics,77,0x0a6d26d31b28fd5a84c301f8b27296612f3b1d0a,8.155732764997992,0.0,Bikesarethebest
2026-08-17 03:52:45,day,economics,78,0x6ffdf781b9fabc368137c1d835644f12b9a6a637,8.065286904500681,0.0,ng6000
2026-08-17 03:52:45,day,economics,79,0xb56a3607e2ebf92d99cbebc386ab90e126db9e83,7.990917241500142,0.0,0xB56a3607E2eBf92D99cbEBc386Ab90E126dB9e83-1752141819539
2026-08-17 03:52:45,day,economics,80,0xcf070b9ed273abd6185a4253713ce8e64c0ec770,7.89788047500042,0.0,MaxEnt
2026-08-17 03:52:45,day,economics,81,0xaf458bee32b8f1d9ba39ee876f20c7e3ce62ec7d,7.835587362511433,0.0,fed26
2026-08-17 03:52:45,day,economics,82,0xcdb1f1ef8213c06911e4ba6a884176c5571e276c,7.719240774989885,779.26,Ahpo
2026-08-17 03:52:45,day,economics,83,0x1cfdd0ebef66247c68561a9e2b2499f6bd296d5e,7.594927500000011,0.0,0x1cFDd0EbEF66247c68561a9e2b2499F6bD296D5e-1768437796413
2026-08-17 03:52:45,day,economics,84,0xa0f21e6d351baa9185716b5c00c2925ed9621848,7.45535139250012,0.0,
2026-08-17 03:52:45,day,economics,85,0x1f85eb9c455c5bdef5d96c2739076678c7157b02,7.2772200000001135,0.0,0x1F85EB9C455c5BDEF5D96C2739076678c7157B02-1778811447702
2026-08-17 03:52:45,day,economics,86,0x6086b18f3f8d4f4579a7627d97ea1a4984e8a5f9,7.21328617064885,0.0,HarpoonSignals
2026-08-17 03:52:45,day,economics,87,0x322e7c2d41a4b4d24ab1d05a38c6da506fbabae4,7.03923999999995,0.0,ShortTheWorld
2026-08-17 03:52:45,day,economics,88,0x71f55f2605ead44c73e080b37e5d162882724cce,6.967999999999876,0.0,legendofanime
2026-08-17 03:52:45,day,economics,89,0xe4ca3841ade21e05cbd5786dd5feea5d65c01383,6.786474588999454,0.0,BASSATS01
2026-08-17 03:52:45,day,economics,90,0xf4d0b62bafd9c9bf1b4b1d9ff849568ea3be4637,6.721458399999804,0.0,64MGX75VLQ
2026-08-17 03:52:45,day,economics,91,0x92bc47f818bdd32ed25fd6b6ec3de46a7d67c8cd,6.713533334999994,0.0,feishen
2026-08-17 03:52:45,day,economics,92,0xbf4d202382ba5702721a8c43126f5f08163733ed,6.645300000000134,0.0,0xbF4d202382
2026-08-17 03:52:45,day,economics,93,0x8b8b9c565c8dca43cfb767f0f2c20b2b323d2512,6.60961500000019,11.67,0x8B8b9c565C8dCA43cfb767F0F2C20B2B323d2512-1778811726293
2026-08-17 03:52:45,day,economics,94,0x49f206f4fb2210a28af4795e4e0b6532cf0bd7b4,6.391619219999939,3.55,0x49F206
2026-08-17 03:52:45,day,economics,95,0xbd4b4ab543ebf4cab34ba798a972d8d9396d937c,6.231268775500013,0.0,shentong808
2026-08-17 03:52:45,day,economics,96,0x6fcde51b7d4f40cb1c8465a4533bda25b21e99eb,6.151299999999992,0.0,oieri
2026-08-17 03:52:45,day,economics,97,0xe2982001c13db2706d306f12faa6643f2a74784e,6.045241066000017,0.0,FIDS93
2026-08-17 03:52:45,day,economics,98,0x6c817e15231f73a58ff3fb2e7dc74a85cea94c46,5.999844711499989,0.0,DeepMoneyValue
2026-08-17 03:52:45,day,economics,99,0x2117ae94a97d69b78cbc81b6680a62deb1955c26,5.716500000000451,0.0,Zzzz87
2026-08-17 03:52:45,day,economics,100,0x7b7a1dd5d0793924884d8c05d654724caf265790,5.701148487999944,0.0,MrDraco
2026-08-17 03:52:45,day,tech,1,0x30fb41b5a08fff5d3dd983f6323e3343931a7db4,3736.6792042366533,409.8,tradetosurvive1
2026-08-17 03:52:45,day,tech,2,0x38e59b36aae31b164200d0cad7c3fe5e0ee795e7,189.9482488460053,0.0,cowcat
2026-08-17 03:52:45,day,tech,3,0xc74a96b8a834677cc2ab2dd579e525134d11f01b,161.5,0.0,Popopolly
2026-08-17 03:52:45,day,tech,4,0xf68aa066c657b1ffc4da0525169084bb303763a3,146.856300067,0.0,RooksD000
2026-08-17 03:52:45,day,tech,5,0x736539924a5602b37a03a54fc12c1cc8f98964da,145.52945810400706,1287.838822,cqk
2026-08-17 03:52:45,day,tech,6,0x745ae9cbc1784a62ebd7d9fe8b04a6f6f8f064e8,140.97924,40.0,0x745Ae9cBc1784A62ebd7D9fE8b04a6F6F8f064E8-1728502766382
2026-08-17 03:52:45,day,tech,7,0xf5c49ad254b1d53ea0b86fb285dd3f11dc800926,106.29552182599991,0.0,0xdamocles
2026-08-17 03:52:45,day,tech,8,0xc17288b275507d7e235309ea91881907d41d83bc,97.8408351,725.58,jythfg
2026-08-17 03:52:45,day,tech,9,0x8557cd0fde0d931652e52fe2422627733c0e6f88,97.70030371858195,4199.995861,rngmushroom
2026-08-17 03:52:45,day,tech,10,0x0be4c9e1beb1289d3602e4553424fcb3dfa2b548,95.08962999999994,0.0,a5DYXQMGEE
2026-08-17 03:52:45,day,tech,11,0x44725c4dfdcb50e91188285029580086d08ba648,76.55949468399999,0.0,macrobody
2026-08-17 03:52:45,day,tech,12,0x97f3f9f15c0063710c60d3ac9c40d17f4ba60eba,75.74743293499932,0.0,Investnow
2026-08-17 03:52:45,day,tech,13,0x764b305694b026c1acce7bf862c3b5456a146bad,72.26875577526516,394.285713,quietparcel
2026-08-17 03:52:45,day,tech,14,0xb2ca88cd9c431a0f1223029088beb0cf4f035fb0,63.71207293197995,2.6413,IceFrosst
2026-08-17 03:52:45,day,tech,15,0x9bc8fdff3d91cc7732f7cb5a1fe90cbc13ee3627,62.8105050500003,0.0,noddd
2026-08-17 03:52:45,day,tech,16,0xca903676c5f5561885a38a75109ba10d05a8813a,62.689678542000024,0.0,tonton69
2026-08-17 03:52:45,day,tech,17,0x49e94011df9060dcc367995892faeb193e348f85,59.593049999999494,0.0,MoonLambo1205
2026-08-17 03:52:45,day,tech,18,0x96489abcb9f583d6835c8ef95ffc923d05a86825,55.944504099999904,52.269999999999996,anoin123
2026-08-17 03:52:45,day,tech,19,0x844ef6cdd0a4d691b7a81429ee550f025aa64f41,55.275592852502996,0.0,flyfat88
2026-08-17 03:52:45,day,tech,20,0x4f1d5ae26fc31472966e951af3183308736d8de2,51.83161529499921,100.0,e46m3
2026-08-17 03:52:45,day,tech,21,0xaee811b7c7e5d961b545ac0e3f62f5f1cb181154,47.26644113299881,0.0,x1099
2026-08-17 03:52:45,day,tech,22,0xe6d7c21097f400573e8d4538dd123a001544f810,47.09784341899998,0.0,asdasdasdwow123
2026-08-17 03:52:45,day,tech,23,0x5fd5fb75eb3508531a4e9cc28642fdf84cd4382c,47.06002322974791,746.921402,User983
2026-08-17 03:52:45,day,tech,24,0x33b3b135660b97b4ba65dad30bf07c7d2281d03d,43.72753005000004,0.0,youturn
2026-08-17 03:52:45,day,tech,25,0xc3262aeb0bd81deab067726635f5b5bd39201db1,43.18601418400158,63.510000000000005,X-Rabbit.Sezu
2026-08-17 03:52:45,day,tech,26,0x564f22744b7941ade18d5e0e4f347c30e3057026,41.37635919467539,351.26,molodoyy
2026-08-17 03:52:45,day,tech,27,0xbc174c15f1b87b7a5c78bd221ca537df442652e6,41.030035329999976,0.0,tonybestone
2026-08-17 03:52:45,day,tech,28,0x3d7a3f885fde220763aba4a0db32439611bab2e4,40.12238985499998,0.0,Chrismactom
2026-08-17 03:52:45,day,tech,29,0x3f122386af5ffeac84aadb41458458a25d5adcef,39.751339875,0.0,jtallum
2026-08-17 03:52:45,day,tech,30,0xac4a1fabdac2438d6afa2a9e8e83845310a0bf1e,39.24308115900294,0.0,HerrieDavis
2026-08-17 03:52:45,day,tech,31,0x2f63dbd36cfff1952a88d9f704bd58bcb78cf247,35.63774999999998,0.0,Eric018
2026-08-17 03:52:45,day,tech,32,0x83733b87090cf97aee473b1000beb9bfab7af0bc,35.423221076905975,58.932491,merod
2026-08-17 03:52:45,day,tech,33,0x5efe3c04dbc8e0f63260d3984db311128ceb5f55,34.563884234,0.0,ammarb
2026-08-17 03:52:45,day,tech,34,0x97ead83eb0e6b7f142e63284791882f05ddf3363,34.10105000000044,0.0,Hakei.
2026-08-17 03:52:45,day,tech,35,0xf186449663da29a6eb7e2a14a62d2c5fc2ac09b0,33.79526411792796,468.6,Computerdude111
2026-08-17 03:52:45,day,tech,36,0xad5353afe30c2da57709e2704ef3ccdcf67eef24,32.42230182540129,632.6493959999999,AJSV
2026-08-17 03:52:45,day,tech,37,0x7dd0ef80b582891d0961ec9cfc65a4d8cae12b4b,31.758641085001727,0.0,horatio
2026-08-17 03:52:45,day,tech,38,0xb52245e13bb87b4f2db64c13a9f761222e323ebb,29.801159912499998,0.0,0xB52245e13Bb87b4f2db64c13A9F761222E323eBb-1772155836970
2026-08-17 03:52:45,day,tech,39,0x6d72f7e301387efd393a93d4d92c40f0230fa399,28.141604999999913,0.0,qqqmmmccc
2026-08-17 03:52:45,day,tech,40,0x652bff901f401f22b2da47ad1c5c4b5870b3f5c2,27.41254135999975,0.0,0x652bFf901f401Fdhsk342kdjfnfk029abks13
2026-08-17 03:52:45,day,tech,41,0xc5187cb669690150643ba2f9aac6b7d98d212594,26.329543292580638,671.491404,mustbethewater
2026-08-17 03:52:45,day,tech,42,0x4ffe49ba2a4cae123536a8af4fda48faeb609f71,25.966443336500333,253.724,planktonXD
2026-08-17 03:52:45,day,tech,43,0x1c443f3c818321b17cbd866fa2dce067b7856021,25.899818255999996,0.0,0x1C443f3c818321b17cBd866FA2Dce067b7856021-1771508334725
2026-08-17 03:52:45,day,tech,44,0xa3e22cd32aa9238ef7dbcfb4761e33b9eaa1fdf8,25.717813162496896,104.0,pootytherewardfarmer
2026-08-17 03:52:45,day,tech,45,0x2cfe7302d69d3eaec0b39a0da170c20740b0e4de,24.98935999999992,0.0,algo168
2026-08-17 03:52:45,day,tech,46,0x37d1cb1825dae7043e15c4ac6987e0c61ece6caa,24.577075000001287,0.0,zee3617
2026-08-17 03:52:45,day,tech,47,0xd32ce89f16509d3c8f8b5e9750305a5b2bc2a4c2,24.109026511443517,706.0258609999998,
2026-08-17 03:52:45,day,tech,48,0xed71335ec71385e5b7553aa180dd68fbb379d7ce,23.758264999999938,0.0,6F456F7474666A7479
2026-08-17 03:52:45,day,tech,49,0x55338c4b64daac712203ff9c23c1b55c7d1b8220,22.986321437,0.0,0x55338c4B64DaaC712203ff9c23c1b55C7d1b8220-1773668900189
2026-08-17 03:52:45,day,tech,50,0xb89f5425341719d298dc2f5b9a92374f5fde1c44,22.94939623499522,1012.03,iutwpfal
2026-08-17 03:52:45,day,tech,51,0xe41adddfd269f811c8dc173237ed8c4f213d29bd,22.773065000000088,0.0,0xE41adDdfD269f811c8dc173237eD8C4F213d29bD-1786041153188
2026-08-17 03:52:45,day,tech,52,0xdbd028b4afcb6fe1e30c55fb65f59a1133d58c1c,22.70385000000001,0.0,8dcc906a9b
2026-08-17 03:52:45,day,tech,53,0xa58d4f278d7953cd38eeb929f7e242bfc7c0b9b8,21.16962396200188,96.74,AiBird
2026-08-17 03:52:45,day,tech,54,0xa7d2ec6680f4e5f6ab0da244d8006eec3e20f954,21.132505465001486,0.0,KiruaTrading
2026-08-17 03:52:45,day,tech,55,0x0cc7d88b8890e876766666de07f8cad98778bc74,21.132270913999996,0.0,arbokbro
2026-08-17 03:52:45,day,tech,56,0x6630c34aa5836d4610fb6303d0ee9d966cd42f4e,20.916948375000175,0.0,garlictrump
2026-08-17 03:52:45,day,tech,57,0x5e84743ad0515699b7adf2588de4c3032d538e88,20.77811665999934,0.0,Cbb.
2026-08-17 03:52:45,day,tech,58,0x97cf8743ddf387db269a76941b6af1d26974c6eb,20.5664156164994,0.0,0x97CF8743dDF387dB269A76941B6aF1d26974c6eb-1769747285159
2026-08-17 03:52:45,day,tech,59,0x8633914ff98cbb83e95344da0d25015753458c5f,20.309399999999982,0.0,0x8633914ff98CbB83e95344da0D25015753458c5F-1782962354787
2026-08-17 03:52:45,day,tech,60,0x162f6fff88a52864f2ecc9833e58089d5254798d,20.24563767749987,0.0,Valen9
2026-08-17 03:52:45,day,tech,61,0xc106f47caa3294c1ff20c19bafe784dc33633054,20.24285704999997,0.0,0xc106f47caa3294c1FF20C19bAfE784Dc33633054-1783164243345
2026-08-17 03:52:45,day,tech,62,0xd7d8677f469adef42c6499e554bc6c4085b519e6,20.17165999999999,0.0,scottylee
2026-08-17 03:52:45,day,tech,63,0x81525952f172646a4104030e9a9ef1e769c7bfda,19.780899999997928,0.0,KimJonEn
2026-08-17 03:52:45,day,tech,64,0xe562cfbf7b3292e0deb29a5b8fd3c38af4794fa9,19.45534572349993,0.0,Hyp3rion
2026-08-17 03:52:45,day,tech,65,0x241ff966f22080fbee3928e194763e575847e15a,18.150449865000155,0.0,0x241F...e15a
2026-08-17 03:52:45,day,tech,66,0x2b9d677d75d42c4f08624816e298d251e8c795f4,18.142525331225443,450.13,GuyFromTinder
2026-08-17 03:52:45,day,tech,67,0x662d2de7b6eb00f8361fd6b1bda6c691840015d7,18.023899509999865,0.0,0xf49E055B56D2797319CaB6Bc71D5D17E3fd806D9-1768986344586
2026-08-17 03:52:45,day,tech,68,0x77c606e99f73da5df4ebbf8128400f612e5b8019,17.427097780000054,0.0,oracle1
2026-08-17 03:52:45,day,tech,69,0x03805a13a0b3e058f55f6c6af95389d4f431073d,17.141703393514035,46.96,donthackme
2026-08-17 03:52:45,day,tech,70,0xf797d4d1c038d1eb0593edae0e66bf8e4b2e0bf2,17.037834123999232,0.0,DerDon
2026-08-17 03:52:45,day,tech,71,0x613b668ef24d3a37417cb5756c5943cae761da44,17.03137737994416,0.0,613b668ef24D3A37417cb5756c5943cae761DA44.
2026-08-17 03:52:45,day,tech,72,0x2564f113776b17215b8c2a69afb35ae29713f258,16.220904008256014,21.077156,79fsdfs
2026-08-17 03:52:45,day,tech,73,0x9ca5473ee7b2f9ceb185a0dfb247206d1b915881,16.042009999999987,0.0,rgbpanda
2026-08-17 03:52:45,day,tech,74,0xb41ead279375742d6c2a1a2239bdce56376411fd,15.904297326242045,40.0,b41eAd279375742D6C2A1A2239Bdce56376411fD.
2026-08-17 03:52:45,day,tech,75,0xa2770432a5e6bd24c347c976b0d815db1f2c1182,15.536493295000014,0.0,0xA2770432A5E6Bd24c347c976b0D815db1f2C1182-1760945846787
2026-08-17 03:52:45,day,tech,76,0x44dabe09f4c0d31435be1df63ed299e5207fe225,15.037041662499519,0.0,M8880
2026-08-17 03:52:45,day,tech,77,0xf9712c6d06a0e6527ae7f85c9d540158e1a40a57,14.001545930000134,635.5,rocky42013
2026-08-17 03:52:45,day,tech,78,0xefa5ab06e3252dd8f3174b64383252b5c55224a6,13.450000000000728,0.0,wwf123
2026-08-17 03:52:45,day,tech,79,0xa65ccb877d2cb355dc74ad3be7134de30ac732fb,13.40985439500001,0.0,Metusalem
2026-08-17 03:52:45,day,tech,80,0x45e6df48ccf5d1773d509c97052f819690cec078,13.326361347000045,65.0,0x45e6Df48cCF5d1773D509C97052F819690cEC078-1782111207998
2026-08-17 03:52:45,day,tech,81,0x510f4963b66b1b18505faab74b0bb943d1dda43c,13.314624648862889,601.4499999999999,PPMT
2026-08-17 03:52:45,day,tech,82,0xd8f858c3fee9d0642879bdb1646341c14bda63fe,13.134621452999998,0.0,Anon9283764
2026-08-17 03:52:45,day,tech,83,0xe9076a87c5ed90ef16e6fe6529c943baeca0cff6,12.94090424100159,0.0,suntori
2026-08-17 03:52:45,day,tech,84,0x17d60b530b0999e04097eefe601ce3a66094e3ed,12.819969989999976,0.0,artfart
2026-08-17 03:52:45,day,tech,85,0x659db5d7c035771e1b1b3243e544207bae71a037,12.760399999999947,0.0,0x659db5d7C035771e1b1b3243e544207BAE71a037-1744115964414
2026-08-17 03:52:45,day,tech,86,0xd1049158a102840ce595efc6ab683a0cb6fbacef,12.5,0.0,pilimili
2026-08-17 03:52:45,day,tech,87,0xcf02759db54c561b47c9aa230bfb2f1249eb7023,12.27887500000088,0.0,wwf001
2026-08-17 03:52:45,day,tech,88,0x0362bb926368b144e0ff98f6828a251e4cb6449e,11.602871032500161,0.0,varch01
2026-08-17 03:52:45,day,tech,89,0xd035fd5f4d6bec4a73dc2fc11fe35c13c3acf165,11.466065682499988,0.0,rocky42023
2026-08-17 03:52:45,day,tech,90,0x3997c7330b2033f81f158051d61981f782fbdd0f,11.298725000000559,0.0,SteveBlame
2026-08-17 03:52:45,day,tech,91,0xd8d5289c35124b5353f5a10a28b8cc29aec38935,11.27820499999973,0.0,D8D5289c35124b5353f5A10A28B8cC29aEC38935
2026-08-17 03:52:45,day,tech,92,0xe196f3eb5f678958d5ed8df5bf666d7dab5e5d47,11.212121210999996,0.0,justrun86
2026-08-17 03:52:45,day,tech,93,0xcdf82242c9984bd8d274085ab54165633c54b8ea,10.83774500000004,0.0,momo513
2026-08-17 03:52:45,day,tech,94,0x43cb4ae1f4ddc9e671486c79c9f40a6fd98b84df,10.767212905498582,0.0,0x43cb4Ae1f4dDC9E671486C79c9F40A6fd98B84Df-1761656284271
2026-08-17 03:52:45,day,tech,95,0x5d25d5325c5c1b0ed0f46d71660786866561b703,10.64070000000001,0.0,
2026-08-17 03:52:45,day,tech,96,0x66e7ce01c6831b8a2503d09edd6167152ee68bcd,10.59634831999999,0.0,0x66E7ce01C6831B8A2503D09eDD6167152Ee68BcD-1771870353938
2026-08-17 03:52:45,day,tech,97,0xb1e1a263cd4059e67432c4fb84ce67527b17ebc3,10.524453735000009,0.0,puckzhao
2026-08-17 03:52:45,day,tech,98,0xfc1490c043e5ed6ec2ce7ea003e6b540b0eb2e9b,10.516510000000153,0.0,darthgeek
2026-08-17 03:52:45,day,tech,99,0xa58f1b12615a81473f8668bed71019ea6650fd67,10.087897760000033,0.0,telaviv
2026-08-17 03:52:45,day,tech,100,0xca12d28728c46d3484395243f5f842f2c321ea03,10.07134523149989,0.0,chaosj88
