timestamp,timeframe,category,rank,address,pnl,volume,userName
2026-09-13 08:07:05,day,overall,1,0xfe787d2da716d60e8acff57fb87eb13cd4d10319,156601.02099483577,1050946.7808150004,ferrariChampions2026
2026-09-13 08:07:05,day,overall,2,0x8a8685a792c184e5c2ee8c7d4d4baba7c2c94998,142842.91010492458,629571.397073,BrotherObama
2026-09-13 08:07:05,day,overall,3,0x918b42a06ff25eaaa4a79eca9da6a9de46f4ea63,97473.18330519302,0.0,OhWhenTheReds
2026-09-13 08:07:05,day,overall,4,0x2a69660046d7acc4ab204d7cc5ba78b0776cd2f7,83978.89079009404,948810.9311830001,UpTheBlues
2026-09-13 08:07:05,day,overall,5,0x67542c3219b37fd1610aad290676ff91cdbfe3bc,81007.30752506782,218488.604495,maz26
2026-09-13 08:07:05,day,overall,6,0x83720820a8aa6c3f20ad71850e7a1a17d16c5223,59020.385642200505,84999.978574,Jsram
2026-09-13 08:07:05,day,overall,7,0x2dc13c6bda81b202281e796953a7323de675b33c,57608.69450000004,108695.65000000001,xifutloong3
2026-09-13 08:07:05,day,overall,8,0xe9b710551dd82a44e79203c2394a2b10163ace7b,42348.97118021996,87286.99,googleplay
2026-09-13 08:07:05,day,overall,9,0x6db568e61e5e3de7d87f831431b673f38ce2e279,38507.67195331096,176992.46701,
2026-09-13 08:07:05,day,overall,10,0x86e99faea12fccd8925de5d9f052471baf7a4cdf,37871.896316530845,157608.838255,JUSTINHERBERTMVP
2026-09-13 08:07:05,day,overall,11,0x821dab0565ebf5b327f51db06223fdcfe01acf16,34112.597881223715,1125325.3998249995,Flaznorp
2026-09-13 08:07:05,day,overall,12,0xc6db26de29890d6847ea1b1bcfee08363f2cbd77,33833.573099760004,0.0,MoiScreener
2026-09-13 08:07:05,day,overall,13,0xb7271c112cbd83eb4c1ef1b554ff963604ae2a9d,33725.72000085018,0.0,Elaran1993
2026-09-13 08:07:05,day,overall,14,0xdd7e989aee938a94a878256f00d1121be1760be3,32514.55152746119,92288.338372,SS787878
2026-09-13 08:07:05,day,overall,15,0xff9449f0fe216cf568f67559337eac3a20be8c4b,29160.69437843543,76590.53869500001,12354
2026-09-13 08:07:05,day,overall,16,0x91feec8af2b517f024d91564ee108d707cc0c1c6,27327.075111404876,138866.11415699997,NordhavenCap
2026-09-13 08:07:05,day,overall,17,0xd6966eb1ae7b52320ba7ab1016680198c9e08a49,25986.841561238987,4371.43,Painfulvoid
2026-09-13 08:07:05,day,overall,18,0x5268527977f700f9bf9b6d5cd843859e4e70135d,25726.928742549382,624255.4879620003,HomeRunHazard
2026-09-13 08:07:05,day,overall,19,0x8f8c0eb3c2450ae709c2369bb61dd1b049e9e275,21764.18607260252,0.0,timezonewarrior
2026-09-13 08:07:05,day,overall,20,0xec981ed70ae69c5cbcac08c1ba063e734f6bafcd,19158.08587639033,138457.934287,0xheavy888
2026-09-13 08:07:05,day,overall,21,0xdd7e989aee938a94a878256f00d1121be1760be3,32514.551527461175,92288.338372,SS787878
2026-09-13 08:07:05,day,overall,22,0x821dab0565ebf5b327f51db06223fdcfe01acf16,31500.105435063757,1182689.8245859994,Flaznorp
2026-09-13 08:07:05,day,overall,23,0x5268527977f700f9bf9b6d5cd843859e4e70135d,30378.83376890933,627325.1179620003,HomeRunHazard
2026-09-13 08:07:05,day,overall,24,0x0d18e30e252008d83f51dae00d36873ddd9e24a6,29726.538636999903,0.0,MonsieurDimanche
2026-09-13 08:07:05,day,overall,25,0x91feec8af2b517f024d91564ee108d707cc0c1c6,27343.835258444597,138866.11415699997,NordhavenCap
2026-09-13 08:07:05,day,overall,26,0x0f35109cc3ceaf729609c3109310791bd616c84a,27254.641563996673,0.0,
2026-09-13 08:07:05,day,overall,27,0x2117ae94a97d69b78cbc81b6680a62deb1955c26,26269.987838104917,106452.69,Zzzz87
2026-09-13 08:07:05,day,overall,28,0xd6966eb1ae7b52320ba7ab1016680198c9e08a49,25905.367561240222,4371.43,Painfulvoid
2026-09-13 08:07:05,day,overall,29,0x782186952ef2ca75ea91c95aef25bbdcffb4bb1a,23607.80041509901,0.0,thif - 33063
2026-09-13 08:07:05,day,overall,30,0xab444cf90149a8128eb510099e5917f521547ffe,23402.723535067213,109048.792219,solo88888
2026-09-13 08:07:05,day,overall,31,0x8f8c0eb3c2450ae709c2369bb61dd1b049e9e275,21764.18607260252,0.0,timezonewarrior
2026-09-13 08:07:05,day,overall,32,0xec981ed70ae69c5cbcac08c1ba063e734f6bafcd,20659.70829616644,192581.561229,0xheavy888
2026-09-13 08:07:05,day,overall,33,0xd3b034d7bfb2473fb252d0414646d9786bac329e,19697.812217707047,88461.74255600001,Sunshine.Smile
2026-09-13 08:07:05,day,overall,34,0x684299e6ac5595ff7f78f1f1edc97e77fea420d0,19020.781629765555,68900.934721,ColinHe
2026-09-13 08:07:05,day,overall,35,0xce7df94b3aecfdfb6f58edb8626a225494eb898e,18406.33490291277,143542.48491899998,sdfqq1
2026-09-13 08:07:05,day,overall,36,0x95b198f900d19a80d3d7e47b7b17708af254f9ac,18124.591877,0.0,thepicklebomber - 3805
2026-09-13 08:07:05,day,overall,37,0x7f8e1877a0907f2b2c7cabf8bdb2e2a8f3854487,18123.410000000003,36986.551022,ratatatatatatatataaaa
2026-09-13 08:07:05,day,overall,38,0x7ad71d79a3bb90d0a87a06500fa0fe11663842aa,17964.22353322507,0.0,theowalcott
2026-09-13 08:07:05,day,overall,39,0xe72bb501df5306c75c89383d48a1e81073fbb0a0,17500.543211161064,98600.0,norrisfan
2026-09-13 08:07:05,day,overall,40,0x52ecea7b3159f09db589e4f4ee64872fd0bba6f3,17394.258015305495,193782.78514599998,fkigedgjdgwbg
2026-09-13 08:07:05,day,overall,41,0x3a8aa345d5db7ec5138298c8c4f4540259be7699,17204.818978628136,16862.173326999997,TheReturnOfDarthMaul
2026-09-13 08:07:05,day,overall,42,0x9a3fa403a6666eef75f92f181fcf13f9c051914a,16324.677323852424,6892.719349999999,Rex416
2026-09-13 08:07:05,day,overall,43,0xf0b6a8ebfa3a626337cc45e8eed30eaafb182fef,15251.978665837698,83330.029699,retordedgremlin125
2026-09-13 08:07:05,day,overall,44,0x3471a897e56a8d3621ca79af87dae4325977f17e,14890.368490532623,129199.81807000001,xytest
2026-09-13 08:07:05,day,overall,45,0x2bf2393f6b562ff665b9e2c8950d3a3cf5043a9e,14814.609403290588,46692.606005,a4ccv1dagv
2026-09-13 08:07:05,day,overall,46,0x7fb23b0d330ea4ac4f3cecce1eb81fb0bfb3ed4b,14768.168525000005,0.0,
2026-09-13 08:07:05,day,overall,47,0x4f70929ba287ac85dc2431c85382ccd9e6b0d185,14234.245540374075,0.0,Lance Uppercut
2026-09-13 08:07:05,day,overall,48,0xfa8850079e893d6b86d90e73672810a543af85a5,14103.216544054521,40961.196757000005,spacevoid
2026-09-13 08:07:05,day,overall,49,0x0a230a16ffd4ef3a57745806b521d95d8d003253,13935.559890000004,49100.22,0x0A230A16FfD4eF3A57745806b521D95d8D003253-1779081836664
2026-09-13 08:07:05,day,overall,50,0x2d395d11014415644fe9a8599fe050e7f3a06053,13703.164875194256,140985.702652,minji
2026-09-13 08:07:05,day,overall,51,0x6f6589b77c36b94c2a1304dfd40f44310725172c,13530.13910320781,15386.942308,jdfngkdjfnfd
2026-09-13 08:07:05,day,overall,52,0xa2c908ce8b8386bc8c5471120c5a662551332c23,13461.95352350668,0.0,jaytee158
2026-09-13 08:07:05,day,overall,53,0x081e14554b92ee3dc53a21bd5b01f306692ef76e,13459.197191952022,62297.878662,RebornAthena
2026-09-13 08:07:05,day,overall,54,0x27f738fe203827445690339104aae35b20bc44b0,12967.881575959851,16353.44,ic4cream
2026-09-13 08:07:05,day,overall,55,0x9d84ce0306f8551e02efef1680475fc0f1dc1344,12431.165104561323,34664.482553999995,ImJustKen
2026-09-13 08:07:05,day,overall,56,0xa797d6bd8fe6e404bb4d8e4ab3d97c38336fdede,12302.521232461091,246348.83073500003,LonnieHawkins
2026-09-13 08:07:05,day,overall,57,0x19ae9efef67c685a8581d631d99267b1ff10395c,12080.407840882664,30205.983177,MaoZeDonK
2026-09-13 08:07:05,day,overall,58,0x4bff30af91642dc7d2b19a8664378fe55c45fc26,11515.613838999998,26191.891384,Sassy-Bucket
2026-09-13 08:07:05,day,overall,59,0x21ffd2b7a212a6f277ed3eca1a9f8efcbca90d71,11446.058531589193,93211.56346,Haradwaith
2026-09-13 08:07:05,day,overall,60,0x7b023e54b7e217d16784ec8faa71e5dae0221fdd,11328.516550740009,0.0,shadyjdz
2026-09-13 08:07:05,day,overall,61,0xa4b7b1814b0da33f2b61be4939976898aa476008,11233.040085097542,22435.068933000002,midwicket72
2026-09-13 08:07:05,day,overall,62,0xa2b5bafa01d0f81926a2a88e5628a95b59fc4582,11114.31113641942,68174.030824,BruceWayne77
2026-09-13 08:07:05,day,overall,63,0x6d3c5bd13984b2de47c3a88ddc455309aab3d294,11082.616184570184,587069.4319710002,VeryLucky888
2026-09-13 08:07:05,day,overall,64,0x84fbaa0a94c4112b871e3ca039d1d2eb5603675e,11032.42860486098,48837.994082,invorser
2026-09-13 08:07:05,day,overall,65,0x457f2814dac53a0a9951b5c2ea5a9db20896aa1a,10917.693850631913,3510.77,Greedo
2026-09-13 08:07:05,day,overall,66,0xa9801c16fd3fa7345916172a60951b3ba2d38080,10906.483058737496,0.0,patma
2026-09-13 08:07:05,day,overall,67,0x5e5175106a7dbbd92b10f1b56458fc8c1bdd42ce,10763.90480536528,27168.533688,0x5E5175106a7Dbbd92B10f1b56458Fc8c1Bdd42ce-1730865746538
2026-09-13 08:07:05,day,overall,68,0x1d1ade627d0bb0205758580b20d808573e720df6,10734.181994680432,0.0,Pwaddler
2026-09-13 08:07:05,day,overall,69,0x66b23cd8bcb651e11b70f6f340ce154864870fdf,10694.469299174993,59899.961115,donaldbush
2026-09-13 08:07:05,day,overall,70,0x701187150980c2421bc3c87a74dbdef31d75c6da,10533.911902044847,56967.481167000005,Electricy
2026-09-13 08:07:05,day,overall,71,0x602785cdf56a03221130d3d42a577ac6cf444320,10175.634022005033,456.99075500000004,lpcapital1
2026-09-13 08:07:05,day,overall,72,0x322f041810cee536293dcb4c99fc23b3a766940a,10043.226767999935,0.0,Sports
2026-09-13 08:07:05,day,overall,73,0x1cfc260bfa2b5ae89377863180ca3b4f5c862111,9751.606957294978,42415.26296099999,lissartter
2026-09-13 08:07:05,day,overall,74,0x0c9f6c0cff9e6e1bb37ac977ca51e49fe7585f5a,9678.552342034985,64238.035011,CCCYS
2026-09-13 08:07:05,day,overall,75,0x381b9294c1b95b61d018ff56312fbcc4897c4d74,9674.251664870011,56000.0,hansama231
2026-09-13 08:07:05,day,overall,76,0x7cb6f070068633886c131b867b4696668f952252,9455.141868927396,30799.865269,Zlatan1233
2026-09-13 08:07:05,day,overall,77,0xe0eeb30d92eb2a995fc82b4e58def02c53e6fa3f,9426.288296831111,0.0,predictor - 3335
2026-09-13 08:07:05,day,overall,78,0xd202bf6d89dc6bab1b9f00ead175f75466348973,9281.676082279999,79743.14382799999,meoooow
2026-09-13 08:07:05,day,overall,79,0xa080dadd87036ad01dbf5e9c254b0c3dbdba234f,9252.873452757602,23937.202222,bands1
2026-09-13 08:07:05,day,overall,80,0xbc75cabb772f1da1c1772430620da0174c453f69,9250.245060661007,0.0,unknwnfnd
2026-09-13 08:07:05,day,overall,81,0x705b892056ddf0bad1c60740186ae91b1a6d2805,8909.785931275517,36399.941769,0x705B892056ddF0BAd1c60740186Ae91B1a6d2805-1788250233658
2026-09-13 08:07:05,day,overall,82,0x076daa87c4fe1a85402a9b6b8e0a866224388d4c,8850.026236717375,160881.230829,
2026-09-13 08:07:05,day,overall,83,0x1d6ef147b22c3bdfa227554434fb1cdd1ca415f0,8805.83094763798,13870.957964,rebirthbaku
2026-09-13 08:07:05,day,overall,84,0x6e9f61710b1703bb7e0ef7ebe1323c443a1d0eae,8624.994250000018,0.0,PetsViljandist
2026-09-13 08:07:05,day,overall,85,0xfefaf44054fb92d87882f2bd24bddbd163487bed,8476.656117000006,0.0,vivaFujimori - 33031
2026-09-13 08:07:05,day,overall,86,0xf48597e74fa832880a954461860b939d2fad03ae,8389.983417812997,59999.967454,urobang
2026-09-13 08:07:05,day,overall,87,0x282f81747948a90105d944b5a5a2043825d67c4e,8278.266308056887,26048.564258,lzh1
2026-09-13 08:07:05,day,overall,88,0xae95a2fd8df6b5e621d583157d47412a6b066579,8274.744259000174,0.0,draintheswamp!
2026-09-13 08:07:05,day,overall,89,0xe390b3f7cdbd7d9821c080bbe460a2814770e80f,8115.537299999996,10000.0,AppleTiime
2026-09-13 08:07:05,day,overall,90,0x09fb8ab5f70b2140511c366451e0f02c3c10d01c,7974.457056000003,0.0,mkiaz - 1025
2026-09-13 08:07:05,day,overall,91,0xe6bff499390d0988f81967d095925b44aad38380,7936.010101375054,9200.0,CHACHA125655
2026-09-13 08:07:05,day,overall,92,0x9cf7ddc18086e4377820a881a81648d23a808c87,7880.844982999961,16095.78,KAPWV
2026-09-13 08:07:05,day,overall,93,0x74b75e8436613e36fac0e007a01dfd33753d8b0b,7825.28612276242,75971.723033,RNGUzi
2026-09-13 08:07:05,day,overall,94,0xeb34b86ca3ca64eb3cee6c9a0cce668385df7268,7706.374306938635,173247.46959000002,kneelbeforetheking
2026-09-13 08:07:05,day,overall,95,0x1f682adb9a5cf101bcf53a7cd00bc2c594f7c9b3,7677.93231,0.0,0x3177d25a95524e6d98843c78cd604b67fb1b92b9
2026-09-13 08:07:05,day,overall,96,0x17cb6a89c4276a7403e18126957d121a34353ab8,7603.033135654634,2712.257728,0xsven
2026-09-13 08:07:05,day,overall,97,0xc44f432b014f36679e13615f95996eac32bbd49f,7480.382865022115,39999.908374000006,Zywoo123
2026-09-13 08:07:05,day,overall,98,0x197c2c31027a6e4ae970b8b23b14fdc7ee95e025,7426.522148528868,24681.09197,
2026-09-13 08:07:05,day,overall,99,0x7668efbca0df8195ba199d3e19cb768e8b3779ec,7415.5637369999895,0.0,
2026-09-13 08:07:05,day,overall,100,0x44c1dfe43260c94ed4f1d00de2e1f80fb113ebc1,7027.8372065317235,0.0,aenews2
2026-09-13 08:07:05,day,politics,1,0x21ffd2b7a212a6f277ed3eca1a9f8efcbca90d71,11581.407922622566,35292.298285000004,Haradwaith
2026-09-13 08:07:05,day,politics,2,0xa9801c16fd3fa7345916172a60951b3ba2d38080,10906.483058737496,0.0,patma
2026-09-13 08:07:05,day,politics,3,0xbc75cabb772f1da1c1772430620da0174c453f69,9250.245060661011,0.0,unknwnfnd
2026-09-13 08:07:05,day,politics,4,0xa3a417e434923aeaf97afe9a61b10ff9364e5106,6781.525886678486,137384.83736,0xC03cE4d8Af842Ca6251Ac57228B3Ffb166ed50A
2026-09-13 08:07:05,day,politics,5,0xcf19c420814435ffb1c459588208ed23a7ee6402,5940.703312621568,94.88999999999999,PantheraUncia
2026-09-13 08:07:05,day,politics,6,0x3a8aa345d5db7ec5138298c8c4f4540259be7699,5633.26182900749,0.0,TheReturnOfDarthMaul
2026-09-13 08:07:05,day,politics,7,0x9e7296fc4776144f60db9a5943ff2051696599c4,4106.089017972998,0.0,carlos484
2026-09-13 08:07:05,day,politics,8,0xfb83a2228c1b4ec7dd84c4bf95c9b7a3883477ee,3796.4698075874976,0.0,stopgrowing
2026-09-13 08:07:05,day,politics,9,0xb0e74df9430a089aa102e2207af5fde1967439d2,3162.4159654857067,0.0,
2026-09-13 08:07:05,day,politics,10,0x35dc385c3a2ef468a429a9c2b04a56849296b9ef,3101.0357461895,0.0,liruihao
2026-09-13 08:07:05,day,politics,11,0xb8e32d575b8d360f90bcc95596e9a0bee444aaf2,2832.666893810494,0.0,Jan777
2026-09-13 08:07:05,day,politics,12,0xbacd00c9080a82ded56f504ee8810af732b0ab35,2819.0467294858536,3665.0,ScottyNooo
2026-09-13 08:07:05,day,politics,13,0x9703676286b93c2eca71ca96e8757104519a69c2,2691.4015418701165,0.0,AnonymousUsername
2026-09-13 08:07:05,day,politics,14,0x0c2619b92cd24c8d7f347244cba2af3275f1d223,2617.8130448497104,61962.004419,tugator
2026-09-13 08:07:05,day,politics,15,0x408d2db0626f5d16bc4f7c974702c63b6bfbaa38,2561.6073749999996,0.0,ameiro
2026-09-13 08:07:05,day,politics,16,0x31c518f864d1394361fec967b3daa9093a86ede4,2507.820011247495,3440.0,BTCGambler247
2026-09-13 08:07:05,day,politics,17,0xdf17f4a8dd01a4cfa6fc3da323a2baee5f8697d1,2375.9809660556493,60473.724824,Harluc
2026-09-13 08:07:05,day,politics,18,0x764b305694b026c1acce7bf862c3b5456a146bad,2303.655488025528,517.689108,quietparcel
2026-09-13 08:07:05,day,politics,19,0xb1ca909e848cc24ec4e220ce1c453bc290c51705,2175.3713127541705,9164.128583,GrandeFromage
2026-09-13 08:07:05,day,politics,20,0xc8ec6d4cef5c5fe8409ef69303c37f05b678e8f1,2058.462829784,0.0,Hugewinner
2026-09-13 08:07:05,day,politics,21,0x011f2d377e56119fb09196dffb0948ae55711122,2024.3636058258126,196060.397164,11122
2026-09-13 08:07:05,day,politics,22,0x629bc4a1e53e1d475beb7ea3d388791e96dd995a,1971.9172186693177,3417.049239,lava-lava
2026-09-13 08:07:05,day,politics,23,0x96489abcb9f583d6835c8ef95ffc923d05a86825,1940.4824192384258,22745.022114999996,anoin123
2026-09-13 08:07:05,day,politics,24,0xa0f21e6d351baa9185716b5c00c2925ed9621848,1877.2939064763777,1407.949153,
2026-09-13 08:07:05,day,politics,25,0x6cf9666d226fd3d660667f309eda8e1d56e79d9f,1874.9973076125013,0.0,Cartel
2026-09-13 08:07:05,day,politics,26,0xbf4d202382ba5702721a8c43126f5f08163733ed,1631.1547318464654,0.0,0xbF4d202382
2026-09-13 08:07:05,day,politics,27,0x9df5166f93d6a65ac3c3428d8644b2e7175361e1,1623.3353024899952,0.0,novice99
2026-09-13 08:07:05,day,politics,28,0xfbd8c9c22ca76b3662d0e53a4f79719fdc684027,1588.4009824902168,2779.0,0xfBd8C9C22cA76B3662d0e53A4f79719FDC684027-1779347618060
2026-09-13 08:07:05,day,politics,29,0x312ee6a5878a5582e8f96700e6268171bf9d8604,1573.7927045260003,0.0,0x312Ee6A5878a5582e8f96700E6268171BF9D8604-1773448361331
2026-09-13 08:07:05,day,politics,30,0x9d84ce0306f8551e02efef1680475fc0f1dc1344,1561.9412843063474,2320.9906050000004,ImJustKen
2026-09-13 08:07:05,day,politics,31,0x9c987f84d18a4dd640909409b31212fbb805f4f4,1556.0334610039718,0.0,Moonshot1019
2026-09-13 08:07:05,day,politics,32,0x6efcf8f2bb054057ae8b044fb9a746b13b61c98b,1513.950271310001,0.0,jianyang69
2026-09-13 08:07:05,day,politics,33,0xcd71fd5370880f3d92bb941e628c05840fe0d127,1510.900617116422,188.666667,Kevindoto
2026-09-13 08:07:05,day,politics,34,0x62cf46cd4c3af254dccfc37a7f93de265b4b5826,1507.7428118145617,694.5094130000001,eCash
2026-09-13 08:07:05,day,politics,35,0x705d65de7b5b656053f31a20911fbde214b03438,1507.090440000502,0.0,goldeye
2026-09-13 08:07:05,day,politics,36,0x8575467a6743c81ef0a8d06acc76e99b454a87fe,1477.2223524883912,4999.61,products
2026-09-13 08:07:05,day,politics,37,0x4f1d5ae26fc31472966e951af3183308736d8de2,1428.0890991676133,1788.82289,e46m3
2026-09-13 08:07:05,day,politics,38,0x1d379e322ef813587a3e13ad79857c45edc7f4a4,1393.0878889049927,0.0,OverlookHotel
2026-09-13 08:07:05,day,politics,39,0xf17cd97d0316fd7c57b38db85a35548fd8a70c29,1357.093904930498,0.0,Natstar777
2026-09-13 08:07:05,day,politics,40,0x5739ddf8672627ce076eff5f444610a250075f1a,1344.1466522652772,2102.91,hopedieslast
2026-09-13 08:07:05,day,politics,41,0xe0baae7e7f862a408a662338cf9658b1ed3dfa03,1321.2710364185004,0.0,0xE0baAe7e7F862a408A662338Cf9658B1Ed3dfa03-1771731668963
2026-09-13 08:07:05,day,politics,42,0xe9076a87c5ed90ef16e6fe6529c943baeca0cff6,1306.6724493306792,151.258102,suntori
2026-09-13 08:07:05,day,politics,43,0xdbade4c82fb72780a0db9a38f821d8671aba9c95,1260.9625897565857,0.0,SwissMiss
2026-09-13 08:07:05,day,politics,44,0xdfe3fedc5c7679be42c3d393e99d4b55247b73c4,1258.0618366784183,0.0,cqs
2026-09-13 08:07:05,day,politics,45,0x0ebfcd3efd430309fe2d421f06ace87d6ba25bfa,1252.772077777503,0.0,Wan234
2026-09-13 08:07:05,day,politics,46,0x1387d145aaf01f6e33b66525dda6e1f51f6955f8,1244.981172895932,2693.66,Lucerys
2026-09-13 08:07:05,day,politics,47,0xa1d97d2e06c5af5d93ef8d4a878da91394e42659,1223.6797782750004,0.0,IgorLachen
2026-09-13 08:07:05,day,politics,48,0x5b6331e7ff0831a3fe2ed12004747db1a9c911a4,1176.639663697235,26337.1988,neutralwave23
2026-09-13 08:07:05,day,politics,49,0xe3de88edf22015718043d092d892bbc44d105d6d,1148.95573229,0.0,0x922339aaCFa3Eb3E7d9F990f8Aa25f8518902bba
2026-09-13 08:07:05,day,politics,50,0x56109357906a14273d7746f9fa27afa37db4f46a,1097.0951249999998,0.0,lovewombat
2026-09-13 08:07:05,day,politics,51,0xab09ce2d50b9865d212d5a22f02647f017f0d48f,1091.3675436315016,0.0,Alouraz
2026-09-13 08:07:05,day,politics,52,0x267e95cf3cdfc3aa1d8a8e2795b43c4b45fcb526,1082.7320543700043,0.0,hideki.hirata
2026-09-13 08:07:05,day,politics,53,0x17e313bb9173febb23c865a2ef8a4e8e0eaf9ba5,1065.5968893845275,0.0,hymolu
2026-09-13 08:07:05,day,politics,54,0x803daa75be7fb97f5c5c59328f9a4abe1e54135d,1061.9811843599964,0.0,0x803DAa75BE7FB97f5c5c59328F9a4AbE1e54135d-1770747638760
2026-09-13 08:07:05,day,politics,55,0x7bfd2386c04ad77e21e5f2c3ee5bcfdb0aca01a2,1061.2092270750009,0.0,saaramara
2026-09-13 08:07:05,day,politics,56,0xfa87a158110370eb6dbe678843c055a6b144c2a0,1056.1634696124966,0.0,asdfadfasdf1
2026-09-13 08:07:05,day,politics,57,0x02eeb64bf96ff1de2b233ed44ad6a9c1f6a60938,1030.4080372874998,0.0,Wayne.Rooney
2026-09-13 08:07:05,day,politics,58,0xd8e97ade0d42264c4e016b91766a52eaad11ad9e,1027.8402123900014,0.0,lindat5
2026-09-13 08:07:05,day,politics,59,0x0d15e2724df455f9e65b15104d21d76412a2c454,985.12926278956,36320.73,e88888
2026-09-13 08:07:05,day,politics,60,0x5a218c7ad04135830a45c41aaed7294df7809318,934.1745708665112,2480.745475,balthazar
2026-09-13 08:07:05,day,politics,61,0x867149d900abf49270d9194900efc5e13e3ad4b7,925.8011485070047,3332.9965549999997,LeopoldArschenbrenner
2026-09-13 08:07:05,day,politics,62,0x6fb2a326fa81390a70407a00e1f484281cfb7adf,921.0767614125016,1080.0,mignonpignon
2026-09-13 08:07:05,day,politics,63,0xa49becb692927d455924583b5e3e5788246f4c40,900.0000000000291,0.0,sleepy-panda
2026-09-13 08:07:05,day,politics,64,0x8ec829f01516095606e4c265768d75238ebf5709,884.4345322980016,0.0,A-Train
2026-09-13 08:07:05,day,politics,65,0xf0f86cdb6872730ca12c84ff8b014a539b8c325f,879.4659999999931,0.0,V1nch0u
2026-09-13 08:07:05,day,politics,66,0x7d17982260fa743d9d32f720eea1c9d5898e9df1,859.5438061660006,2321.9700000000003,FANTOMAS.
2026-09-13 08:07:05,day,politics,67,0x155e16b47a6faef41a8b11a0e3c58d6332160e7f,858.0743171625002,0.0,apustaja
2026-09-13 08:07:05,day,politics,68,0xcfee7c48b3b63ad378da75af2d51f037516dffcd,847.4820448655009,0.0,Heskel2
2026-09-13 08:07:05,day,politics,69,0xab19716584931d81cd9e7763402673a64baa4876,842.7197629853617,5056.393564,SlenderMan
2026-09-13 08:07:05,day,politics,70,0xeba7cd7e39c2a882f18f194050179a25302e85b9,836.996922525,0.0,0xEBA7cd7e39c2a882F18f194050179A25302e85b9-1761847621644
2026-09-13 08:07:05,day,politics,71,0xf5c49ad254b1d53ea0b86fb285dd3f11dc800926,826.4662351985025,0.0,0xdamocles
2026-09-13 08:07:05,day,politics,72,0x052f4191cd324a348835a846d34df5b0061e53fb,804.2309304614973,0.0,chriszyy3
2026-09-13 08:07:05,day,politics,73,0x66e7ce01c6831b8a2503d09edd6167152ee68bcd,801.6080061606917,1864.898856,0x66E7ce01C6831B8A2503D09eDD6167152Ee68BcD-1771870353938
2026-09-13 08:07:05,day,politics,74,0x736539924a5602b37a03a54fc12c1cc8f98964da,786.1403765289979,0.0,Tremendous-Dinnerplate
2026-09-13 08:07:05,day,politics,75,0xb0c85813a7a4428f1139ff91d3118a92c391fe7f,782.3132596292417,586.505552,bitcoin.gold
2026-09-13 08:07:05,day,politics,76,0x2a5ffc44aeb0aa4d1cdf41df7e6be60ed4476c92,773.2416827422694,5579.993867,
2026-09-13 08:07:05,day,politics,77,0x25e13526752149db5fb69562db85186cb8586735,761.0166193860005,0.0,ElCapitan619
2026-09-13 08:07:05,day,politics,78,0x5d189e816b4149be00977c1a3c8840374aec4972,759.4391162714892,170.48000000000002,gloriafoster
2026-09-13 08:07:05,day,politics,79,0x50ca8ec6c92cd83cc6498ae8dd6b962aefb693ab,759.0919017900005,0.0,-r-
2026-09-13 08:07:05,day,politics,80,0x821783d5666ce226580f4c0703af300efc169299,751.6753590354983,0.0,baddestofthemall
2026-09-13 08:07:05,day,politics,81,0x98e46f965edee1ef104e6f95d116e2748d59fdc0,736.9316666199957,0.0,Pvgren
2026-09-13 08:07:05,day,politics,82,0xa14750436b2e01aa76cebf831018857340a53fcc,717.0511805495044,0.0,polymarketbetter
2026-09-13 08:07:05,day,politics,83,0x942e79166821f3f4e67872e44f1672fcccd2be27,698.7840906826605,523.63,smallreceipt
2026-09-13 08:07:05,day,politics,84,0xcbefb876789cc63b46b030af3cfe20b986f29ab0,696.3389030910005,0.0,AlwaysRegressing
2026-09-13 08:07:05,day,politics,85,0xcffe12070f5d63d19d3e8f69bef4b3af4e0bcad8,694.3794789624953,0.0,zzzhghnh
2026-09-13 08:07:05,day,politics,86,0x9c1648834ee717cb967d32a31d7b9cf9534ea981,689.7395853790003,0.0,deah12
2026-09-13 08:07:05,day,politics,87,0x23d81ba9371e576015c1e562db09c689f56b0288,676.2978837724659,45418.762395,flawfence
2026-09-13 08:07:05,day,politics,88,0x30b6fe3508ac9c2ec69c7967452a26cea97f0bb7,674.2435903099974,0.0,sassy31535
2026-09-13 08:07:05,day,politics,89,0x0539e938ded9dcde44a382de5ef5b2f9208470f9,657.7301826810008,0.0,Boey
2026-09-13 08:07:05,day,politics,90,0xb10047d6a254b2ebb306d7a7d13bf59171ab6461,657.6627671751194,519.873552,Parz1vaI
2026-09-13 08:07:05,day,politics,91,0xdf705353876ceb2549f0c03ffcb4cba33d785e92,652.8581265525008,112.0,AngryRhino
2026-09-13 08:07:05,day,politics,92,0xcd9eae900a7b1f78a4951b7ddbec01afcccfbff4,650.0008106800015,0.0,Freddy-n-Jonny
2026-09-13 08:07:05,day,politics,93,0x7523cafcee7bcf2db9a79d80e0d79b88a9a54c4c,649.17517106593,1379.26,DonaldinhoTrumpito
2026-09-13 08:07:05,day,politics,94,0xea910f1a5e7dbdc1548603216db821909824bea2,647.4521173891026,0.0,yes-yes-no
2026-09-13 08:07:05,day,politics,95,0x7bb244d0c70293e66dee84f3d0623fbbbf7d682c,638.5763669790103,0.0,WongKimArk
2026-09-13 08:07:05,day,politics,96,0x690bfe39089e61f674b8f88d89511c9eff90bd2c,629.1131422000144,300.0,0x690BfE39089E61F674b8F88D89511c9efF90bd2C-1782954570100
2026-09-13 08:07:05,day,politics,97,0xda66ddc4529eb7ac68add4eca06c37cdcde03f38,622.7380180204564,0.0,Eire
2026-09-13 08:07:05,day,politics,98,0x50f4e56a862c248f66690a2cfea33e7784375e6a,622.1075545465974,300.0,mvp74
2026-09-13 08:07:05,day,politics,99,0x206191d01c411a5b346d11a2df2d463a356b8ec9,601.2999892397493,1.851852,rebotsliaf
2026-09-13 08:07:05,day,politics,100,0x45dbbf4fed6c845f4e857edc6e744236501c8f65,599.9982779699998,0.0,orzanovn
2026-09-13 08:07:05,day,sports,1,0x8a8685a792c184e5c2ee8c7d4d4baba7c2c94998,167519.30958700003,334843.740118,BrotherObama
2026-09-13 08:07:05,day,sports,2,0xfe787d2da716d60e8acff57fb87eb13cd4d10319,158193.05241955025,995112.5639270006,ferrariChampions2026
2026-09-13 08:07:05,day,sports,3,0x918b42a06ff25eaaa4a79eca9da6a9de46f4ea63,97473.18330519302,0.0,OhWhenTheReds
2026-09-13 08:07:05,day,sports,4,0x2a69660046d7acc4ab204d7cc5ba78b0776cd2f7,82316.9040844643,978865.6949329998,UpTheBlues
2026-09-13 08:07:05,day,sports,5,0x67542c3219b37fd1610aad290676ff91cdbfe3bc,81007.30752506782,218488.604495,maz26
2026-09-13 08:07:05,day,sports,6,0x83720820a8aa6c3f20ad71850e7a1a17d16c5223,59330.94175607851,84999.978574,Jsram
2026-09-13 08:07:05,day,sports,7,0x2dc13c6bda81b202281e796953a7323de675b33c,57608.69450000004,108695.65000000001,xifutloong3
2026-09-13 08:07:05,day,sports,8,0xe9b710551dd82a44e79203c2394a2b10163ace7b,42348.97118021996,87286.99,googleplay
2026-09-13 08:07:05,day,sports,9,0x1029e54f164fc5f06b0f7b4498de323c2d77c621,40702.081273964475,189366.60698,Datacent
2026-09-13 08:07:05,day,sports,10,0x6db568e61e5e3de7d87f831431b673f38ce2e279,38507.67195331049,176992.46701,
2026-09-13 08:07:05,day,sports,11,0x86e99faea12fccd8925de5d9f052471baf7a4cdf,36009.405533336074,101526.09999999999,JUSTINHERBERTMVP
2026-09-13 08:07:05,day,sports,12,0xc6db26de29890d6847ea1b1bcfee08363f2cbd77,33834.369399760006,159.26,MoiScreener
2026-09-13 08:07:05,day,sports,13,0xb7271c112cbd83eb4c1ef1b554ff963604ae2a9d,33725.72000085018,0.0,Elaran1993
2026-09-13 08:07:05,day,sports,14,0xdd7e989aee938a94a878256f00d1121be1760be3,32514.55156634119,92288.338372,SS787878
2026-09-13 08:07:05,day,sports,15,0x821dab0565ebf5b327f51db06223fdcfe01acf16,31442.303048648173,1182426.4555259994,Flaznorp
2026-09-13 08:07:05,day,sports,16,0x5268527977f700f9bf9b6d5cd843859e4e70135d,30378.833768909797,627675.5760270003,HomeRunHazard
2026-09-13 08:07:05,day,sports,17,0x91feec8af2b517f024d91564ee108d707cc0c1c6,27343.835258444597,138866.11415699997,NordhavenCap
2026-09-13 08:07:05,day,sports,18,0xd6966eb1ae7b52320ba7ab1016680198c9e08a49,25905.367561240215,4371.43,Painfulvoid
2026-09-13 08:07:05,day,sports,19,0x8f8c0eb3c2450ae709c2369bb61dd1b049e9e275,21764.18607260252,0.0,timezonewarrior
2026-09-13 08:07:05,day,sports,20,0x7f8e1877a0907f2b2c7cabf8bdb2e2a8f3854487,18123.410000000003,36986.551022,ratatatatatatatataaaa
2026-09-13 08:07:05,day,sports,21,0x7ad71d79a3bb90d0a87a06500fa0fe11663842aa,17964.223533225013,0.0,theowalcott
2026-09-13 08:07:05,day,sports,22,0xdaef2be2a19ad331737d06545f85615b094554e9,16647.560256184835,46077.196083,PEYZ-BIGGEST-FAN
2026-09-13 08:07:05,day,sports,23,0x6f6589b77c36b94c2a1304dfd40f44310725172c,13530.139103207808,15386.942308,jdfngkdjfnfd
2026-09-13 08:07:05,day,sports,24,0xa2c908ce8b8386bc8c5471120c5a662551332c23,13461.95352350652,0.0,jaytee158
2026-09-13 08:07:05,day,sports,25,0x27f738fe203827445690339104aae35b20bc44b0,12967.881575960142,16353.44,ic4cream
2026-09-13 08:07:05,day,sports,26,0xa797d6bd8fe6e404bb4d8e4ab3d97c38336fdede,12302.521232461062,246348.83073500003,LonnieHawkins
2026-09-13 08:07:05,day,sports,27,0x4bff30af91642dc7d2b19a8664378fe55c45fc26,11515.613838999998,26191.891384,Sassy-Bucket
2026-09-13 08:07:05,day,sports,28,0xa4b7b1814b0da33f2b61be4939976898aa476008,11233.040085097542,22435.068933,midwicket72
2026-09-13 08:07:05,day,sports,29,0xa2b5bafa01d0f81926a2a88e5628a95b59fc4582,11114.31113641942,68174.030824,BruceWayne77
2026-09-13 08:07:05,day,sports,30,0x6d3c5bd13984b2de47c3a88ddc455309aab3d294,10976.139955588966,574210.3069440001,VeryLucky888
2026-09-13 08:07:05,day,sports,31,0x457f2814dac53a0a9951b5c2ea5a9db20896aa1a,10917.693849999996,3510.77,Greedo
2026-09-13 08:07:05,day,sports,32,0x1d1ade627d0bb0205758580b20d808573e720df6,10734.181994680432,0.0,Pwaddler
2026-09-13 08:07:05,day,sports,33,0x076daa87c4fe1a85402a9b6b8e0a866224388d4c,10709.234068299644,147352.30189200002,
2026-09-13 08:07:05,day,sports,34,0x602785cdf56a03221130d3d42a577ac6cf444320,10175.634022005019,456.99075500000004,lpcapital1
2026-09-13 08:07:05,day,sports,35,0x1cfc260bfa2b5ae89377863180ca3b4f5c862111,9345.915658329643,34497.572835,lissartter
2026-09-13 08:07:05,day,sports,36,0x701187150980c2421bc3c87a74dbdef31d75c6da,9293.221663534845,50363.06116700001,Electricy
2026-09-13 08:07:05,day,sports,37,0xa080dadd87036ad01dbf5e9c254b0c3dbdba234f,9252.873452757602,23937.202222,bands1
2026-09-13 08:07:05,day,sports,38,0x1d6ef147b22c3bdfa227554434fb1cdd1ca415f0,8843.25101047148,13870.957964,rebirthbaku
2026-09-13 08:07:05,day,sports,39,0x6e9f61710b1703bb7e0ef7ebe1323c443a1d0eae,8624.994250000018,0.0,PetsViljandist
2026-09-13 08:07:05,day,sports,40,0xe390b3f7cdbd7d9821c080bbe460a2814770e80f,8115.5373,10000.0,AppleTiime
2026-09-13 08:07:05,day,sports,41,0xe6bff499390d0988f81967d095925b44aad38380,7936.010101375054,9200.0,CHACHA125655
2026-09-13 08:07:05,day,sports,42,0x7d92fd69504bfd391162e1442cb784c0af408676,7900.966532255756,9808.052497,mikesports
2026-09-13 08:07:05,day,sports,43,0xeb34b86ca3ca64eb3cee6c9a0cce668385df7268,7690.149251060124,172247.545711,kneelbeforetheking
2026-09-13 08:07:05,day,sports,44,0x17cb6a89c4276a7403e18126957d121a34353ab8,7584.846194114638,861.387728,0xsven
2026-09-13 08:07:05,day,sports,45,0x197c2c31027a6e4ae970b8b23b14fdc7ee95e025,7426.522148528868,24681.09197,
2026-09-13 08:07:05,day,sports,46,0xeb2938a20cf70edf8e4898d4da0b46d85583fe87,6657.8085999999985,36562.59,Sharkooo
2026-09-13 08:07:05,day,sports,47,0x01e6e3c5cfe50943e7721398054cb1e22032e7e0,6639.495861374831,2531.916871,JustADonk
2026-09-13 08:07:05,day,sports,48,0xabb89972b21b304c1bed2bf26f35c8741ac9bba3,6491.654170292895,0.0,Feromont
2026-09-13 08:07:05,day,sports,49,0xf3a6ac44c5c90ff2b4afa4459f71acc2e57971bd,6384.155719599745,0.0,donchonx
2026-09-13 08:07:05,day,sports,50,0x3a55b0c45449b955e43ec10734bd988bb5d1394e,6180.552005189995,23304.681551,lucio88
2026-09-13 08:07:05,day,sports,51,0x820a0e91fdf03907ff7d05d0145f9d326f16ca12,5935.427438000426,43668.39726700001,MrClaude11
2026-09-13 08:07:05,day,sports,52,0xf5f92940519a72da460b1c2a606bc1230f0e87b0,5932.289505088011,179790.189969,kekasaur
2026-09-13 08:07:05,day,sports,53,0x4f29e103339919c4baaea2a60195cf1c8bb27a7e,5903.365506468661,189907.38644399997,0x4f2
2026-09-13 08:07:05,day,sports,54,0xd5e84ad8cc2da6882aff6d348ea193120f88710f,5804.960143999999,6154.956823,moreiro
2026-09-13 08:07:05,day,sports,55,0xbe7ef1907a730226453814dedeee3995c0656d00,5797.542955710196,35482.046312,NO.9kami
2026-09-13 08:07:05,day,sports,56,0x5674f6079740c1147c7bc3f67400b28767122ff4,5760.8721000000005,10869.57,dontworrybaseball
2026-09-13 08:07:05,day,sports,57,0x66b23cd8bcb651e11b70f6f340ce154864870fdf,5758.51929917501,24999.961115,donaldbush
2026-09-13 08:07:05,day,sports,58,0x21064fd320bfd5a86f8c92a94d3209edf4154dea,5686.162807770772,72777.617199,rainbowlilies
2026-09-13 08:07:05,day,sports,59,0x9e53cfe3e881636f9415af925c3a9620f3ad53ae,5650.033599760005,0.0,0x9E53cFE3E881636f9415aF925c3a9620F3ad53AE-1786656823375
2026-09-13 08:07:05,day,sports,60,0xf68a281980f8c13828e84e147e3822381d6e5b1b,5605.630066484795,29323.732012,Nooserac
2026-09-13 08:07:05,day,sports,61,0x7e5972bfc25819775ee5a9d4f191919375487b8b,5534.099432587012,111603.53995600002,Gaditima
2026-09-13 08:07:05,day,sports,62,0xa36fcb6947c4ac1f09ee894aa1fd0756b90e180b,5530.577324381331,0.0,Shori888
2026-09-13 08:07:05,day,sports,63,0x17dc70a187d3443ab8790c8ae213bd8416a6321b,5446.294569050102,39267.674142,VigorishVault
2026-09-13 08:07:05,day,sports,64,0x1a6692c85ec7ab4503ae10bd8a30da8e0ca4ae5e,5397.469394219973,9999.971854,fenglin5945
2026-09-13 08:07:05,day,sports,65,0x2ec5ac52dcb5537f1fe8b47ee3cfd34bd666fd53,5361.894011145836,45834.348704,Gordinho55
2026-09-13 08:07:05,day,sports,66,0xccd81fbd3395dc43a0531f8484b21c2462daf4de,5353.758475732175,385419.748573,0F62
2026-09-13 08:07:05,day,sports,67,0x46ee4944d72cceaac9c19e08e0491cbad461ae61,5010.3616611404905,0.0,0x46ee4944d72cCeAAc9c19e08e0491cbAD461AE61-1774461767714
2026-09-13 08:07:05,day,sports,68,0x0d2d845a6ff64e31e04a70afce8a573940767ff5,4877.662206483248,578124.6777210003,38791873984189
2026-09-13 08:07:05,day,sports,69,0xb52e8b3afd9f0f0d502a5a76494b42816d67285c,4871.103560765424,63346.30496599999,1l2ihj34li12u34
2026-09-13 08:07:05,day,sports,70,0xec981ed70ae69c5cbcac08c1ba063e734f6bafcd,4862.546003310999,49873.694645,0xheavy888
2026-09-13 08:07:05,day,sports,71,0xf6683d202f76fc9b79e5be716ce8519dab5b5c69,4824.5614999999525,0.0,0xf6683D202f76FC9B79E5BE716CE8519DAb5b5c69-1765800503123
2026-09-13 08:07:05,day,sports,72,0xafe65d1671a61dfaab2b463257450ec7f1fe8192,4778.303942279774,24312.282858,TOWERCAPITAL
2026-09-13 08:07:05,day,sports,73,0xaa7789219c17e180dcb5933099c90d885f1d15a5,4753.245306455647,22334.651515999998,alaskabaked
2026-09-13 08:07:05,day,sports,74,0x2b46bb71681777202368d095196f266944a1684d,4685.557673999923,8738.14,betdge
2026-09-13 08:07:05,day,sports,75,0xc0f89d4e30b3ab40ab1f1979ebdcf8a02c39ae2e,4559.370890948718,772.41,lukibazdonauki754
2026-09-13 08:07:05,day,sports,76,0x28ea3ec52d81664470663c8b17b84046a1e41fbe,4424.093605712409,6849.315066,ChampGamp
2026-09-13 08:07:05,day,sports,77,0x3cf6af76c4869d2ace41fe5263cd8057c5ec0cbd,4409.999999999942,0.0,chizidahu
2026-09-13 08:07:05,day,sports,78,0xda3a9b7afff7b44ad4fd75308723194e0a11381f,4315.494890687562,566.874951,Gooooooollllllllll
2026-09-13 08:07:05,day,sports,79,0x7b82a6d1e5351eea4a2b8bbae41ef718b9ac7f44,4116.279451403498,0.0,Bunny3854
2026-09-13 08:07:05,day,sports,80,0xd27cc742d023d06ef633a4c880cf1ff1836ec081,4082.866773599366,0.0,madkkee
2026-09-13 08:07:05,day,sports,81,0x6b44c48cfbc5ef89c3d05d9c70567c36cb2e3992,4065.511018000012,7608.7,mjjbb
2026-09-13 08:07:05,day,sports,82,0x228b8d11eba89bf1c554f8879a9293b7106daf4c,3927.619881341234,79142.318684,0x228B8d11EBa89BF1c554f8879a9293B7106DaF4c-1765442354872
2026-09-13 08:07:05,day,sports,83,0x7cb6f070068633886c131b867b4696668f952252,3897.152181810002,0.0,Zlatan1233
2026-09-13 08:07:05,day,sports,84,0x656ec53adb393a1553360ce458cc1997c6d9f46b,3790.7075724221604,4417.744565000001,JayMaAshavari
2026-09-13 08:07:05,day,sports,85,0xdbcad1b8e3e3a929bb62cbdf39e2e33ded0fb7b7,3784.1213007999468,0.0,flyyyht1234
2026-09-13 08:07:05,day,sports,86,0xf059aff5075d2bb73405d9fe301f8ae20ed46dd9,3718.7992374300957,7834.76,kkpay19888
2026-09-13 08:07:05,day,sports,87,0x108def0c668dd55082afcaa03ccc3d02df5cb85d,3709.9686410100403,0.0,0x108dEF0C668dd55082AFcaa03CCC3D02Df5cb85D-1765118750975
2026-09-13 08:07:05,day,sports,88,0x796fc6fda8f8e03c03e2a2d012155989960300f6,3693.4222282451046,233126.24880799995,6512395314597884
2026-09-13 08:07:05,day,sports,89,0x48be64cacd43048d38e522c83281e99161b773a8,3667.7530420070634,6603.773585,tysonuw
2026-09-13 08:07:05,day,sports,90,0xa466841143753310fa0f4448526595fa65641c77,3610.7674895431546,66079.47380699999,suitcase6628
2026-09-13 08:07:05,day,sports,91,0xd058d668771b6f4d0f8ee4c345089e369d98c532,3574.890499999994,0.0,niki34
2026-09-13 08:07:05,day,sports,92,0x03dc4df097cbd8bd17744174b8a3c01509ee99e1,3569.5042523434204,2773.700842,roscoff
2026-09-13 08:07:05,day,sports,93,0x92209ecf324c9d08fa7d91143863786ac5490fcb,3495.336151370011,1791.5,RaulRosasJr
2026-09-13 08:07:05,day,sports,94,0xd5d8f525c2d024b25685872d4d57fb8657eee9a1,3405.6463331199902,0.0,PLB
2026-09-13 08:07:05,day,sports,95,0x54ea83215ca31e3a83917cfca359f0014187f74a,3377.4008201306738,4510.476191,Peace12345
2026-09-13 08:07:05,day,sports,96,0xf24482c8a844463322a9941203ec791f07bc9b9e,3352.130654074866,0.0,Gmoney16
2026-09-13 08:07:05,day,sports,97,0x746e936f43ff75bf508cf8375b7a8e2515ef68ca,3289.864624393005,899.963045,tomb2456
2026-09-13 08:07:05,day,sports,98,0xc0e4f49b80a2162aa8c1c1ad1bd0867574e3dd38,3199.431226726995,128822.787732,dabossrealman
2026-09-13 08:07:05,day,sports,99,0xf83287d5daec09270742fb27e800e5eba1039522,3197.8005496935857,13613.276053000001,MahammadBruceLee
2026-09-13 08:07:05,day,sports,100,0x7e18438b7a9438567c25404405c9495089eef52a,3140.6935379999886,12490.941173,PeanutButterAndJelly
2026-09-13 08:07:05,day,crypto,1,0x7b023e54b7e217d16784ec8faa71e5dae0221fdd,11328.516550740009,0.0,shadyjdz
2026-09-13 08:07:05,day,crypto,2,0x44c1dfe43260c94ed4f1d00de2e1f80fb113ebc1,8008.15101418001,0.0,aenews2
2026-09-13 08:07:05,day,crypto,3,0x6575759174ad221bba9947bc3f18750ec769b198,6157.421799999989,0.0,dromedaryy
2026-09-13 08:07:05,day,crypto,4,0x56ad6bd05999e0f33ea9c05a48ccb1364a46f13e,5600.592241674996,0.0,floatingraft
2026-09-13 08:07:05,day,crypto,5,0xb895566d5d5e43d55caa4272031019dbef8cb4f9,5010.195778219997,0.0,Camelcc
2026-09-13 08:07:05,day,crypto,6,0x0c689c8e78588fd3d02e56a6e787e7f9e9b09e76,4999.999837479998,0.0,monkeyking42
2026-09-13 08:07:05,day,crypto,7,0x7cd156802a8c9f4c9c8a1fa6270529c8b43e8d05,4182.205524571291,23972.269915,0x7cd156802A8c9f4c9C8a1FA6270529C8b43E8d05-1766113882443
2026-09-13 08:07:05,day,crypto,8,0x9d84ce0306f8551e02efef1680475fc0f1dc1344,3745.432309190568,32334.981309999996,ImJustKen
2026-09-13 08:07:05,day,crypto,9,0x05f6cb63d4ffdfaecd7ad8acd0765b6f6a5a25a1,3265.939005940003,0.0,ethBELIVER
2026-09-13 08:07:05,day,crypto,10,0xde7be6d489bce070a959e0cb813128ae659b5f4b,3174.095262619987,0.0,wan123
2026-09-13 08:07:05,day,crypto,11,0xce50c96b976203b53342a0a801067d2cdcfcf46e,3067.048577999987,71603.35969099999,honey-spot
2026-09-13 08:07:05,day,crypto,12,0x2d8553bfc7dfdea6a87aec0d2c0c7d53ca18c543,3049.9906327100034,0.0,ToldYouSo10
2026-09-13 08:07:05,day,crypto,13,0x1465b79bff7992bc703e1aafb3683b1089647072,3021.6292966653127,516.844738,JnStrtPrdctnMrkts
2026-09-13 08:07:05,day,crypto,14,0x8b4bca1d794779e66e023d44391b2a86c5ab541b,2841.4620366405143,0.0,0x8B4bcA1D794779E66e023D44391B2A86C5ab541B-1769764313952
2026-09-13 08:07:05,day,crypto,15,0xba0d049aa32383efdcb1b5e6535dcd984c369a6e,2800.003269399993,0.0,fleeth
2026-09-13 08:07:05,day,crypto,16,0x48ac40fc545cf327edd5365435c3a9f385614a7e,2646.5274909997243,130821.81138099998,BoneOhio
2026-09-13 08:07:05,day,crypto,17,0xd6b9826588d8894cb70fe25a9ade09c88beb4515,2620.7851927375596,89902.608054,goldfisherrr
2026-09-13 08:07:05,day,crypto,18,0x2bfaf4fccc1546667e99ddd0ca6e1af48ac52f31,2596.4739885199997,0.0,ichibancho
2026-09-13 08:07:05,day,crypto,19,0xa9cf33875d94900c2c16c9c58f42e327c980c8b9,2535.9739674450157,386.87,UnderdogOutlier
2026-09-13 08:07:05,day,crypto,20,0x974da1d69a42f1db94b481a39621bfbafd41b050,2500.553761530493,61399.56289000001,0x8dszc153187wmy123456789
2026-09-13 08:07:05,day,crypto,21,0x18f2844ca2e3b610b253d5b2f4b07d96e9276878,2455.7584,0.0,GodsGrace
2026-09-13 08:07:05,day,crypto,22,0xbfa41f44e58e10de3c74ad00af749efea6356ba3,2192.8899820154993,0.0,4618
2026-09-13 08:07:05,day,crypto,23,0x9b04046717675a9290b4f6c1bdcfe96fc87b032a,2188.337490496574,55100.63783499999,EZTRADNL1
2026-09-13 08:07:05,day,crypto,24,0x89a730b74c204625cf19d3d64ff8e8c412b89918,1830.23044155756,8179.833206,fhdsgds
2026-09-13 08:07:05,day,crypto,25,0x23d01f0a0fc16ae248a905345edd675cffbc8108,1812.5104940250021,0.0,X10DED
2026-09-13 08:07:05,day,crypto,26,0xeef3fabf4132f18cd0a7b6770812faf6a8242f9b,1762.6940000000234,7000.0,TWPXSCGY
2026-09-13 08:07:05,day,crypto,27,0x60c20ca0901f9d55992913064686b1b4112b4746,1680.7705179606273,36283.233451,melop
2026-09-13 08:07:05,day,crypto,28,0x53e55bc7cb3d67ad177c023ce891ad076a9d6177,1612.1615495600054,0.0,Arbguy
2026-09-13 08:07:05,day,crypto,29,0x68455ff79c8184cf0c290cf6600dbb0d8b9bbe3e,1583.855133457153,4675.157375,WittyPeach1
2026-09-13 08:07:05,day,crypto,30,0x41e2e1ccf1e4940029af02259a31c6b89b9fa354,1570.539614246256,147882.68007000003,norm1e69
2026-09-13 08:07:05,day,crypto,31,0xc387c2a40d389f17b723b6bba9b18b7dbd2de4f4,1557.4536260396562,35570.57883300001,flippingsharks
2026-09-13 08:07:05,day,crypto,32,0xdf0d2ccfe3d7c2ef120395534e43afe283509f79,1510.7173724297318,18303.482098999997,0xdf0D2CcfE3d7C2EF120395534e43Afe283509F79-1774320078733
2026-09-13 08:07:05,day,crypto,33,0xa4affc210adbcedff0485f6760b10da9e36f48bd,1497.8127066400011,0.0,goaty
2026-09-13 08:07:05,day,crypto,34,0x90210b1bf625f10374d7eae94d8893e4b000870f,1440.4744898022998,21899.453779000003,c2390f30fjs0fj3u0ss
2026-09-13 08:07:05,day,crypto,35,0x7547db5fc8be09b9e683d9f6ce65afec06b8d10d,1430.0048049599989,0.0,mrJB1
2026-09-13 08:07:05,day,crypto,36,0x920e3cccc79df84f8cfc981fff22f96b7352f3f2,1398.9424999608427,26624.713430999996,0x920e3cCCC79dF84F8cFc981FFf22f96B7352f3f2-1781563645014
2026-09-13 08:07:05,day,crypto,37,0x8408d503038e6c5989fdca36f7a6a70cf2362af4,1385.5051042634657,15051.902402000003,princezote
2026-09-13 08:07:05,day,crypto,38,0xb1ca909e848cc24ec4e220ce1c453bc290c51705,1377.8502566850002,0.0,GrandeFromage
2026-09-13 08:07:05,day,crypto,39,0x61ea83757d03ad51fb01bcedc7f69d623960bbf7,1343.5639283399996,0.0,Geminae.Columbae
2026-09-13 08:07:05,day,crypto,40,0x1abf3d8942afc46059bb6c66ca2b1b5ab2dc0994,1326.689351619998,0.0,Jfk852
2026-09-13 08:07:05,day,crypto,41,0x744c072005bde6ddab8764a7477f61d3d22ae37f,1302.2490948995,0.0,Egozic86
2026-09-13 08:07:05,day,crypto,42,0xdd5cc0a31573fc60a279577b80f00f27a32f0c2a,1296.8128838500006,0.0,twe2nty
2026-09-13 08:07:05,day,crypto,43,0xe55108581aec68af7686bd4cbc4f53ef93680a67,1273.4636980149953,0.0,NeverYES
2026-09-13 08:07:05,day,crypto,44,0xd84c2713e2b58beb1d9dc4421aabd778573ee0a5,1265.5876260000077,11218.098822,0x66666666666
2026-09-13 08:07:05,day,crypto,45,0x9cbb1a5c3352691f07e2e26209193ce5a2c433d0,1252.5392120421493,6269.103349999999,0x9CBB1a5C3352691F07E2e26209193Ce5a2C433d0-1777993226700
2026-09-13 08:07:05,day,crypto,46,0xe234959595e01dacd391a9502a6ad0edf4e3304a,1243.1467759800712,5798.767680000001,0xecaa8806a9a05049d7d5260a33dc924220e377a
2026-09-13 08:07:05,day,crypto,47,0x1c14b0dace77ff7a261793cdc24b01003a30f82b,1230.488854520001,0.0,0x1c14b0dace77ff7A261793Cdc24B01003a30F82b-1761948549683
2026-09-13 08:07:05,day,crypto,48,0x36043d916a6336445c8110829b1c63eff879dbb7,1191.512899645637,11898.042173,Richlukcypotato
2026-09-13 08:07:05,day,crypto,49,0xb27bc932bf8110d8f78e55da7d5f0497a18b5b82,1191.3679423945723,134254.441805,
2026-09-13 08:07:05,day,crypto,50,0x4228048ea2f8f571ff2777cc32baee584c5134cb,1155.3921679532796,9038.228992,trinity42
2026-09-13 08:07:05,day,crypto,51,0x81529ca89509fbaf1eedd1f38b3e957372e75b51,1128.1736609637646,20146.141782000002,
2026-09-13 08:07:05,day,crypto,52,0xeebde7a0e019a63e6b476eb425505b7b3e6eba30,1106.267581467284,92119.21312,Bonereaper
2026-09-13 08:07:05,day,crypto,53,0xf066ea96de84c28b6a3eea9322391e126c61dd2c,1055.7664526399985,0.0,duatity
2026-09-13 08:07:05,day,crypto,54,0xdbcc73b57c33f8ef3ba9a56116e0c07e96a3fbc2,1053.3925,0.0,pumpman
2026-09-13 08:07:05,day,crypto,55,0x5d729e56be3d1503367652da1ee7733c4c96f316,1040.193017549382,8391.117396,
2026-09-13 08:07:05,day,crypto,56,0x00ffb912f1bf01c0123869ddb92d4b6a6ad3f7ad,1032.5185886700074,0.0,ballinco
2026-09-13 08:07:05,day,crypto,57,0xdb1d1d4bcfbeb5f6134a8b86c851ab21536ab6c2,1026.885695335599,12646.030631,nahoism
2026-09-13 08:07:05,day,crypto,58,0xcd64bd985cc0a2c2aecaff220c5317232b4f1f67,1024.2408236363035,23779.362337,taderoffical
2026-09-13 08:07:05,day,crypto,59,0xe67a12284fa6834d84026bec09eeb3b3a95a6ece,1015.490289682426,44794.138293,anzhoushouji1
2026-09-13 08:07:05,day,crypto,60,0xc53375ff94e96100f2b30a4b5775db35218d69a9,1004.4208437584166,23974.884444999996,dangerously-skip-permissions
2026-09-13 08:07:05,day,crypto,61,0xdaef2be2a19ad331737d06545f85615b094554e9,999.9992819599988,0.0,PEYZ-BIGGEST-FAN
2026-09-13 08:07:05,day,crypto,62,0x3efcce110197967d01b0cc2f852b64667c100508,997.5814783799997,0.0,
2026-09-13 08:07:05,day,crypto,63,0x049ac802c78d0576b2de97c440e1b87c43169d54,997.4000950600002,1012.02,gggbonddd
2026-09-13 08:07:05,day,crypto,64,0x6ba25c9f2fe6e9e5dd47983b629c00cd59958d0e,984.011741012524,14267.479316,Vega7
2026-09-13 08:07:05,day,crypto,65,0x3725d52f3c252e8374999cc8617292ea2608ad88,959.2760754175833,53260.427612999985,almach
2026-09-13 08:07:05,day,crypto,66,0x32ed2e546b187ca15e2841edc82b22c713cf8ec3,947.0184018327855,60415.00656600002,mo-money
2026-09-13 08:07:05,day,crypto,67,0x9592adb70397e9de67ba9abe6971e3f50fb7a7b8,944.0074000000004,0.0,meagainsttheworld
2026-09-13 08:07:05,day,crypto,68,0xbf5fe8bfc9ec6e7ff7a311ea85cfc0d2901ac035,941.5342228500303,0.0,trulyalya1
2026-09-13 08:07:05,day,crypto,69,0x55f216bc2d2ceb0deb08f5a345563e4d39f4cfb6,938.2474868899999,8238.630000000001,Monkey-Shoulder
2026-09-13 08:07:05,day,crypto,70,0x69788e136500902559a2fb21883ab9baacbd08d8,937.6171667119779,0.0,TruongMyLan
2026-09-13 08:07:05,day,crypto,71,0xa4f844fc93bb479ea3f356b43839b0be4055e6a0,935.8829079133229,4608.683333999999,netts
2026-09-13 08:07:05,day,crypto,72,0xd0a042d1da4cab5293f6a758a0082234b05d2760,934.0000335094846,1100.0,drde
2026-09-13 08:07:05,day,crypto,73,0xafdcbcebe7cc1a61c9317dd663ab4ef7f8b0d278,907.8058662751282,47327.999625000004,fasfwqww222
2026-09-13 08:07:05,day,crypto,74,0xe3eeb127d5763a6e4ad597f773f9d259c94d5176,890.615667494123,88926.272586,0xe3EeB127d5763a6E4aD597f773F9d259C94d5176-1780742904507
2026-09-13 08:07:05,day,crypto,75,0xe0a7606179ece09f570f3430e49b9bd41d5f063e,876.7116939981861,30012.793220000007,0x10e131b8c71888adb0f1480143143c0
2026-09-13 08:07:05,day,crypto,76,0x6e59ffc519c6c34f0c49e4ad3c53874d5bbaf5a7,848.6516289035901,18880.092773,weqr235fergr
2026-09-13 08:07:05,day,crypto,77,0xc1b4bfdc36eaa5c09e7231c61e5e44c5463f624f,838.9724311757309,62196.97886399999,sir-upalot
2026-09-13 08:07:05,day,crypto,78,0x7bf54474871bbe724012fedcc64989abde58e9d3,831.5305327602654,36018.963358999994,Sndkkcnxkxjg
2026-09-13 08:07:05,day,crypto,79,0x361528e242bc6cc789ac8da6fd5cb98046178fdf,830.0346570727706,23734.95757800001,ohioism
2026-09-13 08:07:05,day,crypto,80,0x441909510a0b18a7df9f5ea588314a53d5bcfcf4,825.6056000000026,0.0,Gambler661
2026-09-13 08:07:05,day,crypto,81,0x8ec422e3b8d0c4b86b57c97074d5fff43e0854f2,793.6253954400067,4041.678965,maroon6jdjdjdj
2026-09-13 08:07:05,day,crypto,82,0x30e443872ddf63b2908a49f92cd690c304a55102,791.7175074440056,0.0,truthteller
2026-09-13 08:07:05,day,crypto,83,0xa5767fea34380c29b676dba0e2e9ea43302cac6b,782.3643973107842,13726.525159,0xa5767fEA34380C29B676DBA0e2E9Ea43302Cac6B-1788393982095
2026-09-13 08:07:05,day,crypto,84,0xf841f268b8326fc38a9ec51a3fe552d2cd66915b,776.9521194218541,4626.833547,ImTestingInProd
2026-09-13 08:07:05,day,crypto,85,0x88a1785fdf046369e9b244fca81bd26bed41a17b,774.9199642142114,781.2821580000001,arishone
2026-09-13 08:07:05,day,crypto,86,0x5aad5eb96989a5dad27206eee65ff158b35f9674,774.2869332999999,0.0,arcadiab
2026-09-13 08:07:05,day,crypto,87,0x21d0a97aac03917e752857a551bbe5103a00e8d7,773.693085929699,15089.368673000003,PBot-6
2026-09-13 08:07:05,day,crypto,88,0x55fbdcba5b5f397f58587bf91b5a60070557188a,771.9261478799998,4194.224707,JerseyTony02
2026-09-13 08:07:05,day,crypto,89,0x4f1d5ae26fc31472966e951af3183308736d8de2,759.3892205254933,7.1,e46m3
2026-09-13 08:07:05,day,crypto,90,0x4c54b60022054a810f670c6d2b69e692b64e8359,756.2611904130354,3091.540586,Gbe888
2026-09-13 08:07:05,day,crypto,91,0xfea31bc088000ff909be1dfd8d0e3f2c7ef2d227,740.2390992805085,0.0,ndb1
2026-09-13 08:07:05,day,crypto,92,0x75cc3b63a2f2423085e10706c78b494017b93ce1,702.7584894926404,7986.4833039999985,
2026-09-13 08:07:05,day,crypto,93,0xd426adbc3c4461c86099c26221c877f20e42334a,702.2846087500011,0.0,881112
2026-09-13 08:07:05,day,crypto,94,0x993f451b6d5c21996b1bf688493cea9c4c823ee3,692.7787621399839,0.0,hitjnn214
2026-09-13 08:07:05,day,crypto,95,0xe8d68fd271ad704a55f9bb0e4fc6276ee9adc964,689.8997915566215,34214.525358999985,Little-big
2026-09-13 08:07:05,day,crypto,96,0x3eedf40fc4b73cf145b6e5e35d7c6ca645e4cb2a,679.742426845499,0.0,RewardsMafia
2026-09-13 08:07:05,day,crypto,97,0xc5e6250906f3a43348374632092a64ee2cf22d79,672.2267976601215,40523.072615,peipeipei
2026-09-13 08:07:05,day,crypto,98,0xdffc29df1ca354a216b026924752de4954f87e8c,669.7122221999989,0.0,ferrinico555
2026-09-13 08:07:05,day,crypto,99,0x1bb6ff2799b2425ebe14d74d321643cfa68c2454,667.2857253999973,0.0,r1ch4rd
2026-09-13 08:07:05,day,crypto,100,0x42d150e0171590b28332a61b3f4cfca0a34cdab6,652.2099999999919,0.0,notprofitabl
2026-09-13 08:07:05,day,finance,1,0x3a8aa345d5db7ec5138298c8c4f4540259be7699,12293.447330060793,16862.173327,TheReturnOfDarthMaul
2026-09-13 08:07:05,day,finance,2,0xdf1c2e388bde2fbacabaf85c75a6b69cc35e2ebb,6957.087587828006,0.0,BMM-1
2026-09-13 08:07:05,day,finance,3,0xc6e956068048c1cf98d8f0b3a495edc9da130741,6395.012767829117,0.0,luck00004
2026-09-13 08:07:05,day,finance,4,0x96489abcb9f583d6835c8ef95ffc923d05a86825,3421.151982503099,980.936557,anoin123
2026-09-13 08:07:05,day,finance,5,0xa3282d3e882501229c75d0caf134e62e3afb4977,2129.9677948879034,844.701276,korda77
2026-09-13 08:07:05,day,finance,6,0x9efdf8932077f748fa000ec4e74996829e21b227,1889.9151313833136,8345.782536,zxdw
2026-09-13 08:07:05,day,finance,7,0x56c9fbdeccf198f1f5ad95ace39b24f5f7fb0d9e,1781.352565010995,0.0,redvinny
2026-09-13 08:07:05,day,finance,8,0x8a4c788f043023b8b28a762216d037e9f148532b,1749.1292813050095,2385.34,occasionalAwareness
2026-09-13 08:07:05,day,finance,9,0x4d49acb0ae1c463eb5b1947d174141b812ba7450,1500.0,0.0,no1yet
2026-09-13 08:07:05,day,finance,10,0x4f1d5ae26fc31472966e951af3183308736d8de2,1025.8689562242653,3016.92663,e46m3
2026-09-13 08:07:05,day,finance,11,0x1abc2b469b5ded495d6c8b21fc79dcb8d8f345e7,980.7265892100113,18.43,0x1aBc2b469b5dED495d6C8B21Fc79dcb8d8f345E7-1778811281023
2026-09-13 08:07:05,day,finance,12,0xf0ca28d5b0141f0a8e7b251dea80fd881cb166ed,944.0419716946781,648.74,Hauchn
2026-09-13 08:07:05,day,finance,13,0x43372356634781eea88d61bbdd7824cdce958882,935.796976579979,0.0,Anjun
2026-09-13 08:07:05,day,finance,14,0x876bb030ddd424ef505ae02914024cf18c6a1703,900.0798687940023,4550.35,rewardbots
2026-09-13 08:07:05,day,finance,15,0x524db836890e08aceb3abcdee98d44240e324495,879.1771000000003,0.0,Mac-Gyver
2026-09-13 08:07:05,day,finance,16,0xa139daa9e38c0b6d24443bede2d34bcdc4256f00,860.197155079999,0.0,Kris-Future
2026-09-13 08:07:05,day,finance,17,0x1d8c256b15d3cd1f5db221e70c77f552eb8d757a,824.14136993789,2974.75,Hourglass
2026-09-13 08:07:05,day,finance,18,0x5c14eb6a6d5083c003daa8241ed559d2dc82cc49,803.3033940000005,0.0,forinnerpsandr1x11222
2026-09-13 08:07:05,day,finance,19,0xd32ce89f16509d3c8f8b5e9750305a5b2bc2a4c2,752.5629939268583,282.0,
2026-09-13 08:07:05,day,finance,20,0x0670fee985af6e0b8e378cf6855fa2b8688c29bf,684.9363930145009,0.0,CryptoLBL
2026-09-13 08:07:05,day,finance,21,0x97f3f9f15c0063710c60d3ac9c40d17f4ba60eba,667.2999567890001,0.0,Investnow
2026-09-13 08:07:05,day,finance,22,0xa19cbababc312f9df185e49d7004c249ed1ade6b,615.3838664655159,0.0,Tokor
2026-09-13 08:07:05,day,finance,23,0x2b670a311561dcaf741d8155451774d3fa7fb814,555.0704275129165,2533.42,0x2b670A311561DcAF741D8155451774D3Fa7fb814-1778467735876
2026-09-13 08:07:05,day,finance,24,0x54214017e913e03e9e038b868668c132049612e8,548.9986572,0.0,0x54214017e913e03e9e038b868668c132049612e8-1782897023874
2026-09-13 08:07:05,day,finance,25,0xe392d6cc6a012f306cef646f79114eb6f351c023,545.1653430857732,5914.66,ssddssd
2026-09-13 08:07:05,day,finance,26,0x46a121e4df5fdd6cf042a4ede1e90672583e2736,522.7789517914962,0.0,0x46a121E4DF5FdD6CF042A4EDe1E90672583E2736
2026-09-13 08:07:05,day,finance,27,0xe40362b6d2c1eb1134da886f4c64f02f08f6e5a4,480.5620617600034,0.0,Coram_Deo
2026-09-13 08:07:05,day,finance,28,0x963137a0ba0b02ebf6f37710023cc1b0303289a1,449.0861599999953,0.0,0x963137a0BA0B02EBf6F37710023Cc1B0303289A1-1764031525036
2026-09-13 08:07:05,day,finance,29,0xe74d4976e5e034182d708a3b9df602e72d4722fd,422.45532708000064,199.99,Pump
2026-09-13 08:07:05,day,finance,30,0x31436bde35c25c3714e0c3e7fbd14a22107581b1,418.5072917019934,0.0,yyyyyyy
2026-09-13 08:07:05,day,finance,31,0x1018fa33923d8b0f4b0f8a0822ee045d46027264,413.6445649635716,0.0,EgoVolae
2026-09-13 08:07:05,day,finance,32,0xa61ef8773ec2e821962306ca87d4b57e39ff0abd,409.6811654080011,0.0,risk-manager
2026-09-13 08:07:05,day,finance,33,0x60c6ad7e43cb23b5209d7eddf9386c508285247f,404.7460955999986,0.0,konsomida
2026-09-13 08:07:05,day,finance,34,0xc3daa1bb9ce85866fb1a7c3a5d02816798e641fe,376.82008393800015,0.0,aghy
2026-09-13 08:07:05,day,finance,35,0x6af72a7d6ca36735fbbbd54feb991b2055e25a6f,375.6,0.0,chillballer
2026-09-13 08:07:05,day,finance,36,0xf27de6607cbd15be1133619b9807ff63fb86e6d3,359.1195419544174,727.3046670000001,0xf27de6607Cbd19be1133619B9807ff63Fb86e6d
2026-09-13 08:07:05,day,finance,37,0xc7d02944a76b9f83b199e9090ecc92c82d241f8a,357.9468599091524,1111.819891,0xc7D02944A76B9F83B199e9090ECC92C82d241F8a-1776944395495
2026-09-13 08:07:05,day,finance,38,0xd5dc16a421717a6e2499818b76a76880874ad1df,310.97200810699997,0.0,caishiopt
2026-09-13 08:07:05,day,finance,39,0xf4677fde7b20f3ac4f573355678de3a0f610935f,303.90813471140245,170.98826100000002,wntsang41
2026-09-13 08:07:05,day,finance,40,0xcfff4295288ee29f75a38a7028611b7c1e93673d,297.6974794472935,629.894817,graynotebook19
2026-09-13 08:07:05,day,finance,41,0x743beec1270e1f4a468658bf628ac8cb94e6b802,292.4415139599987,0.0,earshot.zenith
2026-09-13 08:07:05,day,finance,42,0x2f63dbd36cfff1952a88d9f704bd58bcb78cf247,289.9837438850009,0.0,Eric018
2026-09-13 08:07:05,day,finance,43,0xb10047d6a254b2ebb306d7a7d13bf59171ab6461,277.31751552752394,10972.390000000001,Parz1vaI
2026-09-13 08:07:05,day,finance,44,0x235e75bafc6c7cc39a1fcc454e7034c1b5845673,273.38779367999905,0.0,Copyright-1
2026-09-13 08:07:05,day,finance,45,0x564f22744b7941ade18d5e0e4f347c30e3057026,272.62977821150344,0.0,molodoyy
2026-09-13 08:07:05,day,finance,46,0x42f01b7c5c20570db68e0127675b3f5d2af6fc65,268.9859799999995,0.0,0x42f01b7c5c20570Db68E0127675B3f5D2aF6fc65-1768338366856
2026-09-13 08:07:05,day,finance,47,0x376441d19f56d43629d3872324dc2e648e13c5eb,268.1678400000237,0.0,m3t64 - 815
2026-09-13 08:07:05,day,finance,48,0x4a0ba8efffe2a16b48b01f3fa5728ae0541a7a11,263.7124836245,0.0,
2026-09-13 08:07:05,day,finance,49,0x93fb8127a1b21a112b11af936361225df0563e4a,254.77644540000074,0.0,LlamaLoco0000
2026-09-13 08:07:05,day,finance,50,0x014c4e7ae2145992861c2d1b124af633a97f820c,248.1070639999998,3167.0,Hyperlong
2026-09-13 08:07:05,day,finance,51,0xcc096035169ba2e5b3e17e10af479c0d86011442,246.16129999999998,0.0,
2026-09-13 08:07:05,day,finance,52,0x627722f9cacfc2a69af729f7c919498e46edd68a,243.7259110000001,0.0,roadto0pnl
2026-09-13 08:07:05,day,finance,53,0x41816fc1ebdfeb33f6356f2655ab499253b3de86,241.34276099898852,0.0,BobInvestments
2026-09-13 08:07:05,day,finance,54,0x9604b357e8307b0ccc8eb5812725d2b112c6fc1d,236.77038177999202,0.0,Batundi
2026-09-13 08:07:05,day,finance,55,0xf3ad8f80006d90a5ba90112a675d13bffd740724,234.8441379580072,0.0,
2026-09-13 08:07:05,day,finance,56,0x5be9694e717cfb880c05894ba49fcbe949dc9106,233.1003125200018,0.0,MaxVision
2026-09-13 08:07:05,day,finance,57,0xf0d5eb1cbe7350f1f896ade6c172e6700414c665,230.9244485299987,0.0,yen4u
2026-09-13 08:07:05,day,finance,58,0xccbcf2b7ce194e74a2321b5d2cf349145d04508e,228.34145135300014,0.0,0xccBcF2b7ce194E74A2321B5d2Cf349145d04508e-1786821487982
2026-09-13 08:07:05,day,finance,59,0x510904c9a58f5c5ad799a1b44947077564175e9c,227.9378604430094,0.0,Logan.
2026-09-13 08:07:05,day,finance,60,0x121d62d2e9e9e073cb9a5c0b10bcd68d21c259be,225.0,0.0,galitsk
2026-09-13 08:07:05,day,finance,61,0xa67685fa5213fd8167977bfb7b3f50c06d511c22,223.73443502999817,1999.998052,0x8712
2026-09-13 08:07:05,day,finance,62,0x6bd3561530e94da23d44bf19a78c8970f5363e23,216.67557689949956,0.0,
2026-09-13 08:07:05,day,finance,63,0x97e6b74dcf6b53bb180d994ec6c0aa6b411eb085,214.90626273749967,0.0,DragonSlayer13
2026-09-13 08:07:05,day,finance,64,0x75a27d0cc95b3586297c1e6b5417269332cd6992,208.77739999999903,0.0,BrownBees
2026-09-13 08:07:05,day,finance,65,0xa49b6ea0a604c581f2a9569db42c192b1c487054,208.32118040798923,0.0,387411007415611814092217897387
2026-09-13 08:07:05,day,finance,66,0xccf38a9b206907a00dbfddebeab19aab1e048f27,204.54496074599967,0.0,okc35
2026-09-13 08:07:05,day,finance,67,0x8454f39e7fa6957dfbf1ecc574820ada1c92331a,203.35441320199607,0.0,cripes3
2026-09-13 08:07:05,day,finance,68,0x8afa03dd6974e44d00c4d14dcccb00c0ddf6adb6,203.0345137594977,0.0,stupid22
2026-09-13 08:07:05,day,finance,69,0x4755188644460fc8140a18ccefc1e80b6a5e4158,197.46403999999166,0.0,schizohedgehog
2026-09-13 08:07:05,day,finance,70,0x9718a1bfe457ee9c09d6b3ec841ff7eecb7de827,194.1589856149999,0.0,0x9718A1bFE457Ee9c09d6B3ec841fF7eeCb7DE827-1777008330692
2026-09-13 08:07:05,day,finance,71,0x5a0d0c6eee71b96db16e5e271e0fa724be8dfa97,193.81481298437723,1589.63,ifyouloveme
2026-09-13 08:07:05,day,finance,72,0xd2355351cfcfe75b87969e14250385d2f6fc6f93,190.5250329749999,0.0,kevinzhaoo
2026-09-13 08:07:05,day,finance,73,0xda68a76eb2575456af9c65d375fa2cba049b6b7b,189.98027238000043,0.0,0xda68A76EB2575456AF9C65d375FA2cBA049b6b7B-1786413516710
2026-09-13 08:07:05,day,finance,74,0x39c3d7208946b664aab88797225a418f9d4e0c7e,189.93651500000033,0.0,sam52727482916
2026-09-13 08:07:05,day,finance,75,0x71ca04d689bc38c5e4dcda8a4d743f279c5a3501,188.8867313999981,0.0,Ronaldo2100
2026-09-13 08:07:05,day,finance,76,0xcecaeade076dafc88fdb955864da9d9c15693f67,183.27639775349962,0.0,Everestpredictions
2026-09-13 08:07:05,day,finance,77,0x8888a4f8c8d3834482d77405530d7f5428a40b39,182.53606713872796,4097.439469,0x8888A4F8c8D3834482d77405530d7f5428A40b39-1769323876037
2026-09-13 08:07:05,day,finance,78,0xb7a82656a4a524ee89f4c861ba5c2e2833e9d641,174.72035072699998,0.0,Zirlo
2026-09-13 08:07:05,day,finance,79,0x33b3b135660b97b4ba65dad30bf07c7d2281d03d,172.0633963184997,0.0,AlmostNoAwareness
2026-09-13 08:07:05,day,finance,80,0x4292c99987e418a2a6ec69f2ba9aa79086a44a08,171.48844992122486,2203.35,mefirofan
2026-09-13 08:07:05,day,finance,81,0xc5329d1e6da3b323f6702ad775ededccfa0ad050,170.58114888,0.0,Fxer
2026-09-13 08:07:05,day,finance,82,0x50b242e0b9ac75359464c5b3be62ad6b42d8c94a,168.7267404714994,0.0,DonPanic
2026-09-13 08:07:05,day,finance,83,0x2e617f2cb474acaba820030e4819fe92148519bd,167.4089226465,0.0,Javier777Milei
2026-09-13 08:07:05,day,finance,84,0x2af47b5b29d5ce8160cff1a0c27f381769c142ca,163.55886945150007,0.0,glenndefile
2026-09-13 08:07:05,day,finance,85,0xc961dc05fc00fe86a8d7be9b79a78b62e678db04,162.7497599999997,0.0,
2026-09-13 08:07:05,day,finance,86,0xd8d5289c35124b5353f5a10a28b8cc29aec38935,159.32152754100048,0.0,D8D5289c35124b5353f5A10A28B8cC29aEC38935
2026-09-13 08:07:05,day,finance,87,0x6d16c33b540069f5aa0d9f705b0d759dec927228,154.50393130650082,0.0,slippy0
2026-09-13 08:07:05,day,finance,88,0x475691cd54600719e626a4386814ac72fd49a006,153.93251763500007,0.0,
2026-09-13 08:07:05,day,finance,89,0xd3c0b00e826cd63de9b25a8ec446c93f3d91d212,149.612356375,0.0,LinusB
2026-09-13 08:07:05,day,finance,90,0x6c104a31c105ab2573a42e0f178f961e4496df5c,146.04736937099995,0.0,Belgaron
2026-09-13 08:07:05,day,finance,91,0x8e77537e059837d3c2ca5b4efe75e74e9498c4f3,145.00000000000045,0.0,dwpoker
2026-09-13 08:07:05,day,finance,92,0xc4567fe2a835b23f40db07f567ba0efbbdc98996,140.01518264121796,572.353798,gydmasg
2026-09-13 08:07:05,day,finance,93,0x3177b0d4bd2da653ef4a0dd28a7cf1cd5b0db264,136.8850500000001,0.0,risard
2026-09-13 08:07:05,day,finance,94,0x6db983ff1cbc85249e64e6ccd101aaa613ba4ab5,136.35438854900045,0.0,tsihkodiives
2026-09-13 08:07:05,day,finance,95,0xb25d2d8100bb0ac29e886c526c74c0871386d127,135.02950999999996,0.0,GammaSqueeze1234
2026-09-13 08:07:05,day,finance,96,0x3f7df404223a2db1e6d69f2c553a3c1ab9f82e31,131.0997000000002,0.0,Aventadooor
2026-09-13 08:07:05,day,finance,97,0xb43787991f8bf7fa86295ed514c54d7fd606cfb3,130.06863797699953,0.0,fifaunderdog1
2026-09-13 08:07:05,day,finance,98,0x5eb0cd907aa0b7b4df11552e817570e265ea5012,129.95877832999986,0.0,arbandy
2026-09-13 08:07:05,day,finance,99,0xbca5c23f6e002b22f5ba505a2597ef972d278727,129.87476975399983,0.0,srmiiie
2026-09-13 08:07:05,day,finance,100,0x5919d9d00d5e6d2797ecc152ef424f6275a694b2,128.37400974000002,0.0,Kevink615
2026-09-13 08:07:05,day,culture,1,0x9d84ce0306f8551e02efef1680475fc0f1dc1344,7318.3072646535,8.510639,ImJustKen
2026-09-13 08:07:05,day,culture,2,0x0c18cf122dce8556302ff496affe379097aba04c,1460.4206429007718,3411.399778,Lastworld13
2026-09-13 08:07:05,day,culture,3,0x0f2bcf469f85fe746058f3a0767d24124d0d665a,1315.0,0.0,Sylvester.the.Cat
2026-09-13 08:07:05,day,culture,4,0x2b670a311561dcaf741d8155451774d3fa7fb814,964.7181499999988,0.0,0x2b670A311561DcAF741D8155451774D3Fa7fb814-1778467735876
2026-09-13 08:07:05,day,culture,5,0x5a45565906b8478fe456a0d313ce8839b3e7f628,852.9286499999798,0.0,FFIE.
2026-09-13 08:07:05,day,culture,6,0x08458f7e9d2858027de579e4c3ca305475496b6f,795.4535728780011,0.0,GollumGekko
2026-09-13 08:07:05,day,culture,7,0xf9db42cd8186e1547c85bb80f2616af109c88dc1,719.6550959726064,5297.247327,Gabriell11
2026-09-13 08:07:05,day,culture,8,0xe0dbdb7f005f233f4510e4ef7e53a2f76a8df44e,589.221048672498,0.0,lug
2026-09-13 08:07:05,day,culture,9,0x014c4e7ae2145992861c2d1b124af633a97f820c,538.8172839669933,402.97,Hyperlong
2026-09-13 08:07:05,day,culture,10,0x7056f248c5098cce2fb0a062cdd2ab0f8318c95c,457.6782713704961,0.0,denzeldumfries
2026-09-13 08:07:05,day,culture,11,0x6864204009ba1e137989983eafee8644cb3f294b,380.1889222680402,20556.698783,hetacz
2026-09-13 08:07:05,day,culture,12,0xd416d3309f75426c82a5158cdcb209780af2d9e2,362.55813219999936,5069.09,Annihilation
2026-09-13 08:07:05,day,culture,13,0xdff848bc245f1db1f8ad42b630a506955e213c8b,360.76833540789266,1140.990538,jimmer-fredette
2026-09-13 08:07:05,day,culture,14,0x9a3fa403a6666eef75f92f181fcf13f9c051914a,351.85901180246947,0.0,Rex416
2026-09-13 08:07:05,day,culture,15,0x4b2d0bbb55b0f92e30edbf2e5f944b089a6af0d4,335.0318466555,0.0,VvVvV
2026-09-13 08:07:05,day,culture,16,0x8e77537e059837d3c2ca5b4efe75e74e9498c4f3,328.75000000000045,0.0,dwpoker
2026-09-13 08:07:05,day,culture,17,0xd923b58e7874de549b0b9bd07db49eeb2878f400,326.44874999999956,0.0,JustHereWaiting
2026-09-13 08:07:05,day,culture,18,0x1cfc260bfa2b5ae89377863180ca3b4f5c862111,301.2907871459465,0.0,lissartter
2026-09-13 08:07:05,day,culture,19,0x7f42267ac46ce8c160830b3052d93bba2cf236ff,293.5796900000423,0.0,waterwaterwater
2026-09-13 08:07:05,day,culture,20,0x4a3beb266c0240f41a2e9f298eac472044512eb3,290.4268288185001,0.0,HukaBars
2026-09-13 08:07:05,day,culture,21,0x9aeb534c42b58b21673d5e03e9da14fbd15b2729,281.80155499998364,0.0,The-Joker
2026-09-13 08:07:05,day,culture,22,0x8260f8a8bd498744d76279fe9112f4fd651ee77b,273.69813671799966,0.0,shabalaba
2026-09-13 08:07:05,day,culture,23,0xaae9b2c5ad90e82b5068c7f8a4b491997633d661,267.5751,0.0,ZorroDeLaVega
2026-09-13 08:07:05,day,culture,24,0xb0c85813a7a4428f1139ff91d3118a92c391fe7f,262.1472407340916,1521.1844729999998,bitcoin.gold
2026-09-13 08:07:05,day,culture,25,0x6e6ceb124dbda7711e09de01775ed8329ed7e358,239.71099846750076,0.0,polmar001
2026-09-13 08:07:05,day,culture,26,0x9199ba070c49a78d7b1eb029b5c03d0b2972dd2d,238.19814171199687,0.0,0x9199Ba070C49A78d7b1EB029B5c03
2026-09-13 08:07:05,day,culture,27,0x2924d14ef7fb302d7d520c2394310409fce5dcde,236.42910829000175,11235.22,0x9b257ead1a6240d4ab5c2ae0253
2026-09-13 08:07:05,day,culture,28,0x9e8ecc4cb3c4e48f544cba2fbbb252a6a65e8db8,233.07600089350308,0.0,DREAMBIG.
2026-09-13 08:07:05,day,culture,29,0x94c6f93ff78f23b5fca3a4254b38c6cc2e9f7a14,232.3567668009996,9011.29,clggzz
2026-09-13 08:07:05,day,culture,30,0x1c01bc3064ae76a9a2195a1d4840865b986e3cd8,226.57505500000002,0.0,antoo111
2026-09-13 08:07:05,day,culture,31,0xa51db81ca36e3f71b7943da8bc16e13db3889ce7,215.9205688899998,0.0,0xa51DB81CA36e3F71B7943DA8bC16E13DB3889cE7-1763995470303
2026-09-13 08:07:05,day,culture,32,0x1e3bc72271435f46effb75353403936ab664e3ba,209.34118572999864,1193.76,froku
2026-09-13 08:07:05,day,culture,33,0x9574537d031ac68f2fefd4780e930d448a860089,207.82740000000922,0.0,0x9574537D031aC68F2FeFd4780e930d448a860089-1776565971121
2026-09-13 08:07:05,day,culture,34,0x9afeaa84ba61d876f04575c7cb667853f173062a,204.65270968699997,0.0,05005
2026-09-13 08:07:05,day,culture,35,0x128cd861e622eb5951c55b730ec60115a46bad12,204.5494594800075,1920.3799999999999,zhangyu1377
2026-09-13 08:07:05,day,culture,36,0x638dc9ee7760a35c304afaec7acb2bb7600c3d87,193.72998124999958,2335.67,johnnnnnnn
2026-09-13 08:07:05,day,culture,37,0x0c28d976bbfaad597a678f6fc3794d6ba56a9844,191.19482474549966,3074.678482,youtube-trader
2026-09-13 08:07:05,day,culture,38,0x38f50488b14a87769e0c5cd6c514b6c2e8ec6824,187.63541140626876,88.92,iFlexdaughter
2026-09-13 08:07:05,day,culture,39,0xc7d02944a76b9f83b199e9090ecc92c82d241f8a,187.19773140758662,683.299563,0xc7D02944A76B9F83B199e9090ECC92C82d241F8a-1776944395495
2026-09-13 08:07:05,day,culture,40,0xd48fbb1cae18cf7d956277271ce4c712513e2132,186.99606501750077,0.0,Rocky0420
2026-09-13 08:07:05,day,culture,41,0x5a218c7ad04135830a45c41aaed7294df7809318,176.57602316015982,3680.56645,balthazar
2026-09-13 08:07:05,day,culture,42,0x7ddd74dc74bd7acd334c51f7fa415a732db52492,158.90229242999976,663.97,arawoodos
2026-09-13 08:07:05,day,culture,43,0x33f832b83b52aa61967fb8ecb2e753734767c5e4,158.6329352316534,1954.806366,fanat12
2026-09-13 08:07:05,day,culture,44,0xdb7118f26824cfbc472aa512c798f31b665410cd,157.29955800000005,2419.9932,GooberThaGooner
2026-09-13 08:07:05,day,culture,45,0x35f3f632e298b77df6acd316687169d15be3cfd0,152.79248999990705,6500.0,RickRockRick
2026-09-13 08:07:05,day,culture,46,0x82882d761b0d7f18b2cc286117d10cd8a15a5519,151.50000082149563,0.0,Sugarina
2026-09-13 08:07:05,day,culture,47,0xaca23974e2b8131efbafaa1fe03ea9595ea0b9a1,149.0414283300779,0.0,ellio8989
2026-09-13 08:07:05,day,culture,48,0x8f7b4550a868467b2db230445fee9242077e2a5f,146.31919494000024,179.72,Venimous
2026-09-13 08:07:05,day,culture,49,0x5095e97281f28d4d8549fd3834802c24cbb793ee,144.04724999997416,0.0,0x5095e97281f28d4d8549fd3834802c24cbb793e
2026-09-13 08:07:05,day,culture,50,0x55ab6191d1d3609f6ffb12f17d56fe9453da4f88,143.89970517750044,0.0,pengu-n
2026-09-13 08:07:05,day,culture,51,0xe5599af54c992d1ad34173d88a9046c558451300,137.88976122393797,6187.973121000001,hulitest2025
2026-09-13 08:07:05,day,culture,52,0x28ca4e9a04531f2eac0c2770f95db4e1c6a65d19,136.60283035016073,709.0708099999999,DuneMentat
2026-09-13 08:07:05,day,culture,53,0xf797d4d1c038d1eb0593edae0e66bf8e4b2e0bf2,136.2799920155012,0.0,DerDon
2026-09-13 08:07:05,day,culture,54,0x9b129ad05bc0a8df3c73dfcc66fe75252daec2d5,135.78441705512955,1360.9099999999996,0x9b129aD05Bc0a8df3C73DfCC66fE75252DaEC2D5-1778811687225
2026-09-13 08:07:05,day,culture,55,0x69645cea639e7a19cbde6c126a197bc1abafef53,134.85237821968622,5199.825836000001,PredictionYogi
2026-09-13 08:07:05,day,culture,56,0x8931aa50226eea3e626c961ccffcf176dcf3a90c,134.81230169799983,0.0,
2026-09-13 08:07:05,day,culture,57,0x2ef2887692386bebad6ef3df9fd3d0e223047f72,132.5000000000191,0.0,fghsrthrhrshrsth
2026-09-13 08:07:05,day,culture,58,0x758dac51ba3cc9a246a79787da9df11c5f425d9e,130.73940106028158,9457.056427000001,a5533
2026-09-13 08:07:05,day,culture,59,0xe5bd42e02dc8c05b31514c1596eaf82d3e52339a,128.92625652559218,3453.4752540000004,Kaiji123
2026-09-13 08:07:05,day,culture,60,0x46a121e4df5fdd6cf042a4ede1e90672583e2736,125.2382902749996,0.0,0x46a121E4DF5FdD6CF042A4EDe1E90672583E2736
2026-09-13 08:07:05,day,culture,61,0xb1fea225cd6d19c4df7b9126855d0992dd552b70,124.73709529801272,0.0,zubizubizu
2026-09-13 08:07:05,day,culture,62,0x9895c337cd7a93e845970f97b3baf6e7a1663870,117.0,0.0,Kronosssss
2026-09-13 08:07:05,day,culture,63,0x6df766e3e23ecf297342f37b5783ac066fb8afb0,116.57492559997263,0.0,Poiuztrewq
2026-09-13 08:07:05,day,culture,64,0x75d4c19708ad084c1cf6a10cfdf528c76fd94027,115.30186359999789,0.0,whodet
2026-09-13 08:07:05,day,culture,65,0x843c0fdaab99f50aa1ebc7002e6e31cfdd0d4863,113.83943999999974,0.0,Gaile
2026-09-13 08:07:05,day,culture,66,0x5e690e8c6e95292d7e4b2f58887e18d328b27f76,113.02131000000008,0.0,SentimentalValue
2026-09-13 08:07:05,day,culture,67,0x292c86d76f8e2b1cd2996c445be3a3b092792ea8,110.49772499999995,900.0,MagicRaja
2026-09-13 08:07:05,day,culture,68,0xf85fa31a58fcce6c00b5af806a598b1600329800,109.43653930700066,0.0,SiSi
2026-09-13 08:07:05,day,culture,69,0x582fe984e7e359858e18f35ee85dc734b4d99cd5,109.00728317100005,0.0,madafaki
2026-09-13 08:07:05,day,culture,70,0x3089e1a6e3e9122c328aebe47b86ff5e13b292f6,108.14484033999975,1430.46,bonalddrunk
2026-09-13 08:07:05,day,culture,71,0xd9fe6f0f41ca99fefa93c55d8890000e5a84db0d,104.24345064323786,905.1454669999999,ghorrock
2026-09-13 08:07:05,day,culture,72,0x1c767509802151d20c3b1d2e7a41241dbe80c23e,101.86960135449999,169.49,sollydisa
2026-09-13 08:07:05,day,culture,73,0xa15655c43a7e4b50190d1f14198e80da86a1cf02,99.31333759549989,14.2404,Crabsoup92
2026-09-13 08:07:05,day,culture,74,0x4bf459194025b2ca11a2db2deb9ef2a08c467021,86.78999265299996,0.0,Malganis
2026-09-13 08:07:05,day,culture,75,0x079a39f6d15ef5607ab19f27e75a06aa8a46d3df,83.96742442785569,68.929488,Mohammad463
2026-09-13 08:07:05,day,culture,76,0x77e595582f4509ff3672c58c143e44bddcc2ec41,83.2691941879034,61.55,88888888888888888
2026-09-13 08:07:05,day,culture,77,0xe6c6f1d992367fb31219ae05464fdcfd2b7577b7,81.35702565766886,5609.234666,carboyant
2026-09-13 08:07:05,day,culture,78,0x8f8793088df893d5cae27f520d43282f8f092b4d,80.84433789424799,1856.8238860000001,0x8F8793088dF893D5Cae27F520d43282f8F092b4D-1779010038488
2026-09-13 08:07:05,day,culture,79,0x69448d9d3ae6c6c62d94ab9c1ea696532fa47275,79.81600237199996,244.98,helpinghans
2026-09-13 08:07:05,day,culture,80,0xfbcbd30ee172d6750364c117d989c4c049eebb5d,77.81027991999872,10261.26,ElonSimp
2026-09-13 08:07:05,day,culture,81,0xf6e30502a5313a3240f48f8b2fd501616d3dde04,77.51915873499998,0.0,belicnno
2026-09-13 08:07:05,day,culture,82,0x03ca828bf65844e15c501325a0e17c3322ffb57b,75.5,100.0,wjawkvw
2026-09-13 08:07:05,day,culture,83,0x2d1d0e5efa7c221127cbbc70246d6dd4978a3585,75.48169999999993,0.0,daiphoenix
2026-09-13 08:07:05,day,culture,84,0x3f3bfc6d754e416699793901ffb12ddeee9f1d77,73.89126828150256,0.0,eNakeVets
2026-09-13 08:07:05,day,culture,85,0x1476574aacc087ab99632bcfdc4b44fc85e499b7,73.07125232500039,0.0,notmossad
2026-09-13 08:07:05,day,culture,86,0x0a6d26d31b28fd5a84c301f8b27296612f3b1d0a,72.68150811302621,0.0,Bikesarethebest
2026-09-13 08:07:05,day,culture,87,0x126eef15c6cba41b09efd6b811c456548b41d35f,72.44338025200003,37.558,tinatina3
2026-09-13 08:07:05,day,culture,88,0x87a9157fffce89ce17201716abade38cf68b4bdf,69.5328110846549,1727.67,sange111
2026-09-13 08:07:05,day,culture,89,0x143732d8a06bd1596c694f7873cd493be80aacfe,68.99999999999977,0.0,frozenriver
2026-09-13 08:07:05,day,culture,90,0x8c4225dd7544f3f03eaa635cd81022b087b87d77,68.95178700000001,340.28,Xcvhgsxc
2026-09-13 08:07:05,day,culture,91,0xebf6967890f409db1d8172ae52ad22e5d997a960,68.91154399997004,0.0,Icannotwin
2026-09-13 08:07:05,day,culture,92,0x31e9a719849931d141f6ea440541c863b5c6daa5,67.80063315999996,0.0,0x31E9A719849931d141f6EA440541C863b5c6daA5-1772069930230
2026-09-13 08:07:05,day,culture,93,0x598ee83578910e92c7976747f27cf18e15ed9d4f,64.72232623199994,0.0,0x598Ee83578910E92c7976747F27cf18E15ED9D4f-1768664369098
2026-09-13 08:07:05,day,culture,94,0xb16373f900798ad6e26a169341c68c0d710e6062,64.30314768499886,1259.0300000000002,rago
2026-09-13 08:07:05,day,culture,95,0x2254d788eaa439760f445118755a4334bce65ddf,64.00379490477462,2018.5379629999998,It3
2026-09-13 08:07:05,day,culture,96,0x5a0d0c6eee71b96db16e5e271e0fa724be8dfa97,63.78016249999996,0.0,ifyouloveme
2026-09-13 08:07:05,day,culture,97,0x8948455a9f1580c5a1ce8c3471fd5ac90f01f94e,62.76338741145403,19754.863637,Nogooo
2026-09-13 08:07:05,day,culture,98,0xb028b82a80c2d1e855ab4f3cd3a18ecf76838686,61.80692513550457,608.7,Ox79879657hjgdsghgdj98090klfdkld
2026-09-13 08:07:05,day,culture,99,0xdd287fd025c76163eeb23345c3a8595f728a374a,61.61030704500007,0.0,WatchTheTape
2026-09-13 08:07:05,day,culture,100,0x7733b41cd4fbcc381b149e0bb6c4b8044d5e26d5,60.151869669549015,522.727273,ahlook
2026-09-13 08:07:05,day,mentions,1,0x299cb40195d270438f8950902f242d796457d85e,306.11276641000404,360.84000000000003,0x61824002685454-836100846371
2026-09-13 08:07:05,day,mentions,2,0x512d71112e3b7c3b5abe6053413de9073381fbcc,183.72,0.0,KindaBoiled
2026-09-13 08:07:05,day,mentions,3,0xc8ab97a9089a9ff7e6ef0688e6e591a066946418,169.64026620349614,311.0,ArmageddonRewardsBilly
2026-09-13 08:07:05,day,mentions,4,0x01e6e3c5cfe50943e7721398054cb1e22032e7e0,130.8,0.0,JustADonk
2026-09-13 08:07:05,day,mentions,5,0x38f50488b14a87769e0c5cd6c514b6c2e8ec6824,122.31336785707208,3177.2215,iFlexdaughter
2026-09-13 08:07:05,day,mentions,6,0xfadb809b7856230470ee9acb0ce812b5dc045645,99.16128864000001,151.7,SuSuDORIS
2026-09-13 08:07:05,day,mentions,7,0x8f3166b79a019a1f451d86513604ffa1f74a84a2,97.31503472300011,71.8,0x8F3166B79A019A1F451d86513604Ffa1F74A84A2-1785673333356
2026-09-13 08:07:05,day,mentions,8,0x7bff96579b20fe3530e140d6a3c223c9f2127cd6,93.25694456500105,40.0,KingZeManel
2026-09-13 08:07:05,day,mentions,9,0x66c1a6fe836ff555ca32848646acedbbe93bfa3f,82.51836039997579,402.09,Platykurtic
2026-09-13 08:07:05,day,mentions,10,0xa400008ab672cc8a19928aa0a49852f80d1c14bb,79.32024012000001,222.4,0xA400008Ab672cC8A19928aa0a49852f80D1c14bb-1779714772177
2026-09-13 08:07:05,day,mentions,11,0x38d5a13ef8e32d5e5a808ceba52d6ac78d4c063c,59.13450174400032,389.99,JonnyA
2026-09-13 08:07:05,day,mentions,12,0x0c28d976bbfaad597a678f6fc3794d6ba56a9844,50.757598789999975,67.0,youtube-trader
2026-09-13 08:07:05,day,mentions,13,0x30fb41b5a08fff5d3dd983f6323e3343931a7db4,47.63047373000336,197.35,tradetosurvive1
2026-09-13 08:07:05,day,mentions,14,0x4b8ae011176b76888949476d7fb7a56985faf4a4,35.44044357149414,743.77911,chessplayer
2026-09-13 08:07:05,day,mentions,15,0xcceb22d524e186153cffe79f13c0aeb75889f030,35.26075000000003,0.0,ScottsRoad
2026-09-13 08:07:05,day,mentions,16,0xa3e22cd32aa9238ef7dbcfb4761e33b9eaa1fdf8,34.910250982000434,319.0,pootytherewardfarmer
2026-09-13 08:07:05,day,mentions,17,0xb77778b0ed37ad61176519da34b24118c9593ff9,27.682757384498927,0.0,tiongbu
2026-09-13 08:07:05,day,mentions,18,0xf96b2771ab7d527e5adece841b29457acd689c4c,23.080000000000002,0.0,addie-bundren
2026-09-13 08:07:05,day,mentions,19,0x5b6331e7ff0831a3fe2ed12004747db1a9c911a4,22.893510000000788,18.93,neutralwave23
2026-09-13 08:07:05,day,mentions,20,0x7b415a4343112d0f674bd587b6bc3935478e50a7,16.129834294999995,0.0,sentewa40
2026-09-13 08:07:05,day,mentions,21,0x8673d3a19c559f43241312894bb82fc4fd8559a5,15.704400000000078,168.14,
2026-09-13 08:07:05,day,mentions,22,0x5042e6dc8a612c493881a3e67519cc09f5f4fcb0,13.331379999999626,0.0,NoHigherLimit
2026-09-13 08:07:05,day,mentions,23,0x727e819c79ac4eb555518cccdfd424d2d4cf8b9d,12.860965000000078,12.47,solder
2026-09-13 08:07:05,day,mentions,24,0x521070c99db06e54af5e8e4a91d6858decdfbd53,12.40455661499982,29.759999999999998,RadioFreeZerg
2026-09-13 08:07:05,day,mentions,25,0xadf18a599d0c73e432d042ad6d922051ae796460,11.227310000000216,0.0,Kactus
2026-09-13 08:07:05,day,mentions,26,0x67d657e52db60591b27b411f0ed1dbde811c245e,10.778650000000198,0.0,StupidMonkeyyy
2026-09-13 08:07:05,day,mentions,27,0xe3ce26172dcdbe38f3280f30759f8a8e89dc54a5,9.950633374999938,0.0,xxxxxxxxxxxxxxxxxxxx
2026-09-13 08:07:05,day,mentions,28,0x1b2b2b444b2690f81dc914d156962141ecced461,8.400000000000004,0.0,Alarming-Cauliflower
2026-09-13 08:07:05,day,mentions,29,0x4c9affa3a4f5ba6b9ab3dd272c20e47ea47e0cd4,8.135632615999384,431.86,pppnn
2026-09-13 08:07:05,day,mentions,30,0x7f974d7bede869972b015869fe1512a76275a349,8.100000000000009,0.0,Mate0013
2026-09-13 08:07:05,day,mentions,31,0x46299616ff1eb6544ca3ba653d431a20f207f3b1,7.896104462499949,82.62125,
2026-09-13 08:07:05,day,mentions,32,0xa815f590e64fa64d417df72c581a32f5ff449cbe,7.676725821999952,77.844898,Numitus1994
2026-09-13 08:07:05,day,mentions,33,0x1964d019f4cae8dcc0f36cb80e0ec88084c15461,7.298940875000028,0.0,0xs55555
2026-09-13 08:07:05,day,mentions,34,0x5f3ee9c40be255d1c18ca38bf4ab94b564c75337,7.260902369999712,0.0,0x5F3ee9c40Be255D1C18cA38bf4Ab94b564C75337-1776862065527
2026-09-13 08:07:05,day,mentions,35,0x4a86051b0a7ac1530b70d4e6fc361a5fb755cfda,7.139490000000023,0.0,Markizzz
2026-09-13 08:07:05,day,mentions,36,0x813fa110c4e2dfc6737ce185757764c8643e26ec,6.999999999999943,150.0,sdssds
2026-09-13 08:07:05,day,mentions,37,0x2b87040ee1a646e4a0898c18d599d7bbafb9376f,6.945500000000038,0.0,Andorra9
2026-09-13 08:07:05,day,mentions,38,0xd96aa9293c34e244734f8b22bbcfde0ae9eed8ce,6.647140949000001,0.0,
2026-09-13 08:07:05,day,mentions,39,0xb22085e3eae25e5f96568f84c7b25b9bf7c45f71,6.245165224703015,1150.3245880000002,buzzedballs
2026-09-13 08:07:05,day,mentions,40,0xe8c4d68aff65b38cac46987b9b65e01eb47d395d,5.355000000000473,0.0,JAMJAMJAM4
2026-09-13 08:07:05,day,mentions,41,0x8c4465127b5278a5d7fd120b95b77e7fe292fcd4,5.140844999999985,0.0,nelbal8486
2026-09-13 08:07:05,day,mentions,42,0x0cb10c40b0776e9ee8cef970af85724654dda76c,5.111533959949156,2.252744,Quarrelsome-Branch
2026-09-13 08:07:05,day,mentions,43,0x961b2866b349bad732c6fce081af9090be4d2b00,4.667675119999956,0.0,erFiodena
2026-09-13 08:07:05,day,mentions,44,0x05c8cce6a8271a20a48babac2095c673676d2223,4.371749999999565,0.0,HeDidWearASuit
2026-09-13 08:07:05,day,mentions,45,0xde68293bce7ee14695a0d054b12c8f2e081242ce,4.293555549999994,21.0,
2026-09-13 08:07:05,day,mentions,46,0x5edac84d3078a6de72d8c67aa6495d3ff095d453,4.283820000000162,0.0,cubsy
2026-09-13 08:07:05,day,mentions,47,0xd6df99cedecd9ae5cf7b9f830a5d8ca59cc0d71d,4.149999999999999,30.0,cacato
2026-09-13 08:07:05,day,mentions,48,0xb1198968d144997367fe23c14f3730348075680b,4.0795921899999925,32.84,jdkfbsbdskjbfjksq
2026-09-13 08:07:05,day,mentions,49,0x74957ea27ac4fbdee46d861fdae357859ff67fcf,3.9674298630043268,0.0,LornaPredicts
2026-09-13 08:07:05,day,mentions,50,0x74386dfd2b031762e5d83e1b69f0e27797fbb741,3.3343500000000077,0.0,romanew-1-new
2026-09-13 08:07:05,day,mentions,51,0xf5286079ada8dcfeaa44f7f1c87e1ec37c127e5b,3.243666228000137,20.240000000000002,
2026-09-13 08:07:05,day,mentions,52,0x8f83d9aee0904ee17a8a80857056db3b8cb888dd,3.1460066799999993,15.73,0x8f83d9aeE0904Ee17A8a80857056dB3b8Cb888DD-1786436206033
2026-09-13 08:07:05,day,mentions,53,0xe39783f92ee0985f1ab5fe514030f946825abfcb,2.7749999999999773,0.0,0xzipper
2026-09-13 08:07:05,day,mentions,54,0x309b39e4b81975412e3d1af913fb3328c1594d75,2.5650270000000077,208.0,cosmic-kudure
2026-09-13 08:07:05,day,mentions,55,0x7a95a3c59926a540e32bf38524ab42b723ea2551,2.510000000000076,0.0,0x7a95A3C59926a540E32bf38524ab42b723ea2551-1771473941367
2026-09-13 08:07:05,day,mentions,56,0x4fff3c11a5d9b77822e01792f933cdb28557be78,2.505000000000109,40.0,turtle911
2026-09-13 08:07:05,day,mentions,57,0x8c7199cc09a2c6658f38ab47419eeb842aad3f1a,2.4776880000000006,1692.4099999999999,C6H6
2026-09-13 08:07:05,day,mentions,58,0x21ffd2b7a212a6f277ed3eca1a9f8efcbca90d71,2.3705543975011096,21.86,Haradwaith
2026-09-13 08:07:05,day,mentions,59,0x6643279a36ac2f9cae3d637412f907527bcdd6cb,2.299999999999999,0.0,LMBY
2026-09-13 08:07:05,day,mentions,60,0x6b0ebbef2630b9a0da35594bf7ddd1911246e3ea,2.1639499999997724,34.0,
2026-09-13 08:07:05,day,mentions,61,0x92a7cfd236957a6f5472ac3f81e6468cd5d8eb78,2.0581132500000052,0.0,greatbritain
2026-09-13 08:07:05,day,mentions,62,0x229c0a7d92977a9934e5ac2348d507988996b966,2.017246040000259,50.0,qqqppp-l1
2026-09-13 08:07:05,day,mentions,63,0xf60fb8fa9df77178ce3b2a0efc86d28ec4e957a8,1.9664434999999116,0.0,kirit4
2026-09-13 08:07:05,day,mentions,64,0xb4c31afae5328854c417ff3b469745e3299278ff,1.9609499999999995,0.0,Jhuriel
2026-09-13 08:07:05,day,mentions,65,0x4b4cb4b8749ed0bab6d1f51c779208cf5ef1c67d,1.9193099999999998,0.0,84sfs
2026-09-13 08:07:05,day,mentions,66,0x8ef1fd0cce8881d7a77dada3e8a210df27014f92,1.7864000000000022,0.0,kingtyrone
2026-09-13 08:07:05,day,mentions,67,0x7c3db723f1d4d8cb9c550095203b686cb11e5c6b,1.6147777999867685,0.0,Car
2026-09-13 08:07:05,day,mentions,68,0x12e45413131aedc46b68a127354831300485dfc2,1.577949999995326,0.0,rigatohni
2026-09-13 08:07:05,day,mentions,69,0xe8fcb5f37ef114be04c7e54ff601730117340d3b,1.421429360000161,0.0,Fihdrzgdd
2026-09-13 08:07:05,day,mentions,70,0x57a8e5d81df013a009644899fdbc51f538d9d092,1.3462000000000032,10.99,ramc2005
2026-09-13 08:07:05,day,mentions,71,0xa36d5c089d7dc73f671c8ca96ed83ec67f5e3654,1.3317512400000169,70.74,0xA36D5C089D7dc73F671c8Ca96ED83eC67f5E3654-1772745083995
2026-09-13 08:07:05,day,mentions,72,0xc6beb58b302adbc88a64b34e8f991c283dffa0f3,1.288000000000011,0.0,WillBeQuant
2026-09-13 08:07:05,day,mentions,73,0x53b933bec5f65d5363ee1041050d265517964b3d,1.2729500000002645,0.0,df4d8fa4sdf5
2026-09-13 08:07:05,day,mentions,74,0x963194ba7ee25dbc8c6169125a41ce8a080f7c36,1.2354999999999912,0.0,0x963194BA7ee25Dbc8C6169125A41cE8a080f7c36-1788243769004
2026-09-13 08:07:05,day,mentions,75,0x9b2fcb79bdb8a6a6174da327e9335f7889c6d8f8,1.085293759499109,0.0,SloppyDonny
2026-09-13 08:07:05,day,mentions,76,0xd5527c2bdf2bc4855b4b55b6aabe3b308371ec26,0.9999999999999991,0.0,ElaraVasiliev
2026-09-13 08:07:05,day,mentions,77,0x78db05b03fcd5f0734fffe0365bd5414862eec04,0.9999990000000001,0.0,kira-LP
2026-09-13 08:07:05,day,mentions,78,0x4ab7625cacd4ec2c8804149ddba6d232fe645f17,0.999999,0.0,yenistriga
2026-09-13 08:07:05,day,mentions,78,0x42e7f0c1f45ccc07a2755489789d700e344143bd,0.999999,0.0,betlife-619
2026-09-13 08:07:05,day,mentions,78,0x58f8f1138be2192696378629fc9aa23c7910dc70,0.999999,0.0,bloodmaster
2026-09-13 08:07:05,day,mentions,78,0x96b542bf4bfbba3801f1304dd611f34199600821,0.999999,0.0,secondarycolor
2026-09-13 08:07:05,day,mentions,78,0x8641736a39a229e091eff6fd0c040ad1db192927,0.999999,0.0,
2026-09-13 08:07:05,day,mentions,78,0xdb82fe0d2ea3b3c4466a245ba26d29b2031c46cb,0.999999,0.0,NortheastTiger
2026-09-13 08:07:05,day,mentions,84,0xb5836c39622aa685fcda6d0ef52b45c8802f939e,0.999996,0.0,chilly99
2026-09-13 08:07:05,day,mentions,85,0xeec913dc394341eb97c2264231876b20fef02c45,0.999995,0.0,pepe11
2026-09-13 08:07:05,day,mentions,86,0x6e8d843cc031c1ba0c6dd1d3db0e2cd1adddcc23,0.9999920385769999,0.0,alvarito
2026-09-13 08:07:05,day,mentions,87,0x9257623ec1ef067eb1756f40349e3ff81246cfb0,0.9994995,0.0,Withia
2026-09-13 08:07:05,day,mentions,88,0x74b4d17af9032fc53ec83e8fe17d37344022b283,0.9994559999999995,0.0,strwr
2026-09-13 08:07:05,day,mentions,89,0xdb29faefbac63c791fcdec9a39f4a8c3137f4b3a,0.9994,0.0,
2026-09-13 08:07:05,day,mentions,90,0xd835d39842fe1dd5ad541e6b620c991ca6d91d5e,0.99937785,0.0,kjhgfvghjmk
2026-09-13 08:07:05,day,mentions,91,0xc2df22fa484a25d8f57b1354b7f9b4fd0eb3516f,0.9993690000000005,0.0,
2026-09-13 08:07:05,day,mentions,92,0xef03567fc5a30b665efca7e9ef2e9e3fe6031fbf,0.9991199999999999,0.0,0xef03567fC5a30B665efca7e9eF2e9e3fe6031FbF-1759574216489
2026-09-13 08:07:05,day,mentions,93,0x61c8abd32c9a3792c8196caaf9c2d3ce31d572ac,0.9990563900000001,0.0,cswrth
2026-09-13 08:07:05,day,mentions,94,0x0adba53d927755feb4d4aca0c3a7e75b7868f95e,0.999,0.0,milfwithnokid
2026-09-13 08:07:05,day,mentions,94,0x3445189bbd762b4cfbd476d1f01092a8f0a8f9fa,0.999,0.0,Batyok
2026-09-13 08:07:05,day,mentions,96,0x4516d2180a80d5b1d46a646cb67ef85ee747ff25,0.998999,0.0,jiton
2026-09-13 08:07:05,day,mentions,97,0xae1223b0240104c7a5f7d305c3888bb329cbcfc1,0.99899436,0.0,0xaE1223b0240104C7a5F7D305c3888BB329cBCfC1-1766964422803
2026-09-13 08:07:05,day,mentions,98,0x7c483d26ccc647422a6e560ec59defe13879f2da,0.998971842662,0.0,0x7C483D26ccC647422a6E560eC59DEFE13879f2Da-1744885137007
2026-09-13 08:07:05,day,mentions,99,0x01636baaefd490d5df43ae3d0c7da2e67699f7c9,0.9989691744239999,0.0,TheRedBear
2026-09-13 08:07:05,day,mentions,100,0x3f05a61b747b292790eff03213760513f85d9524,0.9987577231560001,0.0,Xeiroo
2026-09-13 08:07:05,day,weather,1,0x180e62e6f035dbf69118a2306df25d28762129df,2688.564407405236,8859.9494,fildoro
2026-09-13 08:07:05,day,weather,2,0x216050de6080fac3926226b2b8ce3d5544784c78,1785.1718568865938,3713.799292,iWasEnough
2026-09-13 08:07:05,day,weather,3,0x9506e646497107cabf2d5b941a8e6a60d0db1c4f,1051.4001147809959,1595.907016,
2026-09-13 08:07:05,day,weather,4,0x2ef2f13f30e523197e9e66afa2f2620f02fbfaa5,704.6030808758351,11724.130211,goshopping
2026-09-13 08:07:05,day,weather,5,0xb87fb360cb36b252a237b11b18d9a4127ee3f7d4,702.8345440663229,2223.4726250000003,yueyueyn
2026-09-13 08:07:05,day,weather,6,0x5a218c7ad04135830a45c41aaed7294df7809318,671.0862841701237,8344.549637000002,balthazar
2026-09-13 08:07:05,day,weather,7,0x213e1deb37695fb513e1110e6506220c37a75e0f,645.8400784985049,1963.78,RecoveringGamblingAddict
2026-09-13 08:07:05,day,weather,8,0xd7c2d0eeb94d61a822f90a09504feaae61f9e1e0,586.5453181465859,2043.7537439999996,wfffkkl
2026-09-13 08:07:05,day,weather,9,0xbbb72a812cfbc5217d77c0a0018c71f174d3a11a,556.704956095884,11544.642254,sailor82
2026-09-13 08:07:05,day,weather,10,0xbc0aa6bdb62652dacef99a36f84589e388f61f1a,491.4903598153239,1893.0901769999998,chuzihang121
2026-09-13 08:07:05,day,weather,11,0x95d381e71dba6f1c3199fd9bc040383d6fae6eff,429.50728278433417,4918.685182000001,TunSahur
2026-09-13 08:07:05,day,weather,12,0xea2e362e3ed3b81df82ab64b123318b8028b1e57,369.79709222790865,2004.9208589999998,nomantoo
2026-09-13 08:07:05,day,weather,13,0x4247c89f4a9236a6b5fb24502023bcc98ab1455f,342.05573883700345,1721.7218660000003,09F911029D74
2026-09-13 08:07:05,day,weather,14,0x09a85cfe4d51e0cde12daa4d255b3f789fb447c1,322.39970640000683,3663.3,tenkiyoho
2026-09-13 08:07:05,day,weather,15,0x686880eea810fa9141be46a1acec9eee41755198,311.21023469163265,9702.543268000001,opopv3
2026-09-13 08:07:05,day,weather,16,0x16ce1f954bfae560af862712fad9dd261f4ceba1,302.4947146510028,299.98595800000004,36oldtiger
2026-09-13 08:07:05,day,weather,17,0x79ad3e890dc870bf48d9bbf3f226a77746db4eed,297.37692999999626,400.0,WeatherMasterv3
2026-09-13 08:07:05,day,weather,18,0x06e8b7d7474f561130533455b0a9bdcc56339c25,274.94936793266606,3579.427579,6862584
2026-09-13 08:07:05,day,weather,19,0xb40e89677d59665d5188541ad860450a6e2a7cc9,269.0234580758406,14878.008225999998,Poligarch
2026-09-13 08:07:05,day,weather,20,0x63b054851ee0b6915b3218a56cb36e21bf644cf2,258.27458561941097,1302.4399999999998,WallStreetKlller
2026-09-13 08:07:05,day,weather,21,0xd372b7468864233aa6d33aa2dda181511c7804be,257.7908731549999,606.586559,0xD372b7468864233AA6D33aA2dDa181511c7804BE-1772427041432
2026-09-13 08:07:05,day,weather,22,0x2bfd3738d0298174dfa80a1202f8156fa739c4cd,254.52050786000018,1767.645237,0x2bFd3738d0298174DFA80a1202f8156fa739C4cD-1781251227849
2026-09-13 08:07:05,day,weather,23,0xfd368530e2d6b22677eeb90c89b29e232670a832,250.3918861061211,111.111112,
2026-09-13 08:07:05,day,weather,24,0x79a14b2a3eddd65296f6a85158d7eaf1491734b5,249.4679814000001,0.0,
2026-09-13 08:07:05,day,weather,25,0x154ca10dfee317dcfb9337788db7da858cba658e,234.6516246195702,0.0,AmericaFirst1
2026-09-13 08:07:05,day,weather,26,0x3b2ca1312bed6142f069090240b43d801aceecdc,227.58262149519805,319.038971,Fatbbbb
2026-09-13 08:07:05,day,weather,27,0xeaeac70e7268982a05711ab0b0a63bbda74e673c,226.79857304249992,0.0,Katty3105
2026-09-13 08:07:05,day,weather,28,0xcbbc5e035504421b084ad9248b660f6e9618b5d0,223.23096806457352,3775.47993,VibeTrader
2026-09-13 08:07:05,day,weather,29,0x931466553a14d86e05d5fe0afbb00ae488cddb74,222.23241591814144,3454.205195,nomoney-nohoney
2026-09-13 08:07:05,day,weather,30,0xec86a2d3f69015b1a9382e4dfa8695e1b48760e4,221.629925723606,2264.6839170000003,0xeC86a2d3f69015b1A9382e4dfA8695E1B48760E4-1770735132210
2026-09-13 08:07:05,day,weather,31,0x50246b42c852c96f231e6f9014640addaeed3007,220.33581955699975,57.980000000000004,wedor
2026-09-13 08:07:05,day,weather,32,0x118689b24aead1d6e9507b8068d056b2ec4f051b,218.78644213500957,0.0,russell110320
2026-09-13 08:07:05,day,weather,33,0x23d81ba9371e576015c1e562db09c689f56b0288,215.40205130999675,0.0,flawfence
2026-09-13 08:07:05,day,weather,34,0x122cb94c437ea5e6f088c6c0c143c592ab8efbed,210.65629616005572,5377.420000000001,0x122Cb94C437EA5e6f088c6c0C143c592ab8EFBed-1782168978900
2026-09-13 08:07:05,day,weather,35,0x4248a6f959dd65bc086f0286ec73790d556460ab,209.0170992815831,1959.3906489999997,nzbryant
2026-09-13 08:07:05,day,weather,36,0x3f302dbb8e2cef9c25ea1cf8980b97711234f8de,205.11294747821557,969.570291,BobbythePug
2026-09-13 08:07:05,day,weather,37,0xb1c8a5d48a69aa726e261d48092639329763dd8e,186.0262849203632,2670.1661240000003,tgshduxvs
2026-09-13 08:07:05,day,weather,38,0x4f1d5ae26fc31472966e951af3183308736d8de2,185.56514070814592,679.8111990000001,e46m3
2026-09-13 08:07:05,day,weather,39,0x28ea699eb39f3ddc0f6fc087b11e3a0ea2797367,184.48584482778415,87.56500700000001,mryeth
2026-09-13 08:07:05,day,weather,40,0xfeccdc127f399b4f5222386922c58ff634ca77da,179.33996404212667,181.234332,viksha11
2026-09-13 08:07:05,day,weather,41,0x76f4765ebc9bdeaeb4af4d27504bff1d4ce782da,175.5870621000031,5746.83,hlwp229
2026-09-13 08:07:05,day,weather,42,0xf0637528f0fa1c4634714e370447d7b4638c7893,173.8522261750004,0.0,SS123
2026-09-13 08:07:05,day,weather,43,0x758dac51ba3cc9a246a79787da9df11c5f425d9e,172.5863195775396,38521.229799,a5533
2026-09-13 08:07:05,day,weather,44,0xb216043fd27e14b167884534e60f6cf58f3fe994,166.50776433687906,344.00676599999997,aligagada
2026-09-13 08:07:05,day,weather,45,0x38cf9743eb70188664d388d84d4aa4c6f40fd885,165.9764234288598,1263.8191359999998,Leclerc04
2026-09-13 08:07:05,day,weather,46,0x7dcf235766e6b09c8869468a75d5495cf171a7bd,165.7824479845167,512.06,godblessme2026
2026-09-13 08:07:05,day,weather,47,0xb22ae2678733e6cebc5dc43b68fc70714f932815,162.08710658150017,106.542382,MrBPT
2026-09-13 08:07:05,day,weather,48,0x78ed8966161ea0a22f0719b9c04391c6ac22ab3a,160.3353729554101,434.62026299999997,ViataBateFilmul
2026-09-13 08:07:05,day,weather,49,0xdf014906724fd0e55ceba2139c33683c79776e6e,152.63626655575433,1903.084587,NeverSnipe
2026-09-13 08:07:05,day,weather,50,0x587aa854f3b3c00e89ec113f7faa686fd24e0689,151.46215783792897,385.414127,Simpleweather
2026-09-13 08:07:05,day,weather,51,0x8bb95ad6016d5d48250355c8772add6862a3ce0a,151.35826708791302,2363.12695,0x8bB95ad6016D5D48250355c8772Add6862A3ce0a-1789198380167
2026-09-13 08:07:05,day,weather,52,0xa9074534c918f9bb59ea8be72319f85f4ba0ba96,149.97293775999907,312.27000000000004,0xA9074534C918f9Bb59eA8be72319f85f4Ba0Ba96-1775612176152
2026-09-13 08:07:05,day,weather,53,0x482943e8126e83a63695cebde33a9498ee7497eb,149.42319029534247,997.757595,AlexD87
2026-09-13 08:07:05,day,weather,54,0x8b3bc43176e58a50e1643186c35be3b0184ab04d,147.36810822578002,12991.122169,112411
2026-09-13 08:07:05,day,weather,55,0x38a1b79cc3b9c1742ac047c8c6e39e2f8aaf3154,147.2881738700089,439.61,wtrader2580
2026-09-13 08:07:05,day,weather,56,0xd71776a8d4fddeb3c150c4607b3f8bec31213b85,147.1549729939743,3279.1249299999995,0xD71776A8d4FdDeb3c150C4607B3f8bec31213B85-1778810464493
2026-09-13 08:07:05,day,weather,57,0x29a5082998f18e7f90dd1a7fe6ad4dd9a665a3c4,141.14487069125698,12358.512757,0xSPBB
2026-09-13 08:07:05,day,weather,58,0x941809833d47890e2383a0abf5277facff28e9f8,140.28970417968594,223.763147,0x941809833D47890E2383a0abf5277FACff28e9F8-1781957605159
2026-09-13 08:07:05,day,weather,59,0xa7d2ec6680f4e5f6ab0da244d8006eec3e20f954,136.8487719970044,0.0,KiruaTrading
2026-09-13 08:07:05,day,weather,60,0x01beaf66e13e4814c41f2151691703b9a8c6658f,131.38653025665985,792.3046499999999,iphoneduo
2026-09-13 08:07:05,day,weather,61,0x3be500127f46504104acd4d7319fab3c0fe305fa,130.32082203049026,6879.367723,0x3be500127f46504104ACD4d7319faB3c0Fe305fA-1787233918290
2026-09-13 08:07:05,day,weather,62,0x0fb475b0375a628a82f625c2e6b93b58050bc6d7,127.34217913926204,1780.352003,Kirt4sh
2026-09-13 08:07:05,day,weather,63,0x1941ca5d7f587827da004b1b1551b0bd6429deea,125.34129443628262,12571.255504,0x8e7a1d62KdE17a0e8fH31F8b0F56B8dFa08E
2026-09-13 08:07:05,day,weather,64,0xb4d2b5c75b176f364beefe9dffb605c8b161fa62,123.69376211999986,1904.6000000000001,obakobakk
2026-09-13 08:07:05,day,weather,65,0x496d65519e0b65ca8981e95c9d2b56d89793a2f2,122.667609700002,0.0,chasinbands
2026-09-13 08:07:05,day,weather,66,0xb05659bdc1c54c028346de373de6cedbda776f67,122.64561049869894,746.51769,dima32122
2026-09-13 08:07:05,day,weather,67,0xe6953214b110bdaebb473952e69a8c50d47f538e,119.12154842591531,769.553823,TWCheng
2026-09-13 08:07:05,day,weather,68,0xf73bcf8d2a18cd0647c1b7c3dbaddf5015b910bf,118.98976417705427,715.511358,m7dk1
2026-09-13 08:07:05,day,weather,69,0x6243d0b16c5030dbddaa5a51d9134337d1c3e014,117.52193811236975,6095.655297999999,fcwl
2026-09-13 08:07:05,day,weather,70,0x4989bfed5900ba096b08ba1f9b718464527c983e,115.58299791476202,1674.4914789999998,macao.weather
2026-09-13 08:07:05,day,weather,71,0x73534402899084573c0f0ddc003674eba01cb6c5,109.30799444652075,5349.953609000001,newbie147
2026-09-13 08:07:05,day,weather,72,0xd864067e64874dbe51ea33566633d37b355801ea,107.56006423413214,3633.5012309999997,bingkuai9
2026-09-13 08:07:05,day,weather,73,0x1e5e22c159a4c19aecc2d85671914b760def40fb,107.07179712905054,1067.0,
2026-09-13 08:07:05,day,weather,74,0x6546ac09271889f1aaaca804b33a2e7914f804e1,101.1333322719342,223.32507799999996,0x6546ac09271889F1AAAca804B33a2e7914f804e1-1782215351516
2026-09-13 08:07:05,day,weather,75,0xdab7817e670763a31be053d567f675c8549e4baf,101.09443415643585,2618.1247,CopyTraders
2026-09-13 08:07:05,day,weather,76,0x9fadd08a4c1d98000f661396ce622e0025affcc1,100.8177226750006,0.0,iSteps
2026-09-13 08:07:05,day,weather,77,0x4167933f6c0f059765b5c8898d44cc342af6f99a,99.11395175000062,0.0,castle.j.soul1
2026-09-13 08:07:05,day,weather,78,0x4127dd24f28448f5efb9023491d7ca977dd7a8ce,98.40761417927297,399.605356,Fixz
2026-09-13 08:07:05,day,weather,79,0x80c052f2189288b94e732083facd93ee590dc4f6,98.09637025147094,1194.531431,blockpwx
2026-09-13 08:07:05,day,weather,80,0xb12d15cfa0511b17732705f387a1ad196e9a62b4,97.92116825549982,0.0,wubaichen
2026-09-13 08:07:05,day,weather,81,0xc676679416e4b234de28c4db991c07c9480af35c,96.49284217883886,257.03999999999996,Blue-Horseshoe
2026-09-13 08:07:05,day,weather,82,0x6011655c4afb76f36dd1b08a137a1ba73466b31e,93.38293878745753,7752.997858999999,HighTempTation
2026-09-13 08:07:05,day,weather,83,0xc7a704744f739374a69e1fa7cc58daeea4ececdd,88.91860673606243,11899.558333,REKTITRALPH
2026-09-13 08:07:05,day,weather,84,0x6139c42e48cf190e67a0a85d492413b499336b7a,87.42366927100011,0.0,RememberAmalek
2026-09-13 08:07:05,day,weather,85,0x4c48e79c441db833e630257a7f09c652af591c17,86.68211257999974,908.13,myfirstd
2026-09-13 08:07:05,day,weather,86,0xeab61f1c7168138db3e0bb87acadfb77ce8dd4c6,86.30765833639089,0.0,acc42020
2026-09-13 08:07:05,day,weather,87,0xa82651e7d1912695e762b48161f5d14ce437f980,84.8864999999999,1207.26,TheSauron
2026-09-13 08:07:05,day,weather,88,0x347b13dbf510484f2c7d0ced7e3e2c40f4f1c9bc,83.93158730950086,1086.0183499999998,0xblocked
2026-09-13 08:07:05,day,weather,89,0x511998735a36648835efae45d514970be29b079c,83.79801882272002,1594.7570649999998,9813ee74da126
2026-09-13 08:07:05,day,weather,90,0xc6ee8a049301e19b61fe57aa638244490b4dedcb,83.50501759850027,225.341819,omore
2026-09-13 08:07:05,day,weather,91,0x867149d900abf49270d9194900efc5e13e3ad4b7,82.99629320000008,0.0,LeopoldArschenbrenner
2026-09-13 08:07:05,day,weather,92,0xea3427cee08ee576ad8511b12158015b932c33bc,80.79141535000011,272.146922,yihong2270
2026-09-13 08:07:05,day,weather,93,0x2e58d92a758e6e5064a0290a0c2168992d7f0728,80.77874552843204,1159.522728,mengchow
2026-09-13 08:07:05,day,weather,94,0x3f41732df5afa542082d9878fa94a9f19e769979,80.63653230221553,10.0,FrogCharts
2026-09-13 08:07:05,day,weather,95,0x58a34d556ac676b6aa1a7d5a8cbb169b99fec5ce,79.82090800000196,6587.9400000000005,0x58...c5CE
2026-09-13 08:07:05,day,weather,96,0x183a2a0b034877e761af0778da5134bebc37d514,79.32905027999914,0.0,planetnine
2026-09-13 08:07:05,day,weather,97,0x15e9a4f23c85ce0d5b2016cd029d9185e9b3dacd,78.47401363546487,307.111277,arsenal85
2026-09-13 08:07:05,day,weather,98,0x987f9b3e77fa04bd40dc08547304ea632c58b37d,78.30952796708743,481.42154999999997,elvanozein
2026-09-13 08:07:05,day,weather,99,0xb8ad2849635c9ce413f1fdd2e7b364bbfafeff58,77.79541778000021,0.0,Rr55
2026-09-13 08:07:05,day,weather,100,0x2eb93043449afc8ab54e6df14101debf2facd398,75.07404101731379,254.828417,polyinit-96-5f9f07
2026-09-13 08:07:05,day,economics,1,0x6139c42e48cf190e67a0a85d492413b499336b7a,2292.7241646805196,10222.621668,RememberAmalek
2026-09-13 08:07:05,day,economics,2,0x7b02b2bac2a30ed5e40b7094e734f4c3dc2a4991,2212.4390991427936,0.0,foodenjoyer
2026-09-13 08:07:05,day,economics,3,0x0c0e270cf879583d6a0142fc817e05b768d0434e,1661.4483552099555,0.0,The Spirit of Ukraine>UMA
2026-09-13 08:07:05,day,economics,4,0x2e0b70d482e6b389e81dea528be57d825dd48070,1633.0073800000246,0.0,Trump2028
2026-09-13 08:07:05,day,economics,5,0x58b3380f71bd6c706dd398a5e60bde55fa3a653c,1551.390938046854,547649.890049,timetowander
2026-09-13 08:07:05,day,economics,6,0x0af037c59ede5b3b2a6625f23923057d8296d425,1221.9413054000033,244392.76668,Protruder
2026-09-13 08:07:05,day,economics,7,0x0bb8a71b7ed93265c8045640fb3aa1eb93ad253e,983.3327989769969,0.0,anykey
2026-09-13 08:07:05,day,economics,8,0x7cf93583951552553bc0d243a8582a3410ed2798,889.3148867696291,4578.334285999999,SheltonDoubter
2026-09-13 08:07:05,day,economics,9,0x1a3fb05e94caef23e28905767cd603eb574a6dea,834.9384065600025,0.0,alextalley
2026-09-13 08:07:05,day,economics,10,0x35bbbad2415fe5e39b12da9a316cdc80b022009b,632.6622381462657,82.21000000000001,MisTKy
2026-09-13 08:07:05,day,economics,11,0x9f2fe025f84839ca81dd8e0338892605702d2ca8,600.2000233279996,0.0,surfandturf
2026-09-13 08:07:05,day,economics,12,0x9478e0b0db650ac66ca3a2c9f6ed68ebca4863f5,590.5842698469933,0.0,50-Pence
2026-09-13 08:07:05,day,economics,13,0x134a63b764ac7b008356e8db1857db94e6b09e42,578.8340014280111,0.0,Bertapotamous
2026-09-13 08:07:05,day,economics,14,0x96489abcb9f583d6835c8ef95ffc923d05a86825,495.31214545451803,31842.541914999998,anoin123
2026-09-13 08:07:05,day,economics,15,0x9c02fb0be74593049cf07a744f4dc8cf8b74285c,453.1385900000023,0.0,barndoor3
2026-09-13 08:07:05,day,economics,16,0x4b9975ca3ea611438121b57a677759a211f5bad3,451.65865000000485,0.0,iooojk
2026-09-13 08:07:05,day,economics,17,0x0fded0ed829a00c35dcd2d550983e92108ed8ab1,431.601800370001,0.0,Telepath-One
2026-09-13 08:07:05,day,economics,18,0x32d9e8e585a39fdaf7ed7ecc994a6d892c99d638,420.04542288000084,0.0,IsabelaCa
2026-09-13 08:07:05,day,economics,19,0xe1b361d6a6f237b9ed7534d19b232df8369e1426,414.9425099500004,0.0,tja
2026-09-13 08:07:05,day,economics,20,0x0826042fb1f3f5ff4325ed7237ebc87468070b32,409.85569822050456,31943.260000000002,deltasniper
2026-09-13 08:07:05,day,economics,21,0xaab9f5e600a5dd88fe3a6f93313b180f6220a08d,385.4431915710011,2222.0,DirkDiggler67
2026-09-13 08:07:05,day,economics,22,0xc3daa1bb9ce85866fb1a7c3a5d02816798e641fe,367.5117408449878,0.0,aghy
2026-09-13 08:07:05,day,economics,23,0xfaf680c17a9cca24ff0773ae2d9f7db49c02cc47,348.7446720650114,0.0,Seutervoinen
2026-09-13 08:07:05,day,economics,24,0xc8cd72181faf60f6131a36a5680407875b447405,319.4203601199998,0.0,0xC8cd72181faF60f6131A36A5680407875B447405-1787021104605
2026-09-13 08:07:05,day,economics,25,0xcd71fd5370880f3d92bb941e628c05840fe0d127,295.3743476400123,0.0,Kevindoto
2026-09-13 08:07:05,day,economics,26,0x74471a007ddcc488f6d57b5e86dfb35a8d48a16d,288.64229999999225,0.0,tetrose
2026-09-13 08:07:05,day,economics,27,0xff06e8c95b984f236a08be2c4b9909be306c2f60,286.33166892499867,0.0,cookedquail
2026-09-13 08:07:05,day,economics,28,0x602fbd543b41ef4cc727dc0083bb45b6ae246164,271.7297044750012,0.0,ayko2718
2026-09-13 08:07:05,day,economics,29,0x360d3cbee47573eb5700b550b5399cc230d8ca64,268.1081080900003,0.0,0x360d3cbeE47573EB5700B550b5399cC230D8Ca64-1776701670290
2026-09-13 08:07:05,day,economics,30,0xfadb809b7856230470ee9acb0ce812b5dc045645,267.72643385101986,1783.016667,SuSuDORIS
2026-09-13 08:07:05,day,economics,31,0x66e7ce01c6831b8a2503d09edd6167152ee68bcd,263.771657568117,29.777827,0x66E7ce01C6831B8A2503D09eDD6167152Ee68BcD-1771870353938
2026-09-13 08:07:05,day,economics,32,0x3f3bfc6d754e416699793901ffb12ddeee9f1d77,263.3097220479958,0.0,eNakeVets
2026-09-13 08:07:05,day,economics,33,0xf0d5eb1cbe7350f1f896ade6c172e6700414c665,252.99970000000394,0.0,yen4u
2026-09-13 08:07:05,day,economics,34,0xd0394bd0de8d901c3fde039a86bf08e6aa4a2532,244.83659999996235,0.0,pantomime
2026-09-13 08:07:05,day,economics,35,0x05f6cb63d4ffdfaecd7ad8acd0765b6f6a5a25a1,240.24551585500012,0.0,ethBELIVER
2026-09-13 08:07:05,day,economics,36,0x2b2dbd6524cd314a9b1651ec46f7bb1dfa461031,233.05173094988277,7671.207332,jsmythyson
2026-09-13 08:07:05,day,economics,37,0x7523cafcee7bcf2db9a79d80e0d79b88a9a54c4c,231.97212215999025,0.0,DonaldinhoTrumpito
2026-09-13 08:07:05,day,economics,38,0xd4247aa1b49c1882343db55217bbb7ce4ade3927,221.1949999999997,0.0,DFRBSF
2026-09-13 08:07:05,day,economics,39,0x7bb244d0c70293e66dee84f3d0623fbbbf7d682c,220.69288882199544,0.0,WongKimArk
2026-09-13 08:07:05,day,economics,40,0xd52b8dcb4b812c4056faf41164a6f6c73f4c5c72,217.7405971999833,0.0,TBill1
2026-09-13 08:07:05,day,economics,41,0x7ee3651acc35c6fb7d15cf8aa1553458c8e7cbb1,216.54232506899643,204668.15000000002,Tender-Series
2026-09-13 08:07:05,day,economics,42,0x1d379e322ef813587a3e13ad79857c45edc7f4a4,214.98302882750068,0.0,OverlookHotel
2026-09-13 08:07:05,day,economics,43,0xfbfd14dd4bb607373119de95f1d4b21c3b6c0029,211.43398804304888,48383.73620299999,XAE12Archangel
2026-09-13 08:07:05,day,economics,44,0x2c41d0ca2b4b2344912eead711f28cd4dcff133e,202.41224284000054,0.0,lineth
2026-09-13 08:07:05,day,economics,45,0x18b30b8128a26ee27fcb61dcf7157cc165636a7c,201.5953857400018,0.0,
2026-09-13 08:07:05,day,economics,46,0xd1049158a102840ce595efc6ab683a0cb6fbacef,200.09996428452632,39999.995715,pilimili
2026-09-13 08:07:05,day,economics,47,0x1f9e15f39bbd5d163b0eacf0fbef647ced9e4f1a,199.72150562050956,206.95000000000002,Somali-Nationalist
2026-09-13 08:07:05,day,economics,48,0x879752bca887bc247ba883a52bc45e9c6be6bbbe,194.31070000000182,0.0,singularityman
2026-09-13 08:07:05,day,economics,49,0x49f206f4fb2210a28af4795e4e0b6532cf0bd7b4,186.9993555169999,0.0,0x49F206
2026-09-13 08:07:05,day,economics,50,0x4e25605fd905e9972efc0f4d8814530c655cd7a7,184.1880862655853,0.0,
2026-09-13 08:07:05,day,economics,51,0x5188fa0e8a77e87bc6a58e6781fdfc4e165cc804,181.5955900000008,0.0,AllByMyseIf
2026-09-13 08:07:05,day,economics,52,0xc851cd9bee7d262afd78674f861f9f576a12cd2a,172.60994349698012,0.0,betwick
2026-09-13 08:07:05,day,economics,53,0x626ecb3e147226e19aa6a14d99e6dfa02848fa46,165.6579612419955,0.0,NotTheSharpestTool
2026-09-13 08:07:05,day,economics,54,0xfa323e40632edca701abc6c8cf1f82175909bd9a,162.06296962000488,0.0,FridayNight
2026-09-13 08:07:05,day,economics,55,0xe234959595e01dacd391a9502a6ad0edf4e3304a,159.012654369988,31802.5175,0xecaa8806a9a05049d7d5260a33dc924220e377a
2026-09-13 08:07:05,day,economics,56,0x603ebf46ed96aa7be0532a46f2353e0b9e553128,156.44700020000164,31289.4,apple9964
2026-09-13 08:07:05,day,economics,57,0x2a019dc0089ea8c6edbbafc8a7cc9ba77b4b6397,155.6658163340362,2999.9842869999998,aviato
2026-09-13 08:07:05,day,economics,58,0x2e617f2cb474acaba820030e4819fe92148519bd,150.00008941000033,0.0,Javier777Milei
2026-09-13 08:07:05,day,economics,59,0xd0d90cd53993e3fd64d27662db009adc6e1e30f2,146.8459258379999,0.0,
2026-09-13 08:07:05,day,economics,60,0x7bc14171ccb0d3e6bac219ec6a76211826e28db4,143.31729942299717,0.0,coali10
2026-09-13 08:07:05,day,economics,61,0xd34bf815245d5bcea098cb0ea17df360b5c50004,142.51574230501137,0.0,Jest55
2026-09-13 08:07:05,day,economics,62,0x39aaed185b92e99a78249610cc14a589b764583c,141.39777753788758,39.204936000000004,0x39AaEd185b92e99a78249610cc14A589B764583C-1759470981616
2026-09-13 08:07:05,day,economics,63,0xa6940651c6d219a3a0d7f1865acd71eafc86ab37,140.9518333425076,25499.909999999996,
2026-09-13 08:07:05,day,economics,64,0xc0cdf9dd4d1c688f648d31636242537a37ac0aa9,137.69721062881638,819.804737,thanksmom
2026-09-13 08:07:05,day,economics,65,0x54e15a0a77e3147ac78831804e5dde13cb589d5a,137.33209854849702,0.0,Adrink3D
2026-09-13 08:07:05,day,economics,66,0xda9126becc96be3598ddd05c4fc06f4093759ffd,129.31837111500045,0.0,98Ddd05Cde45d05C4fC06f4093759FFDDFSFFSDDVF
2026-09-13 08:07:05,day,economics,67,0xbbea56528e414e3a494c5bc23d93770cc91ae2b0,126.82820000000356,0.0,WindTakeMeNorth
2026-09-13 08:07:05,day,economics,68,0x83af167fec799448b4194e1236b2c653f820e831,123.71840036613199,3721.1311459999997,8dddaa2
2026-09-13 08:07:05,day,economics,69,0x12d6cccfc7470a3f4bafc53599a4779cbf2cf2a8,118.72652531010681,14458.470001,classified
2026-09-13 08:07:05,day,economics,70,0x328dc4b82869856f3e1a1eae904e67957641f7a9,118.63498267000068,0.0,apmt
2026-09-13 08:07:05,day,economics,71,0x87ddd7b5033e00713a931a559441a7add7eee210,114.55109535500014,24090.457167000004,mrmoonlight
2026-09-13 08:07:05,day,economics,72,0x40cfb29411d29f4fa0908f2a121297042cccd21d,114.04841999999917,0.0,whig
2026-09-13 08:07:05,day,economics,73,0x778b3524d05d89789de8035fa7233f33c43b4e2d,113.8012244700003,0.0,scorp0212
2026-09-13 08:07:05,day,economics,74,0x70a9e5e6c57c3cb20f52523ccb49a1145bcc6a74,112.95070000000123,0.0,unco
2026-09-13 08:07:05,day,economics,75,0xcb59ea1babf3b26ea50088057e427ab0ed8f0a22,110.0,0.0,BeneGesseritVoice
2026-09-13 08:07:05,day,economics,76,0x508212fa8e10afce25025422161c15c68b8b049d,109.99664839999969,0.0,Rebecca-95
2026-09-13 08:07:05,day,economics,77,0x5c29b2ca441c040f0f637d0a852594bb65b8358e,107.26089000000036,0.0,maritime6307
2026-09-13 08:07:05,day,economics,78,0xdc41c39b95453c943174f369926018f6963bdd7e,106.9839757739901,2546.0,nigiri99
2026-09-13 08:07:05,day,economics,79,0xb7d54bf1d0a362beb916d9cb58a04c41d67e0789,104.50983312030439,421.99,marksman
2026-09-13 08:07:05,day,economics,80,0xd1eed20edd22a289839379e89e3470ea1742a8ae,103.59902083700399,0.0,chefradish
2026-09-13 08:07:05,day,economics,81,0xa66790e2b0075e73c3781ddaf1d0b875a3aaceb3,103.34064961200056,0.0,Elias.Thornwell
2026-09-13 08:07:05,day,economics,82,0x0b13ffcfaa14fdf81196a961e1c5750b697a5957,103.28668183199989,0.0,.yumeko
2026-09-13 08:07:05,day,economics,83,0x3007ea6df4389c173a5119162be94aac6bba763a,102.98540554000101,0.0,katbot
2026-09-13 08:07:05,day,economics,84,0xd353c5971f18b51941a1d29ffdc2e63ca7fcf6ac,100.0600863872778,20000.0,Gold.Mansacks
2026-09-13 08:07:05,day,economics,85,0x93a93d84d44270b5b86dad5c28eff367a7d70b88,100.00311610000063,0.0,
2026-09-13 08:07:05,day,economics,86,0xdf705353876ceb2549f0c03ffcb4cba33d785e92,100.00057526000091,0.0,AngryRhino
2026-09-13 08:07:05,day,economics,87,0x0f2bcf469f85fe746058f3a0767d24124d0d665a,100.00003139,0.0,Sylvester.the.Cat
2026-09-13 08:07:05,day,economics,88,0xa72aa09e0377b68615e00b6dd1db0c3edb0193fd,100.00000000000728,0.0,Rituximab
2026-09-13 08:07:05,day,economics,89,0xb10047d6a254b2ebb306d7a7d13bf59171ab6461,99.33675717500319,19999.911434999998,Parz1vaI
2026-09-13 08:07:05,day,economics,90,0x2e3ea056400d81c42e2ce26ef25fda4ec5caabea,96.81906886512013,3002.25,HDGB
2026-09-13 08:07:05,day,economics,91,0x688a4d7c0727577b20ee846f3c57266b8442b4b1,93.25000000000091,0.0,ChefSlice
2026-09-13 08:07:05,day,economics,92,0xa4b366ad22fc0d06f1e934ff468e8922431a87b8,92.18113784798334,0.0,HolyMoses7
2026-09-13 08:07:05,day,economics,93,0xd6bb76f66f42028c674ee4854c7412b19b3d384c,90.426024,1781.62,hackmaka
2026-09-13 08:07:05,day,economics,94,0x460a20d648c4601abfcd0c71ec37eb6dfd26d738,88.766984374,0.0,whispercatalyst
2026-09-13 08:07:05,day,economics,95,0x3a0a860a449014d37b75d5ab53f8ade2183ee68a,88.19793299900084,0.0,rmpm
2026-09-13 08:07:05,day,economics,96,0x032eb1bc893940263ad0b01889f262fc232f2a9e,86.66435000000638,428.29,purplegatto
2026-09-13 08:07:05,day,economics,97,0xe7a3cd81b59acfa06d21df09beb57b84b794e60a,86.52518273000078,0.0,MKIsabella
2026-09-13 08:07:05,day,economics,98,0x808aee7fddb14ca58f4358c94fe9c194fc2def3f,83.22022166549996,0.0,kittycat67
2026-09-13 08:07:05,day,economics,99,0x24c8cf69a0e0a17eee21f69d29752bfa32e823e1,81.87164260039572,0.0,debased
2026-09-13 08:07:05,day,economics,100,0x2c6fe612dc43cc67676d2efc1e5eed50cbc1deee,81.23722298999928,0.0,YellowSnake
2026-09-13 08:07:05,day,tech,1,0x03805a13a0b3e058f55f6c6af95389d4f431073d,1668.9741131319024,3172.3413929999997,donthackme
2026-09-13 08:07:05,day,tech,2,0xb0c85813a7a4428f1139ff91d3118a92c391fe7f,888.5196602137585,1488.250542,bitcoin.gold
2026-09-13 08:07:05,day,tech,3,0x4868c31e81040e002b41984842b84bae8923a1c1,550.2850625225,694.6681,alex20011
2026-09-13 08:07:05,day,tech,4,0xb4f2592e67c333e73c923547cfe05e768180e5fa,548.013841519999,0.0,M2sx92kljs42
2026-09-13 08:07:05,day,tech,5,0x942e79166821f3f4e67872e44f1672fcccd2be27,502.17258003326424,462.26730299999997,smallreceipt
2026-09-13 08:07:05,day,tech,6,0x00425c692a667981118f679ef68fdc775257321e,471.451432580001,0.0,99problems123
2026-09-13 08:07:05,day,tech,7,0x4fff3c11a5d9b77822e01792f933cdb28557be78,400.0259054399994,2371.3,turtle911
2026-09-13 08:07:05,day,tech,8,0x7dcf235766e6b09c8869468a75d5495cf171a7bd,380.32135934249527,606.28,godblessme2026
2026-09-13 08:07:05,day,tech,9,0xfbedb045813457be883ad83dd1078e88a2a1a665,376.55863550301547,353.43,SpringlyFawl
2026-09-13 08:07:05,day,tech,10,0xaee811b7c7e5d961b545ac0e3f62f5f1cb181154,355.4893164731511,4094.5340480000004,x1099
2026-09-13 08:07:05,day,tech,11,0xd9aa25c6ba32245ac3a559d8b39ee27ac6bb64ec,340.5104246540002,0.0,cesquare
2026-09-13 08:07:05,day,tech,12,0xe040ffe586e21cb49449e8daf19b1cdff87a824f,328.9895668729969,532.2,god83743894
2026-09-13 08:07:05,day,tech,13,0x355e5ae20cc1a3a2164f818e4bac8d22dd72a038,325.00489180031036,911.24,Olcan
2026-09-13 08:07:05,day,tech,14,0xfd557e6db670c9704bc1d0d8e8b585c7d9c9f905,279.744857341997,669.78,northdrawer
2026-09-13 08:07:05,day,tech,15,0xeed8c2be411025120fb511ea2332dd0a1f6135f0,253.64342668562313,2132.87,WarriorH
2026-09-13 08:07:05,day,tech,16,0x300c5e1ec9e4d6e8bd9617f0a44508170c5b6a92,250.1650036508595,5925.746459000001,BAO95889
2026-09-13 08:07:05,day,tech,17,0xcc792a28d90f3c5d8fe91e48a184913a65031c2a,216.05199299400056,0.0,enrico-vasaio
2026-09-13 08:07:05,day,tech,18,0xa2770432a5e6bd24c347c976b0d815db1f2c1182,214.09974374200056,0.0,0xA2770432A5E6Bd24c347c976b0D815db1f2C1182-1760945846787
2026-09-13 08:07:05,day,tech,19,0x2b9dbf4b6e0e11309a9d6d2a09b72f65f652adc0,212.9213276199971,0.0,seal7
2026-09-13 08:07:05,day,tech,20,0x4c4ed674fde7dc998036b3ae92445d00fcdb297b,208.1377796061406,2699.023104,SingletonFamilyFund
2026-09-13 08:07:05,day,tech,21,0x564f22744b7941ade18d5e0e4f347c30e3057026,197.32273777698174,0.0,molodoyy
2026-09-13 08:07:05,day,tech,22,0x524db836890e08aceb3abcdee98d44240e324495,197.2233316740003,0.0,Mac-Gyver
2026-09-13 08:07:05,day,tech,23,0x4f1d5ae26fc31472966e951af3183308736d8de2,194.24991615916952,257.392423,e46m3
2026-09-13 08:07:05,day,tech,24,0x9aeb534c42b58b21673d5e03e9da14fbd15b2729,188.1891099600034,1368.18,The-Joker
2026-09-13 08:07:05,day,tech,25,0x515e8e9b806a388a51808e2bc5cd92dc11bbec0d,183.81238538400027,0.0,
2026-09-13 08:07:05,day,tech,26,0x4138065c69134ea0fcfd13f8664a818dafbf6a24,178.00200000000018,0.0,Rox44
2026-09-13 08:07:05,day,tech,27,0x652bff901f401f22b2da47ad1c5c4b5870b3f5c2,175.6280388925004,545.3,0x652bFf901f401Fdhsk342kdjfnfk029abks13
2026-09-13 08:07:05,day,tech,28,0xb1ca909e848cc24ec4e220ce1c453bc290c51705,173.05135482689366,0.0,GrandeFromage
2026-09-13 08:07:05,day,tech,29,0x2cb89857887830459955712c1f1b9e43af197f4a,161.5106999999989,0.0,111test
2026-09-13 08:07:05,day,tech,30,0x5f2d64a75faa9e08534f1f1e60bfb4aee82c0d42,161.4732193707678,2641.560488,Boz13
2026-09-13 08:07:05,day,tech,31,0x7a251ff68217a0418a8f7eddede5b638f8c881d1,151.25183872000002,0.0,h4xor
2026-09-13 08:07:05,day,tech,32,0x122cb94c437ea5e6f088c6c0c143c592ab8efbed,148.86602258999937,1569.8700000000001,0x122Cb94C437EA5e6f088c6c0C143c592ab8EFBed-1782168978900
2026-09-13 08:07:05,day,tech,33,0xf797d4d1c038d1eb0593edae0e66bf8e4b2e0bf2,148.0222527210001,0.0,DerDon
2026-09-13 08:07:05,day,tech,34,0xb89f5425341719d298dc2f5b9a92374f5fde1c44,145.53938790272878,5784.142223,iutwpfal
2026-09-13 08:07:05,day,tech,35,0x68a7f1576f46683165516ab0a1ec89fba28ff49a,140.81480840300787,2100.0,cym1969
2026-09-13 08:07:05,day,tech,36,0x06b6872ce4b3cdb90049657cd2937a518a38eba6,134.99939999999992,0.0,123pocky
2026-09-13 08:07:05,day,tech,37,0x85a85805bcbdf2e629788adac1420b6b53949281,132.8835272799995,153.0,LJa7io23MCv954j
2026-09-13 08:07:05,day,tech,38,0xe234959595e01dacd391a9502a6ad0edf4e3304a,120.24663509999664,0.0,0xecaa8806a9a05049d7d5260a33dc924220e377a
2026-09-13 08:07:05,day,tech,39,0x14c32680ffc318892e0d019181e4161aa34cdf68,105.87189606900029,0.0,borntoolate.eth
2026-09-13 08:07:05,day,tech,40,0x75a27d0cc95b3586297c1e6b5417269332cd6992,103.8390652435628,375.71144,BrownBees
2026-09-13 08:07:05,day,tech,41,0x28bf066c6cb952da62d6d182c16ad173ada64a4e,102.23128714149061,556.0,plainfolder
2026-09-13 08:07:05,day,tech,42,0xdbd028b4afcb6fe1e30c55fb65f59a1133d58c1c,101.31713621892914,1857.88,8dcc906a9b
2026-09-13 08:07:05,day,tech,43,0x1f85eb9c455c5bdef5d96c2739076678c7157b02,100.39847144000002,102.81,0x1F85EB9C455c5BDEF5D96C2739076678c7157B02-1778811447702
2026-09-13 08:07:05,day,tech,44,0x241ff966f22080fbee3928e194763e575847e15a,98.12966665999966,0.0,0x241F...e15a
2026-09-13 08:07:05,day,tech,45,0x5f211a24da4c005d9438a1ea269673b85ed0b376,98.00837866600011,0.0,dpnd
2026-09-13 08:07:05,day,tech,46,0xf0d5eb1cbe7350f1f896ade6c172e6700414c665,97.17019999999934,0.0,yen4u
2026-09-13 08:07:05,day,tech,47,0x876bb030ddd424ef505ae02914024cf18c6a1703,94.49129335250473,538.06,rewardbots
2026-09-13 08:07:05,day,tech,48,0x04378e731c56dc13abe5f0e1bc53549caf4730f4,93.21620928000002,707.29,steevo
2026-09-13 08:07:05,day,tech,49,0x1283e685939f642df0129e98956e296c86af2a9d,88.19119387500007,0.0,0x1283E685939f642DF0129e98956E296c86af2A9D-1778567502046
2026-09-13 08:07:05,day,tech,50,0xc004b035b67be284e0d1db56c39e865df6cac095,87.06952614400143,2338.31,lamyk
2026-09-13 08:07:05,day,tech,51,0xa2cdf97a42fa94ac2f19af1fe680754743ab2e8c,86.98096999799986,0.0,
2026-09-13 08:07:05,day,tech,52,0x4388640a35b4ecebc33f8c73b58a2b988c615050,85.16097999999994,920.0,Started-with-20-USD
2026-09-13 08:07:05,day,tech,53,0x88b6e6704a2c3bdff2a7b21ce6b1b2e8f3343cff,84.39855637745723,1418.506167,h038596027355
2026-09-13 08:07:05,day,tech,54,0x7e35a2a8cfd1eb1e69dacd043206db5a787f1a6c,77.71178756000018,0.0,buoys
2026-09-13 08:07:05,day,tech,55,0x9690d9f51b618222c29567c3b39aac2935a5f2d5,76.5425162879983,0.0,Djibooty
2026-09-13 08:07:05,day,tech,56,0x0c97325a81ad05c6b58ae30d12eaaec1b8451b68,74.61256079100053,0.0,dontshowmyname
2026-09-13 08:07:05,day,tech,57,0x7e1d3cb44c3f2a6ec9abc667820ee2645bd44d41,72.80224815149995,226.49999999999997,lightsout912
2026-09-13 08:07:05,day,tech,58,0x0615de742f321f7aa243c15f9427680bd3bd836f,71.49804952300002,0.0,0x0615DE742F321F7AA243C15f9427680bd3Bd836f-1776937777651
2026-09-13 08:07:05,day,tech,59,0x71abe97b83eaba3f06cb04fd4d9a03ee37d2f015,71.44025067639987,49.776799999999994,groth
2026-09-13 08:07:05,day,tech,60,0x81ca49ad9806de2d92782b873bfa7fe051943b87,70.92537000000084,0.0,orac07
2026-09-13 08:07:05,day,tech,61,0x1387d145aaf01f6e33b66525dda6e1f51f6955f8,67.60780418167269,643.3199999999999,Lucerys
2026-09-13 08:07:05,day,tech,62,0x225b7c9aaf6108ded29b9fda9939aa671ef6422a,64.76664584999935,490.0,0x225b7c9Aaf6108deD29b9fdA9939aA671Ef6422A-1756591558414
2026-09-13 08:07:05,day,tech,63,0xcf43b3b62f7881c831e2d2370b870f5e8a08b321,61.83147148603794,80.919538,PiEDawg
2026-09-13 08:07:05,day,tech,64,0xa3282d3e882501229c75d0caf134e62e3afb4977,61.05977557849474,124.92,korda77
2026-09-13 08:07:05,day,tech,65,0xc3262aeb0bd81deab067726635f5b5bd39201db1,60.73541448420838,20.35,X-Rabbit.Sezu
2026-09-13 08:07:05,day,tech,66,0xb51b3beffd13cde071ed799e70a7b0b598e8b4d9,58.580993590003345,0.0,cambridgeisaac
2026-09-13 08:07:05,day,tech,67,0x4d024ca7cc33791eb197285f685dbfc3a0fe2ad3,58.05318960500003,0.0,sunnynotbunny
2026-09-13 08:07:05,day,tech,68,0xb8e69b66c2a4d26db7b602d8f170dfb46b8f9767,56.10000000000002,0.0,MrNFT
2026-09-13 08:07:05,day,tech,69,0xc1ab02a366bb858eec3ca683121eb500cf4c68f2,49.222187278000035,0.0,from00
2026-09-13 08:07:05,day,tech,70,0x1cf169df887c8aca4d8afc83b1a37710b2756ca1,48.13073863350019,449.15999999999997,qianyi2026
2026-09-13 08:07:05,day,tech,71,0x2884f98185d2005691d245f3e2e70b15d1e1d0c3,47.22669061061406,263.63,lottonakamoto
2026-09-13 08:07:05,day,tech,72,0xe97b7b1396a99341b32984fa8bbf62f2f68ab2ea,46.59670000000051,0.0,Tremirorot
2026-09-13 08:07:05,day,tech,73,0xe8c4d68aff65b38cac46987b9b65e01eb47d395d,46.54517166500091,0.0,JAMJAMJAM4
2026-09-13 08:07:05,day,tech,74,0x6a1b1ad80fcf64d2d3c1fab082c558b120befbbd,46.24358508,149.73000000000002,Kalkay11
2026-09-13 08:07:05,day,tech,75,0xb637c89655ffa76e2ff7f5ffa8a19374d3f34c42,44.9273553349999,47.269999999999996,flywheelpoly
2026-09-13 08:07:05,day,tech,76,0xf8fb8ab02fac704f091055763f68fdbd1fc8f213,44.76179999999988,0.0,0xf8FB8aB02faC704f091055763f68FDBd1fc8F213-1781427005643
2026-09-13 08:07:05,day,tech,77,0x57b00c3ccef1b6bd6962fb9ca463c4e0b38e76f4,44.49210434699995,0.0,nchgbhy
2026-09-13 08:07:05,day,tech,78,0x066db61cb41e262d3c773172ae7179d7c20c07bc,43.96056855949999,0.0,protagonist
2026-09-13 08:07:05,day,tech,79,0x73d225c851df25d73b14846a370bdeef9434f9b7,43.44025322299831,171.29000000000002,Dapsy
2026-09-13 08:07:05,day,tech,80,0xb0e74df9430a089aa102e2207af5fde1967439d2,41.176414370984276,0.0,
2026-09-13 08:07:05,day,tech,81,0x662d2de7b6eb00f8361fd6b1bda6c691840015d7,40.84606499999995,0.0,0xf49E055B56D2797319CaB6Bc71D5D17E3fd806D9-1768986344586
2026-09-13 08:07:05,day,tech,82,0x4e72c22cd76f9973a48aedfd79feeaacc8b7ffb9,40.321481437110265,114.21000000000001,0x4E72c22CD76f9973a48aedfd79FeEAaCC8B7FFb9-1778811541343
2026-09-13 08:07:05,day,tech,83,0x5a0d0c6eee71b96db16e5e271e0fa724be8dfa97,38.11062527847116,302.834118,ifyouloveme
2026-09-13 08:07:05,day,tech,84,0x6d72f7e301387efd393a93d4d92c40f0230fa399,37.01145628999984,1103.67,qqqmmmccc
2026-09-13 08:07:05,day,tech,85,0x34cb173d34b6c8de809399dae2a595a525827588,36.98065093599996,379.98,richardd
2026-09-13 08:07:05,day,tech,86,0xa68b7c78dbedd4185d498685671639db0e7bc4b4,36.15445392550009,389.51,K7fhp9vXm2Rtw4LbN8cGy3Ds6AoE
2026-09-13 08:07:05,day,tech,87,0x5a7b3328e8756579bfd364ba92c5c589c7bae9eb,35.51094949999788,1090.328233,notssf3
2026-09-13 08:07:05,day,tech,88,0x63850ce907044eac77fba13d59f263ade68093f2,35.33520000000317,0.0,Waterfall
2026-09-13 08:07:05,day,tech,89,0xdf17f4a8dd01a4cfa6fc3da323a2baee5f8697d1,35.09220000000005,0.0,Harluc
2026-09-13 08:07:05,day,tech,90,0x7d58986f00b3c00e9b24d02f8e35381ca154cfcc,34.85794222999999,0.0,peter239784
2026-09-13 08:07:05,day,tech,91,0x08458f7e9d2858027de579e4c3ca305475496b6f,33.43149435150008,0.0,GollumGekko
2026-09-13 08:07:05,day,tech,92,0x25257a6a89dba93dd0c536b6279365632a4eb919,33.08300547999988,0.0,Trading4Fridge
2026-09-13 08:07:05,day,tech,93,0xe1b361d6a6f237b9ed7534d19b232df8369e1426,30.708253310000146,0.0,tja
2026-09-13 08:07:05,day,tech,94,0xeca0c0888e34df59589c67fbe53dc7f298b5e8f8,30.415844999999564,0.0,StarMaster
2026-09-13 08:07:05,day,tech,95,0x0c28d976bbfaad597a678f6fc3794d6ba56a9844,29.560297745824982,568.024381,youtube-trader
2026-09-13 08:07:05,day,tech,96,0xb8ad2849635c9ce413f1fdd2e7b364bbfafeff58,29.324225567999974,99.32,Rr55
2026-09-13 08:07:05,day,tech,97,0x1ee9a5fc09665909c0cce297c581703bfbb9197f,29.02923010500035,1461.65,vinii
2026-09-13 08:07:05,day,tech,98,0xa7d2ec6680f4e5f6ab0da244d8006eec3e20f954,28.36672070199893,0.0,KiruaTrading
2026-09-13 08:07:05,day,tech,99,0x233bacfb515aad6871027b95c5e4c6166f5c1f2c,28.18312289149999,957.71,0x233BACFB515aaD
2026-09-13 08:07:05,day,tech,100,0xea910f1a5e7dbdc1548603216db821909824bea2,27.810186749999616,0.0,yes-yes-no
