timestamp,timeframe,category,rank,address,pnl,volume,userName
2026-09-12 07:46:20,day,overall,1,0x4bff30af91642dc7d2b19a8664378fe55c45fc26,184844.15882635093,400718.383736,Sassy-Bucket
2026-09-12 07:46:20,day,overall,2,0x8a8685a792c184e5c2ee8c7d4d4baba7c2c94998,163499.87566645653,796886.05808,BrotherObama
2026-09-12 07:46:20,day,overall,3,0x17c4f7e008fe22d69865f73f29329b6e76b92471,120515.29224965998,260628.83,0x17C4f7E008fE22D69865F73f29329B6E76B92471-1780774412121
2026-09-12 07:46:20,day,overall,4,0xe40ecff63ec661d218a86c048186ac83389a9770,104860.80902575958,133563.60278400002,lllllllIlll
2026-09-12 07:46:20,day,overall,5,0x6ac5bb06a9eb05641fd5e82640268b92f3ab4b6e,98921.91330505745,289007.59786599997,FORTNITEMASTER888
2026-09-12 07:46:20,day,overall,6,0x1610db79f753a80207e1d66716be9e91e627ae49,85018.35389284839,0.0,HMLSF
2026-09-12 07:46:20,day,overall,7,0x5dab5ed9691fab220535891d9c7f5c28eed322e1,78154.11788441602,174705.506675,Weaseloftheweek
2026-09-12 07:46:20,day,overall,8,0x2dc13c6bda81b202281e796953a7323de675b33c,76546.26464904024,0.0,xifutloong3
2026-09-12 07:46:20,day,overall,9,0xf0318c32136c2db7fec88b84869aee6a1106c80c,72782.03098299261,132.5,BreakTheBank
2026-09-12 07:46:20,day,overall,10,0x799b6aa710f1c1af137fdd25cc2834c9f0412102,72354.03890751,100000.0,user098422
2026-09-12 07:46:20,day,overall,11,0x7c37b52eb226bcb9411375ec48b0169663fb6aeb,62717.213431810684,637136.7675610001,Diabolical-Prize
2026-09-12 07:46:20,day,overall,12,0x918b42a06ff25eaaa4a79eca9da6a9de46f4ea63,51435.09702396,0.0,OhWhenTheReds
2026-09-12 07:46:20,day,overall,13,0x2a69660046d7acc4ab204d7cc5ba78b0776cd2f7,37475.97741290914,894523.3065760001,UpTheBlues
2026-09-12 07:46:20,day,overall,14,0xbc75cabb772f1da1c1772430620da0174c453f69,35693.769525796946,0.0,unknwnfnd
2026-09-12 07:46:20,day,overall,15,0x033f0346c007323030eb420305ffede19a95618e,32654.542458309792,0.0,AvocadosFromMexico
2026-09-12 07:46:20,day,overall,16,0xc5a2337f82aafe82a7eaae248586fbbc3c736dd9,29516.065185889427,152217.53685799998,watcherz88
2026-09-12 07:46:20,day,overall,17,0xe3c9c84c9917d21351902f3bfde3420543ea4b9c,28448.699237396067,207335.01367000001,DimSumConnoisseur.
2026-09-12 07:46:20,day,overall,18,0x55a1f55fb021eb52f5233321f88ff8eca5aedb28,24915.18440041622,139145.41999999998,vjnn
2026-09-12 07:46:20,day,overall,19,0x27f738fe203827445690339104aae35b20bc44b0,23417.89270261998,7549.42,ic4cream
2026-09-12 07:46:20,day,overall,20,0xda856317923415a534d8952e6f8abde17c2e1ca7,23259.860476,56700.94212000001,Yellow-Fever
2026-09-12 07:46:20,day,overall,21,0x076daa87c4fe1a85402a9b6b8e0a866224388d4c,23234.805048168222,188621.36665699998,
2026-09-12 07:46:20,day,overall,22,0xb4f978be63cdf75554b0b46a4262a6db597cc9a7,22905.443585924077,35585.922564,0xb4F978BE63cDF75554b0B46a4262a6dB597cc9A7-1779258330186
2026-09-12 07:46:20,day,overall,23,0x9b11866433281ade9f2811dbde8acdefc45f5375,22246.358449504787,255337.93346500004,
2026-09-12 07:46:20,day,overall,24,0xa2b5bafa01d0f81926a2a88e5628a95b59fc4582,19687.902303924027,105325.313405,BruceWayne77
2026-09-12 07:46:20,day,overall,25,0x6fbe58f62cecf1f1afd1a7a0965dd7b61b86d64f,19232.365627538304,54033.89758999999,mitsuike
2026-09-12 07:46:20,day,overall,26,0xbbf379252411511adab081f016dc991aa6bbaa3a,18233.49219960808,48356.61965400001,0xbbf379252411511ADAb081F016Dc991aA6bbAA3A-1768154730738
2026-09-12 07:46:20,day,overall,27,0xc8075693f48668a264b9fa313b47f52712fcc12b,17792.26826048951,0.0,texaskid
2026-09-12 07:46:20,day,overall,28,0xf28e42d20e4826f2b10a24bc952001697947cab2,17429.506803998258,134533.42,ethanaz
2026-09-12 07:46:20,day,overall,29,0x9f15613ebf1f36d4bc679e1211d1fc567cf9bdb3,15354.228349610372,140135.712265,0x9f15613ebf1f36d4bc679e1211d1fc567cf9bdb3
2026-09-12 07:46:20,day,overall,30,0xdc41c39b95453c943174f369926018f6963bdd7e,14993.4597996085,673641.29,nigiri99
2026-09-12 07:46:20,day,overall,31,0x689f7d0a49d2646dc199848ffbdb4757242e259c,14464.93121092538,60322.848653,MathOnly3c
2026-09-12 07:46:20,day,overall,32,0xabb89972b21b304c1bed2bf26f35c8741ac9bba3,14405.643686999194,43745.416654,Feromont
2026-09-12 07:46:20,day,overall,33,0x75f204b39709544f763ca68c2e3f4a60a309ff6d,14163.003578571472,17873.303169,Runemup
2026-09-12 07:46:20,day,overall,34,0x7b023e54b7e217d16784ec8faa71e5dae0221fdd,14160.645688424993,0.0,shadyjdz
2026-09-12 07:46:20,day,overall,35,0xcd84d7f9262516865553555751609fb6f52abec6,12821.683019109994,25423.72,Donkey14
2026-09-12 07:46:20,day,overall,36,0xef803b16bcd5b3a271d84cb90b01ef3d685ce64a,12813.516780587073,71009.76144300001,srar333
2026-09-12 07:46:20,day,overall,37,0x74b75e8436613e36fac0e007a01dfd33753d8b0b,12480.290190071793,53489.284762,RNGUzi
2026-09-12 07:46:20,day,overall,38,0x86e99faea12fccd8925de5d9f052471baf7a4cdf,12263.656385237862,64718.639562000004,JUSTINHERBERTMVP
2026-09-12 07:46:20,day,overall,39,0x45e40dbee6f546c7b318498f8c9778560f5a7e20,11565.141508553468,0.0,fastball67
2026-09-12 07:46:20,day,overall,40,0x19c4aa3200949f1dfc0f84cc2c9a47d78ed18c95,11409.755498239996,46678.548329000005,Devs777
2026-09-12 07:46:20,day,overall,41,0xc1c7bb8761105f6d33fc8d71dec31b5688a0f0a7,11388.294847366255,66026.146741,five5120
2026-09-12 07:46:20,day,overall,42,0xbacd00c9080a82ded56f504ee8810af732b0ab35,11326.397359870107,16113.413884,ScottyNooo
2026-09-12 07:46:20,day,overall,43,0xeda9eb21b1472c60fecc52f69252585743d40990,11320.898669999999,84443.971905,dfgeyrtgfvjg
2026-09-12 07:46:20,day,overall,44,0x559b850620cd9ee1136d48484c1f374fc5d44959,10771.015051504977,62999.92999299999,facaigege
2026-09-12 07:46:20,day,overall,45,0x2005d16a84ceefa912d4e380cd32e7ff827875ea,10657.933201648877,783371.0741959999,RN1
2026-09-12 07:46:20,day,overall,46,0xe6bff499390d0988f81967d095925b44aad38380,10649.337313520009,21799.942505,CHACHA125655
2026-09-12 07:46:20,day,overall,47,0x29b52d98ac9ef9414b04164246c95bc63d74cc6c,10372.627781231422,61069.632895,0x29b52d98ac9ef9414b04164246c95BC63d7
2026-09-12 07:46:20,day,overall,48,0x1d1ade627d0bb0205758580b20d808573e720df6,10299.999999999767,0.0,Pwaddler
2026-09-12 07:46:20,day,overall,49,0x032eb1bc893940263ad0b01889f262fc232f2a9e,10264.641957497272,148527.14,purplegatto
2026-09-12 07:46:20,day,overall,50,0x1465b79bff7992bc703e1aafb3683b1089647072,9966.954374334891,0.0,JnStrtPrdctnMrkts
2026-09-12 07:46:20,day,overall,51,0x0c689c8e78588fd3d02e56a6e787e7f9e9b09e76,9699.226721619983,0.0,monkeyking42
2026-09-12 07:46:20,day,overall,52,0x7d92fd69504bfd391162e1442cb784c0af408676,9594.753572875568,27131.917351000004,mikesports
2026-09-12 07:46:20,day,overall,53,0x44c1dfe43260c94ed4f1d00de2e1f80fb113ebc1,9237.24328242471,1639.67,aenews2
2026-09-12 07:46:20,day,overall,54,0x16602a38e8fb4498ffee0ea81e08d2b421825598,9158.688845737463,39386.879074,BBQChickenisthebesttt
2026-09-12 07:46:20,day,overall,55,0xccd81fbd3395dc43a0531f8484b21c2462daf4de,8927.827126346703,290155.586668,0F62
2026-09-12 07:46:20,day,overall,56,0x26b46988d027c6c03cfa12a7c0c6d778be49b8a9,8844.940385642287,173966.271162,kkookkoo
2026-09-12 07:46:20,day,overall,57,0xb1a279adb096d316b1b168993e8ed976d3cd372a,8679.441171612954,0.0,TwoEyes
2026-09-12 07:46:20,day,overall,58,0xf12f7688a0bc8cc744ef871f70b74c16a976b30f,8631.183352080636,8318.81126,0xf12f7688A0bC8Cc744eF871f70B74c16a976b30f-1779780453239
2026-09-12 07:46:20,day,overall,59,0xa8bd9ae70657db83444c6ca987b8aeb9fb0ab7aa,8276.241294779955,17447.734453,Dragua9
2026-09-12 07:46:20,day,overall,60,0xbe189fc6c8298e832b7f988dde76a44b783f3be4,8265.050319209957,0.0,
2026-09-12 07:46:20,day,overall,61,0xe550b80d070f2f4a8d8e7b022dd5617415d0683d,8040.473527999999,62145.665547000004,er3e45t35t
2026-09-12 07:46:20,day,overall,62,0x5674f6079740c1147c7bc3f67400b28767122ff4,7654.628250000031,0.0,dontworrybaseball
2026-09-12 07:46:20,day,overall,63,0xc29198ad764bd6adaf7bb971a3757a689ece5d74,7611.196256078774,169976.52272799998,SnakeBall
2026-09-12 07:46:20,day,overall,64,0x6575759174ad221bba9947bc3f18750ec769b198,7441.647592070001,848.9851360000001,dromedaryy
2026-09-12 07:46:20,day,overall,65,0x197c2c31027a6e4ae970b8b23b14fdc7ee95e025,7373.708151275605,0.0,
2026-09-12 07:46:20,day,overall,66,0xcf6c5492124794394dd9eac46498a8babbe47e66,7270.263850152763,12179.09,one8tyfive
2026-09-12 07:46:20,day,overall,67,0xa1035e02c546b5aa7c5b28937f1ef03660d21c14,7214.356896731399,30005.769906,sofa88888
2026-09-12 07:46:20,day,overall,68,0xd3faf1906cc31e75d1dfa0d7b57e8f97d33da26c,7192.51055224972,13661.927560000002,IAmHomelessNow
2026-09-12 07:46:20,day,overall,69,0x336bf6f91a4619d54f0711a20fe468adf4d71233,7112.9439906349435,18.51852,ArturitoFilito
2026-09-12 07:46:20,day,overall,70,0xb3cfe7615d64db8dfa743a1b1a2b976911460ebd,7091.58342041701,26057.02353,omoi0i0
2026-09-12 07:46:20,day,overall,71,0x160223e42e22a4d8b7d81ff45d83e3aaa27dfbb0,7071.337089791601,44500.529898999994,0x160223E42e22A4D8b7d81FF45D83E3aaa27DfBB0-1778310389012
2026-09-12 07:46:20,day,overall,72,0xa927cdfebebe4ba309386f12201f4fb0bccb8d9f,7012.431696663747,0.0,JabJabich
2026-09-12 07:46:20,day,overall,73,0x3ce8e7c1d00fd86e1b8cca3bb003479d53fd3cd9,6988.440911662177,16271.070176,levaluv
2026-09-12 07:46:20,day,overall,74,0x6a2b0c2daa71397dee8e0b91bbf45d8d9dbd3e5c,6899.165681994815,25081.126665,Junior112
2026-09-12 07:46:20,day,overall,75,0xd87a4012b40aad76a870fed7d1976e9224dfd3b8,6486.308517199999,0.0,lymphnatic
2026-09-12 07:46:20,day,overall,76,0x4f1d5ae26fc31472966e951af3183308736d8de2,6432.968359061037,6005.615936,e46m3
2026-09-12 07:46:20,day,overall,77,0x0f003f00e53f0dbb063e14b4da093ac8e3f473ce,6368.541654064649,9294.80046,
2026-09-12 07:46:20,day,overall,78,0x162ca4c5249987872fea1e15c846d7fe80316c47,6310.901819540042,2543.0200000000004,VD721lsj4938Dk388
2026-09-12 07:46:20,day,overall,79,0xec981ed70ae69c5cbcac08c1ba063e734f6bafcd,6279.5140860827605,163126.31160000002,0xheavy888
2026-09-12 07:46:20,day,overall,80,0xb895566d5d5e43d55caa4272031019dbef8cb4f9,6260.405972774999,0.0,Camelcc
2026-09-12 07:46:20,day,overall,81,0x6fe403e59634efe75f338b7b69585ab54d9d5781,6249.999985155002,0.0,Chp420
2026-09-12 07:46:20,day,overall,82,0x42d150e0171590b28332a61b3f4cfca0a34cdab6,6190.199247789948,0.0,notprofitabl
2026-09-12 07:46:20,day,overall,83,0xdb83e85ffd22faa4009273034770f96ffc5b1e50,6082.187338792828,107955.24336699999,sentrio
2026-09-12 07:46:20,day,overall,84,0xf68a281980f8c13828e84e147e3822381d6e5b1b,6076.975368414908,123607.716934,Nooserac
2026-09-12 07:46:20,day,overall,85,0xd6b9826588d8894cb70fe25a9ade09c88beb4515,6075.959330297697,125134.185318,goldfisherrr
2026-09-12 07:46:20,day,overall,86,0xdbdd45150249e229eb4ca8aa48a30dca21faa5de,6032.079144974938,31488.106881000007,0xdbdd45150249e229eB4cA8aa48A30Dca21Faa5de-1757094771846
2026-09-12 07:46:20,day,overall,87,0x85fb1b29bc068bee293923cc7e072dff890889ba,5871.274790248523,6127.12508,999999666544332578855667788
2026-09-12 07:46:20,day,overall,88,0xa9fe4929d4ea1525ca03bd0ff68ea1fbf9e7f135,5831.18403612265,3391.1545459999998,novv25
2026-09-12 07:46:20,day,overall,89,0xe16e8a3c20d51eb3ce4ce23516bd7bfb2e14bd58,5746.207653665528,49291.100156,48binn
2026-09-12 07:46:20,day,overall,90,0x2d395d11014415644fe9a8599fe050e7f3a06053,5717.794349282689,77082.579594,minji
2026-09-12 07:46:20,day,overall,91,0x369f46433349a57cd6d08abf2819da737c09873e,5673.390163811488,0.0,kindar
2026-09-12 07:46:20,day,overall,92,0x64e93f87d8a0c1b2cde6f20d71f211372a95eb4c,5668.194915518491,24765.938157,oudine2
2026-09-12 07:46:20,day,overall,93,0xd4281e4ed3c38413e4333b960c17bc516e456368,5659.794626101246,7039.44,YuliaKyiv
2026-09-12 07:46:20,day,overall,94,0xb4eea1c82f0c4cf7e02e69212bd447a63314cc59,5644.240169877029,16006.11737,HyperwellNerdZ
2026-09-12 07:46:20,day,overall,95,0x5b6331e7ff0831a3fe2ed12004747db1a9c911a4,5371.61571631166,81473.65463799999,neutralwave23
2026-09-12 07:46:20,day,overall,96,0x6b44c48cfbc5ef89c3d05d9c70567c36cb2e3992,5358.236799999999,0.0,mjjbb
2026-09-12 07:46:20,day,overall,97,0x9d84ce0306f8551e02efef1680475fc0f1dc1344,5356.337644714991,30977.387587999998,ImJustKen
2026-09-12 07:46:20,day,overall,98,0x482acc0c3c6268a16482953be000b2b46cccc85d,5174.328201994271,13529.492238,JaozinTrading
2026-09-12 07:46:20,day,overall,99,0xbb3559b5c40ba446ab9d043e6925e020a60db62a,5159.74017737231,14719.728563,Ariel777
2026-09-12 07:46:20,day,overall,100,0x5e5175106a7dbbd92b10f1b56458fc8c1bdd42ce,5051.446193660275,19891.628873999998,0x5E5175106a7Dbbd92B10f1b56458Fc8c1Bdd42ce-1730865746538
2026-09-12 07:46:20,day,politics,1,0xbc75cabb772f1da1c1772430620da0174c453f69,35693.769525796946,0.0,unknwnfnd
2026-09-12 07:46:20,day,politics,2,0x3a8aa345d5db7ec5138298c8c4f4540259be7699,23117.39174496451,0.0,TheReturnOfDarthMaul
2026-09-12 07:46:20,day,politics,3,0xbacd00c9080a82ded56f504ee8810af732b0ab35,9974.429625868448,12602.08,ScottyNooo
2026-09-12 07:46:20,day,politics,4,0x6fe403e59634efe75f338b7b69585ab54d9d5781,6249.999985155002,0.0,Chp420
2026-09-12 07:46:20,day,politics,5,0x369f46433349a57cd6d08abf2819da737c09873e,5673.390163811488,0.0,kindar
2026-09-12 07:46:20,day,politics,6,0xd4281e4ed3c38413e4333b960c17bc516e456368,5486.261637767754,6639.44,YuliaKyiv
2026-09-12 07:46:20,day,politics,7,0x267e95cf3cdfc3aa1d8a8e2795b43c4b45fcb526,4330.9282174799955,0.0,hideki.hirata
2026-09-12 07:46:20,day,politics,8,0xb1ca909e848cc24ec4e220ce1c453bc290c51705,3266.0508356452337,11205.202969999998,GrandeFromage
2026-09-12 07:46:20,day,politics,9,0xdf17f4a8dd01a4cfa6fc3da323a2baee5f8697d1,3010.9588140555425,8526.935112000001,Harluc
2026-09-12 07:46:20,day,politics,10,0x98e46f965edee1ef104e6f95d116e2748d59fdc0,2947.7266664799977,0.0,Pvgren
2026-09-12 07:46:20,day,politics,11,0x30b6fe3508ac9c2ec69c7967452a26cea97f0bb7,2730.6463391120014,0.0,sassy31535
2026-09-12 07:46:20,day,politics,12,0x2b76c1d12cd928b1d95a6d2c7f1e6f6e7f14edef,2684.0801564550056,0.0,idfinsider0228
2026-09-12 07:46:20,day,politics,13,0x312ee6a5878a5582e8f96700e6268171bf9d8604,2576.2504616099905,0.0,0x312Ee6A5878a5582e8f96700E6268171BF9D8604-1773448361331
2026-09-12 07:46:20,day,politics,14,0x000d257d2dc7616feaef4ae0f14600fdf50a758e,2478.307104480453,0.0,scottilicious
2026-09-12 07:46:20,day,politics,15,0xda66ddc4529eb7ac68add4eca06c37cdcde03f38,2471.69291984749,0.0,Eire
2026-09-12 07:46:20,day,politics,16,0x4f1d5ae26fc31472966e951af3183308736d8de2,2396.4958919490455,939.986633,e46m3
2026-09-12 07:46:20,day,politics,17,0x784feec38475dc47e63c3a16cbd24b905dab5df9,2112.5061198780604,0.0,diadjaid
2026-09-12 07:46:20,day,politics,18,0x04059a17569cc586081cfadad1cda190710bda82,1870.486899305004,0.0,forcestrut1
2026-09-12 07:46:20,day,politics,19,0xee0ff4a9de23e758e3f8d128b4f25fd6f62c4cf5,1827.9035581030112,0.0,drop126
2026-09-12 07:46:20,day,politics,20,0x62cf46cd4c3af254dccfc37a7f93de265b4b5826,1810.3497995824873,7.0,eCash
2026-09-12 07:46:20,day,politics,21,0x5b6331e7ff0831a3fe2ed12004747db1a9c911a4,1750.224384840978,820.056523,neutralwave23
2026-09-12 07:46:20,day,politics,22,0xf81c4580fa778a3a2560259b65909618bfe5ccea,1730.849348556002,0.0,abed1
2026-09-12 07:46:20,day,politics,23,0x1fee90f352fd362ea4bf13c6ed7cdd83a4d2ed5e,1703.758889240271,9531.947954000001,lomneivan
2026-09-12 07:46:20,day,politics,24,0xeed8c2be411025120fb511ea2332dd0a1f6135f0,1523.4307434909279,24799.408589,WarriorH
2026-09-12 07:46:20,day,politics,25,0x99012d12a47cb06e777cbacb156dbd82edfc6046,1515.84555295251,0.0,SuperFake
2026-09-12 07:46:20,day,politics,26,0x6efcf8f2bb054057ae8b044fb9a746b13b61c98b,1513.950271310001,0.0,jianyang69
2026-09-12 07:46:20,day,politics,27,0x690bfe39089e61f674b8f88d89511c9eff90bd2c,1510.0609566500334,432.37,0x690BfE39089E61F674b8F88D89511c9efF90bd2C-1782954570100
2026-09-12 07:46:20,day,politics,28,0x614dc8d3542c12103d2c6a3553fd761e391d1546,1497.1168761689914,1250.5600000000002,mr.ozi
2026-09-12 07:46:20,day,politics,29,0x74c4bf2c4d38ea6de87751abc9785cd45787c3e6,1462.7842987999989,0.0,vic7
2026-09-12 07:46:20,day,politics,30,0x58f108ed361733f3c871172b7d2b67ce4a16abdd,1427.4304505599994,0.0,
2026-09-12 07:46:20,day,politics,31,0x1d379e322ef813587a3e13ad79857c45edc7f4a4,1396.926134100002,0.0,OverlookHotel
2026-09-12 07:46:20,day,politics,32,0x63bcf78f77cef62b4a9b8d101a14247bf90292c5,1321.5561073999997,0.0,Bettong
2026-09-12 07:46:20,day,politics,33,0xff1e352d5310eab17d1e9fd7e00ec33f16c05e2d,1277.3853692063676,3748.070001,0xff1e352d5310eab17d1e9fd7e00ec33f16c05e2
2026-09-12 07:46:20,day,politics,34,0x747837d9e1763345ab994e8652c8d0ba59bb4003,1206.277910325498,0.0,xcaiox
2026-09-12 07:46:20,day,politics,35,0xca289809d28e06d2dc39ca6c0f28c5672bca4e91,1186.6607329699145,774.015,Aviatorul
2026-09-12 07:46:20,day,politics,36,0x1387d145aaf01f6e33b66525dda6e1f51f6955f8,1149.260001532799,2052.725127,Lucerys
2026-09-12 07:46:20,day,politics,37,0xe3de88edf22015718043d092d892bbc44d105d6d,1148.95573229,0.0,0x922339aaCFa3Eb3E7d9F990f8Aa25f8518902bba
2026-09-12 07:46:20,day,politics,38,0x84f96b36d2c08d42601078bdccc8807e2bba451a,1143.859314259999,0.0,Hedger87
2026-09-12 07:46:20,day,politics,39,0x9d84ce0306f8551e02efef1680475fc0f1dc1344,1090.5936133346986,2794.37,ImJustKen
2026-09-12 07:46:20,day,politics,40,0xa8a9c7a2f1d8eca2c20b6dc58df52caa85cdbb81,1071.6940999999642,0.0,98better
2026-09-12 07:46:20,day,politics,41,0x803daa75be7fb97f5c5c59328f9a4abe1e54135d,1061.9811843599964,0.0,0x803DAa75BE7FB97f5c5c59328F9a4AbE1e54135d-1770747638760
2026-09-12 07:46:20,day,politics,42,0xd8e97ade0d42264c4e016b91766a52eaad11ad9e,1027.8402123900014,0.0,lindat5
2026-09-12 07:46:20,day,politics,43,0x7f0412058a008f23c77ae9f3e06cc57da1f3812b,1024.304685160001,0.0,Passoafrente
2026-09-12 07:46:20,day,politics,44,0xc46f094934bb4fc728d90aafb6b4acc06c073130,985.6844722970018,0.0,0xC46f094934Bb4FC728D90aafB6B4AcC06c073130-1768924929951
2026-09-12 07:46:20,day,politics,45,0x09cc4da8a3e39237aa74b445a300565e33d0421a,972.8575121999984,0.0,rerevervadae4r3453214tpermdr43fvd
2026-09-12 07:46:20,day,politics,46,0x73192b9597c4496f8c338b36239bdf4218ac0299,969.1657995669984,0.0,gambler13
2026-09-12 07:46:20,day,politics,47,0x69d1983b8a327b2eb2897c7fc85ac6f637047c8b,938.7376716284889,5992.02,Mamdanislamist
2026-09-12 07:46:20,day,politics,48,0x4c8cdcdd4c92bf44e74a642254f7414de14de36f,937.5058329699677,0.0,defillama7
2026-09-12 07:46:20,day,politics,49,0xe4419e8da94a8e7c619d599d0802a96969dad0b2,937.2024948399994,0.0,ForaPT26
2026-09-12 07:46:20,day,politics,50,0xcb58c474467a6dca91d16e346f8f0fe87dfc0160,924.3821316860121,0.0,0xcb58C474467A6Dca91D16E346F8f0fE87DFC0160-1768538034918
2026-09-12 07:46:20,day,politics,51,0x1b296ecf556ef9a93887c82836343f58c1ff1227,924.3183614760014,0.0,0x1b296Ecf556EF9a93887C82836343f58C1Ff1227-1721909506760
2026-09-12 07:46:20,day,politics,52,0x5971cb3e4612364fbe49c09d964b21e0e6fbbec3,910.9167999999995,0.0,star_chiz
2026-09-12 07:46:20,day,politics,53,0xb4d250f58c26840e09723a83ce9c8149aa32ce99,903.0623882885061,0.0,alpheclabs
2026-09-12 07:46:20,day,politics,54,0xd346355d568e2e55a6f1a5b86d70170a8310d36a,890.4567739599988,0.0,malucodolula
2026-09-12 07:46:20,day,politics,55,0xf1ef8705e9f63c790c6fffd6329aea7011718cd6,834.9652178985125,0.0,Outsid3rTrading
2026-09-12 07:46:20,day,politics,56,0x5a218c7ad04135830a45c41aaed7294df7809318,827.430388324894,2694.8293570000005,balthazar
2026-09-12 07:46:20,day,politics,57,0xeb34b86ca3ca64eb3cee6c9a0cce668385df7268,824.1482093717605,8860.636765,kneelbeforetheking
2026-09-12 07:46:20,day,politics,58,0xcf19c420814435ffb1c459588208ed23a7ee6402,798.7532900440856,0.0,PantheraUncia
2026-09-12 07:46:20,day,politics,59,0x524db836890e08aceb3abcdee98d44240e324495,793.4148311580138,0.0,Mac-Gyver
2026-09-12 07:46:20,day,politics,60,0xf797d4d1c038d1eb0593edae0e66bf8e4b2e0bf2,775.2249669889752,28.373332,DerDon
2026-09-12 07:46:20,day,politics,61,0x200544427dfc822652cb55ca5ca9f99476a9e414,769.3300807500127,0.0,kickstandhater
2026-09-12 07:46:20,day,politics,62,0xcb016f2b417f98c88fc91fffe7e69d4a6b1c7dfb,768.5798417599945,39.0,0x7e1f9c90800E42806e242ABC5fcf26B571c79C27-1775842903107
2026-09-12 07:46:20,day,politics,63,0xc851cd9bee7d262afd78674f861f9f576a12cd2a,767.1873200319824,202.7875,betwick
2026-09-12 07:46:20,day,politics,64,0x7dcf235766e6b09c8869468a75d5495cf171a7bd,763.8601199461991,506.24168599999996,godblessme2026
2026-09-12 07:46:20,day,politics,65,0x25e13526752149db5fb69562db85186cb8586735,761.0166239300006,0.0,ElCapitan619
2026-09-12 07:46:20,day,politics,66,0x50ca8ec6c92cd83cc6498ae8dd6b962aefb693ab,759.0919017900005,0.0,-r-
2026-09-12 07:46:20,day,politics,67,0x35bbbad2415fe5e39b12da9a316cdc80b022009b,730.9227191451355,1085.7,MisTKy
2026-09-12 07:46:20,day,politics,68,0x661daf6af6d884012dd6db73c09d72e8be224dc6,728.8496568019982,0.0,DOLLAR-PRINTER
2026-09-12 07:46:20,day,politics,69,0x238de8597e51b9821795ec9660937246c75870d8,722.7804431679997,0.0,-wraith-
2026-09-12 07:46:20,day,politics,70,0x6e131d6c61216b4a5ec571db332ad3226e7fa801,715.3004098759989,0.0,disputequant
2026-09-12 07:46:20,day,politics,71,0xc8ab97a9089a9ff7e6ef0688e6e591a066946418,712.0732063465402,7615.181042,ArmageddonRewardsBilly
2026-09-12 07:46:20,day,politics,72,0x1e1f17412069c0736adfaadf8ee7f46e5612c855,693.2390801610891,0.0,Brokie
2026-09-12 07:46:20,day,politics,73,0xa3ff29e34b23b468b4ff5dbba28ad9e56bcd540e,682.5764166974986,0.0,0xa3FF29e34b23B468b4FF5dBBA28Ad9e56bCd540E-1772658943842
2026-09-12 07:46:20,day,politics,74,0xcfee7c48b3b63ad378da75af2d51f037516dffcd,673.7023642269905,0.0,Heskel2
2026-09-12 07:46:20,day,politics,75,0xa14750436b2e01aa76cebf831018857340a53fcc,662.840071618004,0.0,polymarketbetter
2026-09-12 07:46:20,day,politics,76,0xa3282d3e882501229c75d0caf134e62e3afb4977,662.5859588099411,1394.0400000000002,korda77
2026-09-12 07:46:20,day,politics,77,0x8dc98564315c586f849fd5afbe3152019b77434f,658.6749149900002,0.0,dwarf123
2026-09-12 07:46:20,day,politics,78,0x67ac9e1ad7d7e74ef0215d14fc8edb538e4fedf1,657.9462438567571,2207.42,fkcvffcjt
2026-09-12 07:46:20,day,politics,79,0x48b9bbd2633599a449141ce74927a52f23bab0ca,656.2092493680002,0.0,IrineuVcNaoSabeNemEu
2026-09-12 07:46:20,day,politics,80,0x2128f011fb563a8ff6c484ba80eb049356c1f203,656.1384701004936,3138.35,GuyFromMontreal
2026-09-12 07:46:20,day,politics,81,0xcd9eae900a7b1f78a4951b7ddbec01afcccfbff4,650.0008101250005,0.0,Freddy-n-Jonny
2026-09-12 07:46:20,day,politics,82,0xc3d5032e16eaa4e50b9f142a6906a3d41614ff2d,645.8740648000012,0.0,bolorini99
2026-09-12 07:46:20,day,politics,83,0x6806d2ab8efb9c41baa28c72e44fdfc4b3293a05,644.5337946690015,0.0,Aurelian9
2026-09-12 07:46:20,day,politics,84,0x7131c1679ce19caf12bc42e94e71ddfcd7deb3a6,622.9154750000002,0.0,taesookim
2026-09-12 07:46:20,day,politics,85,0x2c649b504168c5414277f23135fb9ce36df72099,617.4462796845037,0.0,rollsrolls
2026-09-12 07:46:20,day,politics,86,0xb525951c6b8cca13986e22c8f0989e72cdddef9b,614.7907178400001,0.0,malparidogambler
2026-09-12 07:46:20,day,politics,87,0x2d99e29c4f066ba32098c65e4c7454b277d94ca3,603.5433764143672,105.8,scout
2026-09-12 07:46:20,day,politics,88,0x45dbbf4fed6c845f4e857edc6e744236501c8f65,599.9982779699998,0.0,orzanovn
2026-09-12 07:46:20,day,politics,89,0x843e32a367156a1e1e0193a36a04e41ae1b4d2f3,598.9361359159957,0.0,Bursted
2026-09-12 07:46:20,day,politics,90,0xa10c1ba5df9937ba4aea5b7edeadadb5d0b6b2de,596.158240679998,0.0,segment3
2026-09-12 07:46:20,day,politics,91,0x579ace32f5b3e29c090d56d89450b66252bdb0a7,596.0845018271212,5471.411915000001,Carecainsano7
2026-09-12 07:46:20,day,politics,92,0x42018dffd61b34aefddec3f1a66bca505ca66133,586.966654494,0.0,worknplay
2026-09-12 07:46:20,day,politics,93,0xc97b0b2a2547bb3ed57167092ef8a6e816c347e5,586.6493381374967,0.0,Avamax
2026-09-12 07:46:20,day,politics,94,0xa9801c16fd3fa7345916172a60951b3ba2d38080,581.6790964660031,0.0,patma
2026-09-12 07:46:20,day,politics,95,0x29cbbab5d770657e722d9e97a45e3c3ec63d5645,567.0111999999999,0.0,0x29cbbaB5D770657e722D9E97a45E3C3ec63D5645-1780255084965
2026-09-12 07:46:20,day,politics,96,0xb5e83a636f2d77c0c25e2d2abaca753ea204a5f9,565.8749192255036,79.52,HalfEmptyGlass
2026-09-12 07:46:20,day,politics,97,0xcb894d56b6ed7f458e8534636a086b65e915a2e8,552.2799786850064,0.0,justme003
2026-09-12 07:46:20,day,politics,98,0xb4f2310271b208f35b543bde10522db44cf67851,548.2677444199799,0.0,Kettle
2026-09-12 07:46:20,day,politics,99,0x3eae57986be5e0ca435102ffe1f14206ffa2e2ed,547.9566837400198,28.892107999999997,thoodr
2026-09-12 07:46:20,day,politics,100,0xf6b4b15592f51045ce6daeab9c9c18bc99e8a116,545.7129295499981,0.0,0xF6B4B15592F51045cE6dAEab9C9c18Bc99E8A116-1773473977832
2026-09-12 07:46:20,day,sports,1,0x8a8685a792c184e5c2ee8c7d4d4baba7c2c94998,214665.31389979,380764.98,BrotherObama
2026-09-12 07:46:20,day,sports,2,0x4bff30af91642dc7d2b19a8664378fe55c45fc26,184844.15882635093,400718.383736,Sassy-Bucket
2026-09-12 07:46:20,day,sports,3,0x17c4f7e008fe22d69865f73f29329b6e76b92471,120515.29224965998,260628.83,0x17C4f7E008fE22D69865F73f29329B6E76B92471-1780774412121
2026-09-12 07:46:20,day,sports,4,0x1610db79f753a80207e1d66716be9e91e627ae49,85018.35389284839,0.0,HMLSF
2026-09-12 07:46:20,day,sports,5,0x2dc13c6bda81b202281e796953a7323de675b33c,76546.26464904024,0.0,xifutloong3
2026-09-12 07:46:20,day,sports,6,0xf0318c32136c2db7fec88b84869aee6a1106c80c,72782.03098299261,132.5,BreakTheBank
2026-09-12 07:46:20,day,sports,7,0x799b6aa710f1c1af137fdd25cc2834c9f0412102,70367.80142269,100000.0,user098422
2026-09-12 07:46:20,day,sports,8,0x5dab5ed9691fab220535891d9c7f5c28eed322e1,57964.97482754639,0.0,Weaseloftheweek
2026-09-12 07:46:20,day,sports,9,0x918b42a06ff25eaaa4a79eca9da6a9de46f4ea63,51435.09702396,0.0,OhWhenTheReds
2026-09-12 07:46:20,day,sports,10,0x2a69660046d7acc4ab204d7cc5ba78b0776cd2f7,37510.21241290949,894356.3065760001,UpTheBlues
2026-09-12 07:46:20,day,sports,11,0x033f0346c007323030eb420305ffede19a95618e,32654.542458309792,0.0,AvocadosFromMexico
2026-09-12 07:46:20,day,sports,12,0xc5a2337f82aafe82a7eaae248586fbbc3c736dd9,29516.06518588937,152217.53685799998,watcherz88
2026-09-12 07:46:20,day,sports,13,0xe3c9c84c9917d21351902f3bfde3420543ea4b9c,28448.699237396067,207335.01367000001,DimSumConnoisseur.
2026-09-12 07:46:20,day,sports,14,0x076daa87c4fe1a85402a9b6b8e0a866224388d4c,25850.090536443517,173991.13681399997,
2026-09-12 07:46:20,day,sports,15,0x55a1f55fb021eb52f5233321f88ff8eca5aedb28,24915.184400416394,139145.41999999998,vjnn
2026-09-12 07:46:20,day,sports,16,0x27f738fe203827445690339104aae35b20bc44b0,23417.892702619836,7549.42,ic4cream
2026-09-12 07:46:20,day,sports,17,0xda856317923415a534d8952e6f8abde17c2e1ca7,23259.860476,56700.94212000001,Yellow-Fever
2026-09-12 07:46:20,day,sports,18,0xb4f978be63cdf75554b0b46a4262a6db597cc9a7,22905.49638506092,35585.922564,0xb4F978BE63cDF75554b0B46a4262a6dB597cc9A7-1779258330186
2026-09-12 07:46:20,day,sports,19,0x9b11866433281ade9f2811dbde8acdefc45f5375,22246.518449504783,253111.75170200004,
2026-09-12 07:46:20,day,sports,20,0xa2b5bafa01d0f81926a2a88e5628a95b59fc4582,19687.902303924027,105325.313405,BruceWayne77
2026-09-12 07:46:20,day,sports,21,0xc8075693f48668a264b9fa313b47f52712fcc12b,17792.26826048945,0.0,texaskid
2026-09-12 07:46:20,day,sports,22,0xf28e42d20e4826f2b10a24bc952001697947cab2,17429.506803998258,134533.42,ethanaz
2026-09-12 07:46:20,day,sports,23,0xbbf379252411511adab081f016dc991aa6bbaa3a,15827.692376901134,33790.051468000005,0xbbf379252411511ADAb081F016Dc991aA6bbAA3A-1768154730738
2026-09-12 07:46:20,day,sports,24,0x9f15613ebf1f36d4bc679e1211d1fc567cf9bdb3,15354.328142610655,140135.712265,0x9f15613ebf1f36d4bc679e1211d1fc567cf9bdb3
2026-09-12 07:46:20,day,sports,25,0x689f7d0a49d2646dc199848ffbdb4757242e259c,14464.84375270996,60322.848653,MathOnly3c
2026-09-12 07:46:20,day,sports,26,0xabb89972b21b304c1bed2bf26f35c8741ac9bba3,14404.743686999194,24999.989231,Feromont
2026-09-12 07:46:20,day,sports,27,0x75f204b39709544f763ca68c2e3f4a60a309ff6d,14163.003578571472,17873.303169,Runemup
2026-09-12 07:46:20,day,sports,28,0xdc41c39b95453c943174f369926018f6963bdd7e,13617.331314887851,547858.29,nigiri99
2026-09-12 07:46:20,day,sports,29,0xcd84d7f9262516865553555751609fb6f52abec6,12821.683019109994,25423.72,Donkey14
2026-09-12 07:46:20,day,sports,30,0x45e40dbee6f546c7b318498f8c9778560f5a7e20,11565.141508553468,0.0,fastball67
2026-09-12 07:46:20,day,sports,31,0x19c4aa3200949f1dfc0f84cc2c9a47d78ed18c95,11409.755498239996,46678.54832900001,Devs777
2026-09-12 07:46:20,day,sports,32,0x032eb1bc893940263ad0b01889f262fc232f2a9e,11397.508065045578,16349.61,purplegatto
2026-09-12 07:46:20,day,sports,33,0x2005d16a84ceefa912d4e380cd32e7ff827875ea,10987.582594880834,622528.968951,RN1
2026-09-12 07:46:20,day,sports,34,0xe6bff499390d0988f81967d095925b44aad38380,10649.337313520009,21799.942505,CHACHA125655
2026-09-12 07:46:20,day,sports,35,0x1d1ade627d0bb0205758580b20d808573e720df6,10299.999999999767,0.0,Pwaddler
2026-09-12 07:46:20,day,sports,36,0x6fbe58f62cecf1f1afd1a7a0965dd7b61b86d64f,10186.221627538303,22033.89759,mitsuike
2026-09-12 07:46:20,day,sports,37,0x7d92fd69504bfd391162e1442cb784c0af408676,10109.96220377402,22647.670000000002,mikesports
2026-09-12 07:46:20,day,sports,38,0xccd81fbd3395dc43a0531f8484b21c2462daf4de,8927.827126346703,290155.586668,0F62
2026-09-12 07:46:20,day,sports,39,0x26b46988d027c6c03cfa12a7c0c6d778be49b8a9,8844.940385642287,173966.271162,kkookkoo
2026-09-12 07:46:20,day,sports,40,0xf12f7688a0bc8cc744ef871f70b74c16a976b30f,8631.183352080636,8318.81126,0xf12f7688A0bC8Cc744eF871f70B74c16a976b30f-1779780453239
2026-09-12 07:46:20,day,sports,41,0x86e99faea12fccd8925de5d9f052471baf7a4cdf,8342.768106296891,16220.715581999999,JUSTINHERBERTMVP
2026-09-12 07:46:20,day,sports,42,0xa8bd9ae70657db83444c6ca987b8aeb9fb0ab7aa,8277.140727639955,17447.734453,Dragua9
2026-09-12 07:46:20,day,sports,43,0xc29198ad764bd6adaf7bb971a3757a689ece5d74,8208.937235910387,163044.79895099998,SnakeBall
2026-09-12 07:46:20,day,sports,44,0x5674f6079740c1147c7bc3f67400b28767122ff4,7654.628250000023,0.0,dontworrybaseball
2026-09-12 07:46:20,day,sports,45,0xcf6c5492124794394dd9eac46498a8babbe47e66,7395.263726911973,12179.09,one8tyfive
2026-09-12 07:46:20,day,sports,46,0x197c2c31027a6e4ae970b8b23b14fdc7ee95e025,7373.708151275605,0.0,
2026-09-12 07:46:20,day,sports,47,0x336bf6f91a4619d54f0711a20fe468adf4d71233,7113.148470634944,18.51852,ArturitoFilito
2026-09-12 07:46:20,day,sports,48,0xb3cfe7615d64db8dfa743a1b1a2b976911460ebd,7091.58342041701,26057.02353,omoi0i0
2026-09-12 07:46:20,day,sports,49,0xd3faf1906cc31e75d1dfa0d7b57e8f97d33da26c,7017.130660272171,3918.03,IAmHomelessNow
2026-09-12 07:46:20,day,sports,50,0x6a2b0c2daa71397dee8e0b91bbf45d8d9dbd3e5c,6928.648933994813,25081.126665,Junior112
2026-09-12 07:46:20,day,sports,51,0x0f003f00e53f0dbb063e14b4da093ac8e3f473ce,6368.54165406464,9294.80046,
2026-09-12 07:46:20,day,sports,52,0x160223e42e22a4d8b7d81ff45d83e3aaa27dfbb0,6360.385560973933,41240.860776999994,0x160223E42e22A4D8b7d81FF45D83E3aaa27DfBB0-1778310389012
2026-09-12 07:46:20,day,sports,53,0x162ca4c5249987872fea1e15c846d7fe80316c47,6310.901819540042,2543.0200000000004,VD721lsj4938Dk388
2026-09-12 07:46:20,day,sports,54,0x64e93f87d8a0c1b2cde6f20d71f211372a95eb4c,5667.400302578433,24765.938157,oudine2
2026-09-12 07:46:20,day,sports,55,0xb4eea1c82f0c4cf7e02e69212bd447a63314cc59,5644.572850556098,16006.11737,HyperwellNerdZ
2026-09-12 07:46:20,day,sports,56,0x6b44c48cfbc5ef89c3d05d9c70567c36cb2e3992,5358.236799999999,0.0,mjjbb
2026-09-12 07:46:20,day,sports,57,0xdbdd45150249e229eb4ca8aa48a30dca21faa5de,5284.060135118198,24265.114354000005,0xdbdd45150249e229eB4cA8aa48A30Dca21Faa5de-1757094771846
2026-09-12 07:46:20,day,sports,58,0x482acc0c3c6268a16482953be000b2b46cccc85d,5264.328100744271,13529.492238,JaozinTrading
2026-09-12 07:46:20,day,sports,59,0xeb2938a20cf70edf8e4898d4da0b46d85583fe87,5025.0,0.0,Sharkooo
2026-09-12 07:46:20,day,sports,60,0x2ec5ac52dcb5537f1fe8b47ee3cfd34bd666fd53,4996.031248634245,23329.891714,Gordinho55
2026-09-12 07:46:20,day,sports,61,0x5b6331e7ff0831a3fe2ed12004747db1a9c911a4,4699.8803658166435,19941.638654,neutralwave23
2026-09-12 07:46:20,day,sports,62,0x5268527977f700f9bf9b6d5cd843859e4e70135d,4663.697520291898,0.0,HomeRunHazard
2026-09-12 07:46:20,day,sports,63,0x79c2cd6876817715953b67dff0258316382536cc,4432.842054,8538.592006,Tento702
2026-09-12 07:46:20,day,sports,64,0xd27cc742d023d06ef633a4c880cf1ff1836ec081,4410.000000000029,0.0,madkkee
2026-09-12 07:46:20,day,sports,65,0xd607fe9ad49c63ea3a3aa594df7c5a4f1b0f842a,4396.604595291479,0.0,Tantula
2026-09-12 07:46:20,day,sports,66,0x31706006a0ef88b2b8f6d093efbc83b359fbc6a0,4369.999999999996,0.0,thatguythatguy
2026-09-12 07:46:20,day,sports,67,0xd786a8b89db608e0ed4f2414a94704fc3d9659b8,4301.52170155002,11626.57,t00000000
2026-09-12 07:46:20,day,sports,68,0x2220498c3b544b9dd9c062ccf4ab9c0ff2191a0f,4200.721021734607,9618.656121,vintetwo
2026-09-12 07:46:20,day,sports,69,0x445e88628a68c596c857085eb26f6379a1f49be0,4093.0563397434744,2900.22,WALLYFIGHTS
2026-09-12 07:46:20,day,sports,70,0xffcac2ab464e73c7a16bea54134a2dc2f36ab04c,4087.994301181061,0.0,magicbloom
2026-09-12 07:46:20,day,sports,71,0x99f0d31fdced5b3a0e5ee2867730a6644a6c9495,3973.118063434069,111974.439408,0x99F0d31fdced5B3A0e5Ee2867730A6644a6C9495-1779037126382
2026-09-12 07:46:20,day,sports,72,0x44f28d48e7c0f41b822407236388212389ec7449,3827.3120000000035,0.0,gabbybb
2026-09-12 07:46:20,day,sports,73,0x787969a140b71ad9ae68982a8ee69b6dab353653,3812.3076923769404,0.0,0x787969A140B71Ad9ae68982A8EE69B6dAB353653-1773135108384
2026-09-12 07:46:20,day,sports,74,0xf7f0b0b1e9c0fe02ccad926916ee31aef74b912c,3753.399661495874,43127.977536000006,wapol
2026-09-12 07:46:20,day,sports,75,0x6d3c5bd13984b2de47c3a88ddc455309aab3d294,3718.651852238807,618175.019144,VeryLucky888
2026-09-12 07:46:20,day,sports,76,0xf68a281980f8c13828e84e147e3822381d6e5b1b,3698.1056709447876,53726.419722,Nooserac
2026-09-12 07:46:20,day,sports,77,0xb0e3fcbe0d7f17168fdce93f89c0168d3fa329eb,3616.0885485499603,1983.290894,gagarin59
2026-09-12 07:46:20,day,sports,78,0x48611e62b91a2a0cf8de06d2c9374d2920483aae,3444.5790998999873,0.0,MLJBASEBALL
2026-09-12 07:46:20,day,sports,79,0x701187150980c2421bc3c87a74dbdef31d75c6da,3341.5569460000042,9051.955717,Electricy
2026-09-12 07:46:20,day,sports,80,0x4d3079bd4c73bc0e8f7d9f64a9f64fadbd17a42d,3272.684884383576,523849.87225699995,gransaaa
2026-09-12 07:46:20,day,sports,81,0xc0e4f49b80a2162aa8c1c1ad1bd0867574e3dd38,3192.3966743558212,106077.886634,dabossrealman
2026-09-12 07:46:20,day,sports,82,0x7ea571c40408f340c1c8fc8eaacebab53c1bde7b,3157.998554406222,89876.89164400002,Cannae
2026-09-12 07:46:20,day,sports,83,0xdb83e85ffd22faa4009273034770f96ffc5b1e50,3054.7155942578393,69702.146839,sentrio
2026-09-12 07:46:20,day,sports,84,0x7c1b3a6db8a1d57de8ee5d7bca620dc0623185c8,3029.235822272194,10871.590833999997,cm2897
2026-09-12 07:46:20,day,sports,85,0x2ca1084475eb6d8103617a460400e7c93bcfddcd,3025.5395553849958,0.0,Thebigshot
2026-09-12 07:46:20,day,sports,86,0x4f1d5ae26fc31472966e951af3183308736d8de2,2942.6090147378272,3184.799059,e46m3
2026-09-12 07:46:20,day,sports,87,0x3e9f9ef866c4f864a1e8e4cc386b948e7eb63988,2869.818944099992,5666.14,remingt0n
2026-09-12 07:46:20,day,sports,88,0xcb016f2b417f98c88fc91fffe7e69d4a6b1c7dfb,2863.8129137310607,12815.08,0x7e1f9c90800E42806e242ABC5fcf26B571c79C27-1775842903107
2026-09-12 07:46:20,day,sports,89,0x33c96d86e23e971777e9a0b59f4e21cc9e546f9a,2853.9347246966063,7683.578362,k56
2026-09-12 07:46:20,day,sports,90,0x42811a04202d471323a87c33885677187aff1a5a,2829.418627815,5916.44,traderoffical
2026-09-12 07:46:20,day,sports,91,0xa2dccd83971d56fb4e7ce45c491a968b29a249f9,2791.505482515,0.0,0xa2dCcd83971D56fb4e7cE45C491a968b29a249f9-1771568307503
2026-09-12 07:46:20,day,sports,92,0x853212cd809da6acc458021c106af749b7aa738b,2774.983088875004,7692.127398,Mr.Kirk
2026-09-12 07:46:20,day,sports,93,0x66b23cd8bcb651e11b70f6f340ce154864870fdf,2750.0000000000127,0.0,donaldbush
2026-09-12 07:46:20,day,sports,94,0x0828e2ab9f76708970ad6fa20f457f8cc6d0a1a6,2739.8540466721897,26914.388197,0x0828e2aB9F76708970aD6FA20F457f8Cc6d0A1A6-1776562467419
2026-09-12 07:46:20,day,sports,95,0xeea3f08e8a36081233e4c4b4142fd61a7b56a6a2,2695.809794939996,27562.642101000005,thestingsnake
2026-09-12 07:46:20,day,sports,96,0x0a39b3b29ab3b7dd753aa96fde4ecab3f2dbb0b9,2677.6863999370253,437792.14492500003,plonker2026
2026-09-12 07:46:20,day,sports,97,0xc6f9c11dba49e816d513e10a8e1383ed83fb27c8,2655.9690681693755,1436.963961,mlbspecialist
2026-09-12 07:46:20,day,sports,98,0x2d1ffae8d41b181d1b1734016e07bd1a903a5246,2627.2126283684975,11336.24616,shxtest1
2026-09-12 07:46:20,day,sports,99,0x48be64cacd43048d38e522c83281e99161b773a8,2536.9222062050867,14616.661583000001,tysonuw
2026-09-12 07:46:20,day,sports,100,0x6d11cd749eb59c8ffa6d38be80ad0ad0a255c449,2497.9499999999753,3843.0,1xx2
2026-09-12 07:46:20,day,crypto,1,0x7b023e54b7e217d16784ec8faa71e5dae0221fdd,14160.645688424993,0.0,shadyjdz
2026-09-12 07:46:20,day,crypto,2,0xeda9eb21b1472c60fecc52f69252585743d40990,11320.898669999999,84443.971905,dfgeyrtgfvjg
2026-09-12 07:46:20,day,crypto,3,0x44c1dfe43260c94ed4f1d00de2e1f80fb113ebc1,10010.188767725107,0.0,aenews2
2026-09-12 07:46:20,day,crypto,4,0x1465b79bff7992bc703e1aafb3683b1089647072,9966.954374334891,0.0,JnStrtPrdctnMrkts
2026-09-12 07:46:20,day,crypto,5,0xe550b80d070f2f4a8d8e7b022dd5617415d0683d,8040.473528000002,62145.665547000004,er3e45t35t
2026-09-12 07:46:20,day,crypto,6,0x6575759174ad221bba9947bc3f18750ec769b198,7696.777249999999,0.0,dromedaryy
2026-09-12 07:46:20,day,crypto,7,0xb895566d5d5e43d55caa4272031019dbef8cb4f9,6260.405972774999,0.0,Camelcc
2026-09-12 07:46:20,day,crypto,8,0x0c689c8e78588fd3d02e56a6e787e7f9e9b09e76,6249.999796849996,0.0,monkeyking42
2026-09-12 07:46:20,day,crypto,9,0x42d150e0171590b28332a61b3f4cfca0a34cdab6,6190.199247789948,0.0,notprofitabl
2026-09-12 07:46:20,day,crypto,10,0xd6b9826588d8894cb70fe25a9ade09c88beb4515,6075.959330297698,125134.185318,goldfisherrr
2026-09-12 07:46:20,day,crypto,11,0x9d84ce0306f8551e02efef1680475fc0f1dc1344,5465.22634508217,27999.213331,ImJustKen
2026-09-12 07:46:20,day,crypto,12,0xb1a279adb096d316b1b168993e8ed976d3cd372a,5055.190807809937,0.0,TwoEyes
2026-09-12 07:46:20,day,crypto,13,0x974da1d69a42f1db94b481a39621bfbafd41b050,4949.568532086254,26230.195577000002,0x8dszc153187wmy123456789
2026-09-12 07:46:20,day,crypto,14,0x05f6cb63d4ffdfaecd7ad8acd0765b6f6a5a25a1,4082.4237574249955,0.0,ethBELIVER
2026-09-12 07:46:20,day,crypto,15,0xde7be6d489bce070a959e0cb813128ae659b5f4b,3967.6190782750054,0.0,wan123
2026-09-12 07:46:20,day,crypto,16,0x21f4c1a1be34a39a7bc20985df4b7e5a39fb691d,3957.19510839344,329670.67206300003,iR5oIctspWfiWhFKjZwl
2026-09-12 07:46:20,day,crypto,17,0xe3eeb127d5763a6e4ad597f773f9d259c94d5176,3249.4189810001626,50959.21354299999,0xe3EeB127d5763a6E4aD597f773F9d259C94d5176-1780742904507
2026-09-12 07:46:20,day,crypto,18,0x2bfaf4fccc1546667e99ddd0ca6e1af48ac52f31,3245.5924856499987,0.0,ichibancho
2026-09-12 07:46:20,day,crypto,19,0x06dc51826bc524d9a83770e7de9dd7e005b04524,3219.443439613562,96516.19394299999,0x06dc51826bc524d9a83770e7de9dd7e005b0452
2026-09-12 07:46:20,day,crypto,20,0xc4f4869e66239ec5e4b36362fcba7291915019bb,2688.254897648978,20805.361952,dhju67uthf
2026-09-12 07:46:20,day,crypto,21,0x993f451b6d5c21996b1bf688493cea9c4c823ee3,2369.819104517497,0.0,hitjnn214
2026-09-12 07:46:20,day,crypto,22,0xc387c2a40d389f17b723b6bba9b18b7dbd2de4f4,2311.3613546416454,36969.626894999994,flippingsharks
2026-09-12 07:46:20,day,crypto,23,0x44832d0d2ec11187c1e77d786feb15f6a50254c6,2225.423511000001,14084.649149,NIULAI4
2026-09-12 07:46:20,day,crypto,24,0x9b04046717675a9290b4f6c1bdcfe96fc87b032a,2100.1966876792953,40811.420846,EZTRADNL1
2026-09-12 07:46:20,day,crypto,25,0x050700a1d08e0961ca552771f9b6dfe079225600,2094.358043,29910.079178,
2026-09-12 07:46:20,day,crypto,26,0x7e0127d862ecd1bd514ca8bc413bfd544456f637,2092.8313039999975,44407.296648999996,435erdrhrtyh
2026-09-12 07:46:20,day,crypto,27,0x41e2e1ccf1e4940029af02259a31c6b89b9fa354,2079.7007951180567,115611.90683500005,norm1e69
2026-09-12 07:46:20,day,crypto,28,0x56ad6bd05999e0f33ea9c05a48ccb1364a46f13e,2075.058045684971,0.0,floatingraft
2026-09-12 07:46:20,day,crypto,29,0x48ac40fc545cf327edd5365435c3a9f385614a7e,2035.6195114500006,153157.32168,BoneOhio
2026-09-12 07:46:20,day,crypto,30,0x53e55bc7cb3d67ad177c023ce891ad076a9d6177,2015.2019369499976,0.0,Arbguy
2026-09-12 07:46:20,day,crypto,31,0xe734e7bf7cfb9e464681f71822f6c2f6be514f0c,1950.5810158553795,10449.20091,boyau
2026-09-12 07:46:20,day,crypto,32,0xa4affc210adbcedff0485f6760b10da9e36f48bd,1872.2658833000005,0.0,goaty
2026-09-12 07:46:20,day,crypto,33,0x5e60d871c2d646de185e541290689b727ef0e468,1803.4169913473306,73047.43297999998,0x3664555C090fBEFHSVE94a7d216FCe860d746HD5
2026-09-12 07:46:20,day,crypto,34,0x7547db5fc8be09b9e683d9f6ce65afec06b8d10d,1787.5060062000014,0.0,mrJB1
2026-09-12 07:46:20,day,crypto,35,0x239e726f1f4131ca78a7e5abf1fec86bfc151c10,1766.2591110946814,30568.536483999997,EZTRADENL2
2026-09-12 07:46:20,day,crypto,36,0xb1f15179b4f230b83e28e35462123f9f77ff4341,1715.4812350347631,28586.411055000004,Hero266
2026-09-12 07:46:20,day,crypto,37,0x61ea83757d03ad51fb01bcedc7f69d623960bbf7,1679.4549104249982,0.0,Geminae.Columbae
2026-09-12 07:46:20,day,crypto,38,0xcd64bd985cc0a2c2aecaff220c5317232b4f1f67,1621.4701715819992,17184.269708,taderoffical
2026-09-12 07:46:20,day,crypto,39,0x60c20ca0901f9d55992913064686b1b4112b4746,1621.0595911151863,26892.574876,melop
2026-09-12 07:46:20,day,crypto,40,0x0a5409e8f1f713d34f00e49026d924cc8fbab8f1,1552.7504733889987,54968.569747,M.OSweeper
2026-09-12 07:46:20,day,crypto,41,0x672c9e0698b0d668f8fd8baf0e1e19c76142881b,1552.19231540303,33028.942289,Antonio1729-2
2026-09-12 07:46:20,day,crypto,42,0x1c14b0dace77ff7a261793cdc24b01003a30f82b,1538.1110681499995,0.0,0x1c14b0dace77ff7A261793Cdc24B01003a30F82b-1761948549683
2026-09-12 07:46:20,day,crypto,43,0x8af76202a99e53ffd95958be04b8403ae47eff7c,1531.3369130571266,20719.757608,JFKbeing
2026-09-12 07:46:20,day,crypto,44,0xe234959595e01dacd391a9502a6ad0edf4e3304a,1497.2923024749985,0.0,0xecaa8806a9a05049d7d5260a33dc924220e377a
2026-09-12 07:46:20,day,crypto,45,0xeebde7a0e019a63e6b476eb425505b7b3e6eba30,1440.082872577943,105533.161865,Bonereaper
2026-09-12 07:46:20,day,crypto,46,0x7cd156802a8c9f4c9c8a1fa6270529c8b43e8d05,1384.583022496612,11737.70231,0x7cd156802A8c9f4c9C8a1FA6270529C8b43E8d05-1766113882443
2026-09-12 07:46:20,day,crypto,47,0xafdcbcebe7cc1a61c9317dd663ab4ef7f8b0d278,1344.534434478548,58906.52414900001,fasfwqww222
2026-09-12 07:46:20,day,crypto,48,0x3e105fda0e7a3b1bad425cfa1981c6ffedd40b9a,1330.2590519999967,13757.589382999999,
2026-09-12 07:46:20,day,crypto,49,0xf066ea96de84c28b6a3eea9322391e126c61dd2c,1319.708065799999,0.0,duatity
2026-09-12 07:46:20,day,crypto,50,0xb6fef4c2c436ab8bbf07d017952e851dcf717394,1266.820360150159,6043.576885,
2026-09-12 07:46:20,day,crypto,51,0x9592adb70397e9de67ba9abe6971e3f50fb7a7b8,1255.0092480000008,5000.0,meagainsttheworld
2026-09-12 07:46:20,day,crypto,52,0xdaef2be2a19ad331737d06545f85615b094554e9,1249.99910245,0.0,PEYZ-BIGGEST-FAN
2026-09-12 07:46:20,day,crypto,53,0x3efcce110197967d01b0cc2f852b64667c100508,1246.9768479749982,0.0,
2026-09-12 07:46:20,day,crypto,54,0xac3aabaa94cc6ce0f3063630956c3b6a7509798d,1208.1044153695002,0.0,Loser12
2026-09-12 07:46:20,day,crypto,55,0x9858568c23a4dc8b9912cc38db67ee9b45690173,1205.21533125,13496.058203,hevenshine
2026-09-12 07:46:20,day,crypto,56,0x8d1d5d1c6041b13fc708b5d9f668070e1724ed4a,1170.6888382638572,23172.168889,CERTova
2026-09-12 07:46:20,day,crypto,57,0x1cd24cc49782240413903b4b7e7694779f917f85,1159.9779073259851,0.0,bitterfish
2026-09-12 07:46:20,day,crypto,58,0x0cb038487586d1119b165466072e9baf666f3a90,1149.4804346254095,260076.10550200002,
2026-09-12 07:46:20,day,crypto,59,0x715df5d081e2b1bdd226e865316e707adf8db09b,1147.8840217535035,0.0,AlexMakedonskay
2026-09-12 07:46:20,day,crypto,60,0xb27bc932bf8110d8f78e55da7d5f0497a18b5b82,1136.99405331444,109452.321655,
2026-09-12 07:46:20,day,crypto,61,0x8a722c1f28cb39b76e5ec3391efc42eedd4e3b30,1118.6475170000012,9767.249167999998,yongyuandeshen
2026-09-12 07:46:20,day,crypto,62,0xcc500cbcc8b7cf5bd21975ebbea34f21b5644c82,1099.1043665085454,1072.5,justdance
2026-09-12 07:46:20,day,crypto,63,0x69788e136500902559a2fb21883ab9baacbd08d8,1083.6979579530016,0.0,TruongMyLan
2026-09-12 07:46:20,day,crypto,64,0xee65685de42f8de9a03b4c53ee77d56a20d2cfc9,1036.310835000826,77375.97283400001,0x50f7
2026-09-12 07:46:20,day,crypto,65,0x441909510a0b18a7df9f5ea588314a53d5bcfcf4,1032.0069999999996,0.0,Gambler661
2026-09-12 07:46:20,day,crypto,66,0x4228048ea2f8f571ff2777cc32baee584c5134cb,1012.9311044000497,9753.177381,trinity42
2026-09-12 07:46:20,day,crypto,67,0xcf19c420814435ffb1c459588208ed23a7ee6402,1000.0015059499988,0.0,PantheraUncia
2026-09-12 07:46:20,day,crypto,68,0x51b970365b02a3fbdb6d00d8c481ed6cb0e074f9,977.4987860750043,0.0,user39100
2026-09-12 07:46:20,day,crypto,69,0xf8af03f1e68ee7162db8983f0d6dd0dc869854c6,970.65372443261,10257.714744,MayorMamdani
2026-09-12 07:46:20,day,crypto,70,0x5aad5eb96989a5dad27206eee65ff158b35f9674,967.8586666250003,0.0,arcadiab
2026-09-12 07:46:20,day,crypto,71,0x3314241c37a296e9aece7e7dfb5898652b4aa8c7,961.6484323127997,15802.288407999997,0x3314241c37A296e9AeCe7E7DFB5898652b4aa8c7-1767968276778
2026-09-12 07:46:20,day,crypto,72,0xc53375ff94e96100f2b30a4b5775db35218d69a9,942.0001645627781,39888.522898999996,dangerously-skip-permissions
2026-09-12 07:46:20,day,crypto,73,0x0c7c5204404e9d5402d258fedac59c7212bae4cb,935.2466070179944,38479.22152100001,OhioRiskManagement
2026-09-12 07:46:20,day,crypto,74,0x404ea6b6591d2d140c9e29fd5417bc54c6014cd2,932.3726310918946,1625.3989789999996,PM-MarketMaker
2026-09-12 07:46:20,day,crypto,75,0xbc5887953750f812be60e57ba6e178c847d65e72,921.26006903097,59797.922089,1000monkeys
2026-09-12 07:46:20,day,crypto,76,0xe0a7606179ece09f570f3430e49b9bd41d5f063e,921.0553556433897,45755.556448999996,0x10e131b8c71888adb0f1480143143c0
2026-09-12 07:46:20,day,crypto,77,0x1abf3d8942afc46059bb6c66ca2b1b5ab2dc0994,899.9675481999993,0.0,Jfk852
2026-09-12 07:46:20,day,crypto,78,0xb0f85baa97990910a3e8ac2b4a58a322f01ecef5,881.2865407043428,31329.642483000003,pspspsps5
2026-09-12 07:46:20,day,crypto,79,0xd6c1c2488cb546e0187f083938c744977620ad7e,873.0272279999954,17923.20171,0xd6c1c24846e0187f38c74497620ad7e
2026-09-12 07:46:20,day,crypto,80,0x71a70f24538d885d1b45f9cea158a2cdf2e56fcf,871.7587928781286,3733.580118,easyclap
2026-09-12 07:46:20,day,crypto,81,0x160223e42e22a4d8b7d81ff45d83e3aaa27dfbb0,870.5056555226201,1870.502455,0x160223E42e22A4D8b7d81FF45D83E3aaa27DfBB0-1778310389012
2026-09-12 07:46:20,day,crypto,82,0x9a1f8ce407172a0a3c8d57c92e182d22ace2c925,864.22695883499,0.0,ETHhedge
2026-09-12 07:46:20,day,crypto,83,0x2ed94d1a460379292d2e3b46f2cf7d94b033f271,856.4189219995933,10272.359168,Hsilverbasher
2026-09-12 07:46:20,day,crypto,84,0xdffc29df1ca354a216b026924752de4954f87e8c,837.1402777499998,0.0,ferrinico555
2026-09-12 07:46:20,day,crypto,85,0x1bb6ff2799b2425ebe14d74d321643cfa68c2454,834.1071567500039,0.0,r1ch4rd
2026-09-12 07:46:20,day,crypto,86,0xddb6e6246546230503f153506ac1e9914978b9b3,831.3669939074516,14590.888824999998,baseinv3
2026-09-12 07:46:20,day,crypto,87,0xbd81e57170049b2310cded2d285e2052dc022f35,807.607528991814,8041.495657000001,0xb8901E59437F0eae1606cA1cF4465607F0698
2026-09-12 07:46:20,day,crypto,88,0x13e0d447520ebe7f8eeaf7817211201b2c585204,802.6613410019054,152022.58680699999,
2026-09-12 07:46:20,day,crypto,89,0x29b80869042b1710f7fc2b9d6b224f5e2ed81fa3,799.3333333,0.0,bvs14
2026-09-12 07:46:20,day,crypto,90,0x716753529bbf7da2db0c87e77e65dbee893f4665,785.9899250000035,38722.414812,56467y567u67i
2026-09-12 07:46:20,day,crypto,91,0xeda9247a2b3c99a9e0bf46cdac6e1974365cf589,758.7295678899973,27638.343913,0x9f672c31cb41362e30558eee9202e
2026-09-12 07:46:20,day,crypto,92,0xf1ef8705e9f63c790c6fffd6329aea7011718cd6,750.0076482250006,0.0,Outsid3rTrading
2026-09-12 07:46:20,day,crypto,93,0xf1f9a438f2697381b4ac8eb283d6f4dd772d1245,749.9998095249975,0.0,tunatyler
2026-09-12 07:46:20,day,crypto,94,0x2e4d05beafd81a6e85bc0c6a94820d61ef34f703,734.4753449352575,521.14,woshiLimpeh
2026-09-12 07:46:20,day,crypto,95,0xe8e086f7ef06af27889edfb5026e1453c61d7eec,733.7645031779848,16577.354961999998,15perces
2026-09-12 07:46:20,day,crypto,96,0x38e598961dd0456a7fb2e758bd433d3e59fb8a4a,723.7465886354912,21337.279137000005,snoopdoge
2026-09-12 07:46:20,day,crypto,97,0x6c785950af840594ddd357caeaf385fb7590f71b,722.8085070000106,6179.151199999999,
2026-09-12 07:46:20,day,crypto,98,0x80eff2fa787245085025ac061febd6d5f578e019,717.5675703174202,7705.532337,thesidehustle
2026-09-12 07:46:20,day,crypto,99,0xafca2ad36fb2a5ca9531d09cea33fc05f7daa775,709.9071628056045,6023.296628,iukll
2026-09-12 07:46:20,day,crypto,100,0xd426adbc3c4461c86099c26221c877f20e42334a,709.457741094998,0.0,881112
2026-09-12 07:46:20,day,finance,1,0x9efdf8932077f748fa000ec4e74996829e21b227,3904.790326907001,0.0,zxdw
2026-09-12 07:46:20,day,finance,2,0xffbbf885454e6930e54b720ad5224175b8ae36e9,2779.056878907999,0.0,0xffBbF885454E6930e54b720ad5224175b8AE36e9-1720913580384
2026-09-12 07:46:20,day,finance,3,0x9ee49c02ae1ade698bf9e06d4ca271f236b8697b,2390.4658404359943,0.0,cosmicxbt
2026-09-12 07:46:20,day,finance,4,0xc3daa1bb9ce85866fb1a7c3a5d02816798e641fe,2338.916085167,0.0,aghy
2026-09-12 07:46:20,day,finance,5,0x9afda7ae5c6afadcb500ce0274312e0fe7ba574b,1689.8413509135062,0.0,UnreasonableAwareness
2026-09-12 07:46:20,day,finance,6,0x903221b1098263779ae19486028c844e8c338717,1099.1473354164991,0.0,0x903221b1
2026-09-12 07:46:20,day,finance,7,0x39c3d7208946b664aab88797225a418f9d4e0c7e,927.3741350000001,0.0,sam52727482916
2026-09-12 07:46:20,day,finance,8,0x963137a0ba0b02ebf6f37710023cc1b0303289a1,859.0614304100018,1209.71,0x963137a0BA0B02EBf6F37710023Cc1B0303289A1-1764031525036
2026-09-12 07:46:20,day,finance,9,0x06ac70013cd0c7992ec830ad5df9f7f66d5b79ec,832.9523692750581,26.9,eastpak
2026-09-12 07:46:20,day,finance,10,0xbf0fd14d47d8d785ac19f33aafa6985501f128ce,681.3852549999974,0.0,0x4dF63E746b71d3a8e
2026-09-12 07:46:20,day,finance,11,0xb1ca909e848cc24ec4e220ce1c453bc290c51705,623.328719860001,62.5,GrandeFromage
2026-09-12 07:46:20,day,finance,12,0xf4677fde7b20f3ac4f573355678de3a0f610935f,597.3605802979982,0.0,wntsang41
2026-09-12 07:46:20,day,finance,13,0x539d01b1c4d860570a3ea35aaf87168a1f351e69,575.3745314799999,0.0,fitmk
2026-09-12 07:46:20,day,finance,14,0x97ead83eb0e6b7f142e63284791882f05ddf3363,564.6695037769969,0.0,Hakei.
2026-09-12 07:46:20,day,finance,15,0xc851cd9bee7d262afd78674f861f9f576a12cd2a,512.524668033002,0.0,betwick
2026-09-12 07:46:20,day,finance,16,0x4a0ba8efffe2a16b48b01f3fa5728ae0541a7a11,509.0143300665004,0.0,
2026-09-12 07:46:20,day,finance,17,0xa139daa9e38c0b6d24443bede2d34bcdc4256f00,430.0985775399986,0.0,Kris-Future
2026-09-12 07:46:20,day,finance,18,0xe60f07a844bd18448eb3b23818f94bec1589f4b4,420.1926694000049,0.0,cryptoincome
2026-09-12 07:46:20,day,finance,19,0xb619ed5b378053f8309c307d2f7adf9c13665068,414.7977878279962,0.0,tnl
2026-09-12 07:46:20,day,finance,20,0xa1089452f0224a9973505f2d4347c2ea2f08abd3,373.9937870874991,0.0,Paul973973
2026-09-12 07:46:20,day,finance,21,0xe53312c6c15af508e0c31e2cfadbefddd399ab29,326.2489725340092,0.0,WharfMan
2026-09-12 07:46:20,day,finance,22,0x0143de84c92b9cdfcb5edb594db991d07f2f239a,314.18066833599914,0.0,
2026-09-12 07:46:20,day,finance,23,0x2c89c4edf80b95f7499dfb97e3f00ee7e89b5f1c,300.99300064400074,0.0,djfhdjfhdjfhdj
2026-09-12 07:46:20,day,finance,24,0x3eae57986be5e0ca435102ffe1f14206ffa2e2ed,289.8024716589948,0.0,thoodr
2026-09-12 07:46:20,day,finance,25,0xf0d5eb1cbe7350f1f896ade6c172e6700414c665,288.45587342999625,270.69,yen4u
2026-09-12 07:46:20,day,finance,26,0x2b670a311561dcaf741d8155451774d3fa7fb814,287.0862218512302,2471.08,0x2b670A311561DcAF741D8155451774D3Fa7fb814-1778467735876
2026-09-12 07:46:20,day,finance,27,0x1e109e389fb9cc1fc37360ab796b42c12d4bbeee,283.6711991799996,759.6600000000001,ConfusedUngaBunga
2026-09-12 07:46:20,day,finance,28,0x4247c89f4a9236a6b5fb24502023bcc98ab1455f,282.2163883850001,580.0,09F911029D74
2026-09-12 07:46:20,day,finance,29,0xc6dd722558dbfbd8fa780efcbe819ed8c6604b9f,279.2784346199478,0.0,tourists
2026-09-12 07:46:20,day,finance,30,0x43372356634781eea88d61bbdd7824cdce958882,277.38382552652183,131.0,Anjun
2026-09-12 07:46:20,day,finance,31,0x8afa03dd6974e44d00c4d14dcccb00c0ddf6adb6,275.7391905769982,0.0,stupid22
2026-09-12 07:46:20,day,finance,32,0xc401fdf872a9c93e06a9b332987a887f1d698b2c,274.39447272500047,0.0,oceanmist79
2026-09-12 07:46:20,day,finance,33,0xb10047d6a254b2ebb306d7a7d13bf59171ab6461,273.6888479570007,0.0,Parz1vaI
2026-09-12 07:46:20,day,finance,34,0xb16dc3169b090c54d1f73321919a03485ad6f064,268.47797743800015,574.31,endoption
2026-09-12 07:46:20,day,finance,35,0x80a0da00fbdc8440b0ef601341f14c3e24795708,266.14857115500126,0.0,de5nuts
2026-09-12 07:46:20,day,finance,36,0xac4a1fabdac2438d6afa2a9e8e83845310a0bf1e,265.31737568448807,0.0,HerrieDavis
2026-09-12 07:46:20,day,finance,37,0xbace5a5a9e309d69164dc81788d353fed8d43429,262.33632931951433,0.0,ThanksGivingTurkey1001
2026-09-12 07:46:20,day,finance,38,0x5919d9d00d5e6d2797ecc152ef424f6275a694b2,256.74801948000004,0.0,Kevink615
2026-09-12 07:46:20,day,finance,39,0x7b8c5eadb49be4452148aa31fd98738766c01556,252.49329027999897,0.0,pmrev
2026-09-12 07:46:20,day,finance,40,0x64d9c4c9994321dc660efe7ddbf457c49f7846e6,250.610860115994,0.0,Pokemon001
2026-09-12 07:46:20,day,finance,41,0x25257a6a89dba93dd0c536b6279365632a4eb919,246.80634403500062,0.0,Trading4Fridge
2026-09-12 07:46:20,day,finance,42,0x4e25605fd905e9972efc0f4d8814530c655cd7a7,240.89190447001602,0.0,
2026-09-12 07:46:20,day,finance,43,0x44c1dfe43260c94ed4f1d00de2e1f80fb113ebc1,237.6270357000103,0.0,aenews2
2026-09-12 07:46:20,day,finance,44,0xac9b386454ed02ef205e0ebd189d8864fd02d4c5,237.56923466300213,0.0,tryingmyluckhere
2026-09-12 07:46:20,day,finance,45,0x564f22744b7941ade18d5e0e4f347c30e3057026,235.05657714799963,0.0,molodoyy
2026-09-12 07:46:20,day,finance,46,0x2af47b5b29d5ce8160cff1a0c27f381769c142ca,215.0881083895,0.0,glenndefile
2026-09-12 07:46:20,day,finance,47,0x743beec1270e1f4a468658bf628ac8cb94e6b802,208.34606819999863,0.0,earshot.zenith
2026-09-12 07:46:20,day,finance,48,0x2de8ceaacf0bd664b5fdb65fb8d3ef0e3c3f3035,204.52920000000086,0.0,Barda
2026-09-12 07:46:20,day,finance,49,0xf3b296aa06f60c644a055b9df07b4ceeac865fc1,204.46719232109498,2389.864165,6goodddddd8
2026-09-12 07:46:20,day,finance,50,0xe1b361d6a6f237b9ed7534d19b232df8369e1426,196.28434073549943,0.0,tja
2026-09-12 07:46:20,day,finance,51,0xd5870c3b3b019d5f1dd080d22d2920a7bfe0d415,195.3640698769996,0.0,Iannnn
2026-09-12 07:46:20,day,finance,52,0x724d4324c07d889f4c9221411a17d0f7b0206022,189.72505347749984,0.0,moremoon
2026-09-12 07:46:20,day,finance,53,0xb0c85813a7a4428f1139ff91d3118a92c391fe7f,185.08543652493972,510.0,laptop.recked
2026-09-12 07:46:20,day,finance,54,0x53c48faa2373f597b693567f79c3782c6ce7740b,181.24550085849478,0.0,uma003
2026-09-12 07:46:20,day,finance,55,0x93df8437afc30ed47edd78004bb4f5c12c66c392,171.37633588199932,0.0,berlinc
2026-09-12 07:46:20,day,finance,56,0x71ca04d689bc38c5e4dcda8a4d743f279c5a3501,166.66476300000068,0.0,Ronaldo2100
2026-09-12 07:46:20,day,finance,57,0x9f086ae32344b489a004109f06fced08154273a8,159.01472136499888,0.0,Copezilla
2026-09-12 07:46:20,day,finance,58,0x6575759174ad221bba9947bc3f18750ec769b198,157.7664000000011,0.0,dromedaryy
2026-09-12 07:46:20,day,finance,59,0x9d84ce0306f8551e02efef1680475fc0f1dc1344,153.98689503876085,0.0,ImJustKen
2026-09-12 07:46:20,day,finance,60,0x88c4919de76e526d55a32c1f8afb439dd1f1129a,151.29136362849385,0.0,RenanPresidente.
2026-09-12 07:46:20,day,finance,61,0x0eac23578a5066ad4885e3c40161746df2ed140a,150.7592751599999,0.0,ocene
2026-09-12 07:46:20,day,finance,62,0x1cc16713196d456f86fa9c7387dd326a7f73b8df,149.89075000000048,0.0,Wickier
2026-09-12 07:46:20,day,finance,63,0x03eb38305baf719ddb3a405d82560dca5e72ef47,148.54248215499982,0.0,onenice
2026-09-12 07:46:20,day,finance,64,0x755d8a435281273f4bbc7b634821d1666fe62721,147.07144060000041,0.0,Crypton993513
2026-09-12 07:46:20,day,finance,65,0x9b166a923fcfa9cf333674d6467ca28711417346,142.75152335700113,0.0,testetranderencia
2026-09-12 07:46:20,day,finance,66,0x7a95a3c59926a540e32bf38524ab42b723ea2551,137.27145498000002,375.0,0x7a95A3C59926a540E32bf38524ab42b723ea2551-1771473941367
2026-09-12 07:46:20,day,finance,67,0x60a92c8620846d81f5ea17b0564e0d4b7c545a71,133.79258248000042,0.0,paddaa
2026-09-12 07:46:20,day,finance,68,0x9f208e85f326f865077fffa68b32d8b0e2bc12c3,132.88949049399798,341.32,mildwindow27
2026-09-12 07:46:20,day,finance,69,0x33b3b135660b97b4ba65dad30bf07c7d2281d03d,132.22317320899947,0.0,AlmostNoAwareness
2026-09-12 07:46:20,day,finance,70,0x41f3b515c133850bc03e72b3bfaa42cf0962844e,131.85775807999744,0.0,headsh0t
2026-09-12 07:46:20,day,finance,71,0xf0ca28d5b0141f0a8e7b251dea80fd881cb166ed,131.83841551025398,102.4,Hauchn
2026-09-12 07:46:20,day,finance,72,0xbdd11cc911ec8ed95887e56dc253d70cb36b0c4f,129.75106160229961,466.36,BTCisaHarshMistress
2026-09-12 07:46:20,day,finance,73,0x326fe03aba2bcbf071149c995df269d2a5110031,129.26220000000103,0.0,0x326fe03ABa2bCBF071149C995df269D2A5110031-1759674585833
2026-09-12 07:46:20,day,finance,74,0x074929877dc305333ca363270c78b94a2e616de9,126.05400419999978,0.0,namarian999
2026-09-12 07:46:20,day,finance,75,0x5be9694e717cfb880c05894ba49fcbe949dc9106,122.66520291250163,0.0,MaxVision
2026-09-12 07:46:20,day,finance,76,0x6d4a4c199661d482c392be32efc76cf32416f05f,122.33975650000048,0.0,bobothehobo
2026-09-12 07:46:20,day,finance,77,0x28b291aa82da13e1d58993873806c92908d5eb4f,120.852212634014,0.0,libratus1
2026-09-12 07:46:20,day,finance,78,0xfbd8c9c22ca76b3662d0e53a4f79719fdc684027,120.36638834800397,304.0,0xfBd8C9C22cA76B3662d0e53A4f79719FDC684027-1779347618060
2026-09-12 07:46:20,day,finance,79,0x29bb1aeb34e2cd7e5b1882fd388c7f91212ef0f4,120.31393013532215,2971.093334,suoha518
2026-09-12 07:46:20,day,finance,80,0x277989790d4a8c782d7a4992e13c2dcaa031239a,118.64500142399993,0.0,balabalababalabala
2026-09-12 07:46:20,day,finance,81,0xad5353afe30c2da57709e2704ef3ccdcf67eef24,118.46411386710133,2559.6997770000003,AJSV
2026-09-12 07:46:20,day,finance,82,0x9604b357e8307b0ccc8eb5812725d2b112c6fc1d,118.38519088998146,0.0,Batundi
2026-09-12 07:46:20,day,finance,83,0xfe2d0b7350141c8413da4ab3eb72b5d71026da35,112.66591351225543,365.44,gmgmgmgmg
2026-09-12 07:46:20,day,finance,84,0x7f45e5c94910e280f34948abf5afafb91714284b,111.43260282499978,0.0,0x7F45e5c94910E280f34948abf5AfAfB91714284B-1764996618980
2026-09-12 07:46:20,day,finance,85,0xb4977235337e6d783df16a80c4b46095537789b9,110.78414098200005,0.0,0xa0330288693bfC18dFCAD3B00f678C834dB28613-1772673132969
2026-09-12 07:46:20,day,finance,86,0xa2cd4ccda9a1f95949df7a3355c4c2daa0642ba0,108.82400000000005,0.0,0xA2cd4CcdA9A1f95949DF7A3355C4c2DAa0642Ba0-1729178570395
2026-09-12 07:46:20,day,finance,87,0x79d980791ab82aff891eee32d41b4e1fbb07baec,108.12375000000065,0.0,skibabiba
2026-09-12 07:46:20,day,finance,88,0x1683acbf69fc8d5eab2f2ef150904efe2e166906,106.19125000000076,0.0,zommarb
2026-09-12 07:46:20,day,finance,89,0x67d657e52db60591b27b411f0ed1dbde811c245e,103.92058270500257,0.0,StupidMonkeyyy
2026-09-12 07:46:20,day,finance,90,0x63c652270a37e53a170303b6b264a2aa835743a5,102.83326794000095,0.0,big-short
2026-09-12 07:46:20,day,finance,91,0x7f9e2d1df78614564a70becc7fa14aa9a6623a0e,100.9413110769965,0.0,LulaVaiPerder
2026-09-12 07:46:20,day,finance,92,0xb0e74df9430a089aa102e2207af5fde1967439d2,100.69979117349999,0.0,
2026-09-12 07:46:20,day,finance,93,0xeec50edede5d961efb02e20bfd3275dd1e7fb6fe,100.47495918000095,896.23,Chims
2026-09-12 07:46:20,day,finance,94,0xaa98a97f71cbe19348798775b23696c9baa290bb,98.19980272099974,1500.0,Hexagon555
2026-09-12 07:46:20,day,finance,95,0x6f2a0d4ff16a3ef378a65c62d20cde974578de7d,97.77155507500356,0.0,KOMZY
2026-09-12 07:46:20,day,finance,96,0x6114ab1b41a31643998b1cfe021ec6562a48cff0,96.45123280000001,0.0,nope3050
2026-09-12 07:46:20,day,finance,97,0x1c3e24224559bf9cc0f8b895a305f2f30372176d,95.50495801499994,0.0,17735977
2026-09-12 07:46:20,day,finance,98,0x6315eae0a0efc187bbb2dd705d716a7be47d68ef,93.69497475999992,0.0,richman666
2026-09-12 07:46:20,day,finance,99,0x4f1d5ae26fc31472966e951af3183308736d8de2,91.83946560433833,290.03999999999996,e46m3
2026-09-12 07:46:20,day,finance,100,0xa8c63f775ddbbe66b56614191747def3021444e8,91.80870452100226,1000.0,Tenebrus7
2026-09-12 07:46:20,day,culture,1,0x485d1a3c57d8839e12518913dd1703270ae247ed,3360.08891901,8419.111103,Anonloz1e
2026-09-12 07:46:20,day,culture,2,0x0c18cf122dce8556302ff496affe379097aba04c,1642.4576373979999,0.0,Lastworld13
2026-09-12 07:46:20,day,culture,3,0x5a45565906b8478fe456a0d313ce8839b3e7f628,1533.1963500000056,0.0,FFIE.
2026-09-12 07:46:20,day,culture,4,0x7056f248c5098cce2fb0a062cdd2ab0f8318c95c,1193.9968793150001,0.0,denzeldumfries
2026-09-12 07:46:20,day,culture,5,0x5eb0cd907aa0b7b4df11552e817570e265ea5012,1059.312318885005,0.0,arbandy
2026-09-12 07:46:20,day,culture,6,0x9199ba070c49a78d7b1eb029b5c03d0b2972dd2d,726.3198087150013,0.0,0x9199Ba070C49A78d7b1EB029B5c03
2026-09-12 07:46:20,day,culture,7,0x33f832b83b52aa61967fb8ecb2e753734767c5e4,680.6568406054976,2734.57,fanat12
2026-09-12 07:46:20,day,culture,8,0x9aeb534c42b58b21673d5e03e9da14fbd15b2729,618.2682600000699,0.0,The-Joker
2026-09-12 07:46:20,day,culture,9,0x6864204009ba1e137989983eafee8644cb3f294b,605.5748419157608,5570.406537,hetacz
2026-09-12 07:46:20,day,culture,10,0x1c3e24224559bf9cc0f8b895a305f2f30372176d,561.845109391,90.24,17735977
2026-09-12 07:46:20,day,culture,11,0x04a2a7075963c86990e246e73e50f8023b79e16c,453.6955254277527,1285.303479,gordontradedc
2026-09-12 07:46:20,day,culture,12,0xaca23974e2b8131efbafaa1fe03ea9595ea0b9a1,440.6408749999973,0.0,ellio8989
2026-09-12 07:46:20,day,culture,13,0x6e6ceb124dbda7711e09de01775ed8329ed7e358,431.4804029214997,0.0,polmar001
2026-09-12 07:46:20,day,culture,14,0xe8c4d68aff65b38cac46987b9b65e01eb47d395d,404.7539636570109,19.990000000000002,JAMJAMJAM4
2026-09-12 07:46:20,day,culture,15,0xd48fbb1cae18cf7d956277271ce4c712513e2132,365.6681987364999,0.0,Rocky0420
2026-09-12 07:46:20,day,culture,16,0x7e5972bfc25819775ee5a9d4f191919375487b8b,361.14318961023673,947.3599999999999,Gaditima
2026-09-12 07:46:20,day,culture,17,0xf7bbfd4588f578697c0051e855d5d1a8838ba9f7,357.1317232974143,1641.76,PiMaak
2026-09-12 07:46:20,day,culture,18,0x980eff626026d2b133b637dc3ba5687c135b7e06,323.1782254800014,1236.63,Office
2026-09-12 07:46:20,day,culture,19,0xe63c43df12f27ecf30ec55f3f1cc498b62cc176c,317.94714429500004,0.0,0xE63c43DF12F27eCF30eC55F3F1cC498B62cc176C-1724331853892
2026-09-12 07:46:20,day,culture,20,0xf2f52144a3936d4400b52ad6a2e4dbd7993e137e,317.87256177499694,1162.51,coinflip123
2026-09-12 07:46:20,day,culture,21,0x1e3bc72271435f46effb75353403936ab664e3ba,315.3135982160138,3121.051572,froku
2026-09-12 07:46:20,day,culture,22,0x52071e89ed7f68478a428fd65aed5dc572be686b,296.03210169647986,394.92,StraddleSeller
2026-09-12 07:46:20,day,culture,23,0x38f50488b14a87769e0c5cd6c514b6c2e8ec6824,287.3538228675716,471.90999999999997,iFlexdaughter
2026-09-12 07:46:20,day,culture,24,0x0a2ef3ed089d9028cf92e0f7fe1c3ed2ec52a4b2,264.10276601500004,0.0,jeffreyepsteinHALFLIFE3ISCOMING
2026-09-12 07:46:20,day,culture,25,0xb0c85813a7a4428f1139ff91d3118a92c391fe7f,258.3526712739258,7894.314368000001,laptop.recked
2026-09-12 07:46:20,day,culture,26,0x6d3fa0200fec1dbcf4dd7e4408aa1e53779ca942,238.1287035600035,0.0,stauffen
2026-09-12 07:46:20,day,culture,27,0xfaebec08a9902669fc8da29e5568f9cf9217e98e,223.24185,0.0,marchettamaker
2026-09-12 07:46:20,day,culture,28,0xed107a85a4585a381e48c7f7ca4144909e7dd2e5,205.33973363958648,500.0,qmarktea2
2026-09-12 07:46:20,day,culture,29,0x014c4e7ae2145992861c2d1b124af633a97f820c,202.09106249999604,568.29,Hyperlong
2026-09-12 07:46:20,day,culture,30,0x8597ca63e722d6216bfc3057591fdc67ec49daee,200.01945646999957,0.0,Mr-Krabs
2026-09-12 07:46:20,day,culture,31,0xb028b82a80c2d1e855ab4f3cd3a18ecf76838686,196.94153342899517,0.0,Ox79879657hjgdsghgdj98090klfdkld
2026-09-12 07:46:20,day,culture,32,0xabbeb2bdd30ba5c51cb14168b068103961648f37,192.77334523200102,0.0,mamai
2026-09-12 07:46:20,day,culture,33,0x69f0c154a3412f2b3fa7eb22c6d08e6b5b32fb27,189.54672396499973,499.75000000000006,0x69f0C154a3412F2b3Fa7eB22c6d08E6B5B32FB27-1778811502354
2026-09-12 07:46:20,day,culture,34,0x3089e1a6e3e9122c328aebe47b86ff5e13b292f6,185.84521575999997,981.31,bonalddrunk
2026-09-12 07:46:20,day,culture,35,0xa15655c43a7e4b50190d1f14198e80da86a1cf02,178.14273505500023,0.0,Crabsoup92
2026-09-12 07:46:20,day,culture,36,0xf14ec403ec03d8f5329aed6587252667bcc76173,177.6792173440349,2850.0890280000003,
2026-09-12 07:46:20,day,culture,37,0xe089e5e74fb21bb106a7fffe1201f0bf82f4ad3a,176.66060708200166,628.15,lox97
2026-09-12 07:46:20,day,culture,38,0x5095e97281f28d4d8549fd3834802c24cbb793ee,174.6041894700029,2928.19,0x5095e97281f28d4d8549fd3834802c24cbb793e
2026-09-12 07:46:20,day,culture,39,0x2eb6921692bbefa0ee42d48c48141f6a81d33e31,169.92525374180858,10868.729581000001,CaprioDiLeo
2026-09-12 07:46:20,day,culture,40,0x8565b21d736741147592264d75cc26ccf2040c43,167.94353147498987,0.0,dddtrips
2026-09-12 07:46:20,day,culture,41,0x727994f29f2832413a11fdd20cc3751e01b64612,150.73153519429775,851.898778,gordontradesg
2026-09-12 07:46:20,day,culture,42,0xfadcdeba19771abc2f785f7843c4faac27ece474,150.0,0.0,ilovemath
2026-09-12 07:46:20,day,culture,43,0x6018dbe1c0bd8a427271470e35744777c183170c,146.46366999999918,0.0,DimitriSlazov
2026-09-12 07:46:20,day,culture,44,0x942e79166821f3f4e67872e44f1672fcccd2be27,142.1994910494991,359.0,smallreceipt
2026-09-12 07:46:20,day,culture,45,0xdc71bed951076a6dfd27f6a341c441b8543ed033,140.51787512001465,0.0,0xDc71bED951076a6dfd27f6A341C441B8543ED033-1760135940099
2026-09-12 07:46:20,day,culture,46,0xb4e9c0420c037c40437b601a32b1664714faf380,134.07452641099553,0.0,xaeroqkAtProtonMe
2026-09-12 07:46:20,day,culture,47,0x44b0a564260008b65a111286e45079f2cf360822,132.58299955815892,791.964992,0x44b0A564260008b65A111286e45079F2CF360822-1779794130690
2026-09-12 07:46:20,day,culture,48,0x01e948dac58f7bf183e207866127912adb455250,131.15963223749986,1457.5805,Kaupgaldr
2026-09-12 07:46:20,day,culture,49,0x2b3d1e9bdf941d435dc91a8b974b86f7064c8db7,130.61718141639722,551.54,crckr
2026-09-12 07:46:20,day,culture,50,0x4f1d5ae26fc31472966e951af3183308736d8de2,128.7943199890069,209.24,e46m3
2026-09-12 07:46:20,day,culture,51,0xf50ee94f9396b6523aa4ce16e4434e49768ef125,128.7,130.0,yallmate
2026-09-12 07:46:20,day,culture,52,0x42b8dc8fe87f097fd6ac24208995bfe498071305,127.91969634233647,7180.875889999999,karen2p
2026-09-12 07:46:20,day,culture,53,0x82882d761b0d7f18b2cc286117d10cd8a15a5519,125.49398248000944,2849.59,Sugarina
2026-09-12 07:46:20,day,culture,54,0x0e6be957dc8f4ff72d26ca6d1e750fece6013a4c,125.10840875900021,777.4399999999999,robert-mukhametov
2026-09-12 07:46:20,day,culture,55,0x0b4c910df2b48e5d3217f786f4c9ba6b6edf0499,122.17413361000001,0.0,puskonyh
2026-09-12 07:46:20,day,culture,56,0x8b4bca1d794779e66e023d44391b2a86c5ab541b,113.66462478898757,0.0,0x8B4bcA1D794779E66e023D44391B2A86C5ab541B-1769764313952
2026-09-12 07:46:20,day,culture,57,0x7dcf235766e6b09c8869468a75d5495cf171a7bd,110.39731527681533,287.0,godblessme2026
2026-09-12 07:46:20,day,culture,58,0xc0a612d151395266c3469edcc4a2a6bfda172ab9,106.2301563935016,0.0,CineMa
2026-09-12 07:46:20,day,culture,59,0xa18c5cf2bc6eec389d2d512582ae14654b99d792,103.59072163899691,0.0,i400
2026-09-12 07:46:20,day,culture,60,0xa3282d3e882501229c75d0caf134e62e3afb4977,101.21407889547481,646.95,korda77
2026-09-12 07:46:20,day,culture,61,0xad96914d7762dac84ebbabafe366ae8ff24dd498,99.99999444099376,0.0,0xAD96914D7762DAC84EbBABAfE366AE8ff24Dd49
2026-09-12 07:46:20,day,culture,62,0x47ab026767cc320ac6e62f6ec747d59cf4d795df,99.99964107000415,0.0,bosshog
2026-09-12 07:46:20,day,culture,63,0xe639e41094bbeae18f3e6d1790c17299183f082a,97.3361900000018,0.0,0xe639e41094bbeae18g3e6d1790c17299183f082a
2026-09-12 07:46:20,day,culture,64,0xac4a1fabdac2438d6afa2a9e8e83845310a0bf1e,96.94400899323591,4718.800142,HerrieDavis
2026-09-12 07:46:20,day,culture,65,0x04dcbd9b805b220a9b2d27e4d9e649ed07902387,95.04434500000298,0.0,thursdays
2026-09-12 07:46:20,day,culture,66,0xf4f88a1e25ff5dfae68326eb62049d6a1b7c5bf1,94.85895488843062,11.764706,cosmicsteaks
2026-09-12 07:46:20,day,culture,67,0xa59c570a9eca148da55f6e1f47a538c0c600bb62,94.62746411503758,1386.0,Prexpect
2026-09-12 07:46:20,day,culture,68,0x30f67d821c57a54e25e5e521dbd3b5b18309004f,90.76033477689816,594.716028,shiifoo
2026-09-12 07:46:20,day,culture,69,0xbc62c8cb817e8fc17a265e821c1cd5923a254f5e,89.60686000000018,0.0,sebyastiens
2026-09-12 07:46:20,day,culture,70,0xeed7c2e6c4e998fd50098b66144ee8dff01d16b2,88.47049991999984,0.0,grinder1011
2026-09-12 07:46:20,day,culture,71,0x821c499da6674d3a7ae31d75a906b7c1507559a0,80.07359462600004,0.0,0x821C499DA6674d3A7aE31D75a906B7C1507559a0-1767901413391
2026-09-12 07:46:20,day,culture,72,0xa49b6ea0a604c581f2a9569db42c192b1c487054,79.69468133212649,1973.712033,387411007415611814092217897387
2026-09-12 07:46:20,day,culture,73,0x5446fe5868e4e6da0ab784b005fe423df62218f6,77.91267021500107,397.0,asdasdasdasdasdasdasd
2026-09-12 07:46:20,day,culture,74,0xb17d4706e45bf0935acc338162bd40af837e59ae,77.64300778549796,200.0,Mithrandir.
2026-09-12 07:46:20,day,culture,75,0xef0d80a3431ec2fd3357a11442ea90256fb78733,77.49924999999735,2500.0,0x146fb4c5
2026-09-12 07:46:20,day,culture,76,0x748ac19f73c96312e98227f49f65699542943c56,77.04662810000013,0.0,1nvoker1
2026-09-12 07:46:20,day,culture,77,0x8ac8e81fbb14673656f733c6b3766ed69f2b550f,75.90626520000006,587.76,weiciao
2026-09-12 07:46:20,day,culture,78,0x8eab0c46127830072631db88e9dbaeb0b953a56d,75.33604443007061,2923.7400000000002,LinaBell🦊
2026-09-12 07:46:20,day,culture,79,0x1e109e389fb9cc1fc37360ab796b42c12d4bbeee,75.05295080000025,12.901000000000002,ConfusedUngaBunga
2026-09-12 07:46:20,day,culture,80,0x0cb10c40b0776e9ee8cef970af85724654dda76c,74.6296452899951,0.0,Quarrelsome-Branch
2026-09-12 07:46:20,day,culture,81,0xbc13c7d56f6144af394335ab837d28167b1b5578,73.19794876138758,788.3506669999999,justwant5
2026-09-12 07:46:20,day,culture,82,0xeb68675c06e0bb9f08ba510550912d77289ce362,72.97063629999684,736.62,0xeB68675C06E0bB9F08ba510550912d77289Ce362-1778811892036
2026-09-12 07:46:20,day,culture,83,0x410aa391edffa58af64517ec579af5def62b2643,70.08424648598884,0.0,afdafdafdafdafd
2026-09-12 07:46:20,day,culture,84,0x0fd578a3fadb3e87421b5bc75092f4158f13a85e,69.28834999999998,0.0,Aquetry
2026-09-12 07:46:20,day,culture,85,0xe040ffe586e21cb49449e8daf19b1cdff87a824f,69.1438691269941,267.0,god83743894
2026-09-12 07:46:20,day,culture,86,0x46b353667fd7d846af3bbeda6584b0e5b883d3de,68.69052892498644,251.9402,bjprolo
2026-09-12 07:46:20,day,culture,87,0xc7d02944a76b9f83b199e9090ecc92c82d241f8a,67.93667235201337,10.0,0xc7D02944A76B9F83B199e9090ECC92C82d241F8a-1776944395495
2026-09-12 07:46:20,day,culture,88,0x0c553757831b5ea0fb8b45f95a44e16ceeb29e26,67.16672314554603,1797.6801420000002,leleko2k
2026-09-12 07:46:20,day,culture,89,0x3ad146a7dae2dbab2281c7e351bedce11748b4c5,66.91778244549971,0.0,0x3aD146a7daE2dBab2281c7e351beDCE11748b4C5-1771629524936
2026-09-12 07:46:20,day,culture,90,0xebf6967890f409db1d8172ae52ad22e5d997a960,65.82461583856457,4024.016,Icannotwin
2026-09-12 07:46:20,day,culture,91,0x6b25c5c4d1e681d2203297803793ad8c732b7a69,64.07395199104121,122.163285,
2026-09-12 07:46:20,day,culture,92,0xc97b0b2a2547bb3ed57167092ef8a6e816c347e5,63.476446903005126,0.0,Avamax
2026-09-12 07:46:20,day,culture,93,0x8e15585f7b2e22851b839b6d3cee8cba2d5fa0ee,63.27035860700005,0.0,0x8e15585F7b2e22851b839B6d3ceE8CBa2d5FA0ee-1774521864337
2026-09-12 07:46:20,day,culture,94,0x2e0b70d482e6b389e81dea528be57d825dd48070,62.951819090000754,0.0,Trump2028
2026-09-12 07:46:20,day,culture,95,0xfd557e6db670c9704bc1d0d8e8b585c7d9c9f905,62.59509769850774,521.47,northdrawer
2026-09-12 07:46:20,day,culture,96,0x21ffd2b7a212a6f277ed3eca1a9f8efcbca90d71,61.98348572437317,6878.907939999999,Haradwaith
2026-09-12 07:46:20,day,culture,97,0xe57fa0a11453b2221937e7496ed87710ad9db61a,61.48954105699994,0.0,chennw
2026-09-12 07:46:20,day,culture,98,0xb8a90290332fa3ea9885f1e2ce479e6baf0c2948,60.76043005650354,0.0,0xc9a90290332fa3ea9885f1e2ce466e6baf0c293
2026-09-12 07:46:20,day,culture,99,0x1f0a343513aa6060488fabe96960e6d1e177f7aa,60.690657270999054,0.0,archaic
2026-09-12 07:46:20,day,culture,100,0x6b0ebbef2630b9a0da35594bf7ddd1911246e3ea,59.94854345350177,104.0,
2026-09-12 07:46:20,day,mentions,1,0x1e109e389fb9cc1fc37360ab796b42c12d4bbeee,238.00000000000009,850.0,ConfusedUngaBunga
2026-09-12 07:46:20,day,mentions,2,0xa048f959502e7fdff31a237a5cae9156a060a310,125.80670205299998,0.0,234vfg5
2026-09-12 07:46:20,day,mentions,3,0x0cb10c40b0776e9ee8cef970af85724654dda76c,95.10888375995273,1277.3459540000001,Quarrelsome-Branch
2026-09-12 07:46:20,day,mentions,4,0xa7fea388f955a9517067111030eb771c6d911f3e,70.66207700000177,738.98,Faston
2026-09-12 07:46:20,day,mentions,5,0xef13bdcecd9c13e4a07bb20924657f3b110263d9,60.44296809359889,385.470599,johnashbough
2026-09-12 07:46:20,day,mentions,6,0xb7c0bd12057027e37876e27f365a8fb335c18ef2,47.21281822999998,0.0,KG008
2026-09-12 07:46:20,day,mentions,7,0x4b8ae011176b76888949476d7fb7a56985faf4a4,44.24762082999496,10.0,chessplayer
2026-09-12 07:46:20,day,mentions,8,0xfc461b74fddf6c4d1d62a1c1ed1cc83ca8fb3220,38.10459955,299.98,allofit
2026-09-12 07:46:20,day,mentions,9,0x8cc50926bf7cd986f18a30ea8951282cb088f5e1,32.10238126999999,0.0,asitiet
2026-09-12 07:46:20,day,mentions,10,0x7860bfc752a8c6203521b7ba2987c660bd23b3ff,29.2366525255,0.0,retozoo
2026-09-12 07:46:20,day,mentions,11,0xa400008ab672cc8a19928aa0a49852f80d1c14bb,27.662401004999992,0.0,0xA400008Ab672cC8A19928aa0a49852f80D1c14bb-1779714772177
2026-09-12 07:46:20,day,mentions,12,0x6936431c93a525f454d1bb914c107f926c86a45e,27.402296070849843,815.79695,OnlyPhan
2026-09-12 07:46:20,day,mentions,13,0x7bff96579b20fe3530e140d6a3c223c9f2127cd6,26.623608242280625,304.476667,KingZeManel
2026-09-12 07:46:20,day,mentions,14,0xa58d4f278d7953cd38eeb929f7e242bfc7c0b9b8,24.7032570650008,0.0,AiBird
2026-09-12 07:46:20,day,mentions,15,0x52ebca459280966f4a56240a05e38df8527067ac,23.409799999999905,0.0,AMAM13
2026-09-12 07:46:20,day,mentions,16,0x726c6e3d5cdb1a8a97b38c0e2d88448b19d66bfd,22.679148050000094,179.27,idl
2026-09-12 07:46:20,day,mentions,17,0x040ad8ef62b111e76b21576efd1a9c0807b5118d,22.099999999999994,0.0,misha-d1
2026-09-12 07:46:20,day,mentions,18,0x7b415a4343112d0f674bd587b6bc3935478e50a7,20.967033585000024,0.0,sentewa40
2026-09-12 07:46:20,day,mentions,19,0x051833122a2739cecb7257ce790bef168a2e5da2,20.008306870000016,0.0,HyphenFrox
2026-09-12 07:46:20,day,mentions,20,0x7a95a3c59926a540e32bf38524ab42b723ea2551,18.359999999999985,60.0,0x7a95A3C59926a540E32bf38524ab42b723ea2551-1771473941367
2026-09-12 07:46:20,day,mentions,21,0x66c1a6fe836ff555ca32848646acedbbe93bfa3f,15.939050000044517,0.0,Platykurtic
2026-09-12 07:46:20,day,mentions,22,0x90b8a592168217809c2d79366dfe682b80278665,15.08603036499997,51.201579,cool.keith
2026-09-12 07:46:20,day,mentions,23,0xd182c0d2b29533afad70e59ec549feb328ff0783,14.9269,34.18,suvorovv
2026-09-12 07:46:20,day,mentions,24,0x43372356634781eea88d61bbdd7824cdce958882,13.732513875000222,145.59,Anjun
2026-09-12 07:46:20,day,mentions,25,0x30f67d821c57a54e25e5e521dbd3b5b18309004f,12.306774041996505,0.0,shiifoo
2026-09-12 07:46:20,day,mentions,26,0x9dd483126ebe16f2d853d49060040b556a95a038,11.840347085000076,0.0,HyperboreanBryanCaplanFan
2026-09-12 07:46:20,day,mentions,27,0xad5353afe30c2da57709e2704ef3ccdcf67eef24,11.725254501669497,93.166667,AJSV
2026-09-12 07:46:20,day,mentions,28,0x229c0a7d92977a9934e5ac2348d507988996b966,11.705101149997631,85.41665,qqqppp-l1
2026-09-12 07:46:20,day,mentions,29,0xa2711d1d311a0b2fa7f88d5c7cb760a3fa062727,10.619622199999991,11.66,9...
2026-09-12 07:46:20,day,mentions,30,0xc88adcf407a63baa2e470998c24f6fc0d1867e26,10.410807860000006,38.18,hjhjhjhjhjhjhj
2026-09-12 07:46:20,day,mentions,31,0x1964d019f4cae8dcc0f36cb80e0ec88084c15461,10.036284918999968,0.0,0xs55555
2026-09-12 07:46:20,day,mentions,32,0x2375550d3b98ce364476c81f663a0b878cb0691f,9.940032999988034,251.0,0x234
2026-09-12 07:46:20,day,mentions,33,0x62365f754d4aa7dc537f997f23bb5dd9a9e36881,9.446450000000823,0.0,Slackjaw
2026-09-12 07:46:20,day,mentions,34,0x9578af80708f271f705e27867dcf6ec653acf066,9.100000000000005,0.0,KimchiCapital
2026-09-12 07:46:20,day,mentions,35,0xe200f4bfd7081c0de90f0c0473b238e7582de4bf,8.91638,20.0,kpup
2026-09-12 07:46:20,day,mentions,36,0x6b25c5c4d1e681d2203297803793ad8c732b7a69,8.573599024999226,50.0,
2026-09-12 07:46:20,day,mentions,37,0x5111056df88e08dbb9dd08c8372e27da3fd38bc3,8.399999999999991,60.0,parismsn
2026-09-12 07:46:20,day,mentions,38,0x8d0c3509c152e1b4abfa470b0868ec3cce26e1ce,8.302219999999995,47.05,romanew-7-spread05
2026-09-12 07:46:20,day,mentions,39,0x1e934f01216bf34b277eaeebe2c81183bed278bc,7.209200000000237,0.0,jesuslovesy0u
2026-09-12 07:46:20,day,mentions,40,0x6a605aa1048e20feca3c65be5da2f9de1570ea7d,7.151134792181999,15.818182,rasvp
2026-09-12 07:46:20,day,mentions,41,0x46b353667fd7d846af3bbeda6584b0e5b883d3de,6.857145799998932,37.1011,bjprolo
2026-09-12 07:46:20,day,mentions,42,0x75978edaeed0b4aba863a73f7bcb4ab6205e5f01,6.830427281040102,404.84104,ruletheworld
2026-09-12 07:46:20,day,mentions,43,0x63850ce907044eac77fba13d59f263ade68093f2,6.60167999999976,0.0,Waterfall
2026-09-12 07:46:20,day,mentions,44,0xf60fb8fa9df77178ce3b2a0efc86d28ec4e957a8,5.896483693499931,0.0,kirit4
2026-09-12 07:46:20,day,mentions,45,0x14a01800f651e682a7918302ebd80006eb98d8e3,5.888526017999965,30.0,nana130299
2026-09-12 07:46:20,day,mentions,46,0x9e8ecc4cb3c4e48f544cba2fbbb252a6a65e8db8,5.869637799696648,0.0,DREAMBIG.
2026-09-12 07:46:20,day,mentions,47,0xf903c4cd098184e67a06a04f9b8fdb36e7bbe028,5.722999999999956,0.0,Viserys
2026-09-12 07:46:20,day,mentions,48,0x59fd1ac95bc007242b72446b4cbfe87d37e674c8,5.599999999999962,20.0,FlyingSabra
2026-09-12 07:46:20,day,mentions,49,0xa837c66cf7114f3368f30008a5ce8add14d134ea,5.231999999999999,0.0,0xA837c66CF7114f3368F30008a5CE8adD14D134Ea-1773326930922
2026-09-12 07:46:20,day,mentions,50,0x80ed3442ee13ca855d90cf78cede3ad3f66ece26,4.482050000000072,6.66,zerosixtynine
2026-09-12 07:46:20,day,mentions,51,0x7b89e13ed9d50428c466c6557c930ab17e4eddae,4.340545474427984,26.328592,etghzcer
2026-09-12 07:46:20,day,mentions,52,0xd96aa9293c34e244734f8b22bbcfde0ae9eed8ce,4.01870921076004,0.0,
2026-09-12 07:46:20,day,mentions,53,0xc6beb58b302adbc88a64b34e8f991c283dffa0f3,3.858449999999948,0.0,WillBeQuant
2026-09-12 07:46:20,day,mentions,54,0xe20141551c9592bb3f337438ab37d0df9fbd3f41,3.8249999999999886,0.0,force22
2026-09-12 07:46:20,day,mentions,55,0xc2cab36ac330e3f7dfcae56fe1f0a89940f804f5,3.783799999999758,36.620000000000005,0xC2cAb36AC330e3f7DFcaE56fe1F0A89940f804f5-1771535889353
2026-09-12 07:46:20,day,mentions,56,0x4acf2ad93f608ead3144e3e0aa326d259edc106c,3.738999999999578,0.0,0x4aCf2aD93f608eAD3144E3E0aa326d259eDc106C-1769793016358
2026-09-12 07:46:20,day,mentions,57,0xb10047d6a254b2ebb306d7a7d13bf59171ab6461,3.6499999999723514,0.0,Parz1vaI
2026-09-12 07:46:20,day,mentions,58,0x072cee131e3fe738d80483aa070c2d977148bd4a,3.217500000000001,0.0,xxPredictionxMa5t3rxx
2026-09-12 07:46:20,day,mentions,59,0x55ab6191d1d3609f6ffb12f17d56fe9453da4f88,3.2062000000005355,10.25,pengu-n
2026-09-12 07:46:20,day,mentions,60,0x47084c8677adbbe81b42036d6095ccb190da9580,2.835450000000037,0.0,AllyouneedisClaude
2026-09-12 07:46:20,day,mentions,61,0x38d5a13ef8e32d5e5a808ceba52d6ac78d4c063c,2.8228357200000573,15.01,JonnyA
2026-09-12 07:46:20,day,mentions,62,0x204b382df532a8106768ccceaf699a89c4ed8ca3,2.5,0.0,capib
2026-09-12 07:46:20,day,mentions,63,0x50396e4d9d11d38b0dcfd75280101a315f50946d,2.309999999998581,0.0,Barboncino
2026-09-12 07:46:20,day,mentions,64,0x22c6f1ccf45ff230bb9fbccdda1247a00022f5ed,2.2546538099999847,47.269999999999996,tripsomewheresouth
2026-09-12 07:46:20,day,mentions,65,0x21ffd2b7a212a6f277ed3eca1a9f8efcbca90d71,2.015391975586681,129.094324,Haradwaith
2026-09-12 07:46:20,day,mentions,66,0x927ffeba73eb63ffb7e576aca7d32f78e54be7e7,2.000000000003638,0.0,ClydeCash
2026-09-12 07:46:20,day,mentions,67,0x04f6dab1a3d35fc9ad828536cd0f493013fd311a,1.976470600000198,0.0,LineEditor
2026-09-12 07:46:20,day,mentions,68,0xe39783f92ee0985f1ab5fe514030f946825abfcb,1.6649999999990541,0.0,0xzipper
2026-09-12 07:46:20,day,mentions,69,0x9ad091ca2e8f1bd69f27662edcb49dceeaa5bf3d,1.4468686790007723,101.219513,PaddyAlpha
2026-09-12 07:46:20,day,mentions,70,0x53b933bec5f65d5363ee1041050d265517964b3d,1.4080999999998767,0.0,df4d8fa4sdf5
2026-09-12 07:46:20,day,mentions,71,0xc624cccd414dc90ea329f06cf535fafa40d2ee24,1.3235289750000447,0.0,Bperil
2026-09-12 07:46:20,day,mentions,72,0x80f9fdf81ed5089cc017d6ebe40bdc0a2ff43ab9,1.2999999999956344,0.0,AllTheWhimsy
2026-09-12 07:46:20,day,mentions,73,0x4acacfdc568abb7c574bc815705eaa9e32afd2ab,1.2773302499999772,0.0,flamencoflamingo
2026-09-12 07:46:20,day,mentions,74,0xe8c4d68aff65b38cac46987b9b65e01eb47d395d,1.2750000000005457,0.0,JAMJAMJAM4
2026-09-12 07:46:20,day,mentions,75,0xeac15832e836c279daaab55174dbe2c9dda0d539,1.2349274850000014,0.0,
2026-09-12 07:46:20,day,mentions,76,0xbea0922d263ae8ee61faae1fa642915691aae19d,1.2152249999999967,0.0,aliiz
2026-09-12 07:46:20,day,mentions,77,0x46299616ff1eb6544ca3ba653d431a20f207f3b1,1.1245143749999897,30.0,
2026-09-12 07:46:20,day,mentions,78,0x0e7fb335ea9e556e5269994c3d6c21f0820c8605,1.1020320000000083,4.0816,John.I.Tzimiskes
2026-09-12 07:46:20,day,mentions,79,0x555c311dd92f6c550220780bd327f094cdfeee28,1.099999999999909,5.0,TheMasterMind
2026-09-12 07:46:20,day,mentions,80,0xd5527c2bdf2bc4855b4b55b6aabe3b308371ec26,0.9999999999999991,0.0,ElaraVasiliev
2026-09-12 07:46:20,day,mentions,81,0x78db05b03fcd5f0734fffe0365bd5414862eec04,0.9999990000000001,0.0,kira-LP
2026-09-12 07:46:20,day,mentions,82,0x42e7f0c1f45ccc07a2755489789d700e344143bd,0.999999,0.0,betlife-619
2026-09-12 07:46:20,day,mentions,82,0x4ab7625cacd4ec2c8804149ddba6d232fe645f17,0.999999,0.0,yenistriga
2026-09-12 07:46:20,day,mentions,82,0x58f8f1138be2192696378629fc9aa23c7910dc70,0.999999,0.0,bloodmaster
2026-09-12 07:46:20,day,mentions,82,0x96b542bf4bfbba3801f1304dd611f34199600821,0.999999,0.0,secondarycolor
2026-09-12 07:46:20,day,mentions,82,0x8641736a39a229e091eff6fd0c040ad1db192927,0.999999,0.0,
2026-09-12 07:46:20,day,mentions,82,0xdb82fe0d2ea3b3c4466a245ba26d29b2031c46cb,0.999999,0.0,NortheastTiger
2026-09-12 07:46:20,day,mentions,88,0xb5836c39622aa685fcda6d0ef52b45c8802f939e,0.999996,0.0,chilly99
2026-09-12 07:46:20,day,mentions,89,0xeec913dc394341eb97c2264231876b20fef02c45,0.999995,0.0,pepe11
2026-09-12 07:46:20,day,mentions,90,0x6e8d843cc031c1ba0c6dd1d3db0e2cd1adddcc23,0.9999920385769999,0.0,alvarito
2026-09-12 07:46:20,day,mentions,91,0x9257623ec1ef067eb1756f40349e3ff81246cfb0,0.9994995,0.0,Withia
2026-09-12 07:46:20,day,mentions,92,0x74b4d17af9032fc53ec83e8fe17d37344022b283,0.9994559999999995,0.0,strwr
2026-09-12 07:46:20,day,mentions,93,0xdb29faefbac63c791fcdec9a39f4a8c3137f4b3a,0.9994,0.0,
2026-09-12 07:46:20,day,mentions,94,0xd835d39842fe1dd5ad541e6b620c991ca6d91d5e,0.99937785,0.0,kjhgfvghjmk
2026-09-12 07:46:20,day,mentions,95,0xc2df22fa484a25d8f57b1354b7f9b4fd0eb3516f,0.9993690000000005,0.0,
2026-09-12 07:46:20,day,mentions,96,0xef03567fc5a30b665efca7e9ef2e9e3fe6031fbf,0.9991199999999999,0.0,0xef03567fC5a30B665efca7e9eF2e9e3fe6031FbF-1759574216489
2026-09-12 07:46:20,day,mentions,97,0x61c8abd32c9a3792c8196caaf9c2d3ce31d572ac,0.9990563900000001,0.0,cswrth
2026-09-12 07:46:20,day,mentions,98,0x0adba53d927755feb4d4aca0c3a7e75b7868f95e,0.999,0.0,milfwithnokid
2026-09-12 07:46:20,day,mentions,98,0x3445189bbd762b4cfbd476d1f01092a8f0a8f9fa,0.999,0.0,Batyok
2026-09-12 07:46:20,day,mentions,100,0x4516d2180a80d5b1d46a646cb67ef85ee747ff25,0.998999,0.0,jiton
2026-09-12 07:46:20,day,weather,1,0x180e62e6f035dbf69118a2306df25d28762129df,1858.841399181656,11884.186246000001,fildoro
2026-09-12 07:46:20,day,weather,2,0x5a218c7ad04135830a45c41aaed7294df7809318,1384.747043343239,9789.514539,balthazar
2026-09-12 07:46:20,day,weather,3,0x9506e646497107cabf2d5b941a8e6a60d0db1c4f,1074.1392947442273,1174.001413,
2026-09-12 07:46:20,day,weather,4,0x216050de6080fac3926226b2b8ce3d5544784c78,865.7328677223848,6741.224798000001,iWasEnough
2026-09-12 07:46:20,day,weather,5,0xea2e362e3ed3b81df82ab64b123318b8028b1e57,703.968513508978,3547.302095,nomantoo
2026-09-12 07:46:20,day,weather,6,0xc7a704744f739374a69e1fa7cc58daeea4ececdd,619.5475490175777,3435.9017740000004,REKTITRALPH
2026-09-12 07:46:20,day,weather,7,0x0484bf76425db5021ce2d369f78fc125906d4830,596.5300624024349,6083.321712000001,sleeper-service
2026-09-12 07:46:20,day,weather,8,0x5bcd90dc168e93b7f6a7ac21c6bd46a6c338cf4b,568.3475436255176,1212.88,Maruhhah
2026-09-12 07:46:20,day,weather,9,0x29a5082998f18e7f90dd1a7fe6ad4dd9a665a3c4,529.9929843336145,9470.033518,0xSPBB
2026-09-12 07:46:20,day,weather,10,0xebed2bb89ba2826df60e0b088cdd048924b07d9c,505.7256462501877,841.025253,Lucas221
2026-09-12 07:46:20,day,weather,11,0x1a81418ae297c76d7c67eabe4c3f790be0bc6cf9,439.4279958627376,1963.4349510000002,donothackmeee
2026-09-12 07:46:20,day,weather,12,0xb6fbce093cdd139858c44148a6598d8ec028c038,437.19909199999347,3744.0,Weather-Guru
2026-09-12 07:46:20,day,weather,13,0xb40e89677d59665d5188541ad860450a6e2a7cc9,387.2717858652177,13364.600155999999,Poligarch
2026-09-12 07:46:20,day,weather,14,0xbf13934a1fec7d3211fc15c138d84ac2a691b91a,384.6750150252992,14315.617859999995,Bilberry
2026-09-12 07:46:20,day,weather,15,0x46f7d34068d8663dbde7e6ed6f3d57d46a78ded2,371.4262162840373,7829.52622,wert4
2026-09-12 07:46:20,day,weather,16,0x154ca10dfee317dcfb9337788db7da858cba658e,369.33272240855587,0.0,AmericaFirst1
2026-09-12 07:46:20,day,weather,17,0x4ce3f17be91c3d0d6dbfed7bd4d326957dec4291,362.79824917156657,6161.2417000000005,0x4CE3f17Be91C3d0D6dbFed7Bd4D326957dec4291-1768045938794
2026-09-12 07:46:20,day,weather,18,0xb87fb360cb36b252a237b11b18d9a4127ee3f7d4,343.86592068913023,2195.420705,yueyueyn
2026-09-12 07:46:20,day,weather,19,0x01beaf66e13e4814c41f2151691703b9a8c6658f,319.3096480557741,609.5899999999999,iphoneduo
2026-09-12 07:46:20,day,weather,20,0xb05659bdc1c54c028346de373de6cedbda776f67,298.26993023768324,1226.888344,dima32122
2026-09-12 07:46:20,day,weather,21,0xbb8ef07b873ecdcad89f3e1761b491506e01c906,280.73416537669254,1965.602317,notsogoodatprediction
2026-09-12 07:46:20,day,weather,22,0x686880eea810fa9141be46a1acec9eee41755198,273.27440404903973,3846.4874529999997,opopv3
2026-09-12 07:46:20,day,weather,23,0x64902205dda79a6a031f7817c9c42a0b0adf687f,271.428505917704,1679.9289520000002,0x64902205dDA79a6a031F7817c9C42A0B0ADf687f-1789185250733
2026-09-12 07:46:20,day,weather,24,0xaea0792d018dbc15619bf8234bf20ac34276875a,265.80200565477,1049.60097,arrizabalahahaha
2026-09-12 07:46:20,day,weather,25,0xbbb72a812cfbc5217d77c0a0018c71f174d3a11a,265.49465954401967,5422.651040000001,sailor82
2026-09-12 07:46:20,day,weather,26,0xc2f2d01b227948e59f25aeb3d49564b8975d0ff7,251.97292742800437,824.318096,claudesports
2026-09-12 07:46:20,day,weather,27,0x73534402899084573c0f0ddc003674eba01cb6c5,250.2775569637397,7678.139597999999,newbie147
2026-09-12 07:46:20,day,weather,28,0x28ea699eb39f3ddc0f6fc087b11e3a0ea2797367,248.7017382337208,1756.218175,mryeth
2026-09-12 07:46:20,day,weather,29,0xdc5b7413154c01fcc367c085392fd51bf9efc345,248.45228393500008,2166.02,nightowlnine
2026-09-12 07:46:20,day,weather,30,0xd7c2d0eeb94d61a822f90a09504feaae61f9e1e0,245.77388049928732,2060.977462,wfffkkl
2026-09-12 07:46:20,day,weather,31,0xbc0aa6bdb62652dacef99a36f84589e388f61f1a,242.72763348649997,0.0,chuzihang121
2026-09-12 07:46:20,day,weather,32,0x496f76bd5cf4c2819c710ae90ed1c84b2dc6fa5d,241.87208537393963,17646.269657999997,0x496f76BD5Cf4c2819C710aE90Ed1C84B2dc6FA5D-1773782287927
2026-09-12 07:46:20,day,weather,33,0xa3f0b63cc320411f24bc44c8f0de2f1e9d775cd7,239.2483862884974,961.728066,VAPAPORRA
2026-09-12 07:46:20,day,weather,34,0xcbbc5e035504421b084ad9248b660f6e9618b5d0,238.4852056639138,14067.866282000003,VibeTrader
2026-09-12 07:46:20,day,weather,35,0x758dac51ba3cc9a246a79787da9df11c5f425d9e,229.98680280765802,31296.426451000003,a5533
2026-09-12 07:46:20,day,weather,36,0x941809833d47890e2383a0abf5277facff28e9f8,228.18033030305196,0.0,0x941809833D47890E2383a0abf5277FACff28e9F8-1781957605159
2026-09-12 07:46:20,day,weather,37,0x4247c89f4a9236a6b5fb24502023bcc98ab1455f,227.98393497999768,1565.93715,09F911029D74
2026-09-12 07:46:20,day,weather,38,0xb407a926efa389b22099f7816ab82d5bfc7e6eb1,227.91617542582,2591.446836,CaiB
2026-09-12 07:46:20,day,weather,39,0xf3618ba9f63638ab77e85553c67dbb9aaeba783a,222.0961141200023,4900.803334,Bakuskyvs
2026-09-12 07:46:20,day,weather,40,0xa7d2ec6680f4e5f6ab0da244d8006eec3e20f954,210.81924731000345,19.21,KiruaTrading
2026-09-12 07:46:20,day,weather,41,0x183a2a0b034877e761af0778da5134bebc37d514,200.08082376498396,40.0,planetnine
2026-09-12 07:46:20,day,weather,42,0x7eeb94f2d5a474123e260f160b4f15d3f3eab6bd,194.75530805849485,1580.798349,edgewarehouse
2026-09-12 07:46:20,day,weather,43,0xfd96cbe2796c3cd32d6097a219d07b3bf156fd52,193.12724376999995,0.0,Username082
2026-09-12 07:46:20,day,weather,44,0x1a9cfddd25dfa4f5b99f39bb928fdaed4e6a079d,188.6722818000053,11739.060000000001,shanze8
2026-09-12 07:46:20,day,weather,45,0x587aa854f3b3c00e89ec113f7faa686fd24e0689,185.978920669762,12645.000718,Simpleweather
2026-09-12 07:46:20,day,weather,46,0x8b3bc43176e58a50e1643186c35be3b0184ab04d,177.61004509638,9737.891527,112411
2026-09-12 07:46:20,day,weather,47,0x2f98dcd32590ad0261df6b0431a365704a94e397,166.86000987550142,103.4,VitoCorleone777
2026-09-12 07:46:20,day,weather,48,0x229c0a7d92977a9934e5ac2348d507988996b966,152.49079285438165,8426.940941,qqqppp-l1
2026-09-12 07:46:20,day,weather,49,0x0a0c42f6b1da5a633ec1a4d45ba76eb486c1a853,149.55609189679808,1420.0960750000002,WrongBy1Degree
2026-09-12 07:46:20,day,weather,50,0x5b721da0811d071808f129537b7052b819b8bedd,146.4014053350001,2067.29911,BeezoDokiDoki
2026-09-12 07:46:20,day,weather,51,0x5fa8113eb2047b9efae3f73a23361f67b14339c2,145.3785430505004,2152.73338,mistoquente
2026-09-12 07:46:20,day,weather,52,0x0fb475b0375a628a82f625c2e6b93b58050bc6d7,132.35219327296318,1467.418773,Kirt4sh
2026-09-12 07:46:20,day,weather,53,0x8e4ecc539cbbc73301ddb3165fe241751c26af77,130.23765164463697,1121.274692,crypto-scientist
2026-09-12 07:46:20,day,weather,54,0xb216043fd27e14b167884534e60f6cf58f3fe994,129.86197386887295,286.620417,aligagada
2026-09-12 07:46:20,day,weather,55,0x80c052f2189288b94e732083facd93ee590dc4f6,125.7582031200086,893.9300000000001,blockpwx
2026-09-12 07:46:20,day,weather,56,0x32d1f0159dd59c734deebfcbf91db7c924fae5c8,125.60829683103157,10359.13823,0x32d1F0159Dd59C734DeebfcBF91dB7c924FaE5C8-1764754497955
2026-09-12 07:46:20,day,weather,57,0x09a85cfe4d51e0cde12daa4d255b3f789fb447c1,125.12199999999939,1500.0,tenkiyoho
2026-09-12 07:46:20,day,weather,58,0x38cf9743eb70188664d388d84d4aa4c6f40fd885,121.75246298000002,1688.05,Leclerc04
2026-09-12 07:46:20,day,weather,59,0x710bbc6420751967f073deff2d306b746f34a42d,119.10465043494514,1900.516078,NB-03B15
2026-09-12 07:46:20,day,weather,60,0x6243d0b16c5030dbddaa5a51d9134337d1c3e014,113.31926401993042,2710.254198,fcwl
2026-09-12 07:46:20,day,weather,61,0x9be5b190a4f452138a1f804813fe81293c7f6c75,109.39297581000001,239.96122400000002,Kowalskiy
2026-09-12 07:46:20,day,weather,62,0xd2178baff3b409cdd9eabfc9e6e4dee000a07561,105.89211276969945,5971.08078,Traingman
2026-09-12 07:46:20,day,weather,63,0xb4d2b5c75b176f364beefe9dffb605c8b161fa62,105.85002000000009,1230.0,obakobakk
2026-09-12 07:46:20,day,weather,64,0x7ce336595687024c9ebf620f2dcb3b71269b1689,104.75545057999989,531.11,0x7Ce336595687024C9ebF620F2dCb3b71269B1689-1774766944047
2026-09-12 07:46:20,day,weather,65,0x66d609dbda9df641eff684190a01182f6de450c7,96.63678916650042,0.0,LieutenantMiloMinderbinder
2026-09-12 07:46:20,day,weather,66,0x6abc0fefcff7f448420586f29674484b7288bd1b,96.14903213607107,1405.002196,aFa168
2026-09-12 07:46:20,day,weather,67,0x0aa23593b662a84f6cc9b6f7f32cf46620dace7d,95.28887253774897,2932.68988,hwkpm
2026-09-12 07:46:20,day,weather,68,0x20f93368a727c02005545501a711076a39e59577,94.93028885000001,0.0,0x20F93368A727C02005545501a711076a39e59577-1777524515657
2026-09-12 07:46:20,day,weather,69,0x1e5e22c159a4c19aecc2d85671914b760def40fb,94.36004100885293,1819.992223,
2026-09-12 07:46:20,day,weather,70,0x92b7b4c0fd983b331a61c05d9ca9430dad02e022,94.17877065152513,9438.160242,t3wjvhmxk7fpcnr4ady7
2026-09-12 07:46:20,day,weather,71,0xa38744aa4c1e7a11b933dff1f7e24f57e8623d3c,93.45980234249998,580.21,Bitdog77
2026-09-12 07:46:20,day,weather,72,0xd66196189fee25e395d55dcc966cdfc27e0d2750,93.27743477255171,2730.909468,Kbw770
2026-09-12 07:46:20,day,weather,73,0x186c18caabd40f2a9d5db1f0bcfc4bd509a11d32,92.95701189999988,370.974053,zalozhen
2026-09-12 07:46:20,day,weather,74,0x3dd1cf0515af12542488af04388404fb056e557e,91.40595672602467,932.86,0x3dd1cF0515aF12542488aF04388404Fb056e557E-1777227435219
2026-09-12 07:46:20,day,weather,75,0x7968733696f6e3d96f31c6b24c0ed22ad64b615a,89.70962329250005,180.85,James0071
2026-09-12 07:46:20,day,weather,76,0x8f4294e41f37c6067fa727f1a0ce5df88879cd3c,86.42111795649998,151.26999999999998,TrillionKim
2026-09-12 07:46:20,day,weather,77,0x3904e686bffade807ac746cd462c6f44724c539b,85.68339396872943,242.576262,pangloz99
2026-09-12 07:46:20,day,weather,78,0x9e3ed7b661a903fc97afcf49e0f014ebe869f882,84.81945472687039,864.4047949999999,0x9e3ed7b661a903fc97afcf49e0f014ebe869f882-1783406009396
2026-09-12 07:46:20,day,weather,79,0x3060f91610bf78326e751fa1f2c763db83e04beb,84.54635499999938,6603.689999999999,win20260726
2026-09-12 07:46:20,day,weather,80,0x987f9b3e77fa04bd40dc08547304ea632c58b37d,83.82782805799934,1385.98,elvanozein
2026-09-12 07:46:20,day,weather,81,0x55ca61018989187e525f56825807ed83f8bc498f,83.59043773866483,786.38332,MortalCultivator
2026-09-12 07:46:20,day,weather,82,0x7b842c1f82f598a654865d7a223cf2b52209a13e,82.42658764207002,0.0,memetal
2026-09-12 07:46:20,day,weather,83,0x6011655c4afb76f36dd1b08a137a1ba73466b31e,82.14700600002834,6331.030000000001,HighTempTation
2026-09-12 07:46:20,day,weather,84,0xf3a74222fbbab51557eae5005aca0698b2de2657,81.94256263951485,606.5439200000001,mashuuu
2026-09-12 07:46:20,day,weather,85,0x0bd400947db20cc61f82af5ee98f6e5eecbaf2fe,81.3790143250003,0.0,tuntuntuntuntuntunsahur
2026-09-12 07:46:20,day,weather,86,0xea3af921df27715a92f2ab656899736dfbc74eeb,80.742331803061,215.777233,monjon678
2026-09-12 07:46:20,day,weather,87,0x47e836e0788f9a14f2879d02130782f2569daa81,78.48377894000032,3904.04,POCHACO
2026-09-12 07:46:20,day,weather,88,0x7c592216c70d0384c97d4b06ffe5318254f40c2c,78.42186231247842,4878.569091,WizestWizard
2026-09-12 07:46:20,day,weather,89,0xf2950cf5fbbfcdaaf73268f2967c37b97a36667a,77.97134992000008,411.18333000000007,Loooooser
2026-09-12 07:46:20,day,weather,90,0x13d435e54547b963b4cc10666e2af5e536639705,77.85213342502603,121.884026,hghjgjhhhj
2026-09-12 07:46:20,day,weather,91,0xc24fc1414aedfdc5406fa31e85cfed26704d087f,77.15144860608532,10694.332934,shyu5000
2026-09-12 07:46:20,day,weather,92,0x3f302dbb8e2cef9c25ea1cf8980b97711234f8de,74.07220760060136,1113.3004389999999,BobbythePug
2026-09-12 07:46:20,day,weather,93,0x957f0f337bc175a8113defe2a1f60b12fdd2aee0,73.88953499937702,724.58365,ShaneLin
2026-09-12 07:46:20,day,weather,94,0x019ad611a1697ebefa9b13c5c8f4a8ebb481f36a,71.11101436716906,257.280413,wwwoooeee
2026-09-12 07:46:20,day,weather,95,0xdab4052b5409e26d08d515c9e00952bf2c5e2ebf,70.48124269999994,0.0,trouttrader
2026-09-12 07:46:20,day,weather,96,0xd33e2e08bc10de8c72261a62d451791acbfc8736,69.28251132322566,825.260477,oddsjack
2026-09-12 07:46:20,day,weather,97,0x532b5437c9e83a35554b3daf6057acb40222cccc,66.92047073158574,648.110906,user-418
2026-09-12 07:46:20,day,weather,98,0x9a94e5b4f0d6c646ed49e832cf8142c45474d5f9,66.64360799998892,3945.150999999999,.Menthe
2026-09-12 07:46:20,day,weather,99,0x76f4765ebc9bdeaeb4af4d27504bff1d4ce782da,66.12401491200035,608.538183,hlwp229
2026-09-12 07:46:20,day,weather,100,0xb22ae2678733e6cebc5dc43b68fc70714f932815,64.9141807344995,643.985717,MrBPT
2026-09-12 07:46:20,day,economics,1,0xbe189fc6c8298e832b7f988dde76a44b783f3be4,8265.050319209957,0.0,
2026-09-12 07:46:20,day,economics,2,0xd87a4012b40aad76a870fed7d1976e9224dfd3b8,6486.308517199999,0.0,lymphnatic
2026-09-12 07:46:20,day,economics,3,0xa9fe4929d4ea1525ca03bd0ff68ea1fbf9e7f135,5828.666434168183,3391.1545459999998,novv25
2026-09-12 07:46:20,day,economics,4,0x3f6c7f8a4fefda8e99eff405ffc828b105d1bae3,4687.729238654603,108192.586378,patrick777
2026-09-12 07:46:20,day,economics,5,0x407b6a642847687fc30d1bebda9e18038419ec6b,4613.43299460999,0.0,jzhong5
2026-09-12 07:46:20,day,economics,6,0x92187ce382e20da80d363ff3a8f2729e051d1d8b,4492.773099999991,0.0,harshagarwal343
2026-09-12 07:46:20,day,economics,7,0x011175c87089797b1c5bebcfb6d501b4c51d60f7,4451.618217981013,0.0,hqzxbktmrawplhncxfgdjyvsoeuikmtb
2026-09-12 07:46:20,day,economics,8,0x0dcc9d7b9ccbdf3c37ab947a1689ed3701c05a1f,4258.825906094018,0.0,oneappleway
2026-09-12 07:46:20,day,economics,9,0x42f4cfd909cc005fe0e63fbe66d5b8e2ee3d12c7,4181.7540964999935,0.0,Larpital
2026-09-12 07:46:20,day,economics,10,0xb1a279adb096d316b1b168993e8ed976d3cd372a,3613.288423803009,0.0,TwoEyes
2026-09-12 07:46:20,day,economics,11,0x0c689c8e78588fd3d02e56a6e787e7f9e9b09e76,3449.226924769988,0.0,monkeyking42
2026-09-12 07:46:20,day,economics,12,0x7bc14171ccb0d3e6bac219ec6a76211826e28db4,2826.898036543542,0.0,coali10
2026-09-12 07:46:20,day,economics,13,0xe9076a87c5ed90ef16e6fe6529c943baeca0cff6,2653.161218199817,19904.614557,suntori
2026-09-12 07:46:20,day,economics,14,0x8ba7284ca01874a7c0b9e5bc279ef028737584e9,2651.851363599999,0.0,Googly
2026-09-12 07:46:20,day,economics,15,0x90bfc858ddb497e6208a92dce15cfe9a480d3348,2610.441944094001,0.0,charliegooseman
2026-09-12 07:46:20,day,economics,16,0x6139c42e48cf190e67a0a85d492413b499336b7a,2272.6248946424457,0.0,RememberAmalek
2026-09-12 07:46:20,day,economics,17,0xdb38fc28f56b059124e324a65461cd0db50ece37,2239.4016423499997,0.0,Kainvest
2026-09-12 07:46:20,day,economics,18,0x5048e986a694c10dc836ffda4b4a659730ace033,2210.420215639999,0.0,JohnnyWalker318
2026-09-12 07:46:20,day,economics,19,0x9e3ed7b661a903fc97afcf49e0f014ebe869f882,2158.7291617389565,23317.174198,0x9e3ed7b661a903fc97afcf49e0f014ebe869f882-1783406009396
2026-09-12 07:46:20,day,economics,20,0x69b9a231e6d9e8a1be243e3db5174203a33f1284,2105.931352839003,0.0,Croesus1
2026-09-12 07:46:20,day,economics,21,0xf5592765133941c40c77e52bc56bbe7ec167f462,2060.254188399991,0.0,0xf5592765133941c40C77e52Bc56bbe7EC167F462-1755612447740
2026-09-12 07:46:20,day,economics,22,0x799b6aa710f1c1af137fdd25cc2834c9f0412102,1986.237484819998,0.0,user098422
2026-09-12 07:46:20,day,economics,23,0x00425c692a667981118f679ef68fdc775257321e,1926.5894999999982,0.0,99problems123
2026-09-12 07:46:20,day,economics,24,0xa49becb692927d455924583b5e3e5788246f4c40,1863.8181805700297,0.0,sleepy-panda
2026-09-12 07:46:20,day,economics,25,0x0c0e270cf879583d6a0142fc817e05b768d0434e,1804.7250403150683,0.0,The Spirit of Ukraine>UMA
2026-09-12 07:46:20,day,economics,26,0x2e0b70d482e6b389e81dea528be57d825dd48070,1734.9399100000155,0.0,Trump2028
2026-09-12 07:46:20,day,economics,27,0x2cea147625e653974b96182a5cbcc1c4911b4ecc,1727.1640505399992,0.0,SSCCAAMM
2026-09-12 07:46:20,day,economics,28,0xfbe66593e49c4e7a7180a2582f041158bfb800f8,1649.1364949299896,0.0,gaven-willwin
2026-09-12 07:46:20,day,economics,29,0x5b6331e7ff0831a3fe2ed12004747db1a9c911a4,1541.1541535577999,5767.448576,neutralwave23
2026-09-12 07:46:20,day,economics,30,0x3750ad9b4033b972f775b671d26cc2f0bd17cbdd,1463.4549559090083,0.0,shaoqi767
2026-09-12 07:46:20,day,economics,31,0xd45c93b5e68f043963e34977a3a4a97f7a9536c4,1436.862062391745,271.26,WhatshouldIsay
2026-09-12 07:46:20,day,economics,32,0x8d266b3a02e34cfaaaf2469dcbd35ed6a1291c15,1420.5687875199947,0.0,FrancisAnthony
2026-09-12 07:46:20,day,economics,33,0x2c4ca29d332c67d3ad7bf22b3cfe9486e3b1cb39,1371.5979617389967,0.0,ololololololololo
2026-09-12 07:46:20,day,economics,34,0x623815104ea129ecb3b912c93eb0729ce34a0523,1339.4364301599962,0.0,spxxd
2026-09-12 07:46:20,day,economics,35,0x332f6e6b727c5737daf97cb9a032883eda341ee8,1319.999849969994,0.0,jackcartwright
2026-09-12 07:46:20,day,economics,36,0x014c4e7ae2145992861c2d1b124af633a97f820c,1272.3389992500015,4334.4,Hyperlong
2026-09-12 07:46:20,day,economics,37,0xac3d7bd00e4d0024fef1689e09295c103800ea45,1200.1166974299995,0.0,blckpnt
2026-09-12 07:46:20,day,economics,38,0x000d257d2dc7616feaef4ae0f14600fdf50a758e,1199.999849070009,0.0,scottilicious
2026-09-12 07:46:20,day,economics,39,0x696de7b6e43f45378f60402b9fccff9c7484f89d,1199.9990471399979,0.0,xm39
2026-09-12 07:46:20,day,economics,40,0x718cc547c1ae200d1367a66d2d7b7ea614fdb4c2,1176.2309048899988,0.0,0x718CC547C1AE200D1367a66d2d7B7Ea614Fdb4c2-1775504134316
2026-09-12 07:46:20,day,economics,41,0x859b4303ce5ae7d6fd43bc118d807a01b37f31b8,1138.734698250002,0.0,ColdSoap2
2026-09-12 07:46:20,day,economics,42,0xecaa8806a9a05049d7d5260a33dc924220e377a9,1133.8055694749855,0.0,Melody626
2026-09-12 07:46:20,day,economics,43,0xf0d9b4656e787f9c01ae2c2689ec98d3b7f5b3c8,1126.5928523900002,0.0,BRG94
2026-09-12 07:46:20,day,economics,44,0x6daae04265d65cb2aae7fe6db4210568de7d954a,1108.0548402220738,63.476191,0x6daae04265d65cb2aae7fe6db4210568de7d954a-1783406213213
2026-09-12 07:46:20,day,economics,45,0x0f3433d8b7596000bf1046aa822308d93cf67684,1094.0108282499987,23257.0,
2026-09-12 07:46:20,day,economics,46,0xef9b5d5e51eb4987240ed77422352d10604ed5ed,1080.843809359998,0.0,Chelseaone
2026-09-12 07:46:20,day,economics,47,0x7523cafcee7bcf2db9a79d80e0d79b88a9a54c4c,1001.9727221599896,0.0,DonaldinhoTrumpito
2026-09-12 07:46:20,day,economics,48,0x3a7082b466c10cf4fd8583c8921499b272902828,993.9406657899999,0.0,ruyi666
2026-09-12 07:46:20,day,economics,49,0x9753165f6fd3901aefc5c78de58cc6c98ed19d8f,979.7479826400006,0.0,dipsy
2026-09-12 07:46:20,day,economics,50,0x1619f5cab4576679d017cb412cabfa3906916397,977.7306576399969,0.0,grey1234
2026-09-12 07:46:20,day,economics,51,0xa72aa09e0377b68615e00b6dd1db0c3edb0193fd,949.999324070006,0.0,Rituximab
2026-09-12 07:46:20,day,economics,52,0xd8e545062edd33951faaba99d0d17568142162c1,941.0694412486846,110.52381,
2026-09-12 07:46:20,day,economics,53,0x63c2df23cdd924bbdf0f2cb4995349c3ab66afd4,916.3554333200009,0.0,zhuoyue
2026-09-12 07:46:20,day,economics,54,0xc5a1613f2fba9a948acfe789735dac00d6cf6877,907.3079855750002,0.0,Fomology
2026-09-12 07:46:20,day,economics,55,0x265d36c916bbda5d3d0ced4d70786cee1487ff22,859.227542329998,0.0,predicth0r
2026-09-12 07:46:20,day,economics,56,0x1a3fb05e94caef23e28905767cd603eb574a6dea,834.9384065599879,0.0,alextalley
2026-09-12 07:46:20,day,economics,57,0x7339652b417d4b65d7aa60d2cf041530e33c4132,789.0654071999961,0.0,wangtoutou
2026-09-12 07:46:20,day,economics,58,0x160df84695ed42f620a1b2fa4cb69a5f69986f25,777.3253801698229,9472.75,Albedo00
2026-09-12 07:46:20,day,economics,59,0x30e443872ddf63b2908a49f92cd690c304a55102,768.872278999831,47951.42200800001,truthteller
2026-09-12 07:46:20,day,economics,60,0xbafdb19e98db609ec5ce2f1e12de4ffecdd52964,766.3292531999978,0.0,rumpuld
2026-09-12 07:46:20,day,economics,61,0x1ca4fd853a8eea337a93ed969338b55a655bf2d4,750.000252206999,0.0,Jiang2025
2026-09-12 07:46:20,day,economics,62,0xd3316cbf9583e6a7d71286b69d5ae07ef77e733c,733.1763300000002,0.0,zzaqq2
2026-09-12 07:46:20,day,economics,63,0x58b3380f71bd6c706dd398a5e60bde55fa3a653c,729.3857584744692,345726.37530099996,timetowander
2026-09-12 07:46:20,day,economics,64,0x74471a007ddcc488f6d57b5e86dfb35a8d48a16d,698.6500064159918,21215.50455,tetrose
2026-09-12 07:46:20,day,economics,65,0xa6940651c6d219a3a0d7f1865acd71eafc86ab37,695.0818881795058,64288.145099,
2026-09-12 07:46:20,day,economics,66,0x269ced0ede348b4b3f8fd8470b19f65508f79017,689.9989997999946,0.0,allen111
2026-09-12 07:46:20,day,economics,67,0xc2e5359b204c4296b7e1a07603fe0b657486b3a5,644.8290625499976,9277.2,euro-catcher
2026-09-12 07:46:20,day,economics,68,0x3985c336b423f32700983099f2624baf137ad103,644.4872853519992,0.0,zouzouzou123
2026-09-12 07:46:20,day,economics,69,0x0074b3e04cda6370ec956176ca71b9f8928781b1,634.723932009998,0.0,Kyan-Jee
2026-09-12 07:46:20,day,economics,70,0x022e626e7a8de2603fd771e7c91e0251ee1ef9f5,628.9626285499999,0.0,JG123
2026-09-12 07:46:20,day,economics,71,0xc27c46e877074f38f2b948983b09ed86f07bd32c,625.2287146399995,0.0,tearsofrain
2026-09-12 07:46:20,day,economics,72,0x297243162e9713d7a7b13f0d7f96eea852043f29,621.3994222299989,0.0,0x297243162e9713d7a7b13F0D7f96eEa852043f29-1733477520939
2026-09-12 07:46:20,day,economics,73,0x836960eba14bb3dec013fc50d2be66808db2f584,613.678657004999,1545.0,ChairmanFed
2026-09-12 07:46:20,day,economics,74,0xe53312c6c15af508e0c31e2cfadbefddd399ab29,601.4719266100037,0.0,WharfMan
2026-09-12 07:46:20,day,economics,75,0xcb58c474467a6dca91d16e346f8f0fe87dfc0160,600.0,0.0,0xcb58C474467A6Dca91D16E346F8f0fE87DFC0160-1768538034918
2026-09-12 07:46:20,day,economics,76,0x324aed2a00c8f485f636b7d5916fcf44c9a53721,599.9972727099971,0.0,superblueinc
2026-09-12 07:46:20,day,economics,77,0x0914c946a8e2843113494be5676c0c82c02b9c93,593.0466205500124,68.85,LT1
2026-09-12 07:46:20,day,economics,78,0x64a5436b5d70c442c09f26880b7f86fd7ca85e9e,590.0466521399994,0.0,nickcoast
2026-09-12 07:46:20,day,economics,79,0x05cce1f3adc7470d6a81761aa3ee2450935c0a59,574.8278912699989,0.0,Poopymonon
2026-09-12 07:46:20,day,economics,80,0x635cfc3676fcd4bc65d177214eb5f9fdf73645c6,573.2765555599999,0.0,jumpsquad
2026-09-12 07:46:20,day,economics,81,0xbacd00c9080a82ded56f504ee8810af732b0ab35,560.635041749978,1911.0,ScottyNooo
2026-09-12 07:46:20,day,economics,82,0xd786a8b89db608e0ed4f2414a94704fc3d9659b8,553.7554188199974,2233.99,t00000000
2026-09-12 07:46:20,day,economics,83,0x5feb9ad581c58ee94710572bb6af15b92dd9693a,551.6373160499998,0.0,0x791898ea586742eb8e1909f01523f743f62280f2
2026-09-12 07:46:20,day,economics,84,0x0a38dcf3740ee299a0607e80cb955c42a34cf931,549.1046841259995,0.0,0x0a38DcF3740eE299a0607E80CB955C42a34cF931-1727027089095
2026-09-12 07:46:20,day,economics,85,0x8db1c73fd6b99b9931aa062139298c6143cebfc7,547.7004827899991,0.0,fomcbetas
2026-09-12 07:46:20,day,economics,86,0x5a5c3fb3b4c7f4a624238f6a2dd5c404fd14c09e,533.468346489999,0.0,sslz
2026-09-12 07:46:20,day,economics,87,0x4e66d90b3b40f318534c3e8e804f98918dc8668f,533.0006779040013,0.0,T31
2026-09-12 07:46:20,day,economics,88,0x42018dffd61b34aefddec3f1a66bca505ca66133,529.4974960375021,0.0,worknplay
2026-09-12 07:46:20,day,economics,89,0x524c0e30d0e336e6186c201e7573576a4dae6b4f,527.7091252899991,0.0,dfdvbjgdhbh
2026-09-12 07:46:20,day,economics,90,0x35bbbad2415fe5e39b12da9a316cdc80b022009b,521.3253451743585,5.0,MisTKy
2026-09-12 07:46:20,day,economics,91,0xecb14ac6e9ca447ce2f2912e6217b43d7b655da3,515.9247790399677,0.0,SaylorMoon
2026-09-12 07:46:20,day,economics,92,0xde5a8b92f34439ac875ed1e9081a46f5e8a22251,515.5692158399997,0.0,krill810
2026-09-12 07:46:20,day,economics,93,0x220275250913a0af18fea9b24a2ce1fd85328787,514.6988999999994,0.0,aangelika
2026-09-12 07:46:20,day,economics,94,0x00097d863aea48853f5da0e73e14d3c9b9c3988c,503.52391052999883,0.0,lordmartingale
2026-09-12 07:46:20,day,economics,95,0xb47adfafc08e77ec77b03a6d1496066675ae6d60,500.0,0.0,0xfree-money
2026-09-12 07:46:20,day,economics,96,0xe25b9180f5687aa85bd94ee309bb72a464320f1b,499.999035825007,99999.80716499999,WordleAddict
2026-09-12 07:46:20,day,economics,97,0xc4f0d8e94a90ad0ad24bb27529df26a8949be891,498.39209560999734,11110.0,semi-semi-
2026-09-12 07:46:20,day,economics,98,0x3acd7e87eaea73ad33aed7746ddeb7c1dc605cd0,494.1757999999991,0.0,relationnuclearfertile
2026-09-12 07:46:20,day,economics,99,0x338bfa9da093ce7ee8a192095009f70dd4ccbf88,491.12312743235805,5823.05,0x338bFA9DA093Ce7ee8A192095009F70dd4ccBF88-1758036776618
2026-09-12 07:46:20,day,economics,100,0x1b2e80a4fbba70cbde558d06d229e92b2b5226ae,484.4745147399999,0.0,mmmppp333
2026-09-12 07:46:20,day,tech,1,0xfbd8c9c22ca76b3662d0e53a4f79719fdc684027,1740.5291641323493,1949.0,0xfBd8C9C22cA76B3662d0e53A4f79719FDC684027-1779347618060
2026-09-12 07:46:20,day,tech,2,0xb0c85813a7a4428f1139ff91d3118a92c391fe7f,939.7720481052238,84545.04999999999,laptop.recked
2026-09-12 07:46:20,day,tech,3,0x4f1d5ae26fc31472966e951af3183308736d8de2,814.2430902203487,685.1372420000001,e46m3
2026-09-12 07:46:20,day,tech,4,0x97f3f9f15c0063710c60d3ac9c40d17f4ba60eba,606.0055555795007,0.0,Investnow
2026-09-12 07:46:20,day,tech,5,0x942e79166821f3f4e67872e44f1672fcccd2be27,529.7047703659919,1084.4800000000002,smallreceipt
2026-09-12 07:46:20,day,tech,6,0x5a218c7ad04135830a45c41aaed7294df7809318,460.64824636882986,5578.384385,balthazar
2026-09-12 07:46:20,day,tech,7,0xfb1b4e2db61efb47bfb1ac92807c76d4f367a11d,328.4863200000036,0.0,Rumpelstiltskin
2026-09-12 07:46:20,day,tech,8,0xcfff4295288ee29f75a38a7028611b7c1e93673d,310.6868434490243,319.09000000000003,graynotebook19
2026-09-12 07:46:20,day,tech,9,0x736539924a5602b37a03a54fc12c1cc8f98964da,295.41282468350255,781.515513,Tremendous-Dinnerplate
2026-09-12 07:46:20,day,tech,10,0x88b6e6704a2c3bdff2a7b21ce6b1b2e8f3343cff,254.73317666249932,599.58,h038596027355
2026-09-12 07:46:20,day,tech,11,0xb0e74df9430a089aa102e2207af5fde1967439d2,248.93910991698613,0.0,
2026-09-12 07:46:20,day,tech,12,0xfc404d785423d89fd862f6b3f2fc4bcb556756a3,223.90166657499992,0.0,1660S.eth
2026-09-12 07:46:20,day,tech,13,0xb52245e13bb87b4f2db64c13a9f761222e323ebb,217.8505072150001,0.0,0xB52245e13Bb87b4f2db64c13A9F761222E323eBb-1772155836970
2026-09-12 07:46:20,day,tech,14,0x0c28d976bbfaad597a678f6fc3794d6ba56a9844,199.70690754999993,2758.4999999999995,youtube-trader
2026-09-12 07:46:20,day,tech,15,0x5eb0cd907aa0b7b4df11552e817570e265ea5012,186.01596605599843,278.46,arbandy
2026-09-12 07:46:20,day,tech,16,0xc5187cb669690150643ba2f9aac6b7d98d212594,184.59306736843428,1130.233846,mustbethewater
2026-09-12 07:46:20,day,tech,17,0x1387d145aaf01f6e33b66525dda6e1f51f6955f8,177.38561262299845,1650.814362,Lucerys
2026-09-12 07:46:20,day,tech,18,0x7272c0d9478ef6447f48a20a7db2839a61a4a67d,177.07758223999957,0.0,0x7272c0D9478Ef6447f48A20a7Db2839A61A4a67d-1735227193318
2026-09-12 07:46:20,day,tech,19,0x2cb89857887830459955712c1f1b9e43af197f4a,163.37123889999884,0.0,111test
2026-09-12 07:46:20,day,tech,20,0xb89f5425341719d298dc2f5b9a92374f5fde1c44,159.5706834285047,2285.92,iutwpfal
2026-09-12 07:46:20,day,tech,21,0x2b9dbf4b6e0e11309a9d6d2a09b72f65f652adc0,158.00728618999983,0.0,seal7
2026-09-12 07:46:20,day,tech,22,0x2b670a311561dcaf741d8155451774d3fa7fb814,156.80681112868479,722.355582,0x2b670A311561DcAF741D8155451774D3Fa7fb814-1778467735876
2026-09-12 07:46:20,day,tech,23,0x1d603dad31fac599c1de6b6002d066993460453d,154.07292008800027,0.0,Ru386
2026-09-12 07:46:20,day,tech,24,0xfbedb045813457be883ad83dd1078e88a2a1a665,144.00856912031304,1442.7,SpringlyFawl
2026-09-12 07:46:20,day,tech,25,0x66e7ce01c6831b8a2503d09edd6167152ee68bcd,142.37581397395343,516.023478,0x66E7ce01C6831B8A2503D09eDD6167152Ee68BcD-1771870353938
2026-09-12 07:46:20,day,tech,26,0x1283e685939f642df0129e98956e296c86af2a9d,141.1059101999998,0.0,0x1283E685939f642DF0129e98956E296c86af2A9D-1778567502046
2026-09-12 07:46:20,day,tech,27,0xd2056c6a91e35ea729cd7ba6599d0e2679de93a7,136.35648880000008,0.0,RDaneelBoris
2026-09-12 07:46:20,day,tech,28,0x015ec33cce2b3c31e925d9cbfb582c178c7babb0,129.9638707150002,0.0,badonde1
2026-09-12 07:46:20,day,tech,29,0x5999ebfa145490e0280dd246856a5b3605f7ae94,121.19647216749945,0.0,kl1v
2026-09-12 07:46:20,day,tech,30,0x97cf8743ddf387db269a76941b6af1d26974c6eb,116.48765486499997,0.0,0x97CF8743dDF387dB269A76941B6aF1d26974c6eb-1769747285159
2026-09-12 07:46:20,day,tech,31,0x515e8e9b806a388a51808e2bc5cd92dc11bbec0d,99.56504208299975,0.0,
2026-09-12 07:46:20,day,tech,32,0xe38ee6bef3ea40daac3e3adc2fca23ba456850c8,98.56733063849993,0.0,CryptoBizzi2
2026-09-12 07:46:20,day,tech,33,0xa3282d3e882501229c75d0caf134e62e3afb4977,98.26803566849776,340.0,korda77
2026-09-12 07:46:20,day,tech,34,0x88419a2d3cf90ccfbbfffac0aa48abdffba8c2d3,97.58290180500035,610.0,pragmat1sm
2026-09-12 07:46:20,day,tech,35,0xb5d04dcc21e6cce06b061bc50c72d2eafb76f8e5,95.84060342499993,0.0,stimulatedEmission
2026-09-12 07:46:20,day,tech,36,0xaee811b7c7e5d961b545ac0e3f62f5f1cb181154,89.5167194523292,9401.144385000003,x1099
2026-09-12 07:46:20,day,tech,37,0xbef037910e0410c572bd8bcc97724691370e86ef,87.02192375499999,0.0,ci4ga
2026-09-12 07:46:20,day,tech,38,0xf83ec0e37ac9eece71c064507270e9001a734663,86.81185056849074,715.825086,JustClickeverywhere
2026-09-12 07:46:20,day,tech,39,0x300c5e1ec9e4d6e8bd9617f0a44508170c5b6a92,83.39622231125213,2642.874479,BAO95889
2026-09-12 07:46:20,day,tech,40,0xf50ee94f9396b6523aa4ce16e4434e49768ef125,82.329546806013,150.03551299999998,yallmate
2026-09-12 07:46:20,day,tech,41,0xa58d4f278d7953cd38eeb929f7e242bfc7c0b9b8,82.06063400386756,2524.01,AiBird
2026-09-12 07:46:20,day,tech,42,0x7a251ff68217a0418a8f7eddede5b638f8c881d1,82.02134999999953,0.0,h4xor
2026-09-12 07:46:20,day,tech,43,0xac29dd1fdcd974bc1bbd62f5859418ea5aab36c7,81.70968969399996,0.0,OnYesYes
2026-09-12 07:46:20,day,tech,44,0x28bf066c6cb952da62d6d182c16ad173ada64a4e,78.68601412347562,721.65,plainfolder
2026-09-12 07:46:20,day,tech,45,0xc22ee811ba7c97540f0d5186fa023cd921c240c0,77.02467135000006,0.0,RobberBaronn
2026-09-12 07:46:20,day,tech,46,0xe9076a87c5ed90ef16e6fe6529c943baeca0cff6,73.26159185481526,3825.7127629999995,suntori
2026-09-12 07:46:20,day,tech,47,0x49f206f4fb2210a28af4795e4e0b6532cf0bd7b4,72.80544999999992,0.0,0x49F206
2026-09-12 07:46:20,day,tech,48,0xa8c63f775ddbbe66b56614191747def3021444e8,72.6510447699984,215.0,Tenebrus7
2026-09-12 07:46:20,day,tech,49,0xdc83474bc4cdf4d037f8be1eca21cfa290aabcd2,72.63044168999932,0.0,0xdC83474BC4CDf4d037f8BE1EcA21cfa290aaBCD2-1772195983959
2026-09-12 07:46:20,day,tech,50,0xb7606d0d3719c88f9b868a13015881af5222ccd7,70.0,0.0,theta-thunberg
2026-09-12 07:46:20,day,tech,51,0xd1a63a243042d864520512fbdbd2fd20e0ab1507,69.04976866000288,521.55,DkOYL
2026-09-12 07:46:20,day,tech,52,0xfd557e6db670c9704bc1d0d8e8b585c7d9c9f905,67.48003868549858,263.3,northdrawer
2026-09-12 07:46:20,day,tech,53,0x8804e9929546c8fab8c322199c65c10c3004f0a7,66.4430346800001,0.0,
2026-09-12 07:46:20,day,tech,54,0xa927cdfebebe4ba309386f12201f4fb0bccb8d9f,64.67646111500017,0.0,JabJabich
2026-09-12 07:46:20,day,tech,55,0x613a05a00583dadf17a564428f65919f5d412185,64.042,0.0,sobaka.yebaka
2026-09-12 07:46:20,day,tech,56,0xbf9f37f3c3e7b528da77b6162391fa905d8d2a46,63.000000000000114,0.0,dc4cab483a985948f36fd3c86523e0
2026-09-12 07:46:20,day,tech,57,0x307e1709f22c4506960868ec46e5a7631f8da953,62.890682500000004,0.0,Eastern-Tribes
2026-09-12 07:46:20,day,tech,58,0xcdf82242c9984bd8d274085ab54165633c54b8ea,61.81143237150036,0.0,momo513
2026-09-12 07:46:20,day,tech,59,0xeb526f42dc37f1a86e7fe97019b1bfe1ac8c67cc,61.78815699297667,976.0,folioquant
2026-09-12 07:46:20,day,tech,60,0x9aeb534c42b58b21673d5e03e9da14fbd15b2729,61.082935839978745,0.0,The-Joker
2026-09-12 07:46:20,day,tech,61,0x43372356634781eea88d61bbdd7824cdce958882,59.73112447425956,299.89,Anjun
2026-09-12 07:46:20,day,tech,62,0x5fb2c42f9f47f4190ccf8fe81b80887d7ac96b55,57.67700750000006,0.0,0xf19092E5D869d3EC36BBFA6666E64091DD9cc42E-1762536746276
2026-09-12 07:46:20,day,tech,63,0x53b933bec5f65d5363ee1041050d265517964b3d,57.0205499999999,61.68,df4d8fa4sdf5
2026-09-12 07:46:20,day,tech,64,0xcda445134e89221f00bddc1977421432034c3b8d,56.26786928000004,0.0,Kingheep
2026-09-12 07:46:20,day,tech,65,0xe97b7b1396a99341b32984fa8bbf62f2f68ab2ea,54.83590000000004,0.0,Tremirorot
2026-09-12 07:46:20,day,tech,66,0x79426d16027fd003fffd6b049e36e30fb9aeb60b,53.594870000000014,0.0,Sammybolung
2026-09-12 07:46:20,day,tech,67,0x038bca073c9aebb694028d70eec94116ed4bafc4,51.90605000000005,0.0,triple-purple
2026-09-12 07:46:20,day,tech,68,0x27b999e442de6aea7f972069edb58ff09cd690d0,51.54502481499998,0.0,pizdi.bolyu
2026-09-12 07:46:20,day,tech,69,0x2c3928af89565c352afe8e2a1b25deed77a056dc,51.320387682996625,0.0,Dragontree
2026-09-12 07:46:20,day,tech,70,0xc3262aeb0bd81deab067726635f5b5bd39201db1,49.101868284826196,391.76177399999995,X-Rabbit.Sezu
2026-09-12 07:46:20,day,tech,71,0x9aeb5105ae40f5eed241da6749fdbe9508459058,48.96319999999997,0.0,neophiliatic
2026-09-12 07:46:20,day,tech,72,0x5fd5fb75eb3508531a4e9cc28642fdf84cd4382c,48.80750409784805,88.39,User983
2026-09-12 07:46:20,day,tech,73,0x06b6872ce4b3cdb90049657cd2937a518a38eba6,47.500099999999975,0.0,123pocky
2026-09-12 07:46:20,day,tech,74,0x537263fdfc15e4e967e63c0c783f22f549e74b1f,46.834411783000064,0.0,xiaojiren
2026-09-12 07:46:20,day,tech,75,0xfe2d0b7350141c8413da4ab3eb72b5d71026da35,45.623190517148885,436.61,gmgmgmgmg
2026-09-12 07:46:20,day,tech,76,0x53e986fd032be518a7236f4eef07256e9bc45ef8,44.0,0.0,0x19191
2026-09-12 07:46:20,day,tech,77,0xe1b361d6a6f237b9ed7534d19b232df8369e1426,40.26509812599943,0.0,tja
2026-09-12 07:46:20,day,tech,78,0xcff364d70cdd70f843dcd7cb0165b35b841c7573,36.427475000000015,0.0,dsfvdsfsddff
2026-09-12 07:46:20,day,tech,79,0xf769c6390f6d564fe4859effbddb682c62660114,35.99015349799993,0.0,MrMarket
2026-09-12 07:46:20,day,tech,80,0x325fe0ebff00b61cf658bb580b698f84986f8e0e,35.10224999999991,0.0,xingaze
2026-09-12 07:46:20,day,tech,81,0x844ef6cdd0a4d691b7a81429ee550f025aa64f41,34.67430330800016,0.0,flyfat88
2026-09-12 07:46:20,day,tech,82,0xc8ab97a9089a9ff7e6ef0688e6e591a066946418,32.95539202950022,624.348696,ArmageddonRewardsBilly
2026-09-12 07:46:20,day,tech,83,0x0be4c9e1beb1289d3602e4553424fcb3dfa2b548,32.567735,0.0,a5DYXQMGEE
2026-09-12 07:46:20,day,tech,84,0xe39783f92ee0985f1ab5fe514030f946825abfcb,31.748090000000076,0.0,0xzipper
2026-09-12 07:46:20,day,tech,85,0x215adbb63b47d0ca92f849fe2c2dc1adb0f6254c,31.333045095662783,374.87,BikesAreTheBikes
2026-09-12 07:46:20,day,tech,86,0xfec84ba946b063d57580366e02e97a18c75167f7,31.200584294999985,0.0,0xDC719Fde6ed998a38F28DEA0af7B653047a526D8-1723323482067
2026-09-12 07:46:20,day,tech,87,0xdf17f4a8dd01a4cfa6fc3da323a2baee5f8697d1,30.954600000000028,0.0,Harluc
2026-09-12 07:46:20,day,tech,88,0x73d225c851df25d73b14846a370bdeef9434f9b7,30.935347108500537,0.0,Dapsy
2026-09-12 07:46:20,day,tech,89,0xa74581ebc457ca0ac679e6cb8851edc40c928ca6,30.924355000001015,0.0,Lolololol
2026-09-12 07:46:20,day,tech,90,0x90323218cd86b964feb4ee2317422a2a5286b5c3,30.855654696212014,193.306591,doyouwanttogotothemoon
2026-09-12 07:46:20,day,tech,91,0x08458f7e9d2858027de579e4c3ca305475496b6f,29.875282007999886,0.0,GollumGekko
2026-09-12 07:46:20,day,tech,92,0xc7d02944a76b9f83b199e9090ecc92c82d241f8a,29.417743238504045,728.74,0xc7D02944A76B9F83B199e9090ECC92C82d241F8a-1776944395495
2026-09-12 07:46:20,day,tech,93,0x1cfc260bfa2b5ae89377863180ca3b4f5c862111,29.263723359496908,80.14,lissartter
2026-09-12 07:46:20,day,tech,94,0xd175101601c7d2dc4f080f117b0dad25187abb3a,29.196110844999964,0.0,btfrs
2026-09-12 07:46:20,day,tech,95,0xe7fe17248aab26ed24935921fb81bf0a452624e5,28.61876170300002,0.0,Banditoes
2026-09-12 07:46:20,day,tech,96,0x9f208e85f326f865077fffa68b32d8b0e2bc12c3,28.11441887750334,1318.59,mildwindow27
2026-09-12 07:46:20,day,tech,97,0xce835747e39bf987de4c04052b1677e6633e5b97,27.53114618099994,0.0,0xce835747e39BF987dE4c04052b1677E6633E5b97-1761944125351
2026-09-12 07:46:20,day,tech,98,0xcb48f490d8579832e56954cb31dfee630d59be6d,26.9095722560005,1142.36,NoTeacher
2026-09-12 07:46:20,day,tech,99,0x752d8af146aaad7f572215c2195263c80077d335,26.75,0.0,SmilingFriends
2026-09-12 07:46:20,day,tech,100,0x30f91b6df5a62ab2e504045e25fd449a23affbfc,26.42439265492021,75.33574999999999,taerv534
