timestamp,timeframe,category,rank,address,pnl,volume,userName
2026-08-08 04:12:13,day,overall,1,0xdc41c39b95453c943174f369926018f6963bdd7e,169210.86871913908,3508.0,quavoo
2026-08-08 04:12:13,day,overall,2,0xc8075693f48668a264b9fa313b47f52712fcc12b,98466.47444075812,124545.35270100001,texaskid
2026-08-08 04:12:13,day,overall,3,0x224a89dbe0db0d6124b335edabd15b3f877da3d5,83145.81571454182,124238.86148600001,wr0ngw4yb3tt0r
2026-08-08 04:12:13,day,overall,4,0x5268527977f700f9bf9b6d5cd843859e4e70135d,54482.611991684884,958677.8858459997,HomeRunHazard
2026-08-08 04:12:13,day,overall,5,0xfe787d2da716d60e8acff57fb87eb13cd4d10319,51256.254043673514,2022215.8384459997,ferrariChampions2026
2026-08-08 04:12:13,day,overall,6,0x56acab44cfca2e88bb9b3406890aea7bfa0cd77e,45443.817725000496,42797.52,dv-pm
2026-08-08 04:12:13,day,overall,7,0xa9b9e87721237d29f0778ee3e663bdbfa127dd41,39715.81792712,54479.85,kldjsh
2026-08-08 04:12:13,day,overall,8,0xe015b5a2a299167be835a2fd1e86f09c49e06ffd,38707.681357018984,18626.159433,TAIWANNUMBERONE
2026-08-08 04:12:13,day,overall,9,0xbdea99acf04cb6863252d43b13db89d5c7681db5,32654.48092962181,132411.313483,saftey-first
2026-08-08 04:12:13,day,overall,10,0x43cab54b56aba79c29c1ba14b889e7de5532c219,32207.279097224993,105263.893513,Bulls94
2026-08-08 04:12:13,day,overall,11,0x9bb1bc70c9e098f2f297416d06a0aa3992534dbe,28462.1296860399,178434.571905,0b1
2026-08-08 04:12:13,day,overall,12,0x547f2917d51f2e63ab382dcf641d4e0240162937,24307.26524928,0.0,0x547f2917D51F2e63ab382DCF641d4E0240162937-1782667852436
2026-08-08 04:12:13,day,overall,13,0x16bb9951a36fce71e2ef57890b786145e0ba8492,22471.222889529367,0.0,SDTrading
2026-08-08 04:12:13,day,overall,14,0xadea4d74858347c437e4d18b72115d535091b96d,21989.698760000003,51754.059442,cane11
2026-08-08 04:12:13,day,overall,15,0x9c3ce009c9b039956665cecc4cd14de862b5e8c9,21927.642951894162,2777.9294,0x0x23kjookhaiuohduoayh8c9
2026-08-08 04:12:13,day,overall,16,0xd48a81db62f742c4e42d86dfc23a7ee345366e90,21563.398807311725,0.0,ComingBack
2026-08-08 04:12:13,day,overall,17,0x408fe71e6b5401ecd6733970cb6f1a25e984b2f4,21182.61780643044,15548.475293,Winnerdinnerchickenjr
2026-08-08 04:12:13,day,overall,18,0x1d2efa184454366ad3e79f3395d25396c20b896d,20518.067431149702,92575.71716099998,huli3882
2026-08-08 04:12:13,day,overall,19,0x4f29e103339919c4baaea2a60195cf1c8bb27a7e,20380.57513305691,788083.1514050004,0x4f2
2026-08-08 04:12:13,day,overall,20,0x6d20c35f65d9899b6d6b74f8466e824580f9a165,17695.893903727207,178522.688052,Djdjdjekekek
2026-08-08 04:12:13,day,overall,21,0xe0ac5ce642ccb7c972b0006e7e2823d0e8efde2a,17300.43500053831,16001.781556999998,
2026-08-08 04:12:13,day,overall,22,0xdb859a551fcf56e49416160911476bea7307152f,16869.79040046365,17241.379309,AV23IUa
2026-08-08 04:12:13,day,overall,23,0x1e7792acc779a6af8304bd7991ff31d16d468c33,16850.198197439662,74344.043264,THEdirkdiggler
2026-08-08 04:12:13,day,overall,24,0xd38ad20037839959d89165cf448568d584b28d26,16813.521170536365,97939.983406,johnny234
2026-08-08 04:12:13,day,overall,25,0x91667e40b80c447050904b042f3b85d22fc6b479,16807.916180791057,14505.32,GreenBerry1337
2026-08-08 04:12:13,day,overall,26,0x6f3e7f25baa7d2d49e15e2d2957ff3dec62cbcf8,14954.932038713174,47279.658993,fRibrenlc
2026-08-08 04:12:13,day,overall,27,0xe6bff499390d0988f81967d095925b44aad38380,14331.092548498535,0.0,CHACHA125655
2026-08-08 04:12:13,day,overall,28,0x1d1ade627d0bb0205758580b20d808573e720df6,13975.01823087805,31252.56,Pwaddler
2026-08-08 04:12:13,day,overall,29,0xdd5ef115f801999575b03d78d0115ad8b2d59040,13577.82911609975,5475.99645,Forecastication2
2026-08-08 04:12:13,day,overall,30,0xf0318c32136c2db7fec88b84869aee6a1106c80c,13500.662106599659,44334.39903099999,BreakTheBank
2026-08-08 04:12:13,day,overall,31,0x9703676286b93c2eca71ca96e8757104519a69c2,13462.659393712645,12079.166205,AnonymousUsername
2026-08-08 04:12:13,day,overall,32,0x67542c3219b37fd1610aad290676ff91cdbfe3bc,13230.0,0.0,maz26
2026-08-08 04:12:13,day,overall,33,0x6c760ca9829e79fd322a805fdf05a15c1deec163,12457.387693054188,21435.689332,muflata
2026-08-08 04:12:13,day,overall,34,0xb26a5d4a2d7ef667d9f88d9f7ad3de1908cf0ed1,12433.214874000001,18009.300689000003,lmppppp
2026-08-08 04:12:13,day,overall,35,0x161a7f666ca49d592848cf415b42f49a84714103,12349.442777097624,71857.746925,torta.tech
2026-08-08 04:12:13,day,overall,36,0xcc32068e0d0b19790e3376bc1751552adcca92d2,12217.548902597977,207173.812664,0xcC32068E0D0b19790e3376Bc1751552ADccA92d2-1780947291040
2026-08-08 04:12:13,day,overall,37,0x8bfee7aeca33003fe9d7398d5143dc7866542d74,11834.158563474994,0.0,tennischamp
2026-08-08 04:12:13,day,overall,38,0x8cbfd03e65a79f8ff281faf2b0af3868926e0eb4,11563.29214950158,299.533327,0x8cbfd03e65A79F8FF281faF2b0Af3868926E0Eb4-1753281631636
2026-08-08 04:12:13,day,overall,39,0xa804390f80019699ab34a282c0df7528fba82a75,10842.606292513443,0.0,riverskew
2026-08-08 04:12:13,day,overall,40,0x26b46988d027c6c03cfa12a7c0c6d778be49b8a9,10614.822025693138,26826.343798,kkookkoo
2026-08-08 04:12:13,day,overall,41,0x41d28673f6fbcf28d08e6b2bd87072b34073d7c9,10313.766673921496,14835.835347,Shimi1234
2026-08-08 04:12:13,day,overall,42,0xf1528f12e645462c344799b62b1b421a6a4c64aa,10182.633022299153,84688.368263,phonesculptor
2026-08-08 04:12:13,day,overall,43,0x0f1cb0af3f632029ec26ba44c22239f47d5f82c6,9130.10120445691,7468.359256,PleaseWinPlease
2026-08-08 04:12:13,day,overall,44,0x0346afae2603313d2bbee96b628536c8cbe352a5,9107.13057267922,460846.22044400004,GoalLineGhost
2026-08-08 04:12:13,day,overall,45,0x5e6e2c3f06686f2607b86c90e35f536e81a1be00,8658.10328584662,37970.32360900001,WARNINGWARNINGWARNING
2026-08-08 04:12:13,day,overall,46,0x64e93f87d8a0c1b2cde6f20d71f211372a95eb4c,8268.616975291678,15097.103173000003,oudine2
2026-08-08 04:12:13,day,overall,47,0xeafc018ccbca46db203ba57c3e798ce0e84fe4c4,8197.90476143999,0.0,coltsmildx
2026-08-08 04:12:13,day,overall,48,0x1465b79bff7992bc703e1aafb3683b1089647072,8049.32405236637,527.6,JnStTrdrBnusFnd
2026-08-08 04:12:13,day,overall,49,0x86d2d490bcac9fccea02a44c48272008e0c4731d,8018.148599999986,0.0,umeax
2026-08-08 04:12:13,day,overall,50,0xf43842aca68209bd8bd3b4cfae00a32053769559,7816.354454260087,5.263156,PendulumExchange
2026-08-08 04:12:13,day,overall,51,0x3dcea528f8179c175341e06b60b9eb695e5d0510,6996.769390464797,18323.020615,LuiaLeQuartier
2026-08-08 04:12:13,day,overall,52,0x99f0d31fdced5b3a0e5ee2867730a6644a6c9495,6981.273881664398,428787.7538749999,0x99F0d31fdced5B3A0e5Ee2867730A6644a6C9495-1779037126382
2026-08-08 04:12:13,day,overall,53,0x5f659bccbc353dbf7bcdffdee73bee60bb482036,6875.530171469785,29257.57,0x5F659BcCBC353dBf7BcdffDEE73beE60bB482036-1780496231400
2026-08-08 04:12:13,day,overall,54,0xae825b67fac24b92f328f25b5d2530567605faf0,6804.999999999985,0.0,0xAE825B67FAc24B92f328f25b5d2530567605FAF0-1757008313024
2026-08-08 04:12:13,day,overall,55,0x6304679c4bee05e560ebb637758a617086d4e570,6753.866016468863,9070.900575999998,TheVeteran77
2026-08-08 04:12:13,day,overall,56,0x2b5920274740ca61745eeb077587bf5bb4ff9db6,6734.070789013822,418801.12000000005,aHjCz
2026-08-08 04:12:13,day,overall,57,0xa36fcb6947c4ac1f09ee894aa1fd0756b90e180b,6720.185580141144,13174.392155,Shori888
2026-08-08 04:12:13,day,overall,58,0x5dd9da6e5e2dda83a10864628c2dc714d642420f,6488.34455524032,26795.82,
2026-08-08 04:12:13,day,overall,59,0x9fad8308ef6b6ed5320e53a290a3bd4ad91f5a9f,6271.602513160615,22616.75125,Dingwin
2026-08-08 04:12:13,day,overall,60,0xb7aac5dd73a3ac0b72d233959797f57185b008c3,5995.444997563998,0.0,asdf123asdf123
2026-08-08 04:12:13,day,overall,61,0xa8a53259e60402b0001953f49f66ccb47d35122b,5984.999875117559,9500.0,Paracellus
2026-08-08 04:12:13,day,overall,62,0x6157d529ae129fe08f22a27ed42e741d2eaa9fb4,5941.578417877507,27854.320083,DaBossHogg
2026-08-08 04:12:13,day,overall,63,0xf5198df69e13937a40d1c76d6f72d9aa067d906b,5903.724261781895,0.0,sbimbg
2026-08-08 04:12:13,day,overall,64,0xc3c3b3ef304ddbea39fa2246e683a71da5d0eec8,5791.596843646446,29537.500292,comon119
2026-08-08 04:12:13,day,overall,65,0xbca08c1bc204a34f2fddbe47b438b9bd42ac9705,5615.26925534849,323868.64007900003,1winstreak1
2026-08-08 04:12:13,day,overall,66,0x3724379b7192ddf7fb43aadbba6d8bc3895e69b5,5529.033750240356,0.0,sportteryqq
2026-08-08 04:12:13,day,overall,67,0x9e3ed7b661a903fc97afcf49e0f014ebe869f882,5488.115967585144,132443.29860399998,0x9e3ed7b661a903fc97afcf49e0f014ebe869f882-1783406009396
2026-08-08 04:12:13,day,overall,68,0xe6a9d2301ed7e1222002d04e9463c5f521d9e35a,5369.5257525788265,1833.333332,Eddd1x
2026-08-08 04:12:13,day,overall,69,0x866056133a70de9282a080758858d1a0c8b393ed,5368.063498721003,9768.996357999999,WhattDoyoumean
2026-08-08 04:12:13,day,overall,70,0xb4eea1c82f0c4cf7e02e69212bd447a63314cc59,5242.810431754586,0.0,HyperwellNerdZ
2026-08-08 04:12:13,day,overall,71,0xbddf61af533ff524d27154e589d2d7a81510c684,5185.220912497025,0.0,Countryside
2026-08-08 04:12:13,day,overall,72,0x5257aa84944804bbb0c718814ebebeeafaca3e2a,5173.267528478405,4325.0,NO-GOD-PLEASE-NO
2026-08-08 04:12:13,day,overall,73,0x2d395d11014415644fe9a8599fe050e7f3a06053,5101.670383479388,12168.699128999999,minji
2026-08-08 04:12:13,day,overall,74,0xbc43c8bfbc4d77c2fc9011adad38ba43b88996d3,5087.457088290248,0.0,0xBc43c8bfBC4d77c2FC9011adaD38Ba43b88996d3-1765231687816
2026-08-08 04:12:13,day,overall,75,0x6b8f18b7af10316b2b57aa6dac2c923986f2449b,5004.67669067492,31529.420000000002,Lawsuitevidencaugust2026
2026-08-08 04:12:13,day,overall,76,0x44c1dfe43260c94ed4f1d00de2e1f80fb113ebc1,4942.783610783381,0.0,aenews2
2026-08-08 04:12:13,day,overall,77,0x1b47e9b128e6b671edebfb2cac23dd3efc40d814,4930.798289426144,9972.308453,sbsigner
2026-08-08 04:12:13,day,overall,78,0x0cb038487586d1119b165466072e9baf666f3a90,4854.0719240962935,126250.396951,
2026-08-08 04:12:13,day,overall,79,0xabb89972b21b304c1bed2bf26f35c8741ac9bba3,4783.885820210073,278786.48779499996,Feromont
2026-08-08 04:12:13,day,overall,80,0xf93f33cc7d962e9286ca08c285fb4c7508b8f94b,4760.1719119660775,538.371724,neymar1
2026-08-08 04:12:13,day,overall,81,0xdac30597f7fc625ef0f860248f3a5aefe20166d8,4753.699801648353,32520.764036000004,trader12312
2026-08-08 04:12:13,day,overall,82,0x731a241767938bb23d1b2fac4c9cd2f3cea9033f,4686.230339999915,2558.34,CoinTrick
2026-08-08 04:12:13,day,overall,83,0x2b46bb71681777202368d095196f266944a1684d,4615.701734759961,1473.01,betdge
2026-08-08 04:12:13,day,overall,84,0x880b1fc5d3beb01c237f0848b249fd72b48fc98b,4610.829500135005,4670.460000000001,cruzNBA
2026-08-08 04:12:13,day,overall,85,0x41b4cd880a61de2f5728594decf7f2cbfc2a10da,4500.451891375023,0.0,zagzig123
2026-08-08 04:12:13,day,overall,86,0xd3316cbf9583e6a7d71286b69d5ae07ef77e733c,4445.573933999983,3101.0,zzaqq2
2026-08-08 04:12:13,day,overall,87,0x2a8cd1d7a9ec7638d066b533088d1c9c47c7fd3d,4261.281809619306,3084.70785,hanssere
2026-08-08 04:12:13,day,overall,88,0x61f15c585de606990fd711169ce835c009fc7aef,4192.248460667008,6415.613075,Follow555
2026-08-08 04:12:13,day,overall,89,0xe23d3c3e0a9a66fe0eb441b6bc4ab42accb43c72,4151.7799220000015,5404.249613,santian474747
2026-08-08 04:12:13,day,overall,90,0x2d32ebca7ccb7505992231a3e1dfd6d9cc82ae18,3952.000614700209,17637.957547,bordyugaqq
2026-08-08 04:12:13,day,overall,91,0xdc9fcc42094233f28de5d7a54b563db7ed72905b,3894.7579819900093,6415.88,leflaive
2026-08-08 04:12:13,day,overall,92,0x05c5b2e8b478a7292798e12c841c198558e86a69,3672.5779080999996,18954.321105,
2026-08-08 04:12:13,day,overall,93,0x29b15e8557b2cb5b5ba1ec8b5cbba479ee26f737,3608.159512000035,0.0,Elenes
2026-08-08 04:12:13,day,overall,94,0xb595d09ce5bbc4d39e3b3d04e80c402d2c8d5922,3539.9140554717123,9652.086877000002,0xB595d09Ce5bBc4d39E3b3D04E80C402d2C8D5922-1769777706105
2026-08-08 04:12:13,day,overall,95,0xd9425013c71600448b32e9c2dd6bc7eb30bdf9d3,3530.1747768222017,0.0,SquatFT
2026-08-08 04:12:13,day,overall,96,0x3b62c64ebaee15478e8b21765b9f940458655cc8,3475.496849999967,5999.99,rollobravado
2026-08-08 04:12:13,day,overall,97,0xdc4e4465fd4682a6deb72ffccb6d016367ebe5b7,3460.0991685800063,0.0,krechel202
2026-08-08 04:12:13,day,overall,98,0xfdfc13c7e8fbc35de0973adc259a6c59f757bf06,3444.4955409999675,12694.75,0xfDfc13C7e8Fbc35De0973aDC259A6C59F757bF06-1776835419424
2026-08-08 04:12:13,day,overall,99,0x4be1fa92e6ceaf886aac0bbec3be6c527133aa70,3430.928933389173,0.0,Eztennis
2026-08-08 04:12:13,day,overall,100,0x3f985e3a68f88e6ed8da1a22e1a5eda81c8e0aa1,3422.214967450555,13255.595554,xabidaking
2026-08-08 04:12:13,day,politics,1,0xe40aaa5ce1dac0b7dc24c9d0284f27e17c3fe4a2,2799.8182011731733,11172.883190000002,Mysaria
2026-08-08 04:12:13,day,politics,2,0x152fdae6b14b9131a61ec77ed61dda50f68da549,2539.8118483200087,0.0,Ferwhere
2026-08-08 04:12:13,day,politics,3,0xfa87a158110370eb6dbe678843c055a6b144c2a0,2512.9888658545096,0.0,asdfadfasdf1
2026-08-08 04:12:13,day,politics,4,0x1c144e30f405a25f991cbd8baa15d40599090869,2475.735800494207,7632.781831,bernardbulletin
2026-08-08 04:12:13,day,politics,5,0xfb5148fc7223630e0967dbfa8cd920d83ab4742d,2193.3044249315135,0.0,StudentMoney
2026-08-08 04:12:13,day,politics,6,0x96f795d0821b75a1c7f886b2c1cd49d108b7d6ae,2185.876601549999,20.0,ZaGambla
2026-08-08 04:12:13,day,politics,7,0x93fb8127a1b21a112b11af936361225df0563e4a,1990.1138587222667,10484.745351,LlamaLoco0000
2026-08-08 04:12:13,day,politics,8,0x77fbd6bdba89da0ce4ae6e5bee380d6a51de266c,1901.42371525618,3627.921816,plumbis
2026-08-08 04:12:13,day,politics,9,0x614dc8d3542c12103d2c6a3553fd761e391d1546,1867.9913033470511,0.0,mr.ozi
2026-08-08 04:12:13,day,politics,10,0xa8b108be047cc21b2558432a48567739f436da36,1798.84661085,0.0,Gamlet77
2026-08-08 04:12:13,day,politics,11,0xcc033f89eb48f85ed62b727f0745bb651578d5c0,1795.683021224997,0.0,zhaoyk
2026-08-08 04:12:13,day,politics,12,0x69f0c154a3412f2b3fa7eb22c6d08e6b5b32fb27,1756.3057893755004,22.27,0x69f0C154a3412F2b3Fa7eB22c6d08E6B5B32FB27-1778811502354
2026-08-08 04:12:13,day,politics,13,0xbaa2bcb5439e985ce4ccf815b4700027d1b92c73,1708.3458858653903,0.0,denizz
2026-08-08 04:12:13,day,politics,14,0x0292664333884fe5c24b30f840b322fd1d284211,1704.2171208175005,0.0,Patz3
2026-08-08 04:12:13,day,politics,15,0x46992d0e547e3822a9c28723f51bfa804ae4e03c,1638.5259471493591,38129.943331,anon.1980.123
2026-08-08 04:12:13,day,politics,16,0x12d6cccfc7470a3f4bafc53599a4779cbf2cf2a8,1565.1581318089738,0.0,classified
2026-08-08 04:12:13,day,politics,17,0x41b4ab4bdd1de2f7e36003775a18adc7ba63dad2,1542.3143118056248,5259.54,
2026-08-08 04:12:13,day,politics,18,0xc00de9ccf3e3585732337970814533af52096cd3,1493.028991379997,0.0,0xC00De9ccf3E3585732337970814533Af52096CD3-1729266707235
2026-08-08 04:12:13,day,politics,19,0x94d6f6119c9d2897719e59e4ced31a212e749ab8,1483.4947826145017,0.0,devin.lawson.77
2026-08-08 04:12:13,day,politics,20,0xecaa8806a9a05049d7d5260a33dc924220e377a9,1456.7910854103684,5999.994544,Melody626
2026-08-08 04:12:13,day,politics,21,0xdf17f4a8dd01a4cfa6fc3da323a2baee5f8697d1,1416.7830379077932,1004.461256,Prescient-Trestle
2026-08-08 04:12:13,day,politics,22,0x1f9e15f39bbd5d163b0eacf0fbef647ced9e4f1a,1415.1135413211596,7513.47125,BirobidjanRepublican
2026-08-08 04:12:13,day,politics,23,0x62cf46cd4c3af254dccfc37a7f93de265b4b5826,1310.2750417069328,0.0,eCash
2026-08-08 04:12:13,day,politics,24,0xeb490d0534bb68b4c2ce139b219a728cd2c3693e,1215.987564146184,4118.852247000001,78979879879879
2026-08-08 04:12:13,day,politics,25,0x6d9fc316c3b8377060a44b852ba664adbfd59790,1108.0713000816177,0.0,MEPP
2026-08-08 04:12:13,day,politics,26,0xc6587b11a2209e46dfe3928b31c5514a8e33b784,1046.828944999841,0.0,Erasmus.
2026-08-08 04:12:13,day,politics,27,0x44c1dfe43260c94ed4f1d00de2e1f80fb113ebc1,1040.6052212582435,0.0,aenews2
2026-08-08 04:12:13,day,politics,28,0x4366ab8b8b27e4139d94a532e3cec94a83d1c73e,963.5103230325003,0.0,RBax
2026-08-08 04:12:13,day,politics,29,0x7b60a227a667708daccda46276c5a1a1e96df259,787.6450517880003,0.0,VLONA
2026-08-08 04:12:13,day,politics,30,0xe258c02a1ed5c159f3268cf7728ba5706f8bd084,768.9249365954984,0.0,yikaiz
2026-08-08 04:12:13,day,politics,31,0x7f9e2d1df78614564a70becc7fa14aa9a6623a0e,739.9110843249364,22368.794207000003,nojnn
2026-08-08 04:12:13,day,politics,32,0x000d257d2dc7616feaef4ae0f14600fdf50a758e,729.2930476078764,0.0,scottilicious
2026-08-08 04:12:13,day,politics,33,0x7444ff7e6a189d29524fd11ac39462af212eee2e,724.304782055,0.0,0x7444ff7E6a189d29524Fd11aC39462aF212eee2E-1783612204097
2026-08-08 04:12:13,day,politics,34,0x0b46c19958d0032466eb3f2adb6e9d2b66cccd0b,672.3479037350025,9999.0,777prediction
2026-08-08 04:12:13,day,politics,35,0xbe482cd6e5183be8767f03b48ebc3ff35769683f,664.3203091910036,0.0,0xBE482CD6e5183BE8767f03b48EBc3FF35769683f-1768081000582
2026-08-08 04:12:13,day,politics,36,0x41eacf5aaa4c7fc883a098635b981050715d7a3d,659.2241313285194,5.902998,Chungvicular
2026-08-08 04:12:13,day,politics,37,0x5b6331e7ff0831a3fe2ed12004747db1a9c911a4,639.5716352860545,377.20716,neutralwave23
2026-08-08 04:12:13,day,politics,38,0x2c649b504168c5414277f23135fb9ce36df72099,636.7992661129974,0.0,rollsrolls
2026-08-08 04:12:13,day,politics,39,0xd1049158a102840ce595efc6ab683a0cb6fbacef,628.1408053549749,0.0,pilimili
2026-08-08 04:12:13,day,politics,40,0xe8c4d68aff65b38cac46987b9b65e01eb47d395d,601.4066304950866,75.06529300000001,JAMJAMJAM4
2026-08-08 04:12:13,day,politics,41,0x6806d2ab8efb9c41baa28c72e44fdfc4b3293a05,593.0062789000003,0.0,Aurelian9
2026-08-08 04:12:13,day,politics,42,0xeface9902242b0399856f981600b907dcc9bc9a1,587.3438857481524,6671.793597,macrosteaks
2026-08-08 04:12:13,day,politics,43,0xf1ef8705e9f63c790c6fffd6329aea7011718cd6,560.8053469150036,0.0,Outsid3rTrading
2026-08-08 04:12:13,day,politics,44,0xc15b833b6991e5dbcaca029f7d0f951e5db238af,546.936667589529,0.0,makinta
2026-08-08 04:12:13,day,politics,45,0x2d99e29c4f066ba32098c65e4c7454b277d94ca3,545.9622347165132,0.0,scout
2026-08-08 04:12:13,day,politics,46,0xde42c38b024899964c8b044a32f374046b1e183b,541.6318000000001,0.0,coniiguwa
2026-08-08 04:12:13,day,politics,47,0x22dbd51e1a4e10fff072fa24300238c64033190f,535.74163349851,0.0,SusanWarrenHR
2026-08-08 04:12:13,day,politics,48,0x7523cafcee7bcf2db9a79d80e0d79b88a9a54c4c,534.7863442292146,0.0,DonaldinhoTrumpito
2026-08-08 04:12:13,day,politics,49,0xa8a9c7a2f1d8eca2c20b6dc58df52caa85cdbb81,532.0552460820036,0.0,98better
2026-08-08 04:12:13,day,politics,50,0xa8c63f775ddbbe66b56614191747def3021444e8,519.1945319445076,13004.161032,Tenebrus7
2026-08-08 04:12:13,day,politics,51,0x5ec371c6c5210513f1b9f4b320d198a21858f154,506.48497216500004,0.0,0x5Ec371C6c5210513F1b9F4B320d198A21858f154-1729908801879
2026-08-08 04:12:13,day,politics,52,0xf811ef0712a03925ce67ae2af5318cfeb86b1792,504.7834744519787,0.0,krikcrok
2026-08-08 04:12:13,day,politics,53,0x95bf944dd22691364154fb436ee922798566e00b,500.6743629864941,0.0,hideo
2026-08-08 04:12:13,day,politics,54,0x5cd5c8d7a17c78d7389d8b87b611aed83322ac33,498.45686665476023,11409.66,nonkenny90
2026-08-08 04:12:13,day,politics,55,0x942e79166821f3f4e67872e44f1672fcccd2be27,492.58864913750585,50.0,smallreceipt
2026-08-08 04:12:13,day,politics,56,0xce1495504d3249910c2c2fc800f96f97bb1de38f,491.84538411150015,0.0,mon2026
2026-08-08 04:12:13,day,politics,57,0x17e313bb9173febb23c865a2ef8a4e8e0eaf9ba5,490.1687780060238,0.0,hymolu
2026-08-08 04:12:13,day,politics,58,0x05e26c775ecfe91b897d47f134c1bf5900ca6e12,479.116950158088,0.0,Llalalala
2026-08-08 04:12:13,day,politics,59,0xe8ff0a56d848954b60e8e8ed99637e3c50ddc93b,477.25605528800224,0.0,BlindGibbon
2026-08-08 04:12:13,day,politics,60,0xc6dd722558dbfbd8fa780efcbe819ed8c6604b9f,475.1368255910056,0.0,tourists
2026-08-08 04:12:13,day,politics,61,0xb24c85036d25b16557272b40a6481eb81a5aeefe,457.4303433854948,560.248317,Beyonddream
2026-08-08 04:12:13,day,politics,62,0xa5517ed74c6b07843946e0e69cad10a9fa94e050,457.3874334799475,0.0,SlotinCap
2026-08-08 04:12:13,day,politics,63,0x69788e136500902559a2fb21883ab9baacbd08d8,451.21191815999964,1567.47,TruongMyLan
2026-08-08 04:12:13,day,politics,64,0x23d81ba9371e576015c1e562db09c689f56b0288,451.15353661362315,19849.61,flawfence
2026-08-08 04:12:13,day,politics,65,0xa2dccd83971d56fb4e7ce45c491a968b29a249f9,446.90858570000273,0.0,0xa2dCcd83971D56fb4e7cE45C491a968b29a249f9-1771568307503
2026-08-08 04:12:13,day,politics,66,0xe52c0a1327a12edc7bd54ea6f37ce00a4ca96924,442.4867681050091,0.0,aff3
2026-08-08 04:12:13,day,politics,67,0x2e4d05beafd81a6e85bc0c6a94820d61ef34f703,440.8534324480024,0.0,woshiLimpeh
2026-08-08 04:12:13,day,politics,68,0x690bfe39089e61f674b8f88d89511c9eff90bd2c,437.89177124488197,8799.997776,0x690BfE39089E61F674b8F88D89511c9efF90bd2C-1782954570100
2026-08-08 04:12:13,day,politics,69,0x8e5c0cc55cda93d6cae14becb3b738a44dcaa68a,435.5841669010697,0.0,cocos228
2026-08-08 04:12:13,day,politics,70,0x53757615de1c42b83f893b79d4241a009dc2aeea,433.83293367849546,0.0,
2026-08-08 04:12:13,day,politics,71,0x57097a9e66dc5bce77e6685812ed50eaea2722c3,428.39235655500033,0.0,0x57097A9E66Dc5BCe77E6685812ed50EaeA2722c3-1768623287709
2026-08-08 04:12:13,day,politics,72,0x2974bd0059e48f215c391882976e0f1b4c8c9c23,425.81525620652246,0.0,65765757
2026-08-08 04:12:13,day,politics,73,0x13c8420687c9d2786652321ed60a6d96ace15a24,412.4935322700003,0.0,sensuy
2026-08-08 04:12:13,day,politics,74,0x64c8ec47e1f5a367f234a74f8176d805e87173ce,406.30301686001985,0.0,0xfcb034ffesa540c81ad37321212f6e0c762feac8
2026-08-08 04:12:13,day,politics,75,0x5d2f66b260702f5c3404afdff4cf6dae1bb45034,392.0543223019995,0.0,
2026-08-08 04:12:13,day,politics,76,0xbe74297ff19030f104ce1d538709f43b30eca70e,385.40850067849897,0.0,title1
2026-08-08 04:12:13,day,politics,77,0x0c0e270cf879583d6a0142fc817e05b768d0434e,378.78921722853556,135.32,The Spirit of Ukraine>UMA
2026-08-08 04:12:13,day,politics,78,0x0a5803e48ef78b8322ecd335c6ca4b85d2274508,360.4564277149998,0.0,SadBenua
2026-08-08 04:12:13,day,politics,79,0x71abe97b83eaba3f06cb04fd4d9a03ee37d2f015,360.0490221910004,0.0,groth
2026-08-08 04:12:13,day,politics,80,0x76f91265718c709ed707c6cbe0eac4142527f701,358.22514000000047,0.0,Rpzcz
2026-08-08 04:12:13,day,politics,81,0x9c2617462567859fcf5764e03b9a687ebca274bc,357.65302215737756,9148.764446000001,Tigerofthehood
2026-08-08 04:12:13,day,politics,82,0x0f37cb80dee49d55b5f6d9e595d52591d6371410,354.37523123590927,0.0,Hans323
2026-08-08 04:12:13,day,politics,83,0x3d29419e337a0c8ae467c8ce665c8d500d242408,354.29297324250365,0.0,kylox
2026-08-08 04:12:13,day,politics,84,0x6cd84a3230d0b0837c8169f64b6ece55faafd98d,350.1917291799982,0.0,Lior-Pa
2026-08-08 04:12:13,day,politics,85,0x8b71010f8d18ccce16a37434778117ee2d6b8044,340.73649968199607,0.0,0x8b71010f8D18CccE16a37434778117EE2d6b8044-1735105889785
2026-08-08 04:12:13,day,politics,86,0x52071e89ed7f68478a428fd65aed5dc572be686b,336.18420245029483,3236.48,StraddleSeller
2026-08-08 04:12:13,day,politics,87,0xd6b6f6924341b00626e603240f799644d4b6342b,334.5040084735374,0.0,sciuboi
2026-08-08 04:12:13,day,politics,88,0x22e4248bdb066f65c9f11cd66cdd3719a28eef1c,333.12108395720134,0.0,ProfessionalPunter
2026-08-08 04:12:13,day,politics,89,0xcca90a5d3c8f2d6663817e3650d6adbe9ab44c9f,332.20175953887883,6139.244081,0xcCa90A5D3C8F2d6663817E3650D6aDbe9aB44C9f-1772395966516
2026-08-08 04:12:13,day,politics,90,0xbf961d0c79db0bf55050cadc0995835f09c09942,330.68616336149717,0.0,browne
2026-08-08 04:12:13,day,politics,91,0x40cfb29411d29f4fa0908f2a121297042cccd21d,329.8126515724871,0.0,whig
2026-08-08 04:12:13,day,politics,92,0x5c14eb6a6d5083c003daa8241ed559d2dc82cc49,329.397071069463,0.0,forinnerpsandr1x11222
2026-08-08 04:12:13,day,politics,93,0xdbade4c82fb72780a0db9a38f821d8671aba9c95,329.0524706658907,0.0,SwissMiss
2026-08-08 04:12:13,day,politics,94,0xef9b5d5e51eb4987240ed77422352d10604ed5ed,328.1410146069975,0.0,Chelseaone
2026-08-08 04:12:13,day,politics,95,0xfbd8c9c22ca76b3662d0e53a4f79719fdc684027,327.3188408330316,548.0,0xfBd8C9C22cA76B3662d0e53A4f79719FDC684027-1779347618060
2026-08-08 04:12:13,day,politics,96,0x15fdd6a159788bd7d382f5669a047ad0fcb2cc95,325.8795749814999,0.0,PolBandit
2026-08-08 04:12:13,day,politics,97,0xc851cd9bee7d262afd78674f861f9f576a12cd2a,323.4473640379729,0.0,betwick
2026-08-08 04:12:13,day,politics,98,0xcb84e2d4354beebe199ab57c5a51e0ee96914fbc,320.1192815744944,0.0,qizhan
2026-08-08 04:12:13,day,politics,99,0x118198f684bd3a6c2f4b40d97fd308141be29e90,318.7118173794952,0.0,yeeTradez
2026-08-08 04:12:13,day,politics,100,0x88e32b106f02fcd7a204e388f830ba290659384e,317.7685714810017,0.0,QMTRADR
2026-08-08 04:12:13,day,sports,1,0xdc41c39b95453c943174f369926018f6963bdd7e,164939.86676517257,3508.0,quavoo
2026-08-08 04:12:13,day,sports,2,0xc8075693f48668a264b9fa313b47f52712fcc12b,98466.47444075812,124545.35270100001,texaskid
2026-08-08 04:12:13,day,sports,3,0x224a89dbe0db0d6124b335edabd15b3f877da3d5,83145.81571454182,124238.86148600001,wr0ngw4yb3tt0r
2026-08-08 04:12:13,day,sports,4,0x5268527977f700f9bf9b6d5cd843859e4e70135d,54482.61199168512,958677.8858459997,HomeRunHazard
2026-08-08 04:12:13,day,sports,5,0xfe787d2da716d60e8acff57fb87eb13cd4d10319,51595.047642098274,2007419.0290429997,ferrariChampions2026
2026-08-08 04:12:13,day,sports,6,0x56acab44cfca2e88bb9b3406890aea7bfa0cd77e,45443.817725000496,42797.52,dv-pm
2026-08-08 04:12:13,day,sports,7,0xa9b9e87721237d29f0778ee3e663bdbfa127dd41,39715.81792711999,54479.85,kldjsh
2026-08-08 04:12:13,day,sports,8,0xbdea99acf04cb6863252d43b13db89d5c7681db5,32654.48092962181,132411.313483,saftey-first
2026-08-08 04:12:13,day,sports,9,0x43cab54b56aba79c29c1ba14b889e7de5532c219,32207.279097224993,105263.893513,Bulls94
2026-08-08 04:12:13,day,sports,10,0x9bb1bc70c9e098f2f297416d06a0aa3992534dbe,28462.1296860399,178434.571905,0b1
2026-08-08 04:12:13,day,sports,11,0x547f2917d51f2e63ab382dcf641d4e0240162937,24307.26524928,0.0,0x547f2917D51F2e63ab382DCF641d4E0240162937-1782667852436
2026-08-08 04:12:13,day,sports,12,0x16bb9951a36fce71e2ef57890b786145e0ba8492,22471.222889529367,0.0,SDTrading
2026-08-08 04:12:13,day,sports,13,0xadea4d74858347c437e4d18b72115d535091b96d,21989.698760000003,51754.059442,cane11
2026-08-08 04:12:13,day,sports,14,0x9c3ce009c9b039956665cecc4cd14de862b5e8c9,21927.64295189415,2777.9294,0x0x23kjookhaiuohduoayh8c9
2026-08-08 04:12:13,day,sports,15,0xd48a81db62f742c4e42d86dfc23a7ee345366e90,21519.27810731216,0.0,ComingBack
2026-08-08 04:12:13,day,sports,16,0x408fe71e6b5401ecd6733970cb6f1a25e984b2f4,21182.61780643044,15548.475293,Winnerdinnerchickenjr
2026-08-08 04:12:13,day,sports,17,0x1d2efa184454366ad3e79f3395d25396c20b896d,20513.15088114968,91592.40716099998,huli3882
2026-08-08 04:12:13,day,sports,18,0x4f29e103339919c4baaea2a60195cf1c8bb27a7e,20380.575133056904,788083.1514050004,0x4f2
2026-08-08 04:12:13,day,sports,19,0x6d20c35f65d9899b6d6b74f8466e824580f9a165,17695.893903727178,178522.688052,Djdjdjekekek
2026-08-08 04:12:13,day,sports,20,0xe0ac5ce642ccb7c972b0006e7e2823d0e8efde2a,17300.43500053831,16001.781556999998,
2026-08-08 04:12:13,day,sports,21,0xdb859a551fcf56e49416160911476bea7307152f,16869.79040046365,17241.379309,AV23IUa
2026-08-08 04:12:13,day,sports,22,0x1e7792acc779a6af8304bd7991ff31d16d468c33,16850.198197439662,74344.043264,THEdirkdiggler
2026-08-08 04:12:13,day,sports,23,0xd38ad20037839959d89165cf448568d584b28d26,16813.521170536347,97939.983406,johnny234
2026-08-08 04:12:13,day,sports,24,0xe6bff499390d0988f81967d095925b44aad38380,14331.092548498535,0.0,CHACHA125655
2026-08-08 04:12:13,day,sports,25,0x1d1ade627d0bb0205758580b20d808573e720df6,13975.01823087805,31252.56,Pwaddler
2026-08-08 04:12:13,day,sports,26,0xf0318c32136c2db7fec88b84869aee6a1106c80c,13500.662106599659,44334.39903099999,BreakTheBank
2026-08-08 04:12:13,day,sports,27,0xdd5ef115f801999575b03d78d0115ad8b2d59040,13408.874920849805,5348.0,Forecastication2
2026-08-08 04:12:13,day,sports,28,0x67542c3219b37fd1610aad290676ff91cdbfe3bc,13230.0,0.0,maz26
2026-08-08 04:12:13,day,sports,29,0x9703676286b93c2eca71ca96e8757104519a69c2,13218.932550197118,6833.535617,AnonymousUsername
2026-08-08 04:12:13,day,sports,30,0x161a7f666ca49d592848cf415b42f49a84714103,12350.44277293398,71857.746925,torta.tech
2026-08-08 04:12:13,day,sports,31,0xcc32068e0d0b19790e3376bc1751552adcca92d2,12217.548902597948,207173.812664,0xcC32068E0D0b19790e3376Bc1751552ADccA92d2-1780947291040
2026-08-08 04:12:13,day,sports,32,0x8bfee7aeca33003fe9d7398d5143dc7866542d74,11834.158563474994,0.0,tennischamp
2026-08-08 04:12:13,day,sports,33,0x8cbfd03e65a79f8ff281faf2b0af3868926e0eb4,11548.640029756578,0.0,0x8cbfd03e65A79F8FF281faF2b0Af3868926E0Eb4-1753281631636
2026-08-08 04:12:13,day,sports,34,0xa804390f80019699ab34a282c0df7528fba82a75,11268.384411797451,0.0,riverskew
2026-08-08 04:12:13,day,sports,35,0x26b46988d027c6c03cfa12a7c0c6d778be49b8a9,10614.822025693138,26826.343798,kkookkoo
2026-08-08 04:12:13,day,sports,36,0xf1528f12e645462c344799b62b1b421a6a4c64aa,10182.633022299153,84688.368263,phonesculptor
2026-08-08 04:12:13,day,sports,37,0x41d28673f6fbcf28d08e6b2bd87072b34073d7c9,10133.659203121497,14835.835347,Shimi1234
2026-08-08 04:12:13,day,sports,38,0x0f1cb0af3f632029ec26ba44c22239f47d5f82c6,9130.48790445691,7468.359256,PleaseWinPlease
2026-08-08 04:12:13,day,sports,39,0x0346afae2603313d2bbee96b628536c8cbe352a5,9107.130572678754,460846.220444,GoalLineGhost
2026-08-08 04:12:13,day,sports,40,0x9e3ed7b661a903fc97afcf49e0f014ebe869f882,8750.819996915117,86620.27127699998,0x9e3ed7b661a903fc97afcf49e0f014ebe869f882-1783406009396
2026-08-08 04:12:13,day,sports,41,0x64e93f87d8a0c1b2cde6f20d71f211372a95eb4c,8267.822076787677,15097.103173000003,oudine2
2026-08-08 04:12:13,day,sports,42,0xeafc018ccbca46db203ba57c3e798ce0e84fe4c4,8197.90476143999,0.0,coltsmildx
2026-08-08 04:12:13,day,sports,43,0x86d2d490bcac9fccea02a44c48272008e0c4731d,8018.148599999986,0.0,umeax
2026-08-08 04:12:13,day,sports,44,0xf43842aca68209bd8bd3b4cfae00a32053769559,7816.354454260087,5.263156,PendulumExchange
2026-08-08 04:12:13,day,sports,45,0x99f0d31fdced5b3a0e5ee2867730a6644a6c9495,6981.273881664383,428787.75387499994,0x99F0d31fdced5B3A0e5Ee2867730A6644a6C9495-1779037126382
2026-08-08 04:12:13,day,sports,46,0x5f659bccbc353dbf7bcdffdee73bee60bb482036,6875.530171469785,29257.57,0x5F659BcCBC353dBf7BcdffDEE73beE60bB482036-1780496231400
2026-08-08 04:12:13,day,sports,47,0xae825b67fac24b92f328f25b5d2530567605faf0,6804.999999999971,0.0,0xAE825B67FAc24B92f328f25b5d2530567605FAF0-1757008313024
2026-08-08 04:12:13,day,sports,48,0xa36fcb6947c4ac1f09ee894aa1fd0756b90e180b,6720.185580141144,13174.392155,Shori888
2026-08-08 04:12:13,day,sports,49,0x2b5920274740ca61745eeb077587bf5bb4ff9db6,6468.542406470122,417545.94,aHjCz
2026-08-08 04:12:13,day,sports,50,0x5dd9da6e5e2dda83a10864628c2dc714d642420f,6430.9968,26795.82,
2026-08-08 04:12:13,day,sports,51,0x9fad8308ef6b6ed5320e53a290a3bd4ad91f5a9f,6271.602513160673,22616.75125,Dingwin
2026-08-08 04:12:13,day,sports,52,0xb7aac5dd73a3ac0b72d233959797f57185b008c3,5995.444997563998,0.0,asdf123asdf123
2026-08-08 04:12:13,day,sports,53,0xa8a53259e60402b0001953f49f66ccb47d35122b,5984.999875117559,9500.0,Paracellus
2026-08-08 04:12:13,day,sports,54,0x6157d529ae129fe08f22a27ed42e741d2eaa9fb4,5941.578417877507,27854.320083,DaBossHogg
2026-08-08 04:12:13,day,sports,55,0xf5198df69e13937a40d1c76d6f72d9aa067d906b,5903.2631187279185,0.0,sbimbg
2026-08-08 04:12:13,day,sports,56,0xc3c3b3ef304ddbea39fa2246e683a71da5d0eec8,5792.197085800115,29537.500292,comon119
2026-08-08 04:12:13,day,sports,57,0xbca08c1bc204a34f2fddbe47b438b9bd42ac9705,5478.289438162232,323868.64007900003,1winstreak1
2026-08-08 04:12:13,day,sports,58,0xb4eea1c82f0c4cf7e02e69212bd447a63314cc59,5463.131613510654,0.0,HyperwellNerdZ
2026-08-08 04:12:13,day,sports,59,0xe6a9d2301ed7e1222002d04e9463c5f521d9e35a,5369.525752578826,1833.333332,Eddd1x
2026-08-08 04:12:13,day,sports,60,0x6f3e7f25baa7d2d49e15e2d2957ff3dec62cbcf8,5299.473140386195,47279.658993,fRibrenlc
2026-08-08 04:12:13,day,sports,61,0xbddf61af533ff524d27154e589d2d7a81510c684,5185.220912497025,0.0,Countryside
2026-08-08 04:12:13,day,sports,62,0x5257aa84944804bbb0c718814ebebeeafaca3e2a,5173.267528478405,4325.0,NO-GOD-PLEASE-NO
2026-08-08 04:12:13,day,sports,63,0xbc43c8bfbc4d77c2fc9011adad38ba43b88996d3,5087.457088290248,0.0,0xBc43c8bfBC4d77c2FC9011adaD38Ba43b88996d3-1765231687816
2026-08-08 04:12:13,day,sports,64,0x6b8f18b7af10316b2b57aa6dac2c923986f2449b,5004.676690674925,31529.420000000002,Lawsuitevidencaugust2026
2026-08-08 04:12:13,day,sports,65,0x1b47e9b128e6b671edebfb2cac23dd3efc40d814,5004.175125791109,9972.308453,sbsigner
2026-08-08 04:12:13,day,sports,66,0xabb89972b21b304c1bed2bf26f35c8741ac9bba3,4782.985820210073,278786.48779499996,Feromont
2026-08-08 04:12:13,day,sports,67,0xf93f33cc7d962e9286ca08c285fb4c7508b8f94b,4760.1719119660775,538.371724,neymar1
2026-08-08 04:12:13,day,sports,68,0x2b46bb71681777202368d095196f266944a1684d,4615.701734759961,1473.01,betdge
2026-08-08 04:12:13,day,sports,69,0x41b4cd880a61de2f5728594decf7f2cbfc2a10da,4500.360000000022,0.0,zagzig123
2026-08-08 04:12:13,day,sports,70,0xd3316cbf9583e6a7d71286b69d5ae07ef77e733c,4294.274838999976,162.0,zzaqq2
2026-08-08 04:12:13,day,sports,71,0x61f15c585de606990fd711169ce835c009fc7aef,4191.298752675009,6415.613075,Follow555
2026-08-08 04:12:13,day,sports,72,0x2d32ebca7ccb7505992231a3e1dfd6d9cc82ae18,3952.000614700209,17637.957547,bordyugaqq
2026-08-08 04:12:13,day,sports,73,0xdc9fcc42094233f28de5d7a54b563db7ed72905b,3894.757966220004,6415.88,leflaive
2026-08-08 04:12:13,day,sports,74,0x05c5b2e8b478a7292798e12c841c198558e86a69,3672.5779080999996,18954.321105,
2026-08-08 04:12:13,day,sports,75,0x29b15e8557b2cb5b5ba1ec8b5cbba479ee26f737,3608.081925000035,0.0,Elenes
2026-08-08 04:12:13,day,sports,76,0xd9425013c71600448b32e9c2dd6bc7eb30bdf9d3,3530.1747768222017,0.0,SquatFT
2026-08-08 04:12:13,day,sports,77,0x3b62c64ebaee15478e8b21765b9f940458655cc8,3475.496849999967,5999.99,rollobravado
2026-08-08 04:12:13,day,sports,78,0xdc4e4465fd4682a6deb72ffccb6d016367ebe5b7,3459.9785285800062,0.0,krechel202
2026-08-08 04:12:13,day,sports,79,0xfdfc13c7e8fbc35de0973adc259a6c59f757bf06,3444.4955409999675,12694.75,0xfDfc13C7e8Fbc35De0973aDC259A6C59F757bF06-1776835419424
2026-08-08 04:12:13,day,sports,80,0x4be1fa92e6ceaf886aac0bbec3be6c527133aa70,3430.247110389173,0.0,Eztennis
2026-08-08 04:12:13,day,sports,81,0x3f985e3a68f88e6ed8da1a22e1a5eda81c8e0aa1,3422.214967450555,13255.595554,xabidaking
2026-08-08 04:12:13,day,sports,82,0xaebf3acc7c9add4928bd218f96de5cf64987e1ca,3360.0,0.0,12monkeys
2026-08-08 04:12:13,day,sports,83,0x09ee4ea96db7f44332a421f1ee27a8860b4590a4,3321.7559580229504,6401.93,0xMS8hRTF45823GhpjKuhwefuy38bf
2026-08-08 04:12:13,day,sports,84,0x162ca4c5249987872fea1e15c846d7fe80316c47,3206.0312470044883,13269.279999999999,VD721lsj4938Dk388
2026-08-08 04:12:13,day,sports,85,0x617b46903eaadc7dfb4f94e18408e2033ee3a499,3191.2540499999886,0.0,Weebay
2026-08-08 04:12:13,day,sports,86,0x78b00985bb1c60955a6b6db8fddf857b16f69f1a,3181.5682061809966,5102.04,sietechips
2026-08-08 04:12:13,day,sports,87,0x032eb1bc893940263ad0b01889f262fc232f2a9e,3135.95061517274,30987.870000000003,purplegatto
2026-08-08 04:12:13,day,sports,88,0xfb07f48542d2b655e9d0bf1cc92a8a6feee8e2cc,3079.0350173058314,1303.607549,0xfB07F48542d2b655e9D0Bf1cC92a8a6Feee8e2cC-1782415802542
2026-08-08 04:12:13,day,sports,89,0xbf08be85b9c157db09f4b949a72179a1fe43907e,3044.8394000199987,0.0,Dwightschrute7
2026-08-08 04:12:13,day,sports,90,0xf7f0b0b1e9c0fe02ccad926916ee31aef74b912c,2931.362122468301,5251.18952,wapol
2026-08-08 04:12:13,day,sports,91,0x99e42eb9038705165b22f821e27659c1dc41e4c4,2917.0761956701463,22156.329995000004,acorp
2026-08-08 04:12:13,day,sports,92,0xed2dcb491edec72c75a90cbc8ebe148f03009af1,2865.74975,4899.99,0xeD2DcB491eDec72c75A90cBC8eBE148f03009Af1-1785595160082
2026-08-08 04:12:13,day,sports,93,0x336bf6f91a4619d54f0711a20fe468adf4d71233,2837.9023128583794,211.00652000000002,ArturitoFilito
2026-08-08 04:12:13,day,sports,94,0x73e83485b8e20b70c53c27bef8ba4c62575dcd6f,2826.9722091174,0.0,lottobot
2026-08-08 04:12:13,day,sports,95,0x802eb771dee7659d3f14b1e4cc26de3dc21976fd,2823.299821640001,7747.66,0x802EB
2026-08-08 04:12:13,day,sports,96,0x23c8a4c266d10ba5846837eac391fea89ed6f293,2822.39984999998,0.0,Netrol
2026-08-08 04:12:13,day,sports,97,0xadfb6cba33cebca02eab6111ace1e3924b9cc2ef,2794.922589151043,6045.719124,KnightDasCapital
2026-08-08 04:12:13,day,sports,98,0x18d491b2498ce8a8ee51162c5c6a0d7c56de69a9,2753.295228145653,8504.654591,0x40fF11feAf68885ad735C4f4ae3d4750711831cD-1767649507049
2026-08-08 04:12:13,day,sports,99,0x1a6692c85ec7ab4503ae10bd8a30da8e0ca4ae5e,2723.4830625196987,6156.164556,fenglin5945
2026-08-08 04:12:13,day,sports,100,0x04e6840687847a98f9ecfbb512a8c8b98d073914,2682.6918375199457,4811.8099999999995,paquitomillonario
2026-08-08 04:12:13,day,crypto,1,0xb26a5d4a2d7ef667d9f88d9f7ad3de1908cf0ed1,12433.214874000001,18009.300689000003,lmppppp
2026-08-08 04:12:13,day,crypto,2,0x1465b79bff7992bc703e1aafb3683b1089647072,8049.32405236637,527.6,JnStTrdrBnusFnd
2026-08-08 04:12:13,day,crypto,3,0x3dcea528f8179c175341e06b60b9eb695e5d0510,6996.769390464798,18323.020615,LuiaLeQuartier
2026-08-08 04:12:13,day,crypto,4,0x0cb038487586d1119b165466072e9baf666f3a90,4854.0719240962935,126250.396951,
2026-08-08 04:12:13,day,crypto,5,0xe23d3c3e0a9a66fe0eb441b6bc4ab42accb43c72,4150.879922,5404.249613,santian474747
2026-08-08 04:12:13,day,crypto,6,0x1086a06b43fe0d2d01c343ec0087eea94c2c330a,2948.7438749999783,10881.81492,zzongzl
2026-08-08 04:12:13,day,crypto,7,0x5083a040efc20da48e3602f520940cc61c2bb0ea,2941.196409118478,14730.893901,
2026-08-08 04:12:13,day,crypto,8,0xebeef4734e16f7143cacb672543af77621a25ce5,1879.4862603373049,29663.623744000008,Alexpilot
2026-08-08 04:12:13,day,crypto,9,0x28ffc752831d4e1c7c31cadc15622b92170accfc,1798.073894955,11001.804761,3551512
2026-08-08 04:12:13,day,crypto,10,0x67c523b7688ed01233899b4981d41543d5b12642,1759.5779790818215,28890.425288000006,0x2c335066fe58fe9237c3d3dc7b275c2a034a
2026-08-08 04:12:13,day,crypto,11,0x4171038d6e472cce0236d8705d75cfb8c68fbdb1,1680.6045220000005,16656.089844000002,stylus4493
2026-08-08 04:12:13,day,crypto,12,0x3b8407699e832891203387d52c64d8f61ff2f487,1660.8259979997529,4942.006141,0x0a2c53bd218c04da996cf96490e14-f3dfb9bc2
2026-08-08 04:12:13,day,crypto,13,0x433f62d1f91768a0877171eee70e172f0bf7a0dc,1537.5019404098493,35021.65471,penguinx
2026-08-08 04:12:13,day,crypto,14,0xba2c759c7b2cf66484c7e1dc1c211390f709fdda,1435.7727389996708,12512.130000000001,Donquixote.Doflamingo
2026-08-08 04:12:13,day,crypto,15,0xb55fa1296e6ec55d0ce53d93b9237389f11764d4,1389.269346746849,66568.538086,0xb55fa1296E6ec55D0cE53d93B9237389f11764d4-1777575277609
2026-08-08 04:12:13,day,crypto,16,0x8fc525b17c4f7f12cd816dd200313348c6e61a57,1279.9668079999997,7296.586507,923235
2026-08-08 04:12:13,day,crypto,17,0xf977b971f1f6ac93664ebec81eaa98a0ce32c80b,1265.6204749999997,3467.74,jkspuer666
2026-08-08 04:12:13,day,crypto,18,0x26fa46fe58a6e98a6c9db2c2ccecee943df3e961,1250.6304370447247,87733.187827,obadazy
2026-08-08 04:12:13,day,crypto,19,0x5c07ef274ec004bfdd011b4041f1cfc428b4be1a,1200.8360219999959,9783.068909,ZhengYing9999
2026-08-08 04:12:13,day,crypto,20,0x31934a79ca3ef299da23d66169716da39660834c,1157.8937590000005,3999.9591,yust654321yust654321
2026-08-08 04:12:13,day,crypto,21,0x48ac40fc545cf327edd5365435c3a9f385614a7e,1149.5210188298952,110923.53913599999,BoneOhio
2026-08-08 04:12:13,day,crypto,22,0xd34ffab0f9ba223f4310c6a0e5fd69e7400bea03,1139.9411065218942,20427.074801000002,mypept
2026-08-08 04:12:13,day,crypto,23,0x79130f3fdfe51fdd20f7ea054b90bb5f8b3aecb1,1103.6771047650004,8340.239851999999,2652636952
2026-08-08 04:12:13,day,crypto,24,0x5ed5a5299060cdf83f009555cc0b8db3451df63a,1074.9283430000287,7890.503034000001,Fallout3
2026-08-08 04:12:13,day,crypto,25,0x56ad6bd05999e0f33ea9c05a48ccb1364a46f13e,1058.6830991350034,0.0,Mpire1
2026-08-08 04:12:13,day,crypto,26,0x3c58ef422754ff22c7e806336feba0064d8b776b,1043.4839344540378,17370.277779999997,antsaslyku
2026-08-08 04:12:13,day,crypto,27,0x3270da2b5eb0fa5e196192e313606d38d1d998ef,1038.3181187884888,3521.5153009999995,lpppppp6789
2026-08-08 04:12:13,day,crypto,28,0x6d23806661b5ba3677cdf277378f376cb3be15e1,980.0117582353201,3671.172965999999,zxcettt556
2026-08-08 04:12:13,day,crypto,29,0x56db4e9073b3f0357da687645235426deccd171c,916.1063128482492,11094.580587999999,Fallout2
2026-08-08 04:12:13,day,crypto,30,0xa6657ab4eb9d92c8bbfb1d1d52ce7205e4ca01e3,870.7650649943971,10564.636804,MikeAddon
2026-08-08 04:12:13,day,crypto,31,0xed8dd0a5d8e167bab6deaeb73adc550864789c21,851.2441280000203,4073.5057299999994,
2026-08-08 04:12:13,day,crypto,32,0x880bc1ad15f035c69fdacd4a0efd5429fa3190a8,848.5065580632925,4713.870777,ddeeeebbbb
2026-08-08 04:12:13,day,crypto,33,0x46247b21b58344332076ef1c0fb21621b5d8160a,796.0116200000004,3160.747978,ert43ttgr
2026-08-08 04:12:13,day,crypto,34,0xf41524d5bf59dff989e7710d599f45771998de19,795.1593240000002,3287.022743,43tghfdghfgj
2026-08-08 04:12:13,day,crypto,35,0x60d3fb1c7a2180e34b10eebf0bfc13c8e5f4622a,778.247809238489,4267.163512,zllllllll123
2026-08-08 04:12:13,day,crypto,36,0xfdc072df1e4c7d91334cf622d0520d51aef5e6a1,768.3529410400115,0.0,0xfdc072df1e4c7d91334cf622d0520d51aef5e6a
2026-08-08 04:12:13,day,crypto,37,0x44832d0d2ec11187c1e77d786feb15f6a50254c6,762.8441923757437,9380.840689,0x44832D0d2ec11187c1e77D786feb15f6a50254C6-1781798662342
2026-08-08 04:12:13,day,crypto,38,0x61a2636ab4392addcd6338c6694ea174ce7ff556,733.8687410000002,4244.493710000001,tr4354dgf54
2026-08-08 04:12:13,day,crypto,39,0xf70c77328e82094234d96f7179b02ed17e324e63,707.8980582652493,4641.840342999999,boppbop
2026-08-08 04:12:13,day,crypto,40,0xd189664c5308903476f9f079820431e4fd7d06f4,700.0389954224229,10809.675040999999,rwo
2026-08-08 04:12:13,day,crypto,41,0xf8af03f1e68ee7162db8983f0d6dd0dc869854c6,678.1165661891791,10441.714153,thierrax1
2026-08-08 04:12:13,day,crypto,42,0x78052f0fea32ecd7dc759d043d62420d9cda8fc5,675.912513,2184.957628,0x78052f0FEa32Ecd7dC759D043d62420d9Cda8fC5-1785744766399
2026-08-08 04:12:13,day,crypto,43,0xc22990a53756449bb0c092a640df85a7e7b6eca8,665.0934733700001,3064.60909,Europemaxxing
2026-08-08 04:12:13,day,crypto,44,0xcfd6e34f96759ab638c982abc069bba8a1abb235,654.8109597431239,5777.094841000001,1abb235
2026-08-08 04:12:13,day,crypto,45,0xf806326c78c600ef20abb84dd6baaf16cef9aee3,637.0386009999997,3150.6891729999998,436ghjgf6
2026-08-08 04:12:13,day,crypto,46,0xc3bc27ad4670daa290c33e5a1a8ebdc8baf680f7,632.6896378262863,5227.45407,af680f7
2026-08-08 04:12:13,day,crypto,47,0xd541994b350cdc836fb383e5d39a50bc1fede026,618.494165879918,3098.588205,Jkim123
2026-08-08 04:12:13,day,crypto,48,0x2dfcd1bf7beea9007e30c82dc8e7021eb963e4b1,590.47124671241,5020.202340000001,qqdd111111
2026-08-08 04:12:13,day,crypto,49,0x502b532f55778c0985846dc53a9bc71eb4f33b15,575.367907698077,5343.334016,0x502b532F55778c0985846Dc53a9bc71eB4F33b15-1761320484518
2026-08-08 04:12:13,day,crypto,50,0x565ca59275f81991bd9877d7fa8404c5ecf6519e,551.5951249999925,21961.1521,IamFKINGbankrupt
2026-08-08 04:12:13,day,crypto,51,0xe721a8c471ed9fb845055b6886512140a3a1c394,509.3122122519062,14736.396017000003,Stanlay7
2026-08-08 04:12:13,day,crypto,52,0x454c48b436e5dda7a186cc7e0ebeee2a1d1865cf,508.7931615525919,3361.943125,checkr3
2026-08-08 04:12:13,day,crypto,53,0x3048d65321be3497164cdfc2996f94f98a2e7537,506.62010917495354,27368.274711000002,twitter-CryptoWithGab
2026-08-08 04:12:13,day,crypto,54,0xae34fc7142bf90d630c97e16a55e3bee4583b37d,506.1183054759598,3361.8957969999997,nahhtr
2026-08-08 04:12:13,day,crypto,55,0x9bf4ab497adf5bcddcadbf4df761ce73a0680284,502.62658087974637,3361.826793,kchecko
2026-08-08 04:12:13,day,crypto,56,0x6db983ff1cbc85249e64e6ccd101aaa613ba4ab5,502.1432105190779,853.57,tsihkodiives
2026-08-08 04:12:13,day,crypto,57,0x5652090d21c85a9d1ca5b6a41fe07f3099fb00c9,499.25536426499457,0.0,AlphaBetaGamma2357
2026-08-08 04:12:13,day,crypto,58,0xa306c4311d72412600898f9485e7c1d40a3bc65c,495.4994212991369,3801.8558019999996,ethlm11
2026-08-08 04:12:13,day,crypto,59,0x1f85e6e3e41e5f1fe03f6cf22a52ae4e352ea51b,488.56656432748423,0.0,VibeyQuant
2026-08-08 04:12:13,day,crypto,60,0x119229b3e80b52250a766729475b2c8abf4dcfed,488.16651673848895,4188.163564,zmpl1
2026-08-08 04:12:13,day,crypto,61,0x0997f4b1f822423c65907c57963fe7191e1ec9f6,485.7520170000571,24975.93,0x0997f4B1f822423c65907C57963Fe7191e1ec9f6-1774334426166
2026-08-08 04:12:13,day,crypto,62,0x2e4d05beafd81a6e85bc0c6a94820d61ef34f703,480.02009421994444,0.0,woshiLimpeh
2026-08-08 04:12:13,day,crypto,63,0x8060e857ba6ba47cd39fe18787502bec16a044d0,462.43553671925605,6245.213273,0x8060E857Ba6Ba47CD39Fe18787502BEc16a044d0-1777318533786
2026-08-08 04:12:13,day,crypto,64,0x3f38fc22bfa4d82603eb95fcff04943ed0d22ab9,458.3045943067418,7762.318125000001,Starvoy
2026-08-08 04:12:13,day,crypto,65,0xc58e8d8a2479c5bea8d34b97cb0efbe0fa73c6b6,442.4121185472436,3574.804487,0xef9a0ef24gdf3546gheux246dd5gh
2026-08-08 04:12:13,day,crypto,66,0xc90ebd2a7cc3a08f748d2da1608bcefe133f2a62,439.4816529999662,1383.6831980000002,moen222
2026-08-08 04:12:13,day,crypto,67,0x037c0f46600702e77ccb738721a78d6418d3a458,433.07566762228817,8242.297131,0x037c0f46600702E77CCB738721a78D6418d3A458-1776941975810
2026-08-08 04:12:13,day,crypto,68,0x8bbe942498081a10fb587c1411d1122d2f6ab9dc,429.5056023015095,0.0,LuckyChole
2026-08-08 04:12:13,day,crypto,69,0x9def9524630e31ff90f884eed32c3eecfbf8d1a5,424.8613650500047,0.0,pbshine
2026-08-08 04:12:13,day,crypto,70,0xfbadadc8bcb3adf49fc819733045c53c9495e5c1,421.01742245723904,2991.131241,316544288
2026-08-08 04:12:13,day,crypto,71,0x2d8553bfc7dfdea6a87aec0d2c0c7d53ca18c543,420.39363645698904,0.0,ToldYouSo10
2026-08-08 04:12:13,day,crypto,72,0x1160696549a6e3e5d9b4a7ccaed0403902307d8a,419.96995080004854,11339.188450000001,0x1160696549a6e3E5d9B4A7cCaed0403902307D8a-1780892492627
2026-08-08 04:12:13,day,crypto,73,0x3b562d5e6addb5254a944c6c4c8b70970e0cb627,415.53171199999974,2201.354582,4576yuyu
2026-08-08 04:12:13,day,crypto,74,0x9fba7dd1430e1b8c04e0b1902b2b056ff4be39ee,413.11168108848904,2547.832013,9865221155333
2026-08-08 04:12:13,day,crypto,75,0xac3aabaa94cc6ce0f3063630956c3b6a7509798d,410.29961276700124,0.0,Loser12
2026-08-08 04:12:13,day,crypto,76,0xec4d5c8308134e9b271c69a1575c784e17ea4326,408.63739602531007,2725.2667200000005,vgvg6534
2026-08-08 04:12:13,day,crypto,77,0xcac32e8c4bd7742173b90ec39370e1b8b2d43942,404.5819451580426,2893.3377349999996,0x1c92d6ac3bc7fcad35a158926f
2026-08-08 04:12:13,day,crypto,78,0x1d7bcac80e0ffa0a445c64baf1a003a980b20d94,404.01971748662254,19970.988329000003,driveorigin
2026-08-08 04:12:13,day,crypto,79,0xf418d3a1a941292f9c8707d62a14980c5beb95a3,403.15009699980146,28290.393,TAKERNER
2026-08-08 04:12:13,day,crypto,80,0x4228048ea2f8f571ff2777cc32baee584c5134cb,398.0258649999014,3637.487882,trinity42
2026-08-08 04:12:13,day,crypto,81,0xde44d9a80c9769fe3e9745d612ae9d09074984b7,395.3944855449996,606.186181,Klagglehuzz
2026-08-08 04:12:13,day,crypto,82,0xb07f85d3c8fb81f36e472625bd10898e17723c41,392.28502152999863,0.0,brdnx
2026-08-08 04:12:13,day,crypto,83,0xb855975f0b0e3d8f47ba873805eccef5aa8ec1be,390.55881141016016,1899.896955,0xB855975F0B0e3D8f47BA873805eCcEF5Aa8eC1BE-1758207691872
2026-08-08 04:12:13,day,crypto,84,0x51928a6454475e6b0d883f5d6ba663670c83df62,379.60396966177177,8741.505145000001,sfafdsaferw
2026-08-08 04:12:13,day,crypto,85,0x661d589424bc21a094ad4849063a9e375c141d3e,373.11161471161176,11226.006346999999,Hazing6648
2026-08-08 04:12:13,day,crypto,86,0xd673df94d847898102c8eec850ccc606793c2305,367.73782176969735,769.899666,
2026-08-08 04:12:13,day,crypto,87,0xe339bba7fba043520d83516ce22add16beb6e01b,366.0526127840004,0.0,12Alexander12
2026-08-08 04:12:13,day,crypto,88,0x44ca33af5fbd1d9e98049b7a37ee5512cc46907c,364.15414438256744,764.8511920000001,trader-44ca33af
2026-08-08 04:12:13,day,crypto,89,0xdbade03fcbd18efbe7a4e20175e5eced771a9352,354.4967526600033,0.0,rabbit2018
2026-08-08 04:12:13,day,crypto,90,0x32835f17fbda571f0f02c0a3bf0a6f94d60a1da9,354.16054042000906,0.0,SBFfromprison
2026-08-08 04:12:13,day,crypto,91,0xb02fb4a8401c648afe4b3d30d7417c08228540e5,351.2193059999986,728.6200000000001,
2026-08-08 04:12:13,day,crypto,92,0x0bf96a1c55e6f47ea84335bc3fc08a89653efd90,350.00000000000273,1300.0,alboto
2026-08-08 04:12:13,day,crypto,93,0x81b4db4da1ba7f9a7ef5bd046d069d61411f12db,342.78960900000015,22299.874439,JIJIJIJIJIJIJI
2026-08-08 04:12:13,day,crypto,94,0xd0f1c48f7eb486764bd48eff644f7e66a73a6712,340.99122817649913,0.0,XRPisSH8T
2026-08-08 04:12:13,day,crypto,95,0xc53375ff94e96100f2b30a4b5775db35218d69a9,340.8721261749961,8617.768189999999,Its-Just-A-Bunch-Of-If-Elses
2026-08-08 04:12:13,day,crypto,96,0xa7011667f22c121c6cea7aab30192307c58c47cd,339.5984304200101,0.0,BadTattoo
2026-08-08 04:12:13,day,crypto,97,0xaf88052bd618b78912fb526a994e1ec8ad0c63ad,338.8243510000002,4292.731396,34636drghfdh
2026-08-08 04:12:13,day,crypto,98,0x7dd0ef80b582891d0961ec9cfc65a4d8cae12b4b,338.4847351460048,0.0,horatio
2026-08-08 04:12:13,day,crypto,99,0x894867c91419fd485cca1f353f32dcf6d9cd28d5,338.1193044194242,1799.966774,00008888
2026-08-08 04:12:13,day,crypto,100,0x0950965ae2d423a3db56c74899dd48d2fa744b03,327.98855700000126,4042.233488,0x0950965aE2D423A3DB56C74899DD48D2fa744b03-1773702140738
2026-08-08 04:12:13,day,finance,1,0x4ab9b54427ec4b7f3646b1a0ef1bed73bc708ebe,102266.86937,0.0,RWCS
2026-08-08 04:12:13,day,finance,2,0x6c3aae17140c5e3cde62380daaa323e38575c459,100287.227136,0.0,AvrahamEisenberg - 10161
2026-08-08 04:12:13,day,finance,3,0xa8cf2ed8751f4e58ad039e1b68a8b58b4395031f,85547.41699299996,0.0,
2026-08-08 04:12:13,day,finance,4,0x3d8a89a20aa73fba0f30d080e8120de9f9555724,50766.935668,0.0,Poyo
2026-08-08 04:12:13,day,finance,5,0x0d18e30e252008d83f51dae00d36873ddd9e24a6,29726.53863699999,0.0,MonsieurDimanche
2026-08-08 04:12:13,day,finance,6,0x0f35109cc3ceaf729609c3109310791bd616c84a,27254.641564000005,0.0,
2026-08-08 04:12:13,day,finance,7,0x782186952ef2ca75ea91c95aef25bbdcffb4bb1a,23607.800415098933,0.0,thif - 33063
2026-08-08 04:12:13,day,finance,8,0x95b198f900d19a80d3d7e47b7b17708af254f9ac,18124.591877,0.0,thepicklebomber - 3805
2026-08-08 04:12:13,day,finance,9,0x7fb23b0d330ea4ac4f3cecce1eb81fb0bfb3ed4b,14768.168524999995,0.0,
2026-08-08 04:12:13,day,finance,10,0x4f70929ba287ac85dc2431c85382ccd9e6b0d185,14234.245540373951,0.0,Lance Uppercut
2026-08-08 04:12:13,day,finance,11,0x15ae79d7cd60b2a7f06ae46eb4c7a0eb16096ffd,13228.384829999999,0.0,humiliating piglet
2026-08-08 04:12:13,day,finance,12,0x903221b1098263779ae19486028c844e8c338717,11412.823804000009,0.0,0x903221b1
2026-08-08 04:12:13,day,finance,13,0x322f041810cee536293dcb4c99fc23b3a766940a,10043.226767999999,0.0,Sports
2026-08-08 04:12:13,day,finance,14,0xe0eeb30d92eb2a995fc82b4e58def02c53e6fa3f,9426.288296831113,0.0,predictor - 3335
2026-08-08 04:12:13,day,finance,15,0x84898b583d56054b502c6564f3edfad43b54e211,8927.851561376445,0.0,JustLearning
2026-08-08 04:12:13,day,finance,16,0xfefaf44054fb92d87882f2bd24bddbd163487bed,8476.656116999999,0.0,vivaFujimori - 33031
2026-08-08 04:12:13,day,finance,17,0xae95a2fd8df6b5e621d583157d47412a6b066579,8274.744259,0.0,draintheswamp!
2026-08-08 04:12:13,day,finance,18,0x09fb8ab5f70b2140511c366451e0f02c3c10d01c,7974.457056,0.0,mkiaz - 1025
2026-08-08 04:12:13,day,finance,19,0x1f682adb9a5cf101bcf53a7cd00bc2c594f7c9b3,7677.93231,0.0,0x3177d25a95524e6d98843c78cd604b67fb1b92b9
2026-08-08 04:12:13,day,finance,20,0x7668efbca0df8195ba199d3e19cb768e8b3779ec,7415.563737,0.0,
2026-08-08 04:12:13,day,finance,21,0x0393b7a4c1e4a72564bf8287c7d1471ac9a61130,6550.193144999999,0.0,
2026-08-08 04:12:13,day,finance,22,0x7430669ff298f8dc78e3339448d4994e812d111f,6530.533578999999,0.0,zwe2edS1ms
2026-08-08 04:12:13,day,finance,23,0xb254cd171eb8d5b4b60703f99fd13474504bb70a,6116.458664,0.0,maga - 97
2026-08-08 04:12:13,day,finance,24,0x0af5f7ff9e6b4957e26d064b3218c38c59c87e3f,5982.980714,0.0,brian - 23314
2026-08-08 04:12:13,day,finance,25,0xf1302aafc43aa3a69bcd8058fc7a0259dac246ab,5774.41538150318,0.0,TraderRed
2026-08-08 04:12:13,day,finance,26,0xfcbe281f11f195423fdf458582e1215790b7aa8b,5171.851393012967,0.0,igot
2026-08-08 04:12:13,day,finance,27,0x9950ee8a9cf72226eb1f6f02b086c17198074f87,5064.889840753716,0.0,inanity - 38305
2026-08-08 04:12:13,day,finance,28,0x88186ddbea78ab3d65b7d08f0658b9c22037f265,4999.839805000004,0.0,
2026-08-08 04:12:13,day,finance,29,0xef1d0c6244e7a8c9640b08758a8425b5d2a5bdcb,4744.460834,0.0,
2026-08-08 04:12:13,day,finance,30,0x64310c79be3502dd17e88d9ca7df781700a66f1f,4403.783522999997,0.0,Sergeantx - 410
2026-08-08 04:12:13,day,finance,31,0x730ae359e9441f836022f7ec14b941fdc942a0fe,3882.4374039999993,0.0,rippopsmoke - 56
2026-08-08 04:12:13,day,finance,32,0x7789806c754eb0af4c3abeb026c218b4ba78f823,3870.9248070000194,0.0,VibesGreaterRules
2026-08-08 04:12:13,day,finance,33,0x63f8eb9f5f902f6637f75f10fc185e77b0f660ac,3859.364997,0.0,hmm ok
2026-08-08 04:12:13,day,finance,34,0xb5fc4d5388952dc7a798fe784fe659f9a20e5ca4,3468.848614999635,0.0,
2026-08-08 04:12:13,day,finance,35,0x8b5a7da2fdf239b51b9c68a2a1a35bb156d200f2,3044.8101619999998,0.0,Joe-Biden
2026-08-08 04:12:13,day,finance,36,0x687349b551df31c4a330bbaf1519458cb521d9e5,2966.8310484142407,0.0,ihatedmyself
2026-08-08 04:12:13,day,finance,37,0xfab242aa69777dda9ab74b6a6aa878555f3feacd,2845.680646,0.0,Luxy - 6433
2026-08-08 04:12:13,day,finance,38,0xc4c81a4e8e39d374b12e27a0373f6e2ccb4f8618,2757.944658,0.0,mhonkasalo
2026-08-08 04:12:13,day,finance,39,0x77394df08aef9a27d1a54172ed38cce3b347e42f,2586.790984000747,2917.49,ai-specialized
2026-08-08 04:12:13,day,finance,40,0xa8845b7cf1cdc5d63a226d7db2be64feb8119d7d,2537.449412,0.0,mbharus - 38295
2026-08-08 04:12:13,day,finance,41,0xbb90ad2434c27716e987f6318df47285c6ddffbe,2473.6647920000005,0.0,AceBaby256
2026-08-08 04:12:13,day,finance,42,0xae50d6935c736696a99c309a4dcabe1343b20354,2428.523338,0.0,dougiedigital - 11986
2026-08-08 04:12:13,day,finance,43,0x2b71bc97507076a80bd0000cdb134e4fc3041359,2402.6987620001287,0.0,97507076a80bd0000cdb134e4fc304135
2026-08-08 04:12:13,day,finance,44,0xb2d62e284ac9f13f09dcdd8accab61bfdd7af3bd,2076.737304265497,0.0,crystalfalls
2026-08-08 04:12:13,day,finance,45,0xae89da6594bb0d421c8d807d74e213f8729e90b8,2063.9462225200004,0.0,Ume-Chang
2026-08-08 04:12:13,day,finance,46,0x778f6b920f7b96b0a76b1711b495e429b932e2c3,2029.2884580005775,0.0,
2026-08-08 04:12:13,day,finance,47,0x495b97dcdd8e3e4ae7788ca6a53156cd4907e3fc,1971.7628119890958,0.0,uuuuu
2026-08-08 04:12:13,day,finance,48,0x5a9fa918bca3e2c55d5615e891f543231fd70485,1922.566682,0.0,Alex - 28
2026-08-08 04:12:13,day,finance,49,0x30af50d04b9c1ddef67ae39996f9607c0f14aa32,1816.1796949583552,0.0,
2026-08-08 04:12:13,day,finance,50,0xa6a8aa0792dfb4d2aecd481ff6e926822c01a884,1796.6459240000002,0.0,Degens - 740
2026-08-08 04:12:13,day,finance,51,0xee292607d48ecee93afc0fe9994fbe316f59c56d,1739.240313,0.0,How do I claim prizes?
2026-08-08 04:12:13,day,finance,52,0xc94171dab78729079b3eb6e14ad33ea60ab80a0b,1723.5970946048967,0.0,shangtr0n - 7868
2026-08-08 04:12:13,day,finance,53,0xf1bb700a67e3e8a45dc8160a92f4e0405f41bf09,1668.9680570000019,0.0,aenews-915
2026-08-08 04:12:13,day,finance,54,0x647683f0e175a692e63f9d6934498144805bdb34,1617.8293519999995,0.0,manofwax0824 - 7483
2026-08-08 04:12:13,day,finance,55,0x909a3abd5ec12fcaaccbb71ea27ff1410dfa7cd0,1603.81072,0.0,........
2026-08-08 04:12:13,day,finance,56,0x9d84ce0306f8551e02efef1680475fc0f1dc1344,1483.8333665362334,0.0,ImJustKen
2026-08-08 04:12:13,day,finance,57,0x51d8c16b487e3ef3bfa3daabf689fda2d26a2cab,1477.014933999999,0.0,
2026-08-08 04:12:13,day,finance,58,0xc97b0b2a2547bb3ed57167092ef8a6e816c347e5,1461.9910805590252,0.0,Avamax
2026-08-08 04:12:13,day,finance,59,0x77cfb716811a03a83ced6ffcfc1d9b8281930e71,1410.9405581017518,0.0,disko
2026-08-08 04:12:13,day,finance,60,0xdbe73eaa9359dafe7d481297945c9636cc06fb86,1396.389825,0.0,mfiskeaux - 18826
2026-08-08 04:12:13,day,finance,61,0x376441d19f56d43629d3872324dc2e648e13c5eb,1367.5850502750109,0.0,m3t64 - 815
2026-08-08 04:12:13,day,finance,62,0xe567b0d5c9c0a9468b970ebe12e799248d3c75a4,1350.248397,0.0,
2026-08-08 04:12:13,day,finance,63,0x814da9245a05f2d9db142357a80d13784e6da04f,1327.145716,0.0,
2026-08-08 04:12:13,day,finance,64,0xba5e052730edceb1258b1ca575f824eb975c6598,1284.276551,0.0,signme
2026-08-08 04:12:13,day,finance,65,0x736539924a5602b37a03a54fc12c1cc8f98964da,1270.407689261996,0.0,cqk
2026-08-08 04:12:13,day,finance,66,0xb8128d057e3b64d422af55e2f41b2c8cf832be01,1234.020243,0.0,UGLY-domer-HAHAHA
2026-08-08 04:12:13,day,finance,67,0x0c0e270cf879583d6a0142fc817e05b768d0434e,1226.5365230000025,0.0,The Spirit of Ukraine>UMA
2026-08-08 04:12:13,day,finance,68,0x962c3a66dd4ce862da1d3b5f83e8620652fef969,1198.9465649999997,0.0,baseline
2026-08-08 04:12:13,day,finance,69,0x5115160eb59eb7f82e0af3f0c9f0d340ad8fe1a2,1179.15973,0.0,
2026-08-08 04:12:13,day,finance,70,0x80265d2042b57193d645af089d215f5d7a5311f0,1154.577019,0.0,
2026-08-08 04:12:13,day,finance,71,0xf78a94a5e8df10bd9f1307dde3337c6970476537,1126.682719,0.0,kkatanchi - 13112
2026-08-08 04:12:13,day,finance,72,0x69cd9827ce7eb000837c27a60197191dda8e2400,1125.273625,0.0,1423
2026-08-08 04:12:13,day,finance,73,0xa48ee028dee3e4c691381a9bae7f16e710cd7154,1124.5784736259684,0.0,dirmity - 1256
2026-08-08 04:12:13,day,finance,74,0x56c9fbdeccf198f1f5ad95ace39b24f5f7fb0d9e,1114.1225829399991,0.0,redvinny
2026-08-08 04:12:13,day,finance,75,0x935f1d59317acc6b72240ae659b46345e123aea6,1097.359049,0.0,jquintanan - 19993
2026-08-08 04:12:13,day,finance,76,0xafd2855a086ad4fba71a7c3f53a4e236f9bc1044,1000.6337970000001,0.0,gpredicts - 2735
2026-08-08 04:12:13,day,finance,77,0x31bde87de495e7e0112e4ee60f6591838b2f1a75,982.403051,0.0,LL - 6284
2026-08-08 04:12:13,day,finance,78,0xcf790393daf6c90ca07f0b198a100040a3245ed5,974.302737,0.0,icecreamrocket
2026-08-08 04:12:13,day,finance,79,0xc4be6f1b2d6737006a20ea3c6f4b94b7ce065dd5,951.236348,0.0,archimedes - 2599
2026-08-08 04:12:13,day,finance,80,0x62d2bcd198bb6eab8b7eeb9d2061815dc02b9eb7,902.0365670000065,0.0,ANudeEgg
2026-08-08 04:12:13,day,finance,81,0x0b30110c445725d8746d61fac60f67da456d375c,887.795887,0.0,cnute - 38312
2026-08-08 04:12:13,day,finance,82,0xf66f1f8f742b301e03eed9480956373a6ef98e0c,865.8436152350096,0.0,ronm238
2026-08-08 04:12:13,day,finance,83,0xb0e63a822ca959f0311a043eded8bf6a0d99a76a,835.0958820000001,0.0,UGLYdomerHAHAHA
2026-08-08 04:12:13,day,finance,84,0x5c74ef117cf3647154b20dc70c86c0ac666d1c9a,821.786648,0.0,Bman527 - 16841
2026-08-08 04:12:13,day,finance,85,0xe6f0bcad743aca1d8eab31b3e72019f222267f00,808.9185815787905,0.0,0xffd01cdb802d35abf484d64f77baf053a3b126f4
2026-08-08 04:12:13,day,finance,86,0x43372356634781eea88d61bbdd7824cdce958882,762.7517050899842,0.0,Anjun
2026-08-08 04:12:13,day,finance,87,0x72dfe24820a5aa4037c7f746fd27f433e973387d,762.730984,0.0,Orb-961
2026-08-08 04:12:13,day,finance,88,0xf6129c47f5ef4cab25f3aa67b5e3aaac77b15700,757.2212639999907,0.0,Skip-Earthwax
2026-08-08 04:12:13,day,finance,89,0x8b5eb9aa03850e10b57c447cc58b4e3ce17e5692,753.8156600000001,0.0,cthiebaut
2026-08-08 04:12:13,day,finance,90,0x89404b1194eb41166ab6f9d3efdf6eb11d3b1bb5,752.805575,0.0,MikeMcdermott - 72
2026-08-08 04:12:13,day,finance,91,0x4c0340f93e3c590118fc6e35215d51ce7dc80cc1,752.3515990000001,0.0,terminalline - 20450
2026-08-08 04:12:13,day,finance,92,0x593376993ef3c859013ed1c00064e1939d934b4f,739.532016,0.0,nostra - 4223
2026-08-08 04:12:13,day,finance,93,0x686e6a5b0d5d240e738c3aff0377b9596846fda2,737.276221,0.0,lesserfool
2026-08-08 04:12:13,day,finance,94,0xd7da4374a7f25bbfc907fa08480f6559c7adca5d,725.370678,0.0,kenzie - 19708
2026-08-08 04:12:13,day,finance,95,0xb672fadc8ddc4885bfaefb459c8b66822a13a665,721.201861,0.0,benedicthsieh - 18327
2026-08-08 04:12:13,day,finance,96,0x3c125b06575d4ec62c64c782676521b0405662f3,707.9349590000002,0.0,low risk enjoyer
2026-08-08 04:12:13,day,finance,97,0xeb914a1ccf7475232fa078f8121e9c8d2c4a4002,704.963356,0.0,---
2026-08-08 04:12:13,day,finance,98,0xbd493da0c6cba70771dd8b85c805cdc54d2ad059,701.438192,0.0,anish
2026-08-08 04:12:13,day,finance,99,0xaaf4acafbb7980ce93631d238eb10a5c4ca67883,700.4118199999912,0.0,Squee
2026-08-08 04:12:13,day,finance,100,0x368dab93ea5593628d0b7d778c0801fd3f332a24,674.0309443784679,0.0,
2026-08-08 04:12:13,day,culture,1,0x44c1dfe43260c94ed4f1d00de2e1f80fb113ebc1,3898.2485895249993,0.0,aenews2
2026-08-08 04:12:13,day,culture,2,0x4755188644460fc8140a18ccefc1e80b6a5e4158,1919.5045099999988,0.0,schizohedgehog
2026-08-08 04:12:13,day,culture,3,0x2b3d1e9bdf941d435dc91a8b974b86f7064c8db7,1671.3240261944302,1384.0,crckr
2026-08-08 04:12:13,day,culture,4,0x9aeb534c42b58b21673d5e03e9da14fbd15b2729,1491.6556947801582,7270.68,The-Joker
2026-08-08 04:12:13,day,culture,5,0xe2b1fc269d0c2e27da11fadd1d9596fe28227d2a,1437.6375198128953,40916.590000000004,New.Jeans
2026-08-08 04:12:13,day,culture,6,0xb1ca909e848cc24ec4e220ce1c453bc290c51705,1190.6336962968307,28448.960287,R79dgahr
2026-08-08 04:12:13,day,culture,7,0x5ccc29d31afb02b07462114349b9bda1b612edb7,964.0755150000005,0.0,KingOdysseus
2026-08-08 04:12:13,day,culture,8,0xf797d4d1c038d1eb0593edae0e66bf8e4b2e0bf2,873.8807826760058,11100.61,DerDon
2026-08-08 04:12:13,day,culture,9,0xb10047d6a254b2ebb306d7a7d13bf59171ab6461,504.60914294297254,25685.698804,Parz1vaI
2026-08-08 04:12:13,day,culture,10,0x96489abcb9f583d6835c8ef95ffc923d05a86825,495.9576443949918,0.0,anoin123
2026-08-08 04:12:13,day,culture,11,0xbe78735039230635d5debcdc11400619d7e2c533,467.04424000000654,0.0,0xBE78735039230635D5debCDC11400619d7E2
2026-08-08 04:12:13,day,culture,12,0xd6bee3372a632e19d8c7dfc5985b720c286fa543,432.58148105699956,0.0,Marsache
2026-08-08 04:12:13,day,culture,13,0xf1ef8705e9f63c790c6fffd6329aea7011718cd6,357.0339499999991,6.79,Outsid3rTrading
2026-08-08 04:12:13,day,culture,14,0x04bf21c2527ae8d54a2f713a6420c608366c7caf,338.3415382800049,0.0,Red781RuM
2026-08-08 04:12:13,day,culture,15,0x8e8d8163c34d90ce063c7438637a0e5c3ffa5a27,325.24237857350226,890.1299999999999,Geromi
2026-08-08 04:12:13,day,culture,16,0x1f9e15f39bbd5d163b0eacf0fbef647ced9e4f1a,310.47895270956815,2077.427133,BirobidjanRepublican
2026-08-08 04:12:13,day,culture,17,0x2a019dc0089ea8c6edbbafc8a7cc9ba77b4b6397,294.95251009162166,3179.605817,aviato
2026-08-08 04:12:13,day,culture,18,0x7f42267ac46ce8c160830b3052d93bba2cf236ff,293.5796899999841,0.0,waterwaterwater
2026-08-08 04:12:13,day,culture,19,0x2ef2887692386bebad6ef3df9fd3d0e223047f72,277.9988613645073,7000.0,fghsrthrhrshrsth
2026-08-08 04:12:13,day,culture,20,0xaae9b2c5ad90e82b5068c7f8a4b491997633d661,271.66795176499545,0.0,ZorroDeLaVega
2026-08-08 04:12:13,day,culture,21,0xc684828f6b03487759ced2ebdd975f91f3532228,262.82600551802534,0.0,oliman2
2026-08-08 04:12:13,day,culture,22,0x5d2f49295387e01a49f0a3e59449ceed791c4adb,260.21486595999886,0.0,MikeMoore
2026-08-08 04:12:13,day,culture,23,0xf49ded4b0c5c86687cfcfca354a7b06628137e5b,257.9485736099996,17.61,barcaa
2026-08-08 04:12:13,day,culture,24,0xd48fbb1cae18cf7d956277271ce4c712513e2132,230.60022299999946,0.0,Rocky0420
2026-08-08 04:12:13,day,culture,25,0xc9727ed498a58a9e8e8758d51c5a4eb0b752dcd9,225.34203098191938,314.779821,catalanpaths
2026-08-08 04:12:13,day,culture,26,0xe39783f92ee0985f1ab5fe514030f946825abfcb,217.42434858399974,0.0,0xzipper
2026-08-08 04:12:13,day,culture,27,0x9574537d031ac68f2fefd4780e930d448a860089,207.82739999998012,0.0,0x9574537D031aC68F2FeFd4780e930d448a860089-1776565971121
2026-08-08 04:12:13,day,culture,28,0x5e39013a1d7c4b502ad2ea073d7e8a0469ca352c,204.89018797549397,0.0,0x5E39013a1d7C4B502ad2Ea073d7e8A0469cA352C-1765309578276
2026-08-08 04:12:13,day,culture,29,0x4b2d0bbb55b0f92e30edbf2e5f944b089a6af0d4,203.39584087299954,0.0,VvVvV
2026-08-08 04:12:13,day,culture,30,0x5095e97281f28d4d8549fd3834802c24cbb793ee,194.3211343895382,360.58,0x5095e97281f28d4d8549fd3834802c24cbb793e
2026-08-08 04:12:13,day,culture,31,0xe5bd42e02dc8c05b31514c1596eaf82d3e52339a,176.89838234839772,61.19,Kaiji123
2026-08-08 04:12:13,day,culture,32,0x21f41e8e53a9ea8f9eacf4db99961e37f610b8ad,174.92932705499993,0.0,UZZ242
2026-08-08 04:12:13,day,culture,33,0xd8d5289c35124b5353f5a10a28b8cc29aec38935,172.3759952335006,0.0,D8D5289c35124b5353f5A10A28B8cC29aEC38935
2026-08-08 04:12:13,day,culture,34,0xa18166afa109f6013edb74ce02b0798970daece8,171.99263575087525,1933.708137,Sagand
2026-08-08 04:12:13,day,culture,35,0x590ed3d1a14ba08cad23f5c513bad6301772e43d,162.59076701464437,14428.317874,smalltimezzz
2026-08-08 04:12:13,day,culture,36,0x25a74e4d0795b842a4e8e934620781e3c5f48b7c,160.7085586919997,0.0,cerco
2026-08-08 04:12:13,day,culture,37,0x4262c6daf3103188f5b0ade4b61326f09cbb0ef2,155.32161260500015,0.0,patouossa
2026-08-08 04:12:13,day,culture,38,0xf036f9631ae2fc83821b3a8581892109d506b8f1,141.329230000003,0.0,Randomfool
2026-08-08 04:12:13,day,culture,39,0xa7ce6905990451685b70082424ac9129418d6398,136.65758955900674,0.0,someone2026
2026-08-08 04:12:13,day,culture,40,0xeface9902242b0399856f981600b907dcc9bc9a1,134.67832840589563,428.0,macrosteaks
2026-08-08 04:12:13,day,culture,41,0xe32b46a28b649031939a78ee47fca260758a626e,132.23339499999986,0.0,Contradict
2026-08-08 04:12:13,day,culture,42,0xb1fea225cd6d19c4df7b9126855d0992dd552b70,124.78079000000434,0.0,zubizubizu
2026-08-08 04:12:13,day,culture,43,0x913f5f691ce0a947cf60cd573cbdc7c66d8ec676,121.12626713998725,1863.39,0x913f5F691Ce0a947CF60cD573CBdC7C66d8eC676-1774844074915
2026-08-08 04:12:13,day,culture,44,0xf2f52144a3936d4400b52ad6a2e4dbd7993e137e,120.74625693300004,1053.4499999999998,coinflip123
2026-08-08 04:12:13,day,culture,45,0xb476d52d74d0ecd55fb80f9bc96e93a267ad6eac,119.58093190199861,0.0,vad1
2026-08-08 04:12:13,day,culture,46,0x3eae57986be5e0ca435102ffe1f14206ffa2e2ed,118.57601209249697,0.0,thoodr
2026-08-08 04:12:13,day,culture,47,0xdff848bc245f1db1f8ad42b630a506955e213c8b,116.67764999999986,0.0,jimmer-fredette
2026-08-08 04:12:13,day,culture,48,0x35f3f632e298b77df6acd316687169d15be3cfd0,114.57588000000396,2000.0,RickRockRick
2026-08-08 04:12:13,day,culture,49,0xa59c570a9eca148da55f6e1f47a538c0c600bb62,111.86418196148588,0.0,Prexpect
2026-08-08 04:12:13,day,culture,50,0x8eab0c46127830072631db88e9dbaeb0b953a56d,110.92908050612459,1046.0900000000001,LinaBell🦊
2026-08-08 04:12:13,day,culture,51,0xa15655c43a7e4b50190d1f14198e80da86a1cf02,109.59784812651117,1093.31,Crabsoup92
2026-08-08 04:12:13,day,culture,52,0x34a9e26af9bcec22a27cbc96f55cdbb39ad74cfd,106.97271800029102,1867.365293,
2026-08-08 04:12:13,day,culture,53,0xe1b361d6a6f237b9ed7534d19b232df8369e1426,106.79395867200037,0.0,tja
2026-08-08 04:12:13,day,culture,54,0x616757230cfe930b016c4cde0620f58f6ede4447,106.42655000000363,0.0,0x616757230CFe930B016C4cde0620f58F6edE4447-1777974223801
2026-08-08 04:12:13,day,culture,55,0x0472be969b34d2f39bfff6583a2788d6eac3fc04,104.68721133299096,0.0,Jasonzz
2026-08-08 04:12:13,day,culture,56,0x7373d0b5e3b1ca7ab3eeddd985b797c760e33964,99.38240873500013,0.0,klfn2
2026-08-08 04:12:13,day,culture,57,0xbe74297ff19030f104ce1d538709f43b30eca70e,98.39727149199871,698.16,title1
2026-08-08 04:12:13,day,culture,58,0x2924d14ef7fb302d7d520c2394310409fce5dcde,97.9278466380074,2526.67,0x9b257ead1a6240d4ab5c2ae0253
2026-08-08 04:12:13,day,culture,59,0x1bdf96c53e8922cf09d310b146f3972bd3df1b74,97.65344552900035,0.0,Moribundus
2026-08-08 04:12:13,day,culture,60,0x014c4e7ae2145992861c2d1b124af633a97f820c,95.56870999999956,0.0,Hyperlong
2026-08-08 04:12:13,day,culture,61,0xa815f590e64fa64d417df72c581a32f5ff449cbe,92.55467364140168,243.35,Numitus1994
2026-08-08 04:12:13,day,culture,62,0xf7bbfd4588f578697c0051e855d5d1a8838ba9f7,91.70275654000125,1020.88,PiMaak
2026-08-08 04:12:13,day,culture,63,0x6a70050e907b6be5457d9681a14e4d2f4a3a18f0,90.99593091800125,60.0,ToastGato
2026-08-08 04:12:13,day,culture,64,0xd676535f347c3be8a531bf08ff1bd417c530a859,89.10009999999973,0.0,0xd676535f347C3Be8A531bf08Ff1Bd417c530A859-1777974700203
2026-08-08 04:12:13,day,culture,65,0xd7f7dd64c728771365f3aacb638e3936ead29ed6,88.46144092000372,921.72,0xFd67277Fa638e39eaE6
2026-08-08 04:12:13,day,culture,66,0x11c845e14e46efca7d6df7358e0a18491e10be84,86.76687350499947,146.81,Asibula
2026-08-08 04:12:13,day,culture,67,0xad5353afe30c2da57709e2704ef3ccdcf67eef24,83.05807108460249,521.6247000000001,AJSV
2026-08-08 04:12:13,day,culture,68,0x59a1799a1a276a35def6d6ef817b67756dd4a8d1,82.75866500000689,0.0,LuckyMANNN
2026-08-08 04:12:13,day,culture,69,0x45e6df48ccf5d1773d509c97052f819690cec078,82.46921202249993,0.0,0x45e6Df48cCF5d1773D509C97052F819690cEC078-1782111207998
2026-08-08 04:12:13,day,culture,70,0x860d81da0e4f6ddfc9635b6c6b26316505a26071,81.34239420600079,0.0,Bunter.Hiden
2026-08-08 04:12:13,day,culture,71,0xa755e05fc6eb8c017d21bb1579be392b53fab5dd,76.90126984815197,592.5,abcdtrader
2026-08-08 04:12:13,day,culture,72,0xc33d6aa3eb972639f31e46a6a02201cece380d40,75.47632025999974,279.19000000000005,penguinec
2026-08-08 04:12:13,day,culture,73,0xfdf17710c572a46e992978d380cd27b1538c7195,75.29314399999998,0.0,GvLBV
2026-08-08 04:12:13,day,culture,74,0x5cd5c8d7a17c78d7389d8b87b611aed83322ac33,75.2776074426074,2259.4366650000006,nonkenny90
2026-08-08 04:12:13,day,culture,75,0x6b25c5c4d1e681d2203297803793ad8c732b7a69,75.16593206346698,248.962689,
2026-08-08 04:12:13,day,culture,76,0x82882d761b0d7f18b2cc286117d10cd8a15a5519,75.00000098633973,0.0,Sugarina
2026-08-08 04:12:13,day,culture,77,0x33b3b135660b97b4ba65dad30bf07c7d2281d03d,74.30198849049998,0.0,youturn
2026-08-08 04:12:13,day,culture,78,0x28ca4e9a04531f2eac0c2770f95db4e1c6a65d19,72.99713565802995,121.28555399999999,DuneMentat
2026-08-08 04:12:13,day,culture,79,0x5c8e3aa9bb80b7f0ef234451f693af6cba118d30,72.26966751999987,2244.8,OlderBatman
2026-08-08 04:12:13,day,culture,80,0x2564f113776b17215b8c2a69afb35ae29713f258,71.89414721231508,510.36000000000007,79fsdfs
2026-08-08 04:12:13,day,culture,81,0xe83c02ddb322e408b686fe133b509235f46b04ce,71.71136218895845,749.585553,0xD0f99f553bC376E8b86246295d679dC86334d400-1775513252892
2026-08-08 04:12:13,day,culture,82,0x81b71c7cdef789b767ce95a286120a0c5efdd59f,70.81447793449995,0.0,ivybaby01
2026-08-08 04:12:13,day,culture,83,0xdc71bed951076a6dfd27f6a341c441b8543ed033,70.25893756002188,0.0,0xDc71bED951076a6dfd27f6A341C441B8543ED033-1760135940099
2026-08-08 04:12:13,day,culture,84,0x2892ea81ccc646db98819a1c7ac03c56227d71dd,69.54848635899998,0.0,ransack
2026-08-08 04:12:13,day,culture,85,0x645010599c2219edf6f8c49b1c09c8e95d03ab14,67.5286000000001,0.0,SamBankmanFreid
2026-08-08 04:12:13,day,culture,86,0x6df766e3e23ecf297342f37b5783ac066fb8afb0,66.24879269000667,0.0,Poiuztrewq
2026-08-08 04:12:13,day,culture,87,0xb84ca5f197a73429f608842cd75ebbc7c578e169,64.96522905399934,0.0,return-of-the-king
2026-08-08 04:12:13,day,culture,88,0xe86bd513ee0e7079ca0bd51b2cbe07d16e8f9371,63.63956799999994,0.0,Monies-For-Nuggies
2026-08-08 04:12:13,day,culture,89,0x90f7180856b033ea45200d892a7bc49fd1662501,59.011750000000006,0.0,ineedmassage
2026-08-08 04:12:13,day,culture,90,0x7dcf235766e6b09c8869468a75d5495cf171a7bd,58.50262678809895,367.237112,godblessme2026
2026-08-08 04:12:13,day,culture,91,0x2b340fca886b3c7a2cc928c4a89162133fe4b202,58.48559205657148,853.1499999999999,Fluo
2026-08-08 04:12:13,day,culture,92,0x67ce0b32276a178f6b2f9ec4f82850d0abdacd2f,58.018644999999765,0.0,btcuser1234
2026-08-08 04:12:13,day,culture,93,0xca4e92ce46d71a9fad74805470a84ee3d576f97e,56.108499999999935,0.0,0xCa4e92ce46D71a9FAd74805470A84EE3D576f97E-1764958694511
2026-08-08 04:12:13,day,culture,94,0x524db836890e08aceb3abcdee98d44240e324495,55.386325000003126,0.0,Mac-Gyver
2026-08-08 04:12:13,day,culture,95,0xc97b0b2a2547bb3ed57167092ef8a6e816c347e5,54.42561914899852,0.0,Avamax
2026-08-08 04:12:13,day,culture,96,0x3add71d110976c0595b3f2c4b9018b0f382eea11,54.34618569878785,25.0,jjsymonay
2026-08-08 04:12:13,day,culture,97,0x38e59b36aae31b164200d0cad7c3fe5e0ee795e7,53.57467515112876,139.0,cowcat
2026-08-08 04:12:13,day,culture,98,0xa0f21e6d351baa9185716b5c00c2925ed9621848,53.44635272799995,0.0,
2026-08-08 04:12:13,day,culture,99,0xed107a85a4585a381e48c7f7ca4144909e7dd2e5,53.26832340104738,26.95,elmcap2
2026-08-08 04:12:13,day,culture,100,0x368ba69507fd67972059fa178af5e459b72f2458,52.89483992799978,0.0,RockyZet
2026-08-08 04:12:13,day,mentions,1,0x71f55f2605ead44c73e080b37e5d162882724cce,167.09022390771963,1069.85,legendofanime
2026-08-08 04:12:13,day,mentions,2,0x143732d8a06bd1596c694f7873cd493be80aacfe,112.24661049999992,496.25539999999995,frozenriver
2026-08-08 04:12:13,day,mentions,3,0x38f50488b14a87769e0c5cd6c514b6c2e8ec6824,84.62936500000251,0.0,OxfordExpress
2026-08-08 04:12:13,day,mentions,4,0xeface9902242b0399856f981600b907dcc9bc9a1,51.72892532904007,271.79999599999996,macrosteaks
2026-08-08 04:12:13,day,mentions,5,0x66c1a6fe836ff555ca32848646acedbbe93bfa3f,46.35319999996864,0.0,Tian-Wen
2026-08-08 04:12:13,day,mentions,6,0x4aa87d513621c74a091f514e9c14b52377f46531,27.749559680679113,1327.661763,0x4aa87D513621C74A091f514E9c14B52377F46531-1779355201172
2026-08-08 04:12:13,day,mentions,7,0xbe0e2ccaba04e1cff6328df819aba5648578d429,25.672948200000974,149.48975000000002,hesure
2026-08-08 04:12:13,day,mentions,8,0x30687f44db250f7d914acb4ddc9634c3400e083d,25.0625,0.0,YoungMoziRPG
2026-08-08 04:12:13,day,mentions,9,0x4d0e9b029700163625c551a0073636f3dc5ec45b,22.82884499999909,0.0,yougotme
2026-08-08 04:12:13,day,mentions,10,0xe8c4d68aff65b38cac46987b9b65e01eb47d395d,20.475510000000668,0.0,JAMJAMJAM4
2026-08-08 04:12:13,day,mentions,11,0x81b71c7cdef789b767ce95a286120a0c5efdd59f,19.382157437500002,0.0,ivybaby01
2026-08-08 04:12:13,day,mentions,12,0x21ffd2b7a212a6f277ed3eca1a9f8efcbca90d71,18.054413903999375,280.17368,Haradwaith
2026-08-08 04:12:13,day,mentions,13,0x7bff96579b20fe3530e140d6a3c223c9f2127cd6,17.0,0.0,KingZeManel
2026-08-08 04:12:13,day,mentions,14,0x30f67d821c57a54e25e5e521dbd3b5b18309004f,16.42163927999991,45.0,shiifoo
2026-08-08 04:12:13,day,mentions,15,0x100433732983db00fab5191866e5d1a64832fe20,14.867799999999988,0.0,0x100433732983Db00fAB5191866E5D1a64832fE20-1767835906221
2026-08-08 04:12:13,day,mentions,16,0x87046cc15301a1eb23a62d5a53d44301c4963b94,14.422415000000072,14.01,0x87046CC15301a1EB23A62d5A53D44301c4963b94-1771603855483
2026-08-08 04:12:13,day,mentions,17,0x3e27e9bda4f806ff31c592d7e9bead7de8a2d079,13.9102988,77.05,Brainify
2026-08-08 04:12:13,day,mentions,18,0x46b353667fd7d846af3bbeda6584b0e5b883d3de,13.454781999999796,55.9764,bjprolo
2026-08-08 04:12:13,day,mentions,19,0x1cfc260bfa2b5ae89377863180ca3b4f5c862111,11.907999999999447,0.0,lissartter
2026-08-08 04:12:13,day,mentions,20,0xf9a23d70c3429c582dce8737fc7d818f9044a79a,10.0,0.0,bau7
2026-08-08 04:12:13,day,mentions,21,0x96120a6749ffd7e1c7619a67fa0389e16023205a,9.999790560000008,0.0,px1
2026-08-08 04:12:13,day,mentions,22,0xb37f3f453a78aebc6f39bf577f2d53708dadfdcf,9.921999999999798,0.0,Wwx
2026-08-08 04:12:13,day,mentions,23,0xc602e34792d9a5e129f3404daef2df43d1d37fc1,9.859584239500691,0.0,Dr.PNL
2026-08-08 04:12:13,day,mentions,24,0x065dd704409d11f5679f00f38e02f19f4418a672,8.600000000000001,110.0,fvfvwww
2026-08-08 04:12:13,day,mentions,25,0x0cb10c40b0776e9ee8cef970af85724654dda76c,8.424169699981576,180.0,FilibusterTerminator
2026-08-08 04:12:13,day,mentions,26,0x52ebca459280966f4a56240a05e38df8527067ac,7.927999999999884,0.0,AMAM13
2026-08-08 04:12:13,day,mentions,27,0x50b977391c4b3dd88b0a0bef03c3434fe4284298,7.642499999999302,25.0,rocketcrypto
2026-08-08 04:12:13,day,mentions,28,0x726c6e3d5cdb1a8a97b38c0e2d88448b19d66bfd,7.108992120000039,0.0,idl
2026-08-08 04:12:13,day,mentions,29,0xc7d02944a76b9f83b199e9090ecc92c82d241f8a,6.627143940000224,0.0,0xc7D02944A76B9F83B199e9090ECC92C82d241F8a-1776944395495
2026-08-08 04:12:13,day,mentions,30,0x42bcce5ce467243cbe40a9e67eb2a6a6873a63e3,6.488999999999919,0.0,0x7b9364a44EE7593250364177
2026-08-08 04:12:13,day,mentions,31,0x076c05b742f2663631a88a7cc9f108e6ec254cb9,6.29358964,0.0,duckyduckybathtime
2026-08-08 04:12:13,day,mentions,32,0x81a994924efdbed20c3d360bbea3913b0b6bdf08,5.549999999999997,0.0,zishuai
2026-08-08 04:12:13,day,mentions,33,0x2213ea2051bd7706ff0e294d6ed05c0802d2492c,5.327456608070997,355.3,runechiters
2026-08-08 04:12:13,day,mentions,34,0xf60fb8fa9df77178ce3b2a0efc86d28ec4e957a8,5.062029276500041,0.0,kirit4
2026-08-08 04:12:13,day,mentions,35,0x8a4ec9c5684b23599bb1dd827b8a5673c2fab38c,5.0,0.0,Jamieeee
2026-08-08 04:12:13,day,mentions,36,0xc80ffc66a00a1a688f68e588b32487cb573e93c8,4.5702,200.0,leur0p
2026-08-08 04:12:13,day,mentions,37,0x55ab6191d1d3609f6ffb12f17d56fe9453da4f88,3.982076209999832,0.0,pengu-n
2026-08-08 04:12:13,day,mentions,38,0xfd819102c1fcd36f8be5705ea5b566c41ac1afa3,3.874895300000002,0.0,
2026-08-08 04:12:13,day,mentions,39,0xff1e352d5310eab17d1e9fd7e00ec33f16c05e2d,3.8229552799999844,302.32,GlobalMuffin
2026-08-08 04:12:13,day,mentions,40,0x9e8ecc4cb3c4e48f544cba2fbbb252a6a65e8db8,3.7507357197027886,0.0,DREAMBIG.
2026-08-08 04:12:13,day,mentions,41,0x5028d34cd2691f64255971410d595289a2a191c5,3.6599999999993997,0.0,rocky42001
2026-08-08 04:12:13,day,mentions,42,0x396f35c4d4f84c0a6c5f3b13e40e1de550367f78,2.9488488900005905,270.82,lranon2nd
2026-08-08 04:12:13,day,mentions,43,0x1fcc97d92bccec98ab57be7f286c94425d77701b,2.8643080399997416,0.0,.heart
2026-08-08 04:12:13,day,mentions,44,0x22a42db19a1dd2d7c214e1043a6c557c8eec13e5,2.7500000000000284,0.0,abc3
2026-08-08 04:12:13,day,mentions,45,0x277989790d4a8c782d7a4992e13c2dcaa031239a,2.7148022100009257,0.0,balabalababalabala
2026-08-08 04:12:13,day,mentions,46,0x75978edaeed0b4aba863a73f7bcb4ab6205e5f01,2.542372600000135,0.0,ruletheworld
2026-08-08 04:12:13,day,mentions,47,0xbcd671efdc5dd18016e7577c8f05e2db8452f3c8,2.491356529999969,0.0,AutoOdds
2026-08-08 04:12:13,day,mentions,48,0x9e0583c5ccdbc09245ff28684728ec2efba858aa,2.4574647200000044,0.0,tbr001
2026-08-08 04:12:13,day,mentions,49,0x4d8c82ce3fcdbbbd21cfc1c7d46535c5eb2daef2,2.4190500000000004,0.0,sony11111111
2026-08-08 04:12:13,day,mentions,50,0x9dca6d346f362b139ef507a61df066e695f0ebaa,2.3999999999999915,150.0,Hugooo1
2026-08-08 04:12:13,day,mentions,51,0x87650b9f63563f7c456d9bbcceee5f9faf06ed81,2.3950729999998543,119.0,2B9S
2026-08-08 04:12:13,day,mentions,52,0x716934e59ade35d8c7469816542e368e744e3ca6,2.281443277388007,38.80659200000001,0x3329cfc2b8d8ceb8d198f081bdf4262f421f43a
2026-08-08 04:12:13,day,mentions,53,0x1a94ff77cdc335af43ca58939cc851a6ae6b78b6,2.259999999999991,0.0,Terfa
2026-08-08 04:12:13,day,mentions,54,0x0e338b48e77a273b0540f008dc010097ab487dee,2.2521807900000006,0.0,Farlight
2026-08-08 04:12:13,day,mentions,55,0x5a7f8df634f7ab59ce94b970f5b2ad20770d6413,2.206482783335005,20.666665,gonnakilmyslf
2026-08-08 04:12:13,day,mentions,56,0xdc15c170015bb7fa3bda49ae394341284877cca6,2.091040224999915,0.0,smlptm
2026-08-08 04:12:13,day,mentions,57,0x8a173ae3540bf3dfccbf62ef44cb8095db9a9f96,2.0745677600000008,0.0,
2026-08-08 04:12:13,day,mentions,58,0x8f13db915cca106e6330e8a39996c0a875d8daae,1.975987279999913,269.79999599999996,rocky42019
2026-08-08 04:12:13,day,mentions,59,0xa7fea388f955a9517067111030eb771c6d911f3e,1.9304999999999382,0.0,Faston
2026-08-08 04:12:13,day,mentions,60,0xf0acc505d85f9c520fef51017bb5f0a4f63780c0,1.9225805999999963,0.0,liverpoolfc
2026-08-08 04:12:13,day,mentions,61,0x1e60d8a80fa1c49b4e5b3f7b0043ef1bc08fdd19,1.7450000000000045,0.0,ImBadAtMath
2026-08-08 04:12:13,day,mentions,62,0x510f4963b66b1b18505faab74b0bb943d1dda43c,1.689840667925921,233.942856,PPMT
2026-08-08 04:12:13,day,mentions,63,0x5e507cd1b1136f55b5487089cf424df9d257c665,1.6258873900000061,0.0,mamofaker2
2026-08-08 04:12:13,day,mentions,64,0xd8b266503721e565658dc396616b7fd0865d49fe,1.6049500000002581,0.0,omahaoracle
2026-08-08 04:12:13,day,mentions,65,0x38d5a13ef8e32d5e5a808ceba52d6ac78d4c063c,1.5136500000000979,0.0,JonnyA
2026-08-08 04:12:13,day,mentions,66,0x217e251733ee8ce2603ee3559ce2059aadba0c84,1.500000019999998,0.0,Ayaka69
2026-08-08 04:12:13,day,mentions,67,0x6b25c5c4d1e681d2203297803793ad8c732b7a69,1.4473144999999477,0.0,
2026-08-08 04:12:13,day,mentions,68,0xdd3beadff0dee12b8f8d572ae55a6b8bc1fc9f3a,1.399950000000004,70.0,romanew-crypto
2026-08-08 04:12:13,day,mentions,69,0xcaf59289145789242a4af6b975997344229841ab,1.3720929999999498,0.0,0xcAF59289145789242A4Af6b975997344229841ab-1772187322857
2026-08-08 04:12:13,day,mentions,70,0x993c95f836ea033d97a08985060869270e208f7a,1.3040171750000127,0.0,lekkerweertje
2026-08-08 04:12:13,day,mentions,71,0x33fee9bdf56f8ca2fb6b46b077cfc7e99db5bab3,1.2903225200000001,0.0,rhca
2026-08-08 04:12:13,day,mentions,72,0xcceb22d524e186153cffe79f13c0aeb75889f030,1.2609863550001705,70.0,ScottsRoad
2026-08-08 04:12:13,day,mentions,73,0x3a46afc32921caa4facce191a4eff680bb8d1b0d,1.25,0.0,xia-xia
2026-08-08 04:12:13,day,mentions,73,0xf4e8944d6c6d5e5f27502c72a9c1fd830821637a,1.25,0.0,tonyE-882
2026-08-08 04:12:13,day,mentions,75,0x215adbb63b47d0ca92f849fe2c2dc1adb0f6254c,1.2383787421508714,0.0,BikesAreTheBikes
2026-08-08 04:12:13,day,mentions,76,0x856cf888bcbc613e8939d7e9539ee57579c191dc,1.093349999999993,0.0,callmemaybe000
2026-08-08 04:12:13,day,mentions,77,0x8e5c32b348f3bda812ebcb4623afc155c2bb10ef,1.080000000000001,0.0,walruss
2026-08-08 04:12:13,day,mentions,78,0xb9c7c7d48b57e50746b1af37f7c0ae4f312e39ca,1.0765272599999989,0.0,CoolMusicTz1
2026-08-08 04:12:13,day,mentions,79,0xf658449199d0bcf544de0ff928a3b66685f3dcfe,1.0750000000007276,0.0,QbertRules
2026-08-08 04:12:13,day,mentions,80,0x2564f113776b17215b8c2a69afb35ae29713f258,1.0526632825000002,133.16,79fsdfs
2026-08-08 04:12:13,day,mentions,81,0x613b668ef24d3a37417cb5756c5943cae761da44,1.0500068184999947,199.99,613b668ef24D3A37417cb5756c5943cae761DA44.
2026-08-08 04:12:13,day,mentions,82,0xd5527c2bdf2bc4855b4b55b6aabe3b308371ec26,0.9999999999999991,0.0,ElaraVasiliev
2026-08-08 04:12:13,day,mentions,83,0x78db05b03fcd5f0734fffe0365bd5414862eec04,0.9999990000000001,0.0,kira-LP
2026-08-08 04:12:13,day,mentions,84,0x42e7f0c1f45ccc07a2755489789d700e344143bd,0.999999,0.0,betlife-619
2026-08-08 04:12:13,day,mentions,84,0x58f8f1138be2192696378629fc9aa23c7910dc70,0.999999,0.0,bloodmaster
2026-08-08 04:12:13,day,mentions,84,0x4ab7625cacd4ec2c8804149ddba6d232fe645f17,0.999999,0.0,yenistriga
2026-08-08 04:12:13,day,mentions,84,0x96b542bf4bfbba3801f1304dd611f34199600821,0.999999,0.0,secondarycolor
2026-08-08 04:12:13,day,mentions,84,0x8641736a39a229e091eff6fd0c040ad1db192927,0.999999,0.0,
2026-08-08 04:12:13,day,mentions,84,0xdb82fe0d2ea3b3c4466a245ba26d29b2031c46cb,0.999999,0.0,NortheastTiger
2026-08-08 04:12:13,day,mentions,90,0xb5836c39622aa685fcda6d0ef52b45c8802f939e,0.999996,0.0,chilly99
2026-08-08 04:12:13,day,mentions,91,0xeec913dc394341eb97c2264231876b20fef02c45,0.999995,0.0,pepe11
2026-08-08 04:12:13,day,mentions,92,0x6e8d843cc031c1ba0c6dd1d3db0e2cd1adddcc23,0.9999920385769999,0.0,alvarito
2026-08-08 04:12:13,day,mentions,93,0x9257623ec1ef067eb1756f40349e3ff81246cfb0,0.9994995,0.0,Withia
2026-08-08 04:12:13,day,mentions,94,0x74b4d17af9032fc53ec83e8fe17d37344022b283,0.9994559999999995,0.0,strwr
2026-08-08 04:12:13,day,mentions,95,0xdb29faefbac63c791fcdec9a39f4a8c3137f4b3a,0.9994,0.0,
2026-08-08 04:12:13,day,mentions,96,0xd835d39842fe1dd5ad541e6b620c991ca6d91d5e,0.99937785,0.0,kjhgfvghjmk
2026-08-08 04:12:13,day,mentions,97,0xc6d1928575df665a7d5d90d20c7dd0fc403bf7b6,0.999143,0.0,
2026-08-08 04:12:13,day,mentions,98,0xef03567fc5a30b665efca7e9ef2e9e3fe6031fbf,0.9991199999999999,0.0,0xef03567fC5a30B665efca7e9eF2e9e3fe6031FbF-1759574216489
2026-08-08 04:12:13,day,mentions,99,0x61c8abd32c9a3792c8196caaf9c2d3ce31d572ac,0.9990563900000001,0.0,cswrth
2026-08-08 04:12:13,day,mentions,100,0x0adba53d927755feb4d4aca0c3a7e75b7868f95e,0.999,0.0,milfwithnokid
2026-08-08 04:12:13,day,weather,1,0xf2f6af4f27ec2dcf4072095ab804016e14cd5817,1003.1708198949345,0.0,gopfan2
2026-08-08 04:12:13,day,weather,2,0x044f334595a7fd42c143e11c8ec47f23c8d1d1f1,671.5222861280417,8168.935183,gghff
2026-08-08 04:12:13,day,weather,3,0x6a8d1709bfb718d8555d315a983c4816278350f9,620.6703264002717,949.457351,OnlyLuckNoBrain
2026-08-08 04:12:13,day,weather,4,0x5188fa0e8a77e87bc6a58e6781fdfc4e165cc804,363.3521274375089,0.0,AllByMyseIf
2026-08-08 04:12:13,day,weather,5,0xefdbde643061c837c2f3f59e6bd64e48835d007b,340.88838007990876,1387.982,Tiki-Taka
2026-08-08 04:12:13,day,weather,6,0xa1d7b61c9f9f4888b3339f5316f9aa57e575a338,323.6763516462097,3758.825476,shamu12
2026-08-08 04:12:13,day,weather,7,0x8fbd7cf5f806f563080864694415829f7229a959,309.1678767601843,3004.6169170000003,badatmath.
2026-08-08 04:12:13,day,weather,8,0xdef6f7b147246e2bab5422c7363cdebbfd54f69a,268.2743205349834,0.0,bigbonder
2026-08-08 04:12:13,day,weather,9,0x09b4c4173607390b4a499d91b43b713987d3e56d,259.0261900000187,0.0,AndreaPirlo
2026-08-08 04:12:13,day,weather,10,0xa7d2ec6680f4e5f6ab0da244d8006eec3e20f954,258.59828141451044,480.0,KiruaTrading
2026-08-08 04:12:13,day,weather,11,0xc8849a93e05a2ae1b49bb07787a9e0059bb4e17e,249.99894069999573,0.0,Clicker1
2026-08-08 04:12:13,day,weather,12,0x23d18416645924e097c453e8ceadd4bfeb6a353f,237.24000000007436,0.0,fcomp3
2026-08-08 04:12:13,day,weather,13,0x7e9c050ac0ac397dd34f95f6718755db3835f3a8,230.72005493192364,4740.939667999999,0x7e9C050aC0aC397dD34F95f6718755db3835F3A8-1769267618341
2026-08-08 04:12:13,day,weather,14,0xd25156e222c9b907b128e27c36821fdb41db4d37,227.44847537441092,409.567802,neo7777
2026-08-08 04:12:13,day,weather,15,0x006cc834cc092684f1b56626e23bedb3835c16ea,208.39445694249298,0.0,0x006cc834Cc092684F1B56626E23BEdB3835c16ea-1729683673397
2026-08-08 04:12:13,day,weather,16,0x297a0f3a577d5e557d50dc23746ec5fc053b3dd8,201.31412156149986,0.0,boardofvices
2026-08-08 04:12:13,day,weather,17,0x21d0c129deb8a7f7e1569045200d20e23862ce91,199.0365232840004,0.0,DEGENKHAN
2026-08-08 04:12:13,day,weather,18,0x88e0ad7c797a16d6916e5461ff6d30b17b63ceee,196.1593225608442,3237.3424840000002,Restor999
2026-08-08 04:12:13,day,weather,19,0xc6587b11a2209e46dfe3928b31c5514a8e33b784,185.3521999999939,0.0,Erasmus.
2026-08-08 04:12:13,day,weather,20,0xdfc408242ff9505dc40a64f339dbcfd51a684089,180.2307976925076,0.0,0xdFc408242fF9505dc40a64F339DbcFD51a684089-1778956771527
2026-08-08 04:12:13,day,weather,21,0x0d984ba8bbbb5e62508ad990e47f47bc06c5261e,178.83895368800313,2593.2200000000003,SayuCTZL
2026-08-08 04:12:13,day,weather,22,0x8c4465127b5278a5d7fd120b95b77e7fe292fcd4,175.71180108249246,0.0,nelbal8486
2026-08-08 04:12:13,day,weather,23,0x814de45404c20dd9956737a83f7c8b0b039eb842,166.8474999999999,0.0,resfeber
2026-08-08 04:12:13,day,weather,24,0x0484bf76425db5021ce2d369f78fc125906d4830,164.54468503922726,1283.620056,sleeper-service
2026-08-08 04:12:13,day,weather,25,0x1e1f17412069c0736adfaadf8ee7f46e5612c855,163.2982550109955,0.0,Brokie
2026-08-08 04:12:13,day,weather,26,0x331bf91c132af9d921e1908ca0979363fc47193f,160.8067426609923,0.0,BeefSlayer
2026-08-08 04:12:13,day,weather,27,0x5c6b40f748a2060284d8ba41cdb01fb4169ff32b,160.05169000000024,0.0,Phlox
2026-08-08 04:12:13,day,weather,28,0x4577b2f57566383dfcd24f283868f8d711fdf436,149.23034824000013,0.0,Eqqs
2026-08-08 04:12:13,day,weather,29,0x05e172b931e5a210423e896e6bc280d082034c1e,148.18035033099432,765.503657,GodofGamblers69
2026-08-08 04:12:13,day,weather,30,0x77f069c3233901628c89d0e8ea5bb510a2822b1f,142.89354890326558,1817.9242920000002,cleaningLady
2026-08-08 04:12:13,day,weather,31,0x09a85cfe4d51e0cde12daa4d255b3f789fb447c1,140.62609652000538,729.82,tenkiyoho
2026-08-08 04:12:13,day,weather,32,0x96489abcb9f583d6835c8ef95ffc923d05a86825,140.41319771000053,0.0,anoin123
2026-08-08 04:12:13,day,weather,33,0x3dd1cf0515af12542488af04388404fb056e557e,136.61248079651796,184.0,0x3dd1cF0515aF12542488aF04388404Fb056e557E-1777227435219
2026-08-08 04:12:13,day,weather,34,0x3069c1002bd0bb6aec054c7a27722919df95f8ef,132.67638666800121,0.0,Orion96
2026-08-08 04:12:13,day,weather,35,0xe6307b98bceee038834a68358e17804999c6ef20,131.46132064813492,2533.6014299999997,anonymous5474495
2026-08-08 04:12:13,day,weather,36,0x177500541ae20bb0d46ab0db3fd2559e2a7e85b0,130.94774707573742,1056.07385,bby123
2026-08-08 04:12:13,day,weather,37,0x8931aa50226eea3e626c961ccffcf176dcf3a90c,124.18027499999846,0.0,
2026-08-08 04:12:13,day,weather,38,0x5b6331e7ff0831a3fe2ed12004747db1a9c911a4,122.14930409278077,94.604837,neutralwave23
2026-08-08 04:12:13,day,weather,39,0x9fadd08a4c1d98000f661396ce622e0025affcc1,113.66754446200008,387.57,iSteps
2026-08-08 04:12:13,day,weather,40,0xc878c6a7ba8ad896a897fe82e48b93fb66dfa6f3,113.16202070000077,1036.48,ZEEBRA-KY
2026-08-08 04:12:13,day,weather,41,0x948534046a47920b90d6671ad8c7688437330918,112.53793377499824,0.0,fledger
2026-08-08 04:12:13,day,weather,42,0xeb583aec55e27ba08ca9398754ca128cc15a407a,112.14359742380475,10142.297638,dpndv2
2026-08-08 04:12:13,day,weather,43,0x6bab41a0dc40d6dd4c1a915b8c01969479fd1292,111.1098237624974,0.0,Dropper
2026-08-08 04:12:13,day,weather,44,0x3f302dbb8e2cef9c25ea1cf8980b97711234f8de,109.02058842598308,83.11,BobbythePug
2026-08-08 04:12:13,day,weather,45,0xc1dcdf61c1ddceaede8429b513802161849448fa,107.85158249999989,0.0,mlrbt
2026-08-08 04:12:13,day,weather,46,0xf7a4f1a3716f79e4f588642b5d60e61ddc1cf148,107.596154492001,0.0,0183648392
2026-08-08 04:12:13,day,weather,47,0x5e80473208f4021eeb16ac9a9b5727b7dfc622b8,103.72179419999969,0.0,kely77
2026-08-08 04:12:13,day,weather,48,0x33bcb6e9bd44be709122b2940c55e34f1a7e37dc,100.8154169124951,0.0,StudyPrediction
2026-08-08 04:12:13,day,weather,49,0x2c576d00e8e76c133e33dbb82b70eb5de78f372d,99.60180588737421,2868.218125,Bertrame686
2026-08-08 04:12:13,day,weather,50,0x9506e646497107cabf2d5b941a8e6a60d0db1c4f,99.35361402680792,1963.5544280000001,
2026-08-08 04:12:13,day,weather,51,0x3079ab2169d8cce3dbf4244192c4dfe4071f7b77,94.95067510500002,107.77499999999999,0x3079AB2169d8ccE3dbF4244192C4dFe4071f7B77-1767973991168
2026-08-08 04:12:13,day,weather,52,0x658c8bf988a2e93a989f6ff8a52c3f3cbc77908b,94.91444819999998,284.17,0x658c8BF988A2E93A989f6fF8a52c3f3cBc77908B-1773963085212
2026-08-08 04:12:13,day,weather,53,0x38d7d72d8502249952f1efc8f2208c1bfc27a061,93.93867000000022,77.34,0x38D7d72D8502249952f1efC8F2208C1BFC27A061-1773325247439
2026-08-08 04:12:13,day,weather,54,0x3b6bbb7dacdcca1b783edb28d33339a282acb46a,93.50143202000163,5075.09,xiaopxiong
2026-08-08 04:12:13,day,weather,55,0x5a218c7ad04135830a45c41aaed7294df7809318,92.31021553157188,4727.853431,balthazar
2026-08-08 04:12:13,day,weather,56,0x4e72c22cd76f9973a48aedfd79feeaacc8b7ffb9,91.11327042446646,1437.2542210000001,0x4E72c22CD76f9973a48aedfd79FeEAaCC8B7FFb9-1778811541343
2026-08-08 04:12:13,day,weather,57,0xaa7a74b8c754e8aacc1ac2dedb699af0a3224d23,88.67078312099693,492.16925000000003,securebet
2026-08-08 04:12:13,day,weather,58,0xfd08d904482abcf32e37942e79e12785da20ee64,87.39570664042913,598.9200000000001,laoli668
2026-08-08 04:12:13,day,weather,59,0xa2e0d285e4ce58852f1159a9b6d2b68c0bf9fd91,86.75879328499468,0.0,flovertaco
2026-08-08 04:12:13,day,weather,60,0x16c7337106a0b3a06ff863a1c06d8e2cbf7322cd,86.71201586387406,1352.2972449999997,0x16c7337106A0B3a06fF863A1c06D8e2cbf7322cd-1778811943243
2026-08-08 04:12:13,day,weather,61,0x84b2c957d677588bfe53090332c5efa095527f85,86.33445,0.0,Ronenamar5
2026-08-08 04:12:13,day,weather,62,0xb1df81b0494174b9c67576b533548509d59428b7,81.61059310499695,0.0,ktv.bond
2026-08-08 04:12:13,day,weather,63,0x496f76bd5cf4c2819c710ae90ed1c84b2dc6fa5d,81.28167022331036,4553.9214759999995,0x496f76BD5Cf4c2819C710aE90Ed1C84B2dc6FA5D-1773782287927
2026-08-08 04:12:13,day,weather,64,0x2e1f908b32bced89c0010fad8f35c469cfbd8fde,75.7620286940899,535.0948050000001,0x0820-3
2026-08-08 04:12:13,day,weather,65,0x4e25605fd905e9972efc0f4d8814530c655cd7a7,75.32299869049893,0.0,
2026-08-08 04:12:13,day,weather,66,0x7cf93583951552553bc0d243a8582a3410ed2798,75.00165527750141,0.0,SheltonDoubter
2026-08-08 04:12:13,day,weather,67,0x14050ed76c1a3bec25cb97cc623ceb3899d79db0,74.99978304999968,0.0,disdatderedem
2026-08-08 04:12:13,day,weather,68,0x3653235d75a0d5969c42f7514d4df8ea5f8cef74,74.43395225542395,1605.78111,0x3653235d75A0d5969C42f7514d4Df8eA5F8CEF74-1778811817579
2026-08-08 04:12:13,day,weather,69,0xdd22fb0e71982d6793e9a22e47306c462eba2013,73.34531219849987,0.0,
2026-08-08 04:12:13,day,weather,70,0x8bdce637780b2d6555b6577433e0320507c3a0ba,71.15708464795011,364.23105,Benjaminfjp
2026-08-08 04:12:13,day,weather,71,0x4a2be7a7e6e3b41dc2de00706b4c09660ca9af20,70.50107193350073,0.0,troim
2026-08-08 04:12:13,day,weather,72,0x8aa29c27241b6909a7c4d6cb4f400267aa215a0b,70.29390103199876,1191.01,Amano-Hina
2026-08-08 04:12:13,day,weather,73,0x28563b16d772ff773555404334281e0e640cc8f9,69.97841964200006,0.0,0x28563B16D772Ff773555404334281E0E640cC8F9-1779377698428
2026-08-08 04:12:13,day,weather,74,0x6ff2cb14da8be7eb57541d250a0196c5f295f140,68.35237101212988,2658.88569,jjavi
2026-08-08 04:12:13,day,weather,75,0x108a7782120894a58eb308e61da5c01c242d8159,66.53975831000025,221.22,Cuccuc2026
2026-08-08 04:12:13,day,weather,76,0x7300833941f579802d58791eb1d0152c1b17e52c,65.88016525297007,1301.053935,PontiusPilate
2026-08-08 04:12:13,day,weather,77,0x0fb475b0375a628a82f625c2e6b93b58050bc6d7,65.41646286966454,351.815945,Kirt4sh
2026-08-08 04:12:13,day,weather,78,0x1941ca5d7f587827da004b1b1551b0bd6429deea,65.31027945097412,1507.592,0x8e7a8d72Bdx10a8H37R6bsF568dFa52E
2026-08-08 04:12:13,day,weather,79,0xc34f6b088bb9172625ee1ea2ee8da9ac4f037d2e,64.91454391230945,2899.80947,StayFreshCheeseBags
2026-08-08 04:12:13,day,weather,80,0x173516ae13b47be650a6df996ec4ff2f24950319,64.55807354879926,3935.872043,
2026-08-08 04:12:13,day,weather,81,0x9ea2f9a4ac4d4ce350db2f997a7d79e23d0d665a,64.42466533900188,128.9,Maddad
2026-08-08 04:12:13,day,weather,82,0x6a15bf88167d6d446e2d8b96af003a0c49c95b62,64.02452175000002,0.0,plemic95
2026-08-08 04:12:13,day,weather,83,0x784aa99232ed0e1ff93588b794158bf0879e06c3,63.74662289552907,565.689689,LeroysAndDings
2026-08-08 04:12:13,day,weather,84,0x8c76c4787bf236398d2d1a42dd3e8af1393206ac,62.424760822497774,0.0,MajoriT
2026-08-08 04:12:13,day,weather,85,0x1fc9e7e766ff5793eae65d22bb2f0081eb198b5e,62.25556000000046,0.0,
2026-08-08 04:12:13,day,weather,86,0x054605d9224ca48239edfb53260b1b319e3017a9,61.826609012340214,2035.854284,princeyin02
2026-08-08 04:12:13,day,weather,87,0xe6953214b110bdaebb473952e69a8c50d47f538e,60.93313550023697,446.568156,TWCheng
2026-08-08 04:12:13,day,weather,88,0x3b2ca1312bed6142f069090240b43d801aceecdc,60.14224800000011,683.0,Fatbbbb
2026-08-08 04:12:13,day,weather,89,0xe34dc49497e9187de6d8da4e81f072df89f441f0,59.97499978902715,50.856041,feiniao88
2026-08-08 04:12:13,day,weather,90,0x9d8084f7debb73a64027267fdb8e4341ba83f084,59.87278000000008,2370.56,moneyprinters
2026-08-08 04:12:13,day,weather,91,0x5c14eb6a6d5083c003daa8241ed559d2dc82cc49,59.41207408249829,0.0,forinnerpsandr1x11222
2026-08-08 04:12:13,day,weather,92,0xb0da6365d8f96fb41232c7570b1d2f2e4b3c3ff6,59.26276277000079,0.0,Laury2
2026-08-08 04:12:13,day,weather,93,0x9d5431fa0f9d91b80dca9e5eaa02c609364fc43d,58.87890222999704,0.0,bear-bees
2026-08-08 04:12:13,day,weather,94,0x82f3458a6a4bec624e692c92d9ed14597f509f82,58.69079377799608,83.49,Pityok1
2026-08-08 04:12:13,day,weather,95,0x6011655c4afb76f36dd1b08a137a1ba73466b31e,58.01222000001144,1494.56,HighTempTation
2026-08-08 04:12:13,day,weather,96,0xd4912e42211ad2400edfe112c07e2654ffe8d031,56.956876644000005,314.4265,nickos88
2026-08-08 04:12:13,day,weather,97,0xe6c8398fe516c30dcb80ada7cde5a2b486ea11a0,56.510944966000096,54.05,
2026-08-08 04:12:13,day,weather,98,0x4580839ce89ddd676f2bfc16c4d3081150e84357,55.99721039999996,250.8,tropicalhaze
2026-08-08 04:12:13,day,weather,99,0x118689b24aead1d6e9507b8068d056b2ec4f051b,55.85565286499332,0.0,russell110320
2026-08-08 04:12:13,day,weather,100,0x7df00357d97916a5c7888b212a94535097790dfe,55.83142743744202,1817.5596529999998,neverhackme
2026-08-08 04:12:13,day,economics,1,0xe639e41094bbeae18f3e6d1790c17299183f082a,1116.619552077027,0.0,0xe639e41094bbeae18g3e6d1790c17299183f082a
2026-08-08 04:12:13,day,economics,2,0x7e5972bfc25819775ee5a9d4f191919375487b8b,811.9679222675032,264.95,Gaditima
2026-08-08 04:12:13,day,economics,3,0xc3ca1a42fd9217b2d02fb05980c1803af462688e,763.6498893735697,0.0,ThePrinceThatWasPromised
2026-08-08 04:12:13,day,economics,4,0x0dcc9d7b9ccbdf3c37ab947a1689ed3701c05a1f,291.24355902200114,0.0,oneappleway
2026-08-08 04:12:13,day,economics,5,0xe3cb28f7c62ac636f407014005499d2687b5ac21,276.68002849500044,0.0,odsowner
2026-08-08 04:12:13,day,economics,6,0x652fd12eb70599ccf9030ef3cda32ae69e70eb3d,226.70665171499968,0.0,English-learner
2026-08-08 04:12:13,day,economics,7,0x9e88f359b9803e41420fbb13385c5ae1765c301c,226.16655541599948,6774.43,YoungAlphaGoat
2026-08-08 04:12:13,day,economics,8,0x052f4191cd324a348835a846d34df5b0061e53fb,204.26076310501594,100.0,chriszyy3
2026-08-08 04:12:13,day,economics,9,0x4ef26912ac5d42d3bcc115277883d16d49c87e31,150.49930000000006,0.0,ymjtygse
2026-08-08 04:12:13,day,economics,10,0xc6d0ff59ef83e7d6210c47d20408eb27b7844bad,148.15366963999986,0.0,strategy1.2
2026-08-08 04:12:13,day,economics,11,0x269ced0ede348b4b3f8fd8470b19f65508f79017,119.99996864999412,0.0,allen111
2026-08-08 04:12:13,day,economics,12,0x26efdfbf3f20b86e5cf631136fb5ae598e0fa308,118.31835000000001,0.0,soapbubbles
2026-08-08 04:12:13,day,economics,13,0x473000af6eebc85b67820a2e1c50dc37ff53cfd4,115.85000000000002,0.0,serrthaswda
2026-08-08 04:12:13,day,economics,14,0x1d5f88f1b97317cccad804374e5bd847512e634d,113.35224821349402,15.827527,firegold
2026-08-08 04:12:13,day,economics,15,0x1f9e15f39bbd5d163b0eacf0fbef647ced9e4f1a,110.372217903805,75.1,BirobidjanRepublican
2026-08-08 04:12:13,day,economics,16,0x60a92c8620846d81f5ea17b0564e0d4b7c545a71,109.11908227899949,0.0,paddaa
2026-08-08 04:12:13,day,economics,17,0xae89da6594bb0d421c8d807d74e213f8729e90b8,103.5223273704978,0.0,Ume-Chang
2026-08-08 04:12:13,day,economics,18,0x9e7e57fbc4dd03dc7b0eea98f1f01bc100083e1d,96.23003500149935,0.0,mcorleone
2026-08-08 04:12:13,day,economics,19,0xa0f5cf097e65875015414f03dda205c9e3fd0456,94.91534824,1755.71,12ffffrr
2026-08-08 04:12:13,day,economics,20,0xedafc523537800d83224934a27f401ba9dda895d,89.98896844299998,0.0,
2026-08-08 04:12:13,day,economics,21,0xb10047d6a254b2ebb306d7a7d13bf59171ab6461,85.59140251999997,397.81,Parz1vaI
2026-08-08 04:12:13,day,economics,22,0xcf070b9ed273abd6185a4253713ce8e64c0ec770,85.02439500000037,0.0,MaxEnt
2026-08-08 04:12:13,day,economics,23,0x9d0bae6d2161c630e258c05a81dca37a5987f0cb,80.09958256000021,0.0,MasamuneTomose
2026-08-08 04:12:13,day,economics,24,0xfbfd14dd4bb607373119de95f1d4b21c3b6c0029,79.25890277526923,17605.208829,XAE12Archangel
2026-08-08 04:12:13,day,economics,25,0x68c24bf4a8ad4d79a6fe4b8eec6f93a02dfd1711,79.13141469000402,0.0,mombil
2026-08-08 04:12:13,day,economics,26,0x2f26606ccc45a934838a97d44a30c32012ae0d8f,74.40620719799517,0.0,GUINESS123
2026-08-08 04:12:13,day,economics,27,0x88b3426bf74d59d838406de3e25872c7537bbad4,73.24901614999999,0.0,liuruijin
2026-08-08 04:12:13,day,economics,28,0x8a554ec10e6fd05bba36215d17398e57d53e5126,68.36449794200018,0.0,jdbuffet
2026-08-08 04:12:13,day,economics,29,0x2c4ca29d332c67d3ad7bf22b3cfe9486e3b1cb39,66.41402488200038,0.0,ololololololololo
2026-08-08 04:12:13,day,economics,30,0x74471a007ddcc488f6d57b5e86dfb35a8d48a16d,65.29110272940306,437.938177,tetrose
2026-08-08 04:12:13,day,economics,31,0xb1a1985278c50a25758e2e25a217d084706add34,57.179879999996956,0.0,.brain.
2026-08-08 04:12:13,day,economics,32,0xfba638c083dcd88a6711a1ffba4352c5431a1fca,55.91924503000337,0.0,Vladpoutino
2026-08-08 04:12:13,day,economics,33,0xd3a6e523c440f94f9259398fbcf7b5cc5ccffd55,52.56189392499982,0.0,operationcastle
2026-08-08 04:12:13,day,economics,34,0xb7b8e9681f5c863dfbd3ac7ec66bac69fa0edb31,51.02842742650455,0.0,charlatta
2026-08-08 04:12:13,day,economics,35,0x58d55177bfe8b329653557aefb0e7d4e2afe8d8a,50.000103999999965,0.0,
2026-08-08 04:12:13,day,economics,36,0x12df769e90c8d9a3e8caaf1c89f8007f453e6a3d,48.78375443999994,0.0,mudgrauiop12
2026-08-08 04:12:13,day,economics,37,0x85613dfb82690d9a800f145d6888a059051e01d5,45.35504647200014,0.0,0x85613dFb82690D9a800f145D6888a059051E01D5-1768619633384
2026-08-08 04:12:13,day,economics,38,0xdd9c961288a032098076267bd665d407dac231a0,45.132118770008674,0.0,hippoka
2026-08-08 04:12:13,day,economics,39,0xa485266fb7a2c0a79c841244ba0bbff98d01a7d5,43.99065793799991,0.0,TheLightFire
2026-08-08 04:12:13,day,economics,40,0x2ed8f7a10686dbb0fb15f5c3335f30e0043793d4,41.00714079600948,0.0,podairpod
2026-08-08 04:12:13,day,economics,41,0x454eb47f75d726ff6f2320880f04d2e0b72462b9,40.00002931400013,0.0,StonkFarmer
2026-08-08 04:12:13,day,economics,42,0xcaab19659b995951a44cc992447cb2ad5be324dd,39.40299538648833,0.0,QMG-CORE
2026-08-08 04:12:13,day,economics,43,0x4ffe49ba2a4cae123536a8af4fda48faeb609f71,38.18949941007304,124.28999999999999,planktonXD
2026-08-08 04:12:13,day,economics,44,0xded8a46ee5fa25b550689176ab7c58c2d44eca0f,38.062386859499384,0.0,yingxer
2026-08-08 04:12:13,day,economics,45,0x1223987eb4bf8564a932f43e3cec9f28b5ced424,38.02871558199695,0.0,rivermarkets
2026-08-08 04:12:13,day,economics,46,0x24816c037cdc2c9bd979e69d777541cf560a9b79,37.57629787800033,0.0,0x24816C037CDc2c9BD979e69d777541cF560A9b79-1765846983430
2026-08-08 04:12:13,day,economics,47,0x7bb244d0c70293e66dee84f3d0623fbbbf7d682c,37.511651678003545,0.0,WongKimArk
2026-08-08 04:12:13,day,economics,48,0x76dbc01caffa54d0010368ff8d3226d8017f6987,37.25344411599872,0.0,gambler925
2026-08-08 04:12:13,day,economics,49,0xe801fe36b00acb4603fe12d5918764534a1c6a86,36.00001498999973,0.0,.n8n.
2026-08-08 04:12:13,day,economics,50,0xcb016f2b417f98c88fc91fffe7e69d4a6b1c7dfb,34.97700000000282,0.0,0x7e1f9c90800E42806e242ABC5fcf26B571c79C27-1775842903107
2026-08-08 04:12:13,day,economics,51,0xce4d7123b294829c505302800fc7bc0590b3d0e2,34.693048999999974,325.25,sleepymonkey
2026-08-08 04:12:13,day,economics,52,0x56c9fbdeccf198f1f5ad95ace39b24f5f7fb0d9e,34.416741004009964,0.0,redvinny
2026-08-08 04:12:13,day,economics,53,0xb7606d0d3719c88f9b868a13015881af5222ccd7,33.37053961700258,0.0,theta-thunberg
2026-08-08 04:12:13,day,economics,54,0x4388640a35b4ecebc33f8c73b58a2b988c615050,32.56260937700017,0.0,Started-with-20-USD
2026-08-08 04:12:13,day,economics,55,0x68d9aae9a2bd2524546d6b16a3076f8a3a5600ed,32.31170999999995,0.0,Deadheadbucky
2026-08-08 04:12:13,day,economics,56,0xb6c3dd61658194b11719db1a78c97c8f7b9feb07,31.87905031599803,0.0,Nick-eth
2026-08-08 04:12:13,day,economics,57,0xa4b366ad22fc0d06f1e934ff468e8922431a87b8,31.371899315512564,0.0,HolyMoses7
2026-08-08 04:12:13,day,economics,58,0x4755072010b0a6963d5140b4c34ba6a544664338,30.594579978002002,0.0,QMG-MACRO
2026-08-08 04:12:13,day,economics,59,0xac4a1fabdac2438d6afa2a9e8e83845310a0bf1e,29.74964162098695,0.0,HerrieDavis
2026-08-08 04:12:13,day,economics,60,0x87287f6444a8c5dde787c109c97b60dffcae0882,29.601716579500135,0.0,BobbyBakedBeans
2026-08-08 04:12:13,day,economics,61,0x40601b813190cee07d18c1a3c67ee3399bdfc1c4,29.56814118249622,22.55,CrazyCat-Kiwi
2026-08-08 04:12:13,day,economics,62,0x215adbb63b47d0ca92f849fe2c2dc1adb0f6254c,29.375286810000034,0.0,BikesAreTheBikes
2026-08-08 04:12:13,day,economics,63,0x69b9a231e6d9e8a1be243e3db5174203a33f1284,29.351364101999934,0.0,Croesus1
2026-08-08 04:12:13,day,economics,64,0x9d736920e486176e7df7a76fa218f1ebd853216b,28.323225585003,0.0,AlAhmeda
2026-08-08 04:12:13,day,economics,65,0xc91b7d9f4463c9985f562149c31841cde87793bd,27.098375515000043,0.0,0xC91b7D9F4463C9985f5621493829ahdfc
2026-08-08 04:12:13,day,economics,66,0x1dd197fa8bb4d6887ffecf89b75171aea7d7a156,24.91930034799998,0.0,newnewuser
2026-08-08 04:12:13,day,economics,67,0xecfaf23966e472b13107d272d9bef32fee1e3c6f,22.789925782737555,102.0,TouchDownThana
2026-08-08 04:12:13,day,economics,68,0x1d620ed68c4fd00b189207ed1f8c13222766d76b,22.499989410000126,0.0,QMG-SCALAR
2026-08-08 04:12:13,day,economics,69,0x54e15a0a77e3147ac78831804e5dde13cb589d5a,22.423437082507007,0.0,Adrink3D
2026-08-08 04:12:13,day,economics,70,0xe3726a1b9c6ba2f06585d1c9e01d00afaedaeb38,21.87726994593686,0.0,cry.eth2
2026-08-08 04:12:13,day,economics,71,0x014c4e7ae2145992861c2d1b124af633a97f820c,21.14978499999779,0.0,Hyperlong
2026-08-08 04:12:13,day,economics,72,0x74957ea27ac4fbdee46d861fdae357859ff67fcf,20.80741628219903,148.85,LornaPredicts
2026-08-08 04:12:13,day,economics,73,0x9d84ce0306f8551e02efef1680475fc0f1dc1344,20.708420957322232,9438.994398,ImJustKen
2026-08-08 04:12:13,day,economics,74,0xc02147dee42356b7a4edbb1c35ac4ffa95f61fa8,20.597841253649676,3999.982218,Eatpraylove
2026-08-08 04:12:13,day,economics,75,0xb8b5e38fbda69269e604153500f4a2c4fe3a280c,20.578809999999066,0.0,drews888
2026-08-08 04:12:13,day,economics,76,0xcf37bbb2c1687b70ea553b6fe05f740251d7993f,20.48344242299987,0.0,rocky42004
2026-08-08 04:12:13,day,economics,77,0x1cfdd0ebef66247c68561a9e2b2499f6bd296d5e,20.253140000000002,0.0,0x1cFDd0EbEF66247c68561a9e2b2499F6bD296D5e-1768437796413
2026-08-08 04:12:13,day,economics,78,0xe53312c6c15af508e0c31e2cfadbefddd399ab29,20.25,0.0,WharfMan
2026-08-08 04:12:13,day,economics,78,0xe6c958c3ec6fa4facce6b4f50dd200aa13f2947c,20.25,0.0,Beefie
2026-08-08 04:12:13,day,economics,80,0x30fb41b5a08fff5d3dd983f6323e3343931a7db4,20.10452362500041,375.93278899999996,tradetosurvive1
2026-08-08 04:12:13,day,economics,81,0xfe754e6f081d09a9775e0aa558104974f43bc2b1,20.0,0.0,Provably
2026-08-08 04:12:13,day,economics,82,0x511cffffaaa73a0589fcad87da4193594a43f090,19.967360504999988,0.0,0xDb8934273fF878bb48Db1707bFEc8BaF698A2C7C-1775058894106
2026-08-08 04:12:13,day,economics,83,0xe39783f92ee0985f1ab5fe514030f946825abfcb,19.79421313999967,0.0,0xzipper
2026-08-08 04:12:13,day,economics,84,0xdceecdb83fcbcc37d381f90ad0c7516824e3bda5,19.68869274250028,0.0,rspa
2026-08-08 04:12:13,day,economics,85,0x34cb173d34b6c8de809399dae2a595a525827588,19.568200000000047,19.89,richardd
2026-08-08 04:12:13,day,economics,86,0x7df00357d97916a5c7888b212a94535097790dfe,18.778695487880043,55.15818,neverhackme
2026-08-08 04:12:13,day,economics,87,0xc9db23c5d9f7b86628474bcb74539b92c3b56789,18.67433339999998,0.0,predictiondiablo
2026-08-08 04:12:13,day,economics,88,0xe8dd7741ccb12350957ec71e9ee332e0d1e6ec86,18.655466191237792,0.0,influenz.eth
2026-08-08 04:12:13,day,economics,89,0x9f7eb5bc88342f01d18754be0439fad79ec282ce,17.957891692500198,0.0,pigswallet
2026-08-08 04:12:13,day,economics,90,0x96e27edb0ecfd4926a5bbfc6d5208d86eae01690,16.52975861700002,0.0,0x96E27EDb0ecfd4926A5BBfc6d5208D86EAE01690-1779414160316
2026-08-08 04:12:13,day,economics,91,0xcdb1f1ef8213c06911e4ba6a884176c5571e276c,16.516167602490896,499.999999,Ahpo
2026-08-08 04:12:13,day,economics,92,0x2d613c30614b68eada0a37d65bddf3778d981fa7,16.455621860000974,0.0,generalVR
2026-08-08 04:12:13,day,economics,93,0x7e35a2a8cfd1eb1e69dacd043206db5a787f1a6c,16.439093440000306,0.0,buoys
2026-08-08 04:12:13,day,economics,94,0x50733d0627e4763d7d7e81a69abc345edf6416a7,16.07167582950001,0.0,MFS-000
2026-08-08 04:12:13,day,economics,95,0x80d561ae39fa15427f3cee32cf681c20bfa6a1da,15.971049250000306,0.0,jtsninja
2026-08-08 04:12:13,day,economics,96,0x96877397287129f61dc3362087f89be819091b7c,15.531974999999449,0.0,
2026-08-08 04:12:13,day,economics,97,0x4ae92960b45661b567d8bb05ba1802d0d650b1ef,15.368850000000748,0.0,morguet
2026-08-08 04:12:13,day,economics,98,0xabbf148447448d1b7c37b2d461d7f54a1e4018be,14.90486256500003,0.0,0xabbf148447448d1B7c37b2D461d7F54a1E4018be-1768057887393
2026-08-08 04:12:13,day,economics,99,0x0a38dcf3740ee299a0607e80cb955c42a34cf931,14.83666093300053,0.0,0x0a38DcF3740eE299a0607E80CB955C42a34cF931-1727027089095
2026-08-08 04:12:13,day,economics,100,0x8199d2d2813a60bc15580cc97f2e0e54c73abb6d,14.770000000000017,0.0,prognozu
2026-08-08 04:12:13,day,tech,1,0x96489abcb9f583d6835c8ef95ffc923d05a86825,2935.844997060005,283.027466,anoin123
2026-08-08 04:12:13,day,tech,2,0xc74a96b8a834677cc2ab2dd579e525134d11f01b,646.0,0.0,Popopolly
2026-08-08 04:12:13,day,tech,3,0xe40aaa5ce1dac0b7dc24c9d0284f27e17c3fe4a2,370.98977560125604,1139.4900000000002,Mysaria
2026-08-08 04:12:13,day,tech,4,0xb1ca909e848cc24ec4e220ce1c453bc290c51705,306.6858443959718,2746.5,R79dgahr
2026-08-08 04:12:13,day,tech,5,0xe7ba860db6857d41ffedca25af0ccf3b2eae23c4,249.99992699000023,0.0,cbgjvfyg6ybgfvukgv
2026-08-08 04:12:13,day,tech,6,0x2c1aef4a4adfa75eede4ba87c853916bfec65cb0,216.0,0.0,Engsty
2026-08-08 04:12:13,day,tech,7,0x49e94011df9060dcc367995892faeb193e348f85,195.75770000000193,0.0,MoonLambo1205
2026-08-08 04:12:13,day,tech,8,0x41f34763a4cca3681d05024b8a23ec883b3b6202,138.8229903499996,0.0,grapygroyp
2026-08-08 04:12:13,day,tech,9,0xfbd8c9c22ca76b3662d0e53a4f79719fdc684027,136.05699999999706,500.0,0xfBd8C9C22cA76B3662d0e53A4f79719FDC684027-1779347618060
2026-08-08 04:12:13,day,tech,10,0xb89f5425341719d298dc2f5b9a92374f5fde1c44,131.22913190494728,1232.95,iutwpfal
2026-08-08 04:12:13,day,tech,11,0xc8ab97a9089a9ff7e6ef0688e6e591a066946418,122.99193055844808,976.1183249999999,ArmageddonRewardsBilly
2026-08-08 04:12:13,day,tech,12,0x7dcf235766e6b09c8869468a75d5495cf171a7bd,120.82159429650346,108.0,godblessme2026
2026-08-08 04:12:13,day,tech,13,0x7fd3fe6580b5b944e32701fdbba0c0ef4991e662,118.74000000000035,0.0,7153649820
2026-08-08 04:12:13,day,tech,14,0x2b5920274740ca61745eeb077587bf5bb4ff9db6,109.67783000000054,431.0,aHjCz
2026-08-08 04:12:13,day,tech,15,0xd497873a13dc9f215fc86c04438c2894a5c142c5,107.997539706,0.0,Rancher1555
2026-08-08 04:12:13,day,tech,16,0x37d1cb1825dae7043e15c4ac6987e0c61ece6caa,98.30830000000049,0.0,0x37d1Cb1825dae7043E15c4AC6987E0c61Ece6cAA-1773637870087
2026-08-08 04:12:13,day,tech,17,0xb52245e13bb87b4f2db64c13a9f761222e323ebb,95.74468083000102,0.0,0xB52245e13Bb87b4f2db64c13A9F761222E323eBb-1772155836970
2026-08-08 04:12:13,day,tech,18,0x2110ba2a1e18840109482ff4ddc547baeff45850,93.87269628199829,0.0,George.Smiley
2026-08-08 04:12:13,day,tech,19,0xac4a1fabdac2438d6afa2a9e8e83845310a0bf1e,91.02995195100084,0.0,HerrieDavis
2026-08-08 04:12:13,day,tech,20,0xa58d4f278d7953cd38eeb929f7e242bfc7c0b9b8,83.05942442141554,2663.181875,AiBird
2026-08-08 04:12:13,day,tech,21,0x25257a6a89dba93dd0c536b6279365632a4eb919,76.06531030999986,0.0,Trading4Fridge
2026-08-08 04:12:13,day,tech,22,0x162f6fff88a52864f2ecc9833e58089d5254798d,72.64603892599985,0.0,Valen9
2026-08-08 04:12:13,day,tech,23,0xd1a63a243042d864520512fbdbd2fd20e0ab1507,71.68199999999888,273.0,DkOYL
2026-08-08 04:12:13,day,tech,24,0x4f1d5ae26fc31472966e951af3183308736d8de2,70.56000811649938,38.400000000000006,e46m3
2026-08-08 04:12:13,day,tech,25,0x788bd693bd33b45f578a10c0069ab0ff6ae7046a,57.66765122000004,0.0,aeo-aeo
2026-08-08 04:12:13,day,tech,26,0x764b305694b026c1acce7bf862c3b5456a146bad,56.62789468900155,168.0,quietparcel
2026-08-08 04:12:13,day,tech,27,0x97f3f9f15c0063710c60d3ac9c40d17f4ba60eba,56.485927736999656,0.0,Investnow
2026-08-08 04:12:13,day,tech,28,0x7d1bb9f000e5fce13db3a0927b64aa38e69de75c,54.355052821002346,0.0,bmtr
2026-08-08 04:12:13,day,tech,29,0xefa5ab06e3252dd8f3174b64383252b5c55224a6,53.79999999999927,0.0,wwf123
2026-08-08 04:12:13,day,tech,30,0x4d826f2ad8b4fa42d7ad08b940b696857d78a5e9,53.67372994800007,0.0,0x4d826F2aD8b4fA42D7Ad08b940b696857D78a5E9-1775654030147
2026-08-08 04:12:13,day,tech,31,0x56e3d9a06d455e0eac8a60a639451ad3252281cc,52.11719999999991,0.0,bartholomew31
2026-08-08 04:12:13,day,tech,32,0xd1049158a102840ce595efc6ab683a0cb6fbacef,50.0,0.0,pilimili
2026-08-08 04:12:13,day,tech,33,0xcf02759db54c561b47c9aa230bfb2f1249eb7023,49.115499999999884,0.0,wwf001
2026-08-08 04:12:13,day,tech,34,0x28b291aa82da13e1d58993873806c92908d5eb4f,45.83255605899831,320.0,libratus1
2026-08-08 04:12:13,day,tech,35,0x34af3a317ccc5fbed5ed504d13a064ffa7f4bd55,44.672697034999715,5.0,rpontici
2026-08-08 04:12:13,day,tech,36,0xc7d02944a76b9f83b199e9090ecc92c82d241f8a,43.58059991034952,193.0,0xc7D02944A76B9F83B199e9090ECC92C82d241F8a-1776944395495
2026-08-08 04:12:13,day,tech,37,0x88b6e6704a2c3bdff2a7b21ce6b1b2e8f3343cff,43.484209155499684,805.39,h038596027355
2026-08-08 04:12:13,day,tech,38,0x122cb94c437ea5e6f088c6c0c143c592ab8efbed,40.59497000000033,330.17,0x122Cb94C437EA5e6f088c6c0C143c592ab8EFBed-1782168978900
2026-08-08 04:12:13,day,tech,39,0x84d4f0a864c647b88635c0e299da30d7606377a9,38.67467464349994,0.0,
2026-08-08 04:12:13,day,tech,40,0xdbd028b4afcb6fe1e30c55fb65f59a1133d58c1c,37.03683787999999,279.6,8dcc906a9b
2026-08-08 04:12:13,day,tech,41,0xa56e218020f80f997c43ce0bea1423d3fb5a1c76,36.43791388600005,9.5,wi888
2026-08-08 04:12:13,day,tech,42,0x3997c7330b2033f81f158051d61981f782fbdd0f,35.19489999999996,0.0,SteveBlame
2026-08-08 04:12:13,day,tech,43,0xd3316cbf9583e6a7d71286b69d5ae07ef77e733c,35.14826000000005,0.0,zzaqq2
2026-08-08 04:12:13,day,tech,44,0x521bf1c6a5435219b599127d85b7afe28758db60,35.13786432000006,0.0,Hannah-Montana
2026-08-08 04:12:13,day,tech,45,0xcdf82242c9984bd8d274085ab54165633c54b8ea,34.686355000000276,0.0,momo513
2026-08-08 04:12:13,day,tech,46,0xcd95ebd0d0d099fa442b9730991f2b8be5d28c17,33.00000583200199,0.0,2117
2026-08-08 04:12:13,day,tech,47,0xbf93328f8b69273453228a82c913207731822fd7,32.801169850001315,0.0,hell0pia
2026-08-08 04:12:13,day,tech,48,0xa815f590e64fa64d417df72c581a32f5ff449cbe,32.79539152566031,115.05,Numitus1994
2026-08-08 04:12:13,day,tech,49,0x1cf169df887c8aca4d8afc83b1a37710b2756ca1,31.967089999999956,0.0,qianyi2026
2026-08-08 04:12:13,day,tech,50,0x64b47229f7b9340ccbd52768959fb55ac148b21e,31.966399999999993,0.0,AmericanIsraelPublicAffairsCommittee
2026-08-08 04:12:13,day,tech,51,0xce53dbd0fcb06e3fd53827a11026e48421bfa3cb,31.57973147000007,0.0,setsuna
2026-08-08 04:12:13,day,tech,52,0x73d225c851df25d73b14846a370bdeef9434f9b7,30.056518088000303,0.0,Dapsy
2026-08-08 04:12:13,day,tech,53,0x0bd0615e1b600723d3d9408130e4a9b870fd67b0,29.760875876,0.0,narua
2026-08-08 04:12:13,day,tech,54,0xd48fbb1cae18cf7d956277271ce4c712513e2132,28.323393880000026,0.0,Rocky0420
2026-08-08 04:12:13,day,tech,55,0x355e5ae20cc1a3a2164f818e4bac8d22dd72a038,28.022116065496448,49.65,Olcan
2026-08-08 04:12:13,day,tech,56,0xcfff4295288ee29f75a38a7028611b7c1e93673d,27.503653730251244,29.204817,graynotebook19
2026-08-08 04:12:13,day,tech,57,0xcb7e3d657015db0a9314bcca3b09a3d2d4fc28dd,27.37799999999993,0.0,m33zy
2026-08-08 04:12:13,day,tech,58,0xe0dbdb7f005f233f4510e4ef7e53a2f76a8df44e,27.0780052099999,88.913042,lug
2026-08-08 04:12:13,day,tech,59,0x808aee7fddb14ca58f4358c94fe9c194fc2def3f,26.400000000000034,0.0,kittycat67
2026-08-08 04:12:13,day,tech,60,0xe9076a87c5ed90ef16e6fe6529c943baeca0cff6,26.09094012749938,185.45,suntori
2026-08-08 04:12:13,day,tech,61,0xbbaaf5c98a1ed5d24c32a64426f8a79b1f84cbea,26.026136325000152,0.0,Got2Luvya
2026-08-08 04:12:13,day,tech,62,0x014c4e7ae2145992861c2d1b124af633a97f820c,25.339730000000003,0.0,Hyperlong
2026-08-08 04:12:13,day,tech,63,0x5c0ecd812d9c58b5bcc0b1fa2f66d07b8407c9b3,24.99973884999997,0.0,0x5c0eCD812d9C58b5BCC0b1FA2F66d07B8407C9b3-1761307157052
2026-08-08 04:12:13,day,tech,64,0xc9ddc629e4bdb509a7ad08fd989ea621e3a79f42,24.653255008000002,0.0,rizgod
2026-08-08 04:12:13,day,tech,65,0x3bf9259b4ab230299d628641bb4047849bb62ebf,24.364910620000046,0.0,0x3bf9259B4aB230299D628641bb4047849bb62EBf-1769626115075
2026-08-08 04:12:13,day,tech,66,0xfc1d241fa7ee4b2161226032202c2f6a45984203,24.268426090000048,0.0,relaxie
2026-08-08 04:12:13,day,tech,67,0x36edf4d48d3fdf4b59bb549be42843f3349c4a93,24.215354945999934,0.0,babyshark.
2026-08-08 04:12:13,day,tech,68,0xd2f6b6b2d82a88ec6322e82f0096c6e7f11b736f,23.896022469999934,0.0,Salimjs
2026-08-08 04:12:13,day,tech,69,0xe7fe17248aab26ed24935921fb81bf0a452624e5,23.845505119999984,0.0,Banditoes
2026-08-08 04:12:13,day,tech,70,0x4062e7a68f71aa50b5e9701c4c109112f1a76952,23.637699999999768,0.0,wsbwxf
2026-08-08 04:12:13,day,tech,71,0x879752bca887bc247ba883a52bc45e9c6be6bbbe,23.614900000000034,0.0,singularityman
2026-08-08 04:12:13,day,tech,72,0xb16dc3169b090c54d1f73321919a03485ad6f064,23.481900000000223,0.0,endoption
2026-08-08 04:12:13,day,tech,73,0xe38ee6bef3ea40daac3e3adc2fca23ba456850c8,23.0,0.0,CryptoBizzi2
2026-08-08 04:12:13,day,tech,74,0xbe46c57c744c2436216fa729acdf2fa0a0240411,22.938801035999973,0.0,pitfall
2026-08-08 04:12:13,day,tech,75,0x731c34cd5ea5a7ba7c8101b9978724cbb57a637d,22.760997910000015,0.0,RiskyyLemon
2026-08-08 04:12:13,day,tech,76,0x2a019dc0089ea8c6edbbafc8a7cc9ba77b4b6397,22.40759047999927,0.0,aviato
2026-08-08 04:12:13,day,tech,77,0x3089e1a6e3e9122c328aebe47b86ff5e13b292f6,22.380800000000363,0.0,bonalddrunk
2026-08-08 04:12:13,day,tech,78,0xad5353afe30c2da57709e2704ef3ccdcf67eef24,22.268630311795278,351.77277699999996,AJSV
2026-08-08 04:12:13,day,tech,79,0x4b72b21f7e9999d568d9b93f0be110257d9938d5,21.82717348300048,0.0,fountaim
2026-08-08 04:12:13,day,tech,80,0xce054a280345977fa81733f4cfdca141e8759176,21.505376280000064,0.0,kxkxkx
2026-08-08 04:12:13,day,tech,81,0x567d6b567e9a13bc4623a42ce9ce6d97a3b5f927,21.110799869999994,0.0,boppa
2026-08-08 04:12:13,day,tech,82,0x0acf861d6cf59eb75a914c2dcdf72921e0de958b,20.82272714999999,0.0,jerk-chicken
2026-08-08 04:12:13,day,tech,83,0x19ad3a76eafaac895c6efb16cc7d0cd0cae334de,20.76754546999993,0.0,spggggg
2026-08-08 04:12:13,day,tech,84,0xe8fcb5f37ef114be04c7e54ff601730117340d3b,20.098048760000125,148.04,Fihdrzgdd
2026-08-08 04:12:13,day,tech,85,0x1fa0a90956ba1035aed765389618103817800465,19.981000000000677,0.0,ggdajiba
2026-08-08 04:12:13,day,tech,86,0x2fa8ba4d70dd622c255fb57f5dee12158aa9e1f5,18.98850000000016,0.0,JackMoneyEth
2026-08-08 04:12:13,day,tech,87,0xf83ec0e37ac9eece71c064507270e9001a734663,18.930196275500066,38.400000000000006,JustClickeverywhere
2026-08-08 04:12:13,day,tech,88,0x08005e9dc4d8b989465b3a4d8a7a82564e63ceb0,18.585975462000135,100.0,FredericChopin
2026-08-08 04:12:13,day,tech,89,0x9f208e85f326f865077fffa68b32d8b0e2bc12c3,18.521802219498568,28.0,mildwindow27
2026-08-08 04:12:13,day,tech,90,0x241ff966f22080fbee3928e194763e575847e15a,18.23980000000006,0.0,0x241F...e15a
2026-08-08 04:12:13,day,tech,91,0x38e59b36aae31b164200d0cad7c3fe5e0ee795e7,18.22475164513162,2678.166665,cowcat
2026-08-08 04:12:13,day,tech,92,0x67669a716ba0c68b69dbc8d072873956b089c353,17.49838244,0.0,mr.Supra
2026-08-08 04:12:13,day,tech,93,0xd883267f7965f34b8c8a0cdf5bc5385302714fd7,16.72112108049987,0.0,Gaujmalietis
2026-08-08 04:12:13,day,tech,94,0x66248f941870d47d0845da7a227c0b099d6f4cd1,16.638466679999965,0.0,
2026-08-08 04:12:13,day,tech,95,0x35e4f89223ab2372477479016589226e0db45bbc,16.463545000000067,0.0,ebobc
2026-08-08 04:12:13,day,tech,96,0x6c7d9ce7d08fbe1bf872fa825916802866a8d6eb,16.45159500000227,0.0,VVKhqdMdKjEpLsDRwu
2026-08-08 04:12:13,day,tech,97,0x081a3b357baafc91af26f83f622e2652668c66d0,16.36186524699997,0.0,nani
2026-08-08 04:12:13,day,tech,98,0x49b60d2cda22653ddc8b6ef21bad6d012a7f170c,15.670159999999669,0.0,pkz
2026-08-08 04:12:13,day,tech,99,0xb1e1a263cd4059e67432c4fb84ce67527b17ebc3,15.399904117000005,0.0,puckzhao
2026-08-08 04:12:13,day,tech,100,0x8673e56b63b9cec4bbf96b4d4bd01a9333464025,15.019825782999987,0.0,Elton123
