timestamp,timeframe,category,rank,address,pnl,volume,userName
2026-08-11 04:21:59,day,overall,1,0x2c335066fe58fe9237c3d3dc7b275c2a034a0563,132195.58527684712,568158.0708029999,0x2c335066FE58fe9237c3d3Dc7b275C2a034a0563-1759935795465
2026-08-11 04:21:59,day,overall,2,0xc8075693f48668a264b9fa313b47f52712fcc12b,79283.10390308363,99999.963036,texaskid
2026-08-11 04:21:59,day,overall,3,0x5e9458202b5817a72cf81105ec8a30e6f3705ba1,63766.49395025906,82548.119393,pleaseplease123
2026-08-11 04:21:59,day,overall,4,0x16bb9951a36fce71e2ef57890b786145e0ba8492,61656.3132128569,0.0,SDTrading
2026-08-11 04:21:59,day,overall,5,0xa71093cafc0c099b4ccab24c3cb8018d817923c4,60412.80039379769,115828.881763,Talvez10
2026-08-11 04:21:59,day,overall,6,0x2dc13c6bda81b202281e796953a7323de675b33c,44026.53140265998,59016.39,xifutloong3
2026-08-11 04:21:59,day,overall,7,0xfbd8c9c22ca76b3662d0e53a4f79719fdc684027,41601.68370657021,6803.0,0xfBd8C9C22cA76B3662d0e53A4f79719FDC684027-1779347618060
2026-08-11 04:21:59,day,overall,8,0x4f29e103339919c4baaea2a60195cf1c8bb27a7e,37184.60331151764,792542.004001,0x4f2
2026-08-11 04:21:59,day,overall,9,0x1ab3580b6d258e31ca0a3efdb93173d081dd64af,30249.993947985007,0.0,Satisfied
2026-08-11 04:21:59,day,overall,10,0xe40aaa5ce1dac0b7dc24c9d0284f27e17c3fe4a2,27251.36529171213,28375.486062,Mysaria
2026-08-11 04:21:59,day,overall,11,0x93fb8127a1b21a112b11af936361225df0563e4a,24507.06791030364,8.83,LlamaLoco0000
2026-08-11 04:21:59,day,overall,12,0x58f8f1138be2192696378629fc9aa23c7910dc70,19433.554425338974,150369.451762,bloodmaster
2026-08-11 04:21:59,day,overall,13,0xb4f978be63cdf75554b0b46a4262a6db597cc9a7,18736.732482076233,5.0,0xb4F978BE63cDF75554b0B46a4262a6dB597cc9A7-1779258330186
2026-08-11 04:21:59,day,overall,14,0x03805a13a0b3e058f55f6c6af95389d4f431073d,15467.21343153577,25518.348504,donthackme
2026-08-11 04:21:59,day,overall,15,0xa06ac74809c95107a40d6332f9fa3f3cecead284,14470.4872,27827.86,itskkoma
2026-08-11 04:21:59,day,overall,16,0x27f738fe203827445690339104aae35b20bc44b0,14263.089230630372,56370.0,ic4cream
2026-08-11 04:21:59,day,overall,17,0x861f4149171db053c73382c40d2c7e5408fd177d,13964.528234075011,0.0,D7422D98eA0d5b6Dd942a8eEd1d2a61945bFd0
2026-08-11 04:21:59,day,overall,18,0xbca08c1bc204a34f2fddbe47b438b9bd42ac9705,13800.82026712087,136160.28093799998,1winstreak1
2026-08-11 04:21:59,day,overall,19,0x448861155279dbf833d041b963e3ac854599e319,12763.503653753403,37768.635326999996,Flipadelphia
2026-08-11 04:21:59,day,overall,20,0x8488ef25f79c0cf2ffdff307973b2ac10464588c,12396.50348564723,1968.52,rabby10
2026-08-11 04:21:59,day,overall,21,0x7ecc7c5c99582a78e9cc00a5304406a2bad68f07,17125.417759000004,0.0,LeatherPants
2026-08-11 04:21:59,day,overall,22,0xf377b9fb12a4b7507a4f997461a73eb30b564159,14767.425997713983,96851.55794399999,danielwolfmorales3pddb6dl6
2026-08-11 04:21:59,day,overall,23,0xa06ac74809c95107a40d6332f9fa3f3cecead284,14470.4872,27827.86,itskkoma
2026-08-11 04:21:59,day,overall,24,0x8488ef25f79c0cf2ffdff307973b2ac10464588c,12541.735233725587,15968.84051,rabby10
2026-08-11 04:21:59,day,overall,25,0x56acab44cfca2e88bb9b3406890aea7bfa0cd77e,12287.241500000237,33043.35,dv-pm
2026-08-11 04:21:59,day,overall,26,0xe6a9d2301ed7e1222002d04e9463c5f521d9e35a,12280.113308779995,39036.91464,Eddd1x
2026-08-11 04:21:59,day,overall,27,0x64e93f87d8a0c1b2cde6f20d71f211372a95eb4c,12098.627353149759,36.0,oudine2
2026-08-11 04:21:59,day,overall,28,0x032eb1bc893940263ad0b01889f262fc232f2a9e,12020.536812924314,40508.87,purplegatto
2026-08-11 04:21:59,day,overall,29,0x861f4149171db053c73382c40d2c7e5408fd177d,11933.008455655,0.0,D7422D98eA0d5b6Dd942a8eEd1d2a61945bFd0
2026-08-11 04:21:59,day,overall,30,0x204f72f35326db932158cba6adff0b9a1da95e14,11052.227175608277,418836.7540719999,swisstony
2026-08-11 04:21:59,day,overall,31,0x7d56d84778fc6caa66f517be0ebe1df5d9f54950,9950.944847994004,0.0,AF2028
2026-08-11 04:21:59,day,overall,32,0xf0318c32136c2db7fec88b84869aee6a1106c80c,9070.07915496733,203668.659773,BreakTheBank
2026-08-11 04:21:59,day,overall,33,0xae825b67fac24b92f328f25b5d2530567605faf0,8960.134521054017,4000.0,0xAE825B67FAc24B92f328f25b5d2530567605FAF0-1757008313024
2026-08-11 04:21:59,day,overall,34,0xc69bd5567b40ef4d11922eaa57e1f9be1c642076,7937.79215450184,85145.28901000001,ISHOWSPEEDSUPERFAN
2026-08-11 04:21:59,day,overall,35,0x825a96fbae9189ea41bb2aa70e7572970f408835,7928.035139940001,0.0,noman2026
2026-08-11 04:21:59,day,overall,36,0xbca08c1bc204a34f2fddbe47b438b9bd42ac9705,7828.397140032788,245236.45477099993,1winstreak1
2026-08-11 04:21:59,day,overall,37,0xa08455c829a493054315e40e7817321e8c77bb99,7487.2399999999925,0.0,laozishudaosan
2026-08-11 04:21:59,day,overall,38,0x9d84ce0306f8551e02efef1680475fc0f1dc1344,7470.77131250214,17959.560048,ImJustKen
2026-08-11 04:21:59,day,overall,39,0xb0c85813a7a4428f1139ff91d3118a92c391fe7f,7070.349144700905,39862.132569999994,.tak-r.anymore..
2026-08-11 04:21:59,day,overall,40,0xc3c3b3ef304ddbea39fa2246e683a71da5d0eec8,6886.818848370051,2749.18,comon119
2026-08-11 04:21:59,day,overall,41,0xafa233dc896ab37e6fda810fe099f5b259a20611,6813.749609509997,0.0,btc333
2026-08-11 04:21:59,day,overall,42,0xdbdd45150249e229eb4ca8aa48a30dca21faa5de,6407.188573876134,35697.902887000004,0xdbdd45150249e229eB4cA8aa48A30Dca21Faa5de-1757094771846
2026-08-11 04:21:59,day,overall,43,0x9b11866433281ade9f2811dbde8acdefc45f5375,6364.819858761959,33408.71328099999,
2026-08-11 04:21:59,day,overall,44,0x41d28673f6fbcf28d08e6b2bd87072b34073d7c9,6340.488797880779,25300.608534,Shimi1234
2026-08-11 04:21:59,day,overall,45,0x076daa87c4fe1a85402a9b6b8e0a866224388d4c,6332.158504646795,84743.70232099999,
2026-08-11 04:21:59,day,overall,46,0x29788995bd3d54faec1c4cf8b37f564793deb511,6296.5784402658355,25197.40693,MMzz398
2026-08-11 04:21:59,day,overall,47,0x228b8d11eba89bf1c554f8879a9293b7106daf4c,5918.049667726969,282552.972937,0x228B8d11EBa89BF1c554f8879a9293B7106DaF4c-1765442354872
2026-08-11 04:21:59,day,overall,48,0xafe4272b4fb0bcc1d734ee2cdec3e78cdc94f3f7,5883.390299999999,11694.662914999999,QuentinChen
2026-08-11 04:21:59,day,overall,49,0x00f87f52b8df341341d6a31101f7d52a2318cfb9,5806.471562259029,22672.494575999997,6565655df4d45d4f5s5d
2026-08-11 04:21:59,day,overall,50,0x593c14a4c52836dcd2307beef2cffbcc29557903,5657.73624879725,25466.626425000002,sdg23sfs156
2026-08-11 04:21:59,day,overall,51,0xe2efa5676a4ec3a78bd7b20ec6bf7feb0ec65a1c,5493.204908765008,0.0,samostan1990
2026-08-11 04:21:59,day,overall,52,0xab828a2bcb4a5a93a94cdeedf3cb70b6211babe5,5448.194700999526,15647.617673,Lk1101x
2026-08-11 04:21:59,day,overall,53,0xf1ef8705e9f63c790c6fffd6329aea7011718cd6,5353.404303995039,7000.0,Outsid3rTrading
2026-08-11 04:21:59,day,overall,54,0x7542fa229f63a7bd8a9ca4584638004a39317a20,5352.478523042919,50094.794633000005,Mylifeisover
2026-08-11 04:21:59,day,overall,55,0x746e936f43ff75bf508cf8375b7a8e2515ef68ca,5174.998173579999,0.0,tomb2456
2026-08-11 04:21:59,day,overall,56,0xc68603e0fa68857282c1119c6cbcfc20fa2d5a55,5094.723761827539,9141.058944,Nmcp
2026-08-11 04:21:59,day,overall,57,0x88535affe74df0ceb617a069172128423eb7c058,4754.37204031624,20271.390059999998,hcs0x
2026-08-11 04:21:59,day,overall,58,0x5caec2331059ed7bbead580c8bc56e2d1896a00a,4350.0,0.0,halomango
2026-08-11 04:21:59,day,overall,59,0xf3a1493cf87d23177107b5b3f737f0c586f1bf4b,4305.503956535635,21324.633202999998,
2026-08-11 04:21:59,day,overall,60,0xae5c0f4a7551fb61383aec39ce9698a09af85df7,4277.678223576673,9178.464012,ehsantrade
2026-08-11 04:21:59,day,overall,61,0x13fa4ce1b8a27dd0b7a72db6205a50ee6ff0954c,4274.04045086417,10211.599286,betterfasterstronger
2026-08-11 04:21:59,day,overall,62,0x01e6e3c5cfe50943e7721398054cb1e22032e7e0,4205.418750229968,11103.809258,BajaBlaster
2026-08-11 04:21:59,day,overall,63,0xaa6502a0a02a264b63e416bbfba62d27cae3b0bb,4131.947663083332,29722.963332,DIKJE
2026-08-11 04:21:59,day,overall,64,0x736539924a5602b37a03a54fc12c1cc8f98964da,4111.182548700208,11626.715327999998,cqk
2026-08-11 04:21:59,day,overall,65,0xe734e7bf7cfb9e464681f71822f6c2f6be514f0c,4110.582906765529,10196.750285,boyau
2026-08-11 04:21:59,day,overall,66,0x8b14a322db0e518ed3e3fbe69f65690f3787d0b1,3823.207680270003,0.0,gengis111
2026-08-11 04:21:59,day,overall,67,0xb1ca909e848cc24ec4e220ce1c453bc290c51705,3809.4296619695883,76975.90103100002,abdkxrhxr
2026-08-11 04:21:59,day,overall,68,0x161a7f666ca49d592848cf415b42f49a84714103,3806.7180493706755,55721.302876999995,torta.tech
2026-08-11 04:21:59,day,overall,69,0x34530b984a71bc776a759cabab76d6234f8d8524,3780.2919799999972,3157.9,Hunter33
2026-08-11 04:21:59,day,overall,70,0x61f15c585de606990fd711169ce835c009fc7aef,3757.585168099488,3157.9,Follow555
2026-08-11 04:21:59,day,overall,71,0x673d3d48849ef8c27eda7116641be163f4121a91,3722.3845622078643,5142.857141,Betzar
2026-08-11 04:21:59,day,overall,72,0x39d3c773be30fcc73161fc6768f46d563a779ef0,3665.86059999984,1627.99,matanovik
2026-08-11 04:21:59,day,overall,73,0x9f208e85f326f865077fffa68b32d8b0e2bc12c3,3631.4602238088364,8069.097601,mildwindow27
2026-08-11 04:21:59,day,overall,74,0x6b44c48cfbc5ef89c3d05d9c70567c36cb2e3992,3615.302800000005,4918.03,mjjbb
2026-08-11 04:21:59,day,overall,75,0x5dab5ed9691fab220535891d9c7f5c28eed322e1,3568.9957428001144,0.0,Weaseloftheweek
2026-08-11 04:21:59,day,overall,76,0x6f3e7f25baa7d2d49e15e2d2957ff3dec62cbcf8,3536.6776330801804,203953.620161,fRibrenlc
2026-08-11 04:21:59,day,overall,77,0x9d94f602535e518ee1cb6aade0ca9569f1b1017d,3489.411601217353,45948.481250000004,eanvanezygv
2026-08-11 04:21:59,day,overall,78,0x82e3817648b6bbc828160725e796bef9eb575b94,3478.8474666,0.0,KAICENATSUPERFAN
2026-08-11 04:21:59,day,overall,79,0xec981ed70ae69c5cbcac08c1ba063e734f6bafcd,3458.5722253496665,12804.971477,0xheavy888
2026-08-11 04:21:59,day,overall,80,0xd3faf1906cc31e75d1dfa0d7b57e8f97d33da26c,3351.8734764220644,9433.96,BigGumbaBoots
2026-08-11 04:21:59,day,overall,81,0x701187150980c2421bc3c87a74dbdef31d75c6da,3261.7269304677,13216.23968,Electricy
2026-08-11 04:21:59,day,overall,82,0xe9cbb1c9b3f7f411dd4fdf2ea7afa780c8b4d096,3225.4317443401596,150383.153599,lameloballer
2026-08-11 04:21:59,day,overall,83,0xbf08be85b9c157db09f4b949a72179a1fe43907e,3208.2105622424947,0.0,Dwightschrute7
2026-08-11 04:21:59,day,overall,84,0x57b258499f7a4cfc5043ceae57a51f7e6f529da2,3189.3880338607723,3617.923718,0x57b258499f7A4cfC5043ceae57A51f7e6f529Da2-1779737456696
2026-08-11 04:21:59,day,overall,85,0xc5187cb669690150643ba2f9aac6b7d98d212594,3164.575623624722,9894.306633,mustbethewater
2026-08-11 04:21:59,day,overall,86,0xf68a281980f8c13828e84e147e3822381d6e5b1b,3135.3311639194712,110762.244128,Nooserac
2026-08-11 04:21:59,day,overall,87,0x6a2ddf20909bd84c86284d1e8dab5a44d3bfd58a,3089.3404398770163,11562.611358,m4534534ghfkuk34
2026-08-11 04:21:59,day,overall,88,0x1b8ffdb4ff99b4622f099465c486e4f75751cca7,3056.505726719991,2599.99428,0x1B8FfDb4FF99B4622F099465C486E4F75751cca7-1779298477893
2026-08-11 04:21:59,day,overall,89,0x3f3bfc6d754e416699793901ffb12ddeee9f1d77,3055.5596511230015,1616.68,eNakeVets
2026-08-11 04:21:59,day,overall,90,0x22da1a1fc2b14f5c76b0e179048734c015ef2866,3036.504720999962,33563.296905999996,BlessedSunshine888
2026-08-11 04:21:59,day,overall,91,0xa9f5e5c9c761a0c7d692ba479028f778a5dd937f,3026.318833947822,12923.801331,Jxtoas
2026-08-11 04:21:59,day,overall,92,0x5674f6079740c1147c7bc3f67400b28767122ff4,3012.754049719999,4098.35,dontworrybaseball
2026-08-11 04:21:59,day,overall,93,0x23d81ba9371e576015c1e562db09c689f56b0288,2902.8027556638663,46375.343359,flawfence
2026-08-11 04:21:59,day,overall,94,0x49f25611eeeff52d582180ade9acda9113f5b3c3,2893.14879932467,13204.083763999999,ethyydsz
2026-08-11 04:21:59,day,overall,95,0x61313791c42f09ea053acc9eea9aaa6e7300fd16,2885.8432619950036,0.0,emreus
2026-08-11 04:21:59,day,overall,96,0x1e386b0e0f1fc58c67ce738d7bbc4ba7ec74fd47,2878.2091830900017,42616.09636899999,beeemw
2026-08-11 04:21:59,day,overall,97,0x9b2695f816669a5da7246b51e4722d4728082211,2822.3244000000013,0.0,Jakato
2026-08-11 04:21:59,day,overall,98,0x41558102a796ba971c7567cad41c307e59f8fa41,2809.4918488227704,10460.124264,LSB1
2026-08-11 04:21:59,day,overall,99,0x7df1854c8bd10b573f1281c2e978b8104075491d,2729.014046882112,15699.440536999999,bitcoinlighf
2026-08-11 04:21:59,day,overall,100,0xb4d250f58c26840e09723a83ce9c8149aa32ce99,2682.935701931447,52014.440828999985,alpheclabs
2026-08-11 04:21:59,day,politics,1,0xfbd8c9c22ca76b3662d0e53a4f79719fdc684027,41687.81400430214,4885.0,0xfBd8C9C22cA76B3662d0e53A4f79719FDC684027-1779347618060
2026-08-11 04:21:59,day,politics,2,0xe40aaa5ce1dac0b7dc24c9d0284f27e17c3fe4a2,26532.982206159344,5472.062892999998,Mysaria
2026-08-11 04:21:59,day,politics,3,0x03805a13a0b3e058f55f6c6af95389d4f431073d,20526.773381149338,20570.944904,donthackme
2026-08-11 04:21:59,day,politics,4,0x7d56d84778fc6caa66f517be0ebe1df5d9f54950,9950.944847994004,0.0,AF2028
2026-08-11 04:21:59,day,politics,5,0xb0c85813a7a4428f1139ff91d3118a92c391fe7f,5457.481886732741,19222.847983,.tak-r.anymore..
2026-08-11 04:21:59,day,politics,6,0x9f208e85f326f865077fffa68b32d8b0e2bc12c3,3570.9747926413693,2649.2440610000003,mildwindow27
2026-08-11 04:21:59,day,politics,7,0x23d81ba9371e576015c1e562db09c689f56b0288,2653.6202478173946,46375.343359,flawfence
2026-08-11 04:21:59,day,politics,8,0x7e5972bfc25819775ee5a9d4f191919375487b8b,2631.6303430300613,10752.496983000001,Gaditima
2026-08-11 04:21:59,day,politics,9,0x1fee90f352fd362ea4bf13c6ed7cdd83a4d2ed5e,2598.0826108089823,929.3899999999999,lomneivan
2026-08-11 04:21:59,day,politics,10,0xc7d02944a76b9f83b199e9090ecc92c82d241f8a,2267.0279880691087,4948.459604000001,0xc7D02944A76B9F83B199e9090ECC92C82d241F8a-1776944395495
2026-08-11 04:21:59,day,politics,11,0x90ed5bffbffbfc344aa1195572d89719a398b5bc,2100.841639170045,0.0,failstober
2026-08-11 04:21:59,day,politics,12,0x000d257d2dc7616feaef4ae0f14600fdf50a758e,1994.0086487596855,52925.21,scottilicious
2026-08-11 04:21:59,day,politics,13,0x93fb8127a1b21a112b11af936361225df0563e4a,1945.3818725907477,8.83,LlamaLoco0000
2026-08-11 04:21:59,day,politics,14,0x5a218c7ad04135830a45c41aaed7294df7809318,1614.5148687395267,1723.8917549999999,balthazar
2026-08-11 04:21:59,day,politics,15,0x011f2d377e56119fb09196dffb0948ae55711122,1549.7212430493964,19612.920881,11122
2026-08-11 04:21:59,day,politics,16,0xc5187cb669690150643ba2f9aac6b7d98d212594,1540.7770534838346,3683.694409999999,mustbethewater
2026-08-11 04:21:59,day,politics,17,0xc84f7e76ec28ef20e7773b7b4926bfb7378be0c5,1496.8221697144909,31568.470523000004,BrightStars
2026-08-11 04:21:59,day,politics,18,0x3920dda30a16c4bcfc233033d4890d2497c832b0,1479.2434345000092,0.0,Goodburger
2026-08-11 04:21:59,day,politics,19,0x706ccabb8023add7fe4e773aaaab812eb2d6a94b,1361.1505015399962,0.0,Amrosein
2026-08-11 04:21:59,day,politics,20,0x21064fd320bfd5a86f8c92a94d3209edf4154dea,1270.6006899165222,304.32066599999996,rainbowlilies
2026-08-11 04:21:59,day,politics,21,0x9d84ce0306f8551e02efef1680475fc0f1dc1344,1162.19533127849,5066.68425,ImJustKen
2026-08-11 04:21:59,day,politics,22,0xb4f2592e67c333e73c923547cfe05e768180e5fa,1133.6120539785188,0.0,M2sx92kljs42
2026-08-11 04:21:59,day,politics,23,0xf0d5eb1cbe7350f1f896ade6c172e6700414c665,1131.9777088045012,0.0,yen4u
2026-08-11 04:21:59,day,politics,24,0x3007ea6df4389c173a5119162be94aac6bba763a,1063.2706076174982,0.0,katbot
2026-08-11 04:21:59,day,politics,25,0x1d945b7e9c183bec07f581f157cf64a29175ed73,1044.0227557899998,0.0,KingKRool
2026-08-11 04:21:59,day,politics,26,0xfd557e6db670c9704bc1d0d8e8b585c7d9c9f905,1014.9386829697687,940.0,northdrawer
2026-08-11 04:21:59,day,politics,27,0x707b7d58f60a790f633335c47f1e99c9bd7969f2,1004.7730149600029,0.0,Rex
2026-08-11 04:21:59,day,politics,28,0x44c1dfe43260c94ed4f1d00de2e1f80fb113ebc1,946.4786543864757,24871.54,aenews2
2026-08-11 04:21:59,day,politics,29,0xe234959595e01dacd391a9502a6ad0edf4e3304a,918.1060981359187,5638.35,0x95d81ba9371e765015c1e562db20d689f56c097
2026-08-11 04:21:59,day,politics,30,0xc2e98eb992cf48744c9761797497fada7b64e288,890.166495757001,0.0,dreivierteljaeger
2026-08-11 04:21:59,day,politics,31,0x4f1d5ae26fc31472966e951af3183308736d8de2,838.8319521896483,10044.920000000002,e46m3
2026-08-11 04:21:59,day,politics,32,0xeb490d0534bb68b4c2ce139b219a728cd2c3693e,806.7015639421734,15802.631577,78979879879879
2026-08-11 04:21:59,day,politics,33,0xdf17f4a8dd01a4cfa6fc3da323a2baee5f8697d1,773.9504863232141,41.410776,Prescient-Trestle
2026-08-11 04:21:59,day,politics,34,0xb1ca909e848cc24ec4e220ce1c453bc290c51705,761.0288480171293,61697.450429000004,abdkxrhxr
2026-08-11 04:21:59,day,politics,35,0xbd743c018d6ef973c282deab1587d8bf3a64d98b,755.1347978790003,0.0,c8rumcsdkl
2026-08-11 04:21:59,day,politics,36,0xae7fceb5828ad56356283188b505939d057f31c9,753.2855336829962,0.0,0xAE7FcEb5828Ad56356283188B505939D057F31c9-1768585935728
2026-08-11 04:21:59,day,politics,37,0x246b6f2cf1eb3c74ab82b5d7288ef49baeed1196,729.3772585990009,0.0,citra
2026-08-11 04:21:59,day,politics,38,0xa047582335186507d864064411f66492eb454ffa,662.4950310004951,917.5569710000002,tuterw
2026-08-11 04:21:59,day,politics,39,0xde0463ea7f611b065e8ab06bbfbddad75e6dfa37,653.0984472596028,0.0,mwenya
2026-08-11 04:21:59,day,politics,40,0x2c649b504168c5414277f23135fb9ce36df72099,636.7992661130047,0.0,rollsrolls
2026-08-11 04:21:59,day,politics,41,0x12d6cccfc7470a3f4bafc53599a4779cbf2cf2a8,628.5356310153147,0.0,classified
2026-08-11 04:21:59,day,politics,42,0x6ffb4354cbe6e0f9989e3b55564ec5fb8646a834,625.730778048106,0.0,AgricultureSecretary
2026-08-11 04:21:59,day,politics,43,0x85a85805bcbdf2e629788adac1420b6b53949281,596.7703816535019,0.0,LJa7io23MCv954j
2026-08-11 04:21:59,day,politics,44,0x821783d5666ce226580f4c0703af300efc169299,593.679080959002,0.0,baddestofthemall
2026-08-11 04:21:59,day,politics,45,0x6806d2ab8efb9c41baa28c72e44fdfc4b3293a05,593.3710389000007,0.0,Aurelian9
2026-08-11 04:21:59,day,politics,46,0x0b46c19958d0032466eb3f2adb6e9d2b66cccd0b,561.7613024899983,0.0,TrumpNeckVagina
2026-08-11 04:21:59,day,politics,47,0x9c987f84d18a4dd640909409b31212fbb805f4f4,560.897071881991,0.0,Moonshot1019
2026-08-11 04:21:59,day,politics,48,0x90bfc858ddb497e6208a92dce15cfe9a480d3348,530.000063571495,0.0,pmwatcher
2026-08-11 04:21:59,day,politics,49,0xdbade4c82fb72780a0db9a38f821d8671aba9c95,520.0683709955774,0.0,SwissMiss
2026-08-11 04:21:59,day,politics,50,0xd1a63a243042d864520512fbdbd2fd20e0ab1507,518.2111738599051,830.6900000000002,DkOYL
2026-08-11 04:21:59,day,politics,51,0x4cb5ec560735efca23f76f2dd152b74bc6a9b536,512.4790709689842,0.0,TheEmprah
2026-08-11 04:21:59,day,politics,52,0xc0df71cee3d45ebfb6d187bd31c3d7316a758dad,509.3235999999997,0.0,MSKW22222
2026-08-11 04:21:59,day,politics,53,0x28bf066c6cb952da62d6d182c16ad173ada64a4e,505.06689812648983,1789.5537969999998,plainfolder
2026-08-11 04:21:59,day,politics,54,0xf811ef0712a03925ce67ae2af5318cfeb86b1792,504.7834744519787,0.0,krikcrok
2026-08-11 04:21:59,day,politics,55,0x0c2619b92cd24c8d7f347244cba2af3275f1d223,499.925573703993,9893.792000000001,tugator
2026-08-11 04:21:59,day,politics,56,0x1f9e15f39bbd5d163b0eacf0fbef647ced9e4f1a,496.62230420604465,10345.002027,BirobidjanRepublican
2026-08-11 04:21:59,day,politics,57,0x2b9dbf4b6e0e11309a9d6d2a09b72f65f652adc0,470.8371457300236,0.0,seal7
2026-08-11 04:21:59,day,politics,58,0x62cf46cd4c3af254dccfc37a7f93de265b4b5826,470.1646762434975,0.0,eCash
2026-08-11 04:21:59,day,politics,59,0xc8b9a30184244d427169cf62485dde6041b2b836,460.02247322304174,15.209999999999999,SnowLover7
2026-08-11 04:21:59,day,politics,60,0x22e4248bdb066f65c9f11cd66cdd3719a28eef1c,450.3932650220231,61260.62999999999,ProfessionalPunter
2026-08-11 04:21:59,day,politics,61,0xbd0477e08d82d35a855ff19644a88a9213d8fbb0,444.4055001786619,0.0,yuhyuhyuhy352352
2026-08-11 04:21:59,day,politics,62,0xdb24bf3df1ea39f30a2bb7ecb9bbd8dfc990496b,443.6315253083702,2281.386361,beatrix99
2026-08-11 04:21:59,day,politics,63,0xf01ac1aa9fef8eabc5e3c764747aabddaa90f231,438.7206412814994,7625.08,SubashChandraBose
2026-08-11 04:21:59,day,politics,64,0x16bd7cc71f6da1e77d1d8255677abc75b9bae288,435.78745000000345,0.0,ddalkkak
2026-08-11 04:21:59,day,politics,65,0xe3f2ecfd3e648bdabcd3fb701ccf294f13afe1c1,435.5240720694346,1.449274,supersmard
2026-08-11 04:21:59,day,politics,66,0xf56710c938232eb3a18f4116519f02c12fa5d3ef,423.72787104549843,0.0,simpleinvestor
2026-08-11 04:21:59,day,politics,67,0x7f9e2d1df78614564a70becc7fa14aa9a6623a0e,414.2511207603384,0.0,nojnn
2026-08-11 04:21:59,day,politics,68,0x80a0da00fbdc8440b0ef601341f14c3e24795708,406.9037347435078,0.0,de5nuts
2026-08-11 04:21:59,day,politics,69,0x2974bd0059e48f215c391882976e0f1b4c8c9c23,402.94735482201213,0.0,65765757
2026-08-11 04:21:59,day,politics,70,0x942e79166821f3f4e67872e44f1672fcccd2be27,391.51651848658366,588.950429,smallreceipt
2026-08-11 04:21:59,day,politics,71,0x3314241c37a296e9aece7e7dfb5898652b4aa8c7,388.5399911199984,0.0,0x3314241c37A296e9AeCe7E7DFB5898652b4aa8c7-1767968276778
2026-08-11 04:21:59,day,politics,72,0x9df5166f93d6a65ac3c3428d8644b2e7175361e1,377.2047500000008,0.0,novice99
2026-08-11 04:21:59,day,politics,73,0x38e59b36aae31b164200d0cad7c3fe5e0ee795e7,376.76326315860206,2726.953886,cowcat
2026-08-11 04:21:59,day,politics,74,0x9703676286b93c2eca71ca96e8757104519a69c2,368.42183181017754,141.736664,AnonymousUsername
2026-08-11 04:21:59,day,politics,75,0x2d99e29c4f066ba32098c65e4c7454b277d94ca3,368.343720487901,4075.8243899999998,scout
2026-08-11 04:21:59,day,politics,76,0xa9aca75fb5d8f04c2ec9eeb0eb0c30d2e526c5d1,341.13807195200934,1000.0,suraxy
2026-08-11 04:21:59,day,politics,77,0x819f9aa2e4da899e185762e03690415ea758f3e7,340.9757612082658,489.998052,donotthinktwice
2026-08-11 04:21:59,day,politics,78,0x52c2143f69dd3dcd249f688623c64ab5f7900556,339.03145650248916,9478.015415,0xcdlambjrrt0lk1en0js1mps0nipda1lyjfk
2026-08-11 04:21:59,day,politics,79,0x558f2f82cf0394c28ce3c8e117ee747aeab51a56,337.9644116099116,50.03947,LesterDiamond
2026-08-11 04:21:59,day,politics,80,0x2fe1c0ce9e968e98d6fe44c601ddd268627ab7e5,333.1866277350018,0.0,futureisyours
2026-08-11 04:21:59,day,politics,81,0x2200b75c27835935a40308779b5656c09ab40f2d,333.03355701049804,7012.76,BeanC0unter
2026-08-11 04:21:59,day,politics,82,0x187fbd3114592d6a5420c937ca14e9cf64f55fee,320.9922895775021,1504.91,020112
2026-08-11 04:21:59,day,politics,83,0xb886580698ede4b18de3e446b2d8da8bcedd81b3,317.8155904869236,735.1687499999999,0xB886580698eDE4b18DE3E446b2D8Da8bCEdd81B3-1767532547794
2026-08-11 04:21:59,day,politics,84,0x4e72c22cd76f9973a48aedfd79feeaacc8b7ffb9,317.1630780208113,446.56545400000005,0x4E72c22CD76f9973a48aedfd79FeEAaCC8B7FFb9-1778811541343
2026-08-11 04:21:59,day,politics,85,0x551e72eda42a5ab39d6d78239a1d9bbb5db6b0e0,311.96544844738673,0.0,GayPride
2026-08-11 04:21:59,day,politics,86,0x1414098d81d1e0cb2776ebf426a4bc5de2984047,311.68480119900005,0.0,Provo44
2026-08-11 04:21:59,day,politics,87,0x788714d71ce1fabb8cfd6f67e4b3f4305b417850,306.60300000000007,0.0,Karayama
2026-08-11 04:21:59,day,politics,88,0x1e1f17412069c0736adfaadf8ee7f46e5612c855,302.864941926091,0.0,Brokie
2026-08-11 04:21:59,day,politics,89,0xe5c215ac428d4143f9ebc817c9ac6e717a2e2ab0,301.59775000001537,0.0,dwFqcd4Z
2026-08-11 04:21:59,day,politics,90,0x6f40bd79f70ca03c59d7318dfebe22e65b55eb64,296.2198684069954,0.0,Fuentes31
2026-08-11 04:21:59,day,politics,91,0x515e2144bf38402568979db4ea7f6b64636c8309,294.4069812170019,0.0,bullishkirby
2026-08-11 04:21:59,day,politics,92,0x4fc18862c662dd391beed8e4df257bdac04284a7,291.7735968199995,0.0,0x4fc18862c662dd391BeEd8E4Df257bDaC04284a7-1770212261553
2026-08-11 04:21:59,day,politics,93,0x6d57da09ef86a327524853b36fbd2e39cf0cbfc5,288.2061498231924,20531.699366,SitsToPee
2026-08-11 04:21:59,day,politics,94,0x8b4bca1d794779e66e023d44391b2a86c5ab541b,282.3685635213624,6283.397344000001,0x8B4bcA1D794779E66e023D44391B2A86C5ab541B-1769764313952
2026-08-11 04:21:59,day,politics,95,0x199df422f3460e56931a6af1643a0bb97a9a6e7b,281.6474775560025,0.0,0x199dF422f3460e56931a6af1643A0bB97A9A6E7B-1723168998413
2026-08-11 04:21:59,day,politics,96,0xfd66d7ed45d7962ad009e669cdaec9319e38fb6d,273.99926986941136,0.0,KING-VIP23
2026-08-11 04:21:59,day,politics,97,0x19344b25b205a60fa61fa99621f01a22df3c0a4b,273.26856038299957,0.0,Leon8899
2026-08-11 04:21:59,day,politics,98,0x19efeeeed6ae7c77f2dea0363c756841e4382115,271.1209523284997,0.0,0x58a049263e0754cb51a63248c34ffe07e8434899
2026-08-11 04:21:59,day,politics,99,0x17e313bb9173febb23c865a2ef8a4e8e0eaf9ba5,270.82985328150244,0.0,hymolu
2026-08-11 04:21:59,day,politics,100,0xb6644a21bea104c3a804ffe373d21fae41798669,270.47248000000036,0.0,Humble
2026-08-11 04:21:59,day,sports,1,0xfe787d2da716d60e8acff57fb87eb13cd4d10319,149828.4567861813,1481781.0772240001,ferrariChampions2026
2026-08-11 04:21:59,day,sports,2,0x2c335066fe58fe9237c3d3dc7b275c2a034a0563,113198.36599578895,609521.130803,0x2c335066FE58fe9237c3d3Dc7b275C2a034a0563-1759935795465
2026-08-11 04:21:59,day,sports,3,0x16bb9951a36fce71e2ef57890b786145e0ba8492,81813.764675676,0.0,SDTrading
2026-08-11 04:21:59,day,sports,4,0xc8075693f48668a264b9fa313b47f52712fcc12b,66302.82145108498,99999.963036,texaskid
2026-08-11 04:21:59,day,sports,5,0xa71093cafc0c099b4ccab24c3cb8018d817923c4,62987.31468875171,115828.881763,Talvez10
2026-08-11 04:21:59,day,sports,6,0x4f29e103339919c4baaea2a60195cf1c8bb27a7e,55623.91716535544,1070754.9057650003,0x4f2
2026-08-11 04:21:59,day,sports,7,0x5e9458202b5817a72cf81105ec8a30e6f3705ba1,45646.94824837893,82548.119393,pleaseplease123
2026-08-11 04:21:59,day,sports,8,0x2dc13c6bda81b202281e796953a7323de675b33c,44616.69530266005,59016.39,xifutloong3
2026-08-11 04:21:59,day,sports,9,0x1ab3580b6d258e31ca0a3efdb93173d081dd64af,30249.993947985007,0.0,Satisfied
2026-08-11 04:21:59,day,sports,10,0x224a89dbe0db0d6124b335edabd15b3f877da3d5,27541.87563521508,362123.857432,wr0ngw4yb3tt0r
2026-08-11 04:21:59,day,sports,11,0x27f738fe203827445690339104aae35b20bc44b0,20699.499936630047,56370.0,ic4cream
2026-08-11 04:21:59,day,sports,12,0x9703676286b93c2eca71ca96e8757104519a69c2,19227.01469080057,54808.937236000005,AnonymousUsername
2026-08-11 04:21:59,day,sports,13,0xdb859a551fcf56e49416160911476bea7307152f,19156.50216681001,410906.58004200005,AV23IUa
2026-08-11 04:21:59,day,sports,14,0xb4f978be63cdf75554b0b46a4262a6db597cc9a7,18745.424904593077,5.0,0xb4F978BE63cDF75554b0B46a4262a6dB597cc9A7-1779258330186
2026-08-11 04:21:59,day,sports,15,0x448861155279dbf833d041b963e3ac854599e319,17738.2494422445,5289.706349,Flipadelphia
2026-08-11 04:21:59,day,sports,16,0x7ecc7c5c99582a78e9cc00a5304406a2bad68f07,17125.417759000004,0.0,LeatherPants
2026-08-11 04:21:59,day,sports,17,0xf377b9fb12a4b7507a4f997461a73eb30b564159,14767.42599771397,96851.55794399999,danielwolfmorales3pddb6dl6
2026-08-11 04:21:59,day,sports,18,0xa06ac74809c95107a40d6332f9fa3f3cecead284,14470.4872,27827.86,itskkoma
2026-08-11 04:21:59,day,sports,19,0x8488ef25f79c0cf2ffdff307973b2ac10464588c,12368.310485647235,77.52,rabby10
2026-08-11 04:21:59,day,sports,20,0x56acab44cfca2e88bb9b3406890aea7bfa0cd77e,12287.241500000237,33043.35,dv-pm
2026-08-11 04:21:59,day,sports,21,0xe6a9d2301ed7e1222002d04e9463c5f521d9e35a,12280.11330878,39036.91464,Eddd1x
2026-08-11 04:21:59,day,sports,22,0x64e93f87d8a0c1b2cde6f20d71f211372a95eb4c,12097.832454645759,36.0,oudine2
2026-08-11 04:21:59,day,sports,23,0x032eb1bc893940263ad0b01889f262fc232f2a9e,11863.45703792409,40239.87,purplegatto
2026-08-11 04:21:59,day,sports,24,0x204f72f35326db932158cba6adff0b9a1da95e14,11052.227175526321,418836.7540719999,swisstony
2026-08-11 04:21:59,day,sports,25,0xf0318c32136c2db7fec88b84869aee6a1106c80c,9070.07915496733,203668.659773,BreakTheBank
2026-08-11 04:21:59,day,sports,26,0xae825b67fac24b92f328f25b5d2530567605faf0,8960.134521054017,4000.0,0xAE825B67FAc24B92f328f25b5d2530567605FAF0-1757008313024
2026-08-11 04:21:59,day,sports,27,0xbca08c1bc204a34f2fddbe47b438b9bd42ac9705,7821.304430508055,240134.45477100002,1winstreak1
2026-08-11 04:21:59,day,sports,28,0xa08455c829a493054315e40e7817321e8c77bb99,7487.2399999999925,0.0,laozishudaosan
2026-08-11 04:21:59,day,sports,29,0xc3c3b3ef304ddbea39fa2246e683a71da5d0eec8,6884.5948352753185,2749.18,comon119
2026-08-11 04:21:59,day,sports,30,0x9b11866433281ade9f2811dbde8acdefc45f5375,6364.979858761959,33408.713281,
2026-08-11 04:21:59,day,sports,31,0x41d28673f6fbcf28d08e6b2bd87072b34073d7c9,6330.482827280779,25300.608534,Shimi1234
2026-08-11 04:21:59,day,sports,32,0xdbdd45150249e229eb4ca8aa48a30dca21faa5de,6327.110301856883,35312.532887,0xdbdd45150249e229eB4cA8aa48A30Dca21Faa5de-1757094771846
2026-08-11 04:21:59,day,sports,33,0x076daa87c4fe1a85402a9b6b8e0a866224388d4c,6311.905026847031,84560.413978,
2026-08-11 04:21:59,day,sports,34,0x29788995bd3d54faec1c4cf8b37f564793deb511,6296.578440265839,25197.40693,MMzz398
2026-08-11 04:21:59,day,sports,35,0x228b8d11eba89bf1c554f8879a9293b7106daf4c,5918.0496677267365,282552.972937,0x228B8d11EBa89BF1c554f8879a9293B7106DaF4c-1765442354872
2026-08-11 04:21:59,day,sports,36,0xafe4272b4fb0bcc1d734ee2cdec3e78cdc94f3f7,5883.390299999999,11694.662914999999,QuentinChen
2026-08-11 04:21:59,day,sports,37,0xf1ef8705e9f63c790c6fffd6329aea7011718cd6,5841.500000000029,7000.0,Outsid3rTrading
2026-08-11 04:21:59,day,sports,38,0xf68a281980f8c13828e84e147e3822381d6e5b1b,5656.563644582813,100762.277222,Nooserac
2026-08-11 04:21:59,day,sports,39,0xab828a2bcb4a5a93a94cdeedf3cb70b6211babe5,5609.777515000023,9841.697673,Lk1101x
2026-08-11 04:21:59,day,sports,40,0xe2efa5676a4ec3a78bd7b20ec6bf7feb0ec65a1c,5493.204908765008,0.0,samostan1990
2026-08-11 04:21:59,day,sports,41,0x7542fa229f63a7bd8a9ca4584638004a39317a20,5352.478523042919,50094.794633000005,Mylifeisover
2026-08-11 04:21:59,day,sports,42,0x746e936f43ff75bf508cf8375b7a8e2515ef68ca,5174.998173579999,0.0,tomb2456
2026-08-11 04:21:59,day,sports,43,0xc68603e0fa68857282c1119c6cbcfc20fa2d5a55,5094.723761827539,9141.058944,Nmcp
2026-08-11 04:21:59,day,sports,44,0x88535affe74df0ceb617a069172128423eb7c058,4754.37204031624,20271.390059999998,hcs0x
2026-08-11 04:21:59,day,sports,45,0x5caec2331059ed7bbead580c8bc56e2d1896a00a,4350.0,0.0,halomango
2026-08-11 04:21:59,day,sports,46,0xf3a1493cf87d23177107b5b3f737f0c586f1bf4b,4305.503956535635,21324.633202999998,
2026-08-11 04:21:59,day,sports,47,0xae5c0f4a7551fb61383aec39ce9698a09af85df7,4277.678223576673,9178.464012,ehsantrade
2026-08-11 04:21:59,day,sports,48,0x01e6e3c5cfe50943e7721398054cb1e22032e7e0,4135.114838129993,10063.329258,BajaBlaster
2026-08-11 04:21:59,day,sports,49,0xaa6502a0a02a264b63e416bbfba62d27cae3b0bb,4131.947663083332,29722.963332,DIKJE
2026-08-11 04:21:59,day,sports,50,0x161a7f666ca49d592848cf415b42f49a84714103,3807.7180452070024,55721.302876999995,torta.tech
2026-08-11 04:21:59,day,sports,51,0x34530b984a71bc776a759cabab76d6234f8d8524,3780.1517499999973,3157.9,Hunter33
2026-08-11 04:21:59,day,sports,52,0x61f15c585de606990fd711169ce835c009fc7aef,3756.6354540149878,3157.9,Follow555
2026-08-11 04:21:59,day,sports,53,0x673d3d48849ef8c27eda7116641be163f4121a91,3722.3845622078643,5142.857141,Betzar
2026-08-11 04:21:59,day,sports,54,0x57b258499f7a4cfc5043ceae57a51f7e6f529da2,3640.9484345350047,1490.84,0x57b258499f7A4cfC5043ceae57A51f7e6f529Da2-1779737456696
2026-08-11 04:21:59,day,sports,55,0x6b44c48cfbc5ef89c3d05d9c70567c36cb2e3992,3615.302800000005,4918.03,mjjbb
2026-08-11 04:21:59,day,sports,56,0x9d94f602535e518ee1cb6aade0ca9569f1b1017d,3600.131270787155,45382.904302,eanvanezygv
2026-08-11 04:21:59,day,sports,57,0x5dab5ed9691fab220535891d9c7f5c28eed322e1,3568.995742800107,0.0,Weaseloftheweek
2026-08-11 04:21:59,day,sports,58,0x6f3e7f25baa7d2d49e15e2d2957ff3dec62cbcf8,3536.677633080166,203953.620161,fRibrenlc
2026-08-11 04:21:59,day,sports,59,0xec981ed70ae69c5cbcac08c1ba063e734f6bafcd,3438.815384201007,12804.971477,0xheavy888
2026-08-11 04:21:59,day,sports,60,0xd3faf1906cc31e75d1dfa0d7b57e8f97d33da26c,3351.8734764220644,9433.96,BigGumbaBoots
2026-08-11 04:21:59,day,sports,61,0xe9cbb1c9b3f7f411dd4fdf2ea7afa780c8b4d096,3225.431744340145,150383.153599,lameloballer
2026-08-11 04:21:59,day,sports,62,0xbf08be85b9c157db09f4b949a72179a1fe43907e,3208.2105622424947,0.0,Dwightschrute7
2026-08-11 04:21:59,day,sports,63,0x1b8ffdb4ff99b4622f099465c486e4f75751cca7,3056.505726719991,2599.99428,0x1B8FfDb4FF99B4622F099465C486E4F75751cca7-1779298477893
2026-08-11 04:21:59,day,sports,64,0x22da1a1fc2b14f5c76b0e179048734c015ef2866,3036.504720999963,33563.296905999996,BlessedSunshine888
2026-08-11 04:21:59,day,sports,65,0x5674f6079740c1147c7bc3f67400b28767122ff4,3012.754049719999,4098.35,dontworrybaseball
2026-08-11 04:21:59,day,sports,66,0xb4d250f58c26840e09723a83ce9c8149aa32ce99,2998.804897940019,35077.186593,alpheclabs
2026-08-11 04:21:59,day,sports,67,0x1e386b0e0f1fc58c67ce738d7bbc4ba7ec74fd47,2878.2091830900017,42616.09636899999,beeemw
2026-08-11 04:21:59,day,sports,68,0x41558102a796ba971c7567cad41c307e59f8fa41,2809.4918488227704,10460.124264,LSB1
2026-08-11 04:21:59,day,sports,69,0xdf804b17329a461425116c9e0f599e248b443259,2709.9251120000554,7004.859483,gfafasgs
2026-08-11 04:21:59,day,sports,70,0x48611e62b91a2a0cf8de06d2c9374d2920483aae,2680.042232560001,3688.52,MLJBASEBALL
2026-08-11 04:21:59,day,sports,71,0xa9f5e5c9c761a0c7d692ba479028f778a5dd937f,2615.4980913306026,9559.627696,Jxtoas
2026-08-11 04:21:59,day,sports,72,0x00c82a72adcc144ecbb666ef50a00914b6800dab,2542.1820490326445,37954.853239000004,blackworgen
2026-08-11 04:21:59,day,sports,73,0x080eff42ac2f1a459831ebcdc10c3979db9578a5,2469.9366566999997,4344.24,kosiksa5
2026-08-11 04:21:59,day,sports,74,0x84cfffc3f16dcc353094de30d4a45226eccd2f63,2411.571564666927,2182.22,mooseborzoi
2026-08-11 04:21:59,day,sports,75,0x0346afae2603313d2bbee96b628536c8cbe352a5,2392.7154705980793,75131.068241,GoalLineGhost
2026-08-11 04:21:59,day,sports,76,0xebaef5880934acbe4dbea611ca0a4c6c590cfb79,2389.37582480707,1333.62857,dimble
2026-08-11 04:21:59,day,sports,77,0x1d2efa184454366ad3e79f3395d25396c20b896d,2335.618891039984,14397.99,huli3882
2026-08-11 04:21:59,day,sports,78,0x8efa1ea8ee2d456a051ae2985079a1e3c9aa894c,2317.2590494885008,0.0,
2026-08-11 04:21:59,day,sports,79,0xc3ed109b65de5026da25cf80ce91779dfc2c9f79,2273.0824472685927,9142.857141,
2026-08-11 04:21:59,day,sports,80,0x1b9ccfe8ee4597f6a7d8ed86761390cc43a2b67d,2260.177054955001,0.0,np9999
2026-08-11 04:21:59,day,sports,81,0x52d93dcf81444f793dda7fedc370f7a35101fb1a,2251.735134236007,12989.261551999998,LuckyLoo
2026-08-11 04:21:59,day,sports,82,0xd1ed12197b7dc22dede923727e9b714024dbd7cb,2245.3073362207506,69606.21,curie
2026-08-11 04:21:59,day,sports,83,0xa8e089ade142c95538e06196e09c85681112ad50,2228.2641525298823,0.0,Wannac
2026-08-11 04:21:59,day,sports,84,0x43cab54b56aba79c29c1ba14b889e7de5532c219,2157.1518015789916,22590.703437,Bulls94
2026-08-11 04:21:59,day,sports,85,0xa9c4b118095a4f67ba9ba461aadf6a9cfe5e7433,2124.7850600929523,0.0,0xA9C4b118095A4F67BA9ba461aAdF6a9cfE5e7433-1721318888203
2026-08-11 04:21:59,day,sports,86,0xeb43947e764e190697df27b508f897e8b0df4201,2118.770129489276,9416.714279,
2026-08-11 04:21:59,day,sports,87,0x885ffdf360e5b0b6e6acb963fb3f8ba2344c8ed9,2043.4332977737395,2819.862795,forecastication4
2026-08-11 04:21:59,day,sports,88,0x99f0d31fdced5b3a0e5ee2867730a6644a6c9495,2038.9219994956875,19814.439764000002,0x99F0d31fdced5B3A0e5Ee2867730A6644a6C9495-1779037126382
2026-08-11 04:21:59,day,sports,89,0x6db568e61e5e3de7d87f831431b673f38ce2e279,1989.1304338399787,48172.850000000006,
2026-08-11 04:21:59,day,sports,90,0x3f085518960a0462b5b9dc076c909dd77cd7ed44,1975.089315248757,22221.166196,1A7rL3kEiFqJ9uX7PcG2DZmYLMoHuKP2fx
2026-08-11 04:21:59,day,sports,91,0x0dbe4798a1719b1fc08cd3acc2369dd77c069013,1927.807250199996,3352.4,brussssss
2026-08-11 04:21:59,day,sports,92,0x5ee0e9591d83b85edb73ba87ac40dbdf8473d6a6,1674.1346132345025,17929.626571,Pastka
2026-08-11 04:21:59,day,sports,93,0x0a77bc0638f13892c8b1d1d2c13ba178540f9d74,1633.0220654402074,813.0,0x0A77exmm
2026-08-11 04:21:59,day,sports,94,0xe40172522c7c64afa2d052ddae6c92cd0f417b88,1622.616742000333,18907.974992000003,BoomLaLa
2026-08-11 04:21:59,day,sports,95,0x18a460ad85afd38a627960295c6ad6f2cd533a31,1598.573299386917,8588.532227,chillhouse123
2026-08-11 04:21:59,day,sports,96,0x87531c465a5a729850e1e2c4fd4af3dcb87d85ad,1587.961202974504,5620.440404999999,Trotz.85
2026-08-11 04:21:59,day,sports,97,0x0828e2ab9f76708970ad6fa20f457f8cc6d0a1a6,1579.2042000000001,3760.01,0x0828e2aB9F76708970aD6FA20F457f8Cc6d0A1A6-1776562467419
2026-08-11 04:21:59,day,sports,98,0x664a25f165a0150ce687410470f3352f5783fc5f,1496.3796943579218,15524.815525,itsonlyamatteroftime
2026-08-11 04:21:59,day,sports,99,0x73e83485b8e20b70c53c27bef8ba4c62575dcd6f,1439.656391892344,1733.333332,lottobot
2026-08-11 04:21:59,day,sports,100,0x709179e7392e59922ab2d73cb1141698b30096f8,1424.9907777299886,0.0,0x709179E7392e59922Ab2D73cb1141698b30096f8-1773173619816
2026-08-11 04:21:59,day,crypto,1,0x93fb8127a1b21a112b11af936361225df0563e4a,22145.02548125497,0.0,LlamaLoco0000
2026-08-11 04:21:59,day,crypto,2,0x861f4149171db053c73382c40d2c7e5408fd177d,11934.02279888,0.0,D7422D98eA0d5b6Dd942a8eEd1d2a61945bFd0
2026-08-11 04:21:59,day,crypto,3,0x825a96fbae9189ea41bb2aa70e7572970f408835,7928.035139940001,0.0,noman2026
2026-08-11 04:21:59,day,crypto,4,0xafa233dc896ab37e6fda810fe099f5b259a20611,6813.749609509997,0.0,btc333
2026-08-11 04:21:59,day,crypto,5,0x00f87f52b8df341341d6a31101f7d52a2318cfb9,5806.47156225903,22672.494575999997,6565655df4d45d4f5s5d
2026-08-11 04:21:59,day,crypto,6,0x593c14a4c52836dcd2307beef2cffbcc29557903,5657.73624879725,25466.626425000002,sdg23sfs156
2026-08-11 04:21:59,day,crypto,7,0x8b14a322db0e518ed3e3fbe69f65690f3787d0b1,3823.207680270003,0.0,gengis111
2026-08-11 04:21:59,day,crypto,8,0x3f3bfc6d754e416699793901ffb12ddeee9f1d77,3145.844851380006,0.0,eNakeVets
2026-08-11 04:21:59,day,crypto,9,0x6a2ddf20909bd84c86284d1e8dab5a44d3bfd58a,3089.3404398770163,11562.611358,m4534534ghfkuk34
2026-08-11 04:21:59,day,crypto,10,0x49f25611eeeff52d582180ade9acda9113f5b3c3,2893.14879932467,13204.083763999999,ethyydsz
2026-08-11 04:21:59,day,crypto,11,0x61313791c42f09ea053acc9eea9aaa6e7300fd16,2885.8432619950036,0.0,emreus
2026-08-11 04:21:59,day,crypto,12,0x9b2695f816669a5da7246b51e4722d4728082211,2822.3244000000013,0.0,Jakato
2026-08-11 04:21:59,day,crypto,13,0x7df1854c8bd10b573f1281c2e978b8104075491d,2729.014046882112,15699.440537,bitcoinlighf
2026-08-11 04:21:59,day,crypto,14,0xf705fa045201391d9632b7f3cde06a5e24453ca7,2537.8905076838564,3084.98,
2026-08-11 04:21:59,day,crypto,15,0x10bc0d95f8296023c8acf6faa42d6fe0e8c176be,2478.4876508489397,13763.929312,Densa
2026-08-11 04:21:59,day,crypto,16,0x60bf59e257dd9bc9c6a5d0d0fd7881d76aee15aa,2274.1970878850007,0.0,sssxx
2026-08-11 04:21:59,day,crypto,17,0x251c1a283703beed41590b0875a8dcb8ddd1541f,1942.3259809999727,85439.84,0xAAAAA
2026-08-11 04:21:59,day,crypto,18,0x466a775b4c158ad9fdb64edc2429cf443614444a,1854.1183525400004,0.0,sizuki
2026-08-11 04:21:59,day,crypto,19,0x4755188644460fc8140a18ccefc1e80b6a5e4158,1765.975049505002,0.0,schizohedgehog
2026-08-11 04:21:59,day,crypto,20,0x768390aabd07013019a6825e9f71f1f809838082,1763.0591268400003,0.0,truthguy
2026-08-11 04:21:59,day,crypto,21,0x9d3b821381371d5369669caa09aaf244af9722ab,1672.3183282649993,0.0,DeusVult2
2026-08-11 04:21:59,day,crypto,22,0xb1e26bbd425fd17658b40c8310d36db342447538,1616.28900794,8855.88631,rplo
2026-08-11 04:21:59,day,crypto,23,0xb87532a1a04c654700aa8153b3a95675ac4f4b16,1593.8825471350024,0.0,En11006
2026-08-11 04:21:59,day,crypto,24,0x23f45f43c45c2302d1b233af2c64884d4149c234,1570.2050416799902,1755.2,liquidityp00l
2026-08-11 04:21:59,day,crypto,25,0xc14f72d9da8fb20951538c1173d251fccdfa3add,1550.9637855150067,0.0,0xC14f72D9da8FB20951538c1173d251FccdFa3ADD-1763040670937
2026-08-11 04:21:59,day,crypto,26,0xeb6f0a13ea8c5a7a0514c25495adbe815c1025f0,1520.8468784100041,0.0,87879809837209837982
2026-08-11 04:21:59,day,crypto,27,0xeebde7a0e019a63e6b476eb425505b7b3e6eba30,1501.637716372963,91664.02572699999,Bonereaper
2026-08-11 04:21:59,day,crypto,28,0x71e6c395a8966e7c05e54fd6aa03598bba0f53f8,1488.8224360000002,4642.9715639999995,fortunate1111
2026-08-11 04:21:59,day,crypto,29,0xd04b6780ca786e580c581344f358bd66951c1ee8,1410.948428040001,0.0,0xd04b6780cA786E580c581344f358bD66951C1Ee8-1773900847276
2026-08-11 04:21:59,day,crypto,30,0xa0e9665d2edbc2ad1355315678ef94e190b9b9ef,1392.772838503272,3388.925668,phineasambrose
2026-08-11 04:21:59,day,crypto,31,0x0eda2f7c1c79d5e4536b7556128a400f2b13fff0,1353.9137591800004,0.0,Nik2025
2026-08-11 04:21:59,day,crypto,32,0xda5b51c5342f3f036c8d928be667a2f425598cce,1296.79385129,0.0,
2026-08-11 04:21:59,day,crypto,33,0xfa035b99103ea66d122f8fa2541ec16a61908916,1268.9817711149954,0.0,gabimaru0
2026-08-11 04:21:59,day,crypto,34,0xbf337426aa856996b8bb79b238345dd1a0276bf7,1246.9230527939508,39983.123487000004,nagi777
2026-08-11 04:21:59,day,crypto,35,0xf3531b23b504cf0aed4ff21325232b2a2d496685,1227.4966044852044,34159.979999999996,powerwinner
2026-08-11 04:21:59,day,crypto,36,0x6d3b6b0a6f832bc0afb16e28d34bebca65277424,1227.4125330000002,3032.9030519999997,FORTUNATEEGG
2026-08-11 04:21:59,day,crypto,37,0xb557e7b0842a15720096d1686ae6759cb173c65b,1212.242574665416,6203.703724,Rabbi.
2026-08-11 04:21:59,day,crypto,38,0x44832d0d2ec11187c1e77d786feb15f6a50254c6,1195.6743100851236,8705.656235,0x44832D0d2ec11187c1e77D786feb15f6a50254C6-1781798662342
2026-08-11 04:21:59,day,crypto,39,0xe734e7bf7cfb9e464681f71822f6c2f6be514f0c,1195.1686584835006,0.0,boyau
2026-08-11 04:21:59,day,crypto,40,0x38e598961dd0456a7fb2e758bd433d3e59fb8a4a,1170.8631826341589,48594.74305500001,snoopdoge
2026-08-11 04:21:59,day,crypto,41,0x67c523b7688ed01233899b4981d41543d5b12642,1159.3960812397709,13723.212164999999,0x2c335066fe58fe9237c3d3dc7b275c2a034a
2026-08-11 04:21:59,day,crypto,42,0xcb92e59eef071c7dfac33fbc64c60952d277e62f,1124.4495098876796,4478.864521,lelimarket
2026-08-11 04:21:59,day,crypto,43,0xdd3f1b38ab90d7de57919a050d0e990cb389e1ee,1107.5842075750002,0.0,jorgenjoy
2026-08-11 04:21:59,day,crypto,44,0x41b8038b7245b412c7e2dc83204b614932311c0d,1062.8313942249988,0.0,0x41B8038B7245B412c7e2DC83204B614932311c0D-1772795483317
2026-08-11 04:21:59,day,crypto,45,0x22a4827ca94ba6e9f77f5dd9f49e6512b8e163eb,1047.4445756377354,5976.70922,07k428f7c2b46
2026-08-11 04:21:59,day,crypto,46,0x9e9b318c915b289ea516fc1f46899ccf5e749e90,1022.9124650190315,4779.095727999999,Mathrix
2026-08-11 04:21:59,day,crypto,47,0x2270f479037e9f4dc6a168736433798c5fe36732,960.5213394150005,0.0,
2026-08-11 04:21:59,day,crypto,48,0x30e443872ddf63b2908a49f92cd690c304a55102,919.1181390349811,0.0,truthteller
2026-08-11 04:21:59,day,crypto,49,0xfd326d28f55e429ebf7ecba4eddc487ff410c9c1,885.5650210000003,0.0,KhanKluay
2026-08-11 04:21:59,day,crypto,50,0x5188fa0e8a77e87bc6a58e6781fdfc4e165cc804,884.6912559500051,0.0,AllByMyseIf
2026-08-11 04:21:59,day,crypto,51,0x5380555499c258e06330d364f3828079951ed4b3,883.8523462658477,6431.262809000001,rear
2026-08-11 04:21:59,day,crypto,52,0x3048d65321be3497164cdfc2996f94f98a2e7537,879.2024863433035,53479.462353,x-MoneyForWhiskas
2026-08-11 04:21:59,day,crypto,53,0xc1bb1332380958f0a33d998c58d034943743a95d,877.2652135200005,0.0,BTCG33K
2026-08-11 04:21:59,day,crypto,54,0x5a06a58f7d7499262d98211f338f7669caef201b,856.7996567145492,23225.845698999998,Alabjack231
2026-08-11 04:21:59,day,crypto,55,0x636cc9757f8d626521ced915df6d8f1ec37c1e07,847.6457018349997,0.0,usernamen
2026-08-11 04:21:59,day,crypto,56,0x4dae7400b8fea725dcc28098b8f3e5bdbc083ea8,843.3787999999995,0.0,EggPudgy
2026-08-11 04:21:59,day,crypto,57,0xde5e5897ae24035ba98a8def4d5028923f383a94,832.2456615550002,0.0,0xDe5e5897aE24035bA98a8DEF4D5028923f383A94-1757450279053
2026-08-11 04:21:59,day,crypto,58,0x12e4128c3f82d62b995b60697319a4fd74aa4ccd,827.6210457087918,4800.747301999999,DoorMoney
2026-08-11 04:21:59,day,crypto,59,0xe21a6ac05fb38cfe8a2b7f6bbc4ef67b8f4c57a9,794.9936209000007,0.0,Drivetim3
2026-08-11 04:21:59,day,crypto,60,0xe1c41e637c1c8c0b1db7cb040118df1231dfd7c2,779.3721212450009,0.0,SonOfOmens
2026-08-11 04:21:59,day,crypto,61,0x502b532f55778c0985846dc53a9bc71eb4f33b15,747.1400662406377,4900.595085000001,0x502b532F55778c0985846Dc53a9bc71eB4F33b15-1761320484518
2026-08-11 04:21:59,day,crypto,62,0x22e645acff2bbb2cd7a74462f8779eb6f53d409f,744.8718519300019,0.0,Erka-RoadTo1M
2026-08-11 04:21:59,day,crypto,63,0xe58c9cf56a181c3f534e6fbf6ba0c13639d9942a,738.1617549449998,0.0,shortcrypto14
2026-08-11 04:21:59,day,crypto,64,0xe5c1d1aa722f731d69a640673058b7e00449bdb9,736.6193972349956,0.0,satoshiclub
2026-08-11 04:21:59,day,crypto,65,0xdfcf19a070bb1c12fcc0e721662f0ced4233a44c,731.4514247249972,0.0,wglbnwallet
2026-08-11 04:21:59,day,crypto,66,0x5d8d1230d47cc388bb8b99633b6ea3bbc0f41167,730.0006923440897,15417.261596,VK0.62
2026-08-11 04:21:59,day,crypto,67,0x4228048ea2f8f571ff2777cc32baee584c5134cb,725.9916001191596,3353.2966650000008,trinity42
2026-08-11 04:21:59,day,crypto,68,0xb27bc932bf8110d8f78e55da7d5f0497a18b5b82,722.6562158770394,87718.37662899999,
2026-08-11 04:21:59,day,crypto,69,0x22b3fe25e68ae4325f07e8ab2bf2f74495bca018,710.2604669477787,3160.896007,tanaros
2026-08-11 04:21:59,day,crypto,70,0x0340fcffce4d0d00670212d44f364535e6e56907,708.0334665499995,0.0,0x0340FcFfce4d0d00670212d44F364535E6E56907-1764744261318
2026-08-11 04:21:59,day,crypto,71,0xaf1d5acd26093637ccae998c64c06d872e7f27c3,706.5957136349994,0.0,tradeshuo02
2026-08-11 04:21:59,day,crypto,72,0x0484e64092ba4108c2786b61e6fc052d3bf41b1a,690.4107365199889,50149.920000000006,DoggyStyIe
2026-08-11 04:21:59,day,crypto,73,0xce50c96b976203b53342a0a801067d2cdcfcf46e,685.2881030000001,7912.662050999999,honey-spot
2026-08-11 04:21:59,day,crypto,74,0x32ed2e546b187ca15e2841edc82b22c713cf8ec3,684.5574778027076,23062.130588,mo-money
2026-08-11 04:21:59,day,crypto,75,0x33f0b9b0e3fb9a4271441dc9d4780ef85a8a433a,670.5159957999986,0.0,Bailu2026
2026-08-11 04:21:59,day,crypto,76,0xe8ce16adc3fbe22f11b0b69f485b526bb44d6da0,660.0001665799973,0.0,0xe8Ce16adc3fBe22f11B0b69f485b526BB44D6DA0-1735514007934
2026-08-11 04:21:59,day,crypto,77,0x8408d503038e6c5989fdca36f7a6a70cf2362af4,659.1501241307706,7745.519125,princezote
2026-08-11 04:21:59,day,crypto,78,0xe0229e10a858860218b6132f4234602c47bd6603,645.4420849999296,33599.9,JetFadil
2026-08-11 04:21:59,day,crypto,79,0x3b8407699e832891203387d52c64d8f61ff2f487,640.6806063599361,4784.926042000001,0x0a2c53bd218c04da996cf96490e14-f3dfb9bc2
2026-08-11 04:21:59,day,crypto,80,0xc091e508990090861a6cff1734b641cf2bd4e7d0,635.2251950299997,0.0,Arkgetsu
2026-08-11 04:21:59,day,crypto,81,0xf499ffe714952193c81b3965f65ae73df95cb5d9,634.3387689500014,0.0,Htxclocks
2026-08-11 04:21:59,day,crypto,82,0x36303f38542a1d95520a84b2cecf61eaf6305581,624.3287609400003,234.2,0x36303F38542a1d95520a84B2CecF61EAf6305581-1774347351182
2026-08-11 04:21:59,day,crypto,83,0x32f68a7a6a830869a5c1d3899991ac0fa0ce9538,619.9252726499997,0.0,F21
2026-08-11 04:21:59,day,crypto,84,0xc9e2284d36004cee8af1dd4c4c58e281923e0475,618.6163221200004,0.0,slyfox123
2026-08-11 04:21:59,day,crypto,85,0x6e653d5ee2648f47e92555b1e98594d635ff2fb3,615.3970948250003,0.0,cxpjysokx
2026-08-11 04:21:59,day,crypto,86,0xc22169f959f96b4e29124322228bc460bad792a8,613.0729369764995,0.0,JoebamaBiden
2026-08-11 04:21:59,day,crypto,87,0x786e3a2cf8b109df83833c6d3867e99d4501074e,610.7237427349997,0.0,121dazza
2026-08-11 04:21:59,day,crypto,88,0x272837aeb9cbca3988957ecf7547c6776f244f96,609.7971501202665,5569.292362,na13683
2026-08-11 04:21:59,day,crypto,89,0x629da223adfc9957329e02de95ae3d263f92756c,604.6638273045867,8175.780463,jackinv1lvl2
2026-08-11 04:21:59,day,crypto,90,0xd541994b350cdc836fb383e5d39a50bc1fede026,603.4421393660214,2892.255932,Jkim123
2026-08-11 04:21:59,day,crypto,91,0x19557e938337f6d9f8103b47262dcf8504ad9865,601.055699380001,0.0,183xx
2026-08-11 04:21:59,day,crypto,92,0xd6e8b068b1213e199b61f54eec1ac2793615a959,589.1824602149991,22611.147,vitaliy007
2026-08-11 04:21:59,day,crypto,93,0xc56bb8a556aa229598081f261032eb42a71d0e6d,582.3797102750018,0.0,Bouplai
2026-08-11 04:21:59,day,crypto,94,0x9d57c42e847173d06841703825d3fe2299e456ea,581.8845941287727,66703.85505900002,Polkadot-Frog
2026-08-11 04:21:59,day,crypto,95,0x037c0f46600702e77ccb738721a78d6418d3a458,579.8250269054133,3136.1088950000003,0x037c0f46600702E77CCB738721a78D6418d3A458-1776941975810
2026-08-11 04:21:59,day,crypto,96,0x239e726f1f4131ca78a7e5abf1fec86bfc151c10,578.936094179995,4130.448581000001,0x239E726F1f4131cA78a7E5abf1fEc86bfc151C10-1781399773263
2026-08-11 04:21:59,day,crypto,97,0xca53ed3c3b0951d1cbf7b89f756fcebd72c1f9c5,572.0777084750007,0.0,0xcA53ed3C3b0951D1cbf7B89F756fceBd72C1F9c5-1767685411607
2026-08-11 04:21:59,day,crypto,98,0x09f2ca667e9a60eefd812c6b346311843d0d7090,570.1666999999998,0.0,cruise305
2026-08-11 04:21:59,day,crypto,99,0x4c8ed7ead1ac18338f816e964b1edde8a50eb38f,566.2029925656207,3579.987685,0x8eD7EAd1ac18338f816eB1EDdE8A50eb3
2026-08-11 04:21:59,day,crypto,100,0x1c74c20196e94a26c1d13e52f050549debec00bc,564.0916848646718,10663.063055999999,Pixelitto
2026-08-11 04:21:59,day,finance,1,0x736539924a5602b37a03a54fc12c1cc8f98964da,3545.450821403989,11135.369999999999,cqk
2026-08-11 04:21:59,day,finance,2,0x13fa4ce1b8a27dd0b7a72db6205a50ee6ff0954c,3147.6339402704034,1299.179147,betterfasterstronger
2026-08-11 04:21:59,day,finance,3,0xa9fe4929d4ea1525ca03bd0ff68ea1fbf9e7f135,2599.15652355,0.0,novv25
2026-08-11 04:21:59,day,finance,4,0xe734e7bf7cfb9e464681f71822f6c2f6be514f0c,2440.164086826495,9894.208285,boyau
2026-08-11 04:21:59,day,finance,5,0xfc2f4f50ce2f6045d35558a5e2d8d4b2ac6610c7,2027.8873108456282,3288.6008119999997,0xFc2F4f50ce2F6045d35558A5E2D8d4b2aC6610c7-1769097007451
2026-08-11 04:21:59,day,finance,6,0x08458f7e9d2858027de579e4c3ca305475496b6f,1862.4447386929933,0.0,GollumGekko
2026-08-11 04:21:59,day,finance,7,0xd32ce89f16509d3c8f8b5e9750305a5b2bc2a4c2,1597.0478704400302,912.0,
2026-08-11 04:21:59,day,finance,8,0xc5187cb669690150643ba2f9aac6b7d98d212594,1572.6336093700447,907.4519099999999,mustbethewater
2026-08-11 04:21:59,day,finance,9,0xae89da6594bb0d421c8d807d74e213f8729e90b8,1547.9596668900003,0.0,Ume-Chang
2026-08-11 04:21:59,day,finance,10,0x77394df08aef9a27d1a54172ed38cce3b347e42f,1458.6346107128468,82732.40000000001,ai-specialized
2026-08-11 04:21:59,day,finance,11,0x40604cb1f958c03bea0b18aa43e4cb0d62f33ec3,1373.9893657850043,0.0,C03B
2026-08-11 04:21:59,day,finance,12,0x1018fa33923d8b0f4b0f8a0822ee045d46027264,1322.151543050648,0.0,EgoVolae
2026-08-11 04:21:59,day,finance,13,0x16ad082bcdcc7fc9b6899f3b6155528c7c2c936f,1235.5018542499997,0.0,08A
2026-08-11 04:21:59,day,finance,14,0x942e79166821f3f4e67872e44f1672fcccd2be27,1171.198523341005,120.0,smallreceipt
2026-08-11 04:21:59,day,finance,15,0x03805a13a0b3e058f55f6c6af95389d4f431073d,1142.2654292538937,653.296713,donthackme
2026-08-11 04:21:59,day,finance,16,0x7c3db723f1d4d8cb9c550095203b686cb11e5c6b,1140.274777862469,13650.734128,Car
2026-08-11 04:21:59,day,finance,17,0x65503c7f9e142ac88b1ce09df3363ff77f188451,988.6693000000014,0.0,oieshfn345
2026-08-11 04:21:59,day,finance,18,0xbaa53153c3f7e72bef938ac8e892196a582a640b,826.6042870400012,28000.0,Jay80
2026-08-11 04:21:59,day,finance,19,0xe40aaa5ce1dac0b7dc24c9d0284f27e17c3fe4a2,813.8322625722121,1209.0487859999998,Mysaria
2026-08-11 04:21:59,day,finance,20,0x993c072519306017fe9a6b3ee6fa4a02b3056787,733.0000093784965,0.0,Jep-G
2026-08-11 04:21:59,day,finance,21,0x993c072519306017fe9a6b3ee6fa4a02b3056787,692.8198744110032,960.0,Jep-G
2026-08-11 04:21:59,day,finance,22,0xed71335ec71385e5b7553aa180dd68fbb379d7ce,675.2424499999997,0.0,6F456F7474666A7479
2026-08-11 04:21:59,day,finance,23,0xe97482c7e5df01af3e1c407969f0c2ede0d1f815,669.9995401749984,0.0,0xe97482c7e5df01AF3E1c407969f0C2edE0d1f815-1783306263036
2026-08-11 04:21:59,day,finance,24,0xbaa53153c3f7e72bef938ac8e892196a582a640b,622.8843870400007,28000.0,Jay80
2026-08-11 04:21:59,day,finance,25,0x9baebe30d1cefe0ac5be4be85189c9fa33e95d34,595.9722446759997,0.0,tinman2
2026-08-11 04:21:59,day,finance,26,0xd311888b744cbc083a62c08df849690cd16561b4,594.3414955107455,3238.11,0xEF5ceb6a31137E59E88caBFdf26368F973A47BAD-1777090256427
2026-08-11 04:21:59,day,finance,27,0x938afc32eecb6eca6b9321a39574a64f25eacbcb,572.1641998100004,0.0,doppio1v9
2026-08-11 04:21:59,day,finance,28,0x43372356634781eea88d61bbdd7824cdce958882,496.5374597289774,333.0,Anjun
2026-08-11 04:21:59,day,finance,29,0x50c80ae7a66e49701dc9388bd13574ba03e0caa2,493.61437338961696,5931.568936000001,flipforchanel
2026-08-11 04:21:59,day,finance,30,0x0c97325a81ad05c6b58ae30d12eaaec1b8451b68,490.00275999999974,0.0,dontshowmyname
2026-08-11 04:21:59,day,finance,31,0x42f01b7c5c20570db68e0127675b3f5d2af6fc65,455.57059309999977,0.0,0x42f01b7c5c20570Db68E0127675B3f5D2aF6fc65-1768338366856
2026-08-11 04:21:59,day,finance,32,0x33dc4cd4a175180fda291f2ab1876e03e247bb81,437.5,0.0,hawkj
2026-08-11 04:21:59,day,finance,33,0x403f2471f8aaa1e8a224f1338b073bfa3fdb94f1,411.4199715645882,9029.152366999997,PippiTrader
2026-08-11 04:21:59,day,finance,34,0x5a7b3328e8756579bfd364ba92c5c589c7bae9eb,402.6632352770066,0.0,notssf3
2026-08-11 04:21:59,day,finance,35,0x9dfe2f73d3c988a9d69df8fa0beb85651340b3dd,389.40026865000254,0.0,Moond
2026-08-11 04:21:59,day,finance,36,0x70edf04751114fe59f4aef62c2ba5e27857273f6,380.72963222499857,0.0,lixiaohu
2026-08-11 04:21:59,day,finance,37,0x56c9fbdeccf198f1f5ad95ace39b24f5f7fb0d9e,368.1268999999993,0.0,redvinny
2026-08-11 04:21:59,day,finance,38,0x91784d82fbe4543459ee85fc9809be185d70a2b2,360.0827071299998,19001.690000000002,0x91784d82fbe4543459ee85fc9809be185d70a2b
2026-08-11 04:21:59,day,finance,39,0xa19cbababc312f9df185e49d7004c249ed1ade6b,352.8899999999994,0.0,Tokor
2026-08-11 04:21:59,day,finance,40,0xc401fdf872a9c93e06a9b332987a887f1d698b2c,350.73665127000004,0.0,oceanmist79
2026-08-11 04:21:59,day,finance,41,0x21c05d98ae75cc7a4798022fe8d0bc6554664827,344.77497269,0.0,JanusApprentice
2026-08-11 04:21:59,day,finance,42,0xf3ad8f80006d90a5ba90112a675d13bffd740724,342.4115619335007,0.0,
2026-08-11 04:21:59,day,finance,43,0xcd71fd5370880f3d92bb941e628c05840fe0d127,338.32086790000903,0.0,Kevindoto
2026-08-11 04:21:59,day,finance,44,0x06ac70013cd0c7992ec830ad5df9f7f66d5b79ec,336.63542523149226,0.0,eastpak
2026-08-11 04:21:59,day,finance,45,0xeb22f4735df6bd5d14e1b5fd10faefa7757d808a,332.3069281554981,0.0,BigRabbit
2026-08-11 04:21:59,day,finance,46,0x074929877dc305333ca363270c78b94a2e616de9,325.9919328649994,0.0,namarian999
2026-08-11 04:21:59,day,finance,47,0xb24c85036d25b16557272b40a6481eb81a5aeefe,316.4999773999998,0.0,Beyonddream
2026-08-11 04:21:59,day,finance,48,0x80a0da00fbdc8440b0ef601341f14c3e24795708,311.52919845499946,0.0,de5nuts
2026-08-11 04:21:59,day,finance,49,0x35bbbad2415fe5e39b12da9a316cdc80b022009b,311.09755964054193,1380.202606,MisTKy
2026-08-11 04:21:59,day,finance,50,0x71e11e0fc20a2adf27026fbf8674b38f8ff945f0,299.808,0.0,
2026-08-11 04:21:59,day,finance,51,0xfc50757cbbe26b2b77a29975ae2ebdf35080277b,285.89254643000044,0.0,0x478D9E24fDea478C0E74eF69F483A2A087140350-1775311916359
2026-08-11 04:21:59,day,finance,52,0xa1089452f0224a9973505f2d4347c2ea2f08abd3,282.49446190900017,0.0,Paul973973
2026-08-11 04:21:59,day,finance,53,0x8a4c788f043023b8b28a762216d037e9f148532b,276.9922357539763,0.0,theo5
2026-08-11 04:21:59,day,finance,54,0x904dea0b7e6c1df25423bf92b76613dda1748fd8,265.65700000000004,0.0,dabkny1208
2026-08-11 04:21:59,day,finance,55,0xe60f07a844bd18448eb3b23818f94bec1589f4b4,252.6765150000001,0.0,cryptoincome
2026-08-11 04:21:59,day,finance,56,0xbec7f8efc3724484c5d27271e6feb9924c515977,252.6714280894994,0.0,minionguy
2026-08-11 04:21:59,day,finance,57,0x6718edeb32676842cd608e4b9a254b512854e623,248.0,0.0,vtx
2026-08-11 04:21:59,day,finance,58,0xac4a1fabdac2438d6afa2a9e8e83845310a0bf1e,246.00022913300563,0.0,HerrieDavis
2026-08-11 04:21:59,day,finance,59,0xffbbf885454e6930e54b720ad5224175b8ae36e9,243.34719932100052,0.0,0xffBbF885454E6930e54b720ad5224175b8AE36e9-1720913580384
2026-08-11 04:21:59,day,finance,60,0xf1899a30a2c016941bf4abd77b900ecacd768e47,240.97914492863129,415.3,Alicia
2026-08-11 04:21:59,day,finance,61,0xe444e790f8bcacc97759691b91d3e6b4dc9afa95,215.86190740500004,0.0,
2026-08-11 04:21:59,day,finance,62,0x80cce7d679b3121b08fe7c90272877294b85b5a4,215.62406814199994,0.0,TomFung
2026-08-11 04:21:59,day,finance,63,0x8c68ad028f4f6acc42f7f8724db22f89c262f7d6,214.39515999999958,0.0,caiyunwudi
2026-08-11 04:21:59,day,finance,64,0xa32f9fae38ced8b5ef4c2710a7e1fb6e3d3f28bc,211.7031984500004,0.0,BTRSPORTS
2026-08-11 04:21:59,day,finance,65,0x91572b16dc769ef8b8f1f98d5270b05a36e3626b,204.70485910400203,0.0,0x91572B16dC769ef8b8F1F98D5270B05A36e3626b-1770128923810
2026-08-11 04:21:59,day,finance,66,0xbdd11cc911ec8ed95887e56dc253d70cb36b0c4f,203.11355675649997,0.0,BTCisaHarshMistress
2026-08-11 04:21:59,day,finance,67,0x5a45565906b8478fe456a0d313ce8839b3e7f628,202.93956095541762,4288.632607,FFIE.
2026-08-11 04:21:59,day,finance,68,0xe392d6cc6a012f306cef646f79114eb6f351c023,202.2904024215395,8572.703941,ssddssd
2026-08-11 04:21:59,day,finance,69,0xa139daa9e38c0b6d24443bede2d34bcdc4256f00,199.9995851550002,0.0,Kris-Future
2026-08-11 04:21:59,day,finance,70,0x567059a47077c1925d21012189e5137239232b9c,199.93191678500003,0.0,Goorsakbardari
2026-08-11 04:21:59,day,finance,71,0xb1fea3922a1998248cf2ae51f740b9be2bb7423a,185.64924231500027,0.0,Mr.Frog🐸
2026-08-11 04:21:59,day,finance,72,0x8b8762de175b0c9c86453239e0dabbedd6d73e8d,183.2613756550022,3573.65,MickyMauldib
2026-08-11 04:21:59,day,finance,73,0x7c30ee60b7f53f80211ca65df99d48cce53b7673,182.5053148926836,302.72,mazw8
2026-08-11 04:21:59,day,finance,74,0x61ee455e5da4a8ca06588a728a5548ce758c932c,180.1462935200002,0.0,pabon
2026-08-11 04:21:59,day,finance,75,0x7bb347f4e0d94642627068f6f1807ae63c40b498,177.28822695000093,0.0,athena08
2026-08-11 04:21:59,day,finance,76,0x97f3f9f15c0063710c60d3ac9c40d17f4ba60eba,174.70378862399957,0.0,Investnow
2026-08-11 04:21:59,day,finance,77,0x843e32a367156a1e1e0193a36a04e41ae1b4d2f3,173.0108864900012,0.0,Bursted
2026-08-11 04:21:59,day,finance,78,0x30f67d821c57a54e25e5e521dbd3b5b18309004f,167.54859071296823,2174.251,shiifoo
2026-08-11 04:21:59,day,finance,79,0x93521335308a270795daa9f073b5406938b12227,164.74359879999997,800.0,peterfromfamilyguy
2026-08-11 04:21:59,day,finance,80,0x4f1d5ae26fc31472966e951af3183308736d8de2,160.71718664999207,202.8,e46m3
2026-08-11 04:21:59,day,finance,81,0xbfc1ad1049c0b71e96268ff0b55d696aa2c273d8,160.0,0.0,Ray777
2026-08-11 04:21:59,day,finance,82,0x3c918a8ef8c379304f744592120cbb4d76149af7,159.9999999749998,0.0,Vilgefortz
2026-08-11 04:21:59,day,finance,83,0xeae707a267b3d6a112167b5c93c3fa74e38c2800,154.56118910999976,0.0,destinyas
2026-08-11 04:21:59,day,finance,84,0xfa323e40632edca701abc6c8cf1f82175909bd9a,153.12790094999946,0.0,FridayNight
2026-08-11 04:21:59,day,finance,85,0xc7fbc818c08e6984542749d351e73578038f8eb0,152.20187276121493,67.89296999999999,acuellarF
2026-08-11 04:21:59,day,finance,86,0x564f22744b7941ade18d5e0e4f347c30e3057026,151.5344131649963,7.57,molodoyy
2026-08-11 04:21:59,day,finance,87,0x756dd6433d567e5776fda82a75abbf279f5489fc,149.02834776999998,1294.7896659999997,gammabet
2026-08-11 04:21:59,day,finance,88,0x747c20b6b97f74e464a3be2bee76ac4925d5e830,148.64722343500034,6322.465453000001,fuedGCR
2026-08-11 04:21:59,day,finance,89,0x5c7b19186fc8752a90150692b6b09717efce88e7,146.83830736999982,0.0,0x5c7b19186fC8752A90150692b6b09717eFcE88E7-1783244439691
2026-08-11 04:21:59,day,finance,90,0x38d812aff0b79f3bf5da2a477f780bcc163eea7c,146.3348097386479,2129.285265,thanksforplayin
2026-08-11 04:21:59,day,finance,91,0xf13822c0822be86bca748152c68f0733084160a4,146.31572447000008,64.0,nimei
2026-08-11 04:21:59,day,finance,92,0xdf17f4a8dd01a4cfa6fc3da323a2baee5f8697d1,144.20464116698008,31.5,Prescient-Trestle
2026-08-11 04:21:59,day,finance,93,0x34b59af2237da8944f530e351746d1ff7da28ada,142.207975885,0.0,
2026-08-11 04:21:59,day,finance,94,0x08e7bb819c3b8e9aaaadc97e8144f5aa6d48aa79,141.12016131000019,0.0,tigerchen
2026-08-11 04:21:59,day,finance,95,0x5ef22d20b4a452dcadbd0e59e7309a43e2fbf473,140.251493685,0.0,booboo
2026-08-11 04:21:59,day,finance,96,0x25db6ca5935ae858a5c1f2dcd5c62939805328de,137.19156910599668,0.0,0x25db6cA5935ae858A5c1F2dCD5c62939805328dE-1770665598557
2026-08-11 04:21:59,day,finance,97,0xf0d5eb1cbe7350f1f896ade6c172e6700414c665,137.0669100000032,0.0,yen4u
2026-08-11 04:21:59,day,finance,98,0x654716c3f1d98e152365627538f3e60668d082b3,134.3789999999999,0.0,CityJay
2026-08-11 04:21:59,day,finance,99,0x5e84743ad0515699b7adf2588de4c3032d538e88,134.3171352714926,0.0,Cbb.
2026-08-11 04:21:59,day,finance,100,0xcb069d9b316750cd83cfba6464b9ee537834f7d9,131.38533322500007,0.0,Mikleo
2026-08-11 04:21:59,day,culture,1,0x4ab9b54427ec4b7f3646b1a0ef1bed73bc708ebe,102266.86937,0.0,RWCS
2026-08-11 04:21:59,day,culture,2,0x6c3aae17140c5e3cde62380daaa323e38575c459,100287.227136,0.0,AvrahamEisenberg - 10161
2026-08-11 04:21:59,day,culture,3,0xa8cf2ed8751f4e58ad039e1b68a8b58b4395031f,85547.41699299996,0.0,
2026-08-11 04:21:59,day,culture,4,0x3d8a89a20aa73fba0f30d080e8120de9f9555724,50766.972487073515,0.0,Poyo
2026-08-11 04:21:59,day,culture,5,0x0d18e30e252008d83f51dae00d36873ddd9e24a6,29726.53863699999,0.0,MonsieurDimanche
2026-08-11 04:21:59,day,culture,6,0x0f35109cc3ceaf729609c3109310791bd616c84a,27254.641564000005,0.0,
2026-08-11 04:21:59,day,culture,7,0x782186952ef2ca75ea91c95aef25bbdcffb4bb1a,23607.800415098933,0.0,thif - 33063
2026-08-11 04:21:59,day,culture,8,0x95b198f900d19a80d3d7e47b7b17708af254f9ac,18124.591877,0.0,thepicklebomber - 3805
2026-08-11 04:21:59,day,culture,9,0x7fb23b0d330ea4ac4f3cecce1eb81fb0bfb3ed4b,14768.168524999995,0.0,
2026-08-11 04:21:59,day,culture,10,0x4f70929ba287ac85dc2431c85382ccd9e6b0d185,14234.245540373951,0.0,Lance Uppercut
2026-08-11 04:21:59,day,culture,11,0x15ae79d7cd60b2a7f06ae46eb4c7a0eb16096ffd,13228.38483,0.0,humiliating piglet
2026-08-11 04:21:59,day,culture,12,0x903221b1098263779ae19486028c844e8c338717,11412.82380400002,0.0,0x903221b1
2026-08-11 04:21:59,day,culture,13,0x322f041810cee536293dcb4c99fc23b3a766940a,10043.226767999999,0.0,Sports
2026-08-11 04:21:59,day,culture,14,0xe0eeb30d92eb2a995fc82b4e58def02c53e6fa3f,9426.288296831113,0.0,predictor - 3335
2026-08-11 04:21:59,day,culture,15,0x84898b583d56054b502c6564f3edfad43b54e211,8927.851561376445,0.0,JustLearning
2026-08-11 04:21:59,day,culture,16,0xfefaf44054fb92d87882f2bd24bddbd163487bed,8476.656116999999,0.0,vivaFujimori - 33031
2026-08-11 04:21:59,day,culture,17,0xae95a2fd8df6b5e621d583157d47412a6b066579,8274.744259,0.0,draintheswamp!
2026-08-11 04:21:59,day,culture,18,0x09fb8ab5f70b2140511c366451e0f02c3c10d01c,7974.457056,0.0,mkiaz - 1025
2026-08-11 04:21:59,day,culture,19,0x1f682adb9a5cf101bcf53a7cd00bc2c594f7c9b3,7677.93231,0.0,0x3177d25a95524e6d98843c78cd604b67fb1b92b9
2026-08-11 04:21:59,day,culture,20,0x7668efbca0df8195ba199d3e19cb768e8b3779ec,7415.563737,0.0,
2026-08-11 04:21:59,day,culture,21,0x0c97325a81ad05c6b58ae30d12eaaec1b8451b68,410.92686300524474,1999.6581529999996,dontshowmyname
2026-08-11 04:21:59,day,culture,22,0x590ed3d1a14ba08cad23f5c513bad6301772e43d,400.6540873830236,20507.392563,smalltimezzz
2026-08-11 04:21:59,day,culture,23,0xf36191d7e5322e10ca4acb6075c921b4c2559071,355.2773650250999,2627.9661,Safff
2026-08-11 04:21:59,day,culture,24,0x96489abcb9f583d6835c8ef95ffc923d05a86825,336.32133296498796,7544.0,anoin123
2026-08-11 04:21:59,day,culture,25,0xaa98a97f71cbe19348798775b23696c9baa290bb,324.517199,694.0,Hexagon555
2026-08-11 04:21:59,day,culture,26,0xbec7f8efc3724484c5d27271e6feb9924c515977,316.97487499999994,0.0,minionguy
2026-08-11 04:21:59,day,culture,27,0x36e7e560c4d4cf32926906d939a18cf91f8a0b6b,304.88668834748387,791.6100000000001,pol76
2026-08-11 04:21:59,day,culture,28,0xdaad6f960d507dba148c1ff908db5a28743169cc,300.2446326999998,0.0,junkbonds
2026-08-11 04:21:59,day,culture,29,0x7e25f3dbd55afd690302c4abcd8c3fb182d39712,300.1420500000013,159.988944,Novapm
2026-08-11 04:21:59,day,culture,30,0x2b3d1e9bdf941d435dc91a8b974b86f7064c8db7,297.84175120176224,1051.8200000000002,crckr
2026-08-11 04:21:59,day,culture,31,0x5ccf62ac8155e49bc7d021a1a66e9ef18f5579d7,277.46087508000005,5199.417776,Cungly
2026-08-11 04:21:59,day,culture,32,0xf02105d60083d7d74d7e0f9785d79e06137cdf56,267.03074019999985,277.0304,MollyParkets
2026-08-11 04:21:59,day,culture,33,0x514bed69dd15b0aa7183f985bdce50681a026931,235.49579499999982,0.0,ProsperIntelligence
2026-08-11 04:21:59,day,culture,34,0x0f7f9903f46c24ba66900ceb4a427873129c6450,231.98253620295327,2600.487104,Elonurmom
2026-08-11 04:21:59,day,culture,35,0xa49b6ea0a604c581f2a9569db42c192b1c487054,228.01622654248786,1316.0800000000002,387411007415611814092217897387
2026-08-11 04:21:59,day,culture,36,0xeb4b775f274a6062999ede580754646a73061433,222.89038839999995,854.51,fdfsdas
2026-08-11 04:21:59,day,culture,37,0xf1ff40f082633619cd012bb96affb4ac7a645b03,220.62533885091483,249.24,ithinkthisisgod
2026-08-11 04:21:59,day,culture,38,0xeace539957dc19048c7be9bb64e1af6b517b38b9,220.22465784499983,3.0,VonVonagh
2026-08-11 04:21:59,day,culture,39,0x638dc9ee7760a35c304afaec7acb2bb7600c3d87,210.23133000000007,200.0,johnnnnnnn
2026-08-11 04:21:59,day,culture,40,0xfbd8c9c22ca76b3662d0e53a4f79719fdc684027,204.16884897800446,483.0,0xfBd8C9C22cA76B3662d0e53A4f79719FDC684027-1779347618060
2026-08-11 04:21:59,day,culture,41,0x30eff89f14d5c2614a62b77935a133ce1950ac95,200.89989138000055,1498.19,Soni-billi
2026-08-11 04:21:59,day,culture,42,0x54b56146656e7eef9da02b3a030c18e06e924b31,199.75766554502115,3596.17,pup1
2026-08-11 04:21:59,day,culture,43,0x6864204009ba1e137989983eafee8644cb3f294b,198.59229682615842,4135.321762,hetacz
2026-08-11 04:21:59,day,culture,44,0x5d2f49295387e01a49f0a3e59449ceed791c4adb,191.4713087199998,0.0,MikeMoore
2026-08-11 04:21:59,day,culture,45,0xe904443b4084bbda216e344353a44cd4324a2d9f,187.9996483599898,0.0,shovelingdigging
2026-08-11 04:21:59,day,culture,46,0x18a0e748f547787c49b36345132971a89e21dea8,186.59987482299857,1210.16,oxhrvnqpslitnzajurflmxkduvbnweu
2026-08-11 04:21:59,day,culture,47,0x58a597330d28aa2d18ea923f01de13b1f799ec93,175.71600000000012,0.0,fizoro
2026-08-11 04:21:59,day,culture,48,0xe089e5e74fb21bb106a7fffe1201f0bf82f4ad3a,173.96843846220872,6703.74,lox97
2026-08-11 04:21:59,day,culture,49,0x5a218c7ad04135830a45c41aaed7294df7809318,167.14792199867952,2863.8500000000004,balthazar
2026-08-11 04:21:59,day,culture,50,0xfd07a6ddb8a7e01b7327a991727ba28d57a36bb7,164.23558944400338,0.0,LordYeah
2026-08-11 04:21:59,day,culture,51,0xb4d11b2dcc575c068b4d2037582b5972ce5d02d5,160.55091735799988,0.0,Metaon
2026-08-11 04:21:59,day,culture,52,0x97ead83eb0e6b7f142e63284791882f05ddf3363,156.67400733499994,0.0,Hakei.
2026-08-11 04:21:59,day,culture,53,0x9696400353b2f0b6becf4fbfdde86ffd680f0861,156.11419585154545,1584.774061,ent1337
2026-08-11 04:21:59,day,culture,54,0x849ccb5907938ce8be18ed5dbf583288e2da4009,155.39114665728994,6514.71,Ondra
2026-08-11 04:21:59,day,culture,55,0xf257e1b8cd2ab5c55ee05c20c560202544441950,152.99473177881828,4834.852418,
2026-08-11 04:21:59,day,culture,56,0xe5bd42e02dc8c05b31514c1596eaf82d3e52339a,152.44487958403352,1349.92,Kaiji123
2026-08-11 04:21:59,day,culture,57,0x2ef2887692386bebad6ef3df9fd3d0e223047f72,150.54724964399338,8992.71,fghsrthrhrshrsth
2026-08-11 04:21:59,day,culture,58,0xc21e82b5c9fb7174dd71276023dd1cc417a9e6d3,148.6364000000013,0.0,Solitude26
2026-08-11 04:21:59,day,culture,59,0x2f2866b02d2848861e29e315fb6569a7c0fa9291,148.1627930500001,3263.35,pppppppppp1
2026-08-11 04:21:59,day,culture,60,0xa2301658bef5d1c550bc4d5a6b4b8bde87a61cdb,146.9543686498473,683.504439,Destinybeats
2026-08-11 04:21:59,day,culture,61,0x7f42267ac46ce8c160830b3052d93bba2cf236ff,146.78984499996295,0.0,waterwaterwater
2026-08-11 04:21:59,day,culture,62,0x06a22231b2d42f8704e85ef44c2dda278d9f8015,143.24826079700028,0.0,d008
2026-08-11 04:21:59,day,culture,63,0xfec7e9c057aab384dd7c948a88818a55c59bae1c,142.89682429999948,0.0,DvePlotnieBanki
2026-08-11 04:21:59,day,culture,64,0x04a2a7075963c86990e246e73e50f8023b79e16c,142.45284733622066,444.172819,gordontradedc
2026-08-11 04:21:59,day,culture,65,0x4e3ffd0513e82f718e39822ebe598ee79e79708c,141.39045411,2828.83,14ffff
2026-08-11 04:21:59,day,culture,66,0x35e36faa4cf1488d120580302ed1d149be749188,140.7972326711763,4141.682117,0x35e36FaA4cf1488D120580302Ed1d149bE749188-1775509899044
2026-08-11 04:21:59,day,culture,67,0xb37aa8834f9baefc6fb3312f59df8ddf0348f1b1,139.2346190313292,2946.816152,Steve-Haines
2026-08-11 04:21:59,day,culture,68,0x46992d0e547e3822a9c28723f51bfa804ae4e03c,135.2493020099937,4668.23,anon.1980.123
2026-08-11 04:21:59,day,culture,69,0x35f3f632e298b77df6acd316687169d15be3cfd0,131.6478345000687,1165.35,RickRockRick
2026-08-11 04:21:59,day,culture,70,0xc4b2930b0feb1c0fab13c0b75c9fef34fea09a9b,130.6429302305005,693.259309,datajesse
2026-08-11 04:21:59,day,culture,71,0x4388640a35b4ecebc33f8c73b58a2b988c615050,129.01300282,344.3,Started-with-20-USD
2026-08-11 04:21:59,day,culture,72,0x8eab0c46127830072631db88e9dbaeb0b953a56d,126.0145134646882,4158.244,LinaBell🦊
2026-08-11 04:21:59,day,culture,73,0x28bf066c6cb952da62d6d182c16ad173ada64a4e,122.61509265850418,897.0,plainfolder
2026-08-11 04:21:59,day,culture,74,0x82882d761b0d7f18b2cc286117d10cd8a15a5519,121.5000013900135,0.0,Sugarina
2026-08-11 04:21:59,day,culture,75,0x84d4f0a864c647b88635c0e299da30d7606377a9,120.539438060651,2015.1941569999997,
2026-08-11 04:21:59,day,culture,76,0x0df46cd4065c0706bba1cbf771b6e69e2caec7cb,117.56320000000005,0.0,0xbFfcF3C634B368F277adC26dF75E4560d72156AD-1777985220216
2026-08-11 04:21:59,day,culture,77,0xcb14f61711d913773f4b982af340fa7eae175358,117.30309195348127,0.0,ooops
2026-08-11 04:21:59,day,culture,78,0xe8c4d68aff65b38cac46987b9b65e01eb47d395d,117.29964998000105,0.0,JAMJAMJAM4
2026-08-11 04:21:59,day,culture,79,0x471abf0558dcd381dcea2fdf54390760c9a30328,111.99853311992047,0.0,Gustav4
2026-08-11 04:21:59,day,culture,80,0x07cf80fbecbb58e23d5ed977af7be3c09e7aa9fa,111.53181501001563,1579.98,Panopticon007
2026-08-11 04:21:59,day,culture,81,0x8594c920aebb0fdbd76ec860a558017a69037eed,109.63221630649986,0.0,Knowyourball
2026-08-11 04:21:59,day,culture,82,0x3de69fd6347a62a618656371e30a17b0c490e560,108.94900977821922,225.358084,Trader120
2026-08-11 04:21:59,day,culture,83,0x37e9c1ce48bc3a444fec7904a3b7eba9d5d3ab9f,107.80519453099953,55.0,Dannyzz
2026-08-11 04:21:59,day,culture,84,0xd7f7dd64c728771365f3aacb638e3936ead29ed6,107.73001772150053,1322.71,0xFd67277Fa638e39eaE6
2026-08-11 04:21:59,day,culture,85,0xd8fccaebbae8311ff4e7958ea5d889eb584d49d7,107.71937999999989,0.0,Antaaa79
2026-08-11 04:21:59,day,culture,86,0x735410130609d8bc5a30e279263a1f566c55430f,107.55771029999778,1112.45,Dr.napol
2026-08-11 04:21:59,day,culture,87,0xef0d80a3431ec2fd3357a11442ea90256fb78733,106.53686028999857,1056.8899999999999,0x146fb4c5
2026-08-11 04:21:59,day,culture,88,0x9574537d031ac68f2fefd4780e930d448a860089,103.9136999999755,0.0,0x9574537D031aC68F2FeFd4780e930d448a860089-1776565971121
2026-08-11 04:21:59,day,culture,89,0x74957ea27ac4fbdee46d861fdae357859ff67fcf,103.67981778925787,3538.352586,LornaPredicts
2026-08-11 04:21:59,day,culture,90,0xeba4f0b5eea60bfe6df14e2297e58d8c152a69fb,103.47294000000011,0.0,Lukasburner
2026-08-11 04:21:59,day,culture,91,0x2eb6921692bbefa0ee42d48c48141f6a81d33e31,101.95977162361345,2375.105174,CaprioDiLeo
2026-08-11 04:21:59,day,culture,92,0x9e3ed7b661a903fc97afcf49e0f014ebe869f882,100.28699669591322,841.665713,0x9e3ed7b661a903fc97afcf49e0f014ebe869f882-1783406009396
2026-08-11 04:21:59,day,culture,93,0xaf4635074c8f9966ff44f2497183b53fc0578c1d,99.42719183857116,2826.993156,vamnizar
2026-08-11 04:21:59,day,culture,94,0x35a093addfdebaa5578696b46b8faa6881952bab,96.95932932000002,0.0,Redeemm
2026-08-11 04:21:59,day,culture,95,0xe34fcad23bb7c26a234a82659703de9bef8f72d3,94.26052760000005,993.89,dwesa
2026-08-11 04:21:59,day,culture,96,0xe6d32ff86e410d19d4787136a44a5706265071cf,93.68000000000075,0.0,yan8
2026-08-11 04:21:59,day,culture,97,0x2924d14ef7fb302d7d520c2394310409fce5dcde,92.23256362250686,1952.5100000000002,0x9b257ead1a6240d4ab5c2ae0253
2026-08-11 04:21:59,day,culture,98,0xd04d7af3db6c13e8c6a1a7d5954097a4af873dda,91.09049195199987,0.0,Barcide
2026-08-11 04:21:59,day,culture,99,0x50a8a3e47f7048747aed551fcc38d9f0cbb298ed,90.4312800000007,0.0,elonplstweets
2026-08-11 04:21:59,day,culture,100,0x1f9e15f39bbd5d163b0eacf0fbef647ced9e4f1a,89.6933693254814,5.0,BirobidjanRepublican
2026-08-11 04:21:59,day,mentions,1,0x28ca4e9a04531f2eac0c2770f95db4e1c6a65d19,265.88335175500833,0.0,DuneMentat
2026-08-11 04:21:59,day,mentions,2,0x726c6e3d5cdb1a8a97b38c0e2d88448b19d66bfd,193.04721500000096,0.0,idl
2026-08-11 04:21:59,day,mentions,3,0xeface9902242b0399856f981600b907dcc9bc9a1,180.95155767500637,0.0,macrosteaks
2026-08-11 04:21:59,day,mentions,4,0x1c144e30f405a25f991cbd8baa15d40599090869,167.81090874006622,0.0,bernardbulletin
2026-08-11 04:21:59,day,mentions,5,0x2375550d3b98ce364476c81f663a0b878cb0691f,122.04249999999593,0.0,0x234
2026-08-11 04:21:59,day,mentions,6,0xf4f88a1e25ff5dfae68326eb62049d6a1b7c5bf1,66.03535509400012,0.0,cosmicsteaks
2026-08-11 04:21:59,day,mentions,7,0xfee85e605af235b4e75cc40787a2623577c64bd3,60.035000000000764,0.0,sksks
2026-08-11 04:21:59,day,mentions,8,0x5f3ee9c40be255d1c18ca38bf4ab94b564c75337,49.10662207000132,0.0,0x5F3ee9c40Be255D1C18cA38bf4Ab94b564C75337-1776862065527
2026-08-11 04:21:59,day,mentions,9,0xd850eee235ec87b06d675af9901acc13eec8e26c,45.888136485001155,0.0,
2026-08-11 04:21:59,day,mentions,10,0x97ead83eb0e6b7f142e63284791882f05ddf3363,38.32499999999959,0.0,Hakei.
2026-08-11 04:21:59,day,mentions,11,0x4ffe49ba2a4cae123536a8af4fda48faeb609f71,33.4554282199997,1111.0,planktonXD
2026-08-11 04:21:59,day,mentions,12,0x6b0ebbef2630b9a0da35594bf7ddd1911246e3ea,31.80240512588034,310.28125,
2026-08-11 04:21:59,day,mentions,13,0x1cfc260bfa2b5ae89377863180ca3b4f5c862111,29.204250000004322,0.0,lissartter
2026-08-11 04:21:59,day,mentions,14,0xc8ab97a9089a9ff7e6ef0688e6e591a066946418,27.828604291000374,0.0,ArmageddonRewardsBilly
2026-08-11 04:21:59,day,mentions,15,0x277989790d4a8c782d7a4992e13c2dcaa031239a,27.547659976000432,0.0,balabalababalabala
2026-08-11 04:21:59,day,mentions,16,0xbe74297ff19030f104ce1d538709f43b30eca70e,27.480839680000827,0.0,title1
2026-08-11 04:21:59,day,mentions,17,0xef13bdcecd9c13e4a07bb20924657f3b110263d9,22.950204545999977,0.0,johnashbough
2026-08-11 04:21:59,day,mentions,18,0x2c3928af89565c352afe8e2a1b25deed77a056dc,22.26909999999043,0.0,Dragontree
2026-08-11 04:21:59,day,mentions,19,0x08ef9bb12e694e305d5e0cf1761874ce902ae466,16.696228303999987,0.0,0x08ef9Bb12E694e305D5E0cf1761874cE902aE466-1758127915454
2026-08-11 04:21:59,day,mentions,20,0xc6cb9289841eace1219abc274c4c6c6d07167926,15.860041650000085,0.0,alsdkfjasd
2026-08-11 04:21:59,day,mentions,21,0x66c1a6fe836ff555ca32848646acedbbe93bfa3f,15.091515000007348,165.0,Tian-Wen
2026-08-11 04:21:59,day,mentions,22,0x3c1551a25ecef3a35f94e7262f1fd4413a0145a0,14.580883673500239,0.0,Garmonbozia
2026-08-11 04:21:59,day,mentions,23,0x80ed3442ee13ca855d90cf78cede3ad3f66ece26,12.34000000000006,230.0,zerosixtynine
2026-08-11 04:21:59,day,mentions,24,0xbe0e2ccaba04e1cff6328df819aba5648578d429,9.950798848499971,105.0,hesure
2026-08-11 04:21:59,day,mentions,25,0xfe9339e4eca140c1a16f94a52b5cde4d29768d0e,8.671657446000154,0.0,winexecutescale
2026-08-11 04:21:59,day,mentions,26,0x9de76e6f72f73122f20ac0fce17a1f1d93fd87d3,8.669999999999987,55.0,Projectps5
2026-08-11 04:21:59,day,mentions,27,0x22a42db19a1dd2d7c214e1043a6c557c8eec13e5,8.5,0.0,abc3
2026-08-11 04:21:59,day,mentions,28,0x4a86051b0a7ac1530b70d4e6fc361a5fb755cfda,8.199999999999932,0.0,Markizzz
2026-08-11 04:21:59,day,mentions,29,0xceabafdca846e7a31a00a55c089e3d3c0d14dce7,7.147175958999384,0.0,motardio
2026-08-11 04:21:59,day,mentions,30,0x6210a7c0cc1306dfbf649dbe410a493a48884fb1,6.823131129999993,0.0,0x6210A7c0cc1306dfbf649DBe410A493A48884fB1-1769339482074
2026-08-11 04:21:59,day,mentions,31,0x9e8ecc4cb3c4e48f544cba2fbbb252a6a65e8db8,6.331324674902135,0.0,DREAMBIG.
2026-08-11 04:21:59,day,mentions,32,0xb37aa8834f9baefc6fb3312f59df8ddf0348f1b1,6.0262584699999024,526.53,Steve-Haines
2026-08-11 04:21:59,day,mentions,33,0xeee9d0cedb2b8d59069d76d9f39bf58c383df66f,6.000000000000001,0.0,Mike123455
2026-08-11 04:21:59,day,mentions,34,0xe9076a87c5ed90ef16e6fe6529c943baeca0cff6,5.511617280000024,0.0,suntori
2026-08-11 04:21:59,day,mentions,35,0x3c32339db767b7753054af0732e58ae6fbd57156,4.816717049999966,9.363635,zbetts
2026-08-11 04:21:59,day,mentions,36,0x7818687f1c2cda416877ab68d18d2c9c25f9d185,4.318171199999966,0.0,Zaratustra
2026-08-11 04:21:59,day,mentions,37,0x5a7f8df634f7ab59ce94b970f5b2ad20770d6413,4.279499999999999,28.0,gonnakilmyslf
2026-08-11 04:21:59,day,mentions,38,0xbcd671efdc5dd18016e7577c8f05e2db8452f3c8,4.2179778400000245,0.0,AutoOdds
2026-08-11 04:21:59,day,mentions,39,0x978bd4db4c26bb0be145b5a95b1113bba6692add,4.116999999999997,0.0,0x978BD4DB4c26bB0Be145b5A95b1113Bba6692aDd-1771856332657
2026-08-11 04:21:59,day,mentions,40,0xe38144dd45632a9f59fe210038f8c0e99de13ba9,3.913500000001477,0.0,hr26g2re62de
2026-08-11 04:21:59,day,mentions,41,0x392d557de378926143df5f72d8ddaef3f0d221a1,3.5663129999999796,0.0,DorTovim
2026-08-11 04:21:59,day,mentions,42,0x91659babf52dbf57ad63aab993e1a0b57169e7ed,3.2776315500000095,0.0,
2026-08-11 04:21:59,day,mentions,43,0xcceb22d524e186153cffe79f13c0aeb75889f030,3.1000000000000227,0.0,ScottsRoad
2026-08-11 04:21:59,day,mentions,44,0x5b6331e7ff0831a3fe2ed12004747db1a9c911a4,2.9067682100003367,0.0,neutralwave23
2026-08-11 04:21:59,day,mentions,45,0x5afccc861e871f5d90363c25fa97f91ee75e82bd,2.6118547199999966,175.67000000000002,efficiencysurround
2026-08-11 04:21:59,day,mentions,46,0x7c4a7f00e9d6b375cdaf7cdc6831b00e338fdb2b,2.4991332800000006,0.0,moneymachine4
2026-08-11 04:21:59,day,mentions,47,0x3af4ab07189e92a0205365fec8bf447569906e62,2.4388632800000005,0.0,
2026-08-11 04:21:59,day,mentions,48,0x88241f2e6643d7e08604aa025ae7b1ff42e4ff96,2.3210364300000004,10.0,avaaweb3
2026-08-11 04:21:59,day,mentions,49,0x1ca59b4088339065440836b425c586f02c9480f5,2.2305998890349947,22.577776,0x1Ca59B4088339065440836b425c586F02C9480F5-1769958266039
2026-08-11 04:21:59,day,mentions,50,0x9a518fab3cbe191a236806c9b43f59f1d536bf4c,2.078286907500008,0.0,charay12
2026-08-11 04:21:59,day,mentions,51,0x4bc0eedc7b636760419e45555fb71a979c28e6db,2.0058000000000007,0.0,0x4bC0eEdC7B636760419E45555FB71a979c28E6dB-1741104228661
2026-08-11 04:21:59,day,mentions,52,0x4ffe49ba2a4cae123536a8af4fda48faeb609f71,1.8969452800001818,1111.0,planktonXD
2026-08-11 04:21:59,day,mentions,53,0x30687f44db250f7d914acb4ddc9634c3400e083d,1.8450958850007737,0.0,YoungMoziRPG
2026-08-11 04:21:59,day,mentions,54,0xdc15c170015bb7fa3bda49ae394341284877cca6,1.844050000000152,0.0,smlptm
2026-08-11 04:21:59,day,mentions,55,0x8a62d1e12e7ea015fb2896577d7e41b11c0669b2,1.7989980988559986,0.0,0x8A62D1e12E7Ea015fB2896577d7e41b11C0669b2-1783087467932
2026-08-11 04:21:59,day,mentions,56,0xa66790e2b0075e73c3781ddaf1d0b875a3aaceb3,1.7394333607500982,2.941175,Elias.Thornwell
2026-08-11 04:21:59,day,mentions,57,0x8fae33f5822f3e5e472d4796a55d5110241b2f76,1.7250000000000005,0.0,0x8fAE33f5822F3e5E472d4796A55D5110241B2f76-1783602509904
2026-08-11 04:21:59,day,mentions,58,0x7733b41cd4fbcc381b149e0bb6c4b8044d5e26d5,1.6831737400000009,0.0,ahlook
2026-08-11 04:21:59,day,mentions,59,0x95b95c301b1b21ae02f338579f35d173d413a8cd,1.6499999999999773,0.0,0x95b95c301B1b21aE02f338579F35d173D413a8CD-1760624675073
2026-08-11 04:21:59,day,mentions,60,0x42b7601fea87e5b1ea958ffe47647945fabcabff,1.574052235000039,0.0,agentcal
2026-08-11 04:21:59,day,mentions,61,0xae48cdce7f5ec9c827bf532ea10397e883ba241e,1.502758160577,0.0,
2026-08-11 04:21:59,day,mentions,62,0x99bce72fb855cc8eebe6c85683ede46da1784f35,1.4999999999997726,0.0,
2026-08-11 04:21:59,day,mentions,63,0xa937362b23264e9d69a8344c5192b55c89954152,1.4699999999999989,0.0,StormRazer
2026-08-11 04:21:59,day,mentions,64,0xa76b7dc2d87b3b029ee67305c538547489198a50,1.4447149999990643,6.07,qcp14
2026-08-11 04:21:59,day,mentions,65,0x2583829535661016b85cea56eab41a2a5280261a,1.4312569449999728,0.0,
2026-08-11 04:21:59,day,mentions,66,0x6084502682f788b7d4a45de815cd5e4b14738162,1.409099635453,0.0,
2026-08-11 04:21:59,day,mentions,67,0x56e772f5083ffeff8518ba4dc6e809c60ca6cf24,1.3551000000000002,0.0,goatboss
2026-08-11 04:21:59,day,mentions,68,0x48c2903a03002d772003592603f372b72fc38eac,1.332268,0.0,
2026-08-11 04:21:59,day,mentions,69,0xb45c6b8cea3c468ad2008c653b311747bbea962d,1.3264733652929999,0.0,
2026-08-11 04:21:59,day,mentions,70,0x0c680041542b7f6842ed2d66dff13088d00abb9f,1.3133821350000003,0.0,
2026-08-11 04:21:59,day,mentions,70,0x5d9144866b10f4a871eb1275691a58f07f355af1,1.3133821350000003,0.0,
2026-08-11 04:21:59,day,mentions,70,0x4993b3cd59f67f72666717066621c89153cf546f,1.3133821350000003,0.0,
2026-08-11 04:21:59,day,mentions,73,0xee12a58117b2caa8e2bd37bc36ccbf6e3bc8a5f4,1.2820512699999966,0.0,PassCap
2026-08-11 04:21:59,day,mentions,74,0xd56349a38ae67fdada47f4357c80075b279792d7,1.25,0.0,vinnys20026
2026-08-11 04:21:59,day,mentions,75,0x6ae3fb907d005359e51e88891ecca2a59d0ebf9d,1.1986761149999996,0.0,
2026-08-11 04:21:59,day,mentions,76,0x1ee9a5fc09665909c0cce297c581703bfbb9197f,1.1527999999998428,28.82,vinii
2026-08-11 04:21:59,day,mentions,77,0x79e0e8eb8703a48f1b813ec2d4812a9f32a3e642,1.0174919106249996,0.0,chabor87
2026-08-11 04:21:59,day,mentions,78,0xfc3715d9661d66c6a14739b3ffd6601a513cec40,1.002608,0.0,
2026-08-11 04:21:59,day,mentions,79,0xd5527c2bdf2bc4855b4b55b6aabe3b308371ec26,0.9999999999999991,0.0,ElaraVasiliev
2026-08-11 04:21:59,day,mentions,80,0x78db05b03fcd5f0734fffe0365bd5414862eec04,0.9999990000000001,0.0,kira-LP
2026-08-11 04:21:59,day,mentions,81,0x58f8f1138be2192696378629fc9aa23c7910dc70,0.999999,0.0,bloodmaster
2026-08-11 04:21:59,day,mentions,81,0x42e7f0c1f45ccc07a2755489789d700e344143bd,0.999999,0.0,betlife-619
2026-08-11 04:21:59,day,mentions,81,0x4ab7625cacd4ec2c8804149ddba6d232fe645f17,0.999999,0.0,yenistriga
2026-08-11 04:21:59,day,mentions,81,0x8641736a39a229e091eff6fd0c040ad1db192927,0.999999,0.0,
2026-08-11 04:21:59,day,mentions,81,0x96b542bf4bfbba3801f1304dd611f34199600821,0.999999,0.0,secondarycolor
2026-08-11 04:21:59,day,mentions,81,0xdb82fe0d2ea3b3c4466a245ba26d29b2031c46cb,0.999999,0.0,NortheastTiger
2026-08-11 04:21:59,day,mentions,87,0xb5836c39622aa685fcda6d0ef52b45c8802f939e,0.999996,0.0,chilly99
2026-08-11 04:21:59,day,mentions,88,0xeec913dc394341eb97c2264231876b20fef02c45,0.999995,0.0,pepe11
2026-08-11 04:21:59,day,mentions,89,0x6e8d843cc031c1ba0c6dd1d3db0e2cd1adddcc23,0.9999920385769999,0.0,alvarito
2026-08-11 04:21:59,day,mentions,90,0x9257623ec1ef067eb1756f40349e3ff81246cfb0,0.9994995,0.0,Withia
2026-08-11 04:21:59,day,mentions,91,0x74b4d17af9032fc53ec83e8fe17d37344022b283,0.9994559999999995,0.0,strwr
2026-08-11 04:21:59,day,mentions,92,0xdb29faefbac63c791fcdec9a39f4a8c3137f4b3a,0.9994,0.0,
2026-08-11 04:21:59,day,mentions,93,0xd835d39842fe1dd5ad541e6b620c991ca6d91d5e,0.99937785,0.0,kjhgfvghjmk
2026-08-11 04:21:59,day,mentions,94,0xc6d1928575df665a7d5d90d20c7dd0fc403bf7b6,0.999143,0.0,
2026-08-11 04:21:59,day,mentions,95,0xef03567fc5a30b665efca7e9ef2e9e3fe6031fbf,0.9991199999999999,0.0,0xef03567fC5a30B665efca7e9eF2e9e3fe6031FbF-1759574216489
2026-08-11 04:21:59,day,mentions,96,0x61c8abd32c9a3792c8196caaf9c2d3ce31d572ac,0.9990563900000001,0.0,cswrth
2026-08-11 04:21:59,day,mentions,97,0x3445189bbd762b4cfbd476d1f01092a8f0a8f9fa,0.999,0.0,Batyok
2026-08-11 04:21:59,day,mentions,97,0x0adba53d927755feb4d4aca0c3a7e75b7868f95e,0.999,0.0,milfwithnokid
2026-08-11 04:21:59,day,mentions,99,0x4516d2180a80d5b1d46a646cb67ef85ee747ff25,0.998999,0.0,jiton
2026-08-11 04:21:59,day,mentions,100,0xae1223b0240104c7a5f7d305c3888bb329cbcfc1,0.99899436,0.0,0xaE1223b0240104C7a5F7D305c3888BB329cBCfC1-1766964422803
2026-08-11 04:21:59,day,weather,1,0x6ff2cb14da8be7eb57541d250a0196c5f295f140,825.5685844555337,5832.065561,jjavi
2026-08-11 04:21:59,day,weather,2,0xc60bb547dbdf59c8d1746bc8a754accc3809d9f7,262.9526479610013,1146.28,limitless00
2026-08-11 04:21:59,day,weather,3,0x17bd8a9d2f9f5754d327528d28797aed50a6f0ba,261.80533100000093,2913.5699999999997,eyeonu
2026-08-11 04:21:59,day,weather,4,0xa81eefec9c08fa157d855f1ac5caf8feab1903dc,248.85322500000075,0.0,Snow-White
2026-08-11 04:21:59,day,weather,5,0x09a85cfe4d51e0cde12daa4d255b3f789fb447c1,240.3795381250202,0.0,tenkiyoho
2026-08-11 04:21:59,day,weather,6,0xf2f6af4f27ec2dcf4072095ab804016e14cd5817,237.89962458005175,0.0,gopfan2
2026-08-11 04:21:59,day,weather,7,0x9d1dccaea101f931ccd63e0f544376a4bc662717,222.04627002000004,0.0,x01292x
2026-08-11 04:21:59,day,weather,8,0x9506e646497107cabf2d5b941a8e6a60d0db1c4f,219.5914975482592,2624.3640689999997,
2026-08-11 04:21:59,day,weather,9,0xa3f0b63cc320411f24bc44c8f0de2f1e9d775cd7,198.62129255200034,3831.791676,VAPAPORRA
2026-08-11 04:21:59,day,weather,10,0x87650b9f63563f7c456d9bbcceee5f9faf06ed81,191.9220437761669,2364.4105339999996,2B9S
2026-08-11 04:21:59,day,weather,11,0x56b381017b589fb0afb049137c8d4af2e7233fa2,186.17523093250566,0.0,0x56b381017b589FB0AFB049137c8D4Af2E7233fA2-1769535581188
2026-08-11 04:21:59,day,weather,12,0xb6fbce093cdd139858c44148a6598d8ec028c038,182.86827943797152,498.576701,Weather-Guru
2026-08-11 04:21:59,day,weather,13,0x8847ab6503185c9d461db231d718f22bc3a5262d,174.07523838999896,6557.100815,0x.ALJJ
2026-08-11 04:21:59,day,weather,14,0xb40e89677d59665d5188541ad860450a6e2a7cc9,171.74506300057692,5631.174815000004,Poligarch
2026-08-11 04:21:59,day,weather,15,0x1e3f34502860d729385fe7da49375c408343675c,170.50052771750052,9564.888887,to010
2026-08-11 04:21:59,day,weather,16,0xc7d02944a76b9f83b199e9090ecc92c82d241f8a,170.4850806340546,1614.1123739999998,0xc7D02944A76B9F83B199e9090ECC92C82d241F8a-1776944395495
2026-08-11 04:21:59,day,weather,17,0x01a5fb1fa13f378138a31382c8364b5d4e2b0e36,170.03532603718395,454.465848,topmoon
2026-08-11 04:21:59,day,weather,18,0x6a977340efdb805d54159eef5f6de4206950395b,165.04755400882982,2253.7982739999998,fractionalbrownian
2026-08-11 04:21:59,day,weather,19,0x86b1d13d442471814d47218b1486cb364cc0c094,164.7499735999587,8611.286135,eskk
2026-08-11 04:21:59,day,weather,20,0x8f4294e41f37c6067fa727f1a0ce5df88879cd3c,155.0195435999999,0.0,TrillionKim
2026-08-11 04:21:59,day,weather,21,0xa67685fa5213fd8167977bfb7b3f50c06d511c22,150.39750000000004,0.0,0x8712
2026-08-11 04:21:59,day,weather,22,0x5fa8113eb2047b9efae3f73a23361f67b14339c2,149.1005176000001,433.16,mistoquente
2026-08-11 04:21:59,day,weather,23,0xfd37c3c95979a46195ec5152439f820ca2d19135,148.3071632652518,9285.588791999999,shamu14
2026-08-11 04:21:59,day,weather,24,0x054605d9224ca48239edfb53260b1b319e3017a9,146.81959538307092,2524.29419,princeyin02
2026-08-11 04:21:59,day,weather,25,0xe13b9103e90527084fdd726c089e6465b5126747,143.07776357399962,84.03,wildwake
2026-08-11 04:21:59,day,weather,26,0x51d7e365dff4882c624f1ef8b54137096865238c,140.6297168179999,0.0,iiiijiijjijiijiiii
2026-08-11 04:21:59,day,weather,27,0x118689b24aead1d6e9507b8068d056b2ec4f051b,140.58019500000228,0.0,russell110320
2026-08-11 04:21:59,day,weather,28,0x0a0c42f6b1da5a633ec1a4d45ba76eb486c1a853,140.076749288178,356.919456,WrongBy1Degree
2026-08-11 04:21:59,day,weather,29,0x612094fa2acd67d2a38f02a4bb5559ae1a27f1fe,140.03259629981483,200.862571,PintouOClima
2026-08-11 04:21:59,day,weather,30,0x64dbeb0a10678b1ff708320b19654c5d40a98c8e,135.67090407900105,0.0,Miojinho
2026-08-11 04:21:59,day,weather,31,0xa83442a8100c004744e532fc2d259a4977241c25,132.24492687112092,4151.8631,0xA83442A8100C004744e532FC2D259A4977241C25-1783672139388
2026-08-11 04:21:59,day,weather,32,0x4f1d5ae26fc31472966e951af3183308736d8de2,131.24065261849228,400.7800000000001,e46m3
2026-08-11 04:21:59,day,weather,33,0x00b672b8514a90346ffde3a35cd67efa1469cd1f,130.4466639999996,8807.26,0x00b672b8RbV8alVV777eRBv469CD1F
2026-08-11 04:21:59,day,weather,34,0x814de45404c20dd9956737a83f7c8b0b039eb842,126.49659999999972,0.0,resfeber
2026-08-11 04:21:59,day,weather,35,0x2b6ea7e05bc8f5b3054f53ecd143931994595848,125.91242520438101,1176.2473590000002,v6Power
2026-08-11 04:21:59,day,weather,36,0xae2292210546c627e1ac69948280ff07516e8794,125.68001736749966,0.0,cooljiang
2026-08-11 04:21:59,day,weather,37,0x28563b16d772ff773555404334281e0e640cc8f9,125.56081600199968,3325.71,0x28563B16D772Ff773555404334281E0E640cC8F9-1779377698428
2026-08-11 04:21:59,day,weather,38,0x4167933f6c0f059765b5c8898d44cc342af6f99a,124.32108093171112,476.96,castle.j.soul1
2026-08-11 04:21:59,day,weather,39,0x3c99a9dea75b69fe804deecdcc9a9c0fd2c63cc4,117.07913767206077,2412.600141,0x3C99A9DEA75b69FE804DEECDcc9A9c0fD2c63cc4-1767809137123
2026-08-11 04:21:59,day,weather,40,0x92819669abec47d4bd694cecf95179974b8d60fe,115.65020188099993,0.0,CC2662
2026-08-11 04:21:59,day,weather,41,0xc944a32eed5dce3458b7b7a14dfd37b0c62a1686,115.27841015999957,0.0,youran.
2026-08-11 04:21:59,day,weather,42,0x29aeefe334665bd0e75b1f376c481dcac101c79f,110.19068609639407,1058.881593,alwayswithcaution
2026-08-11 04:21:59,day,weather,43,0x297a0f3a577d5e557d50dc23746ec5fc053b3dd8,108.5804021829997,0.0,boardofvices
2026-08-11 04:21:59,day,weather,44,0x16c7337106a0b3a06ff863a1c06d8e2cbf7322cd,106.48627483795758,2541.6951339999996,0x16c7337106A0B3a06fF863A1c06D8e2cbf7322cd-1778811943243
2026-08-11 04:21:59,day,weather,45,0x34dbc406881a24b82f4b138e09169d9a004b1b63,105.0886755280003,0.0,0x34dBc406881A24B82F4b138e09169d9a004B1B63-1777004802209
2026-08-11 04:21:59,day,weather,46,0x7bd9019211677f5db6e221d6a6da030ebcd0bd75,104.47314402999837,0.0,fElon
2026-08-11 04:21:59,day,weather,47,0x2dd8c8f71a741ade1808b7053803fdcecd34f169,102.33812693348659,2670.4218469999996,heibenxiong
2026-08-11 04:21:59,day,weather,48,0xe5b49b3b107cbf33f4e0644a9ee405596bf41e3e,101.30217460499989,0.0,Giannis2026
2026-08-11 04:21:59,day,weather,49,0x229c0a7d92977a9934e5ac2348d507988996b966,99.69573423142947,1688.104505,qqqppp-l1
2026-08-11 04:21:59,day,weather,50,0x108a7782120894a58eb308e61da5c01c242d8159,99.5701462679508,1071.450587,Cuccuc2026
2026-08-11 04:21:59,day,weather,51,0x36a2746f7e17ce25552ea8847f89f00ef8acb8fa,98.57846900000021,1198.8200000000002,Mgfkogsodfjgnosdfikjgnosduifng
2026-08-11 04:21:59,day,weather,52,0x93dd5294fbf8c35190c4616ecc63d9cf88e34ed5,97.53496078530043,2578.3354659999995,Descubra
2026-08-11 04:21:59,day,weather,53,0x23d18416645924e097c453e8ceadd4bfeb6a353f,97.44011999981558,0.0,fcomp3
2026-08-11 04:21:59,day,weather,54,0xc9ded4d5f6eec0a75907ebb924c164a4aea381d9,95.85996061591868,3586.0343829999997,LMVM
2026-08-11 04:21:59,day,weather,55,0x6beefb1c8d4b91b9b6d437840c241e74e6997e78,94.89643946832075,473.65976400000005,poligami
2026-08-11 04:21:59,day,weather,56,0x9cfb595ad98896f9fe8296fe62235b7def26decb,94.3638694350002,0.0,shelter4384
2026-08-11 04:21:59,day,weather,57,0x8867341a9baf6fbabbe166c88e289cedcd877683,93.08677572059992,361.87999999999994,securebet2
2026-08-11 04:21:59,day,weather,58,0xcfff4295288ee29f75a38a7028611b7c1e93673d,92.61807376659635,1644.68,graynotebook19
2026-08-11 04:21:59,day,weather,59,0x8bdce637780b2d6555b6577433e0320507c3a0ba,90.27198768296427,1260.2312399999998,Benjaminfjp
2026-08-11 04:21:59,day,weather,60,0xf84d10bcae66a69c39ee2292c6898aa107b25e65,88.98275226397482,2113.087418,leke
2026-08-11 04:21:59,day,weather,61,0x5a218c7ad04135830a45c41aaed7294df7809318,87.34754883401911,5067.918691,balthazar
2026-08-11 04:21:59,day,weather,62,0x488c725253fc21c7a9ca812030dc2f6343f98c1c,84.98718879415537,9699.970771000002,WeatherHK
2026-08-11 04:21:59,day,weather,63,0x9a55a8a05f8d62839fe6ec3038d276d01b91dcfc,84.83827416556693,1153.292524,xtcliff
2026-08-11 04:21:59,day,weather,64,0x43f7f0c3effde3c61b4257849bfc6e30912e35e5,84.07794618000003,0.0,Roro22
2026-08-11 04:21:59,day,weather,65,0xe9076a87c5ed90ef16e6fe6529c943baeca0cff6,84.00702117817127,548.642816,suntori
2026-08-11 04:21:59,day,weather,66,0xb1fe8e3bacce4829bc4a434decbc6faefb4dcafe,83.9433573174797,1168.71328,zQ5da3x9V9ErKAPO
2026-08-11 04:21:59,day,weather,67,0x2e1f908b32bced89c0010fad8f35c469cfbd8fde,83.89233082200991,917.1258160000001,0x0820-3
2026-08-11 04:21:59,day,weather,68,0x5bc39e3d89a37c5d44312102b332497fce59b0ae,83.34126438072599,514.0168739999999,drunk-unc
2026-08-11 04:21:59,day,weather,69,0x532b5437c9e83a35554b3daf6057acb40222cccc,82.5299108942229,261.448357,user-418
2026-08-11 04:21:59,day,weather,70,0x73534402899084573c0f0ddc003674eba01cb6c5,82.21363252105857,3656.8635370000006,newbie147
2026-08-11 04:21:59,day,weather,71,0xe8f2f3c1fdfa0c99a3db6e44b6c412becd9396d7,81.92674799653378,637.5168229999999,xiaopingan3565
2026-08-11 04:21:59,day,weather,72,0x157069267d199d5e275cc99ce5e793361bedde29,81.42203532999952,244.76999999999998,reason.77
2026-08-11 04:21:59,day,weather,73,0x53685989c332366675257535f28abd6d17782d62,80.36425908854835,112.01646799999999,LuckyByNature
2026-08-11 04:21:59,day,weather,74,0x6a03e8615eda1733a0c6c0815567f35dc44b84af,80.1040029040505,1531.66765,TheRainGodofRKSI
2026-08-11 04:21:59,day,weather,75,0xa755e05fc6eb8c017d21bb1579be392b53fab5dd,76.82607911885384,224.384144,abcdtrader
2026-08-11 04:21:59,day,weather,76,0xc878c6a7ba8ad896a897fe82e48b93fb66dfa6f3,75.38169684258173,1645.8224999999998,ZEEBRA-KY
2026-08-11 04:21:59,day,weather,77,0x58f943c62336082b66d60c8d552b1b5d500138a7,75.23635849000053,7603.88,poweragain
2026-08-11 04:21:59,day,weather,78,0x5d7b0cd3194a13d489bec2d26a267e057f120f11,73.88241545600002,7.63,LeidyAlvarez
2026-08-11 04:21:59,day,weather,79,0x764b305694b026c1acce7bf862c3b5456a146bad,72.75792527098929,2869.4700000000003,quietparcel
2026-08-11 04:21:59,day,weather,80,0xad5af560fc5df8fa861e32383f7066029420ac1f,71.4050302105,0.0,BazLarge0121
2026-08-11 04:21:59,day,weather,81,0x7c7dada5175d45bf59e333d7a2d8419869f04dea,70.7333378760286,5259.257079000001,hkg1sam
2026-08-11 04:21:59,day,weather,82,0x56c2247992eb63198e775edd968c315b8427a110,69.30606639000007,0.0,0xtrialnerror
2026-08-11 04:21:59,day,weather,83,0x30a7df6c0b74e59f90bb0be1831f260c540602fa,67.7935999999986,0.0,PassiveStrike
2026-08-11 04:21:59,day,weather,84,0x30d87a84759d0e5ae7caadc2218345b419cb29ec,66.99612105060214,587.273576,newkamikaze
2026-08-11 04:21:59,day,weather,85,0x91f83dd2e149d23bf2193275d3ec4c8c07abd951,66.37540692583889,332.116367,asplla
2026-08-11 04:21:59,day,weather,86,0x722efed934b79bba39e395d70d8da38f7a04fadd,66.02649107725502,206.88348200000001,liubov21
2026-08-11 04:21:59,day,weather,87,0x0e6ce6024f0fa79274cbd7db90e2f682a56b6025,64.72235420600003,0.0,Lqg135462
2026-08-11 04:21:59,day,weather,88,0xc3eb9dfae62d7a07f9563f2a46ec6902d3a1ed72,64.42704999999995,176.0,WeatherPeen69
2026-08-11 04:21:59,day,weather,89,0xff744e88501636a5562e56f0726c8fc649ef5de4,64.06570317999899,39.769999999999996,vAwK8p0Ju9
2026-08-11 04:21:59,day,weather,90,0xd22956654da03aa5505a2355596d34f223befcd6,64.06339785050659,523.4874990000001,OmniStrat
2026-08-11 04:21:59,day,weather,91,0x3079ab2169d8cce3dbf4244192c4dfe4071f7b77,61.76687310800003,0.0,0x3079AB2169d8ccE3dbF4244192C4dFe4071f7B77-1767973991168
2026-08-11 04:21:59,day,weather,92,0x5ffea747575581e8d2dc5e23c47ab98c1638e48b,61.03866904998631,11144.47,0x5FfeA747575581E8d2Dc5E23C47aB98C1638e48b-1777529589397
2026-08-11 04:21:59,day,weather,93,0xb2376b774a1dbb1ac904e424607520376bf1d8d0,59.2553863,0.0,fakefinn
2026-08-11 04:21:59,day,weather,94,0x5601f2a20988433b2f5a09a9e31aec04359f1e1b,58.43143748999998,0.0,
2026-08-11 04:21:59,day,weather,95,0x88394534c6d050ac528964a2df5928dc5935ddb5,58.34368548794373,700.2500000000001,ZhouYi-talk
2026-08-11 04:21:59,day,weather,96,0x8a6ee279a274d9626d5894fd2d4233a0a9c802b6,56.964375,0.0,JerryHe0527
2026-08-11 04:21:59,day,weather,97,0xb3476e21d2505bd523c3193f6feac01fda0aa115,56.68359999999984,0.0,BUYJUSTNO
2026-08-11 04:21:59,day,weather,98,0xeb583aec55e27ba08ca9398754ca128cc15a407a,55.722556102196904,15543.706506999997,dpndv2
2026-08-11 04:21:59,day,weather,99,0x9ea2f9a4ac4d4ce350db2f997a7d79e23d0d665a,55.648049999998875,0.0,Maddad
2026-08-11 04:21:59,day,weather,100,0xa33d25630fb8b779ea9744bc6dfab536272f3ef2,53.462863236063015,0.0,Altergora
2026-08-11 04:21:59,day,economics,1,0x9d84ce0306f8551e02efef1680475fc0f1dc1344,5824.255970234284,5745.909087,ImJustKen
2026-08-11 04:21:59,day,economics,2,0xe3cb28f7c62ac636f407014005499d2687b5ac21,2382.9311069350033,0.0,odsowner
2026-08-11 04:21:59,day,economics,3,0x0c689c8e78588fd3d02e56a6e787e7f9e9b09e76,1892.910924249998,75716.43697,monkeyking42
2026-08-11 04:21:59,day,economics,4,0xf5592765133941c40c77e52bc56bbe7ec167f462,1477.7810405400014,0.0,0xf5592765133941c40C77e52Bc56bbe7EC167F462-1755612447740
2026-08-11 04:21:59,day,economics,5,0x3750ad9b4033b972f775b671d26cc2f0bd17cbdd,1347.218946336001,0.0,shaoqi767
2026-08-11 04:21:59,day,economics,6,0x859b4303ce5ae7d6fd43bc118d807a01b37f31b8,1284.6255200255982,3406.7200000000003,ColdSoap2
2026-08-11 04:21:59,day,economics,7,0xa55c6491bcc5f34194a0e808d4a0e38460218272,1024.648544154002,0.0,happyday1314
2026-08-11 04:21:59,day,economics,8,0x652fd12eb70599ccf9030ef3cda32ae69e70eb3d,975.0010663200014,0.0,English-learner
2026-08-11 04:21:59,day,economics,9,0xfbe66593e49c4e7a7180a2582f041158bfb800f8,867.9662000000098,0.0,gaven-willwin
2026-08-11 04:21:59,day,economics,10,0xe9076a87c5ed90ef16e6fe6529c943baeca0cff6,710.1380096239009,5046.377139,suntori
2026-08-11 04:21:59,day,economics,11,0x709e3ea86a900aa3fb7a998d06e20d6ce68d027d,669.7741395760004,0.0,gin-huang
2026-08-11 04:21:59,day,economics,12,0x447fec5ca2a21c1e5512319d88244c33fe3ba05e,667.7264578660006,0.0,Odin-Hearth
2026-08-11 04:21:59,day,economics,13,0x7bc14171ccb0d3e6bac219ec6a76211826e28db4,619.6633072799959,0.0,coali10
2026-08-11 04:21:59,day,economics,14,0x81bc49f79b37806767dccc632f0cd5497d98fb58,600.0000000000018,0.0,spongebob
2026-08-11 04:21:59,day,economics,15,0x9536db239aceaf211b32d79b62cd49ea90497e50,584.9976606599994,0.0,Snarfsnarfsnarf
2026-08-11 04:21:59,day,economics,16,0x27e56917c5c7c5ae7662b85cf86c289bfc39fb20,563.2228439450046,0.0,AdjunctBias
2026-08-11 04:21:59,day,economics,17,0x84017743a9b9d1eb59b42775f1b2842d3acb0825,554.7791433599996,0.0,Crypto1057
2026-08-11 04:21:59,day,economics,18,0xbd38f8143f87f484d7f039626b5064b10f0e99d4,506.3963999999978,0.0,liberateme
2026-08-11 04:21:59,day,economics,19,0x60ab628a82cdf7b9274ff1587f1b30211b763206,416.3198681369977,0.0,Odysseus.
2026-08-11 04:21:59,day,economics,20,0xd51ec9e0d6a58079e308fcd53c7b1e1f0ae4180b,390.0000000000009,0.0,KeGod
2026-08-11 04:21:59,day,economics,21,0x7f880b36cbb984ce312e57dd263642bfc52ec6e8,366.95830896000143,1000.0,zoro12123123
2026-08-11 04:21:59,day,economics,22,0x6933dfe9de300edfdcd4c9db9543fb8dbeb0cea6,345.0309014920008,0.0,ANZCLS
2026-08-11 04:21:59,day,economics,23,0x52ca8cad990148ffad046766efae6dd87ffe523f,334.5000000000009,0.0,tumbra
2026-08-11 04:21:59,day,economics,24,0x5b6331e7ff0831a3fe2ed12004747db1a9c911a4,320.4372241051442,717.497806,neutralwave23
2026-08-11 04:21:59,day,economics,25,0x1cfc260bfa2b5ae89377863180ca3b4f5c862111,303.8426191310318,2000.99,lissartter
2026-08-11 04:21:59,day,economics,26,0x43b9fb91a92b1f9c5aa6ea779f418b4e768d5db9,287.4163350000008,0.0,UntitledUser1
2026-08-11 04:21:59,day,economics,27,0xfa8fc6a3e706bc4aa7556d060564c154322ad61b,281.50923567700374,0.0,singaporesling
2026-08-11 04:21:59,day,economics,28,0x76dd9f47b2480d46250d55411f4f9eb2903145bb,265.4759216120001,0.0,sS666
2026-08-11 04:21:59,day,economics,29,0xa2dd739b2d2a27ad075dc886de18d7d22b4cd9b8,243.15846073550074,0.0,iwasmugen
2026-08-11 04:21:59,day,economics,30,0x9e3ed7b661a903fc97afcf49e0f014ebe869f882,241.63903264906503,365.332856,0x9e3ed7b661a903fc97afcf49e0f014ebe869f882-1783406009396
2026-08-11 04:21:59,day,economics,31,0x5138101436a64861bfec8a2418285bc018d04fe5,235.8316124840003,0.0,0x5138101436a64861bFEc8a2418285bC018D04fe5-1766690813201
2026-08-11 04:21:59,day,economics,32,0xb1ca909e848cc24ec4e220ce1c453bc290c51705,229.30339343798914,0.0,abdkxrhxr
2026-08-11 04:21:59,day,economics,33,0x7670f35ee3f7183463f6e281aefe5938cc73cf5e,224.67070500000023,0.0,yiyang11
2026-08-11 04:21:59,day,economics,34,0x08c3a5a55e27a67edb50da34f7fe1629af3a998c,219.6241257900001,0.0,DongwangWin
2026-08-11 04:21:59,day,economics,35,0x2f26606ccc45a934838a97d44a30c32012ae0d8f,215.84064077300036,0.0,GUINESS123
2026-08-11 04:21:59,day,economics,36,0xa83a50bd49987854225384e3df1efbc276681e64,214.22082299780027,228.0323,notlosecrypto
2026-08-11 04:21:59,day,economics,37,0x104451c4f49c23ae40c7e8a5c8cabd9587f1d67a,211.89843999999994,0.0,zlt01
2026-08-11 04:21:59,day,economics,38,0x02865836ffb07aaae121cd358f82b390e89f9648,200.58332117800023,0.0,blahblahblahgo
2026-08-11 04:21:59,day,economics,39,0x3f08c2d590a8eefe8eb1274bb81b73a088c52468,198.93602196000003,1971.69,kmyuftg
2026-08-11 04:21:59,day,economics,40,0xd5d8f525c2d024b25685872d4d57fb8657eee9a1,196.57640700000024,0.0,PLB
2026-08-11 04:21:59,day,economics,41,0x30e443872ddf63b2908a49f92cd690c304a55102,192.41400316632098,27367.371048,truthteller
2026-08-11 04:21:59,day,economics,42,0x16accea076a76cb6f0091b2c837101b19882d573,182.70000000000027,0.0,Qbillion
2026-08-11 04:21:59,day,economics,43,0x023ee95e01b3102a025817c39e0b7361e311a5eb,178.91400000000021,0.0,Billy2384
2026-08-11 04:21:59,day,economics,44,0xb846f51c228453672503b93f0e0796cf6d1fad0f,172.43201403999996,1307.96,gresgh
2026-08-11 04:21:59,day,economics,45,0x6e4b8009426dd540f27797ffc326188c223b3c6d,167.96820000000025,0.0,Phantom69
2026-08-11 04:21:59,day,economics,46,0x032eb1bc893940263ad0b01889f262fc232f2a9e,165.45246300000144,58.0,purplegatto
2026-08-11 04:21:59,day,economics,47,0x1de461a9afae3db3745b400a1a005b487539faba,165.00000000000045,0.0,smaug21
2026-08-11 04:21:59,day,economics,48,0xc785252b25901a591e9d962e09f4342468444ef2,155.34365303634786,65.0,dips.
2026-08-11 04:21:59,day,economics,49,0x0c21661b7b1f474914d3e77df65700b341aa2a53,155.09913455699825,0.0,0x0c21661b7b1F474914d3E77DF65700B341aA2A53-1726558601666
2026-08-11 04:21:59,day,economics,50,0xf348854cbfc07952b301b61236588530b2ac968e,154.88635439999962,0.0,0xf348854cbfC07952B301B61236588530B2aC968e-1769174247965
2026-08-11 04:21:59,day,economics,51,0x0a38dcf3740ee299a0607e80cb955c42a34cf931,150.94395154700032,0.0,0x0a38DcF3740eE299a0607E80CB955C42a34cF931-1727027089095
2026-08-11 04:21:59,day,economics,52,0x7f0c9de4c930022b8643839f3248f321b48bf073,147.42177271495018,170.0,RektCitys
2026-08-11 04:21:59,day,economics,53,0xac1f8caab8993447650688b3ea3da044161a5b55,145.20549462000008,0.0,0xAC1f8Caab8993447650688B3ea3DA044161a5B55-1782145053125
2026-08-11 04:21:59,day,economics,54,0x40a75b220015685d7c9f67f3f25836fe359091c9,136.3891631474997,0.0,rosyprosperity
2026-08-11 04:21:59,day,economics,55,0x51fd8f0358cc9e8a1ee5f87a0c7e3b07ed634272,131.13174753499698,0.0,TimeTraveler
2026-08-11 04:21:59,day,economics,56,0xdda022be1b7707489a2593a515b1f8f5e4139553,130.00248787600026,0.0,hzb8848
2026-08-11 04:21:59,day,economics,57,0x8e91643b94b5a41564d9a7a302bc7c576f463335,127.05564130849984,0.0,phantasys
2026-08-11 04:21:59,day,economics,58,0x53ac6cbcef96cbc0d4595a8604e084f026609e5d,120.00014712000029,0.0,ShawnLu
2026-08-11 04:21:59,day,economics,59,0x26572868adcee0e5136dc8d33756e9879d0d42e6,118.6332776349991,0.0,0x26572868AdCeE0E5136dC8d33756e9879d0D42E6-1771354638297
2026-08-11 04:21:59,day,economics,60,0x50545382d5ef260232b91fc786e3a770eb89ff8d,116.17372755400004,0.0,Anita11
2026-08-11 04:21:59,day,economics,61,0x0c7e862f02168e569e7d6ce75d96bffe4923437f,112.28539620899983,0.0,-ojoker-
2026-08-11 04:21:59,day,economics,62,0x8982f2e25b666816680d02559f244e5b82b6af89,109.99969531000006,0.0,uutest
2026-08-11 04:21:59,day,economics,63,0xc4f8cb329ea0637fd26ca0d600392c50a5ac8a4a,107.99981394599854,0.0,0xcd4313426311739ffee5aced9e352f209f801b46
2026-08-11 04:21:59,day,economics,64,0xe97c911cd8b43d8ba649d5b65a9261de61da2a99,107.90990997299923,0.0,ZeZeZe
2026-08-11 04:21:59,day,economics,65,0x7c397fa759f27e7d2dbdb455903511c8ea5af064,104.86891999999989,0.0,0x7c397Fa759f27E7d2dBDb455903511c8Ea5aF064-1764890207869
2026-08-11 04:21:59,day,economics,66,0x7f14eed053aea36d001d6dcfe913d28f91e7e3bc,104.31862200000012,0.0,093-cooking
2026-08-11 04:21:59,day,economics,67,0xe53312c6c15af508e0c31e2cfadbefddd399ab29,102.49918919000629,0.0,WharfMan
2026-08-11 04:21:59,day,economics,68,0x32fd6b56df721252cee6b212b90d767e2aed5c8b,102.0542403265002,0.0,LarBotPrime
2026-08-11 04:21:59,day,economics,69,0x709bd313acbc314db2e1907f629404b8f71b0a0a,101.41689935550016,0.0,Magestictrader
2026-08-11 04:21:59,day,economics,70,0xdd9c961288a032098076267bd665d407dac231a0,97.21841492850217,0.0,hippoka
2026-08-11 04:21:59,day,economics,71,0x76dbc01caffa54d0010368ff8d3226d8017f6987,94.64527032149908,0.0,gambler925
2026-08-11 04:21:59,day,economics,72,0x7e01fb9dece74b0031696fe104fbcce421cc63be,93.56016809249923,0.0,KTKK
2026-08-11 04:21:59,day,economics,73,0xe000e1dd06d3d17dc943dc9215a2e166efd5cbb1,91.80075459799991,15.23,whumpa
2026-08-11 04:21:59,day,economics,74,0x836960eba14bb3dec013fc50d2be66808db2f584,88.59147137999996,0.0,ChairmanFed
2026-08-11 04:21:59,day,economics,75,0xa8b964a5e729d2af6314ca8b7babc8c8cb4b6b7c,82.69563782099999,0.0,131071
2026-08-11 04:21:59,day,economics,76,0x60a92c8620846d81f5ea17b0564e0d4b7c545a71,80.71086512400234,2083.33,paddaa
2026-08-11 04:21:59,day,economics,77,0x28bf066c6cb952da62d6d182c16ad173ada64a4e,79.50423903449973,660.0,plainfolder
2026-08-11 04:21:59,day,economics,78,0xd7010851673ec281d9a79c77192f31051109917d,75.65056280299996,0.0,0xD7010851673eC281d9A79C77192F31051109917D-1785414009080
2026-08-11 04:21:59,day,economics,79,0x68c24bf4a8ad4d79a6fe4b8eec6f93a02dfd1711,74.8837586725349,0.0,mombil
2026-08-11 04:21:59,day,economics,80,0x0dcc9d7b9ccbdf3c37ab947a1689ed3701c05a1f,72.81088975549937,0.0,oneappleway
2026-08-11 04:21:59,day,economics,81,0x613a05a00583dadf17a564428f65919f5d412185,71.84999999999991,0.0,sobaka.yebaka
2026-08-11 04:21:59,day,economics,82,0x74f358d6e1511cb7568c985262072f5ca937c48b,71.45714280000016,0.0,FHGHGHG
2026-08-11 04:21:59,day,economics,83,0xc121f5ca52dae55358ee7f1b9f4634b08042183c,71.34124666894422,21984.975861,88888888R
2026-08-11 04:21:59,day,economics,84,0x93bd19205887ab9fadbf1013ea1a1b7d4cb1bbc5,68.39983698800029,0.0,JabamiYumekosRBQ
2026-08-11 04:21:59,day,economics,85,0x6e78a7f191a95c44786e0b662e9660201b8c5aec,68.33813739000016,0.0,justbetmore
2026-08-11 04:21:59,day,economics,86,0xa2fc0448a1dce9258ebb91b2f3abcddb98a0b1b4,66.84380778000013,0.0,jaijiajaijai
2026-08-11 04:21:59,day,economics,87,0x199c9ebcac1120407854ac469df0e03e39dc5270,64.81066658999998,0.0,lc520
2026-08-11 04:21:59,day,economics,88,0xa0f21e6d351baa9185716b5c00c2925ed9621848,64.70481423000001,0.0,
2026-08-11 04:21:59,day,economics,89,0xe64e507ed07244db50674beb7e10fdc0bbc20f87,64.45850000000002,0.0,mechen
2026-08-11 04:21:59,day,economics,90,0xf6cfcfb550a182132353148bab52f76f95b759fc,64.28571422999994,0.0,
2026-08-11 04:21:59,day,economics,91,0xfbfd14dd4bb607373119de95f1d4b21c3b6c0029,63.11651351369801,6066.434956,XAE12Archangel
2026-08-11 04:21:59,day,economics,92,0x74957ea27ac4fbdee46d861fdae357859ff67fcf,62.95967805333453,528.080908,LornaPredicts
2026-08-11 04:21:59,day,economics,93,0x1597c6f2765e59308893cfa11e2861beb211d74f,62.50000448999981,0.0,0x1597C6f2765E59308893CFA11E2861bEB211d74f-1768075541609
2026-08-11 04:21:59,day,economics,94,0x295ec5e47a06422ae9734004903dc1c5b9715f76,61.797660000000064,0.0,crtech
2026-08-11 04:21:59,day,economics,95,0xa42940d612c9b2e02d3cd35a4c3f17062782368a,61.559789550000005,0.0,tehkai
2026-08-11 04:21:59,day,economics,96,0x0921eabef807a0d6cf44ab86827d3a1fd9714aaf,60.70560473999967,0.0,Aluluba
2026-08-11 04:21:59,day,economics,97,0x6ea4cb2b63bf3f8cda9a0004432338c2ed1a9d9a,60.00122342600014,0.0,Lawrence1ee
2026-08-11 04:21:59,day,economics,98,0xaabbd33103b0664da203a438efff634a04330ac6,60.0,0.0,KKreturn
2026-08-11 04:21:59,day,economics,99,0xd035fd5f4d6bec4a73dc2fc11fe35c13c3acf165,59.951094872,26.0,rocky42023
2026-08-11 04:21:59,day,economics,100,0xde08158df3ae52bd406b870d1e0753a7a12b801d,59.71875,0.0,
2026-08-11 04:21:59,day,tech,1,0xb1ca909e848cc24ec4e220ce1c453bc290c51705,1204.2001975910025,5404.27,abdkxrhxr
2026-08-11 04:21:59,day,tech,2,0x00425c692a667981118f679ef68fdc775257321e,1140.502934750005,3072.66,99problems123
2026-08-11 04:21:59,day,tech,3,0x13fa4ce1b8a27dd0b7a72db6205a50ee6ff0954c,1103.4423649890305,786.489782,betterfasterstronger
2026-08-11 04:21:59,day,tech,4,0x736539924a5602b37a03a54fc12c1cc8f98964da,643.0081317127078,491.345328,cqk
2026-08-11 04:21:59,day,tech,5,0x2b9dbf4b6e0e11309a9d6d2a09b72f65f652adc0,409.9985000000006,0.0,seal7
2026-08-11 04:21:59,day,tech,6,0x97ead83eb0e6b7f142e63284791882f05ddf3363,313.5433800000005,0.0,Hakei.
2026-08-11 04:21:59,day,tech,7,0x43372356634781eea88d61bbdd7824cdce958882,263.26207944750786,0.0,Anjun
2026-08-11 04:21:59,day,tech,8,0x876bb030ddd424ef505ae02914024cf18c6a1703,230.44884634949267,0.0,rewardbots
2026-08-11 04:21:59,day,tech,9,0x93521335308a270795daa9f073b5406938b12227,222.35447999999963,0.0,peterfromfamilyguy
2026-08-11 04:21:59,day,tech,10,0x4a2be7a7e6e3b41dc2de00706b4c09660ca9af20,222.25901656400129,0.0,troim
2026-08-11 04:21:59,day,tech,11,0xb0c85813a7a4428f1139ff91d3118a92c391fe7f,189.87298234076297,213.08719900000003,.tak-r.anymore..
2026-08-11 04:21:59,day,tech,12,0xb774078d1037eeb52942086a76c96fe87aaf6781,165.0452977215,0.0,laffett
2026-08-11 04:21:59,day,tech,13,0xf5f299d3e62fe12c850123c6bc213d14df742fc5,130.78305,0.0,babywag
2026-08-11 04:21:59,day,tech,14,0x652bff901f401f22b2da47ad1c5c4b5870b3f5c2,127.85198320499944,0.0,0x652bFf901f401Fdhsk342kdjfnfk029abks13
2026-08-11 04:21:59,day,tech,15,0xac29dd1fdcd974bc1bbd62f5859418ea5aab36c7,126.80985860750008,216.216,OnYesYes
2026-08-11 04:21:59,day,tech,16,0x173314380de52766200850634f85a1b7a88b9411,125.00000000000003,0.0,cmarx
2026-08-11 04:21:59,day,tech,17,0x69f0c154a3412f2b3fa7eb22c6d08e6b5b32fb27,121.16486460606498,20.099999999999998,0x69f0C154a3412F2b3Fa7eB22c6d08E6B5B32FB27-1778811502354
2026-08-11 04:21:59,day,tech,18,0xd8d5289c35124b5353f5a10a28b8cc29aec38935,116.23886508199979,0.0,D8D5289c35124b5353f5A10A28B8cC29aEC38935
2026-08-11 04:21:59,day,tech,19,0x28bf066c6cb952da62d6d182c16ad173ada64a4e,112.03736868852138,150.0,plainfolder
2026-08-11 04:21:59,day,tech,20,0x3f08c2d590a8eefe8eb1274bb81b73a088c52468,109.86314555000001,1239.73,kmyuftg
2026-08-11 04:21:59,day,tech,21,0xa7d2ec6680f4e5f6ab0da244d8006eec3e20f954,107.61770333250115,558.76,KiruaTrading
2026-08-11 04:21:59,day,tech,22,0xf186449663da29a6eb7e2a14a62d2c5fc2ac09b0,98.119451633392,1064.18312,Computerdude111
2026-08-11 04:21:59,day,tech,23,0x30f91b6df5a62ab2e504045e25fd449a23affbfc,94.50061572649975,16.0,taerv534
2026-08-11 04:21:59,day,tech,24,0x462097266711b366e44d4ecc90826762fa5b2916,90.00000000000011,0.0,fjlivy
2026-08-11 04:21:59,day,tech,24,0x68a7f1576f46683165516ab0a1ec89fba28ff49a,90.00000000000011,0.0,cym1969
2026-08-11 04:21:59,day,tech,26,0xccf38a9b206907a00dbfddebeab19aab1e048f27,86.44923600000038,0.0,okc35
2026-08-11 04:21:59,day,tech,27,0xbe74297ff19030f104ce1d538709f43b30eca70e,85.22486700000002,281.0,title1
2026-08-11 04:21:59,day,tech,28,0xd5e2ac8c91c50e31157bcf1f9ad691bc7ad1c1a7,81.05000000000007,0.0,.chumpo
2026-08-11 04:21:59,day,tech,29,0xe40aaa5ce1dac0b7dc24c9d0284f27e17c3fe4a2,77.84872909800288,115.99999999999999,Mysaria
2026-08-11 04:21:59,day,tech,30,0xb10047d6a254b2ebb306d7a7d13bf59171ab6461,76.43479428000865,846.48,Parz1vaI
2026-08-11 04:21:59,day,tech,31,0x4b72b21f7e9999d568d9b93f0be110257d9938d5,75.27578758050095,0.0,fountaim
2026-08-11 04:21:59,day,tech,32,0xdb8321b0dd60d1a64397c90909e381fbad3b88f2,74.47622757250002,6.0,alphahustle
2026-08-11 04:21:59,day,tech,33,0x879752bca887bc247ba883a52bc45e9c6be6bbbe,71.5440000000001,0.0,singularityman
2026-08-11 04:21:59,day,tech,34,0x36e7ebd53e832d8e22d10bb1ae74f73241e6b560,67.76040000000012,0.0,Mosaics
2026-08-11 04:21:59,day,tech,35,0xcfff4295288ee29f75a38a7028611b7c1e93673d,62.99299207498916,75.0,graynotebook19
2026-08-11 04:21:59,day,tech,36,0xb2ca88cd9c431a0f1223029088beb0cf4f035fb0,60.05747052000004,0.0,IceFrosst
2026-08-11 04:21:59,day,tech,37,0x9aeb534c42b58b21673d5e03e9da14fbd15b2729,59.89816714901826,1.07,The-Joker
2026-08-11 04:21:59,day,tech,38,0x52071e89ed7f68478a428fd65aed5dc572be686b,59.18179312500013,0.0,StraddleSeller
2026-08-11 04:21:59,day,tech,39,0xeb77593d1187a2d01c22fb24567b21cddd214e6b,57.00669220834334,160.44458899999998,dry-september
2026-08-11 04:21:59,day,tech,40,0x4f1d5ae26fc31472966e951af3183308736d8de2,55.37722780148761,24.0,e46m3
2026-08-11 04:21:59,day,tech,41,0x86d5a471554dc00f21c28991608f96c69bdbd80a,53.28611349249991,0.0,bigli
2026-08-11 04:21:59,day,tech,42,0xa245ad1082c97aeb289499a4772e7f902308fac2,51.61737679999999,0.0,zatagi
2026-08-11 04:21:59,day,tech,43,0x8633914ff98cbb83e95344da0d25015753458c5f,49.503755000000126,785.0,0x8633914ff98CbB83e95344da0D25015753458c5F-1782962354787
2026-08-11 04:21:59,day,tech,44,0x215adbb63b47d0ca92f849fe2c2dc1adb0f6254c,49.49514424250037,0.0,BikesAreTheBikes
2026-08-11 04:21:59,day,tech,45,0x91e517cc3687db44a31fa01cee27cdc540b10947,48.000000000000014,0.0,Natsan
2026-08-11 04:21:59,day,tech,46,0x8fe730b55cf3468c01a884cfcde79c2dfb4d6c1f,47.18276499999956,0.0,Hugin-og-Munin
2026-08-11 04:21:59,day,tech,47,0x28b291aa82da13e1d58993873806c92908d5eb4f,46.38237297649903,0.0,libratus1
2026-08-11 04:21:59,day,tech,48,0x97cf8743ddf387db269a76941b6af1d26974c6eb,42.73081128500007,0.0,0x97CF8743dDF387dB269A76941B6aF1d26974c6eb-1769747285159
2026-08-11 04:21:59,day,tech,49,0xf2ddbbff7bc5193c5a17c9320886965b478482d3,42.004999999999995,0.0,418Imateapot
2026-08-11 04:21:59,day,tech,50,0x5a0d0c6eee71b96db16e5e271e0fa724be8dfa97,40.353091240500135,0.0,ifyouloveme
2026-08-11 04:21:59,day,tech,51,0x2b670a311561dcaf741d8155451774d3fa7fb814,39.87741281700073,0.0,0x2b670A311561DcAF741D8155451774D3Fa7fb814-1778467735876
2026-08-11 04:21:59,day,tech,52,0x17e42a96d19502f341e5657b57bd2309f5ef4d33,38.8432024185,0.0,SlayerH
2026-08-11 04:21:59,day,tech,53,0xa8c63f775ddbbe66b56614191747def3021444e8,37.283479500000794,0.0,Tenebrus7
2026-08-11 04:21:59,day,tech,54,0x00c840982a21159bd108ed80e36fba9db141a75f,36.280700000000024,0.0,CRMUSK
2026-08-11 04:21:59,day,tech,55,0xc78622a49b7f38b356453b35c649c20b859bd82e,36.27911039,0.0,xc78622a49b7f38b356453b35c649c20b859bd82e
2026-08-11 04:21:59,day,tech,56,0xe1b361d6a6f237b9ed7534d19b232df8369e1426,35.09591666000051,0.0,tja
2026-08-11 04:21:59,day,tech,57,0xf08c827f8bccc70f51686be5538611fa696a91e9,34.44384999999966,0.0,Tourte-chaude
2026-08-11 04:21:59,day,tech,58,0x01e6e3c5cfe50943e7721398054cb1e22032e7e0,33.62195499999996,178.51,BajaBlaster
2026-08-11 04:21:59,day,tech,59,0x1bbbf23b1fa805e8d082a3c9ca628ea7c5daa5ea,33.06515404450056,0.0,0x1BBbf23B1Fa805E8D082a3C9Ca628EA7C5DAA5eA-1783574008569
2026-08-11 04:21:59,day,tech,60,0xd029b13f2e562c77e2db3e5eda140cee79a44fc1,32.87474652799756,0.0,bignewsagencypro
2026-08-11 04:21:59,day,tech,61,0xbd81954a4ebce3a843feb3fc6ebf439cf1c6006d,32.666000000000054,0.0,2Sherlock
2026-08-11 04:21:59,day,tech,62,0x03805a13a0b3e058f55f6c6af95389d4f431073d,32.59902815440728,0.0,donthackme
2026-08-11 04:21:59,day,tech,63,0x81525952f172646a4104030e9a9ef1e769c7bfda,32.50500000000102,0.0,KimJonEn
2026-08-11 04:21:59,day,tech,64,0x389a21fa2e2445c7f8b915b45b9b009bd641397d,31.821080834999975,0.0,SPY-KT
2026-08-11 04:21:59,day,tech,65,0x7afb239dabdd549d09ccd3e6cc910958894b61ea,31.347407419999854,118.38,buyaoshangtou1
2026-08-11 04:21:59,day,tech,66,0xf5c49ad254b1d53ea0b86fb285dd3f11dc800926,30.48455315399997,0.0,0xdamocles
2026-08-11 04:21:59,day,tech,67,0x6f1b9c7edd70f94e155c4f9ffa27c46c686deb22,30.24000000000001,0.0,Damien3030
2026-08-11 04:21:59,day,tech,68,0x515e8e9b806a388a51808e2bc5cd92dc11bbec0d,29.35007327450012,0.0,
2026-08-11 04:21:59,day,tech,69,0xb3557fb2f13149ffbee8f9580fe8cfb4e698f149,28.21950000000004,0.0,kobrez
2026-08-11 04:21:59,day,tech,70,0x832bbb891caf3a24c7d1915d9f6369c4949b5c91,27.848687324000082,0.0,yoyobb2018
2026-08-11 04:21:59,day,tech,71,0xdf59c7f09a1f0fe407a9fb48f7282012398adeb0,27.450000000000102,0.0,variant1.meta
2026-08-11 04:21:59,day,tech,72,0xddbe0efeee56bf47e1fa2a14e3c6702c2a386780,26.921773970000004,0.0,metametaman
2026-08-11 04:21:59,day,tech,73,0x36edf4d48d3fdf4b59bb549be42843f3349c4a93,26.009084941999845,0.0,babyshark.
2026-08-11 04:21:59,day,tech,74,0x6c7d9ce7d08fbe1bf872fa825916802866a8d6eb,25.98553499999889,5.0,VVKhqdMdKjEpLsDRwu
2026-08-11 04:21:59,day,tech,75,0xb23e88a3e729951c1992b361435a5c410fcf829a,25.50649999999996,0.0,clazzy1
2026-08-11 04:21:59,day,tech,76,0xd12f443b6a45225ae65d519a4bdef568d29ce85a,24.955298377499275,25.0,Hot-Skull
2026-08-11 04:21:59,day,tech,77,0xa58d4f278d7953cd38eeb929f7e242bfc7c0b9b8,24.939277803502137,1475.4499999999998,AiBird
2026-08-11 04:21:59,day,tech,78,0xeab61f1c7168138db3e0bb87acadfb77ce8dd4c6,24.304049999999734,0.0,acc42020
2026-08-11 04:21:59,day,tech,79,0x233bacfb515aad6871027b95c5e4c6166f5c1f2c,23.722225465999713,0.0,0x233BACFB515aaD
2026-08-11 04:21:59,day,tech,80,0x066db61cb41e262d3c773172ae7179d7c20c07bc,23.632925064999988,0.0,protagonist
2026-08-11 04:21:59,day,tech,81,0x5015dc5edbf253abef3e53938241cc34aea0b1fb,22.720800000000054,0.0,Dic9
2026-08-11 04:21:59,day,tech,82,0x69d2af4095e90f2d6d18b4fc64e7dccde8c68c2f,22.599599967500026,0.0,enaich
2026-08-11 04:21:59,day,tech,83,0x5cd5c8d7a17c78d7389d8b87b611aed83322ac33,22.589000000004603,0.0,nonkenny90
2026-08-11 04:21:59,day,tech,84,0x5113a83dd48fd182cc39190754a60ade9db40293,22.578151400000138,0.0,0x5113A83dd48FD182Cc39190754a60ADe9db40293-1779760727870
2026-08-11 04:21:59,day,tech,85,0x6fa1383aa839e0d87d2a43814f089749b6831f74,22.50000000000003,0.0,sandysdreams
2026-08-11 04:21:59,day,tech,86,0x09e672e5993de19f84fbd9a1cc2e298fdc5b24a1,22.373199999999542,0.0,RIC25
2026-08-11 04:21:59,day,tech,87,0xa2770432a5e6bd24c347c976b0d815db1f2c1182,21.873590800000045,0.0,0xA2770432A5E6Bd24c347c976b0D815db1f2C1182-1760945846787
2026-08-11 04:21:59,day,tech,88,0x7c47d1464f9183208fc3bde3f29c024694a88d7a,21.7,0.0,Papusaurio
2026-08-11 04:21:59,day,tech,89,0x2b340fca886b3c7a2cc928c4a89162133fe4b202,21.63005938850003,2.95,Fluo
2026-08-11 04:21:59,day,tech,90,0xc4662ed22c3bf6b7bc3f2e4c0376ea04eafb3f77,21.624918857000026,0.0,Limp2026
2026-08-11 04:21:59,day,tech,91,0x2b385a97846df6ecfa4e31f81066c118e49d5ea8,21.52441370000001,0.0,0x2b385a97846df6ECfa4E31f81066C118E49D5ea8-1745562687931
2026-08-11 04:21:59,day,tech,92,0x30f67d821c57a54e25e5e521dbd3b5b18309004f,21.48937402499905,25.0,shiifoo
2026-08-11 04:21:59,day,tech,93,0xe457dd299f14f8f097b0d7ec8d5be29761455ab3,21.300416703999986,49.7,ViscaElBarca
2026-08-11 04:21:59,day,tech,94,0x5d2f9c1bed66a166cf5bca238d73f990a333fcc2,21.203536945795996,326.14,leisiyu
2026-08-11 04:21:59,day,tech,95,0x4ffe49ba2a4cae123536a8af4fda48faeb609f71,20.86113927425754,193.673862,planktonXD
2026-08-11 04:21:59,day,tech,96,0x73d225c851df25d73b14846a370bdeef9434f9b7,20.053259010000602,0.0,Dapsy
2026-08-11 04:21:59,day,tech,97,0x897a960452f8943b450d382f254522d992a74194,19.931425648999948,0.0,ghoan
2026-08-11 04:21:59,day,tech,98,0x26884e442a62b9587fd5e7012389517cd52ccb00,19.74817750000011,0.0,dzP3
2026-08-11 04:21:59,day,tech,99,0x676c10a464c73fcc11e22665e52853fd1df8ce51,19.030247621,0.0,FishHunter
2026-08-11 04:21:59,day,tech,100,0x3329cfc2b8d8ceb8d198f081bdf4262f421f43a6,18.774534499999845,49.33800000000001,TENETENET
