timestamp,timeframe,category,rank,address,pnl,volume,userName
2026-06-20 07:03:19,day,overall,1,0x0130afd6f3efddf1c3e16e01217b172dd9befb49,36014651.430743024,4236.929587,123987456
2026-06-20 07:03:19,day,overall,2,0x1c560b61a14bb030f2eceeda8f1da9074c3f0b1d,27681923.188625563,5.0,svoter
2026-06-20 07:03:19,day,overall,3,0x4a86353a4c7d93f7a68fb802656a253824602220,15087335.580967592,0.0,bourn22
2026-06-20 07:03:19,day,overall,4,0xbc11a64ab34a03a043fbe80598fa065ee87eeec6,5822681.349464394,12983685.168995,frostrizz
2026-06-20 07:03:19,day,overall,5,0x9d36d18057ac9a61308b22128839e903bea30e68,2987918.208586897,5274152.026146001,supersob
2026-06-20 07:03:19,day,overall,6,0xc82f0a25aad828f59347670e63ead5ea144466a7,1065169.090097116,0.0,bobbityy101
2026-06-20 07:03:19,day,overall,7,0x152ee0ec65999ca23c958c3d442a7deb7765748b,908163.050476,0.0,TheLastCall
2026-06-20 07:03:19,day,overall,8,0xee025250608e93a64ad1132fd5225bd15a04ce88,703878.5082755602,363.81000000000006,surftrader
2026-06-20 07:03:19,day,overall,9,0x4bff30af91642dc7d2b19a8664378fe55c45fc26,674336.7374733898,375575.59,Sassy-Bucket
2026-06-20 07:03:19,day,overall,10,0x7523cafcee7bcf2db9a79d80e0d79b88a9a54c4c,467180.0510874144,0.0,DonaldinhoTrumpito
2026-06-20 07:03:19,day,overall,11,0xcfb69f94b3764e75228515ad9d169570d5f906da,440964.4988924747,1158679.026299,athelstan
2026-06-20 07:03:19,day,overall,12,0x1b2c3a397fa667a06cb5d3b7df788107fc674bad,375969.355744533,0.0,Lansky
2026-06-20 07:03:19,day,overall,13,0xcf7ffd429a16cc1e23b610704318ff8496f1b788,239915.03469496773,0.0,rebeka-quia426
2026-06-20 07:03:19,day,overall,14,0x81da605d7dac06478367ed1bae0593b7791ca109,202097.457779455,0.0,gardenshed
2026-06-20 07:03:19,day,overall,15,0xf6660c12dc1333fc3b8a2bfd8b3759360d80656c,159506.51076099466,0.0,theguesser93
2026-06-20 07:03:19,day,overall,16,0x4d3e59470cd241c4382cabbd2bfd10037cce58c7,142231.3881680006,0.0,ScamWick
2026-06-20 07:03:19,day,overall,17,0x26437896ed9dfeb2f69765edcafe8fdceaab39ae,126015.27501178067,911702.390187,Latina
2026-06-20 07:03:19,day,overall,18,0x4be1fa92e6ceaf886aac0bbec3be6c527133aa70,121011.95777568594,949999.7691119999,0x4BE1fA92e6cEAF886aAc0bBEc3BE6C527133AA70-1768165898647
2026-06-20 07:03:19,day,overall,19,0xc430e5b17128df7ce78d69fa28bc7de038641ebf,118126.99062166689,301213.7625769999,Gourmet1
2026-06-20 07:03:19,day,overall,20,0x24c5de75e80cc148e631c24c406b8b1908ddc428,113731.90990467503,28978.890550000004,compcom
2026-06-20 07:03:19,day,overall,21,0x349606c1b77f3ba668879cbc9347f15a44cf8fc4,98504.71510231262,200989.422754,skk1ch
2026-06-20 07:03:19,day,overall,22,0x37e053beabee77acc15e641dfe8e395b2b2d024e,98259.8232067387,968596.9634510002,ChinesePro
2026-06-20 07:03:19,day,overall,23,0xe549581668a5751c1972d3ad2d1991d900bd2d54,92366.45303978652,113146.66244300001,Allezpapa
2026-06-20 07:03:19,day,overall,24,0x2f0b53dc1536d840a36286710ac7ddf23eed58d5,88911.490803,0.0,TobiasJacob
2026-06-20 07:03:19,day,overall,25,0x160db9bb5bf012f21251a74737093bcdc36f5295,85237.75211441822,292788.029587,JESUSCHRISTISGOD
2026-06-20 07:03:19,day,overall,26,0x6d20c35f65d9899b6d6b74f8466e824580f9a165,84491.66163856325,1043221.2699889999,Djdjdjekekek
2026-06-20 07:03:19,day,overall,27,0xa8a53259e60402b0001953f49f66ccb47d35122b,83072.63263109958,325422.910991,Paracellus
2026-06-20 07:03:19,day,overall,28,0x088ba59031e4bac4cc7b344581e3d908258221cc,82394.3413556411,78.02000000000001,IQdegen
2026-06-20 07:03:19,day,overall,29,0x4d3079bd4c73bc0e8f7d9f64a9f64fadbd17a42d,73733.03861785494,0.0,gransaaa
2026-06-20 07:03:19,day,overall,30,0xb45a797faa52b0fd8adc56d30382022b7b12192c,69085.44438729878,196783.92329100007,bcda
2026-06-20 07:03:19,day,overall,31,0x5bdd63899629bcfa0375496df6fdc271c18dc4cb,68400.96460993495,0.0,tussss1881
2026-06-20 07:03:19,day,overall,32,0xdf51f4dba5ee71f0bbc979d1ae8d4e67eeb91210,66996.15858775735,2.25,BigBetsBonanza
2026-06-20 07:03:19,day,overall,33,0xa36fcb6947c4ac1f09ee894aa1fd0756b90e180b,61203.054005521175,112731.55181399999,Shori888
2026-06-20 07:03:19,day,overall,34,0x1d1ade627d0bb0205758580b20d808573e720df6,53039.99699999986,107999.4,Pwaddler
2026-06-20 07:03:19,day,overall,35,0x9cb990f1862568a63d8601efeebe0304225c32f2,52080.644671026035,81542.021756,jtwyslljy
2026-06-20 07:03:19,day,overall,36,0xc8075693f48668a264b9fa313b47f52712fcc12b,51517.55928370997,58099.097286,texaskid
2026-06-20 07:03:19,day,overall,37,0xc8d13d4622514285958ac378226027544a34223a,49762.11660000001,0.0,randomname3948282
2026-06-20 07:03:19,day,overall,38,0x65018f9fc473f6e920b8929a375d39c26a461220,45557.716614439516,84726.701062,cnyek
2026-06-20 07:03:19,day,overall,39,0x2dc13c6bda81b202281e796953a7323de675b33c,42829.046439070014,50632.91,xifutloong3
2026-06-20 07:03:19,day,overall,40,0x83255595ba1fadd2e734cb30a0fb8110301a19cc,42789.36717720324,295905.39565199986,Mind.The.Gap
2026-06-20 07:03:19,day,overall,41,0x34f62ce5beaf9b3b325726ec4b6c733df8534535,40098.53912010143,117525.711885,PatienceCapital
2026-06-20 07:03:19,day,overall,42,0x1136368d7f6728e94ed14c532ab95a932f710c2e,37817.60383648577,123149.67241999999,arlanta
2026-06-20 07:03:19,day,overall,43,0x1b47e9b128e6b671edebfb2cac23dd3efc40d814,36773.7402648502,538765.760326,sbsigner
2026-06-20 07:03:19,day,overall,44,0x1a6df901e63422055a1658b0ef2b2a871507cf4a,34993.91085930249,0.0,Heisenberg123
2026-06-20 07:03:19,day,overall,45,0xac4773707daddd3792efed5a91f5ec7651a7d234,34950.557879259024,0.0,HBAFlover98
2026-06-20 07:03:19,day,overall,46,0xef1bfe068ea3eb4c357d95805baf1050fd528697,34797.71886091522,205711.90439699998,devilbanker
2026-06-20 07:03:19,day,overall,47,0xa71093cafc0c099b4ccab24c3cb8018d817923c4,31769.81180146523,0.0,Talvez10
2026-06-20 07:03:19,day,overall,48,0x3b21433b0407e45d683cad1fcb6ba0a6b33ba230,30467.09199175,293999.990555,disquietude
2026-06-20 07:03:19,day,overall,49,0xd202bf6d89dc6bab1b9f00ead175f75466348973,28329.702476559847,39817.846245999994,meoooow
2026-06-20 07:03:19,day,overall,50,0x32ed517a571c01b6e9adecf61ba81ca48ff2f960,28274.329141493647,72838.444037,sportmaster777
2026-06-20 07:03:19,day,overall,51,0x9703676286b93c2eca71ca96e8757104519a69c2,27885.334009690614,641990.057672,AnonymousUsername
2026-06-20 07:03:19,day,overall,52,0x9c3ce009c9b039956665cecc4cd14de862b5e8c9,27867.69203898224,0.0,anontrakcer
2026-06-20 07:03:19,day,overall,53,0x85bbb00a84f100a74ec6a479ce6f8f45b04c9ada,27711.148991290313,39241.108247,zezj
2026-06-20 07:03:19,day,overall,54,0xcb58798bf0d0a63b85e28c397e041cafe3dd43c2,27217.067367389798,110068.639232,meisilin
2026-06-20 07:03:19,day,overall,55,0x36a74fda8204b1e1680b8512613b0b520f7eb6e9,25647.362500000003,48391.25,nerongod
2026-06-20 07:03:19,day,overall,56,0x7fe8a45a9d059e12eae2804f15401ac8e11106c9,24835.105700889995,0.0,0x7FE8A45a9D059e12EAe2804F15401AC8E11106c9-1781452450343
2026-06-20 07:03:19,day,overall,57,0x9770ca178764cdca1271934ad613ad7ab4a10ff5,23655.00112752498,0.0,Antojno66
2026-06-20 07:03:19,day,overall,58,0x94e4c271a84d72f9efc8326606cee80b6e7c87e0,22054.089679663986,0.0,todouzai
2026-06-20 07:03:19,day,overall,59,0x58776759ee5c70a915138706a1308add8bc5d894,21844.459233860252,67014.93,Donghui
2026-06-20 07:03:19,day,overall,60,0xf731ab9c4ffeb18d1d7f8596853d5b36ab62e013,20707.714776899993,181646.62,john928
2026-06-20 07:03:19,day,overall,61,0xf43842aca68209bd8bd3b4cfae00a32053769559,19870.305213511223,64333.984882000004,PendulumExchange
2026-06-20 07:03:19,day,overall,62,0xf751fbd76257ad498e02c1da257ac6e31df0fec8,19337.337651599984,407245.210795,0xF751fbD76257AD498e02C1dA257aC6E31DF0FeC8-1780152076667
2026-06-20 07:03:19,day,overall,63,0x033f0346c007323030eb420305ffede19a95618e,18903.38882750582,167925.63806499998,TheVeryGoodCow
2026-06-20 07:03:19,day,overall,64,0x9854aeab8b073c34ab7643f3e8aa316f3b616bf2,18507.09069959013,66999.985808,ygggg1
2026-06-20 07:03:19,day,overall,65,0x8bfee7aeca33003fe9d7398d5143dc7866542d74,17950.70801045891,348030.34392699995,tennischamp
2026-06-20 07:03:19,day,overall,66,0x99a75dee1487879c95b3d61c92e4493e2c63fc82,17780.91705422297,35670.67195999999,duckfriedrice
2026-06-20 07:03:19,day,overall,67,0xa697d0b3fff7d285a0f92d6ee03a7f97809e59d5,17283.62491964253,333213.4841509999,0xa697d0b3FFf7D285a0F92d6Ee03a7f97809E59d5-1774326306031
2026-06-20 07:03:19,day,overall,68,0xe9a6ed2e4d4ee8ce47cd47cac834746dc4cf627b,17045.224960632797,6666.666665,Onege
2026-06-20 07:03:19,day,overall,69,0x9106cf79b02f85d8f1e546802ed916648f44afcb,16784.822631714713,104534.547305,su281
2026-06-20 07:03:19,day,overall,70,0x9916c37f0aa85bacaf87275bbe6f2515eaa5a2b2,16564.734152876987,0.0,BobbyB
2026-06-20 07:03:19,day,overall,71,0x28059b3fb7af7ed76d83dc9121bbb72ec7cf76ed,16551.442007480364,151922.33555899997,RISK-IS-NEVER-OK
2026-06-20 07:03:19,day,overall,72,0x53757615de1c42b83f893b79d4241a009dc2aeea,15668.816444126805,475923.055872,
2026-06-20 07:03:19,day,overall,73,0xe9076a87c5ed90ef16e6fe6529c943baeca0cff6,15430.081709916043,3407418.2355809994,suntori
2026-06-20 07:03:19,day,overall,74,0x3bae3f9d465e8963fbd4502e9f6898e57f74885a,15140.547530320013,39199.850402,not-gambling-addiction
2026-06-20 07:03:19,day,overall,75,0xccd81fbd3395dc43a0531f8484b21c2462daf4de,15076.384027270018,10000.0,0F62
2026-06-20 07:03:19,day,overall,76,0xbb63fb6842f844b6925a5160afb50186b1bf3d44,14966.700108642926,0.0,kulikuss
2026-06-20 07:03:19,day,overall,77,0x5966db1fe50763c9e3c014d756369bad07e1f804,14818.204810227151,115441.82303099999,0x5966Db1fE50763C9e3C014d756369BAd07E1F804-1777648534241
2026-06-20 07:03:19,day,overall,78,0x7300833941f579802d58791eb1d0152c1b17e52c,14506.116990332372,35535.470475999995,PontiusPilate
2026-06-20 07:03:19,day,overall,79,0xc15b833b6991e5dbcaca029f7d0f951e5db238af,14395.956590359481,0.0,makinta
2026-06-20 07:03:19,day,overall,80,0x03805a13a0b3e058f55f6c6af95389d4f431073d,14303.551226316602,156361.128408,donthackme
2026-06-20 07:03:19,day,overall,81,0x876407a068471a1edebdf6227b87ba5010fc6d8f,14110.791281000016,0.0,palisade
2026-06-20 07:03:19,day,overall,82,0x62ca7dc910876e188a3418b47df31091c62c1760,13951.540601847308,66485.77554500001,0x62Ca7dc910876e188A3418B47df31091c62C1760-1769898657486
2026-06-20 07:03:19,day,overall,83,0x775d9de0c72c76a459fadfbb4cd79d5715236beb,13517.146908660023,149670.52,imake1mil
2026-06-20 07:03:19,day,overall,84,0xd1ed12197b7dc22dede923727e9b714024dbd7cb,13497.157610373186,185443.753799,curie
2026-06-20 07:03:19,day,overall,85,0x8fbb3c32496d4bcff8f456c3342f90edaaa09a17,13078.426241379988,26725.21,diooson
2026-06-20 07:03:19,day,overall,86,0x7b1036b62136cad4ac4b86668c3dcb9e84e2acab,12930.387661918952,16362.742784999999,unknowngambler
2026-06-20 07:03:19,day,overall,87,0x0c4d080bd6820d208d058e1850a0a6440391a427,12903.400095994488,77713.973196,0x1670700a2A23d24Ae699fA523eBd90ADfa0d0B65-1768523373235
2026-06-20 07:03:19,day,overall,88,0x3cf6af76c4869d2ace41fe5263cd8057c5ec0cbd,12330.77786745966,39482.529459,chizidahu
2026-06-20 07:03:19,day,overall,89,0xe91171f655be1568e4c63f29663c0028649e3d4e,12180.585914829033,167235.22701799998,0xE91171f655bE1568e4c63f29663c0028649e3d4e-1765651946286
2026-06-20 07:03:19,day,overall,90,0x839e95471009f3ef9c50c755f2d8fe57f1b40d3c,11923.727105656508,0.0,Tanqiyuan
2026-06-20 07:03:19,day,overall,91,0xe405483ff60ab58ce973479d3317045549fec67e,11296.510988230002,9999.993332,NHLGuy
2026-06-20 07:03:19,day,overall,92,0x0f3433d8b7596000bf1046aa822308d93cf67684,11253.056861662912,33230.0,
2026-06-20 07:03:19,day,overall,93,0xe337f5a28e9c530a676c959a1888ba5368664ad6,11080.193534239097,212591.69513100001,0xE337F5A28E9C530a676C959A1888Ba5368664ad6-1779639269540
2026-06-20 07:03:19,day,overall,94,0x15096a93fb86ea8a782574536ce3bab88e6cca95,11058.213565535016,0.0,Mk756
2026-06-20 07:03:19,day,overall,95,0xa804390f80019699ab34a282c0df7528fba82a75,11000.8485364,81389.65,riverskew
2026-06-20 07:03:19,day,overall,96,0xa0c0b34875fd8b305231ceb0e7ef068d166f1bed,10936.473577710001,20634.855807000007,BLN030
2026-06-20 07:03:19,day,overall,97,0x780a7539200e74e882dde303952029bda21684f0,10780.118452069,113406.64887900001,0x780A7539200E74E882ddE303952029bDA21684F0-1779685038655
2026-06-20 07:03:19,day,overall,98,0x71200ff742dde7f1ada753d2e9b0a8b50c717c4e,10721.577040146425,47793.06774299999,BIAVN
2026-06-20 07:03:19,day,overall,99,0x44a1159b925c145e70f746bb3f0f58380553bd21,10658.200812313959,776717.545259,yupiiiiiiiii
2026-06-20 07:03:19,day,overall,100,0x408fe71e6b5401ecd6733970cb6f1a25e984b2f4,10605.863042023848,253341.23005100002,Winnerdinnerchickenjr
2026-06-20 07:03:19,day,politics,1,0x1c560b61a14bb030f2eceeda8f1da9074c3f0b1d,21008928.83817066,0.0,svoter
2026-06-20 07:03:19,day,politics,2,0x0130afd6f3efddf1c3e16e01217b172dd9befb49,6643107.752254075,1185.674929,123987456
2026-06-20 07:03:19,day,politics,3,0x7523cafcee7bcf2db9a79d80e0d79b88a9a54c4c,539048.1024411805,0.0,DonaldinhoTrumpito
2026-06-20 07:03:19,day,politics,4,0x715d8f4b01a797bb0fbf92a5c0b78c5d97377b6d,444938.4793480001,0.0,47842366
2026-06-20 07:03:19,day,politics,5,0xc82f0a25aad828f59347670e63ead5ea144466a7,301170.0898455,0.0,bobbityy101
2026-06-20 07:03:19,day,politics,6,0xcf7ffd429a16cc1e23b610704318ff8496f1b788,199953.09811100017,0.0,rebeka-quia426
2026-06-20 07:03:19,day,politics,7,0x4d3e59470cd241c4382cabbd2bfd10037cce58c7,90121.84632700059,0.0,ScamWick
2026-06-20 07:03:19,day,politics,8,0xe0e310382cd82ddd5aef2d53593e04f815aa26c0,71589.27976300007,0.0,cristopher-odit
2026-06-20 07:03:19,day,politics,9,0xc8d13d4622514285958ac378226027544a34223a,37053.99970500001,0.0,randomname3948282
2026-06-20 07:03:19,day,politics,10,0x9916c37f0aa85bacaf87275bbe6f2515eaa5a2b2,20606.92665087698,0.0,BobbyB
2026-06-20 07:03:19,day,politics,11,0x876407a068471a1edebdf6227b87ba5010fc6d8f,12391.424627000008,0.0,palisade
2026-06-20 07:03:19,day,politics,12,0xb7c80930ee77e76990d24f4944643470f39aa348,9180.776288000025,0.0,user588436
2026-06-20 07:03:19,day,politics,13,0x2e4d05beafd81a6e85bc0c6a94820d61ef34f703,5571.437659450501,20000.0,woshiLimpeh
2026-06-20 07:03:19,day,politics,14,0xd1049158a102840ce595efc6ab683a0cb6fbacef,5453.909407470943,0.0,pilimili
2026-06-20 07:03:19,day,politics,15,0xb687f00464e33934f5d591f224e71c3559ecaee5,5326.85105313285,67922.193659,alwayslatetotheparty
2026-06-20 07:03:19,day,politics,16,0xa8a9c7a2f1d8eca2c20b6dc58df52caa85cdbb81,4799.746811937644,341356.52,98better
2026-06-20 07:03:19,day,politics,17,0xc15b833b6991e5dbcaca029f7d0f951e5db238af,4292.53824506449,0.0,makinta
2026-06-20 07:03:19,day,politics,18,0x8c80d213c0cbad777d06ee3f58f6ca4bc03102c3,4106.158518430078,0.0,SecondWindCapital
2026-06-20 07:03:19,day,politics,19,0xbaa2bcb5439e985ce4ccf815b4700027d1b92c73,4102.911819798872,156036.30664700002,denizz
2026-06-20 07:03:19,day,politics,20,0x47bfa56c4a575856dac88954e7bf5ce65a86b84f,4075.900564999997,0.0,0x47bfa56c4a575856dac88954e7bf5ce65a86b84
2026-06-20 07:03:19,day,politics,21,0x4044798f1d60d92369c86cf5b6f1e497e2818de5,4072.7849336639956,0.0,Vital-Mathematics
2026-06-20 07:03:19,day,politics,22,0x1e1f17412069c0736adfaadf8ee7f46e5612c855,4002.7559210105683,10436.442756999999,Brokie
2026-06-20 07:03:19,day,politics,23,0x04059a17569cc586081cfadad1cda190710bda82,3740.973798610008,0.0,forcestrut1
2026-06-20 07:03:19,day,politics,24,0xee0ff4a9de23e758e3f8d128b4f25fd6f62c4cf5,3655.9751717530016,0.0,drop126
2026-06-20 07:03:19,day,politics,25,0x335592400e402c26583ce8b56d12605e9548a126,3418.725207708456,0.0,ranger44
2026-06-20 07:03:19,day,politics,26,0x03805a13a0b3e058f55f6c6af95389d4f431073d,3400.8150034463033,88969.19721600002,donthackme
2026-06-20 07:03:19,day,politics,27,0xa3a417e434923aeaf97afe9a61b10ff9364e5106,3112.7597912687197,102358.42658599999,0xC03cE4d8Af842Ca6251Ac57228B3Ffb166ed50A
2026-06-20 07:03:19,day,politics,28,0x0742a3845e01ffe9042367f282e9517b48d21b48,3101.966759938351,30002.822125000002,
2026-06-20 07:03:19,day,politics,29,0xc772be0a052081402b3a154584c3ec13cdba45f5,3025.163135577004,0.0,nextdayoff
2026-06-20 07:03:19,day,politics,30,0xb8e32d575b8d360f90bcc95596e9a0bee444aaf2,2875.9460822599976,0.0,Jan777
2026-06-20 07:03:19,day,politics,31,0xe1e105257812992f0b9aba92a17e33f36e89d250,2790.114371203046,153.846152,loliti
2026-06-20 07:03:19,day,politics,32,0xb8a717fed80eab7258a9ff6ba9961908691d7674,2579.9306941679897,0.0,pugdev
2026-06-20 07:03:19,day,politics,33,0x162f6fff88a52864f2ecc9833e58089d5254798d,2518.732488281268,4386.51,Valen9
2026-06-20 07:03:19,day,politics,34,0x44c1dfe43260c94ed4f1d00de2e1f80fb113ebc1,2346.0991562628187,0.0,aenews2
2026-06-20 07:03:19,day,politics,35,0xbc807fab34134959b75d5bb6ca994f3beb213d59,2192.829691458006,0.0,mrwhite700
2026-06-20 07:03:19,day,politics,36,0xc03ce4d8af842ca6251ac57228b3ffb166ed50af,2186.3957885239797,62160.0,NyetRisk
2026-06-20 07:03:19,day,politics,37,0xdf17f4a8dd01a4cfa6fc3da323a2baee5f8697d1,2110.950700338697,19784.048611,PatrocIus
2026-06-20 07:03:19,day,politics,38,0xb0d62e7959377b18fd63b772c74147724e0e7475,2110.7301345435917,7666.237400000001,bAF62E7959377B18Fd63b772C74147724E0-E7475
2026-06-20 07:03:19,day,politics,39,0xb66582886125a2a2ea966f1ea60ea60b6ecabf8f,2106.763500000001,0.0,Aeglos
2026-06-20 07:03:19,day,politics,40,0x78ad03d27582cd1b5255d364ff8f093b6cf745cc,2101.4275388140086,280190.33,XVFlow
2026-06-20 07:03:19,day,politics,41,0x629bc4a1e53e1d475beb7ea3d388791e96dd995a,2094.005478916457,0.0,lava-lava
2026-06-20 07:03:19,day,politics,42,0x96489abcb9f583d6835c8ef95ffc923d05a86825,2023.5817402517423,51555.967551,anoin123
2026-06-20 07:03:19,day,politics,43,0x5ee92d7b06c97aad086c29e0f82c468dcd362673,1998.1576668900052,0.0,GoblinMarine
2026-06-20 07:03:19,day,politics,44,0x07a9bf6d9a913df0e149bb2d652998b57fd832c8,1972.8441883950109,0.0,ReedUpdatee
2026-06-20 07:03:19,day,politics,45,0x7ea7bcd658a253bfa78618a8e127cc73b54879ac,1938.9915187229926,0.0,Monopoly_Money
2026-06-20 07:03:19,day,politics,46,0x86283633b8d8ee0c0d6db3ce4c7a23f811f56f0b,1883.2188131760013,0.0,Katello
2026-06-20 07:03:19,day,politics,47,0xd21fb49df45227f39db020e79db6f53ac3bbe03f,1819.0350223509959,0.0,ForzaEton
2026-06-20 07:03:19,day,politics,48,0xfaf98181c44636998a194aa7660bcae1b977f4c4,1687.0739357605344,0.0,onekey02
2026-06-20 07:03:19,day,politics,49,0x437c54031fa45db31ac75a0b7f2241bcc81edfa4,1675.7188502450008,0.0,dresden77
2026-06-20 07:03:19,day,politics,50,0xdbd009aa3fd5a801860c9e0005097de972ab2e83,1627.6227408599952,0.0,0xDbD009AA3Fd5A801860C9E0005097dE972Ab2E83-1767835593182
2026-06-20 07:03:19,day,politics,51,0xe36f5735f5bc12c36b361a599e8603d56f7ccd91,1621.4910666095093,0.0,sameday1
2026-06-20 07:03:19,day,politics,52,0xf02008dd334fe83c8dad61dd9a54776d7fb03212,1592.5590036719805,0.0,topdaddy1
2026-06-20 07:03:19,day,politics,53,0x5a560d135484258aa509f6720d31c4ed24f0adab,1574.8111040710091,0.0,Anon5566
2026-06-20 07:03:19,day,politics,54,0x22258d6f56b48b92bdd70f03e4cfca7b0b7624d1,1559.996058127006,0.0,y22
2026-06-20 07:03:19,day,politics,55,0x94a428cfa4f84b264e01f70d93d02bc96cb36356,1553.8786076079123,0.0,GCottrell93
2026-06-20 07:03:19,day,politics,56,0xbf4d202382ba5702721a8c43126f5f08163733ed,1528.895758751387,4361.740314,0xbF4d202382
2026-06-20 07:03:19,day,politics,57,0x69ad1bd663148d526dc5eaf09e131102ec84365a,1495.2943211375,0.0,0x69Ad1Bd663148D526dC5EAf09E131102ec84365a-1775678193559
2026-06-20 07:03:19,day,politics,58,0x6cf5982c039e781fa9f6b57f10b26976268704af,1469.7879352974996,0.0,keshulo14
2026-06-20 07:03:19,day,politics,59,0x88b59d79b6e1659c95a0043028e5bb7a26e6205c,1444.4921796019335,0.0,almost-never
2026-06-20 07:03:19,day,politics,60,0x3c8ac6a99d9c7a41860aec2ae7520c7aaa68b45a,1443.9720319640037,0.0,momom
2026-06-20 07:03:19,day,politics,61,0xb1291441c7c016e4f373418e00550949404f34bf,1407.7749575600028,0.0,BobbyAxelrod33
2026-06-20 07:03:19,day,politics,62,0xc65e8816443985b1148f03b8aea249fb96861502,1396.997706131002,0.0,Cadabra
2026-06-20 07:03:19,day,politics,63,0x25257a6a89dba93dd0c536b6279365632a4eb919,1385.8467902713019,661.86,Trading4Fridge
2026-06-20 07:03:19,day,politics,64,0xbacd00c9080a82ded56f504ee8810af732b0ab35,1349.0463793447707,5287.373167,ScottyNooo
2026-06-20 07:03:19,day,politics,65,0xe8ff0a56d848954b60e8e8ed99637e3c50ddc93b,1336.203733818009,0.0,BlindGibbon
2026-06-20 07:03:19,day,politics,66,0x5f176a980de5b25f89f17473e5e8adef565c519e,1332.8240491054858,0.0,cezarn132
2026-06-20 07:03:19,day,politics,67,0xe7387473b067235436884d16799777cf279edf65,1323.5778701755917,40513.97199199999,Huludubu
2026-06-20 07:03:19,day,politics,68,0xac4a1fabdac2438d6afa2a9e8e83845310a0bf1e,1270.8419885049807,63034.29429699999,HerrieDavis
2026-06-20 07:03:19,day,politics,69,0xa77105bb4d2d4d200b0133a2036222353831162d,1253.1639278063813,124486.31637600002,pizzabillgates
2026-06-20 07:03:19,day,politics,70,0x9604b357e8307b0ccc8eb5812725d2b112c6fc1d,1221.0847450144647,0.0,Batundi
2026-06-20 07:03:19,day,politics,71,0x0d15e2724df455f9e65b15104d21d76412a2c454,1196.7566221800225,0.0,e88888
2026-06-20 07:03:19,day,politics,72,0x8b4bca1d794779e66e023d44391b2a86c5ab541b,1172.9050091965182,0.0,0x8B4bcA1D794779E66e023D44391B2A86C5ab541B-1769764313952
2026-06-20 07:03:19,day,politics,73,0x5a218c7ad04135830a45c41aaed7294df7809318,1145.3769629608723,46181.211545,balthazar
2026-06-20 07:03:19,day,politics,74,0xb48ef6deecd526c0974c35e1f7b5c3bbd12fa144,1120.4819067680073,0.0,100x
2026-06-20 07:03:19,day,politics,75,0xa0f21e6d351baa9185716b5c00c2925ed9621848,1115.2679963210028,253.0,
2026-06-20 07:03:19,day,politics,76,0x5a7b3328e8756579bfd364ba92c5c589c7bae9eb,1110.6275447730077,0.0,notssf3
2026-06-20 07:03:19,day,politics,77,0x31c518f864d1394361fec967b3daa9093a86ede4,1094.6462096905234,0.0,BTCGambler247
2026-06-20 07:03:19,day,politics,78,0xfb5148fc7223630e0967dbfa8cd920d83ab4742d,1062.5027967878923,20926.114005,StudentMoney
2026-06-20 07:03:19,day,politics,79,0x811b9e81f7d36a2ccde94a837c3524882b667006,1018.6850959300027,0.0,truefish31
2026-06-20 07:03:19,day,politics,80,0xd16549d30e89329487178d4346e7d448af3df2b8,1007.5391552440014,0.0,0xD16549D30E89329487178D4346E7d448aF3df2b8-1769754237810
2026-06-20 07:03:19,day,politics,81,0xd2cb73053a9858deaf8cda1bf78d20307e95b9ea,999.9994000000006,0.0,DOF2
2026-06-20 07:03:19,day,politics,82,0x7c6ad2c1e9a6a86c663cb95cc328330576f20b8c,999.2862264739997,0.0,Imo7o
2026-06-20 07:03:19,day,politics,83,0x2b865705f71b8607efda1b2a25e3736812be2dc8,990.7051890970033,0.0,Inhabit
2026-06-20 07:03:19,day,politics,84,0x11fcbba836d927c5fe6e6a6a64c9c0461e33dc48,984.9718644600216,0.0,NeH
2026-06-20 07:03:19,day,politics,85,0xeface9902242b0399856f981600b907dcc9bc9a1,975.7421638175874,581.0,macrosteaks
2026-06-20 07:03:19,day,politics,86,0x53821614977237082ab6ece055657b9d0438f18f,972.0328490000102,0.0,VinceShelby
2026-06-20 07:03:19,day,politics,87,0xcf19c420814435ffb1c459588208ed23a7ee6402,956.0940830851468,9999.99875,PantheraUncia
2026-06-20 07:03:19,day,politics,88,0x410aa391edffa58af64517ec579af5def62b2643,950.7857110970508,0.0,afdafdafdafdafd
2026-06-20 07:03:19,day,politics,89,0xfd9c5550221aa5397ffb1ce647f35e5cf4bdf0c8,945.9087740000032,0.0,jdoe
2026-06-20 07:03:19,day,politics,90,0xcc2982e3fbbcaf9af9fa373fa3ae392fd9457774,942.7107986089977,0.0,hose
2026-06-20 07:03:19,day,politics,91,0x96f452cb979b24e4ad4af05338b7a34a60d7edc5,913.5069412410085,0.0,Nargili
2026-06-20 07:03:19,day,politics,92,0xa022ba0a68e11a78348382ff168601012d4d77f8,892.7616890070494,0.0,yungstalin
2026-06-20 07:03:19,day,politics,93,0x1b6022ae41ad7a0b387a88c17885c754436ca55b,869.047723484,0.0,Outsmarter
2026-06-20 07:03:19,day,politics,94,0x2b76c1d12cd928b1d95a6d2c7f1e6f6e7f14edef,844.426468010497,0.0,idfinsider0228
2026-06-20 07:03:19,day,politics,95,0x4483c26cdf27496cf32fb244972fca3f9ee5c565,835.0425579634903,0.0,emoney
2026-06-20 07:03:19,day,politics,96,0xf9efef8ec6235e547ae1ce1ff0de4347e68320eb,821.5669809199999,0.0,jeev
2026-06-20 07:03:19,day,politics,97,0x8b71010f8d18ccce16a37434778117ee2d6b8044,806.2949478919909,0.0,0x8b71010f8D18CccE16a37434778117EE2d6b8044-1735105889785
2026-06-20 07:03:19,day,politics,98,0x49b01bdf91b5388f9cb8d7bd0137151c60bd1279,790.18933864,0.0,Julztavera
2026-06-20 07:03:19,day,politics,99,0xd23f8c8aab13cfb2a35da40b67f8471faf9894a1,778.6845333054407,6314.232902,Corlys
2026-06-20 07:03:19,day,politics,100,0xd1e8ad4614a160553cd51122e6a1110b7c0b27b1,766.3617033416926,2380.0,0xd1e8ad4614a160553CD51122e6A1110B7c0B27b1-1781441401727
2026-06-20 07:03:19,day,sports,1,0xbc11a64ab34a03a043fbe80598fa065ee87eeec6,5822681.349464394,12983685.168995,frostrizz
2026-06-20 07:03:19,day,sports,2,0x9d36d18057ac9a61308b22128839e903bea30e68,2987918.208586897,5274152.026146001,supersob
2026-06-20 07:03:19,day,sports,3,0x4a86353a4c7d93f7a68fb802656a253824602220,1799982.8046249999,0.0,bourn22
2026-06-20 07:03:19,day,sports,4,0xee025250608e93a64ad1132fd5225bd15a04ce88,703948.6549862402,136.4,surftrader
2026-06-20 07:03:19,day,sports,5,0x4bff30af91642dc7d2b19a8664378fe55c45fc26,674336.7374733898,375575.59,Sassy-Bucket
2026-06-20 07:03:19,day,sports,6,0xcfb69f94b3764e75228515ad9d169570d5f906da,440964.4988924747,1158679.026299,athelstan
2026-06-20 07:03:19,day,sports,7,0x1c560b61a14bb030f2eceeda8f1da9074c3f0b1d,340323.52093,5.0,svoter
2026-06-20 07:03:19,day,sports,8,0x81da605d7dac06478367ed1bae0593b7791ca109,202097.457779455,0.0,gardenshed
2026-06-20 07:03:19,day,sports,9,0xf6660c12dc1333fc3b8a2bfd8b3759360d80656c,159912.81552000015,0.0,theguesser93
2026-06-20 07:03:19,day,sports,10,0x26437896ed9dfeb2f69765edcafe8fdceaab39ae,126015.27501178067,911702.390187,Latina
2026-06-20 07:03:19,day,sports,11,0x4be1fa92e6ceaf886aac0bbec3be6c527133aa70,121011.95777568594,949999.7691119999,0x4BE1fA92e6cEAF886aAc0bBEc3BE6C527133AA70-1768165898647
2026-06-20 07:03:19,day,sports,12,0xc430e5b17128df7ce78d69fa28bc7de038641ebf,118126.99062166689,301213.7625769999,Gourmet1
2026-06-20 07:03:19,day,sports,13,0x24c5de75e80cc148e631c24c406b8b1908ddc428,113731.90990467503,28978.890550000004,compcom
2026-06-20 07:03:19,day,sports,14,0x349606c1b77f3ba668879cbc9347f15a44cf8fc4,98504.71510231262,200989.422754,skk1ch
2026-06-20 07:03:19,day,sports,15,0x37e053beabee77acc15e641dfe8e395b2b2d024e,98259.90705164731,968596.9634510002,ChinesePro
2026-06-20 07:03:19,day,sports,16,0xe549581668a5751c1972d3ad2d1991d900bd2d54,92366.45303978652,113146.662443,Allezpapa
2026-06-20 07:03:19,day,sports,17,0x160db9bb5bf012f21251a74737093bcdc36f5295,85237.11121790425,292659.82446000003,JESUSCHRISTISGOD
2026-06-20 07:03:19,day,sports,18,0x6d20c35f65d9899b6d6b74f8466e824580f9a165,84683.27230832622,659999.929989,Djdjdjekekek
2026-06-20 07:03:19,day,sports,19,0xa8a53259e60402b0001953f49f66ccb47d35122b,83072.63263109958,325422.910991,Paracellus
2026-06-20 07:03:19,day,sports,20,0x088ba59031e4bac4cc7b344581e3d908258221cc,82393.9505690001,0.0,IQdegen
2026-06-20 07:03:19,day,sports,21,0x4d3079bd4c73bc0e8f7d9f64a9f64fadbd17a42d,73733.03861785494,0.0,gransaaa
2026-06-20 07:03:19,day,sports,22,0x2f0b53dc1536d840a36286710ac7ddf23eed58d5,72486.907299,0.0,TobiasJacob
2026-06-20 07:03:19,day,sports,23,0xb45a797faa52b0fd8adc56d30382022b7b12192c,69085.44438729878,196783.92329100007,bcda
2026-06-20 07:03:19,day,sports,24,0x5bdd63899629bcfa0375496df6fdc271c18dc4cb,68400.96460993495,0.0,tussss1881
2026-06-20 07:03:19,day,sports,25,0xa36fcb6947c4ac1f09ee894aa1fd0756b90e180b,61203.054005521175,112731.55181399999,Shori888
2026-06-20 07:03:19,day,sports,26,0x1d1ade627d0bb0205758580b20d808573e720df6,53039.99699999986,107999.4,Pwaddler
2026-06-20 07:03:19,day,sports,27,0x9cb990f1862568a63d8601efeebe0304225c32f2,52080.64467102615,81542.021756,jtwyslljy
2026-06-20 07:03:19,day,sports,28,0xc8075693f48668a264b9fa313b47f52712fcc12b,51517.55928370997,58099.097286,texaskid
2026-06-20 07:03:19,day,sports,29,0x65018f9fc473f6e920b8929a375d39c26a461220,45557.716614439516,84726.701062,cnyek
2026-06-20 07:03:19,day,sports,30,0x2dc13c6bda81b202281e796953a7323de675b33c,42829.046439070014,50632.91,xifutloong3
2026-06-20 07:03:19,day,sports,31,0x83255595ba1fadd2e734cb30a0fb8110301a19cc,42789.36717720324,295905.39565199986,Mind.The.Gap
2026-06-20 07:03:19,day,sports,32,0x34f62ce5beaf9b3b325726ec4b6c733df8534535,40098.53912010143,117525.711885,PatienceCapital
2026-06-20 07:03:19,day,sports,33,0x1136368d7f6728e94ed14c532ab95a932f710c2e,37817.60383642581,123149.67241999999,arlanta
2026-06-20 07:03:19,day,sports,34,0x1b47e9b128e6b671edebfb2cac23dd3efc40d814,36773.7402648502,538765.760326,sbsigner
2026-06-20 07:03:19,day,sports,35,0xac4773707daddd3792efed5a91f5ec7651a7d234,34950.557879259024,0.0,HBAFlover98
2026-06-20 07:03:19,day,sports,36,0xef1bfe068ea3eb4c357d95805baf1050fd528697,34797.71886091522,205711.90439699998,devilbanker
2026-06-20 07:03:19,day,sports,37,0x1fdcdc3979b43edee8fa4676726b4de131e33ad2,33972.1920689994,0.0,skullface791
2026-06-20 07:03:19,day,sports,38,0xa71093cafc0c099b4ccab24c3cb8018d817923c4,31769.81180146523,0.0,Talvez10
2026-06-20 07:03:19,day,sports,39,0x3b21433b0407e45d683cad1fcb6ba0a6b33ba230,30467.09199175,293999.990555,disquietude
2026-06-20 07:03:19,day,sports,40,0xd202bf6d89dc6bab1b9f00ead175f75466348973,28329.70247655979,39817.846245999994,meoooow
2026-06-20 07:03:19,day,sports,41,0x32ed517a571c01b6e9adecf61ba81ca48ff2f960,28274.619074493647,72838.44403700001,sportmaster777
2026-06-20 07:03:19,day,sports,42,0x9c3ce009c9b039956665cecc4cd14de862b5e8c9,27867.69203898224,0.0,anontrakcer
2026-06-20 07:03:19,day,sports,43,0x85bbb00a84f100a74ec6a479ce6f8f45b04c9ada,27711.148991290313,39241.108247,zezj
2026-06-20 07:03:19,day,sports,44,0x9703676286b93c2eca71ca96e8757104519a69c2,27316.82675138116,630714.333672,AnonymousUsername
2026-06-20 07:03:19,day,sports,45,0xcb58798bf0d0a63b85e28c397e041cafe3dd43c2,27217.067367389798,110068.639232,meisilin
2026-06-20 07:03:19,day,sports,46,0x36a74fda8204b1e1680b8512613b0b520f7eb6e9,25647.362500000003,48391.25,nerongod
2026-06-20 07:03:19,day,sports,47,0x7fe8a45a9d059e12eae2804f15401ac8e11106c9,24835.105700889995,0.0,0x7FE8A45a9D059e12EAe2804F15401AC8E11106c9-1781452450343
2026-06-20 07:03:19,day,sports,48,0xe9076a87c5ed90ef16e6fe6529c943baeca0cff6,24250.14569440682,3086673.5077560004,suntori
2026-06-20 07:03:19,day,sports,49,0x9770ca178764cdca1271934ad613ad7ab4a10ff5,23795.00112752498,0.0,Antojno66
2026-06-20 07:03:19,day,sports,50,0x94e4c271a84d72f9efc8326606cee80b6e7c87e0,22054.089679663986,0.0,todouzai
2026-06-20 07:03:19,day,sports,51,0x58776759ee5c70a915138706a1308add8bc5d894,21844.459233860252,67014.93,Donghui
2026-06-20 07:03:19,day,sports,52,0xf731ab9c4ffeb18d1d7f8596853d5b36ab62e013,20707.714776899993,181646.62,john928
2026-06-20 07:03:19,day,sports,53,0xf43842aca68209bd8bd3b4cfae00a32053769559,19870.305213511223,64333.984882000004,PendulumExchange
2026-06-20 07:03:19,day,sports,54,0xf751fbd76257ad498e02c1da257ac6e31df0fec8,19337.337651599984,407245.210795,0xF751fbD76257AD498e02C1dA257aC6E31DF0FeC8-1780152076667
2026-06-20 07:03:19,day,sports,55,0x9854aeab8b073c34ab7643f3e8aa316f3b616bf2,19202.086921287177,66999.985808,ygggg1
2026-06-20 07:03:19,day,sports,56,0x033f0346c007323030eb420305ffede19a95618e,18899.412227505818,167925.638065,TheVeryGoodCow
2026-06-20 07:03:19,day,sports,57,0x8bfee7aeca33003fe9d7398d5143dc7866542d74,17950.70801045891,348030.34392699995,tennischamp
2026-06-20 07:03:19,day,sports,58,0x99a75dee1487879c95b3d61c92e4493e2c63fc82,17780.91705422297,35670.67195999999,duckfriedrice
2026-06-20 07:03:19,day,sports,59,0xa697d0b3fff7d285a0f92d6ee03a7f97809e59d5,17279.248283642533,333056.92415099987,0xa697d0b3FFf7D285a0F92d6Ee03a7f97809E59d5-1774326306031
2026-06-20 07:03:19,day,sports,60,0xe9a6ed2e4d4ee8ce47cd47cac834746dc4cf627b,17045.224960632797,6666.666665,Onege
2026-06-20 07:03:19,day,sports,61,0x9106cf79b02f85d8f1e546802ed916648f44afcb,16784.722631714714,104534.547305,su281
2026-06-20 07:03:19,day,sports,62,0x28059b3fb7af7ed76d83dc9121bbb72ec7cf76ed,16553.952421443864,151922.335559,RISK-IS-NEVER-OK
2026-06-20 07:03:19,day,sports,63,0x53757615de1c42b83f893b79d4241a009dc2aeea,15517.87180912681,472597.055872,
2026-06-20 07:03:19,day,sports,64,0x3bae3f9d465e8963fbd4502e9f6898e57f74885a,15145.847530320001,39199.850402,not-gambling-addiction
2026-06-20 07:03:19,day,sports,65,0xccd81fbd3395dc43a0531f8484b21c2462daf4de,15076.384027270018,10000.0,0F62
2026-06-20 07:03:19,day,sports,66,0x7300833941f579802d58791eb1d0152c1b17e52c,14556.200253205367,29811.473604999996,PontiusPilate
2026-06-20 07:03:19,day,sports,67,0x5966db1fe50763c9e3c014d756369bad07e1f804,14000.000000000466,0.0,0x5966Db1fE50763C9e3C014d756369BAd07E1F804-1777648534241
2026-06-20 07:03:19,day,sports,68,0x62ca7dc910876e188a3418b47df31091c62c1760,13951.540601847308,66485.77554500001,0x62Ca7dc910876e188A3418B47df31091c62C1760-1769898657486
2026-06-20 07:03:19,day,sports,69,0x775d9de0c72c76a459fadfbb4cd79d5715236beb,13690.086720860025,141647.43,imake1mil
2026-06-20 07:03:19,day,sports,70,0xd1ed12197b7dc22dede923727e9b714024dbd7cb,13497.157610373106,185443.753799,curie
2026-06-20 07:03:19,day,sports,71,0x8fbb3c32496d4bcff8f456c3342f90edaaa09a17,13078.426241379988,26725.21,diooson
2026-06-20 07:03:19,day,sports,72,0x7b1036b62136cad4ac4b86668c3dcb9e84e2acab,12929.1850471,16362.742784999999,unknowngambler
2026-06-20 07:03:19,day,sports,73,0x0c4d080bd6820d208d058e1850a0a6440391a427,12903.400095994488,77713.973196,0x1670700a2A23d24Ae699fA523eBd90ADfa0d0B65-1768523373235
2026-06-20 07:03:19,day,sports,74,0x3cf6af76c4869d2ace41fe5263cd8057c5ec0cbd,12332.017969464658,37137.969459,chizidahu
2026-06-20 07:03:19,day,sports,75,0xe91171f655be1568e4c63f29663c0028649e3d4e,11990.08852536499,165588.19932699998,0xE91171f655bE1568e4c63f29663c0028649e3d4e-1765651946286
2026-06-20 07:03:19,day,sports,76,0x839e95471009f3ef9c50c755f2d8fe57f1b40d3c,11923.727105656508,0.0,Tanqiyuan
2026-06-20 07:03:19,day,sports,77,0xe405483ff60ab58ce973479d3317045549fec67e,11296.19047545502,9999.993332,NHLGuy
2026-06-20 07:03:19,day,sports,78,0x0f3433d8b7596000bf1046aa822308d93cf67684,11271.62946755041,33230.0,
2026-06-20 07:03:19,day,sports,79,0xe337f5a28e9c530a676c959a1888ba5368664ad6,11080.193534239097,212591.69513100001,0xE337F5A28E9C530a676C959A1888Ba5368664ad6-1779639269540
2026-06-20 07:03:19,day,sports,80,0x15096a93fb86ea8a782574536ce3bab88e6cca95,11058.223565535016,0.0,Mk756
2026-06-20 07:03:19,day,sports,81,0xa804390f80019699ab34a282c0df7528fba82a75,11000.8485364,81389.65,riverskew
2026-06-20 07:03:19,day,sports,82,0xa0c0b34875fd8b305231ceb0e7ef068d166f1bed,10936.473577710001,20634.855807000007,BLN030
2026-06-20 07:03:19,day,sports,83,0x44a1159b925c145e70f746bb3f0f58380553bd21,10910.419106515066,776679.044539,yupiiiiiiiii
2026-06-20 07:03:19,day,sports,84,0x780a7539200e74e882dde303952029bda21684f0,10780.118452069,113406.64887900001,0x780A7539200E74E882ddE303952029bDA21684F0-1779685038655
2026-06-20 07:03:19,day,sports,85,0x71200ff742dde7f1ada753d2e9b0a8b50c717c4e,10721.577040146425,47793.06774299999,BIAVN
2026-06-20 07:03:19,day,sports,86,0x408fe71e6b5401ecd6733970cb6f1a25e984b2f4,10605.863042023848,253341.23005100002,Winnerdinnerchickenjr
2026-06-20 07:03:19,day,sports,87,0x7d787c72c8317046fda90814a93c87fc192529a5,10352.08297048595,86546.96999700001,MD14
2026-06-20 07:03:19,day,sports,88,0x514b21c4c5ab559daee105aabffd25d827c05fa9,10272.720984166772,52067.501955,0x514b21C4c5aB559Daee105aAbFFd25d827c05FA9-1781700433896
2026-06-20 07:03:19,day,sports,89,0x437961a3b2684a4835da753e894d4b5cffdb2e16,10243.93391066101,32891.281166999994,NewTeamSosed4
2026-06-20 07:03:19,day,sports,90,0xc15b833b6991e5dbcaca029f7d0f951e5db238af,10103.418345294991,0.0,makinta
2026-06-20 07:03:19,day,sports,91,0x8ca54889af2f5f87be45a516923428249853fd56,9366.971187415198,40410.030199999994,suifeng666
2026-06-20 07:03:19,day,sports,92,0x1032edf6f7b41ce345e46d3580b4e61d382bc372,9328.4078792451,32535.095099,0x1032eDf6f7b41Ce345E46d3580b4e61d382BC372-1775265719141
2026-06-20 07:03:19,day,sports,93,0xa2fc0448a1dce9258ebb91b2f3abcddb98a0b1b4,9311.974002784105,49293.32000000001,jaijiajaijai
2026-06-20 07:03:19,day,sports,94,0xa80e584e189865e8289403bd96ed52d67e816aa1,9180.16365855698,58912.68525499999,allegiant123
2026-06-20 07:03:19,day,sports,95,0x22ed3d438a22d7f036dc35403b26ebab61ed002b,9089.484056643962,23281.783429000003,Pesssiii
2026-06-20 07:03:19,day,sports,96,0xf7f0b0b1e9c0fe02ccad926916ee31aef74b912c,9006.736496858299,54669.973171,wapol
2026-06-20 07:03:19,day,sports,97,0xf1528f12e645462c344799b62b1b421a6a4c64aa,8657.194250754197,359278.11293,phonesculptor
2026-06-20 07:03:19,day,sports,98,0xb3cfe7615d64db8dfa743a1b1a2b976911460ebd,8629.469924922843,64058.080346999996,omoi0i0
2026-06-20 07:03:19,day,sports,99,0xf1ef8705e9f63c790c6fffd6329aea7011718cd6,8350.080658214989,27232.546257,Outsid3rTrading
2026-06-20 07:03:19,day,sports,100,0xf658c7860763abde250bfe9793b10110430b655e,8183.367209394579,18241.384605,pinkboy
2026-06-20 07:03:19,day,crypto,1,0x6e0254bd74e592700ef62d70201b936038dbbfce,4729342.733277999,0.0,metsW
2026-06-20 07:03:19,day,crypto,2,0xad4afaf77149d47d79541b88c09ba54b5687ddb8,1780369.6689120685,0.0,bravenewboy
2026-06-20 07:03:19,day,crypto,3,0xfe4c06ca3530a78d362279ba02c6fc75791a3b6e,7837.535921496288,123208.31062799998,uiardugoakli
2026-06-20 07:03:19,day,crypto,4,0x06dc51826bc524d9a83770e7de9dd7e005b04524,7668.377832574653,195213.827142,0x06dc51826bc524d9a83770e7de9dd7e005b0452
2026-06-20 07:03:19,day,crypto,5,0xb88be1ba2c554d85d8c3d387ea438c6914d919d9,5578.080838361541,33795.369241,0xB88be1ba2C554D85d8C3d387eA438c6914d919D9-1781593206299
2026-06-20 07:03:19,day,crypto,6,0xc8d13d4622514285958ac378226027544a34223a,4755.589671999999,0.0,randomname3948282
2026-06-20 07:03:19,day,crypto,7,0xcc500cbcc8b7cf5bd21975ebbea34f21b5644c82,4227.828640020452,15613.508223,justdance
2026-06-20 07:03:19,day,crypto,8,0x565ca59275f81991bd9877d7fa8404c5ecf6519e,3315.3938457837503,7848.417036000001,bbwlover
2026-06-20 07:03:19,day,crypto,9,0x21e6459f2194dce197514ca6df760781904902f8,3003.330621999996,30112.493547,Blooner991
2026-06-20 07:03:19,day,crypto,10,0xfc241ca0251073cbaa966b2d72cde4a96ba74002,2856.6961179254236,5339.707475,Viqvo
2026-06-20 07:03:19,day,crypto,11,0xe66a771cffa92d41bf85853237fb290dce3c6cff,2454.3725643000107,5454.161254000001,gao2leng
2026-06-20 07:03:19,day,crypto,12,0x0fe40e887acbd0022f89d996acce26ab428501b7,2309.6729350667447,10444.484563,gobblewobble
2026-06-20 07:03:19,day,crypto,13,0x5177489099ad33a6f357ec70cb808189c6d193c9,2303.371375999999,0.0,Gintoki88
2026-06-20 07:03:19,day,crypto,14,0x324aed2a00c8f485f636b7d5916fcf44c9a53721,2272.1183778864897,0.0,superblueinc
2026-06-20 07:03:19,day,crypto,15,0x7e3471906a6a168f57a4a2ba7ed27206b1b34cc1,2126.4649129550053,0.0,Lecsoman
2026-06-20 07:03:19,day,crypto,16,0x80cd8310aa624521e9e1b2b53b568cafb0ef0273,2042.7815610063262,6003.291907999999,HaileyWelch
2026-06-20 07:03:19,day,crypto,17,0xe9c6312464b52aa3eff13d822b003282075995c9,2005.968737520394,29746.238454000006,kingofcoinflips
2026-06-20 07:03:19,day,crypto,18,0x0aefdd2365c50060a276cbd2832931d32355e9a1,2000.9314854999975,7951.074853,
2026-06-20 07:03:19,day,crypto,19,0x729b230434294eba3412a78003e6e29c6ea81b33,1989.72226836939,4346.598079,0x729B230434294eBa3412A78003E6E29C6Ea81B33-1781915134011
2026-06-20 07:03:19,day,crypto,20,0xf3ce251f9c4ae0f3940a9f32de5dd1a1d05b8bc6,1973.7207880001806,175077.89099999995,0xF3Ce251F9c4ae0f3940A9f32dE5Dd1A1d05B8Bc6-1778725794122
2026-06-20 07:03:19,day,crypto,21,0xa66c20d2dcc15cd2d14766a53295cea11406f291,1925.2416010300076,0.0,hahahahaa
2026-06-20 07:03:19,day,crypto,22,0x719efacc15aa473571cdfca021b5608747d0c5a9,1810.2727873313333,6853.882718,bbwlover1
2026-06-20 07:03:19,day,crypto,23,0xfcdc071df7080c214196bb0b3b751e5417f9d8e3,1806.2975354271475,65548.44532500001,neversmiling
2026-06-20 07:03:19,day,crypto,24,0xef104cc70851a4246e8e06790d7fad9708190b43,1756.390157720307,16393.234507999998,fiankee
2026-06-20 07:03:19,day,crypto,25,0x876407a068471a1edebdf6227b87ba5010fc6d8f,1719.3666540000086,0.0,palisade
2026-06-20 07:03:19,day,crypto,26,0x60b84c9f528f0da2217f2e37b73699f6315981e0,1687.7580102483807,5259.207532,jj8899666
2026-06-20 07:03:19,day,crypto,27,0xb5a5dca472a82c1b7770dc801d637b429032e3ca,1601.697477467717,15908.636956999999,
2026-06-20 07:03:19,day,crypto,28,0x91aab8d0ae5c7dde7d9ea7ca49aeb985e09819b8,1570.0047694058521,58089.678134,0x4tngfdi43gjdgvji
2026-06-20 07:03:19,day,crypto,29,0xd4f4923158e5e6616880f846010c135002faa781,1554.894005881497,0.0,GrandMaXx95
2026-06-20 07:03:19,day,crypto,30,0xee67f4f549180f564dd5910b1024b8c6729cef38,1481.1791153199956,0.0,keasiyo
2026-06-20 07:03:19,day,crypto,31,0x317f7aa34aed61ec52245a527bd340bcee86d56d,1474.4146482997091,15228.574038,0x317F7AA34aeD61ec52245a527Bd340BCee86D56d-1770203266028
2026-06-20 07:03:19,day,crypto,32,0xb305d384400e3d7a15780216a55368ea677eca4e,1438.821452667471,16014.352120999996,0x9c2d56b0e388cb559ba010bde4417d0960681
2026-06-20 07:03:19,day,crypto,33,0x575b2fba39882d7258273de79b0cd2b9ad1d8e6f,1379.990197860002,2999.9786910000003,0x575b2FbA39882D7258273De79B0Cd2B9ad1d8E6f-1776781945633
2026-06-20 07:03:19,day,crypto,34,0xa6657ab4eb9d92c8bbfb1d1d52ce7205e4ca01e3,1349.9538954925883,11702.649840999999,MikeAddon
2026-06-20 07:03:19,day,crypto,35,0x09c3cc358c072cfd57166f2aedd18a0e91a8df76,1331.2779040314708,52540.47745300001,maximumdepressed
2026-06-20 07:03:19,day,crypto,36,0xea6f1d57e66f62b9350299b3f87f8c66ec42dd06,1321.6288611926277,10032.317414000001,Kabas
2026-06-20 07:03:19,day,crypto,37,0x75fcfdc90a173071ac2010fa9c9842c582e30a4c,1307.4999587417478,15176.318959000002,AutomatedTrading
2026-06-20 07:03:19,day,crypto,38,0x83e3d0550af80ec687c73bcd55594fedf28e5652,1292.4060047605672,6977.078374,Aurora148
2026-06-20 07:03:19,day,crypto,39,0x1629505a8ae58b5ce86b8323a94d1704554ab0ec,1258.3410457767354,14513.626671999999,tarasnipesho
2026-06-20 07:03:19,day,crypto,40,0xbcf010b27f2a6f7c846306a32038f0cb376a9604,1245.9416567362541,27035.512668000003,0xBcF010b27F2a6F7C846306a32038F0cB376A9604-1780161927366
2026-06-20 07:03:19,day,crypto,41,0x28c6099db643ffc997a13d5b7e5519862008283c,1174.61203638,0.0,npllcs
2026-06-20 07:03:19,day,crypto,42,0x7e5d2991c2647de2348287e2f499329fc6a6c4c3,1161.4786981387879,33780.7676,aswfadq1555
2026-06-20 07:03:19,day,crypto,43,0xa979fccaca13f7470af233a73c4e479de57ce2d4,1155.742671999993,2183.785285,
2026-06-20 07:03:19,day,crypto,44,0x55be7aa03ecfbe37aa5460db791205f7ac9ddca3,1106.1802580978256,8306.711329999998,coinman2
2026-06-20 07:03:19,day,crypto,45,0x4c9497941333332d29f1c235dd23200f3623ffad,1080.0301700409545,26068.143175000005,
2026-06-20 07:03:19,day,crypto,46,0xed0c028ced932101ef3596c872da425afc8b7d5c,1066.9036395573517,22587.897180000004,Blackpanther3
2026-06-20 07:03:19,day,crypto,47,0x825a96fbae9189ea41bb2aa70e7572970f408835,1033.7322486900011,0.0,noman2026
2026-06-20 07:03:19,day,crypto,48,0xc7c75abc70905266c345ab7a8b9696411ab844b7,1017.4798629567211,6435.0131,7634584894
2026-06-20 07:03:19,day,crypto,49,0xc4b10add55ece98d6f7d6a5005e4dafd3bf2d21f,991.529511700488,39900.092790999995,DM822
2026-06-20 07:03:19,day,crypto,50,0x3375550a4d4c4b68d5b2de7fe9d02a352455a69c,963.9680626153586,11354.91192,bitcoinlight
2026-06-20 07:03:19,day,crypto,51,0xe0d3373dd8ab8b3b508239d126771b6eebf513d7,953.0487729449997,0.0,dtdctr
2026-06-20 07:03:19,day,crypto,52,0xaa642c56ace840351a12bf19ab9a57507a510c69,948.73255023887,4456.936780999999,0xaA642C56AcE840351A12bF19aB9a57507A510c69-1781923749025
2026-06-20 07:03:19,day,crypto,53,0xea5b9e200dd4bb618cb1cb185c67f535167440ca,935.2970770931711,15476.997419000003,iandidigone
2026-06-20 07:03:19,day,crypto,54,0x6347e754b37220b9e519d686e15cad3129b24390,934.6097602354384,23001.748331000003,0x6347E754b37220B9e519D686e15cAd3129B24390-1780621508551
2026-06-20 07:03:19,day,crypto,55,0x3143fc741b4491c742e5a683ad964bf881f95c17,933.3816577909656,5320.827534,0x3143fC741b4491c742E5a683ad964BF881F95c17-1770775206837
2026-06-20 07:03:19,day,crypto,56,0xa7011667f22c121c6cea7aab30192307c58c47cd,902.8118410000025,0.0,BadTattoo
2026-06-20 07:03:19,day,crypto,57,0x7eb89b08c2e85fca25bc824bf46f7871324f902a,900.8497264000052,0.0,0x7eB89b08c2E85FcA25bC824bF46f7871324F902a-1766332861253
2026-06-20 07:03:19,day,crypto,58,0x5f376822451bd49a69b8a62e6c716d1118d238ff,885.0916499800005,0.0,norbeszbete1
2026-06-20 07:03:19,day,crypto,59,0x1ac44a2d1cd702284d16cace2a4e3f999e53be85,883.2914480000018,5948.479522,lost2223
2026-06-20 07:03:19,day,crypto,60,0xfe9455e2cad5257b26547af62cbbfd75c8968a3d,839.5323326989992,0.0,lovedudley
2026-06-20 07:03:19,day,crypto,61,0x07ee1c1794d2fa946fca61e6858bf6d8d68d6d5a,838.4684264061307,1976.883081,btc15m
2026-06-20 07:03:19,day,crypto,62,0x9d57c42e847173d06841703825d3fe2299e456ea,835.5918527949107,54614.180798,Polkadot-Frog
2026-06-20 07:03:19,day,crypto,63,0xb0f7ab1a8d9f10f24bc797fba6a380273f5251c6,812.5885766639894,3938.8162139999995,SeptimusWarrenSmith
2026-06-20 07:03:19,day,crypto,64,0x4de883380632ffff2dd68116ac89cee5c1e776ba,804.0224215886901,86449.479882,luficdm
2026-06-20 07:03:19,day,crypto,65,0x2fc26fa727e3fa7aa5011564ac5f55599826cfce,803.4502710669622,15364.31383,8xdsag32d45gd
2026-06-20 07:03:19,day,crypto,66,0x1465b79bff7992bc703e1aafb3683b1089647072,799.4266564999707,0.0,JnStTrdrBnusFnd
2026-06-20 07:03:19,day,crypto,67,0xe7387473b067235436884d16799777cf279edf65,797.4801478615009,0.0,Huludubu
2026-06-20 07:03:19,day,crypto,68,0xe055d214540ba6fde3c5c18adb7fed9c02630628,795.3409795443149,28973.294915,AgropescaJacare
2026-06-20 07:03:19,day,crypto,69,0x7f1d2e22138b04a58a4fb02f934fde2fefa1fbe2,793.2626802230334,17616.700931,dfy43
2026-06-20 07:03:19,day,crypto,70,0xe3eeb127d5763a6e4ad597f773f9d259c94d5176,758.598146379667,112865.54217399997,0xe3EeB127d5763a6E4aD597f773F9d259C94d5176-1780742904507
2026-06-20 07:03:19,day,crypto,71,0x983848691c445a1e235c1e49a69c49d8c4d3bcfe,756.5062369335496,5417.716444,alskdjhfg
2026-06-20 07:03:19,day,crypto,72,0xb55fa1296e6ec55d0ce53d93b9237389f11764d4,748.8902534369263,78137.64280900001,0xb55fa1296E6ec55D0cE53d93B9237389f11764d4-1777575277609
2026-06-20 07:03:19,day,crypto,73,0x654d9b39821bfe254e77aa2ccb0b04c0f1caba8f,748.2601840974376,3266.677952,LuiaLeQuartier987
2026-06-20 07:03:19,day,crypto,74,0xc97b0b2a2547bb3ed57167092ef8a6e816c347e5,740.0321602625418,21164.506046000002,0xC97b0b2A2547bB3eD57167092EF8a6e816C347E5-1770003388001
2026-06-20 07:03:19,day,crypto,75,0x26dfec851889b6f55fe57c4b9ceadf39e4a0bc19,733.7780264475514,1537.082051,kelite0909
2026-06-20 07:03:19,day,crypto,76,0x5371f1b6954e31c502064614649cea3568cb76eb,718.4641668326803,399.252312,oegdatam
2026-06-20 07:03:19,day,crypto,77,0xc14f72d9da8fb20951538c1173d251fccdfa3add,718.2227086325001,0.0,0xC14f72D9da8FB20951538c1173d251FccdFa3ADD-1763040670937
2026-06-20 07:03:19,day,crypto,78,0xfa035b99103ea66d122f8fa2541ec16a61908916,700.5537835550003,0.0,gabimaru0
2026-06-20 07:03:19,day,crypto,79,0x189a7f2033fa3cd746aec4a5ca5019507e6b05e3,698.3895674233538,9894.210953999998,jhrjdhser
2026-06-20 07:03:19,day,crypto,80,0xab828a2bcb4a5a93a94cdeedf3cb70b6211babe5,693.7041584949984,0.0,Lk1101x
2026-06-20 07:03:19,day,crypto,81,0x55e2436d747835c7e40b0c6cf92f632bf1215fc9,688.6924000000072,0.0,Rhabarberbarbarbar
2026-06-20 07:03:19,day,crypto,82,0x0484e64092ba4108c2786b61e6fc052d3bf41b1a,687.0193878800783,76139.9,DoggyStyIe
2026-06-20 07:03:19,day,crypto,83,0x5c4600b33a02adf80dd07d6853f0c59e8d9e753d,675.1070110826113,57289.95709899999,NihiIism
2026-06-20 07:03:19,day,crypto,84,0x4228048ea2f8f571ff2777cc32baee584c5134cb,667.6131047697418,12979.619136999998,trinity42
2026-06-20 07:03:19,day,crypto,85,0xd541994b350cdc836fb383e5d39a50bc1fede026,657.9204360614972,5008.376185000001,Jkim123
2026-06-20 07:03:19,day,crypto,86,0x2a9c77ed09d86c2ad2ced0a60c8b5b2a23acc8cf,644.9859386999997,64393.3,0x2a9c77ED09d86C2AD2CeD0a60c8b5b2A23ACc8Cf-1774329787224
2026-06-20 07:03:19,day,crypto,87,0x912a58103662ebe2e30328a305bc33131eca0f92,634.791126991302,5274.0085739999995,ratue
2026-06-20 07:03:19,day,crypto,88,0xb47adfafc08e77ec77b03a6d1496066675ae6d60,624.7107158049985,0.0,0xfree-money
2026-06-20 07:03:19,day,crypto,89,0xac9b386454ed02ef205e0ebd189d8864fd02d4c5,610.4856474199332,0.0,tryingmyluckhere
2026-06-20 07:03:19,day,crypto,90,0x5c325e8c343c5bf466cd68aa405ffff45f112dd8,599.9149450822556,8479.814332,0x5c325e8c343c5bf46
2026-06-20 07:03:19,day,crypto,91,0xbf19bf20ae52179ddfb5345ad275aa6123af8480,599.0664882514666,10618.421039,meiyoumoney
2026-06-20 07:03:19,day,crypto,92,0x0eafa5f60abf7f08d72aae711af474d48ff41f76,598.7604050458115,4610.437125999999,CLIOCOFFEE
2026-06-20 07:03:19,day,crypto,93,0x081e14554b92ee3dc53a21bd5b01f306692ef76e,596.5089823766157,2970.320436,RebornAthena
2026-06-20 07:03:19,day,crypto,94,0xb0c078c893300f44d341f4e854d8964b47dce88f,581.1858344396824,5198.790823,Bossgirl
2026-06-20 07:03:19,day,crypto,95,0xea13c3bb827cad9ab7a26a29a22eff09fdc67bc1,578.6621519239088,7490.842777000001,Iplaychart
2026-06-20 07:03:19,day,crypto,96,0x1cd24cc49782240413903b4b7e7694779f917f85,578.4860864214934,0.0,bitterfish
2026-06-20 07:03:19,day,crypto,97,0xd9556ae311024ed35662c61b34f4aac20d76fb9f,570.5255154444407,11083.560694,pienri
2026-06-20 07:03:19,day,crypto,98,0x7b20fc36b13a3cdf0a1eb0402dc82a517c502cbf,568.1332086504572,10526.169022,Getrektagain
2026-06-20 07:03:19,day,crypto,99,0x177bf230515abcdff9a855490d600ac9ca36cb59,558.3124754570672,1914.3654789999998,0x177bF230515AbcdFf9A855490D600ac9ca36CB59-1766690926902
2026-06-20 07:03:19,day,crypto,100,0x52dce85211943d3ff4b61492d652d825efc46617,553.3622589999993,4736.0,btcllllmmmlll
2026-06-20 07:03:19,day,finance,1,0x0130afd6f3efddf1c3e16e01217b172dd9befb49,1027783.8330522866,50.0,123987456
2026-06-20 07:03:19,day,finance,2,0x715d8f4b01a797bb0fbf92a5c0b78c5d97377b6d,34674.653478,0.0,47842366
2026-06-20 07:03:19,day,finance,3,0xce296aaf92ecc022cc6608a54c622bb1c445b71b,7463.550126000002,0.0,GoldenCoins
2026-06-20 07:03:19,day,finance,4,0x53c48faa2373f597b693567f79c3782c6ce7740b,6580.750252564989,0.0,uma003
2026-06-20 07:03:19,day,finance,5,0xcbab47f889ffffbb603f600a5feeb0eca0cc9a8a,2185.6502605119895,0.0,ameameameameame
2026-06-20 07:03:19,day,finance,6,0x134b1d01718befadff282b06be73f40c5860fd51,2035.791755993996,0.0,pnhoptions
2026-06-20 07:03:19,day,finance,7,0x5e84743ad0515699b7adf2588de4c3032d538e88,1852.3579230234955,0.0,Cbb.
2026-06-20 07:03:19,day,finance,8,0x1a29b75d4bfb5d62b343e4abdd10b60c0ce19b2e,1653.7531999999774,0.0,Casablanca10
2026-06-20 07:03:19,day,finance,9,0x701488c648ca157ce051b6d2a0e76f707789d7e9,1226.1504646299968,0.0,0x701488C648CA157Ce051B6D2a0e76F707789d7e9-1781221266197
2026-06-20 07:03:19,day,finance,10,0x993c072519306017fe9a6b3ee6fa4a02b3056787,1068.0925900250077,628.91,Jep-G
2026-06-20 07:03:19,day,finance,11,0xb47adfafc08e77ec77b03a6d1496066675ae6d60,1058.2720769447114,280.59666500000003,0xfree-money
2026-06-20 07:03:19,day,finance,12,0xf28c7b2efa875580a79f8c8810deff374f51cdf8,951.1916076979996,0.0,0xF28C7B2efA875580A79F8C8810DEFf374f51Cdf8-1774419743181
2026-06-20 07:03:19,day,finance,13,0x969fae0a3a93778adc42178f72c612ed8c4e4d55,718.0580770525557,0.0,superstonksbro
2026-06-20 07:03:19,day,finance,14,0x44c1dfe43260c94ed4f1d00de2e1f80fb113ebc1,700.0871725917059,407.309527,aenews2
2026-06-20 07:03:19,day,finance,15,0x27b0dceebc77ebc59573b818144743b9f1a2209b,689.9999849924934,0.0,yuahldj
2026-06-20 07:03:19,day,finance,16,0x77c812f7735ad07e3ce58fd466a0e1b4346bbc8c,665.7139504810002,0.0,dudukos
2026-06-20 07:03:19,day,finance,17,0x49f206f4fb2210a28af4795e4e0b6532cf0bd7b4,624.7698520400004,0.0,RisottoPasta
2026-06-20 07:03:19,day,finance,18,0xab93dd191ea4de7dacc4b25731837c39ea5eb17d,591.6309750000073,0.0,Tang-to-A10
2026-06-20 07:03:19,day,finance,19,0x01e6b6abe34f419da17b91a2aac48109cffc9dfe,513.7405399999998,0.0,TeamGnosis
2026-06-20 07:03:19,day,finance,20,0xc28f8fc265651d74fd4c5180f91a54d19865ffed,513.2158999999956,0.0,dsdfsfds
2026-06-20 07:03:19,day,finance,21,0x64d9c4c9994321dc660efe7ddbf457c49f7846e6,498.6231041365045,0.0,Pokemon001
2026-06-20 07:03:19,day,finance,22,0x49df1422e482a905927cbe92539e8e2c0bc796b7,471.9733662000001,0.0,tumoxapro
2026-06-20 07:03:19,day,finance,23,0x1b5655739e33491a3d831bcb51e2c74e0501715e,420.0005727399997,0.0,95de
2026-06-20 07:03:19,day,finance,24,0x3a8aa345d5db7ec5138298c8c4f4540259be7699,406.06655640899953,0.0,TheReturnOfDarthMaul
2026-06-20 07:03:19,day,finance,25,0x997d42dd7a52a44936ff69f087368e48facedecf,399.3155498399997,0.0,rodger
2026-06-20 07:03:19,day,finance,26,0xc8ab97a9089a9ff7e6ef0688e6e591a066946418,389.072107758082,7404.876841000001,ArmageddonRewardsBilly
2026-06-20 07:03:19,day,finance,27,0xa0dd0519b051ee920637e26147b7676fed591b9b,377.89675415549937,0.0,Sixsevensix
2026-06-20 07:03:19,day,finance,28,0x5a218c7ad04135830a45c41aaed7294df7809318,367.3553524486124,12898.673194,balthazar
2026-06-20 07:03:19,day,finance,29,0x03805a13a0b3e058f55f6c6af95389d4f431073d,309.874830111512,6892.911985,donthackme
2026-06-20 07:03:19,day,finance,30,0xbef037910e0410c572bd8bcc97724691370e86ef,300.80879180500006,0.0,ci4ga
2026-06-20 07:03:19,day,finance,31,0xe25b9180f5687aa85bd94ee309bb72a464320f1b,299.9999999999982,0.0,WordleAddict
2026-06-20 07:03:19,day,finance,32,0xdf17f4a8dd01a4cfa6fc3da323a2baee5f8697d1,294.72944907000056,0.0,PatrocIus
2026-06-20 07:03:19,day,finance,33,0x8e601794f3bfa17f429ae78987345104d65e908b,292.49649,0.0,exhibit-axis
2026-06-20 07:03:19,day,finance,34,0xb187a6fae3d0b60108f13006359dded4d15944a9,288.895140122002,0.0,Cptrade
2026-06-20 07:03:19,day,finance,35,0xf4677fde7b20f3ac4f573355678de3a0f610935f,285.54171984661116,109.17999999999999,wntsang41
2026-06-20 07:03:19,day,finance,36,0xac4a1fabdac2438d6afa2a9e8e83845310a0bf1e,266.5056248689925,5198.847616,HerrieDavis
2026-06-20 07:03:19,day,finance,37,0x095dcfb123a4bc035ee6b0d624bab0cc964352cf,259.24940611070633,233.903332,Contrarian - 7451
2026-06-20 07:03:19,day,finance,38,0x4fece7abd73233d26f77a36343a79810fcdac461,244.44800000000004,0.0,stoveHybrid
2026-06-20 07:03:19,day,finance,39,0x3c918a8ef8c379304f744592120cbb4d76149af7,240.0,0.0,Vilgefortz
2026-06-20 07:03:19,day,finance,40,0x963137a0ba0b02ebf6f37710023cc1b0303289a1,232.93667049299984,0.0,0x963137a0BA0B02EBf6F37710023Cc1B0303289A1-1764031525036
2026-06-20 07:03:19,day,finance,41,0xa80e3fe5e7a445fa047fe6de1e27f9a15217b94b,228.69215396000072,0.0,bin8888
2026-06-20 07:03:19,day,finance,42,0xf95e54bbc2fd23a2907da6d6d6de179a5e9aec50,225.1482232365001,600.0,avengers2357avengers
2026-06-20 07:03:19,day,finance,43,0x50666060a3f173a344ae69ce2aad9b2161443a82,217.49739,0.0,near07
2026-06-20 07:03:19,day,finance,44,0x2e86b15eb0822a0eb663a22d0b706d7e9b9e1f72,216.99783000000002,0.0,meadow46
2026-06-20 07:03:19,day,finance,45,0x85d575c99b977e9e39543747c859c83b727aaece,211.82476425450295,0.0,warlasfutpro
2026-06-20 07:03:19,day,finance,46,0xc95539ac5c7b982484f42baeb0ff86dbf2f8b1e9,211.48277553399976,0.0,alex2945545
2026-06-20 07:03:19,day,finance,47,0x46992d0e547e3822a9c28723f51bfa804ae4e03c,208.95000000000073,0.0,anon.1980.123
2026-06-20 07:03:19,day,finance,48,0x7626706516ec781102a7c1caf9277050339815ee,205.0,0.0,lazy028
2026-06-20 07:03:19,day,finance,49,0xa61ef8773ec2e821962306ca87d4b57e39ff0abd,195.76944066200122,0.0,risk-manager
2026-06-20 07:03:19,day,finance,50,0x5e95f035139464c4596ab7c3d97f17a43f00d59e,189.5,0.0,matrix-shed-identify
2026-06-20 07:03:19,day,finance,51,0xb1ca909e848cc24ec4e220ce1c453bc290c51705,184.48841172999892,0.0,NonceChaser
2026-06-20 07:03:19,day,finance,52,0x902da7d45c7183955062a578d2b8ec27f3c6f3ab,184.24934999999823,0.0,JunA11
2026-06-20 07:03:19,day,finance,53,0x40604cb1f958c03bea0b18aa43e4cb0d62f33ec3,174.33866028001648,0.0,C03B
2026-06-20 07:03:19,day,finance,54,0x724861ef0564ca04a923cee0525b30b510c48cb4,173.12198442499997,0.0,marketside
2026-06-20 07:03:19,day,finance,55,0x95074f700f93bdf6e62fc965e0832064c0877b04,172.43685992399696,69.8,95074f700f93bdf6e62fc965e0832064c0877b04
2026-06-20 07:03:19,day,finance,56,0x3b7ed1242417f4b8f6992b5dd53aa9415a2c23eb,171.97997279500214,1113.048935,phdcapital
2026-06-20 07:03:19,day,finance,57,0x7a4d01b777813a2555078972096ba5b8fe46546a,171.28752978500052,0.0,Kerigan
2026-06-20 07:03:19,day,finance,58,0x4fff3c11a5d9b77822e01792f933cdb28557be78,161.77078714900028,0.0,turtle123
2026-06-20 07:03:19,day,finance,59,0x5a45565906b8478fe456a0d313ce8839b3e7f628,156.75575117140306,1722.1100000000001,FFIE.
2026-06-20 07:03:19,day,finance,60,0xcd71fd5370880f3d92bb941e628c05840fe0d127,155.055553920065,30.43,Kevindoto
2026-06-20 07:03:19,day,finance,61,0xce305d7fc93e0e1f2271e55b5f03e63748b63760,152.49129052600006,545.7315000000001,before2027
2026-06-20 07:03:19,day,finance,62,0x70d94a4ff67ed919a8480885cf0808afefe7a684,151.33541664779477,3592.8741930000006,naiiiiii
2026-06-20 07:03:19,day,finance,63,0xa45cdb0a5ba4629b5c7860dc3f310978a4dd1d10,149.6478133599885,0.0,lnkybtc
2026-06-20 07:03:19,day,finance,64,0xc3cd1d612bbf9fbf80da5a9bff0b0470cb46816c,148.74467835898304,327.803247,UbuntuTrading
2026-06-20 07:03:19,day,finance,65,0xb619ed5b378053f8309c307d2f7adf9c13665068,142.80719164500078,0.0,tnl
2026-06-20 07:03:19,day,finance,66,0x7f9e2d1df78614564a70becc7fa14aa9a6623a0e,141.16050022549462,0.0,nojnn
2026-06-20 07:03:19,day,finance,67,0xfb6a8a846ca59eec18f3c26479acbfe357667caf,140.15000000000003,0.0,yanlaoshi
2026-06-20 07:03:19,day,finance,68,0x9c9ad74b04c7de5bf3030754e5b1cec7ad02553b,139.41404843699888,0.0,IN.PM
2026-06-20 07:03:19,day,finance,69,0xc28d883de465dc464d267e639ac81822be971773,135.86427075999984,0.0,0xc28D883DE465dc464D267E639Ac81822bE971773-1771886294068
2026-06-20 07:03:19,day,finance,70,0xd06f0f7719df1b3b75b607923536b3250825d4a6,135.54600200749337,129.0,commeowder
2026-06-20 07:03:19,day,finance,71,0xc278143b0a9a06d236936bc742e516de13472d19,135.35248133999926,0.0,ethhte
2026-06-20 07:03:19,day,finance,72,0xbe0e2ccaba04e1cff6328df819aba5648578d429,130.9409497899985,305.3537,hesure
2026-06-20 07:03:19,day,finance,73,0xfa323e40632edca701abc6c8cf1f82175909bd9a,126.25592499999948,0.0,FridayNight
2026-06-20 07:03:19,day,finance,74,0xbfb3b7bd96f923fc22ecc8fb416d4dc5d3b24b43,126.06462845900751,0.0,borchi
2026-06-20 07:03:19,day,finance,75,0x511f9c771449162349795d17becf8b37031acbe1,123.31266083760056,12308.004377,Bigggggggg
2026-06-20 07:03:19,day,finance,76,0xf0d5eb1cbe7350f1f896ade6c172e6700414c665,122.78494041999784,2578.84,yen4u
2026-06-20 07:03:19,day,finance,77,0xd23f8c8aab13cfb2a35da40b67f8471faf9894a1,121.39575789650189,1824.0,Corlys
2026-06-20 07:03:19,day,finance,78,0x30f91b6df5a62ab2e504045e25fd449a23affbfc,120.78897521269027,179.41,taerv534
2026-06-20 07:03:19,day,finance,79,0x816c5d0b262060e487b0f31569e6e21226c47707,119.83124292000002,0.0,Hehcktp
2026-06-20 07:03:19,day,finance,80,0x8a3507dc85bda29be7439260897dad8dcd08904a,116.14110000000073,0.0,Grandioso
2026-06-20 07:03:19,day,finance,81,0x4157f19818da67fdc9c031384ca0332a42265474,113.07772076,0.0,YJiICTUsGi
2026-06-20 07:03:19,day,finance,82,0xd311888b744cbc083a62c08df849690cd16561b4,112.71519477981963,23969.506,0xEF5ceb6a31137E59E88caBFdf26368F973A47BAD-1777090256427
2026-06-20 07:03:19,day,finance,83,0x1f85e6e3e41e5f1fe03f6cf22a52ae4e352ea51b,112.33280886200009,0.0,VibeyQuant
2026-06-20 07:03:19,day,finance,84,0x1d8c256b15d3cd1f5db221e70c77f552eb8d757a,111.68907166995996,550.0,Hourglass
2026-06-20 07:03:19,day,finance,85,0x882a5afa5cc685a5908dad6bc7c7ee600035f2b3,111.62757349999993,0.0,waveNemo
2026-06-20 07:03:19,day,finance,86,0x299cb40195d270438f8950902f242d796457d85e,110.65288500000042,0.0,polopilo
2026-06-20 07:03:19,day,finance,87,0xaa261c34d359ee7128c705a46647dce7a09c46a8,110.46200600999987,0.0,0xAA261C34d359Ee7128C705a46647dcE7A09c46a8-1781766168725
2026-06-20 07:03:19,day,finance,88,0x5f45b60c29d6e4d55c0bfd8ddd39ad45c5e0a77a,109.34359965501062,0.0,0x5F45b60C29d6e4D55c0bFd8dDD39ad45C5e0a77A-1761473032186
2026-06-20 07:03:19,day,finance,89,0x090f32e2104b1bd680efce03ecfc56097a6531ac,108.21073163999995,0.0,saikyo666
2026-06-20 07:03:19,day,finance,90,0x57c02fb1189621fe9c0dbd97c7066920eeb260c5,108.06325951000008,0.0,0xhanxyz
2026-06-20 07:03:19,day,finance,91,0x6765c1c000e3b99c7fffea752c561cb868f1fa0d,106.54598136450295,0.0,JanAMEX
2026-06-20 07:03:19,day,finance,92,0xc5187cb669690150643ba2f9aac6b7d98d212594,103.40030263964036,2417.944517,mustbethewater
2026-06-20 07:03:19,day,finance,93,0x588b9dab66658fd6ce7765204b0ddc4d7a2e5635,102.95949999999993,0.0,realizedlosses
2026-06-20 07:03:19,day,finance,94,0x79f244fab4c796670330aafdb46be99df24518ff,101.87322588150028,0.0,pcca
2026-06-20 07:03:19,day,finance,95,0x1421839bbf48a05a2eca04dd08938649f5b69e62,101.44210132499984,0.0,NiceFalcons
2026-06-20 07:03:19,day,finance,96,0x0f863d92dd2b960e3eb6a23a35fd92a91981404e,100.00000000000045,0.0,Qualitative
2026-06-20 07:03:19,day,finance,97,0x8e77537e059837d3c2ca5b4efe75e74e9498c4f3,100.0,0.0,dwpoker
2026-06-20 07:03:19,day,finance,98,0x18258793b36e52903a15e4b059f10f2430e6a678,98.48832000000004,0.0,0x18258793b36E52903A15e4B059f10F2430e6a678-1772083426090
2026-06-20 07:03:19,day,finance,99,0x8278bd2ba325b2c569057f0ab64747c255a922a1,95.6795184800001,0.0,Amrilyo
2026-06-20 07:03:19,day,finance,100,0x1cd24cc49782240413903b4b7e7694779f917f85,95.49356209550024,0.0,bitterfish
2026-06-20 07:03:19,day,culture,1,0x0130afd6f3efddf1c3e16e01217b172dd9befb49,43314341.2127121,2577.5756499999998,123987456
2026-06-20 07:03:19,day,culture,2,0xc82f0a25aad828f59347670e63ead5ea144466a7,204624.77808508617,0.0,bobbityy101
2026-06-20 07:03:19,day,culture,3,0x3054009d57aa14754b3ad20e3d9b794c1e329837,95899.91,0.0,alysson-ipsum
2026-06-20 07:03:19,day,culture,4,0x7f2cf8d7491c729e718d42ff9b4a6f00ce9a48e4,88066.331143,0.0,RidelElonMM
2026-06-20 07:03:19,day,culture,5,0xdf51f4dba5ee71f0bbc979d1ae8d4e67eeb91210,66998.1,0.0,BigBetsBonanza
2026-06-20 07:03:19,day,culture,6,0xcf7ffd429a16cc1e23b610704318ff8496f1b788,50004.08772300001,0.0,rebeka-quia426
2026-06-20 07:03:19,day,culture,7,0x1a6df901e63422055a1658b0ef2b2a871507cf4a,35004.53343830249,0.0,Heisenberg123
2026-06-20 07:03:19,day,culture,8,0x2f0b53dc1536d840a36286710ac7ddf23eed58d5,16459.968529,0.0,TobiasJacob
2026-06-20 07:03:19,day,culture,9,0xbb63fb6842f844b6925a5160afb50186b1bf3d44,14964.80599699999,0.0,kulikuss
2026-06-20 07:03:19,day,culture,10,0xa61ef8773ec2e821962306ca87d4b57e39ff0abd,8717.372323340005,6.94,risk-manager
2026-06-20 07:03:19,day,culture,11,0xecaa8806a9a05049d7d5260a33dc924220e377a9,6819.63517399499,1059.8600000000001,Melody626
2026-06-20 07:03:19,day,culture,12,0xc8d13d4622514285958ac378226027544a34223a,5809.723082999999,0.0,randomname3948282
2026-06-20 07:03:19,day,culture,13,0x02b4401ae7ead14477e944f79e9db07ce9ab7092,4994.079980560007,28159.96,alohaa
2026-06-20 07:03:19,day,culture,14,0x05e172b931e5a210423e896e6bc280d082034c1e,3984.299943000001,0.0,GodofGamblers69
2026-06-20 07:03:19,day,culture,15,0x7056f248c5098cce2fb0a062cdd2ab0f8318c95c,3555.2940100580013,7.0,TheYobama
2026-06-20 07:03:19,day,culture,16,0x955c9661bf6e010beff0ba896a49f715a8c8990f,2198.8677947350516,8403.866663,
2026-06-20 07:03:19,day,culture,17,0x5a218c7ad04135830a45c41aaed7294df7809318,2038.1197520646747,5453.711187,balthazar
2026-06-20 07:03:19,day,culture,18,0x5095e97281f28d4d8549fd3834802c24cbb793ee,1719.0151848565001,0.0,0x5095e97281f28d4d8549fd3834802c24cbb793e
2026-06-20 07:03:19,day,culture,19,0xf7bbfd4588f578697c0051e855d5d1a8838ba9f7,1609.1156453400013,0.0,PiMaak
2026-06-20 07:03:19,day,culture,20,0xc6c3851242b00663976948697149967832701ab9,1391.1077440000263,0.0,adpo
2026-06-20 07:03:19,day,culture,21,0x5345425f18a5597b710afca8f74a0b0fd8db0ff4,1110.8130000000006,0.0,EddoThePedo
2026-06-20 07:03:19,day,culture,22,0xdc8c6b22430f8a97e3ecc137c216515922c7dbef,687.9262200000021,0.0,Maxnofrio
2026-06-20 07:03:19,day,culture,23,0xa82dde05ef97770d39184b8c6355dae79e8df5c0,672.443931,0.0,Private.ma.rket.sc.am
2026-06-20 07:03:19,day,culture,24,0x04a2a7075963c86990e246e73e50f8023b79e16c,655.3504466574195,1399.4218050000002,gordontradedc
2026-06-20 07:03:19,day,culture,25,0xa3282d3e882501229c75d0caf134e62e3afb4977,588.1389285317398,3379.5103740000004,korda77
2026-06-20 07:03:19,day,culture,26,0x9199ba070c49a78d7b1eb029b5c03d0b2972dd2d,523.4992149999816,757.0,0x9199Ba070C49A78d7b1EB029B5c03
2026-06-20 07:03:19,day,culture,27,0x8bcd35d1e63a6e624a803e88256b0f2d90c628a1,501.6422535299994,0.0,0x8bCD35D1E63a6e624a803e88256b0F2D90C628A1-1770932196721
2026-06-20 07:03:19,day,culture,28,0x1e7185cf6146233b4ce8f2041755e0b54b1f01bf,482.0502669999978,0.0,Senritsu
2026-06-20 07:03:19,day,culture,29,0x0f7f9903f46c24ba66900ceb4a427873129c6450,474.091229640002,0.0,Elonurmom
2026-06-20 07:03:19,day,culture,30,0x33f832b83b52aa61967fb8ecb2e753734767c5e4,419.7179587149949,6211.23,fanat12
2026-06-20 07:03:19,day,culture,31,0xf02105d60083d7d74d7e0f9785d79e06137cdf56,375.8002000831257,250.16,MollyParkets
2026-06-20 07:03:19,day,culture,32,0xd5196bdf50199e195c58a6aff2114cc0e455932c,374.9945652749998,0.0,UpDownUpDown
2026-06-20 07:03:19,day,culture,33,0xb89f5425341719d298dc2f5b9a92374f5fde1c44,300.02120626320175,10.68,iusedtowritepoetryforaliving
2026-06-20 07:03:19,day,culture,34,0xaca23974e2b8131efbafaa1fe03ea9595ea0b9a1,295.15065190999303,270.01,ellio8989
2026-06-20 07:03:19,day,culture,35,0x4c2a07d0b2f77d7b2cc30d9c7379fbf80ed265dc,283.8654639525005,971.6120209999999,cyfrav
2026-06-20 07:03:19,day,culture,36,0xa2d71813dc3857e582130015bd60e5edb61ee3b7,281.14803365880834,2582.965548,exponentially
2026-06-20 07:03:19,day,culture,37,0x07ad59e1c277d82b166e98585cd5eb36d17d4c0c,279.79875000000015,0.0,lently(10)
2026-06-20 07:03:19,day,culture,38,0xa49b6ea0a604c581f2a9569db42c192b1c487054,279.13814717697096,5933.952470999999,387411007415611814092217897387
2026-06-20 07:03:19,day,culture,39,0x897a960452f8943b450d382f254522d992a74194,267.42879919296183,479.493412,ghoan
2026-06-20 07:03:19,day,culture,40,0x6ce0e9909aa400b170459068067f5442058d5f11,266.256785000003,0.0,latysh
2026-06-20 07:03:19,day,culture,41,0xe00aa2006fdb90ab1b486917531d08e596ef330e,253.647679155,1606.2400000000002,0xE00aA2006fdB90Ab1B486917531d08e596Ef330e-1768716156971
2026-06-20 07:03:19,day,culture,42,0x98d6b1d025043b8254c99cb70af62f67650151dc,246.60417958795506,3215.4865299999997,pendulum0206
2026-06-20 07:03:19,day,culture,43,0xe18c9f79e5010d527e00102332caf2c36b41dc9c,240.49615199999997,0.0,flat-unknown
2026-06-20 07:03:19,day,culture,44,0x1fd0ee339fdf6a1165a2948f96f13af35bb53cfb,239.493294,0.0,skullDiffer
2026-06-20 07:03:19,day,culture,45,0x782295557c846e60ea96d8b9d62ac7d69451fe85,237.0,0.0,Moon-Young
2026-06-20 07:03:19,day,culture,46,0x62cf46cd4c3af254dccfc37a7f93de265b4b5826,229.99999999999636,0.0,eCash
2026-06-20 07:03:19,day,culture,47,0x31df98981767e084c6e7744ca4a6b664e3f6692e,222.5,0.0,discoverPurchase
2026-06-20 07:03:19,day,culture,48,0x46992d0e547e3822a9c28723f51bfa804ae4e03c,221.63661129699926,0.0,anon.1980.123
2026-06-20 07:03:19,day,culture,49,0x890e22f535cddba750269d4837327936ea537ec1,210.22679436555063,5585.386413,Baela
2026-06-20 07:03:19,day,culture,50,0x9beb24c4b3253268f3acfa6a79c017f92f794ed6,207.50000000000003,0.0,wristyb37
2026-06-20 07:03:19,day,culture,51,0x447fbda19a75cfe13cceaefdaeaddbb0aeccf362,205.93516499999947,0.0,aflatoon123
2026-06-20 07:03:19,day,culture,52,0xfecf9090ada3035528fd853ad34c19823c18d7c8,205.49753400000003,0.0,possible9774
2026-06-20 07:03:19,day,culture,53,0x9aeb534c42b58b21673d5e03e9da14fbd15b2729,200.578071731994,1412.1299999999999,The-Joker
2026-06-20 07:03:19,day,culture,54,0xa5761fa386787d4bb7fb9f866acf034647538678,200.21539982302238,37961.090000000004,Top1-J
2026-06-20 07:03:19,day,culture,55,0xac4a1fabdac2438d6afa2a9e8e83845310a0bf1e,197.7938669547948,7258.910533,HerrieDavis
2026-06-20 07:03:19,day,culture,56,0x59cc2c3a837d16939454ed800b9c600852e94dab,188.999244,0.0,Knock-Pupil
2026-06-20 07:03:19,day,culture,57,0x1576d1ca744dd0c4b2692b6724b0dd94c7ac168b,187.99473600000002,0.0,solarBeyond
2026-06-20 07:03:19,day,culture,58,0x2127cf49b244b867356cb011d55a5668563237f2,187.07592567999473,0.0,thanhtam86
2026-06-20 07:03:19,day,culture,59,0x8e449d8f85c57ccd0b2870ce597aa277045fa6be,180.8353781460005,1350.0,Randomcnobodykins
2026-06-20 07:03:19,day,culture,60,0x99b48b6b5ed632935f31361465f6f758a4fcb8df,178.99391399999996,0.0,evidencens99
2026-06-20 07:03:19,day,culture,61,0x97ead83eb0e6b7f142e63284791882f05ddf3363,178.53461499999992,0.0,Hakei.
2026-06-20 07:03:19,day,culture,62,0x05168709e170f6908c78e10bb6da7b0ec84776e8,177.99822,0.0,februaryvk89
2026-06-20 07:03:19,day,culture,63,0x9b5dc8793a43f26295a0c8eec3e58b041989fbb6,173.58848726999997,60.0,Hedric
2026-06-20 07:03:19,day,culture,64,0xe704bb2925df76250bace092e7a28efa7f2f6c0d,168.748,0.0,mistake48
2026-06-20 07:03:19,day,culture,65,0x5e8d63ded4ba43732310db1abbc9a7ae1794319d,166.93544399999996,0.0,Po1yBot-sJf2mZRWnd
2026-06-20 07:03:19,day,culture,66,0x392b5abcb6514e56f04d166b9cb535082ba9352a,166.58071087173516,5.263149,0x392b5AbCb6514E56F04d166b9Cb535082BA9352a-1778103841807
2026-06-20 07:03:19,day,culture,67,0x913f5f691ce0a947cf60cd573cbdc7c66d8ec676,151.46792832013307,100.0,0x913f5F691Ce0a947CF60cD573CBdC7C66d8eC676-1774844074915
2026-06-20 07:03:19,day,culture,68,0x881a54ec4a118a7133c1ed37817cb8ffd4cd8d6d,149.1357329999998,0.0,z3uSS
2026-06-20 07:03:19,day,culture,69,0x2ef2887692386bebad6ef3df9fd3d0e223047f72,146.2397299999957,6701.88,T11Faker
2026-06-20 07:03:19,day,culture,70,0x9696400353b2f0b6becf4fbfdde86ffd680f0861,145.3159388309732,1815.0671409999998,ent1337
2026-06-20 07:03:19,day,culture,71,0x66cb857b5b20bdbebddd27a88289db3298e43dd2,139.0275464610022,176.81,fiImnerd
2026-06-20 07:03:19,day,culture,72,0x764b305694b026c1acce7bf862c3b5456a146bad,135.04802513948562,841.0,quietparcel
2026-06-20 07:03:19,day,culture,73,0xc8ab97a9089a9ff7e6ef0688e6e591a066946418,134.94033383257556,1732.2433520000002,ArmageddonRewardsBilly
2026-06-20 07:03:19,day,culture,74,0x8a98109fb0f1d87d9bfcb4486ba3587b95c51b92,133.06479999999996,360.88,0xd8dA6BF26964aF9D7eEd9e03E53415D37aA9604
2026-06-20 07:03:19,day,culture,75,0x9620b13dcf352aec9965553fc12c50bc62f54260,132.79074699999998,0.0,dial-rockfish
2026-06-20 07:03:19,day,culture,76,0x7e7fa146cf5b36083bbb0cf7252ff47ba501b882,129.9516628149999,474.66,TacB0sS
2026-06-20 07:03:19,day,culture,77,0x53edcfa1e81bae084e936954ff905d894adf7aea,123.93653400000025,0.0,JohndoeUnknow
2026-06-20 07:03:19,day,culture,78,0xd1a63a243042d864520512fbdbd2fd20e0ab1507,120.69215450000115,303.8,DkOYL
2026-06-20 07:03:19,day,culture,79,0x70d94a4ff67ed919a8480885cf0808afefe7a684,117.33052165592198,924.1343449999999,naiiiiii
2026-06-20 07:03:19,day,culture,80,0xe7c035ee5136d6c213160a6f760392e2eb1ed656,115.93061585517808,1196.9095029999999,0xe7C035eE5136D6c213160a6F760392e2Eb1eD656-1767789082519
2026-06-20 07:03:19,day,culture,81,0x6ce0e9909aa400b170459068067f5442058d5f11,214.48296829000105,0.0,latysh
2026-06-20 07:03:19,day,culture,82,0x46992d0e547e3822a9c28723f51bfa804ae4e03c,211.77007444699962,0.0,anon.1980.123
2026-06-20 07:03:19,day,culture,83,0x12ed45d2b45259d27a7fb593e564cd269c4fc9b4,211.44411997551106,1501.172369,sazzaa
2026-06-20 07:03:19,day,culture,84,0x9beb24c4b3253268f3acfa6a79c017f92f794ed6,207.50000000000003,0.0,wristyb37
2026-06-20 07:03:19,day,culture,85,0x447fbda19a75cfe13cceaefdaeaddbb0aeccf362,205.93516499999947,0.0,aflatoon123
2026-06-20 07:03:19,day,culture,86,0xfecf9090ada3035528fd853ad34c19823c18d7c8,205.49753400000003,0.0,possible9774
2026-06-20 07:03:19,day,culture,87,0xaac1f92692d5ab69eadcb8c7245d3582204f93c7,199.999773,0.0,eth42069 - 30099
2026-06-20 07:03:19,day,culture,88,0x59cc2c3a837d16939454ed800b9c600852e94dab,188.999244,0.0,Knock-Pupil
2026-06-20 07:03:19,day,culture,89,0x1576d1ca744dd0c4b2692b6724b0dd94c7ac168b,187.99473600000002,0.0,solarBeyond
2026-06-20 07:03:19,day,culture,90,0x97ead83eb0e6b7f142e63284791882f05ddf3363,180.51806499999986,0.0,Hakei.
2026-06-20 07:03:19,day,culture,91,0x2ef2887692386bebad6ef3df9fd3d0e223047f72,179.21251999999367,6701.88,T11Faker
2026-06-20 07:03:19,day,culture,92,0x99b48b6b5ed632935f31361465f6f758a4fcb8df,178.99391399999996,0.0,evidencens99
2026-06-20 07:03:19,day,culture,93,0x50a8a3e47f7048747aed551fcc38d9f0cbb298ed,178.9471210799993,4119.6,elonplstweets
2026-06-20 07:03:19,day,culture,94,0x05168709e170f6908c78e10bb6da7b0ec84776e8,177.99822,0.0,februaryvk89
2026-06-20 07:03:19,day,culture,95,0x9696400353b2f0b6becf4fbfdde86ffd680f0861,176.40557853515656,3666.157141,ent1337
2026-06-20 07:03:19,day,culture,96,0x161266ecc74ef88b600c35d468a3ac4c01d47287,173.9965937450006,2790.0287499999995,zhau3
2026-06-20 07:03:19,day,culture,97,0x8a98109fb0f1d87d9bfcb4486ba3587b95c51b92,171.0664372330002,1546.13,0xd8dA6BF26964aF9D7eEd9e03E53415D37aA9604
2026-06-20 07:03:19,day,culture,98,0x21d3608ce1c305352a5d3c808fd6255a10ea8d3f,169.92697276999996,1043.4099999999999,
2026-06-20 07:03:19,day,culture,99,0xe704bb2925df76250bace092e7a28efa7f2f6c0d,168.748,0.0,mistake48
2026-06-20 07:03:19,day,culture,100,0xac4a1fabdac2438d6afa2a9e8e83845310a0bf1e,168.11981695970462,7796.671708000001,HerrieDavis
2026-06-20 07:03:19,day,mentions,1,0x9e8ecc4cb3c4e48f544cba2fbbb252a6a65e8db8,1923.154629459983,341.824004,DREAMBIG.
2026-06-20 07:03:19,day,mentions,2,0x373a949d617e60cbb25ca6df3f68018d573bf4c1,596.8573574666557,310.9663,funplayer-
2026-06-20 07:03:19,day,mentions,3,0x149f91a2622dccde7380d76695ce8a964e8ad306,361.940312979199,833.9092,JRocHWC
2026-06-20 07:03:19,day,mentions,4,0x128be76f9decb982af0e2acdcab658aa0fd30ee5,290.3202186600001,407.07,ithinkthisisfoster
2026-06-20 07:03:19,day,mentions,5,0x83c56c56bc67c0b99b38abd1c0a3c1aca7a7e193,167.5384478449978,347.75,5tghfh67fghfsdt4356g
2026-06-20 07:03:19,day,mentions,6,0xc9727ed498a58a9e8e8758d51c5a4eb0b752dcd9,164.80469204200017,1807.494443,dyckpaths
2026-06-20 07:03:19,day,mentions,7,0x2cfe7302d69d3eaec0b39a0da170c20740b0e4de,148.48530200327582,1845.47,algo168
2026-06-20 07:03:19,day,mentions,8,0x33ba0bc815f1a63bba046b2d0763a72973335b15,127.99661247999995,0.0,pcfarowww
2026-06-20 07:03:19,day,mentions,9,0x74957ea27ac4fbdee46d861fdae357859ff67fcf,112.48706107610036,2076.858933,ultralisk
2026-06-20 07:03:19,day,mentions,10,0xa58d4f278d7953cd38eeb929f7e242bfc7c0b9b8,106.86233759149945,1751.3400000000001,AiBird
2026-06-20 07:03:19,day,mentions,11,0xc8ab97a9089a9ff7e6ef0688e6e591a066946418,89.47287073500775,1153.46,ArmageddonRewardsBilly
2026-06-20 07:03:19,day,mentions,12,0x30f67d821c57a54e25e5e521dbd3b5b18309004f,79.54903344730837,1229.127692,shiifoo
2026-06-20 07:03:19,day,mentions,13,0x0952ffd58769f5e9ad3853edd2dc318ddfcfa44b,71.02276000000029,0.0,gamingcat
2026-06-20 07:03:19,day,mentions,14,0xd5555147366b7e5bfcea444f4a06a745c18be28a,64.83749419434402,443.1821130000001,mmmbop
2026-06-20 07:03:19,day,mentions,15,0xc6777f27f1829916c5fabdd97662c79d6d77677a,59.67352116632384,70.01845,trader-c6777f27
2026-06-20 07:03:19,day,mentions,16,0x5415c298dde8c84f4ba726d36b411df6e9a72a6e,57.29343466500086,169.06,-Dominus-
2026-06-20 07:03:19,day,mentions,17,0xb7c8a8c1ef7087d9e3fcf5c1bc8c4d16ff55e573,56.867100000000164,0.0,0xB7c8A8C1eF7087d9E3fCF5C1bC8c4d16ff55e573-1767720375024
2026-06-20 07:03:19,day,mentions,18,0xaf0074d9f5bba163c5c65d0ce2a488ce024f33a7,52.45499999999993,0.0,happyjappy
2026-06-20 07:03:19,day,mentions,19,0xe8fbfc2d9062946b53ed946dae9c5953ac0cb650,50.416999999999994,0.0,yokozuna
2026-06-20 07:03:19,day,mentions,20,0xf4bd46f1394a3e3759634f38e68a13207726c685,49.65473216,0.0,lysergic
2026-06-20 07:03:19,day,mentions,21,0xb7c8a8c1ef7087d9e3fcf5c1bc8c4d16ff55e573,46.29210000000012,0.0,0xB7c8A8C1eF7087d9E3fCF5C1bC8c4d16ff55e573-1767720375024
2026-06-20 07:03:19,day,mentions,22,0xeface9902242b0399856f981600b907dcc9bc9a1,38.86023199999363,140.0,macrosteaks
2026-06-20 07:03:19,day,mentions,23,0xcbdada973aa438c640538c54654ec068870ed2c0,38.016099999999994,0.0,Frontline
2026-06-20 07:03:19,day,mentions,24,0xc0eb7be9e80362dd69b6167df461f9f882d36d57,36.98630099999998,136.9863,Lighterliquid
2026-06-20 07:03:19,day,mentions,25,0xc6cb9289841eace1219abc274c4c6c6d07167926,36.85566399999993,1000.0,alsdkfjasd
2026-06-20 07:03:19,day,mentions,26,0xdacf9f8d0341fa3770fae5c7ccd9dcfed23e3c74,35.73628408001241,2733.1699999999996,CosmicCedar
2026-06-20 07:03:19,day,mentions,27,0x5aee628f26cbc9ec19e4b438bb2f31762f4e9797,35.2,0.0,Pristine10
2026-06-20 07:03:19,day,mentions,28,0xc6eefd75af7d45b252a2cda3a9f63dfc344d6917,33.82466215,15.0,Lcy22222
2026-06-20 07:03:19,day,mentions,29,0xad5353afe30c2da57709e2704ef3ccdcf67eef24,30.486569832994064,25.28,AJSV
2026-06-20 07:03:19,day,mentions,30,0x95074f700f93bdf6e62fc965e0832064c0877b04,29.222999999998137,69.0,95074f700f93bdf6e62fc965e0832064c0877b04
2026-06-20 07:03:19,day,mentions,31,0x7e80049eb08ac45b6ddadd8d069db6fd94ba631b,24.825469541594885,629.016631,J25525
2026-06-20 07:03:19,day,mentions,32,0x506e18dc37d634678f1710c93bf85af1d45948b7,21.567208717999996,0.0,ButUhm
2026-06-20 07:03:19,day,mentions,33,0x2cfe7302d69d3eaec0b39a0da170c20740b0e4de,21.12849200327588,1845.47,algo168
2026-06-20 07:03:19,day,mentions,34,0xeead63fdb0bcb10c08485694d320ad7c4ba432de,20.296200104712,49.488684,
2026-06-20 07:03:19,day,mentions,35,0x3379916c69e53c48ca4bee12bb0b42fc06f96cea,20.163644237,68.93,
2026-06-20 07:03:19,day,mentions,36,0xc0e0754e04722dce35178cbeaf6e6aff5f0b2838,20.0918,0.0,lucyintheskywithdiamonds
2026-06-20 07:03:19,day,mentions,37,0xe4ab8f70db1ef65630dc71d9f1a2933a645f7d30,18.8224,0.0,sm-s01
2026-06-20 07:03:19,day,mentions,38,0xefb90c1fecffb3874ab75b1e73ee81bb87874383,18.619184053829002,0.0,0xEFB90c1feCfFB3874aB75b1E73Ee81bb87874383-1758826993606
2026-06-20 07:03:19,day,mentions,39,0xe36296a42555b95e95880412387e954d84b0bd00,17.4707999999996,0.0,SnowballHustle
2026-06-20 07:03:19,day,mentions,40,0xe9c7cffc78c45bc98862180d032028c09f94147a,17.443715780346963,617.443433,wakakakakakaka
2026-06-20 07:03:19,day,mentions,41,0xe18d1ec0e371418ff47a066969ef01fc5c3fd8bf,16.6,0.0,0xe18D1ec0e371418Ff47A066969ef01FC5C3fD8Bf-1727977457702
2026-06-20 07:03:19,day,mentions,42,0xca08d6c4f044ff2d751d30abe51479c50026c267,16.114734443996007,2.33,
2026-06-20 07:03:19,day,mentions,43,0x88ad6170a0017d37832ea460acb368133a329e5f,15.16129951899984,0.0,KamalaHunter
2026-06-20 07:03:19,day,mentions,44,0xca6eba7899ee3bd495a2f995777de529d20aaf60,15.0,0.0,arbiteur
2026-06-20 07:03:19,day,mentions,45,0xf797d4d1c038d1eb0593edae0e66bf8e4b2e0bf2,14.690300000016578,53.0,DerDon
2026-06-20 07:03:19,day,mentions,46,0xb8d7a5992c63a49327f31486f81d6efdeb5e065e,14.588120395664,59.728142000000005,0xB8D7A5992C63a49327f31486f81D6EFDEB5e065E-1781893552220
2026-06-20 07:03:19,day,mentions,47,0x2da393eb64a2d221f973c7bdf00ef9a288e7f9e3,14.3468489400002,0.0,ngfdklsnls
2026-06-20 07:03:19,day,mentions,48,0x4d1bcbaeed22c6da173b1a356c3c6d2270081419,14.211621605999994,0.0,RolandChang
2026-06-20 07:03:19,day,mentions,49,0x5874f18a2ca6558ac8671f491f3f99498fd36b11,13.101448937999521,0.0,RadarMentions
2026-06-20 07:03:19,day,mentions,50,0x2ecb34e1cb95b3c8d9d3e2905668d3eee03a7645,13.006190878000098,0.0,AlphaPengu1n
2026-06-20 07:03:19,day,mentions,51,0x6ca0cfe4ed627cb4ebe0193e69de9823a007e59d,10.400000000000318,0.0,Forch
2026-06-20 07:03:19,day,mentions,52,0xad58372e6124a1b5ac3e0a9b12a4ed2b1cad7624,9.001100669999998,74.995171,yarj0x
2026-06-20 07:03:19,day,mentions,53,0x30687f44db250f7d914acb4ddc9634c3400e083d,8.784934794998662,0.0,YoungMoziRPG
2026-06-20 07:03:19,day,mentions,54,0x3ecced8f934a6a843bf349afb41dd968760952d2,8.703999999999997,0.0,mrtr
2026-06-20 07:03:19,day,mentions,55,0x2849f88225b51b519b292c02fd07b3554b0a0329,8.337765000000012,0.0,dragonroar
2026-06-20 07:03:19,day,mentions,56,0x211ac9d80c753c5afb77562b2e0c6fc05bfb6ef4,7.6671000000000005,0.0,fifaking
2026-06-20 07:03:19,day,mentions,57,0x28ca4e9a04531f2eac0c2770f95db4e1c6a65d19,6.85658746599438,0.0,DuneMentat
2026-06-20 07:03:19,day,mentions,58,0x9f92355417d3001149a03e1cdcfecef40d482c2d,5.826569123000013,0.0,Ttooot
2026-06-20 07:03:19,day,mentions,59,0x87046cc15301a1eb23a62d5a53d44301c4963b94,5.530335720000039,59.290000000000006,0x87046CC15301a1EB23A62d5A53D44301c4963b94-1771603855483
2026-06-20 07:03:19,day,mentions,60,0x7cc78cf6f82e4732d7553567bf1ceac354ca4572,5.400000000000002,40.0,snoopsol
2026-06-20 07:03:19,day,mentions,61,0xe5ad6ef51b7ec22025481740e741950ab6b939c6,5.3602319000000165,0.0,skopAGV
2026-06-20 07:03:19,day,mentions,62,0xe7952335816d6236573e0fe0b174de7d41796879,5.192999999999991,16.2,0xe7952335816D6236573E0Fe0b174de7d41796879-1771524443260
2026-06-20 07:03:19,day,mentions,63,0x30f67d821c57a54e25e5e521dbd3b5b18309004f,4.648270751317341,1239.2828630000004,shiifoo
2026-06-20 07:03:19,day,mentions,64,0xa68578dd3f1641c0a44545aa1d9299bef584c6c1,4.258699520000107,7.0,Alfisko
2026-06-20 07:03:19,day,mentions,65,0x0739beca79df745311196936eb2b768c6ccdaba8,4.158302575499988,0.0,meow-123
2026-06-20 07:03:19,day,mentions,66,0xe215f8fd83e3cff0c11262c14fdf9ba1862c1c22,4.154999999999999,22.0,tweetmaster
2026-06-20 07:03:19,day,mentions,67,0x0f9fddcae8d6e758dd4db564aa39c6320a74ac16,3.7973500000000007,8.65,csfull
2026-06-20 07:03:19,day,mentions,68,0x5e39013a1d7c4b502ad2ea073d7e8a0469ca352c,3.783060000000006,0.0,0x5E39013a1d7C4B502ad2Ea073d7e8A0469cA352C-1765309578276
2026-06-20 07:03:19,day,mentions,69,0x2a8e9a9a53886c8efb411925f84832ee61636b72,3.57142825,0.0,
2026-06-20 07:03:19,day,mentions,70,0x727e819c79ac4eb555518cccdfd424d2d4cf8b9d,3.2000000000000455,0.0,solder
2026-06-20 07:03:19,day,mentions,71,0x1a94ff77cdc335af43ca58939cc851a6ae6b78b6,2.9459999999999695,36.67,Terfa
2026-06-20 07:03:19,day,mentions,72,0xc8ca4205453705fcb0dd947a311258d6813c0097,2.9449432500000015,13.22,socksgreen3
2026-06-20 07:03:19,day,mentions,73,0xb79fadaa593335ee1a1ccb4506c9c89ac3b2d749,2.8826776409529202,668.615608,mountaingreen
2026-06-20 07:03:19,day,mentions,74,0x21b48e8e2daa01f531fff08b62f2b4df6cff1f06,2.673618000000003,2403.48,proposal123
2026-06-20 07:03:19,day,mentions,75,0x9b2fcb79bdb8a6a6174da327e9335f7889c6d8f8,2.5336499999993976,0.0,SloppyDonny
2026-06-20 07:03:19,day,mentions,76,0xa1a84a33405d4895b9cbb5b6d47b79cdb04b6764,2.4420182950000253,0.0,wenlvmbo1
2026-06-20 07:03:19,day,mentions,77,0x998b3ad9fc8219f4a9ef374196ffbb690832db96,2.393037717499965,0.0,0x998B3AD9Fc8219F4A9EF374196fFbb690832Db96-1776201383464
2026-06-20 07:03:19,day,mentions,78,0x9b09abd59199df55aa110b5485fae7dcfb314f51,2.372668609999991,0.0,LynBean
2026-06-20 07:03:19,day,mentions,79,0x99bce72fb855cc8eebe6c85683ede46da1784f35,2.305913668367367,2519.3738829999998,
2026-06-20 07:03:19,day,mentions,80,0xceabafdca846e7a31a00a55c089e3d3c0d14dce7,2.199999999999932,0.0,motardio
2026-06-20 07:03:19,day,mentions,81,0x765c3441b5161683541bbbf7c0bc7d71b3d9dbb6,2.1686446185000037,70.67,nc3iceibvtvetvbt
2026-06-20 07:03:19,day,mentions,82,0xe0dcc05376176f9f9e5160b9aae6f51e2ca93944,2.0541062848891443,41.188233,Dr.mett
2026-06-20 07:03:19,day,mentions,83,0xa95508ed7aa4ab0355ee02356cdcd20c2ba64b3d,1.9468815000000035,0.0,0xA95508ed7aA4Ab0355ee02356cDcd20C2ba64b3D-1780193149865
2026-06-20 07:03:19,day,mentions,84,0x21c0ba909e0f0d8422985c146fb41455f0562ba7,1.9354833599999992,0.0,Wadery
2026-06-20 07:03:19,day,mentions,85,0x49bbe046f3cc29f971c89a14b0c8e1f8750caaf9,1.7994600000000247,0.0,ChowComesBack
2026-06-20 07:03:19,day,mentions,86,0x426feba3d43245cd58012b38d0860a0d19c8e76b,1.7247500000000144,0.0,guuuuuu
2026-06-20 07:03:19,day,mentions,87,0xe944fd614c0bf6a76e5ffd312401e6a790de0837,1.7133333400000197,0.0,briar2682
2026-06-20 07:03:19,day,mentions,88,0x91ad9f6a5e1b23dec49ce7ae92e365acc5e08ced,1.617741879999997,0.0,VernonSehudo
2026-06-20 07:03:19,day,mentions,89,0x6936431c93a525f454d1bb914c107f926c86a45e,1.6104222219599933,232.98,OnlyPhan
2026-06-20 07:03:19,day,mentions,90,0xb368aa613f295a514613862175ab8108227c202b,1.5126240000000024,65.3,RexHive
2026-06-20 07:03:19,day,mentions,91,0xf2bbd4a5a02780c14b7ec16a52a3e21a744cae21,1.5,120.0,didot
2026-06-20 07:03:19,day,mentions,92,0xd0698a02ded7b86284ebf25e9db0bb0d787ad078,1.3999999999999995,0.0,0xD0698A02dEd7B86284eBf25e9dB0Bb0d787AD078-1779655870153
2026-06-20 07:03:19,day,mentions,93,0xe39783f92ee0985f1ab5fe514030f946825abfcb,1.3703999999997905,0.0,0xzipper
2026-06-20 07:03:19,day,mentions,94,0x299cb40195d270438f8950902f242d796457d85e,1.2966650000007576,0.0,polopilo
2026-06-20 07:03:19,day,mentions,95,0x2ad98511fe2272dca56d6d24bad616ecd7920eae,1.2899999999999963,40.0,amame
2026-06-20 07:03:19,day,mentions,96,0x271229d5fa9dbef1476e14eedae67fa634c4eb71,1.2172606400000632,79.08,
2026-06-20 07:03:19,day,mentions,97,0xbe74297ff19030f104ce1d538709f43b30eca70e,1.209931602000097,0.0,title1
2026-06-20 07:03:19,day,mentions,98,0xa58d237e55d58011d603a6b4f254cb4a6a33d7c4,1.1887600000000003,0.0,cluelessCoder
2026-06-20 07:03:19,day,mentions,99,0x86dd5200572b3eae548d8fd9e807b78468d41af2,1.1232082200000235,4.545453,0x86Dd5200572b3EAe548d8fd9E807b78468D41Af2-1768052013112
2026-06-20 07:03:19,day,mentions,100,0xf3338c0f5c52e48fbe883d731226b7820e70ba41,1.0999999999999943,0.0,FFFFFFFF9
2026-06-20 07:03:19,day,weather,1,0x1c560b61a14bb030f2eceeda8f1da9074c3f0b1d,6106189.791682419,0.0,svoter
2026-06-20 07:03:19,day,weather,2,0x13e0deb363b29f1221fca4bf964da716b71a82f9,4502.88332300001,0.0,clickboom
2026-06-20 07:03:19,day,weather,3,0xde324a83c0fc3051a67dd60be948f7e73210700c,1888.464897999991,0.0,Rayanyan
2026-06-20 07:03:19,day,weather,4,0x5c6b40f748a2060284d8ba41cdb01fb4169ff32b,1364.2948268860018,0.0,Phlox
2026-06-20 07:03:19,day,weather,5,0x1f66796b45581868376365aef54b51eb84184c8d,1071.1389150769537,7266.2732559999995,ShyGuy1
2026-06-20 07:03:19,day,weather,6,0xdadbf9e1df1b8d7a184a0d6ab9c83b2337b61870,707.0164056100002,891.1700000000001,Sorruby
2026-06-20 07:03:19,day,weather,7,0xec86a2d3f69015b1a9382e4dfa8695e1b48760e4,552.4978848342653,11431.518881,0xeC86a2d3f69015b1A9382e4dfA8695E1B48760E4-1770735132210
2026-06-20 07:03:19,day,weather,8,0x8713af555eadf8564fee5a0a0a26a909f13bbfd5,478.2653269999998,0.0,0x8713Af555EadF8564FeE5a0A0A26a909F13bbfD5-1773035667256
2026-06-20 07:03:19,day,weather,9,0x52ebca459280966f4a56240a05e38df8527067ac,438.23697718991025,6087.838722,merz1305
2026-06-20 07:03:19,day,weather,10,0x17e0504da9a42b1ba021e5e22802f34a42bffe5b,436.92078971749834,4139.02,pedrobueno
2026-06-20 07:03:19,day,weather,11,0x01ced860d8dca5d7987579d2a2635df8520d27a2,348.8360757489045,3397.75,CreamCream1215
2026-06-20 07:03:19,day,weather,12,0x1cdd071bb612de6d66d0c882b676c663697de595,343.5924345612839,38047.566743,Lavincey
2026-06-20 07:03:19,day,weather,13,0x652d6be4a7532227fd1dc3d3c69b0a0a1dc446b3,325.5812355637099,21124.738476,0xALJJ
2026-06-20 07:03:19,day,weather,14,0x09a85cfe4d51e0cde12daa4d255b3f789fb447c1,291.31980884950644,478.78767600000003,tenkiyoho
2026-06-20 07:03:19,day,weather,15,0xa29d144e9cc80b7d88b2c635cac297e6d9431061,273.7,0.0,harvest.sure.random
2026-06-20 07:03:19,day,weather,16,0x437f1c745a4abd87d5a9a2c61294139d86005b95,272.8060354864042,2032.9700090000001,Wendinga
2026-06-20 07:03:19,day,weather,17,0x422171d0a9e986312efd30e43ba6f1dd5504449e,271.7659,0.0,census8633
2026-06-20 07:03:19,day,weather,18,0x92d84c3c1c143218ec12ad3e00ecc9911c2413cb,270.5,0.0,agentPigeon
2026-06-20 07:03:19,day,weather,19,0x2c4ed4b6c8a5fe8c1b7d61bdc79c0fa4470e886e,265.4978760000001,0.0,sample-hover
2026-06-20 07:03:19,day,weather,20,0x95dcb3d91f4c83b09fbc5a8b6f52a4a45d134b45,262.1795874099994,49038.53,iliabouchouev
2026-06-20 07:03:19,day,weather,21,0x2c4ed4b6c8a5fe8c1b7d61bdc79c0fa4470e886e,265.4978760000001,0.0,sample-hover
2026-06-20 07:03:19,day,weather,22,0xb40e89677d59665d5188541ad860450a6e2a7cc9,264.2330901207315,32718.497196000004,Poligarch
2026-06-20 07:03:19,day,weather,23,0xf84d10bcae66a69c39ee2292c6898aa107b25e65,241.72372792730403,2978.511297,leke
2026-06-20 07:03:19,day,weather,24,0xfd691577dc6a9d21e9611b93ef9177d36738a2e1,238.76879700000003,0.0,petanimal
2026-06-20 07:03:19,day,weather,25,0x9c6600003c6e78e5f4d1a2a2d40eb1d325db7017,237.27743986950009,205.4,phr7.xk
2026-06-20 07:03:19,day,weather,26,0x30645d294116115ce5bcdc87419491bad3a9ad0d,226.0,0.0,jelly1503
2026-06-20 07:03:19,day,weather,27,0x7e0c371faed99a1f76bc4723bd3f15a2c41f8b5e,220.82388588268236,11337.930153999998,anonymous58371
2026-06-20 07:03:19,day,weather,28,0xa09d35cd5d693f247f33f84bbaec816315d8af80,209.74885283318054,6229.875249000001,0xa09D35Cd5D693f247f33F84bbaeC816315D8AF80-1760963487396
2026-06-20 07:03:19,day,weather,29,0xfd557e6db670c9704bc1d0d8e8b585c7d9c9f905,208.27760582020164,6295.03478,northdrawer
2026-06-20 07:03:19,day,weather,30,0x128b01c68900a23798d151b7f56942d9f6fb7c4f,202.13371426000006,614.18,Halley01
2026-06-20 07:03:19,day,weather,31,0xec86a2d3f69015b1a9382e4dfa8695e1b48760e4,198.2474183694976,13565.390777999997,0xeC86a2d3f69015b1A9382e4dfA8695E1B48760E4-1770735132210
2026-06-20 07:03:19,day,weather,32,0x24edd5f8eab7f66a77fd5b7f4e7c507761ed8a18,190.5252569934999,0.0,SXematoz
2026-06-20 07:03:19,day,weather,33,0xfecabe9747591f8c526c723365191294a2d8e166,187.58758825470596,1495.6331340000002,10a1
2026-06-20 07:03:19,day,weather,34,0x3653235d75a0d5969c42f7514d4df8ea5f8cef74,183.967210266655,5580.26255,0x3653235d75A0d5969C42f7514d4Df8eA5F8CEF74-1778811817579
2026-06-20 07:03:19,day,weather,35,0x7df00357d97916a5c7888b212a94535097790dfe,183.52080373787922,1305.2879189999999,neverhackme
2026-06-20 07:03:19,day,weather,36,0xa1cce6ea8c929c91ee4b9c78a57b11115d7f6171,179.67156877458024,2066.9884079999997,0xa1cCe6ea8C929C91EE4b9C78A57B11115d7F6171-1779361990935
2026-06-20 07:03:19,day,weather,37,0xc34f6b088bb9172625ee1ea2ee8da9ac4f037d2e,169.1732900152474,20038.129833,StayFreshCheeseBags
2026-06-20 07:03:19,day,weather,38,0x116db6298abcdefe06f9f5458c293c7de185fbf1,165.67602531300508,3453.9952499999995,opopv
2026-06-20 07:03:19,day,weather,39,0x5177489099ad33a6f357ec70cb808189c6d193c9,162.9764719999999,0.0,Gintoki88
2026-06-20 07:03:19,day,weather,40,0x1cdd071bb612de6d66d0c882b676c663697de595,160.63497352385093,46391.63692300001,Lavincey
2026-06-20 07:03:19,day,weather,41,0x7c3db723f1d4d8cb9c550095203b686cb11e5c6b,159.4194228314998,0.0,Car
2026-06-20 07:03:19,day,weather,42,0x26123cbf0f4820f7e70408a8c054ba7615c05289,158.82076948202575,11690.223455,nexvs
2026-06-20 07:03:19,day,weather,43,0x6b5012826833770af8b10acf3049f01edfcfc9ba,154.92895634377965,4143.408222999999,bentayan
2026-06-20 07:03:19,day,weather,44,0xdfc408242ff9505dc40a64f339dbcfd51a684089,153.12990277000063,0.0,0xdFc408242fF9505dc40a64F339DbcFD51a684089-1778956771527
2026-06-20 07:03:19,day,weather,45,0x9badd898022314f2a1052b60a1979131caf0201a,152.89053,0.0,ranchenno
2026-06-20 07:03:19,day,weather,46,0xd3f0eb083fb3698c7bf03befbc67fddc1cf4a4cc,147.85404141846197,1420.916721,0xd3f0EB083fb3698C7bf03befBC67fDdC1CF4a4CC-1775407935821
2026-06-20 07:03:19,day,weather,47,0x426664206b1e8635cc8f47b0e142801f14daffac,146.46124724200013,531.464809,LittleDummy
2026-06-20 07:03:19,day,weather,48,0xf6beafa72d6416525c4cf039c9c122883dbef6a3,146.1524756299999,882.78,21claw
2026-06-20 07:03:19,day,weather,49,0xbcf96b9cf8335f23d6c0904dea605dd144179b13,144.66162160293987,671.859654,0xbCF96B9Cf8335F23D6c0904deA605dd144179b13-1761601516412
2026-06-20 07:03:19,day,weather,50,0x5ffea747575581e8d2dc5e23c47ab98c1638e48b,144.33033277851837,1216.5,0x5FfeA747575581E8d2Dc5E23C47aB98C1638e48b-1777529589397
2026-06-20 07:03:19,day,weather,51,0x29f8da02e78a87b2d9a844124ff570d5cee34d7b,139.99799976926533,749.5762110000001,henh3n
2026-06-20 07:03:19,day,weather,52,0x945a49252f772a10c6ddd1d1e1e24ee20438a48c,136.0131613126141,16085.709959999998,zxcursed121
2026-06-20 07:03:19,day,weather,53,0x50b1e35022933ae620665ce55dbd9785c5e30793,133.87940490698884,880.2252700000001,Alsad3
2026-06-20 07:03:19,day,weather,54,0x29e95d5e73f4968b4b2bba206c5819ddf63d8be2,128.99622804000006,199.994152,sunsan001
2026-06-20 07:03:19,day,weather,55,0x4e72c22cd76f9973a48aedfd79feeaacc8b7ffb9,125.68236072761397,4996.24571,0x4E72c22CD76f9973a48aedfd79FeEAaCC8B7FFb9-1778811541343
2026-06-20 07:03:19,day,weather,56,0x005ed998fcb786679eb8bfd0d20c15c0903d6d8e,121.90000778135345,5446.334830000001,0x005ED998fCb786679Eb8Bfd0d20c15C0903D6D8E-1778811773658
2026-06-20 07:03:19,day,weather,57,0xb2e42d29690b7b63335a03c0fd5e64df0681b7f1,120.77874924886328,6227.313872000001,0xb2e42D29690B7B63335a03C0Fd5E64Df0681B7f1-1778811987251
2026-06-20 07:03:19,day,weather,58,0x6139c42e48cf190e67a0a85d492413b499336b7a,118.12932230600018,0.0,RememberAmalek
2026-06-20 07:03:19,day,weather,59,0x73d225c851df25d73b14846a370bdeef9434f9b7,115.42938213065872,2598.4555240000004,Dapsy
2026-06-20 07:03:19,day,weather,60,0xb4cecbca7b4a1b2b08f7284027c914f00fae49e0,114.90166600874596,1457.813372,wuyula
2026-06-20 07:03:19,day,weather,61,0xd25b8718f61fb64a754356ad8cf16b5579f59f3d,114.8971445589068,15555.779997,OraculumNobius
2026-06-20 07:03:19,day,weather,62,0xffc5c213e7601c820f1c582d42b2d06e0bfb67a5,112.37095462676803,1218.0086390000001,dfgh123
2026-06-20 07:03:19,day,weather,63,0x9fe5996fd7bca209a856a1d359c8fbc1e8964745,112.22866762635988,3523.5230600000004,ChiliSalt
2026-06-20 07:03:19,day,weather,64,0xcbbc13d230458fc7b34e8f008e1ddd6a05f79044,109.76073755950006,723.8199999999999,0x3577
2026-06-20 07:03:19,day,weather,65,0xb3476e21d2505bd523c3193f6feac01fda0aa115,109.28209263333474,2353.896605,BUYJUSTNO
2026-06-20 07:03:19,day,weather,66,0x60b9f6155050ed68e20f9420a710c60c359f5afe,107.89452099999995,0.0,0x60b9F6155050ED68e20F9420a710C60c359F5AFe-1775830789900
2026-06-20 07:03:19,day,weather,67,0xc2f2d01b227948e59f25aeb3d49564b8975d0ff7,107.88375382499999,690.1205,claudesports
2026-06-20 07:03:19,day,weather,68,0x50246b42c852c96f231e6f9014640addaeed3007,105.97953855799915,303.0,wedor
2026-06-20 07:03:19,day,weather,69,0xba63d3a0105a3c01bfa561015c36911c8d1536dc,105.38394028033144,1180.483832,0xBA63D3a0105A3C01bfa561015c36911C8D1536dC-1769606304708
2026-06-20 07:03:19,day,weather,70,0xeb68675c06e0bb9f08ba510550912d77289ce362,105.31330568148041,5494.92939,0xeB68675C06E0bB9F08ba510550912d77289Ce362-1778811892036
2026-06-20 07:03:19,day,weather,71,0xf0f86cdb6872730ca12c84ff8b014a539b8c325f,103.9721233314076,6931.979816000001,0xf0F86cdb6872730CA12c84FF8b014a539B8C325f-1779656368241
2026-06-20 07:03:19,day,weather,72,0xb3b50ef66acf4beefafa754a4e4b8b5cd5b6bef4,101.75432113500119,10.0,S.T.F.
2026-06-20 07:03:19,day,weather,73,0x200e8ad4763eac3ada1e8b69ab516fcb728d7d37,101.23989107064881,10624.602148,MandelBet
2026-06-20 07:03:19,day,weather,74,0xc925e0bf2736638e96bbeeba4c99d880737d8dbd,99.49920399999998,0.0,Panther-Muffin
2026-06-20 07:03:19,day,weather,75,0xe2e91b7d7f8e86c05c5773eb8382f313ba5402ba,99.00330746599992,488.67,0x0Bond
2026-06-20 07:03:19,day,weather,76,0x044f334595a7fd42c143e11c8ec47f23c8d1d1f1,98.7311717508037,5487.939867,gghff
2026-06-20 07:03:19,day,weather,77,0x0202ad7cf0c3cabc52c5c79b72063eda7f9158be,98.499212,0.0,friend-term
2026-06-20 07:03:19,day,weather,78,0x9a31cf2531dc71699cb0ab6083151d2ed3ef5af1,98.10031745839979,2373.1033800000005,JapeththeGoat
2026-06-20 07:03:19,day,weather,79,0xd88303990e60cae29a4ed0426d21c6d5c88cc706,97.999608,0.0,pond2758
2026-06-20 07:03:19,day,weather,80,0x38e2f5d6d1693a365e22b7ca0c715f8d92da2909,96.71426115577879,2225.7225479999997,0x38E2f5d6d1693a365E22b7ca0c715f8d92Da2909-1774307530180
2026-06-20 07:03:19,day,weather,81,0x5637e85e116455e5faef6e44655f4ca9635921f4,95.25356979749574,5117.389999999999,0x59BA
2026-06-20 07:03:19,day,weather,82,0x2e97b94f596a0308e0b9620486308e155ef796ce,94.723162117083,1185.610251,
2026-06-20 07:03:19,day,weather,83,0xaf97e902e80248f52dd9d3d284bd5616264baae2,94.0,0.0,make1934
2026-06-20 07:03:19,day,weather,84,0xb7b9ce6c3db2ebf1dcd12db8ae64cfb2e9f01e0e,93.93858178768619,825.844159,hkoclk
2026-06-20 07:03:19,day,weather,85,0x3a2fd3b1f0ef547fb6f4be564506c4a6ca0d6bec,93.0,0.0,exhibitAlone
2026-06-20 07:03:19,day,weather,86,0x281173707c02f4a2b49a78880c5b5ccdabf95965,91.5,0.0,allnv50
2026-06-20 07:03:19,day,weather,86,0x41dc13d900abc93d435987c5093eed7f958da070,91.5,0.0,deposit-target-fire
2026-06-20 07:03:19,day,weather,88,0x21ffd2b7a212a6f277ed3eca1a9f8efcbca90d71,91.22438114338183,20932.893399,Haradwaith
2026-06-20 07:03:19,day,weather,89,0x63d6460b84642b9c9161d019f8c523e64df37ee9,91.0,0.0,vital1668
2026-06-20 07:03:19,day,weather,90,0xcd154f053a291f46e550d5fbcd4cfa7ddbc4b352,90.90708220316856,8026.255570000001,antoniosporano
2026-06-20 07:03:19,day,weather,91,0x3b8cf6f61b70f5526b92b7fcb28803a5f55be802,89.91994595639915,835.7754540000001,SonofWeather
2026-06-20 07:03:19,day,weather,92,0x57db8cc009f7aa6248aa0c28a926afd4d1a966a0,89.5,0.0,behindMansion
2026-06-20 07:03:19,day,weather,93,0x5470a1aa0def7459aad672bdedb2211784a30af7,88.5817023140462,248.220812,
2026-06-20 07:03:19,day,weather,94,0x2503a111aae379d78373346c60501c83ba463d4d,87.5,0.0,Remindmd12
2026-06-20 07:03:19,day,weather,95,0x7bd9019211677f5db6e221d6a6da030ebcd0bd75,87.03722729499987,69.99,fElon
2026-06-20 07:03:19,day,weather,96,0xd0bbe269df9009446d875bc5269b3b23243fec4f,84.69450000000006,171.1,hanxue6543
2026-06-20 07:03:19,day,weather,97,0xcec671563be577eaa6c43bc9e41b88e9faf27566,84.19648502000001,0.0,lcxd
2026-06-20 07:03:19,day,weather,98,0x5d8157d9db507aebd11799f3fb7c17a09533032f,83.50000000000001,0.0,Widthuh21
2026-06-20 07:03:19,day,weather,99,0x15820f9c6d7281e59225d40eae944a185072e7d0,82.5,0.0,drum06
2026-06-20 07:03:19,day,weather,99,0xd2d66f4866fc551ae544c6d8b1a694342d0c26db,82.5,0.0,chargeAwful
2026-06-20 07:03:19,day,economics,1,0x0130afd6f3efddf1c3e16e01217b172dd9befb49,54875930.29614535,200.92,123987456
2026-06-20 07:03:19,day,economics,2,0x4a86353a4c7d93f7a68fb802656a253824602220,13287431.200828096,0.0,bourn22
2026-06-20 07:03:19,day,economics,3,0xe0e310382cd82ddd5aef2d53593e04f815aa26c0,2537733.7477590004,0.0,cristopher-odit
2026-06-20 07:03:19,day,economics,4,0x152ee0ec65999ca23c958c3d442a7deb7765748b,908163.050476,0.0,TheLastCall
2026-06-20 07:03:19,day,economics,5,0xc82f0a25aad828f59347670e63ead5ea144466a7,561695.9329898005,0.0,bobbityy101
2026-06-20 07:03:19,day,economics,6,0x1b2c3a397fa667a06cb5d3b7df788107fc674bad,376305.0,0.0,Lansky
2026-06-20 07:03:19,day,economics,7,0x1c560b61a14bb030f2eceeda8f1da9074c3f0b1d,226491.329785,0.0,svoter
2026-06-20 07:03:19,day,economics,8,0x4d3e59470cd241c4382cabbd2bfd10037cce58c7,52109.54184100001,0.0,ScamWick
2026-06-20 07:03:19,day,economics,9,0xc851cd9bee7d262afd78674f861f9f576a12cd2a,7766.242330874193,6838.47691,betwick
2026-06-20 07:03:19,day,economics,10,0xde7be6d489bce070a959e0cb813128ae659b5f4b,7068.583892739989,0.0,wan123
2026-06-20 07:03:19,day,economics,11,0xc6587b11a2209e46dfe3928b31c5514a8e33b784,4591.02899999998,0.0,Erasmus.
2026-06-20 07:03:19,day,economics,12,0xc5d343df2e64662ca50a4d37333c183e515ad640,3129.135843910015,0.0,polywally
2026-06-20 07:03:19,day,economics,13,0x5cb0db08b209ad5ce29dc72d265908a2bffbafce,2966.791041,0.0,wannabe
2026-06-20 07:03:19,day,economics,14,0x68c24bf4a8ad4d79a6fe4b8eec6f93a02dfd1711,2955.3246701520147,0.0,mombil
2026-06-20 07:03:19,day,economics,15,0xa022ba0a68e11a78348382ff168601012d4d77f8,2635.5510829694977,0.0,yungstalin
2026-06-20 07:03:19,day,economics,16,0x7bc14171ccb0d3e6bac219ec6a76211826e28db4,2380.147002140002,0.0,coali10
2026-06-20 07:03:19,day,economics,17,0xbdcb293dd41148a20895d0e818c0d96c0756e811,2339.3015900000064,0.0,ourdemocracy2
2026-06-20 07:03:19,day,economics,18,0x54e15a0a77e3147ac78831804e5dde13cb589d5a,2161.650330393004,0.0,Adrink3D
2026-06-20 07:03:19,day,economics,19,0x8b6b42aab3d96d71992b89bb705b6a456cacafd5,1933.224975990015,0.0,sunlc.ai
2026-06-20 07:03:19,day,economics,20,0xab19716584931d81cd9e7763402673a64baa4876,1902.7723874600197,0.0,SlenderMan
2026-06-20 07:03:19,day,economics,21,0xe9514aa0b925353ea0d5e32978d636ec25ebde18,1814.2653891099908,0.0,b2d0
2026-06-20 07:03:19,day,economics,22,0x25db6ca5935ae858a5c1f2dcd5c62939805328de,1769.9988981730057,0.0,0x25db6cA5935ae858A5c1F2dCD5c62939805328dE-1770665598557
2026-06-20 07:03:19,day,economics,23,0xe7387473b067235436884d16799777cf279edf65,1745.093758522351,1508.24,Huludubu
2026-06-20 07:03:19,day,economics,24,0xc8849a93e05a2ae1b49bb07787a9e0059bb4e17e,1723.096638250001,0.0,Clicker1
2026-06-20 07:03:19,day,economics,25,0x20f916251d422f5cb9a9dd041c4ce2097b96dad9,1518.4865555599972,0.0,BettorBeware
2026-06-20 07:03:19,day,economics,26,0xb1291441c7c016e4f373418e00550949404f34bf,1439.486941080031,0.0,BobbyAxelrod33
2026-06-20 07:03:19,day,economics,27,0xc4c8983df5c71c6e7329e1a78ccbdde7ca10cabb,1436.1367220899992,0.0,CARBEACH
2026-06-20 07:03:19,day,economics,28,0xf0d9af9effd0b4a039899901ba19a05ea1a3e4ee,1039.8273976900018,0.0,polywog
2026-06-20 07:03:19,day,economics,29,0x6bab41a0dc40d6dd4c1a915b8c01969479fd1292,1035.051276829985,0.0,Dropper
2026-06-20 07:03:19,day,economics,30,0x44c1dfe43260c94ed4f1d00de2e1f80fb113ebc1,961.180619809973,57189.64738599999,aenews2
2026-06-20 07:03:19,day,economics,31,0xe4ac4992830faddb22e0fe10b9d2f60cb0ed448a,928.1518571299985,0.0,NyxoroVambletine
2026-06-20 07:03:19,day,economics,32,0xa52b785a5510117ac3ae03d75d029f89a36c9480,914.7782016650017,0.0,Hashbrown
2026-06-20 07:03:19,day,economics,33,0xe9076a87c5ed90ef16e6fe6529c943baeca0cff6,868.3881405307111,15019.327608000001,suntori
2026-06-20 07:03:19,day,economics,34,0x49ebd7ba46eca5e7a7336027d7b46792bf39cf37,755.1695602500004,0.0,Makesmesicktomystomach
2026-06-20 07:03:19,day,economics,35,0xf4baccff188321440a1ed01a5d5fd89c3e1f5933,716.2560999999987,0.0,Treadmilled
2026-06-20 07:03:19,day,economics,36,0xbb8e6477bcb4d0a79449507c607d36fd228fb243,709.1679999999906,0.0,Generator
2026-06-20 07:03:19,day,economics,37,0xb10047d6a254b2ebb306d7a7d13bf59171ab6461,682.0563381595002,0.0,Parz1vaI
2026-06-20 07:03:19,day,economics,38,0xaf41f585bd689f8127536c14391283f484511587,631.301744,0.0,EGGGGGGGGGGGGGG
2026-06-20 07:03:19,day,economics,39,0x0eaa43c627cd482acb6866a03fe1138495e0c521,601.3556254359974,0.0,MB1982
2026-06-20 07:03:19,day,economics,40,0x02388370985ec313bcc199911073f91f52b6eb0b,549.1883813699992,0.0,DoloresZ
2026-06-20 07:03:19,day,economics,41,0xc02147dee42356b7a4edbb1c35ac4ffa95f61fa8,537.7703080563952,0.0,Eatpraylove
2026-06-20 07:03:19,day,economics,42,0xcd6be6693e2bc11150d397caa9e6f7c6744b68f5,509.57991511900036,0.0,AlfredTheShiller
2026-06-20 07:03:19,day,economics,43,0xe472ce6be1fb4673d6155de37e414ead8bace7eb,478.784800257994,0.0,TheRealWarMonger
2026-06-20 07:03:19,day,economics,44,0x801dbe416065cfa8ecffeae526eeb37f393fd8e0,449.998129600001,0.0,Niseko
2026-06-20 07:03:19,day,economics,45,0x3a8aa345d5db7ec5138298c8c4f4540259be7699,414.7678608060087,11690.868946,TheReturnOfDarthMaul
2026-06-20 07:03:19,day,economics,46,0xe234959595e01dacd391a9502a6ad0edf4e3304a,406.0571781200006,0.0,WW3-Monitor
2026-06-20 07:03:19,day,economics,47,0x62bc3f4a07fc44629b7a38a7ac560a42a7655053,383.7794899999998,0.0,zecach
2026-06-20 07:03:19,day,economics,48,0xed107a85a4585a381e48c7f7ca4144909e7dd2e5,381.14941701921634,5416.96,elmcap2
2026-06-20 07:03:19,day,economics,49,0x8390808cefaf138f02b7fb0beff93148ce0809f1,380.00339246999965,0.0,miskulinac
2026-06-20 07:03:19,day,economics,50,0x62614941e83ed27ab1b6ff7c81207b16f4682e11,377.4363049999997,0.0,pulgarcito23
2026-06-20 07:03:19,day,economics,51,0x7a1c62f99b06ed4438d4a0c6ff1aff9373ed78bc,375.8081910000001,0.0,User42-753
2026-06-20 07:03:19,day,economics,52,0xc427980d20632c60c5a43fb689540c7f6f776f4d,359.0531252899991,0.0,kastetem
2026-06-20 07:03:19,day,economics,53,0xb6c83e346ab31df6e24bc53ecb6e15c03b75b9e6,353.3010008499987,0.0,shibagege
2026-06-20 07:03:19,day,economics,54,0x943ceb686511fe7aaca6a863b00493e088da1d17,346.2798129299995,0.0,DaMonkeyHope
2026-06-20 07:03:19,day,economics,55,0x4728d8377019661b41a2fdca0da55c1dd1e06426,344.35481463999895,0.0,Miracle007
2026-06-20 07:03:19,day,economics,56,0x33dc4cd4a175180fda291f2ab1876e03e247bb81,339.2661248400036,0.0,hawkj
2026-06-20 07:03:19,day,economics,57,0xeb6f0a13ea8c5a7a0514c25495adbe815c1025f0,312.62195218653505,7936.8611059999985,87867564576879
2026-06-20 07:03:19,day,economics,58,0xbe89905ca9a689f5129621b62fcf715b5a45b88c,311.9180556065112,0.0,simpleman
2026-06-20 07:03:19,day,economics,59,0xac907f33498dc8a1617d0e7a9d3f7d91debe5d06,307.4764930800002,0.0,BTCisMYlove
2026-06-20 07:03:19,day,economics,60,0x4a2be7a7e6e3b41dc2de00706b4c09660ca9af20,299.999838039992,0.0,troim
2026-06-20 07:03:19,day,economics,61,0x844ef6cdd0a4d691b7a81429ee550f025aa64f41,299.99971055100195,0.0,flyfat88
2026-06-20 07:03:19,day,economics,62,0x4478d7bd8a295691ac84f60a5ec2b47e122102a4,292.5001428589967,0.0,Warren-Buffett
2026-06-20 07:03:19,day,economics,63,0x60a32f71352159d2671ab79542863d6cdfa8378d,288.2227982300001,0.0,Steve.Park
2026-06-20 07:03:19,day,economics,64,0x84956098a279f4beaf85696f461e60d75241b6e8,286.1530872200019,0.0,Oracle99
2026-06-20 07:03:19,day,economics,65,0xdd08917881cbda78721c6d05a3e6b9ac1aef5ee9,285.59598299999925,0.0,exposito
2026-06-20 07:03:19,day,economics,66,0x398dafc40ced1757f33a263d809f18666ba5c7c3,277.13580103999993,0.0,horiz0n
2026-06-20 07:03:19,day,economics,67,0xa5fda0340959e67ef9de8bc5caf1c502c6f736d1,271.69915502300046,0.0,88blitzcrank
2026-06-20 07:03:19,day,economics,68,0x93a93d84d44270b5b86dad5c28eff367a7d70b88,267.73536667999997,0.0,
2026-06-20 07:03:19,day,economics,69,0x47ae6d13566c3418c4795c98ced1f197575eee94,267.1754897600008,0.0,JasonPunos
2026-06-20 07:03:19,day,economics,70,0x2b76c1d12cd928b1d95a6d2c7f1e6f6e7f14edef,265.22684618000494,0.0,idfinsider0228
2026-06-20 07:03:19,day,economics,71,0xb2d33c021c5d4c1d447fb191cf26f7d966839633,252.08634543000153,0.0,bobboberson
2026-06-20 07:03:19,day,economics,72,0x328dc4b82869856f3e1a1eae904e67957641f7a9,251.62000911999985,0.0,apmt
2026-06-20 07:03:19,day,economics,73,0xe033e9d4a0e8b30c417f3f7abcb029bc695940a5,247.44230033599888,0.0,CDAP1
2026-06-20 07:03:19,day,economics,74,0x2200b75c27835935a40308779b5656c09ab40f2d,242.63862996999887,0.0,BeanC0unter
2026-06-20 07:03:19,day,economics,75,0x92e53057ef2872722a53fe807245bd387e1defee,242.20986042999903,0.0,GrokEnjoyer
2026-06-20 07:03:19,day,economics,76,0x9dc5f4dc0ece70aeb116a6f75a29cc1550e75a8d,240.89212326000052,0.0,asdfasdxcxc
2026-06-20 07:03:19,day,economics,77,0x269ced0ede348b4b3f8fd8470b19f65508f79017,237.5498000000007,0.0,allen111
2026-06-20 07:03:19,day,economics,78,0x48d6f4103cfcadb098d9aa5104371b21e926653c,235.80534328999784,0.0,0x48d6F4103CfCAdb098D9aA5104371B21e926653C-1767066284282
2026-06-20 07:03:19,day,economics,79,0x0b13ffcfaa14fdf81196a961e1c5750b697a5957,232.55685273000017,0.0,.yumeko
2026-06-20 07:03:19,day,economics,80,0x8dd73d74b1210be2d5e171c9edd58aeebddfdd08,230.99865274999956,0.0,Jessica562
2026-06-20 07:03:19,day,economics,81,0xeb22f4735df6bd5d14e1b5fd10faefa7757d808a,224.9584007006829,5000.0,BigRabbit
2026-06-20 07:03:19,day,economics,82,0xac9b386454ed02ef205e0ebd189d8864fd02d4c5,222.6907000000001,0.0,tryingmyluckhere
2026-06-20 07:03:19,day,economics,83,0x71edffd0d70a1da823ff07a3c6fc81457294d338,213.7972024680348,0.0,pako
2026-06-20 07:03:19,day,economics,84,0xa07ddb63b8ad20854f59fd10ebf126b41c9f9871,212.69931537949947,0.0,mytothemoon
2026-06-20 07:03:19,day,economics,85,0x0d6fa8636eec21c43937fef5afd6ad2bea246292,212.67857140999968,0.0,0x0d6fA8636eeC21c43937fEF5AFd6AD2Bea246292-1780078703919
2026-06-20 07:03:19,day,economics,86,0x9efda3d6354152901fc4706c3b1a9ce50b45ad00,208.43043769997894,17064.5,Istaroth
2026-06-20 07:03:19,day,economics,87,0xce71bed9dd1418abc34d244730879d795e8683bc,204.1000689950015,0.0,tutrucks
2026-06-20 07:03:19,day,economics,88,0x71ca04d689bc38c5e4dcda8a4d743f279c5a3501,203.41292423996492,0.0,Ronaldo2100
2026-06-20 07:03:19,day,economics,89,0x79c57d19c53ba0efd881b2fd1f45cf4ee30ba78e,202.6010786400002,0.0,chinesedushen
2026-06-20 07:03:19,day,economics,90,0x0e5bd76779e74304d08e759072abf126d87da593,200.00005716993473,0.0,JAHODA
2026-06-20 07:03:19,day,economics,91,0x17600e58febff4f44d773ca63135f7a0afcb56ec,200.0,0.0,jack1258
2026-06-20 07:03:19,day,economics,92,0xe53312c6c15af508e0c31e2cfadbefddd399ab29,196.49878004998754,0.0,WharfMan
2026-06-20 07:03:19,day,economics,93,0xecaa8806a9a05049d7d5260a33dc924220e377a9,195.78626326999802,0.0,Melody626
2026-06-20 07:03:19,day,economics,94,0x5cd5c8d7a17c78d7389d8b87b611aed83322ac33,195.73585283005377,0.0,nonkenny90
2026-06-20 07:03:19,day,economics,95,0x5927a00e9b7669f80e358535b8036f0cb47193dd,194.18116478000047,0.0,Brown-Weasel-Coffee
2026-06-20 07:03:19,day,economics,96,0x7e3515169fdc77abe35a91534219050b15bb79fb,193.08223165000004,0.0,lilos123
2026-06-20 07:03:19,day,economics,97,0x8df92602ec9c454e8099d9dc4a3f0d21daa0468c,192.33223101151998,3111.11111,0x8Df92602EC9c454E8099D9dc4A3F0d21DaA0468C-1766855317883
2026-06-20 07:03:19,day,economics,98,0x577ea7fbfa33ea4cff794b92502eedbcc19f2ea0,190.95223587999953,0.0,0xA18e249Fd4c3071a580b1ADf44B345aEa805f9C9-1772330171906
2026-06-20 07:03:19,day,economics,99,0x60567382d04d7af8776eea04468a918519ebc27c,190.3945992959998,0.0,akimbogod
2026-06-20 07:03:19,day,economics,100,0xc0bff7089f8536447e3d963fcbaa2d07e3e12032,186.57061127600173,270.0,baran-ludoman
2026-06-20 07:03:19,day,tech,1,0x5a218c7ad04135830a45c41aaed7294df7809318,912.5256857254899,4535.458962,balthazar
2026-06-20 07:03:19,day,tech,2,0x2589876f7934d8b9ed551e911e1b50dabbcc6868,603.78784066,6983.780000000001,aussietoken
2026-06-20 07:03:19,day,tech,3,0x03805a13a0b3e058f55f6c6af95389d4f431073d,458.35469790769366,7441.294772000001,donthackme
2026-06-20 07:03:19,day,tech,4,0xf08c827f8bccc70f51686be5538611fa696a91e9,435.96700099999964,0.0,Tourte-chaude
2026-06-20 07:03:19,day,tech,5,0x4d1bcbaeed22c6da173b1a356c3c6d2270081419,405.17800615849956,0.0,RolandChang
2026-06-20 07:03:19,day,tech,6,0x4f1d5ae26fc31472966e951af3183308736d8de2,404.5774601776234,8108.244699999999,e46m3
2026-06-20 07:03:19,day,tech,7,0x7c4e7df4ceb66e6391ddea48b77c376667e16cad,339.913188,0.0,Delta141
2026-06-20 07:03:19,day,tech,8,0x3594526e2a0aaf467038ee1799d6ded344aedc58,317.8973854104993,0.0,Linslav
2026-06-20 07:03:19,day,tech,9,0x726c6e3d5cdb1a8a97b38c0e2d88448b19d66bfd,232.05232172999993,569.29,idl
2026-06-20 07:03:19,day,tech,10,0x4d52c03eebf050e6de2ba779443d8c67c600f88a,225.99779999999998,0.0,hansaplast
2026-06-20 07:03:19,day,tech,11,0x279c5de35108afc30b99f09e595555b428e92b82,218.26632629950012,0.0,0x279C5de35108AFC30b99f09e595555B428E92b82-1777882786715
2026-06-20 07:03:19,day,tech,12,0x75f460ec201d3ff97965b98b9ecc9d4fa69f974b,209.25951071999998,0.0,0x75f460EC201D3FF97965B98b9ECC9d4fA69F974B-1780364801518
2026-06-20 07:03:19,day,tech,13,0x36901eb0f21519cc9055662a6d2483e96da1e16f,205.94146687600028,0.0,melchior1248
2026-06-20 07:03:19,day,tech,14,0x98a3e4d00ee7b0e00192bd66536cc52c756d5b37,196.25767488000002,0.0,0x98a3e4d00Ee7B0e00192Bd66536Cc52C756d5b37-1769534825045
2026-06-20 07:03:19,day,tech,15,0xfd557e6db670c9704bc1d0d8e8b585c7d9c9f905,192.85935956450123,1923.0,northdrawer
2026-06-20 07:03:19,day,tech,16,0xc682d7943aad07c246986a7aa2989cfcb17817bb,184.89827958999922,0.0,zthunderfury
2026-06-20 07:03:19,day,tech,17,0xe38ee6bef3ea40daac3e3adc2fca23ba456850c8,183.74057672000066,0.0,CryptoBizzi
2026-06-20 07:03:19,day,tech,18,0xa67685fa5213fd8167977bfb7b3f50c06d511c22,158.13624341850004,0.0,0x8712
2026-06-20 07:03:19,day,tech,19,0xca52446eaad30e546f344849ae1afd92eb360cdf,156.71905421449947,0.0,delphilo
2026-06-20 07:03:19,day,tech,20,0xd9b5455d1ee240ce157787b87ff2e0a60f639db1,155.89113156899992,2170.0,0xReb94dd51ee240ce157787b87ff2e0a639db1-43
2026-06-20 07:03:19,day,tech,21,0x515eb2ed4e485da30d34c36ed09e0d161b7e99ed,134.28144765,0.0,0xD71Af744B092d1502293f5B193a0DB0fCfacbcE6-1772653626191
2026-06-20 07:03:19,day,tech,22,0xd07359525aa11c39cdd46a0b3038d44db308b757,132.59830556600002,0.0,Masturbator
2026-06-20 07:03:19,day,tech,23,0x6b7c45b6af364cc4bb3494c3b93894165de47677,126.41939057999998,0.0,0x6B7C45B6af364cC4Bb3494C3B93894165dE47677-1773763321805
2026-06-20 07:03:19,day,tech,24,0x5999ebfa145490e0280dd246856a5b3605f7ae94,122.27092794499868,0.0,kl1v
2026-06-20 07:03:19,day,tech,25,0x215adbb63b47d0ca92f849fe2c2dc1adb0f6254c,121.30607561450017,102.72,BikesAreTheBikes
2026-06-20 07:03:19,day,tech,26,0xe3b26753e3d262ebb34cd799d2a736b691d57d94,108.34339500000024,0.0,stpocin
2026-06-20 07:03:19,day,tech,27,0xb9df9898b6ffd4ca8c32bcd55a94bfada19ce654,104.28238422986993,4389.458782,aqaaa
2026-06-20 07:03:19,day,tech,28,0xcfff4295288ee29f75a38a7028611b7c1e93673d,100.09896857099989,1055.97,graynotebook19
2026-06-20 07:03:19,day,tech,29,0xc3c77ec11c6e485784bb150684eb83990df585fc,99.98333309999998,0.0,0xC3C77eC11C6E485784bB150684eB83990dF585Fc-1778355537853
2026-06-20 07:03:19,day,tech,30,0xa8f878d5027bbf73bb5d34e6db546abc04fe0e46,96.11227043999997,0.0,Golanido
2026-06-20 07:03:19,day,tech,31,0x30f91b6df5a62ab2e504045e25fd449a23affbfc,95.2623437455004,210.0,taerv534
2026-06-20 07:03:19,day,tech,32,0x493595eb4a9c8805bc5a6ee0501a335e2e8fdfda,88.27731747000001,0.0,
2026-06-20 07:03:19,day,tech,33,0xd0d9bc316073acb95addf458c2246517a3889074,86.68856315799985,0.0,reasoningTokens
2026-06-20 07:03:19,day,tech,34,0xa3282d3e882501229c75d0caf134e62e3afb4977,85.91779561513647,2090.0,korda77
2026-06-20 07:03:19,day,tech,35,0x090af6fd2aeb04202abc97370aa86c1b81d90fa6,82.22151518831225,2138.05,VictorLudorum
2026-06-20 07:03:19,day,tech,36,0x8fbd3b5e4efa9f0a4b094829d66832e44b330b14,82.00072161000001,0.0,ANTINY46
2026-06-20 07:03:19,day,tech,37,0x26884e442a62b9587fd5e7012389517cd52ccb00,81.28571873550027,0.0,dzP3
2026-06-20 07:03:19,day,tech,38,0x9c8ee2d2b2885238201e75bb0db0937b40162bb0,77.3818875,0.0,0x9c8Ee2d2b2885238201E75BB0dB0937B40162bb0-1777844290309
2026-06-20 07:03:19,day,tech,39,0x4651a0f22d5ec7dd649a5c8399da4402c8902943,77.1314499,0.0,0x4651a0f22D5EC7Dd649a5c8399Da4402C8902943-1779777271428
2026-06-20 07:03:19,day,tech,40,0xccf38a9b206907a00dbfddebeab19aab1e048f27,76.74909999999909,0.0,okc35
2026-06-20 07:03:19,day,tech,41,0xe018ac1e9914f9061e9b4969a09b17984e44a22d,76.33065875249986,738.21,testik2
2026-06-20 07:03:19,day,tech,42,0xb26312b4e42b7ee92186ca4d412374c2ea056484,75.58975000000005,0.0,pp2223
2026-06-20 07:03:19,day,tech,43,0xb52306b7b6607209eb4b34c5470b6d00c0aa4b8f,75.19250057982498,236.5,ployJojo
2026-06-20 07:03:19,day,tech,44,0xe562cfbf7b3292e0deb29a5b8fd3c38af4794fa9,74.700854025,0.0,Its-Bane
2026-06-20 07:03:19,day,tech,45,0x564f22744b7941ade18d5e0e4f347c30e3057026,72.50005078815593,122.905881,molodoyy
2026-06-20 07:03:19,day,tech,46,0x714f682e577a6892ee921290fd6ad213d11266d5,70.55233500000003,0.0,Poivre
2026-06-20 07:03:19,day,tech,47,0xafa7c29727630c2801583314c9a13c65030d2cee,70.09328699999969,0.0,p0laris
2026-06-20 07:03:19,day,tech,48,0xb7c14d6499f9701f75e01f3d66dc28581ee540d7,69.64072709999999,0.0,victorluvcodex
2026-06-20 07:03:19,day,tech,49,0xe5c73636c867e46324474995e29abefea3ca31cc,66.97039050000001,400.0,Madskillzco
2026-06-20 07:03:19,day,tech,50,0x7d1bb9f000e5fce13db3a0927b64aa38e69de75c,64.98853798949978,0.0,bmtr
2026-06-20 07:03:19,day,tech,51,0x7018ba02d635bd8afc0fa8d0cb45d073cc7e98c2,61.28978232999998,0.0,cryptofund
2026-06-20 07:03:19,day,tech,52,0x9d4aea6f0609c6a77070c573d78679ba4d136cb1,56.66657211000074,0.0,ToyodaMan
2026-06-20 07:03:19,day,tech,53,0x866fd4f4299826b926fa646d57b922c588c2a120,56.11628516,0.0,ygg5
2026-06-20 07:03:19,day,tech,54,0x97f3f9f15c0063710c60d3ac9c40d17f4ba60eba,53.44369398000026,0.0,Investnow
2026-06-20 07:03:19,day,tech,55,0x0c99e528d01b62a2ff9e9982e2913d2e935287cf,52.61373513000035,0.0,CloudCactus
2026-06-20 07:03:19,day,tech,56,0x355e5ae20cc1a3a2164f818e4bac8d22dd72a038,49.30445635700107,0.0,Olcan
2026-06-20 07:03:19,day,tech,57,0xaee811b7c7e5d961b545ac0e3f62f5f1cb181154,48.18633894449999,678.82,1in1000
2026-06-20 07:03:19,day,tech,58,0x8575467a6743c81ef0a8d06acc76e99b454a87fe,45.15110840318016,389.0,products
2026-06-20 07:03:19,day,tech,59,0xef9fb7322631ecb96f40c7210006ccb4066d8924,44.998688699999995,0.0,Sai28
2026-06-20 07:03:19,day,tech,60,0xbf52d2fcf746d06bb75d94f77c004579aacb7839,44.83372621250001,0.0,lasidia
2026-06-20 07:03:19,day,tech,61,0x58c028e7c41ba7ef2bde2142cd371cf491661c8e,44.61548866999965,0.0,residual
2026-06-20 07:03:19,day,tech,62,0x0256f98552844dfe9ea8c5166988257b18872b78,43.88107124999988,0.0,JBL0203
2026-06-20 07:03:19,day,tech,63,0x34dad18d5ef5a552fbde3ff448212d904c6929b3,43.30848216250004,0.0,Sugadisna
2026-06-20 07:03:19,day,tech,64,0x565e2a6c5f7a82a439cf70ff6a331071f95e875d,40.971599999999995,0.0,Oliver1978
2026-06-20 07:03:19,day,tech,65,0x027a422d069cde53d7ff6baf4ed3212d7a23ea13,39.66786114000024,0.0,LongBFIT
2026-06-20 07:03:19,day,tech,66,0xc5187cb669690150643ba2f9aac6b7d98d212594,39.44442625684144,524.981031,mustbethewater
2026-06-20 07:03:19,day,tech,67,0x3dd2db2d398ff72c2c71c9ad6473368b941e9ab1,38.72735944000004,570.0,paspor
2026-06-20 07:03:19,day,tech,68,0x8de51fa1e2b768d4ef57376564284c8753b484d7,37.50740497087803,2390.747426,0x8De51fA1e2b768d4eF57376564284C8753b484D7-1765907608565
2026-06-20 07:03:19,day,tech,69,0xd2f6b6b2d82a88ec6322e82f0096c6e7f11b736f,36.40165014000013,0.0,Salimjs
2026-06-20 07:03:19,day,tech,70,0x2cd1d246218791da21cfa0663ff2f05903daaae1,36.22126475694313,1571.353293,Marhal
2026-06-20 07:03:19,day,tech,71,0x12bbae7bd2c8e6eabb598af12132c1605216f88a,35.37248553999996,361.5,Maxmokat
2026-06-20 07:03:19,day,tech,72,0x10b289276b2b69cac7b1bbc58601009b6ee74ceb,35.32821301749997,1.19,5273853
2026-06-20 07:03:19,day,tech,73,0x5b6331e7ff0831a3fe2ed12004747db1a9c911a4,33.29443048249959,0.0,neutralwave23
2026-06-20 07:03:19,day,tech,74,0xa532080a6b5e9d9790340c65f9e277a9aec2114b,32.94741668000006,0.0,deepy17
2026-06-20 07:03:19,day,tech,75,0x87f2d5dcc954b61a10f48f8330bd2101764a83c6,32.7983499,0.0,0x87F2D5dCc954B61a10f48f8330Bd2101764a83c6-1779512161772
2026-06-20 07:03:19,day,tech,76,0x9d34b2cfc22003cdc78bfbf40e57d7ff77a615a1,31.162113669000007,0.0,0x9D34B2CfC22003cdC78bFBf40E57D7fF77a615A1-1768912344845
2026-06-20 07:03:19,day,tech,77,0xe639e41094bbeae18f3e6d1790c17299183f082a,31.141987199999676,0.0,0xe639e41094bbeae18g3e6d1790c17299183f082a
2026-06-20 07:03:19,day,tech,78,0x241ff966f22080fbee3928e194763e575847e15a,31.031745,0.0,0x241F...e15a
2026-06-20 07:03:19,day,tech,79,0x143732d8a06bd1596c694f7873cd493be80aacfe,28.57205924499999,0.0,frozenriver
2026-06-20 07:03:19,day,tech,80,0x391f4946c6a4b82baf69454edd173312ccfab017,28.183200000000056,0.0,RGBluey
2026-06-20 07:03:19,day,tech,81,0x760907c8840491c8c86fddb843d3f1d801786c4e,27.639999999999986,0.0,0x760907C8840491c8C86fdDB843D3f1d801786C4e-1771959662080
2026-06-20 07:03:19,day,tech,82,0xca1f9b9d67d947c8007d9814e8f9d6045cccd282,27.183762536868002,20.0,KickstandBot
2026-06-20 07:03:19,day,tech,83,0xbe6fb6d561d163d8c46a6e107b1e21a830f1b760,26.999999999999996,0.0,StefanYoptO
2026-06-20 07:03:19,day,tech,84,0x2b9dbf4b6e0e11309a9d6d2a09b72f65f652adc0,26.909697365,1778.9004599999998,garnejota
2026-06-20 07:03:19,day,tech,85,0x3f73b7ace2bb5c65705bf0b7ec5f40693ae8acef,26.386199999999917,0.0,0x3F73B7Ace2BB5C65705bF0B7EC5f40693Ae8acEF-1776633856762
2026-06-20 07:03:19,day,tech,86,0xa1a584060a82130f50c3f00f86f6645bae18f928,25.884886579999996,0.0,0xA1A584060a82130f50C3F00f86F6645BAe18f928-1776561652744
2026-06-20 07:03:19,day,tech,87,0x6ad0c9c6fba106dee19fafc675cd560fcc1c7ecd,25.75563624,0.0,Maousama1024
2026-06-20 07:03:19,day,tech,88,0x271229d5fa9dbef1476e14eedae67fa634c4eb71,24.97761160275593,109.883332,
2026-06-20 07:03:19,day,tech,89,0x28bf066c6cb952da62d6d182c16ad173ada64a4e,24.548209750500234,416.8,plainfolder
2026-06-20 07:03:19,day,tech,90,0x0243eeb75e3347d16907d96781e1b70ecf614ce7,24.454285560000002,0.0,0x0243EEb75e3347D16907D96781E1b70Ecf614Ce7-1778354380672
2026-06-20 07:03:19,day,tech,91,0x54d1d9d97263e44747bc4606dcdb38d3d0cf13f4,24.1191,0.0,Trumped100000
2026-06-20 07:03:19,day,tech,92,0x2110ba2a1e18840109482ff4ddc547baeff45850,23.538101357004052,0.0,George.Smiley
2026-06-20 07:03:19,day,tech,93,0x6b0ebbef2630b9a0da35594bf7ddd1911246e3ea,22.695533568924247,1328.6834400000002,
2026-06-20 07:03:19,day,tech,94,0x784feec38475dc47e63c3a16cbd24b905dab5df9,22.071955000000116,0.0,diadjaid
2026-06-20 07:03:19,day,tech,95,0x4c99cd71c06e2efdd9bb679f3a2a6bdf6bf46efb,21.9015,0.0,meteortrex
2026-06-20 07:03:19,day,tech,96,0x1a3673227f941f54969473458375470fa0bb6962,21.891238509999997,102.93,mecodes
2026-06-20 07:03:19,day,tech,97,0xd28142454d575c37c33ba05f9046292eae91a3c9,21.884021609999994,0.0,
2026-06-20 07:03:19,day,tech,98,0x9e88f359b9803e41420fbb13385c5ae1765c301c,21.361400000000046,0.0,apofett
2026-06-20 07:03:19,day,tech,99,0xcb9c7b4407f15b6c95bcc620e228614dee5c32e2,21.0,0.0,Steven-Jenkins
2026-06-20 07:03:19,day,tech,100,0x1a0f17f7a2a9a65ea669871fddd4d5c93cda53a2,20.849268630000097,0.0,nicknigelloki
