timestamp,timeframe,category,rank,address,pnl,volume,userName
2026-08-22 03:44:31,day,overall,1,0x6d20c35f65d9899b6d6b74f8466e824580f9a165,215894.70423605945,0.0,Djdjdjekekek
2026-08-22 03:44:31,day,overall,2,0x5e9458202b5817a72cf81105ec8a30e6f3705ba1,156903.7546504013,141893.422334,pleaseplease123
2026-08-22 03:44:31,day,overall,3,0x2c335066fe58fe9237c3d3dc7b275c2a034a0563,76986.81909639805,339975.79907999997,0x2c335066FE58fe9237c3d3Dc7b275C2a034a0563-1759935795465
2026-08-22 03:44:31,day,overall,4,0x682005011dd19c1e986cb060ed6ab83845f21c19,69528.75356966998,210295.63,winwin518168
2026-08-22 03:44:31,day,overall,5,0xbdea99acf04cb6863252d43b13db89d5c7681db5,57519.08329000001,0.0,saftey-first
2026-08-22 03:44:31,day,overall,6,0x2dc13c6bda81b202281e796953a7323de675b33c,49935.02250257999,75789.46,xifutloong3
2026-08-22 03:44:31,day,overall,7,0xdc41c39b95453c943174f369926018f6963bdd7e,42472.45409100423,352426.294112,quavoo
2026-08-22 03:44:31,day,overall,8,0x5268527977f700f9bf9b6d5cd843859e4e70135d,40538.687939923024,894351.6588220003,HomeRunHazard
2026-08-22 03:44:31,day,overall,9,0x3dfb153c197d4c19d3b31c1ecd2c7b6860eeabaf,35951.22281563468,699086.280154,0x3DFb153c197D4C19D3B31c1ecD2c7B6860eeabAf-1722957908185
2026-08-22 03:44:31,day,overall,10,0x21ffd2b7a212a6f277ed3eca1a9f8efcbca90d71,30528.332122554562,47539.956573999996,Haradwaith
2026-08-22 03:44:31,day,overall,11,0xaabec5bfb0c7e2516900c4066ae58073d59e9158,29256.76967609994,0.0,vd777bond
2026-08-22 03:44:31,day,overall,12,0x684baa57c338c2549aec0aa3f034f695d72a8409,28875.881579867186,81978.219218,monkeymashingkeyboard
2026-08-22 03:44:31,day,overall,13,0xdb859a551fcf56e49416160911476bea7307152f,27664.196789437206,0.0,AV23IUa
2026-08-22 03:44:31,day,overall,14,0x03805a13a0b3e058f55f6c6af95389d4f431073d,27338.44997191436,10251.244502,donthackme
2026-08-22 03:44:31,day,overall,15,0xe4a785280932b1de883176e17284a4ad19194a1d,27268.278890999998,0.0,tikstt
2026-08-22 03:44:31,day,overall,16,0xbca08c1bc204a34f2fddbe47b438b9bd42ac9705,23513.098194159567,212805.81589,1winstreak1
2026-08-22 03:44:31,day,overall,17,0xaa7789219c17e180dcb5933099c90d885f1d15a5,23485.750394199335,56362.118963,alaskabaked
2026-08-22 03:44:31,day,overall,18,0xc8075693f48668a264b9fa313b47f52712fcc12b,22947.134372674962,0.0,texaskid
2026-08-22 03:44:31,day,overall,19,0xa38a455bbdd4b68486548b7e19da99903f4f821d,21401.826308491025,74108.507661,takeormake
2026-08-22 03:44:31,day,overall,20,0x27f738fe203827445690339104aae35b20bc44b0,20901.846236000187,13936.0,ic4cream
2026-08-22 03:44:31,day,overall,21,0xe16d3f2a5807999b358affd9445c3a09e45e5e30,20333.336046012526,104565.919413,0xE16D3F2A5807999b358aFfD9445C3a09E45E5e30-1776429210592
2026-08-22 03:44:31,day,overall,22,0xab51c55eb5cefec49c52a174acc10b3cd69e2473,19656.160716365503,2281.74,Longdemshiuchiha
2026-08-22 03:44:31,day,overall,23,0xb9392e612a5b05063ca012b5dede548e16e5da70,18392.5971945,0.0,IcemanSeason
2026-08-22 03:44:31,day,overall,24,0xce50c96b976203b53342a0a801067d2cdcfcf46e,17500.251230999995,153522.31083099998,honey-spot
2026-08-22 03:44:31,day,overall,25,0xa0f21e6d351baa9185716b5c00c2925ed9621848,16914.628853811915,116442.56133899998,
2026-08-22 03:44:31,day,overall,26,0x45e40dbee6f546c7b318498f8c9778560f5a7e20,16802.25996584499,0.0,fastball67
2026-08-22 03:44:31,day,overall,27,0x8bfee7aeca33003fe9d7398d5143dc7866542d74,15651.443006188929,91947.387248,tennischamp
2026-08-22 03:44:31,day,overall,28,0xcd65c3279408a33866a9129bed6943064cb6ee96,14016.959960239416,28371.981805,NiNo999
2026-08-22 03:44:31,day,overall,29,0xa080dadd87036ad01dbf5e9c254b0c3dbdba234f,13068.403076048708,20742.373635,bands1
2026-08-22 03:44:31,day,overall,30,0x8ca79e87be1de1a656bf6d93397f4e3c59fbbf27,11944.98063367507,40739.099622,MadoffVault.Sol
2026-08-22 03:44:31,day,overall,31,0x82398835fe16616214d928ba87127e28fc1cd9a3,10783.377614349476,70869.565216,Kosherlocks
2026-08-22 03:44:31,day,overall,32,0x67ac9e1ad7d7e74ef0215d14fc8edb538e4fedf1,10749.396576208812,266908.668602,fkcvffcjt
2026-08-22 03:44:31,day,overall,33,0xf705fa045201391d9632b7f3cde06a5e24453ca7,10583.605412929319,50491.954719999994,
2026-08-22 03:44:31,day,overall,34,0x0353aaf82abbd3e69c00059df0a825bc198fc2ff,10524.944989613963,0.0,AGUGava
2026-08-22 03:44:31,day,overall,35,0x1d1ade627d0bb0205758580b20d808573e720df6,9894.007434378495,0.0,Pwaddler
2026-08-22 03:44:31,day,overall,36,0x88d17ad6bf91ca0935f6e70b37ebe3db92b618da,9671.575665233562,72707.48246500001,kahe
2026-08-22 03:44:31,day,overall,37,0x8c406c3275517b345e9481c49125e9a6629780df,8732.985912810002,0.0,Daemon99
2026-08-22 03:44:31,day,overall,38,0x88c3fcdca5c1a4afbcc6352ba3a50123d17dbea3,8477.589372801034,41021.321537,GEAEW
2026-08-22 03:44:31,day,overall,39,0x26b46988d027c6c03cfa12a7c0c6d778be49b8a9,8464.662093526335,62841.39868500001,kkookkoo
2026-08-22 03:44:31,day,overall,40,0xabb89972b21b304c1bed2bf26f35c8741ac9bba3,8404.05661901515,67489.02069599999,Feromont
2026-08-22 03:44:31,day,overall,41,0xe6e4b7b7bcbeb2bcdd55d7d05871e52c78abce20,8365.437627204978,10081.339727,0x7E2eca4FDc6Df066a3f50054A8824485fb3cB8d3-1777503653286
2026-08-22 03:44:31,day,overall,42,0x9b11866433281ade9f2811dbde8acdefc45f5375,8294.900827034371,33522.782114,
2026-08-22 03:44:31,day,overall,43,0xb0c85813a7a4428f1139ff91d3118a92c391fe7f,7759.447922658383,16971.909147000002,plz-give-80-rebate
2026-08-22 03:44:31,day,overall,44,0xc6e956068048c1cf98d8f0b3a495edc9da130741,7559.066288777538,0.0,luck00004
2026-08-22 03:44:31,day,overall,45,0x9e3ed7b661a903fc97afcf49e0f014ebe869f882,7491.011252783082,174302.48197999998,0x9e3ed7b661a903fc97afcf49e0f014ebe869f882-1783406009396
2026-08-22 03:44:31,day,overall,46,0x1d2efa184454366ad3e79f3395d25396c20b896d,7372.037804751511,0.0,huli3882
2026-08-22 03:44:31,day,overall,47,0x5674f6079740c1147c7bc3f67400b28767122ff4,7023.992490000008,10526.320000000002,dontworrybaseball
2026-08-22 03:44:31,day,overall,48,0xcf6c5492124794394dd9eac46498a8babbe47e66,7016.462676563799,71912.893121,one8tyfive
2026-08-22 03:44:31,day,overall,49,0xea6a63e603e10998c24b090eed719a7ff926ab5a,6627.833688000001,32978.0,kotik7
2026-08-22 03:44:31,day,overall,50,0x083431bb7614ea7dd0f27fdac075310135e8defa,6592.371832632882,57579.360717999996,HaiBuXing
2026-08-22 03:44:31,day,overall,51,0xd81e5bc01e4a98d0af93d82dc2c542a4c0f9e3d0,6573.235555000021,0.0,beet420
2026-08-22 03:44:31,day,overall,52,0x7523cafcee7bcf2db9a79d80e0d79b88a9a54c4c,6366.8279168058,236.61903999999998,DonaldinhoTrumpito
2026-08-22 03:44:31,day,overall,53,0x3dcea528f8179c175341e06b60b9eb695e5d0510,6255.625744580633,26901.638202000002,LuiaLeQuartier
2026-08-22 03:44:31,day,overall,54,0xe91171f655be1568e4c63f29663c0028649e3d4e,6184.0696337051395,26640.928618,0xE91171f655bE1568e4c63f29663c0028649e3d4e-1765651946286
2026-08-22 03:44:31,day,overall,55,0x204f72f35326db932158cba6adff0b9a1da95e14,6141.339302215725,573235.028356,swisstony
2026-08-22 03:44:31,day,overall,56,0xbc43c8bfbc4d77c2fc9011adad38ba43b88996d3,6141.191834233236,0.0,0xBc43c8bfBC4d77c2FC9011adaD38Ba43b88996d3-1765231687816
2026-08-22 03:44:31,day,overall,57,0x71200ff742dde7f1ada753d2e9b0a8b50c717c4e,5779.161486828321,6896.009134,BIAVN
2026-08-22 03:44:31,day,overall,58,0x3f3aa7005f8006bfcc367d43a25cde25509fe8fd,5598.209532617126,6443.509222,us391
2026-08-22 03:44:31,day,overall,59,0x3e04fbc51adb75418129f6ce2091ae633070564d,5246.121292134092,0.0,roldy
2026-08-22 03:44:31,day,overall,60,0x6b44c48cfbc5ef89c3d05d9c70567c36cb2e3992,5239.385107240007,7868.42,mjjbb
2026-08-22 03:44:31,day,overall,61,0x4f1d5ae26fc31472966e951af3183308736d8de2,5225.892723796552,1953.539789,e46m3
2026-08-22 03:44:31,day,overall,62,0x32b484581fc5606de9c1e43af4636b6be9bc8b21,5214.612538683337,98422.30929599999,0x32b484581fc5606dE9C1e43AF4636b6Be9BC8B21-1774274303653
2026-08-22 03:44:31,day,overall,63,0xd06c49e1c86f970bc5c48f91169a607e9b03cdaf,5202.75420000017,16516.68,Skritopoolniy
2026-08-22 03:44:31,day,overall,64,0xc9e2284d36004cee8af1dd4c4c58e281923e0475,5074.441864584991,0.0,slyfox123
2026-08-22 03:44:31,day,overall,65,0x5ba61105b276b4e793d0b5a5d773b78186720f07,4939.500000000029,0.0,ChallengerSpecialist
2026-08-22 03:44:31,day,overall,66,0x57b4520916577bfb64f93cdee2eba6709301b46b,4875.892161480209,28087.26,Skyfker
2026-08-22 03:44:31,day,overall,67,0x369f46433349a57cd6d08abf2819da737c09873e,4835.232326430421,0.0,kindar
2026-08-22 03:44:31,day,overall,68,0x96489abcb9f583d6835c8ef95ffc923d05a86825,4819.232251562393,9707.142855999999,anoin123
2026-08-22 03:44:31,day,overall,69,0x4755188644460fc8140a18ccefc1e80b6a5e4158,4763.508642824997,0.0,schizohedgehog
2026-08-22 03:44:31,day,overall,70,0xaa57cd0782fb4583206ce547379e6442db61a128,4669.109441617724,66699.45717400001,mpoly
2026-08-22 03:44:31,day,overall,71,0x0aa4d88d10e87350c70e0b8e943f057b48235dc8,4567.1388212844995,0.0,IGBB
2026-08-22 03:44:31,day,overall,72,0xc091e508990090861a6cff1734b641cf2bd4e7d0,4476.701409069992,0.0,Arkgetsu
2026-08-22 03:44:31,day,overall,73,0x4a555dd6e80ac3732ef92a29df3024e49e91a82a,4466.427146993544,16802.088343,8mavrme
2026-08-22 03:44:31,day,overall,74,0x932935dca799836a6d11dc9cd03372eea3bf035d,4356.006906665791,37399.977249999996,0x932935DCA799836a6D11dC9cd03372eEA3BF035D-1783298703511
2026-08-22 03:44:31,day,overall,75,0x7d56d84778fc6caa66f517be0ebe1df5d9f54950,4252.015365614512,0.0,AF2028
2026-08-22 03:44:31,day,overall,76,0x2d6ac4f70307102ac46e9e6ded67f3838ddf8add,4248.726972374251,19709.202639,GC-P
2026-08-22 03:44:31,day,overall,77,0x2a214973f38f9052a08a419b97141a66e84b9853,4229.110728433654,21384.201329,Hdisllbsj
2026-08-22 03:44:31,day,overall,78,0x160bf4f27cdaaaed1408ccd1558ab30c210d4296,4171.914812429051,57.2,mortewfenloin
2026-08-22 03:44:31,day,overall,79,0x3f62acb989dd53789f8453faa0b24060656ae744,4115.955670805,1022.32,mmarbles
2026-08-22 03:44:31,day,overall,80,0x2005d16a84ceefa912d4e380cd32e7ff827875ea,4105.989558577887,630308.1944320002,RN1
2026-08-22 03:44:31,day,overall,81,0x1813960ec44e1458f9acf33aef68f20fbcd5521a,4059.5337204730026,3218.369993,cappytrader
2026-08-22 03:44:31,day,overall,82,0x31706006a0ef88b2b8f6d093efbc83b359fbc6a0,4034.9932196100053,24800.63,thatguythatguy
2026-08-22 03:44:31,day,overall,83,0x4c8ed7ead1ac18338f816e964b1edde8a50eb38f,4013.597422185533,44122.41145099999,l5Zn1bW0M8eTsK
2026-08-22 03:44:31,day,overall,84,0x2b5920274740ca61745eeb077587bf5bb4ff9db6,3952.4097025415003,10915.13,aHjCz
2026-08-22 03:44:31,day,overall,85,0xfbe66593e49c4e7a7180a2582f041158bfb800f8,3904.0308760899934,0.0,gaven-willwin
2026-08-22 03:44:31,day,overall,86,0xc29198ad764bd6adaf7bb971a3757a689ece5d74,3822.1986394666583,114058.015208,SnakeBall
2026-08-22 03:44:31,day,overall,87,0xba0d049aa32383efdcb1b5e6535dcd984c369a6e,3755.9506522370093,148.0,fleeth
2026-08-22 03:44:31,day,overall,88,0xe2b1fc269d0c2e27da11fadd1d9596fe28227d2a,3691.4230937623242,0.0,New.Jeans
2026-08-22 03:44:31,day,overall,89,0xdd882a70680633a75516f6ed5fce443e2d96dadb,3625.5245889637154,51169.971691000006,MeiGuNiuBi
2026-08-22 03:44:31,day,overall,90,0x228b8d11eba89bf1c554f8879a9293b7106daf4c,3580.619844441768,233642.04547999997,0x228B8d11EBa89BF1c554f8879a9293B7106DaF4c-1765442354872
2026-08-22 03:44:31,day,overall,91,0xd6966eb1ae7b52320ba7ab1016680198c9e08a49,3539.189322165221,31298.07,Painfulvoid
2026-08-22 03:44:31,day,overall,92,0x44f28d48e7c0f41b822407236388212389ec7449,3511.993669999999,5263.16,gabbybb
2026-08-22 03:44:31,day,overall,93,0xa1f39b9b21a7bfb0f540cf106b92e240c7b7d99c,3496.6617407094745,8523.092902,facai86868
2026-08-22 03:44:31,day,overall,94,0x6ad9ff01ba3f5ecc1797c4f68a1236aca0818d2e,3447.345172369998,0.0,Heisui
2026-08-22 03:44:31,day,overall,95,0x7bf11a6836298723001dfa647b3d08da73d6b5af,3434.7514082994967,0.0,donaldump
2026-08-22 03:44:31,day,overall,96,0xc3c3b3ef304ddbea39fa2246e683a71da5d0eec8,3347.663420148252,238.26621099999997,comon119
2026-08-22 03:44:31,day,overall,97,0xe40aaa5ce1dac0b7dc24c9d0284f27e17c3fe4a2,3326.7638143432323,23305.737875,Mysaria
2026-08-22 03:44:31,day,overall,98,0xcf7379b4b891c06d88807f6f70efa75378120215,3295.416768236843,18076.870807000003,NM-P
2026-08-22 03:44:31,day,overall,99,0x0e604be17c231a33dc01e38a722c7fe3984e3bad,3265.7966392839007,138524.754899,0xwise
2026-08-22 03:44:31,day,overall,100,0x88c58610fb4bcb54b1e3e71444a19ad01b144815,3264.432467879963,22681.305636000012,pups10
2026-08-22 03:44:31,day,politics,1,0x03805a13a0b3e058f55f6c6af95389d4f431073d,26651.770648481557,4769.9779,donthackme
2026-08-22 03:44:31,day,politics,2,0x21ffd2b7a212a6f277ed3eca1a9f8efcbca90d71,12882.183104899843,21959.576350000003,Haradwaith
2026-08-22 03:44:31,day,politics,3,0xb0c85813a7a4428f1139ff91d3118a92c391fe7f,7327.9406948755495,1892.593312,plz-give-80-rebate
2026-08-22 03:44:31,day,politics,4,0x369f46433349a57cd6d08abf2819da737c09873e,4835.232326430421,0.0,kindar
2026-08-22 03:44:31,day,politics,5,0x7d56d84778fc6caa66f517be0ebe1df5d9f54950,4252.015365614512,0.0,AF2028
2026-08-22 03:44:31,day,politics,6,0x3f62acb989dd53789f8453faa0b24060656ae744,4114.074773032,1022.32,mmarbles
2026-08-22 03:44:31,day,politics,7,0x4f1d5ae26fc31472966e951af3183308736d8de2,3688.572042099753,233.312856,e46m3
2026-08-22 03:44:31,day,politics,8,0x2b5920274740ca61745eeb077587bf5bb4ff9db6,3647.1004621760076,975.38,aHjCz
2026-08-22 03:44:31,day,politics,9,0x96489abcb9f583d6835c8ef95ffc923d05a86825,3097.1246110266075,6547.572856,anoin123
2026-08-22 03:44:31,day,politics,10,0x6ac0caf622798132614a5972f81d86ff23fc55f3,2576.8235741794815,0.0,LeRoiSoleil
2026-08-22 03:44:31,day,politics,11,0x7b180973e6f69caf08a3d96d90c11122ae7eefae,2075.2825977007997,505.72395599999993,soliton137
2026-08-22 03:44:31,day,politics,12,0x04059a17569cc586081cfadad1cda190710bda82,1870.486899305004,0.0,forcestrut1
2026-08-22 03:44:31,day,politics,13,0xee0ff4a9de23e758e3f8d128b4f25fd6f62c4cf5,1827.9952247649926,0.0,drop126
2026-08-22 03:44:31,day,politics,14,0xa3282d3e882501229c75d0caf134e62e3afb4977,1811.515956524585,375.78999999999996,korda77
2026-08-22 03:44:31,day,politics,15,0x28bf066c6cb952da62d6d182c16ad173ada64a4e,1780.2427455761936,800.2758610000001,plainfolder
2026-08-22 03:44:31,day,politics,16,0x5a218c7ad04135830a45c41aaed7294df7809318,1777.6782561773434,319.047053,balthazar
2026-08-22 03:44:31,day,politics,17,0x83733b87090cf97aee473b1000beb9bfab7af0bc,1768.9384350382024,222.0,merod
2026-08-22 03:44:31,day,politics,18,0xe40aaa5ce1dac0b7dc24c9d0284f27e17c3fe4a2,1610.1508671659976,1995.9099999999999,Mysaria
2026-08-22 03:44:31,day,politics,19,0xf2f6af4f27ec2dcf4072095ab804016e14cd5817,1452.554311429616,0.0,gopfan2
2026-08-22 03:44:31,day,politics,20,0xc5187cb669690150643ba2f9aac6b7d98d212594,1184.3310120876995,1131.2970529999998,mustbethewater
2026-08-22 03:44:31,day,politics,21,0x162f6fff88a52864f2ecc9833e58089d5254798d,1156.170765024377,23400.730000000003,Valen9
2026-08-22 03:44:31,day,politics,22,0x5c14eb6a6d5083c003daa8241ed559d2dc82cc49,1088.7724811019798,0.0,forinnerpsandr1x11222
2026-08-22 03:44:31,day,politics,23,0xfbd8c9c22ca76b3662d0e53a4f79719fdc684027,1081.445567583607,1037.6999999999998,0xfBd8C9C22cA76B3662d0e53A4f79719FDC684027-1779347618060
2026-08-22 03:44:31,day,politics,24,0x0a6d26d31b28fd5a84c301f8b27296612f3b1d0a,1072.3330846191384,0.0,Bikesarethebest
2026-08-22 03:44:31,day,politics,25,0x4c8cdcdd4c92bf44e74a642254f7414de14de36f,966.180493909982,0.0,defillama7
2026-08-22 03:44:31,day,politics,26,0x1681006e2a5c3ca35767f215947326591180b1c7,860.8100448000023,0.0,shuanyang
2026-08-22 03:44:31,day,politics,27,0xbaa2bcb5439e985ce4ccf815b4700027d1b92c73,830.2963053616695,0.0,denizz
2026-08-22 03:44:31,day,politics,28,0xf0b29b5cf68c19ffaaa0c961326d5409b0a7b501,820.1908304999997,0.0,
2026-08-22 03:44:31,day,politics,29,0xcd71fd5370880f3d92bb941e628c05840fe0d127,791.2821414960781,0.0,Kevindoto
2026-08-22 03:44:31,day,politics,30,0x9d84ce0306f8551e02efef1680475fc0f1dc1344,775.1579301098827,435.0,ImJustKen
2026-08-22 03:44:31,day,politics,31,0x879247bf7570a40d193dd3bb9118820e0b194174,762.2729631702678,1885.96,hosoon123
2026-08-22 03:44:31,day,politics,32,0x23d81ba9371e576015c1e562db09c689f56b0288,749.4040959739941,1244.92425,flawfence
2026-08-22 03:44:31,day,politics,33,0x6640bd87f6e4b6e8d62457448bd1b3a4711a2202,743.1069048579957,0.0,Jellow2
2026-08-22 03:44:31,day,politics,34,0xe3479950ef6e8984df109ec5c9be40630f9fb438,729.5759153909748,427.478549,Anon321321
2026-08-22 03:44:31,day,politics,35,0x2b9dbf4b6e0e11309a9d6d2a09b72f65f652adc0,688.2240893120033,0.0,seal7
2026-08-22 03:44:31,day,politics,36,0xb98044b49fdb4b06b88e9628a4e56366057473b0,686.0858983604785,99.967095,hitunfar
2026-08-22 03:44:31,day,politics,37,0x6fe403e59634efe75f338b7b69585ab54d9d5781,624.9999985155009,0.0,Chp420
2026-08-22 03:44:31,day,politics,38,0xc851cd9bee7d262afd78674f861f9f576a12cd2a,617.0521384815802,0.0,betwick
2026-08-22 03:44:31,day,politics,39,0x3801583bca5ce62aa3ee3a2299acefd09190cbe8,549.241399999999,0.0,Messiah07
2026-08-22 03:44:31,day,politics,40,0xb4f2310271b208f35b543bde10522db44cf67851,548.267744420009,0.0,Kettle
2026-08-22 03:44:31,day,politics,41,0xf6b4b15592f51045ce6daeab9c9c18bc99e8a116,545.7129295499908,0.0,0xF6B4B15592F51045cE6dAEab9C9c18Bc99E8A116-1773473977832
2026-08-22 03:44:31,day,politics,42,0x764b305694b026c1acce7bf862c3b5456a146bad,543.0644824395276,544.0,quietparcel
2026-08-22 03:44:31,day,politics,43,0x17e313bb9173febb23c865a2ef8a4e8e0eaf9ba5,541.5188309165096,0.0,hymolu
2026-08-22 03:44:31,day,politics,44,0x85a85805bcbdf2e629788adac1420b6b53949281,539.0384827210019,0.0,LJa7io23MCv954j
2026-08-22 03:44:31,day,politics,45,0xd4281e4ed3c38413e4333b960c17bc516e456368,515.3899017924759,63.136999,YuliaKyiv
2026-08-22 03:44:31,day,politics,46,0x811b9e81f7d36a2ccde94a837c3524882b667006,509.34254796499954,0.0,truefish31
2026-08-22 03:44:31,day,politics,47,0x29705e5c09678a97e54e03282b8ee5b4bbabe1c9,506.28200800999184,0.0,Nikitka
2026-08-22 03:44:31,day,politics,48,0xe172d9e17386f9b4298e2e6eaf8c66d8a8b4e8e0,479.67609999999877,0.0,megaforest
2026-08-22 03:44:31,day,politics,49,0x9c2617462567859fcf5764e03b9a687ebca274bc,473.0119694179739,0.0,Tigerofthehood
2026-08-22 03:44:31,day,politics,50,0x7676533bc4c67b30077776a70e8921b27e073e69,470.65833320000047,0.0,0x7676533bC4c67B30077776A70E8921b27e073E69-1768063095213
2026-08-22 03:44:31,day,politics,51,0x6f40bd79f70ca03c59d7318dfebe22e65b55eb64,452.46708697963913,123.38252299999999,Fuentes31
2026-08-22 03:44:31,day,politics,52,0x3cd63e65f3df4aaf8ebe9de56fe5f8f633b218e4,451.00785340402217,0.0,HerbertAppreciator
2026-08-22 03:44:31,day,politics,53,0xce1d15f4ab2e11cca6fefe4fe7d70889e6531b9b,449.99944113998936,0.0,armads
2026-08-22 03:44:31,day,politics,54,0x8dc98564315c586f849fd5afbe3152019b77434f,446.8414841599988,0.0,dwarf123
2026-08-22 03:44:31,day,politics,55,0xe1ad277e1bc889b875c3c8c492f0afc62664d980,438.6778558000001,0.0,meddl
2026-08-22 03:44:31,day,politics,56,0xb1ca909e848cc24ec4e220ce1c453bc290c51705,437.54327909025596,23534.788062,abdkxrhxr
2026-08-22 03:44:31,day,politics,57,0xdc41c39b95453c943174f369926018f6963bdd7e,433.3617710000017,0.0,quavoo
2026-08-22 03:44:31,day,politics,58,0xde5a8b92f34439ac875ed1e9081a46f5e8a22251,424.7192722828854,4.166665,krill810
2026-08-22 03:44:31,day,politics,59,0x944e0472b99926f4f712fc97dc0a846a8c5d8c94,390.363567706474,0.0,mountaindewd
2026-08-22 03:44:31,day,politics,60,0x95bf944dd22691364154fb436ee922798566e00b,376.7812317465141,0.0,hideo
2026-08-22 03:44:31,day,politics,61,0x4be5bfbdc705157e075d21ea1926594a03aac1b3,366.9707464679958,0.0,dsoperative
2026-08-22 03:44:31,day,politics,62,0xde7be6d489bce070a959e0cb813128ae659b5f4b,366.7908115051687,0.0,wan123
2026-08-22 03:44:31,day,politics,63,0xe234959595e01dacd391a9502a6ad0edf4e3304a,361.66115583802457,0.0,0x701187150980c2421bc3c87a74dbdef31d75c6c
2026-08-22 03:44:31,day,politics,64,0xc02147dee42356b7a4edbb1c35ac4ffa95f61fa8,360.64242898038356,1852.34937,Eatpraylove
2026-08-22 03:44:31,day,politics,65,0xc3db6a07351313cc684759dee1722d2bb1e90f98,356.7702940184681,0.0,0xC3Db6a07351313cc684759Dee1722D2bB1e90F98-1768247047455
2026-08-22 03:44:31,day,politics,66,0xcf19c420814435ffb1c459588208ed23a7ee6402,349.50656588189304,726.71,PantheraUncia
2026-08-22 03:44:31,day,politics,67,0x479d647a0b3a55b87883ee7189ebb4f165b2d469,346.88600000000224,0.0,tennisclub
2026-08-22 03:44:31,day,politics,68,0x4a2be7a7e6e3b41dc2de00706b4c09660ca9af20,340.75934728050925,4209.97,troim
2026-08-22 03:44:31,day,politics,69,0xc29ecedb1f9c40aade3afee50a7bd9ea433c3068,340.4057733654772,0.0,
2026-08-22 03:44:31,day,politics,70,0x79c7c7131321d66d24d31b6982b46f6f2ca278a6,335.1493979299985,124.83,john-difool
2026-08-22 03:44:31,day,politics,71,0x7f9e2d1df78614564a70becc7fa14aa9a6623a0e,331.8091274811886,0.0,nojnn
2026-08-22 03:44:31,day,politics,72,0xb4f2592e67c333e73c923547cfe05e768180e5fa,330.4369855394907,0.0,M2sx92kljs42
2026-08-22 03:44:31,day,politics,73,0xbd0477e08d82d35a855ff19644a88a9213d8fbb0,330.0390385040664,0.0,yuhyuhyuhy352352
2026-08-22 03:44:31,day,politics,74,0x54ce7dd357766fc3255645e55ef41edd51cc9f80,329.999861290009,0.0,bwgringo
2026-08-22 03:44:31,day,politics,75,0x2d26aaa4821a4f3af55845b3726b818bd60607f4,329.46509207,0.0,alexhist
2026-08-22 03:44:31,day,politics,76,0x7e35a2a8cfd1eb1e69dacd043206db5a787f1a6c,319.35043220504303,7.04,buoys
2026-08-22 03:44:31,day,politics,77,0x59f1bead500fca3db9483f76fba8832e3c0ca693,308.0616332799982,0.0,zber
2026-08-22 03:44:31,day,politics,78,0x7285ff182f2f6ac3fd1707ead73ec25caae48f11,307.52477952000004,5603.860000000001,lablabs
2026-08-22 03:44:31,day,politics,79,0x328dc4b82869856f3e1a1eae904e67957641f7a9,299.40955978952115,0.0,apmt
2026-08-22 03:44:31,day,politics,80,0xeb490d0534bb68b4c2ce139b219a728cd2c3693e,297.7115493059973,0.0,78979879879879
2026-08-22 03:44:31,day,politics,81,0x414b394fbf7a06d3efc58934bd1602ff08c80d3f,297.0889921689886,0.0,theclownprince
2026-08-22 03:44:31,day,politics,82,0x3007ea6df4389c173a5119162be94aac6bba763a,280.25168838751415,0.0,katbot
2026-08-22 03:44:31,day,politics,83,0x4821866e7cddd2ede5888f4a7cb4b1afc7faa754,278.77278659999956,0.0,TillMz02
2026-08-22 03:44:31,day,politics,84,0x88e2b1b6c7847828fc91af43aba2fee07fb07489,270.68306177831255,180.260332,pakukudolphi
2026-08-22 03:44:31,day,politics,85,0x6bab66c4bb24c96ed14dcca0f0979b38a6830fe5,266.79231460198935,50.0,0x6bAB66c4BB24c96Ed14dccA0f0979B38a6830FE5-1760703674960
2026-08-22 03:44:31,day,politics,86,0x7e5e420a5cde8a322f3b5b93a12a164827f47315,264.9995825974984,0.0,StasPanda
2026-08-22 03:44:31,day,politics,87,0x88224edef932367b1605dd8bfc3725382afeb769,254.38661908000017,0.0,pmarket0305
2026-08-22 03:44:31,day,politics,88,0xda3f7aa664b2fbb9225b52d2eb8e3beff01bc282,254.0070849699914,0.0,xoua
2026-08-22 03:44:31,day,politics,89,0x122cb94c437ea5e6f088c6c0c143c592ab8efbed,251.12966043999404,13492.68,0x122Cb94C437EA5e6f088c6c0C143c592ab8EFBed-1782168978900
2026-08-22 03:44:31,day,politics,90,0xd3ecb2aee0d65622da559ff356b00e8c2e626603,249.07964757300215,0.0,sabsabinxz
2026-08-22 03:44:31,day,politics,91,0xf0d5eb1cbe7350f1f896ade6c172e6700414c665,243.6451244764903,0.0,yen4u
2026-08-22 03:44:31,day,politics,92,0x2b18b7130b56b7cede214fd98318f6af966ba1de,239.17511879113113,6925.902253000001,poljdnn17
2026-08-22 03:44:31,day,politics,93,0x53e55bc7cb3d67ad177c023ce891ad076a9d6177,236.2021998464479,0.0,Arbguy
2026-08-22 03:44:31,day,politics,94,0x614dc8d3542c12103d2c6a3553fd761e391d1546,229.2990551390685,0.0,mr.ozi
2026-08-22 03:44:31,day,politics,95,0xa5517ed74c6b07843946e0e69cad10a9fa94e050,228.69371674000286,0.0,SlotinCap
2026-08-22 03:44:31,day,politics,96,0xd7e3da53d32768336b53bd4120be309b72438327,222.46574800000053,77.1,
2026-08-22 03:44:31,day,politics,97,0xd24b95551eb288ff82bb625dcd7f32f62abdef76,219.5364682724976,0.0,BiDiFakePolls
2026-08-22 03:44:31,day,politics,98,0xbfe23d7adb6f6108dba269d7e8f275675f531913,211.63425000000007,0.0,justT
2026-08-22 03:44:31,day,politics,99,0x9e88f359b9803e41420fbb13385c5ae1765c301c,209.40353676150153,90.0,YoungAlphaGoat
2026-08-22 03:44:31,day,politics,100,0x71abe97b83eaba3f06cb04fd4d9a03ee37d2f015,208.8552459510247,0.0,groth
2026-08-22 03:44:31,day,sports,1,0x5e9458202b5817a72cf81105ec8a30e6f3705ba1,156903.75465040142,141893.422334,pleaseplease123
2026-08-22 03:44:31,day,sports,2,0x2c335066fe58fe9237c3d3dc7b275c2a034a0563,134176.2970782416,248182.999147,0x2c335066FE58fe9237c3d3Dc7b275C2a034a0563-1759935795465
2026-08-22 03:44:31,day,sports,3,0x682005011dd19c1e986cb060ed6ab83845f21c19,69528.75356966998,210295.63,winwin518168
2026-08-22 03:44:31,day,sports,4,0xbdea99acf04cb6863252d43b13db89d5c7681db5,57519.08329000001,0.0,saftey-first
2026-08-22 03:44:31,day,sports,5,0x2dc13c6bda81b202281e796953a7323de675b33c,49935.02250258002,75789.46,xifutloong3
2026-08-22 03:44:31,day,sports,6,0xdc41c39b95453c943174f369926018f6963bdd7e,43932.25530160952,348621.294112,quavoo
2026-08-22 03:44:31,day,sports,7,0x5268527977f700f9bf9b6d5cd843859e4e70135d,40538.687939918134,904194.9840020002,HomeRunHazard
2026-08-22 03:44:31,day,sports,8,0x3dfb153c197d4c19d3b31c1ecd2c7b6860eeabaf,35951.222815634916,699086.280154,0x3DFb153c197D4C19D3B31c1ecD2c7B6860eeabAf-1722957908185
2026-08-22 03:44:31,day,sports,9,0x684baa57c338c2549aec0aa3f034f695d72a8409,28875.881579867186,81978.219218,monkeymashingkeyboard
2026-08-22 03:44:31,day,sports,10,0xdb859a551fcf56e49416160911476bea7307152f,27664.196789437032,0.0,AV23IUa
2026-08-22 03:44:31,day,sports,11,0xe4a785280932b1de883176e17284a4ad19194a1d,27268.278890999998,0.0,tikstt
2026-08-22 03:44:31,day,sports,12,0xbca08c1bc204a34f2fddbe47b438b9bd42ac9705,23515.5981941598,212805.81589,1winstreak1
2026-08-22 03:44:31,day,sports,13,0xaa7789219c17e180dcb5933099c90d885f1d15a5,23485.750394199305,56362.118963,alaskabaked
2026-08-22 03:44:31,day,sports,14,0xc8075693f48668a264b9fa313b47f52712fcc12b,22947.134372674976,0.0,texaskid
2026-08-22 03:44:31,day,sports,15,0xa38a455bbdd4b68486548b7e19da99903f4f821d,21401.826308491036,74108.50766099998,takeormake
2026-08-22 03:44:31,day,sports,16,0x27f738fe203827445690339104aae35b20bc44b0,20901.846236000187,13936.0,ic4cream
2026-08-22 03:44:31,day,sports,17,0xb9392e612a5b05063ca012b5dede548e16e5da70,18392.5971945,0.0,IcemanSeason
2026-08-22 03:44:31,day,sports,18,0xa0f21e6d351baa9185716b5c00c2925ed9621848,17057.863480124623,113244.82133899999,
2026-08-22 03:44:31,day,sports,19,0x45e40dbee6f546c7b318498f8c9778560f5a7e20,16802.25996584499,0.0,fastball67
2026-08-22 03:44:31,day,sports,20,0x8bfee7aeca33003fe9d7398d5143dc7866542d74,15651.4430061889,91947.387248,tennischamp
2026-08-22 03:44:31,day,sports,21,0xcd65c3279408a33866a9129bed6943064cb6ee96,14016.959960239416,28371.981805,NiNo999
2026-08-22 03:44:31,day,sports,22,0xa080dadd87036ad01dbf5e9c254b0c3dbdba234f,13068.403076048824,20742.373635000004,bands1
2026-08-22 03:44:31,day,sports,23,0x82398835fe16616214d928ba87127e28fc1cd9a3,10783.377614349476,70869.565216,Kosherlocks
2026-08-22 03:44:31,day,sports,24,0x0353aaf82abbd3e69c00059df0a825bc198fc2ff,10524.944989613963,0.0,AGUGava
2026-08-22 03:44:31,day,sports,25,0x1d1ade627d0bb0205758580b20d808573e720df6,9894.007434378495,0.0,Pwaddler
2026-08-22 03:44:31,day,sports,26,0x88d17ad6bf91ca0935f6e70b37ebe3db92b618da,9671.57566523357,72707.48246500001,kahe
2026-08-22 03:44:31,day,sports,27,0x8ca79e87be1de1a656bf6d93397f4e3c59fbbf27,9293.94746778007,35689.519622,MadoffVault.Sol
2026-08-22 03:44:31,day,sports,28,0x8c406c3275517b345e9481c49125e9a6629780df,8732.985912809998,0.0,Daemon99
2026-08-22 03:44:31,day,sports,29,0x26b46988d027c6c03cfa12a7c0c6d778be49b8a9,8464.662093526276,62841.39868500001,kkookkoo
2026-08-22 03:44:31,day,sports,30,0xabb89972b21b304c1bed2bf26f35c8741ac9bba3,8403.15661901515,61913.178377,Feromont
2026-08-22 03:44:31,day,sports,31,0xe6e4b7b7bcbeb2bcdd55d7d05871e52c78abce20,8365.437627205,10081.339727,0x7E2eca4FDc6Df066a3f50054A8824485fb3cB8d3-1777503653286
2026-08-22 03:44:31,day,sports,32,0x9b11866433281ade9f2811dbde8acdefc45f5375,8295.06082703437,33522.782114,
2026-08-22 03:44:31,day,sports,33,0xcf6c5492124794394dd9eac46498a8babbe47e66,7480.303080576705,43824.559477,one8tyfive
2026-08-22 03:44:31,day,sports,34,0x1d2efa184454366ad3e79f3395d25396c20b896d,7372.037804751337,0.0,huli3882
2026-08-22 03:44:31,day,sports,35,0x5674f6079740c1147c7bc3f67400b28767122ff4,7023.992490000008,10526.320000000002,dontworrybaseball
2026-08-22 03:44:31,day,sports,36,0xf68a281980f8c13828e84e147e3822381d6e5b1b,6771.17593045393,9350.22,Nooserac
2026-08-22 03:44:31,day,sports,37,0xea6a63e603e10998c24b090eed719a7ff926ab5a,6627.833688000001,32978.0,kotik7
2026-08-22 03:44:31,day,sports,38,0xd81e5bc01e4a98d0af93d82dc2c542a4c0f9e3d0,6573.235555000021,0.0,beet420
2026-08-22 03:44:31,day,sports,39,0x9e3ed7b661a903fc97afcf49e0f014ebe869f882,6449.487429843051,136856.280356,0x9e3ed7b661a903fc97afcf49e0f014ebe869f882-1783406009396
2026-08-22 03:44:31,day,sports,40,0xe91171f655be1568e4c63f29663c0028649e3d4e,6232.637999199418,25099.70385,0xE91171f655bE1568e4c63f29663c0028649e3d4e-1765651946286
2026-08-22 03:44:31,day,sports,41,0x204f72f35326db932158cba6adff0b9a1da95e14,6141.339302223176,573235.028356,swisstony
2026-08-22 03:44:31,day,sports,42,0xbc43c8bfbc4d77c2fc9011adad38ba43b88996d3,6141.191834233236,0.0,0xBc43c8bfBC4d77c2FC9011adaD38Ba43b88996d3-1765231687816
2026-08-22 03:44:31,day,sports,43,0x71200ff742dde7f1ada753d2e9b0a8b50c717c4e,5779.161486828307,6896.009134,BIAVN
2026-08-22 03:44:31,day,sports,44,0x7523cafcee7bcf2db9a79d80e0d79b88a9a54c4c,5710.3438221452525,236.61903999999998,DonaldinhoTrumpito
2026-08-22 03:44:31,day,sports,45,0x3f3aa7005f8006bfcc367d43a25cde25509fe8fd,5598.209532617126,6443.509222,us391
2026-08-22 03:44:31,day,sports,46,0x3e04fbc51adb75418129f6ce2091ae633070564d,5246.121292134107,0.0,roldy
2026-08-22 03:44:31,day,sports,47,0x6b44c48cfbc5ef89c3d05d9c70567c36cb2e3992,5239.385107240007,7868.42,mjjbb
2026-08-22 03:44:31,day,sports,48,0x32b484581fc5606de9c1e43af4636b6be9bc8b21,5214.612538683345,98422.30929599999,0x32b484581fc5606dE9C1e43AF4636b6Be9BC8B21-1774274303653
2026-08-22 03:44:31,day,sports,49,0x31706006a0ef88b2b8f6d093efbc83b359fbc6a0,5082.881619610009,8679.27,thatguythatguy
2026-08-22 03:44:31,day,sports,50,0x5ba61105b276b4e793d0b5a5d773b78186720f07,4939.500000000029,0.0,ChallengerSpecialist
2026-08-22 03:44:31,day,sports,51,0x4a555dd6e80ac3732ef92a29df3024e49e91a82a,4466.492928091044,16670.518343,8mavrme
2026-08-22 03:44:31,day,sports,52,0x932935dca799836a6d11dc9cd03372eea3bf035d,4356.006906665791,37399.977249999996,0x932935DCA799836a6D11dC9cd03372eEA3BF035D-1783298703511
2026-08-22 03:44:31,day,sports,53,0x2d6ac4f70307102ac46e9e6ded67f3838ddf8add,4248.726972376928,19709.202639,GC-P
2026-08-22 03:44:31,day,sports,54,0x160bf4f27cdaaaed1408ccd1558ab30c210d4296,4171.914812429241,57.2,mortewfenloin
2026-08-22 03:44:31,day,sports,55,0x2005d16a84ceefa912d4e380cd32e7ff827875ea,4105.989558534697,630308.1944320002,RN1
2026-08-22 03:44:31,day,sports,56,0x21ffd2b7a212a6f277ed3eca1a9f8efcbca90d71,4093.0520173839795,5797.515901999999,Haradwaith
2026-08-22 03:44:31,day,sports,57,0x1813960ec44e1458f9acf33aef68f20fbcd5521a,4059.533720473002,3235.139993,cappytrader
2026-08-22 03:44:31,day,sports,58,0xc29198ad764bd6adaf7bb971a3757a689ece5d74,3807.807325628586,114058.015208,SnakeBall
2026-08-22 03:44:31,day,sports,59,0x228b8d11eba89bf1c554f8879a9293b7106daf4c,3580.619844441302,233642.04547999997,0x228B8d11EBa89BF1c554f8879a9293B7106DaF4c-1765442354872
2026-08-22 03:44:31,day,sports,60,0xd6966eb1ae7b52320ba7ab1016680198c9e08a49,3539.1893221699866,31298.07,Painfulvoid
2026-08-22 03:44:31,day,sports,61,0x44f28d48e7c0f41b822407236388212389ec7449,3511.993669999999,5263.16,gabbybb
2026-08-22 03:44:31,day,sports,62,0xa1f39b9b21a7bfb0f540cf106b92e240c7b7d99c,3496.6617407094745,8523.092902,facai86868
2026-08-22 03:44:31,day,sports,63,0x7bf11a6836298723001dfa647b3d08da73d6b5af,3434.7514082994967,0.0,donaldump
2026-08-22 03:44:31,day,sports,64,0x664a25f165a0150ce687410470f3352f5783fc5f,3401.4965630542356,50595.84351299999,itsonlyamatteroftime
2026-08-22 03:44:31,day,sports,65,0x6f3e7f25baa7d2d49e15e2d2957ff3dec62cbcf8,3360.5716965130414,11177.125858000001,fRibrenlc
2026-08-22 03:44:31,day,sports,66,0xc3c3b3ef304ddbea39fa2246e683a71da5d0eec8,3347.43813689379,238.26621099999997,comon119
2026-08-22 03:44:31,day,sports,67,0xcf7379b4b891c06d88807f6f70efa75378120215,3295.4167682353873,18076.870807,NM-P
2026-08-22 03:44:31,day,sports,68,0x0e604be17c231a33dc01e38a722c7fe3984e3bad,3265.7966392839007,138524.754899,0xwise
2026-08-22 03:44:31,day,sports,69,0x88c58610fb4bcb54b1e3e71444a19ad01b144815,3260.528733025658,22645.077398000012,pups10
2026-08-22 03:44:31,day,sports,70,0x48611e62b91a2a0cf8de06d2c9374d2920483aae,3113.4257800000014,4736.84,MLJBASEBALL
2026-08-22 03:44:31,day,sports,71,0xe5241830e8876c115d7dc8311ad9f43d85fdd34f,3108.210840220214,6199.99,GamblingOdyssey
2026-08-22 03:44:31,day,sports,72,0x0d2d845a6ff64e31e04a70afce8a573940767ff5,3080.3640445217898,290867.213743,38791873984189
2026-08-22 03:44:31,day,sports,73,0x3f985e3a68f88e6ed8da1a22e1a5eda81c8e0aa1,3070.070613270007,0.0,xabidaking
2026-08-22 03:44:31,day,sports,74,0xd619b68e64f256f8ddd185b261c8679eacf0c461,2950.9094617920055,8115.966565,CAcap
2026-08-22 03:44:31,day,sports,75,0x86b6374d7c721c2a27746ab4fff0170f039f041b,2858.63936459,8285.91,Mustafa1144
2026-08-22 03:44:31,day,sports,76,0xe40172522c7c64afa2d052ddae6c92cd0f417b88,2749.93171108386,32104.673821999997,BoomLaLa
2026-08-22 03:44:31,day,sports,77,0xee19aef7451370bd7888046fd39467dd398f555e,2688.400134108124,7206.754798999999,
2026-08-22 03:44:31,day,sports,78,0xb4d250f58c26840e09723a83ce9c8149aa32ce99,2674.4031505861203,31596.519574999995,alpheclabs
2026-08-22 03:44:31,day,sports,79,0xf7f0b0b1e9c0fe02ccad926916ee31aef74b912c,2626.6529526500963,6775.884174,wapol
2026-08-22 03:44:31,day,sports,80,0x2dd7c1664c60be9ce733f9a9441f1420f4fc89aa,2625.5911565500137,16072.359893,FNanalytics
2026-08-22 03:44:31,day,sports,81,0xfb20c7b499b536121fc3cbe8aa6256cbf2ca3b5c,2612.886821832446,7580.333383,Erickaguilar
2026-08-22 03:44:31,day,sports,82,0x8fba2c29715c41dd87e781c23373aa1e0549d08a,2575.7628457235696,20066.303483,abura2025
2026-08-22 03:44:31,day,sports,83,0x6485f47d0344c03eb4340f985159f6eb2dcba265,2537.3573845000356,5.0,flatbarrel
2026-08-22 03:44:31,day,sports,84,0xb5b60d821300cef591b7c2a7647fd38e5ecaca29,2524.779461646005,0.0,hgawx
2026-08-22 03:44:31,day,sports,85,0x66b23cd8bcb651e11b70f6f340ce154864870fdf,2514.2161169560877,9335.83901,donaldbush
2026-08-22 03:44:31,day,sports,86,0xff81cc85838ce8f91a7d4ae2eeddadfa3f8444c9,2480.1152051754907,33564.612854,eokho
2026-08-22 03:44:31,day,sports,87,0xafee5a9590176b684a9ce6c39de15ab597b1881e,2453.0282030174676,8116.869876999999,LimaTAUFIK
2026-08-22 03:44:31,day,sports,88,0x300b4292912c123066a380a344b505b0f353f636,2443.219049984982,4761.9,digitalnomad85
2026-08-22 03:44:31,day,sports,89,0x1e386b0e0f1fc58c67ce738d7bbc4ba7ec74fd47,2441.9999999999964,0.0,beeemw
2026-08-22 03:44:31,day,sports,90,0xd776f0a066fd3014ecfac89cfd414440982bffeb,2400.0,0.0,bomber
2026-08-22 03:44:31,day,sports,91,0xf0de06dad6368098c6aff79105ff275720788048,2326.7079893156424,15633.303820000001,lfh1688
2026-08-22 03:44:31,day,sports,92,0x8efa1ea8ee2d456a051ae2985079a1e3c9aa894c,2227.6881133800016,13205.540652,
2026-08-22 03:44:31,day,sports,93,0x3b62c64ebaee15478e8b21765b9f940458655cc8,2198.5000000000146,0.0,rollobravado
2026-08-22 03:44:31,day,sports,94,0x0ec857f5a1cb0844bfec59a9735e66aa1e3b1d07,2102.3494899899997,8213.1204,PaperPrinter
2026-08-22 03:44:31,day,sports,95,0x37e20a5d354c4ab6d89387eefea1908555494b92,2099.464281886343,6629.660311,btcookiedough555
2026-08-22 03:44:31,day,sports,96,0x715da5479ff20b18641909ce82764d88a9bba4ba,2076.7837796201143,4851.473332,0x715DA5479Ff20b18641909Ce82764D88a9BbA4bA-1783109576115
2026-08-22 03:44:31,day,sports,97,0x0f1cb0af3f632029ec26ba44c22239f47d5f82c6,2062.5,0.0,PleaseWinPlease
2026-08-22 03:44:31,day,sports,98,0x10b055ced6691ea97529ce7595f01d3e7ff28525,2031.7683850186368,1150.0,BEBE1
2026-08-22 03:44:31,day,sports,99,0xadfb6cba33cebca02eab6111ace1e3924b9cc2ef,1980.0287538062694,9587.053444,KnightDasCapital
2026-08-22 03:44:31,day,sports,100,0x7c99b805c109ea23fe6c48bee840270828eb8b23,1962.3846949033355,6751.269304000001,jcmedran
2026-08-22 03:44:31,day,crypto,1,0xab51c55eb5cefec49c52a174acc10b3cd69e2473,19656.160825405503,2281.74,Longdemshiuchiha
2026-08-22 03:44:31,day,crypto,2,0xce50c96b976203b53342a0a801067d2cdcfcf46e,17500.25123100001,153522.31083099998,honey-spot
2026-08-22 03:44:31,day,crypto,3,0xf705fa045201391d9632b7f3cde06a5e24453ca7,10583.605412929319,50491.954719999994,
2026-08-22 03:44:31,day,crypto,4,0x083431bb7614ea7dd0f27fdac075310135e8defa,6592.371832632882,57579.360717999996,HaiBuXing
2026-08-22 03:44:31,day,crypto,5,0x3dcea528f8179c175341e06b60b9eb695e5d0510,6255.625744580633,26901.638202000002,LuiaLeQuartier
2026-08-22 03:44:31,day,crypto,6,0x93fb8127a1b21a112b11af936361225df0563e4a,5617.224182360049,0.0,LlamaLoco0000
2026-08-22 03:44:31,day,crypto,7,0xc9e2284d36004cee8af1dd4c4c58e281923e0475,5074.441864584991,0.0,slyfox123
2026-08-22 03:44:31,day,crypto,8,0xc091e508990090861a6cff1734b641cf2bd4e7d0,4476.701409069992,0.0,Arkgetsu
2026-08-22 03:44:31,day,crypto,9,0x4c8ed7ead1ac18338f816e964b1edde8a50eb38f,4224.974581450078,40876.317538999996,l5Zn1bW0M8eTsK
2026-08-22 03:44:31,day,crypto,10,0xba0d049aa32383efdcb1b5e6535dcd984c369a6e,3758.1206282370076,0.0,fleeth
2026-08-22 03:44:31,day,crypto,11,0x6ad9ff01ba3f5ecc1797c4f68a1236aca0818d2e,3447.345172369998,0.0,Heisui
2026-08-22 03:44:31,day,crypto,12,0x22a4827ca94ba6e9f77f5dd9f49e6512b8e163eb,2836.4107591105058,29063.816313000003,0x2c335066fe58fe9237c3d3dc7b2a034a0563
2026-08-22 03:44:31,day,crypto,13,0x29de3c62b7b49a2d2a062f93b6e659980a4bd9e6,2820.8389325264834,27425.386911999998,ghghsghsjghsjfghsjfjghsjfjs
2026-08-22 03:44:31,day,crypto,14,0xaec38658ae47a6aabe8839f40e6d7da7996222df,2777.9630136624946,0.0,randomlypunting
2026-08-22 03:44:31,day,crypto,15,0x67c523b7688ed01233899b4981d41543d5b12642,2766.3886905346644,40387.927145,0x1379...88b41e
2026-08-22 03:44:31,day,crypto,16,0x8ca79e87be1de1a656bf6d93397f4e3c59fbbf27,2651.033165895,5049.58,MadoffVault.Sol
2026-08-22 03:44:31,day,crypto,17,0xcc500cbcc8b7cf5bd21975ebbea34f21b5644c82,2540.9923570761457,36749.689158999994,justdance
2026-08-22 03:44:31,day,crypto,18,0x8281b7b025cb2d0abcb249c17091dd9e4e7c1f0f,2456.6101571745003,4044.671907,mamba24forever
2026-08-22 03:44:31,day,crypto,19,0x55e2436d747835c7e40b0c6cf92f632bf1215fc9,2356.713420000029,0.0,Rhabarberbarbarbar
2026-08-22 03:44:31,day,crypto,20,0x23d01f0a0fc16ae248a905345edd675cffbc8108,2161.8876871899956,0.0,X10DED
2026-08-22 03:44:31,day,crypto,21,0xebd36978b8ddc78b6a51e5ade5b190a74e47446d,2026.676916659998,0.0,KishoAriiii
2026-08-22 03:44:31,day,crypto,22,0x3b634497c3343d88f57719b540d6bc03627927a7,1879.6095507199993,0.0,hsefhsjdkfs
2026-08-22 03:44:31,day,crypto,23,0x23f45f43c45c2302d1b233af2c64884d4149c234,1808.0383967069938,0.0,liquidityp00l
2026-08-22 03:44:31,day,crypto,24,0x88f2963c93ec4cc070a9d41a3765dc4357baa6c1,1745.5227661062236,14443.391384000002,wwwise
2026-08-22 03:44:31,day,crypto,25,0xf31325f14d1a7549fde0ae0185f610f0684b560f,1719.2339759999995,16645.679344,4doorsmorewhors
2026-08-22 03:44:31,day,crypto,26,0xc7e46445a6eeaad4dbbcd3fde912784e2ae7f5b8,1708.8037702799998,939.05,0xC7E46445a6EeAad4dbBCD3Fde912784E2Ae7f5B8-1779325021648
2026-08-22 03:44:31,day,crypto,27,0xfbed0307a45430864a3d567fcf25b4307d8f6930,1564.7151619999997,12886.357345,
2026-08-22 03:44:31,day,crypto,28,0x6138b966436f811bc0e3f0d35f1fb14b869b97a0,1555.1587985269434,36.47,tradexplorer
2026-08-22 03:44:31,day,crypto,29,0x3048d65321be3497164cdfc2996f94f98a2e7537,1531.49113163937,60008.485681,x-MoneyForWhiskas
2026-08-22 03:44:31,day,crypto,30,0x8320b90db15e5b777e5a023b5ba3cfa214d4904e,1423.2929578673647,10613.690771000001,vedaresearch.btc
2026-08-22 03:44:31,day,crypto,31,0x941ed83f40655dbbd0b0dd92f06e98a3a3fd9775,1390.5118479119978,0.0,ligeiwoguolai
2026-08-22 03:44:31,day,crypto,32,0x014c4e7ae2145992861c2d1b124af633a97f820c,1351.6079952500027,0.0,Hyperlong
2026-08-22 03:44:31,day,crypto,33,0x819f9aa2e4da899e185762e03690415ea758f3e7,1315.941625535188,1259.536867,donotthinktwice
2026-08-22 03:44:31,day,crypto,34,0x9bbf8abf929eddbb4da10535cf4c02db33f4c59f,1297.880594408547,6744.206314,HandsomeLi
2026-08-22 03:44:31,day,crypto,35,0x4228048ea2f8f571ff2777cc32baee584c5134cb,1264.415564335999,11408.250874000001,trinity42
2026-08-22 03:44:31,day,crypto,36,0x57e4ca39e930446741716509a20f73ba6a577bec,1263.4704850000003,0.0,u3rhi32h7
2026-08-22 03:44:31,day,crypto,37,0x340b3723a4e0009d4a1f8c66eda776db46a4920c,1253.819668026587,11250.417777000002,AMG-20
2026-08-22 03:44:31,day,crypto,38,0xe823252ba8634bd6c3723db9c300f703cb3a2a61,1229.529847299671,17250.015009,Dymaknight
2026-08-22 03:44:31,day,crypto,39,0x4c2a07d0b2f77d7b2cc30d9c7379fbf80ed265dc,1224.761448137997,0.0,cyfrav
2026-08-22 03:44:31,day,crypto,40,0xf5cac4b26d94455e78af73cad362b5cc9791de9c,1202.4813541634976,0.0,Heisenberg15
2026-08-22 03:44:31,day,crypto,41,0x5a218c7ad04135830a45c41aaed7294df7809318,1189.8963723718953,4078.5810770000003,balthazar
2026-08-22 03:44:31,day,crypto,42,0x5408bd58b46a78fcb899158b26d32496d42d8b17,1183.941332317444,2599.951861,bondpreer
2026-08-22 03:44:31,day,crypto,43,0xc443d3a18f113af8c77408318e9fbd979939bbdb,1075.4898125250038,0.0,MiWaanItAal
2026-08-22 03:44:31,day,crypto,44,0x277e6718cdf00f4f887d17589895ae031a337d32,1073.9583648320004,0.0,aiwar
2026-08-22 03:44:31,day,crypto,45,0xeebde7a0e019a63e6b476eb425505b7b3e6eba30,1068.5277436561882,217758.98459499993,Bonereaper
2026-08-22 03:44:31,day,crypto,46,0x6a17a5d0da6677b7eb7342bf5cdaf7be9e4ad13e,1047.6277857749997,0.0,0x6a17a5D0DA6677B7EB7342bF5cDAf7bE9E4ad13e-1772573325769
2026-08-22 03:44:31,day,crypto,47,0xd03bc280ca482ee48826b72aa435a331a04e042b,1035.069781015999,533.0,3iron
2026-08-22 03:44:31,day,crypto,48,0xd5c1d2f52eb8c7dcd128d1dfa7f12926b1fa5280,1002.5470213399972,0.0,sharrdio
2026-08-22 03:44:31,day,crypto,49,0x9244de85b1f79821f9984a44ddfd379da4693d8a,991.2290601470016,0.0,Shirohige77
2026-08-22 03:44:31,day,crypto,50,0xa3e9a711841e655def080044768452b60f4263d0,991.0050785022177,5909.203267000001,alanhutton
2026-08-22 03:44:31,day,crypto,51,0xe2648fd4b351cc5deb9525feeb246979a8507a75,976.6901032800088,0.0,mm2308
2026-08-22 03:44:31,day,crypto,52,0xb7a2fb693f5ad703dd19d44a2e6f0d37c16fe144,975.7248341499914,5241.600878,b7A2fb693f5AD703DD19d44a2E6f0D37C16fE144
2026-08-22 03:44:31,day,crypto,53,0x2d8553bfc7dfdea6a87aec0d2c0c7d53ca18c543,940.9324393700044,0.0,ToldYouSo10
2026-08-22 03:44:31,day,crypto,54,0x36f4c21a7ed49120c9e19966df5b0f658166ab1e,922.8642818550004,0.0,snoozer
2026-08-22 03:44:31,day,crypto,55,0x252d7bae5ec87553dcafb23e275c202ac0d3c456,921.3229681431185,19282.638192,getbipped
2026-08-22 03:44:31,day,crypto,56,0x22a8494ba61dc6d15db31bda5881a9acab1d5d12,917.5207385174981,0.0,xccc
2026-08-22 03:44:31,day,crypto,57,0x41b109e75dc24ac94e1cb47facf89d7401cf5fc0,908.6812413154694,12778.127616000002,dafhuaw
2026-08-22 03:44:31,day,crypto,58,0xe9076a87c5ed90ef16e6fe6529c943baeca0cff6,874.42730250163,35277.802602,suntori
2026-08-22 03:44:31,day,crypto,59,0xfea31bc088000ff909be1dfd8d0e3f2c7ef2d227,858.528043297978,0.0,ndb1
2026-08-22 03:44:31,day,crypto,60,0x8d0bdecc4d923133a3e27c4ba83ab72043dfcc94,839.0646499999997,0.0,xddinside
2026-08-22 03:44:31,day,crypto,61,0x9a4cbaf3ba914b38ca92cc968cb6104c002998d0,837.3532744000001,8291.279999999999,asdaasda
2026-08-22 03:44:31,day,crypto,62,0x032eb1bc893940263ad0b01889f262fc232f2a9e,829.3819999999995,0.0,purplegatto
2026-08-22 03:44:31,day,crypto,63,0x143732d8a06bd1596c694f7873cd493be80aacfe,808.7020411788544,338.158386,frozenriver
2026-08-22 03:44:31,day,crypto,64,0x161817d52f630dc57be11653ef54ab58e47ca650,806.5830100000001,0.0,dnncapital
2026-08-22 03:44:31,day,crypto,65,0x83178f64149abd66cf4ce64224597fb2b5e76af6,806.0983550000019,0.0,keysersoze22
2026-08-22 03:44:31,day,crypto,66,0x21c01b6167d295f16bf3d839ea164cb01585b26d,801.29994549,0.0,0x21C01b6167d295f16bf3d839Ea164cb01585b26D-1771675157702
2026-08-22 03:44:31,day,crypto,67,0x21d0a97aac03917e752857a551bbe5103a00e8d7,782.4064422471274,2744.8677570000004,PBot-6
2026-08-22 03:44:31,day,crypto,68,0x861f4149171db053c73382c40d2c7e5408fd177d,770.6733669700043,0.0,D7422D98eA0d5b6Dd942a8eEd1d2a61945bFd0
2026-08-22 03:44:31,day,crypto,69,0x5d5f19c31f3866f1009243ad096a2d1f9f3455a8,770.6345314890004,0.0,nbjui1
2026-08-22 03:44:31,day,crypto,70,0xf8a8a4e29818ab224c865abba61f34e9a56abe88,751.693625877323,8581.552414,Ninowa
2026-08-22 03:44:31,day,crypto,71,0xc7142786b3dfcfbd63a381a7325704a9ee9cf955,751.4703907920048,0.0,KobeT
2026-08-22 03:44:31,day,crypto,72,0x391ff4c0f1183c787407dfe399e36efcafa4d9da,750.8188154389338,2519.285706,everestik
2026-08-22 03:44:31,day,crypto,73,0x825a96fbae9189ea41bb2aa70e7572970f408835,750.6323680249989,0.0,noman2026
2026-08-22 03:44:31,day,crypto,74,0x6e2c3937e6dd094a3a9f814ecbdc289d3fd5b7f8,721.4480313152962,4794.588313,olegs
2026-08-22 03:44:31,day,crypto,75,0xcb92e59eef071c7dfac33fbc64c60952d277e62f,703.9791481141147,11557.111049,lelimarket
2026-08-22 03:44:31,day,crypto,76,0x4b9549e716a6cf035534ad7643f1fe9f74ded663,699.7493258998766,9036.31806,sanyuu
2026-08-22 03:44:31,day,crypto,77,0xbc0c353e9e903ed00775b26a692711c85820441c,657.7975701764999,0.0,0xbc0c353e9E903eD00775B26A692711c85820441c-1774860628960
2026-08-22 03:44:31,day,crypto,78,0xefb9a2fdd5e40b8e017262a13e60f6cee7e1cbe9,655.9666619374984,0.0,0xeFB9a2fdD5e40B8e017262A13E60F6cee7e1cBe9-1760376732529
2026-08-22 03:44:31,day,crypto,79,0xc0176130731377d7d601304271f5a713384a7242,648.5456027730761,14920.681410000001,ebfliuba
2026-08-22 03:44:31,day,crypto,80,0x20d2309cd92b797ae7ca175ed828ed8a27fbe29d,648.293835390592,53117.13835300001,
2026-08-22 03:44:31,day,crypto,81,0x6ffb4354cbe6e0f9989e3b55564ec5fb8646a834,642.0758999998143,0.0,AgricultureSecretary
2026-08-22 03:44:31,day,crypto,82,0xf70eb753810c0ccea22a6948ebc3a541f04981df,633.8232362734343,8998.704284,Facaie
2026-08-22 03:44:31,day,crypto,83,0xf3d49381f0aabc2edd1346d1a8f3dce755844b4f,627.4471821601336,4252.3888400000005,ispy
2026-08-22 03:44:31,day,crypto,84,0xe7c65c210add40c321c0da2a1d9fed4587142b25,617.5021109200047,1677.8076639999997,0xE7c65c210ADd40c321c0DA2A1D9FED4587142b25-1776344908724
2026-08-22 03:44:31,day,crypto,85,0xac27089403345ea1f7bf6e5cb902ce313185c628,614.9895174093626,35.636362,brashbutloveable
2026-08-22 03:44:31,day,crypto,86,0x8409c85744b24cb27b2a6d17723dd40c61fa753d,578.8101493569993,70.0,BaoFuBro
2026-08-22 03:44:31,day,crypto,87,0x09905036062d1b3f2f8969ba653da8015910f36f,575.3351228899998,2500.0,0x09905036062d1B3F2F8969BA653DA8015910f36f-1767933900208
2026-08-22 03:44:31,day,crypto,88,0x8b4bca1d794779e66e023d44391b2a86c5ab541b,570.9664242624704,0.0,0x8B4bcA1D794779E66e023D44391B2A86C5ab541B-1769764313952
2026-08-22 03:44:31,day,crypto,89,0x5426a948c2b3b1761a4ae54ef2e0947b5ee01339,570.1941295549987,0.0,0x5426a948c2b3b1761A4ae54EF2E0947B5eE01339-1758340785281
2026-08-22 03:44:31,day,crypto,90,0xd0e0d7a37f553f2a9a330708c3fe6caf34ff2a91,565.5992936514999,0.0,letniy
2026-08-22 03:44:31,day,crypto,91,0xee65685de42f8de9a03b4c53ee77d56a20d2cfc9,557.5276936618611,100324.485701,0x50f7
2026-08-22 03:44:31,day,crypto,92,0xc53375ff94e96100f2b30a4b5775db35218d69a9,556.254559668916,26438.368042,Its-Just-A-Bunch-Of-If-Elses
2026-08-22 03:44:31,day,crypto,93,0x19953c64b196b0b43e978afdb90ab82d3177281b,547.6740620310802,7425.412959,ilgrandetaren
2026-08-22 03:44:31,day,crypto,94,0x9642bd30d320cad7878f642566f9f5b91fc9d2ab,546.7156304550008,0.0,0x9642bD30D320CaD7878F642566f9F5B91Fc9d2aB-1746989497209
2026-08-22 03:44:31,day,crypto,95,0x0ce978cdbd69007fb6b5e923690f2979a29792dc,539.2102736649998,0.0,
2026-08-22 03:44:31,day,crypto,96,0xb0f85baa97990910a3e8ac2b4a58a322f01ecef5,533.7446728370269,29125.755267000008,pspspsps5
2026-08-22 03:44:31,day,crypto,97,0xe55108581aec68af7686bd4cbc4f53ef93680a67,526.8385555249988,0.0,NeverYES
2026-08-22 03:44:31,day,crypto,98,0x388537259dc9e693c1c9b96fdf07a63f6b7aca77,524.3173268300015,3658.748611,easypredict
2026-08-22 03:44:31,day,crypto,99,0x74957ea27ac4fbdee46d861fdae357859ff67fcf,520.7599657600713,3007.703165,LornaPredicts
2026-08-22 03:44:31,day,crypto,100,0xc5cbd3150281f40f510e24316e2b0bbb5aa9f963,516.7141823880293,3792.910408,Rempler
2026-08-22 03:44:31,day,finance,1,0xc6e956068048c1cf98d8f0b3a495edc9da130741,7570.769728890038,0.0,luck00004
2026-08-22 03:44:31,day,finance,2,0x3a8aa345d5db7ec5138298c8c4f4540259be7699,4413.336704748028,0.0,TheReturnOfDarthMaul
2026-08-22 03:44:31,day,finance,3,0x86e99faea12fccd8925de5d9f052471baf7a4cdf,1516.4717392606926,1858.9714689999998,JUSTINHERBERTMVP
2026-08-22 03:44:31,day,finance,4,0x65503c7f9e142ac88b1ce09df3363ff77f188451,1187.7208108600062,79.183582,oieshfn345
2026-08-22 03:44:31,day,finance,5,0x8a4c788f043023b8b28a762216d037e9f148532b,1003.0149194769765,0.0,occasionalAwareness
2026-08-22 03:44:31,day,finance,6,0x5919d9d00d5e6d2797ecc152ef424f6275a694b2,994.898575485,0.0,Kevink615
2026-08-22 03:44:31,day,finance,7,0xc9eb41938082b7c6ceafa464454ba95b48556a67,821.8682299525026,0.0,zhenxiao
2026-08-22 03:44:31,day,finance,8,0xbf0fd14d47d8d785ac19f33aafa6985501f128ce,702.4601849999963,0.0,0x4dF63E746b71d3a8e
2026-08-22 03:44:31,day,finance,9,0x755d8a435281273f4bbc7b634821d1666fe62721,562.0942917799996,0.0,Crypton993513
2026-08-22 03:44:31,day,finance,10,0x43372356634781eea88d61bbdd7824cdce958882,554.4033303675169,0.0,Anjun
2026-08-22 03:44:31,day,finance,11,0x9d84ce0306f8551e02efef1680475fc0f1dc1344,500.6395743028452,0.0,ImJustKen
2026-08-22 03:44:31,day,finance,12,0x524db836890e08aceb3abcdee98d44240e324495,389.62609999999995,0.0,Mac-Gyver
2026-08-22 03:44:31,day,finance,13,0x56c9fbdeccf198f1f5ad95ace39b24f5f7fb0d9e,343.3844120725007,0.0,redvinny
2026-08-22 03:44:31,day,finance,14,0xc97b0b2a2547bb3ed57167092ef8a6e816c347e5,321.49179663797986,0.0,Avamax
2026-08-22 03:44:31,day,finance,15,0x1cd24cc49782240413903b4b7e7694779f917f85,317.34402874001535,0.0,bitterfish
2026-08-22 03:44:31,day,finance,16,0x9e88f359b9803e41420fbb13385c5ae1765c301c,287.3369751452119,1168.67,YoungAlphaGoat
2026-08-22 03:44:31,day,finance,17,0x30c8e25fd015c4f4093a693f6dc551c1405e1ea2,281.02575855,0.0,DannyDuan520
2026-08-22 03:44:31,day,finance,18,0x743beec1270e1f4a468658bf628ac8cb94e6b802,277.7947575999988,0.0,earshot.zenith
2026-08-22 03:44:31,day,finance,19,0xa8ae9f8f2a92cb27a73791bb816e65071ca38eb7,273.0773148099993,0.0,nellojello
2026-08-22 03:44:31,day,finance,20,0x299cb40195d270438f8950902f242d796457d85e,260.28933911999957,0.0,0x93718462075596-836100846371
2026-08-22 03:44:31,day,finance,21,0x64d9c4c9994321dc660efe7ddbf457c49f7846e6,244.99417317500047,0.0,Pokemon001
2026-08-22 03:44:31,day,finance,22,0xefddc1d3285d0fe1b9f2aa06e04901f527a08370,238.6208600086893,217.715734,vino1234
2026-08-22 03:44:31,day,finance,23,0x993c072519306017fe9a6b3ee6fa4a02b3056787,238.00043759850087,0.0,Jep-G
2026-08-22 03:44:31,day,finance,24,0xac9b386454ed02ef205e0ebd189d8864fd02d4c5,237.21739882999827,0.0,tryingmyluckhere
2026-08-22 03:44:31,day,finance,25,0x71ca04d689bc38c5e4dcda8a4d743f279c5a3501,222.2196839999997,0.0,Ronaldo2100
2026-08-22 03:44:31,day,finance,26,0xc5187cb669690150643ba2f9aac6b7d98d212594,221.74476070695528,132.32362700000002,mustbethewater
2026-08-22 03:44:31,day,finance,27,0xe60f07a844bd18448eb3b23818f94bec1589f4b4,218.65862839000056,0.0,cryptoincome
2026-08-22 03:44:31,day,finance,28,0x6640bd87f6e4b6e8d62457448bd1b3a4711a2202,205.1712771999991,0.0,Jellow2
2026-08-22 03:44:31,day,finance,29,0xfbfd14dd4bb607373119de95f1d4b21c3b6c0029,202.79394622804466,550.73,XAE12Archangel
2026-08-22 03:44:31,day,finance,30,0xa18c5cf2bc6eec389d2d512582ae14654b99d792,201.54598213800273,0.0,gmtrader
2026-08-22 03:44:31,day,finance,31,0x9dfe2f73d3c988a9d69df8fa0beb85651340b3dd,200.3931927709964,0.0,Moond
2026-08-22 03:44:31,day,finance,32,0x9efdf8932077f748fa000ec4e74996829e21b227,199.98657000000003,0.0,zxdw
2026-08-22 03:44:31,day,finance,33,0xb619ed5b378053f8309c307d2f7adf9c13665068,198.84305913600474,0.0,tnl
2026-08-22 03:44:31,day,finance,34,0x3a299641bfe19c944dc5d562593561a3176646e7,188.93782086499982,0.0,Placide14
2026-08-22 03:44:31,day,finance,35,0xb2cd99ff5ad8f27c781e54e854ab1b2ab1afc187,181.47281038100118,99.99,vicks
2026-08-22 03:44:31,day,finance,36,0x0e5bd05888cc80453a4ac18f85c750bb4e434ef4,177.88819999999998,0.0,nelsonc19
2026-08-22 03:44:31,day,finance,37,0x96489abcb9f583d6835c8ef95ffc923d05a86825,177.614121170016,3000.0,anoin123
2026-08-22 03:44:31,day,finance,38,0x5652090d21c85a9d1ca5b6a41fe07f3099fb00c9,171.02542538999842,0.0,AlphaBetaGamma2357
2026-08-22 03:44:31,day,finance,39,0xc819e2ee5048d2964d768bae90f9fbc93a5154a4,166.49998268000036,0.0,Kaizoku007
2026-08-22 03:44:31,day,finance,40,0x2c89c4edf80b95f7499dfb97e3f00ee7e89b5f1c,165.2135024999992,0.0,djfhdjfhdjfhdj
2026-08-22 03:44:31,day,finance,41,0x6315eae0a0efc187bbb2dd705d716a7be47d68ef,162.07827588000004,0.0,richman666
2026-08-22 03:44:31,day,finance,42,0xf8871f87fbb32d5ce21e3f8902f70f4f0f266b54,161.51108760000056,0.0,newbie77
2026-08-22 03:44:31,day,finance,43,0xc7d02944a76b9f83b199e9090ecc92c82d241f8a,161.21197848778684,815.84,0xc7D02944A76B9F83B199e9090ECC92C82d241F8a-1776944395495
2026-08-22 03:44:31,day,finance,44,0xb0fcea24160139269e0af107811e33d99d6ece0b,149.63457954300156,0.0,DancewithRisk
2026-08-22 03:44:31,day,finance,45,0xfa394a598dbf573202a8286b45f512c7a383977f,147.08235147300002,0.0,
2026-08-22 03:44:31,day,finance,46,0xbfb3b7bd96f923fc22ecc8fb416d4dc5d3b24b43,144.09333513101046,0.0,borchi
2026-08-22 03:44:31,day,finance,47,0xbace5a5a9e309d69164dc81788d353fed8d43429,144.0019075345117,0.0,ThanksGivingTurkey1001
2026-08-22 03:44:31,day,finance,48,0xbfe2ca560e558fa0d6868319e88cf84a076c8c49,141.77559173999998,0.0,Ceoooq
2026-08-22 03:44:31,day,finance,49,0x403f2471f8aaa1e8a224f1338b073bfa3fdb94f1,138.8549178983012,580.1600000000001,PippiTrader
2026-08-22 03:44:31,day,finance,50,0xbec7f8efc3724484c5d27271e6feb9924c515977,135.81613816999925,0.0,minionguy
2026-08-22 03:44:31,day,finance,51,0x38d812aff0b79f3bf5da2a477f780bcc163eea7c,128.0876250686706,0.0,thanksforplayin
2026-08-22 03:44:31,day,finance,52,0xd416d3309f75426c82a5158cdcb209780af2d9e2,124.54934873000025,0.0,Annihilation
2026-08-22 03:44:31,day,finance,53,0xd6321c049c527e8a622d6aa35f514ae74f798afb,119.15707859649956,0.0,GenaTheBondKilIer
2026-08-22 03:44:31,day,finance,54,0xa40cc3bc1278bdefdf869c653a9281df80cb1bae,114.39446954999994,0.0,alphastrike10
2026-08-22 03:44:31,day,finance,55,0xde5868f5b8b7d9cb6c5f91fb92c3c736738af55c,111.10000000000036,0.0,faceverification
2026-08-22 03:44:31,day,finance,56,0xa56902ddb745968ad747f3a5a2a5f07ee68d96ec,109.99930895999933,0.0,pmcb
2026-08-22 03:44:31,day,finance,57,0x1d5f88f1b97317cccad804374e5bd847512e634d,109.89674795500014,0.0,firegold
2026-08-22 03:44:31,day,finance,58,0x7f45e5c94910e280f34948abf5afafb91714284b,106.72057203999975,0.0,0x7F45e5c94910E280f34948abf5AfAfB91714284B-1764996618980
2026-08-22 03:44:31,day,finance,59,0xd8d5289c35124b5353f5a10a28b8cc29aec38935,105.12482155250109,0.0,D8D5289c35124b5353f5A10A28B8cC29aEC38935
2026-08-22 03:44:31,day,finance,60,0x032eb1bc893940263ad0b01889f262fc232f2a9e,103.17500000000041,0.0,purplegatto
2026-08-22 03:44:31,day,finance,61,0xccbcf2b7ce194e74a2321b5d2cf349145d04508e,102.89247008999996,0.0,0xccBcF2b7ce194E74A2321B5d2Cf349145d04508e-1786821487982
2026-08-22 03:44:31,day,finance,62,0xe1b361d6a6f237b9ed7534d19b232df8369e1426,101.79170406999947,0.0,tja
2026-08-22 03:44:31,day,finance,63,0xd5b97d08ec6098407bfbf66c2786ccc9967fe44e,98.39706930199827,0.0,Optimus-
2026-08-22 03:44:31,day,finance,64,0x07f4fddad629ca6f185db8a15da830ca66966fc1,97.99880792000022,0.0,Towelleafwater
2026-08-22 03:44:31,day,finance,65,0xc56a26a4881a3d6ba9cb07de712f7d14df6465fd,94.83130326499996,0.0,nofunkyname
2026-08-22 03:44:31,day,finance,66,0x51de66b7f3d10eceb99aab57622ca850655e9e4a,94.44731196950013,0.0,0x51dE66B7f3d10EceB99aaB57622cA850655e9E4A-1779581016815
2026-08-22 03:44:31,day,finance,67,0x74b4f9447b14b12308963fc048ae363eb0756bea,92.66259041550438,0.0,0x74B4F9447B14b12308963FC048Ae363EB0756bEA-1769170826159
2026-08-22 03:44:31,day,finance,68,0x06ac70013cd0c7992ec830ad5df9f7f66d5b79ec,90.75613569250345,0.0,eastpak
2026-08-22 03:44:31,day,finance,69,0xd426adbc3c4461c86099c26221c877f20e42334a,88.96561617500265,0.0,881112
2026-08-22 03:44:31,day,finance,70,0x03141505c79f7d82ea4d426105cb228b4ed92f6d,88.22732995200002,0.0,0x03141505C79F7D82eA4d426105Cb228B4eD92F6d-1766507216051
2026-08-22 03:44:31,day,finance,71,0x9ba7ebf3fc96ab54e25fdb62555ea5b0df5fa833,87.0503000000009,0.0,BondSeeker
2026-08-22 03:44:31,day,finance,72,0x290d0d19d90afbff047dd3585c4a716dc5f9dc40,85.56874603400047,0.0,SickandTired
2026-08-22 03:44:31,day,finance,73,0x4388640a35b4ecebc33f8c73b58a2b988c615050,84.3602135658839,22.636584000000003,Started-with-20-USD
2026-08-22 03:44:31,day,finance,74,0x562bc8068347268d9a69b8dd464d00eed0f9dc09,84.10893175499996,0.0,SweetChariot
2026-08-22 03:44:31,day,finance,75,0x3547be52ded80539f52e89262d554c5eb852b926,83.90682255500006,0.0,0x.dxxp
2026-08-22 03:44:31,day,finance,76,0x832bbb891caf3a24c7d1915d9f6369c4949b5c91,83.26294115699784,0.0,yoyobb2018
2026-08-22 03:44:31,day,finance,77,0x25257a6a89dba93dd0c536b6279365632a4eb919,81.43670055449729,0.0,Trading4Fridge
2026-08-22 03:44:31,day,finance,78,0x4e25605fd905e9972efc0f4d8814530c655cd7a7,81.01809574000072,0.0,
2026-08-22 03:44:31,day,finance,79,0x74c8aaa2682885ea87bd3845d037aa46eea40195,80.8126,0.0,dada0726
2026-08-22 03:44:31,day,finance,80,0x9e6ba2b0b28e3d611e8b7ffa56e299998fce7d36,79.9402,0.0,0x9E6bA2b0b28E3D611E8b7Ffa56e299998fcE7d36-1769784238395
2026-08-22 03:44:31,day,finance,81,0x38714271b1f4679e776e1b82536ecf0f6d685d4c,79.62194535900002,0.0,LongDong67
2026-08-22 03:44:31,day,finance,82,0x44c1dfe43260c94ed4f1d00de2e1f80fb113ebc1,79.60901189999277,0.0,aenews2
2026-08-22 03:44:31,day,finance,83,0x2974bd0059e48f215c391882976e0f1b4c8c9c23,78.95351012050742,0.0,65765757
2026-08-22 03:44:31,day,finance,84,0x6560abb717a8e5f3afaacd1a31e9c03eed71e164,77.08215321601165,53.775509,1walrus
2026-08-22 03:44:31,day,finance,85,0xece740d3b31bd6bcae4e4236fac92ebe1dbb3673,76.00511521900012,0.0,sippingdrank
2026-08-22 03:44:31,day,finance,86,0x376441d19f56d43629d3872324dc2e648e13c5eb,75.23149818200909,0.0,m3t64 - 815
2026-08-22 03:44:31,day,finance,87,0x1f85e6e3e41e5f1fe03f6cf22a52ae4e352ea51b,74.45307499998307,0.0,VibeyQuant
2026-08-22 03:44:31,day,finance,88,0x46a121e4df5fdd6cf042a4ede1e90672583e2736,73.18744014150047,0.0,0x46a121E4DF5FdD6CF042A4EDe1E90672583E2736
2026-08-22 03:44:31,day,finance,89,0x5a45565906b8478fe456a0d313ce8839b3e7f628,71.9627046014848,498.53000000000003,FFIE.
2026-08-22 03:44:31,day,finance,90,0x654716c3f1d98e152365627538f3e60668d082b3,71.08784914,0.0,CityJay
2026-08-22 03:44:31,day,finance,91,0x3ad146a7dae2dbab2281c7e351bedce11748b4c5,69.27182865700024,5.0,0x3aD146a7daE2dBab2281c7e351beDCE11748b4C5-1771629524936
2026-08-22 03:44:31,day,finance,92,0x35a330290fdbfaacc21d197c9e16b5a9561b2a32,69.23239999999942,0.0,Hedging101
2026-08-22 03:44:31,day,finance,93,0x1d1ca9b62f17eef02165de482d60be41df5c1654,68.53713817499997,0.0,ryanunclechen
2026-08-22 03:44:31,day,finance,94,0xa66790e2b0075e73c3781ddaf1d0b875a3aaceb3,68.04230059993642,149.52,Elias.Thornwell
2026-08-22 03:44:31,day,finance,95,0xbdcb293dd41148a20895d0e818c0d96c0756e811,67.91682900000023,0.0,ourdemocracy2
2026-08-22 03:44:31,day,finance,96,0x0a26054fe174697bf6be759c4b600fdb830d1851,67.77911360800226,0.0,BrevanHoward
2026-08-22 03:44:31,day,finance,97,0x5a218c7ad04135830a45c41aaed7294df7809318,66.85989078643615,0.0,balthazar
2026-08-22 03:44:31,day,finance,98,0x4755188644460fc8140a18ccefc1e80b6a5e4158,66.18299999999545,0.0,schizohedgehog
2026-08-22 03:44:31,day,finance,99,0x0e3412b36668dcb987582e6c96f7e15fea71f1a7,65.94507500000029,0.0,redpanda135
2026-08-22 03:44:31,day,finance,100,0xa927cdfebebe4ba309386f12201f4fb0bccb8d9f,65.73527441000078,0.0,JabJabich
2026-08-22 03:44:31,day,culture,1,0x4755188644460fc8140a18ccefc1e80b6a5e4158,4697.325642825001,0.0,schizohedgehog
2026-08-22 03:44:31,day,culture,2,0x44c1dfe43260c94ed4f1d00de2e1f80fb113ebc1,4468.688455804426,0.0,aenews2
2026-08-22 03:44:31,day,culture,3,0xe2b1fc269d0c2e27da11fadd1d9596fe28227d2a,3691.422981665499,0.0,New.Jeans
2026-08-22 03:44:31,day,culture,4,0xa2cd4ccda9a1f95949df7a3355c4c2daa0642ba0,2911.951038880041,0.0,0xA2cd4CcdA9A1f95949DF7A3355C4c2DAa0642Ba0-1729178570395
2026-08-22 03:44:31,day,culture,5,0x21ffd2b7a212a6f277ed3eca1a9f8efcbca90d71,2831.845037403338,2793.662481,Haradwaith
2026-08-22 03:44:31,day,culture,6,0xfa21179f2cef2f61cb78e8340ae62b17f9271438,1968.568523573529,0.0,BABELCONSTEL
2026-08-22 03:44:31,day,culture,7,0xea4262df401e12cb0efa039f061a1f4b1a486b0d,1838.673495925963,0.0,world-changer
2026-08-22 03:44:31,day,culture,8,0x96489abcb9f583d6835c8ef95ffc923d05a86825,1358.1384002480045,0.0,anoin123
2026-08-22 03:44:31,day,culture,9,0x8c80d213c0cbad777d06ee3f58f6ca4bc03102c3,900.7550641479902,0.0,SecondWindCapital
2026-08-22 03:44:31,day,culture,10,0x5ccc29d31afb02b07462114349b9bda1b612edb7,799.6535600000002,0.0,KingOdysseus
2026-08-22 03:44:31,day,culture,11,0xfb8f2d1cd6636fbe404d671a7350f571f42d842b,754.9720455999995,0.0,vvyvv
2026-08-22 03:44:31,day,culture,12,0xaca23974e2b8131efbafaa1fe03ea9595ea0b9a1,726.2301924979984,0.0,ellio8989
2026-08-22 03:44:31,day,culture,13,0x12ed45d2b45259d27a7fb593e564cd269c4fc9b4,668.252984905761,5449.215562,sazzaa
2026-08-22 03:44:31,day,culture,14,0x524db836890e08aceb3abcdee98d44240e324495,629.617921299985,1529.0,Mac-Gyver
2026-08-22 03:44:31,day,culture,15,0xf7bbfd4588f578697c0051e855d5d1a8838ba9f7,626.1504071377149,1504.6581800000001,PiMaak
2026-08-22 03:44:31,day,culture,16,0xfdf17710c572a46e992978d380cd27b1538c7195,596.4521395999996,0.0,GvLBV
2026-08-22 03:44:31,day,culture,17,0x1e109e389fb9cc1fc37360ab796b42c12d4bbeee,504.1877665349997,1545.0,ConfusedUngaBunga
2026-08-22 03:44:31,day,culture,18,0xb9eb019d3d00b8d32ef1f2ddb697a7d1cbc7ab05,476.1904761879996,0.0,LuckyOne - 7118
2026-08-22 03:44:31,day,culture,19,0x6a9743e7872cb5e321ca2eb97edc907bc6c14800,465.9332068330059,0.0,perps-01sqko85
2026-08-22 03:44:31,day,culture,20,0x9aeb534c42b58b21673d5e03e9da14fbd15b2729,456.96784176735673,16389.621526000003,The-Joker
2026-08-22 03:44:31,day,culture,21,0x56e777a0ac58b25be414f8f29866e99ad5737c0b,436.32454000000007,0.0,Mataty1
2026-08-22 03:44:31,day,culture,22,0x1ecc91dbd13963efbaa305262a23164c68eb53a9,431.4751044164814,836.04,20YrsOfBoredom
2026-08-22 03:44:31,day,culture,23,0x9199ba070c49a78d7b1eb029b5c03d0b2972dd2d,430.908444476001,3562.7266099999997,0x9199Ba070C49A78d7b1EB029B5c03
2026-08-22 03:44:31,day,culture,24,0x8eab0c46127830072631db88e9dbaeb0b953a56d,420.5674465459888,0.0,LinaBell🦊
2026-08-22 03:44:31,day,culture,25,0x590ed3d1a14ba08cad23f5c513bad6301772e43d,411.0698166223192,65911.26915499999,smalltimezzz
2026-08-22 03:44:31,day,culture,26,0x45b39e1f71e47fd4afe4b988ffad690b644735bc,407.7944593959837,0.0,onekey09
2026-08-22 03:44:31,day,culture,27,0x8b4bca1d794779e66e023d44391b2a86c5ab541b,379.99951274797786,0.0,0x8B4bcA1D794779E66e023D44391B2A86C5ab541B-1769764313952
2026-08-22 03:44:31,day,culture,28,0x73836f35d84a6080ebe035195be41ba114d4bd0b,359.2186931220058,0.0,EricaXBT
2026-08-22 03:44:31,day,culture,29,0x4aa87d513621c74a091f514e9c14b52377f46531,353.9186966699999,6090.8099999999995,0x4aa87D513621C74A091f514E9c14B52377F46531-1779355201172
2026-08-22 03:44:31,day,culture,30,0x2ea825a7eaafa49b59b61af8f376923dc1e4ffcf,347.18506214799163,0.0,0xaea825a7eaafa49b59b61af8f376923dc1e4ff
2026-08-22 03:44:31,day,culture,31,0xf1ef8705e9f63c790c6fffd6329aea7011718cd6,316.7575558020003,0.0,Outsid3rTrading
2026-08-22 03:44:31,day,culture,32,0x9ba9dec33838f4ec9f032f7247d7481987e63ce9,300.5965000000142,0.0,TeamA
2026-08-22 03:44:31,day,culture,33,0xa3a39a3746dbd55f3a33ae38bd27ae2804c2c2f9,281.43642999999065,0.0,charliealmanack
2026-08-22 03:44:31,day,culture,34,0x3c8ac6a99d9c7a41860aec2ae7520c7aaa68b45a,279.6852450279948,0.0,momom
2026-08-22 03:44:31,day,culture,35,0xef0d80a3431ec2fd3357a11442ea90256fb78733,274.8810517249981,2289.44,0x146fb4c5
2026-08-22 03:44:31,day,culture,36,0x2a019dc0089ea8c6edbbafc8a7cc9ba77b4b6397,249.89149295202515,0.0,aviato
2026-08-22 03:44:31,day,culture,37,0xac482f27ac3d1144ca4f778af405eb5cac5d2feb,232.57558384801087,0.0,CryptoFortunate
2026-08-22 03:44:31,day,culture,38,0x441909510a0b18a7df9f5ea588314a53d5bcfcf4,223.16301005000014,0.0,Gambler661
2026-08-22 03:44:31,day,culture,39,0xe8ff0a56d848954b60e8e8ed99637e3c50ddc93b,222.3275289160083,0.0,BlindGibbon
2026-08-22 03:44:31,day,culture,40,0xb831a1d17dc7cc13815e665fb94f34473e33892b,220.71413595551167,1442.85,ElonJail
2026-08-22 03:44:31,day,culture,41,0x7413e8475c561dc9c0138255f7a1db0e1b114b09,217.00241915335573,2110.0,broitsravi
2026-08-22 03:44:31,day,culture,42,0xb4e9c0420c037c40437b601a32b1664714faf380,209.05153965406134,174.785675,xaeroqkAtProtonMe
2026-08-22 03:44:31,day,culture,43,0x220275250913a0af18fea9b24a2ce1fd85328787,203.55857929399644,0.0,aangelika
2026-08-22 03:44:31,day,culture,44,0xbcf30627403bcdfc14b3b1759a69caa6d4f59d88,201.96526475599967,0.0,PamBondiBonds
2026-08-22 03:44:31,day,culture,45,0x1e1aed3928a9617e7c7ae674c4fa7aebbd9d7690,201.64270512596704,9305.372458,Bitgod
2026-08-22 03:44:31,day,culture,46,0x416b8dd22e63c7e73396ddff5aa46aef83e7bad6,201.40523623100046,0.0,Haelios
2026-08-22 03:44:31,day,culture,47,0x9f117e88f89f4b366d09cbb2e3056fa44754ddc4,200.97502477753733,17232.954329,Lazlo1
2026-08-22 03:44:31,day,culture,48,0x4cb5ec560735efca23f76f2dd152b74bc6a9b536,199.4562500000029,0.0,TheEmprah
2026-08-22 03:44:31,day,culture,49,0x52e3ddefd4d851adf4c181bfe496dd99d66782d2,193.3200102599949,0.0,0x52e3dDefd4D851aDF4c181bFe496dD99d66782D2-1774177146439
2026-08-22 03:44:31,day,culture,50,0x0e7ae199df2ca8840f0e72730b8a1cfb25ad8ba1,192.52800000000025,0.0,mottledpurplelizard
2026-08-22 03:44:31,day,culture,51,0x0bc00dcb5e32d4b913a99c5bf274adbb8ecd0f2a,188.93545390910367,325.714283,0x0bC00DcB5e32D4B913a99C5bF274ADBb8eCd0f2a-1783274222768
2026-08-22 03:44:31,day,culture,52,0x09e27c2cbcd98c7e821ef66b309506701dcf29de,187.62242474999948,347.15,ronaldk
2026-08-22 03:44:31,day,culture,53,0x7db5452784044466615b3542703fd95c9696cf18,184.2253418329983,1833.7200000000003,wakuwaku3
2026-08-22 03:44:31,day,culture,54,0xd923b58e7874de549b0b9bd07db49eeb2878f400,183.16875624999966,0.0,JustHereWaiting
2026-08-22 03:44:31,day,culture,55,0x3c4f0a0dec4b0c76a7e90e2458b8216a773f831e,177.93546874999947,0.0,ev1710
2026-08-22 03:44:31,day,culture,56,0x0778f4285f5b21cb4b8ab69be7ec4dac38a04399,176.61666500000047,0.0,0x0778f4285f5b21CB4B8aB69bE7ec4DAc38A04399-1776146597429
2026-08-22 03:44:31,day,culture,57,0xe801fe36b00acb4603fe12d5918764534a1c6a86,176.13013899999987,1350.0,.n8n.
2026-08-22 03:44:31,day,culture,58,0x7056f248c5098cce2fb0a062cdd2ab0f8318c95c,167.2947311900025,0.0,denzeldumfries
2026-08-22 03:44:31,day,culture,59,0x2ca9149f3b481a56d128c002b1c06591e8e8b942,164.3668852879473,138.41463299999998,stormshadow
2026-08-22 03:44:31,day,culture,60,0xc4d5a24a240ec9f52669e3251e0473fd0c5687cf,161.269095835014,11586.496862999998,bipbipbop
2026-08-22 03:44:31,day,culture,61,0xd70ed453e202cc080170c53584c7da7a558e6f8a,161.02431371996198,328.025941,OffShoreG
2026-08-22 03:44:31,day,culture,62,0xe7c035ee5136d6c213160a6f760392e2eb1ed656,160.01063840355528,2122.531876,0xe7C035eE5136D6c213160a6F760392e2Eb1eD656-1767789082519
2026-08-22 03:44:31,day,culture,63,0xe9076a87c5ed90ef16e6fe6529c943baeca0cff6,159.77198442294684,1361.2275,suntori
2026-08-22 03:44:31,day,culture,64,0xe6055a224d277a3eb39df9ee5ea8201c55c4ac5f,158.01134894999905,0.0,CherryB16
2026-08-22 03:44:31,day,culture,65,0xa59c570a9eca148da55f6e1f47a538c0c600bb62,156.00963584455894,32969.82,Prexpect
2026-08-22 03:44:31,day,culture,66,0x7460ecc86929ffb55d5c549b8c069fd003bc2936,154.5674264200061,0.0,Bruce0913
2026-08-22 03:44:31,day,culture,67,0x87650b9f63563f7c456d9bbcceee5f9faf06ed81,152.54514383678656,880.49,2B9S
2026-08-22 03:44:31,day,culture,68,0x1c3e24224559bf9cc0f8b895a305f2f30372176d,152.14051816174003,2044.3425949999998,17735977
2026-08-22 03:44:31,day,culture,69,0x5a45565906b8478fe456a0d313ce8839b3e7f628,151.52705639998385,1905.7,FFIE.
2026-08-22 03:44:31,day,culture,70,0x6be949e0f7f46dbb2ba04da0efadc23dfd2c3493,151.17310351847482,50.0,Brotherinchrist
2026-08-22 03:44:31,day,culture,71,0x832bce13fa76d504c2b747587c274c996b423ae1,150.81999775000008,0.0,EscapeVelocity
2026-08-22 03:44:31,day,culture,72,0xa72aa09e0377b68615e00b6dd1db0c3edb0193fd,150.0,0.0,Rituximab
2026-08-22 03:44:31,day,culture,73,0x1e934f01216bf34b277eaeebe2c81183bed278bc,146.5191,0.0,jesuslovesy0u
2026-08-22 03:44:31,day,culture,74,0xa15655c43a7e4b50190d1f14198e80da86a1cf02,145.57311065,12.0,Crabsoup92
2026-08-22 03:44:31,day,culture,75,0xdd1f6d56df74dc027a0577cd10cf95ebc06acc26,143.4154639749977,0.0,Jasonshuaixl
2026-08-22 03:44:31,day,culture,76,0x834965f34911dfda31d5b313b5def15e6348c99d,135.2916361500029,0.0,llh
2026-08-22 03:44:31,day,culture,77,0xf767fa803ef11754c87175515f071eb487b261df,134.77649999999994,0.0,poli.monaco
2026-08-22 03:44:31,day,culture,78,0x66c1a6fe836ff555ca32848646acedbbe93bfa3f,133.51041499999928,0.0,TrashTrades
2026-08-22 03:44:31,day,culture,79,0x69f0c154a3412f2b3fa7eb22c6d08e6b5b32fb27,133.39487919699604,1243.346134,0x69f0C154a3412F2b3Fa7eB22c6d08E6B5B32FB27-1778811502354
2026-08-22 03:44:31,day,culture,80,0xc97b0b2a2547bb3ed57167092ef8a6e816c347e5,130.481141131997,0.0,Avamax
2026-08-22 03:44:31,day,culture,81,0xdaef2be2a19ad331737d06545f85615b094554e9,124.27601295601198,0.0,PEYZ-BIGGEST-FAN
2026-08-22 03:44:31,day,culture,82,0x4f8d8b5212ee84e07c5ae5b5e1122426e7f399c7,120.15101382649937,0.0,Hiohigs
2026-08-22 03:44:31,day,culture,83,0x514bed69dd15b0aa7183f985bdce50681a026931,118.81563999999946,0.0,ProsperIntelligence
2026-08-22 03:44:31,day,culture,84,0xfd557e6db670c9704bc1d0d8e8b585c7d9c9f905,117.82713536999154,430.0,northdrawer
2026-08-22 03:44:31,day,culture,85,0xef24dbead89a87de80f7f330914feb6c651da44d,117.50631436899994,861.11,0xEf24dBeAD89A87DE80F7f330914fEb6C651dA44d-1764841337487
2026-08-22 03:44:31,day,culture,86,0xdd1db2f6caa04a8bc5c7b86b340ff7a64ceebbf0,117.47777821799536,0.0,QWETR12345
2026-08-22 03:44:31,day,culture,87,0x07aa130f25e9f8aad138fa12de8e1bce7455e110,116.35611904400139,0.0,1dad
2026-08-22 03:44:31,day,culture,88,0x64b47229f7b9340ccbd52768959fb55ac148b21e,115.55525519999992,0.0,AmericanIsraelPublicAffairsCommittee
2026-08-22 03:44:31,day,culture,89,0x05e2f520faf6e7b9e8a6f34f723ceb5eea3dea88,113.32985362999898,0.0,cledisidiot
2026-08-22 03:44:31,day,culture,90,0x9996c6ae4f6d38000a02dc4f324827131748bda1,112.68364820299962,0.0,
2026-08-22 03:44:31,day,culture,91,0x2b3d1e9bdf941d435dc91a8b974b86f7064c8db7,111.84815678733867,0.0,crckr
2026-08-22 03:44:31,day,culture,92,0x4a2be7a7e6e3b41dc2de00706b4c09660ca9af20,107.38258701799896,0.0,troim
2026-08-22 03:44:31,day,culture,93,0xeb68675c06e0bb9f08ba510550912d77289ce362,105.63427441678755,967.3804759999999,0xeB68675C06E0bB9F08ba510550912d77289Ce362-1778811892036
2026-08-22 03:44:31,day,culture,94,0xe32b46a28b649031939a78ee47fca260758a626e,103.57030000000054,0.0,Contradict
2026-08-22 03:44:31,day,culture,95,0xe5bd42e02dc8c05b31514c1596eaf82d3e52339a,102.98342788996979,161.56,Kaiji123
2026-08-22 03:44:31,day,culture,96,0x28ca4e9a04531f2eac0c2770f95db4e1c6a65d19,102.52104037348545,199.0,DuneMentat
2026-08-22 03:44:31,day,culture,97,0x5a7730fd98289099e5e7518b930667bd8b6cf859,101.78277796700058,1649.7,filaretou
2026-08-22 03:44:31,day,culture,98,0x3006b8ff025a3786dd9e2e2b3e183d429143e9f4,101.36427316800109,0.0,Canaldi
2026-08-22 03:44:31,day,culture,99,0xd576b9ee74c58fcb913675fd9c1d14c85312d5e3,100.0,0.0,inrock30
2026-08-22 03:44:31,day,culture,99,0xdc71bed951076a6dfd27f6a341c441b8543ed033,100.0,0.0,0xDc71bED951076a6dfd27f6A341C441B8543ED033-1760135940099
2026-08-22 03:44:31,day,mentions,1,0x4ab9b54427ec4b7f3646b1a0ef1bed73bc708ebe,102266.86937,0.0,RWCS
2026-08-22 03:44:31,day,mentions,2,0x6c3aae17140c5e3cde62380daaa323e38575c459,100287.227136,0.0,AvrahamEisenberg - 10161
2026-08-22 03:44:31,day,mentions,3,0xa8cf2ed8751f4e58ad039e1b68a8b58b4395031f,85547.41699299996,0.0,
2026-08-22 03:44:31,day,mentions,4,0x3d8a89a20aa73fba0f30d080e8120de9f9555724,50766.935668000006,0.0,Poyo
2026-08-22 03:44:31,day,mentions,5,0x0d18e30e252008d83f51dae00d36873ddd9e24a6,29726.538636999994,0.0,MonsieurDimanche
2026-08-22 03:44:31,day,mentions,6,0x0f35109cc3ceaf729609c3109310791bd616c84a,27254.641564000005,0.0,
2026-08-22 03:44:31,day,mentions,7,0x782186952ef2ca75ea91c95aef25bbdcffb4bb1a,23607.800415098933,0.0,thif - 33063
2026-08-22 03:44:31,day,mentions,8,0x95b198f900d19a80d3d7e47b7b17708af254f9ac,18124.591877,0.0,thepicklebomber - 3805
2026-08-22 03:44:31,day,mentions,9,0x7fb23b0d330ea4ac4f3cecce1eb81fb0bfb3ed4b,14768.168524999995,0.0,
2026-08-22 03:44:31,day,mentions,10,0x4f70929ba287ac85dc2431c85382ccd9e6b0d185,14234.245540373951,0.0,Lance Uppercut
2026-08-22 03:44:31,day,mentions,11,0x15ae79d7cd60b2a7f06ae46eb4c7a0eb16096ffd,13228.384829999999,0.0,humiliating piglet
2026-08-22 03:44:31,day,mentions,12,0x903221b1098263779ae19486028c844e8c338717,11412.823804000016,0.0,0x903221b1
2026-08-22 03:44:31,day,mentions,13,0x322f041810cee536293dcb4c99fc23b3a766940a,10043.226767999999,0.0,Sports
2026-08-22 03:44:31,day,mentions,14,0xe0eeb30d92eb2a995fc82b4e58def02c53e6fa3f,9426.288296831113,0.0,predictor - 3335
2026-08-22 03:44:31,day,mentions,15,0x84898b583d56054b502c6564f3edfad43b54e211,8927.851561376445,0.0,JustLearning
2026-08-22 03:44:31,day,mentions,16,0xfefaf44054fb92d87882f2bd24bddbd163487bed,8476.656116999999,0.0,vivaFujimori - 33031
2026-08-22 03:44:31,day,mentions,17,0xae95a2fd8df6b5e621d583157d47412a6b066579,8274.744259,0.0,draintheswamp!
2026-08-22 03:44:31,day,mentions,18,0x09fb8ab5f70b2140511c366451e0f02c3c10d01c,7974.457056,0.0,mkiaz - 1025
2026-08-22 03:44:31,day,mentions,19,0x1f682adb9a5cf101bcf53a7cd00bc2c594f7c9b3,7677.93231,0.0,0x3177d25a95524e6d98843c78cd604b67fb1b92b9
2026-08-22 03:44:31,day,mentions,20,0x7668efbca0df8195ba199d3e19cb768e8b3779ec,7415.563737,0.0,
2026-08-22 03:44:31,day,mentions,21,0x0393b7a4c1e4a72564bf8287c7d1471ac9a61130,6550.193144999999,0.0,
2026-08-22 03:44:31,day,mentions,22,0x7430669ff298f8dc78e3339448d4994e812d111f,6530.533578999999,0.0,zwe2edS1ms
2026-08-22 03:44:31,day,mentions,23,0xb254cd171eb8d5b4b60703f99fd13474504bb70a,6116.458664,0.0,maga - 97
2026-08-22 03:44:31,day,mentions,24,0x0af5f7ff9e6b4957e26d064b3218c38c59c87e3f,5982.980714,0.0,brian - 23314
2026-08-22 03:44:31,day,mentions,25,0xf1302aafc43aa3a69bcd8058fc7a0259dac246ab,5774.41538150318,0.0,TraderRed
2026-08-22 03:44:31,day,mentions,26,0xfcbe281f11f195423fdf458582e1215790b7aa8b,5171.851393012967,0.0,igot
2026-08-22 03:44:31,day,mentions,27,0x9950ee8a9cf72226eb1f6f02b086c17198074f87,5064.889840753716,0.0,inanity - 38305
2026-08-22 03:44:31,day,mentions,28,0x88186ddbea78ab3d65b7d08f0658b9c22037f265,4999.839805000004,0.0,
2026-08-22 03:44:31,day,mentions,29,0xef1d0c6244e7a8c9640b08758a8425b5d2a5bdcb,4744.460834,0.0,
2026-08-22 03:44:31,day,mentions,30,0x64310c79be3502dd17e88d9ca7df781700a66f1f,4403.783522999997,0.0,Sergeantx - 410
2026-08-22 03:44:31,day,mentions,31,0x730ae359e9441f836022f7ec14b941fdc942a0fe,3882.4374039999993,0.0,rippopsmoke - 56
2026-08-22 03:44:31,day,mentions,32,0x7789806c754eb0af4c3abeb026c218b4ba78f823,3870.924807000003,0.0,VibesGreaterRules
2026-08-22 03:44:31,day,mentions,33,0x63f8eb9f5f902f6637f75f10fc185e77b0f660ac,3859.3649969999997,0.0,hmm ok
2026-08-22 03:44:31,day,mentions,34,0xb5fc4d5388952dc7a798fe784fe659f9a20e5ca4,3468.8486150002573,0.0,
2026-08-22 03:44:31,day,mentions,35,0x8b5a7da2fdf239b51b9c68a2a1a35bb156d200f2,3044.8101619999998,0.0,Joe-Biden
2026-08-22 03:44:31,day,mentions,36,0x687349b551df31c4a330bbaf1519458cb521d9e5,2966.8310484142407,0.0,ihatedmyself
2026-08-22 03:44:31,day,mentions,37,0xfab242aa69777dda9ab74b6a6aa878555f3feacd,2845.680646,0.0,Luxy - 6433
2026-08-22 03:44:31,day,mentions,38,0xc4c81a4e8e39d374b12e27a0373f6e2ccb4f8618,2757.9446579999994,0.0,mhonkasalo
2026-08-22 03:44:31,day,mentions,39,0xa8845b7cf1cdc5d63a226d7db2be64feb8119d7d,2537.449412,0.0,mbharus - 38295
2026-08-22 03:44:31,day,mentions,40,0xbb90ad2434c27716e987f6318df47285c6ddffbe,2473.6647920000005,0.0,AceBaby256
2026-08-22 03:44:31,day,mentions,41,0xae50d6935c736696a99c309a4dcabe1343b20354,2428.523338,0.0,dougiedigital - 11986
2026-08-22 03:44:31,day,mentions,42,0x2b71bc97507076a80bd0000cdb134e4fc3041359,2402.6987620001287,0.0,97507076a80bd0000cdb134e4fc304135
2026-08-22 03:44:31,day,mentions,43,0xb2d62e284ac9f13f09dcdd8accab61bfdd7af3bd,2076.7373130000014,0.0,crystalfalls
2026-08-22 03:44:31,day,mentions,44,0x778f6b920f7b96b0a76b1711b495e429b932e2c3,2029.2884580011014,0.0,
2026-08-22 03:44:31,day,mentions,45,0x495b97dcdd8e3e4ae7788ca6a53156cd4907e3fc,1971.7628119890958,0.0,uuuuu
2026-08-22 03:44:31,day,mentions,46,0x5a9fa918bca3e2c55d5615e891f543231fd70485,1922.566682,0.0,Alex - 28
2026-08-22 03:44:31,day,mentions,47,0x30af50d04b9c1ddef67ae39996f9607c0f14aa32,1816.1796949583552,0.0,
2026-08-22 03:44:31,day,mentions,48,0xa6a8aa0792dfb4d2aecd481ff6e926822c01a884,1796.6459240000002,0.0,Degens - 740
2026-08-22 03:44:31,day,mentions,49,0xee292607d48ecee93afc0fe9994fbe316f59c56d,1739.240313000002,0.0,How do I claim prizes?
2026-08-22 03:44:31,day,mentions,50,0xc94171dab78729079b3eb6e14ad33ea60ab80a0b,1723.5970946048967,0.0,shangtr0n - 7868
2026-08-22 03:44:31,day,mentions,51,0xf1bb700a67e3e8a45dc8160a92f4e0405f41bf09,1668.968057,0.0,aenews-915
2026-08-22 03:44:31,day,mentions,52,0x647683f0e175a692e63f9d6934498144805bdb34,1617.8293519999995,0.0,manofwax0824 - 7483
2026-08-22 03:44:31,day,mentions,53,0x909a3abd5ec12fcaaccbb71ea27ff1410dfa7cd0,1603.81072,0.0,........
2026-08-22 03:44:31,day,mentions,54,0x51d8c16b487e3ef3bfa3daabf689fda2d26a2cab,1477.014933999999,0.0,
2026-08-22 03:44:31,day,mentions,55,0x77cfb716811a03a83ced6ffcfc1d9b8281930e71,1410.9405581017515,0.0,disko
2026-08-22 03:44:31,day,mentions,56,0xdbe73eaa9359dafe7d481297945c9636cc06fb86,1396.389825,0.0,mfiskeaux - 18826
2026-08-22 03:44:31,day,mentions,57,0x9d84ce0306f8551e02efef1680475fc0f1dc1344,1361.2348879999918,0.0,ImJustKen
2026-08-22 03:44:31,day,mentions,58,0xe567b0d5c9c0a9468b970ebe12e799248d3c75a4,1350.248397,0.0,
2026-08-22 03:44:31,day,mentions,59,0x814da9245a05f2d9db142357a80d13784e6da04f,1327.145716,0.0,
2026-08-22 03:44:31,day,mentions,60,0xba5e052730edceb1258b1ca575f824eb975c6598,1284.276551,0.0,signme
2026-08-22 03:44:31,day,mentions,61,0xb8128d057e3b64d422af55e2f41b2c8cf832be01,1234.020243,0.0,UGLY-domer-HAHAHA
2026-08-22 03:44:31,day,mentions,62,0x0c0e270cf879583d6a0142fc817e05b768d0434e,1226.536523,0.0,The Spirit of Ukraine>UMA
2026-08-22 03:44:31,day,mentions,63,0x962c3a66dd4ce862da1d3b5f83e8620652fef969,1198.9465649999997,0.0,baseline
2026-08-22 03:44:31,day,mentions,64,0x5115160eb59eb7f82e0af3f0c9f0d340ad8fe1a2,1179.15973,0.0,
2026-08-22 03:44:31,day,mentions,65,0x80265d2042b57193d645af089d215f5d7a5311f0,1154.577019,0.0,
2026-08-22 03:44:31,day,mentions,66,0x376441d19f56d43629d3872324dc2e648e13c5eb,1146.860336,0.0,m3t64 - 815
2026-08-22 03:44:31,day,mentions,67,0xf78a94a5e8df10bd9f1307dde3337c6970476537,1126.682719,0.0,kkatanchi - 13112
2026-08-22 03:44:31,day,mentions,68,0x69cd9827ce7eb000837c27a60197191dda8e2400,1125.273625,0.0,1423
2026-08-22 03:44:31,day,mentions,69,0xa48ee028dee3e4c691381a9bae7f16e710cd7154,1124.5784736259684,0.0,dirmity - 1256
2026-08-22 03:44:31,day,mentions,70,0x935f1d59317acc6b72240ae659b46345e123aea6,1097.359049,0.0,jquintanan - 19993
2026-08-22 03:44:31,day,mentions,71,0xafd2855a086ad4fba71a7c3f53a4e236f9bc1044,1000.6337970000001,0.0,gpredicts - 2735
2026-08-22 03:44:31,day,mentions,72,0x31bde87de495e7e0112e4ee60f6591838b2f1a75,982.403051,0.0,LL - 6284
2026-08-22 03:44:31,day,mentions,73,0xcf790393daf6c90ca07f0b198a100040a3245ed5,974.302737,0.0,icecreamrocket
2026-08-22 03:44:31,day,mentions,74,0xc4be6f1b2d6737006a20ea3c6f4b94b7ce065dd5,951.236348,0.0,archimedes - 2599
2026-08-22 03:44:31,day,mentions,75,0x62d2bcd198bb6eab8b7eeb9d2061815dc02b9eb7,902.0365670000028,0.0,ANudeEgg
2026-08-22 03:44:31,day,mentions,76,0x0b30110c445725d8746d61fac60f67da456d375c,887.795887,0.0,cnute - 38312
2026-08-22 03:44:31,day,mentions,77,0xb0e63a822ca959f0311a043eded8bf6a0d99a76a,835.0958820000001,0.0,UGLYdomerHAHAHA
2026-08-22 03:44:31,day,mentions,78,0x5c74ef117cf3647154b20dc70c86c0ac666d1c9a,821.786648,0.0,Bman527 - 16841
2026-08-22 03:44:31,day,mentions,79,0xe6f0bcad743aca1d8eab31b3e72019f222267f00,808.9185815787905,0.0,0xffd01cdb802d35abf484d64f77baf053a3b126f4
2026-08-22 03:44:31,day,mentions,80,0x72dfe24820a5aa4037c7f746fd27f433e973387d,762.7309839999999,0.0,Orb-961
2026-08-22 03:44:31,day,mentions,81,0xf6129c47f5ef4cab25f3aa67b5e3aaac77b15700,757.2212639999996,0.0,Skip-Earthwax
2026-08-22 03:44:31,day,mentions,82,0x8b5eb9aa03850e10b57c447cc58b4e3ce17e5692,753.8156600000001,0.0,cthiebaut
2026-08-22 03:44:31,day,mentions,83,0x89404b1194eb41166ab6f9d3efdf6eb11d3b1bb5,752.805575,0.0,MikeMcdermott - 72
2026-08-22 03:44:31,day,mentions,84,0x4c0340f93e3c590118fc6e35215d51ce7dc80cc1,752.3515990000001,0.0,terminalline - 20450
2026-08-22 03:44:31,day,mentions,85,0x593376993ef3c859013ed1c00064e1939d934b4f,739.532016,0.0,nostra - 4223
2026-08-22 03:44:31,day,mentions,86,0x43372356634781eea88d61bbdd7824cdce958882,738.2359109999961,0.0,Anjun
2026-08-22 03:44:31,day,mentions,87,0x686e6a5b0d5d240e738c3aff0377b9596846fda2,737.276221,0.0,lesserfool
2026-08-22 03:44:31,day,mentions,88,0xd7da4374a7f25bbfc907fa08480f6559c7adca5d,725.370678,0.0,kenzie - 19708
2026-08-22 03:44:31,day,mentions,89,0xb672fadc8ddc4885bfaefb459c8b66822a13a665,721.201861,0.0,benedicthsieh - 18327
2026-08-22 03:44:31,day,mentions,90,0x3c125b06575d4ec62c64c782676521b0405662f3,707.9349590000002,0.0,low risk enjoyer
2026-08-22 03:44:31,day,mentions,91,0xeb914a1ccf7475232fa078f8121e9c8d2c4a4002,704.963356,0.0,---
2026-08-22 03:44:31,day,mentions,92,0xbd493da0c6cba70771dd8b85c805cdc54d2ad059,701.438192,0.0,anish
2026-08-22 03:44:31,day,mentions,93,0xaaf4acafbb7980ce93631d238eb10a5c4ca67883,700.4118199999984,0.0,Squee
2026-08-22 03:44:31,day,mentions,94,0x368dab93ea5593628d0b7d778c0801fd3f332a24,674.0309443784679,0.0,
2026-08-22 03:44:31,day,mentions,95,0x55d84b20bdcc979b505e3344a813748c87355df9,673.959865,0.0,0xelnino - 35119
2026-08-22 03:44:31,day,mentions,96,0xb6affa6794974e561f50b0e4620d56208a82193d,626.494946,0.0,TheWinner - 17605
2026-08-22 03:44:31,day,mentions,97,0xa047a428ce6607499d923ff89373c6fc4623f79d,625.8329832999827,0.0,Lauracroft122 - 4550
2026-08-22 03:44:31,day,mentions,98,0x2fc4b695acf6b23dbdcd15f27f0e537a7cfc3310,612.373027,0.0,9207309120983 - 39508
2026-08-22 03:44:31,day,mentions,99,0xcef8576f9c83757ada94080eb0bdf16d69a70df6,601.897948,0.0,
2026-08-22 03:44:31,day,mentions,100,0x1fc540a4644f665458aefc4f72240d37d37938d9,600.532965,0.0,Rrdd11
2026-08-22 03:44:31,day,weather,1,0x376a5fd4c4941280fbf511489558e9b7de31d270,2685.150702748504,11756.863166,terrordogchampion
2026-08-22 03:44:31,day,weather,2,0x66d609dbda9df641eff684190a01182f6de450c7,1008.8661442065004,0.0,LieutenantMiloMinderbinder
2026-08-22 03:44:31,day,weather,3,0x23d18416645924e097c453e8ceadd4bfeb6a353f,763.2600000001403,0.0,fcomp3
2026-08-22 03:44:31,day,weather,4,0x044f334595a7fd42c143e11c8ec47f23c8d1d1f1,651.0074051050833,318.25,gghff
2026-08-22 03:44:31,day,weather,5,0xafde461fce5aa0fabdb7711c59db93b65e343e1d,646.1717089945378,5364.086624999999,opopv2
2026-08-22 03:44:31,day,weather,6,0xe9076a87c5ed90ef16e6fe6529c943baeca0cff6,636.7354593942218,1154.479548,suntori
2026-08-22 03:44:31,day,weather,7,0x5c6b40f748a2060284d8ba41cdb01fb4169ff32b,582.2181077899986,3630.53,Phlox
2026-08-22 03:44:31,day,weather,8,0x38fa1fdce9420b0116e983dc49f4cf8b2b4d26ff,541.9353813934999,814.28,0x38Fa1fdcE9420B0116e983dc49F4CF8B2b4D26Ff-1775875225658
2026-08-22 03:44:31,day,weather,9,0xc31fdeab99cc3a1ff67f42cf5dbdde35dce0f04a,437.0930353834208,809.851105,ForeverAlone69
2026-08-22 03:44:31,day,weather,10,0xc8ab97a9089a9ff7e6ef0688e6e591a066946418,288.937718558489,0.0,ArmageddonRewardsBilly
2026-08-22 03:44:31,day,weather,11,0x3eac7a5f0419f2efd13d21f3f1c0d0e5566efe52,226.63999999999982,0.0,adfadfadfgf
2026-08-22 03:44:31,day,weather,12,0x1abc2b469b5ded495d6c8b21fc79dcb8d8f345e7,223.4820391116882,1552.2335920000003,0x1aBc2b469b5dED495d6C8B21Fc79dcb8d8f345E7-1778811281023
2026-08-22 03:44:31,day,weather,13,0xcbcec5baf863f3ae752725e5c94b039dcec0507d,222.32299497000076,0.0,jvr27
2026-08-22 03:44:31,day,weather,14,0x686880eea810fa9141be46a1acec9eee41755198,216.1040171784989,7996.174999999999,opopv3
2026-08-22 03:44:31,day,weather,15,0xfd37c3c95979a46195ec5152439f820ca2d19135,204.05055389638255,4938.018642000001,shamu14
2026-08-22 03:44:31,day,weather,16,0x77f069c3233901628c89d0e8ea5bb510a2822b1f,199.8307880384,3052.920548,cleaningLady
2026-08-22 03:44:31,day,weather,17,0x95d381e71dba6f1c3199fd9bc040383d6fae6eff,195.46580834949987,501.314778,TunSahur
2026-08-22 03:44:31,day,weather,18,0x229c0a7d92977a9934e5ac2348d507988996b966,193.0719741231369,1592.2500909999999,qqqppp-l1
2026-08-22 03:44:31,day,weather,19,0x03805a13a0b3e058f55f6c6af95389d4f431073d,192.3433596300565,2148.433368,donthackme
2026-08-22 03:44:31,day,weather,20,0x9506e646497107cabf2d5b941a8e6a60d0db1c4f,191.71602156568133,1148.0764629999999,
2026-08-22 03:44:31,day,weather,21,0xfa0c24c46139d728260af424fea984befbd2ef83,191.3464268409998,114.67,0xFA0C24c46139D728260Af424fEA984BeFbd2ef83-1782916981370
2026-08-22 03:44:31,day,weather,22,0x14adccff0397f7ecf2776739f9b7d0ccd85669f5,190.9499199999998,0.0,cvcvbvbvbMM
2026-08-22 03:44:31,day,weather,23,0xd66196189fee25e395d55dcc966cdfc27e0d2750,174.9044408078007,1799.9814000000001,Tutu9527
2026-08-22 03:44:31,day,weather,24,0x2e62eddf5acffa59a97706de674348a2e600b22e,169.57872131571912,1255.976064,rocky42003
2026-08-22 03:44:31,day,weather,25,0xf514389157b74172edc26ba950c2f5b8436507cd,167.56266321550004,0.0,0xF514389157B74172edC26bA950C2f5B8436507cD-1785299447999
2026-08-22 03:44:31,day,weather,26,0xbc4e46aa57fc149c046e847dfe5ae536db697dbb,166.572491642949,1512.8079149999999,Dadapple
2026-08-22 03:44:31,day,weather,27,0xfd8d4130d037d38ba3d1e7e4d89c8f65fe99038b,165.1000000000049,0.0,cryptotradernpc
2026-08-22 03:44:31,day,weather,28,0x34c16752b5cc8e784b01e5c18b8f3ef0ebcb1bb0,160.40020000000004,200.0,HellorHeaven
2026-08-22 03:44:31,day,weather,29,0x6a8d1709bfb718d8555d315a983c4816278350f9,159.80123136551265,390.27235499999995,OnlyLuckNoBrain
2026-08-22 03:44:31,day,weather,30,0xe8f2f3c1fdfa0c99a3db6e44b6c412becd9396d7,158.03922245000285,885.215,xiaopingan3565
2026-08-22 03:44:31,day,weather,31,0x2ef2f13f30e523197e9e66afa2f2620f02fbfaa5,157.38482152167853,1130.5413910000002,goshopping
2026-08-22 03:44:31,day,weather,32,0xaa930fdc4caa3c0f6067404a7bd7899ca45f0bc7,153.2711514426519,1127.453482,Lex-tang
2026-08-22 03:44:31,day,weather,33,0xb2b2ff675432ec4fe396a18ebfb96a32959aa684,147.12711166993222,3446.892438,gegendan
2026-08-22 03:44:31,day,weather,34,0x58b95ad1dc363ecce463213222828979671ce12f,142.03545168006627,877.049335,weather-goat
2026-08-22 03:44:31,day,weather,35,0x8383a695e82d69bff00d4032c7037b3eba01cb59,137.2476918001111,233.99275,DollarStoreQuant
2026-08-22 03:44:31,day,weather,36,0x012f7e64c0e2ce3d1629f79a4a3b5fd69d96400d,134.13895296150122,0.0,slowboring
2026-08-22 03:44:31,day,weather,37,0x1cdd071bb612de6d66d0c882b676c663697de595,133.26482287666659,1352.734882,Lavincey
2026-08-22 03:44:31,day,weather,38,0xc34f6b088bb9172625ee1ea2ee8da9ac4f037d2e,133.0313022137325,2680.2520359999994,StayFreshCheeseBags
2026-08-22 03:44:31,day,weather,39,0x5bb3c034a9078b5f3b2f91e0aa59e9cd03c42c94,131.00357682524395,884.6825479999999,0xBBc4A9...9E9cDC4C94
2026-08-22 03:44:31,day,weather,40,0x5fc14b1c882852f145cdb78c2ee250a512d6647a,130.717080969501,336.571305,0x5Fc14B1c882852F145cDb78c2Ee250A512D6647A-1776343454136
2026-08-22 03:44:31,day,weather,41,0xc878c6a7ba8ad896a897fe82e48b93fb66dfa6f3,129.49408325999957,2886.12,ZEEBRA-KY
2026-08-22 03:44:31,day,weather,42,0xbfcfe3cfb9a29885994ca57c367cc63a84157a39,124.54135,418.76,XZking
2026-08-22 03:44:31,day,weather,43,0x93cc20e41358e7a2f00f19306afac2f45391454e,121.79465216348626,1308.8647179999998,bingkuai
2026-08-22 03:44:31,day,weather,44,0xb3ebf9f2d72968b7faa8e4baeea955638b83b529,119.82418009754701,224.45698900000002,aMartBot
2026-08-22 03:44:31,day,weather,45,0x3e644c5330d3d20c0f8a9595f3c35245e0f6823a,119.28072869999994,0.0,thebrucewayne001
2026-08-22 03:44:31,day,weather,46,0x1e3f34502860d729385fe7da49375c408343675c,118.07648452000194,873.5600000000001,to010
2026-08-22 03:44:31,day,weather,47,0x5d4b8727e43b5e68a7ed75ae2096b184e19166b0,111.41913738873404,4310.530056,lllb8
2026-08-22 03:44:31,day,weather,48,0xa982b0742b38d273fe7e4265cd140586759c6fd1,98.23847998425691,1644.102225,seasonalintelligence
2026-08-22 03:44:31,day,weather,49,0xad5057e6947081649c263a538d58899117e63122,94.36913772950356,2745.112,moon11188
2026-08-22 03:44:31,day,weather,50,0x1cfc260bfa2b5ae89377863180ca3b4f5c862111,93.71310853865543,677.174034,lissartter
2026-08-22 03:44:31,day,weather,51,0x21d0c129deb8a7f7e1569045200d20e23862ce91,92.74066795999988,0.0,DEGENKHAN
2026-08-22 03:44:31,day,weather,52,0x2b407c1091b0e0de5fa5e6d96a2edda2cee3ced4,90.54226820001531,204.2,smallyua
2026-08-22 03:44:31,day,weather,53,0x6c808ecb1d4e2ff217596af2f9159412a5aac3dd,90.53449999999998,101.0,0x6C808eCB1d4E2Ff217596af2F9159412A5aAC3dd-1784633269113
2026-08-22 03:44:31,day,weather,54,0x33ab2bd0486f476d27e0e32349ef41f6f032149b,85.99194351500023,0.0,giuselon
2026-08-22 03:44:31,day,weather,55,0x702226b14b65b1c8d05ff51759e095f09932f64e,85.87305000000003,0.0,0x702226B14B65B1c8d05fF51759e095f09932F64e-1770071899262
2026-08-22 03:44:31,day,weather,56,0xbfc10a01983730e0aada2e4e3774535f631bee2f,83.92559188060386,5848.998415999999,0x.ALJJJ
2026-08-22 03:44:31,day,weather,57,0xb4272557ce308c7182fc48b4d6716b744e8e4c62,81.59999999999854,0.0,ChaosStake
2026-08-22 03:44:31,day,weather,58,0x7300833941f579802d58791eb1d0152c1b17e52c,81.46507106800118,1932.746255,PontiusPilate
2026-08-22 03:44:31,day,weather,59,0xf4193868f769301f8c046382fd34fe0e1efa5f89,80.50408389250174,0.0,fred5k
2026-08-22 03:44:31,day,weather,60,0x6011655c4afb76f36dd1b08a137a1ba73466b31e,80.00731500000984,5398.049999999999,HighTempTation
2026-08-22 03:44:31,day,weather,61,0x65f93c0f054db935ed6a254c0ce0e9b3ca624425,72.8151948184368,2061.5885500000004,0x65f93c0f054db935eD6a254C0cE0e9b3Ca624425-1762251377772
2026-08-22 03:44:31,day,weather,62,0x5d189e816b4149be00977c1a3c8840374aec4972,72.04719903,0.0,gloriafoster
2026-08-22 03:44:31,day,weather,63,0x1f9e15f39bbd5d163b0eacf0fbef647ced9e4f1a,72.00755224499972,347.26,Nardinamouk
2026-08-22 03:44:31,day,weather,64,0x2e1f908b32bced89c0010fad8f35c469cfbd8fde,71.6587305595317,666.5226869999999,0x0820-3
2026-08-22 03:44:31,day,weather,65,0x52033b0138db511641c2a9e181bf5e93b8ddb975,71.64546064999934,0.0,ramboo17
2026-08-22 03:44:31,day,weather,66,0x9422f0e5a2c4358bdd2a901aa2a31f58e04ef273,70.44380113056013,1705.7070060000003,flexer78
2026-08-22 03:44:31,day,weather,67,0x814de45404c20dd9956737a83f7c8b0b039eb842,69.63704999999999,0.0,resfeber
2026-08-22 03:44:31,day,weather,68,0x0362bb926368b144e0ff98f6828a251e4cb6449e,67.39758225000082,0.0,varch01
2026-08-22 03:44:31,day,weather,69,0x38f50488b14a87769e0c5cd6c514b6c2e8ec6824,64.5165564020001,0.0,OxfordExpress
2026-08-22 03:44:31,day,weather,70,0x74957ea27ac4fbdee46d861fdae357859ff67fcf,63.57608343750326,139.0,LornaPredicts
2026-08-22 03:44:31,day,weather,71,0x33e8296736b315ca3ac5fbfa7d67528606ccdc93,62.60688000000016,7.36,formas999
2026-08-22 03:44:31,day,weather,72,0xf05a88db88c2d79c625726c6df446bcdd981119b,62.36175000000007,0.0,azu1005
2026-08-22 03:44:31,day,weather,73,0xf9f2fadb03a828f3024227034283e638bb73771f,60.67615462737007,801.2334230000001,api3799
2026-08-22 03:44:31,day,weather,74,0x177500541ae20bb0d46ab0db3fd2559e2a7e85b0,60.2531438217502,1348.9216079999999,bby123
2026-08-22 03:44:31,day,weather,75,0x4c48e79c441db833e630257a7f09c652af591c17,59.75947331888398,1555.663332,myfirstd
2026-08-22 03:44:31,day,weather,76,0xe1c276a1086da977f8f585a5451a6ff0a7f7ea48,58.97652949999997,0.0,Yihang98
2026-08-22 03:44:31,day,weather,77,0xd25156e222c9b907b128e27c36821fdb41db4d37,58.212118254909,205.452651,neo7777
2026-08-22 03:44:31,day,weather,78,0x4b8ae011176b76888949476d7fb7a56985faf4a4,57.93818614999998,0.0,chessplayer
2026-08-22 03:44:31,day,weather,79,0xdd1cc08d436e10c8d68defc024e3dc29b6bc3f79,55.450966334999634,301.525924,0xdd1cC08d436e10c80860eFC024E3dC29B6b4gdv2
2026-08-22 03:44:31,day,weather,80,0x3f4e9471d3dc145113261dc5c4e604465e93dba5,54.894015705697996,230.344836,
2026-08-22 03:44:31,day,weather,81,0x21413203b0be620ebc9dc236a152413923287fa2,53.07597852399941,189.0,climateprofessor
2026-08-22 03:44:31,day,weather,82,0x285109735e915f14038a2f41322814e0d6b46b8c,52.35887691375319,4919.376249999999,korda-
2026-08-22 03:44:31,day,weather,83,0xd3b44affa9028e2b72f66ce277256f8ad53b73cd,51.38770000000022,0.0,axebobby
2026-08-22 03:44:31,day,weather,84,0xb58967c4664e6127ab4a9501b657b463328440a7,50.930259325120055,456.204446,
2026-08-22 03:44:31,day,weather,85,0x1822cc739c14e24e82505bf491f2b8cd19a0022f,50.60873379237478,82.610125,apapaya
2026-08-22 03:44:31,day,weather,86,0x87650b9f63563f7c456d9bbcceee5f9faf06ed81,50.165513146896046,202.0,2B9S
2026-08-22 03:44:31,day,weather,87,0xe8dd7741ccb12350957ec71e9ee332e0d1e6ec86,49.20199300249624,0.0,influenz.eth
2026-08-22 03:44:31,day,weather,88,0x1555e4fcacace46f123c4d114057d26ab7e7e4dc,47.79983061600015,0.0,messithegoatt
2026-08-22 03:44:31,day,weather,89,0xf1deaef91fafc2857c680ced5a15a6f506d1bbbc,47.13993394500051,224.44741199999999,gnrz6u3mk9i0lfl1vkj6rlmwgbxlh2jt
2026-08-22 03:44:31,day,weather,90,0xd90ba1df6ba6813b574ccfe6e5ddf1c551bdda7c,46.64232194246,62.34346,droidchief
2026-08-22 03:44:31,day,weather,91,0xa7d2ec6680f4e5f6ab0da244d8006eec3e20f954,46.157785549002256,717.6700000000001,KiruaTrading
2026-08-22 03:44:31,day,weather,92,0x96bd8eafab236274d9b53cd846c5b7440aa3ff97,45.94400000000002,0.0,LuckiestBets
2026-08-22 03:44:31,day,weather,93,0x8d6004b697233bf4eb3b82f22b281d9c0209a7a5,44.97655261952639,411.2762,0x973
2026-08-22 03:44:31,day,weather,94,0x78ed8966161ea0a22f0719b9c04391c6ac22ab3a,44.767799999998715,0.0,6000K
2026-08-22 03:44:31,day,weather,95,0x5ffea747575581e8d2dc5e23c47ab98c1638e48b,44.305162999997265,1017.03,0x5FfeA747575581E8d2Dc5E23C47aB98C1638e48b-1777529589397
2026-08-22 03:44:31,day,weather,96,0x6f084a641012bb925f2f3c7f44a6fec5025e54d3,43.04955000000005,0.0,warptrading
2026-08-22 03:44:31,day,weather,97,0x26a1af38fb1af1e7e20d9cbbdafcff0b2d645704,42.66311000000053,0.0,Hannsanity
2026-08-22 03:44:31,day,weather,98,0x722efed934b79bba39e395d70d8da38f7a04fadd,42.375703064887944,557.4863409999999,liubov21
2026-08-22 03:44:31,day,weather,99,0x26094c92d4538dff4bf46dc17c2e9991afeda847,41.927754027499276,821.411783,sonofweather67
2026-08-22 03:44:31,day,weather,100,0xc602e34792d9a5e129f3404daef2df43d1d37fc1,41.30350310150607,186.21263200000004,Dr.PNL
2026-08-22 03:44:31,day,economics,1,0xfbe66593e49c4e7a7180a2582f041158bfb800f8,3904.0308760899934,0.0,gaven-willwin
2026-08-22 03:44:31,day,economics,2,0x011175c87089797b1c5bebcfb6d501b4c51d60f7,2797.11354799551,0.0,hhhhhhhhhhhhhhhhhhhhhhhhhhhhhhhhh
2026-08-22 03:44:31,day,economics,3,0x9d84ce0306f8551e02efef1680475fc0f1dc1344,2317.878603709978,0.0,ImJustKen
2026-08-22 03:44:31,day,economics,4,0xdac7d70f156719d4ecc806844876880a558dd26a,1354.2066999999952,0.0,0x600a92058a5965dd7B37C10D0dae005a17c81CbE-1781439946954
2026-08-22 03:44:31,day,economics,5,0x7bc14171ccb0d3e6bac219ec6a76211826e28db4,1343.131278129993,0.0,coali10
2026-08-22 03:44:31,day,economics,6,0x43405b1b3dee23baf8284b3bcfd79930600b64c4,1074.7915605800008,0.0,-nkt-
2026-08-22 03:44:31,day,economics,7,0x614dc8d3542c12103d2c6a3553fd761e391d1546,994.7012428099988,0.0,mr.ozi
2026-08-22 03:44:31,day,economics,8,0xe4cb2a8296c45428bbbd699c5dea834b424f4f32,937.5422016740031,0.0,telsaspace
2026-08-22 03:44:31,day,economics,9,0x7523cafcee7bcf2db9a79d80e0d79b88a9a54c4c,770.0005999999994,0.0,DonaldinhoTrumpito
2026-08-22 03:44:31,day,economics,10,0x7339652b417d4b65d7aa60d2cf041530e33c4132,745.2549018599966,0.0,wangtoutou
2026-08-22 03:44:31,day,economics,11,0xcaab19659b995951a44cc992447cb2ad5be324dd,721.6040526794823,0.0,QMG-CORE
2026-08-22 03:44:31,day,economics,12,0xdb38fc28f56b059124e324a65461cd0db50ece37,636.7760040299981,0.0,Kainvest
2026-08-22 03:44:31,day,economics,13,0x35bbbad2415fe5e39b12da9a316cdc80b022009b,605.4190176300035,0.0,MisTKy
2026-08-22 03:44:31,day,economics,14,0x67a3372b546dfb576976ee8d26e15c87f4527eec,598.1028000000001,0.0,Ahufu
2026-08-22 03:44:31,day,economics,15,0xb1a279adb096d316b1b168993e8ed976d3cd372a,546.9472009700257,19075.6725,TwoEyes
2026-08-22 03:44:31,day,economics,16,0xbacd00c9080a82ded56f504ee8810af732b0ab35,530.6552890902385,0.0,ScottyNooo
2026-08-22 03:44:31,day,economics,17,0x162f6fff88a52864f2ecc9833e58089d5254798d,439.99966597999446,0.0,Valen9
2026-08-22 03:44:31,day,economics,18,0xef9b5d5e51eb4987240ed77422352d10604ed5ed,420.844882909998,0.0,Chelseaone
2026-08-22 03:44:31,day,economics,19,0x2cea147625e653974b96182a5cbcc1c4911b4ecc,402.37990334999995,0.0,SSCCAAMM
2026-08-22 03:44:31,day,economics,20,0x54b56146656e7eef9da02b3a030c18e06e924b31,400.0008040995017,0.0,pup1
2026-08-22 03:44:31,day,economics,21,0xe53312c6c15af508e0c31e2cfadbefddd399ab29,363.97347112001444,0.0,WharfMan
2026-08-22 03:44:31,day,economics,22,0x49f206f4fb2210a28af4795e4e0b6532cf0bd7b4,362.54394725500777,2997.9,0x49F206
2026-08-22 03:44:31,day,economics,23,0xf1ef8705e9f63c790c6fffd6329aea7011718cd6,350.1201432600028,0.0,Outsid3rTrading
2026-08-22 03:44:31,day,economics,24,0x95bf944dd22691364154fb436ee922798566e00b,328.250305619993,0.0,hideo
2026-08-22 03:44:31,day,economics,25,0xe472ce6be1fb4673d6155de37e414ead8bace7eb,325.13314362999154,0.0,TheRealWarMonger
2026-08-22 03:44:31,day,economics,26,0x799a338cb47c13f4ba2bff7fff8c07427d4848d6,320.7816507200041,8.24,ElstadNunn
2026-08-22 03:44:31,day,economics,27,0x328dc4b82869856f3e1a1eae904e67957641f7a9,304.9998999999989,0.0,apmt
2026-08-22 03:44:31,day,economics,28,0xdb1b125189913bf03405e74cbf47273b4466efb5,300.7033526999985,0.0,hack-vc
2026-08-22 03:44:31,day,economics,29,0xcf19c420814435ffb1c459588208ed23a7ee6402,299.9999161699998,0.0,PantheraUncia
2026-08-22 03:44:31,day,economics,30,0xdde1271a7ea5b1a6f77432e6fb76bab18ae224f6,276.7618309600002,0.0,0xDDE1271A7EA5b1a6f77432e6fb76BAB18ae224f6-1785350041582
2026-08-22 03:44:31,day,economics,31,0x5375c751dd5a03a0395f77489d8afa24ce62c1a1,272.24266664999595,0.0,thiswaysir
2026-08-22 03:44:31,day,economics,32,0x1655eac53ec852b6c3785d15feea40035f71a669,270.7123409800006,0.0,PolyOG
2026-08-22 03:44:31,day,economics,33,0xa8c63f775ddbbe66b56614191747def3021444e8,260.66108804297255,0.0,Tenebrus7
2026-08-22 03:44:31,day,economics,34,0x279586b44e055dfe58bd21fff9d67a675043acd0,256.68720000000394,0.0,0x279586b44E055dfE58BD21Fff9D67A675043Acd0-1763372677832
2026-08-22 03:44:31,day,economics,35,0xacd4078518e63fa0be9c8594d8f5fa817a75d343,255.20530000000144,0.0,Saucypajamas
2026-08-22 03:44:31,day,economics,36,0x4e56f1ddaa8f5328036c449b89e731ec748cdee1,243.6429616100031,0.0,BreadGet
2026-08-22 03:44:31,day,economics,37,0xc2e5359b204c4296b7e1a07603fe0b657486b3a5,239.7129021000037,283.1,euro-catcher
2026-08-22 03:44:31,day,economics,38,0x6fc9e169785ba967602e7ea75ae0c7a666bc6126,224.1250999999993,0.0,DonnyTurtle
2026-08-22 03:44:31,day,economics,39,0xdc41c39b95453c943174f369926018f6963bdd7e,206.47715709603654,0.0,quavoo
2026-08-22 03:44:31,day,economics,40,0xc851cd9bee7d262afd78674f861f9f576a12cd2a,200.14680589998898,0.0,betwick
2026-08-22 03:44:31,day,economics,41,0x269ced0ede348b4b3f8fd8470b19f65508f79017,200.0,0.0,allen111
2026-08-22 03:44:31,day,economics,41,0xdaef2be2a19ad331737d06545f85615b094554e9,200.0,0.0,PEYZ-BIGGEST-FAN
2026-08-22 03:44:31,day,economics,43,0x5b9115312cb4fc2b2b57c65045e611092f222709,199.99973781000153,0.0,x26
2026-08-22 03:44:31,day,economics,44,0x94daa3bf531255d6565e937c7249d3918fa12bf1,193.1745371499992,0.0,SaracensCapital2
2026-08-22 03:44:31,day,economics,45,0x4755072010b0a6963d5140b4c34ba6a544664338,188.0440570280034,0.0,QMG-MACRO
2026-08-22 03:44:31,day,economics,46,0xf579036e211211ab1d5d944f1665c394d5959989,182.6030678399993,0.0,newguy666
2026-08-22 03:44:31,day,economics,47,0x9e3ed7b661a903fc97afcf49e0f014ebe869f882,180.61505992891034,140.044115,0x9e3ed7b661a903fc97afcf49e0f014ebe869f882-1783406009396
2026-08-22 03:44:31,day,economics,48,0x69788e136500902559a2fb21883ab9baacbd08d8,176.533288093,0.0,TruongMyLan
2026-08-22 03:44:31,day,economics,49,0x836960eba14bb3dec013fc50d2be66808db2f584,176.31140000000053,0.0,ChairmanFed
2026-08-22 03:44:31,day,economics,50,0xe9076a87c5ed90ef16e6fe6529c943baeca0cff6,172.79285121853172,3766.6782650000005,suntori
2026-08-22 03:44:31,day,economics,51,0x368ba69507fd67972059fa178af5e459b72f2458,169.99989997000011,0.0,RockyZet
2026-08-22 03:44:31,day,economics,52,0xf5592765133941c40c77e52bc56bbe7ec167f462,167.19418454999686,0.0,0xf5592765133941c40C77e52Bc56bbe7EC167F462-1755612447740
2026-08-22 03:44:31,day,economics,53,0xbe89905ca9a689f5129621b62fcf715b5a45b88c,167.18512405348883,0.0,simpleman
2026-08-22 03:44:31,day,economics,54,0x8faabef68d5951d3e06ca511dfc778ed6f54deb5,166.42498799999885,0.0,747281
2026-08-22 03:44:31,day,economics,55,0xc704cc5401580f804c4feb743167824ecbd4045c,162.9904000000006,0.0,CrazyArab
2026-08-22 03:44:31,day,economics,56,0x965f3f8a789dfd17d8255ad9d72f0d01f506ecf7,157.84711192244595,932.03125,MoonSooLove
2026-08-22 03:44:31,day,economics,57,0x07352572f01af5a4ecf70377fb4ae0e489acdb7c,153.3550943099999,0.0,akasdlfjkasld
2026-08-22 03:44:31,day,economics,58,0x5ccc29d31afb02b07462114349b9bda1b612edb7,152.3439431200004,0.0,KingOdysseus
2026-08-22 03:44:31,day,economics,59,0x5b6331e7ff0831a3fe2ed12004747db1a9c911a4,150.83803967599852,0.0,neutralwave23
2026-08-22 03:44:31,day,economics,60,0x1d620ed68c4fd00b189207ed1f8c13222766d76b,149.99974980000025,0.0,QMG-SCALAR
2026-08-22 03:44:31,day,economics,61,0x49e94011df9060dcc367995892faeb193e348f85,149.625,0.0,MoonLambo1205
2026-08-22 03:44:31,day,economics,62,0xb36cfbf83a716c55507a81ace255480b9ed31077,146.07197171000007,0.0,20260601
2026-08-22 03:44:31,day,economics,63,0x6d0cce9973e02c612a9b1805ae86d4d5c29a5af3,144.55799999999908,0.0,alltea
2026-08-22 03:44:31,day,economics,64,0x69e7ad68b5f11e97927e4bd938baf7dfb60bd3b0,139.68270525000116,0.0,InsiderrrZ
2026-08-22 03:44:31,day,economics,65,0x684d4c641c42da041fd39238a9b87f3ebb757271,138.88890000000083,0.0,despacito2024
2026-08-22 03:44:31,day,economics,66,0x032eb1bc893940263ad0b01889f262fc232f2a9e,137.17499999999927,0.0,purplegatto
2026-08-22 03:44:31,day,economics,67,0xec9efcb1a7456d01d4684a78564a737001e224de,135.73485233999963,0.0,wash.
2026-08-22 03:44:31,day,economics,68,0xe0dbdb7f005f233f4510e4ef7e53a2f76a8df44e,134.74566642999707,0.0,lug
2026-08-22 03:44:31,day,economics,69,0x3c4f0a0dec4b0c76a7e90e2458b8216a773f831e,132.67973851999886,0.0,ev1710
2026-08-22 03:44:31,day,economics,70,0xfe728eac39de9ff73d68a073f8c2cd897f6ac936,132.07969952000076,0.0,Doormat986
2026-08-22 03:44:31,day,economics,71,0xc8ab97a9089a9ff7e6ef0688e6e591a066946418,131.16571039351402,16.666663,ArmageddonRewardsBilly
2026-08-22 03:44:31,day,economics,72,0x2ed8f7a10686dbb0fb15f5c3335f30e0043793d4,130.4968177958981,30.555525000000003,podairpod
2026-08-22 03:44:31,day,economics,73,0xa4928dafb87cec08fe7f63f4eae83b3b7c28d2fd,130.0,0.0,DonkDaWarrior
2026-08-22 03:44:31,day,economics,74,0x5e73afb20c2b27caccdaad9e49b97fd336576697,128.66122884500146,0.0,Newshound
2026-08-22 03:44:31,day,economics,75,0xa4b366ad22fc0d06f1e934ff468e8922431a87b8,126.63399519395898,0.0,HolyMoses7
2026-08-22 03:44:31,day,economics,76,0xa0c37cb0587b0dd1542f794bcfa345762bba5b9a,124.00156388999983,0.0,kukubaja
2026-08-22 03:44:31,day,economics,77,0x1d5f88f1b97317cccad804374e5bd847512e634d,123.48635709751034,40.0,firegold
2026-08-22 03:44:31,day,economics,78,0x652fd12eb70599ccf9030ef3cda32ae69e70eb3d,122.6382909999993,0.0,English-learner
2026-08-22 03:44:31,day,economics,79,0x81525952f172646a4104030e9a9ef1e769c7bfda,121.97476717399695,0.0,KimJonEn
2026-08-22 03:44:31,day,economics,80,0xf7ca6c9b65a15721eaa298898c666d816e94cd59,120.00005310000074,0.0,QMG-VOL
2026-08-22 03:44:31,day,economics,81,0xa32db54ed36a5dc07fc6bd1c192a60f8703d777f,119.38123805000032,0.0,165cm
2026-08-22 03:44:31,day,economics,82,0x9c987f84d18a4dd640909409b31212fbb805f4f4,117.64705881000191,0.0,Moonshot1019
2026-08-22 03:44:31,day,economics,83,0x6404bfa37fe830e29ee8967e1c3b2a8091d5f250,115.97669999999925,0.0,pop
2026-08-22 03:44:31,day,economics,84,0xa6676646a16d8c7044ea2ac7e2b9ab09eb7384fe,115.81617429000107,0.0,chudhunter
2026-08-22 03:44:31,day,economics,85,0xb661ed6e6d3f76f1db9d0a6acf80b4bbe6ebaa83,115.37788490999992,0.0,lolilolkikoo
2026-08-22 03:44:31,day,economics,86,0x3b01eb02b73826e28308e2bd951fff0101512026,115.00189040500027,0.0,GypSea1
2026-08-22 03:44:31,day,economics,87,0xe7fd3fb56636dedc7dc481eca4b08d8ab5fb89de,113.98939999999857,0.0,numbernine
2026-08-22 03:44:31,day,economics,88,0x9ca116e08205e9e353a026d7893c0b02977513ea,113.49994826000056,0.0,TheDowIsOver50Thousand
2026-08-22 03:44:31,day,economics,89,0x9dfe2f73d3c988a9d69df8fa0beb85651340b3dd,112.03491446999942,0.0,Moond
2026-08-22 03:44:31,day,economics,90,0x7f880b36cbb984ce312e57dd263642bfc52ec6e8,110.43149999999969,0.0,zoro12123123
2026-08-22 03:44:31,day,economics,91,0x934a375567da25fb5b8989b870d62087fd4ca684,108.26984123999955,0.0,Richidd
2026-08-22 03:44:31,day,economics,92,0xae89da6594bb0d421c8d807d74e213f8729e90b8,104.84185983300085,0.0,Ume-Chang
2026-08-22 03:44:31,day,economics,93,0xde5a8b92f34439ac875ed1e9081a46f5e8a22251,101.9998500000001,0.0,krill810
2026-08-22 03:44:31,day,economics,94,0x521bf1c6a5435219b599127d85b7afe28758db60,100.0019547880006,0.0,Hannah-Montana
2026-08-22 03:44:31,day,economics,95,0xa7b3dd59e49ee9754d58a9395efce1d37602246a,100.00020564000079,0.0,biggy
2026-08-22 03:44:31,day,economics,96,0x48da00a574fa77b8c734377db640cc7c26980419,100.00000000000091,0.0,Acotn
2026-08-22 03:44:31,day,economics,97,0x6d9fc316c3b8377060a44b852ba664adbfd59790,99.99993331999576,0.0,MEPP
2026-08-22 03:44:31,day,economics,98,0xec981ed70ae69c5cbcac08c1ba063e734f6bafcd,99.72600000000102,95.2,0xheavy888
2026-08-22 03:44:31,day,economics,99,0x752d8af146aaad7f572215c2195263c80077d335,99.00000000000091,0.0,SmilingFriends
2026-08-22 03:44:31,day,economics,100,0x61077217c26a35d25bc68d3d0e15686e5aa34c82,97.63249999999971,0.0,8figsWF
2026-08-22 03:44:31,day,tech,1,0x21ffd2b7a212a6f277ed3eca1a9f8efcbca90d71,10807.63649785291,5014.6499029999995,Haradwaith
2026-08-22 03:44:31,day,tech,2,0xe40aaa5ce1dac0b7dc24c9d0284f27e17c3fe4a2,1590.821187650392,3709.9700000000003,Mysaria
2026-08-22 03:44:31,day,tech,3,0x4f1d5ae26fc31472966e951af3183308736d8de2,1333.4090286949431,955.63206,e46m3
2026-08-22 03:44:31,day,tech,4,0xfd557e6db670c9704bc1d0d8e8b585c7d9c9f905,1200.2671045509887,1973.5584199999998,northdrawer
2026-08-22 03:44:31,day,tech,5,0xcfff4295288ee29f75a38a7028611b7c1e93673d,1135.9384094554844,1410.9966650000001,graynotebook19
2026-08-22 03:44:31,day,tech,6,0x764b305694b026c1acce7bf862c3b5456a146bad,1042.5631636558282,867.3441359999999,quietparcel
2026-08-22 03:44:31,day,tech,7,0xfbd8c9c22ca76b3662d0e53a4f79719fdc684027,951.5365299600453,2418.71,0xfBd8C9C22cA76B3662d0e53A4f79719FDC684027-1779347618060
2026-08-22 03:44:31,day,tech,8,0x28bf066c6cb952da62d6d182c16ad173ada64a4e,773.2562405329954,2075.01,plainfolder
2026-08-22 03:44:31,day,tech,9,0x81ca49ad9806de2d92782b873bfa7fe051943b87,731.5359487737169,1960.167535,da4c07
2026-08-22 03:44:31,day,tech,10,0xb1ca909e848cc24ec4e220ce1c453bc290c51705,717.3095174439732,0.0,abdkxrhxr
2026-08-22 03:44:31,day,tech,11,0xc74a96b8a834677cc2ab2dd579e525134d11f01b,646.5,100.0,Popopolly
2026-08-22 03:44:31,day,tech,12,0x1ee9a5fc09665909c0cce297c581703bfbb9197f,627.5776207275394,3007.417464,vinii
2026-08-22 03:44:31,day,tech,13,0xeed8c2be411025120fb511ea2332dd0a1f6135f0,608.0085677535014,2365.0600000000004,WarriorH
2026-08-22 03:44:31,day,tech,14,0x942e79166821f3f4e67872e44f1672fcccd2be27,535.1958411665037,770.0,smallreceipt
2026-08-22 03:44:31,day,tech,15,0xc29ecedb1f9c40aade3afee50a7bd9ea433c3068,499.77655000000186,0.0,
2026-08-22 03:44:31,day,tech,16,0x090af6fd2aeb04202abc97370aa86c1b81d90fa6,484.41639416976614,1518.6677599999998,VictorLudorum
2026-08-22 03:44:31,day,tech,17,0x4c4ed674fde7dc998036b3ae92445d00fcdb297b,428.59808405700005,0.0,SingletonFamilyFund
2026-08-22 03:44:31,day,tech,18,0x564f22744b7941ade18d5e0e4f347c30e3057026,411.2669902705038,164.07999999999998,molodoyy
2026-08-22 03:44:31,day,tech,19,0xc5187cb669690150643ba2f9aac6b7d98d212594,339.6591662807368,50.297141,mustbethewater
2026-08-22 03:44:31,day,tech,20,0x5a218c7ad04135830a45c41aaed7294df7809318,339.3612007244956,477.53424899999993,balthazar
2026-08-22 03:44:31,day,tech,21,0x876bb030ddd424ef505ae02914024cf18c6a1703,308.44208214200626,709.49,rewardbots
2026-08-22 03:44:31,day,tech,22,0x7dcf235766e6b09c8869468a75d5495cf171a7bd,296.2643930287413,504.98,godblessme2026
2026-08-22 03:44:31,day,tech,23,0xb0c85813a7a4428f1139ff91d3118a92c391fe7f,282.96981649822555,2044.5904740000003,plz-give-80-rebate
2026-08-22 03:44:31,day,tech,24,0xb1e1a263cd4059e67432c4fb84ce67527b17ebc3,243.70991464249997,0.0,puckzhao
2026-08-22 03:44:31,day,tech,25,0x49e94011df9060dcc367995892faeb193e348f85,238.3722000000016,0.0,MoonLambo1205
2026-08-22 03:44:31,day,tech,26,0x53fb927aaa49725744a6ac7eeedf51fd1c93e92a,225.672125615,59.36,kk22231
2026-08-22 03:44:31,day,tech,27,0x7b180973e6f69caf08a3d96d90c11122ae7eefae,201.2649168958551,247.22247599999997,soliton137
2026-08-22 03:44:31,day,tech,28,0xa7d2ec6680f4e5f6ab0da244d8006eec3e20f954,197.44835359949866,5049.17,KiruaTrading
2026-08-22 03:44:31,day,tech,29,0x28b291aa82da13e1d58993873806c92908d5eb4f,197.42159969850036,1745.42,libratus1
2026-08-22 03:44:31,day,tech,30,0xa58d4f278d7953cd38eeb929f7e242bfc7c0b9b8,190.25623966354078,7359.763374,AiBird
2026-08-22 03:44:31,day,tech,31,0x9f208e85f326f865077fffa68b32d8b0e2bc12c3,181.35171776501738,377.43,mildwindow27
2026-08-22 03:44:31,day,tech,32,0x844ef6cdd0a4d691b7a81429ee550f025aa64f41,175.58256891000087,0.0,flyfat88
2026-08-22 03:44:31,day,tech,33,0x84d4f0a864c647b88635c0e299da30d7606377a9,149.336388329,459.83,
2026-08-22 03:44:31,day,tech,34,0xd12f443b6a45225ae65d519a4bdef568d29ce85a,142.5219901365008,288.6,Hot-Skull
2026-08-22 03:44:31,day,tech,35,0x43372356634781eea88d61bbdd7824cdce958882,136.1096370824962,0.0,Anjun
2026-08-22 03:44:31,day,tech,36,0x7fd3fe6580b5b944e32701fdbba0c0ef4991e662,130.36978978999923,0.0,7153649820
2026-08-22 03:44:31,day,tech,37,0xe3479950ef6e8984df109ec5c9be40630f9fb438,127.26682632950269,180.0,Anon321321
2026-08-22 03:44:31,day,tech,38,0x96489abcb9f583d6835c8ef95ffc923d05a86825,124.84995059361609,159.57,anoin123
2026-08-22 03:44:31,day,tech,39,0xf16dd3586eb9ca2b002a0498548b15439991b7f9,105.81860148800001,112.91,rocky42017
2026-08-22 03:44:31,day,tech,40,0x167be917e068770f46575b82f6aa2b0516e1beec,105.32700000000114,0.0,yanping
2026-08-22 03:44:31,day,tech,41,0x87650b9f63563f7c456d9bbcceee5f9faf06ed81,102.71045880823203,100.0,2B9S
2026-08-22 03:44:31,day,tech,42,0xb401123e33dbbe1d575c4ee4f30c714a2819df2a,101.77099021349977,0.0,rando12345
2026-08-22 03:44:31,day,tech,43,0xb52245e13bb87b4f2db64c13a9f761222e323ebb,101.02317156450135,0.0,0xB52245e13Bb87b4f2db64c13A9F761222E323eBb-1772155836970
2026-08-22 03:44:31,day,tech,44,0x37d1cb1825dae7043e15c4ac6987e0c61ece6caa,98.3083000000006,0.0,zee3617
2026-08-22 03:44:31,day,tech,45,0x048a9d673a40171a1cf44ef518893d35fdf09be4,98.2223103619998,20.0,PavtheGreat
2026-08-22 03:44:31,day,tech,46,0x652bff901f401f22b2da47ad1c5c4b5870b3f5c2,96.07343792049915,1441.7268,0x652bFf901f401Fdhsk342kdjfnfk029abks13
2026-08-22 03:44:31,day,tech,47,0x7285ff182f2f6ac3fd1707ead73ec25caae48f11,88.50810512,3988.24,lablabs
2026-08-22 03:44:31,day,tech,48,0x2b18b7130b56b7cede214fd98318f6af966ba1de,86.4011951,3066.96,poljdnn17
2026-08-22 03:44:31,day,tech,49,0x87b35615492ffc8d629c1918e5e1c10f464fbd8c,85.21988879000003,2425.0699999999997,wwwaaas
2026-08-22 03:44:31,day,tech,50,0x8c0b637b43ccbd2069b0f789b8439777fdb4f0fb,81.426405698,0.0,Mustafalafel
2026-08-22 03:44:31,day,tech,51,0x162f6fff88a52864f2ecc9833e58089d5254798d,80.9825507100004,0.0,Valen9
2026-08-22 03:44:31,day,tech,52,0xad5353afe30c2da57709e2704ef3ccdcf67eef24,80.11775205482354,896.3169049999999,AJSV
2026-08-22 03:44:31,day,tech,53,0x58c028e7c41ba7ef2bde2142cd371cf491661c8e,78.18986982399929,0.0,residual
2026-08-22 03:44:31,day,tech,54,0x524db836890e08aceb3abcdee98d44240e324495,76.79171000000008,0.0,Mac-Gyver
2026-08-22 03:44:31,day,tech,55,0xf83ec0e37ac9eece71c064507270e9001a734663,70.24073988621899,705.9248570000001,JustClickeverywhere
2026-08-22 03:44:31,day,tech,56,0x9578af80708f271f705e27867dcf6ec653acf066,70.06243910999956,0.0,KimchiCapital
2026-08-22 03:44:31,day,tech,57,0x215adbb63b47d0ca92f849fe2c2dc1adb0f6254c,68.5886393374999,74.62,BikesAreTheBikes
2026-08-22 03:44:31,day,tech,58,0x47349fe0b3449c544f514e283530ba0ef9f460b1,67.7540664175001,0.0,Blurry-Ball
2026-08-22 03:44:31,day,tech,59,0x789d0b6df12796fd4b80ad89b8402d502b6047e6,63.612835640000405,0.0,kenodnb
2026-08-22 03:44:31,day,tech,60,0x3eae57986be5e0ca435102ffe1f14206ffa2e2ed,62.8377201179992,0.0,thoodr
2026-08-22 03:44:31,day,tech,61,0x0a7aaf83341b52df34e8ffef52aa295538d6df1b,62.53662608000059,326.16,Perypery
2026-08-22 03:44:31,day,tech,62,0x30328330513d01e16174d53d98c2047ef35c99e7,60.53387129999987,0.0,Prinas
2026-08-22 03:44:31,day,tech,63,0x1fa0a90956ba1035aed765389618103817800465,59.59870499999954,0.0,ggdajiba
2026-08-22 03:44:31,day,tech,64,0x2b670a311561dcaf741d8155451774d3fa7fb814,58.99122364782852,31.91,0x2b670A311561DcAF741D8155451774D3Fa7fb814-1778467735876
2026-08-22 03:44:31,day,tech,65,0x191e35891382d3d6590918ff7a4b732689c1ef6b,58.08683008499986,0.0,dgfd76
2026-08-22 03:44:31,day,tech,66,0x3089e1a6e3e9122c328aebe47b86ff5e13b292f6,56.09582499999908,0.0,bonalddrunk
2026-08-22 03:44:31,day,tech,67,0xefa5ab06e3252dd8f3174b64383252b5c55224a6,53.80000000000018,0.0,wwf123
2026-08-22 03:44:31,day,tech,68,0xac4a1fabdac2438d6afa2a9e8e83845310a0bf1e,51.04675649200453,149.94,HerrieDavis
2026-08-22 03:44:31,day,tech,69,0xd1049158a102840ce595efc6ab683a0cb6fbacef,50.0,0.0,pilimili
2026-08-22 03:44:31,day,tech,70,0xcf02759db54c561b47c9aa230bfb2f1249eb7023,49.115499999999884,0.0,wwf001
2026-08-22 03:44:31,day,tech,71,0xd93cdfd6cccb9606b72d70ddb7e99edce3caec4c,48.27223,677.16,chako
2026-08-22 03:44:31,day,tech,72,0x2a019dc0089ea8c6edbbafc8a7cc9ba77b4b6397,46.96204760999535,0.0,aviato
2026-08-22 03:44:31,day,tech,73,0xb41ead279375742d6c2a1a2239bdce56376411fd,46.21544373384506,1133.317711,b41eAd279375742D6C2A1A2239Bdce56376411fD.
2026-08-22 03:44:31,day,tech,74,0x808aee7fddb14ca58f4358c94fe9c194fc2def3f,45.20269228999996,0.0,kittycat67
2026-08-22 03:44:31,day,tech,75,0x3997c7330b2033f81f158051d61981f782fbdd0f,45.19489999999951,0.0,SteveBlame
2026-08-22 03:44:31,day,tech,76,0x5e84743ad0515699b7adf2588de4c3032d538e88,43.41112200649968,0.0,Cbb.
2026-08-22 03:44:31,day,tech,77,0x2128f011fb563a8ff6c484ba80eb049356c1f203,42.746368818501196,0.0,IndianBieber
2026-08-22 03:44:31,day,tech,78,0xd32ce89f16509d3c8f8b5e9750305a5b2bc2a4c2,41.769458277805825,45.47908999999999,
2026-08-22 03:44:31,day,tech,79,0x4062e7a68f71aa50b5e9701c4c109112f1a76952,40.66139999999996,0.0,wsbwxf
2026-08-22 03:44:31,day,tech,80,0x6c7d9ce7d08fbe1bf872fa825916802866a8d6eb,39.703725000000304,0.0,VVKhqdMdKjEpLsDRwu
2026-08-22 03:44:31,day,tech,81,0x7c2763161e569e34432c2eeff1a73d306fae6e68,39.035681281,0.0,0x7c2763161E569e34432C2eEFF1A73d306FAe6e68-1770366654818
2026-08-22 03:44:31,day,tech,82,0xc9727ed498a58a9e8e8758d51c5a4eb0b752dcd9,38.954074999999875,859.19,catalanpaths
2026-08-22 03:44:31,day,tech,83,0xcdf82242c9984bd8d274085ab54165633c54b8ea,38.75240924899981,97.77,momo513
2026-08-22 03:44:31,day,tech,84,0xe9076a87c5ed90ef16e6fe6529c943baeca0cff6,37.61089678350112,0.0,suntori
2026-08-22 03:44:31,day,tech,85,0x241ff966f22080fbee3928e194763e575847e15a,37.396989230000145,0.0,0x241F...e15a
2026-08-22 03:44:31,day,tech,86,0x895838e426ad0458a4938f7f2580b62c3a5d656d,37.30550000000007,0.0,0x895838e426aD0458a4938F7f2580b62c3A5d656D-1786560619940
2026-08-22 03:44:31,day,tech,87,0xb777e043af26ad46077c9bf5bedf24437237e4e0,37.057500000000005,0.0,SatisfiedQuadrant
2026-08-22 03:44:31,day,tech,88,0x1491f3faea8f55eb683eea438d4d6367eb84fd70,36.505811192999886,90.05000000000001,SmartBoyBilly
2026-08-22 03:44:31,day,tech,89,0x2b5920274740ca61745eeb077587bf5bb4ff9db6,35.50535000000309,90.0,aHjCz
2026-08-22 03:44:31,day,tech,90,0xd218e474776403a330142299f7796e8ba32eb5c9,35.485086043641786,0.0,cigarettes
2026-08-22 03:44:31,day,tech,91,0xae2292210546c627e1ac69948280ff07516e8794,35.0,0.0,cooljiang
2026-08-22 03:44:31,day,tech,92,0xd4bd770e0cf20a8ee7e7abefc80a974d71be7331,34.556603790000004,0.0,wxmark
2026-08-22 03:44:31,day,tech,93,0x9bdc46f90fe49236d5c7e5bfd6d3965e0716f830,33.47709664999975,0.0,soll2
2026-08-22 03:44:31,day,tech,94,0xa066af596a282d3d10cc20f9fd76a9fb833d710b,33.17374018500007,400.0,GroovyCr0c0dil33
2026-08-22 03:44:31,day,tech,95,0x6883a1a66fae8ecb5f6fbc17610ae2ef4d55bd1e,32.361476700000004,0.0,bai1281
2026-08-22 03:44:31,day,tech,96,0xbc174c15f1b87b7a5c78bd221ca537df442652e6,32.18984999999999,0.0,tonybestone
2026-08-22 03:44:31,day,tech,97,0x7b75e76b13a8d792bd4ce25d76a50be61ced3fd1,29.53320000000167,0.0,Xeny
2026-08-22 03:44:31,day,tech,98,0xdbd028b4afcb6fe1e30c55fb65f59a1133d58c1c,29.08329939250015,1302.5,8dcc906a9b
2026-08-22 03:44:31,day,tech,99,0x9e59b9e6fa8cb4f6cc291ed17f6623a8e9503267,28.5219790000001,0.0,asian-chick
2026-08-22 03:44:31,day,tech,100,0x5efe3c04dbc8e0f63260d3984db311128ceb5f55,28.279100000000028,0.0,ammarb
