timestamp,timeframe,category,rank,address,pnl,volume,userName
2026-10-01 09:53:58,day,overall,1,0x5268527977f700f9bf9b6d5cd843859e4e70135d,143421.0971188872,1680538.9941080008,HomeRunHazard
2026-10-01 09:53:58,day,overall,2,0xf705fa045201391d9632b7f3cde06a5e24453ca7,98428.66089869553,49890.946178,0xf705fa045201391d9632b7f3cde06a5e24453ca7
2026-10-01 09:53:58,day,overall,3,0x84cfffc3f16dcc353094de30d4a45226eccd2f63,77788.703005677,193509.43785699998,mooseborzoi
2026-10-01 09:53:58,day,overall,4,0x385edd359037625b95dd057794ba3ea25a9c40ce,63920.633695000004,92638.59956,CHZHSHCH
2026-10-01 09:53:58,day,overall,5,0x2a69660046d7acc4ab204d7cc5ba78b0776cd2f7,60655.90209101354,1198629.9043399997,UpTheBlues
2026-10-01 09:53:58,day,overall,6,0x26b46988d027c6c03cfa12a7c0c6d778be49b8a9,56326.02837049996,474357.83435699996,kkookkoo
2026-10-01 09:53:58,day,overall,7,0x29b15e8557b2cb5b5ba1ec8b5cbba479ee26f737,55685.378500000006,0.0,Elenes
2026-10-01 09:53:58,day,overall,8,0x1d1ade627d0bb0205758580b20d808573e720df6,52828.57500000001,0.0,Pwaddler
2026-10-01 09:53:58,day,overall,9,0xb9c7d35d1f04d08624fabcfd3b6cee2d3c9baade,47036.0588,102252.301744,taylorsversion
2026-10-01 09:53:58,day,overall,10,0xdc41c39b95453c943174f369926018f6963bdd7e,45024.82671412991,194121.694033,nigiri99
2026-10-01 09:53:58,day,overall,11,0x076daa87c4fe1a85402a9b6b8e0a866224388d4c,39046.76650380704,139837.581084,omnibus-076daa
2026-10-01 09:53:58,day,overall,12,0x224a89dbe0db0d6124b335edabd15b3f877da3d5,36190.071079580026,0.0,wr0ngw4yb3tt0r
2026-10-01 09:53:58,day,overall,13,0xb9392e612a5b05063ca012b5dede548e16e5da70,34255.492095825,0.0,IcemanSeason
2026-10-01 09:53:58,day,overall,14,0xe7870d0e1bfc65a23e3d66caf00ca1b9129e5034,32130.72915591,501969.3788609999,Kkunn
2026-10-01 09:53:58,day,overall,15,0xbca08c1bc204a34f2fddbe47b438b9bd42ac9705,28623.825311414992,101865.66997300003,justaluckydude
2026-10-01 09:53:58,day,overall,16,0x16bb9951a36fce71e2ef57890b786145e0ba8492,27526.974200000026,0.0,0x16bb9951a36fce71e2ef57890b786145e0ba8492
2026-10-01 09:53:58,day,overall,17,0xa2c908ce8b8386bc8c5471120c5a662551332c23,25946.58502941701,82546.576191,jaytee158
2026-10-01 09:53:58,day,overall,18,0x2005d16a84ceefa912d4e380cd32e7ff827875ea,25035.208007618843,1111809.1909320003,RN1
2026-10-01 09:53:58,day,overall,19,0x7c1ee865a785de4c00ee90ed86a38489fb8bbab3,22854.630073054002,197228.72413099997,CandleHammerDrums
2026-10-01 09:53:58,day,overall,20,0x11fe63de4b738f0c663276687f6dd8df26b841b4,22359.32758,101864.84857199999,teslaRoadster
2026-10-01 09:53:58,day,overall,21,0x111f73e91f85b6fe4de1ddec3de2fe32122e355b,21311.506868955003,0.0,Papeasy
2026-10-01 09:53:58,day,overall,22,0xd0394bd0de8d901c3fde039a86bf08e6aa4a2532,20387.766963621034,52895.970593000005,pantomime
2026-10-01 09:53:58,day,overall,23,0xb8ef617fd5d960e61e56c50d2971697300b32864,17907.222260385497,117088.53068199997,no1dodgersfan
2026-10-01 09:53:58,day,overall,24,0x56acab44cfca2e88bb9b3406890aea7bfa0cd77e,15732.031049999998,8165.5,dv-pm
2026-10-01 09:53:58,day,overall,25,0x01e6e3c5cfe50943e7721398054cb1e22032e7e0,14325.072577960469,37887.516351,JustADonk
2026-10-01 09:53:58,day,overall,26,0xe9076a87c5ed90ef16e6fe6529c943baeca0cff6,13379.243370522687,192711.97388499996,suntori
2026-10-01 09:53:58,day,overall,27,0xbc43c8bfbc4d77c2fc9011adad38ba43b88996d3,12971.465182140015,178687.177181,0xBc43c8bfBC4d77c2FC9011adaD38Ba43b88996d3-1765231687816
2026-10-01 09:53:58,day,overall,28,0x1109da04152c38666464f5adb5d7c55618810b2c,12812.503392083257,25479.194053,MumiaTriste
2026-10-01 09:53:58,day,overall,29,0x0c0e270cf879583d6a0142fc817e05b768d0434e,12696.328412822215,5000.0,The Spirit of Ukraine>UMA
2026-10-01 09:53:58,day,overall,30,0xc6587b11a2209e46dfe3928b31c5514a8e33b784,12418.676468109945,0.0,Erasmus.
2026-10-01 09:53:58,day,overall,31,0x07db5765beba17be154cbfbd6324a15f3c81fa4f,12205.937887901731,55541.556547999986,PLACEYOURBETS123
2026-10-01 09:53:58,day,overall,32,0x0346afae2603313d2bbee96b628536c8cbe352a5,12024.478695973019,96440.17477299999,GoalLineGhost
2026-10-01 09:53:58,day,overall,33,0xb0e74df9430a089aa102e2207af5fde1967439d2,11675.79115880947,0.0,0xb0e74DF9430A089Aa102e2207Af5fde1967439D2-1789545517033
2026-10-01 09:53:58,day,overall,34,0xf12f7688a0bc8cc744ef871f70b74c16a976b30f,11643.175077045002,0.0,0xf12f7688A0bC8Cc744eF871f70B74c16a976b30f-1779780453239
2026-10-01 09:53:58,day,overall,35,0x88c4919de76e526d55a32c1f8afb439dd1f1129a,11534.593245064838,2004.913041,RenanPresidente.
2026-10-01 09:53:58,day,overall,36,0xf6dd2e6947283b30a19a106401dadad2bc9bac58,11246.671508000001,81850.753107,Katalunygeaxvhj
2026-10-01 09:53:58,day,overall,37,0xe4a57385a34b0b32fd86be72efd25cda41003cad,11244.704166675001,0.0,chubbytoro
2026-10-01 09:53:58,day,overall,38,0xb55fa1296e6ec55d0ce53d93b9237389f11764d4,11194.58760758711,242551.7729889999,0xb55fa1296E6ec55D0cE53d93B9237389f11764d4-1777575277609
2026-10-01 09:53:58,day,overall,39,0x365f951dc281322d83f6fcda884c7f66a938706a,11174.52204975099,346978.85104900005,efntrick
2026-10-01 09:53:58,day,overall,40,0x0979bad57d7a1403db89cbcd9c52bf43f2138d9b,11022.43965,0.0,askilika
2026-10-01 09:53:58,day,overall,41,0x3f985e3a68f88e6ed8da1a22e1a5eda81c8e0aa1,10660.535178799997,10.116882,xabidaking
2026-10-01 09:53:58,day,overall,42,0x39d3c773be30fcc73161fc6768f46d563a779ef0,10592.314758819999,15717.0,matanovik
2026-10-01 09:53:58,day,overall,43,0xa47f0ed4684d9fb463d1e9d540e7db19ae08e18d,10392.874276109997,22409.597719999998,Key222
2026-10-01 09:53:58,day,overall,44,0xb10047d6a254b2ebb306d7a7d13bf59171ab6461,10021.54306178441,87693.35999999999,Parz1vaI
2026-10-01 09:53:58,day,overall,45,0x26cf4a41eb49f0c560d32a2d2e4f45715e47c612,9985.94088032349,103229.17712700003,technician2
2026-10-01 09:53:58,day,overall,46,0xebc6a80e75624ca2e5ec890606d8f4587d144608,9924.690096999999,17550.241494,0x6453Db824e2bFa4eAcE63b16F716ba663cf66a16-1740178698115
2026-10-01 09:53:58,day,overall,47,0x5b6331e7ff0831a3fe2ed12004747db1a9c911a4,9236.624255059429,173072.83490500003,neutralwave23
2026-10-01 09:53:58,day,overall,48,0x2110ba2a1e18840109482ff4ddc547baeff45850,9192.11365068151,0.0,George.Smiley
2026-10-01 09:53:58,day,overall,49,0x4f1d5ae26fc31472966e951af3183308736d8de2,9034.178727777677,8448.01383,e46m3
2026-10-01 09:53:58,day,overall,50,0xb7271c112cbd83eb4c1ef1b554ff963604ae2a9d,8986.495050000001,0.0,Elaran1993
2026-10-01 09:53:58,day,overall,51,0x7f9e2d1df78614564a70becc7fa14aa9a6623a0e,8892.43435271754,36940.035389,LulaVaiPerder
2026-10-01 09:53:58,day,overall,52,0xeb490d0534bb68b4c2ce139b219a728cd2c3693e,8745.626861156821,22771.490144999996,SuperavitFiscal
2026-10-01 09:53:58,day,overall,53,0x29b52d98ac9ef9414b04164246c95bc63d74cc6c,8745.539524945052,335433.206451,0x29b52d98ac9ef9414b04164246c95BC63d7
2026-10-01 09:53:58,day,overall,54,0xfd3ee5e7744e613618fb4be81111933720c0feaf,8505.081106925,10551.356703000001,feafar
2026-10-01 09:53:58,day,overall,55,0xee88371850f0e1332c526e1b8e6f43a7e3ef2826,8478.511023502215,84095.16714,comboseoa
2026-10-01 09:53:58,day,overall,56,0x41558102a796ba971c7567cad41c307e59f8fa41,8229.633432666998,18300.556656999997,LSB1
2026-10-01 09:53:58,day,overall,57,0xccd81fbd3395dc43a0531f8484b21c2462daf4de,8076.935106586006,124162.56333799999,0F62
2026-10-01 09:53:58,day,overall,58,0xe1a24206ed13433b70c603424c8a616b691d14b8,7993.493876999998,27299.206737000004,sss.tier
2026-10-01 09:53:58,day,overall,59,0xe8c4d68aff65b38cac46987b9b65e01eb47d395d,7623.235312901808,14636.089549000002,JAMJAMJAM4
2026-10-01 09:53:58,day,overall,60,0xb0e3fcbe0d7f17168fdce93f89c0168d3fa329eb,7527.824477699996,12414.054930999997,gagarin59
2026-10-01 09:53:58,day,overall,61,0xcdf674ec47b181f8028f5c70ac4325bd6167d7f7,7487.727203082712,1326.852273,playerI
2026-10-01 09:53:58,day,overall,62,0x9703676286b93c2eca71ca96e8757104519a69c2,7261.049913250485,17096.364903,AnonymousUsername
2026-10-01 09:53:58,day,overall,63,0xfea31bc088000ff909be1dfd8d0e3f2c7ef2d227,7255.999378029643,18623.032547,ndb1
2026-10-01 09:53:58,day,overall,64,0xfc55935e1b17ac958bc7cdf3d000d88f21c0b21d,7133.079912391999,7121.94,AlphaGooo
2026-10-01 09:53:58,day,overall,65,0x38337de21ff0bb0a11a40761507d51e318d633d1,7125.849679094998,46678.912084999996,SineNooneEI
2026-10-01 09:53:58,day,overall,66,0x005ed998fcb786679eb8bfd0d20c15c0903d6d8e,7069.532320292496,9741.972398999997,0x005ED998fCb786679Eb8Bfd0d20c15C0903D6D8E-1778811773658
2026-10-01 09:53:58,day,overall,67,0xdb83e85ffd22faa4009273034770f96ffc5b1e50,7042.947432189506,39493.703258,sentrio
2026-10-01 09:53:58,day,overall,68,0x8b4bca1d794779e66e023d44391b2a86c5ab541b,7028.494021135499,0.0,0x8B4bcA1D794779E66e023D44391B2A86C5ab541B-1769764313952
2026-10-01 09:53:58,day,overall,69,0xbaddefe34aa18376d19f16be054b059803e1e097,7020.0,13000.0,rytore
2026-10-01 09:53:58,day,overall,70,0x99f0d31fdced5b3a0e5ee2867730a6644a6c9495,6941.061978494494,158181.58237400005,0x99F0d31fdced5B3A0e5Ee2867730A6644a6C9495-1779037126382
2026-10-01 09:53:58,day,overall,71,0x26f8af9d49328e5fdae2c24e62e5c523bebd3452,6787.840325,20685.17,Mr.Ape
2026-10-01 09:53:58,day,overall,72,0x43372356634781eea88d61bbdd7824cdce958882,6718.766875320609,82435.44445099999,Anjun
2026-10-01 09:53:58,day,overall,73,0x17c4f7e008fe22d69865f73f29329b6e76b92471,6671.945199999998,0.0,0x17C4f7E008fE22D69865F73f29329B6E76B92471-1780774412121
2026-10-01 09:53:58,day,overall,74,0xf0318c32136c2db7fec88b84869aee6a1106c80c,6644.047688997032,10092.85,BreakTheBank
2026-10-01 09:53:58,day,overall,75,0x441909510a0b18a7df9f5ea588314a53d5bcfcf4,6490.8000293265,0.0,laIaIalala
2026-10-01 09:53:58,day,overall,76,0xfffadf38a520cd5a0035ff52d7fceb436a08864b,6416.353027285528,23037.53,GoriIIa
2026-10-01 09:53:58,day,overall,77,0x2974bd0059e48f215c391882976e0f1b4c8c9c23,6234.885308064391,255.297967,65765757
2026-10-01 09:53:58,day,overall,78,0xc32359bbc920b365a05cd310b9a998508c980077,6162.903460524976,756642.110584,0x2a075c15e5d5a133b2cd6C882A93C879E6CF00D8-1772812507354
2026-10-01 09:53:58,day,overall,79,0x32b484581fc5606de9c1e43af4636b6be9bc8b21,5981.941512893973,652190.7786619999,0x32b484581fc5606dE9C1e43AF4636b6Be9BC8B21-1774274303653
2026-10-01 09:53:58,day,overall,80,0x42c99f38d2b951b0dc8e8bd5371fa80c9dd19623,5956.847238,30535.356126000006,TRCM
2026-10-01 09:53:58,day,overall,81,0xad5353afe30c2da57709e2704ef3ccdcf67eef24,5932.881819837199,158050.39485999994,AJSV
2026-10-01 09:53:58,day,overall,82,0x2117ae94a97d69b78cbc81b6680a62deb1955c26,5834.208356025949,10344.79,Zzzz87
2026-10-01 09:53:58,day,overall,83,0x50f97e9c24050ca2cd7f0fef900df984e1d0c327,5754.500715,13078.410715,0x50f97e9C24050cA2cd7f0fEf900Df984e1d0c327-1759622213387
2026-10-01 09:53:58,day,overall,84,0x98db8cca55c32b24cfb414b5b43d273f4e1fdd17,5652.6136850945,99488.30175799999,Eulhunter
2026-10-01 09:53:58,day,overall,85,0x608532073e9727f4b442204ebf6fc6de3b5c4219,5569.172541142994,353780.69,urhfrhchj123123
2026-10-01 09:53:58,day,overall,86,0x7cf93583951552553bc0d243a8582a3410ed2798,5567.564658408024,0.0,MysticFind
2026-10-01 09:53:58,day,overall,87,0xed107a85a4585a381e48c7f7ca4144909e7dd2e5,5507.115126795485,47317.62158499999,qmarktea2
2026-10-01 09:53:58,day,overall,88,0xe6e4b7b7bcbeb2bcdd55d7d05871e52c78abce20,5488.655491999999,26167.302858,0x7E2eca4FDc6Df066a3f50054A8824485fb3cB8d3-1777503653286
2026-10-01 09:53:58,day,overall,89,0xfb07f48542d2b655e9d0bf1cc92a8a6feee8e2cc,5450.968756932991,33146.05990800001,0xfB07F48542d2b655e9D0Bf1cC92a8a6Feee8e2cC-1782415802542
2026-10-01 09:53:58,day,overall,90,0xe922473e81dbd20e3fffd7b64b51f057a9b839b3,5386.869254731001,4000.0,kjuicy
2026-10-01 09:53:58,day,overall,91,0x629c2844d5c0e36774a67fe10dcd43ca31a76c01,5259.655887394987,4577.498995000001,CoffeeDespiser
2026-10-01 09:53:58,day,overall,92,0xab1ce6d9a41d618aa687222744ec30d5be94aadd,5180.81541793,1637.134602,PETE7
2026-10-01 09:53:58,day,overall,93,0x03805a13a0b3e058f55f6c6af95389d4f431073d,5176.162835540124,86784.34646500002,donthackme
2026-10-01 09:53:58,day,overall,94,0x41c9f35718d32718c98c49c7ea9744fb4ae5ee23,5117.782061000001,51886.30298799999,now-you-see-me
2026-10-01 09:53:58,day,overall,95,0x032eb1bc893940263ad0b01889f262fc232f2a9e,5088.471155174806,40337.770000000004,purplegatto
2026-10-01 09:53:58,day,overall,96,0x1e386b0e0f1fc58c67ce738d7bbc4ba7ec74fd47,5042.983749999996,24500.0,beeemw
2026-10-01 09:53:58,day,overall,97,0xa6940651c6d219a3a0d7f1865acd71eafc86ab37,4966.153474045,5601.880768000001,0xa6940651c6d219a3a0d7f1865acd71eafc86ab37
2026-10-01 09:53:58,day,overall,98,0xd9dde44ddeababae222bf7aec96c85cbdab6b525,4914.453186,14701.637535000002,88M
2026-10-01 09:53:58,day,overall,99,0x5016c48436ab3efa2ab54b117d0c08fa1a4a1eeb,4882.025497879993,3466.250374,0x5016c48436AB3eFA2Ab54b117d0C08fa1a4a1eEB-1778328420816
2026-10-01 09:53:58,day,overall,100,0xe4e3c06aa49f7143a3a50b209181574dd8a3e438,4823.653191055,7282.64,162039723507957290
2026-10-01 09:53:58,day,politics,1,0x88c4919de76e526d55a32c1f8afb439dd1f1129a,11825.42302448477,2004.913041,RenanPresidente.
2026-10-01 09:53:58,day,politics,2,0x0c0e270cf879583d6a0142fc817e05b768d0434e,11575.309024468821,5000.0,The Spirit of Ukraine>UMA
2026-10-01 09:53:58,day,politics,3,0x7f9e2d1df78614564a70becc7fa14aa9a6623a0e,8942.97001764732,35849.623479,LulaVaiPerder
2026-10-01 09:53:58,day,politics,4,0xeb490d0534bb68b4c2ce139b219a728cd2c3693e,8776.773722325892,20692.662165,SuperavitFiscal
2026-10-01 09:53:58,day,politics,5,0xfc55935e1b17ac958bc7cdf3d000d88f21c0b21d,7141.205083847999,7121.94,AlphaGooo
2026-10-01 09:53:58,day,politics,6,0x2974bd0059e48f215c391882976e0f1b4c8c9c23,6500.293010034411,255.297967,65765757
2026-10-01 09:53:58,day,politics,7,0xfffadf38a520cd5a0035ff52d7fceb436a08864b,6416.353193823583,23037.53,GoriIIa
2026-10-01 09:53:58,day,politics,8,0x608532073e9727f4b442204ebf6fc6de3b5c4219,5434.715700000001,93070.34,urhfrhchj123123
2026-10-01 09:53:58,day,politics,9,0xed107a85a4585a381e48c7f7ca4144909e7dd2e5,4789.193382755737,12898.882857999997,qmarktea2
2026-10-01 09:53:58,day,politics,10,0xd1049158a102840ce595efc6ab683a0cb6fbacef,4718.570579241612,392.0,pilimili
2026-10-01 09:53:58,day,politics,11,0x3eae57986be5e0ca435102ffe1f14206ffa2e2ed,4556.018076804146,244757.31377999997,thoodr
2026-10-01 09:53:58,day,politics,12,0xe52c0a1327a12edc7bd54ea6f37ce00a4ca96924,4053.467274190014,0.0,aff3
2026-10-01 09:53:58,day,politics,13,0x9d84ce0306f8551e02efef1680475fc0f1dc1344,3893.4813179760217,886.93,ImJustKen
2026-10-01 09:53:58,day,politics,14,0xb10047d6a254b2ebb306d7a7d13bf59171ab6461,3666.423420479008,40738.74,Parz1vaI
2026-10-01 09:53:58,day,politics,15,0x879247bf7570a40d193dd3bb9118820e0b194174,3655.0558916570044,27601.57,hosoon123
2026-10-01 09:53:58,day,politics,16,0x8b4bca1d794779e66e023d44391b2a86c5ab541b,3646.9462322952168,0.0,0x8B4bcA1D794779E66e023D44391B2A86C5ab541B-1769764313952
2026-10-01 09:53:58,day,politics,17,0x8aa739ef6613b1e647fc992b06cf569f5b540d94,3201.445926269982,0.0,Rafifa
2026-10-01 09:53:58,day,politics,18,0x3c918a8ef8c379304f744592120cbb4d76149af7,3185.3499474999844,0.0,Vilgefortz
2026-10-01 09:53:58,day,politics,19,0x6bab66c4bb24c96ed14dcca0f0979b38a6830fe5,3127.033273207009,10105.31,0x6bAB66c4BB24c96Ed14dccA0f0979B38a6830FE5-1760703674960
2026-10-01 09:53:58,day,politics,20,0x8afa03dd6974e44d00c4d14dcccb00c0ddf6adb6,3077.2790352039883,55830.039452,stupid22
2026-10-01 09:53:58,day,politics,21,0xfaf98181c44636998a194aa7660bcae1b977f4c4,3012.549706351201,36400.116666999995,onekey02
2026-10-01 09:53:58,day,politics,22,0xcd71fd5370880f3d92bb941e628c05840fe0d127,2648.989357717568,0.0,Kevindoto
2026-10-01 09:53:58,day,politics,23,0x5cd5c8d7a17c78d7389d8b87b611aed83322ac33,2646.28868385854,4358.48,nonkenny90
2026-10-01 09:53:58,day,politics,24,0x2d99e29c4f066ba32098c65e4c7454b277d94ca3,2639.9621953959577,10050.53,scout
2026-10-01 09:53:58,day,politics,25,0xd1e6f5b1991f84438d328b0f819f97e6db2d0331,2621.2144532449965,0.0,nfadyor
2026-10-01 09:53:58,day,politics,26,0xfb5148fc7223630e0967dbfa8cd920d83ab4742d,2574.9420801659335,59894.35012799999,StudentMoney
2026-10-01 09:53:58,day,politics,27,0xc4d1a863e9cc45d02ba22d3a1ae9ba7822018ce8,2512.550578757189,0.0,rdba
2026-10-01 09:53:58,day,politics,28,0x62cf46cd4c3af254dccfc37a7f93de265b4b5826,2425.9985064600132,1738.944286,eCash
2026-10-01 09:53:58,day,politics,29,0xbaa2bcb5439e985ce4ccf815b4700027d1b92c73,2381.2860809944796,0.0,denizz
2026-10-01 09:53:58,day,politics,30,0xe639e41094bbeae18f3e6d1790c17299183f082a,2353.995491509966,0.0,0xe639e41094bbeae18g3e6d1790c17299183f082a
2026-10-01 09:53:58,day,politics,31,0x9c2617462567859fcf5764e03b9a687ebca274bc,2346.6486212490554,5284.338047,Tigerofthehood
2026-10-01 09:53:58,day,politics,32,0x11fcbba836d927c5fe6e6a6a64c9c0461e33dc48,2240.5044695454417,0.0,NeH
2026-10-01 09:53:58,day,politics,33,0x3007ea6df4389c173a5119162be94aac6bba763a,2230.768212518,8937.35,katbot
2026-10-01 09:53:58,day,politics,34,0xb66582886125a2a2ea966f1ea60ea60b6ecabf8f,2039.100048578519,0.0,Aeglos
2026-10-01 09:53:58,day,politics,35,0xab19716584931d81cd9e7763402673a64baa4876,1847.7431075235056,11713.917872,SlenderMan
2026-10-01 09:53:58,day,politics,36,0xa974826f82380f9bb3d5b9c722c50f82fb1aef79,1799.454511310003,0.0,tmoneeey
2026-10-01 09:53:58,day,politics,37,0xc851cd9bee7d262afd78674f861f9f576a12cd2a,1737.064608343997,0.0,betwick
2026-10-01 09:53:58,day,politics,38,0xbd0477e08d82d35a855ff19644a88a9213d8fbb0,1712.7824190299898,0.0,yuhyuhyuhy352352
2026-10-01 09:53:58,day,politics,39,0xb4f2592e67c333e73c923547cfe05e768180e5fa,1686.2164316340059,0.0,M2sx92kljs42
2026-10-01 09:53:58,day,politics,40,0x88e2b1b6c7847828fc91af43aba2fee07fb07489,1679.2507236149613,4928.45,pakukudolphi
2026-10-01 09:53:58,day,politics,41,0xb0b17cd9927337ea8ea4bdb7dcc1fe6a935e38a3,1672.9473035819829,0.0,dedoge
2026-10-01 09:53:58,day,politics,42,0x524db836890e08aceb3abcdee98d44240e324495,1625.085068926007,909.501193,Mac-Gyver
2026-10-01 09:53:58,day,politics,43,0x000d257d2dc7616feaef4ae0f14600fdf50a758e,1608.3474603460436,26198.469999999998,scottilicious
2026-10-01 09:53:58,day,politics,44,0x5739ddf8672627ce076eff5f444610a250075f1a,1607.1798907390075,1562.85,hopedieslast
2026-10-01 09:53:58,day,politics,45,0x17e313bb9173febb23c865a2ef8a4e8e0eaf9ba5,1575.8897955479551,41.03,hymolu
2026-10-01 09:53:58,day,politics,46,0x43372356634781eea88d61bbdd7824cdce958882,1555.302596410722,672.564558,Anjun
2026-10-01 09:53:58,day,politics,47,0x07a9bf6d9a913df0e149bb2d652998b57fd832c8,1541.1668866081163,0.0,ReedUpdatee
2026-10-01 09:53:58,day,politics,48,0xf2f6af4f27ec2dcf4072095ab804016e14cd5817,1533.5601593784813,0.0,gopfan2
2026-10-01 09:53:58,day,politics,49,0x5c14eb6a6d5083c003daa8241ed559d2dc82cc49,1516.8362338404404,0.0,forinnerpsandr1x11222
2026-10-01 09:53:58,day,politics,50,0xcb25c43d98019b6acf4d6912a231bbb689a45ab5,1483.3173207059954,0.0,Nicklashark13
2026-10-01 09:53:58,day,politics,51,0xfa87a158110370eb6dbe678843c055a6b144c2a0,1478.628857457501,0.0,asdfadfasdf1
2026-10-01 09:53:58,day,politics,52,0x6d9fc316c3b8377060a44b852ba664adbfd59790,1467.2776425609663,23102.27,MEPP
2026-10-01 09:53:58,day,politics,53,0x2f9da73ca8430dc4bdbd75f9c76d91592ca5deb3,1459.302093518003,0.0,themain
2026-10-01 09:53:58,day,politics,54,0x9b97d2ef4f2ec90d34337d1f94db3dedb6386a09,1436.74568068199,0.0,Lula.desistiu
2026-10-01 09:53:58,day,politics,55,0x8e5c0cc55cda93d6cae14becb3b738a44dcaa68a,1429.2479525910508,0.0,cocos228
2026-10-01 09:53:58,day,politics,56,0x9e7296fc4776144f60db9a5943ff2051696599c4,1387.1040115709911,0.0,carlos484
2026-10-01 09:53:58,day,politics,57,0xc682d7943aad07c246986a7aa2989cfcb17817bb,1360.523202266546,5140.385385,zthunderfury
2026-10-01 09:53:58,day,politics,58,0x1c144e30f405a25f991cbd8baa15d40599090869,1354.1954198159783,772.126667,bernardbulletin
2026-10-01 09:53:58,day,politics,59,0xb1ca909e848cc24ec4e220ce1c453bc290c51705,1328.916206144349,1159.61375,InterestingUser
2026-10-01 09:53:58,day,politics,60,0xc8ab97a9089a9ff7e6ef0688e6e591a066946418,1317.701562240909,41187.851754999996,ArmageddonRewardsBilly
2026-10-01 09:53:58,day,politics,61,0xb1ce0561c9f8bc04d27d0d7dcb09e7a9f460ced2,1298.9486463909752,192.0,Ed2357
2026-10-01 09:53:58,day,politics,62,0xb70c4f38ce25d986a9da3f3190cbae87660934ca,1262.3794789599633,11492.07,freeman123
2026-10-01 09:53:58,day,politics,63,0x8e89a5b7db763f3c3bfdfd8edaf4a6ff7f48c03b,1260.6996460480004,0.0,roroelguapo
2026-10-01 09:53:58,day,politics,64,0x2c4ca29d332c67d3ad7bf22b3cfe9486e3b1cb39,1258.2136666000006,0.0,ololololololololo
2026-10-01 09:53:58,day,politics,65,0xc97b0b2a2547bb3ed57167092ef8a6e816c347e5,1256.766123196925,0.0,Avamax
2026-10-01 09:53:58,day,politics,66,0x3dca854f147d9b9ecc56d37800f36b347ce23c13,1241.2891364980362,881.0,Ryxon21
2026-10-01 09:53:58,day,politics,67,0x3dcea221f0cfe43fb050155839ca9a266a952e3d,1241.010204332004,0.0,spamburglar
2026-10-01 09:53:58,day,politics,68,0x30e5c3c77bcbb1a9d1aa7820bdb0ae8885031549,1240.9614499200106,0.0,boss777777
2026-10-01 09:53:58,day,politics,69,0x3c8ac6a99d9c7a41860aec2ae7520c7aaa68b45a,1205.524832537456,0.0,momom
2026-10-01 09:53:58,day,politics,70,0x82e00fb51c8f278d5d2f772a1210380aa0060779,1199.4969071800006,0.0,Jimmy-Carvalho-Opcoes
2026-10-01 09:53:58,day,politics,71,0x8597ca63e722d6216bfc3057591fdc67ec49daee,1184.7054019979732,4901.38,Mr-Krabs
2026-10-01 09:53:58,day,politics,72,0x2e0b70d482e6b389e81dea528be57d825dd48070,1176.028743953997,0.0,Trump2028
2026-10-01 09:53:58,day,politics,73,0x9453a389c73df7991249d9f2c6e2c854157b1a48,1163.1674870104994,13301.868364,Arman2
2026-10-01 09:53:58,day,politics,74,0xdd1db2f6caa04a8bc5c7b86b340ff7a64ceebbf0,1106.8876724150273,314.85332,J3cExePrd1KEM
2026-10-01 09:53:58,day,politics,75,0x80f1f634ae8f8c9b197279bfa66d5db296f73ccd,1091.141544089507,0.0,Specksalam
2026-10-01 09:53:58,day,politics,76,0x212f7fc77c18c6ce34bb1dae43e9198ab19b7fd2,1078.8995210910216,0.0,Jjjh77660
2026-10-01 09:53:58,day,politics,77,0xf769c6390f6d564fe4859effbddb682c62660114,1072.8746759644864,89.76,MrMarket
2026-10-01 09:53:58,day,politics,78,0x066a7727f53124db18aa963f900bb95b36f7550d,1050.2620979540043,0.0,LeftieFTW
2026-10-01 09:53:58,day,politics,79,0xad96914d7762dac84ebbabafe366ae8ff24dd498,1048.2937017500226,0.0,0xAD96914D7762DAC84EbBABAfE366AE8ff24Dd49
2026-10-01 09:53:58,day,politics,80,0x5188fa0e8a77e87bc6a58e6781fdfc4e165cc804,1037.1661548360153,0.0,AllByMyseIf
2026-10-01 09:53:58,day,politics,81,0xe74995389bfc1c24ca656e6c2502c1fca757f771,1018.8590234850417,0.0,allenzzz
2026-10-01 09:53:58,day,politics,82,0xc1b399b26020a4f689108e9640fd3dc8ffc8501c,995.676378449476,0.0,CoffeeLover
2026-10-01 09:53:58,day,politics,83,0xa8c63f775ddbbe66b56614191747def3021444e8,961.7618613085215,19211.714882,Tenebrus7
2026-10-01 09:53:58,day,politics,84,0x3d29419e337a0c8ae467c8ce665c8d500d242408,956.7950879799973,0.0,kylox
2026-10-01 09:53:58,day,politics,85,0xcf8255a1ff751ee3b52d6770de4a5774e8f28dd7,950.0015339699967,0.0,chuckrhoades
2026-10-01 09:53:58,day,politics,86,0xf92a950992181e21874dd1b36c7e5666c443a517,941.9927715395079,0.0,nedsta
2026-10-01 09:53:58,day,politics,87,0x614dc8d3542c12103d2c6a3553fd761e391d1546,923.7399098865309,685.8316910000001,mr.ozi
2026-10-01 09:53:58,day,politics,88,0x8b71010f8d18ccce16a37434778117ee2d6b8044,912.6513015510081,0.0,0x8b71010f8D18CccE16a37434778117EE2d6b8044-1735105889785
2026-10-01 09:53:58,day,politics,89,0x6bab41a0dc40d6dd4c1a915b8c01969479fd1292,908.8311487234942,0.0,Dropper
2026-10-01 09:53:58,day,politics,90,0xf797d4d1c038d1eb0593edae0e66bf8e4b2e0bf2,907.9366079794927,737.7212010000001,DerDon
2026-10-01 09:53:58,day,politics,91,0xc1a9273b15a17d21af09dddb42b9239b93d4e2db,907.1554183379958,0.0,0xc1a9273b15a17d21AF09DddB42b9239B93D4e2Db-1777826537793
2026-10-01 09:53:58,day,politics,92,0x037cfed895c0557367e6b0b73fd3f4d34d2b4d62,906.7852619279947,0.0,pianomaster
2026-10-01 09:53:58,day,politics,93,0xd2cb73053a9858deaf8cda1bf78d20307e95b9ea,899.9994600000064,0.0,DOF2
2026-10-01 09:53:58,day,politics,94,0xdb405a9ad581a23c68a32b5d5869d4ad5ae73612,894.7223729074904,12562.869999999999,DooBieZ
2026-10-01 09:53:58,day,politics,95,0x410aa391edffa58af64517ec579af5def62b2643,894.2075542828534,11628.3,afdafdafdafdafd
2026-10-01 09:53:58,day,politics,96,0x894df6e8ad9f01be25ea47e5733dde6dabfc04e2,887.7851821399963,3409.24,GOLADS96
2026-10-01 09:53:58,day,politics,97,0x836ffd95ef3cf3c7987612279b2152b11ce6906e,872.4617200015491,17969.455239,MrNoItAll
2026-10-01 09:53:58,day,politics,98,0x9d736920e486176e7df7a76fa218f1ebd853216b,869.3969197964725,10121.74,AlAhmeda
2026-10-01 09:53:58,day,politics,99,0x6de11fc88a25b080be5203a7356db3c054efdfc9,868.6167841960014,0.0,NSNO
2026-10-01 09:53:58,day,politics,100,0x875c140813ad9caad2aae1ae26239ec83b49bdec,856.7838908399935,0.0,symplya36
2026-10-01 09:53:58,day,sports,1,0x5268527977f700f9bf9b6d5cd843859e4e70135d,143421.09711888732,1679786.5241450008,HomeRunHazard
2026-10-01 09:53:58,day,sports,2,0x84cfffc3f16dcc353094de30d4a45226eccd2f63,77788.70300567694,193509.43785699998,mooseborzoi
2026-10-01 09:53:58,day,sports,3,0x385edd359037625b95dd057794ba3ea25a9c40ce,63920.633695000004,92638.59956,CHZHSHCH
2026-10-01 09:53:58,day,sports,4,0x2a69660046d7acc4ab204d7cc5ba78b0776cd2f7,60658.96334101355,1197879.6543399997,UpTheBlues
2026-10-01 09:53:58,day,sports,5,0x26b46988d027c6c03cfa12a7c0c6d778be49b8a9,56326.02837049996,474357.83435699996,kkookkoo
2026-10-01 09:53:58,day,sports,6,0x29b15e8557b2cb5b5ba1ec8b5cbba479ee26f737,55685.378500000006,0.0,Elenes
2026-10-01 09:53:58,day,sports,7,0x1d1ade627d0bb0205758580b20d808573e720df6,52828.57500000001,0.0,Pwaddler
2026-10-01 09:53:58,day,sports,8,0xb9c7d35d1f04d08624fabcfd3b6cee2d3c9baade,47036.0588,102252.301744,taylorsversion
2026-10-01 09:53:58,day,sports,9,0xdc41c39b95453c943174f369926018f6963bdd7e,44894.41496412998,147392.694033,nigiri99
2026-10-01 09:53:58,day,sports,10,0x076daa87c4fe1a85402a9b6b8e0a866224388d4c,39887.9516671555,135329.377472,omnibus-076daa
2026-10-01 09:53:58,day,sports,11,0x224a89dbe0db0d6124b335edabd15b3f877da3d5,36190.071079580026,0.0,wr0ngw4yb3tt0r
2026-10-01 09:53:58,day,sports,12,0xb9392e612a5b05063ca012b5dede548e16e5da70,34255.492095825,0.0,IcemanSeason
2026-10-01 09:53:58,day,sports,13,0xe7870d0e1bfc65a23e3d66caf00ca1b9129e5034,32130.72915591,501969.3788609999,Kkunn
2026-10-01 09:53:58,day,sports,14,0xbca08c1bc204a34f2fddbe47b438b9bd42ac9705,28955.01465617999,98401.60384900002,justaluckydude
2026-10-01 09:53:58,day,sports,15,0x16bb9951a36fce71e2ef57890b786145e0ba8492,27290.197000000015,0.0,0x16bb9951a36fce71e2ef57890b786145e0ba8492
2026-10-01 09:53:58,day,sports,16,0xa2c908ce8b8386bc8c5471120c5a662551332c23,26161.528530844993,39546.576191,jaytee158
2026-10-01 09:53:58,day,sports,17,0x2005d16a84ceefa912d4e380cd32e7ff827875ea,25035.208007618705,1111809.1909320003,RN1
2026-10-01 09:53:58,day,sports,18,0x7c1ee865a785de4c00ee90ed86a38489fb8bbab3,22854.630073054002,197228.72413099997,CandleHammerDrums
2026-10-01 09:53:58,day,sports,19,0x11fe63de4b738f0c663276687f6dd8df26b841b4,22359.32758,101864.84857199999,teslaRoadster
2026-10-01 09:53:58,day,sports,20,0xb8ef617fd5d960e61e56c50d2971697300b32864,19082.822989504017,96703.28812699998,no1dodgersfan
2026-10-01 09:53:58,day,sports,21,0x56acab44cfca2e88bb9b3406890aea7bfa0cd77e,15732.031049999998,8165.5,dv-pm
2026-10-01 09:53:58,day,sports,22,0x01e6e3c5cfe50943e7721398054cb1e22032e7e0,14322.511336307005,37887.516351,JustADonk
2026-10-01 09:53:58,day,sports,23,0xf6dd2e6947283b30a19a106401dadad2bc9bac58,12985.511388,65278.97724800001,Katalunygeaxvhj
2026-10-01 09:53:58,day,sports,24,0xbc43c8bfbc4d77c2fc9011adad38ba43b88996d3,12971.465182140015,178687.177181,0xBc43c8bfBC4d77c2FC9011adaD38Ba43b88996d3-1765231687816
2026-10-01 09:53:58,day,sports,25,0x0346afae2603313d2bbee96b628536c8cbe352a5,12024.478695973019,96440.17477299999,GoalLineGhost
2026-10-01 09:53:58,day,sports,26,0xf12f7688a0bc8cc744ef871f70b74c16a976b30f,11643.175077045002,0.0,0xf12f7688A0bC8Cc744eF871f70B74c16a976b30f-1779780453239
2026-10-01 09:53:58,day,sports,27,0xe4a57385a34b0b32fd86be72efd25cda41003cad,11244.704166675001,0.0,chubbytoro
2026-10-01 09:53:58,day,sports,28,0x365f951dc281322d83f6fcda884c7f66a938706a,11174.52204975099,346978.85104900005,efntrick
2026-10-01 09:53:58,day,sports,29,0x0979bad57d7a1403db89cbcd9c52bf43f2138d9b,11022.43965,0.0,askilika
2026-10-01 09:53:58,day,sports,30,0x3f985e3a68f88e6ed8da1a22e1a5eda81c8e0aa1,10660.535178799997,10.116882,xabidaking
2026-10-01 09:53:58,day,sports,31,0x39d3c773be30fcc73161fc6768f46d563a779ef0,10612.31,15717.0,matanovik
2026-10-01 09:53:58,day,sports,32,0xebc6a80e75624ca2e5ec890606d8f4587d144608,9924.690096999999,17550.241494,0x6453Db824e2bFa4eAcE63b16F716ba663cf66a16-1740178698115
2026-10-01 09:53:58,day,sports,33,0xa47f0ed4684d9fb463d1e9d540e7db19ae08e18d,9442.875269999999,22409.597719999998,Key222
2026-10-01 09:53:58,day,sports,34,0xccd81fbd3395dc43a0531f8484b21c2462daf4de,9292.266066598997,123163.73333799999,0F62
2026-10-01 09:53:58,day,sports,35,0xb7271c112cbd83eb4c1ef1b554ff963604ae2a9d,8986.495050000001,0.0,Elaran1993
2026-10-01 09:53:58,day,sports,36,0x5b6331e7ff0831a3fe2ed12004747db1a9c911a4,8866.547713917458,92187.35040700002,neutralwave23
2026-10-01 09:53:58,day,sports,37,0xfd3ee5e7744e613618fb4be81111933720c0feaf,8737.419249999999,0.0,feafar
2026-10-01 09:53:58,day,sports,38,0x41558102a796ba971c7567cad41c307e59f8fa41,8229.633432666998,18300.556656999997,LSB1
2026-10-01 09:53:58,day,sports,39,0xb0e3fcbe0d7f17168fdce93f89c0168d3fa329eb,7527.824477699996,12414.054930999997,gagarin59
2026-10-01 09:53:58,day,sports,40,0x9703676286b93c2eca71ca96e8757104519a69c2,7318.319085841496,14596.364903,AnonymousUsername
2026-10-01 09:53:58,day,sports,41,0x38337de21ff0bb0a11a40761507d51e318d633d1,7136.804550000001,0.0,SineNooneEI
2026-10-01 09:53:58,day,sports,42,0xbaddefe34aa18376d19f16be054b059803e1e097,7020.0,13000.0,rytore
2026-10-01 09:53:58,day,sports,43,0x99f0d31fdced5b3a0e5ee2867730a6644a6c9495,6941.061978494496,158181.58237400005,0x99F0d31fdced5B3A0e5Ee2867730A6644a6C9495-1779037126382
2026-10-01 09:53:58,day,sports,44,0x26f8af9d49328e5fdae2c24e62e5c523bebd3452,6787.840325,20685.17,Mr.Ape
2026-10-01 09:53:58,day,sports,45,0x17c4f7e008fe22d69865f73f29329b6e76b92471,6671.945199999998,0.0,0x17C4f7E008fE22D69865F73f29329B6E76B92471-1780774412121
2026-10-01 09:53:58,day,sports,46,0xf0318c32136c2db7fec88b84869aee6a1106c80c,6659.047688997032,92.85,BreakTheBank
2026-10-01 09:53:58,day,sports,47,0x441909510a0b18a7df9f5ea588314a53d5bcfcf4,6490.800054034,0.0,laIaIalala
2026-10-01 09:53:58,day,sports,48,0xdb83e85ffd22faa4009273034770f96ffc5b1e50,6413.172223599498,26026.351716000005,sentrio
2026-10-01 09:53:58,day,sports,49,0xfb07f48542d2b655e9d0bf1cc92a8a6feee8e2cc,6235.481429657993,22921.4027,0xfB07F48542d2b655e9D0Bf1cC92a8a6Feee8e2cC-1782415802542
2026-10-01 09:53:58,day,sports,50,0xc32359bbc920b365a05cd310b9a998508c980077,6162.903460524976,756642.110584,0x2a075c15e5d5a133b2cd6C882A93C879E6CF00D8-1772812507354
2026-10-01 09:53:58,day,sports,51,0x2117ae94a97d69b78cbc81b6680a62deb1955c26,6003.738101889001,3858.0,Zzzz87
2026-10-01 09:53:58,day,sports,52,0x32b484581fc5606de9c1e43af4636b6be9bc8b21,5981.941512893973,652190.7786619999,0x32b484581fc5606dE9C1e43AF4636b6Be9BC8B21-1774274303653
2026-10-01 09:53:58,day,sports,53,0x42c99f38d2b951b0dc8e8bd5371fa80c9dd19623,5956.847238,30535.356126000006,TRCM
2026-10-01 09:53:58,day,sports,54,0xfea31bc088000ff909be1dfd8d0e3f2c7ef2d227,5865.682301208133,18613.032547,ndb1
2026-10-01 09:53:58,day,sports,55,0x50f97e9c24050ca2cd7f0fef900df984e1d0c327,5754.500715,13078.410715,0x50f97e9C24050cA2cd7f0fEf900Df984e1d0c327-1759622213387
2026-10-01 09:53:58,day,sports,56,0x98db8cca55c32b24cfb414b5b43d273f4e1fdd17,5652.613685094497,99488.30175799999,Eulhunter
2026-10-01 09:53:58,day,sports,57,0xe6e4b7b7bcbeb2bcdd55d7d05871e52c78abce20,5488.655491999999,26167.302858,0x7E2eca4FDc6Df066a3f50054A8824485fb3cB8d3-1777503653286
2026-10-01 09:53:58,day,sports,58,0xab1ce6d9a41d618aa687222744ec30d5be94aadd,5180.81541793,1637.134602,PETE7
2026-10-01 09:53:58,day,sports,59,0x1e386b0e0f1fc58c67ce738d7bbc4ba7ec74fd47,5042.983749999999,24500.0,beeemw
2026-10-01 09:53:58,day,sports,60,0xa6940651c6d219a3a0d7f1865acd71eafc86ab37,4966.153474045,5601.880768000001,0xa6940651c6d219a3a0d7f1865acd71eafc86ab37
2026-10-01 09:53:58,day,sports,61,0xe8c4d68aff65b38cac46987b9b65e01eb47d395d,4920.639525614499,13983.424732000001,JAMJAMJAM4
2026-10-01 09:53:58,day,sports,62,0xd9dde44ddeababae222bf7aec96c85cbdab6b525,4914.4531773,14701.637535000002,88M
2026-10-01 09:53:58,day,sports,63,0x5016c48436ab3efa2ab54b117d0c08fa1a4a1eeb,4882.025497879993,3466.250374,0x5016c48436AB3eFA2Ab54b117d0C08fa1a4a1eEB-1778328420816
2026-10-01 09:53:58,day,sports,64,0xc5d8d3722f46f43d58d144c2e2772a9c30b2a00b,4873.897499999999,19110.0,IdentityV
2026-10-01 09:53:58,day,sports,65,0xe4e3c06aa49f7143a3a50b209181574dd8a3e438,4823.653191055,7282.64,162039723507957290
2026-10-01 09:53:58,day,sports,66,0xadfb6cba33cebca02eab6111ace1e3924b9cc2ef,4694.4625340155035,51849.93046300001,KnightDasCapital
2026-10-01 09:53:58,day,sports,67,0x9f2fe025f84839ca81dd8e0338892605702d2ca8,4632.485698176008,0.0,surfandturf
2026-10-01 09:53:58,day,sports,68,0x6e2dc484915346956ed5e138863283e6833c8a1d,4538.049944,4609.1428,WeEd286
2026-10-01 09:53:58,day,sports,69,0x629c2844d5c0e36774a67fe10dcd43ca31a76c01,4414.377228936497,4577.498995000001,CoffeeDespiser
2026-10-01 09:53:58,day,sports,70,0xc0e4f49b80a2162aa8c1c1ad1bd0867574e3dd38,4412.807199375001,92389.92296899999,dabossrealman
2026-10-01 09:53:58,day,sports,71,0xe1a24206ed13433b70c603424c8a616b691d14b8,4241.073600000001,22872.370000000003,sss.tier
2026-10-01 09:53:58,day,sports,72,0xeea3f08e8a36081233e4c4b4142fd61a7b56a6a2,4212.309364165004,86330.24051199997,thestingsnake
2026-10-01 09:53:58,day,sports,73,0xf6eef6b249b78ae9f61dd91bc6fb5a5e5e697129,4185.871049999999,11608.720000000001,Age30Retire
2026-10-01 09:53:58,day,sports,74,0xa6ded03ba993d58d265dc8fa3f6ddda3d926256c,4178.812185045,11615.609108999999,mouzsynapse
2026-10-01 09:53:58,day,sports,75,0x15508cacc0af5bdb52874a315b156a9d7a645481,4178.3,0.0,Medo3D
2026-10-01 09:53:58,day,sports,76,0x796fc6fda8f8e03c03e2a2d012155989960300f6,4069.309400000001,0.0,6512395314597884
2026-10-01 09:53:58,day,sports,77,0x5213eb85fcd465c8927a8382f95dd2dc22306a35,4031.4087321805036,8743.605384999999,Notradecopy
2026-10-01 09:53:58,day,sports,78,0x568d86371caf6625780c7cf134c54be650b59a05,3959.9968000000003,5999.995152,opelajcbwmizhgwm
2026-10-01 09:53:58,day,sports,79,0x032eb1bc893940263ad0b01889f262fc232f2a9e,3942.0122706750153,37156.94,purplegatto
2026-10-01 09:53:58,day,sports,80,0x537e606cb19ea80d0ee5b373c487f1dfdcee8f47,3931.99,10530.0,michelle12-211
2026-10-01 09:53:58,day,sports,81,0x19ae9efef67c685a8581d631d99267b1ff10395c,3894.383614885,10820.619169,MaoZeDonK
2026-10-01 09:53:58,day,sports,82,0xfd4fb07f091e6a6d212f6e4876bd2ebc91bca4d3,3807.2097161835018,2612.8783920000005,tinashi1199zz
2026-10-01 09:53:58,day,sports,83,0x533177a2f260b3e64ba99f220121204374fecf7c,3801.7421235499996,17129.097536,Edenhazardous
2026-10-01 09:53:58,day,sports,84,0x492bb408693470df7d031ef48f3a5466055b45ee,3730.919723999998,212977.39609600004,dmoralez
2026-10-01 09:53:58,day,sports,85,0xd27cc742d023d06ef633a4c880cf1ff1836ec081,3559.821472662503,7797.0,madkkee
2026-10-01 09:53:58,day,sports,86,0xc36302c835d7c091c928eddb7c8cf863e063580a,3547.8300000000004,9746.0,jsmith-326
2026-10-01 09:53:58,day,sports,87,0x55b9e6a1dcca2defb01636ba41e9f76a0883a814,3526.239393488008,155077.10674399996,ghostorder
2026-10-01 09:53:58,day,sports,88,0x45e40dbee6f546c7b318498f8c9778560f5a7e20,3520.8474298399997,6323.905888,fastball67
2026-10-01 09:53:58,day,sports,89,0xe963d57ab09233f3cb2bf1546660a1b4638e6753,3510.1171437199973,3.773585,imjustkenisghey
2026-10-01 09:53:58,day,sports,90,0x01c78f8873c0c86d6b6b92ff627e3802237ee995,3491.6510890049935,39153.63992099999,Lilybaeum
2026-10-01 09:53:58,day,sports,91,0xa797d6bd8fe6e404bb4d8e4ab3d97c38336fdede,3473.5725997900026,71696.98824199999,LonnieHawkins
2026-10-01 09:53:58,day,sports,92,0xcf7379b4b891c06d88807f6f70efa75378120215,3456.302277461992,39011.890783,NM-P
2026-10-01 09:53:58,day,sports,93,0x081e14554b92ee3dc53a21bd5b01f306692ef76e,3449.775992,7193.679155,RebornAthena
2026-10-01 09:53:58,day,sports,94,0x21f333307ac6d2e65ac82f014b3dd2b64cbc35e3,3434.214464525002,11038.960407,hi774c
2026-10-01 09:53:58,day,sports,95,0xc4fe817476491890086330a639ac417d51bf601f,3409.8780864904984,17814.894366,poshposh
2026-10-01 09:53:58,day,sports,96,0x2b344112f63e69a2e411b0cb7f200cbc0051176e,3387.464788065001,3685.457091,MAGATheeStallion
2026-10-01 09:53:58,day,sports,97,0xaa7789219c17e180dcb5933099c90d885f1d15a5,3334.13681,14186.390706,alaskabaked
2026-10-01 09:53:58,day,sports,98,0x412fe1a101554f0b382181c3af932e4b2d8030fa,3328.2579000000005,32817.33,GrizzliesSuck
2026-10-01 09:53:58,day,sports,99,0xdd5ef115f801999575b03d78d0115ad8b2d59040,3313.1465117150005,1121.781765,Forecastication2
2026-10-01 09:53:58,day,sports,100,0x28ea3ec52d81664470663c8b17b84046a1e41fbe,3300.7892570800004,0.0,ChampGamp
2026-10-01 09:53:58,day,crypto,1,0xf705fa045201391d9632b7f3cde06a5e24453ca7,98428.66089869553,49890.946178,0xf705fa045201391d9632b7f3cde06a5e24453ca7
2026-10-01 09:53:58,day,crypto,2,0x111f73e91f85b6fe4de1ddec3de2fe32122e355b,21311.506868954988,0.0,Papeasy
2026-10-01 09:53:58,day,crypto,3,0xe9076a87c5ed90ef16e6fe6529c943baeca0cff6,12333.987300960993,79044.597827,suntori
2026-10-01 09:53:58,day,crypto,4,0xb55fa1296e6ec55d0ce53d93b9237389f11764d4,11194.58760758711,242551.7729889999,0xb55fa1296E6ec55D0cE53d93B9237389f11764d4-1777575277609
2026-10-01 09:53:58,day,crypto,5,0x41c9f35718d32718c98c49c7ea9744fb4ae5ee23,5117.782061000001,51886.30298799999,now-you-see-me
2026-10-01 09:53:58,day,crypto,6,0xcc500cbcc8b7cf5bd21975ebbea34f21b5644c82,4523.921703746426,58134.80423,justdance
2026-10-01 09:53:58,day,crypto,7,0x41e2e1ccf1e4940029af02259a31c6b89b9fa354,4219.620062549997,325042.735435,norm1e69
2026-10-01 09:53:58,day,crypto,8,0x51b970365b02a3fbdb6d00d8c481ed6cb0e074f9,3845.580197907504,0.0,user39100
2026-10-01 09:53:58,day,crypto,9,0x252d7bae5ec87553dcafb23e275c202ac0d3c456,3763.2116053444333,17642.332683,getbipped
2026-10-01 09:53:58,day,crypto,10,0x56ad6bd05999e0f33ea9c05a48ccb1364a46f13e,3515.716049972528,184.42,floatingraft
2026-10-01 09:53:58,day,crypto,11,0x0ae4a8d6146c304d69208cdf114129e63c67fb39,3248.5637881610132,80080.93143099999,ByteBadger92
2026-10-01 09:53:58,day,crypto,12,0x8b4bca1d794779e66e023d44391b2a86c5ab541b,3098.264106049435,0.0,0x8B4bcA1D794779E66e023D44391B2A86C5ab541B-1769764313952
2026-10-01 09:53:58,day,crypto,13,0xd3d3467ff83c943e9fa5a26a4ffd01f979bf81dc,2650.6665020000028,45306.830485,masterofcs
2026-10-01 09:53:58,day,crypto,14,0xcf070b9ed273abd6185a4253713ce8e64c0ec770,2623.0203282879856,4810.455107,MaxEnt
2026-10-01 09:53:58,day,crypto,15,0xc53375ff94e96100f2b30a4b5775db35218d69a9,2547.6985540000023,81043.87220500004,dangerously-skip-permissions
2026-10-01 09:53:58,day,crypto,16,0x9e3ed7b661a903fc97afcf49e0f014ebe869f882,2511.9570940860085,60084.52381399993,0x9e3ed7b661a903fc97afcf49e0f014ebe869f882-1783406009396
2026-10-01 09:53:58,day,crypto,17,0x3048d65321be3497164cdfc2996f94f98a2e7537,2501.31958543,140278.72946599996,x-MoneyForWhiskas
2026-10-01 09:53:58,day,crypto,18,0xe8ade1c67a880380ec861c476052c2f00057a859,2193.015202,23837.160550999997,suanlimao6
2026-10-01 09:53:58,day,crypto,19,0x11ddccd3d66ffe6de6e5a82a962d0d84dd02ffd4,2074.4092690000007,58749.921894,Samehjouini
2026-10-01 09:53:58,day,crypto,20,0x502b532f55778c0985846dc53a9bc71eb4f33b15,1976.3933588900009,35351.67627900001,0x502b532F55778c0985846Dc53a9bc71eB4F33b15-1761320484518
2026-10-01 09:53:58,day,crypto,21,0x344f3b43711f48770930ce731d934df3b2999dec,1928.0926382199998,7350.0,randomuseris123
2026-10-01 09:53:58,day,crypto,22,0xb6fef4c2c436ab8bbf07d017952e851dcf717394,1885.5497796020063,124356.40759600003,0xb6fef4c2c436ab8bbf07d017952e851dcf717394
2026-10-01 09:53:58,day,crypto,23,0x7cf89836b082aab85b137d45bfc6b991cf2104ae,1885.4024252899999,44733.56507299998,Alpharo28
2026-10-01 09:53:58,day,crypto,24,0x3708cef9f92678df15a0473e36c45d68a16cdaf9,1707.4187592750009,41697.29932899999,0x3708CEF9f92678DF15A0473e36c45d68A16cdAf9-1780222715877
2026-10-01 09:53:58,day,crypto,25,0x48ac40fc545cf327edd5365435c3a9f385614a7e,1702.2741435000062,99318.17521300001,BoneOhio
2026-10-01 09:53:58,day,crypto,26,0xc8008c1143351e21a58287163734737632ab4117,1583.4150110699993,9453.873518,moon-k58-lad
2026-10-01 09:53:58,day,crypto,27,0x335ac48637a3bc37c2eac9e0c9799c32b3cda494,1581.0872204225057,16295.386673,QuantumPebble673
2026-10-01 09:53:58,day,crypto,28,0xb07f85d3c8fb81f36e472625bd10898e17723c41,1569.1400861199945,0.0,brdnx
2026-10-01 09:53:58,day,crypto,29,0x55be7aa03ecfbe37aa5460db791205f7ac9ddca3,1511.5241849339936,29731.365101000003,coinman2
2026-10-01 09:53:58,day,crypto,30,0x48e5f228090d2cee24365759928ecbbaad1ba482,1491.7706171049986,42361.50475999999,Bigbootyprinceling
2026-10-01 09:53:58,day,crypto,31,0x664a25f165a0150ce687410470f3352f5783fc5f,1460.9479810950006,14737.816376000004,itsonlyamatteroftime
2026-10-01 09:53:58,day,crypto,32,0x576b0696fd5a9225d66fd9500fd98f5be10b0cab,1438.646019631513,111328.676586,Hcrystallash
2026-10-01 09:53:58,day,crypto,33,0x3725d52f3c252e8374999cc8617292ea2608ad88,1401.7938519450001,44978.73824700001,almach
2026-10-01 09:53:58,day,crypto,34,0x7e5246abed17a5cff43a17b55b30f982f45200f5,1371.2578750559992,54601.541736,0x7E5246ABED17A5cFF43A17B55B30F982f45200f5-1771073039758
2026-10-01 09:53:58,day,crypto,35,0xc1b4bfdc36eaa5c09e7231c61e5e44c5463f624f,1348.3881947899997,47381.53204199998,sir-upalot
2026-10-01 09:53:58,day,crypto,36,0x0cb038487586d1119b165466072e9baf666f3a90,1345.1769914300028,253567.34041699982,tmsd-test
2026-10-01 09:53:58,day,crypto,37,0x2ef97c323f70700c1623dd860b723f98a5b2b403,1318.2676609999999,2995.682372,lulalalulala
2026-10-01 09:53:58,day,crypto,38,0x280e296e5f14091642208ac24614826d9902fbd8,1278.0361424999992,46919.791756000006,0x280E296e5f14091642208Ac24614826D9902fbd8-1780260958670
2026-10-01 09:53:58,day,crypto,39,0xf3326d8fc30f7ed01bfade12c706cb52c397b1c0,1233.3180046499979,44947.87608599997,0xf3326D8Fc30F7Ed01BfAde12c706cb52c397B1c0-1780211395335
2026-10-01 09:53:58,day,crypto,40,0xb4077d7ecb09e5478305fb0c71bc176a5eda252c,1230.9364260000002,5927.484967,0xB4077D7ecB09E5478305fB0c71Bc176a5EDa252c-1772320937442
2026-10-01 09:53:58,day,crypto,41,0x6b36973dcfbb4a1e4c6fadfe35b755eee99c0d4b,1229.432669334498,35365.827932,Deepcoin
2026-10-01 09:53:58,day,crypto,42,0x8edba8f178074b1638e8afd1ace73ee45c969bab,1213.5366879999983,9020.701745000002,0x8edba8f178074b1638e8afd1ace73ee45c969bab
2026-10-01 09:53:58,day,crypto,43,0x6c158caf6430a91a846ac4ea9652dcb23dd87d2d,1167.5770631750004,16460.238464,minusalpha1
2026-10-01 09:53:58,day,crypto,44,0xcfddfb6e1b321fcfdcb6f9aa09b11990142ce5da,1127.0235059700012,50394.668094,trdyugiolkw
2026-10-01 09:53:58,day,crypto,45,0xb945945d5bcaf7b56834d4da8cdf8f8f94b2db68,1123.5034989499993,51136.56413999999,l5Zn1bWoM8eTsK
2026-10-01 09:53:58,day,crypto,46,0x0ca4e9d27ff826a109ecbf74754fb66b93f277a6,1101.786267,53446.72052799999,GoodFallen
2026-10-01 09:53:58,day,crypto,47,0x568b079891fcc8bef2e557fa2a8a7ecca1700b3b,1094.2794031749986,42129.27433200001,0x568b079891fcc8bef2e557fa2a8a7ecca1700b3b
2026-10-01 09:53:58,day,crypto,48,0xb033d2fe037b25ecda98e1e9b4fb3ed4fe483535,1023.6970540000002,2796.463422,0xb033d2fe037b25ecda98e1e9b4fb3ed4fe483535
2026-10-01 09:53:58,day,crypto,49,0x6138b966436f811bc0e3f0d35f1fb14b869b97a0,1008.076599426,0.0,tradexplorer
2026-10-01 09:53:58,day,crypto,50,0x0d587a1d9a47819589976993cb53d7fc00d8fb04,1005.5599330000007,17883.442568,0x0d587a1d9a47819589976993cb53d7fc00d8fb04
2026-10-01 09:53:58,day,crypto,51,0xd1a6835297404bb68c2a5b1e13dc70cf696c3a51,998.047868,4154.912953999999,Vonz
2026-10-01 09:53:58,day,crypto,52,0xe959dbf6595b9983cb120a4fba078edbcf16af51,993.8252500000001,4500.0,ArtDettt
2026-10-01 09:53:58,day,crypto,53,0xa4cefc76440df3120a2257dd4ae691645ba1dcc5,993.40493963,6704.9672980000005,0xFfC8b6250034A9d180D43d6d30E57d304EB2e7f
2026-10-01 09:53:58,day,crypto,54,0xa3e9a711841e655def080044768452b60f4263d0,990.3082043639739,300.0,alanhutton
2026-10-01 09:53:58,day,crypto,55,0x361528e242bc6cc789ac8da6fd5cb98046178fdf,956.1167585600001,9469.078328999998,ohioism
2026-10-01 09:53:58,day,crypto,56,0xeebde7a0e019a63e6b476eb425505b7b3e6eba30,948.5076291229996,88418.76092700004,Bonereaper
2026-10-01 09:53:58,day,crypto,57,0x0c3fd73b9f499fe43b4a2c5699aa92c64fe2100c,937.1057419999996,24847.92738299999,Savv22
2026-10-01 09:53:58,day,crypto,58,0x5078f57065a338bd58065e76f02a9f9f5dd28082,936.8961490000034,4187.504241,alister-crowley
2026-10-01 09:53:58,day,crypto,59,0xa0e72d5575095199ae08ce0dce447f21b7249461,918.3789961369887,69642.79304700007,uninformedfloww
2026-10-01 09:53:58,day,crypto,60,0x2ed94d1a460379292d2e3b46f2cf7d94b033f271,918.2087806560016,92407.77189600002,Hsilverbasher
2026-10-01 09:53:58,day,crypto,61,0x2f8b35dc9eaee0c4550ccd9afde7ac54d91dba14,879.5792531420001,7939.4202540000015,Robotron.4
2026-10-01 09:53:58,day,crypto,62,0x66553177acdc2858096f2b421e724a1c9ed0fca6,858.5314999999998,2793.0,kyosx
2026-10-01 09:53:58,day,crypto,63,0x10bc0d95f8296023c8acf6faa42d6fe0e8c176be,849.9172,6775.772,Densa
2026-10-01 09:53:58,day,crypto,64,0xdf0fb6fe87e4fba94e36694633be738c89421d61,821.3806722570007,0.0,mainantagonist
2026-10-01 09:53:58,day,crypto,65,0x014c4e7ae2145992861c2d1b124af633a97f820c,799.8554713870061,320.27000000000004,Hyperlong
2026-10-01 09:53:58,day,crypto,66,0xacf8383491688a61a0e4dbba060122ba031be791,786.108,2636.80225,0xacF8383491688a61a0e4dbbA060122ba031be791-1776974711316
2026-10-01 09:53:58,day,crypto,67,0x4f315c1f2fcfbcbccc31fa28ae086babf309efa3,779.2459679465101,1148.3810159999998,DFV2
2026-10-01 09:53:58,day,crypto,68,0x56f609c609975454bf851f0d91079fbc4a5fe251,761.3328094899988,29343.95124399999,0x56F609C609975454bF851F0d91079fBC4a5fE251-1778667101992
2026-10-01 09:53:58,day,crypto,69,0xf03b3be0a0e7026bc41bbfcdc286129962833ba1,760.855941,7634.730183000001,GameMaster2026
2026-10-01 09:53:58,day,crypto,70,0x2bd7e167beddafb58a54805da5a45cac08117d93,739.9958560000005,19155.332114999997,harmozi12
2026-10-01 09:53:58,day,crypto,71,0x7e3471906a6a168f57a4a2ba7ed27206b1b34cc1,698.2118964200054,0.0,Lecsoman
2026-10-01 09:53:58,day,crypto,72,0x60c20ca0901f9d55992913064686b1b4112b4746,697.2794511349996,14441.573973,melop
2026-10-01 09:53:58,day,crypto,73,0x71a70f24538d885d1b45f9cea158a2cdf2e56fcf,680.4422758204946,21854.069617999998,easyclap
2026-10-01 09:53:58,day,crypto,74,0xbe6b570666a369433781067d9cd7f2f3f34441aa,679.6115806414999,26717.06036699998,0xBE6B570666a369433781067d9Cd7f2F3f34441aA-1780266707056
2026-10-01 09:53:58,day,crypto,75,0x61fc08ca58fd4f391346e5f7732d0ec8d1077efe,677.743707,3899.950793,zy999999999
2026-10-01 09:53:58,day,crypto,76,0x4c375c3731d72e71ed032268eaf66dbbdbc80631,676.7312960000054,0.0,intothethickofit
2026-10-01 09:53:58,day,crypto,77,0x496121ba250d47b62c2d84b3414a99aeeacade13,672.2181041704998,10828.263868000002,Anon455
2026-10-01 09:53:58,day,crypto,78,0xe339bba7fba043520d83516ce22add16beb6e01b,662.6744869450013,7666.666667,12Alexander12
2026-10-01 09:53:58,day,crypto,79,0x5e8e7771121f4f8f9f7739ddecfe2baa2d918212,660.4103271154988,23326.22763800002,cryingbabydicer87
2026-10-01 09:53:58,day,crypto,80,0x6e2c3937e6dd094a3a9f814ecbdc289d3fd5b7f8,653.0751972629514,12709.310204000001,olegs
2026-10-01 09:53:58,day,crypto,81,0x5380555499c258e06330d364f3828079951ed4b3,648.26060439,3207.9377359999994,rear
2026-10-01 09:53:58,day,crypto,82,0x32ed2e546b187ca15e2841edc82b22c713cf8ec3,633.7828043899983,55280.207893000006,mo-money
2026-10-01 09:53:58,day,crypto,83,0xc4567fe2a835b23f40db07f567ba0efbbdc98996,625.341326219519,919.1700000000001,gydmasg
2026-10-01 09:53:58,day,crypto,84,0x645498055361ad8457a6266f9fb82d9648cf93b4,622.5118099999999,1593.057358,0x645498055361aD8457A6266F9Fb82D9648cf93b4-1773737354438
2026-10-01 09:53:58,day,crypto,85,0x6916cc00aa1c3e75ecf4081df7cae7d2f3592fd4,617.9799906364351,39552.35706,x6916Cc00AA1c3e75ECf4081DF7caE7D2f3592fd4
2026-10-01 09:53:58,day,crypto,86,0x00ffb912f1bf01c0123869ddb92d4b6a6ad3f7ad,601.3349655515049,0.0,ballinco
2026-10-01 09:53:58,day,crypto,87,0x191f77486cb1c5af42e54734621804936a204a8d,594.0580655649883,3801.644688,LaarsY
2026-10-01 09:53:58,day,crypto,88,0xa82365c8e854728c472812fba6202ca125386215,587.4768810000007,4504.140907000001,mihaXd
2026-10-01 09:53:58,day,crypto,89,0x17dea5a4fcc9056edc127bb6b0ac931c87accb7b,587.3976000000007,18889.260000000002,Mars9
2026-10-01 09:53:58,day,crypto,90,0x483d550475d4e62a4910af43c7343bb42a926b30,568.8469110000001,12995.383173999999,prwroteit
2026-10-01 09:53:58,day,crypto,91,0x367b52a09d491a402a1c3706e6dfe12cfeab1516,562.99938372,0.0,fbb0226
2026-10-01 09:53:58,day,crypto,92,0x4292c99987e418a2a6ec69f2ba9aa79086a44a08,560.831305227,12.0,mefirofan
2026-10-01 09:53:58,day,crypto,93,0x751a2b86cab503496efd325c8344e10159349ea1,560.2063050054858,298722.424265,Sharky6999
2026-10-01 09:53:58,day,crypto,94,0x3b7ed1242417f4b8f6992b5dd53aa9415a2c23eb,549.4038635799952,0.0,phdcapital
2026-10-01 09:53:58,day,crypto,95,0x189e8b0783894bbfbf671b2edc4b2a91cf270434,547.7708294399999,0.0,trunks
2026-10-01 09:53:58,day,crypto,96,0xd00f633e989103e9e9f73c3af5bdc416bae79869,541.2797839999998,8764.886418,crocopolis
2026-10-01 09:53:58,day,crypto,97,0xdf7930e89a2c47560165331863c31deca0733dcd,538.9971974949988,105260.538355,std0
2026-10-01 09:53:58,day,crypto,98,0x2397e5b6f050f56a363f771e67f4dc90fe101b7f,536.3401169999995,16255.022611999999,BikramjitDasgupta
2026-10-01 09:53:58,day,crypto,99,0x329df14a9e177b5bade2228b9062265697a5b047,534.1741778300002,4098.002254999999,HuskyTrade
2026-10-01 09:53:58,day,crypto,100,0xcd30457c790d8b35a08bcf3f894ad6bb52bc2dd0,532.644782525002,46746.37320400002,Repentant-Dealer-Gliding
2026-10-01 09:53:58,day,finance,1,0x982a77e75498fa134607f598c861b8de9d0c6851,4648.341881518929,74645.36418399999,grasstoucher69
2026-10-01 09:53:58,day,finance,2,0x9ee49c02ae1ade698bf9e06d4ca271f236b8697b,2531.3250669395056,18584.760001,cosmicxbt
2026-10-01 09:53:58,day,finance,3,0xffbbf885454e6930e54b720ad5224175b8ae36e9,2369.927730429001,0.0,0xffBbF885454E6930e54b720ad5224175b8AE36e9-1720913580384
2026-10-01 09:53:58,day,finance,4,0xc6e956068048c1cf98d8f0b3a495edc9da130741,2018.8683806579502,40007.859388000004,luck00004
2026-10-01 09:53:58,day,finance,5,0x96489abcb9f583d6835c8ef95ffc923d05a86825,1859.2360414189998,2912.965287,anoin123
2026-10-01 09:53:58,day,finance,6,0x8a4c788f043023b8b28a762216d037e9f148532b,1431.2631267010001,0.0,occasionalAwareness
2026-10-01 09:53:58,day,finance,7,0x9afda7ae5c6afadcb500ce0274312e0fe7ba574b,1070.5498500675021,0.0,UnreasonableAwareness
2026-10-01 09:53:58,day,finance,8,0x524db836890e08aceb3abcdee98d44240e324495,984.6425099999997,0.0,Mac-Gyver
2026-10-01 09:53:58,day,finance,9,0xa139daa9e38c0b6d24443bede2d34bcdc4256f00,943.1971550800008,0.0,Kris-Future
2026-10-01 09:53:58,day,finance,10,0xbca6a1083e66a3fee11b72b6742ff076b9fa384e,743.28995737,1464.5742859999998,R1Man
2026-10-01 09:53:58,day,finance,11,0x903221b1098263779ae19486028c844e8c338717,708.498862702003,0.0,0x903221b1
2026-10-01 09:53:58,day,finance,12,0xb5d19b53c973be1097119c9ddc48fcb18fff6e35,699.9993853000014,0.0,lastminwin
2026-10-01 09:53:58,day,finance,13,0xbf0fd14d47d8d785ac19f33aafa6985501f128ce,683.2786500000002,0.0,0x4dF63E746b71d3a8e
2026-10-01 09:53:58,day,finance,14,0x73bb531d8cfabcdd61f9e7bc08e8d2554bc69473,627.3964742709991,2087.19,chivoexpiatorio
2026-10-01 09:53:58,day,finance,15,0x6936431c93a525f454d1bb914c107f926c86a45e,520.8109300000001,2984.9500000000003,OnlyPhan
2026-10-01 09:53:58,day,finance,16,0xa38a455bbdd4b68486548b7e19da99903f4f821d,497.87437302499984,0.0,takeormake
2026-10-01 09:53:58,day,finance,17,0x6af72a7d6ca36735fbbbd54feb991b2055e25a6f,469.5000073080005,0.0,chillballer
2026-10-01 09:53:58,day,finance,18,0xfc2f4f50ce2f6045d35558a5e2d8d4b2ac6610c7,467.8399999999999,1992.0,0xFc2F4f50ce2F6045d35558A5E2D8d4b2aC6610c7-1769097007451
2026-10-01 09:53:58,day,finance,19,0x33b3b135660b97b4ba65dad30bf07c7d2281d03d,459.58210921799946,0.0,AlmostNoAwareness
2026-10-01 09:53:58,day,finance,20,0x6a5121acdc5e4fc2980d177a0aa729315ce6006e,444.01002740000104,1186.95,Bizzzhh
2026-10-01 09:53:58,day,finance,21,0xad5353afe30c2da57709e2704ef3ccdcf67eef24,438.46006908200684,17573.165545,AJSV
2026-10-01 09:53:58,day,finance,22,0xdd574188334300a925465d035c89f76866ede0c4,431.45865000000003,0.0,JoneyB
2026-10-01 09:53:58,day,finance,23,0xbace5a5a9e309d69164dc81788d353fed8d43429,406.95873260495136,0.0,ThanksGivingTurkey1001
2026-10-01 09:53:58,day,finance,24,0x5d5e32dc9a054f4e4da123353dded3e2ac379a5e,397.54322,2270.46,polybettor
2026-10-01 09:53:58,day,finance,25,0xfc081d2dab43d97ee05b624e2166808ad3e96be7,395.55023685000015,0.0,MPIL
2026-10-01 09:53:58,day,finance,26,0x9a3fa403a6666eef75f92f181fcf13f9c051914a,380.68498227,952.5,Rex416
2026-10-01 09:53:58,day,finance,27,0xb6077a100f16016e2e88149f4567ad4360c260fb,379.8728309110011,6535.590587,yesasdgfaskdfhask
2026-10-01 09:53:58,day,finance,28,0xb1ca909e848cc24ec4e220ce1c453bc290c51705,376.9934316725012,948.32,InterestingUser
2026-10-01 09:53:58,day,finance,29,0x8c4465127b5278a5d7fd120b95b77e7fe292fcd4,370.3508626920011,0.0,nelbal8486
2026-10-01 09:53:58,day,finance,30,0xedc84058541b1ef3586be91fd56860c1de283296,362.0998922825007,3182.597189,0xJasonSan
2026-10-01 09:53:58,day,finance,31,0xc7ca1e7a2b080f92998194dcc4c81bab977096c6,350.0,0.0,Sithmaul
2026-10-01 09:53:58,day,finance,32,0x731a241767938bb23d1b2fac4c9cd2f3cea9033f,349.68853845600006,13512.61,CoinTrick
2026-10-01 09:53:58,day,finance,33,0xa53ba9d683f68602ccd767512d5c862a43824021,339.153992840001,2750.46,Vagabund97
2026-10-01 09:53:58,day,finance,34,0xa5d833a23bc19b7d38adcbee7c117a8f421eff3a,330.0425549999991,0.0,0xA5d833A23bC19B7D38ADcBEE7c117A8F421EFF3A-1779306353525
2026-10-01 09:53:58,day,finance,35,0x876bb030ddd424ef505ae02914024cf18c6a1703,329.1513132560003,1500.0,rewardbots
2026-10-01 09:53:58,day,finance,36,0x60c6ad7e43cb23b5209d7eddf9386c508285247f,328.39520000000084,0.0,konsomida
2026-10-01 09:53:58,day,finance,37,0xff7ca9cd180d33119e653e3eb50555a3e2ccb233,324.46482009649844,12938.070000000002,0xff7ca9cd180d33119e653e3eb50555a3e2ccb233
2026-10-01 09:53:58,day,finance,38,0xd5dc16a421717a6e2499818b76a76880874ad1df,321.91132541000025,0.0,caishiopt
2026-10-01 09:53:58,day,finance,39,0x0e5bd05888cc80453a4ac18f85c750bb4e434ef4,312.74314012500054,0.0,nelsonc19
2026-10-01 09:53:58,day,finance,40,0xcc096035169ba2e5b3e17e10af479c0d86011442,307.7016249999999,0.0,0xcc096035169ba2e5b3e17e10af479c0d86011442
2026-10-01 09:53:58,day,finance,41,0x627722f9cacfc2a69af729f7c919498e46edd68a,304.6573887500001,0.0,roadto0pnl
2026-10-01 09:53:58,day,finance,42,0x2b51107e8d030397ea728a794405ffbcf1d2e165,269.3109999999999,0.0,aaabbb
2026-10-01 09:53:58,day,finance,43,0x15433540ca3794108e602bfd353189519af8baaf,264.54500817400003,0.0,DualDelta
2026-10-01 09:53:58,day,finance,44,0x1a94e87006b29b47873c4ef0359f7509f8a7db1d,262.97829999999976,10000.0,hypebot2
2026-10-01 09:53:58,day,finance,45,0xfec32aef00f862b5e7c368a3f46bccb22d76c3a0,247.26895434900007,0.0,jajupe
2026-10-01 09:53:58,day,finance,46,0xa5a822f64402d2f5c2b30c0dd3651e61de2a8aed,236.21884076149763,15598.727499999997,test456y78
2026-10-01 09:53:58,day,finance,47,0x6bd3561530e94da23d44bf19a78c8970f5363e23,231.80774145000032,0.0,0x6bd3561530e94da23d44bf19a78c8970f5363e23
2026-10-01 09:53:58,day,finance,48,0x4c4ed674fde7dc998036b3ae92445d00fcdb297b,219.73880000000008,0.0,SingletonFamilyFund
2026-10-01 09:53:58,day,finance,49,0xb6cae2a3084f02f691ff4ecaf61783335b2048a9,217.00278249750016,1968.283035,baummark1
2026-10-01 09:53:58,day,finance,50,0x567e5102285c1cd6afc4e82399d42433ce46e2d2,214.7431233089992,0.0,apiwat
2026-10-01 09:53:58,day,finance,51,0x62f6e32528e89b97dceab36b43b7821283696300,214.4406774029976,0.0,Lk7600
2026-10-01 09:53:58,day,finance,52,0xb23e88a3e729951c1992b361435a5c410fcf829a,212.15430236999964,2293.753581,clazzy1
2026-10-01 09:53:58,day,finance,53,0xf27de6607cbd15be1133619b9807ff63fb86e6d3,208.65747474199998,0.0,0xf27de6607Cbd19be1133619B9807ff63Fb86e6d
2026-10-01 09:53:58,day,finance,54,0x34af3a317ccc5fbed5ed504d13a064ffa7f4bd55,208.13426828649926,487.32,rpontici
2026-10-01 09:53:58,day,finance,55,0x97e6b74dcf6b53bb180d994ec6c0aa6b411eb085,207.35679273999995,0.0,DragonSlayer13
2026-10-01 09:53:58,day,finance,56,0x121d62d2e9e9e073cb9a5c0b10bcd68d21c259be,200.0,0.0,galitsk
2026-10-01 09:53:58,day,finance,57,0x736539924a5602b37a03a54fc12c1cc8f98964da,198.08728203900586,272.44,Contentious-Dinnerdate
2026-10-01 09:53:58,day,finance,58,0x7650e94d9c2decc455d7e2b9f8af0c0aa319fac1,194.22034000000076,0.0,JT716
2026-10-01 09:53:58,day,finance,59,0x70f8bb3b044e8f1391624cbdb98067ceac3e7fb5,186.90082844250003,4784.074135,Bla-485
2026-10-01 09:53:58,day,finance,60,0x475691cd54600719e626a4386814ac72fd49a006,184.85714377,0.0,0x475691cd54600719e626a4386814ac72fd49a006
2026-10-01 09:53:58,day,finance,61,0x9aea85d0b70bff6cb980cbb22d2e70b141e6b686,183.52289999999994,794.94,POLO
2026-10-01 09:53:58,day,finance,62,0x06ab4493e33a0314c06b1da00a2029acd136ee5c,177.3683754800001,434.786409,loewesan
2026-10-01 09:53:58,day,finance,63,0x68c24bf4a8ad4d79a6fe4b8eec6f93a02dfd1711,173.2086335840013,0.0,mombil
2026-10-01 09:53:58,day,finance,64,0x2f63dbd36cfff1952a88d9f704bd58bcb78cf247,166.94944041999952,0.0,Eric018
2026-10-01 09:53:58,day,finance,65,0x9f66aa958734d9d5af35f5f19a276d23e84f3a50,164.95764213549955,527.297594,MrMelonHead
2026-10-01 09:53:58,day,finance,66,0x7eaa1446a6d9b5f83356f7cdeb4eae42bac2fd24,163.60257327599965,99.99,Alpheo
2026-10-01 09:53:58,day,finance,67,0xcfce2a14ab7a79a76ce11ce035e8b0c8804280c7,160.97914488999993,175.57201799999999,LeechLord
2026-10-01 09:53:58,day,finance,68,0x510904c9a58f5c5ad799a1b44947077564175e9c,158.83965999999964,0.0,Logan.
2026-10-01 09:53:58,day,finance,69,0xf9ce1ef72b3cec2cd6230b06103a04fedb4b07ad,153.33602069499977,0.0,sula9527
2026-10-01 09:53:58,day,finance,70,0x6e9a6afde1e8bd4a0c7bf2809cf87fe14c00f3bb,153.00915536000002,1515.19,Maple7
2026-10-01 09:53:58,day,finance,71,0xc9eb41938082b7c6ceafa464454ba95b48556a67,150.34292992750488,31383.881961,zhenxiao
2026-10-01 09:53:58,day,finance,72,0x714f682e577a6892ee921290fd6ad213d11266d5,148.44011619799994,0.0,Poivre
2026-10-01 09:53:58,day,finance,73,0x6d16c33b540069f5aa0d9f705b0d759dec927228,148.04893300000003,0.0,slippy0
2026-10-01 09:53:58,day,finance,74,0xf9e1aa52914cbc4e88274a04adea7f53248f0458,145.8355549649998,2054.050289,wagonwheel
2026-10-01 09:53:58,day,finance,75,0x4745821e366c99d4f36817d5a74b722fa89e1e6f,142.89398892999998,0.0,0x4745821E366C99D4F36817d5a74B722FA89E1e6f-1774352607910
2026-10-01 09:53:58,day,finance,76,0xf03d13c94373e052a177601419291ce2fafe21fb,142.86344975000003,5154.3485,0xF03D13c94373E052a177601419291Ce2FAfE21Fb-1769526558724
2026-10-01 09:53:58,day,finance,77,0x6b32f2142859030734abaa2a2bec8a423a903535,141.92978902200002,0.0,anonymousoctopus
2026-10-01 09:53:58,day,finance,78,0xac4a1fabdac2438d6afa2a9e8e83845310a0bf1e,136.19697914249176,85.43,HerrieDavis
2026-10-01 09:53:58,day,finance,79,0x8207e643f3f85fbbc95303bb7f77908edcadc570,132.77182249999998,0.0,Neology
2026-10-01 09:53:58,day,finance,80,0x9ecc57fc879ba180d8376ad967fd3d3e7a5cdd93,131.10000000000002,0.0,admsk13
2026-10-01 09:53:58,day,finance,81,0x04bf21c2527ae8d54a2f713a6420c608366c7caf,130.74217749300033,0.0,Red781RuM
2026-10-01 09:53:58,day,finance,82,0xed107a85a4585a381e48c7f7ca4144909e7dd2e5,128.6284838894353,3203.29,qmarktea2
2026-10-01 09:53:58,day,finance,83,0x4d3e6f882536f5bde89d20a64e2198b1c1e8783b,127.76787913499902,0.0,bitcoinmafia
2026-10-01 09:53:58,day,finance,84,0xa3e9a711841e655def080044768452b60f4263d0,124.97583505650073,0.0,alanhutton
2026-10-01 09:53:58,day,finance,85,0xeab61f1c7168138db3e0bb87acadfb77ce8dd4c6,122.9601747255,0.0,acc42020
2026-10-01 09:53:58,day,finance,86,0x26b166604677eaef5f2e81b716f539ed2857cc81,122.81886928499998,340.91,0x26b166604677eaef5f2e81b716f539ed2857cc81
2026-10-01 09:53:58,day,finance,87,0x4247c89f4a9236a6b5fb24502023bcc98ab1455f,122.58728446500001,600.0,09F911029D74
2026-10-01 09:53:58,day,finance,88,0x7c30ee60b7f53f80211ca65df99d48cce53b7673,122.5415297200052,0.0,mazw8
2026-10-01 09:53:58,day,finance,89,0x0435111a4edb491825d636c38a62d51cc20ecf1d,121.86841219199994,0.0,0xzitu
2026-10-01 09:53:58,day,finance,90,0x3177b0d4bd2da653ef4a0dd28a7cf1cd5b0db264,121.67560000000003,0.0,risard
2026-10-01 09:53:58,day,finance,91,0x4e84ce1599d3d0272932a729c2a3310b734bef69,120.69555810700002,284.8,spartafishing
2026-10-01 09:53:58,day,finance,92,0x46d69f4c26545ef2a4db809f0fa91015a1178d38,119.32494407250013,0.0,asdf8888
2026-10-01 09:53:58,day,finance,93,0x573442a3b14d08f486031e4dffdae27746b0fd4d,118.5,0.0,Skepticc
2026-10-01 09:53:58,day,finance,94,0x50b242e0b9ac75359464c5b3be62ad6b42d8c94a,114.45923420750023,0.0,DonPanic
2026-10-01 09:53:58,day,finance,95,0xc6c210a895ca825636ee72bc991386b399851b0d,114.04447547899781,0.0,badkidsart
2026-10-01 09:53:58,day,finance,96,0x7dbd677158b160003d29c54e9ca431da46b1855e,113.41832536000004,0.0,PavlikKul
2026-10-01 09:53:58,day,finance,97,0x6d4a4c199661d482c392be32efc76cf32416f05f,111.75481737500013,0.0,Downright-Nectarine
2026-10-01 09:53:58,day,finance,98,0x21d0c129deb8a7f7e1569045200d20e23862ce91,111.73532316851208,1246.223,DEGENKHAN
2026-10-01 09:53:58,day,finance,99,0xe734e7bf7cfb9e464681f71822f6c2f6be514f0c,110.8415378050704,189.57,boyau
2026-10-01 09:53:58,day,finance,100,0x122cb94c437ea5e6f088c6c0c143c592ab8efbed,110.72141500000055,3276.95,Cb94C437EA5e6f088c6c0C143c592ab8EFBed
2026-10-01 09:53:58,day,culture,1,0x5ecde7348ea5100af4360dd7a6e0a3fb1d420787,2043.1446641819998,9636.65,0xdc3E831cad
2026-10-01 09:53:58,day,culture,2,0x2a3e9601357f2281f9edabb6661ec822027c5190,2000.1633110000002,335.51,miaoa1
2026-10-01 09:53:58,day,culture,3,0xa2cd4ccda9a1f95949df7a3355c4c2daa0642ba0,1455.975519439904,0.0,0xA2cd4CcdA9A1f95949DF7A3355C4c2DAa0642Ba0-1729178570395
2026-10-01 09:53:58,day,culture,4,0xfbcbd30ee172d6750364c117d989c4c049eebb5d,1377.0184600000007,24581.199999999997,ElonSimp
2026-10-01 09:53:58,day,culture,5,0x9d8019321990b0e9d3947c74e7832f855b2afcaf,1027.4016107539983,7294.374108,CakeBake
2026-10-01 09:53:58,day,culture,6,0xea4262df401e12cb0efa039f061a1f4b1a486b0d,919.3367479629815,0.0,world-changer
2026-10-01 09:53:58,day,culture,7,0x87a9157fffce89ce17201716abade38cf68b4bdf,840.8488485544999,3213.66894,sange111
2026-10-01 09:53:58,day,culture,8,0x96489abcb9f583d6835c8ef95ffc923d05a86825,725.6064791270373,10078.689816,anoin123
2026-10-01 09:53:58,day,culture,9,0xaca23974e2b8131efbafaa1fe03ea9595ea0b9a1,697.608,0.0,ellio8989
2026-10-01 09:53:58,day,culture,10,0x590ed3d1a14ba08cad23f5c513bad6301772e43d,681.0132054104997,49405.26603600001,smalltimezzz
2026-10-01 09:53:58,day,culture,11,0xdaef2be2a19ad331737d06545f85615b094554e9,660.3180621654974,0.0,PEYZ-BIGGEST-FAN
2026-10-01 09:53:58,day,culture,12,0xb1ca909e848cc24ec4e220ce1c453bc290c51705,642.538184495992,0.0,InterestingUser
2026-10-01 09:53:58,day,culture,13,0x9aeb534c42b58b21673d5e03e9da14fbd15b2729,621.4258400000017,0.0,The-Joker
2026-10-01 09:53:58,day,culture,14,0xed107a85a4585a381e48c7f7ca4144909e7dd2e5,554.900746838015,21.25,qmarktea2
2026-10-01 09:53:58,day,culture,15,0x7056f248c5098cce2fb0a062cdd2ab0f8318c95c,499.1844018724996,2600.0,denzeldumfries
2026-10-01 09:53:58,day,culture,16,0x8c80d213c0cbad777d06ee3f58f6ca4bc03102c3,450.3775320739951,0.0,SecondWindCapital
2026-10-01 09:53:58,day,culture,17,0xcd71fd5370880f3d92bb941e628c05840fe0d127,425.38410135899903,0.0,Kevindoto
2026-10-01 09:53:58,day,culture,18,0x15d1e0476012dc9ae28060da02ddfc3129a6ec0f,396.14777877900013,1327.9650510000001,Askeladd.
2026-10-01 09:53:58,day,culture,19,0xcbd382fbd54af0b8aa51875dccf5c3dda8ed117e,359.99964574800106,0.0,weatherprod
2026-10-01 09:53:58,day,culture,20,0x3bd4dfee30c1767568350cc40b29938aec3bd241,322.28620704000014,0.0,0x3bd4dfee30c1767568350cc40b29938aec3bd241
2026-10-01 09:53:58,day,culture,21,0x9a3fa403a6666eef75f92f181fcf13f9c051914a,308.77909982150015,625.06,Rex416
2026-10-01 09:53:58,day,culture,22,0x8b4bca1d794779e66e023d44391b2a86c5ab541b,283.2836827909923,0.0,0x8B4bcA1D794779E66e023D44391B2A86C5ab541B-1769764313952
2026-10-01 09:53:58,day,culture,23,0xc753a353c0e3bbec5136eead9ceec460e2955820,250.91401365299998,0.0,Welostbetting
2026-10-01 09:53:58,day,culture,24,0x59a1799a1a276a35def6d6ef817b67756dd4a8d1,245.76575957900064,7384.929705,LuckyMANNN
2026-10-01 09:53:58,day,culture,25,0xc9b824d0606264ff0eb493389f72b04afb972e0a,245.34811000000005,326.0,Glenmaxwell
2026-10-01 09:53:58,day,culture,26,0x743d681bb4bba8743cdfc21aa5100fc79c69f77e,242.59017666800017,57.7,Suirenzirou
2026-10-01 09:53:58,day,culture,27,0x7c3db723f1d4d8cb9c550095203b686cb11e5c6b,240.19393260149997,394.8,Car
2026-10-01 09:53:58,day,culture,28,0x62c9a0a34324b42065ad3395642f13dd6545ece4,240.00033519,0.0,Crypto.king.
2026-10-01 09:53:58,day,culture,29,0x44c1dfe43260c94ed4f1d00de2e1f80fb113ebc1,239.19566793650097,2018.09,aenews2
2026-10-01 09:53:58,day,culture,30,0xb9eb019d3d00b8d32ef1f2ddb697a7d1cbc7ab05,238.09523809401435,0.0,Gracious-Hugger
2026-10-01 09:53:58,day,culture,31,0x2ca9149f3b481a56d128c002b1c06591e8e8b942,226.34908718399828,660.357642,stormshadow
2026-10-01 09:53:58,day,culture,32,0xa15655c43a7e4b50190d1f14198e80da86a1cf02,223.16880751999997,230.0,Crabsoup92
2026-10-01 09:53:58,day,culture,33,0xf7bbfd4588f578697c0051e855d5d1a8838ba9f7,220.9439404235004,1546.17,PiMaak
2026-10-01 09:53:58,day,culture,34,0xa45fd80cebd05390a9155c7f61b8b7b91890d6cb,214.33168360399992,902.0,pykue
2026-10-01 09:53:58,day,culture,35,0x71f55f2605ead44c73e080b37e5d162882724cce,210.67903038000003,0.0,legendofanime
2026-10-01 09:53:58,day,culture,36,0x89f3ee3abd56f3349e286de5623e1d003d6a1cc1,205.91486135499997,828.850569,Kayakingzzz
2026-10-01 09:53:58,day,culture,37,0x9fd4ca44be6bf74afc5987aa5b4305f5f748325c,205.72481740000148,0.0,Gamble.and.bankurpt
2026-10-01 09:53:58,day,culture,38,0x45b39e1f71e47fd4afe4b988ffad690b644735bc,204.01472969801398,0.0,onekey09
2026-10-01 09:53:58,day,culture,39,0x93fd1445c1d5307ebad91c43f3802a3e7ab77e2f,193.24130863,5207.819878,Kamenshyk22
2026-10-01 09:53:58,day,culture,40,0x913f5f691ce0a947cf60cd573cbdc7c66d8ec676,185.96480000000008,1786.28,0x913f5F691Ce0a947CF60cD573CBdC7C66d8eC676-1774844074915
2026-10-01 09:53:58,day,culture,41,0x90d7483f66281e57d4f54f459dd4748742905cb7,184.19219900000007,400.6,0x90D7483f66281E57d4f54f459dd4748742905cB7-1758547944546
2026-10-01 09:53:58,day,culture,42,0x72cd7aea7a73cec00ee027dc844d29ee5033ba23,183.3556169709991,1310.7089919999999,rovim-plymkt
2026-10-01 09:53:58,day,culture,43,0x73836f35d84a6080ebe035195be41ba114d4bd0b,179.60934656101745,0.0,EricaXBT
2026-10-01 09:53:58,day,culture,44,0x410aa391edffa58af64517ec579af5def62b2643,175.7471327749954,0.0,afdafdafdafdafd
2026-10-01 09:53:58,day,culture,45,0xad96914d7762dac84ebbabafe366ae8ff24dd498,173.23159215744818,22.38,0xAD96914D7762DAC84EbBABAfE366AE8ff24Dd49
2026-10-01 09:53:58,day,culture,46,0x0c0e270cf879583d6a0142fc817e05b768d0434e,172.2241103070046,0.0,The Spirit of Ukraine>UMA
2026-10-01 09:53:58,day,culture,47,0xac43e8ddad05c3a18b07e635ba4dcd0593c33a33,170.07312711000003,0.0,aimsojke
2026-10-01 09:53:58,day,culture,48,0xdbf99963ba3e62c65a6870d0887d6f776e03b9cc,168.47861050000026,2522.92,hochnaesigezicke
2026-10-01 09:53:58,day,culture,49,0xf17cd97d0316fd7c57b38db85a35548fd8a70c29,164.0675054559997,0.0,Natstar777
2026-10-01 09:53:58,day,culture,50,0xa3a39a3746dbd55f3a33ae38bd27ae2804c2c2f9,161.79847499998868,0.0,charliealmanack
2026-10-01 09:53:58,day,culture,51,0x85ac968270dad06d8988a676f30d377a5fd7fce6,158.32285000000002,3310.74,raptor67
2026-10-01 09:53:58,day,culture,52,0x17b02d8e21426bae381b8941b96386f133504041,154.05628215999968,0.0,BrainrotStonks
2026-10-01 09:53:58,day,culture,53,0x9ba9dec33838f4ec9f032f7247d7481987e63ce9,150.29824999999255,0.0,TeamA
2026-10-01 09:53:58,day,culture,54,0xe25b9180f5687aa85bd94ee309bb72a464320f1b,148.40381828249883,0.0,WordleAddict
2026-10-01 09:53:58,day,culture,55,0x63850ce907044eac77fba13d59f263ade68093f2,141.59826214199995,0.0,Waterfall
2026-10-01 09:53:58,day,culture,56,0x8948455a9f1580c5a1ce8c3471fd5ac90f01f94e,140.36987634799996,2905.681875,Nogooo
2026-10-01 09:53:58,day,culture,57,0x3c8ac6a99d9c7a41860aec2ae7520c7aaa68b45a,139.84262251399923,0.0,momom
2026-10-01 09:53:58,day,culture,58,0x62cf46cd4c3af254dccfc37a7f93de265b4b5826,134.53884603000188,0.0,eCash
2026-10-01 09:53:58,day,culture,59,0xac4a1fabdac2438d6afa2a9e8e83845310a0bf1e,132.2981804620025,159.54,HerrieDavis
2026-10-01 09:53:58,day,culture,60,0xac482f27ac3d1144ca4f778af405eb5cac5d2feb,131.7751039430077,0.0,CryptoFortunate
2026-10-01 09:53:58,day,culture,61,0x912dba47ef9154eda4b5d8a30fae45d118615f1a,125.70180000000003,497.28000000000003,misaki
2026-10-01 09:53:58,day,culture,62,0x1e1aed3928a9617e7c7ae674c4fa7aebbd9d7690,125.53167526850439,4331.590545999999,Bitgod
2026-10-01 09:53:58,day,culture,63,0x0c93a4291ee2c43a4eae6ca6bcb11f40c3f5a00b,125.1765888749942,0.0,pmtosat-
2026-10-01 09:53:58,day,culture,64,0x3dca854f147d9b9ecc56d37800f36b347ce23c13,125.07288902999971,0.0,Ryxon21
2026-10-01 09:53:58,day,culture,65,0x68e5ebc9ea5ec9d109a984c74d48deee827cb332,121.0,400.0,0x68e5eBc9EA5ec9D109A984C74d48dEEE827CB332-1788617164050
2026-10-01 09:53:58,day,culture,66,0xdc71bed951076a6dfd27f6a341c441b8543ed033,120.25893755999277,0.0,0xDc71bED951076a6dfd27f6A341C441B8543ED033-1760135940099
2026-10-01 09:53:58,day,culture,67,0x1f9e15f39bbd5d163b0eacf0fbef647ced9e4f1a,119.17050540050087,18.96,HibernatingParasite
2026-10-01 09:53:58,day,culture,68,0xd5d87cd36116710804a9a7bad3088a3cceaf2722,118.92646994000003,373.75,0xd5d87cd36116710804a9a7bad3088a3cceaf2722
2026-10-01 09:53:58,day,culture,69,0x43372356634781eea88d61bbdd7824cdce958882,112.45004659500046,0.0,Anjun
2026-10-01 09:53:58,day,culture,70,0x03333873d9bf65a51946d2adda1c57702283f234,110.89961247000006,1518.78,blancnoirchat
2026-10-01 09:53:58,day,culture,71,0x0562e01b3c3e65bb93bf0de32f02cec238a79d66,109.026131641,327.72,iForgor
2026-10-01 09:53:58,day,culture,72,0xe52c0a1327a12edc7bd54ea6f37ce00a4ca96924,108.34503999999652,0.0,aff3
2026-10-01 09:53:58,day,culture,73,0x1057e7d3ddafc60a4aeb10a2bc5b543792449ea5,108.32413039599487,0.0,Macks22
2026-10-01 09:53:58,day,culture,74,0xed92af444ca73cada013610e192e9fa70cf45c02,107.62812441000017,0.0,Sony237
2026-10-01 09:53:58,day,culture,75,0x52e3ddefd4d851adf4c181bfe496dd99d66782d2,106.66000512999017,0.0,0x52e3dDefd4D851aDF4c181bFe496dD99d66782D2-1774177146439
2026-10-01 09:53:58,day,culture,76,0x08ceded238219b4b3fff04e00a4778d839d4f301,106.21077214599993,942.0568519999999,rocky42022
2026-10-01 09:53:58,day,culture,77,0x8e15585f7b2e22851b839b6d3cee8cba2d5fa0ee,105.71434763599996,0.0,0x8e15585F7b2e22851b839B6d3ceE8CBa2d5FA0ee-1774521864337
2026-10-01 09:53:58,day,culture,78,0xec02fcf4918e22023f7b49b763281cae7dec70fc,104.89899749099993,0.0,Deni13
2026-10-01 09:53:58,day,culture,79,0xc3cf86ccbb1659b4cd413ba4fb4e6c4ce40c51d2,104.62053370499973,3313.951755,amy888
2026-10-01 09:53:58,day,culture,80,0x37f8b617d9c575d2af96f095153aa7bb99922fa8,103.33563224700083,0.0,UkraineFisrt
2026-10-01 09:53:58,day,culture,81,0x96e8e42db87aae72bf635ef6db7c3f1adb2dd240,103.08825449800001,343.03,IP1380
2026-10-01 09:53:58,day,culture,82,0x49b60d2cda22653ddc8b6ef21bad6d012a7f170c,99.57710483000483,0.0,pkz
2026-10-01 09:53:58,day,culture,83,0x514bed69dd15b0aa7183f985bdce50681a026931,98.93310000000008,0.0,ProsperIntelligence
2026-10-01 09:53:58,day,culture,84,0xe0dcc05376176f9f9e5160b9aae6f51e2ca93944,97.68446937599974,261.05823200000003,Dr.mett
2026-10-01 09:53:58,day,culture,85,0x93d44e7cb426a5a1085cc0ce314b8f2befba7345,96.24593285500087,128.72,ajaaja
2026-10-01 09:53:58,day,culture,86,0xc4d5a24a240ec9f52669e3251e0473fd0c5687cf,93.2878393409992,13230.307110999998,bipbipbop
2026-10-01 09:53:58,day,culture,87,0xde7be6d489bce070a959e0cb813128ae659b5f4b,92.50228499999957,567.37,wan123
2026-10-01 09:53:58,day,culture,88,0x4cb5ec560735efca23f76f2dd152b74bc6a9b536,92.00899567500505,0.0,TheEmprah
2026-10-01 09:53:58,day,culture,89,0x70ffe7b3911e0a9474029a42ab8b2f57b799b65f,91.28048110000002,963.13,MtnMark
2026-10-01 09:53:58,day,culture,90,0x88b6e6704a2c3bdff2a7b21ce6b1b2e8f3343cff,90.72598767749969,1099.990301,h038596027355
2026-10-01 09:53:58,day,culture,91,0x7db008f9288780a12451082acdf0e3d383fc8c18,89.75800000949971,2892.7699999999995,lilith275
2026-10-01 09:53:58,day,culture,92,0x235e75bafc6c7cc39a1fcc454e7034c1b5845673,89.59759952000005,0.0,Copyright-1
2026-10-01 09:53:58,day,culture,93,0xc2052656d5ccb272eadb93fc8b79f963528ceec2,89.58812174,0.0,Bdrivedfya
2026-10-01 09:53:58,day,culture,94,0xf6a3ae30b9783f8131d10d747526b8f3d135649d,88.91603784499999,0.0,professional-bettor
2026-10-01 09:53:58,day,culture,95,0xecb14ac6e9ca447ce2f2912e6217b43d7b655da3,88.3222148409991,2098.86,SaylorMoon
2026-10-01 09:53:58,day,culture,96,0xdeb5436bba9420e9056b6eb87926f705315fe19c,87.93050292899999,0.0,0xdeb5436bba9420e9056b6eb87926f705315fe19c
2026-10-01 09:53:58,day,culture,97,0x3069c1002bd0bb6aec054c7a27722919df95f8ef,87.05564467700242,0.0,Orion96
2026-10-01 09:53:58,day,culture,98,0xe732156a2d84cdfb4de831d3f11a22899e49898f,86.80667809700044,1007.3400000000001,Nostdam
2026-10-01 09:53:58,day,culture,99,0xe63c43df12f27ecf30ec55f3f1cc498b62cc176c,86.71285753500013,0.0,0xE63c43DF12F27eCF30eC55F3F1cC498B62cc176C-1724331853892
2026-10-01 09:53:58,day,culture,100,0x033bac1172affbb82c5e679d7d4f845ad4455fd4,86.06586671999992,0.0,0x033bac1172affbb82c5e679d7d4f845ad4455fd4
2026-10-01 09:53:58,day,mentions,1,0x38f50488b14a87769e0c5cd6c514b6c2e8ec6824,197.17045246899977,607.52,smellyEllie
2026-10-01 09:53:58,day,mentions,2,0x4b8ae011176b76888949476d7fb7a56985faf4a4,150.34683120000102,0.0,chessplayer
2026-10-01 09:53:58,day,mentions,3,0x726c6e3d5cdb1a8a97b38c0e2d88448b19d66bfd,148.12519250000014,305.26,idl
2026-10-01 09:53:58,day,mentions,4,0xb10047d6a254b2ebb306d7a7d13bf59171ab6461,145.4835349999994,0.0,Parz1vaI
2026-10-01 09:53:58,day,mentions,5,0x0562e01b3c3e65bb93bf0de32f02cec238a79d66,144.25050000000022,1313.3000000000002,iForgor
2026-10-01 09:53:58,day,mentions,6,0x5d5e32dc9a054f4e4da123353dded3e2ac379a5e,138.99683000000186,152.0,polybettor
2026-10-01 09:53:58,day,mentions,7,0xa7fea388f955a9517067111030eb771c6d911f3e,89.04372316000027,519.88,Faston
2026-10-01 09:53:58,day,mentions,8,0x1e934f01216bf34b277eaeebe2c81183bed278bc,88.84008999999992,128.93,jesuslovesy0u
2026-10-01 09:53:58,day,mentions,9,0x30fb41b5a08fff5d3dd983f6323e3343931a7db4,74.26291279499992,437.001221,tradetosurvive1
2026-10-01 09:53:58,day,mentions,10,0x5042e6dc8a612c493881a3e67519cc09f5f4fcb0,71.19372919350008,0.0,NoHigherLimit
2026-10-01 09:53:58,day,mentions,11,0xa3e22cd32aa9238ef7dbcfb4761e33b9eaa1fdf8,65.61998997500015,279.25666700000005,pootytherewardfarmer
2026-10-01 09:53:58,day,mentions,12,0x8f3166b79a019a1f451d86513604ffa1f74a84a2,64.75260522999994,55.3,0x8F3166B79A019A1F451d86513604Ffa1F74A84A2-1785673333356
2026-10-01 09:53:58,day,mentions,13,0x758dac51ba3cc9a246a79787da9df11c5f425d9e,56.53530526449998,769.8632600000001,a5533
2026-10-01 09:53:58,day,mentions,14,0xe102b1da4367d827b48c47ea91fadf6997ff71df,55.70826588999997,480.68482,hfv
2026-10-01 09:53:58,day,mentions,15,0xe3ce26172dcdbe38f3280f30759f8a8e89dc54a5,38.89529621599968,0.0,xxxxxxxxxxxxxxxxxxxx
2026-10-01 09:53:58,day,mentions,16,0x15d1e0476012dc9ae28060da02ddfc3129a6ec0f,38.020833455,0.0,Askeladd.
2026-10-01 09:53:58,day,mentions,17,0x1964d019f4cae8dcc0f36cb80e0ec88084c15461,37.9520250139999,719.215295,0xs55555
2026-10-01 09:53:58,day,mentions,18,0xea2f794a7f0ce05e4bbd357b3ccbb3bd2048a8ef,31.895899999999997,625.38,TortugaGorda
2026-10-01 09:53:58,day,mentions,19,0x0be34ffafafa7f3a2998b15b05e04d36cb2835fe,30.987084329999988,150.946664,neverbuypredict
2026-10-01 09:53:58,day,mentions,20,0x20b382be32a82d308fb9238f3c2a01756385d24c,30.497034999999983,0.0,Nowayfolding
2026-10-01 09:53:58,day,mentions,21,0x6b25c5c4d1e681d2203297803793ad8c732b7a69,28.83094450499999,228.246802,0x6b25c5c4d1e681d2203297803793ad8c732b7a69
2026-10-01 09:53:58,day,mentions,22,0x30687f44db250f7d914acb4ddc9634c3400e083d,27.491568,0.0,YoungMoziRPG
2026-10-01 09:53:58,day,mentions,23,0xd8d5289c35124b5353f5a10a28b8cc29aec38935,26.788624999999683,0.0,D8D5289c35124b5353f5A10A28B8cC29aEC38935
2026-10-01 09:53:58,day,mentions,24,0x9d736920e486176e7df7a76fa218f1ebd853216b,26.610515000000305,412.45,AlAhmeda
2026-10-01 09:53:58,day,mentions,25,0xa400008ab672cc8a19928aa0a49852f80d1c14bb,24.318698450000014,56.328646000000006,0xA400008Ab672cC8A19928aa0a49852f80D1c14bb-1779714772177
2026-10-01 09:53:58,day,mentions,26,0xc8ab97a9089a9ff7e6ef0688e6e591a066946418,24.052898200000048,5.263158,ArmageddonRewardsBilly
2026-10-01 09:53:58,day,mentions,27,0x8964b58c08b784ecfe1d9344223692263d130bec,23.52216499999986,0.0,DegenerateJanet
2026-10-01 09:53:58,day,mentions,28,0xb37f3f453a78aebc6f39bf577f2d53708dadfdcf,23.49507,0.0,Wwx
2026-10-01 09:53:58,day,mentions,29,0x742b234ea44a3d68f56598926baa2cbc3c0bf144,23.133903089999983,0.0,lovementiongamble
2026-10-01 09:53:58,day,mentions,30,0x07b90f1e574b450a6a8a782f862d1a1e8f650fbb,21.453428560000006,100.0,Dondigidin
2026-10-01 09:53:58,day,mentions,31,0xbea0922d263ae8ee61faae1fa642915691aae19d,20.546409829999988,0.0,aliiz
2026-10-01 09:53:58,day,mentions,32,0x80ed3442ee13ca855d90cf78cede3ad3f66ece26,20.18477415899997,839.726789,0xtrador
2026-10-01 09:53:58,day,mentions,33,0x50396e4d9d11d38b0dcfd75280101a315f50946d,19.750500000000017,0.0,0x50396e4d9d11d38b0dcfd75280101a315f50946d
2026-10-01 09:53:58,day,mentions,34,0x0a08b794ba7a2ecf0b99d9368de98fdd912f2e25,19.5,100.0,63483
2026-10-01 09:53:58,day,mentions,35,0x1690daedf91758fa77ec220e1caf590a745cd6c4,18.903999999999996,0.0,coconono
2026-10-01 09:53:58,day,mentions,36,0x9b559c039873cd794668492af33b748b6b0a1167,18.18152000000009,0.0,pagliacci4
2026-10-01 09:53:58,day,mentions,37,0x8a4ec9c5684b23599bb1dd827b8a5673c2fab38c,18.14515,50.0,Jamieeee
2026-10-01 09:53:58,day,mentions,38,0x9dd483126ebe16f2d853d49060040b556a95a038,18.087632853999963,0.0,HyperboreanBryanCaplanFan
2026-10-01 09:53:58,day,mentions,39,0xf149b1902073111368679abc4975c6bf01f6cc8a,17.92090439999999,135.41666700000002,0xf149b1902073111368679abc4975c6bf01f6cc8a
2026-10-01 09:53:58,day,mentions,40,0x797527a06e5b1550bbaa9cce14bf29492a8bd3f7,16.96899527649998,0.0,Botadouro
2026-10-01 09:53:58,day,mentions,41,0x53b933bec5f65d5363ee1041050d265517964b3d,16.400000000000002,0.0,df4d8fa4sdf5
2026-10-01 09:53:58,day,mentions,42,0x75003de792a09a4d0345913baf9c63d08faa567f,16.349999999999994,0.0,0x75003de792a09a4D0345913BaF9C63d08Faa567f-1763836802268
2026-10-01 09:53:58,day,mentions,43,0xc757850237e266d3b08d16b8455777a88590ccfc,15.673769999999422,0.0,tianjiyuyunzhilu
2026-10-01 09:53:58,day,mentions,44,0x38cf62d2fee064fc6316775a4bde92d4a0f17148,15.0,200.0,afflilbru
2026-10-01 09:53:58,day,mentions,45,0x7fa1507e1803272c26d91fb263c507b995d3deeb,14.797283449999997,30.0,dekivagyok
2026-10-01 09:53:58,day,mentions,46,0xe9582ac5e2d22a771ed84adc12c8df30a8b166b7,14.528300000000002,0.0,RogerFed
2026-10-01 09:53:58,day,mentions,47,0x4e65c9cfd7e345cb6284e9016c28193fd78e7a19,14.07331499999998,0.0,weather-vane
2026-10-01 09:53:58,day,mentions,48,0x2375550d3b98ce364476c81f663a0b878cb0691f,14.06240000000011,309.02,0x234
2026-10-01 09:53:58,day,mentions,49,0x3be4c4c6d778a4d990f8a775d95b55dc76ce94d6,13.666940000000068,383.45,2762951793887444
2026-10-01 09:53:58,day,mentions,50,0xecef81de6dbc37a7f817a3a5113e5c964b8a4909,13.549399805999986,30.0,Flingflonger
2026-10-01 09:53:58,day,mentions,51,0x52ebca459280966f4a56240a05e38df8527067ac,13.315730205000008,0.0,AMAM13
2026-10-01 09:53:58,day,mentions,52,0xef13bdcecd9c13e4a07bb20924657f3b110263d9,13.025707589999993,136.5,johnashbough
2026-10-01 09:53:58,day,mentions,53,0x8dd8f566b50f54a7a8ec02412723974b40679a1c,11.691186180499983,0.0,pengu1n
2026-10-01 09:53:58,day,mentions,54,0x154794795d978c5890b3f69264311f0bd966d066,11.220249999999965,0.0,PMTraderAdam
2026-10-01 09:53:58,day,mentions,55,0x4ad4aa15ca7c8746e38f34d16bb04cc733621704,10.950683324999773,0.0,Kharekk
2026-10-01 09:53:58,day,mentions,56,0x9e8ecc4cb3c4e48f544cba2fbbb252a6a65e8db8,10.849999999999909,0.0,DREAMBIG.
2026-10-01 09:53:58,day,mentions,57,0x2b340fca886b3c7a2cc928c4a89162133fe4b202,10.310000000000002,0.0,Fluo
2026-10-01 09:53:58,day,mentions,58,0xf4f88a1e25ff5dfae68326eb62049d6a1b7c5bf1,10.162092639999997,135.764616,cosmicsteaks
2026-10-01 09:53:58,day,mentions,59,0x555c311dd92f6c550220780bd327f094cdfeee28,9.299999999999955,0.0,TheMasterMind
2026-10-01 09:53:58,day,mentions,60,0x29eda18df836ad93a8c285f97873bbe26118a8da,9.275635480000005,38.379999999999995,29EDa18df836aD93a8c285F97873bBE26118A8da.
2026-10-01 09:53:58,day,mentions,61,0x5b6331e7ff0831a3fe2ed12004747db1a9c911a4,8.844550124999998,0.0,neutralwave23
2026-10-01 09:53:58,day,mentions,62,0x43372356634781eea88d61bbdd7824cdce958882,8.751744094999594,0.0,Anjun
2026-10-01 09:53:58,day,mentions,63,0x05f7958d7d6d2807a65719a313bb159f275922bc,8.399999999999999,90.0,leo1213
2026-10-01 09:53:58,day,mentions,64,0xabcb905604117fcf98f6e0acba4145b9bdfb0448,8.350056979999977,0.0,0xaBCB905604117FCf98f6e0acbA4145b9BdFb0448-1786813325408
2026-10-01 09:53:58,day,mentions,65,0x9b2fcb79bdb8a6a6174da327e9335f7889c6d8f8,8.261644220000008,45.512223,SloppyDonny
2026-10-01 09:53:58,day,mentions,66,0x87650b9f63563f7c456d9bbcceee5f9faf06ed81,8.024654137999988,135.15541900000002,2B9S
2026-10-01 09:53:58,day,mentions,67,0x392d557de378926143df5f72d8ddaef3f0d221a1,7.934860865000019,0.0,DorTovim
2026-10-01 09:53:58,day,mentions,68,0x721a29613c653d9430532402784c8b25ad5d9295,7.5886,0.0,Laribobibo
2026-10-01 09:53:58,day,mentions,69,0x1491f3faea8f55eb683eea438d4d6367eb84fd70,7.284999999999982,0.0,SmartBoyBilly
2026-10-01 09:53:58,day,mentions,70,0xfe9339e4eca140c1a16f94a52b5cde4d29768d0e,7.1749999999999545,0.0,winexecutescale
2026-10-01 09:53:58,day,mentions,71,0x5111056df88e08dbb9dd08c8372e27da3fd38bc3,7.034999999999997,0.0,parismsn
2026-10-01 09:53:58,day,mentions,72,0x727e819c79ac4eb555518cccdfd424d2d4cf8b9d,7.020289455499949,0.0,solder
2026-10-01 09:53:58,day,mentions,73,0x7a95a3c59926a540e32bf38524ab42b723ea2551,6.4471000000000025,29.99,0x7a95A3C59926a540E32bf38524ab42b723ea2551-1771473941367
2026-10-01 09:53:58,day,mentions,74,0x1c865202529e466ed310ab3730c43689d3bfc427,6.399999999999977,0.0,SuAlteza
2026-10-01 09:53:58,day,mentions,75,0x4acf2ad93f608ead3144e3e0aa326d259edc106c,6.3563000000000045,0.0,0x4aCf2aD93f608eAD3144E3E0aa326d259eDc106C-1769793016358
2026-10-01 09:53:58,day,mentions,76,0xf3338c0f5c52e48fbe883d731226b7820e70ba41,6.2056433,0.0,FFFFFFFF9
2026-10-01 09:53:58,day,mentions,77,0x5f3ee9c40be255d1c18ca38bf4ab94b564c75337,6.079690279499907,136.5,0x5F3ee9c40Be255D1C18cA38bf4Ab94b564C75337-1776862065527
2026-10-01 09:53:58,day,mentions,78,0x4acacfdc568abb7c574bc815705eaa9e32afd2ab,5.932686559999993,40.0,flamencoflamingo
2026-10-01 09:53:58,day,mentions,79,0xe95e726d0ca927874f3998d815bfec51d19261f2,5.862239999999929,0.0,mewmew1
2026-10-01 09:53:58,day,mentions,80,0xef6cc915096f06e797ff248bb880f5c4f39a33ef,5.806666890000001,0.0,0xeF6cC915096f06e797FF248Bb880F5C4F39A33ef-1771073910378
2026-10-01 09:53:58,day,mentions,81,0x9a94e5b4f0d6c646ed49e832cf8142c45474d5f9,5.796953,1080.8069999999998,.Menthe
2026-10-01 09:53:58,day,mentions,82,0xe0dcc05376176f9f9e5160b9aae6f51e2ca93944,5.79042999999993,690.76,Dr.mett
2026-10-01 09:53:58,day,mentions,83,0xc602e34792d9a5e129f3404daef2df43d1d37fc1,5.591642025000004,30.54,Dr.PNL
2026-10-01 09:53:58,day,mentions,84,0x25be71be2715adef0e939b3de0e2a1dd04c17db5,5.32467328,0.0,PeterNim
2026-10-01 09:53:58,day,mentions,85,0xf60fb8fa9df77178ce3b2a0efc86d28ec4e957a8,5.290480392499973,0.0,kirit4
2026-10-01 09:53:58,day,mentions,86,0x8c4465127b5278a5d7fd120b95b77e7fe292fcd4,5.2360949999999775,0.0,nelbal8486
2026-10-01 09:53:58,day,mentions,87,0x3ad146a7dae2dbab2281c7e351bedce11748b4c5,5.11136759499999,0.0,0x3aD146a7daE2dBab2281c7e351beDCE11748b4C5-1771629524936
2026-10-01 09:53:58,day,mentions,88,0x251d896fa1443abdcca009605f340e43dd9ca195,5.039999999999992,0.0,lyl888
2026-10-01 09:53:58,day,mentions,89,0xca0c6d9b7a2c0cb9582591cd2d8ff42d5674b9b6,5.0,0.0,0xca0c6d9b7A2C0cB9582591Cd2D8ff42D5674b9B6-1751220806251
2026-10-01 09:53:58,day,mentions,90,0x961b2866b349bad732c6fce081af9090be4d2b00,4.856338591000025,68.735026,erFiodena
2026-10-01 09:53:58,day,mentions,91,0x312a591e969fe6e0180b38759b3fb70b4f6d66b8,4.699999999999999,0.0,Slowbucks
2026-10-01 09:53:58,day,mentions,92,0x4247c89f4a9236a6b5fb24502023bcc98ab1455f,4.622800000000001,1.19,09F911029D74
2026-10-01 09:53:58,day,mentions,93,0x07855e710aaefc554a7251869b8525f94ae8f62e,4.26,12.0,arehovbro
2026-10-01 09:53:58,day,mentions,94,0x9e24bd0ebc6a423c43cf600e7bf1170a867b7e71,4.180492374999986,0.0,0x9e24bD0ebC6A423C43cf600E7bF1170A867B7e71-1775632553699
2026-10-01 09:53:58,day,mentions,95,0x7733b41cd4fbcc381b149e0bb6c4b8044d5e26d5,4.113698549999995,0.0,ahlook
2026-10-01 09:53:58,day,mentions,96,0xf4fd6471e46383359c5e31e90c384935972a0786,4.09615413,11.538462,Christofferstroem
2026-10-01 09:53:58,day,mentions,97,0x2eae941760a06555cb9425712ee85da18c5c8d29,4.041325000000004,0.0,iminmymomscarbroombroom
2026-10-01 09:53:58,day,mentions,98,0x86b64c3b8bf836f10393b5d4af990a2b6843a127,3.9412199999999995,77.28999999999999,0x86b64c3b8bf836f10393b5d4af990a2b6843a127
2026-10-01 09:53:58,day,mentions,99,0x94bbb8f7632d11dead6b8970646ad5655a5fc320,3.8297699999999963,0.0,Praescientia
2026-10-01 09:53:58,day,mentions,100,0x1c144e30f405a25f991cbd8baa15d40599090869,3.7859209550000017,32.921053,bernardbulletin
2026-10-01 09:53:58,day,weather,1,0x9506e646497107cabf2d5b941a8e6a60d0db1c4f,2471.6108741644985,28102.114886000007,0x9506e646497107cabf2d5b941a8e6a60d0db1c4f
2026-10-01 09:53:58,day,weather,2,0x6fdd2bda5c031d551f588f176535f061a29a0b07,666.0524719685013,16139.022123999997,averageuser
2026-10-01 09:53:58,day,weather,3,0xb1fe8e3bacce4829bc4a434decbc6faefb4dcafe,570.2447912035007,937.1704669999999,zQ5da3x9V9ErKAPO
2026-10-01 09:53:58,day,weather,4,0xa16c780dca2812c966afb81ad06232b781be7936,526.0553413335002,105.67,baoyunqi
2026-10-01 09:53:58,day,weather,5,0x8b2aa7df9dc462f2be29bdef6cf7af3a0c0317ae,523.5207887235,3046.6248699999996,bf55555
2026-10-01 09:53:58,day,weather,6,0x686880eea810fa9141be46a1acec9eee41755198,518.2755055189998,3949.2369389999994,opopv3
2026-10-01 09:53:58,day,weather,7,0x76f4765ebc9bdeaeb4af4d27504bff1d4ce782da,515.9757252949998,2402.9589290000004,hlwp229
2026-10-01 09:53:58,day,weather,8,0x8fbd7cf5f806f563080864694415829f7229a959,500.152111047498,14851.821764000004,badatmath.
2026-10-01 09:53:58,day,weather,9,0x73749db0d73fdf2bc74e56edcf30dd98180a38ff,447.7596199999999,2412.51,exboyfriendjustsentit
2026-10-01 09:53:58,day,weather,10,0x180e62e6f035dbf69118a2306df25d28762129df,442.28207108650054,12314.043907000001,fildoro
2026-10-01 09:53:58,day,weather,11,0x044f334595a7fd42c143e11c8ec47f23c8d1d1f1,429.1037079,1792.1495580000003,gghff
2026-10-01 09:53:58,day,weather,12,0xc676679416e4b234de28c4db991c07c9480af35c,400.54664,70.0,Blue-Horseshoe
2026-10-01 09:53:58,day,weather,13,0xa45fd80cebd05390a9155c7f61b8b7b91890d6cb,353.5867787304994,2402.1662739999997,pykue
2026-10-01 09:53:58,day,weather,14,0xb6fbce093cdd139858c44148a6598d8ec028c038,340.1975000000001,1020.0,Weather-Guru
2026-10-01 09:53:58,day,weather,15,0x1a81418ae297c76d7c67eabe4c3f790be0bc6cf9,329.20368015150007,5008.842326,donothackmeee
2026-10-01 09:53:58,day,weather,16,0x7eeb94f2d5a474123e260f160b4f15d3f3eab6bd,318.3199260170003,2684.9087419999996,edgewarehouse
2026-10-01 09:53:58,day,weather,17,0xb40e89677d59665d5188541ad860450a6e2a7cc9,268.9513765145166,15096.653000000004,Poligarch
2026-10-01 09:53:58,day,weather,18,0x261cefef3da858a09e269d2408dfc3cb91347242,248.3295098775,10582.667687000001,15325
2026-10-01 09:53:58,day,weather,19,0xb123e75212e81277b38aa4ed100f0f0379958e0e,234.50829035550083,871.994763,0xb123e75212e81277b38aa4ed100f0f0379958e0e
2026-10-01 09:53:58,day,weather,20,0x581e155fd66519d088302898212b857ff156a2f2,233.1062708460001,12552.476044999998,ALJJ
2026-10-01 09:53:58,day,weather,21,0x11f3c56d0583665247e5a494e8f7709c759ed859,221.98645000000016,105.0,johnnyA
2026-10-01 09:53:58,day,weather,22,0xb4cecbca7b4a1b2b08f7284027c914f00fae49e0,221.53177766800002,2759.060336,fxckkrdog
2026-10-01 09:53:58,day,weather,23,0x65b7a4c314a4f0498a756526c29b2079fb7df83c,220.95990148849995,9189.3306,HBX02
2026-10-01 09:53:58,day,weather,24,0xfa0d315d809aaa185ee376680b67cc5c5dcb60bb,217.56423712900005,85.121854,HeliosGod
2026-10-01 09:53:58,day,weather,25,0x95d381e71dba6f1c3199fd9bc040383d6fae6eff,213.73802445750061,8711.210172,TunSahur
2026-10-01 09:53:58,day,weather,26,0x06e8b7d7474f561130533455b0a9bdcc56339c25,211.60007733200018,2549.3413339999997,6862584
2026-10-01 09:53:58,day,weather,27,0xb407a926efa389b22099f7816ab82d5bfc7e6eb1,196.26977000000002,2741.29,Plan-J
2026-10-01 09:53:58,day,weather,28,0x14adccff0397f7ecf2776739f9b7d0ccd85669f5,194.28608368250002,584.93217,cvcvbvbvbMM
2026-10-01 09:53:58,day,weather,29,0x941809833d47890e2383a0abf5277facff28e9f8,193.6945195839999,204.15,0x941809833D47890E2383a0abf5277FACff28e9F8-1781957605159
2026-10-01 09:53:58,day,weather,30,0x92b7b4c0fd983b331a61c05d9ca9430dad02e022,183.93077804249924,4215.179432999999,t3wjvhmxk7fpcnr4ady7
2026-10-01 09:53:58,day,weather,31,0x7bbe0987962a6cd2728d1656e0465e7fa8cab95e,181.85913920099995,2137.946081,plm15
2026-10-01 09:53:58,day,weather,32,0x251d896fa1443abdcca009605f340e43dd9ca195,180.05511,696.98,lyl888
2026-10-01 09:53:58,day,weather,33,0x758dac51ba3cc9a246a79787da9df11c5f425d9e,174.04143679050821,44073.46908299998,a5533
2026-10-01 09:53:58,day,weather,34,0x62d377f10f1f1479c295b9fb932a36f41bd6e694,173.98845357149958,5540.844145,f00000
2026-10-01 09:53:58,day,weather,35,0xf73f7e9c6bd1f40dc045d2a93bec3dd4248aee53,172.1071809765,2289.71613,meteoblue
2026-10-01 09:53:58,day,weather,36,0xf9f2fadb03a828f3024227034283e638bb73771f,170.40480000000042,51.05,api3799
2026-10-01 09:53:58,day,weather,37,0xedbe108285993c7b1ab04c03139e82a7589b84d1,165.9722444569993,4659.203300999999,0xedBe108285993c7B1aB04C03139e82a7589b84D1-1767688127922
2026-10-01 09:53:58,day,weather,38,0x5bb3c034a9078b5f3b2f91e0aa59e9cd03c42c94,164.11385267300005,7206.931997000001,0x16f9...fb16dd
2026-10-01 09:53:58,day,weather,39,0x1dec8ce1d61126514c3c5382711cb74d35c612f4,160.863120664,529.493334,Orbitorious
2026-10-01 09:53:58,day,weather,40,0x1941ca5d7f587827da004b1b1551b0bd6429deea,158.4147492030013,2748.2029599999996,0x8e7a1d1N2KdE17a0e8fH31F8b0F56B8dFa08E
2026-10-01 09:53:58,day,weather,41,0x6011655c4afb76f36dd1b08a137a1ba73466b31e,149.86056999999985,5688.659999999999,HighTempTation
2026-10-01 09:53:58,day,weather,42,0x1d617b17834decf2c4d703ee198197b43e5a2d9d,147.73252197850002,1201.466185,time2pay
2026-10-01 09:53:58,day,weather,43,0x80c052f2189288b94e732083facd93ee590dc4f6,146.91147999999993,404.9,blockpwx
2026-10-01 09:53:58,day,weather,44,0x8a25f9c7d093089c808f514b161a1e40be44ba81,141.28288000000012,4353.469999999999,Wangjiang33
2026-10-01 09:53:58,day,weather,45,0x980b778659bb90ea06d1019eb2883786f8cb4f24,135.38364280199977,546.0332940000001,0x980b778659bb90ea06d1019eb2883786f8cb4f24
2026-10-01 09:53:58,day,weather,46,0x59388224c37c08cb742d1b00bf6b0632150d7788,132.687064037,2872.2477259999996,ccwwcc
2026-10-01 09:53:58,day,weather,47,0x46e06073b737e4d1b602b5174a3db6c33594e31b,131.9743501650001,1082.016667,monsieurcroque
2026-10-01 09:53:58,day,weather,48,0xf8dc8cd0fd55eccb5409ed99ed90a86bc7f0f31f,129.4083154325001,14252.143740999998,dingdingdangdang
2026-10-01 09:53:58,day,weather,49,0x9e3ed7b661a903fc97afcf49e0f014ebe869f882,126.9827491814998,2183.3430959999996,0x9e3ed7b661a903fc97afcf49e0f014ebe869f882-1783406009396
2026-10-01 09:53:58,day,weather,50,0xc7d02944a76b9f83b199e9090ecc92c82d241f8a,124.70815897800003,0.0,0xc7D02944A76B9F83B199e9090ECC92C82d241F8a-1776944395495
2026-10-01 09:53:58,day,weather,51,0x9a6016b9450fe9843781a103fb4bb5c25315be51,124.31692410599999,496.759766,double7
2026-10-01 09:53:58,day,weather,52,0x86b1d13d442471814d47218b1486cb364cc0c094,122.237865122,713.95,eskk
2026-10-01 09:53:58,day,weather,53,0x18568b976f61b765356f41191dd2f8711779c488,120.69570676150056,2022.4193599999999,weathereport
2026-10-01 09:53:58,day,weather,54,0xc1dbdc828c6a67dd71de4f13a4ef1e7f56f8604e,119.9845863134999,1586.122294,Ljj9713
2026-10-01 09:53:58,day,weather,55,0x3904e686bffade807ac746cd462c6f44724c539b,118.65810185250007,1859.4022160000004,pangloz99
2026-10-01 09:53:58,day,weather,56,0x4247c89f4a9236a6b5fb24502023bcc98ab1455f,118.14189,4973.994000000001,09F911029D74
2026-10-01 09:53:58,day,weather,57,0xba8dd483ab52bf7fd1877ac323a5c2ae7747009d,113.87953223549998,785.0817240000001,42012
2026-10-01 09:53:58,day,weather,58,0x20f93368a727c02005545501a711076a39e59577,113.70175081549996,0.0,0x20F93368A727C02005545501a711076a39e59577-1777524515657
2026-10-01 09:53:58,day,weather,59,0xd9fe6f0f41ca99fefa93c55d8890000e5a84db0d,113.65087408299996,17209.074690999998,ghorrock
2026-10-01 09:53:58,day,weather,60,0x6243d0b16c5030dbddaa5a51d9134337d1c3e014,112.79785126000003,2414.5132270000004,fcwl
2026-10-01 09:53:58,day,weather,61,0x6716e30f6d23bf42f4f965e4a0ceb19f3b346450,112.03135376649999,1469.251933,jinerwa
2026-10-01 09:53:58,day,weather,62,0xde0ac3cff22dc73ae9c8b9c14540bde8d36f004e,109.19489642299976,1309.1215169999998,0xDE0aC3CfF22Dc73AE9C8b9c14540BDe8D36f004E-1768879242500
2026-10-01 09:53:58,day,weather,63,0xa1cce6ea8c929c91ee4b9c78a57b11115d7f6171,108.175418949,429.48610199999996,0xa1cCe6ea8C929C91EE4b9C78A57B11115d7F6171-1779361990935
2026-10-01 09:53:58,day,weather,64,0x813fa110c4e2dfc6737ce185757764c8643e26ec,107.50168404450056,1729.805806,sdssds
2026-10-01 09:53:58,day,weather,65,0x3408a63389b28bc10da28c68c212d7bcc4c943f7,106.5941,651.22,luckyllllllll
2026-10-01 09:53:58,day,weather,66,0x4c9affa3a4f5ba6b9ab3dd272c20e47ea47e0cd4,105.7688209404999,257.39328,pppnn
2026-10-01 09:53:58,day,weather,67,0x27f69473eeaa449c54022a91a3f342238978400b,103.84593000100023,255.124379,0x27f69473eeaa449c54022a91a3f342238978400b
2026-10-01 09:53:58,day,weather,68,0x5de85df04ef560b9717a6ec812ef7e9e462f3edd,102.38244027999997,0.0,pierodi87
2026-10-01 09:53:58,day,weather,69,0x2c1a7a67e6f71bd61a616841f54ae0df8e8d42d8,101.48773879299989,2207.20958,rocky42015
2026-10-01 09:53:58,day,weather,70,0x92e11775eb6ab102db0502b0c6192d83b8266d73,101.3491,326.09999999999997,KnowsAllOfIt
2026-10-01 09:53:58,day,weather,71,0x612094fa2acd67d2a38f02a4bb5559ae1a27f1fe,99.46025036899997,1329.3235109999998,PintouOClima
2026-10-01 09:53:58,day,weather,72,0x7fc6e183e48e2f7658cd825ff4f40e44e9327306,96.47885419600061,0.0,tradingdecs
2026-10-01 09:53:58,day,weather,73,0x108a7782120894a58eb308e61da5c01c242d8159,96.38780632799998,3398.8103490000003,Cuccuc2026
2026-10-01 09:53:58,day,weather,74,0xb89bfe9b9813607adf83489e0dca6ab25c4d1a22,95.51943406250007,2835.937875,fastestclick
2026-10-01 09:53:58,day,weather,75,0xf9a34f1ef3fab969992825ea4c121a2083907a4b,95.14904232,5290.856298999999,bingkuai10
2026-10-01 09:53:58,day,weather,76,0x34c4fadc63a048d748a8809cad47350647e674b2,94.40921852500014,5403.999888000001,yaoying666
2026-10-01 09:53:58,day,weather,77,0x9acd8d2bcabc675ef46e23d9fbb2f328cdb1a3fe,94.13909000000257,1102.23,smi1e
2026-10-01 09:53:58,day,weather,78,0xc7398f28fafade9bec542eb444b0f3788a96e55d,93.12903104399993,5016.976473999999,plm16
2026-10-01 09:53:58,day,weather,79,0x7c592216c70d0384c97d4b06ffe5318254f40c2c,92.05868845500072,3026.164,WizestWizard
2026-10-01 09:53:58,day,weather,80,0xb19a9f623a9df7e45eb4cf3a8304a1760bd97cb7,91.5844906340003,0.0,Transportlag
2026-10-01 09:53:58,day,weather,81,0xe987422a343f76702d8bf8e69c317f7ec21b81b7,91.08734997900001,0.0,0xe987422A343f76702d8bF8E69c317F7Ec21B81b7-1779804683914
2026-10-01 09:53:58,day,weather,82,0xb22ae2678733e6cebc5dc43b68fc70714f932815,90.29700786449916,378.86999999999995,MrBPT
2026-10-01 09:53:58,day,weather,83,0x041c2b28ebbb5dde7c4663b7c73f58ebea888c1f,89.56693243000008,177.45092200000002,pashnin
2026-10-01 09:53:58,day,weather,84,0x88394534c6d050ac528964a2df5928dc5935ddb5,89.26440545000003,1319.7125,ZhouYi-talk
2026-10-01 09:53:58,day,weather,85,0x01ced860d8dca5d7987579d2a2635df8520d27a2,85.51032072749992,170.0,CreamCream1215
2026-10-01 09:53:58,day,weather,86,0xd11c96ea0a79877eef73e18c4bbfb2b74485ff7d,84.88594500000004,30.33,ggily611a
2026-10-01 09:53:58,day,weather,87,0x00fefd8cfd35bd0ccd86083086ffbf39240e52e2,83.85498685100035,439.24483100000003,Tommy-123123
2026-10-01 09:53:58,day,weather,88,0xb00323ee0481a014d790c796f6f42316561297e1,83.5224685444999,0.0,mr.NobodyNowhere
2026-10-01 09:53:58,day,weather,89,0x92e4245b36e042ccf737454e71cc6d342e9080df,83.34577830999993,2429.38138,scrrra
2026-10-01 09:53:58,day,weather,90,0xde6e66428241027be8762c0733ff8f13f6e9da84,82.89157500000005,728.6700000000001,0x8A160
2026-10-01 09:53:58,day,weather,91,0x556bb60768b7f4bea93632abf2b333357d7b4e33,82.0257808450001,2147.3063570000004,weather-alpha.con
2026-10-01 09:53:58,day,weather,92,0x8bdce637780b2d6555b6577433e0320507c3a0ba,81.49632360450005,1644.123161,Benjaminfjp
2026-10-01 09:53:58,day,weather,93,0x82f3458a6a4bec624e692c92d9ed14597f509f82,80.09407423099981,1890.0,Pityok1
2026-10-01 09:53:58,day,weather,94,0x5ecde7348ea5100af4360dd7a6e0a3fb1d420787,78.91625000000033,544.25,0xdc3E831cad
2026-10-01 09:53:58,day,weather,95,0xce0b1054a2adb61a3efe8bcd42acc8d40154b974,77.47467753399917,4350.953109,241532532432
2026-10-01 09:53:58,day,weather,96,0x31afe78ea1d3222a2da50ba8e3e383c8d6945c86,76.83365971699924,605.014562,frogcast
2026-10-01 09:53:58,day,weather,97,0x7bed1b9ed5f24b36fc66fa3bcfb314fdc273bbf5,76.543540912,852.633223,0x7bed1b9ed5f24b36fc66fa3bcfb314fdc273bbf5
2026-10-01 09:53:58,day,weather,98,0x7bf1b4d7131c470b07d156b03135065390e73f67,75.80443568249984,13975.584237000001,mxnxn
2026-10-01 09:53:58,day,weather,99,0xa7d2ec6680f4e5f6ab0da244d8006eec3e20f954,75.53175260449979,460.0,KiruaTrading
2026-10-01 09:53:58,day,weather,100,0x5facdb990ca70daa1daf51f4534b5e5615a4a428,74.800746715,495.64857,shriwaheguruji
2026-10-01 09:53:58,day,economics,1,0xc6587b11a2209e46dfe3928b31c5514a8e33b784,13028.824129719927,0.0,Erasmus.
2026-10-01 09:53:58,day,economics,2,0x7cf93583951552553bc0d243a8582a3410ed2798,5567.564684020035,0.0,MysticFind
2026-10-01 09:53:58,day,economics,3,0x3a8aa345d5db7ec5138298c8c4f4540259be7699,4036.144961461425,0.0,TheReturnOfDarthMaul
2026-10-01 09:53:58,day,economics,4,0xeee1b757ce93e076fdb4c1f4ff183dc302c53e28,3732.250718519994,0.0,Dreamlawn
2026-10-01 09:53:58,day,economics,5,0xe033e9d4a0e8b30c417f3f7abcb029bc695940a5,3095.9991429390093,8065.0,CDAP1
2026-10-01 09:53:58,day,economics,6,0x2e3ea056400d81c42e2ce26ef25fda4ec5caabea,2684.308445910998,1400.04,HDGB
2026-10-01 09:53:58,day,economics,7,0x30e443872ddf63b2908a49f92cd690c304a55102,2471.9594139929995,15857.165717000002,truthteller
2026-10-01 09:53:58,day,economics,8,0x6139c42e48cf190e67a0a85d492413b499336b7a,2394.776921579498,0.0,RememberAmalek
2026-10-01 09:53:58,day,economics,9,0x2e0b70d482e6b389e81dea528be57d825dd48070,1700.9624000000185,0.0,Trump2028
2026-10-01 09:53:58,day,economics,10,0xa309f903dbbd559e87d8d368834b8e41355c4cf2,1491.5252743985038,0.0,ratehikes
2026-10-01 09:53:58,day,economics,11,0x7bb244d0c70293e66dee84f3d0623fbbbf7d682c,1252.5591915315017,0.0,WongKimArk
2026-10-01 09:53:58,day,economics,12,0x82d9e40b217ecad54da43afb12b12fb79fd0eaf8,1192.974434759999,0.0,Useerna
2026-10-01 09:53:58,day,economics,13,0xb1ca909e848cc24ec4e220ce1c453bc290c51705,1046.8431047320046,0.0,InterestingUser
2026-10-01 09:53:58,day,economics,14,0xfea31bc088000ff909be1dfd8d0e3f2c7ef2d227,967.9102000000057,0.0,ndb1
2026-10-01 09:53:58,day,economics,15,0x35bbbad2415fe5e39b12da9a316cdc80b022009b,944.49802752,1498.44,MisTKy
2026-10-01 09:53:58,day,economics,16,0x1a3fb05e94caef23e28905767cd603eb574a6dea,834.9384065600025,0.0,alextalley
2026-10-01 09:53:58,day,economics,17,0x0c0e270cf879583d6a0142fc817e05b768d0434e,756.9663357800018,0.0,The Spirit of Ukraine>UMA
2026-10-01 09:53:58,day,economics,18,0xcaab19659b995951a44cc992447cb2ad5be324dd,617.0683955905042,0.0,QMG-CORE
2026-10-01 09:53:58,day,economics,19,0xd52b8dcb4b812c4056faf41164a6f6c73f4c5c72,576.2757524649969,1800.0,TBill1
2026-10-01 09:53:58,day,economics,20,0x90bf2dbb1ab3b3c1bdd76d73848afcb19b5799eb,554.0815999999998,1572.72,0x90Bf2dbB1ab3b3C1bDd76D73848AFCb19b5799EB-1757018988089
2026-10-01 09:53:58,day,economics,21,0xcf070b9ed273abd6185a4253713ce8e64c0ec770,551.4589144979998,646.71,MaxEnt
2026-10-01 09:53:58,day,economics,22,0xe904443b4084bbda216e344353a44cd4324a2d9f,526.1765600000001,2030.93,shovelingdigging
2026-10-01 09:53:58,day,economics,23,0x032eb1bc893940263ad0b01889f262fc232f2a9e,525.7415000000001,1000.0,purplegatto
2026-10-01 09:53:58,day,economics,24,0xd1eed20edd22a289839379e89e3470ea1742a8ae,500.13283935350034,242.4,chefradish
2026-10-01 09:53:58,day,economics,25,0xcd71fd5370880f3d92bb941e628c05840fe0d127,500.0045737399996,0.0,Kevindoto
2026-10-01 09:53:58,day,economics,26,0xbacd00c9080a82ded56f504ee8810af732b0ab35,465.27397464850037,0.0,ScottyNooo
2026-10-01 09:53:58,day,economics,27,0x0fded0ed829a00c35dcd2d550983e92108ed8ab1,431.601800370001,0.0,Telepath-One
2026-10-01 09:53:58,day,economics,28,0x32d9e8e585a39fdaf7ed7ecc994a6d892c99d638,420.04542288000084,0.0,IsabelaCa
2026-10-01 09:53:58,day,economics,29,0xab19716584931d81cd9e7763402673a64baa4876,414.11838698000224,434.756792,SlenderMan
2026-10-01 09:53:58,day,economics,30,0xaf458bee32b8f1d9ba39ee876f20c7e3ce62ec7d,403.62512403095025,0.0,fed26
2026-10-01 09:53:58,day,economics,31,0x328dc4b82869856f3e1a1eae904e67957641f7a9,393.4098917699994,0.0,apmt
2026-10-01 09:53:58,day,economics,32,0xe1b361d6a6f237b9ed7534d19b232df8369e1426,387.8596866900007,0.0,tja
2026-10-01 09:53:58,day,economics,33,0x401ee31e9ebf9ab9f6315cd95faca5f950436fc9,374.6174011750014,2499.991177,Lolakis
2026-10-01 09:53:58,day,economics,34,0xa0c37cb0587b0dd1542f794bcfa345762bba5b9a,360.30969943999844,0.0,kukubaja
2026-10-01 09:53:58,day,economics,35,0x0637c00391cbba28af30e282377425a69dce8e23,359.68793811999876,0.0,CryptoSlon
2026-10-01 09:53:58,day,economics,36,0x6fd089a1556cdda1ad5efef08f997a03c7c0a85b,352.96937,0.0,gt197
2026-10-01 09:53:58,day,economics,37,0xfaf680c17a9cca24ff0773ae2d9f7db49c02cc47,349.5213999999987,0.0,Seutervoinen
2026-10-01 09:53:58,day,economics,38,0x7c30ee60b7f53f80211ca65df99d48cce53b7673,312.48836263499834,0.0,mazw8
2026-10-01 09:53:58,day,economics,39,0xa53ba9d683f68602ccd767512d5c862a43824021,312.04133012650004,1762.5,Vagabund97
2026-10-01 09:53:58,day,economics,40,0x59506f839022561f48eec644d3460439bc508c48,310.72659562150034,2098.791589,rip
2026-10-01 09:53:58,day,economics,41,0xcbab47f889ffffbb603f600a5feeb0eca0cc9a8a,300.0,0.0,Shady-Tool
2026-10-01 09:53:58,day,economics,42,0x4755072010b0a6963d5140b4c34ba6a544664338,299.82491905499774,0.0,QMG-MACRO
2026-10-01 09:53:58,day,economics,43,0x9531648404719924d349dd4911a55a268fc69099,292.41755192999955,1360.494446,Obey2162
2026-10-01 09:53:58,day,economics,44,0x3f3bfc6d754e416699793901ffb12ddeee9f1d77,280.7198385590091,0.0,eNakeVets
2026-10-01 09:53:58,day,economics,45,0x1ca4fd853a8eea337a93ed969338b55a655bf2d4,274.9997014279995,4999.97,Jiang2025
2026-10-01 09:53:58,day,economics,46,0x849ccb5907938ce8be18ed5dbf583288e2da4009,261.54145269499986,0.0,Ondra
2026-10-01 09:53:58,day,economics,47,0xd5eb2846e5f41e76fd1a607320ae1ec45af0b9d6,260.0009941600001,0.0,Burgil
2026-10-01 09:53:58,day,economics,48,0x62cf46cd4c3af254dccfc37a7f93de265b4b5826,259.9999666700023,0.0,eCash
2026-10-01 09:53:58,day,economics,49,0x9e3ed7b661a903fc97afcf49e0f014ebe869f882,259.38369444100454,8711.216464,0x9e3ed7b661a903fc97afcf49e0f014ebe869f882-1783406009396
2026-10-01 09:53:58,day,economics,50,0xaec38658ae47a6aabe8839f40e6d7da7996222df,247.92753001999972,0.0,randomlypunting
2026-10-01 09:53:58,day,economics,51,0xff7ca9cd180d33119e653e3eb50555a3e2ccb233,241.51726532600014,5158.639999999999,0xff7ca9cd180d33119e653e3eb50555a3e2ccb233
2026-10-01 09:53:58,day,economics,52,0x360d3cbee47573eb5700b550b5399cc230d8ca64,235.1181080899987,0.0,0x360d3cbeE47573EB5700B550b5399cC230D8Ca64-1776701670290
2026-10-01 09:53:58,day,economics,53,0xbbea56528e414e3a494c5bc23d93770cc91ae2b0,234.11319999999978,0.0,WindTakeMeNorth
2026-10-01 09:53:58,day,economics,54,0x7523cafcee7bcf2db9a79d80e0d79b88a9a54c4c,231.97212216000116,0.0,DonaldinhoTrumpito
2026-10-01 09:53:58,day,economics,55,0xb7b8e9681f5c863dfbd3ac7ec66bac69fa0edb31,218.25604986100006,0.0,charlatta
2026-10-01 09:53:58,day,economics,56,0x9d84ce0306f8551e02efef1680475fc0f1dc1344,213.47390817449923,0.0,ImJustKen
2026-10-01 09:53:58,day,economics,57,0xd24b5b9847c6c2cb91c273eb2264bcfa677f2dfe,208.35999999999967,0.0,leoeagle
2026-10-01 09:53:58,day,economics,58,0x879752bca887bc247ba883a52bc45e9c6be6bbbe,206.4377000000004,0.0,singularityman
2026-10-01 09:53:58,day,economics,59,0x2c41d0ca2b4b2344912eead711f28cd4dcff133e,202.41224283999873,0.0,lineth
2026-10-01 09:53:58,day,economics,60,0x2458489f779c836fc773135d81b08ead95ccf8e7,200.0,0.0,neuroplasticompany
2026-10-01 09:53:58,day,economics,61,0xa822183d822583ee1fe5016b50489ca99e1764e6,194.23303729999998,0.0,biedubudongde
2026-10-01 09:53:58,day,economics,62,0xd72654f5ab87e3a636715ad63dc5f8ea1279b5c9,187.813389509,644.97,Hossein-m
2026-10-01 09:53:58,day,economics,63,0x66e7ce01c6831b8a2503d09edd6167152ee68bcd,173.8908849595029,839.0,0x66E7ce01C6831B8A2503D09eDD6167152Ee68BcD-1771870353938
2026-10-01 09:53:58,day,economics,64,0x71ca04d689bc38c5e4dcda8a4d743f279c5a3501,166.66483462999167,33332.967145999995,Ronaldo2100
2026-10-01 09:53:58,day,economics,65,0xd509c5b65d219997c05ec4f788fceb7b40d6fc70,162.93601916400002,0.0,0xd509c5b65d219997c05ec4f788fceb7b40d6fc70
2026-10-01 09:53:58,day,economics,66,0xff06e8c95b984f236a08be2c4b9909be306c2f60,162.2014130399948,0.0,cookedquail
2026-10-01 09:53:58,day,economics,67,0x43372356634781eea88d61bbdd7824cdce958882,159.74597742149933,987.37,Anjun
2026-10-01 09:53:58,day,economics,68,0x24c8cf69a0e0a17eee21f69d29752bfa32e823e1,158.54874153000128,5.433158,debased
2026-10-01 09:53:58,day,economics,69,0x40cfb29411d29f4fa0908f2a121297042cccd21d,154.02879999999925,2805.98,whig
2026-10-01 09:53:58,day,economics,70,0xf0d5eb1cbe7350f1f896ade6c172e6700414c665,149.70238999999967,135.97,yen4u
2026-10-01 09:53:58,day,economics,71,0x2a5ffc44aeb0aa4d1cdf41df7e6be60ed4476c92,148.0025807489992,0.0,0x2a5ffc44aeb0aa4d1cdf41df7e6be60ed4476c92
2026-10-01 09:53:58,day,economics,72,0xc3daa1bb9ce85866fb1a7c3a5d02816798e641fe,141.28832619499735,0.0,aghy
2026-10-01 09:53:58,day,economics,73,0xeb6f0a13ea8c5a7a0514c25495adbe815c1025f0,134.3419877769993,0.0,456ythgbvcadscvb
2026-10-01 09:53:58,day,economics,74,0x51de66b7f3d10eceb99aab57622ca850655e9e4a,129.087844625,0.0,0x51dE66B7f3d10EceB99aaB57622cA850655e9E4A-1779581016815
2026-10-01 09:53:58,day,economics,75,0xc2e5359b204c4296b7e1a07603fe0b657486b3a5,128.75999999999976,0.0,euro-catcher
2026-10-01 09:53:58,day,economics,76,0x014c4e7ae2145992861c2d1b124af633a97f820c,126.88382000000274,0.0,Hyperlong
2026-10-01 09:53:58,day,economics,77,0x96489abcb9f583d6835c8ef95ffc923d05a86825,125.96687755600124,7808.0,anoin123
2026-10-01 09:53:58,day,economics,78,0xa82b0e89cf734e2fa70cbd52ca65c77d64595220,125.50534779749978,500.0,Mecky
2026-10-01 09:53:58,day,economics,79,0x4cc25002e1b5d09c1dab0d26dbe2333648829271,122.24339999999984,0.0,morganfreeman228
2026-10-01 09:53:58,day,economics,80,0x778b3524d05d89789de8035fa7233f33c43b4e2d,120.8012244700003,0.0,scorp0212
2026-10-01 09:53:58,day,economics,81,0xf1629522ce3d5e4cb3d6e61ca0cdb980b47fba35,120.48190473999966,0.0,bottling
2026-10-01 09:53:58,day,economics,82,0xa6d9b55a6a3a54a9d50ca94c64f00af69c50fd2f,120.00009928000009,0.0,kinderSman
2026-10-01 09:53:58,day,economics,83,0x5c29b2ca441c040f0f637d0a852594bb65b8358e,118.19369999999981,0.0,maritime6307
2026-10-01 09:53:58,day,economics,84,0xd34bf815245d5bcea098cb0ea17df360b5c50004,117.91778198499742,0.0,Jest55
2026-10-01 09:53:58,day,economics,85,0xd3ecb2aee0d65622da559ff356b00e8c2e626603,117.20141500000136,0.0,sabsabinxz
2026-10-01 09:53:58,day,economics,86,0x9478e0b0db650ac66ca3a2c9f6ed68ebca4863f5,114.9998849750009,22999.977144999997,50-Pence
2026-10-01 09:53:58,day,economics,87,0x134a63b764ac7b008356e8db1857db94e6b09e42,114.91441000000123,0.0,Bertapotamous
2026-10-01 09:53:58,day,economics,88,0x39d0f1dca6fb7e5514858c1a337724a426764fe8,110.99255281000023,1000.0,kekkone
2026-10-01 09:53:58,day,economics,89,0x5235578efe24555b0c98e7dc10a902b09089c04a,108.84699999799955,1296.0,back-in-whack
2026-10-01 09:53:58,day,economics,90,0x1cc16713196d456f86fa9c7387dd326a7f73b8df,106.40533323999989,2664.6766639999996,Wickier
2026-10-01 09:53:58,day,economics,91,0xc97b0b2a2547bb3ed57167092ef8a6e816c347e5,104.68003112000002,577.514616,Avamax
2026-10-01 09:53:58,day,economics,92,0x30c16e063c3be66d93acf14c06e2741e348f9f91,104.16668334999986,0.0,Ditto321
2026-10-01 09:53:58,day,economics,93,0x08458f7e9d2858027de579e4c3ca305475496b6f,104.12180867400093,0.0,GollumGekko
2026-10-01 09:53:58,day,economics,94,0xd1e1e6dfb3bcb646a1f0f8d44471767286e069a6,104.06529823999998,0.0,Ross1983
2026-10-01 09:53:58,day,economics,95,0x1d379e322ef813587a3e13ad79857c45edc7f4a4,102.31832500000007,0.0,OverlookHotel
2026-10-01 09:53:58,day,economics,96,0x00cb3eedc099e8c59b957beceb55205669e7e987,101.8599999999999,0.0,qfwdsd1
2026-10-01 09:53:58,day,economics,97,0xa58d4f278d7953cd38eeb929f7e242bfc7c0b9b8,100.64142739149958,2049.28,AiBird
2026-10-01 09:53:58,day,economics,98,0x368ba69507fd67972059fa178af5e459b72f2458,100.00007491000088,19999.992857999998,RockyZet
2026-10-01 09:53:58,day,economics,99,0x0f2bcf469f85fe746058f3a0767d24124d0d665a,100.00003139000091,0.0,Sylvester.the.Cat
2026-10-01 09:53:58,day,economics,100,0x508212fa8e10afce25025422161c15c68b8b049d,99.9966484000006,0.0,Rebecca-95
2026-10-01 09:53:58,day,tech,1,0x2110ba2a1e18840109482ff4ddc547baeff45850,9200.356577583516,0.0,George.Smiley
2026-10-01 09:53:58,day,tech,2,0xb10047d6a254b2ebb306d7a7d13bf59171ab6461,4830.011876299501,37266.899999999994,Parz1vaI
2026-10-01 09:53:58,day,tech,3,0xd0314389ee769ee3bb1f68cab3b006355a7046b1,4667.006067823001,0.0,gmeowcl
2026-10-01 09:53:58,day,tech,4,0xc74a96b8a834677cc2ab2dd579e525134d11f01b,4317.768027224996,0.0,Popopolly
2026-10-01 09:53:58,day,tech,5,0x40cfb29411d29f4fa0908f2a121297042cccd21d,2516.8843199999974,52843.33,whig
2026-10-01 09:53:58,day,tech,6,0x876bb030ddd424ef505ae02914024cf18c6a1703,1735.6639287114995,13275.45,rewardbots
2026-10-01 09:53:58,day,tech,7,0xcc792a28d90f3c5d8fe91e48a184913a65031c2a,1160.6067300894983,0.0,enrico-vasaio
2026-10-01 09:53:58,day,tech,8,0x01dac59b5fc0f8adddb47455ab2d4e0ba6bbb456,973.99,0.0,ql8
2026-10-01 09:53:58,day,tech,9,0xa47f0ed4684d9fb463d1e9d540e7db19ae08e18d,949.9990061099979,0.0,Key222
2026-10-01 09:53:58,day,tech,10,0x124a73f09f38910fe1f7638f22a0f223c3723741,929.8031526410009,1215.2,cat6767
2026-10-01 09:53:58,day,tech,11,0x71abe97b83eaba3f06cb04fd4d9a03ee37d2f015,822.8564167670002,0.0,groth
2026-10-01 09:53:58,day,tech,12,0xb1ca909e848cc24ec4e220ce1c453bc290c51705,802.4389386940311,0.0,InterestingUser
2026-10-01 09:53:58,day,tech,13,0xa68b7c78dbedd4185d498685671639db0e7bc4b4,762.5817729209998,5.0,K7fhp9vXm2Rtw4LbN8cGy3Ds6AoE
2026-10-01 09:53:58,day,tech,14,0x11f8a22001686b0e40687c4c37c91e3428a0ed31,753.3797814864993,743.8,dedidanc
2026-10-01 09:53:58,day,tech,15,0x2b670a311561dcaf741d8155451774d3fa7fb814,733.4527756244997,0.0,0x2b670A311561DcAF741D8155451774D3Fa7fb814-1778467735876
2026-10-01 09:53:58,day,tech,16,0x5eb0cd907aa0b7b4df11552e817570e265ea5012,676.1622758520002,0.0,arbandy
2026-10-01 09:53:58,day,tech,17,0x01309d49fd508ba7b2379967bdc7197e5b47274c,638.3249999999998,0.0,Fulgurator
2026-10-01 09:53:58,day,tech,18,0xad96914d7762dac84ebbabafe366ae8ff24dd498,632.5785831149988,0.0,0xAD96914D7762DAC84EbBABAfE366AE8ff24Dd49
2026-10-01 09:53:58,day,tech,19,0xc004b035b67be284e0d1db56c39e865df6cac095,630.5305809655001,0.0,lamyk
2026-10-01 09:53:58,day,tech,20,0x736539924a5602b37a03a54fc12c1cc8f98964da,592.3166218400056,3832.38,Contentious-Dinnerdate
2026-10-01 09:53:58,day,tech,21,0x5ecde7348ea5100af4360dd7a6e0a3fb1d420787,566.9053889199877,2189.44,0xdc3E831cad
2026-10-01 09:53:58,day,tech,22,0xc58ba11733ecdd0c9c77bb9261570656c2fbff58,564.96,0.0,WorkingIsBad
2026-10-01 09:53:58,day,tech,23,0x819dfea4ffa9c4d3ef27f00e2dbac7e9e93507f1,562.9756973349959,11051.195871,JokerTheClown
2026-10-01 09:53:58,day,tech,24,0x4a2be7a7e6e3b41dc2de00706b4c09660ca9af20,561.9967539900001,0.0,troim
2026-10-01 09:53:58,day,tech,25,0x03c8118da338a9dafb2bae9a4e89055203a30e01,559.2547388799999,0.0,outcomes
2026-10-01 09:53:58,day,tech,26,0x7d1bb9f000e5fce13db3a0927b64aa38e69de75c,542.6354613065009,15547.61,bmtr
2026-10-01 09:53:58,day,tech,27,0xf0d5eb1cbe7350f1f896ade6c172e6700414c665,538.3052499999976,10.0,yen4u
2026-10-01 09:53:58,day,tech,28,0x7845161180695b5741fa3d71f203eaaac497417b,507.87116999999944,933.66,Smart-bettor7
2026-10-01 09:53:58,day,tech,29,0xac4a1fabdac2438d6afa2a9e8e83845310a0bf1e,476.7182890969981,1430.994414,HerrieDavis
2026-10-01 09:53:58,day,tech,30,0xa67685fa5213fd8167977bfb7b3f50c06d511c22,450.0001000000002,0.0,0x8712
2026-10-01 09:53:58,day,tech,31,0x460a20d648c4601abfcd0c71ec37eb6dfd26d738,447.88222286899963,383.57175600000005,whispercatalyst
2026-10-01 09:53:58,day,tech,32,0x3594526e2a0aaf467038ee1799d6ded344aedc58,387.15282159649973,1408.684357,Linslav
2026-10-01 09:53:58,day,tech,33,0xb4f2592e67c333e73c923547cfe05e768180e5fa,365.6323236849985,0.0,M2sx92kljs42
2026-10-01 09:53:58,day,tech,34,0x85a85805bcbdf2e629788adac1420b6b53949281,358.19856488999903,0.0,LJa7io23MCv954j
2026-10-01 09:53:58,day,tech,35,0xb52245e13bb87b4f2db64c13a9f761222e323ebb,355.2961259399999,0.0,0xB52245e13Bb87b4f2db64c13A9F761222E323eBb-1772155836970
2026-10-01 09:53:58,day,tech,36,0x241ff966f22080fbee3928e194763e575847e15a,351.92950569899995,0.0,0x241F...e15a
2026-10-01 09:53:58,day,tech,37,0x6718edeb32676842cd608e4b9a254b512854e623,344.5520199390003,0.0,vtx
2026-10-01 09:53:58,day,tech,38,0xbc3e0e480f7f75b76b96bdc46ece11ab6f3f6693,341.7312958689995,13201.825759,0xbc3e0e480f7f75b76b96bdc46ece11ab6f3f6693
2026-10-01 09:53:58,day,tech,39,0xb51b3beffd13cde071ed799e70a7b0b598e8b4d9,328.66615509999815,160.59,cambridgeisaac
2026-10-01 09:53:58,day,tech,40,0xb94c9e108b961b632fa617fca3731801b4834c0c,315.70569651000005,0.0,dublyash2
2026-10-01 09:53:58,day,tech,41,0xc42d02afe568a863c7aa3117b90bbd2d5365ca94,301.5013000000004,327.0,0xC42d02AFE568A863C7aa3117b90bbd2D5365Ca94-1782962565138
2026-10-01 09:53:58,day,tech,42,0xc6f81bf3fa13529b978ca0b9b1ad7faf265d8efb,276.9994016800001,0.0,0xc6f81bf3fa13529b978ca0b9b1ad7faf265d8efb
2026-10-01 09:53:58,day,tech,43,0xeed7c2e6c4e998fd50098b66144ee8dff01d16b2,272.5470429395001,498.76,grinder1011
2026-10-01 09:53:58,day,tech,44,0x22e645acff2bbb2cd7a74462f8779eb6f53d409f,270.52134999999953,0.0,Erka-RoadTo1M
2026-10-01 09:53:58,day,tech,45,0x4f71f873348b7acd0a883f717270f4ac4dc91721,265.2422923129998,0.0,0x4F71f873348B7acd0A883f717270F4AC4dC91721-1778715175566
2026-10-01 09:53:58,day,tech,46,0x30c16e063c3be66d93acf14c06e2741e348f9f91,256.4101126800001,0.0,Ditto321
2026-10-01 09:53:58,day,tech,47,0xc0eea70081e176f3548b409742d6e361c0fdec14,248.45039999999972,0.0,fafafaffafafafafafafafafafafafafafafafafa
2026-10-01 09:53:58,day,tech,48,0x35bbbad2415fe5e39b12da9a316cdc80b022009b,244.83901467000032,81792.478234,MisTKy
2026-10-01 09:53:58,day,tech,49,0x76dbc01caffa54d0010368ff8d3226d8017f6987,239.83056645899933,2837.380126,gambler925
2026-10-01 09:53:58,day,tech,50,0xccf38a9b206907a00dbfddebeab19aab1e048f27,230.73440285950005,0.0,okc35
2026-10-01 09:53:58,day,tech,51,0x714f682e577a6892ee921290fd6ad213d11266d5,230.31920544900004,0.0,Poivre
2026-10-01 09:53:58,day,tech,52,0x6d9fc316c3b8377060a44b852ba664adbfd59790,209.5507025600009,3977.34,MEPP
2026-10-01 09:53:58,day,tech,53,0xe38ee6bef3ea40daac3e3adc2fca23ba456850c8,200.86608511600025,5359.980954000001,CryptoBizzi3
2026-10-01 09:53:58,day,tech,54,0x27b999e442de6aea7f972069edb58ff09cd690d0,196.44590667499992,0.0,pizdi.bolyu
2026-10-01 09:53:58,day,tech,55,0xe639e41094bbeae18f3e6d1790c17299183f082a,184.2529333949933,0.0,0xe639e41094bbeae18g3e6d1790c17299183f082a
2026-10-01 09:53:58,day,tech,56,0x8de0771af4eb2785fe64eab139399abd30bd7f22,183.6417889999999,0.0,101456
2026-10-01 09:53:58,day,tech,57,0xe7fe17248aab26ed24935921fb81bf0a452624e5,181.50003551799978,0.0,Banditoes
2026-10-01 09:53:58,day,tech,58,0x88419a2d3cf90ccfbbfffac0aa48abdffba8c2d3,176.99541152999893,0.0,pragmat1sm
2026-10-01 09:53:58,day,tech,59,0x613a05a00583dadf17a564428f65919f5d412185,175.84500000000006,0.0,sobaka.yebaka
2026-10-01 09:53:58,day,tech,60,0xd0394bd0de8d901c3fde039a86bf08e6aa4a2532,174.3244790000008,0.0,pantomime
2026-10-01 09:53:58,day,tech,61,0xb89f5425341719d298dc2f5b9a92374f5fde1c44,170.39814309700114,1999.995759,iutwpfal
2026-10-01 09:53:58,day,tech,62,0xa58d4f278d7953cd38eeb929f7e242bfc7c0b9b8,159.24925616298424,8357.865363,AiBird
2026-10-01 09:53:58,day,tech,63,0x325fe0ebff00b61cf658bb580b698f84986f8e0e,153.01525000000015,0.0,xingaze
2026-10-01 09:53:58,day,tech,64,0xe30898ebedefd06a8acd3ea2bfdd7a00bd67309c,152.73609051250014,0.0,crop?
2026-10-01 09:53:58,day,tech,65,0x43b9fb91a92b1f9c5aa6ea779f418b4e768d5db9,149.63163254999998,0.0,UntitledUser1
2026-10-01 09:53:58,day,tech,66,0x4fbcf25691aa07b1a6fbb922e3fe81f932230e57,144.40696556000006,558.86,wwon
2026-10-01 09:53:58,day,tech,67,0x8fe730b55cf3468c01a884cfcde79c2dfb4d6c1f,139.19046499999993,32.0,Hugin-og-Munin
2026-10-01 09:53:58,day,tech,68,0xa66790e2b0075e73c3781ddaf1d0b875a3aaceb3,137.63330964800025,1564.4642859999997,Elias.Thornwell
2026-10-01 09:53:58,day,tech,69,0xb0a759e7a7d868d5a30eca7c9ddbbc4916bbb4fd,134.293666069,0.0,randombyte
2026-10-01 09:53:58,day,tech,70,0x5188fa0e8a77e87bc6a58e6781fdfc4e165cc804,134.12361508249938,880.402942,AllByMyseIf
2026-10-01 09:53:58,day,tech,71,0xcc470850eaefadb0e3c1ea6799fcfd0e8d8363f7,131.20595000000003,3779.67,better.than.you
2026-10-01 09:53:58,day,tech,72,0x6d38b748fa7e7b0ef783a177a13a6ca181de382c,130.99256660000015,0.0,EvanCross
2026-10-01 09:53:58,day,tech,73,0x8df92602ec9c454e8099d9dc4a3f0d21daa0468c,129.0698651499988,50.0,0x8Df92602EC9c454E8099D9dc4A3F0d21DaA0468C-1766855317883
2026-10-01 09:53:58,day,tech,74,0xe25b9180f5687aa85bd94ee309bb72a464320f1b,122.02884859000187,200.0,WordleAddict
2026-10-01 09:53:58,day,tech,75,0x4ffe49ba2a4cae123536a8af4fda48faeb609f71,121.46182260399996,4595.638629000001,planktonXD
2026-10-01 09:53:58,day,tech,76,0x4cb5ec560735efca23f76f2dd152b74bc6a9b536,120.29380864999985,0.0,TheEmprah
2026-10-01 09:53:58,day,tech,77,0xae91ec7354e12acb90922e9b7abdf6fc471f0f69,114.76496884699961,548.6739739999999,parameter1
2026-10-01 09:53:58,day,tech,78,0xf5e814660a5a5ac071390a36122e7bc7c1309fbd,108.63233722800001,5198.195571000001,fiter
2026-10-01 09:53:58,day,tech,79,0x5f211a24da4c005d9438a1ea269673b85ed0b376,107.74638121299938,200.0,dpnd
2026-10-01 09:53:58,day,tech,80,0x300c5e1ec9e4d6e8bd9617f0a44508170c5b6a92,107.29769674499977,2971.8839270000003,BAO95889
2026-10-01 09:53:58,day,tech,81,0x2355b1743cf6d90e2bafe13b881b06b1288a05d1,105.20248612000012,0.0,doeyej2
2026-10-01 09:53:58,day,tech,82,0x69788e136500902559a2fb21883ab9baacbd08d8,103.34250641049948,0.0,TruongMyLan
2026-10-01 09:53:58,day,tech,83,0xb16dc3169b090c54d1f73321919a03485ad6f064,102.68498000000045,0.0,endoption
2026-10-01 09:53:58,day,tech,84,0x032eb1bc893940263ad0b01889f262fc232f2a9e,101.02549999999911,25.0,purplegatto
2026-10-01 09:53:58,day,tech,85,0xf6cb2a23bf952e0171ec79bdd1d406683f448497,97.49961561499994,199.994381,Cooper1
2026-10-01 09:53:58,day,tech,86,0xab738788610c26d67d5d2be6c6a37cfd4f23a3e1,94.6712799999998,0.0,weird-fishes
2026-10-01 09:53:58,day,tech,87,0x0b644e443a404159a7b5ca4650cf2444b13549bd,93.04178961350044,0.0,Gdub
2026-10-01 09:53:58,day,tech,88,0xf294919e16868d927b0247891543b9187d6e7967,90.32045251249997,100.0,doil
2026-10-01 09:53:58,day,tech,89,0xba339f42bced06018bb721f7555bd3800cc7def2,89.99855012,0.0,wong22
2026-10-01 09:53:58,day,tech,90,0x261fa50d06c17add1f93848dc16d710803991709,89.67961586599995,0.0,FutureExitLiq
2026-10-01 09:53:58,day,tech,91,0xb8ad2849635c9ce413f1fdd2e7b364bbfafeff58,89.2006883594982,50.0,Rr55
2026-10-01 09:53:58,day,tech,92,0xc9727ed498a58a9e8e8758d51c5a4eb0b752dcd9,88.14331637049963,0.0,catalanpaths
2026-10-01 09:53:58,day,tech,93,0x50b0de750ec7f757250d483ebb86e1e9e61e1640,87.82334454099964,0.0,mathrex
2026-10-01 09:53:58,day,tech,94,0xa750f5b7dafe7ffc9107ecf345b792a1c6c30d0f,87.34295999999995,0.0,asakku
2026-10-01 09:53:58,day,tech,95,0x09e27c2cbcd98c7e821ef66b309506701dcf29de,85.25996420000001,0.0,ronaldk
2026-10-01 09:53:58,day,tech,96,0xe562cfbf7b3292e0deb29a5b8fd3c38af4794fa9,85.01273509400016,0.0,Hyp3rion
2026-10-01 09:53:58,day,tech,97,0xb01d3b0014475e067fcca8d14c7db3c316883634,83.76681000000002,0.0,gramzal
2026-10-01 09:53:58,day,tech,98,0x72a22d4d155079da8f50c89d4c6c03b6428e7b65,83.25158886950032,0.0,wish-
2026-10-01 09:53:58,day,tech,99,0x977ad3a1eba7701c4ec4287bf6adff178c292907,82.93499999999995,0.0,0x977Ad3a1EBA7701c4Ec4287BF6AdfF178c292907-1786239596421
2026-10-01 09:53:58,day,tech,100,0x12f47e2a4802445a579e25505562675a2da52e5e,81.71279999999996,0.0,0x12f47e2a4802445A579e25505562675A2da52e5e-1750605556602
