timestamp,timeframe,category,rank,address,pnl,volume,userName
2026-09-28 09:31:19,day,overall,1,0xbc43c8bfbc4d77c2fc9011adad38ba43b88996d3,1297024.7161265158,624305.5808619999,0xBc43c8bfBC4d77c2FC9011adaD38Ba43b88996d3-1765231687816
2026-09-28 09:31:19,day,overall,2,0x5268527977f700f9bf9b6d5cd843859e4e70135d,1283944.4364827261,1352859.038919,HomeRunHazard
2026-09-28 09:31:19,day,overall,3,0x224a89dbe0db0d6124b335edabd15b3f877da3d5,1254046.512363641,2807467.2996370005,wr0ngw4yb3tt0r
2026-09-28 09:31:19,day,overall,4,0xf0318c32136c2db7fec88b84869aee6a1106c80c,1232420.087474544,160564.41308300002,BreakTheBank
2026-09-28 09:31:19,day,overall,5,0x6211f97a76ed5c4b1d658f637041ac5f293db89e,1081215.23,0.0,Tiger200
2026-09-28 09:31:19,day,overall,6,0x2005d16a84ceefa912d4e380cd32e7ff827875ea,899392.816045826,1607796.496868001,RN1
2026-09-28 09:31:19,day,overall,7,0xa90429bc88a1d22eb40e4aac9aaf0bcefd29d20c,782847.3363,35423.560000000005,liquiditycrisis
2026-09-28 09:31:19,day,overall,8,0x67542c3219b37fd1610aad290676ff91cdbfe3bc,767616.4259811201,174269.023832,gmpm2
2026-09-28 09:31:19,day,overall,9,0xfe787d2da716d60e8acff57fb87eb13cd4d10319,553647.7919422733,3187591.407069001,ferrariChampions2026
2026-09-28 09:31:19,day,overall,10,0x83720820a8aa6c3f20ad71850e7a1a17d16c5223,440167.5861136225,0.0,Jsram
2026-09-28 09:31:19,day,overall,11,0x6ac5bb06a9eb05641fd5e82640268b92f3ab4b6e,364349.74939841,28250.531739,FORTNITEMASTER888
2026-09-28 09:31:19,day,overall,12,0x2c335066fe58fe9237c3d3dc7b275c2a034a0563,313163.40431778895,1581382.606484,0x2c335066FE58fe9237c3d3Dc7b275C2a034a0563-1759935795465
2026-09-28 09:31:19,day,overall,13,0xb7271c112cbd83eb4c1ef1b554ff963604ae2a9d,308496.66,0.0,Elaran1993
2026-09-28 09:31:19,day,overall,14,0xd38b71f3e8ed1af71983e5c309eac3dfa9b35029,298948.6333200001,359018.5366720001,primm
2026-09-28 09:31:19,day,overall,15,0xc8075693f48668a264b9fa313b47f52712fcc12b,289773.257394,0.0,texaskid
2026-09-28 09:31:19,day,overall,16,0xd106952ebf30a3125affd8a23b6c1f30c35fc79c,246763.11904805998,0.0,Herdonia
2026-09-28 09:31:19,day,overall,17,0x84cfffc3f16dcc353094de30d4a45226eccd2f63,240200.94769680058,660928.3438929999,mooseborzoi
2026-09-28 09:31:19,day,overall,18,0xa38a455bbdd4b68486548b7e19da99903f4f821d,231549.08458600004,358444.993639,takeormake
2026-09-28 09:31:19,day,overall,19,0x821dab0565ebf5b327f51db06223fdcfe01acf16,219440.65413850467,535588.7031979995,Flaznorp
2026-09-28 09:31:19,day,overall,20,0xb4f978be63cdf75554b0b46a4262a6db597cc9a7,213775.94905099997,231440.213749,0xb4F978BE63cDF75554b0B46a4262a6dB597cc9A7-1779258330186
2026-09-28 09:31:19,day,overall,21,0xf68a281980f8c13828e84e147e3822381d6e5b1b,201563.1818125025,262621.132077,Nooserac
2026-09-28 09:31:19,day,overall,22,0x27f738fe203827445690339104aae35b20bc44b0,191423.681348,141136.0,ic4cream
2026-09-28 09:31:19,day,overall,23,0x9052a5f2324b8efa264a2a37e942770284143c2d,165262.866437,109780.0,YEEES-but-why
2026-09-28 09:31:19,day,overall,24,0xdc41c39b95453c943174f369926018f6963bdd7e,150069.96952167046,516134.65181899996,nigiri99
2026-09-28 09:31:19,day,overall,25,0x1d1ade627d0bb0205758580b20d808573e720df6,149292.945837,0.0,Pwaddler
2026-09-28 09:31:19,day,overall,26,0xbca08c1bc204a34f2fddbe47b438b9bd42ac9705,144452.41706600002,161576.273628,justaluckydude
2026-09-28 09:31:19,day,overall,27,0x84dbb7103982e3617704a2ed7d5b39691952aeeb,133307.76011200002,90672.23,Soarin22
2026-09-28 09:31:19,day,overall,28,0x68df8708aadb901618f11abf2471805a66a24815,126107.7867009,34757.619999999995,TKD44
2026-09-28 09:31:19,day,overall,29,0x365f951dc281322d83f6fcda884c7f66a938706a,124464.21959346195,342572.10601299995,efntrick
2026-09-28 09:31:19,day,overall,30,0xa080dadd87036ad01dbf5e9c254b0c3dbdba234f,113581.68448099999,0.0,bands1
2026-09-28 09:31:19,day,overall,31,0x0346afae2603313d2bbee96b628536c8cbe352a5,112696.72522698817,304961.04073400015,GoalLineGhost
2026-09-28 09:31:19,day,overall,32,0x20b80ebb96e2051540e1d475e4ce122fc282aa04,103661.457378,0.0,tes21sa
2026-09-28 09:31:19,day,overall,33,0x9703676286b93c2eca71ca96e8757104519a69c2,103440.48579610103,86838.68088599999,AnonymousUsername
2026-09-28 09:31:19,day,overall,34,0x8a8685a792c184e5c2ee8c7d4d4baba7c2c94998,102905.769231,0.0,BrotherObama
2026-09-28 09:31:19,day,overall,35,0x2eaa693ca8a7bf512f98958db6379855d0a17d1a,100439.917455,7467.83,zvon3
2026-09-28 09:31:19,day,overall,36,0xcd84d7f9262516865553555751609fb6f52abec6,100044.419163975,0.0,Donkey14
2026-09-28 09:31:19,day,overall,37,0x01e6e3c5cfe50943e7721398054cb1e22032e7e0,99216.52699937556,40667.95,JustADonk
2026-09-28 09:31:19,day,overall,38,0xafd492974cd531aae7786210438ae46b42047e61,97261.22971300002,22559.120000000003,RevengeRange
2026-09-28 09:31:19,day,overall,39,0x2a69660046d7acc4ab204d7cc5ba78b0776cd2f7,94959.24836767529,1219492.558681,UpTheBlues
2026-09-28 09:31:19,day,overall,40,0xfea31bc088000ff909be1dfd8d0e3f2c7ef2d227,94779.95180784387,93551.49914599999,ndb1
2026-09-28 09:31:19,day,overall,41,0x3dfb153c197d4c19d3b31c1ecd2c7b6860eeabaf,90338.21498358404,704963.6302209999,0x3DFb153c197D4C19D3B31c1ecD2c7B6860eeabAf-1722957908185
2026-09-28 09:31:19,day,overall,42,0xcf7379b4b891c06d88807f6f70efa75378120215,85598.40403995953,98055.003885,NM-P
2026-09-28 09:31:19,day,overall,43,0x6d3c5bd13984b2de47c3a88ddc455309aab3d294,84974.85288654493,467532.80208499974,VeryLucky888
2026-09-28 09:31:19,day,overall,44,0xe015b5a2a299167be835a2fd1e86f09c49e06ffd,83256.05921625196,193965.79438600002,TAIWANNUMBERONE
2026-09-28 09:31:19,day,overall,45,0x2d6ac4f70307102ac46e9e6ded67f3838ddf8add,82616.35879612801,102186.09099499999,GC-P
2026-09-28 09:31:19,day,overall,46,0x9f15613ebf1f36d4bc679e1211d1fc567cf9bdb3,81026.27735744901,88027.70627,0x9f15613ebf1f36d4bc679e1211d1fc567cf9bdb3
2026-09-28 09:31:19,day,overall,47,0x26b46988d027c6c03cfa12a7c0c6d778be49b8a9,78420.74927100001,179300.94324400002,kkookkoo
2026-09-28 09:31:19,day,overall,48,0xb8ef617fd5d960e61e56c50d2971697300b32864,76738.89511796049,329390.59760499996,no1dodgersfan
2026-09-28 09:31:19,day,overall,49,0xba8c5fbcc5f58b0e4ae0c1413e0413f8c803e77d,75733.11915700004,141352.37020600002,Rock.San
2026-09-28 09:31:19,day,overall,50,0x4638702f203aaabc57fe2b9676c5cd9a2a686b0a,74918.08517999997,12837.07,ezMerge
2026-09-28 09:31:19,day,overall,51,0x67ac9e1ad7d7e74ef0215d14fc8edb538e4fedf1,73507.65780794353,353089.92225400003,3648393489047
2026-09-28 09:31:19,day,overall,52,0x9ee8bbc36d378af72e5f6b8e2ea2eb67c05a89de,71978.0143,0.0,gambamaster
2026-09-28 09:31:19,day,overall,53,0x32b484581fc5606de9c1e43af4636b6be9bc8b21,70813.95544380651,423605.1208490002,0x32b484581fc5606dE9C1e43AF4636b6Be9BC8B21-1774274303653
2026-09-28 09:31:19,day,overall,54,0x7a75a4183e577123db9ff0adff520561ef95d288,69998.996667,0.0,177-letsgo
2026-09-28 09:31:19,day,overall,55,0xd6966eb1ae7b52320ba7ab1016680198c9e08a49,69299.6965,74838.7,Painfulvoid
2026-09-28 09:31:19,day,overall,56,0xddc38b82423310f5bbf2e2dc58745661a624029c,66137.03968991399,10402.021933,JohnLKellyJr
2026-09-28 09:31:19,day,overall,57,0xf8fdc4067784d70f7828149d009a519b6bd5876f,64991.15,0.0,analdesutructor
2026-09-28 09:31:19,day,overall,58,0x684baa57c338c2549aec0aa3f034f695d72a8409,64264.74002000001,39999.96851400001,monkeymashingkeyboard
2026-09-28 09:31:19,day,overall,59,0x5b6331e7ff0831a3fe2ed12004747db1a9c911a4,62900.933248025955,67718.76635,neutralwave23
2026-09-28 09:31:19,day,overall,60,0xda856317923415a534d8952e6f8abde17c2e1ca7,60294.79021085299,99248.15999,Yellow-Fever
2026-09-28 09:31:19,day,overall,61,0x224f7ef690d952cf551a471846d5afb4892e514a,60195.16939364001,54945.963446,WeBuyHighWeSelllow
2026-09-28 09:31:19,day,overall,62,0x054964a95e2cb3fc2105a62a1edf3da44979c052,60000.0,120000.0,COMEONDUDE
2026-09-28 09:31:19,day,overall,63,0x20d6436849f930584892730c7f96ebb2ac763856,57650.998972224996,65181.080785,0x20D6436849F930584892730C7F96eBB2Ac763856-1768642056357
2026-09-28 09:31:19,day,overall,64,0x6249b96161ed1a787d83fdcf2b40172c074fabdd,54456.224620837,141212.06142,baisjex
2026-09-28 09:31:19,day,overall,65,0x927cf2bb94d15707993f954552e56c74eb6d6633,52098.413549000004,0.0,jarosbill
2026-09-28 09:31:19,day,overall,66,0x418d51e13d019913bb027db22ecc723fe1ad88a3,46035.68,24000.0,0x418D51e13d019913BB027DB22ECc723fe1AD88A3-1720918577961
2026-09-28 09:31:19,day,overall,67,0xcf6c5492124794394dd9eac46498a8babbe47e66,45363.36909078,0.0,one8tyfive
2026-09-28 09:31:19,day,overall,68,0xc69bd5567b40ef4d11922eaa57e1f9be1c642076,44786.314349990804,251915.960377,vtcchampion52
2026-09-28 09:31:19,day,overall,69,0xae7ffba3fd102de1a4f795853ad3de06ad666f49,43347.988948,0.0,EV-Andars
2026-09-28 09:31:19,day,overall,70,0xd1ed12197b7dc22dede923727e9b714024dbd7cb,41746.1799575694,90742.856948,curie
2026-09-28 09:31:19,day,overall,71,0xd8860bbbdf24d02b74d875b2d987986f62b96f88,41497.92,82995.84,btystu
2026-09-28 09:31:19,day,overall,72,0x2b46bb71681777202368d095196f266944a1684d,39830.493796,0.0,betdge
2026-09-28 09:31:19,day,overall,73,0x676c1bb692c76b57b06f1b93817515acfa5ce139,39749.99975474,69999.95140399999,gvrgb326552g65
2026-09-28 09:31:19,day,overall,74,0x1e7792acc779a6af8304bd7991ff31d16d468c33,38961.492156,10006.941177,THEdirkdiggler
2026-09-28 09:31:19,day,overall,75,0xdb83e85ffd22faa4009273034770f96ffc5b1e50,36588.35818748499,25833.53542300001,sentrio
2026-09-28 09:31:19,day,overall,76,0xc506cc1d5efd0c85bcb94f9ecaf1b541921ce987,36500.978823243495,581279.0142709999,Berniepaidoff
2026-09-28 09:31:19,day,overall,77,0x7e5e420a5cde8a322f3b5b93a12a164827f47315,36308.870850872,9038.386527999999,StasPanda
2026-09-28 09:31:19,day,overall,78,0x103721386ec40df5ab93df0bd0964e8fe70b5b09,35071.494872646006,697.494106,equalsignificance
2026-09-28 09:31:19,day,overall,79,0x228b8d11eba89bf1c554f8879a9293b7106daf4c,34043.90113376998,235859.889933,0x228B8d11EBa89BF1c554f8879a9293B7106DaF4c-1765442354872
2026-09-28 09:31:19,day,overall,80,0xf201a19b43471261a3c1ba9247335d55270e527e,33902.335068,0.0,0xF201A19b43471261A3c1Ba9247335d55270e527e-1763824114616
2026-09-28 09:31:19,day,overall,81,0x31c518f864d1394361fec967b3daa9093a86ede4,32179.788991885987,0.0,BTCGambler247
2026-09-28 09:31:19,day,overall,82,0xf93f33cc7d962e9286ca08c285fb4c7508b8f94b,31703.885095788006,46363.985543,neymar1
2026-09-28 09:31:19,day,overall,83,0xd3a0b4e941b557d33a8efd5a51c581e7c79cf136,30090.0,0.0,0xd3A0b4E941B557D33A8EFd5a51c581e7c79cF136-1787996319116
2026-09-28 09:31:19,day,overall,84,0x0dc607c5b65025dcb443c10fdcbaed4256bb9889,29999.833176,0.0,christianox
2026-09-28 09:31:19,day,overall,85,0x7d9d476786b0c811d89fdeca2f9ee0e9fd3b3c52,29549.0,0.0,mirotvorets
2026-09-28 09:31:19,day,overall,86,0xc5d8d3722f46f43d58d144c2e2772a9c30b2a00b,28332.001924,0.0,IdentityV
2026-09-28 09:31:19,day,overall,87,0x15a681d447124c90dbd85be526af18ca1611bf5d,28148.173199,48322.543338,SharkbettingCom
2026-09-28 09:31:19,day,overall,88,0x59229282121256ed2d629ce5adf0e04cc7fb3388,27805.71,0.0,LuckyWin
2026-09-28 09:31:19,day,overall,89,0x45721362269008ac5988bec2e5c22ca463af5e86,27749.991419765,0.0,maksimsoldout
2026-09-28 09:31:19,day,overall,90,0x71200ff742dde7f1ada753d2e9b0a8b50c717c4e,27141.703427000004,6457.577639,BIAVN
2026-09-28 09:31:19,day,overall,91,0xb595d09ce5bbc4d39e3b3d04e80c402d2c8d5922,26950.340052,19513.400364,0xB595d09Ce5bBc4d39E3b3D04E80C402d2C8D5922-1769777706105
2026-09-28 09:31:19,day,overall,92,0xadfb6cba33cebca02eab6111ace1e3924b9cc2ef,26772.56029307058,51344.32338400002,KnightDasCapital
2026-09-28 09:31:19,day,overall,93,0x21f333307ac6d2e65ac82f014b3dd2b64cbc35e3,25815.826960190003,3164.358889,hi774c
2026-09-28 09:31:19,day,overall,94,0xf9fe29004c5a905c7b78bbb930ac57feea67366b,25776.9934,32999.99,CanadianGoose
2026-09-28 09:31:19,day,overall,95,0x5c720d41fe89ca907116f5629b5b1fda4a3d7e7e,25350.0,0.0,pravica
2026-09-28 09:31:19,day,overall,96,0x918b42a06ff25eaaa4a79eca9da6a9de46f4ea63,24830.082223,0.0,OhWhenTheReds
2026-09-28 09:31:19,day,overall,97,0x7c1b3a6db8a1d57de8ee5d7bca620dc0623185c8,24668.241538000002,66707.540768,cm2897
2026-09-28 09:31:19,day,overall,98,0x4f1d5ae26fc31472966e951af3183308736d8de2,24179.16162745059,19025.81351499998,e46m3
2026-09-28 09:31:19,day,overall,99,0x9cb990f1862568a63d8601efeebe0304225c32f2,23750.003382,73999.99361800001,jtwyslljy
2026-09-28 09:31:19,day,overall,100,0x5f38747053bb642bb3ad456c5766ad9e6fb9eb70,23500.0,0.0,vilkaZ
2026-09-28 09:31:19,day,politics,1,0xc52c66b83bece173ecd56d6c3e595c516698ac6e,10532.159895866998,0.0,0xc52C66B83bEce173ECd56d6C3e595C516698Ac6E-1789391735322
2026-09-28 09:31:19,day,politics,2,0x086934317f099d0279493b3f73a954ee896114f1,8722.748836460989,0.0,MiuMiuYan
2026-09-28 09:31:19,day,politics,3,0xdd153625e111a496d372dfb7d7a69d4330324a07,8404.626255142997,0.0,madmartigan5
2026-09-28 09:31:19,day,politics,4,0xdade0c83c7820af23889146b468915ae39cb3639,7771.297327497501,38383.18,justtryingtosurvive
2026-09-28 09:31:19,day,politics,5,0xa5fbe5aab14ef560777c20158a02bd3885c15598,6798.625137526498,0.0,JGripen
2026-09-28 09:31:19,day,politics,6,0xc4c8983df5c71c6e7329e1a78ccbdde7ca10cabb,6426.499010370004,17400.023334,CARBEACH
2026-09-28 09:31:19,day,politics,7,0xdf17f4a8dd01a4cfa6fc3da323a2baee5f8697d1,6124.90673524046,7536.826286,gkeqd
2026-09-28 09:31:19,day,politics,8,0xc2099da50414940eb127d88db78b223b01d63de3,5287.309346874,10000.0,DARLAMARLA
2026-09-28 09:31:19,day,politics,9,0x27b0dceebc77ebc59573b818144743b9f1a2209b,5208.06211372698,32.494737,yuahldj
2026-09-28 09:31:19,day,politics,10,0x784feec38475dc47e63c3a16cbd24b905dab5df9,4846.330802778997,0.0,diadjaid
2026-09-28 09:31:19,day,politics,11,0xeb22f4735df6bd5d14e1b5fd10faefa7757d808a,4728.213882033997,15161.083332,BigRabbit
2026-09-28 09:31:19,day,politics,12,0x5ecde7348ea5100af4360dd7a6e0a3fb1d420787,3881.207042868007,2666.8199999999997,0xdc3E831cad
2026-09-28 09:31:19,day,politics,13,0x780f249bb117d07c981d1c0e5690eb4fbe698955,3616.138419160008,0.0,vsdiz1337
2026-09-28 09:31:19,day,politics,14,0xbdc2c09f55eb0e9ff20d64c20ed9c49bbc240a7d,3189.992712336,0.0,Arvid2
2026-09-28 09:31:19,day,politics,15,0xe52c0a1327a12edc7bd54ea6f37ce00a4ca96924,2881.858029010007,0.0,aff3
2026-09-28 09:31:19,day,politics,16,0xbaa2bcb5439e985ce4ccf815b4700027d1b92c73,2602.8703589821234,0.0,denizz
2026-09-28 09:31:19,day,politics,17,0x53e55bc7cb3d67ad177c023ce891ad076a9d6177,2463.897558641009,0.0,Arbguy
2026-09-28 09:31:19,day,politics,18,0xfffadf38a520cd5a0035ff52d7fceb436a08864b,2409.295015754944,345.37383,GoriIIa
2026-09-28 09:31:19,day,politics,19,0xc550e5ee1011afb6d37c7fbb18fea32e03f9272d,1897.9371119945135,0.0,alwaysOn
2026-09-28 09:31:19,day,politics,20,0xa10be2f2db5b5f95ddaad436b6c5103343dfe128,1871.1900000000005,0.0,sodas
2026-09-28 09:31:19,day,politics,21,0xc89f0e5c198652341ba50f81dc889e0c1fe5695b,1755.9221441429981,0.0,Emeffeff
2026-09-28 09:31:19,day,politics,22,0xf0df89d9f60612e56f005a28d47210e1cb2369c5,1695.3251233339981,11481.508379,0xf0df89D9F60612e56F005a28d47210e1CB2369C5-1767791574843
2026-09-28 09:31:19,day,politics,23,0xbca82ff9891c5358b33d565c4f4739e4d812b680,1631.4276913920003,0.0,0xbCa82fF9891c5358b33D565C4F4739e4d812b680-1779481574004
2026-09-28 09:31:19,day,politics,24,0xfa234f65571df38c9bd7949ce7ea19c87eba1367,1561.533820275,0.0,ELHammer
2026-09-28 09:31:19,day,politics,25,0x267b683acb587e3b3ec2fbbcf914975a666f5941,1559.2200000000012,0.0,feichuan
2026-09-28 09:31:19,day,politics,26,0x843e32a367156a1e1e0193a36a04e41ae1b4d2f3,1556.4203153729904,0.0,Bursted
2026-09-28 09:31:19,day,politics,27,0xa43979a1728937e27c918ccc504cf843d05f9d9e,1447.9635799999996,0.0,jojo-degen
2026-09-28 09:31:19,day,politics,28,0x98d04f9eb52d08ef9697f6eb8d7cfe8d46e5f14a,1413.1468322795072,17368.968880000004,mrworldwide
2026-09-28 09:31:19,day,politics,29,0x1cfc260bfa2b5ae89377863180ca3b4f5c862111,1387.8268650799803,4352.446105999999,lissartter
2026-09-28 09:31:19,day,politics,30,0x9531648404719924d349dd4911a55a268fc69099,1319.8425682339985,0.0,Obey2162
2026-09-28 09:31:19,day,politics,31,0x64c4a7437742d07356774cad6d55dcd9cf411018,1291.6504718829997,4000.0,Reformedx
2026-09-28 09:31:19,day,politics,32,0xcd71fd5370880f3d92bb941e628c05840fe0d127,1288.3406275450252,0.0,Kevindoto
2026-09-28 09:31:19,day,politics,33,0x4cbe5306af0473ae7499096fece9e8c7689f100a,1271.1082633289989,0.0,bigbluejay
2026-09-28 09:31:19,day,politics,34,0x49b60d2cda22653ddc8b6ef21bad6d012a7f170c,1263.1434728739987,0.0,pkz
2026-09-28 09:31:19,day,politics,35,0x3eae57986be5e0ca435102ffe1f14206ffa2e2ed,1241.406743524647,11759.0,thoodr
2026-09-28 09:31:19,day,politics,36,0x66e3cf146694cda7f8309690ef37960004340fe8,1219.54064875,0.0,ByTrade
2026-09-28 09:31:19,day,politics,37,0xc7c0c3ee811135b1a545a2e4df979230fb355957,1195.7090831479998,0.0,sebastianwallin
2026-09-28 09:31:19,day,politics,38,0xb16c730133aa7b584d89b2332d510b0bfaec68c0,1184.89214,0.0,bertilson3
2026-09-28 09:31:19,day,politics,39,0x4317df31d806bd5cd8ab9f19a53d571244ce2f1b,1168.4757831599998,0.0,mijony
2026-09-28 09:31:19,day,politics,40,0xc8ab97a9089a9ff7e6ef0688e6e591a066946418,1163.6731222324447,33975.455259,ArmageddonRewardsBilly
2026-09-28 09:31:19,day,politics,41,0x955c9661bf6e010beff0ba896a49f715a8c8990f,1142.6086760699982,0.0,0x955c9661bf6e010beff0ba896a49f715a8c8990f
2026-09-28 09:31:19,day,politics,42,0xd5ac73b2930ecf13e24bfe608963337ea9ada642,1136.9169710715,0.0,robsondif
2026-09-28 09:31:19,day,politics,43,0xf5592765133941c40c77e52bc56bbe7ec167f462,1114.9293035080009,0.0,0xf5592765133941c40C77e52Bc56bbe7EC167F462-1755612447740
2026-09-28 09:31:19,day,politics,44,0x3ac089aa4bb903a6429fceec4e11827a6c20e529,1079.58549528,0.0,supremac1
2026-09-28 09:31:19,day,politics,45,0xcf19c420814435ffb1c459588208ed23a7ee6402,1013.8405386959785,0.0,0xcf19c420814435ffb1c459588208ed23a7ee6402
2026-09-28 09:31:19,day,politics,46,0x8806a6f1a847ba4360599ce0f54ce96167712e83,1002.1953289600006,0.0,spendingmoney
2026-09-28 09:31:19,day,politics,47,0x7e31a5e9c31638483614e9fd9f945bb34692454d,979.0182605235022,0.0,Odysseus7
2026-09-28 09:31:19,day,politics,48,0x223f7e0048cf2cddb41dce5f17454b52c3b0a193,971.6973777299972,0.0,0x223f7E0048CF2cDDb41dcE5F17454b52c3b0a193-1784054505031
2026-09-28 09:31:19,day,politics,49,0x60a92c8620846d81f5ea17b0564e0d4b7c545a71,940.3121260229617,26967.891104,paddaa
2026-09-28 09:31:19,day,politics,50,0x1812c595f2d84120c0b07336f92ae76393a47011,923.5443264549995,7753.772353,0x1812C595F2d84120c0B07336f92AE76393a47011-1785792252314
2026-09-28 09:31:19,day,politics,51,0x3c593aeb73ebdadbc9ce76d4264a6a2af4011766,889.661548146978,0.0,eightpenguins
2026-09-28 09:31:19,day,politics,52,0x35bbbad2415fe5e39b12da9a316cdc80b022009b,887.8645487849844,38174.146068,MisTKy
2026-09-28 09:31:19,day,politics,53,0xd6b6f6924341b00626e603240f799644d4b6342b,885.379291758999,24525.51,sciuboi
2026-09-28 09:31:19,day,politics,54,0xc1b3e1e9b70612844945917b213c8738b927a236,869.729321882,0.0,etevans
2026-09-28 09:31:19,day,politics,55,0x0c0e270cf879583d6a0142fc817e05b768d0434e,869.6667643889741,56005.706385000005,The Spirit of Ukraine>UMA
2026-09-28 09:31:19,day,politics,56,0x1fee90f352fd362ea4bf13c6ed7cdd83a4d2ed5e,858.4848939051153,0.0,lomneivan
2026-09-28 09:31:19,day,politics,57,0x6918ea182d963b1fb7888860b8a8b8bcfba5782b,857.4144749999996,0.0,0x6918EA182D963b1Fb7888860b8a8b8bCfbA5782b-1771878010027
2026-09-28 09:31:19,day,politics,58,0x71ca04d689bc38c5e4dcda8a4d743f279c5a3501,856.7550272310036,0.0,Ronaldo2100
2026-09-28 09:31:19,day,politics,59,0xb8d2bf9500e4731b09f54c7ebec6bf89899ec66b,851.7031049949999,3517.923683,elreptil
2026-09-28 09:31:19,day,politics,60,0xfaf98181c44636998a194aa7660bcae1b977f4c4,851.6431391413789,0.0,onekey02
2026-09-28 09:31:19,day,politics,61,0x1ee9a5fc09665909c0cce297c581703bfbb9197f,832.5314432700063,306.52,vinii
2026-09-28 09:31:19,day,politics,62,0x4d0121458bb2f96c6440c0f3835d675ad3ce1645,819.274567325476,2222.0,knrad
2026-09-28 09:31:19,day,politics,63,0xf0d5eb1cbe7350f1f896ade6c172e6700414c665,810.2448706430005,0.0,yen4u
2026-09-28 09:31:19,day,politics,64,0x202532fadd499e648f781554e540d45a2b540b79,795.3263444964998,0.0,frekvenz
2026-09-28 09:31:19,day,politics,65,0xe410caf433d4df5711dfc04fca002a3bf81d8349,789.1410969200001,0.0,ratco1241
2026-09-28 09:31:19,day,politics,66,0x4059d5793be52a67ee809808bcd2fa209f3bce12,781.5407526990001,0.0,Jp077
2026-09-28 09:31:19,day,politics,67,0xb36cfbf83a716c55507a81ace255480b9ed31077,773.2810744749943,1601.26,20260601
2026-09-28 09:31:19,day,politics,68,0x69891b1481e34384a0d564e5976b50270304b412,770.5474412509939,0.0,superstation
2026-09-28 09:31:19,day,politics,69,0x12d6cccfc7470a3f4bafc53599a4779cbf2cf2a8,755.1179590064398,16816.914720999997,classified
2026-09-28 09:31:19,day,politics,70,0x551e72eda42a5ab39d6d78239a1d9bbb5db6b0e0,753.286590412983,159.5,GayPride
2026-09-28 09:31:19,day,politics,71,0x1b5925ce0d2ffa0083551643b18f78f711743281,726.6848083929999,0.0,Tompatig
2026-09-28 09:31:19,day,politics,72,0xb7de57721ee931290e90bc0c8a9f38855130b802,724.2326597294991,0.0,0xb7de57721ee931290e90bc0c8a9f38855130b802
2026-09-28 09:31:19,day,politics,73,0xf9b71663d723d28fa455db659098e1dacde860a4,708.739506027021,0.0,siick
2026-09-28 09:31:19,day,politics,74,0xfea31bc088000ff909be1dfd8d0e3f2c7ef2d227,695.8075212780386,0.0,ndb1
2026-09-28 09:31:19,day,politics,75,0x947d909823977f032468941eff5d31b193a7a5dd,690.8660960015,0.0,BastuBettor
2026-09-28 09:31:19,day,politics,76,0xb28a2d5fa754b3f0ddb14a7e963a115a84cacbdc,687.3538212640015,0.0,Polupander
2026-09-28 09:31:19,day,politics,77,0x5d81991835ef88f17cb628e84d245e4b6b713816,666.3065748349999,0.0,Spermwhaler
2026-09-28 09:31:19,day,politics,78,0x011f2d377e56119fb09196dffb0948ae55711122,656.728356167823,21924.390061000002,11122
2026-09-28 09:31:19,day,politics,79,0x08a46479e04468c75bf0839a58fd6cabdf8d5c3f,642.9549999999999,0.0,simon51
2026-09-28 09:31:19,day,politics,80,0x9e88f359b9803e41420fbb13385c5ae1765c301c,637.0358433969966,1008.86,YoungAlphaGoat
2026-09-28 09:31:19,day,politics,81,0xab8f49a32aa63b75d8da76777bc1e4be444406d6,636.2426595200013,0.0,lazercrazer
2026-09-28 09:31:19,day,politics,82,0x5e73afb20c2b27caccdaad9e49b97fd336576697,624.459151689508,1356.58,Newshound
2026-09-28 09:31:19,day,politics,83,0xb410255a64fd72acdb7e57b8f65999865a017736,621.4140006054986,0.0,Lexma
2026-09-28 09:31:19,day,politics,84,0x8f69269039b9a401de28a38c2f1c3001364b7df1,599.9334391235247,4785.288788,DumplingBMF
2026-09-28 09:31:19,day,politics,85,0x4f5bb6dcf70fb8312b2e31c10472ba082f27c6b4,596.8302469089999,0.0,cgdg
2026-09-28 09:31:19,day,politics,86,0x09cc4da8a3e39237aa74b445a300565e33d0421a,595.4864866000025,0.0,rerevervadae4r3453214tpermdr43fvd
2026-09-28 09:31:19,day,politics,87,0x07a9bf6d9a913df0e149bb2d652998b57fd832c8,591.8311345006805,0.0,ReedUpdatee
2026-09-28 09:31:19,day,politics,88,0x8c6d6241f7645f0219df2aece22af40691a99817,588.5495219599998,4200.0,jerkajerka123
2026-09-28 09:31:19,day,politics,89,0x71edffd0d70a1da823ff07a3c6fc81457294d338,583.0066566434998,0.0,pako
2026-09-28 09:31:19,day,politics,90,0xd14aa86fa6cac2e09edd9944f5c0c0d48634a8ad,578.0996459929993,0.0,l3t0
2026-09-28 09:31:19,day,politics,91,0x3c9a09d3a64bd00b2d1807104ab146c5395f6d6a,574.7127074514997,0.0,infinitevanilla
2026-09-28 09:31:19,day,politics,92,0x3cd63e65f3df4aaf8ebe9de56fe5f8f633b218e4,567.6210668080021,0.0,HerbertAppreciator
2026-09-28 09:31:19,day,politics,93,0x0b5a6faed303e147d258f354237a2d2542955fa3,563.2648089914983,0.0,hammerdream
2026-09-28 09:31:19,day,politics,94,0xe4a6e5d2d524a271d803e2a58dd5eadb21fa1948,562.9316658,800.0,styggvan
2026-09-28 09:31:19,day,politics,95,0x05f08b3cb1bc213ba5ce50013141c0a643372469,559.99710984,0.0,algfilt
2026-09-28 09:31:19,day,politics,96,0x7a35f8849c597cd12c3e2e3086b52b8c4f682744,558.9418312500002,0.0,gokol
2026-09-28 09:31:19,day,politics,97,0x9ca119b8cd7bdb890aecf1ff3b0f6e3a45cc13b5,554.9728678430065,8108.362136,JoeBlack01
2026-09-28 09:31:19,day,politics,98,0xeca0c0888e34df59589c67fbe53dc7f298b5e8f8,550.4307646960042,2532.87,StarMaster
2026-09-28 09:31:19,day,politics,99,0x9df5166f93d6a65ac3c3428d8644b2e7175361e1,547.0036694459995,0.0,novice99
2026-09-28 09:31:19,day,politics,100,0x8b4bca1d794779e66e023d44391b2a86c5ab541b,544.7054373277351,40000.0,0x8B4bcA1D794779E66e023D44391B2A86C5ab541B-1769764313952
2026-09-28 09:31:19,day,sports,1,0xbc43c8bfbc4d77c2fc9011adad38ba43b88996d3,1297024.7161265158,624305.5808619999,0xBc43c8bfBC4d77c2FC9011adaD38Ba43b88996d3-1765231687816
2026-09-28 09:31:19,day,sports,2,0x5268527977f700f9bf9b6d5cd843859e4e70135d,1283944.4364827261,1352859.038919,HomeRunHazard
2026-09-28 09:31:19,day,sports,3,0x224a89dbe0db0d6124b335edabd15b3f877da3d5,1254046.5123636408,2807467.2996370005,wr0ngw4yb3tt0r
2026-09-28 09:31:19,day,sports,4,0xf0318c32136c2db7fec88b84869aee6a1106c80c,1232420.087474544,160564.41308300002,BreakTheBank
2026-09-28 09:31:19,day,sports,5,0x6211f97a76ed5c4b1d658f637041ac5f293db89e,1081215.23,0.0,Tiger200
2026-09-28 09:31:19,day,sports,6,0x2005d16a84ceefa912d4e380cd32e7ff827875ea,894284.3137768264,1600531.389376001,RN1
2026-09-28 09:31:19,day,sports,7,0xa90429bc88a1d22eb40e4aac9aaf0bcefd29d20c,782847.3363,35423.560000000005,liquiditycrisis
2026-09-28 09:31:19,day,sports,8,0x67542c3219b37fd1610aad290676ff91cdbfe3bc,767616.4259811201,174269.023832,gmpm2
2026-09-28 09:31:19,day,sports,9,0xfe787d2da716d60e8acff57fb87eb13cd4d10319,544756.5564325392,3186375.387205001,ferrariChampions2026
2026-09-28 09:31:19,day,sports,10,0x83720820a8aa6c3f20ad71850e7a1a17d16c5223,439857.03,0.0,Jsram
2026-09-28 09:31:19,day,sports,11,0xb7271c112cbd83eb4c1ef1b554ff963604ae2a9d,308496.66,0.0,Elaran1993
2026-09-28 09:31:19,day,sports,12,0xd38b71f3e8ed1af71983e5c309eac3dfa9b35029,298948.6333200001,359018.5366720001,primm
2026-09-28 09:31:19,day,sports,13,0xc8075693f48668a264b9fa313b47f52712fcc12b,289773.257394,0.0,texaskid
2026-09-28 09:31:19,day,sports,14,0xd106952ebf30a3125affd8a23b6c1f30c35fc79c,246763.11904805998,0.0,Herdonia
2026-09-28 09:31:19,day,sports,15,0x84cfffc3f16dcc353094de30d4a45226eccd2f63,240200.94568680052,660928.3438929999,mooseborzoi
2026-09-28 09:31:19,day,sports,16,0xa38a455bbdd4b68486548b7e19da99903f4f821d,231546.64658600005,358444.993639,takeormake
2026-09-28 09:31:19,day,sports,17,0x821dab0565ebf5b327f51db06223fdcfe01acf16,219223.38709456022,535511.3658989995,Flaznorp
2026-09-28 09:31:19,day,sports,18,0xb4f978be63cdf75554b0b46a4262a6db597cc9a7,213775.94905099997,231440.213749,0xb4F978BE63cDF75554b0B46a4262a6dB597cc9A7-1779258330186
2026-09-28 09:31:19,day,sports,19,0x2c335066fe58fe9237c3d3dc7b275c2a034a0563,202619.50653678883,1581382.606484,0x2c335066FE58fe9237c3d3Dc7b275C2a034a0563-1759935795465
2026-09-28 09:31:19,day,sports,20,0xf68a281980f8c13828e84e147e3822381d6e5b1b,201392.96861593353,261682.33207699997,Nooserac
2026-09-28 09:31:19,day,sports,21,0x27f738fe203827445690339104aae35b20bc44b0,191423.681348,141136.0,ic4cream
2026-09-28 09:31:19,day,sports,22,0x9052a5f2324b8efa264a2a37e942770284143c2d,165262.866437,109780.0,YEEES-but-why
2026-09-28 09:31:19,day,sports,23,0x1d1ade627d0bb0205758580b20d808573e720df6,149292.945837,0.0,Pwaddler
2026-09-28 09:31:19,day,sports,24,0xdc41c39b95453c943174f369926018f6963bdd7e,148718.57562167052,506577.65181899996,nigiri99
2026-09-28 09:31:19,day,sports,25,0xbca08c1bc204a34f2fddbe47b438b9bd42ac9705,144452.41706600002,161576.273628,justaluckydude
2026-09-28 09:31:19,day,sports,26,0x84dbb7103982e3617704a2ed7d5b39691952aeeb,133307.76011200002,90672.23,Soarin22
2026-09-28 09:31:19,day,sports,27,0x68df8708aadb901618f11abf2471805a66a24815,126107.7867009,34757.619999999995,TKD44
2026-09-28 09:31:19,day,sports,28,0x6ac5bb06a9eb05641fd5e82640268b92f3ab4b6e,124999.990817,0.0,FORTNITEMASTER888
2026-09-28 09:31:19,day,sports,29,0x365f951dc281322d83f6fcda884c7f66a938706a,124464.21959346195,342572.10601299995,efntrick
2026-09-28 09:31:19,day,sports,30,0xa080dadd87036ad01dbf5e9c254b0c3dbdba234f,113579.41488099999,0.0,bands1
2026-09-28 09:31:19,day,sports,31,0x0346afae2603313d2bbee96b628536c8cbe352a5,112696.72522698817,304961.04073400015,GoalLineGhost
2026-09-28 09:31:19,day,sports,32,0x9703676286b93c2eca71ca96e8757104519a69c2,104178.97288804798,86790.03088599998,AnonymousUsername
2026-09-28 09:31:19,day,sports,33,0x20b80ebb96e2051540e1d475e4ce122fc282aa04,103661.457378,0.0,tes21sa
2026-09-28 09:31:19,day,sports,34,0x8a8685a792c184e5c2ee8c7d4d4baba7c2c94998,102905.769231,0.0,BrotherObama
2026-09-28 09:31:19,day,sports,35,0xcd84d7f9262516865553555751609fb6f52abec6,100044.419163975,0.0,Donkey14
2026-09-28 09:31:19,day,sports,36,0x2a69660046d7acc4ab204d7cc5ba78b0776cd2f7,94942.55778473034,1219225.7347020002,UpTheBlues
2026-09-28 09:31:19,day,sports,37,0xfea31bc088000ff909be1dfd8d0e3f2c7ef2d227,93264.38641762667,93551.49914599999,ndb1
2026-09-28 09:31:19,day,sports,38,0x01e6e3c5cfe50943e7721398054cb1e22032e7e0,91011.01560277201,40667.95,JustADonk
2026-09-28 09:31:19,day,sports,39,0x3dfb153c197d4c19d3b31c1ecd2c7b6860eeabaf,90338.21498358404,704963.6302209999,0x3DFb153c197D4C19D3B31c1ecD2c7B6860eeabAf-1722957908185
2026-09-28 09:31:19,day,sports,40,0xcf7379b4b891c06d88807f6f70efa75378120215,85598.40403995953,98055.003885,NM-P
2026-09-28 09:31:19,day,sports,41,0x6d3c5bd13984b2de47c3a88ddc455309aab3d294,84575.23923242942,463420.77787599975,VeryLucky888
2026-09-28 09:31:19,day,sports,42,0x2d6ac4f70307102ac46e9e6ded67f3838ddf8add,82616.35879612801,102186.09099499999,GC-P
2026-09-28 09:31:19,day,sports,43,0x9f15613ebf1f36d4bc679e1211d1fc567cf9bdb3,81026.27735744901,88027.70627,0x9f15613ebf1f36d4bc679e1211d1fc567cf9bdb3
2026-09-28 09:31:19,day,sports,44,0x67ac9e1ad7d7e74ef0215d14fc8edb538e4fedf1,80068.82450719104,329324.30392900005,3648393489047
2026-09-28 09:31:19,day,sports,45,0x26b46988d027c6c03cfa12a7c0c6d778be49b8a9,78420.74927100001,179300.94324400002,kkookkoo
2026-09-28 09:31:19,day,sports,46,0xba8c5fbcc5f58b0e4ae0c1413e0413f8c803e77d,75990.29071700003,135773.84000000003,Rock.San
2026-09-28 09:31:19,day,sports,47,0xb8ef617fd5d960e61e56c50d2971697300b32864,72562.8377330295,274718.766593,no1dodgersfan
2026-09-28 09:31:19,day,sports,48,0x9ee8bbc36d378af72e5f6b8e2ea2eb67c05a89de,71978.0143,0.0,gambamaster
2026-09-28 09:31:19,day,sports,49,0x32b484581fc5606de9c1e43af4636b6be9bc8b21,70813.95544380651,423605.1208490002,0x32b484581fc5606dE9C1e43AF4636b6Be9BC8B21-1774274303653
2026-09-28 09:31:19,day,sports,50,0x7a75a4183e577123db9ff0adff520561ef95d288,69998.996667,0.0,177-letsgo
2026-09-28 09:31:19,day,sports,51,0xd6966eb1ae7b52320ba7ab1016680198c9e08a49,69316.33,74838.7,Painfulvoid
2026-09-28 09:31:19,day,sports,52,0xf8fdc4067784d70f7828149d009a519b6bd5876f,64991.15,0.0,analdesutructor
2026-09-28 09:31:19,day,sports,53,0x684baa57c338c2549aec0aa3f034f695d72a8409,64264.74002000001,39999.96851400001,monkeymashingkeyboard
2026-09-28 09:31:19,day,sports,54,0x5b6331e7ff0831a3fe2ed12004747db1a9c911a4,63304.41888948301,32960.23883599999,neutralwave23
2026-09-28 09:31:19,day,sports,55,0xda856317923415a534d8952e6f8abde17c2e1ca7,60294.79021085299,99248.15999,Yellow-Fever
2026-09-28 09:31:19,day,sports,56,0x224f7ef690d952cf551a471846d5afb4892e514a,60195.16939364001,54945.963446,WeBuyHighWeSelllow
2026-09-28 09:31:19,day,sports,57,0x054964a95e2cb3fc2105a62a1edf3da44979c052,60000.0,120000.0,COMEONDUDE
2026-09-28 09:31:19,day,sports,58,0x20d6436849f930584892730c7f96ebb2ac763856,57650.998972224996,65181.080785,0x20D6436849F930584892730C7F96eBB2Ac763856-1768642056357
2026-09-28 09:31:19,day,sports,59,0x4638702f203aaabc57fe2b9676c5cd9a2a686b0a,52944.105179999984,12837.07,ezMerge
2026-09-28 09:31:19,day,sports,60,0x927cf2bb94d15707993f954552e56c74eb6d6633,52098.413549000004,0.0,jarosbill
2026-09-28 09:31:19,day,sports,61,0x418d51e13d019913bb027db22ecc723fe1ad88a3,46035.68,24000.0,0x418D51e13d019913BB027DB22ECc723fe1AD88A3-1720918577961
2026-09-28 09:31:19,day,sports,62,0xcf6c5492124794394dd9eac46498a8babbe47e66,45333.62,0.0,one8tyfive
2026-09-28 09:31:19,day,sports,63,0xae7ffba3fd102de1a4f795853ad3de06ad666f49,43347.988948,0.0,EV-Andars
2026-09-28 09:31:19,day,sports,64,0xd1ed12197b7dc22dede923727e9b714024dbd7cb,43231.740333475005,88133.586948,curie
2026-09-28 09:31:19,day,sports,65,0xd8860bbbdf24d02b74d875b2d987986f62b96f88,41497.92,82995.84,btystu
2026-09-28 09:31:19,day,sports,66,0x2b46bb71681777202368d095196f266944a1684d,39830.493796,0.0,betdge
2026-09-28 09:31:19,day,sports,67,0x676c1bb692c76b57b06f1b93817515acfa5ce139,39600.0,40000.0,gvrgb326552g65
2026-09-28 09:31:19,day,sports,68,0x1e7792acc779a6af8304bd7991ff31d16d468c33,38961.492156,10006.941177,THEdirkdiggler
2026-09-28 09:31:19,day,sports,69,0xc506cc1d5efd0c85bcb94f9ecaf1b541921ce987,36500.978823243495,581279.0142709999,Berniepaidoff
2026-09-28 09:31:19,day,sports,70,0x228b8d11eba89bf1c554f8879a9293b7106daf4c,34043.90113376998,235859.889933,0x228B8d11EBa89BF1c554f8879a9293B7106DaF4c-1765442354872
2026-09-28 09:31:19,day,sports,71,0x31c518f864d1394361fec967b3daa9093a86ede4,32293.669165633997,0.0,BTCGambler247
2026-09-28 09:31:19,day,sports,72,0xdb83e85ffd22faa4009273034770f96ffc5b1e50,31653.333033254996,25809.665423000006,sentrio
2026-09-28 09:31:19,day,sports,73,0xf93f33cc7d962e9286ca08c285fb4c7508b8f94b,31160.647940830502,46363.985543,neymar1
2026-09-28 09:31:19,day,sports,74,0xd3a0b4e941b557d33a8efd5a51c581e7c79cf136,30090.0,0.0,0xd3A0b4E941B557D33A8EFd5a51c581e7c79cF136-1787996319116
2026-09-28 09:31:19,day,sports,75,0x0dc607c5b65025dcb443c10fdcbaed4256bb9889,29999.833176,0.0,christianox
2026-09-28 09:31:19,day,sports,76,0x7d9d476786b0c811d89fdeca2f9ee0e9fd3b3c52,29549.0,0.0,mirotvorets
2026-09-28 09:31:19,day,sports,77,0xc5d8d3722f46f43d58d144c2e2772a9c30b2a00b,28332.001924,0.0,IdentityV
2026-09-28 09:31:19,day,sports,78,0x15a681d447124c90dbd85be526af18ca1611bf5d,28148.173199,48322.543338,SharkbettingCom
2026-09-28 09:31:19,day,sports,79,0x45721362269008ac5988bec2e5c22ca463af5e86,27749.99174,0.0,maksimsoldout
2026-09-28 09:31:19,day,sports,80,0x71200ff742dde7f1ada753d2e9b0a8b50c717c4e,27141.703427000004,6457.577639,BIAVN
2026-09-28 09:31:19,day,sports,81,0xb595d09ce5bbc4d39e3b3d04e80c402d2c8d5922,26955.125052000007,19513.400364,0xB595d09Ce5bBc4d39E3b3D04E80C402d2C8D5922-1769777706105
2026-09-28 09:31:19,day,sports,82,0xadfb6cba33cebca02eab6111ace1e3924b9cc2ef,26773.210293070566,51344.32338400002,KnightDasCapital
2026-09-28 09:31:19,day,sports,83,0x21f333307ac6d2e65ac82f014b3dd2b64cbc35e3,25815.826960190003,3164.358889,hi774c
2026-09-28 09:31:19,day,sports,84,0xf9fe29004c5a905c7b78bbb930ac57feea67366b,25776.9934,32999.99,CanadianGoose
2026-09-28 09:31:19,day,sports,85,0x5c720d41fe89ca907116f5629b5b1fda4a3d7e7e,25350.0,0.0,pravica
2026-09-28 09:31:19,day,sports,86,0x918b42a06ff25eaaa4a79eca9da6a9de46f4ea63,24830.082223,0.0,OhWhenTheReds
2026-09-28 09:31:19,day,sports,87,0x7c1b3a6db8a1d57de8ee5d7bca620dc0623185c8,24668.241538000002,66707.540768,cm2897
2026-09-28 09:31:19,day,sports,88,0xa16a1302ca05463f30faebeb5c045767fde233a1,23953.660282000004,83738.97820599999,qwe258
2026-09-28 09:31:19,day,sports,89,0x9cb990f1862568a63d8601efeebe0304225c32f2,23750.003382,73999.99361800001,jtwyslljy
2026-09-28 09:31:19,day,sports,90,0x5f38747053bb642bb3ad456c5766ad9e6fb9eb70,23500.0,0.0,vilkaZ
2026-09-28 09:31:19,day,sports,91,0xdf804b17329a461425116c9e0f599e248b443259,22934.9690934265,58286.732654,gfafasgs
2026-09-28 09:31:19,day,sports,92,0xe548376f231af12b4d56aff55a7503a88892a9fe,22077.170317000004,68485.028691,Uniform123
2026-09-28 09:31:19,day,sports,93,0x866056133a70de9282a080758858d1a0c8b393ed,22040.0,44080.0,esportsbetter1
2026-09-28 09:31:19,day,sports,94,0xd218e474776403a330142299f7796e8ba32eb5c9,21598.81426732841,92853.47938600002,cigarettes
2026-09-28 09:31:19,day,sports,95,0x65503c7f9e142ac88b1ce09df3363ff77f188451,21384.637022000006,69426.32281000001,oieshfn345
2026-09-28 09:31:19,day,sports,96,0xafd492974cd531aae7786210438ae46b42047e61,21000.0,2000.0,RevengeRange
2026-09-28 09:31:19,day,sports,97,0x1f624696c102b99bea92c75a502fa7e4a6d676f6,20385.26751489702,74657.56361799999,emacron
2026-09-28 09:31:19,day,sports,98,0x0c154c190e293b7e5f8d453b5f690c4dc9599a45,20145.87628126,6706.204083,0x0c154c190E293B7e5F8D453b5F690C4dC9599A45-1775083003603
2026-09-28 09:31:19,day,sports,99,0x5020e94877430aca70a641a807b4d2007c249f9f,20000.0,0.0,Bozos14
2026-09-28 09:31:19,day,sports,100,0xec981ed70ae69c5cbcac08c1ba063e734f6bafcd,19695.348507000002,7565.526754,0xheavy888
2026-09-28 09:31:19,day,crypto,1,0xccd81fbd3395dc43a0531f8484b21c2462daf4de,20907.507333609996,20.0,0F62
2026-09-28 09:31:19,day,crypto,2,0x56ad6bd05999e0f33ea9c05a48ccb1364a46f13e,18374.952347413986,0.0,floatingraft
2026-09-28 09:31:19,day,crypto,3,0x252d7bae5ec87553dcafb23e275c202ac0d3c456,16411.80569243444,31946.757323000005,getbipped
2026-09-28 09:31:19,day,crypto,4,0x8b4bca1d794779e66e023d44391b2a86c5ab541b,10471.154186447837,15110.223333999998,0x8B4bcA1D794779E66e023D44391B2A86C5ab541B-1769764313952
2026-09-28 09:31:19,day,crypto,5,0x06dc51826bc524d9a83770e7de9dd7e005b04524,7747.22647155181,573393.133758,0x06dc51826bc524d9a83770e7de9dd7e005b0452
2026-09-28 09:31:19,day,crypto,6,0xe700c328241308094cb87f4734b917e1b1547005,7220.2616337590025,0.0,VRVTeam
2026-09-28 09:31:19,day,crypto,7,0x744c072005bde6ddab8764a7477f61d3d22ae37f,6493.778429487498,14603.163547,Egozic86
2026-09-28 09:31:19,day,crypto,8,0xf53e7cc2894cba22dcdc40de936513a502ef16e3,6317.242979999981,0.0,VelvetNova27
2026-09-28 09:31:19,day,crypto,9,0xe609d476ebecc64e55788b4595fc53c343a1d4d4,6205.290739974007,0.0,TahitiBob
2026-09-28 09:31:19,day,crypto,10,0x19c3b385be5667154fc69c87d8f7914be84087c1,4855.775340000051,0.0,KatsuManager87
2026-09-28 09:31:19,day,crypto,11,0x9ca8ad06d2ea7c9f4283efad3bf77709f556e0ad,4595.555763999998,22142.863751,00wfew377
2026-09-28 09:31:19,day,crypto,12,0x5371f1b6954e31c502064614649cea3568cb76eb,4331.990748473516,85479.11552999998,oegdatam
2026-09-28 09:31:19,day,crypto,13,0xd1049158a102840ce595efc6ab683a0cb6fbacef,4316.9859514890195,42507.05,pilimili
2026-09-28 09:31:19,day,crypto,14,0x216b0f7fb8cc78d5035ba8d4ee67a1e71d91d8a5,4056.3645249999972,0.0,greater-fools
2026-09-28 09:31:19,day,crypto,15,0xa19cbababc312f9df185e49d7004c249ed1ade6b,3644.2945077770946,85837.93745,Tokor
2026-09-28 09:31:19,day,crypto,16,0x00ffb912f1bf01c0123869ddb92d4b6a6ad3f7ad,3638.1823492864933,0.0,ballinco
2026-09-28 09:31:19,day,crypto,17,0xe339bba7fba043520d83516ce22add16beb6e01b,3523.2445295450016,0.0,12Alexander12
2026-09-28 09:31:19,day,crypto,18,0x55be7aa03ecfbe37aa5460db791205f7ac9ddca3,3455.3686467220105,45947.189872,coinman2
2026-09-28 09:31:19,day,crypto,19,0x1cd24cc49782240413903b4b7e7694779f917f85,3403.866610516503,0.0,bitterfish
2026-09-28 09:31:19,day,crypto,20,0x4f315c1f2fcfbcbccc31fa28ae086babf309efa3,3387.5087788469245,81549.53401499998,DFV2
2026-09-28 09:31:19,day,crypto,21,0x091ccc435273c422260279c8a8277170b2dc182e,3281.028420000046,0.0,blahblah344
2026-09-28 09:31:19,day,crypto,22,0xca79076e2d13b8930e0c3a4649c06c65449a4796,3092.3885400000145,0.0,EamonnD1812
2026-09-28 09:31:19,day,crypto,23,0xb87532a1a04c654700aa8153b3a95675ac4f4b16,3016.710176968503,0.0,En11006
2026-09-28 09:31:19,day,crypto,24,0xd2e82888200859f46fc3605cc3b3d2f6ee9eeeea,2496.4524114900014,0.0,0xD2E82888200859f46Fc3605CC3b3d2f6Ee9eEEEa-1776953176201
2026-09-28 09:31:19,day,crypto,25,0x21c52a310ce110d58270e2d5a9676c217a5e3533,2476.6483561790005,4699.987896,Rin2x
2026-09-28 09:31:19,day,crypto,26,0x4c375c3731d72e71ed032268eaf66dbbdbc80631,2368.5595360000007,0.0,intothethickofit
2026-09-28 09:31:19,day,crypto,27,0xddf0d9b902fcdc5c6cd6548447d15f539db4119b,2356.0968693410177,15509.81579,datamint
2026-09-28 09:31:19,day,crypto,28,0xdb5ad26b68d77ae966d29e7180147272ab7a3965,2347.00316203551,49077.912841,0xDB5
2026-09-28 09:31:19,day,crypto,29,0x33fad6276d200c4ada11aae394856d549e99a31e,2104.187892,4985.965400000001,new12sz
2026-09-28 09:31:19,day,crypto,30,0x2707f2e693b3d20b5a17b603c532571108140afa,2063.2401173999997,9421.37,Predictandbreathe
2026-09-28 09:31:19,day,crypto,31,0x80cd8310aa624521e9e1b2b53b568cafb0ef0273,2060.465697097001,18429.29,HaileyWelch
2026-09-28 09:31:19,day,crypto,32,0xe94d86a9cf96b3636be1db01ca21e4e883502480,1903.4550599999995,6005.453163,eer6432
2026-09-28 09:31:19,day,crypto,33,0xef104cc70851a4246e8e06790d7fad9708190b43,1884.8093934934966,4464.1198,fiankee
2026-09-28 09:31:19,day,crypto,34,0x661daf6af6d884012dd6db73c09d72e8be224dc6,1877.465512593999,0.0,DOLLAR-PRINTER
2026-09-28 09:31:19,day,crypto,35,0x27b0dceebc77ebc59573b818144743b9f1a2209b,1823.7397832520073,0.0,yuahldj
2026-09-28 09:31:19,day,crypto,36,0x0c0e270cf879583d6a0142fc817e05b768d0434e,1715.860696039017,0.0,The Spirit of Ukraine>UMA
2026-09-28 09:31:19,day,crypto,37,0x8e77537e059837d3c2ca5b4efe75e74e9498c4f3,1711.0130852555303,0.0,Lasting-Dessert
2026-09-28 09:31:19,day,crypto,38,0xede186f37ead91aa618cf8101db2bfe6b6c57dd1,1644.9961315850005,0.0,KongX
2026-09-28 09:31:19,day,crypto,39,0x0fe40e887acbd0022f89d996acce26ab428501b7,1548.2220674504788,97870.603129,gobblewobble
2026-09-28 09:31:19,day,crypto,40,0xbc3b79ee79ea481d43af7083aef390ec9e3ee77a,1523.4031468540006,28542.186562,6spirit9
2026-09-28 09:31:19,day,crypto,41,0xc97b0b2a2547bb3ed57167092ef8a6e816c347e5,1444.2162857735202,6191.99,Avamax
2026-09-28 09:31:19,day,crypto,42,0x4c9497941333332d29f1c235dd23200f3623ffad,1438.1832170749997,99770.34784999998,spartacray
2026-09-28 09:31:19,day,crypto,43,0x10fbc3d2421e002f269089d15be6a56ce6ffc66c,1425.506115379998,0.0,choohkz23
2026-09-28 09:31:19,day,crypto,44,0x5a656e4948e93b9493a9de1173a23a9bdce259c7,1416.582739995978,33462.969999999994,321cba
2026-09-28 09:31:19,day,crypto,45,0x96e845c7960338680081883aef97d3167a68bf9f,1404.934069634999,0.0,Lunarcorona
2026-09-28 09:31:19,day,crypto,46,0x2de1db7afb8b4aac7b3aba8cbdd7a96b83fbdbc5,1394.1178247054977,0.0,superbay2222
2026-09-28 09:31:19,day,crypto,47,0x32b61f77818ee062a1cf0ad4312752879e1a2f9f,1386.004244245002,100.0,Hazaswine
2026-09-28 09:31:19,day,crypto,48,0x5d634050ad89f172afb340437ed3170eaa2c9075,1372.452617761,377.31827,PBot-10
2026-09-28 09:31:19,day,crypto,49,0x825a96fbae9189ea41bb2aa70e7572970f408835,1356.0556641065014,0.0,noman2026
2026-09-28 09:31:19,day,crypto,50,0x855e484854d1411b959ddffdda11a698566c5189,1239.1996505399989,32197.15954000001,0x855e484854D1411B959dDffddA11A698566C5189-1780249997359
2026-09-28 09:31:19,day,crypto,51,0xfd72fc586750c2caa0b25140f1f26168027e078a,1120.714463000001,16806.624186,sky13
2026-09-28 09:31:19,day,crypto,52,0x0826042fb1f3f5ff4325ed7237ebc87468070b32,1087.7506059765055,648.0,deltasniper
2026-09-28 09:31:19,day,crypto,53,0x37f970995b90528f08ca527f0728cc82d504cc18,1037.4666029419986,0.0,shakshukich
2026-09-28 09:31:19,day,crypto,54,0x3b7ed1242417f4b8f6992b5dd53aa9415a2c23eb,1020.7072823424533,0.0,phdcapital
2026-09-28 09:31:19,day,crypto,55,0x1ad3c7487efda687979025a47cb0ae46eeed6749,998.180640000006,0.0,1916JConnolly
2026-09-28 09:31:19,day,crypto,56,0xabe78c9711802ea03af9b0fcb7f3f82853fad623,966.6823236240016,0.0,BearKingdom
2026-09-28 09:31:19,day,crypto,57,0xa2f1fecf1cc7db65a46588f764b6691533052d22,959.8457185850039,32397.649573999995,elPolloLoco
2026-09-28 09:31:19,day,crypto,58,0xe60f07a844bd18448eb3b23818f94bec1589f4b4,945.410100765017,0.0,cryptoincome
2026-09-28 09:31:19,day,crypto,59,0x9c0c8986a296f539a43efdaefd9a1a838cb4d6ed,942.9540812394989,0.0,chirico
2026-09-28 09:31:19,day,crypto,60,0x0f6aff3d75060aff62da524b4af5149197e6bc33,920.8989184304999,0.0,Jamesy19
2026-09-28 09:31:19,day,crypto,61,0x3dcdeffe9d635eab8f3762cc27f695d08b77913d,909.9634329999999,2999.7888189999994,Dingo34
2026-09-28 09:31:19,day,crypto,62,0x822590ec325a732fea768ab1d3e8a1e6679d5025,895.5168603074999,0.0,moh.ak
2026-09-28 09:31:19,day,crypto,63,0x162f6fff88a52864f2ecc9833e58089d5254798d,886.1924627620047,0.0,Valen9
2026-09-28 09:31:19,day,crypto,64,0x6cb273aa20efc1bee3e14b8641917181d56d99a3,878.0440000000017,0.0,dogerfad
2026-09-28 09:31:19,day,crypto,65,0xbf444f6416f4a65e6c48d8fcadb7b49666a94d45,873.1377302570017,0.0,Moneymovesmaster
2026-09-28 09:31:19,day,crypto,66,0xc0e4a97da5983cd5691322ed7583e71028fe9415,853.0994539999996,4886.990552,0xc0E4A97dA5983cd5691322ed7583E71028fe9415-1774091293728
2026-09-28 09:31:19,day,crypto,67,0x6738a4628a29ce5b7f51beb226618b1aee5cc6fb,827.5779318019991,29052.374247000007,0x6738A4628A29cE5b7F51bEb226618B1AEE5CC6fB-1780243879977
2026-09-28 09:31:19,day,crypto,68,0xfea31bc088000ff909be1dfd8d0e3f2c7ef2d227,824.9322669835528,0.0,ndb1
2026-09-28 09:31:19,day,crypto,69,0x48946a54572d9918eea2367488ebadbf568aaef8,824.267152938,0.0,fswsq
2026-09-28 09:31:19,day,crypto,70,0x6916cc00aa1c3e75ecf4081df7cae7d2f3592fd4,811.833141373907,95830.184877,x6916Cc00AA1c3e75ECf4081DF7caE7D2f3592fd4
2026-09-28 09:31:19,day,crypto,71,0x0d50d8b4407447eadb428fe20e48deaa84d8aec0,780.6749695920007,0.0,0x0D50d8b4407447eAdb428fE20E48dEaa84D8AeC0-1778592192986
2026-09-28 09:31:19,day,crypto,72,0xd03bc280ca482ee48826b72aa435a331a04e042b,752.7604143050013,1165.269298,3iron
2026-09-28 09:31:19,day,crypto,73,0xfacec39c99f37f7e6ec7bd98f60d685d08d29756,751.3469030100096,0.0,asdf1412
2026-09-28 09:31:19,day,crypto,74,0x997cda7b31612e3c394bfb55440619f3f689251e,721.0450349915154,255323.255672,coinfilippe
2026-09-28 09:31:19,day,crypto,75,0x861f4149171db053c73382c40d2c7e5408fd177d,694.7953441954996,0.0,D7422D98eA0d5b6Dd942a8eEd1d2a61945bFd0
2026-09-28 09:31:19,day,crypto,76,0x7860281ccafebe6ca5b1e8af7e268a91eb7df985,686.3087567799957,2481.695726,0x7860281cCAFeBE6CA5B1e8Af7E268a91Eb7df985-1757220895649
2026-09-28 09:31:19,day,crypto,77,0xeaec7fe53c251e193d2b0ed729bfd69cc43be6f6,680.9579257710001,0.0,zzyyaa992
2026-09-28 09:31:19,day,crypto,78,0xd4cb5f968ba7345ca6033c80e1ffea598f3eecb7,674.3568143025004,0.0,HEBI55
2026-09-28 09:31:19,day,crypto,79,0x5235578efe24555b0c98e7dc10a902b09089c04a,655.8815631870023,3234.0,back-in-whack
2026-09-28 09:31:19,day,crypto,80,0xdfddd5c3b996c4176d72c3ca7859f10a7c825585,637.8209414369999,258.645834,thismonth
2026-09-28 09:31:19,day,crypto,81,0xdea296167f11b40d6e0195599dc92900363be981,631.5312000000013,0.0,0xdea296167f11b40d6e0195599dc92900363be981
2026-09-28 09:31:19,day,crypto,82,0x57e4bd0fa030e6a6fdde7ee0b58aa497b4f6835e,617.0758731079841,0.0,imjustalarp
2026-09-28 09:31:19,day,crypto,83,0xa83b96ead103ad62282d7981eda1ed54c6670e4a,601.2399999999999,0.0,Pythia
2026-09-28 09:31:19,day,crypto,84,0x58e850b0d7d251d361ea7fca8d024654117c8219,600.29910059,1605.5633340000002,Lalilalila
2026-09-28 09:31:19,day,crypto,85,0x02c50d55157cd98a6ee515a380a86472d7038356,599.0694565449958,0.0,333777
2026-09-28 09:31:19,day,crypto,86,0x9f4c5efef1a9cf18505a58f9b01b4cc59def14dd,588.2995779569999,0.0,0x9f4c5efef1a9cf18505a58f9b01b4cc59def14dd
2026-09-28 09:31:19,day,crypto,87,0xba200e7fee9684a553749684f07b07c4aa66ea2b,579.9657500000001,2186.91,habibib65
2026-09-28 09:31:19,day,crypto,88,0xabbeb2bdd30ba5c51cb14168b068103961648f37,573.75770493,1516.95,mamai
2026-09-28 09:31:19,day,crypto,89,0xeca64724681786db4fc55efb4a8fd0533bcd20eb,573.1010555794996,27231.888069999994,0xeCa64724681786dB4FC55EfB4a8fD0533Bcd20eb-1780183954597
2026-09-28 09:31:19,day,crypto,90,0xa784eeba54912451c650d204a6aac8f4e9e23ae0,556.0159999999978,0.0,0xa784EeBA54912451c650D204A6AAC8F4e9E23ae0-1767403850498
2026-09-28 09:31:19,day,crypto,91,0xf93f33cc7d962e9286ca08c285fb4c7508b8f94b,554.4997349575,0.0,neymar1
2026-09-28 09:31:19,day,crypto,92,0x6e826364ca3979b35e11f681e2610f7c8056091f,552.7977807800007,0.0,Bighouse
2026-09-28 09:31:19,day,crypto,93,0x635cfc3676fcd4bc65d177214eb5f9fdf73645c6,549.7580810500003,0.0,jumpsquad
2026-09-28 09:31:19,day,crypto,94,0x5652090d21c85a9d1ca5b6a41fe07f3099fb00c9,549.1830097349957,0.0,AlphaBetaGamma2357
2026-09-28 09:31:19,day,crypto,95,0x29de3c62b7b49a2d2a062f93b6e659980a4bd9e6,527.6946900000012,9965.05,0xefe8e41faaaaea1b6eae4546eca7713066dc05
2026-09-28 09:31:19,day,crypto,96,0xa78342da292ad314cc972863818f414723330a48,513.9906576920006,929.0,0xa78342dA292Ad314cC972863818F414723330a48-1776782510398
2026-09-28 09:31:19,day,crypto,97,0x991d7a6b8a05757327498a3371090ed9616aad9d,496.7269440949997,8110.352809000001,randooo2
2026-09-28 09:31:19,day,crypto,98,0x635763edb9642275f67d383fd503f6da474941b2,492.4662981250003,0.0,briaa1
2026-09-28 09:31:19,day,crypto,99,0xde5e5897ae24035ba98a8def4d5028923f383a94,491.96658750000097,0.0,0xDe5e5897aE24035bA98a8DEF4D5028923f383A94-1757450279053
2026-09-28 09:31:19,day,crypto,100,0xbadb9af986ee66437bd39e6cd3d3036cbbdc31a7,488.526,3608.500838,0xBadB9af986EE66437BD39E6cd3D3036CbbDc31a
2026-09-28 09:31:19,day,finance,1,0x376441d19f56d43629d3872324dc2e648e13c5eb,2203.1118000000015,3847.149999999999,Dimpled-Foal
2026-09-28 09:31:19,day,finance,2,0xe392d6cc6a012f306cef646f79114eb6f351c023,2144.034517344,0.0,ssddssd
2026-09-28 09:31:19,day,finance,3,0xa5a822f64402d2f5c2b30c0dd3651e61de2a8aed,2071.9532794145,21704.765097000003,test456y78
2026-09-28 09:31:19,day,finance,4,0xffbbf885454e6930e54b720ad5224175b8ae36e9,1671.4740192229947,0.0,0xffBbF885454E6930e54b720ad5224175b8AE36e9-1720913580384
2026-09-28 09:31:19,day,finance,5,0x982a77e75498fa134607f598c861b8de9d0c6851,1568.316985337413,33999.881438,grasstoucher69
2026-09-28 09:31:19,day,finance,6,0x1cd24cc49782240413903b4b7e7694779f917f85,1494.2796778200063,0.0,bitterfish
2026-09-28 09:31:19,day,finance,7,0xa19cbababc312f9df185e49d7004c249ed1ade6b,1356.4248686825,13554.17904,Tokor
2026-09-28 09:31:19,day,finance,8,0x40604cb1f958c03bea0b18aa43e4cb0d62f33ec3,1244.639030302496,2880.09,C03B
2026-09-28 09:31:19,day,finance,9,0x187fbd3114592d6a5420c937ca14e9cf64f55fee,1114.2921000250005,2399.954765,memecoinerrr
2026-09-28 09:31:19,day,finance,10,0xa540e7ff75ef4bf7ebc6c793cbabe87cee970b43,971.5673802125013,9464.041303,pennedreadful
2026-09-28 09:31:19,day,finance,11,0x9aea85d0b70bff6cb980cbb22d2e70b141e6b686,920.4992450000002,0.0,POLO
2026-09-28 09:31:19,day,finance,12,0x9afda7ae5c6afadcb500ce0274312e0fe7ba574b,902.8915051514778,0.0,UnreasonableAwareness
2026-09-28 09:31:19,day,finance,13,0x3d7132b61da1533afe09e1c293f479d3d054d427,871.7260494585007,0.0,oliverbigfly
2026-09-28 09:31:19,day,finance,14,0xbace5a5a9e309d69164dc81788d353fed8d43429,856.7332092179913,12160.45,ThanksGivingTurkey1001
2026-09-28 09:31:19,day,finance,15,0x903221b1098263779ae19486028c844e8c338717,756.4415842614981,0.0,0x903221b1
2026-09-28 09:31:19,day,finance,16,0xb619ed5b378053f8309c307d2f7adf9c13665068,716.2644290160097,0.0,tnl
2026-09-28 09:31:19,day,finance,17,0x6ffdf781b9fabc368137c1d835644f12b9a6a637,706.1254774929995,311.65999999999997,ng6000
2026-09-28 09:31:19,day,finance,18,0xaa98a97f71cbe19348798775b23696c9baa290bb,693.5628512385001,0.0,Hexagon555
2026-09-28 09:31:19,day,finance,19,0xa53ba9d683f68602ccd767512d5c862a43824021,638.7383353350012,559.99,Vagabund97
2026-09-28 09:31:19,day,finance,20,0x91572b16dc769ef8b8f1f98d5270b05a36e3626b,637.2795172479964,0.0,0x91572B16dC769ef8b8F1F98D5270B05A36e3626b-1770128923810
2026-09-28 09:31:19,day,finance,21,0x403f2471f8aaa1e8a224f1338b073bfa3fdb94f1,632.845368243994,33198.102419,PippiTrader
2026-09-28 09:31:19,day,finance,22,0x2974bd0059e48f215c391882976e0f1b4c8c9c23,614.7444431230092,1965.0,65765757
2026-09-28 09:31:19,day,finance,23,0x8888a4f8c8d3834482d77405530d7f5428a40b39,613.503029762004,5976.0779999999995,0x8888A4F8c8D3834482d77405530d7f5428A40b39-1769323876037
2026-09-28 09:31:19,day,finance,24,0xc97b0b2a2547bb3ed57167092ef8a6e816c347e5,596.6051835289809,6074.819656000001,Avamax
2026-09-28 09:31:19,day,finance,25,0xfbfd14dd4bb607373119de95f1d4b21c3b6c0029,583.9733493730091,6628.0599999999995,XAE12Archangel
2026-09-28 09:31:19,day,finance,26,0x4f80a5da109252eca37ad090c0f25a2796ecc19c,578.2360852850015,0.0,falloutmax
2026-09-28 09:31:19,day,finance,27,0xf8871f87fbb32d5ce21e3f8902f70f4f0f266b54,573.7967856150026,0.0,newbie77
2026-09-28 09:31:19,day,finance,28,0x74b4f9447b14b12308963fc048ae363eb0756bea,564.0536086894863,2946.81,0x74B4F9447B14b12308963FC048Ae363EB0756bEA-1769170826159
2026-09-28 09:31:19,day,finance,29,0x75a27d0cc95b3586297c1e6b5417269332cd6992,546.5624000000003,0.0,BrownBees
2026-09-28 09:31:19,day,finance,30,0x5d634050ad89f172afb340437ed3170eaa2c9075,517.4905334920003,996.96,PBot-10
2026-09-28 09:31:19,day,finance,31,0xa32f9fae38ced8b5ef4c2710a7e1fb6e3d3f28bc,506.0817926869999,0.0,BTRSPORTS
2026-09-28 09:31:19,day,finance,32,0x06ac70013cd0c7992ec830ad5df9f7f66d5b79ec,500.2406011314961,1000.0,eastpak
2026-09-28 09:31:19,day,finance,33,0x52268b0618c21a3c1ccbec2b110b1ba6c8338554,465.59820000000036,0.0,west77
2026-09-28 09:31:19,day,finance,34,0xca00024cebb5e6caa04991882ffccd3739c769a9,457.63835888500034,0.0,chicho
2026-09-28 09:31:19,day,finance,35,0xf43ba9693cf0876b8cf28fa890d805e7d5907673,422.8908300000003,0.0,prince787
2026-09-28 09:31:19,day,finance,36,0x97f3f9f15c0063710c60d3ac9c40d17f4ba60eba,417.94590254500326,0.0,Investnow
2026-09-28 09:31:19,day,finance,37,0x9ee49c02ae1ade698bf9e06d4ca271f236b8697b,396.6696647439967,0.0,cosmicxbt
2026-09-28 09:31:19,day,finance,38,0x5652090d21c85a9d1ca5b6a41fe07f3099fb00c9,395.4259168439994,0.0,AlphaBetaGamma2357
2026-09-28 09:31:19,day,finance,39,0x6300bdade02dd69388ad3d69af19e113958abd20,380.22714671500034,0.0,robipitt4
2026-09-28 09:31:19,day,finance,40,0xccbcf2b7ce194e74a2321b5d2cf349145d04508e,376.8128347105012,3974.610968,0xccBcF2b7ce194E74A2321B5d2Cf349145d04508e-1786821487982
2026-09-28 09:31:19,day,finance,41,0x6c55301b54cef7fc253e0fcfb8bfbd62cd1b67d4,372.55324956000004,0.0,Moonlightcat88
2026-09-28 09:31:19,day,finance,42,0xb1ae2773df489279cff5026cf2c9eff218873f6a,371.367391028,300.0,0xb1Ae2773dF489279CFF5026Cf2C9eff218873F6a-1769707836093
2026-09-28 09:31:19,day,finance,43,0x1e5a4e6f132f15580a0fb0bc6c0cc3c243f9935f,369.4438293499999,0.0,Taurusss
2026-09-28 09:31:19,day,finance,44,0x71abe97b83eaba3f06cb04fd4d9a03ee37d2f015,362.3864974875073,0.0,groth
2026-09-28 09:31:19,day,finance,45,0xb6077a100f16016e2e88149f4567ad4360c260fb,357.5072642264986,5240.22,yesasdgfaskdfhask
2026-09-28 09:31:19,day,finance,46,0x81525952f172646a4104030e9a9ef1e769c7bfda,345.41491382549975,0.0,KimJonEn
2026-09-28 09:31:19,day,finance,47,0x3f6547dcd963bba9bc6948db924ab21f8ec97192,333.2567731500003,0.0,0x3F6547Dcd963BBA9Bc6948dB924ab21f8ec97192-1777135587144
2026-09-28 09:31:19,day,finance,48,0xc7d02944a76b9f83b199e9090ecc92c82d241f8a,321.0582932445058,454.248373,0xc7D02944A76B9F83B199e9090ECC92C82d241F8a-1776944395495
2026-09-28 09:31:19,day,finance,49,0xd5f6cc8826c2800b380e1170f3477c021adf03c8,312.59617270499996,0.0,0xreliqua
2026-09-28 09:31:19,day,finance,50,0xff165cf8eb75ee77933a7544d7cd600ccb2c7511,307.02861726500123,0.0,solwizzo-onX
2026-09-28 09:31:19,day,finance,51,0x14ac1110571c3288ff5612fe1ef1774ea9c2d92d,305.82797766800024,353.9,0x14ac1110571C3288fF5612FE1EF1774ea9c2d92D-1776264121059
2026-09-28 09:31:19,day,finance,52,0x28a286753fc2ae311da60189e0d5b99001be3117,287.23582144999955,0.0,Oreophilic
2026-09-28 09:31:19,day,finance,53,0x9ba7ebf3fc96ab54e25fdb62555ea5b0df5fa833,260.2239287900029,0.0,BondSeeker
2026-09-28 09:31:19,day,finance,54,0xbdcb293dd41148a20895d0e818c0d96c0756e811,256.04130140000416,0.0,ourdemocracy2
2026-09-28 09:31:19,day,finance,55,0x8b8762de175b0c9c86453239e0dabbedd6d73e8d,244.70953499999814,0.0,MickyMauldib
2026-09-28 09:31:19,day,finance,56,0xe0f1e7751df4035f78a5eb2f4296c98b4d5bc4bd,243.2455517469998,0.0,CompulsiveGambler
2026-09-28 09:31:19,day,finance,57,0x7f9e2d1df78614564a70becc7fa14aa9a6623a0e,242.63713950950478,0.0,LulaVaiPerder
2026-09-28 09:31:19,day,finance,58,0x6aa9362210a4a8d2286deb5bfefc407841837d3d,242.23869092399985,233.312771,spyladder
2026-09-28 09:31:19,day,finance,59,0x99012d12a47cb06e777cbacb156dbd82edfc6046,235.62083495799743,0.0,SuperFake
2026-09-28 09:31:19,day,finance,60,0x0164c35d78f87db2658044c2c64d92254c309ed6,234.6742469750002,0.0,yevhenry
2026-09-28 09:31:19,day,finance,61,0xcf070b9ed273abd6185a4253713ce8e64c0ec770,230.3242265449997,40.0,MaxEnt
2026-09-28 09:31:19,day,finance,62,0x9592adb70397e9de67ba9abe6971e3f50fb7a7b8,227.74365678200024,0.0,meagainsttheworld
2026-09-28 09:31:19,day,finance,63,0xe57ab8ec1bd537476c1986e9768fbbc2ec99e196,227.04553208499783,0.0,Noahrichards98
2026-09-28 09:31:19,day,finance,64,0xf28c7b2efa875580a79f8c8810deff374f51cdf8,225.54999999999927,0.0,0xF28C7B2efA875580A79F8C8810DEFf374f51Cdf8-1774419743181
2026-09-28 09:31:19,day,finance,65,0x88c4919de76e526d55a32c1f8afb439dd1f1129a,225.46892535349616,0.0,RenanPresidente.
2026-09-28 09:31:19,day,finance,66,0x00cb3eedc099e8c59b957beceb55205669e7e987,225.16544999999994,199.01,qfwdsd1
2026-09-28 09:31:19,day,finance,67,0xc46e1b1753ef0adf35483e042cecc0b743679ed8,223.055297597,0.0,jgcrm9up97bz
2026-09-28 09:31:19,day,finance,68,0xf9efef8ec6235e547ae1ce1ff0de4347e68320eb,219.34139607099928,3449.223888,jeev
2026-09-28 09:31:19,day,finance,69,0x97ead83eb0e6b7f142e63284791882f05ddf3363,211.84614627500014,0.0,Hakei.
2026-09-28 09:31:19,day,finance,70,0x8964b58c08b784ecfe1d9344223692263d130bec,206.12843763349883,0.0,DegenerateJanet
2026-09-28 09:31:19,day,finance,71,0xedc84058541b1ef3586be91fd56860c1de283296,196.55915945499987,4806.089999999999,0xJasonSan
2026-09-28 09:31:19,day,finance,72,0x8a4c788f043023b8b28a762216d037e9f148532b,178.8100300465012,0.0,occasionalAwareness
2026-09-28 09:31:19,day,finance,73,0xc58ba11733ecdd0c9c77bb9261570656c2fbff58,174.32256469999993,0.0,WorkingIsBad
2026-09-28 09:31:19,day,finance,74,0x9efdf8932077f748fa000ec4e74996829e21b227,169.86011161102215,0.0,zxdw
2026-09-28 09:31:19,day,finance,75,0x78cc6987a25d57e367fd4eb19df27612393bc56e,166.50328240000044,0.0,0x78cc6987a25d57e367fd4eb19df27612393bc56e
2026-09-28 09:31:19,day,finance,76,0xe8d3099d9cf42b421f13937d46194b1476b92306,164.57047125000003,573.61,CauchyBraids
2026-09-28 09:31:19,day,finance,77,0xd6321c049c527e8a622d6aa35f514ae74f798afb,159.0098725750002,139.58,GenaTheBondKilIer
2026-09-28 09:31:19,day,finance,78,0x1914ca290aa987c5e2de0a43346ecdd2a33036f9,154.7884927420003,1005.3883109999999,dianjingshigou
2026-09-28 09:31:19,day,finance,79,0x1fe79e1e6990cc1fa2d015280fe7fed530a07fa7,147.92597920000003,0.0,0x1fe79e1e6990cc1fa2d015280fe7fed530a07fa7
2026-09-28 09:31:19,day,finance,80,0x377326c9360302d15d5ce7f7ad5718e27837f0dd,147.86135186500263,699.983091,Alegrandebig
2026-09-28 09:31:19,day,finance,81,0x70f8bb3b044e8f1391624cbdb98067ceac3e7fb5,147.8084176714998,1793.307164,Bla-485
2026-09-28 09:31:19,day,finance,82,0xc6e1926fdb49f824e62e24f5434da966ba3e3b95,139.99995287399997,0.0,0xc6e1926FDb49F824E62E24f5434da966bA3e3b95-1724106061724
2026-09-28 09:31:19,day,finance,83,0x264cbb7263b0c336c58fb5a5de1773896e6bbaca,139.9976154720016,0.0,sdhyky
2026-09-28 09:31:19,day,finance,84,0x7e25fdc916e1efd017064e49664b526912c5c7db,138.12584499999866,0.0,jv6000
2026-09-28 09:31:19,day,finance,85,0x8e4f8d2922fa1f5312f89f36d3f4c358c6924594,137.76969549700019,428.116667,abdoohl
2026-09-28 09:31:19,day,finance,86,0x6d9fc316c3b8377060a44b852ba664adbfd59790,133.36240354099937,0.0,MEPP
2026-09-28 09:31:19,day,finance,87,0xa927cdfebebe4ba309386f12201f4fb0bccb8d9f,131.47054882000066,0.0,JabJabich
2026-09-28 09:31:19,day,finance,88,0x88ce95ec67bee7e3c3de3cb9f255ac537897cb62,131.07500000000005,0.0,lenni62
2026-09-28 09:31:19,day,finance,89,0x963137a0ba0b02ebf6f37710023cc1b0303289a1,128.7761425839999,0.0,0x963137a0BA0B02EBf6F37710023Cc1B0303289A1-1764031525036
2026-09-28 09:31:19,day,finance,90,0x167a807987c8da3aea97bc36cb394fc04d3c91d5,127.85282235300087,1284.6100000000001,longdated-poli
2026-09-28 09:31:19,day,finance,91,0xbcfe65402a38e281affe94770381f19eb061ee58,127.33232011500013,0.0,Hdbeh655
2026-09-28 09:31:19,day,finance,92,0x736539924a5602b37a03a54fc12c1cc8f98964da,126.52121528499993,1343.4210540000001,Contentious-Dinnerdate
2026-09-28 09:31:19,day,finance,93,0xeb490d0534bb68b4c2ce139b219a728cd2c3693e,125.72400867300166,10000.0,SuperavitFiscal
2026-09-28 09:31:19,day,finance,94,0x890d33f9c1620806a98341c243f782fa63b215ac,125.6334848990009,0.0,OrbitSugarFree
2026-09-28 09:31:19,day,finance,95,0x2f63dbd36cfff1952a88d9f704bd58bcb78cf247,124.63415959500026,0.0,Eric018
2026-09-28 09:31:19,day,finance,96,0xb7d36c71f9bd6a2a628141225e84cbeb37444056,122.81327198500003,0.0,ranran22
2026-09-28 09:31:19,day,finance,97,0xefcedda09b4f2224c856edbd9c41c1d6db124e4a,122.60906603000012,0.0,0xefcedda09b4f2224c856edbd9c41c1d6db124e4a
2026-09-28 09:31:19,day,finance,98,0x7650e94d9c2decc455d7e2b9f8af0c0aa319fac1,122.08586999999989,0.0,JT716
2026-09-28 09:31:19,day,finance,99,0xff7ca9cd180d33119e653e3eb50555a3e2ccb233,121.93676567149794,1358.27,0xff7ca9cd180d33119e653e3eb50555a3e2ccb233
2026-09-28 09:31:19,day,finance,100,0x08c95f70b0565ee01fbb30705b61aa641616a2ef,120.96807052500662,0.0,ourdemocracy
2026-09-28 09:31:19,day,culture,1,0x8565b21d736741147592264d75cc26ccf2040c43,5131.304609130002,0.0,dddtrips
2026-09-28 09:31:19,day,culture,2,0x524db836890e08aceb3abcdee98d44240e324495,3556.980615000001,30500.12,Mac-Gyver
2026-09-28 09:31:19,day,culture,3,0x23cd41e50c4ea02e13f9cbdcbd8631f9bc6f377a,1979.0208131215004,6884.409752,prinzealbert
2026-09-28 09:31:19,day,culture,4,0x96489abcb9f583d6835c8ef95ffc923d05a86825,1832.8496717679664,0.0,anoin123
2026-09-28 09:31:19,day,culture,5,0x9f117e88f89f4b366d09cbb2e3056fa44754ddc4,1606.9975600610005,0.0,Lazlo1
2026-09-28 09:31:19,day,culture,6,0xa2cd4ccda9a1f95949df7a3355c4c2daa0642ba0,1455.9755194401368,0.0,0xA2cd4CcdA9A1f95949DF7A3355C4c2DAa0642Ba0-1729178570395
2026-09-28 09:31:19,day,culture,7,0x5eb0cd907aa0b7b4df11552e817570e265ea5012,1422.4563194149978,192.36,arbandy
2026-09-28 09:31:19,day,culture,8,0xf9db42cd8186e1547c85bb80f2616af109c88dc1,1275.87526747,2684.524747,Gabriell11
2026-09-28 09:31:19,day,culture,9,0x353b51686ed2f205bf506594ce3ffbf5030cca50,1120.1856448099995,8592.445364000001,bigtimeZ
2026-09-28 09:31:19,day,culture,10,0xea4262df401e12cb0efa039f061a1f4b1a486b0d,950.58963820606,0.0,world-changer
2026-09-28 09:31:19,day,culture,11,0xb1ca909e848cc24ec4e220ce1c453bc290c51705,932.1812889160572,0.0,InterestingUser
2026-09-28 09:31:19,day,culture,12,0x955c9661bf6e010beff0ba896a49f715a8c8990f,905.9570930690002,676.4300000000001,0x955c9661bf6e010beff0ba896a49f715a8c8990f
2026-09-28 09:31:19,day,culture,13,0xe904443b4084bbda216e344353a44cd4324a2d9f,825.4053581649994,4862.753914,shovelingdigging
2026-09-28 09:31:19,day,culture,14,0xc58fb1ac447ef901b60e1ac447c49ab4f28ae0aa,783.554811918,2215.902182,0xC58FB1AC447Ef901B60E1Ac447C49Ab4f28aE0aa-1787056656324
2026-09-28 09:31:19,day,culture,15,0x102df91c7d1ff92cffbb8895428fdaa6d0f7c9af,765.8012826579998,4629.1037719999995,Bawa7172
2026-09-28 09:31:19,day,culture,16,0x21ffd2b7a212a6f277ed3eca1a9f8efcbca90d71,756.0056498569975,15626.984188999999,Haradwaith
2026-09-28 09:31:19,day,culture,17,0xb0ccfba29aaf3c20ce28cf97349c951ba589f09b,682.43579118,2835.1223819999996,EffyBig
2026-09-28 09:31:19,day,culture,18,0xc4d5a24a240ec9f52669e3251e0473fd0c5687cf,680.5853492304959,26369.258216000002,bipbipbop
2026-09-28 09:31:19,day,culture,19,0x12ed45d2b45259d27a7fb593e564cd269c4fc9b4,675.7725449489999,14220.379504999999,sazzaa
2026-09-28 09:31:19,day,culture,20,0x6bc72ca463dbf9090939b93e8fb672587bc055fa,645.1145709119996,0.0,prostakov
2026-09-28 09:31:19,day,culture,21,0x2b3d1e9bdf941d435dc91a8b974b86f7064c8db7,642.5490148904883,2486.029849,crckr
2026-09-28 09:31:19,day,culture,22,0xbf93328f8b69273453228a82c913207731822fd7,594.0,0.0,hell0pia
2026-09-28 09:31:19,day,culture,23,0x7b2ff18f435e738980e06a2c8a33839267137f5c,547.0154750000022,7158.32,ageg43oiklbd
2026-09-28 09:31:19,day,culture,24,0x993f451b6d5c21996b1bf688493cea9c4c823ee3,547.0010826234993,0.0,hitjnn214
2026-09-28 09:31:19,day,culture,25,0xed107a85a4585a381e48c7f7ca4144909e7dd2e5,508.54806598299183,0.0,qmarktea2
2026-09-28 09:31:19,day,culture,26,0x6f1901e9a069db659339b086d50d6e02da93b9ff,497.9485315770007,3648.8750550000004,Mantzuraj
2026-09-28 09:31:19,day,culture,27,0x8c80d213c0cbad777d06ee3f58f6ca4bc03102c3,450.3775320739951,0.0,SecondWindCapital
2026-09-28 09:31:19,day,culture,28,0x62c9a0a34324b42065ad3395642f13dd6545ece4,420.0005423399998,0.0,Crypto.king.
2026-09-28 09:31:19,day,culture,29,0xa0f21e6d351baa9185716b5c00c2925ed9621848,416.4884190520004,1695.4574670000002,0xa0f21e6d351baa9185716b5c00c2925ed9621848
2026-09-28 09:31:19,day,culture,30,0x215adbb63b47d0ca92f849fe2c2dc1adb0f6254c,414.17171974200085,302.86,BikesAreTheBikes
2026-09-28 09:31:19,day,culture,31,0x750545482cf883fcd5e7f7ad8e14d3f61a322978,408.857563985,3406.8921840000003,Jackybrown
2026-09-28 09:31:19,day,culture,32,0x7c4643f6c24296e877917a67f3de5c92c633bc6c,397.3194000000003,0.0,tomatosauce3
2026-09-28 09:31:19,day,culture,33,0x8b4bca1d794779e66e023d44391b2a86c5ab541b,369.9027716310229,0.0,0x8B4bcA1D794779E66e023D44391B2A86C5ab541B-1769764313952
2026-09-28 09:31:19,day,culture,34,0x9842a7fcf5724641044ae5c138b07cf823205ac8,330.5049559160001,30.0,hnbl2715
2026-09-28 09:31:19,day,culture,35,0xf4f88a1e25ff5dfae68326eb62049d6a1b7c5bf1,312.6653330955014,186.50965399999998,cosmicsteaks
2026-09-28 09:31:19,day,culture,36,0x0781872fe78deb6ad8147e482952b4a5461ec4ff,307.58840295799973,508.0,Spectrum
2026-09-28 09:31:19,day,culture,37,0xe386663d686c6a1eab6fba2ed25a4b3745b90361,305.239597236,0.0,Newmski
2026-09-28 09:31:19,day,culture,38,0x42c03b2a749674035741356945f9e2e6bcf4b200,294.8553566300002,0.0,KGFlawless-
2026-09-28 09:31:19,day,culture,39,0x7e5972bfc25819775ee5a9d4f191919375487b8b,285.81923250149816,2511.2200839999996,Gaditima
2026-09-28 09:31:19,day,culture,40,0xad96914d7762dac84ebbabafe366ae8ff24dd498,284.86687044100836,0.0,0xAD96914D7762DAC84EbBABAfE366AE8ff24Dd49
2026-09-28 09:31:19,day,culture,41,0x8efc884a7d3c458dc1e8fe47510944d2802b478f,251.0370647279999,0.0,funguy123
2026-09-28 09:31:19,day,culture,42,0xa757f76d9611b8335bc0a668fc1734440ce6d062,250.01600000000008,1447.0,Lord.Farquaad
2026-09-28 09:31:19,day,culture,43,0xb9eb019d3d00b8d32ef1f2ddb697a7d1cbc7ab05,238.09523809401435,0.0,Gracious-Hugger
2026-09-28 09:31:19,day,culture,44,0xe562cfbf7b3292e0deb29a5b8fd3c38af4794fa9,222.76716104699972,0.0,Hyp3rion
2026-09-28 09:31:19,day,culture,45,0x06c7491984260557cb10dd8dd22e844e0602dc2a,219.99947000000003,385.0,0x06c7491984260557CB10DD8DD22E844E0602dc2a-1730685827421
2026-09-28 09:31:19,day,culture,46,0x69645cea639e7a19cbde6c126a197bc1abafef53,215.03972147999798,14247.098532,PredictionYogi
2026-09-28 09:31:19,day,culture,47,0xec02fcf4918e22023f7b49b763281cae7dec70fc,209.79799498199986,0.0,Deni13
2026-09-28 09:31:19,day,culture,48,0x6d3fa0200fec1dbcf4dd7e4408aa1e53779ca942,208.60154366999996,0.0,stauffen
2026-09-28 09:31:19,day,culture,49,0x9574537d031ac68f2fefd4780e930d448a860089,207.82740000000922,0.0,0x9574537D031aC68F2FeFd4780e930d448a860089-1776565971121
2026-09-28 09:31:19,day,culture,50,0x4d064064c89ad62f1866a7ed4e85f6c5d885b2ea,207.4224809679995,4595.724796,RootWoot
2026-09-28 09:31:19,day,culture,51,0x45b39e1f71e47fd4afe4b988ffad690b644735bc,204.1322296979779,0.0,onekey09
2026-09-28 09:31:19,day,culture,52,0x6c439f2c136efab50b08cd8a52de3dfb070dfb9b,201.2144482900012,0.0,BlueBase-568
2026-09-28 09:31:19,day,culture,53,0xfbcbd30ee172d6750364c117d989c4c049eebb5d,196.7903250000013,10668.48,ElonSimp
2026-09-28 09:31:19,day,culture,54,0x274731566031275feacf0d4ec4c4fbf84a67fa5a,195.43878087999997,2628.524943,kakdelaa
2026-09-28 09:31:19,day,culture,55,0xdc71bed951076a6dfd27f6a341c441b8543ed033,190.51787512001465,0.0,0xDc71bED951076a6dfd27f6A341C441B8543ED033-1760135940099
2026-09-28 09:31:19,day,culture,56,0x037b1f854b0cd92dab0decc174a12e906d5da36f,184.8635500000001,685.91,alamedamemola
2026-09-28 09:31:19,day,culture,57,0x5cd5c8d7a17c78d7389d8b87b611aed83322ac33,182.65929203999985,0.0,nonkenny90
2026-09-28 09:31:19,day,culture,58,0x73836f35d84a6080ebe035195be41ba114d4bd0b,180.60934691800503,0.0,EricaXBT
2026-09-28 09:31:19,day,culture,59,0x7f42267ac46ce8c160830b3052d93bba2cf236ff,171.79749876651476,16619.128017,waterwaterwater
2026-09-28 09:31:19,day,culture,60,0x9578af80708f271f705e27867dcf6ec653acf066,163.75679692499847,838.04,KimchiCapital
2026-09-28 09:31:19,day,culture,61,0x93fb8127a1b21a112b11af936361225df0563e4a,160.22533904,0.0,LlamaLoco0000
2026-09-28 09:31:19,day,culture,62,0xeda045f91a24d199f78ef1f591fbbe6a5b517dff,158.11664895050006,143.403527,rocky42018
2026-09-28 09:31:19,day,culture,63,0x079a39f6d15ef5607ab19f27e75a06aa8a46d3df,157.50000000000003,0.0,Mohammad463
2026-09-28 09:31:19,day,culture,64,0xc412fdbe9956c2e242e8b45fae131c3e8598592d,157.43067126950064,3055.008459,BetterFish
2026-09-28 09:31:19,day,culture,65,0x2254d788eaa439760f445118755a4334bce65ddf,156.57627551000004,269.14,It3
2026-09-28 09:31:19,day,culture,66,0x5d2f49295387e01a49f0a3e59449ceed791c4adb,151.79596564500025,500.0,MikeMoore
2026-09-28 09:31:19,day,culture,67,0x9ba9dec33838f4ec9f032f7247d7481987e63ce9,150.29824999999255,0.0,TeamA
2026-09-28 09:31:19,day,culture,68,0xac482f27ac3d1144ca4f778af405eb5cac5d2feb,147.2624159620318,0.0,CryptoFortunate
2026-09-28 09:31:19,day,culture,69,0xe1445d5487c3dc98093ee32eb645e8dbe7e1487f,142.822350498,999.9110719999999,0xe1445D5487C3dc98093ee32EB645e8Dbe7E1487F-1769398966621
2026-09-28 09:31:19,day,culture,70,0x3c8ac6a99d9c7a41860aec2ae7520c7aaa68b45a,139.84262251399923,0.0,momom
2026-09-28 09:31:19,day,culture,71,0x1214f1c5b69955a2719831a8f37c71ff9e1febec,133.801126746,255.0,AIbubble
2026-09-28 09:31:19,day,culture,72,0x0df46cd4065c0706bba1cbf771b6e69e2caec7cb,131.62369999999999,0.0,0xbFfcF3C634B368F277adC26dF75E4560d72156AD-1777985220216
2026-09-28 09:31:19,day,culture,73,0xa3a39a3746dbd55f3a33ae38bd27ae2804c2c2f9,131.11418999999296,0.0,charliealmanack
2026-09-28 09:31:19,day,culture,74,0x048a9d673a40171a1cf44ef518893d35fdf09be4,129.2135044995,0.0,PavtheGreat
2026-09-28 09:31:19,day,culture,75,0xb260e618bd5b0351f54cbb6b2370def471af715a,121.604215689,268.398838,Hit-man
2026-09-28 09:31:19,day,culture,76,0x52e3ddefd4d851adf4c181bfe496dd99d66782d2,116.66000512999017,0.0,0x52e3dDefd4D851aDF4c181bFe496dD99d66782D2-1774177146439
2026-09-28 09:31:19,day,culture,77,0x10df1cf36653da12cff1f3725e12a7b4644e04a9,112.15357937199985,0.0,0x10Df1CF36653DA12CFF1F3725E12a7b4644e04A9-1740754053101
2026-09-28 09:31:19,day,culture,78,0x21405be22aa7fc6983d91113b79d94cd73c35790,109.62345819850003,0.0,Entropy8
2026-09-28 09:31:19,day,culture,79,0xac4a1fabdac2438d6afa2a9e8e83845310a0bf1e,108.80351406750628,3486.2848630000008,HerrieDavis
2026-09-28 09:31:19,day,culture,80,0xeed7c2e6c4e998fd50098b66144ee8dff01d16b2,102.9337514910003,2233.83,grinder1011
2026-09-28 09:31:19,day,culture,81,0xf14ec403ec03d8f5329aed6587252667bcc76173,101.10131515400053,1233.7657159999999,0xf14ec403ec03d8f5329aed6587252667bcc76173
2026-09-28 09:31:19,day,culture,82,0xbeb167a6c472df9fad8aac13ff1d6ad8eb2f2630,101.09298109050003,463.13081,infoowl
2026-09-28 09:31:19,day,culture,83,0x677f5e0cbc9dcecd13b643f513a9a058097b59ad,100.60926173100074,8182.678062999999,livepo1y
2026-09-28 09:31:19,day,culture,84,0x69448d9d3ae6c6c62d94ab9c1ea696532fa47275,100.3787415060001,200.0,helpinghans
2026-09-28 09:31:19,day,culture,85,0xed92af444ca73cada013610e192e9fa70cf45c02,98.03265112999998,0.0,Sony237
2026-09-28 09:31:19,day,culture,86,0xc55451833341ee4c38a9441a32449ed6dab3efff,96.51767122799993,0.0,vedanggg
2026-09-28 09:31:19,day,culture,87,0x122cb94c437ea5e6f088c6c0c143c592ab8efbed,96.45373000000086,8351.039999999999,Cb94C437EA5e6f088c6c0C143c592ab8EFBed
2026-09-28 09:31:19,day,culture,88,0x458b028fa7208eb0ad0c4a26f0de6057e0e3d686,96.42930822100001,446.35857300000004,CharlieMorales
2026-09-28 09:31:19,day,culture,89,0x410aa391edffa58af64517ec579af5def62b2643,95.33716236799955,0.0,afdafdafdafdafd
2026-09-28 09:31:19,day,culture,90,0x633f725a19d81fc27b1b6017f355a2840ecce4ee,94.04975253599991,0.0,niceone369
2026-09-28 09:31:19,day,culture,91,0x975bc0e368b7f1771d4a559f637ecaabd41f149b,92.17016218200001,0.0,pookyisback
2026-09-28 09:31:19,day,culture,92,0x72cd7aea7a73cec00ee027dc844d29ee5033ba23,91.47040646699907,631.05,rovim-plymkt
2026-09-28 09:31:19,day,culture,93,0x38f50488b14a87769e0c5cd6c514b6c2e8ec6824,90.3249271149989,0.0,smellyEllie
2026-09-28 09:31:19,day,culture,94,0xedc1972a9a27e6c5d66818cf2e5411ee60e60a06,90.06197794999997,5690.012049999999,0xEDc1972a9A27E6c5D66818CF2e5411eE60e60A06-1772705402382
2026-09-28 09:31:19,day,culture,95,0x128cd861e622eb5951c55b730ec60115a46bad12,89.9988229899999,1140.242173,zhangyu1377
2026-09-28 09:31:19,day,culture,96,0xdeca7deef34aef833efd800a92f3de26042910ff,89.48758854750002,0.0,Savannah2026
2026-09-28 09:31:19,day,culture,97,0x41583f2efc720b8e2682750fffb67f2806fece9f,89.34616515600004,0.0,Toncar16
2026-09-28 09:31:19,day,culture,98,0xfb9d744a5cc604dc5211d76614e135b178476577,88.95025305850001,136.63,jafacakee
2026-09-28 09:31:19,day,culture,99,0x50a8a3e47f7048747aed551fcc38d9f0cbb298ed,88.84749241249995,3503.929607,elonplstweets
2026-09-28 09:31:19,day,culture,100,0x87a9157fffce89ce17201716abade38cf68b4bdf,87.39788636549991,381.014,sange111
2026-09-28 09:31:19,day,mentions,1,0xb10047d6a254b2ebb306d7a7d13bf59171ab6461,198.03877000000125,540.0,Parz1vaI
2026-09-28 09:31:19,day,mentions,2,0xdacf9f8d0341fa3770fae5c7ccd9dcfed23e3c74,142.62767580800013,0.0,CosmicCedar
2026-09-28 09:31:19,day,mentions,3,0xf66ceb07affeed8b86737de32ef3fbec02bf4ab1,139.36691805,540.188,Kulborg
2026-09-28 09:31:19,day,mentions,4,0x4b8ae011176b76888949476d7fb7a56985faf4a4,114.0352107549993,628.52,chessplayer
2026-09-28 09:31:19,day,mentions,5,0x36dafd0ed99d902f8bdfe9e090ecdc48b053907b,85.53966591699975,30.0,0x36dAfd0ed99D902F8bDfe9e090ecDc48b053907B-1762688421136
2026-09-28 09:31:19,day,mentions,6,0xf9efef8ec6235e547ae1ce1ff0de4347e68320eb,78.18328489999993,0.0,jeev
2026-09-28 09:31:19,day,mentions,7,0xff1e352d5310eab17d1e9fd7e00ec33f16c05e2d,69.0034,0.0,0xff1e352d5310eab17d1e9fd7e00ec33f16c05e2
2026-09-28 09:31:19,day,mentions,8,0x4c9affa3a4f5ba6b9ab3dd272c20e47ea47e0cd4,55.847160314500115,50.0,pppnn
2026-09-28 09:31:19,day,mentions,9,0x5f3ee9c40be255d1c18ca38bf4ab94b564c75337,52.321839783499854,61.989999999999995,0x5F3ee9c40Be255D1C18cA38bf4Ab94b564C75337-1776862065527
2026-09-28 09:31:19,day,mentions,10,0x7d66a34c687f0643323374f7c42800ebf793ba3e,36.9,0.0,0x7d66a34c687f0643323374f7c42800ebf793ba3e
2026-09-28 09:31:19,day,mentions,11,0xd8d5289c35124b5353f5a10a28b8cc29aec38935,36.43253000000004,0.0,D8D5289c35124b5353f5A10A28B8cC29aEC38935
2026-09-28 09:31:19,day,mentions,12,0x21ffd2b7a212a6f277ed3eca1a9f8efcbca90d71,31.263411381000026,153.02999999999997,Haradwaith
2026-09-28 09:31:19,day,mentions,13,0xfe9f37787fdced3e7432820210f8f408baf78e23,24.250000000000007,150.0,Rhythm-of-Fate
2026-09-28 09:31:19,day,mentions,14,0xa45fd80cebd05390a9155c7f61b8b7b91890d6cb,23.112000000000023,0.0,pykue
2026-09-28 09:31:19,day,mentions,15,0x80ed3442ee13ca855d90cf78cede3ad3f66ece26,23.04886255999986,531.51,0xtrador
2026-09-28 09:31:19,day,mentions,16,0x8f3166b79a019a1f451d86513604ffa1f74a84a2,22.5793525400001,5.0,0x8F3166B79A019A1F451d86513604Ffa1F74A84A2-1785673333356
2026-09-28 09:31:19,day,mentions,17,0x4247c89f4a9236a6b5fb24502023bcc98ab1455f,21.867665000000002,492.66605,09F911029D74
2026-09-28 09:31:19,day,mentions,18,0x9b559c039873cd794668492af33b748b6b0a1167,21.85549500000002,0.0,pagliacci4
2026-09-28 09:31:19,day,mentions,19,0x4b19e0ae70f76911562a1c277f4b5257ba8e3ee1,21.760162999999977,399.53605,motherofgod
2026-09-28 09:31:19,day,mentions,20,0x1964d019f4cae8dcc0f36cb80e0ec88084c15461,21.050685137499883,30.133000000000003,0xs55555
2026-09-28 09:31:19,day,mentions,21,0x29eda18df836ad93a8c285f97873bbe26118a8da,20.349999999999994,60.0,29EDa18df836aD93a8c285F97873bBE26118A8da.
2026-09-28 09:31:19,day,mentions,22,0x1faad82973cca96e51b52fc0022e34604f73406e,20.319999830000015,0.0,mutuallyinclusive
2026-09-28 09:31:19,day,mentions,23,0x9dd483126ebe16f2d853d49060040b556a95a038,19.22480432800012,0.0,HyperboreanBryanCaplanFan
2026-09-28 09:31:19,day,mentions,24,0x299cb40195d270438f8950902f242d796457d85e,19.15431999999987,0.0,0x61824002685454-836100846371
2026-09-28 09:31:19,day,mentions,25,0x594d8a30d544e3d00c3cf25339cd0f5da0fea217,18.74802846,0.0,fafafaf111
2026-09-28 09:31:19,day,mentions,26,0xd4ce0a7ae5c0f1df855ffcb2d37aa26b66d496e8,18.16516645500002,0.0,l1v3
2026-09-28 09:31:19,day,mentions,27,0x758dac51ba3cc9a246a79787da9df11c5f425d9e,18.158153566499976,1075.9223,a5533
2026-09-28 09:31:19,day,mentions,28,0x6e4c0e64d67e810a41013daa4732417b71195c55,18.0,0.0,0x6e4c0e64D67E810A41013DAa4732417B71195C55-1773387851549
2026-09-28 09:31:19,day,mentions,29,0x521070c99db06e54af5e8e4a91d6858decdfbd53,17.095590000000016,0.0,RadioFreeZerg
2026-09-28 09:31:19,day,mentions,30,0x52ebca459280966f4a56240a05e38df8527067ac,16.95525406499999,0.0,AMAM13
2026-09-28 09:31:19,day,mentions,31,0x30fb41b5a08fff5d3dd983f6323e3343931a7db4,16.422197045000075,0.0,tradetosurvive1
2026-09-28 09:31:19,day,mentions,32,0x25a74e4d0795b842a4e8e934620781e3c5f48b7c,16.25730787349994,0.0,cerco
2026-09-28 09:31:19,day,mentions,33,0xadf18a599d0c73e432d042ad6d922051ae796460,15.894413199999995,120.02000000000001,Kactus
2026-09-28 09:31:19,day,mentions,34,0x852a61deac7872fff2c6a80ee82c059d6a8d3188,15.69254725799965,0.0,BlondBeast
2026-09-28 09:31:19,day,mentions,35,0x8673d3a19c559f43241312894bb82fc4fd8559a5,15.343033354999989,0.0,ezfzezefze
2026-09-28 09:31:19,day,mentions,36,0x2b340fca886b3c7a2cc928c4a89162133fe4b202,15.299999999999997,0.0,Fluo
2026-09-28 09:31:19,day,mentions,37,0x154794795d978c5890b3f69264311f0bd966d066,15.259540000000015,0.0,PMTraderAdam
2026-09-28 09:31:19,day,mentions,38,0xad5353afe30c2da57709e2704ef3ccdcf67eef24,13.671857585999987,0.0,AJSV
2026-09-28 09:31:19,day,mentions,39,0x8833ed3241e0bcdb7052df5b3bf1af2816373ea1,11.862876970000002,0.0,CR7ofRewards
2026-09-28 09:31:19,day,mentions,40,0x17f4b0fe0b10bcb3b04cfe102a6bc2c8ae659d7f,10.13481500000006,0.0,justmeandme
2026-09-28 09:31:19,day,mentions,41,0x75978edaeed0b4aba863a73f7bcb4ab6205e5f01,9.632038890000047,133.0,ruletheworld
2026-09-28 09:31:19,day,mentions,42,0xb41ead279375742d6c2a1a2239bdce56376411fd,7.603572588000004,121.538079,b41eAd279375742D6C2A1A2239Bdce56376411fD.
2026-09-28 09:31:19,day,mentions,43,0x04f6dab1a3d35fc9ad828536cd0f493013fd311a,7.141666740000005,0.0,LineEditor
2026-09-28 09:31:19,day,mentions,44,0x9ded601bea574a5aed7fb21b919edb0b15f4b2ab,7.022476353500004,0.0,SoraJ99
2026-09-28 09:31:19,day,mentions,45,0x9d736920e486176e7df7a76fa218f1ebd853216b,6.838770000000068,974.98,AlAhmeda
2026-09-28 09:31:19,day,mentions,46,0xc602e34792d9a5e129f3404daef2df43d1d37fc1,6.757080605000002,35.88,Dr.PNL
2026-09-28 09:31:19,day,mentions,47,0xe8fcb5f37ef114be04c7e54ff601730117340d3b,6.13754999999999,0.0,Fihdrzgdd
2026-09-28 09:31:19,day,mentions,48,0xbe74297ff19030f104ce1d538709f43b30eca70e,6.118890648999994,0.59,title1
2026-09-28 09:31:19,day,mentions,49,0xb0180056fa1473369948e3ddd5b1b35da4ab22f7,5.415185620000001,0.0,0xb0180056fa1473369948e3ddd5b1b35da4ab22f7
2026-09-28 09:31:19,day,mentions,50,0xecef81de6dbc37a7f817a3a5113e5c964b8a4909,5.277094651500008,0.0,Flingflonger
2026-09-28 09:31:19,day,mentions,51,0xe35aed3e013a00de82620f91418b2180efa84bab,5.102999999999999,0.0,achimyth
2026-09-28 09:31:19,day,mentions,52,0xf797d4d1c038d1eb0593edae0e66bf8e4b2e0bf2,5.100000000000023,0.0,DerDon
2026-09-28 09:31:19,day,mentions,53,0x3d3a7ef2707a50c6336504307c2b5cd9e64753ff,4.835958394999999,0.0,jzr09
2026-09-28 09:31:19,day,mentions,54,0x4613fd0ac1702f819cc64c67226641a4bad07932,4.83250000000001,0.0,0x4613fd0ac1702f819cc64c67226641a4bad07932
2026-09-28 09:31:19,day,mentions,55,0xc757850237e266d3b08d16b8455777a88590ccfc,4.8279999999999745,0.0,tianjiyuyunzhilu
2026-09-28 09:31:19,day,mentions,56,0x5188fa0e8a77e87bc6a58e6781fdfc4e165cc804,4.5,0.0,AllByMyseIf
2026-09-28 09:31:19,day,mentions,56,0x5a75758a4a13d3322b1e7a2b30f48c6763bfbeb3,4.5,0.0,aljarreau
2026-09-28 09:31:19,day,mentions,58,0x43e4dfff5c66a6a1d891086b904a11c962d642f8,4.336637504999999,0.0,0xd30Ca4419B606a22184AB4FCee5aAE615a08420B-1775549378014
2026-09-28 09:31:19,day,mentions,59,0xf875cf328c6d840fbe87b2228c837952559f814d,3.4000000000000057,100.0,BackToProfit
2026-09-28 09:31:19,day,mentions,59,0xcecaeade076dafc88fdb955864da9d9c15693f67,3.4000000000000057,0.0,Everestpredictions
2026-09-28 09:31:19,day,mentions,61,0xc468b3b8564017fcf2bf9ede2608a0ea24b1009d,3.2933999999999877,59.88,PadreMaronno
2026-09-28 09:31:19,day,mentions,62,0xf5286079ada8dcfeaa44f7f1c87e1ec37c127e5b,3.271939479500002,24.0,garbagecollect4
2026-09-28 09:31:19,day,mentions,63,0xe6d02edcc44621c4a89dbfa5c40b044e14015b15,3.1866741959999842,0.0,vadret
2026-09-28 09:31:19,day,mentions,63,0xcbe21af3d7c8feb4577d01dd3c89461d36a3b059,3.1866741959999842,0.0,regregr
2026-09-28 09:31:19,day,mentions,65,0x11b71f2c8fef27a3e7174cd9b89a6a59fcb34b0f,3.113125355000001,0.0,0x11b71f2c8fef27a3e7174cd9b89a6a59fcb34b0f
2026-09-28 09:31:19,day,mentions,66,0x9e8ecc4cb3c4e48f544cba2fbbb252a6a65e8db8,3.087037799999962,0.0,DREAMBIG.
2026-09-28 09:31:19,day,mentions,67,0x7b89e13ed9d50428c466c6557c930ab17e4eddae,2.857242602500005,0.0,etghzcer
2026-09-28 09:31:19,day,mentions,68,0x51de66b7f3d10eceb99aab57622ca850655e9e4a,2.7994103200000016,0.0,0x51dE66B7f3d10EceB99aaB57622cA850655e9E4A-1779581016815
2026-09-28 09:31:19,day,mentions,69,0x2eae941760a06555cb9425712ee85da18c5c8d29,2.779817300000012,2.95,iminmymomscarbroombroom
2026-09-28 09:31:19,day,mentions,70,0x727e819c79ac4eb555518cccdfd424d2d4cf8b9d,2.7526149999999916,0.0,solder
2026-09-28 09:31:19,day,mentions,71,0xe87b95734bd84db47f725cc9aad10fc452838d24,2.725000000000005,0.0,valentovastan
2026-09-28 09:31:19,day,mentions,72,0x10d7853322eceb2e73f3e386e03056ae688aeb3b,2.6000000000000014,0.0,gurenus
2026-09-28 09:31:19,day,mentions,73,0xc975d7bcf7363c8ca1046753c49a5bf95a531983,2.5411915185,0.0,labronzee
2026-09-28 09:31:19,day,mentions,74,0x8a88237813a5f3999ce22423ab6a1c62f768b9c2,2.503191600000001,0.0,deepinside1873
2026-09-28 09:31:19,day,mentions,75,0x7a4a7cd8069ceac8a95ee2bf557e66871c195133,2.499999999999999,0.0,avverti
2026-09-28 09:31:19,day,mentions,76,0xc3a7bca628ccd2fd4bfc72f86c1f257e96e43172,2.4974999999999987,0.0,AntiVaxxer
2026-09-28 09:31:19,day,mentions,77,0x2b0178fa1cd2ed85338f89f76228a522bbaf9bd7,2.4570000000000007,0.0,HatiHusky
2026-09-28 09:31:19,day,mentions,78,0x31e1cc32e9e5109a73aebf3872f92a29c6b0faff,2.43985886,17.687026,alexbonu
2026-09-28 09:31:19,day,mentions,79,0xa24d3122ecad883b0fe1ff7b9b2d9967e23d3065,2.3499999999999943,0.0,Anatol50
2026-09-28 09:31:19,day,mentions,80,0x50396e4d9d11d38b0dcfd75280101a315f50946d,2.3100000000000023,0.0,0x50396e4d9d11d38b0dcfd75280101a315f50946d
2026-09-28 09:31:19,day,mentions,81,0x38cf62d2fee064fc6316775a4bde92d4a0f17148,2.3058499999999995,0.0,afflilbru
2026-09-28 09:31:19,day,mentions,82,0xf6c6f97260df6b37d0d047e756703f60ce6c7d80,2.2817459349999965,0.0,WeJustBettin
2026-09-28 09:31:19,day,mentions,83,0x6090fa9530ccb66936b3974689c4bbcf1bb46dbb,2.1815807965000014,0.0,intelligence98
2026-09-28 09:31:19,day,mentions,84,0x4fff3c11a5d9b77822e01792f933cdb28557be78,2.121916071999749,0.0,turtle911
2026-09-28 09:31:19,day,mentions,85,0x7bff96579b20fe3530e140d6a3c223c9f2127cd6,2.10789939,135.8,KingZeManel
2026-09-28 09:31:19,day,mentions,86,0x07855e710aaefc554a7251869b8525f94ae8f62e,2.0749999999999957,47.5,arehovbro
2026-09-28 09:31:19,day,mentions,87,0xb7606d0d3719c88f9b868a13015881af5222ccd7,2.009954999999998,0.0,theta-thunberg
2026-09-28 09:31:19,day,mentions,88,0x5e73afb20c2b27caccdaad9e49b97fd336576697,2.0,0.0,Newshound
2026-09-28 09:31:19,day,mentions,89,0x072cee131e3fe738d80483aa070c2d977148bd4a,1.9959999999999996,0.0,xxPredictionxMa5t3rxx
2026-09-28 09:31:19,day,mentions,90,0x5b42009a3309ff47127b626fb606e4f2c1ac8aae,1.9699499999999972,0.0,leurop0
2026-09-28 09:31:19,day,mentions,91,0x993b364feffc42346e28f242d1ad57446c70deda,1.8700000000000045,0.0,PerfectTaste
2026-09-28 09:31:19,day,mentions,92,0x0ad7f3411bc87f0b5362155e638f04ef05700971,1.7926379999999995,587.5930000000001,NFLandChill
2026-09-28 09:31:19,day,mentions,93,0x0c233406ed2e9022effc3fd63eb22f4d92fc01c6,1.7249999999999979,0.0,0x1ef01de817862024966e8242e923a6
2026-09-28 09:31:19,day,mentions,94,0x9b09abd59199df55aa110b5485fae7dcfb314f51,1.7022035000000004,19.9,LynBean
2026-09-28 09:31:19,day,mentions,95,0x4ad4aa15ca7c8746e38f34d16bb04cc733621704,1.7001133219998792,0.0,Kharekk
2026-09-28 09:31:19,day,mentions,96,0x706aa434f1ca2d58145542257f0ee13697e20d4a,1.6111112400000005,0.0,0x706aa434f1Ca2d58145542257F0Ee13697E20D4A-1756822939969
2026-09-28 09:31:19,day,mentions,97,0xa53cfd6cb8f2c4d913ff15394580bb2d61577ba0,1.6029249999999138,0.0,labal
2026-09-28 09:31:19,day,mentions,98,0x8f83d9aee0904ee17a8a80857056db3b8cb888dd,1.4699655999999948,31.42,0x8f83d9aeE0904Ee17A8a80857056dB3b8Cb888DD-1786436206033
2026-09-28 09:31:19,day,mentions,99,0x9dfb2df4d4e8433b6e8fd592d4a9a9366fcae887,1.4059000000000026,0.0,Legacy.crypto
2026-09-28 09:31:19,day,mentions,100,0x46299616ff1eb6544ca3ba653d431a20f207f3b1,1.379687294999993,0.0,0x46299616ff1eb6544ca3ba653d431a20f207f3b1
2026-09-28 09:31:19,day,weather,1,0x9506e646497107cabf2d5b941a8e6a60d0db1c4f,2005.3884281735018,11583.765718999999,0x9506e646497107cabf2d5b941a8e6a60d0db1c4f
2026-09-28 09:31:19,day,weather,2,0x8fbd7cf5f806f563080864694415829f7229a959,1291.442500855002,12523.554343999998,badatmath.
2026-09-28 09:31:19,day,weather,3,0xd25156e222c9b907b128e27c36821fdb41db4d37,1045.4119636444966,1528.973821,neo7777
2026-09-28 09:31:19,day,weather,4,0x6fdd2bda5c031d551f588f176535f061a29a0b07,938.6745047799986,6020.220000000001,averageuser
2026-09-28 09:31:19,day,weather,5,0x7bd9019211677f5db6e221d6a6da030ebcd0bd75,606.5070043794997,1062.541283,fElon
2026-09-28 09:31:19,day,weather,6,0x3f41732df5afa542082d9878fa94a9f19e769979,488.28566834499986,1288.04,FrogCharts
2026-09-28 09:31:19,day,weather,7,0x86b1d13d442471814d47218b1486cb364cc0c094,439.9940320195003,1839.5025409999998,eskk
2026-09-28 09:31:19,day,weather,8,0x38cf9743eb70188664d388d84d4aa4c6f40fd885,401.00541168100017,3383.059057,Leclerc04
2026-09-28 09:31:19,day,weather,9,0x686880eea810fa9141be46a1acec9eee41755198,348.92745810300005,8562.224928,opopv3
2026-09-28 09:31:19,day,weather,10,0x044f334595a7fd42c143e11c8ec47f23c8d1d1f1,348.87735083650034,3395.399474,gghff
2026-09-28 09:31:19,day,weather,11,0xd9fe6f0f41ca99fefa93c55d8890000e5a84db0d,343.5837739169991,18817.06875900001,ghorrock
2026-09-28 09:31:19,day,weather,12,0x814de45404c20dd9956737a83f7c8b0b039eb842,328.8904499999999,0.0,resfeber
2026-09-28 09:31:19,day,weather,13,0x261cefef3da858a09e269d2408dfc3cb91347242,306.4707420479999,13588.588496,15325
2026-09-28 09:31:19,day,weather,14,0xa82651e7d1912695e762b48161f5d14ce437f980,282.5449,1127.45,TheSauron
2026-09-28 09:31:19,day,weather,15,0x980b778659bb90ea06d1019eb2883786f8cb4f24,281.2055571254998,720.7657489999999,0x980b778659bb90ea06d1019eb2883786f8cb4f24
2026-09-28 09:31:19,day,weather,16,0xac644516c9791125f448871d1fbe32ce8c76866e,276.3058386459996,1481.7427280000002,0xAc644516C9791125F448871d1fbE32cE8C76866E-1779960016351
2026-09-28 09:31:19,day,weather,17,0x5bae7577f470244ce8e678d20693eee2b8ffed25,274.87980956549893,1273.0748149999997,makerabi
2026-09-28 09:31:19,day,weather,18,0x0e0e8174e213ff2c2ccb30c5652a7b7d77c72d75,269.11488683750014,2752.6918690000007,AuspiciousWolf
2026-09-28 09:31:19,day,weather,19,0x4f74fd3694138c4bc93104ba61bd580409d98774,263.2978971875,155.995,0x4f74fd3694138c4bc93104ba61bd580409d98774
2026-09-28 09:31:19,day,weather,20,0x7076cb961e87bd22199445d02fe22973510cd0d9,260.4276260144994,2859.5410770000003,5a82666suyuchen
2026-09-28 09:31:19,day,weather,21,0xb1fe8e3bacce4829bc4a434decbc6faefb4dcafe,256.80324499599953,1610.968095,zQ5da3x9V9ErKAPO
2026-09-28 09:31:19,day,weather,22,0x7d640ebd20cf136bee351100438bba44ca2e07f8,235.9947542370009,2574.123392000001,zytzrh
2026-09-28 09:31:19,day,weather,23,0xc878c6a7ba8ad896a897fe82e48b93fb66dfa6f3,230.24297930600005,2170.069633,ZEEBRA-KY
2026-09-28 09:31:19,day,weather,24,0x486c8e5df09352620636b38e849ac10272126799,229.37046649450122,4541.482293000001,anotherpootling
2026-09-28 09:31:19,day,weather,25,0x95d381e71dba6f1c3199fd9bc040383d6fae6eff,220.54478999049945,6254.687357000002,TunSahur
2026-09-28 09:31:19,day,weather,26,0x612094fa2acd67d2a38f02a4bb5559ae1a27f1fe,219.2151563350002,814.8281740000001,PintouOClima
2026-09-28 09:31:19,day,weather,27,0xfc7b11e443d5a0d8ff5adb1ec359e3d94cb27a75,207.63603833100007,1771.462662,abc91
2026-09-28 09:31:19,day,weather,28,0x8929a63143fba9416c8e0d3c96388b429c47733e,203.13411830099992,309.99,rocky42025
2026-09-28 09:31:19,day,weather,29,0x1e3f34502860d729385fe7da49375c408343675c,185.7118154149939,11091.795269,to010
2026-09-28 09:31:19,day,weather,30,0xe5b49b3b107cbf33f4e0644a9ee405596bf41e3e,185.1052309459992,0.0,Giannis2026
2026-09-28 09:31:19,day,weather,31,0xb6fbce093cdd139858c44148a6598d8ec028c038,173.72849999999957,2036.0,Weather-Guru
2026-09-28 09:31:19,day,weather,32,0xd378745e2b8140436a6e9a5229088451ab2d8141,169.3655450000001,1810.57,Tom365
2026-09-28 09:31:19,day,weather,33,0xebed2bb89ba2826df60e0b088cdd048924b07d9c,165.86733500000008,416.54999999999995,Lucas221
2026-09-28 09:31:19,day,weather,34,0x11f3c56d0583665247e5a494e8f7709c759ed859,165.60350999999991,0.0,johnnyA
2026-09-28 09:31:19,day,weather,35,0xc24fc1414aedfdc5406fa31e85cfed26704d087f,152.7655440154994,11899.150031000001,shyu5000
2026-09-28 09:31:19,day,weather,36,0x30200b893530920f253846199a153e6ac725df2b,143.54655438800035,1601.9593109999996,yongzhuanziben007
2026-09-28 09:31:19,day,weather,37,0x06e8b7d7474f561130533455b0a9bdcc56339c25,141.1381549330008,3035.6941580000002,6862584
2026-09-28 09:31:19,day,weather,38,0x368061bc161a471af8c753426c9f987d2a1bf087,135.52269345800028,1551.731,Sunnydays
2026-09-28 09:31:19,day,weather,39,0x38a1b79cc3b9c1742ac047c8c6e39e2f8aaf3154,134.082915,2960.76,wtrader2580
2026-09-28 09:31:19,day,weather,40,0x6b17d237e6b7f74ce8171d6dc68e07bc21c803b2,130.88473116099988,345.0,rocky42007
2026-09-28 09:31:19,day,weather,41,0xf51b1d560e33b1c56f8a9a4e8fec3d4800c0ca1b,126.56011528949978,3231.708718,0xf51b1d560e33b1c56f8a9a4e8fec3d4800c0ca1b
2026-09-28 09:31:19,day,weather,42,0x726e9d517a96053a87d3beafae95a3678539aafb,125.13185433000001,1390.048773,WorldHelloER
2026-09-28 09:31:19,day,weather,43,0x27f69473eeaa449c54022a91a3f342238978400b,124.60336974699993,245.34478000000001,0x27f69473eeaa449c54022a91a3f342238978400b
2026-09-28 09:31:19,day,weather,44,0x0c28d976bbfaad597a678f6fc3794d6ba56a9844,123.50945489350022,1298.6251730000004,youtube-trader
2026-09-28 09:31:19,day,weather,45,0xa7d2ec6680f4e5f6ab0da244d8006eec3e20f954,121.93797012499773,338.658062,KiruaTrading
2026-09-28 09:31:19,day,weather,46,0x8cc1262cf53b83047926e09af8e5ab3bf537b9f8,119.17281530899993,4829.044454,HKPicker
2026-09-28 09:31:19,day,weather,47,0x36ef0552d262ac320770a6715df2552175743c3a,117.76060000000007,1300.0,Luxun0517
2026-09-28 09:31:19,day,weather,48,0x38e59b36aae31b164200d0cad7c3fe5e0ee795e7,116.13702647550008,0.0,cowcat
2026-09-28 09:31:19,day,weather,49,0xc602e34792d9a5e129f3404daef2df43d1d37fc1,114.13994995449968,1081.119735,Dr.PNL
2026-09-28 09:31:19,day,weather,50,0xf73f7e9c6bd1f40dc045d2a93bec3dd4248aee53,108.03366191200013,3297.364205,meteoblue
2026-09-28 09:31:19,day,weather,51,0xf928b243eab36df5a6c0e30fcfb0235866902da3,106.18622146199942,8755.062514000001,CJason28
2026-09-28 09:31:19,day,weather,52,0x6a03e8615eda1733a0c6c0815567f35dc44b84af,105.26684768049999,602.738235,RSKIWeatherEnthusiast
2026-09-28 09:31:19,day,weather,53,0xd55b9bb4f3003a4f41cb544f669b8631fafe9469,104.88964877999993,1728.0718219999997,How-are-you
2026-09-28 09:31:19,day,weather,54,0x5ecde7348ea5100af4360dd7a6e0a3fb1d420787,104.39807252999981,2232.34,0xdc3E831cad
2026-09-28 09:31:19,day,weather,55,0xb4cecbca7b4a1b2b08f7284027c914f00fae49e0,102.2703186655,1236.085865,fxckkrdog
2026-09-28 09:31:19,day,weather,56,0xfb650b856bd795479164e377ce0e40144d8e2dfc,98.89205000000004,414.28999999999996,kerbrerv
2026-09-28 09:31:19,day,weather,57,0x3904e686bffade807ac746cd462c6f44724c539b,98.82717065550037,1760.461046,pangloz99
2026-09-28 09:31:19,day,weather,58,0x0a0c42f6b1da5a633ec1a4d45ba76eb486c1a853,98.63599407300069,2007.852279,WrongBy1Degree
2026-09-28 09:31:19,day,weather,59,0x758dac51ba3cc9a246a79787da9df11c5f425d9e,96.99239396949224,33972.361906,a5533
2026-09-28 09:31:19,day,weather,60,0x2d0fbf6995692cc56f21171a9993be04436a81aa,96.75813672650011,3805.0085409999997,Happening9014
2026-09-28 09:31:19,day,weather,61,0xca015897afbb81c02e47ed5875e888a33ddb900c,95.546559865,0.0,KeepCalmRelax
2026-09-28 09:31:19,day,weather,62,0xcc09af8b0f479ad33f6897b2dc77393b090388ed,93.64268041249996,930.8451749999999,RKSI
2026-09-28 09:31:19,day,weather,63,0xf2f6af4f27ec2dcf4072095ab804016e14cd5817,93.47267805400043,0.0,gopfan2
2026-09-28 09:31:19,day,weather,64,0x8d5e7e32347212e53e57f7ea2c1a4fa35192c921,93.20897472499723,6672.4617069999995,keyboard-politician
2026-09-28 09:31:19,day,weather,65,0xaf17116ae2b1476032785a67bd5b7c8c05905c20,91.65516519500001,836.05585,huskyvs
2026-09-28 09:31:19,day,weather,66,0xb22ae2678733e6cebc5dc43b68fc70714f932815,90.34253128499984,780.1800010000001,MrBPT
2026-09-28 09:31:19,day,weather,67,0xa89518aca5a633a79ad1e9737209c9689f83faac,90.30797779499972,0.0,michi1
2026-09-28 09:31:19,day,weather,68,0x6396a76ba47f24920d6d4c00350d37cc96a67183,90.14520500000009,462.71,AvalancheFDN
2026-09-28 09:31:19,day,weather,69,0xf787b8a3a4c6990f48614a0b9af8422e3e7a1b63,90.06120000000021,3360.8,0bot
2026-09-28 09:31:19,day,weather,70,0xbc4e46aa57fc149c046e847dfe5ae536db697dbb,89.72301224,1935.2600000000002,Dadapple
2026-09-28 09:31:19,day,weather,71,0x1941ca5d7f587827da004b1b1551b0bd6429deea,89.56986855499997,1861.526667,0x8e7a1d1N2KdE17a0e8fH31F8b0F56B8dFa08E
2026-09-28 09:31:19,day,weather,72,0xc7d02944a76b9f83b199e9090ecc92c82d241f8a,89.0122435215003,0.0,0xc7D02944A76B9F83B199e9090ECC92C82d241F8a-1776944395495
2026-09-28 09:31:19,day,weather,73,0x1177518580a6c11218a9ab22d48aadbdbf3cbf25,88.74,204.0,0x1177518580a6C11218a9ab22D48aaDbDbF3CbF25-1782285861581
2026-09-28 09:31:19,day,weather,74,0xba8dd483ab52bf7fd1877ac323a5c2ae7747009d,88.29813174000009,396.95000000000005,42012
2026-09-28 09:31:19,day,weather,75,0xf73bcf8d2a18cd0647c1b7c3dbaddf5015b910bf,87.99275221499954,519.426822,m7dk2
2026-09-28 09:31:19,day,weather,76,0xaa930fdc4caa3c0f6067404a7bd7899ca45f0bc7,83.19777034600006,1960.031258,Lex-tang
2026-09-28 09:31:19,day,weather,77,0xca1f9b9d67d947c8007d9814e8f9d6045cccd282,82.51272599999982,486.81,KickstandBot
2026-09-28 09:31:19,day,weather,78,0x5f211a24da4c005d9438a1ea269673b85ed0b376,82.3393960630001,0.0,dpnd
2026-09-28 09:31:19,day,weather,79,0x6011655c4afb76f36dd1b08a137a1ba73466b31e,79.81499500000001,2886.15,HighTempTation
2026-09-28 09:31:19,day,weather,80,0x7c43d04ff881eb3dcc05758d3a1d4b71212ec080,78.85396383000003,0.0,Hammercup76
2026-09-28 09:31:19,day,weather,81,0x45e7f98a1f64c1e5eea2fb5e287788f1cc67d77c,78.11636968499965,25.0,0x45E7f98a1f64c1e5Eea2fB
2026-09-28 09:31:19,day,weather,82,0x1ae84aaf3ef58e1f3b8895ae3bbc31514d106012,77.59317176550007,863.85,automatedai
2026-09-28 09:31:19,day,weather,83,0x73749db0d73fdf2bc74e56edcf30dd98180a38ff,75.73455964899983,1196.429641,exboyfriendjustsentit
2026-09-28 09:31:19,day,weather,84,0x6fa70d26939b2075fcafd2db38099b42cf47907e,75.38987999999995,777.26,0x6fa70d26939b2075fcafd2db38099b42cf47907e
2026-09-28 09:31:19,day,weather,85,0x4989bfed5900ba096b08ba1f9b718464527c983e,73.8004538440002,4829.513156999999,macao.weather
2026-09-28 09:31:19,day,weather,86,0x487fafa2281596ccb154aa6a9e01f9ff43ae1cfe,72.88768999999957,1694.7000000000003,bibibobo67
2026-09-28 09:31:19,day,weather,87,0xd11c96ea0a79877eef73e18c4bbfb2b74485ff7d,72.26659184899995,1164.02,ggily611a
2026-09-28 09:31:19,day,weather,88,0x89b58f1bb2596792f629376c35e7c4c31aef5aa7,72.23507767499999,126.097189,ilovechengdu
2026-09-28 09:31:19,day,weather,89,0x15e9a4f23c85ce0d5b2016cd029d9185e9b3dacd,72.17381251000015,643.535637,arsenal85
2026-09-28 09:31:19,day,weather,90,0x759dd24191e83fd8bfa18ec5138ebb2e914bcc80,72.17244059999992,161.377471,logosre
2026-09-28 09:31:19,day,weather,91,0xf4f88a1e25ff5dfae68326eb62049d6a1b7c5bf1,72.09726063000002,219.0,cosmicsteaks
2026-09-28 09:31:19,day,weather,92,0xe6953214b110bdaebb473952e69a8c50d47f538e,72.04858932550007,1415.633948,TWCheng
2026-09-28 09:31:19,day,weather,93,0x7c72a056cff0b1e2791b32eab5fa420b1df0825e,68.31840069200001,3515.4120559999997,Chasey-Lain
2026-09-28 09:31:19,day,weather,94,0x16ce1f954bfae560af862712fad9dd261f4ceba1,67.32661574999997,812.4250999999999,36oldtiger
2026-09-28 09:31:19,day,weather,95,0xe104f68e7284e8656353005594d8541eb2d8597c,66.64188224999994,591.4499999999999,0xE104F68e7284E8656353005594d8541EB2D8597C-1789516782444
2026-09-28 09:31:19,day,weather,96,0x0489964c17e581e277f889abd1ce03c7a0dd4041,65.01210771350003,451.60323099999994,ansonkwok
2026-09-28 09:31:19,day,weather,97,0x3408a63389b28bc10da28c68c212d7bcc4c943f7,64.69868047350002,805.7118830000001,luckyllllllll
2026-09-28 09:31:19,day,weather,98,0x3f3bfc6d754e416699793901ffb12ddeee9f1d77,63.86060322799858,0.0,eNakeVets
2026-09-28 09:31:19,day,weather,99,0x941809833d47890e2383a0abf5277facff28e9f8,63.38807186350073,145.804844,0x941809833D47890E2383a0abf5277FACff28e9F8-1781957605159
2026-09-28 09:31:19,day,weather,100,0x0fc8632b06dfdb0401e671a508bb81e67ced4af3,62.99800007999988,200.0,rcshug
2026-09-28 09:31:19,day,economics,1,0xc3daa1bb9ce85866fb1a7c3a5d02816798e641fe,3586.4151644664944,11062.140727,aghy
2026-09-28 09:31:19,day,economics,2,0x39c3d7208946b664aab88797225a418f9d4e0c7e,954.9408151149997,4263.3,sam52727482916
2026-09-28 09:31:19,day,economics,3,0xa83a50bd49987854225384e3df1efbc276681e64,699.1865480825004,0.0,notlosecrypto
2026-09-28 09:31:19,day,economics,4,0x45e74b87d293efa339cada452ca3a37a70280eab,412.5296623334998,3884.477575,omarlrodriguez
2026-09-28 09:31:19,day,economics,5,0x82d9e40b217ecad54da43afb12b12fb79fd0eaf8,376.70322690000467,0.0,Useerna
2026-09-28 09:31:19,day,economics,6,0x24787691ebc296444add2ee3dea03c9d6f9b2e62,355.95346127000016,5437.858889,exothetajunkie
2026-09-28 09:31:19,day,economics,7,0xdd9c961288a032098076267bd665d407dac231a0,305.5704085940015,0.0,hippoka
2026-09-28 09:31:19,day,economics,8,0x4478d7bd8a295691ac84f60a5ec2b47e122102a4,249.99999150399998,0.0,Warren-Buffett
2026-09-28 09:31:19,day,economics,9,0xad95470e57284c664af12582a2e1d66b7f828e7f,248.59915231900015,0.0,Rickson83
2026-09-28 09:31:19,day,economics,10,0x4097b449b30f8bcf9834ea1e976f235f689c88f2,210.6922706915002,0.0,howesr1970
2026-09-28 09:31:19,day,economics,11,0x03d52fddfaff7f348cd3c30585f2c303a37d97af,204.6448498264997,0.0,fur-fox
2026-09-28 09:31:19,day,economics,12,0x1f9e15f39bbd5d163b0eacf0fbef647ced9e4f1a,198.04534668499537,998.4300000000001,LocalHunter
2026-09-28 09:31:19,day,economics,13,0xe904443b4084bbda216e344353a44cd4324a2d9f,192.7979810400002,0.0,shovelingdigging
2026-09-28 09:31:19,day,economics,14,0xb1a1985278c50a25758e2e25a217d084706add34,187.0857161749991,0.0,.brain.
2026-09-28 09:31:19,day,economics,15,0x60ab628a82cdf7b9274ff1587f1b30211b763206,182.90085838899972,0.0,Odysseus.
2026-09-28 09:31:19,day,economics,16,0xa309f903dbbd559e87d8d368834b8e41355c4cf2,180.48252449999563,0.0,ratehikes
2026-09-28 09:31:19,day,economics,17,0x2e3ea056400d81c42e2ce26ef25fda4ec5caabea,149.7149966660072,0.0,HDGB
2026-09-28 09:31:19,day,economics,18,0x1d379e322ef813587a3e13ad79857c45edc7f4a4,137.3521147825004,0.0,OverlookHotel
2026-09-28 09:31:19,day,economics,19,0xb7606d0d3719c88f9b868a13015881af5222ccd7,136.54698444300084,0.0,theta-thunberg
2026-09-28 09:31:19,day,economics,20,0xd1eed20edd22a289839379e89e3470ea1742a8ae,135.78494364400103,0.0,chefradish
2026-09-28 09:31:19,day,economics,21,0xeed7c2e6c4e998fd50098b66144ee8dff01d16b2,135.57400999999845,0.0,grinder1011
2026-09-28 09:31:19,day,economics,22,0x2dc04d9c86ff01b81cabfa0cf0c18150bc3d3df6,135.31905214350024,970.361053,polmarke195
2026-09-28 09:31:19,day,economics,23,0x51b11a18e75d0f4c3f8e8e360f89eb911d727865,133.8551000000001,0.0,PCMTest
2026-09-28 09:31:19,day,economics,24,0x9d84ce0306f8551e02efef1680475fc0f1dc1344,133.83777852950152,0.0,ImJustKen
2026-09-28 09:31:19,day,economics,25,0xfa8fc6a3e706bc4aa7556d060564c154322ad61b,124.20951042750005,0.0,singaporesling
2026-09-28 09:31:19,day,economics,26,0x85a85805bcbdf2e629788adac1420b6b53949281,123.24000000000024,0.0,LJa7io23MCv954j
2026-09-28 09:31:19,day,economics,27,0x3c918a8ef8c379304f744592120cbb4d76149af7,116.00001099999963,0.0,Vilgefortz
2026-09-28 09:31:19,day,economics,28,0x80a4552cdcde3b861b8adc146ab1fbd4711022cc,115.19293077349711,6280.3629439999995,puravida
2026-09-28 09:31:19,day,economics,29,0x2a58cb03e4934ca46d03d80a3e531879402fb808,110.84584130849998,1335.0349999999999,N.sam
2026-09-28 09:31:19,day,economics,30,0x04dcbd9b805b220a9b2d27e4d9e649ed07902387,110.57578167300017,0.0,thursdays
2026-09-28 09:31:19,day,economics,31,0xff7ca9cd180d33119e653e3eb50555a3e2ccb233,107.1803776549998,303.35,0xff7ca9cd180d33119e653e3eb50555a3e2ccb233
2026-09-28 09:31:19,day,economics,32,0xd34bf815245d5bcea098cb0ea17df360b5c50004,103.25858167499973,0.0,Jest55
2026-09-28 09:31:19,day,economics,33,0xe1f16e2f82deeca14603e4fcc20b90a4f2aa3a05,100.77049320200001,0.0,rocky42011
2026-09-28 09:31:19,day,economics,34,0x77441e012301e7c4f711085aa25b45305850d8d6,99.74757665000003,82.0,R0ont
2026-09-28 09:31:19,day,economics,35,0xd03bc280ca482ee48826b72aa435a331a04e042b,97.78413843799981,5.075758,3iron
2026-09-28 09:31:19,day,economics,36,0x74470e94adf5bad58511830aef1ccae1e363920d,95.08298379749988,0.0,shrewsenhower
2026-09-28 09:31:19,day,economics,37,0x02a93fb2dd397138396703727fb55607a1dbc4c8,94.956736327,90.0,0x02a93fb2dD397138396703727fB55607A1dBC4C8-1770245566592
2026-09-28 09:31:19,day,economics,38,0xefddc1d3285d0fe1b9f2aa06e04901f527a08370,89.52728917000002,0.0,vino1234
2026-09-28 09:31:19,day,economics,39,0xcaff28ab217406a961a1d5ff1a60dc799998e3ad,88.56749999999988,0.0,wallet-account-test
2026-09-28 09:31:19,day,economics,40,0xb0041b0d389a3da26b28faf17c6ab7f901d9c0c7,85.2309292519999,0.0,ftipip
2026-09-28 09:31:19,day,economics,41,0x91093cdae974eeed8bdcc1030eae439a8c04688a,84.93896842250001,0.0,zhenheng
2026-09-28 09:31:19,day,economics,42,0x40cfb29411d29f4fa0908f2a121297042cccd21d,84.33905999999843,0.0,whig
2026-09-28 09:31:19,day,economics,43,0x978e7fb29354ef2468eb373076fd52ffcdc380bc,82.76271373099917,0.0,BornAgain26
2026-09-28 09:31:19,day,economics,44,0xf6eab31d96d24310f33f258bc48a01bd48bc0a00,80.94459123499823,5.0,LA17
2026-09-28 09:31:19,day,economics,45,0x63260de9ed08e5744924511b97348762f052c522,79.52354243450013,636.09,ZeroWallet
2026-09-28 09:31:19,day,economics,46,0xd218e474776403a330142299f7796e8ba32eb5c9,77.16242407200085,118.72,cigarettes
2026-09-28 09:31:19,day,economics,47,0xa77413303bd7e98a945bce9196499cbd2975d9af,74.07423757300012,0.0,0xA77
2026-09-28 09:31:19,day,economics,48,0xd7989915b70c9aeaef7ebe90ef95d31e32b3f8bc,73.79759999999999,0.0,fafafafafafafafsadasdq
2026-09-28 09:31:19,day,economics,49,0x76891d5fb94f0272b0ada5e9614f098092241d51,73.62437048999999,0.0,0x76891D5fB94F0272B0aDA5e9614f098092241d51-1763931893346
2026-09-28 09:31:19,day,economics,50,0x0921eabef807a0d6cf44ab86827d3a1fd9714aaf,73.37741747249993,0.0,Aluluba
2026-09-28 09:31:19,day,economics,51,0xccedd9a9a6fedd93c8fd58c24ff72bb3d5b3226b,72.39621382299993,0.0,DenisBr
2026-09-28 09:31:19,day,economics,52,0x7b002cb54b94d4bfb2fab0b2c97c049055abe86e,71.58049000000005,0.0,0x81c37C244428d0Fa361CBbEb088232Cd90a9830A-1763505080450
2026-09-28 09:31:19,day,economics,53,0xf562eeafb9acee72ec28e335ca7307fc54ed4099,69.80654000000013,10.0,AMo
2026-09-28 09:31:19,day,economics,54,0x0c21661b7b1f474914d3e77df65700b341aa2a53,65.66155695750001,0.0,0x0c21661b7b1F474914d3E77DF65700B341aA2A53-1726558601666
2026-09-28 09:31:19,day,economics,55,0x2117ae94a97d69b78cbc81b6680a62deb1955c26,64.67330000000008,362.0,Zzzz87
2026-09-28 09:31:19,day,economics,56,0xdf59c7f09a1f0fe407a9fb48f7282012398adeb0,60.844794729999876,0.0,variant1.meta
2026-09-28 09:31:19,day,economics,57,0x269ced0ede348b4b3f8fd8470b19f65508f79017,59.999984325000696,0.0,allen111
2026-09-28 09:31:19,day,economics,58,0x219aacd619bb7a91942cbea8dc366eea2b31656a,58.15772534249999,0.0,sebichon11
2026-09-28 09:31:19,day,economics,59,0x8330fbb7e7cd79fe0852c413f35b7f104db2b88f,57.77062378900002,0.0,Busdriver23
2026-09-28 09:31:19,day,economics,60,0xd0bf186c69a936395c84d6b45bbd39eadfcf9f9f,57.72735493699996,34.830000000000005,jozeslemsek
2026-09-28 09:31:19,day,economics,61,0x8de0771af4eb2785fe64eab139399abd30bd7f22,57.08437000000049,0.0,101456
2026-09-28 09:31:19,day,economics,62,0x0c7e862f02168e569e7d6ce75d96bffe4923437f,56.86085073250001,0.0,-ojoker-
2026-09-28 09:31:19,day,economics,63,0xd5b97d08ec6098407bfbf66c2786ccc9967fe44e,56.831133701499766,0.0,Optimus-
2026-09-28 09:31:19,day,economics,64,0x61313791c42f09ea053acc9eea9aaa6e7300fd16,54.31789489750008,0.0,emrico
2026-09-28 09:31:19,day,economics,65,0x35926f7f63d7478a665890c58870e567f6bec68c,53.44781000000012,0.0,8014a3d96c
2026-09-28 09:31:19,day,economics,66,0x9e9fb94f518d488787df47787181a01daec81d38,51.10601656300014,0.0,AMike
2026-09-28 09:31:19,day,economics,67,0xaf5a0b2a4188ed59baf5a71cb7a69a4d9b7a9850,47.863245,0.0,Koipary
2026-09-28 09:31:19,day,economics,68,0x9e3ed7b661a903fc97afcf49e0f014ebe869f882,47.541115150500886,160.02,0x9e3ed7b661a903fc97afcf49e0f014ebe869f882-1783406009396
2026-09-28 09:31:19,day,economics,69,0x08458f7e9d2858027de579e4c3ca305475496b6f,46.379936574507155,0.0,GollumGekko
2026-09-28 09:31:19,day,economics,70,0x97d1a1072955f50df44fb3b7621f1cc4921818ef,43.0,0.0,pink11
2026-09-28 09:31:19,day,economics,71,0xf91e7ae81b8ede5636befafcd29018cbd0ba4f48,42.94647821499984,8589.296933000001,Champions26
2026-09-28 09:31:19,day,economics,72,0xd72654f5ab87e3a636715ad63dc5f8ea1279b5c9,42.925232459000114,164.66,Hossein-m
2026-09-28 09:31:19,day,economics,73,0x9b5a7a5d2b7050ffeb3f9157746089595822fa77,41.31148786599998,32.88,jan-delarus
2026-09-28 09:31:19,day,economics,74,0x0b57ba8d7942493f2a2d6dfaf96fbba904245975,41.18938000000003,0.0,shyqa000
2026-09-28 09:31:19,day,economics,75,0x927aa39fc54cacaa1934656e1fcc2930a1e690d6,40.08217500000001,0.0,0x927aa39fc54cacaa1934656e1fcc2930a1e690d6
2026-09-28 09:31:19,day,economics,76,0x0026c3958546f27f02883ff69baa3f07b8f89214,39.614376749999906,0.0,ChrissyTC
2026-09-28 09:31:19,day,economics,77,0xe4be3a0788961db3ece918e48bd667fb28053b28,38.90000000000009,0.0,kAmweijR
2026-09-28 09:31:19,day,economics,78,0x152fdae6b14b9131a61ec77ed61dda50f68da549,37.25144904549984,0.0,Ferwhere
2026-09-28 09:31:19,day,economics,79,0x77c344e1715c35d1424881c14e5a9f6911dd00c8,37.013401427000026,14.09,TronOG
2026-09-28 09:31:19,day,economics,80,0xeab61f1c7168138db3e0bb87acadfb77ce8dd4c6,36.250646651000125,0.0,acc42020
2026-09-28 09:31:19,day,economics,81,0xdd9f3d41d166ee393e78e19f93be2a6004257f50,34.673882968999976,0.0,Hejdejakob
2026-09-28 09:31:19,day,economics,82,0xc785252b25901a591e9d962e09f4342468444ef2,34.41059174600014,0.0,dips.
2026-09-28 09:31:19,day,economics,83,0x3176faad2e36370c3e63dae0d7803b8cd39b3990,34.012582654000006,150.0,Rogoioo
2026-09-28 09:31:19,day,economics,84,0x5ecde7348ea5100af4360dd7a6e0a3fb1d420787,33.20702122149976,833.99,0xdc3E831cad
2026-09-28 09:31:19,day,economics,85,0x2c4ca29d332c67d3ad7bf22b3cfe9486e3b1cb39,33.20701244099973,0.0,ololololololololo
2026-09-28 09:31:19,day,economics,86,0xc02147dee42356b7a4edbb1c35ac4ffa95f61fa8,33.07605382999998,0.0,Eatpraylove
2026-09-28 09:31:19,day,economics,87,0x2a019dc0089ea8c6edbbafc8a7cc9ba77b4b6397,32.097910000000574,64.03,aviato
2026-09-28 09:31:19,day,economics,88,0xf278a463b5666fd953bc1f57302095003f3aa69d,31.395596642000015,0.0,0xf278A463B5666Fd953Bc1F57302095003F3AA69d-1773426959522
2026-09-28 09:31:19,day,economics,89,0x256818aca89f3b3012e82831ecf856bf6055ef92,31.184012755000367,6236.802946999999,LimitOrderLarry
2026-09-28 09:31:19,day,economics,90,0xf9f207b77137caa79c6c4516abdef3133db45cba,31.02473872599876,0.0,extractive-manatee
2026-09-28 09:31:19,day,economics,91,0x5b6331e7ff0831a3fe2ed12004747db1a9c911a4,30.963307237498157,0.0,neutralwave23
2026-09-28 09:31:19,day,economics,92,0xfe728eac39de9ff73d68a073f8c2cd897f6ac936,30.539987499999825,0.0,Doormat986
2026-09-28 09:31:19,day,economics,93,0xdb82c2ebffe5835ef807df3e59dbe5018623f6ba,30.188750000000006,0.0,0xdB82C2ebFFE5835ef807dF3E59dbe5018623F6ba-1782067238309
2026-09-28 09:31:19,day,economics,94,0x2eae1023ecfe412625c9ded996501145add4a25f,29.75345486499998,0.0,0x2EaE1023ECFE412625c9DED996501145adD4a25f-1758897531821
2026-09-28 09:31:19,day,economics,95,0xd6289d12736536235cf0793f273692c066f39356,29.69874999999999,0.0,Geeman
2026-09-28 09:31:19,day,economics,96,0xbd417cdfc83824b2cd31e4428bc1a67c241ba6de,29.01216769999995,5319.349474000001,pm-maio-2026
2026-09-28 09:31:19,day,economics,97,0x9d0bae6d2161c630e258c05a81dca37a5987f0cb,28.974171911999974,0.0,MasamuneTomose
2026-09-28 09:31:19,day,economics,98,0xaafe1ba04fb4eb55a89f8caa77b237664f1b6edb,28.783685622500137,13.95,HospitalHippo
2026-09-28 09:31:19,day,economics,99,0xd24b7f5a1dfc83aade34c789525ff42dab9218ee,28.566895878500077,0.0,0xd24B7F5a1dFC83aaDE34c789525fF42DAb9218EE-1775738073524
2026-09-28 09:31:19,day,economics,100,0x1dd197fa8bb4d6887ffecf89b75171aea7d7a156,28.342635399999835,0.0,newnewuser
2026-09-28 09:31:19,day,tech,1,0xdf17f4a8dd01a4cfa6fc3da323a2baee5f8697d1,2775.292289770003,866.390386,gkeqd
2026-09-28 09:31:19,day,tech,2,0xc2da18d72c09acedea3d9758649cbaff6a894900,2022.0840984600018,0.0,0xC2Da18D72C09acEdEa3d9758649cBAff6A894900-1788665374718
2026-09-28 09:31:19,day,tech,3,0x9a3fa403a6666eef75f92f181fcf13f9c051914a,671.7092035530002,4139.632103,Rex416
2026-09-28 09:31:19,day,tech,4,0xad96914d7762dac84ebbabafe366ae8ff24dd498,632.5785831149988,0.0,0xAD96914D7762DAC84EbBABAfE366AE8ff24Dd49
2026-09-28 09:31:19,day,tech,5,0x66c1a6fe836ff555ca32848646acedbbe93bfa3f,619.9201425400006,0.0,Platykurtic
2026-09-28 09:31:19,day,tech,6,0xdde15ebd95330ce69136dc0ccd810d22382e02c5,563.3375201400003,2313.4900000000002,Dicedicedice
2026-09-28 09:31:19,day,tech,7,0xbacd00c9080a82ded56f504ee8810af732b0ab35,557.9810342400001,0.0,ScottyNooo
2026-09-28 09:31:19,day,tech,8,0x96489abcb9f583d6835c8ef95ffc923d05a86825,516.657437082,2210.977505,anoin123
2026-09-28 09:31:19,day,tech,9,0x736539924a5602b37a03a54fc12c1cc8f98964da,516.36102395051,2376.821817,Contentious-Dinnerdate
2026-09-28 09:31:19,day,tech,10,0x02f49dad623730e93dbaf04082683308449e3afd,464.3731290000005,0.0,0x02F49DAD623730E93DBaf04082683308449E3AFd-1790190176729
2026-09-28 09:31:19,day,tech,11,0xe234959595e01dacd391a9502a6ad0edf4e3304a,463.0273069294883,4197.8231940000005,0x8542adb70397e9de67ba9abe6971e3f50fb7a7b
2026-09-28 09:31:19,day,tech,12,0x81ca49ad9806de2d92782b873bfa7fe051943b87,402.21975999999995,0.0,orac07
2026-09-28 09:31:19,day,tech,13,0xdbd028b4afcb6fe1e30c55fb65f59a1133d58c1c,395.1350693700107,318.78999999999996,8dcc906a9b
2026-09-28 09:31:19,day,tech,14,0x355e5ae20cc1a3a2164f818e4bac8d22dd72a038,373.45335370649764,578.74,Olcan
2026-09-28 09:31:19,day,tech,15,0xd9aa25c6ba32245ac3a559d8b39ee27ac6bb64ec,354.76987656150004,0.0,cesquare
2026-09-28 09:31:19,day,tech,16,0x25257a6a89dba93dd0c536b6279365632a4eb919,353.1965957950015,0.0,Trading4Fridge
2026-09-28 09:31:19,day,tech,17,0xbf93328f8b69273453228a82c913207731822fd7,235.571068147,0.0,hell0pia
2026-09-28 09:31:19,day,tech,18,0xa2770432a5e6bd24c347c976b0d815db1f2c1182,223.8260024839995,524.56,0xA2770432A5E6Bd24c347c976b0D815db1f2C1182-1760945846787
2026-09-28 09:31:19,day,tech,19,0xaee811b7c7e5d961b545ac0e3f62f5f1cb181154,223.22361141750204,5480.470029999999,1in1000
2026-09-28 09:31:19,day,tech,20,0x1ee9a5fc09665909c0cce297c581703bfbb9197f,212.23481107500265,0.0,vinii
2026-09-28 09:31:19,day,tech,21,0xe8c4d68aff65b38cac46987b9b65e01eb47d395d,211.58081574000062,0.0,JAMJAMJAM4
2026-09-28 09:31:19,day,tech,22,0x5eb0cd907aa0b7b4df11552e817570e265ea5012,206.86761312300052,978.69,arbandy
2026-09-28 09:31:19,day,tech,23,0x7e25f3dbd55afd690302c4abcd8c3fb182d39712,197.03485088000025,2382.6,Novatan
2026-09-28 09:31:19,day,tech,24,0x38f50488b14a87769e0c5cd6c514b6c2e8ec6824,194.37090862000014,0.0,smellyEllie
2026-09-28 09:31:19,day,tech,25,0xac4a1fabdac2438d6afa2a9e8e83845310a0bf1e,189.6514848300116,389.192773,HerrieDavis
2026-09-28 09:31:19,day,tech,26,0x876bb030ddd424ef505ae02914024cf18c6a1703,181.26165566349937,0.0,rewardbots
2026-09-28 09:31:19,day,tech,27,0x300c5e1ec9e4d6e8bd9617f0a44508170c5b6a92,175.48299567450022,4288.247228,BAO95889
2026-09-28 09:31:19,day,tech,28,0xfb1b4e2db61efb47bfb1ac92807c76d4f367a11d,172.1006800000032,0.0,Rumpelstiltskin
2026-09-28 09:31:19,day,tech,29,0x24fbc286881b0c0e76bc7558c47c3fa5f71d973e,169.00489499999958,0.0,wqujvj
2026-09-28 09:31:19,day,tech,30,0xb1bd050b1043560b9aa88e0fedde4dbe2091c25e,167.31592500000033,0.0,Dav1d10
2026-09-28 09:31:19,day,tech,31,0xe639e41094bbeae18f3e6d1790c17299183f082a,165.74377624500266,0.0,0xe639e41094bbeae18g3e6d1790c17299183f082a
2026-09-28 09:31:19,day,tech,32,0xe95e726d0ca927874f3998d815bfec51d19261f2,155.9633108400003,0.0,mewmew1
2026-09-28 09:31:19,day,tech,33,0x4b72b21f7e9999d568d9b93f0be110257d9938d5,153.07064781350027,0.0,fountaim
2026-09-28 09:31:19,day,tech,34,0x5a0d0c6eee71b96db16e5e271e0fa724be8dfa97,152.019034005,851.21,ifyouloveme
2026-09-28 09:31:19,day,tech,35,0xb4f2592e67c333e73c923547cfe05e768180e5fa,136.35141385599854,0.0,M2sx92kljs42
2026-09-28 09:31:19,day,tech,36,0x4192cb4ff674eefce417f7c9f732ac4e6be050c3,130.93561741000005,1514.868334,yyy444
2026-09-28 09:31:19,day,tech,37,0xe0969a9ad466da69e034b271ef4e74ebd592be8e,130.18200000000002,0.0,MineYours
2026-09-28 09:31:19,day,tech,38,0x49938b954e0694d718d06c48c893a84dd1ddbead,129.60725,11.65,fdsgsdgdsgs
2026-09-28 09:31:19,day,tech,39,0x74f1b8944c7b10f7239e3dda0de6b8ee42e816a8,121.58563230000004,0.0,probability
2026-09-28 09:31:19,day,tech,40,0x4cb5ec560735efca23f76f2dd152b74bc6a9b536,118.70372530999884,0.0,TheEmprah
2026-09-28 09:31:19,day,tech,41,0x4e09ac04b37800d7643cee48642c646c1b9dd784,104.39890983200075,0.0,scottxia1988
2026-09-28 09:31:19,day,tech,42,0x2b670a311561dcaf741d8155451774d3fa7fb814,104.24862979499449,0.0,0x2b670A311561DcAF741D8155451774D3Fa7fb814-1778467735876
2026-09-28 09:31:19,day,tech,43,0xe25b9180f5687aa85bd94ee309bb72a464320f1b,104.20938499999829,0.0,WordleAddict
2026-09-28 09:31:19,day,tech,44,0x8f8793088df893d5cae27f520d43282f8f092b4d,100.60420016500001,742.232593,0x8F8793088dF893D5Cae27F520d43282f8F092b4D-1779010038488
2026-09-28 09:31:19,day,tech,45,0x122cb94c437ea5e6f088c6c0c143c592ab8efbed,100.15458499999863,5472.22,Cb94C437EA5e6f088c6c0C143c592ab8EFBed
2026-09-28 09:31:19,day,tech,46,0xd53fa3e03c4a1bf44cd44c792b23b19c46f2e396,97.26820258499981,1319.9014290000002,tvq
2026-09-28 09:31:19,day,tech,47,0x5cd5c8d7a17c78d7389d8b87b611aed83322ac33,89.33021591000033,0.0,nonkenny90
2026-09-28 09:31:19,day,tech,48,0x0787a58e205a70320db638113fe8da18c8800ca3,87.16918864500012,70.0,melonmanm
2026-09-28 09:31:19,day,tech,49,0xd12f443b6a45225ae65d519a4bdef568d29ce85a,83.92884371300053,3048.6007090000003,Hot-Skull
2026-09-28 09:31:19,day,tech,50,0x537263fdfc15e4e967e63c0c783f22f549e74b1f,82.75708999999998,173.17,xiaojiren
2026-09-28 09:31:19,day,tech,51,0xb1ca909e848cc24ec4e220ce1c453bc290c51705,82.05008066900893,587.39,InterestingUser
2026-09-28 09:31:19,day,tech,52,0x2c1e3fec3d34f964b36eaf37f1b0a0112a1502d5,81.99738602499997,0.0,rendom
2026-09-28 09:31:19,day,tech,53,0x39c987ed5a091de6a7d01e85e37fd5c510880db2,77.4747051319996,3260.845773,Bersa1202
2026-09-28 09:31:19,day,tech,54,0xeca0c0888e34df59589c67fbe53dc7f298b5e8f8,77.05102504999968,0.0,StarMaster
2026-09-28 09:31:19,day,tech,55,0x8597ca63e722d6216bfc3057591fdc67ec49daee,76.35674999999992,0.0,Mr-Krabs
2026-09-28 09:31:19,day,tech,56,0x9578af80708f271f705e27867dcf6ec653acf066,74.60296663999782,8.0,KimchiCapital
2026-09-28 09:31:19,day,tech,57,0x07d4245464dc4fa05d0b3f084d82482462dc8991,74.54731086099844,8882.426399999997,Wojtek
2026-09-28 09:31:19,day,tech,58,0x0a08b794ba7a2ecf0b99d9368de98fdd912f2e25,70.0,400.0,63483
2026-09-28 09:31:19,day,tech,59,0x652bff901f401f22b2da47ad1c5c4b5870b3f5c2,67.97494852799912,4320.418122,0x652bFf901f401Fdhsk342kdjfnfk029abks13
2026-09-28 09:31:19,day,tech,60,0x7e5b53d76c0bc4821daf25c2d6382a87b246e00b,67.96439499999994,248.99,zctrading
2026-09-28 09:31:19,day,tech,61,0xc9727ed498a58a9e8e8758d51c5a4eb0b752dcd9,67.69351362949874,0.0,catalanpaths
2026-09-28 09:31:19,day,tech,62,0x43372356634781eea88d61bbdd7824cdce958882,67.66311767301522,0.0,Anjun
2026-09-28 09:31:19,day,tech,63,0x4bf459194025b2ca11a2db2deb9ef2a08c467021,66.52220081650012,609.934706,Malganis
2026-09-28 09:31:19,day,tech,64,0xcdf82242c9984bd8d274085ab54165633c54b8ea,65.253099999997,108.0,momo513
2026-09-28 09:31:19,day,tech,65,0xc8ab97a9089a9ff7e6ef0688e6e591a066946418,64.93737667550022,3793.0539080000003,ArmageddonRewardsBilly
2026-09-28 09:31:19,day,tech,66,0x64df1adc2bf84d3212d04db134d3c0a9a30eab80,63.91946270000017,0.0,RiskyWhisky
2026-09-28 09:31:19,day,tech,67,0xb51b3beffd13cde071ed799e70a7b0b598e8b4d9,63.82619568500013,0.0,cambridgeisaac
2026-09-28 09:31:19,day,tech,68,0x9e8ecc4cb3c4e48f544cba2fbbb252a6a65e8db8,62.085486245000084,0.0,DREAMBIG.
2026-09-28 09:31:19,day,tech,69,0x0213419f10a3803af3f585d39e415b5372b782f6,61.94280726000011,0.0,a.weidel
2026-09-28 09:31:19,day,tech,70,0x4807a18cd70a7108366660aa08d94600d8ef70ab,60.500830000000086,4.56,RainIess
2026-09-28 09:31:19,day,tech,71,0x1e934f01216bf34b277eaeebe2c81183bed278bc,60.03221424000003,0.0,jesuslovesy0u
2026-09-28 09:31:19,day,tech,72,0xdec2a6879cf654e6bc2c0e125f65b2fa3e27b015,60.00970590000003,0.0,wisechinaman
2026-09-28 09:31:19,day,tech,73,0x6d72f7e301387efd393a93d4d92c40f0230fa399,58.67183150000005,0.0,qqqmmmccc
2026-09-28 09:31:19,day,tech,74,0xfec84ba946b063d57580366e02e97a18c75167f7,57.83431875000019,0.0,0xDC719Fde6ed998a38F28DEA0af7B653047a526D8-1723323482067
2026-09-28 09:31:19,day,tech,75,0xca12d28728c46d3484395243f5f842f2c321ea03,57.01734083449956,40.0,chaosj88
2026-09-28 09:31:19,day,tech,76,0x0cb10c40b0776e9ee8cef970af85724654dda76c,55.79421686000012,394.18,Quarrelsome-Branch
2026-09-28 09:31:19,day,tech,77,0xc682d7943aad07c246986a7aa2989cfcb17817bb,55.2616641099994,0.0,zthunderfury
2026-09-28 09:31:19,day,tech,78,0xdc83474bc4cdf4d037f8be1eca21cfa290aabcd2,54.451369989999876,0.0,0xdC83474BC4CDf4d037f8BE1EcA21cfa290aaBCD2-1772195983959
2026-09-28 09:31:19,day,tech,79,0xa45fd80cebd05390a9155c7f61b8b7b91890d6cb,54.23696213950004,559.37,pykue
2026-09-28 09:31:19,day,tech,80,0xd5b97d08ec6098407bfbf66c2786ccc9967fe44e,53.56651169500083,1388.77,Optimus-
2026-09-28 09:31:19,day,tech,81,0xe97b7b1396a99341b32984fa8bbf62f2f68ab2ea,53.2799852549997,0.0,Tremirorot
2026-09-28 09:31:19,day,tech,82,0xbe044d601fbe89c9e87eacfa57d813a31f783c60,49.57334323899886,0.0,0xbe044D601FBe89c9E87eACFa57d813A31F783C60-1767997097941
2026-09-28 09:31:19,day,tech,83,0xf44076b9299b390a1f4bd5979d926ce989aeb009,46.92523500000016,1000.0,pieped
2026-09-28 09:31:19,day,tech,84,0x8d1b5eac11d1c4ab43ddad3b3f62c8317c976e20,45.63984821699978,0.0,cucumberschicken
2026-09-28 09:31:19,day,tech,85,0xd8e5d96b54394c545d930fc31646e9eaf847b808,45.28042152000006,0.0,ScaryDream
2026-09-28 09:31:19,day,tech,86,0x8db507c4e69a99eaa8cc18f253b2e20dac9e3c8b,44.97430116050003,0.0,rouxshan
2026-09-28 09:31:19,day,tech,87,0x69788e136500902559a2fb21883ab9baacbd08d8,44.827890920999835,0.0,TruongMyLan
2026-09-28 09:31:19,day,tech,88,0x4d97e9344c7e1b732ea7679735270e25798e6041,44.77600325750018,0.0,Viktor-TWK
2026-09-28 09:31:19,day,tech,89,0x45bbe85e001a1b1626e94349d45ad6a09f9241a7,44.43194431500024,0.0,QR1
2026-09-28 09:31:19,day,tech,90,0xffd3e7102ca12796bead452b06117e2100d27c75,44.11555525899985,0.0,0xffd3E7102CA12796beAD452B06117e2100D27C75-1761894446910
2026-09-28 09:31:19,day,tech,91,0x09e27c2cbcd98c7e821ef66b309506701dcf29de,43.073401050000484,0.0,ronaldk
2026-09-28 09:31:19,day,tech,92,0x04dcbd9b805b220a9b2d27e4d9e649ed07902387,42.65700500000003,0.0,thursdays
2026-09-28 09:31:19,day,tech,93,0xb16dc3169b090c54d1f73321919a03485ad6f064,42.43369999999959,1053.58,endoption
2026-09-28 09:31:19,day,tech,94,0x993c95f836ea033d97a08985060869270e208f7a,42.331929940000066,0.0,lekkerweertje
2026-09-28 09:31:19,day,tech,95,0xb41ead279375742d6c2a1a2239bdce56376411fd,42.122216419000054,1116.6378379999999,b41eAd279375742D6C2A1A2239Bdce56376411fD.
2026-09-28 09:31:19,day,tech,96,0x85a85805bcbdf2e629788adac1420b6b53949281,41.93333774999974,0.0,LJa7io23MCv954j
2026-09-28 09:31:19,day,tech,97,0x530fba2d6750973accde7baa228a686e4e680f5d,40.01004999999998,0.0,0x530FBA2D6750973aCCde7BaA228A686e4e680f5D-1721448194333
2026-09-28 09:31:19,day,tech,98,0x5e73afb20c2b27caccdaad9e49b97fd336576697,39.0646,410.68,Newshound
2026-09-28 09:31:19,day,tech,99,0x8637486964986793609c477ced8be14e840a39bd,38.48268499999949,0.0,GGInInder30cm
2026-09-28 09:31:19,day,tech,100,0x5040b5e76b45aeff6ccbb21b1aad0ccc2fa296cf,38.424449839999994,179.993528,WaterFloww
