timestamp,timeframe,category,rank,address,pnl,volume,userName
2026-07-27 06:33:44,day,overall,1,0x224a89dbe0db0d6124b335edabd15b3f877da3d5,137827.4745924715,96322.390761,wr0ngw4yb3tt0r
2026-07-27 06:33:44,day,overall,2,0xfe787d2da716d60e8acff57fb87eb13cd4d10319,83558.56034211759,717767.01235,ferrariChampions2026
2026-07-27 06:33:44,day,overall,3,0xf7429705e25b619338412967f0a70260b6e1e039,65230.18909022369,56885.159999999996,unbribeableref
2026-07-27 06:33:44,day,overall,4,0x5e9458202b5817a72cf81105ec8a30e6f3705ba1,60827.29204299976,0.0,pleaseplease123
2026-07-27 06:33:44,day,overall,5,0x69c5c6f6a4dda665991c203bc8d5df3e006b1e01,43663.885331292666,0.0,Themsnw
2026-07-27 06:33:44,day,overall,6,0x5268527977f700f9bf9b6d5cd843859e4e70135d,35019.28864386864,266716.24581099994,HomeRunHazard
2026-07-27 06:33:44,day,overall,7,0x866056133a70de9282a080758858d1a0c8b393ed,34006.14728503942,0.0,ToeTickler98
2026-07-27 06:33:44,day,overall,8,0x204f72f35326db932158cba6adff0b9a1da95e14,31331.644382294267,482580.6946690001,swisstony
2026-07-27 06:33:44,day,overall,9,0x82398835fe16616214d928ba87127e28fc1cd9a3,15804.719418221772,0.0,Kosherlocks
2026-07-27 06:33:44,day,overall,10,0x3f3aa7005f8006bfcc367d43a25cde25509fe8fd,15021.964313962031,19770.949997,us391
2026-07-27 06:33:44,day,overall,11,0x2005d16a84ceefa912d4e380cd32e7ff827875ea,14992.178355501266,564121.427546,RN1
2026-07-27 06:33:44,day,overall,12,0x162ca4c5249987872fea1e15c846d7fe80316c47,14932.69339885081,42900.984223,VD721lsj4938Dk388
2026-07-27 06:33:44,day,overall,13,0xcc32068e0d0b19790e3376bc1751552adcca92d2,14197.436286935,36972.490000000005,0xcC32068E0D0b19790e3376Bc1751552ADccA92d2-1780947291040
2026-07-27 06:33:44,day,overall,14,0x2dd7c1664c60be9ce733f9a9441f1420f4fc89aa,12767.770143158312,26058.611975,FNanalytics
2026-07-27 06:33:44,day,overall,15,0x8201c74931d47ca0151715d43406a5eebe208a41,11839.621191999991,145486.037608,ColeDollarScholar
2026-07-27 06:33:44,day,overall,16,0x1a2f67124f12eaa88be0f6683a95abede555647a,11542.336215111252,82622.26614000002,uptime0724
2026-07-27 06:33:44,day,overall,17,0xf1528f12e645462c344799b62b1b421a6a4c64aa,11133.91675725428,0.0,phonesculptor
2026-07-27 06:33:44,day,overall,18,0xa38a455bbdd4b68486548b7e19da99903f4f821d,10963.62226896561,21710.973944,takeormake
2026-07-27 06:33:44,day,overall,19,0x81ca49ad9806de2d92782b873bfa7fe051943b87,9883.960356537958,14124.274439,da4c07
2026-07-27 06:33:44,day,overall,20,0xecc558e1dd2164b451766c89d2a28b35d8405fde,9176.64455057805,0.0,OdileDeray
2026-07-27 06:33:44,day,overall,21,0x4f70929ba287ac85dc2431c85382ccd9e6b0d185,14234.245540373948,0.0,Lance Uppercut
2026-07-27 06:33:44,day,overall,22,0xcc32068e0d0b19790e3376bc1751552adcca92d2,14197.436286935,36972.490000000005,0xcC32068E0D0b19790e3376Bc1751552ADccA92d2-1780947291040
2026-07-27 06:33:44,day,overall,23,0x15ae79d7cd60b2a7f06ae46eb4c7a0eb16096ffd,13228.38483,0.0,humiliating piglet
2026-07-27 06:33:44,day,overall,24,0x2dd7c1664c60be9ce733f9a9441f1420f4fc89aa,12777.707379755935,26058.611975,FNanalytics
2026-07-27 06:33:44,day,overall,25,0x8201c74931d47ca0151715d43406a5eebe208a41,11839.621191999991,145486.037608,ColeDollarScholar
2026-07-27 06:33:44,day,overall,26,0x1a2f67124f12eaa88be0f6683a95abede555647a,11545.48817757162,82622.26614000002,uptime0724
2026-07-27 06:33:44,day,overall,27,0xf1528f12e645462c344799b62b1b421a6a4c64aa,11133.91675725428,0.0,phonesculptor
2026-07-27 06:33:44,day,overall,28,0xa38a455bbdd4b68486548b7e19da99903f4f821d,10963.382268964007,21710.973944,takeormake
2026-07-27 06:33:44,day,overall,29,0x81ca49ad9806de2d92782b873bfa7fe051943b87,10353.935978585958,14124.274439,da4c07
2026-07-27 06:33:44,day,overall,30,0x322f041810cee536293dcb4c99fc23b3a766940a,10043.226767999999,0.0,Sports
2026-07-27 06:33:44,day,overall,31,0xe0eeb30d92eb2a995fc82b4e58def02c53e6fa3f,9426.288296831113,0.0,predictor - 3335
2026-07-27 06:33:44,day,overall,32,0xecc558e1dd2164b451766c89d2a28b35d8405fde,9167.886070048049,0.0,OdileDeray
2026-07-27 06:33:44,day,overall,33,0xde9f7f4e77a1595623ceb58e469f776257ccd43c,9020.193253244855,63226.97496300001,tradecraft
2026-07-27 06:33:44,day,overall,34,0x84898b583d56054b502c6564f3edfad43b54e211,8927.851561376474,0.0,JustLearning
2026-07-27 06:33:44,day,overall,35,0x56acab44cfca2e88bb9b3406890aea7bfa0cd77e,8559.580062628258,353.2,dv-pm
2026-07-27 06:33:44,day,overall,36,0xe6bff499390d0988f81967d095925b44aad38380,8501.208666873514,13799.994914,CHACHA125655
2026-07-27 06:33:44,day,overall,37,0xfefaf44054fb92d87882f2bd24bddbd163487bed,8476.656116999999,0.0,vivaFujimori - 33031
2026-07-27 06:33:44,day,overall,38,0xae95a2fd8df6b5e621d583157d47412a6b066579,8274.744259,0.0,draintheswamp!
2026-07-27 06:33:44,day,overall,39,0x5999ebfa145490e0280dd246856a5b3605f7ae94,8186.228107821999,12047.0725,kl1v
2026-07-27 06:33:44,day,overall,40,0x565ca59275f81991bd9877d7fa8404c5ecf6519e,8051.698661999544,44625.39,IamFKINGbankrupt
2026-07-27 06:33:44,day,overall,41,0xbca08c1bc204a34f2fddbe47b438b9bd42ac9705,8047.151830909308,56447.141465,1winstreak1
2026-07-27 06:33:44,day,overall,42,0x09fb8ab5f70b2140511c366451e0f02c3c10d01c,7974.457056,0.0,mkiaz - 1025
2026-07-27 06:33:44,day,overall,43,0x4f423d4ad987215b20b95f788f83c250e9628bbc,7791.41934234904,10934.4,Vgsps11
2026-07-27 06:33:44,day,overall,44,0x1f682adb9a5cf101bcf53a7cd00bc2c594f7c9b3,7677.93231,0.0,0x3177d25a95524e6d98843c78cd604b67fb1b92b9
2026-07-27 06:33:44,day,overall,45,0x44c58184f89a5c2f699dc8943009cb3d75a08d45,7613.351858785783,33928.852796,JhonAlexanderHinestroza
2026-07-27 06:33:44,day,overall,46,0xd5b510cca6682d4ab23afadf4694a2febadb3364,7470.412942724903,235156.896472,ofgoodfgdohojdf
2026-07-27 06:33:44,day,overall,47,0x7668efbca0df8195ba199d3e19cb768e8b3779ec,7415.563737,0.0,
2026-07-27 06:33:44,day,overall,48,0xb55fa1296e6ec55d0ce53d93b9237389f11764d4,6976.195893749711,376024.528891,0xb55fa1296E6ec55D0cE53d93B9237389f11764d4-1777575277609
2026-07-27 06:33:44,day,overall,49,0x7986576408b65a9805ac85553be33ad0b044baa5,6833.63110459049,72707.89740199999,0x7986576408b65a9805AC85553Be33Ad0B044BAa5-1781719173927
2026-07-27 06:33:44,day,overall,50,0xe9076a87c5ed90ef16e6fe6529c943baeca0cff6,6802.600228005671,387632.7372229998,suntori
2026-07-27 06:33:44,day,overall,51,0x39fcd0aafb7047035e9323e6d1f99cd46f43e2f2,6626.514308625807,22055.113786,shoemanhere
2026-07-27 06:33:44,day,overall,52,0x0393b7a4c1e4a72564bf8287c7d1471ac9a61130,6550.193144999999,0.0,
2026-07-27 06:33:44,day,overall,53,0x7430669ff298f8dc78e3339448d4994e812d111f,6530.533578999999,0.0,zwe2edS1ms
2026-07-27 06:33:44,day,overall,54,0x7e5972bfc25819775ee5a9d4f191919375487b8b,6439.486599741389,101023.024382,Gaditima
2026-07-27 06:33:44,day,overall,55,0x1a6692c85ec7ab4503ae10bd8a30da8e0ca4ae5e,6436.128332225497,0.0,fenglin5945
2026-07-27 06:33:44,day,overall,56,0xe91171f655be1568e4c63f29663c0028649e3d4e,6212.852609538079,73501.762773,0xE91171f655bE1568e4c63f29663c0028649e3d4e-1765651946286
2026-07-27 06:33:44,day,overall,57,0xb254cd171eb8d5b4b60703f99fd13474504bb70a,6116.458664,0.0,maga - 97
2026-07-27 06:33:44,day,overall,58,0xa14e76bcf20ed1313bcc7e80568dd182d791abf6,5996.692573388831,17652.55782,brickeedup
2026-07-27 06:33:44,day,overall,59,0x0af5f7ff9e6b4957e26d064b3218c38c59c87e3f,5982.980714,0.0,brian - 23314
2026-07-27 06:33:44,day,overall,60,0x39d3c773be30fcc73161fc6768f46d563a779ef0,5830.278424118384,0.0,matanovik
2026-07-27 06:33:44,day,overall,61,0xc6e956068048c1cf98d8f0b3a495edc9da130741,5665.178050377523,0.0,luck00004
2026-07-27 06:33:44,day,overall,62,0x122b758a408246a180efeb5ba654e21b553fac59,5640.652706350316,127680.44010899997,6kke1t
2026-07-27 06:33:44,day,overall,63,0x42c99f38d2b951b0dc8e8bd5371fa80c9dd19623,5627.03848934581,24662.692066,TRCM
2026-07-27 06:33:44,day,overall,64,0x51de66b7f3d10eceb99aab57622ca850655e9e4a,5545.02124032948,14509.646158,0x51dE66B7f3d10EceB99aaB57622cA850655e9E4A-1779581016815
2026-07-27 06:33:44,day,overall,65,0xe9514aa0b925353ea0d5e32978d636ec25ebde18,5262.066108331957,0.0,b2d0
2026-07-27 06:33:44,day,overall,66,0x07046535ff9a910d7343a2c319a3e62234621858,5181.098794365937,0.0,HH168
2026-07-27 06:33:44,day,overall,67,0xfcbe281f11f195423fdf458582e1215790b7aa8b,5171.851393012967,0.0,igot
2026-07-27 06:33:44,day,overall,68,0x6485f47d0344c03eb4340f985159f6eb2dcba265,5164.4843690116195,16824.989999999998,flatbarrel
2026-07-27 06:33:44,day,overall,69,0x9950ee8a9cf72226eb1f6f02b086c17198074f87,5064.889840753716,0.0,inanity - 38305
2026-07-27 06:33:44,day,overall,70,0x224f7ef690d952cf551a471846d5afb4892e514a,5034.585065958492,25805.279687,WeBuyHighWeSelllow
2026-07-27 06:33:44,day,overall,71,0x88186ddbea78ab3d65b7d08f0658b9c22037f265,4999.839805000004,0.0,
2026-07-27 06:33:44,day,overall,72,0xf0ca28d5b0141f0a8e7b251dea80fd881cb166ed,4939.135098446446,0.0,Hauchn
2026-07-27 06:33:44,day,overall,73,0xef1d0c6244e7a8c9640b08758a8425b5d2a5bdcb,4744.460834,0.0,
2026-07-27 06:33:44,day,overall,74,0xb595d09ce5bbc4d39e3b3d04e80c402d2c8d5922,4568.828797798993,17093.707906,0xB595d09Ce5bBc4d39E3b3D04E80C402d2C8D5922-1769777706105
2026-07-27 06:33:44,day,overall,75,0x664a25f165a0150ce687410470f3352f5783fc5f,4534.725017940978,23281.886577,itsonlyamatteroftime
2026-07-27 06:33:44,day,overall,76,0x64310c79be3502dd17e88d9ca7df781700a66f1f,4403.783522999997,0.0,Sergeantx - 410
2026-07-27 06:33:44,day,overall,77,0x7f9e2d1df78614564a70becc7fa14aa9a6623a0e,4270.50033750858,4537.576507,nojnn
2026-07-27 06:33:44,day,overall,78,0x0e5bd76779e74304d08e759072abf126d87da593,4041.8711667129537,0.0,JAHODA
2026-07-27 06:33:44,day,overall,79,0x6f3e7f25baa7d2d49e15e2d2957ff3dec62cbcf8,3995.4086985195636,11452.009208000001,fRibrenlc
2026-07-27 06:33:44,day,overall,80,0x7dcf235766e6b09c8869468a75d5495cf171a7bd,3883.9251399072878,2896.2803249999997,godblessme2026
2026-07-27 06:33:44,day,overall,81,0x730ae359e9441f836022f7ec14b941fdc942a0fe,3882.4374040000284,0.0,rippopsmoke - 56
2026-07-27 06:33:44,day,overall,82,0x63f8eb9f5f902f6637f75f10fc185e77b0f660ac,3859.3649970000015,0.0,hmm ok
2026-07-27 06:33:44,day,overall,83,0xeb490d0534bb68b4c2ce139b219a728cd2c3693e,3843.949119465462,12593.273070000001,78979879879879
2026-07-27 06:33:44,day,overall,84,0xce25e214d5cfe4f459cf67f08df581885aae7fdc,3782.989358423103,247942.04054800002,0xcE25E214D5cfE4f459cf67F08DF581885AAE7Fdc-1777575398144
2026-07-27 06:33:44,day,overall,85,0x10ff6cd4b1b5669d4ca87faebae0c869ad315088,3770.4422656577426,26805.574241,02-
2026-07-27 06:33:44,day,overall,86,0xc97485a44146b5db0b8b121358f57cf297cdb33b,3733.522326464532,0.0,berbisminsk
2026-07-27 06:33:44,day,overall,87,0x2663daca3cecf3767ca1c3b126002a8578a8ed1f,3658.777725732478,556174.266376,Q96s3kwozynxpau
2026-07-27 06:33:44,day,overall,88,0xc3cd1d612bbf9fbf80da5a9bff0b0470cb46816c,3630.072409351169,11995.544646999999,UbuntuTrading
2026-07-27 06:33:44,day,overall,89,0xa8b8b7d86175f5918d40d8b282649a8da5f936dd,3524.0663437034327,1955.1533050000003,Nanijau
2026-07-27 06:33:44,day,overall,90,0x91667e40b80c447050904b042f3b85d22fc6b479,3471.7928385610007,10788.97357,BeraEnjoyer
2026-07-27 06:33:44,day,overall,91,0xb5fc4d5388952dc7a798fe784fe659f9a20e5ca4,3469.0264670207653,0.0,
2026-07-27 06:33:44,day,overall,92,0xf8db6180208087fea02623fe8b64f50a8d3ff92c,3461.018664844409,15720.559705999998,dudjbdj
2026-07-27 06:33:44,day,overall,93,0x61d49893c3cb606e5998b8dc2eee81d717113593,3382.048588642738,69272.19134399999,colono
2026-07-27 06:33:44,day,overall,94,0xb1ca909e848cc24ec4e220ce1c453bc290c51705,3237.1792706314045,28228.236963000003,R79dgahr
2026-07-27 06:33:44,day,overall,95,0xc5187cb669690150643ba2f9aac6b7d98d212594,3183.037732973554,21729.233177000002,mustbethewater
2026-07-27 06:33:44,day,overall,96,0x1521b47bf0c41f6b7fd3ad41cdec566812c8f23e,3145.3708899560734,20731.580645000005,alliswell
2026-07-27 06:33:44,day,overall,97,0xeea3f08e8a36081233e4c4b4142fd61a7b56a6a2,3129.0415301603207,49250.31289,thestingsnake
2026-07-27 06:33:44,day,overall,98,0x3471a897e56a8d3621ca79af87dae4325977f17e,3113.9207324586346,13639.154900000001,xytest
2026-07-27 06:33:44,day,overall,99,0xb64fe08cf7ebbf52cf2963bba89deb13b79ddc88,3079.107071398972,20550.624200000002,kejsi
2026-07-27 06:33:44,day,overall,100,0x0336a341c103f58f5d4181ecfdadf502146b4bb0,3073.4370489917765,0.0,jugy06
2026-07-27 06:33:44,day,politics,1,0x4ab9b54427ec4b7f3646b1a0ef1bed73bc708ebe,102266.86937,0.0,RWCS
2026-07-27 06:33:44,day,politics,2,0x6c3aae17140c5e3cde62380daaa323e38575c459,100287.227136,0.0,AvrahamEisenberg - 10161
2026-07-27 06:33:44,day,politics,3,0xa8cf2ed8751f4e58ad039e1b68a8b58b4395031f,85547.41699299996,0.0,
2026-07-27 06:33:44,day,politics,4,0x3d8a89a20aa73fba0f30d080e8120de9f9555724,50766.810667999984,0.0,Poyo
2026-07-27 06:33:44,day,politics,5,0x0d18e30e252008d83f51dae00d36873ddd9e24a6,29726.53863699999,0.0,MonsieurDimanche
2026-07-27 06:33:44,day,politics,6,0x0f35109cc3ceaf729609c3109310791bd616c84a,27254.641564000005,0.0,
2026-07-27 06:33:44,day,politics,7,0x782186952ef2ca75ea91c95aef25bbdcffb4bb1a,23607.800415098933,0.0,thif - 33063
2026-07-27 06:33:44,day,politics,8,0x95b198f900d19a80d3d7e47b7b17708af254f9ac,18124.591877,0.0,thepicklebomber - 3805
2026-07-27 06:33:44,day,politics,9,0x7fb23b0d330ea4ac4f3cecce1eb81fb0bfb3ed4b,14768.168524999995,0.0,
2026-07-27 06:33:44,day,politics,10,0x4f70929ba287ac85dc2431c85382ccd9e6b0d185,14234.245540373948,0.0,Lance Uppercut
2026-07-27 06:33:44,day,politics,11,0x15ae79d7cd60b2a7f06ae46eb4c7a0eb16096ffd,13228.38483,0.0,humiliating piglet
2026-07-27 06:33:44,day,politics,12,0x903221b1098263779ae19486028c844e8c338717,11412.823804000025,0.0,0x903221b1
2026-07-27 06:33:44,day,politics,13,0x322f041810cee536293dcb4c99fc23b3a766940a,10043.226767999999,0.0,Sports
2026-07-27 06:33:44,day,politics,14,0xe0eeb30d92eb2a995fc82b4e58def02c53e6fa3f,9426.288296831113,0.0,predictor - 3335
2026-07-27 06:33:44,day,politics,15,0x84898b583d56054b502c6564f3edfad43b54e211,8927.851561376445,0.0,JustLearning
2026-07-27 06:33:44,day,politics,16,0xfefaf44054fb92d87882f2bd24bddbd163487bed,8476.656116999999,0.0,vivaFujimori - 33031
2026-07-27 06:33:44,day,politics,17,0xae95a2fd8df6b5e621d583157d47412a6b066579,8274.744259,0.0,draintheswamp!
2026-07-27 06:33:44,day,politics,18,0x09fb8ab5f70b2140511c366451e0f02c3c10d01c,7974.457056,0.0,mkiaz - 1025
2026-07-27 06:33:44,day,politics,19,0x1f682adb9a5cf101bcf53a7cd00bc2c594f7c9b3,7677.93231,0.0,0x3177d25a95524e6d98843c78cd604b67fb1b92b9
2026-07-27 06:33:44,day,politics,20,0x7668efbca0df8195ba199d3e19cb768e8b3779ec,7415.563737,0.0,
2026-07-27 06:33:44,day,politics,21,0x0393b7a4c1e4a72564bf8287c7d1471ac9a61130,6550.193144999999,0.0,
2026-07-27 06:33:44,day,politics,22,0x7430669ff298f8dc78e3339448d4994e812d111f,6530.533578999999,0.0,zwe2edS1ms
2026-07-27 06:33:44,day,politics,23,0xb254cd171eb8d5b4b60703f99fd13474504bb70a,6116.458664,0.0,maga - 97
2026-07-27 06:33:44,day,politics,24,0x0af5f7ff9e6b4957e26d064b3218c38c59c87e3f,5982.980714,0.0,brian - 23314
2026-07-27 06:33:44,day,politics,25,0xf1302aafc43aa3a69bcd8058fc7a0259dac246ab,5774.415381503179,0.0,TraderRed
2026-07-27 06:33:44,day,politics,26,0xfcbe281f11f195423fdf458582e1215790b7aa8b,5171.851393012967,0.0,igot
2026-07-27 06:33:44,day,politics,27,0x9950ee8a9cf72226eb1f6f02b086c17198074f87,5064.889840753716,0.0,inanity - 38305
2026-07-27 06:33:44,day,politics,28,0x88186ddbea78ab3d65b7d08f0658b9c22037f265,4999.839805000004,0.0,
2026-07-27 06:33:44,day,politics,29,0xef1d0c6244e7a8c9640b08758a8425b5d2a5bdcb,4744.460834,0.0,
2026-07-27 06:33:44,day,politics,30,0x64310c79be3502dd17e88d9ca7df781700a66f1f,4403.783522999997,0.0,Sergeantx - 410
2026-07-27 06:33:44,day,politics,31,0x730ae359e9441f836022f7ec14b941fdc942a0fe,3882.4374039999993,0.0,rippopsmoke - 56
2026-07-27 06:33:44,day,politics,32,0x7789806c754eb0af4c3abeb026c218b4ba78f823,3870.924807000498,0.0,VibesGreaterRules
2026-07-27 06:33:44,day,politics,33,0x63f8eb9f5f902f6637f75f10fc185e77b0f660ac,3859.3649970000015,0.0,hmm ok
2026-07-27 06:33:44,day,politics,34,0x2663daca3cecf3767ca1c3b126002a8578a8ed1f,3658.777725732478,556174.266376,Q96s3kwozynxpau
2026-07-27 06:33:44,day,politics,35,0xc3cd1d612bbf9fbf80da5a9bff0b0470cb46816c,3617.701914530655,6164.557341,UbuntuTrading
2026-07-27 06:33:44,day,politics,36,0xb5fc4d5388952dc7a798fe784fe659f9a20e5ca4,3468.848614999366,0.0,
2026-07-27 06:33:44,day,politics,37,0xd23f8c8aab13cfb2a35da40b67f8471faf9894a1,3320.8700528492045,4159.240446,Corlys
2026-07-27 06:33:44,day,politics,38,0x8b5a7da2fdf239b51b9c68a2a1a35bb156d200f2,3044.810162000009,0.0,Joe-Biden
2026-07-27 06:33:44,day,politics,39,0x687349b551df31c4a330bbaf1519458cb521d9e5,2966.8310484142407,0.0,ihatedmyself
2026-07-27 06:33:44,day,politics,40,0x0c0e270cf879583d6a0142fc817e05b768d0434e,2955.109340874711,2451.1,The Spirit of Ukraine>UMA
2026-07-27 06:33:44,day,politics,41,0x7dcf235766e6b09c8869468a75d5495cf171a7bd,2871.8271540215064,1402.05,godblessme2026
2026-07-27 06:33:44,day,politics,42,0xfab242aa69777dda9ab74b6a6aa878555f3feacd,2845.680646,0.0,Luxy - 6433
2026-07-27 06:33:44,day,politics,43,0xc4c81a4e8e39d374b12e27a0373f6e2ccb4f8618,2757.9446579999994,0.0,mhonkasalo
2026-07-27 06:33:44,day,politics,44,0xe3cb28f7c62ac636f407014005499d2687b5ac21,2596.5778204035246,11503.735077999998,odsowner
2026-07-27 06:33:44,day,politics,45,0xfd691577dc6a9d21e9611b93ef9177d36738a2e1,2567.7523177409894,145985.42,petanimal
2026-07-27 06:33:44,day,politics,46,0xa8845b7cf1cdc5d63a226d7db2be64feb8119d7d,2537.449412,0.0,mbharus - 38295
2026-07-27 06:33:44,day,politics,47,0xbfdd2fb3f69cd098b395eb7390fe973a2158e70e,2483.3485828629964,0.0,khonikdev
2026-07-27 06:33:44,day,politics,48,0xbb90ad2434c27716e987f6318df47285c6ddffbe,2473.6647920000005,0.0,AceBaby256
2026-07-27 06:33:44,day,politics,49,0xae50d6935c736696a99c309a4dcabe1343b20354,2428.523338,0.0,dougiedigital - 11986
2026-07-27 06:33:44,day,politics,50,0x2b71bc97507076a80bd0000cdb134e4fc3041359,2402.6987620001287,0.0,97507076a80bd0000cdb134e4fc304135
2026-07-27 06:33:44,day,politics,51,0xb1ca909e848cc24ec4e220ce1c453bc290c51705,2284.1268538339064,28228.236963000003,R79dgahr
2026-07-27 06:33:44,day,politics,52,0xb2d62e284ac9f13f09dcdd8accab61bfdd7af3bd,2076.737343484501,0.0,crystalfalls
2026-07-27 06:33:44,day,politics,53,0x778f6b920f7b96b0a76b1711b495e429b932e2c3,2029.2884579999422,0.0,
2026-07-27 06:33:44,day,politics,54,0xc5187cb669690150643ba2f9aac6b7d98d212594,2028.664770610747,5212.085915,mustbethewater
2026-07-27 06:33:44,day,politics,55,0x495b97dcdd8e3e4ae7788ca6a53156cd4907e3fc,1971.7628119890965,0.0,uuuuu
2026-07-27 06:33:44,day,politics,56,0xc8ab97a9089a9ff7e6ef0688e6e591a066946418,1938.529079884207,47600.541735,ArmageddonRewardsBilly
2026-07-27 06:33:44,day,politics,57,0x8c66e28fbe7ede7f57ba6cbc70408dff442944f3,1936.5789195498774,46676.658993000005,0x8c66E28FbE7Ede7F57bA6CBc70408DfF442944F3-1777220320442
2026-07-27 06:33:44,day,politics,58,0x5a9fa918bca3e2c55d5615e891f543231fd70485,1922.566682,0.0,Alex - 28
2026-07-27 06:33:44,day,politics,59,0x38e59b36aae31b164200d0cad7c3fe5e0ee795e7,1910.6395205030713,5106.847829,cowcat
2026-07-27 06:33:44,day,politics,60,0xcfff4295288ee29f75a38a7028611b7c1e93673d,1872.8456890359757,1667.37,graynotebook19
2026-07-27 06:33:44,day,politics,61,0xdfe3fedc5c7679be42c3d393e99d4b55247b73c4,1847.1420551298652,0.0,cqs
2026-07-27 06:33:44,day,politics,62,0x94d6f6119c9d2897719e59e4ced31a212e749ab8,1839.1942728510076,0.0,devin.lawson.77
2026-07-27 06:33:44,day,politics,63,0x30af50d04b9c1ddef67ae39996f9607c0f14aa32,1816.1796949583552,0.0,
2026-07-27 06:33:44,day,politics,64,0xa6a8aa0792dfb4d2aecd481ff6e926822c01a884,1796.6459240000002,0.0,Degens - 740
2026-07-27 06:33:44,day,politics,65,0xee292607d48ecee93afc0fe9994fbe316f59c56d,1739.2403130000093,0.0,How do I claim prizes?
2026-07-27 06:33:44,day,politics,66,0xc94171dab78729079b3eb6e14ad33ea60ab80a0b,1723.5970946048967,0.0,shangtr0n - 7868
2026-07-27 06:33:44,day,politics,67,0xfa7d96b695df7bf8d425e7b08ce19da158952bdc,1700.7171191475027,0.0,wesmooreluvr
2026-07-27 06:33:44,day,politics,68,0xf1bb700a67e3e8a45dc8160a92f4e0405f41bf09,1668.9680569999975,0.0,aenews-915
2026-07-27 06:33:44,day,politics,69,0x162f6fff88a52864f2ecc9833e58089d5254798d,1626.8054534596158,1077.437602,Valen9
2026-07-27 06:33:44,day,politics,70,0x647683f0e175a692e63f9d6934498144805bdb34,1617.8293519999995,0.0,manofwax0824 - 7483
2026-07-27 06:33:44,day,politics,71,0x909a3abd5ec12fcaaccbb71ea27ff1410dfa7cd0,1603.8107200000002,0.0,........
2026-07-27 06:33:44,day,politics,72,0xee1706b93845d50ea60e49219be7311a2ebb6ea1,1566.890269546493,0.0,jwerhor
2026-07-27 06:33:44,day,politics,73,0x51d8c16b487e3ef3bfa3daabf689fda2d26a2cab,1477.014933999999,0.0,
2026-07-27 06:33:44,day,politics,74,0xab19716584931d81cd9e7763402673a64baa4876,1430.7815406396985,13652.155954999998,SlenderMan
2026-07-27 06:33:44,day,politics,75,0x77cfb716811a03a83ced6ffcfc1d9b8281930e71,1410.9405581017509,0.0,disko
2026-07-27 06:33:44,day,politics,76,0xfbd8c9c22ca76b3662d0e53a4f79719fdc684027,1398.0234228061017,851.4,0xfBd8C9C22cA76B3662d0e53A4f79719FDC684027-1779347618060
2026-07-27 06:33:44,day,politics,77,0xdbe73eaa9359dafe7d481297945c9636cc06fb86,1396.389825,0.0,mfiskeaux - 18826
2026-07-27 06:33:44,day,politics,78,0xe567b0d5c9c0a9468b970ebe12e799248d3c75a4,1350.248397,0.0,
2026-07-27 06:33:44,day,politics,79,0x814da9245a05f2d9db142357a80d13784e6da04f,1327.145716,0.0,
2026-07-27 06:33:44,day,politics,80,0xba5e052730edceb1258b1ca575f824eb975c6598,1284.276551,0.0,signme
2026-07-27 06:33:44,day,politics,81,0xb0c85813a7a4428f1139ff91d3118a92c391fe7f,1280.8616736591212,3306.2799999999993,McNudggets
2026-07-27 06:33:44,day,politics,82,0xc3c3b3ef304ddbea39fa2246e683a71da5d0eec8,1262.3764731421834,30102.38,comon119
2026-07-27 06:33:44,day,politics,83,0x2b5920274740ca61745eeb077587bf5bb4ff9db6,1252.6592979179768,1513.48,aHjCz
2026-07-27 06:33:44,day,politics,84,0xb8128d057e3b64d422af55e2f41b2c8cf832be01,1234.020243,0.0,UGLY-domer-HAHAHA
2026-07-27 06:33:44,day,politics,85,0x08458f7e9d2858027de579e4c3ca305475496b6f,1200.8434110968956,1739.2,GollumGekko
2026-07-27 06:33:44,day,politics,86,0x962c3a66dd4ce862da1d3b5f83e8620652fef969,1198.9465649999984,0.0,baseline
2026-07-27 06:33:44,day,politics,87,0x5115160eb59eb7f82e0af3f0c9f0d340ad8fe1a2,1179.15973,0.0,
2026-07-27 06:33:44,day,politics,88,0x1e1f17412069c0736adfaadf8ee7f46e5612c855,1177.3509506790433,0.0,Brokie
2026-07-27 06:33:44,day,politics,89,0x80265d2042b57193d645af089d215f5d7a5311f0,1154.577019,0.0,
2026-07-27 06:33:44,day,politics,90,0xa77105bb4d2d4d200b0133a2036222353831162d,1153.2870282165022,12865.130000000001,pizzabillgates
2026-07-27 06:33:44,day,politics,91,0x376441d19f56d43629d3872324dc2e648e13c5eb,1146.860336,0.0,m3t64 - 815
2026-07-27 06:33:44,day,politics,92,0xf78a94a5e8df10bd9f1307dde3337c6970476537,1126.682719,0.0,kkatanchi - 13112
2026-07-27 06:33:44,day,politics,93,0x69cd9827ce7eb000837c27a60197191dda8e2400,1125.273625,0.0,1423
2026-07-27 06:33:44,day,politics,94,0xa48ee028dee3e4c691381a9bae7f16e710cd7154,1124.5784736259684,0.0,dirmity - 1256
2026-07-27 06:33:44,day,politics,95,0x935f1d59317acc6b72240ae659b46345e123aea6,1097.359049,0.0,jquintanan - 19993
2026-07-27 06:33:44,day,politics,96,0x011f2d377e56119fb09196dffb0948ae55711122,1076.9235720108263,4726.279825,11122
2026-07-27 06:33:44,day,politics,97,0x5235578efe24555b0c98e7dc10a902b09089c04a,1068.5444206269894,4567.03,back-in-whack
2026-07-27 06:33:44,day,politics,98,0x03805a13a0b3e058f55f6c6af95389d4f431073d,1039.9523860152112,8986.828281000002,donthackme
2026-07-27 06:33:44,day,politics,99,0xd1a63a243042d864520512fbdbd2fd20e0ab1507,1012.9500725599937,1458.36,DkOYL
2026-07-27 06:33:44,day,politics,100,0xafd2855a086ad4fba71a7c3f53a4e236f9bc1044,1000.6337970000001,0.0,gpredicts - 2735
2026-07-27 06:33:44,day,sports,1,0x224a89dbe0db0d6124b335edabd15b3f877da3d5,137827.47459249292,96322.390761,wr0ngw4yb3tt0r
2026-07-27 06:33:44,day,sports,2,0xf7429705e25b619338412967f0a70260b6e1e039,65238.19657462771,56900.14,unbribeableref
2026-07-27 06:33:44,day,sports,3,0xfe787d2da716d60e8acff57fb87eb13cd4d10319,62802.867919766344,648144.6210919999,ferrariChampions2026
2026-07-27 06:33:44,day,sports,4,0x5e9458202b5817a72cf81105ec8a30e6f3705ba1,60827.29204299976,0.0,pleaseplease123
2026-07-27 06:33:44,day,sports,5,0x69c5c6f6a4dda665991c203bc8d5df3e006b1e01,46138.142756342655,0.0,Themsnw
2026-07-27 06:33:44,day,sports,6,0x5268527977f700f9bf9b6d5cd843859e4e70135d,35021.17100244132,267146.24581099994,HomeRunHazard
2026-07-27 06:33:44,day,sports,7,0x204f72f35326db932158cba6adff0b9a1da95e14,31410.57475894317,483499.08137600013,swisstony
2026-07-27 06:33:44,day,sports,8,0x82398835fe16616214d928ba87127e28fc1cd9a3,15815.002194557768,0.0,Kosherlocks
2026-07-27 06:33:44,day,sports,9,0x3f3aa7005f8006bfcc367d43a25cde25509fe8fd,15031.58472330164,19770.949997,us391
2026-07-27 06:33:44,day,sports,10,0x2005d16a84ceefa912d4e380cd32e7ff827875ea,15006.14027998969,564171.427546,RN1
2026-07-27 06:33:44,day,sports,11,0x162ca4c5249987872fea1e15c846d7fe80316c47,14936.80677771494,42900.984223,VD721lsj4938Dk388
2026-07-27 06:33:44,day,sports,12,0xcc32068e0d0b19790e3376bc1751552adcca92d2,14197.436286935,36972.490000000005,0xcC32068E0D0b19790e3376Bc1751552ADccA92d2-1780947291040
2026-07-27 06:33:44,day,sports,13,0x2dd7c1664c60be9ce733f9a9441f1420f4fc89aa,12777.707379755935,26058.611975,FNanalytics
2026-07-27 06:33:44,day,sports,14,0x8201c74931d47ca0151715d43406a5eebe208a41,11839.621191999991,145486.037608,ColeDollarScholar
2026-07-27 06:33:44,day,sports,15,0x1a2f67124f12eaa88be0f6683a95abede555647a,11545.48817757162,82622.26614000002,uptime0724
2026-07-27 06:33:44,day,sports,16,0xf1528f12e645462c344799b62b1b421a6a4c64aa,11133.91675725428,0.0,phonesculptor
2026-07-27 06:33:44,day,sports,17,0xa38a455bbdd4b68486548b7e19da99903f4f821d,10963.382268965583,21710.973944,takeormake
2026-07-27 06:33:44,day,sports,18,0xecc558e1dd2164b451766c89d2a28b35d8405fde,9184.08681759605,0.0,OdileDeray
2026-07-27 06:33:44,day,sports,19,0xde9f7f4e77a1595623ceb58e469f776257ccd43c,9020.193253244623,63226.97496300001,tradecraft
2026-07-27 06:33:44,day,sports,20,0x56acab44cfca2e88bb9b3406890aea7bfa0cd77e,8559.580062628258,353.2,dv-pm
2026-07-27 06:33:44,day,sports,21,0xe6bff499390d0988f81967d095925b44aad38380,8501.208666873514,13799.994914,CHACHA125655
2026-07-27 06:33:44,day,sports,22,0xbca08c1bc204a34f2fddbe47b438b9bd42ac9705,8047.151830909075,56447.141465,1winstreak1
2026-07-27 06:33:44,day,sports,23,0x4f423d4ad987215b20b95f788f83c250e9628bbc,7791.41934908554,10934.4,Vgsps11
2026-07-27 06:33:44,day,sports,24,0x44c58184f89a5c2f699dc8943009cb3d75a08d45,7613.351858785783,33928.852796,JhonAlexanderHinestroza
2026-07-27 06:33:44,day,sports,25,0x7e5972bfc25819775ee5a9d4f191919375487b8b,7531.9015180273855,63771.217344000004,Gaditima
2026-07-27 06:33:44,day,sports,26,0xd5b510cca6682d4ab23afadf4694a2febadb3364,7470.812926724902,235156.89647200002,ofgoodfgdohojdf
2026-07-27 06:33:44,day,sports,27,0x39fcd0aafb7047035e9323e6d1f99cd46f43e2f2,6626.514308625803,22055.113786,shoemanhere
2026-07-27 06:33:44,day,sports,28,0x1a6692c85ec7ab4503ae10bd8a30da8e0ca4ae5e,6436.128332225497,0.0,fenglin5945
2026-07-27 06:33:44,day,sports,29,0x39d3c773be30fcc73161fc6768f46d563a779ef0,5830.278424118413,0.0,matanovik
2026-07-27 06:33:44,day,sports,30,0x122b758a408246a180efeb5ba654e21b553fac59,5640.652706350316,127680.44010899997,6kke1t
2026-07-27 06:33:44,day,sports,31,0x42c99f38d2b951b0dc8e8bd5371fa80c9dd19623,5627.03848934581,24662.692066,TRCM
2026-07-27 06:33:44,day,sports,32,0x6485f47d0344c03eb4340f985159f6eb2dcba265,5165.484357800509,16824.989999999998,flatbarrel
2026-07-27 06:33:44,day,sports,33,0x224f7ef690d952cf551a471846d5afb4892e514a,5037.177562624493,25805.279687,WeBuyHighWeSelllow
2026-07-27 06:33:44,day,sports,34,0xe91171f655be1568e4c63f29663c0028649e3d4e,4823.162698917906,70795.332773,0xE91171f655bE1568e4c63f29663c0028649e3d4e-1765651946286
2026-07-27 06:33:44,day,sports,35,0xb595d09ce5bbc4d39e3b3d04e80c402d2c8d5922,4541.327091587504,15529.437906,0xB595d09Ce5bBc4d39E3b3D04E80C402d2C8D5922-1769777706105
2026-07-27 06:33:44,day,sports,36,0x664a25f165a0150ce687410470f3352f5783fc5f,4508.95132401077,21909.736577,itsonlyamatteroftime
2026-07-27 06:33:44,day,sports,37,0xe9076a87c5ed90ef16e6fe6529c943baeca0cff6,4153.145236262586,249174.2918489998,suntori
2026-07-27 06:33:44,day,sports,38,0x6f3e7f25baa7d2d49e15e2d2957ff3dec62cbcf8,4001.1904947825533,11452.009208000001,fRibrenlc
2026-07-27 06:33:44,day,sports,39,0x10ff6cd4b1b5669d4ca87faebae0c869ad315088,3769.7214256577427,26805.574241,02-
2026-07-27 06:33:44,day,sports,40,0xc97485a44146b5db0b8b121358f57cf297cdb33b,3733.522326464532,0.0,berbisminsk
2026-07-27 06:33:44,day,sports,41,0xa8b8b7d86175f5918d40d8b282649a8da5f936dd,3478.6927318864937,1477.5413660000002,Nanijau
2026-07-27 06:33:44,day,sports,42,0x61d49893c3cb606e5998b8dc2eee81d717113593,3376.3213186427383,69272.19134399999,colono
2026-07-27 06:33:44,day,sports,43,0xeea3f08e8a36081233e4c4b4142fd61a7b56a6a2,3129.0415301603207,49250.31289,thestingsnake
2026-07-27 06:33:44,day,sports,44,0x629c2844d5c0e36774a67fe10dcd43ca31a76c01,3044.826185664988,9166.43448,CoffeeDespiser
2026-07-27 06:33:44,day,sports,45,0xdf434cabf51bf8c2390fc038a28cdd8496e5ae9a,2919.5853629997364,13173.855,richerZ
2026-07-27 06:33:44,day,sports,46,0xe1faef87550af372f64bdf5dc14daf0d678e9c2c,2900.0,5000.0,ass5588
2026-07-27 06:33:44,day,sports,47,0xe337f5a28e9c530a676c959a1888ba5368664ad6,2877.6292078918195,183062.241504,0xE337F5A28E9C530a676C959A1888Ba5368664ad6-1779639269540
2026-07-27 06:33:44,day,sports,48,0xdd5ef115f801999575b03d78d0115ad8b2d59040,2821.584707188478,14272.913987,Forecastication2
2026-07-27 06:33:44,day,sports,49,0x5c720d41fe89ca907116f5629b5b1fda4a3d7e7e,2669.5789542129987,0.0,pravica
2026-07-27 06:33:44,day,sports,50,0x01e6e3c5cfe50943e7721398054cb1e22032e7e0,2640.2821171400246,0.0,BirdMan.
2026-07-27 06:33:44,day,sports,51,0xfea85cf0cc9720686309a85fba659fc1cd8047aa,2451.805258460001,10931.286922,
2026-07-27 06:33:44,day,sports,52,0x68e1e8efcb71c80906e87ca24107721846d4b2fa,2409.6126495394783,8461.310483,simpson10
2026-07-27 06:33:44,day,sports,53,0x2ad531734533078236780a5acda36d91037a62ff,2344.8442286148056,51561.26588100001,Wgod3
2026-07-27 06:33:44,day,sports,54,0xda770326bd091d26f816917aa83a6baff668683f,2318.8231931244973,21875.659854999998,yyyrl
2026-07-27 06:33:44,day,sports,55,0xfd3e6449d0c1e807501dcc17c0d9447201f35a7a,2280.3525354659505,6574.432331999999,User7429
2026-07-27 06:33:44,day,sports,56,0xa08455c829a493054315e40e7817321e8c77bb99,2243.6999991129633,0.0,laozishudaosan
2026-07-27 06:33:44,day,sports,57,0xfff33b1a9e2fabd10a7f8dfa5bdb1dfead5de2c5,2169.60494699001,10154.709999999997,malavika9933
2026-07-27 06:33:44,day,sports,58,0x09ee4ea96db7f44332a421f1ee27a8860b4590a4,2164.172254720508,0.0,0xMS8hRTF45823GhpjKuhwefuy38bf
2026-07-27 06:33:44,day,sports,59,0xdb83e85ffd22faa4009273034770f96ffc5b1e50,2091.421851727937,50643.02586499998,sentrio
2026-07-27 06:33:44,day,sports,60,0x70a6798edbf21eb25cbb749569796d1e641aa2eb,2070.5197268267984,3749.990167,buckspredicts
2026-07-27 06:33:44,day,sports,61,0x9703676286b93c2eca71ca96e8757104519a69c2,2064.528383261175,4726.216354,AnonymousUsername
2026-07-27 06:33:44,day,sports,62,0xa804390f80019699ab34a282c0df7528fba82a75,2023.8076306300354,1725.437788,riverskew
2026-07-27 06:33:44,day,sports,63,0x34530b984a71bc776a759cabab76d6234f8d8524,1945.8733388280016,151.28000000000003,Hunter33
2026-07-27 06:33:44,day,sports,64,0x61f15c585de606990fd711169ce835c009fc7aef,1944.394187769467,144.05,Follow555
2026-07-27 06:33:44,day,sports,65,0x976adbd06fa70877d9e11a732e549f0e4214e8ec,1941.6617665344602,5844.568992,Gigachain1622
2026-07-27 06:33:44,day,sports,66,0x2ec5ac52dcb5537f1fe8b47ee3cfd34bd666fd53,1937.9992826539092,78682.05217299999,Carabobo55
2026-07-27 06:33:44,day,sports,67,0x2d67bf6d38a2f9ae509883b91cf254b3fbfa3667,1919.959420207846,34736.351158,ludomun
2026-07-27 06:33:44,day,sports,68,0x81f6a8e628d5acadcce0f2913b5f173a49714488,1727.6153747900025,833.452375,XYZ1337
2026-07-27 06:33:44,day,sports,69,0x4f29e103339919c4baaea2a60195cf1c8bb27a7e,1676.424962780031,281773.80890999996,0x4f2
2026-07-27 06:33:44,day,sports,70,0x037a05fa3c3a847582f64abd3fc2d8ac0d9b1202,1654.306020218085,11414.957017,tradingops113
2026-07-27 06:33:44,day,sports,71,0xe5c215ac428d4143f9ebc817c9ac6e717a2e2ab0,1617.2018158601131,0.0,dwFqcd4Z
2026-07-27 06:33:44,day,sports,72,0x5d7639ed5fd3c5ebf0fc69d548e1046acd0f9168,1549.9999999999418,0.0,yesmate
2026-07-27 06:33:44,day,sports,73,0x0178034c3b9df6d926e3e713046b08567ab73f7a,1528.3181501100553,6183.503909999999,Ehpair
2026-07-27 06:33:44,day,sports,74,0xf7f0b0b1e9c0fe02ccad926916ee31aef74b912c,1508.7135536216083,195.30679,wapol
2026-07-27 06:33:44,day,sports,75,0x30d5a7e1a1ec19fb4dbdc250a19a5bb3734f36bf,1404.18263011823,18007.165676999997,bobi12345678
2026-07-27 06:33:44,day,sports,76,0x191f77486cb1c5af42e54734621804936a204a8d,1400.8127454982314,1608.423382,LaarsY
2026-07-27 06:33:44,day,sports,77,0x76bc1648f0f83a81cc5f73ac020243f81394fcca,1400.2822847215652,29423.702371000003,jurassikpark
2026-07-27 06:33:44,day,sports,78,0x7accd72259f3582ea4805386d09b311faed5c5b9,1382.864391429499,13028.943326,negoze
2026-07-27 06:33:44,day,sports,79,0x0ec9d0ca75335cb9e683907bf628a0b5ee831e0c,1380.3122239100003,4389.349999999999,0x0EC9D0CA75335cb9E683907BF628A0B5EE831E0C-1781944417845
2026-07-27 06:33:44,day,sports,80,0x08caa55639d19468f24d79a55d892591a0e97895,1329.9511497299973,0.0,Borwei
2026-07-27 06:33:44,day,sports,81,0x30ae3992180b30b791df5e6e5480629449594318,1298.0326678800047,6690.879999999999,w1n3r
2026-07-27 06:33:44,day,sports,82,0x443bcce588e26763987e9ae44b6b7845f09fe8bb,1252.8947297129926,0.0,0x443BCCe588E26763987e9Ae44b6b7845F09Fe8bB-1769536380439
2026-07-27 06:33:44,day,sports,83,0xaa903818f3f2d6fb6790cc55672bb99ab734c709,1245.3958175832795,0.0,Giannis34x
2026-07-27 06:33:44,day,sports,84,0x7203d27522b0144113c36d25485c557c9185795a,1233.5100621485326,10469.402074000001,AztecClusters
2026-07-27 06:33:44,day,sports,85,0x46ee4944d72cceaac9c19e08e0491cbad461ae61,1210.6515043689833,0.0,0x46ee4944d72cCeAAc9c19e08e0491cbAD461AE61-1774461767714
2026-07-27 06:33:44,day,sports,86,0x47c573f76f0abfe348b5a1933a5d644c242646c3,1194.891408681011,5965.830292,Floem
2026-07-27 06:33:44,day,sports,87,0x10658d371ae1f09eed503a3a14c8ac6a1a936218,1174.456947031922,0.0,kunkun168
2026-07-27 06:33:44,day,sports,88,0x6b23c73159b753c96d3c1ed94413f113300c04a3,1164.3268683387287,6025.5250270000015,pauleta23
2026-07-27 06:33:44,day,sports,89,0xa9f5e5c9c761a0c7d692ba479028f778a5dd937f,1161.246200173544,21768.041235,Jxtoas
2026-07-27 06:33:44,day,sports,90,0x505f23d257d23e4a1ec37ff9bca7c88f3bf0645e,1158.2877715799964,3398.3231929999997,glinomessi
2026-07-27 06:33:44,day,sports,91,0x397e4f7fae63e68fd7be7f318793f3fc4de43d84,1135.3169376754668,7594.296966000001,MartyMcFox
2026-07-27 06:33:44,day,sports,92,0x7a496671c81b436111eab24ceddf8eb680d9d9f5,1119.6480377391636,5115.920446,Car-c
2026-07-27 06:33:44,day,sports,93,0xec5723df1ef786d95b05b2941c89b45dcb560fa7,1119.3443954095856,18955.372994999998,RN-2
2026-07-27 06:33:44,day,sports,94,0xabf543512f33e2d754ada028a689610139cccfeb,1109.3430000000258,0.0,0xAbF543512f33E2D754ada028a689610139Cccfeb-1760974401494
2026-07-27 06:33:44,day,sports,95,0x33c96d86e23e971777e9a0b59f4e21cc9e546f9a,1093.0873332049596,27913.473757000003,k56
2026-07-27 06:33:44,day,sports,96,0x72348f5fd941ab5c08b4d4b9d11f9d700e421d85,1078.1881209999992,2668.69,Neigel
2026-07-27 06:33:44,day,sports,97,0xb3ac0f1372a3df8791f2ff0b2e9d85445e531ce0,1072.116696244001,4614.85135,0xb3AC0f1372a3Df8791f2Ff0B2E9d85445e531Ce0-1783292908096
2026-07-27 06:33:44,day,sports,98,0x5b6e80132e843cb8570ee93e448f05f40ef3f544,1071.3129113187897,41354.169087999995,anurag
2026-07-27 06:33:44,day,sports,99,0x7d93bcb1bad9d0fb2f7cb774715a3f005523fdef,1063.431113411922,6424.013618,0x8Cb25E16F2F0893C1bd4d7077325BD4a3b4AdCf5-1774682577191
2026-07-27 06:33:44,day,sports,100,0x6e021a82c12e01886444ab3e918114faaf11d70a,1052.6757987019955,19077.440000000002,NonTificant
2026-07-27 06:33:44,day,crypto,1,0x565ca59275f81991bd9877d7fa8404c5ecf6519e,8051.698661999428,44625.39,IamFKINGbankrupt
2026-07-27 06:33:44,day,crypto,2,0xb55fa1296e6ec55d0ce53d93b9237389f11764d4,6976.195893750875,376024.528891,0xb55fa1296E6ec55D0cE53d93B9237389f11764d4-1777575277609
2026-07-27 06:33:44,day,crypto,3,0xce25e214d5cfe4f459cf67f08df581885aae7fdc,3782.9893584245583,247942.040548,0xcE25E214D5cfE4f459cf67F08DF581885AAE7Fdc-1777575398144
2026-07-27 06:33:44,day,crypto,4,0x6d8090e9b8b8cd01fe18fb4e040b844b3f02a6a1,2585.2010875305004,6885.488575,sajkhashaoiww
2026-07-27 06:33:44,day,crypto,5,0x1465b79bff7992bc703e1aafb3683b1089647072,2096.329453673912,4285.42457,JnStTrdrBnusFnd
2026-07-27 06:33:44,day,crypto,6,0x48ac40fc545cf327edd5365435c3a9f385614a7e,1714.4169933299418,128296.387716,BoneOhio
2026-07-27 06:33:44,day,crypto,7,0xe5a63812144d7eebc0b7f8f7051e2ac04690d556,1610.664577360687,22570.411893999997,sss2ssss
2026-07-27 06:33:44,day,crypto,8,0xb0c078c893300f44d341f4e854d8964b47dce88f,1610.2776231607895,8180.316938000001,Bossgirl
2026-07-27 06:33:44,day,crypto,9,0x5078d0586b66aa1a328f95103be302e008ed420f,1608.3585968849875,6498.436244999999,
2026-07-27 06:33:44,day,crypto,10,0x7164601b776aa22a6183b1402c361eabbcde64a7,1547.3732769194958,0.0,0x7164601B776aa22A6183B1402c361eAbbcde64A7-1781713239346
2026-07-27 06:33:44,day,crypto,11,0x2b0266fe414d026d147615d54bf0784552ddc718,1480.2729163364725,17752.003725,MoneyMutt
2026-07-27 06:33:44,day,crypto,12,0x8b4bca1d794779e66e023d44391b2a86c5ab541b,1415.5508590034442,0.0,0x8B4bcA1D794779E66e023D44391B2A86C5ab541B-1769764313952
2026-07-27 06:33:44,day,crypto,13,0x9a1f8ce407172a0a3c8d57c92e182d22ace2c925,1347.9018774909964,0.0,ETHhedge
2026-07-27 06:33:44,day,crypto,14,0x9783f45ce35f794be38ca47dd0816a5c241383b9,1347.427127,3243.743326,0x9783F45CE35F794BE38cA47dD0816A5C241383B9-1766113722324
2026-07-27 06:33:44,day,crypto,15,0x5beecf0c380e29fecc788e996acc6f51f1a730e4,1307.2586828814551,4533.911049,jaskahjssd
2026-07-27 06:33:44,day,crypto,16,0x0cb038487586d1119b165466072e9baf666f3a90,1288.2703738206328,212179.76604200003,
2026-07-27 06:33:44,day,crypto,17,0x13e0d447520ebe7f8eeaf7817211201b2c585204,1280.8006517851318,157053.68487199998,
2026-07-27 06:33:44,day,crypto,18,0x15cd9aaaf5450b9543fd0cc6b573dce884100dc5,1235.6808020050194,5582.699204999999,jkwqhewqiowioe
2026-07-27 06:33:44,day,crypto,19,0x43a6d60de9824e8ed8b0a2d851f49fcaf1e38b32,1226.1982200534994,200.0,-Yang-
2026-07-27 06:33:44,day,crypto,20,0x575b2fba39882d7258273de79b0cd2b9ad1d8e6f,1216.474690412435,2126.989088,0x575b2FbA39882D7258273De79B0Cd2B9ad1d8E6f-1776781945633
2026-07-27 06:33:44,day,crypto,21,0xa171629442338339ea68c3def805676b102ea83d,1198.8037602763943,5242.700577,aasudhash
2026-07-27 06:33:44,day,crypto,22,0x6765c1c000e3b99c7fffea752c561cb868f1fa0d,1185.7495066549163,3986.056455,JanAMEX
2026-07-27 06:33:44,day,crypto,23,0x0340fcffce4d0d00670212d44f364535e6e56907,1167.898301487995,0.0,0x0340FcFfce4d0d00670212d44F364535E6E56907-1764744261318
2026-07-27 06:33:44,day,crypto,24,0x67c523b7688ed01233899b4981d41543d5b12642,1161.1014025947961,32427.619869,0x2c335066fe58fe9237c3d3dc7b275c2a034a
2026-07-27 06:33:44,day,crypto,25,0x0c7c5204404e9d5402d258fedac59c7212bae4cb,1059.6208650892368,40596.68819999999,OhioRiskManagement
2026-07-27 06:33:44,day,crypto,26,0xb6263e83ed7ca634ed89745df9b3912bc35e8d7c,1036.154021440545,5135.9746159999995,aswiwqjieijwo
2026-07-27 06:33:44,day,crypto,27,0x7df1854c8bd10b573f1281c2e978b8104075491d,992.0631843900001,9626.638782,0x7df1854c8bd10b573f1281c2e978b8104616321
2026-07-27 06:33:44,day,crypto,28,0xe23b8c541afbe1a3f06734a569207e7243ae7c42,989.7860027079992,0.0,E7C43
2026-07-27 06:33:44,day,crypto,29,0xbbd468fd058cdbe0771db91522270db6672c0752,967.7616172739181,5038.310469,ssasdasdas
2026-07-27 06:33:44,day,crypto,30,0x5ed5a5299060cdf83f009555cc0b8db3451df63a,948.4879910000029,2043.2487399999998,Fallout3
2026-07-27 06:33:44,day,crypto,31,0xe055d214540ba6fde3c5c18adb7fed9c02630628,943.3209541888791,27637.873207999997,AgropescaJacare
2026-07-27 06:33:44,day,crypto,32,0xd189664c5308903476f9f079820431e4fd7d06f4,935.4808223710861,9008.707991000001,rwo
2026-07-27 06:33:44,day,crypto,33,0x0484e64092ba4108c2786b61e6fc052d3bf41b1a,929.918415000313,111197.88999999998,DoggyStyIe
2026-07-27 06:33:44,day,crypto,34,0xf418d3a1a941292f9c8707d62a14980c5beb95a3,916.0216639998107,74619.93,TAKERNER
2026-07-27 06:33:44,day,crypto,35,0xfb1c3c1ab4fb2d0cbcbb9538c8d4d357dd95963e,911.932169969019,17772.487814,
2026-07-27 06:33:44,day,crypto,36,0x1015bb260154f51e5f432cb0a3227c1619fcbac8,903.9417295383519,54862.505942000025,riceapplepie
2026-07-27 06:33:44,day,crypto,37,0x20d2309cd92b797ae7ca175ed828ed8a27fbe29d,902.6611906298203,41305.66221399999,
2026-07-27 06:33:44,day,crypto,38,0x128e9dcee42b2d9e4dfa44c94a4346f24871abfa,885.1717267382555,506.70851500000003,Armando67
2026-07-27 06:33:44,day,crypto,39,0xc163df5d9317167e1a151d1692302bbcd257aed8,865.568415052473,28065.718911,KetelOne
2026-07-27 06:33:44,day,crypto,40,0xc6c319112fbdb590a7638aadd825767a2de1926e,858.4615139999983,26196.547573,RavenAnalytcis
2026-07-27 06:33:44,day,crypto,41,0x00000001636b011b7f863a8f537dfdb82fe3bedd,846.3000000000102,2730.0,
2026-07-27 06:33:44,day,crypto,42,0x1291c097d0f1392a91424c41d21e971812c00e69,839.043266002478,4949.131807,shjakwiwuoie
2026-07-27 06:33:44,day,crypto,43,0x56ad6bd05999e0f33ea9c05a48ccb1364a46f13e,799.6726779670025,0.0,Mpire1
2026-07-27 06:33:44,day,crypto,44,0xdb5ad26b68d77ae966d29e7180147272ab7a3965,782.6781557997456,16923.253337000002,0xDB5
2026-07-27 06:33:44,day,crypto,45,0x5e89e1a66908bc087cecdc7a0aa36b3c9647ce14,746.0969860445011,11984.145434999995,LePetitJambon
2026-07-27 06:33:44,day,crypto,46,0x49f25611eeeff52d582180ade9acda9113f5b3c3,744.6317778747507,3183.2017260000002,ethyydsz
2026-07-27 06:33:44,day,crypto,47,0x855e484854d1411b959ddffdda11a698566c5189,741.1547712014717,13919.584684000001,0x855e484854D1411B959dDffddA11A698566C5189-1780249997359
2026-07-27 06:33:44,day,crypto,48,0xa0da9371a4aa5f2ece33eda9b6f47b656bad1f80,739.3638094704984,5344.3099999999995,0xA0da9371A4Aa5f2eCE33eDa9B6f47b656bAd1F80-1777002339626
2026-07-27 06:33:44,day,crypto,49,0x77777777777070954ccad4e19c417afe350bd364,700.2087790582648,2044.010629,0x77777777777
2026-07-27 06:33:44,day,crypto,50,0x65e13cdcdfe7590eb1d03047e569762e7655677c,689.5767760022268,3162.4671740000003,Ditto1
2026-07-27 06:33:44,day,crypto,51,0xa82365c8e854728c472812fba6202ca125386215,682.1586629907615,2486.7709640000003,mihaXd
2026-07-27 06:33:44,day,crypto,52,0x4dae7400b8fea725dcc28098b8f3e5bdbc083ea8,680.0001007329986,0.0,EggPudgy
2026-07-27 06:33:44,day,crypto,53,0xca43a3788795a7aaa868af4e034dd31107fbb369,676.1148770000673,4129.015875,Upto100k
2026-07-27 06:33:44,day,crypto,54,0x277e6718cdf00f4f887d17589895ae031a337d32,675.0013000959984,0.0,aiwar
2026-07-27 06:33:44,day,crypto,55,0x0af037c59ede5b3b2a6625f23923057d8296d425,668.7574700000114,0.0,Protruder
2026-07-27 06:33:44,day,crypto,56,0x70a308ca643e0ec6cc4e7898f8a18ce2c2c38917,664.3649075766989,22499.810402,0x70A308CA643E0eC6Cc4e7898F8A18Ce2c2C38917-1762679806389
2026-07-27 06:33:44,day,crypto,57,0x7f3c8979d0afa00007bae4747d5347122af05613,661.989209215506,0.0,LucasMeow
2026-07-27 06:33:44,day,crypto,58,0x4aaa132032ac09e42ab080efcec550590b274cb5,658.5076445704703,4058.96688,aiauiowqn
2026-07-27 06:33:44,day,crypto,59,0x5c07ef274ec004bfdd011b4041f1cfc428b4be1a,646.9703880000015,2910.889162,ZhengYing9999
2026-07-27 06:33:44,day,crypto,60,0x912314fe33c045bd8899b98c7e82dbf5e2d8054e,646.5293073502044,4697.613133,asjisauiiow
2026-07-27 06:33:44,day,crypto,61,0x97d8c0a35cb0449520982bee19716a27ac410a12,646.4256863999999,3754.3407999999995,0x97D8C0A35cb0449520982beE19716A27AC410A12-1783269092070
2026-07-27 06:33:44,day,crypto,62,0x4e8a9a78b8c02bc75214104efbd30677b54e56fe,636.2389417726463,7761.940363,NAP716
2026-07-27 06:33:44,day,crypto,63,0x1cd24cc49782240413903b4b7e7694779f917f85,635.688227281491,0.0,bitterfish
2026-07-27 06:33:44,day,crypto,64,0xda5b51c5342f3f036c8d928be667a2f425598cce,627.4628874699956,0.0,
2026-07-27 06:33:44,day,crypto,65,0x69c7b8de588c68d3927f094eb9ec9a2b1bbeb03c,611.822101019905,666.343866,egig
2026-07-27 06:33:44,day,crypto,66,0x704dab16a60c6ac384765b79826de8749eee9483,610.7992259360356,13451.818432999999,MrDapBot
2026-07-27 06:33:44,day,crypto,67,0x4cbb22bf85baf6b6c6d0df22e07757fecc022587,602.7323380000007,0.0,allback
2026-07-27 06:33:44,day,crypto,68,0xc53375ff94e96100f2b30a4b5775db35218d69a9,596.8395580590914,16732.706719,Its-Just-A-Bunch-Of-If-Elses
2026-07-27 06:33:44,day,crypto,69,0xd18aa9f4b13ff514f168314ff61e0ca7f9424b74,592.7204500004154,60414.59,783624012983
2026-07-27 06:33:44,day,crypto,70,0x301e286fd88abb7cda0a19a24e4dc4823c4db752,563.9915648259921,0.0,fred4332
2026-07-27 06:33:44,day,crypto,71,0xb0f85baa97990910a3e8ac2b4a58a322f01ecef5,550.3501801756793,30207.633661000014,pspspsps5
2026-07-27 06:33:44,day,crypto,72,0xa1c8a817e12dbfad4ac82d7e51355e8d6cbb7a14,536.1452680782568,4427.526689,sakuoiwuewq
2026-07-27 06:33:44,day,crypto,73,0x912a58103662ebe2e30328a305bc33131eca0f92,533.4839712104294,7023.146249,ratue
2026-07-27 06:33:44,day,crypto,74,0xba1c348079abd183f6c3d8bacffbab205f29e6f0,524.2047699999998,4686.167796,hurrican1
2026-07-27 06:33:44,day,crypto,75,0xdf7930e89a2c47560165331863c31deca0733dcd,521.3920114603825,48389.606421999975,std0
2026-07-27 06:33:44,day,crypto,76,0x0bf96a1c55e6f47ea84335bc3fc08a89653efd90,504.9999999999982,4300.0,alboto
2026-07-27 06:33:44,day,crypto,77,0xd898fe1dfa8b7997bee3343a29dca87aaeb8a47d,503.868208796561,2400.031438,0x4fb00971bcaB4Ae86afE25505bdc86E8ce5F3419-1764884225009
2026-07-27 06:33:44,day,crypto,78,0x616ab4b4ae6ddb630a113dc1f215a088a86fc02e,503.2710799200013,4487.281908999999,wudi5
2026-07-27 06:33:44,day,crypto,79,0xc1b4bfdc36eaa5c09e7231c61e5e44c5463f624f,502.5273566037795,124045.30006299999,sir-upalot
2026-07-27 06:33:44,day,crypto,80,0xf6cd90295b4e33446bbf96653abc430d657b8c51,500.63918567889687,3743.28063,saieuwioqw
2026-07-27 06:33:44,day,crypto,81,0x0389362a989f33544316fae92f8e60337bc2e5f7,495.22913264013187,8143.141079000002,ffgghhhj
2026-07-27 06:33:44,day,crypto,82,0x71a70f24538d885d1b45f9cea158a2cdf2e56fcf,494.8255001982907,3650.884574,easyclap
2026-07-27 06:33:44,day,crypto,83,0xf542dd67ec3af50155352c9f17debcbee63d26e8,481.32545780511646,1399.0630499999995,0xF542Dd67EC3AF50155352C9f17DeBCbEe63d26e8-1775543336211
2026-07-27 06:33:44,day,crypto,84,0xb004d7e86c1d7018e9527257f45eae28bb96382a,471.656097172445,1635.563213,0xB004d7e86c1d7018e9527257f45eaE28Bb96382a-1779371217361
2026-07-27 06:33:44,day,crypto,85,0x582c9175d61e4a341cce58437409f0c13c9e3266,471.1942377787755,3525.400436,0xa0f47cE9ea247A73D3624cf7320189550ce4631B-1762906440194
2026-07-27 06:33:44,day,crypto,86,0x16c91ea1c88ba145582d961763c6a0e04fdafa4d,470.83091577503365,9099.876211,xxder
2026-07-27 06:33:44,day,crypto,87,0x3048d65321be3497164cdfc2996f94f98a2e7537,467.2047093286237,84857.757511,twitter-CryptoWithGab
2026-07-27 06:33:44,day,crypto,88,0x7a6e8b9ae90f70ecff23eef400e57e737132d8ea,456.8125999714989,2999.84275,qiouqioqw
2026-07-27 06:33:44,day,crypto,89,0x0a76307e587a5d486ee600a56421be9dda69f8f9,451.8960772399987,0.0,stokcoldbrew
2026-07-27 06:33:44,day,crypto,90,0xc1a9273b15a17d21af09dddb42b9239b93d4e2db,449.00370475306534,2157.706049,0xc1a9273b15a17d21AF09DddB42b9239B93D4e2Db-1777826537793
2026-07-27 06:33:44,day,crypto,91,0x9842afc310d07304577bddefae4711bb9fc800d7,446.84992534689536,3689.2421239999994,The-Resolver
2026-07-27 06:33:44,day,crypto,92,0xa0e72d5575095199ae08ce0dce447f21b7249461,442.3524620780445,73080.62932500003,uninformedfloww
2026-07-27 06:33:44,day,crypto,93,0x05c53dbb0103776de1a5cb29146d34069a281d0a,441.9637619999776,4089.7235329999994,GordonFlowers
2026-07-27 06:33:44,day,crypto,94,0x90d0448d2963fe6ebcf11697fdb30b2b4267e7b5,429.4606858200016,0.0,Pi3.14
2026-07-27 06:33:44,day,crypto,95,0xf4a7c7b7fd50c8cd6c4a502394a000d277f8d252,429.1173849004299,3697.829209,iowqujioqwij
2026-07-27 06:33:44,day,crypto,96,0x568b079891fcc8bef2e557fa2a8a7ecca1700b3b,423.27627650582144,17962.319661,
2026-07-27 06:33:44,day,crypto,97,0xfb62aadabd80f089fde82688d2491845145864c4,420.5597379501994,3635.2225,ioqwuoqwn
2026-07-27 06:33:44,day,crypto,98,0x979e4ea5e21b5105a3bd0fffec5e6a0936f5f65c,416.5635973357139,3536.248099,theyneverlie
2026-07-27 06:33:44,day,crypto,99,0x388537259dc9e693c1c9b96fdf07a63f6b7aca77,415.5585209996789,1288.789031,easypredict
2026-07-27 06:33:44,day,crypto,100,0x951bd740ef681d05891ca35440232488271d433e,413.59545723003976,21465.179036999998,0x951bd740EF681d05891CA35440232488271D433
2026-07-27 06:33:44,day,finance,1,0x714a685b5454ea4d52979563bbafa77b8168ab2f,6473.717698758002,0.0,pada
2026-07-27 06:33:44,day,finance,2,0x51de66b7f3d10eceb99aab57622ca850655e9e4a,5701.04951175299,4931.486158000001,0x51dE66B7f3d10EceB99aaB57622cA850655e9E4A-1779581016815
2026-07-27 06:33:44,day,finance,3,0xc6e956068048c1cf98d8f0b3a495edc9da130741,5665.178050377523,0.0,luck00004
2026-07-27 06:33:44,day,finance,4,0xf0ca28d5b0141f0a8e7b251dea80fd881cb166ed,4939.225306847977,0.0,Hauchn
2026-07-27 06:33:44,day,finance,5,0x7f9e2d1df78614564a70becc7fa14aa9a6623a0e,4316.670834170611,969.996507,nojnn
2026-07-27 06:33:44,day,finance,6,0xeb490d0534bb68b4c2ce139b219a728cd2c3693e,3916.4145947779834,129.595277,78979879879879
2026-07-27 06:33:44,day,finance,7,0xf8db6180208087fea02623fe8b64f50a8d3ff92c,3461.018664844409,15720.559705999998,dudjbdj
2026-07-27 06:33:44,day,finance,8,0x53c48faa2373f597b693567f79c3782c6ce7740b,2377.248586024005,0.0,uma003
2026-07-27 06:33:44,day,finance,9,0x86e99faea12fccd8925de5d9f052471baf7a4cdf,2216.3750979219967,0.0,junifund1
2026-07-27 06:33:44,day,finance,10,0x2f7709800bdd3cf81b1c89c4f8b94b36caf59da4,2131.0143602499884,0.0,Nz2027
2026-07-27 06:33:44,day,finance,11,0x2974bd0059e48f215c391882976e0f1b4c8c9c23,1918.8455494808295,1029.7357670000001,65765757
2026-07-27 06:33:44,day,finance,12,0x83733b87090cf97aee473b1000beb9bfab7af0bc,1859.17459836727,531.5,merod
2026-07-27 06:33:44,day,finance,13,0x3dd2db2d398ff72c2c71c9ad6473368b941e9ab1,1831.1260281355899,526.245,paspor
2026-07-27 06:33:44,day,finance,14,0x88c4919de76e526d55a32c1f8afb439dd1f1129a,1633.984750552503,0.0,QuietRiskisWrong
2026-07-27 06:33:44,day,finance,15,0x06ac70013cd0c7992ec830ad5df9f7f66d5b79ec,1585.3634913659953,0.0,eastpak
2026-07-27 06:33:44,day,finance,16,0x090af6fd2aeb04202abc97370aa86c1b81d90fa6,1492.872728119306,926.7366500000002,VictorLudorum
2026-07-27 06:33:44,day,finance,17,0xa3282d3e882501229c75d0caf134e62e3afb4977,1277.0013401447868,358.87,korda77
2026-07-27 06:33:44,day,finance,18,0x28bf066c6cb952da62d6d182c16ad173ada64a4e,1164.527773959504,842.78,plainfolder
2026-07-27 06:33:44,day,finance,19,0xb687f00464e33934f5d591f224e71c3559ecaee5,1086.2945306110196,1984.95,alwayslatetotheparty
2026-07-27 06:33:44,day,finance,20,0x9d84ce0306f8551e02efef1680475fc0f1dc1344,995.9163442075405,0.0,ImJustKen
2026-07-27 06:33:44,day,finance,21,0x03805a13a0b3e058f55f6c6af95389d4f431073d,975.1717787308735,612.92665,donthackme
2026-07-27 06:33:44,day,finance,22,0xfc7d6673d1cde299bfd768a3f6116ba176de9107,972.7317300000004,0.0,skycapital9527
2026-07-27 06:33:44,day,finance,23,0xfd557e6db670c9704bc1d0d8e8b585c7d9c9f905,962.7528524710578,454.381642,northdrawer
2026-07-27 06:33:44,day,finance,24,0x764b305694b026c1acce7bf862c3b5456a146bad,957.7192791184898,373.0,quietparcel
2026-07-27 06:33:44,day,finance,25,0x64d9c4c9994321dc660efe7ddbf457c49f7846e6,738.9132781150183,0.0,Pokemon001
2026-07-27 06:33:44,day,finance,26,0x6630c34aa5836d4610fb6303d0ee9d966cd42f4e,676.504831745,3214.411168,garlictrump
2026-07-27 06:33:44,day,finance,27,0x998154d8eb4ba7c4b34b10d76b9742d922d7dec4,655.4981436585003,0.0,EscalateFund
2026-07-27 06:33:44,day,finance,28,0x27d414967e520ededacea8b9dbf35bf986f0716e,652.9127874955002,0.0,0x27D414967E520ededaCeA8B9DbF35Bf986F0716E-1772286047986
2026-07-27 06:33:44,day,finance,29,0x7e7828345a445ccc049cdd6e5df312ec844e3945,589.9254219007589,1426.522066,Jdhd38483
2026-07-27 06:33:44,day,finance,30,0xf4677fde7b20f3ac4f573355678de3a0f610935f,589.0477556085007,0.0,wntsang41
2026-07-27 06:33:44,day,finance,31,0xd32ce89f16509d3c8f8b5e9750305a5b2bc2a4c2,589.0060828376008,168.12,
2026-07-27 06:33:44,day,finance,32,0xa0926fbc4a90e29e479b459ef92a147ebe5b11e3,542.1663669044938,0.0,G.laila
2026-07-27 06:33:44,day,finance,33,0xc5187cb669690150643ba2f9aac6b7d98d212594,524.4743683177512,503.449964,mustbethewater
2026-07-27 06:33:44,day,finance,34,0x25257a6a89dba93dd0c536b6279365632a4eb919,478.71534653149956,0.0,Trading4Fridge
2026-07-27 06:33:44,day,finance,35,0xb9c0e0f1b2a8a65d9e1111750f416d8ea9eb91af,476.9123560340341,1264.8683859999999,Rmagic
2026-07-27 06:33:44,day,finance,36,0xc97b0b2a2547bb3ed57167092ef8a6e816c347e5,471.2613695495711,4407.57,0xC97b0b2A2547bB3eD57167092EF8a6e816C347E5-1770003388001
2026-07-27 06:33:44,day,finance,37,0xd26935092ce94d6393540974ce734ad798c96b9a,470.36458933550057,0.0,
2026-07-27 06:33:44,day,finance,38,0x1afeae49100d5f2a8e3901c5136c9a0dd8a39fe1,469.27399999999994,0.0,0xisugbeyhnfhbsbbehhjsytfvwookfnuur
2026-07-27 06:33:44,day,finance,39,0x6d40f3719734403d22af47529be609f4a611335e,450.7677573705016,0.0,pmBigg
2026-07-27 06:33:44,day,finance,40,0xa6354342864fa3d0ca5a41c9af6fd5c8f63b5520,449.32306395854533,3244.186045,
2026-07-27 06:33:44,day,finance,41,0xf28c7b2efa875580a79f8c8810deff374f51cdf8,440.81267407500127,0.0,0xF28C7B2efA875580A79F8C8810DEFf374f51Cdf8-1774419743181
2026-07-27 06:33:44,day,finance,42,0x36dafd0ed99d902f8bdfe9e090ecdc48b053907b,415.212745000001,0.0,0x36dAfd0ed99D902F8bDfe9e090ecDc48b053907B-1762688421136
2026-07-27 06:33:44,day,finance,43,0xa0a18aa3594b95281268c05e8e3ce894fb0631e3,400.0,0.0,SwingXBT
2026-07-27 06:33:44,day,finance,44,0xcfebb9100778b9ed7d3e6354440edf3e85163365,393.81921000000057,2843.46,Changpohouxue
2026-07-27 06:33:44,day,finance,45,0xf2597bf72c85a3e8baf98f2b2f106359ec617592,386.4938999999995,991.01,ytho
2026-07-27 06:33:44,day,finance,46,0x2e4d05beafd81a6e85bc0c6a94820d61ef34f703,377.91408432199387,0.0,woshiLimpeh
2026-07-27 06:33:44,day,finance,47,0x1cd24cc49782240413903b4b7e7694779f917f85,362.1695655624935,0.0,bitterfish
2026-07-27 06:33:44,day,finance,48,0xcfce2a14ab7a79a76ce11ce035e8b0c8804280c7,353.84369893499115,449.238767,LeechLord
2026-07-27 06:33:44,day,finance,49,0xeae707a267b3d6a112167b5c93c3fa74e38c2800,333.33333330000005,0.0,destinyas
2026-07-27 06:33:44,day,finance,50,0x0c7247a228d5864289410f1ca7950be6b9d8a042,328.5079000000001,0.0,celery-cactus
2026-07-27 06:33:44,day,finance,51,0xe3e4bded348f8608f322a598c19dbb3c42878d04,325.0977924125,0.0,Machaon
2026-07-27 06:33:44,day,finance,52,0x97f3f9f15c0063710c60d3ac9c40d17f4ba60eba,323.75014652798563,0.0,Investnow
2026-07-27 06:33:44,day,finance,53,0x8b8762de175b0c9c86453239e0dabbedd6d73e8d,319.1566325379972,0.0,MickyMauldib
2026-07-27 06:33:44,day,finance,54,0x6ae0a24ae0797e62332852a52ae321e330177483,313.98851480000076,1395.29,Want88
2026-07-27 06:33:44,day,finance,55,0x88b0bd7130b184d110c507bce00978e090fbb118,307.3383682979987,1436.65,degens9
2026-07-27 06:33:44,day,finance,56,0xb3078bcc1266252ed38f9c509dd0d70e1a709c25,300.2445732490378,16117.787943,lilesto2
2026-07-27 06:33:44,day,finance,57,0x7a3121856db47937504150c87220776ee2a97134,298.42814,0.0,yywave
2026-07-27 06:33:44,day,finance,58,0x0ea170148c5c52b795d5a83cb5bad832332d709f,293.97984586714387,3834.44,xzmeng
2026-07-27 06:33:44,day,finance,59,0x403f2471f8aaa1e8a224f1338b073bfa3fdb94f1,291.44712183883894,36966.814873999996,PollProponent
2026-07-27 06:33:44,day,finance,60,0x8964b58c08b784ecfe1d9344223692263d130bec,287.5271851665011,0.0,DegenerateJanet
2026-07-27 06:33:44,day,finance,61,0xfaf680c17a9cca24ff0773ae2d9f7db49c02cc47,279.69524956350097,0.0,Seutervoinen
2026-07-27 06:33:44,day,finance,62,0xdc8d49e3317dab913726f10c75a6dff742c784bc,278.3458999999998,0.0,TheAugur
2026-07-27 06:33:44,day,finance,63,0x8888a4f8c8d3834482d77405530d7f5428a40b39,275.93814289126203,1771.3500000000001,0x8888A4F8c8D3834482d77405530d7f5428A40b39-1769323876037
2026-07-27 06:33:44,day,finance,64,0xac4a1fabdac2438d6afa2a9e8e83845310a0bf1e,274.84128095344204,91.7407,HerrieDavis
2026-07-27 06:33:44,day,finance,65,0xbace5a5a9e309d69164dc81788d353fed8d43429,253.39179935400898,0.0,antoinelegwr
2026-07-27 06:33:44,day,finance,66,0x37283720e103c56b38d62755ad604117e0164288,253.36835371599994,0.0,prediction.addiction
2026-07-27 06:33:44,day,finance,67,0x969fae0a3a93778adc42178f72c612ed8c4e4d55,250.84972685029788,0.0,superstonksbro
2026-07-27 06:33:44,day,finance,68,0x40604cb1f958c03bea0b18aa43e4cb0d62f33ec3,249.8506984403066,0.0,C03B
2026-07-27 06:33:44,day,finance,69,0xd8d5289c35124b5353f5a10a28b8cc29aec38935,245.350462661238,2.708123,D8D5289c35124b5353f5A10A28B8cC29aEC38935
2026-07-27 06:33:44,day,finance,70,0x91572b16dc769ef8b8f1f98d5270b05a36e3626b,237.2095894400045,0.0,0x91572B16dC769ef8b8F1F98D5270B05A36e3626b-1770128923810
2026-07-27 06:33:44,day,finance,71,0xe60f07a844bd18448eb3b23818f94bec1589f4b4,234.5602988950002,0.0,cryptoincome
2026-07-27 06:33:44,day,finance,72,0x0b78ec54b9c091dd63082287c3cce2eb157f4b4b,232.46127399999997,1137.52,yyuur
2026-07-27 06:33:44,day,finance,73,0xf1899a30a2c016941bf4abd77b900ecacd768e47,224.25680262600508,0.0,Alicia
2026-07-27 06:33:44,day,finance,74,0xba95bc615e1977bc079a1d2e55e6265b2934d14b,223.16452194399972,0.0,0xBa95bC615e1977Bc079a1d2E55e6265B2934d14B-1776618316591
2026-07-27 06:33:44,day,finance,75,0x963137a0ba0b02ebf6f37710023cc1b0303289a1,222.10968366949965,0.0,0x963137a0BA0B02EBf6F37710023Cc1B0303289A1-1764031525036
2026-07-27 06:33:44,day,finance,76,0x4a2be7a7e6e3b41dc2de00706b4c09660ca9af20,219.69908044060867,255.0,troim
2026-07-27 06:33:44,day,finance,77,0xa8ae9f8f2a92cb27a73791bb816e65071ca38eb7,219.55433115000005,0.0,nellojello
2026-07-27 06:33:44,day,finance,78,0xf32a44b612a60f2b0c0f23c419876ec1c89c06fd,218.2467795540142,12041.109999999999,Dit26978
2026-07-27 06:33:44,day,finance,79,0xe39783f92ee0985f1ab5fe514030f946825abfcb,215.1187838675005,0.0,0xzipper
2026-07-27 06:33:44,day,finance,80,0xae5b31e2ca93121383a914df2385af05e9150a8c,214.81204617498588,0.0,RexRegum
2026-07-27 06:33:44,day,finance,81,0x2a6db57a2345fb0bc1df712cbd214a1dfffdcbac,209.5653159000002,1371.1,PersonalRush
2026-07-27 06:33:44,day,finance,82,0xe9076a87c5ed90ef16e6fe6529c943baeca0cff6,204.01722841123774,1080.880235,suntori
2026-07-27 06:33:44,day,finance,83,0xe32b46a28b649031939a78ee47fca260758a626e,203.75,0.0,Contradict
2026-07-27 06:33:44,day,finance,84,0x21b3d4f4375f97bc96d2b00985a6eae9ef53793d,202.52927739999996,0.0,Greenhug617
2026-07-27 06:33:44,day,finance,85,0xc1a58674dbcc1d3208f7e61a0a8b252162caf290,199.87412906249665,0.0,amis
2026-07-27 06:33:44,day,finance,86,0x91c64d252a864b9e4b073a1850467f4d33363d64,199.2,460.0,0x91c64d252A864b9e4B073a1850467F4D33363d64-1781446763079
2026-07-27 06:33:44,day,finance,87,0xc8ab97a9089a9ff7e6ef0688e6e591a066946418,196.75312298780773,21140.765360999998,ArmageddonRewardsBilly
2026-07-27 06:33:44,day,finance,88,0x72f13795baf0bfc6714c3566fdf03ff95611595e,194.8970839365047,13701.22,pmwinner
2026-07-27 06:33:44,day,finance,89,0x9e199036a68e4bf9d33f6958834ae079356ba857,192.00686780999968,0.0,0xwind
2026-07-27 06:33:44,day,finance,90,0x8278bd2ba325b2c569057f0ab64747c255a922a1,189.73635670000007,0.0,Amrilyo
2026-07-27 06:33:44,day,finance,91,0xb72358735315fdbb9e43d7146b8133e203f60065,188.29929775449824,0.0,bysittingnottrading
2026-07-27 06:33:44,day,finance,92,0x4e82a69f00e361c2b0e54ea29ce08191b68a10ef,184.1261332399995,3320.5899999999997,Spotless-Godfather
2026-07-27 06:33:44,day,finance,93,0x50c80ae7a66e49701dc9388bd13574ba03e0caa2,182.21801060144207,10674.310000000001,flipforchanel
2026-07-27 06:33:44,day,finance,94,0xd626dc91f8286be05ff7f18bc3959a8930c3fddb,181.315977,2319.3,baishikele
2026-07-27 06:33:44,day,finance,95,0x04bf21c2527ae8d54a2f713a6420c608366c7caf,179.59384363850404,0.0,Red781RuM
2026-07-27 06:33:44,day,finance,96,0xaec718f7dd38e0c29c14a8472183a48fed6203ef,179.54100420000032,0.0,adfjo
2026-07-27 06:33:44,day,finance,97,0x1fd9589a88781644b3ad0206808b241391ce4fde,177.77347644415997,205.654721,dogeArm
2026-07-27 06:33:44,day,finance,98,0xca88d64f331060ea470e473b687b26337facefb2,177.60203283650117,1000.0,alexfunfunfun
2026-07-27 06:33:44,day,finance,99,0x1d5f88f1b97317cccad804374e5bd847512e634d,177.39302166250127,0.0,firegold
2026-07-27 06:33:44,day,finance,100,0x9e88f359b9803e41420fbb13385c5ae1765c301c,175.86589232283586,2331.0792060000003,YoungAlphaGoat
2026-07-27 06:33:44,day,culture,1,0xb9eb019d3d00b8d32ef1f2ddb697a7d1cbc7ab05,93351.53374900001,0.0,LuckyOne - 7118
2026-07-27 06:33:44,day,culture,2,0xe0f3208b94bbd4d1a3dee319d4d574747297d82c,15032.631998,0.0,0xe0f3208b94bBD4D1a3dEe319D4d574747297D82
2026-07-27 06:33:44,day,culture,3,0x430cb9225b04e393b2626ba689f7bfbe883d33a0,3216.492610544043,0.0,3qed
2026-07-27 06:33:44,day,culture,4,0x764b305694b026c1acce7bf862c3b5456a146bad,1980.593928969004,944.49,quietparcel
2026-07-27 06:33:44,day,culture,5,0x4cc3522b689a6bf1fb4a2444c523e7776db47552,1948.1798289922735,0.0,CrunchWrapoDeLaFuente
2026-07-27 06:33:44,day,culture,6,0x7f2de588e3d990d66fef63bf2378dacc87a139a8,1878.4366181634286,0.0,Q777
2026-07-27 06:33:44,day,culture,7,0x511f9c771449162349795d17becf8b37031acbe1,1776.1096556214434,5343.038887000001,Bigggggggg
2026-07-27 06:33:44,day,culture,8,0xb0c85813a7a4428f1139ff91d3118a92c391fe7f,1684.1337355997275,3816.2178209999993,McNudggets
2026-07-27 06:33:44,day,culture,9,0x542aae10712e812bd71d792861ec5a570aa8a81b,1382.7740620000004,0.0,Blind Chicken
2026-07-27 06:33:44,day,culture,10,0x217eac421dd9d7154646ac7e0d93a73f47f13a4c,1108.5926100000001,0.0,flamingfish
2026-07-27 06:33:44,day,culture,11,0x524db836890e08aceb3abcdee98d44240e324495,1087.2386943749952,0.0,Mac-Gyver
2026-07-27 06:33:44,day,culture,12,0x02b4401ae7ead14477e944f79e9db07ce9ab7092,1069.6478066099953,28056.97,alohaa
2026-07-27 06:33:44,day,culture,13,0x8d0328e8aeaa03bb13796c0eb31210f7f216fabf,1055.6573898582203,0.0,CarolusRex
2026-07-27 06:33:44,day,culture,14,0x9f208e85f326f865077fffa68b32d8b0e2bc12c3,982.6980993735665,1561.717141,mildwindow27
2026-07-27 06:33:44,day,culture,15,0x66cb857b5b20bdbebddd27a88289db3298e43dd2,888.3966583451511,7305.6375499999995,kyIiandictador
2026-07-27 06:33:44,day,culture,16,0xe089e5e74fb21bb106a7fffe1201f0bf82f4ad3a,847.2581987785052,1285.58,lox97
2026-07-27 06:33:44,day,culture,17,0x8565b21d736741147592264d75cc26ccf2040c43,807.1637471189824,0.0,dddtrips
2026-07-27 06:33:44,day,culture,18,0x3069c1002bd0bb6aec054c7a27722919df95f8ef,804.2629971390002,0.0,Orion96
2026-07-27 06:33:44,day,culture,19,0x04a2a7075963c86990e246e73e50f8023b79e16c,754.1802213376068,7155.5554139999995,gordontradedc
2026-07-27 06:33:44,day,culture,20,0x1359416a1289fd554e5b44872ec2a8b9db200c0d,750.361525831999,0.0,CyberKillers
2026-07-27 06:33:44,day,culture,21,0xb866c60da64481442a678b68c66d4c0045d536d4,679.742499,0.0,BigDSlangin
2026-07-27 06:33:44,day,culture,22,0xc5187cb669690150643ba2f9aac6b7d98d212594,677.3772198931717,2116.9851209999997,mustbethewater
2026-07-27 06:33:44,day,culture,23,0x03805a13a0b3e058f55f6c6af95389d4f431073d,612.4273352398923,711.6703530000001,donthackme
2026-07-27 06:33:44,day,culture,24,0x0e8d61f16a2373931ffbfc2993f046e33286dfcc,567.7359299999825,0.0,GummiMummi
2026-07-27 06:33:44,day,culture,25,0xfd557e6db670c9704bc1d0d8e8b585c7d9c9f905,565.0471392519921,915.25,northdrawer
2026-07-27 06:33:44,day,culture,26,0x8a4c788f043023b8b28a762216d037e9f148532b,551.4597570000333,0.0,theo5
2026-07-27 06:33:44,day,culture,27,0xd23f8c8aab13cfb2a35da40b67f8471faf9894a1,513.41755546688,17897.021649000002,Corlys
2026-07-27 06:33:44,day,culture,28,0x1e098a7a17517b8e936517d071f830b13f282a23,501.871507,0.0,bobe1
2026-07-27 06:33:44,day,culture,29,0x32e3742a6dd363c3dfdba700b77f845ec99ad066,499.9895919999999,0.0,zubbybadger
2026-07-27 06:33:44,day,culture,30,0xa49b6ea0a604c581f2a9569db42c192b1c487054,499.7709224545688,10746.131479,387411007415611814092217897387
2026-07-27 06:33:44,day,culture,31,0x99518fa0d201e7542ea2b852809da5a5c8d811bd,471.2230649589983,0.0,imnice
2026-07-27 06:33:44,day,culture,32,0xb04895b46d744a55e399dd09a78ce8ef215e7f07,429.9690499999997,0.0,0xb04895b46d744a55e399dd09A78CE8Ef215e7F07-1781456815311
2026-07-27 06:33:44,day,culture,33,0xe83c02ddb322e408b686fe133b509235f46b04ce,426.13350000000014,0.0,0xD0f99f553bC376E8b86246295d679dC86334d400-1775513252892
2026-07-27 06:33:44,day,culture,34,0x2ef2887692386bebad6ef3df9fd3d0e223047f72,420.507663333,0.0,fghsrthrhrshrsth
2026-07-27 06:33:44,day,culture,35,0xf49ded4b0c5c86687cfcfca354a7b06628137e5b,414.1927839275104,0.0,barcaa
2026-07-27 06:33:44,day,culture,36,0x9840171734b8723bbd60ecfb19639557bf695a69,399.967588,0.0,ivshti - 1360
2026-07-27 06:33:44,day,culture,37,0xda737a656dd487c3ba95d6577d1fec2c61414d41,390.8805396199996,0.0,pretzel
2026-07-27 06:33:44,day,culture,38,0x3eae57986be5e0ca435102ffe1f14206ffa2e2ed,379.48272500000166,0.0,thoodr
2026-07-27 06:33:44,day,culture,39,0xcf7c3d0c796b2aaaccfd613236431a0ec7cdf2cb,374.48101099999985,0.0,Kickstand8
2026-07-27 06:33:44,day,culture,40,0x114aa2a5a68a70387ba041faca00b937ca98f1d1,372.23970465299976,0.0,Topman1031
2026-07-27 06:33:44,day,culture,41,0x4518b0847bdf19e357e818575cced1ff024a7180,371.7981890000001,0.0,MegaPump
2026-07-27 06:33:44,day,culture,42,0xecaa8806a9a05049d7d5260a33dc924220e377a9,362.14999875752255,0.0,Melody626
2026-07-27 06:33:44,day,culture,43,0xdd68a66b0f111035c5d698d2c7751314b14f0261,351.70831346999785,0.0,dukies
2026-07-27 06:33:44,day,culture,44,0xd56456fa7dfbdda444a32513ec96233d254ce43b,346.5014495645852,0.0,anthonyb3182
2026-07-27 06:33:44,day,culture,45,0x683746bf62f31853308f2b0ff06cee75e40e15e1,337.2376149999909,0.0,golfpro2025
2026-07-27 06:33:44,day,culture,46,0x9baebe30d1cefe0ac5be4be85189c9fa33e95d34,320.96011600000224,71.5,tinman2
2026-07-27 06:33:44,day,culture,47,0x7e35a2a8cfd1eb1e69dacd043206db5a787f1a6c,301.36717806833076,593.390318,buoys
2026-07-27 06:33:44,day,culture,48,0xfa7d05112a5c317c25bf0bf177bb9a18607b78e0,299.99885600000005,0.0,PonderPreordain
2026-07-27 06:33:44,day,culture,49,0xe2b1fc269d0c2e27da11fadd1d9596fe28227d2a,290.3268264305225,0.0,New.Jeans
2026-07-27 06:33:44,day,culture,50,0x5a218c7ad04135830a45c41aaed7294df7809318,288.2013363411388,6617.891656999999,balthazar
2026-07-27 06:33:44,day,culture,51,0x96f593614294c40cc29b6337c61b9f177336fd4f,268.47395600000004,0.0,GABAGOOL
2026-07-27 06:33:44,day,culture,52,0xe1b361d6a6f237b9ed7534d19b232df8369e1426,267.8391020250001,0.0,tja
2026-07-27 06:33:44,day,culture,53,0x18a0e748f547787c49b36345132971a89e21dea8,260.9756546062654,3272.62773,oxhrvnqpslitnzajurflmxkduvbnweu
2026-07-27 06:33:44,day,culture,54,0xeeb1ede6052eef8c829b8e30309441fba3febf68,250.42320199999995,0.0,GTFKY
2026-07-27 06:33:44,day,culture,55,0xf02105d60083d7d74d7e0f9785d79e06137cdf56,243.70018000000346,0.0,MollyParkets
2026-07-27 06:33:44,day,culture,56,0xed4154fd0ca59d7376cc7e967e4b1e10f30038af,225.0370131159989,4428.7478360000005,0xeD4154Fd0cA59d7376cc7e967e4b1e10F30038af-1767339233647
2026-07-27 06:33:44,day,culture,57,0x95060d8644127a5f06f158102f21e87b18271cd8,216.91396599999962,0.0,just read the instructions
2026-07-27 06:33:44,day,culture,58,0x82d9e40b217ecad54da43afb12b12fb79fd0eaf8,213.0846620279999,0.0,Useerna
2026-07-27 06:33:44,day,culture,59,0x28bf066c6cb952da62d6d182c16ad173ada64a4e,207.77822282399393,1244.0,plainfolder
2026-07-27 06:33:44,day,culture,60,0x4262c6daf3103188f5b0ade4b61326f09cbb0ef2,200.69568890150003,0.0,patouossa
2026-07-27 06:33:44,day,culture,61,0xaac1f92692d5ab69eadcb8c7245d3582204f93c7,199.99977300000003,0.0,eth42069 - 30099
2026-07-27 06:33:44,day,culture,62,0xe6d32ff86e410d19d4787136a44a5706265071cf,199.74334999999996,470.0,yan8
2026-07-27 06:33:44,day,culture,63,0x642720a3376cc00d1d56a3dd4874a922798f56bb,187.90742436799974,0.0,0x642720a3376Cc00d1d56a3dd4874A922798F56Bb-1765721593735
2026-07-27 06:33:44,day,culture,64,0x564f22744b7941ade18d5e0e4f347c30e3057026,180.69843500000388,0.0,molodoyy
2026-07-27 06:33:44,day,culture,65,0xc5ab6c9bef3317c6ea17c2dd57604ad8c79a2bcf,180.01096829351445,6481.651514,zzhzz
2026-07-27 06:33:44,day,culture,66,0x63850ce907044eac77fba13d59f263ade68093f2,163.23748867599716,0.0,Waterfall
2026-07-27 06:33:44,day,culture,67,0xac4a1fabdac2438d6afa2a9e8e83845310a0bf1e,163.1115289505069,2922.3799999999997,HerrieDavis
2026-07-27 06:33:44,day,culture,68,0x44b0a564260008b65a111286e45079f2cf360822,157.8522244550004,0.0,0x44b0A564260008b65A111286e45079F2CF360822-1779794130690
2026-07-27 06:33:44,day,culture,69,0x569e37de70cfc302405dc0577ae46f3140bc67db,155.31013900000016,0.0,datNiqqa
2026-07-27 06:33:44,day,culture,70,0x0472be969b34d2f39bfff6583a2788d6eac3fc04,149.57308575421985,4170.966246,Jasonzz
2026-07-27 06:33:44,day,culture,71,0xcfff4295288ee29f75a38a7028611b7c1e93673d,144.84904847049575,283.0,graynotebook19
2026-07-27 06:33:44,day,culture,72,0x9d8019321990b0e9d3947c74e7832f855b2afcaf,144.77912099999958,378.58,Tough-
2026-07-27 06:33:44,day,culture,73,0xa7e8df8bb30e17514cebe26091ddefdf85ce5c8c,142.65249958241088,883.356583,Krown
2026-07-27 06:33:44,day,culture,74,0xb26f2c91d917b1bdbc3a87817b0626a35d87aa5f,140.47414860950013,0.0,welmar
2026-07-27 06:33:44,day,culture,75,0x01860fffe9c213852f291e87974191391cbd40ed,137.68900334,1504.03,NBALOL
2026-07-27 06:33:44,day,culture,76,0x8eab0c46127830072631db88e9dbaeb0b953a56d,135.9653892040442,6775.504000000001,LinaBell🦊
2026-07-27 06:33:44,day,culture,77,0xd67517a3d1b594ee515e1141e1ef40d1279f5cde,133.75964814000014,1097.3,LittleSaint
2026-07-27 06:33:44,day,culture,78,0xfbcbd30ee172d6750364c117d989c4c049eebb5d,128.27254187000017,4788.26,ElonSimp
2026-07-27 06:33:44,day,culture,79,0xbbdcefe91e01e982c7b8532da6128f6ed7445d81,127.00802974999067,0.0,Bobi-Beebs
2026-07-27 06:33:44,day,culture,80,0xe7de76dccba9ca65e08de618954ec0ee1647537a,120.76692000000185,2550.0,NotCop
2026-07-27 06:33:44,day,culture,81,0x6a1b1ad80fcf64d2d3c1fab082c558b120befbbd,114.0298692897486,17069.700734,Kalkay11
2026-07-27 06:33:44,day,culture,82,0x146ddbae0a17c93df342680d878afa804d8317c7,109.5378422279664,8825.704501999999,Romeo005
2026-07-27 06:33:44,day,culture,83,0x2b3d1e9bdf941d435dc91a8b974b86f7064c8db7,108.04892779697548,1116.62,crckr
2026-07-27 06:33:44,day,culture,84,0x090af6fd2aeb04202abc97370aa86c1b81d90fa6,107.43071211064807,1433.885712,VictorLudorum
2026-07-27 06:33:44,day,culture,85,0x47090d99948c5a3cdf417573092a5b19ced2fb48,107.39949430199874,0.0,ChaseR
2026-07-27 06:33:44,day,culture,86,0x82882d761b0d7f18b2cc286117d10cd8a15a5519,107.28866915989238,303.22,Sugarina
2026-07-27 06:33:44,day,culture,87,0x0f7f9903f46c24ba66900ceb4a427873129c6450,105.44472771001529,0.0,Elonurmom
2026-07-27 06:33:44,day,culture,88,0x9cdda449d7cedf1072d74982a5dc2349df3d3e97,104.13375000000133,0.0,Robbb
2026-07-27 06:33:44,day,culture,89,0x477f156a229f1a174fdf945c778b7362dd2b19aa,102.78791499999534,0.0,TradeDeficitArchitect
2026-07-27 06:33:44,day,culture,90,0xf85fa31a58fcce6c00b5af806a598b1600329800,100.25187000000051,0.0,SiSi
2026-07-27 06:33:44,day,culture,91,0x4b3af7d2c599222f878a5080a87416262c1616fb,99.99984899999998,0.0,jklj797a
2026-07-27 06:33:44,day,culture,92,0xd11673b61fb16aa721729f6b84ffc8b9341bbe32,99.99963000000025,0.0,foolmetwice
2026-07-27 06:33:44,day,culture,93,0x8398982345590299f5d57eb96e90a58d8627047f,99.990054,0.0,gdrsy
2026-07-27 06:33:44,day,culture,94,0xe904443b4084bbda216e344353a44cd4324a2d9f,99.3298328940109,937.0,shovelingdigging
2026-07-27 06:33:44,day,culture,95,0x55338c4b64daac712203ff9c23c1b55c7d1b8220,99.09411734650007,0.0,0x55338c4B64DaaC712203ff9c23c1b55C7d1b8220-1773668900189
2026-07-27 06:33:44,day,culture,96,0xc7b030da5dcadfa47af5dfa11b69b8f9726c6222,97.04774918004635,0.0,mastamind - 3134
2026-07-27 06:33:44,day,culture,97,0x5f4fc359460dbe427ae7d4f81b4a34b3678cc2f1,95.75046541724987,468.0,0x5f4fc359460Dbe427Ae7D4F81b4a34B3678Cc2F1-1766878911831
2026-07-27 06:33:44,day,culture,98,0x9199ba070c49a78d7b1eb029b5c03d0b2972dd2d,95.59622678899905,3115.08,0x9199Ba070C49A78d7b1EB029B5c03
2026-07-27 06:33:44,day,culture,99,0x8219f4d94f2d5834f52a75c8756bbc43d501f1fa,95.43201939066739,0.0,theComebaqKid
2026-07-27 06:33:44,day,culture,100,0x46992d0e547e3822a9c28723f51bfa804ae4e03c,94.30881685998611,0.0,anon.1980.123
2026-07-27 06:33:44,day,mentions,1,0x38f50488b14a87769e0c5cd6c514b6c2e8ec6824,521.1145102899955,3135.98,canadastan
2026-07-27 06:33:44,day,mentions,2,0x165ed327dd594bfe95a5a9836cad385813cff5aa,396.17026426796656,1645.4704,controls
2026-07-27 06:33:44,day,mentions,3,0x4aa87d513621c74a091f514e9c14b52377f46531,250.88026237991332,720.590908,0x4aa87D513621C74A091f514E9c14B52377F46531-1779355201172
2026-07-27 06:33:44,day,mentions,4,0x1e94ed3120b2758098015fc4371302539f4ce436,106.946215255732,0.0,crypt0xDiiGz
2026-07-27 06:33:44,day,mentions,5,0x46992d0e547e3822a9c28723f51bfa804ae4e03c,96.02769459999988,6742.08,anon.1980.123
2026-07-27 06:33:44,day,mentions,6,0x3577763ad9d0d03f8977c74b962df9dea4996eff,88.44153881100056,0.0,0x3577763AD9D0d03F8977C74B962dF9Dea4996EFF-1767394315226
2026-07-27 06:33:44,day,mentions,7,0xedf67cfe47ecbeda70c7025de60ac9a2e61fcf40,74.40447228405174,1095.689659,curupirAA
2026-07-27 06:33:44,day,mentions,8,0x66c1a6fe836ff555ca32848646acedbbe93bfa3f,72.09102158501628,1746.523303,Tian-Wen
2026-07-27 06:33:44,day,mentions,9,0xf903c4cd098184e67a06a04f9b8fdb36e7bbe028,65.64189231,30.75,Viserys
2026-07-27 06:33:44,day,mentions,10,0xadf18a599d0c73e432d042ad6d922051ae796460,60.68392424999999,1151.42,Kactus
2026-07-27 06:33:44,day,mentions,11,0x7bff96579b20fe3530e140d6a3c223c9f2127cd6,56.66137026058777,1793.13,KingZeManel
2026-07-27 06:33:44,day,mentions,12,0x8d88d51a302d3bfb8fc2f71abdfd5f676cbd1e28,55.78180083439986,1358.907803,rocky42016
2026-07-27 06:33:44,day,mentions,13,0x9e8ecc4cb3c4e48f544cba2fbbb252a6a65e8db8,51.64736512200034,1779.6269269999998,DREAMBIG.
2026-07-27 06:33:44,day,mentions,14,0x7e5972bfc25819775ee5a9d4f191919375487b8b,49.48374999999987,36.25,Gaditima
2026-07-27 06:33:44,day,mentions,15,0x42bcce5ce467243cbe40a9e67eb2a6a6873a63e3,47.79763271799993,396.6,0x9a78c6a27EE55899E86322b0568eb7760c3959b9-1777073458392
2026-07-27 06:33:44,day,mentions,16,0xefde9ff487fae209ab6e3157a8acb4276f9c783d,45.815879240002005,0.0,Umaroth
2026-07-27 06:33:44,day,mentions,17,0xa24d3122ecad883b0fe1ff7b9b2d9967e23d3065,42.42505709999318,592.45,Anatol50
2026-07-27 06:33:44,day,mentions,18,0xe0dcc05376176f9f9e5160b9aae6f51e2ca93944,40.01651605282804,2137.67,Dr.mett
2026-07-27 06:33:44,day,mentions,19,0x8b72cb885a6bd4ea9d1da393ca231f0fa3476dbe,36.76954920000935,601.99,GodRama
2026-07-27 06:33:44,day,mentions,20,0x975bc0e368b7f1771d4a559f637ecaabd41f149b,33.087633290153946,0.0,pookyisback
2026-07-27 06:33:44,day,mentions,21,0x1cb63fd92efcaaf359ffdf301c40674b2ed793f6,32.602554304499336,103.44,Mrhack210291
2026-07-27 06:33:44,day,mentions,22,0x30f67d821c57a54e25e5e521dbd3b5b18309004f,30.040485000000444,425.0,shiifoo
2026-07-27 06:33:44,day,mentions,23,0xdb472f4c2275b9f321340b6707d7944de97f5d20,29.36034999999999,30.0,yudi4545
2026-07-27 06:33:44,day,mentions,24,0x9a94e5b4f0d6c646ed49e832cf8142c45474d5f9,28.03765949999986,2098.7619999999997,.Menthe
2026-07-27 06:33:44,day,mentions,25,0x367ce69a2bd008646469b7afef29d15bbb19da98,27.82699999999994,0.0,BrittanyBarnes5332
2026-07-27 06:33:44,day,mentions,26,0x0cb10c40b0776e9ee8cef970af85724654dda76c,26.71857149718562,243.26,ninjaslashed
2026-07-27 06:33:44,day,mentions,27,0xb8415ce9e03af2618cf6f6c549c26e8953613cfb,25.22150000000008,0.0,goonmaster24
2026-07-27 06:33:44,day,mentions,28,0x396f35c4d4f84c0a6c5f3b13e40e1de550367f78,21.829674999999952,0.0,lranon2nd
2026-07-27 06:33:44,day,mentions,29,0x563344ca6c20e1a6052bdd0ea994070455af59bc,21.699999999999932,0.0,0x563344CA6C20e1A6052BdD0ea994070455AF59bC-1784057117564
2026-07-27 06:33:44,day,mentions,30,0x85dfe68799c81169482aad52aabd3d899404fb48,21.23600345,0.0,FoolAndHisMoney
2026-07-27 06:33:44,day,mentions,31,0x5042e6dc8a612c493881a3e67519cc09f5f4fcb0,20.006874947500364,0.0,NoHigherLimit
2026-07-27 06:33:44,day,mentions,32,0x4d0e9b029700163625c551a0073636f3dc5ec45b,19.513722389999657,0.0,yougotme
2026-07-27 06:33:44,day,mentions,33,0x04f6dab1a3d35fc9ad828536cd0f493013fd311a,19.00130727000004,0.0,LineEditor
2026-07-27 06:33:44,day,mentions,34,0x562bc8068347268d9a69b8dd464d00eed0f9dc09,18.889858000000004,1739.13,SweetChariot
2026-07-27 06:33:44,day,mentions,35,0x299cb40195d270438f8950902f242d796457d85e,18.68188633499267,40.0,0x756486496-765098
2026-07-27 06:33:44,day,mentions,36,0xa7fea388f955a9517067111030eb771c6d911f3e,18.566905680418586,0.0,Faston
2026-07-27 06:33:44,day,mentions,37,0xdacf9f8d0341fa3770fae5c7ccd9dcfed23e3c74,17.046690000006492,650.0,CosmicCedar
2026-07-27 06:33:44,day,mentions,38,0x72cd7aea7a73cec00ee027dc844d29ee5033ba23,15.99999999999999,0.0,rovim-plymkt
2026-07-27 06:33:44,day,mentions,39,0x6936431c93a525f454d1bb914c107f926c86a45e,15.973448250000047,1396.9399999999998,OnlyPhan
2026-07-27 06:33:44,day,mentions,40,0x9dd483126ebe16f2d853d49060040b556a95a038,15.525604045000023,505.155,HyperboreanBryanCaplanFan
2026-07-27 06:33:44,day,mentions,41,0x1fcc97d92bccec98ab57be7f286c94425d77701b,14.836249999999893,93.875,.heart
2026-07-27 06:33:44,day,mentions,42,0xbe0e2ccaba04e1cff6328df819aba5648578d429,14.518708632498942,576.80815,hesure
2026-07-27 06:33:44,day,mentions,43,0x9db3ff59e5c13760a444a2fec13a35a23af21d38,14.356730589599962,95.985772,Granddaughter
2026-07-27 06:33:44,day,mentions,44,0x1d1aa3439835cc8dbb5e55d615bee3f39b0d324e,14.34352082499936,0.0,b14k
2026-07-27 06:33:44,day,mentions,45,0x0678f5c9c1c842231cc9743dc152fbab026c79c8,13.307185000000004,1239.24,langlangshan8
2026-07-27 06:33:44,day,mentions,46,0xeda045f91a24d199f78ef1f591fbbe6a5b517dff,12.983587075000287,0.0,rocky42018
2026-07-27 06:33:44,day,mentions,47,0x05c8cce6a8271a20a48babac2095c673676d2223,12.794909999999845,0.0,HeDidWearASuit
2026-07-27 06:33:44,day,mentions,48,0x1491f3faea8f55eb683eea438d4d6367eb84fd70,12.418599999999401,0.0,SmartBoyBilly
2026-07-27 06:33:44,day,mentions,49,0xf203d180bc108d011c4496aebeb0df0a76188a41,11.945471317000013,0.0,RideTheWav3
2026-07-27 06:33:44,day,mentions,50,0x510f4963b66b1b18505faab74b0bb943d1dda43c,11.797202712874139,981.6288089999999,PPMT
2026-07-27 06:33:44,day,mentions,51,0x18258793b36e52903a15e4b059f10f2430e6a678,11.736319100000003,0.0,0x18258793b36E52903A15e4B059f10F2430e6a678-1772083426090
2026-07-27 06:33:44,day,mentions,52,0x229c0a7d92977a9934e5ac2348d507988996b966,11.581642760651107,71.57595,qqqppp-l1
2026-07-27 06:33:44,day,mentions,53,0xd5707ff4ff6476f0ea344a46770c84b4436fb90a,11.290370364999973,358.074073,slmndr
2026-07-27 06:33:44,day,mentions,54,0x1ee9a5fc09665909c0cce297c581703bfbb9197f,10.852087209500496,0.0,vinii
2026-07-27 06:33:44,day,mentions,55,0x7fe25a961f445084e0416a74d645af79bb2287da,10.685349999999971,0.0,deathtower
2026-07-27 06:33:44,day,mentions,56,0x628ef57769d968e0040d3ddc04c8f882c579b3de,10.40123253999991,26.82,mah340
2026-07-27 06:33:44,day,mentions,57,0x6b25c5c4d1e681d2203297803793ad8c732b7a69,10.28881727000001,0.0,
2026-07-27 06:33:44,day,mentions,58,0xb47e0ebd655e6b0190a26b2814a9a2282dc0c602,10.231659275998027,0.0,PMMMR
2026-07-27 06:33:44,day,mentions,59,0xbcd671efdc5dd18016e7577c8f05e2db8452f3c8,10.013400000000004,148.05,AutoOdds
2026-07-27 06:33:44,day,mentions,60,0x6dbdf125026bc0f41fd7d0b8c32190e20762ceea,9.999999999999996,0.0,patocojo
2026-07-27 06:33:44,day,mentions,61,0xb41858d489634af214dd6815b12ae38ce0988f46,9.79404999999997,279.83,0xB41858d489634aF214dD6815b12AE38ce0988f46-1765253391944
2026-07-27 06:33:44,day,mentions,62,0x1e934f01216bf34b277eaeebe2c81183bed278bc,9.589799999999741,0.0,kennedywithautism
2026-07-27 06:33:44,day,mentions,63,0xe8278d22bef444ede84505b7c0ec4e4001305209,9.552199999999857,293.36,thx4playing
2026-07-27 06:33:44,day,mentions,64,0x13defc247ffbcce522383400ba9430994fb9fd91,9.362599999999816,59.93,browndust
2026-07-27 06:33:44,day,mentions,65,0x3a5a19da3731d31c6cfa71449794f8f25b703427,9.275350285999991,35.0,Bona290
2026-07-27 06:33:44,day,mentions,66,0x724520ac6ab02cfa66010ef1e44b50b40232099d,9.208000000000055,41.5,0x724520Ac6AB02Cfa66010EF1e44b50B40232099d-1779094991006
2026-07-27 06:33:44,day,mentions,67,0xec004fb2249c1819ba34aced8bf67a938d11dd53,8.974736760000013,0.0,carlcarlcarl
2026-07-27 06:33:44,day,mentions,68,0xb22085e3eae25e5f96568f84c7b25b9bf7c45f71,8.545093497000096,165.0,buzzedballs
2026-07-27 06:33:44,day,mentions,69,0xba819b1e5620ea68ad99864720aa084440727ffe,8.525636670000003,30.851378,addi444
2026-07-27 06:33:44,day,mentions,70,0x22dbd51e1a4e10fff072fa24300238c64033190f,7.764593050040276,44.87,SusanWarrenHR
2026-07-27 06:33:44,day,mentions,71,0x50b977391c4b3dd88b0a0bef03c3434fe4284298,7.7036253499996405,189.31659999999997,rocketcrypto
2026-07-27 06:33:44,day,mentions,72,0x74386dfd2b031762e5d83e1b69f0e27797fbb741,7.613109630000011,6.11,romanew-1-new
2026-07-27 06:33:44,day,mentions,73,0xb920dfa2a7b197b06349ad08e906ba9a77fc1b19,7.599199999999996,119.99,peterpol3
2026-07-27 06:33:44,day,mentions,74,0xeca0c0888e34df59589c67fbe53dc7f298b5e8f8,7.560999999999922,0.0,StarMaster
2026-07-27 06:33:44,day,mentions,75,0x126ed8e132ba2005b3b7053bf7dd62febe5fc360,7.222232624,364.712725,TeenagePanda
2026-07-27 06:33:44,day,mentions,76,0x980a78a4cb9d7b5aad030fc189d53b41288b315c,7.165000000000001,0.0,0x980A78A4cB9D7B5AaD030FC189D53b41288b315c-1776042765002
2026-07-27 06:33:44,day,mentions,77,0xdd574188334300a925465d035c89f76866ede0c4,7.110010000000216,180.0,JoneyB
2026-07-27 06:33:44,day,mentions,78,0x17288122ff6db4fdc6ceb36a3c62050cb4d11224,6.95240876,0.0,0x17288122FF6DB4FdC6CeB36a3C62050Cb4D11224-1782643857260
2026-07-27 06:33:44,day,mentions,79,0xceabafdca846e7a31a00a55c089e3d3c0d14dce7,6.741818483259124,102.893259,motardio
2026-07-27 06:33:44,day,mentions,80,0xfe9339e4eca140c1a16f94a52b5cde4d29768d0e,6.685940250000613,0.0,winexecutescale
2026-07-27 06:33:44,day,mentions,81,0xd8514b628363e6420313d1d1a45c0705048964d7,6.648145737999995,0.0,
2026-07-27 06:33:44,day,mentions,82,0x726c6e3d5cdb1a8a97b38c0e2d88448b19d66bfd,6.5120699999995395,14.6,idl
2026-07-27 06:33:44,day,mentions,83,0xcca49dab62217ba665d9ebb5ac1519f08486abb1,6.345010483999943,0.0,lucky6lo
2026-07-27 06:33:44,day,mentions,84,0xbea0922d263ae8ee61faae1fa642915691aae19d,5.959397197211999,58.83,aliiz
2026-07-27 06:33:44,day,mentions,85,0xb41ead279375742d6c2a1a2239bdce56376411fd,5.788514756621009,193.17000000000002,b41eAd279375742D6C2A1A2239Bdce56376411fD.
2026-07-27 06:33:44,day,mentions,86,0xcbdada973aa438c640538c54654ec068870ed2c0,5.582708120000007,232.7,Frontline
2026-07-27 06:33:44,day,mentions,87,0xd8a9ccaf94f3397e05de94ee4969161db1758cb1,5.5499999999999545,0.0,flyingpanda123
2026-07-27 06:33:44,day,mentions,88,0x716934e59ade35d8c7469816542e368e744e3ca6,5.309165891054192,0.0,0x3329cfc2b8d8ceb8d198f081bdf4262f421f43a
2026-07-27 06:33:44,day,mentions,89,0x94b8f63fea1af7b491c82a1344a57488393440ed,5.0,0.0,0x94B8f63feA1Af7B491C82A1344a57488393440ed-1772298238724
2026-07-27 06:33:44,day,mentions,90,0x06535ae11e3dfe07393e09dad7e50b5e3be0e566,4.985149208999957,0.0,greenroses
2026-07-27 06:33:44,day,mentions,91,0xd850eee235ec87b06d675af9901acc13eec8e26c,4.97974999999974,0.0,
2026-07-27 06:33:44,day,mentions,92,0xf2cf3cf7863182c763bce60580a7d20e9333464b,4.753586194499718,157.854283,Mojito9
2026-07-27 06:33:44,day,mentions,93,0x927ffeba73eb63ffb7e576aca7d32f78e54be7e7,4.748834399997577,24.060605,ClydeCash
2026-07-27 06:33:44,day,mentions,94,0x9fc3008979bad97e6ea01a7062bbf7f3edf212af,4.6027965899999685,0.0,keynesian.multiplier
2026-07-27 06:33:44,day,mentions,95,0xe0e871586adcc3aa8224ac85b6c0ed92aae83be1,4.5,150.0,Beckley
2026-07-27 06:33:44,day,mentions,96,0xc33d6aa3eb972639f31e46a6a02201cece380d40,4.465129349996914,0.0,penguinec
2026-07-27 06:33:44,day,mentions,97,0x7cfe9f1948a5cb3226abe53244a22c94134a74da,4.29164929999979,0.0,0x7CFE9f1948A5Cb3226Abe53244a22C94134a74Da-1779889024346
2026-07-27 06:33:44,day,mentions,98,0x5edac84d3078a6de72d8c67aa6495d3ff095d453,4.02110999999968,0.0,cubsy
2026-07-27 06:33:44,day,mentions,99,0x1ccf406f63d057bfceac14a3c37c5c9f42f399ec,3.9286628939999986,7.81,0x1cCF406F63D057bFcEAC14a3c37c5C9F42f399eC-1782096702409
2026-07-27 06:33:44,day,mentions,100,0x2583829535661016b85cea56eab41a2a5280261a,3.813825339999994,0.0,
2026-07-27 06:33:44,day,weather,1,0x09a85cfe4d51e0cde12daa4d255b3f789fb447c1,1319.568241079989,1437.48,tenkiyoho
2026-07-27 06:33:44,day,weather,2,0xb5c98e4385781f726a7579b1dbd70847b6d366d8,1075.3591488794973,1799.2800000000002,114514h
2026-07-27 06:33:44,day,weather,3,0x1a9cfddd25dfa4f5b99f39bb928fdaed4e6a079d,1054.6805857915926,27435.698510000002,shanze8
2026-07-27 06:33:44,day,weather,4,0x23d81ba9371e576015c1e562db09c689f56b0288,1018.2165095869998,0.0,flawfence
2026-07-27 06:33:44,day,weather,5,0xf0637528f0fa1c4634714e370447d7b4638c7893,869.2611308750015,0.0,SS123
2026-07-27 06:33:44,day,weather,6,0x3b2ca1312bed6142f069090240b43d801aceecdc,624.6804857435345,4086.589938,Fatbbbb
2026-07-27 06:33:44,day,weather,7,0x94c4fe3b18435aa92024c7c1589537fcda3f43ca,597.5307238000005,0.0,Railcool
2026-07-27 06:33:44,day,weather,8,0x118689b24aead1d6e9507b8068d056b2ec4f051b,570.4399000000121,0.0,russell110320
2026-07-27 06:33:44,day,weather,9,0x23d18416645924e097c453e8ceadd4bfeb6a353f,468.17999999938456,0.0,fcomp3
2026-07-27 06:33:44,day,weather,10,0x2f619f7009de9c210f78978e3d430691a8e8bf0e,360.49130136,15299.98,zhangqufei
2026-07-27 06:33:44,day,weather,11,0x58a34d556ac676b6aa1a7d5a8cbb169b99fec5ce,354.5392794139999,3320.953004,an666
2026-07-27 06:33:44,day,weather,12,0x09b4c4173607390b4a499d91b43b713987d3e56d,346.82298452998657,0.0,AndreaPirlo
2026-07-27 06:33:44,day,weather,13,0x044f334595a7fd42c143e11c8ec47f23c8d1d1f1,327.7188004397176,15228.080267,gghff
2026-07-27 06:33:44,day,weather,14,0x849da561afb7638eca32d6cd4c9ef7b5473f42fe,322.19346,0.0,Neyl
2026-07-27 06:33:44,day,weather,15,0x30fb41b5a08fff5d3dd983f6323e3343931a7db4,313.29557816558554,7424.701384000001,tradetosurvive1
2026-07-27 06:33:44,day,weather,16,0xc7d02944a76b9f83b199e9090ecc92c82d241f8a,309.0807770235042,6258.184141,0xc7D02944A76B9F83B199e9090ECC92C82d241F8a-1776944395495
2026-07-27 06:33:44,day,weather,17,0x77f069c3233901628c89d0e8ea5bb510a2822b1f,289.6180693827555,6814.18158,cleaningLady
2026-07-27 06:33:44,day,weather,18,0x301921dfa134110df03e7eba46f6318c5e5a631e,267.3545526165,726.555,usdt318
2026-07-27 06:33:44,day,weather,19,0xf6f79fb0b579918f101bb6d0a264a492ce9de0da,249.5848008512221,613.399681,cyberkurajber
2026-07-27 06:33:44,day,weather,20,0xd1320e8ddc746bba301b93e7068298e086d5d314,246.42366099,2317.8202,0xD1320E8DDC746BbA301B93E7068298E086D5d314-1783850509416
2026-07-27 06:33:44,day,weather,21,0x6400219cccc8eaaa22729253111fd6660d20331a,233.76111841711418,5504.191758999999,0x6400219CCCC8EAaA22729253111fD6660D20331a-1759869298583
2026-07-27 06:33:44,day,weather,22,0x1e524ff2123d380a690dbdf2245de2a9428e91d6,232.560055786038,1442.577347,rocky42002
2026-07-27 06:33:44,day,weather,23,0x28bf066c6cb952da62d6d182c16ad173ada64a4e,225.7732588250219,6642.1777870000005,plainfolder
2026-07-27 06:33:44,day,weather,24,0x21413203b0be620ebc9dc236a152413923287fa2,225.6119161826898,750.48635,climateprofessor
2026-07-27 06:33:44,day,weather,25,0xefdbde643061c837c2f3f59e6bd64e48835d007b,225.5594876368611,1358.295791,Tiki-Taka
2026-07-27 06:33:44,day,weather,26,0x6b5012826833770af8b10acf3049f01edfcfc9ba,221.0248719484889,2097.669441,bentayan
2026-07-27 06:33:44,day,weather,27,0x0786172afafacbf5394a7124505ea2d3b9430933,218.30120178577667,3562.8329120000003,Studwell
2026-07-27 06:33:44,day,weather,28,0x5637e85e116455e5faef6e44655f4ca9635921f4,217.07269740801257,7378.470000000001,0x59BA
2026-07-27 06:33:44,day,weather,29,0xec86a2d3f69015b1a9382e4dfa8695e1b48760e4,212.02136263708599,1854.1337279999998,0xeC86a2d3f69015b1A9382e4dfA8695E1B48760E4-1770735132210
2026-07-27 06:33:44,day,weather,30,0xa755e05fc6eb8c017d21bb1579be392b53fab5dd,210.08458919427517,3420.591535,abcdtrader
2026-07-27 06:33:44,day,weather,31,0xc34f6b088bb9172625ee1ea2ee8da9ac4f037d2e,210.06379277320048,5284.189710000001,StayFreshCheeseBags
2026-07-27 06:33:44,day,weather,32,0x4ce3f17be91c3d0d6dbfed7bd4d326957dec4291,202.74877550999736,2672.7,0x4CE3f17Be91C3d0D6dbFed7Bd4D326957dec4291-1768045938794
2026-07-27 06:33:44,day,weather,33,0xf3618ba9f63638ab77e85553c67dbb9aaeba783a,199.57978150000008,3375.08,Bakuskyvs
2026-07-27 06:33:44,day,weather,34,0x941809833d47890e2383a0abf5277facff28e9f8,188.29566715382248,3694.937512,0x941809833D47890E2383a0abf5277FACff28e9F8-1781957605159
2026-07-27 06:33:44,day,weather,35,0x257333d1d91ef4e3a9e6aacd8196aa4b825e0817,187.04312575229193,983.610809,calvin243
2026-07-27 06:33:44,day,weather,36,0xde67f82632981d2fce01c6fd239e466deb1ec144,181.2469782884649,1022.4557929999999,0xdE67F82632981d2fce01C6FD239E466deb1Ec144-1780533793532
2026-07-27 06:33:44,day,weather,37,0x0ced4f3afa5d9bfbd7ab82fd124896a7160c12b2,180.16003894500318,0.0,AlmostAndy
2026-07-27 06:33:44,day,weather,38,0x2b8c0ed1252d1cf1ee4c47c8d3cf94d87aeb4406,179.8973865950667,102.88746599999999,opentrading
2026-07-27 06:33:44,day,weather,39,0xad5057e6947081649c263a538d58899117e63122,173.8104622286046,4678.209860000001,moon11188
2026-07-27 06:33:44,day,weather,40,0xa1d7b61c9f9f4888b3339f5316f9aa57e575a338,169.74863034940006,6029.814281,okkokok
2026-07-27 06:33:44,day,weather,41,0x2c576d00e8e76c133e33dbb82b70eb5de78f372d,167.7925383915499,7856.036544999999,Bertrame686
2026-07-27 06:33:44,day,weather,42,0x0d42cc5ff0526fbb8f0bb9eafa9ebba3f23df124,165.72833974122386,1729.743583,42021
2026-07-27 06:33:44,day,weather,43,0xbddc2a7690bf600e347d5eb4a9c28f9f24e55d4f,165.162779217967,2736.6358419999997,0xbddc2a7690BF600E347d5eb4A9C28f9F24E55d4f-1774968947489
2026-07-27 06:33:44,day,weather,44,0x73c9447324be4801dd1da1198e9f0edee9e65eb1,163.00554346,547.73,randomUser413321
2026-07-27 06:33:44,day,weather,45,0x5e80473208f4021eeb16ac9a9b5727b7dfc622b8,159.36464488138597,782.935818,kely77
2026-07-27 06:33:44,day,weather,46,0xb7bdfda96f647cca7b1dece8364d284f3f5c68b0,158.90344836369604,1309.730403,0xb7BDFda96F647CCA7b1deCe8364d284F3f5c68b0-1780328419697
2026-07-27 06:33:44,day,weather,47,0x6ff2cb14da8be7eb57541d250a0196c5f295f140,154.41375536528358,195.01000000000002,0x6FF2CB14da8BE7Eb57541D250A0196C5F295f140-1779007910425
2026-07-27 06:33:44,day,weather,48,0xc24ddd027495ca03fa3cd25ce1184fed0d72947a,148.31173515178,126.78888,r-x-c
2026-07-27 06:33:44,day,weather,49,0xfeccdc127f399b4f5222386922c58ff634ca77da,148.26555024451136,3429.9701,viksha11
2026-07-27 06:33:44,day,weather,50,0x7c592216c70d0384c97d4b06ffe5318254f40c2c,146.8454181454359,3447.894212,WizestWizard
2026-07-27 06:33:44,day,weather,51,0x7b3a3594faf674aa90fe53f4f9cc9cbfb242faee,144.62215314600002,0.0,pUhGzuJkyf7ReAweQwAG
2026-07-27 06:33:44,day,weather,52,0x6ae4dceae2e3a251f4a1eb4ec11e992cade97c46,142.6699747617002,300.61087599999996,jamieduggan
2026-07-27 06:33:44,day,weather,53,0xdbe1d397f88ee2382753c9f6c4819a176c6d608d,134.26235125024846,12919.69775,-Ciguli-
2026-07-27 06:33:44,day,weather,54,0xe3f2ecfd3e648bdabcd3fb701ccf294f13afe1c1,134.20001087499986,0.0,supersmard
2026-07-27 06:33:44,day,weather,55,0xa3e22cd32aa9238ef7dbcfb4761e33b9eaa1fdf8,132.30397562935468,1691.501406,pootytherewardfarmer
2026-07-27 06:33:44,day,weather,56,0x0ab7c13da505cdcd75a0aa0e9c884ae7161f0bd3,131.636181897926,1925.536183,p39
2026-07-27 06:33:44,day,weather,57,0xa14bf68614d94e49236f0f86eeb026f04ebe05e4,131.34607317750124,7214.88,
2026-07-27 06:33:44,day,weather,58,0x43cb4ae1f4ddc9e671486c79c9f40a6fd98b84df,129.0304197261139,9980.225770000001,0x43cb4Ae1f4dDC9E671486C79c9F40A6fd98B84Df-1761656284271
2026-07-27 06:33:44,day,weather,59,0x4989bfed5900ba096b08ba1f9b718464527c983e,127.76945375668947,1750.489777,macau.weather
2026-07-27 06:33:44,day,weather,60,0xfd48544efea39e627c34bfa81dda6f4e37411e93,123.50270904728592,1529.995688,satc1014
2026-07-27 06:33:44,day,weather,61,0x05e172b931e5a210423e896e6bc280d082034c1e,120.26202393300218,1051.485453,GodofGamblers69
2026-07-27 06:33:44,day,weather,62,0x7df00357d97916a5c7888b212a94535097790dfe,119.63154151599065,2468.7711919999992,neverhackme
2026-07-27 06:33:44,day,weather,63,0xf71a4e2899f396bad13c3b5f60b7adb2d79cfa40,119.25715196720029,1298.350829,returdmaxxer
2026-07-27 06:33:44,day,weather,64,0x17e0504da9a42b1ba021e5e22802f34a42bffe5b,117.89949999999226,0.0,pedrobueno
2026-07-27 06:33:44,day,weather,65,0x8bdce637780b2d6555b6577433e0320507c3a0ba,116.2031534925552,1833.774129,Benjaminfjp
2026-07-27 06:33:44,day,weather,66,0x66d609dbda9df641eff684190a01182f6de450c7,112.82509729050071,0.0,LieutenantMiloMinderbinder
2026-07-27 06:33:44,day,weather,67,0x7c43d04ff881eb3dcc05758d3a1d4b71212ec080,111.53108934449995,0.0,Hammercup76
2026-07-27 06:33:44,day,weather,68,0x8a25f9c7d093089c808f514b161a1e40be44ba81,110.41225978015063,1453.003671,water22
2026-07-27 06:33:44,day,weather,69,0x95074f700f93bdf6e62fc965e0832064c0877b04,109.81346782650462,0.0,95074f700f93bdf6e62fc965e0832064c0877b04
2026-07-27 06:33:44,day,weather,70,0xafde461fce5aa0fabdb7711c59db93b65e343e1d,105.30427229299676,2089.090675,opopv2
2026-07-27 06:33:44,day,weather,71,0x4a3f08088fbecbf830ee664ad6196340db488af6,104.53614789082417,4052.8457070000004,cfoo
2026-07-27 06:33:44,day,weather,72,0x93f7a8955a864e8bb08f6f810deb073369d0c133,103.87739233500531,15.784312,weaaaa
2026-07-27 06:33:44,day,weather,73,0x900939fada83b830ae89e39c031e11e44bd91621,103.36127795716948,2026.803144,skewerpacil
2026-07-27 06:33:44,day,weather,74,0x65f93c0f054db935ed6a254c0ce0e9b3ca624425,103.26433922636443,4016.720791,0x65f93c0f054db935eD6a254C0cE0e9b3Ca624425-1762251377772
2026-07-27 06:33:44,day,weather,75,0x919698b19427cbe6945b0dc823f2d9e126a4d934,102.6806568380016,4598.4942200000005,wuxiuming
2026-07-27 06:33:44,day,weather,76,0x550030c4674eb11847bcbc89c49d09739e68b4f6,102.52648192999914,4426.9400000000005,SKCS
2026-07-27 06:33:44,day,weather,77,0x42e5ca21784929315826a32bc850ad927fd4c9a7,101.22869505000017,1100.235291,leizhenzi
2026-07-27 06:33:44,day,weather,78,0xae2292210546c627e1ac69948280ff07516e8794,100.0335975465,182.35,cooljiang
2026-07-27 06:33:44,day,weather,79,0xa83442a8100c004744e532fc2d259a4977241c25,98.49164881475099,2399.1964,0xA83442A8100C004744e532FC2D259A4977241C25-1783672139388
2026-07-27 06:33:44,day,weather,80,0x5c9e7f12335a5a6949094704565664a7d8983a21,93.75386607117616,2059.379385,YsWeath
2026-07-27 06:33:44,day,weather,81,0xcbecba18215c0b73fec0267898731476a203808b,89.15063211999939,0.0,Haroust75
2026-07-27 06:33:44,day,weather,82,0x5ffea747575581e8d2dc5e23c47ab98c1638e48b,88.90065108350336,2184.17,0x5FfeA747575581E8d2Dc5E23C47aB98C1638e48b-1777529589397
2026-07-27 06:33:44,day,weather,83,0x84d7b7a1d571534fbad757dfafdf9e604726298f,88.67754619931907,243.946277,rocky42010
2026-07-27 06:33:44,day,weather,84,0xc878c6a7ba8ad896a897fe82e48b93fb66dfa6f3,88.60980579000011,293.34727499999997,ZEEBRA-KY
2026-07-27 06:33:44,day,weather,85,0x47e653c83ef04eebbf4614a4493c8d246dc1c039,87.88641400293136,13.043475,DEMFI
2026-07-27 06:33:44,day,weather,86,0xcb6b754dcc293934e5998c6539c5b2ee6ff6c7f7,87.4482912332599,156.145076,ECSArg
2026-07-27 06:33:44,day,weather,87,0x85d22a973e817f87afe0a7fd346a39823cce7479,85.43190850000428,2560.56,light2026
2026-07-27 06:33:44,day,weather,88,0x803a112b5eb1404eea463b26a2318cfcb3b9219e,84.81274747812495,928.041133,mgxsx
2026-07-27 06:33:44,day,weather,89,0x39c316a5a31c50b526a10ac77f766ad0fdb0e155,84.13423358051148,111.944563,DEMFIWeather
2026-07-27 06:33:44,day,weather,90,0xc9ded4d5f6eec0a75907ebb924c164a4aea381d9,80.8028328584951,5943.178719,LMVM
2026-07-27 06:33:44,day,weather,91,0x9d1dccaea101f931ccd63e0f544376a4bc662717,80.61786322920898,1371.550794,x01292x
2026-07-27 06:33:44,day,weather,92,0xcb32934773126ed9267babaee1e68f0c375779aa,78.58117405063376,4860.683918,NewBuildingX
2026-07-27 06:33:44,day,weather,93,0x8cc1262cf53b83047926e09af8e5ab3bf537b9f8,77.59997836815546,2985.806626,0x8CC1262CF53b83047926e09af8E5Ab3Bf537B9F8-1774929892987
2026-07-27 06:33:44,day,weather,94,0x5d6f0f3ab7c8219e65def601e83397453db50e20,77.03135139500091,708.847379,0x5D6F0f3aB7c8219E65DEF601e83397453Db50E20-1776139588600
2026-07-27 06:33:44,day,weather,95,0x7c7dada5175d45bf59e333d7a2d8419869f04dea,76.70474439040208,417.265749,hkg1sam
2026-07-27 06:33:44,day,weather,96,0x0335cb69dd7498a24c39edea33c925ce51d36eca,75.75891125000089,4864.070000000001,LittleBitBadBoy
2026-07-27 06:33:44,day,weather,97,0x7b6620de09a20e033b736dff8b242ff8f05b676f,74.67664204999998,0.0,tulga870911
2026-07-27 06:33:44,day,weather,98,0xbc4e46aa57fc149c046e847dfe5ae536db697dbb,74.47335832106819,1011.931628,Ner.ner
2026-07-27 06:33:44,day,weather,99,0x90537b41634cbfee98b20d6b79eb3bc8e204fb1c,74.42543114633003,990.0,0x90537B41634cBfee98b20d6b79eb3Bc8E204Fb1C-1782458239718
2026-07-27 06:33:44,day,weather,100,0xb99b5c2f885769c0c287fa4dfb454e128e8ab581,73.64206101014202,397.47185,kenchan5544332211
2026-07-27 06:33:44,day,economics,1,0xe9514aa0b925353ea0d5e32978d636ec25ebde18,5262.066108331957,0.0,b2d0
2026-07-27 06:33:44,day,economics,2,0x07046535ff9a910d7343a2c319a3e62234621858,5181.663472365937,0.0,HH168
2026-07-27 06:33:44,day,economics,3,0xe9076a87c5ed90ef16e6fe6529c943baeca0cff6,5174.144386414939,8885.247847,suntori
2026-07-27 06:33:44,day,economics,4,0x0e5bd76779e74304d08e759072abf126d87da593,4041.8711667129537,0.0,JAHODA
2026-07-27 06:33:44,day,economics,5,0x1521b47bf0c41f6b7fd3ad41cdec566812c8f23e,3145.370889662132,20731.580645000005,alliswell
2026-07-27 06:33:44,day,economics,6,0xa52b785a5510117ac3ae03d75d029f89a36c9480,2688.259807133989,0.0,Hashbrown
2026-07-27 06:33:44,day,economics,7,0x4755188644460fc8140a18ccefc1e80b6a5e4158,2556.5107740149797,0.0,schizohedgehog
2026-07-27 06:33:44,day,economics,8,0xbc97fda9fe1d4b4f5703df47872d9eaf3287ff6c,2386.272570000001,0.0,tipISappreciated
2026-07-27 06:33:44,day,economics,9,0xfbe66593e49c4e7a7180a2582f041158bfb800f8,2296.2151158210145,0.0,gaven-willwin
2026-07-27 06:33:44,day,economics,10,0x63d43bbb87f85af03b8f2f9e2fad7b54334fa2f1,2161.1902761090896,0.0,wokerjoesleeper
2026-07-27 06:33:44,day,economics,11,0x859b4303ce5ae7d6fd43bc118d807a01b37f31b8,2134.4927969649416,779.85947,ColdSoap2
2026-07-27 06:33:44,day,economics,12,0xe639e41094bbeae18f3e6d1790c17299183f082a,2101.7160211724695,0.0,0xe639e41094bbeae18g3e6d1790c17299183f082a
2026-07-27 06:33:44,day,economics,13,0x7d2299a379eb0b1c6077c7c419a383da6fb7f0cf,1922.8319733150129,0.0,Qtyu
2026-07-27 06:33:44,day,economics,14,0xeb6f0a13ea8c5a7a0514c25495adbe815c1025f0,1860.7353140006308,31871.341969,8973YEDGJ
2026-07-27 06:33:44,day,economics,15,0x086934317f099d0279493b3f73a954ee896114f1,1739.982184995999,0.0,MiuMiuYan
2026-07-27 06:33:44,day,economics,16,0x844ef6cdd0a4d691b7a81429ee550f025aa64f41,1550.9997813640202,0.0,flyfat88
2026-07-27 06:33:44,day,economics,17,0xbacd00c9080a82ded56f504ee8810af732b0ab35,1461.8566132012056,799.99,ScottyNooo
2026-07-27 06:33:44,day,economics,18,0x1cc16713196d456f86fa9c7387dd326a7f73b8df,1449.7473100000097,0.0,Wickier
2026-07-27 06:33:44,day,economics,19,0x8b6b42aab3d96d71992b89bb705b6a456cacafd5,1418.8812335900038,22871.6,sunlc.ai
2026-07-27 06:33:44,day,economics,20,0x71edffd0d70a1da823ff07a3c6fc81457294d338,1314.8901948334533,0.0,pako
2026-07-27 06:33:44,day,economics,21,0x91168ddb61315a38c13f26b7d74764e21cfc6fda,1254.8465845960018,0.0,Alder
2026-07-27 06:33:44,day,economics,22,0xdc41c39b95453c943174f369926018f6963bdd7e,1251.6438172173116,7903.9875,quavoo
2026-07-27 06:33:44,day,economics,23,0xd9670ea74384c1e1b9dc1e4267ffadaf4cdd1409,1251.0008807654958,46649.05,crypto-ericwu2
2026-07-27 06:33:44,day,economics,24,0x851281eee06e684ca9a237030fcef0c26c63a3d2,1243.8167780510048,0.0,HHYP
2026-07-27 06:33:44,day,economics,25,0x69aa9fa621403e3a121b29ad77d32ba9eb5e8847,1225.148019708984,47161.799999999996,tsekinming01
2026-07-27 06:33:44,day,economics,26,0x5cd5c8d7a17c78d7389d8b87b611aed83322ac33,1205.5153146040393,0.0,nonkenny90
2026-07-27 06:33:44,day,economics,27,0x43405b1b3dee23baf8284b3bcfd79930600b64c4,1199.68447709201,0.0,-nkt-
2026-07-27 06:33:44,day,economics,28,0xd84949634cf9aac74cab066cb978ac33ac676ac7,1195.2690938759915,0.0,angelat0
2026-07-27 06:33:44,day,economics,29,0x53e55bc7cb3d67ad177c023ce891ad076a9d6177,1166.794343669506,0.0,Arbguy
2026-07-27 06:33:44,day,economics,30,0x97e9582b3eb7f021bfdc4fdc1c9970a028b96df2,1100.0219999999972,0.0,AnewFaith
2026-07-27 06:33:44,day,economics,31,0x212f7fc77c18c6ce34bb1dae43e9198ab19b7fd2,1083.315094630998,0.0,robau
2026-07-27 06:33:44,day,economics,32,0xc8ab97a9089a9ff7e6ef0688e6e591a066946418,1053.58641580923,36171.918653,ArmageddonRewardsBilly
2026-07-27 06:33:44,day,economics,33,0xb1ca909e848cc24ec4e220ce1c453bc290c51705,953.4014167974992,0.0,R79dgahr
2026-07-27 06:33:44,day,economics,34,0x2e3fbcd62189880ce657bba24d602d9532326d1b,944.473330844994,0.0,xrr67
2026-07-27 06:33:44,day,economics,35,0xb7b8e9681f5c863dfbd3ac7ec66bac69fa0edb31,943.4886226865019,0.0,charlatta
2026-07-27 06:33:44,day,economics,36,0xfb57f8670d2f51a76b0ce40c533ed7d7328c0a46,935.6374163440009,0.0,ppxtu
2026-07-27 06:33:44,day,economics,37,0x77fbd6bdba89da0ce4ae6e5bee380d6a51de266c,928.1291479570064,0.0,plumbis
2026-07-27 06:33:44,day,economics,38,0x9d3e4fb265800f911de2026ed4a0ebddce36eec6,911.3001700000032,0.0,hild
2026-07-27 06:33:44,day,economics,39,0x052f4191cd324a348835a846d34df5b0061e53fb,890.9161817900024,0.0,chriszyy3
2026-07-27 06:33:44,day,economics,40,0xe53312c6c15af508e0c31e2cfadbefddd399ab29,824.353088314012,0.0,WharfMan
2026-07-27 06:33:44,day,economics,41,0xcfff4295288ee29f75a38a7028611b7c1e93673d,816.6470522165,2233.26577,graynotebook19
2026-07-27 06:33:44,day,economics,42,0x71ca04d689bc38c5e4dcda8a4d743f279c5a3501,759.0129917919985,0.0,Ronaldo2100
2026-07-27 06:33:44,day,economics,43,0x0aae5c4ec45339a64a1dd2fe4ba98c2a19eb251c,750.118269378494,0.0,uncleroger
2026-07-27 06:33:44,day,economics,44,0x712433f69c169ebaaa67ce13f3f66f54575e70c1,731.4276285959968,0.0,S55
2026-07-27 06:33:44,day,economics,45,0x33dc4cd4a175180fda291f2ab1876e03e247bb81,725.1497121000048,0.0,hawkj
2026-07-27 06:33:44,day,economics,46,0x56ad6bd05999e0f33ea9c05a48ccb1364a46f13e,714.160122748217,2239.500623,Mpire1
2026-07-27 06:33:44,day,economics,47,0x21ff16230285273f6097846437b46d35e97f5e2a,679.4755168714933,0.0,predictgeek
2026-07-27 06:33:44,day,economics,48,0x56c9fbdeccf198f1f5ad95ace39b24f5f7fb0d9e,671.5723104680073,0.0,redvinny
2026-07-27 06:33:44,day,economics,49,0x162f6fff88a52864f2ecc9833e58089d5254798d,657.7343258640321,0.0,Valen9
2026-07-27 06:33:44,day,economics,50,0x35bbbad2415fe5e39b12da9a316cdc80b022009b,657.7107893249995,0.0,MisTKy
2026-07-27 06:33:44,day,economics,51,0x785fd6221d9987a8a401ea0ee3f5d65e26b6c1b5,653.8887665970033,0.0,TimothyChalamet888
2026-07-27 06:33:44,day,economics,52,0x96489abcb9f583d6835c8ef95ffc923d05a86825,650.787584626436,41429.722125,anoin123
2026-07-27 06:33:44,day,economics,53,0x700a306c6dd9c87db2f5519b1bfae0340e83a239,611.1761343710023,0.0,Cbs710
2026-07-27 06:33:44,day,economics,54,0xc6dd722558dbfbd8fa780efcbe819ed8c6604b9f,608.3794880020141,0.0,tourists
2026-07-27 06:33:44,day,economics,55,0xb3c4c851445c6a11270c995cf18e2348df667f2f,602.9044449339999,0.0,0xB3C4C851445C6A11270C995cF18e2348df667F2F-1779240193632
2026-07-27 06:33:44,day,economics,56,0xecaa8806a9a05049d7d5260a33dc924220e377a9,602.4577653710003,0.0,Melody626
2026-07-27 06:33:44,day,economics,57,0x7a35f8849c597cd12c3e2e3086b52b8c4f682744,598.9771853889979,0.0,gokol
2026-07-27 06:33:44,day,economics,58,0x2783e38aa7b7d1ba8a7f3cef36bed993f3138321,598.9629951899996,0.0,cy6erpunker
2026-07-27 06:33:44,day,economics,59,0x011175c87089797b1c5bebcfb6d501b4c51d60f7,593.6004818945003,0.0,hhhhhhhhhhhhhhhhhhhhhhhhhhhhhhhhh
2026-07-27 06:33:44,day,economics,60,0x94daa3bf531255d6565e937c7249d3918fa12bf1,588.9398494808302,399.993657,SaracensCapital2
2026-07-27 06:33:44,day,economics,61,0xef5c8e2487d9b4d07565616b337e69f8488a661d,582.6065020879996,0.0,TruthfulG
2026-07-27 06:33:44,day,economics,62,0x77b61b96b30a36b885aa8280522a7cabf5e47fec,575.3128385509992,0.0,baba1443
2026-07-27 06:33:44,day,economics,63,0x90bf2dbb1ab3b3c1bdd76d73848afcb19b5799eb,572.1037113909988,0.0,0x90Bf2dbB1ab3b3C1bDd76D73848AFCb19b5799EB-1757018988089
2026-07-27 06:33:44,day,economics,64,0xb1a279adb096d316b1b168993e8ed976d3cd372a,560.5433900000062,0.0,TwoEyes
2026-07-27 06:33:44,day,economics,65,0xa9fe4929d4ea1525ca03bd0ff68ea1fbf9e7f135,545.0449607769988,0.0,novv25
2026-07-27 06:33:44,day,economics,66,0x7bc14171ccb0d3e6bac219ec6a76211826e28db4,540.6067837500013,0.0,coali10
2026-07-27 06:33:44,day,economics,67,0x7789957157a13aa3610e26d61ef8f99317b7a280,486.7632813979785,600.0,beatyesterday
2026-07-27 06:33:44,day,economics,68,0xd218e474776403a330142299f7796e8ba32eb5c9,478.5680496758432,0.0,cigarettes
2026-07-27 06:33:44,day,economics,69,0x3750ad9b4033b972f775b671d26cc2f0bd17cbdd,443.413707522501,0.0,shaoqi767
2026-07-27 06:33:44,day,economics,70,0xfba638c083dcd88a6711a1ffba4352c5431a1fca,434.8594000829994,0.0,Vladpoutino
2026-07-27 06:33:44,day,economics,71,0xa96c14b37ac162284e1b45eb22052aa1bf3dd1c7,426.58777254500137,0.0,danielleggerman
2026-07-27 06:33:44,day,economics,72,0x62e651c34c394423e8c2c93b24a50b0e54cf564e,425.2901918210009,0.0,balangsat
2026-07-27 06:33:44,day,economics,73,0x82d9e40b217ecad54da43afb12b12fb79fd0eaf8,422.39399252599605,0.0,Useerna
2026-07-27 06:33:44,day,economics,74,0xc61e2b6ff7a0d34a518f45b60954d05f34de244c,411.08092715699877,0.0,0xC61E2B6fF7a0D34A518f45b60954d05F34DE244C-1770198330686
2026-07-27 06:33:44,day,economics,75,0xad96914d7762dac84ebbabafe366ae8ff24dd498,408.3435841335013,0.0,0xAD96914D7762DAC84EbBABAfE366AE8ff24Dd49
2026-07-27 06:33:44,day,economics,76,0x832bbb891caf3a24c7d1915d9f6369c4949b5c91,405.428194583998,45.0,yoyobb2018
2026-07-27 06:33:44,day,economics,77,0xfbfd14dd4bb607373119de95f1d4b21c3b6c0029,391.26352474596933,60051.323739,XAE12Archangel
2026-07-27 06:33:44,day,economics,78,0x791976e861822c1f6d13f719d2c80e8deb9b72b2,390.65557999999874,0.0,HongKongMenace
2026-07-27 06:33:44,day,economics,79,0xdb1b125189913bf03405e74cbf47273b4466efb5,385.00056734199825,0.0,hack-vc
2026-07-27 06:33:44,day,economics,80,0x3bbb331e13bf22d443d4abbe2c72488b0c030ee6,371.90560644050083,0.0,darlord
2026-07-27 06:33:44,day,economics,81,0x9d84ce0306f8551e02efef1680475fc0f1dc1344,361.9580322463298,0.0,ImJustKen
2026-07-27 06:33:44,day,economics,82,0x9c2617462567859fcf5764e03b9a687ebca274bc,357.78284920399165,0.0,Tigerofthehood
2026-07-27 06:33:44,day,economics,83,0x2117ae94a97d69b78cbc81b6680a62deb1955c26,355.7265949999992,2425.0,Zzzz87
2026-07-27 06:33:44,day,economics,84,0xa61ef8773ec2e821962306ca87d4b57e39ff0abd,352.3320837894353,50481.583,risk-manager
2026-07-27 06:33:44,day,economics,85,0x08458f7e9d2858027de579e4c3ca305475496b6f,347.41363497000384,0.0,GollumGekko
2026-07-27 06:33:44,day,economics,86,0xdb2c0cee71e430c90c9474b88b07e95deac33a11,344.2329748769989,0.0,Chaitufx
2026-07-27 06:33:44,day,economics,87,0x9aeb534c42b58b21673d5e03e9da14fbd15b2729,333.4022099999984,0.0,The-Joker
2026-07-27 06:33:44,day,economics,88,0x4478d7bd8a295691ac84f60a5ec2b47e122102a4,329.9998342300096,0.0,Warren-Buffett
2026-07-27 06:33:44,day,economics,89,0x24816c037cdc2c9bd979e69d777541cf560a9b79,328.6852236294985,0.0,0x24816C037CDc2c9BD979e69d777541cF560A9b79-1765846983430
2026-07-27 06:33:44,day,economics,90,0x73e35ce0b7e36ef3ce29ebd12b30b28007383239,303.66489999999976,0.0,Stonktrader
2026-07-27 06:33:44,day,economics,91,0x0224bb9eb0a5c9fd261ac9123a72cbdd5748292a,302.95854287600014,0.0,zb8
2026-07-27 06:33:44,day,economics,92,0xd0394bd0de8d901c3fde039a86bf08e6aa4a2532,301.3649148149925,0.0,pantomime
2026-07-27 06:33:44,day,economics,93,0x7523cafcee7bcf2db9a79d80e0d79b88a9a54c4c,300.0,0.0,DonaldinhoTrumpito
2026-07-27 06:33:44,day,economics,94,0xc576af380217a4d2b2d190e06c938e5505be747a,295.92111999999906,0.0,imhome
2026-07-27 06:33:44,day,economics,95,0x9ddcb819e97bb16361e5cdb594c900989723f21c,294.83401483800117,0.0,SAPA9588
2026-07-27 06:33:44,day,economics,96,0x45e1535c178dcafb136aec8b7058f2129b695934,294.16778374553576,637.920247,dex53
2026-07-27 06:33:44,day,economics,97,0x7b8c5eadb49be4452148aa31fd98738766c01556,289.1333587061781,14.0,pmrev
2026-07-27 06:33:44,day,economics,98,0x4b2995b6c8cc2cf56899ad62ee87c3f70c97716f,285.0,0.0,f2hf84hg52h5
2026-07-27 06:33:44,day,economics,99,0xd72654f5ab87e3a636715ad63dc5f8ea1279b5c9,283.69088465999994,0.0,Hossein-m
2026-07-27 06:33:44,day,economics,100,0x08c897e4780c299061fe683120e5bb18cf931da2,278.37028810300217,0.0,Folletin
2026-07-27 06:33:44,day,tech,1,0x81ca49ad9806de2d92782b873bfa7fe051943b87,10353.793684710958,14124.274439,da4c07
2026-07-27 06:33:44,day,tech,2,0x5999ebfa145490e0280dd246856a5b3605f7ae94,8190.390317822,12047.0725,kl1v
2026-07-27 06:33:44,day,tech,3,0xb64fe08cf7ebbf52cf2963bba89deb13b79ddc88,3078.564751181,20550.624200000002,kejsi
2026-07-27 06:33:44,day,tech,4,0x9aeb534c42b58b21673d5e03e9da14fbd15b2729,1758.4638037099903,0.0,The-Joker
2026-07-27 06:33:44,day,tech,5,0x4b72b21f7e9999d568d9b93f0be110257d9938d5,1498.9906729323652,2021.0792150000002,fountaim
2026-07-27 06:33:44,day,tech,6,0x2128f011fb563a8ff6c484ba80eb049356c1f203,1379.7077053799997,5814.53,AaronCA
2026-07-27 06:33:44,day,tech,7,0xa7d2ec6680f4e5f6ab0da244d8006eec3e20f954,1145.8763465675001,2692.6499999999996,KiruaTrading
2026-07-27 06:33:44,day,tech,8,0x12315d8f7652cb599f58eea84141ff8b30283e32,939.0491175814899,1205.498182,grutifer
2026-07-27 06:33:44,day,tech,9,0x7bbf09fc724e3ca90332e17d4f352b3cbc0f7ce5,862.804899553501,708.94,pestanimal
2026-07-27 06:33:44,day,tech,10,0x5004213415863da95aa87c364cfa90eeb7f29999,795.6854583480001,723.413592,
2026-07-27 06:33:44,day,tech,11,0xfe724b7046696c9c431ae331c3d29816b4799025,575.0163185920001,0.0,SirSiboppan
2026-07-27 06:33:44,day,tech,12,0xc004b035b67be284e0d1db56c39e865df6cac095,455.58981299901615,1407.395792,LoveEATINGPOOP
2026-07-27 06:33:44,day,tech,13,0x9f208e85f326f865077fffa68b32d8b0e2bc12c3,426.7499617095,1672.05,mildwindow27
2026-07-27 06:33:44,day,tech,14,0x652bff901f401f22b2da47ad1c5c4b5870b3f5c2,407.0429191495,6576.7233320000005,0x652bFf901f401Fdhsk342kdjfnfk029abks13
2026-07-27 06:33:44,day,tech,15,0xfbd8c9c22ca76b3662d0e53a4f79719fdc684027,388.96200725000926,1764.0,0xfBd8C9C22cA76B3662d0e53A4f79719FDC684027-1779347618060
2026-07-27 06:33:44,day,tech,16,0x9a6016b9450fe9843781a103fb4bb5c25315be51,295.598019036,0.0,double7
2026-07-27 06:33:44,day,tech,17,0x564f22744b7941ade18d5e0e4f347c30e3057026,282.05705913999736,60.0,molodoyy
2026-07-27 06:33:44,day,tech,18,0x58c028e7c41ba7ef2bde2142cd371cf491661c8e,276.99914393999916,0.0,residual
2026-07-27 06:33:44,day,tech,19,0x74957ea27ac4fbdee46d861fdae357859ff67fcf,272.806241686201,5957.5427740000005,LornaPredicts
2026-07-27 06:33:44,day,tech,20,0xb0c85813a7a4428f1139ff91d3118a92c391fe7f,228.5048332551014,1661.985181,McNudggets
2026-07-27 06:33:44,day,tech,21,0xd1a63a243042d864520512fbdbd2fd20e0ab1507,225.89535350000006,581.47,DkOYL
2026-07-27 06:33:44,day,tech,22,0x2b9dbf4b6e0e11309a9d6d2a09b72f65f652adc0,199.73385333999977,120.34,seal7
2026-07-27 06:33:44,day,tech,23,0x2a315a8d15cfde768bcd47ba5cacf3ef5894f2f0,193.74975964299998,0.0,itsjustcheddar
2026-07-27 06:33:44,day,tech,24,0x7dcf235766e6b09c8869468a75d5495cf171a7bd,191.67404189149966,180.0,godblessme2026
2026-07-27 06:33:44,day,tech,25,0x00497937c03436c8b1c033123d282688c7976034,186.64937753149997,710.0,zk1984
2026-07-27 06:33:44,day,tech,26,0x2b5920274740ca61745eeb077587bf5bb4ff9db6,185.36656638000022,865.9599999999999,aHjCz
2026-07-27 06:33:44,day,tech,27,0x5e84743ad0515699b7adf2588de4c3032d538e88,179.9018098240001,0.0,Cbb.
2026-07-27 06:33:44,day,tech,28,0x8a524bca5c742485c1ee2056735d1825e45bd74c,161.53201225297744,2056.230905,Ayanokoji67
2026-07-27 06:33:44,day,tech,29,0xa3e22cd32aa9238ef7dbcfb4761e33b9eaa1fdf8,156.8099141695011,650.49,pootytherewardfarmer
2026-07-27 06:33:44,day,tech,30,0x2d811b8d15236dabe92b2f3610a01cc9dbcafe57,155.6560699999999,0.0,SamsClub-VIP
2026-07-27 06:33:44,day,tech,31,0x0b651d994b2e8c7f3f84442b759941a830e0013e,153.39999999999998,0.0,eratoxtenex
2026-07-27 06:33:44,day,tech,32,0xfbe307c6f79d0486c3a2d99fd7592b4dd0f56599,152.99191889000002,236.69,
2026-07-27 06:33:44,day,tech,33,0x03805a13a0b3e058f55f6c6af95389d4f431073d,150.60170716547145,0.0,donthackme
2026-07-27 06:33:44,day,tech,34,0x9bdc46f90fe49236d5c7e5bfd6d3965e0716f830,137.5752,100.0,soll2
2026-07-27 06:33:44,day,tech,35,0xf9712c6d06a0e6527ae7f85c9d540158e1a40a57,136.81927541999997,20.0,rocky42013
2026-07-27 06:33:44,day,tech,36,0xf114b578bc08e5641d4cbfbb52e6e97b038d6ecc,136.31349754444,424.6,hotornot
2026-07-27 06:33:44,day,tech,37,0xc682d7943aad07c246986a7aa2989cfcb17817bb,133.4287778350008,0.0,zthunderfury
2026-07-27 06:33:44,day,tech,38,0xad96914d7762dac84ebbabafe366ae8ff24dd498,133.1351193949995,0.0,0xAD96914D7762DAC84EbBABAfE366AE8ff24Dd49
2026-07-27 06:33:44,day,tech,39,0x43cb4ae1f4ddc9e671486c79c9f40a6fd98b84df,132.26155501285575,24.984880000000004,0x43cb4Ae1f4dDC9E671486C79c9F40A6fd98B84Df-1761656284271
2026-07-27 06:33:44,day,tech,40,0xe639e41094bbeae18f3e6d1790c17299183f082a,130.10940479000146,0.0,0xe639e41094bbeae18g3e6d1790c17299183f082a
2026-07-27 06:33:44,day,tech,41,0x28bf066c6cb952da62d6d182c16ad173ada64a4e,127.92803225850184,903.0,plainfolder
2026-07-27 06:33:44,day,tech,42,0xa5d833a23bc19b7d38adcbee7c117a8f421eff3a,124.06015088499991,0.0,0xA5d833A23bC19B7D38ADcBEE7c117A8F421EFF3A-1779306353525
2026-07-27 06:33:44,day,tech,43,0x34a9e26af9bcec22a27cbc96f55cdbb39ad74cfd,120.16938000000005,0.0,
2026-07-27 06:33:44,day,tech,44,0x736539924a5602b37a03a54fc12c1cc8f98964da,120.16785660553796,839.01,cqk
2026-07-27 06:33:44,day,tech,45,0x233bacfb515aad6871027b95c5e4c6166f5c1f2c,113.77514211472304,2239.159938,0x233BACFB515aaD
2026-07-27 06:33:44,day,tech,46,0x272c7b12c4b372b6d0931aed641b1e4eec0f7f07,113.64314205499997,0.0,Diplopia2
2026-07-27 06:33:44,day,tech,47,0x09e27c2cbcd98c7e821ef66b309506701dcf29de,111.71145170693967,449.890664,ronaldk
2026-07-27 06:33:44,day,tech,48,0xd23f8c8aab13cfb2a35da40b67f8471faf9894a1,110.41612837547291,797.659364,Corlys
2026-07-27 06:33:44,day,tech,49,0x9ad091ca2e8f1bd69f27662edcb49dceeaa5bf3d,105.68827174749993,1190.69,PaddyAlpha
2026-07-27 06:33:44,day,tech,50,0x97f3f9f15c0063710c60d3ac9c40d17f4ba60eba,101.18441351999991,0.0,Investnow
2026-07-27 06:33:44,day,tech,51,0x1c40d2aca02af38d7faffd3397366346fa04445c,100.46639964000002,245.04,whskrz
2026-07-27 06:33:44,day,tech,52,0x30fb41b5a08fff5d3dd983f6323e3343931a7db4,99.49020742622167,642.85,tradetosurvive1
2026-07-27 06:33:44,day,tech,53,0xdb8321b0dd60d1a64397c90909e381fbad3b88f2,86.56221029699998,3850.77,alphahustle
2026-07-27 06:33:44,day,tech,54,0x2b340fca886b3c7a2cc928c4a89162133fe4b202,82.15981185599998,0.0,Fluo
2026-07-27 06:33:44,day,tech,55,0x0bef2bc112bbd18387c2b682da23ce158f0d3b06,81.04363883999994,419.07000000000005,0xwordjnn
2026-07-27 06:33:44,day,tech,56,0x789a4c347bdfb52d8772fa8225917cbfc13a1dda,74.49591832300005,0.0,AboutTime
2026-07-27 06:33:44,day,tech,57,0xd035fd5f4d6bec4a73dc2fc11fe35c13c3acf165,74.16828226,660.0899999999999,rocky42023
2026-07-27 06:33:44,day,tech,58,0x173314380de52766200850634f85a1b7a88b9411,70.32846000000006,0.0,cmarx
2026-07-27 06:33:44,day,tech,59,0xe9130925779ee85a19d205fc436af2c51501ffb5,63.20253798800013,0.0,0xe9130925779Ee85a19D205FC436af2C51501ffb5-1772934701702
2026-07-27 06:33:44,day,tech,60,0xe8c4d68aff65b38cac46987b9b65e01eb47d395d,62.78491140599954,0.0,JAMJAMJAM4
2026-07-27 06:33:44,day,tech,61,0x1b05bd905de098e6ea96f13835ccdcb5d2733455,61.99916870400011,0.0,moshinfu
2026-07-27 06:33:44,day,tech,62,0x9592adb70397e9de67ba9abe6971e3f50fb7a7b8,61.01016080102181,162.82991900000002,meagainsttheworld
2026-07-27 06:33:44,day,tech,63,0x7fd3fe6580b5b944e32701fdbba0c0ef4991e662,59.370000000000346,0.0,7153649820
2026-07-27 06:33:44,day,tech,64,0x1ee9a5fc09665909c0cce297c581703bfbb9197f,58.75108460749925,0.0,vinii
2026-07-27 06:33:44,day,tech,65,0xe1b361d6a6f237b9ed7534d19b232df8369e1426,57.84779578800226,0.0,tja
2026-07-27 06:33:44,day,tech,66,0x7131cb618fb195c70e8e629c45199096833c29cc,55.64089374800096,471.03,0x7131cB618fb195C70E8e629C45199096833C29
2026-07-27 06:33:44,day,tech,67,0x25e21e9c4e469d26aaa5701948ff8923d060db79,54.6704255370023,0.0,ThanosTheMadTitan
2026-07-27 06:33:44,day,tech,68,0x4c7c3bebea0e9afdbbffc50bc69d185829f0ba26,54.561611294,0.0,0x4c7C3bEbEA0E9afdBbffC50bc69d185829f0ba26-1784762890969
2026-07-27 06:33:44,day,tech,69,0x73ecf6a30d3c6538cd931ec13c9ed6eba944f5bb,53.83861563733262,536.255908,ChampagneSocialist
2026-07-27 06:33:44,day,tech,70,0x7babd217c09df3a015e9a98325043190beaa8322,51.131548376,100.0,StillWater0
2026-07-27 06:33:44,day,tech,71,0x94bbb8f7632d11dead6b8970646ad5655a5fc320,49.58765538499998,76.84,Praescientia
2026-07-27 06:33:44,day,tech,72,0xac6df7373c5a483443054e7ae8ac6d9eca7d0fcb,48.92082639616504,183.25616499999998,svuxvwhxbxb
2026-07-27 06:33:44,day,tech,73,0x942e79166821f3f4e67872e44f1672fcccd2be27,48.0895456939993,540.1750430000001,smallreceipt
2026-07-27 06:33:44,day,tech,74,0x3cb1a3631e49257e311d40051066ab074c765e96,45.88000000000011,0.0,okada
2026-07-27 06:33:44,day,tech,75,0x1df8816f71dd83d81639d1fd972989513a05a05c,43.62964000000002,0.0,Shahin-VP
2026-07-27 06:33:44,day,tech,76,0xbeb9d19f10274da29f21625a2c91fa5a00fd3870,43.16815141400093,0.0,AnonymousElephant69
2026-07-27 06:33:44,day,tech,77,0x1a3d83418c5fa02a0478e4f769649fda5e12fea1,41.159456430000006,0.0,betmandown
2026-07-27 06:33:44,day,tech,78,0xa58f1b12615a81473f8668bed71019ea6650fd67,40.62298706850004,0.0,telaviv
2026-07-27 06:33:44,day,tech,79,0x05ac64dcf09298cb35ac643183e432b21f276d71,39.99499109999994,594.95,0xTengri
2026-07-27 06:33:44,day,tech,80,0x131502dbd9c67fc805a069f61444c2be1c43a84a,39.750550000000004,0.0,PredictionEater
2026-07-27 06:33:44,day,tech,81,0x46f660832a2cb12ce00885e57a7e4c8f130cb9d6,39.21981020800001,0.0,QIAOmain
2026-07-27 06:33:44,day,tech,82,0xfc915907cf315161de19dbd0390787bdb84931eb,38.41396000000009,0.0,
2026-07-27 06:33:44,day,tech,83,0xa9b73b68f02f26238e2fa948fe0b7dbeb5bff43c,38.38372253500003,43.0,xjsljfi
2026-07-27 06:33:44,day,tech,84,0x817fb2fbff81cd0c61d3f63b8c37a468f5febf28,37.38199999999995,0.0,75usdc
2026-07-27 06:33:44,day,tech,85,0xe30898ebedefd06a8acd3ea2bfdd7a00bd67309c,36.93222617887491,231.401875,crop?
2026-07-27 06:33:44,day,tech,86,0x0bd0615e1b600723d3d9408130e4a9b870fd67b0,35.56741785000003,0.0,narua
2026-07-27 06:33:44,day,tech,87,0x4e4b22344b9dacb9471b7cfbb5187c10013f88ce,33.4764829705,0.0,Gandoron
2026-07-27 06:33:44,day,tech,88,0x93a93d84d44270b5b86dad5c28eff367a7d70b88,32.13613500000065,0.0,
2026-07-27 06:33:44,day,tech,89,0xb2ca95ddcb43adaeb2bf7e6e7d1dfce7e522cf4d,32.09225,241.23,0xB2CA95DDcb43Adaeb2BF7e6e7D1Dfce7e522CF4D-1782111440106
2026-07-27 06:33:44,day,tech,90,0x2d48c834897176269fddde6043e566f6bbc1678c,32.083505831999986,0.0,
2026-07-27 06:33:44,day,tech,91,0xaee811b7c7e5d961b545ac0e3f62f5f1cb181154,31.745682919999865,1031.8600000000001,X1099
2026-07-27 06:33:44,day,tech,92,0x38f50488b14a87769e0c5cd6c514b6c2e8ec6824,31.666415000000598,0.0,canadastan
2026-07-27 06:33:44,day,tech,93,0x419199360647609ef4b17b1f1dff1041c15c569f,31.574119999999994,0.0,Aussxx
2026-07-27 06:33:44,day,tech,94,0x027a422d069cde53d7ff6baf4ed3212d7a23ea13,31.25801043499996,0.0,ABALOSPRESOPOLITICO
2026-07-27 06:33:44,day,tech,95,0x2117912fee43e703fe9626fc934ad8653cf39bed,30.999380000000038,0.0,erzhuron
2026-07-27 06:33:44,day,tech,96,0xe38ee6bef3ea40daac3e3adc2fca23ba456850c8,30.90614748200005,0.0,CryptoBizzi2
2026-07-27 06:33:44,day,tech,97,0xf2cf3cf7863182c763bce60580a7d20e9333464b,30.660569179500015,567.6670999999999,Mojito9
2026-07-27 06:33:44,day,tech,98,0x7018ba02d635bd8afc0fa8d0cb45d073cc7e98c2,30.644891164999535,0.0,cryptofund
2026-07-27 06:33:44,day,tech,99,0x4ac989d73d9e8802075724a1aff23ef39201cf1a,30.43297948600093,0.0,TheKinginYellow
2026-07-27 06:33:44,day,tech,100,0x0c99e528d01b62a2ff9e9982e2913d2e935287cf,29.556867565000175,0.0,CloudCactus
