timestamp,timeframe,category,rank,address,pnl,volume,userName
2026-10-04 09:29:45,day,overall,1,0x1f3a646ce5cbe2c70270e7a46161d89b7c7b895d,791244.8644471235,3181176.6669399994,mooseborzoii
2026-10-04 09:29:45,day,overall,2,0x9ba9dec33838f4ec9f032f7247d7481987e63ce9,509559.84716,0.0,TeamA
2026-10-04 09:29:45,day,overall,3,0x5268527977f700f9bf9b6d5cd843859e4e70135d,348326.5151885536,928861.596052,HomeRunHazard
2026-10-04 09:29:45,day,overall,4,0xe30e74595517de48f1fb19f4553dd3d9f1e96b87,144316.20912779204,542326.942416,0xE30E74595517de48f1FB19f4553dd3d9F1E96B87-1772612985000
2026-10-04 09:29:45,day,overall,5,0xa71093cafc0c099b4ccab24c3cb8018d817923c4,128368.81185325794,0.0,Talvez10
2026-10-04 09:29:45,day,overall,6,0xa2cced8bfae7d645f7f437fb76becf2fcbb70cbc,110802.22808106002,42500.06,justwins
2026-10-04 09:29:45,day,overall,7,0xd38b71f3e8ed1af71983e5c309eac3dfa9b35029,108424.39068689504,790146.9203209999,primm
2026-10-04 09:29:45,day,overall,8,0x1d1ade627d0bb0205758580b20d808573e720df6,107314.32629313506,85150.84130599999,Pwaddler
2026-10-04 09:29:45,day,overall,9,0x2005d16a84ceefa912d4e380cd32e7ff827875ea,106545.83955878598,705312.7707790001,RN1
2026-10-04 09:29:45,day,overall,10,0xa90429bc88a1d22eb40e4aac9aaf0bcefd29d20c,89050.07474999999,0.0,liquiditycrisis
2026-10-04 09:29:45,day,overall,11,0x27f738fe203827445690339104aae35b20bc44b0,87504.05033300002,49983.78666700001,ic4cream
2026-10-04 09:29:45,day,overall,12,0x054964a95e2cb3fc2105a62a1edf3da44979c052,85550.01229999999,0.0,COMEONDUDE
2026-10-04 09:29:45,day,overall,13,0x84cfffc3f16dcc353094de30d4a45226eccd2f63,70739.68399362604,0.0,mooseborzoi
2026-10-04 09:29:45,day,overall,14,0xcd84d7f9262516865553555751609fb6f52abec6,68651.403503315,11335.667153,Donkey14
2026-10-04 09:29:45,day,overall,15,0xe18ecc345e00ee7c4f2d1f676f3dd2acb112f826,65596.07948034501,0.0,ArielFilipino
2026-10-04 09:29:45,day,overall,16,0xe015b5a2a299167be835a2fd1e86f09c49e06ffd,63185.62320254999,77481.754805,TAIWANNUMBERONE
2026-10-04 09:29:45,day,overall,17,0x26b46988d027c6c03cfa12a7c0c6d778be49b8a9,58350.834231,243212.562224,kkookkoo
2026-10-04 09:29:45,day,overall,18,0x54ce7dd357766fc3255645e55ef41edd51cc9f80,48924.99434701352,0.0,mde4life1986
2026-10-04 09:29:45,day,overall,19,0x7b47a31c97e22de4d7af4a07365545cbc5aed615,47740.68909621,6000.0,0x7b47a31C97E22de4d7af4A07365545cbC5aEd615-1761165835789
2026-10-04 09:29:45,day,overall,20,0x6d3c5bd13984b2de47c3a88ddc455309aab3d294,43280.16035640839,675236.4935509998,VeryLucky888
2026-10-04 09:29:45,day,overall,21,0xdc41c39b95453c943174f369926018f6963bdd7e,38876.45365080006,774555.792684,nigiri99
2026-10-04 09:29:45,day,overall,22,0xc8075693f48668a264b9fa313b47f52712fcc12b,37761.72340071999,81084.640877,texaskid
2026-10-04 09:29:45,day,overall,23,0x4f1d5ae26fc31472966e951af3183308736d8de2,36334.310457672684,37595.467234,e46m3
2026-10-04 09:29:45,day,overall,24,0xe5b70fd855af9258d9463992e4f1ed7987905ee3,35144.410658288005,63743.048731,alwaysfade
2026-10-04 09:29:45,day,overall,25,0xc660ae71765d0d9eaf5fa8328c1c959841d2bd28,31671.44764400002,4122.624389999999,BoggsFromShawshank
2026-10-04 09:29:45,day,overall,26,0x32b484581fc5606de9c1e43af4636b6be9bc8b21,30591.26161702349,393250.103546,0x32b484581fc5606dE9C1e43AF4636b6Be9BC8B21-1774274303653
2026-10-04 09:29:45,day,overall,27,0xa38a455bbdd4b68486548b7e19da99903f4f821d,28475.14900844956,501608.255661,takeormake
2026-10-04 09:29:45,day,overall,28,0xec981ed70ae69c5cbcac08c1ba063e734f6bafcd,28338.014999419873,73135.47735,0xheavy888
2026-10-04 09:29:45,day,overall,29,0x8c0b024c17831a0dde038547b7e791ae6a0d7aa5,28011.2623102925,76053.268967,THEHIGHLIFE
2026-10-04 09:29:45,day,overall,30,0x0a77bc0638f13892c8b1d1d2c13ba178540f9d74,25522.18438787498,56346.36094599999,0x0A77exmm
2026-10-04 09:29:45,day,overall,31,0xf3a6ac44c5c90ff2b4afa4459f71acc2e57971bd,25182.870699999992,24017.42,bigballaz
2026-10-04 09:29:45,day,overall,32,0x821dab0565ebf5b327f51db06223fdcfe01acf16,24680.732831343776,895112.7929139986,Flaznorp
2026-10-04 09:29:45,day,overall,33,0x583582716cc49794789cacdf7aeffbdbd0b79404,24551.43035164532,21329.434353000004,Montaigne
2026-10-04 09:29:45,day,overall,34,0x664a25f165a0150ce687410470f3352f5783fc5f,24158.96477238908,153186.42863000004,itsonlyamatteroftime
2026-10-04 09:29:45,day,overall,35,0xd6966eb1ae7b52320ba7ab1016680198c9e08a49,23964.960649999994,101299.987501,Painfulvoid
2026-10-04 09:29:45,day,overall,36,0x1e7792acc779a6af8304bd7991ff31d16d468c33,23321.717500000002,103747.43,THEdirkdiggler
2026-10-04 09:29:45,day,overall,37,0x5020e94877430aca70a641a807b4d2007c249f9f,22594.44365,0.0,Bozos14
2026-10-04 09:29:45,day,overall,38,0x924379a79c64b77ad5816ad362122a5f6228658e,21366.953041250992,0.0,Kch-Temp
2026-10-04 09:29:45,day,overall,39,0x82398835fe16616214d928ba87127e28fc1cd9a3,20683.199833515,0.0,Kosherlocks
2026-10-04 09:29:45,day,overall,40,0xd106952ebf30a3125affd8a23b6c1f30c35fc79c,20110.107899594936,584804.674949,Herdonia
2026-10-04 09:29:45,day,overall,41,0x684baa57c338c2549aec0aa3f034f695d72a8409,19629.250934249994,173917.28525000002,monkeymashingkeyboard
2026-10-04 09:29:45,day,overall,42,0x9f15613ebf1f36d4bc679e1211d1fc567cf9bdb3,19570.79626758302,111275.44226400003,0x9f15613ebf1f36d4bc679e1211d1fc567cf9bdb3
2026-10-04 09:29:45,day,overall,43,0x90e33303022844d772e3f67df0f9d3b2de4034ad,19219.607317120008,93376.56440500001,tlfd1
2026-10-04 09:29:45,day,overall,44,0x01e86bfe80426f25579b0f647b8563c51295e002,19211.796819180006,106527.69140500002,tlfd4
2026-10-04 09:29:45,day,overall,45,0x6ac5bb06a9eb05641fd5e82640268b92f3ab4b6e,19162.213475258613,644011.973078,crispychook99
2026-10-04 09:29:45,day,overall,46,0xbca08c1bc204a34f2fddbe47b438b9bd42ac9705,18680.273021496985,133297.64889100002,justaluckydude
2026-10-04 09:29:45,day,overall,47,0xc29198ad764bd6adaf7bb971a3757a689ece5d74,18561.328741466197,206518.6811350002,SnakeBall
2026-10-04 09:29:45,day,overall,48,0xfb681e23db8d1cca8a6b7e2a70a29e000ddfa240,17383.767361731992,50923.084622,royalestake
2026-10-04 09:29:45,day,overall,49,0x52d93dcf81444f793dda7fedc370f7a35101fb1a,17374.49824176102,74633.56329300003,LuckyLoo
2026-10-04 09:29:45,day,overall,50,0x07db5765beba17be154cbfbd6324a15f3c81fa4f,16741.559905810514,134742.34087699995,PLACEYOURBETS123
2026-10-04 09:29:45,day,overall,51,0xcf6c5492124794394dd9eac46498a8babbe47e66,15615.867409652014,88735.970002,one8tyfive
2026-10-04 09:29:45,day,overall,52,0xafd492974cd531aae7786210438ae46b42047e61,15391.431402300499,60021.604825,RevengeRange
2026-10-04 09:29:45,day,overall,53,0xb3cfe7615d64db8dfa743a1b1a2b976911460ebd,15316.72087952499,241832.43114999996,omoi0i0
2026-10-04 09:29:45,day,overall,54,0xd3b034d7bfb2473fb252d0414646d9786bac329e,15064.183917177994,58089.847197999996,Sunshine.Smile
2026-10-04 09:29:45,day,overall,55,0x885ffdf360e5b0b6e6acb963fb3f8ba2344c8ed9,14117.633309489982,2451.769256,forecastication4
2026-10-04 09:29:45,day,overall,56,0x38ee7c83277adb670eb930f0179f26eb3827a618,13631.243506178114,40426.520519,VigorishVault
2026-10-04 09:29:45,day,overall,57,0xb9c7d35d1f04d08624fabcfd3b6cee2d3c9baade,13453.220530234998,3477.79,taylorsversion
2026-10-04 09:29:45,day,overall,58,0x866056133a70de9282a080758858d1a0c8b393ed,13193.23264518848,76954.722091,esportsbetter1
2026-10-04 09:29:45,day,overall,59,0x52a3d09dfc47bacc18634dda9d962be530c0ebae,12840.870660770208,0.0,lebronstinks
2026-10-04 09:29:45,day,overall,60,0xc49fe658479db29e1a2fefebf0735f657dca9e05,12779.374999999998,11297.0,jizzbucket57
2026-10-04 09:29:45,day,overall,61,0xe4a57385a34b0b32fd86be72efd25cda41003cad,12757.605683989837,0.0,chubbytoro
2026-10-04 09:29:45,day,overall,62,0xe963d57ab09233f3cb2bf1546660a1b4638e6753,12618.995329630005,12808.23889,imjustkenisghey
2026-10-04 09:29:45,day,overall,63,0xcc537b8e207ab5f6ef72e22fb9645a7f9cc7a7ad,12446.869999999999,8890.0,vvv44vv4
2026-10-04 09:29:45,day,overall,64,0xaa075924e1dc7cff3b9fab67401126338c4d2125,12265.645394264997,112.89,rustin
2026-10-04 09:29:45,day,overall,65,0xb0e74df9430a089aa102e2207af5fde1967439d2,12208.447842685928,0.0,0xb0e74DF9430A089Aa102e2207Af5fde1967439D2-1789545517033
2026-10-04 09:29:45,day,overall,66,0x2a69660046d7acc4ab204d7cc5ba78b0776cd2f7,11904.707145542583,1087069.2779919994,UpTheBlues
2026-10-04 09:29:45,day,overall,67,0x032eb1bc893940263ad0b01889f262fc232f2a9e,11771.702858469922,35705.81,purplegatto
2026-10-04 09:29:45,day,overall,68,0x99f0d31fdced5b3a0e5ee2867730a6644a6c9495,11586.462561160493,65295.52661099998,0x99F0d31fdced5B3A0e5Ee2867730A6644a6C9495-1779037126382
2026-10-04 09:29:45,day,overall,69,0x746e936f43ff75bf508cf8375b7a8e2515ef68ca,11378.092576284997,2430.0776370000003,tomb2456
2026-10-04 09:29:45,day,overall,70,0xddc38b82423310f5bbf2e2dc58745661a624029c,10799.562916163999,12170.137196,JohnLKellyJr
2026-10-04 09:29:45,day,overall,71,0x0fdbe66eba00ac95d012685715c3815f186f524e,10751.98024350001,4994.9,0x0FDbe66Eba00Ac95D012685715C3815F186f524E-1790892013107
2026-10-04 09:29:45,day,overall,72,0x55b9e6a1dcca2defb01636ba41e9f76a0883a814,10683.716557969503,156993.748367,ghostorder
2026-10-04 09:29:45,day,overall,73,0x9c3ce009c9b039956665cecc4cd14de862b5e8c9,10594.80411637,32154.509046000003,0x0x23kjookhaiuohduoayh8c9
2026-10-04 09:29:45,day,overall,74,0x796fc6fda8f8e03c03e2a2d012155989960300f6,10439.46990800849,194825.663173,6512395314597884
2026-10-04 09:29:45,day,overall,75,0x5c3a1a602848565bb16165fcd460b00c3d43020b,10427.01420430499,24403.137604000003,RegardedMoney
2026-10-04 09:29:45,day,overall,76,0x168fd826a1f30c1752f221b74a7a1316c54f6424,10248.96556396,33100.0,printmon
2026-10-04 09:29:45,day,overall,77,0xb8d757413fe4d4ec4716390938f12100614f5ac7,10224.894255849998,7000.0,gangmusic
2026-10-04 09:29:45,day,overall,78,0xc14e1840aaaa56e12409585ad2c2a74c161339a5,10141.724125740999,0.0,0xC14E1840aaAA56e12409585AD2c2a74c161339a5-1723944811003
2026-10-04 09:29:45,day,overall,79,0x3a090da22b2bcfee0f3125a26265efbcd356f9f7,9946.459460261503,32803.4444,enpirugbrpti
2026-10-04 09:29:45,day,overall,80,0xe954ddb021c19495f1c556f59dadbd1494821ef1,9931.092523083003,11999.418945000001,kingflop
2026-10-04 09:29:45,day,overall,81,0x2d6ac4f70307102ac46e9e6ded67f3838ddf8add,9875.830603272952,145029.04649099996,GC-P
2026-10-04 09:29:45,day,overall,82,0x076daa87c4fe1a85402a9b6b8e0a866224388d4c,9850.065207351057,223567.0666870001,omnibus-076daa
2026-10-04 09:29:45,day,overall,83,0xd8dca4272c19833d7c751d9d7e17a67b28273669,9836.546140184999,27804.145931000003,loldot
2026-10-04 09:29:45,day,overall,84,0x3a8aa345d5db7ec5138298c8c4f4540259be7699,9516.343338894456,1021.488889,TheReturnOfDarthMaul
2026-10-04 09:29:45,day,overall,85,0xcf7379b4b891c06d88807f6f70efa75378120215,9512.415685856507,121591.94759799998,NM-P
2026-10-04 09:29:45,day,overall,86,0xde806eb1711fa1103c7749fb748bc4647e02d8b9,9432.833581475428,0.0,Stavaharon
2026-10-04 09:29:45,day,overall,87,0xf201a19b43471261a3c1ba9247335d55270e527e,9423.980213717014,110616.79801999999,0xF201A19b43471261A3c1Ba9247335d55270e527e-1763824114616
2026-10-04 09:29:45,day,overall,88,0x1610db79f753a80207e1d66716be9e91e627ae49,9261.526400000002,127195.59000000001,NS13
2026-10-04 09:29:45,day,overall,89,0x01c78f8873c0c86d6b6b92ff627e3802237ee995,9184.961833279998,24968.089672000002,Lilybaeum
2026-10-04 09:29:45,day,overall,90,0x4f29e103339919c4baaea2a60195cf1c8bb27a7e,8876.555436491566,649646.5651830004,0x4f2
2026-10-04 09:29:45,day,overall,91,0x5c89768e750ef8baecad3307aa8a8333e65589e8,8803.64845,18471.47,BanfieldChris
2026-10-04 09:29:45,day,overall,92,0xe8d78397160e13edc306a63b1d88c9c1f3dd1252,8526.99381452,85692.083353,coinlaundry
2026-10-04 09:29:45,day,overall,93,0x6982049c65e98606f65a0ce71fdb9b61296da165,8251.87734,24525.328927000002,0x6982049c65e98606f65A0CE71fDb9b61296dA165-1777135114945
2026-10-04 09:29:45,day,overall,94,0x2b344112f63e69a2e411b0cb7f200cbc0051176e,8140.347993985,27079.883332,MAGATheeStallion
2026-10-04 09:29:45,day,overall,95,0xee88371850f0e1332c526e1b8e6f43a7e3ef2826,8122.136711967913,107574.08268999995,comboseoa
2026-10-04 09:29:45,day,overall,96,0xac75b6e590720a394364f2a1580b68a2fbe51319,7825.266676795005,28195.239943,monkeyfish69
2026-10-04 09:29:45,day,overall,97,0x7e2a8ff8da3a83b95588e1fadc0fc89ad827d25c,7735.75948982,44311.49518300001,itb08081982
2026-10-04 09:29:45,day,overall,98,0xc96ae66279005ce48761137b4c86a2ed25adf3f2,7707.920100000001,16399.829999999998,0xc96ae66279005ce48761137b4c86a2ed25adf3f2
2026-10-04 09:29:45,day,overall,99,0xe8c4d68aff65b38cac46987b9b65e01eb47d395d,7664.636180546491,8498.941018999998,JAMJAMJAM4
2026-10-04 09:29:45,day,overall,100,0xd9fe6f0f41ca99fefa93c55d8890000e5a84db0d,7514.115192553005,38237.53575599998,ghorrock
2026-10-04 09:29:45,day,politics,1,0x9ba9dec33838f4ec9f032f7247d7481987e63ce9,509559.84716000006,0.0,TeamA
2026-10-04 09:29:45,day,politics,2,0x7f9e2d1df78614564a70becc7fa14aa9a6623a0e,6022.563158273035,31960.703070000003,LulaVaiPerder
2026-10-04 09:29:45,day,politics,3,0x88c4919de76e526d55a32c1f8afb439dd1f1129a,5928.976425645426,45325.09800499999,RenanPresidente.
2026-10-04 09:29:45,day,politics,4,0x389d2790cd8ead87028f68eaa7cfadb6c53f5866,5255.568774697487,274.93333500000006,0x389D2790cD8eaD87028F68eAa7CFadB6c53f5866-1767895502715
2026-10-04 09:29:45,day,politics,5,0xfa87a158110370eb6dbe678843c055a6b144c2a0,4985.091576570994,0.0,asdfadfasdf1
2026-10-04 09:29:45,day,politics,6,0x6d0d4728e3638a5971d2ea422e0113f2a6473539,4518.980094999002,17053.603334,raskell2
2026-10-04 09:29:45,day,politics,7,0x90ed5bffbffbfc344aa1195572d89719a398b5bc,4226.925676917599,0.0,failstober
2026-10-04 09:29:45,day,politics,8,0xc2de93c744f3406ff4a67623913d3c6df4116781,4096.177485866996,0.0,machbut
2026-10-04 09:29:45,day,politics,9,0x0e8c67cff62868912d8ae14b6cd4246dde2613aa,3658.7820656699987,0.0,Sieghart14
2026-10-04 09:29:45,day,politics,10,0xbaa2bcb5439e985ce4ccf815b4700027d1b92c73,3557.964101973921,0.0,denizz
2026-10-04 09:29:45,day,politics,11,0x162fbc7afa95f21add25597f0ee4febfd9b3978f,3356.7531200815,24188.502446,valetecaolho
2026-10-04 09:29:45,day,politics,12,0x3920dda30a16c4bcfc233033d4890d2497c832b0,3275.591415899995,0.0,Goodburger
2026-10-04 09:29:45,day,politics,13,0x780f249bb117d07c981d1c0e5690eb4fbe698955,2889.135622379508,5172.094397,vsdiz1337
2026-10-04 09:29:45,day,politics,14,0xc851cd9bee7d262afd78674f861f9f576a12cd2a,2886.9203496999944,25321.4,betwick
2026-10-04 09:29:45,day,politics,15,0xf0318c32136c2db7fec88b84869aee6a1106c80c,2865.4217035809634,128.246162,BreakTheBank
2026-10-04 09:29:45,day,politics,16,0x2f9da73ca8430dc4bdbd75f9c76d91592ca5deb3,2611.3817595449837,44234.05,themain
2026-10-04 09:29:45,day,politics,17,0x43372356634781eea88d61bbdd7824cdce958882,2554.0407464905675,66665.818581,Anjun
2026-10-04 09:29:45,day,politics,18,0x68558d37cafd9e6612ab32863f55ccdd798f655a,2540.847680880004,0.0,The-insider-formerly-known-as-25xp
2026-10-04 09:29:45,day,politics,19,0xc4d1a863e9cc45d02ba22d3a1ae9ba7822018ce8,2500.9182697241195,0.0,rdba
2026-10-04 09:29:45,day,politics,20,0x2974bd0059e48f215c391882976e0f1b4c8c9c23,2460.0182786515215,0.0,65765757
2026-10-04 09:29:45,day,politics,21,0x2d99e29c4f066ba32098c65e4c7454b277d94ca3,2412.3297038175783,3232.99,scout
2026-10-04 09:29:45,day,politics,22,0xe639e41094bbeae18f3e6d1790c17299183f082a,2353.9954915100243,0.0,0xe639e41094bbeae18g3e6d1790c17299183f082a
2026-10-04 09:29:45,day,politics,23,0x8b4bca1d794779e66e023d44391b2a86c5ab541b,2297.7461661442067,274999.992858,0x8B4bcA1D794779E66e023D44391B2A86C5ab541B-1769764313952
2026-10-04 09:29:45,day,politics,24,0x1d945b7e9c183bec07f581f157cf64a29175ed73,2296.850062737998,0.0,KingKRool
2026-10-04 09:29:45,day,politics,25,0x707b7d58f60a790f633335c47f1e99c9bd7969f2,2210.5006329119933,0.0,Rex
2026-10-04 09:29:45,day,politics,26,0x5b6331e7ff0831a3fe2ed12004747db1a9c911a4,2166.426691293976,10766.413700000001,neutralwave23
2026-10-04 09:29:45,day,politics,27,0x9df5166f93d6a65ac3c3428d8644b2e7175361e1,2089.647026245002,0.0,novice99
2026-10-04 09:29:45,day,politics,28,0x185922434e87ab10d78cbdf571ed94452e39f776,2062.804440584498,79.826735,0x185922434E87ab10d78cbDf571eD94452E39f776-1781381066685
2026-10-04 09:29:45,day,politics,29,0xab19716584931d81cd9e7763402673a64baa4876,2035.8962713794317,390.55555699999996,SlenderMan
2026-10-04 09:29:45,day,politics,30,0xe172d9e17386f9b4298e2e6eaf8c66d8a8b4e8e0,1951.7528799999927,0.0,megaforest
2026-10-04 09:29:45,day,politics,31,0x9d84ce0306f8551e02efef1680475fc0f1dc1344,1951.3460787932418,4703.500715,ImJustKen
2026-10-04 09:29:45,day,politics,32,0xdf17f4a8dd01a4cfa6fc3da323a2baee5f8697d1,1922.6097477885487,13493.533889,ED99999
2026-10-04 09:29:45,day,politics,33,0xf2d33b42844c825a8ee4322b217683ff048cdcbd,1909.791069769999,0.0,What.Could.Thing.7
2026-10-04 09:29:45,day,politics,34,0xbca82ff9891c5358b33d565c4f4739e4d812b680,1895.573857082003,0.0,0xbCa82fF9891c5358b33D565C4F4739e4d812b680-1779481574004
2026-10-04 09:29:45,day,politics,35,0xab09ce2d50b9865d212d5a22f02647f017f0d48f,1818.9459060525014,0.0,Alouraz
2026-10-04 09:29:45,day,politics,36,0xc97b0b2a2547bb3ed57167092ef8a6e816c347e5,1713.0194907371188,0.0,Avamax
2026-10-04 09:29:45,day,politics,37,0x5cd5c8d7a17c78d7389d8b87b611aed83322ac33,1712.7006684225169,231.51,nonkenny90
2026-10-04 09:29:45,day,politics,38,0xb1ce0561c9f8bc04d27d0d7dcb09e7a9f460ced2,1618.6449495319848,34797.142867999995,Ed2357
2026-10-04 09:29:45,day,politics,39,0x8f7b4550a868467b2db230445fee9242077e2a5f,1576.0072557969997,0.0,Venimous
2026-10-04 09:29:45,day,politics,40,0x3dca854f147d9b9ecc56d37800f36b347ce23c13,1559.7579036580075,8523.556666,Ryxon21
2026-10-04 09:29:45,day,politics,41,0x2aa2588790cb661aa3273347bad8195bca77a548,1511.802675,0.0,LaMecheMoon
2026-10-04 09:29:45,day,politics,42,0x84cfffc3f16dcc353094de30d4a45226eccd2f63,1503.3696999999956,0.0,mooseborzoi
2026-10-04 09:29:45,day,politics,43,0xad96914d7762dac84ebbabafe366ae8ff24dd498,1458.1718174500274,0.0,0xAD96914D7762DAC84EbBABAfE366AE8ff24Dd49
2026-10-04 09:29:45,day,politics,44,0x0a9c7a7ad13dddebc83619d949140c1180d1d552,1451.3532796750005,4409.47,Seeking-Alpha01
2026-10-04 09:29:45,day,politics,45,0xa5517ed74c6b07843946e0e69cad10a9fa94e050,1446.3791085499997,12049.718125,SlotinCap
2026-10-04 09:29:45,day,politics,46,0x740159eced2aaf9edcb7fac8a0b31d18c0f847a5,1439.0756751800036,0.0,0x740159EcEd2AAF9edcb7FAc8A0B31D18C0F847a5-1776860965793
2026-10-04 09:29:45,day,politics,47,0x4ac0cdd5cf34d8abe8c05d8e1489c22d16a88a21,1401.1371813299993,0.0,OnlyBibi2026
2026-10-04 09:29:45,day,politics,48,0xff1e352d5310eab17d1e9fd7e00ec33f16c05e2d,1389.9539565219911,4640.389999999999,0xff1e352d5310eab17d1e9fd7e00ec33f16c05e2
2026-10-04 09:29:45,day,politics,49,0xb70c4f38ce25d986a9da3f3190cbae87660934ca,1353.0356539670029,0.0,freeman123
2026-10-04 09:29:45,day,politics,50,0x6bab66c4bb24c96ed14dcca0f0979b38a6830fe5,1320.8632765350114,885.585264,0x6bAB66c4BB24c96Ed14dccA0f0979B38a6830FE5-1760703674960
2026-10-04 09:29:45,day,politics,51,0x475d3363c8314c6a637dcb6633e7a418cbea7fb8,1305.9048774665039,359.8,MSFTQQQ
2026-10-04 09:29:45,day,politics,52,0x26165df18c4dae74bfc20b8f266f0887fedbc6aa,1303.4180618950109,0.0,ivantoney
2026-10-04 09:29:45,day,politics,53,0x67ac9e1ad7d7e74ef0215d14fc8edb538e4fedf1,1285.2263063945004,4240.788256,3648393489047
2026-10-04 09:29:45,day,politics,54,0x7c75be8139d0e333e7c8c2e17b53575ef0804d1d,1269.147514679993,25141.05,Abkhauae
2026-10-04 09:29:45,day,politics,55,0x7d17982260fa743d9d32f720eea1c9d5898e9df1,1248.9610526830002,0.0,FANTOMAS.
2026-10-04 09:29:45,day,politics,56,0xbace5a5a9e309d69164dc81788d353fed8d43429,1236.5973145469907,89.69946,ThanksGivingTurkey1001
2026-10-04 09:29:45,day,politics,57,0xa4c31771f294ee31146ff9cc5097186bdd25bbb2,1203.7421032349812,0.0,winforretire
2026-10-04 09:29:45,day,politics,58,0x8090ba84e74f8d2c4d1807ec4a21b942533f42c1,1159.2103882674983,0.0,VivaCristoRei
2026-10-04 09:29:45,day,politics,59,0x6ffb4354cbe6e0f9989e3b55564ec5fb8646a834,1088.876752100885,0.0,AgricultureSecretary
2026-10-04 09:29:45,day,politics,60,0x94c4fe3b18435aa92024c7c1589537fcda3f43ca,1086.8467652399995,0.0,Railcool
2026-10-04 09:29:45,day,politics,61,0x6d9fc316c3b8377060a44b852ba664adbfd59790,1045.8388456075454,14321.923856000001,MEPP
2026-10-04 09:29:45,day,politics,62,0xd7856ecb74072b0340b3db5a66f62b900a95b5b7,1040.7832974480002,1449.531,Ninalinda
2026-10-04 09:29:45,day,politics,63,0x121ee8b6c742e25eafa31cf0c39e2824959d7751,1026.6091011995086,0.0,RayZehavi
2026-10-04 09:29:45,day,politics,64,0x2051667c23f4476c14deb9f63b930c38812a4542,1020.3599999999999,0.0,GigaBrainConsulting2
2026-10-04 09:29:45,day,politics,65,0x41b4ab4bdd1de2f7e36003775a18adc7ba63dad2,1013.0479771589979,10000.0,0x41b4ab4bdd1de2f7e36003775a18adc7ba63dad2
2026-10-04 09:29:45,day,politics,66,0x7c3db723f1d4d8cb9c550095203b686cb11e5c6b,1011.1869023860609,32318.366573,Car
2026-10-04 09:29:45,day,politics,67,0xca289809d28e06d2dc39ca6c0f28c5672bca4e91,1005.7057618975005,106090.768991,Aviatorul
2026-10-04 09:29:45,day,politics,68,0x5188fa0e8a77e87bc6a58e6781fdfc4e165cc804,980.223445939977,0.0,AllByMyseIf
2026-10-04 09:29:45,day,politics,69,0x63bcf78f77cef62b4a9b8d101a14247bf90292c5,978.5068643299965,0.0,Bettong
2026-10-04 09:29:45,day,politics,70,0x26b8f55787f7a5a06aed9b15061da7551d50131c,974.878939090002,0.0,FLash7-134
2026-10-04 09:29:45,day,politics,71,0x8e5c0cc55cda93d6cae14becb3b738a44dcaa68a,969.8264818875177,0.0,cocos228
2026-10-04 09:29:45,day,politics,72,0xd1e8ad4614a160553cd51122e6a1110b7c0b27b1,962.1730690430013,0.0,alexhamilton
2026-10-04 09:29:45,day,politics,73,0x834965f34911dfda31d5b313b5def15e6348c99d,955.496743052965,0.0,llh
2026-10-04 09:29:45,day,politics,74,0x63c4dcbb199c5eca30c8a002ff238aad5dce4671,954.4821381924984,44.53,0x63C4dCbb199c5eCA30c8a002fF238aAd5DCE4671-1779125900020
2026-10-04 09:29:45,day,politics,75,0xed107a85a4585a381e48c7f7ca4144909e7dd2e5,944.6423576753587,2100.0,qmarktea2
2026-10-04 09:29:45,day,politics,76,0xfaf98181c44636998a194aa7660bcae1b977f4c4,941.9257299522869,0.0,onekey02
2026-10-04 09:29:45,day,politics,77,0xfc04e014f3e520191b5f456ca6a47f93b0a14f75,929.3631600000026,0.0,marchonnow
2026-10-04 09:29:45,day,politics,78,0xb6644a21bea104c3a804ffe373d21fae41798669,924.2087665800009,0.0,Humble
2026-10-04 09:29:45,day,politics,79,0xc06d776b57693f97c9862290404414d272d9a492,907.9565625,0.0,Shuri75
2026-10-04 09:29:45,day,politics,80,0xb5d19b53c973be1097119c9ddc48fcb18fff6e35,902.0151116149766,3307.6471240000005,lastminwin
2026-10-04 09:29:45,day,politics,81,0xa2ac9772ec9477f2afc0ead7454014cc6cfc7f76,886.6276147485032,13885.575647000001,Addarash
2026-10-04 09:29:45,day,politics,82,0x4cb5ec560735efca23f76f2dd152b74bc6a9b536,882.7074156544986,0.0,TheEmprah
2026-10-04 09:29:45,day,politics,83,0xa0f21e6d351baa9185716b5c00c2925ed9621848,879.4498262729674,3121.832397,0xa0f21e6d351baa9185716b5c00c2925ed9621848
2026-10-04 09:29:45,day,politics,84,0x963137a0ba0b02ebf6f37710023cc1b0303289a1,875.6274488280178,0.0,0x963137a0BA0B02EBf6F37710023Cc1B0303289A1-1764031525036
2026-10-04 09:29:45,day,politics,85,0x821783d5666ce226580f4c0703af300efc169299,858.2451486950013,0.0,baddestofthemall
2026-10-04 09:29:45,day,politics,86,0x2fe1c0ce9e968e98d6fe44c601ddd268627ab7e5,828.2972610069992,0.0,futureisyours
2026-10-04 09:29:45,day,politics,87,0x62cf46cd4c3af254dccfc37a7f93de265b4b5826,803.937571885451,799.96,eCash
2026-10-04 09:29:45,day,politics,88,0x5fbfbf3e11a09812b2dffc4b46daa0d0483941f8,796.6840539599998,0.0,doodle20
2026-10-04 09:29:45,day,politics,89,0x3c8ac6a99d9c7a41860aec2ae7520c7aaa68b45a,796.6036882435437,0.0,momom
2026-10-04 09:29:45,day,politics,90,0x16bd7cc71f6da1e77d1d8255677abc75b9bae288,779.1253335864894,0.0,ddalkkak
2026-10-04 09:29:45,day,politics,91,0x162f6fff88a52864f2ecc9833e58089d5254798d,777.7031673679157,15240.032451,Valen9
2026-10-04 09:29:45,day,politics,92,0x51dfa0828c1049e4eeaa09dd2c4af5a8ea55458f,736.9426049999838,15029.07,randomgo
2026-10-04 09:29:45,day,politics,93,0x152fdae6b14b9131a61ec77ed61dda50f68da549,727.8028511079974,0.0,Ferwhere
2026-10-04 09:29:45,day,politics,94,0x1359911d098bf507069e7e22370e6f6cae3f092e,727.6143719585007,3762.538603,laureman
2026-10-04 09:29:45,day,politics,95,0x24c8cf69a0e0a17eee21f69d29752bfa32e823e1,724.2736380420392,0.0,debased
2026-10-04 09:29:45,day,politics,96,0xdd1db2f6caa04a8bc5c7b86b340ff7a64ceebbf0,712.8590407740267,0.0,J3cExePrd1KEM
2026-10-04 09:29:45,day,politics,97,0xc0df71cee3d45ebfb6d187bd31c3d7316a758dad,711.0699199999945,0.0,MSKW22222
2026-10-04 09:29:45,day,politics,98,0x5375c751dd5a03a0395f77489d8afa24ce62c1a1,708.3627546474991,0.0,thiswaysir
2026-10-04 09:29:45,day,politics,99,0xfb48c8e007a8e45700b39191bad0904c80cd6ad1,708.0089114295006,0.0,0x0dD9
2026-10-04 09:29:45,day,politics,100,0xf96dcefc4461a3c758e4f18494d28b73312a214b,695.801114493006,138784.126985,Andylow5
2026-10-04 09:29:45,day,sports,1,0x1f3a646ce5cbe2c70270e7a46161d89b7c7b895d,791244.8644471233,3181176.6669399994,mooseborzoii
2026-10-04 09:29:45,day,sports,2,0x5268527977f700f9bf9b6d5cd843859e4e70135d,348326.51518855314,928861.596052,HomeRunHazard
2026-10-04 09:29:45,day,sports,3,0xe30e74595517de48f1fb19f4553dd3d9f1e96b87,144316.20912779204,542326.942416,0xE30E74595517de48f1FB19f4553dd3d9F1E96B87-1772612985000
2026-10-04 09:29:45,day,sports,4,0xa71093cafc0c099b4ccab24c3cb8018d817923c4,128368.81185325794,0.0,Talvez10
2026-10-04 09:29:45,day,sports,5,0xa2cced8bfae7d645f7f437fb76becf2fcbb70cbc,110802.22808106002,42500.06,justwins
2026-10-04 09:29:45,day,sports,6,0xd38b71f3e8ed1af71983e5c309eac3dfa9b35029,108424.39068689504,790146.9203209999,primm
2026-10-04 09:29:45,day,sports,7,0x1d1ade627d0bb0205758580b20d808573e720df6,107314.32629313506,85150.84130599999,Pwaddler
2026-10-04 09:29:45,day,sports,8,0x2005d16a84ceefa912d4e380cd32e7ff827875ea,106545.83955878587,705312.7707790001,RN1
2026-10-04 09:29:45,day,sports,9,0xa90429bc88a1d22eb40e4aac9aaf0bcefd29d20c,89050.07474999999,0.0,liquiditycrisis
2026-10-04 09:29:45,day,sports,10,0x27f738fe203827445690339104aae35b20bc44b0,87504.05033300002,49983.78666700001,ic4cream
2026-10-04 09:29:45,day,sports,11,0x054964a95e2cb3fc2105a62a1edf3da44979c052,85550.01229999999,0.0,COMEONDUDE
2026-10-04 09:29:45,day,sports,12,0x84cfffc3f16dcc353094de30d4a45226eccd2f63,69236.31429362603,0.0,mooseborzoi
2026-10-04 09:29:45,day,sports,13,0xcd84d7f9262516865553555751609fb6f52abec6,68651.403503315,11335.667153,Donkey14
2026-10-04 09:29:45,day,sports,14,0xe18ecc345e00ee7c4f2d1f676f3dd2acb112f826,65596.07948034501,0.0,ArielFilipino
2026-10-04 09:29:45,day,sports,15,0xe015b5a2a299167be835a2fd1e86f09c49e06ffd,59541.779049999954,52030.563914000006,TAIWANNUMBERONE
2026-10-04 09:29:45,day,sports,16,0x26b46988d027c6c03cfa12a7c0c6d778be49b8a9,58350.834231,243212.562224,kkookkoo
2026-10-04 09:29:45,day,sports,17,0x54ce7dd357766fc3255645e55ef41edd51cc9f80,48924.99434701352,0.0,mde4life1986
2026-10-04 09:29:45,day,sports,18,0x7b47a31c97e22de4d7af4a07365545cbc5aed615,47740.68909621,6000.0,0x7b47a31C97E22de4d7af4A07365545cbC5aEd615-1761165835789
2026-10-04 09:29:45,day,sports,19,0x6d3c5bd13984b2de47c3a88ddc455309aab3d294,43675.076648870905,638868.4560129999,VeryLucky888
2026-10-04 09:29:45,day,sports,20,0xdc41c39b95453c943174f369926018f6963bdd7e,38041.773850800004,763099.792684,nigiri99
2026-10-04 09:29:45,day,sports,21,0xc8075693f48668a264b9fa313b47f52712fcc12b,37761.72340071993,81084.640877,texaskid
2026-10-04 09:29:45,day,sports,22,0xe5b70fd855af9258d9463992e4f1ed7987905ee3,35145.40965828801,63743.048731,alwaysfade
2026-10-04 09:29:45,day,sports,23,0xc660ae71765d0d9eaf5fa8328c1c959841d2bd28,31671.44764400002,4122.624389999999,BoggsFromShawshank
2026-10-04 09:29:45,day,sports,24,0x32b484581fc5606de9c1e43af4636b6be9bc8b21,30591.26161702349,393250.103546,0x32b484581fc5606dE9C1e43AF4636b6Be9BC8B21-1774274303653
2026-10-04 09:29:45,day,sports,25,0xa38a455bbdd4b68486548b7e19da99903f4f821d,28293.123358479555,501608.255661,takeormake
2026-10-04 09:29:45,day,sports,26,0xec981ed70ae69c5cbcac08c1ba063e734f6bafcd,26601.479400195014,53135.50086200001,0xheavy888
2026-10-04 09:29:45,day,sports,27,0x0a77bc0638f13892c8b1d1d2c13ba178540f9d74,25522.18438787498,56346.36094599999,0x0A77exmm
2026-10-04 09:29:45,day,sports,28,0xf3a6ac44c5c90ff2b4afa4459f71acc2e57971bd,25182.870699999992,24017.42,bigballaz
2026-10-04 09:29:45,day,sports,29,0x821dab0565ebf5b327f51db06223fdcfe01acf16,24680.935061688302,895112.7929139986,Flaznorp
2026-10-04 09:29:45,day,sports,30,0xd6966eb1ae7b52320ba7ab1016680198c9e08a49,23964.909149999992,101299.987501,Painfulvoid
2026-10-04 09:29:45,day,sports,31,0x1e7792acc779a6af8304bd7991ff31d16d468c33,23321.717500000002,103747.43,THEdirkdiggler
2026-10-04 09:29:45,day,sports,32,0x5020e94877430aca70a641a807b4d2007c249f9f,22594.44365,0.0,Bozos14
2026-10-04 09:29:45,day,sports,33,0x924379a79c64b77ad5816ad362122a5f6228658e,21366.953041250992,0.0,Kch-Temp
2026-10-04 09:29:45,day,sports,34,0x82398835fe16616214d928ba87127e28fc1cd9a3,20683.199833515,0.0,Kosherlocks
2026-10-04 09:29:45,day,sports,35,0xd106952ebf30a3125affd8a23b6c1f30c35fc79c,20110.107899594965,584804.674949,Herdonia
2026-10-04 09:29:45,day,sports,36,0x684baa57c338c2549aec0aa3f034f695d72a8409,19629.250934249994,173917.28525000002,monkeymashingkeyboard
2026-10-04 09:29:45,day,sports,37,0x9f15613ebf1f36d4bc679e1211d1fc567cf9bdb3,19570.79626758302,111275.44226400003,0x9f15613ebf1f36d4bc679e1211d1fc567cf9bdb3
2026-10-04 09:29:45,day,sports,38,0xbca08c1bc204a34f2fddbe47b438b9bd42ac9705,18682.71279590699,132877.45059300002,justaluckydude
2026-10-04 09:29:45,day,sports,39,0xc29198ad764bd6adaf7bb971a3757a689ece5d74,18531.332264836194,200650.2771810002,SnakeBall
2026-10-04 09:29:45,day,sports,40,0xfb681e23db8d1cca8a6b7e2a70a29e000ddfa240,17383.767361731992,50923.084622,royalestake
2026-10-04 09:29:45,day,sports,41,0x52d93dcf81444f793dda7fedc370f7a35101fb1a,17374.593036731014,74614.60439100003,LuckyLoo
2026-10-04 09:29:45,day,sports,42,0xcf6c5492124794394dd9eac46498a8babbe47e66,15580.767629300013,88735.970002,one8tyfive
2026-10-04 09:29:45,day,sports,43,0xb3cfe7615d64db8dfa743a1b1a2b976911460ebd,15315.565429524984,241832.43114999996,omoi0i0
2026-10-04 09:29:45,day,sports,44,0x885ffdf360e5b0b6e6acb963fb3f8ba2344c8ed9,14117.633309489982,2451.769256,forecastication4
2026-10-04 09:29:45,day,sports,45,0xb9c7d35d1f04d08624fabcfd3b6cee2d3c9baade,13453.220530234998,3477.79,taylorsversion
2026-10-04 09:29:45,day,sports,46,0x866056133a70de9282a080758858d1a0c8b393ed,12944.369359693494,26954.923182000002,esportsbetter1
2026-10-04 09:29:45,day,sports,47,0xe4a57385a34b0b32fd86be72efd25cda41003cad,12757.605683989837,0.0,chubbytoro
2026-10-04 09:29:45,day,sports,48,0xc49fe658479db29e1a2fefebf0735f657dca9e05,12672.0,0.0,jizzbucket57
2026-10-04 09:29:45,day,sports,49,0xe963d57ab09233f3cb2bf1546660a1b4638e6753,12619.007829630002,12808.23889,imjustkenisghey
2026-10-04 09:29:45,day,sports,50,0xcc537b8e207ab5f6ef72e22fb9645a7f9cc7a7ad,12447.364999999998,8890.0,vvv44vv4
2026-10-04 09:29:45,day,sports,51,0xaa075924e1dc7cff3b9fab67401126338c4d2125,12265.645394264997,112.89,rustin
2026-10-04 09:29:45,day,sports,52,0x2a69660046d7acc4ab204d7cc5ba78b0776cd2f7,11903.836197102566,1087018.2090259993,UpTheBlues
2026-10-04 09:29:45,day,sports,53,0x99f0d31fdced5b3a0e5ee2867730a6644a6c9495,11586.462561160495,65295.52661099998,0x99F0d31fdced5B3A0e5Ee2867730A6644a6C9495-1779037126382
2026-10-04 09:29:45,day,sports,54,0x032eb1bc893940263ad0b01889f262fc232f2a9e,11586.199843469978,33556.21,purplegatto
2026-10-04 09:29:45,day,sports,55,0x746e936f43ff75bf508cf8375b7a8e2515ef68ca,11378.092576284997,2430.0776370000003,tomb2456
2026-10-04 09:29:45,day,sports,56,0xddc38b82423310f5bbf2e2dc58745661a624029c,10825.910113819999,12170.137196,JohnLKellyJr
2026-10-04 09:29:45,day,sports,57,0x55b9e6a1dcca2defb01636ba41e9f76a0883a814,10683.716557969503,156993.748367,ghostorder
2026-10-04 09:29:45,day,sports,58,0x9c3ce009c9b039956665cecc4cd14de862b5e8c9,10594.80411637,32154.509046000003,0x0x23kjookhaiuohduoayh8c9
2026-10-04 09:29:45,day,sports,59,0x0fdbe66eba00ac95d012685715c3815f186f524e,10574.984073309999,0.0,0x0FDbe66Eba00Ac95D012685715C3815F186f524E-1790892013107
2026-10-04 09:29:45,day,sports,60,0x796fc6fda8f8e03c03e2a2d012155989960300f6,10439.46990800849,194825.663173,6512395314597884
2026-10-04 09:29:45,day,sports,61,0x5c3a1a602848565bb16165fcd460b00c3d43020b,10427.01420430499,24403.137604000003,RegardedMoney
2026-10-04 09:29:45,day,sports,62,0x168fd826a1f30c1752f221b74a7a1316c54f6424,10248.96556396,33100.0,printmon
2026-10-04 09:29:45,day,sports,63,0xb8d757413fe4d4ec4716390938f12100614f5ac7,10224.894255849998,7000.0,gangmusic
2026-10-04 09:29:45,day,sports,64,0xc14e1840aaaa56e12409585ad2c2a74c161339a5,10137.7880754955,0.0,0xC14E1840aaAA56e12409585AD2c2a74c161339a5-1723944811003
2026-10-04 09:29:45,day,sports,65,0xe954ddb021c19495f1c556f59dadbd1494821ef1,9926.145382108502,11999.418945000001,kingflop
2026-10-04 09:29:45,day,sports,66,0xd8dca4272c19833d7c751d9d7e17a67b28273669,9888.132,24704.350000000002,loldot
2026-10-04 09:29:45,day,sports,67,0x2d6ac4f70307102ac46e9e6ded67f3838ddf8add,9875.830603272952,145029.04649099996,GC-P
2026-10-04 09:29:45,day,sports,68,0xcf7379b4b891c06d88807f6f70efa75378120215,9512.415685856507,121591.94759799998,NM-P
2026-10-04 09:29:45,day,sports,69,0x1610db79f753a80207e1d66716be9e91e627ae49,9261.526400000002,127195.59000000001,NS13
2026-10-04 09:29:45,day,sports,70,0xac75b6e590720a394364f2a1580b68a2fbe51319,9234.289279369998,0.0,monkeyfish69
2026-10-04 09:29:45,day,sports,71,0x01c78f8873c0c86d6b6b92ff627e3802237ee995,9184.961833279998,24968.089672000002,Lilybaeum
2026-10-04 09:29:45,day,sports,72,0x4f29e103339919c4baaea2a60195cf1c8bb27a7e,8876.555436491566,649646.5651830004,0x4f2
2026-10-04 09:29:45,day,sports,73,0x5c89768e750ef8baecad3307aa8a8333e65589e8,8803.64845,18471.47,BanfieldChris
2026-10-04 09:29:45,day,sports,74,0x67ac9e1ad7d7e74ef0215d14fc8edb538e4fedf1,8544.052364373983,376036.991976,3648393489047
2026-10-04 09:29:45,day,sports,75,0xe8d78397160e13edc306a63b1d88c9c1f3dd1252,8526.99381452,85692.083353,coinlaundry
2026-10-04 09:29:45,day,sports,76,0xe8c4d68aff65b38cac46987b9b65e01eb47d395d,8419.316056954991,8186.823284000001,JAMJAMJAM4
2026-10-04 09:29:45,day,sports,77,0x6982049c65e98606f65a0ce71fdb9b61296da165,8251.87734,24525.328927000002,0x6982049c65e98606f65A0CE71fDb9b61296dA165-1777135114945
2026-10-04 09:29:45,day,sports,78,0x2b344112f63e69a2e411b0cb7f200cbc0051176e,8140.347993985,27079.883332,MAGATheeStallion
2026-10-04 09:29:45,day,sports,79,0xb8ef617fd5d960e61e56c50d2971697300b32864,7993.422393954995,163246.40657,no1dodgersfan
2026-10-04 09:29:45,day,sports,80,0x7e2a8ff8da3a83b95588e1fadc0fc89ad827d25c,7735.75948982,44311.49518300001,itb08081982
2026-10-04 09:29:45,day,sports,81,0xc96ae66279005ce48761137b4c86a2ed25adf3f2,7707.920100000001,16399.829999999998,0xc96ae66279005ce48761137b4c86a2ed25adf3f2
2026-10-04 09:29:45,day,sports,82,0x38ee7c83277adb670eb930f0179f26eb3827a618,7661.488588000001,36806.086777,VigorishVault
2026-10-04 09:29:45,day,sports,83,0x676c1bb692c76b57b06f1b93817515acfa5ce139,7575.048400000005,597.5899999999999,HidingFromGhosts
2026-10-04 09:29:45,day,sports,84,0x9e3ed7b661a903fc97afcf49e0f014ebe869f882,7552.565205716475,132127.99041499998,0x9e3ed7b661a903fc97afcf49e0f014ebe869f882-1783406009396
2026-10-04 09:29:45,day,sports,85,0x224f7ef690d952cf551a471846d5afb4892e514a,7456.740100043484,109546.80159200002,WeBuyHighWeSelllow
2026-10-04 09:29:45,day,sports,86,0xefde78f38169634477f6ff46572128b6d21a6505,7450.9139513260125,41230.44770899999,Oddstorm
2026-10-04 09:29:45,day,sports,87,0xdaef2be2a19ad331737d06545f85615b094554e9,7174.296622824997,0.0,PEYZ-BIGGEST-FAN
2026-10-04 09:29:45,day,sports,88,0xbad26fe5458e6219cec3e40272760e275e835296,6946.445743859993,2890.5466819999997,cocococococo
2026-10-04 09:29:45,day,sports,89,0x398f0d01805b406a008dea6e503df421bb1630f2,6790.133399550008,73547.141816,Sakan1
2026-10-04 09:29:45,day,sports,90,0x760f1063f9f07d5125de802b16775a967b7f326a,6577.318743265001,41114.970930999996,0x760f1063f9f07d5125de802b16775a967b7f326a
2026-10-04 09:29:45,day,sports,91,0xf5e15d3344c35890f1aa716dca88e13eb9065ad0,6407.907099994996,60498.693811000005,WYNNERBACC
2026-10-04 09:29:45,day,sports,92,0x9703676286b93c2eca71ca96e8757104519a69c2,6294.808950447597,110318.44873799998,AnonymousUsername
2026-10-04 09:29:45,day,sports,93,0xdb83e85ffd22faa4009273034770f96ffc5b1e50,6113.138469262497,31898.050307000005,sentrio
2026-10-04 09:29:45,day,sports,94,0xa0f21e6d351baa9185716b5c00c2925ed9621848,5971.894724685033,14765.333597,0xa0f21e6d351baa9185716b5c00c2925ed9621848
2026-10-04 09:29:45,day,sports,95,0x1b0fcd4c06147cb090681b4bd59cab5b9319b7ae,5937.493677574999,18555.776953,0x1256E1f
2026-10-04 09:29:45,day,sports,96,0x26f8af9d49328e5fdae2c24e62e5c523bebd3452,5914.980910000002,39609.666056,Mr.Ape
2026-10-04 09:29:45,day,sports,97,0x0a9230bb04e4625c7adf50384c70defd6f7d6b00,5893.51223086,10156.133741,0x4f3
2026-10-04 09:29:45,day,sports,98,0x86eb13b20d774810b92a3be064718fec5a926566,5483.88125,0.0,isco23
2026-10-04 09:29:45,day,sports,99,0x970998da056e60c707d9b1fc55cfdf3d68c252ab,5457.976068167,0.0,Cypya
2026-10-04 09:29:45,day,sports,100,0x45bbdb07a1864ce556c2d5742167287bab8f4927,5213.918719999999,20102.565715,Alexbob93
2026-10-04 09:29:45,day,crypto,1,0x664a25f165a0150ce687410470f3352f5783fc5f,23142.94080997515,95045.36319100001,itsonlyamatteroftime
2026-10-04 09:29:45,day,crypto,2,0x90e33303022844d772e3f67df0f9d3b2de4034ad,19219.607317120008,93376.56440500001,tlfd1
2026-10-04 09:29:45,day,crypto,3,0x01e86bfe80426f25579b0f647b8563c51295e002,19211.796819180006,106527.69140500002,tlfd4
2026-10-04 09:29:45,day,crypto,4,0xb55fa1296e6ec55d0ce53d93b9237389f11764d4,6273.588356190985,84707.67424299999,0xb55fa1296E6ec55D0cE53d93B9237389f11764d4-1777575277609
2026-10-04 09:29:45,day,crypto,5,0xc38904e5da4c2e962e2a3c72511bfdddaa42d228,6085.379655000001,22860.229530999997,rooli1
2026-10-04 09:29:45,day,crypto,6,0x252d7bae5ec87553dcafb23e275c202ac0d3c456,6075.619589575019,3917.56665,getbipped
2026-10-04 09:29:45,day,crypto,7,0x06dc51826bc524d9a83770e7de9dd7e005b04524,5983.474463347811,154173.17979399997,0x06dc51826bc524d9a83770e7de9dd7e005b0452
2026-10-04 09:29:45,day,crypto,8,0x44832d0d2ec11187c1e77d786feb15f6a50254c6,5819.755488239996,28799.186622999994,NIULAI4
2026-10-04 09:29:45,day,crypto,9,0x9ce97847467817019202ef476e108fc146dedbab,4948.204,7444.304,ppoolluy
2026-10-04 09:29:45,day,crypto,10,0x9e3ed7b661a903fc97afcf49e0f014ebe869f882,4826.214946560986,54304.43551900006,0x9e3ed7b661a903fc97afcf49e0f014ebe869f882-1783406009396
2026-10-04 09:29:45,day,crypto,11,0xc2ad03f79ca3f3c17d8c7de2612ce0c89b7d40ed,4095.0426565599955,132490.95048300002,bosona
2026-10-04 09:29:45,day,crypto,12,0xcd917f26d0ecfe2b9f203868c505a8731b1a3d2b,4069.457865999998,103207.003203,onemorestep
2026-10-04 09:29:45,day,crypto,13,0x21f4c1a1be34a39a7bc20985df4b7e5a39fb691d,4038.9303800849957,101840.28168000006,CrouchPredictions
2026-10-04 09:29:45,day,crypto,14,0x41e2e1ccf1e4940029af02259a31c6b89b9fa354,3751.1424209400016,259773.63305799995,norm1e69
2026-10-04 09:29:45,day,crypto,15,0x56ad6bd05999e0f33ea9c05a48ccb1364a46f13e,3629.576144526014,0.0,floatingraft
2026-10-04 09:29:45,day,crypto,16,0xe3eeb127d5763a6e4ad597f773f9d259c94d5176,3548.519176360001,103842.97116099996,0xe3EeB127d5763a6E4aD597f773F9d259C94d5176-1780742904507
2026-10-04 09:29:45,day,crypto,17,0xdeb3c52f390d76643a9df09cd3f13e6e26d78205,3520.8261049999996,6799.960454,wendyyy
2026-10-04 09:29:45,day,crypto,18,0x32ed2e546b187ca15e2841edc82b22c713cf8ec3,3458.2922555899995,156063.84198299996,mo-money
2026-10-04 09:29:45,day,crypto,19,0x3725d52f3c252e8374999cc8617292ea2608ad88,3456.326401964997,129559.04938,almach
2026-10-04 09:29:45,day,crypto,20,0x576b0696fd5a9225d66fd9500fd98f5be10b0cab,3300.7743883250023,77993.119091,Hcrystallash
2026-10-04 09:29:45,day,crypto,21,0x34148c199410703575334c47f66cc6acf8b101fc,3215.6370313400002,11017.619902999999,mayapple
2026-10-04 09:29:45,day,crypto,22,0x7556ab393295b225b4b0abeed7328428a0a50f44,3179.1941618350006,1097.7353,pol1gl1tch
2026-10-04 09:29:45,day,crypto,23,0xcd997c9d499e76b42fa708f3241e2fcc5355e1c8,3175.0318519999996,15345.174449999999,0xminibot
2026-10-04 09:29:45,day,crypto,24,0xf8af03f1e68ee7162db8983f0d6dd0dc869854c6,3090.410373435,98125.77953499995,MayorMamdani
2026-10-04 09:29:45,day,crypto,25,0x2d2d2b32e5199edf833594a99b9c54e5668ab69d,3070.138528,10827.351058,berlinskies
2026-10-04 09:29:45,day,crypto,26,0x98b84283944fa7ebabb738d957b3893cd9095c1b,2945.800993829993,49914.283868,pnyy
2026-10-04 09:29:45,day,crypto,27,0xdf9ed54fb4a2884310515d284300dc30c4027a51,2902.485816,5545.135659,smila
2026-10-04 09:29:45,day,crypto,28,0x9c2bca791529287c667efa15a375cc033c7cfb43,2893.89414,15194.3789,marcqc
2026-10-04 09:29:45,day,crypto,29,0xa19cbababc312f9df185e49d7004c249ed1ade6b,2877.4813986335607,1169.1100000000001,Tokor
2026-10-04 09:29:45,day,crypto,30,0xf363b411bcfadc7a20d89a08bc9a17b0b5d1c197,2813.1618069999995,14227.320295000001,Telawin
2026-10-04 09:29:45,day,crypto,31,0x0c7c5204404e9d5402d258fedac59c7212bae4cb,2795.840445514997,68323.69033999999,OhioRiskManagement
2026-10-04 09:29:45,day,crypto,32,0x8b4bca1d794779e66e023d44391b2a86c5ab541b,2719.8069373736917,195.70999999999998,0x8B4bcA1D794779E66e023D44391B2A86C5ab541B-1769764313952
2026-10-04 09:29:45,day,crypto,33,0x152e53f376723e909e74db79f15574cb5311d689,2694.8932000000004,5017.0532,keysssss321
2026-10-04 09:29:45,day,crypto,34,0x859903990489d464272266b031c8d0f441d41b11,2668.4868,5057.875,dodepxxf2
2026-10-04 09:29:45,day,crypto,35,0xd6c1c2488cb546e0187f083938c744977620ad7e,2667.3124243799994,11695.414466999999,0xd6c1c24846e0187f38c74497620ad7e
2026-10-04 09:29:45,day,crypto,36,0x11e8a8796cb19626dbc20332491b807b93995cd5,2664.8071999999997,5050.5996,zxcvbw254
2026-10-04 09:29:45,day,crypto,37,0x0ae4a8d6146c304d69208cdf114129e63c67fb39,2644.8873366749935,49922.493949000025,ByteBadger92
2026-10-04 09:29:45,day,crypto,38,0x2903c7dc01c98c8e332d11e9b0f08740bdd55906,2637.2551272850005,53634.241295999986,pnyz
2026-10-04 09:29:45,day,crypto,39,0x3c96a7a806d2c7295ecfc803b1b8f45a6af935c0,2635.3737182500017,13523.433348,riped-mango
2026-10-04 09:29:45,day,crypto,40,0x86b9a88a75194d15bb36c092ea85202da5596d67,2584.8705916499994,91613.95371500003,lalala67
2026-10-04 09:29:45,day,crypto,41,0xe5168d16669fb0dc838f06ef6485cab1fbfccd13,2578.8477859800014,16518.09876,DimaB8
2026-10-04 09:29:45,day,crypto,42,0x81c30978a998350c3d6681f3d6975b32d604609b,2561.883,5001.7216,d5e6x5xaa
2026-10-04 09:29:45,day,crypto,43,0xc5b3e259a073f2fe1e24692fd4f7aa3bf35ca68c,2544.3114990599997,11236.809807999998,cvgngcv
2026-10-04 09:29:45,day,crypto,44,0xb1d30490fa2ec8dc55591e8c71d3d64b6e0fc279,2513.6512779900013,28341.230644999996,hoodquant
2026-10-04 09:29:45,day,crypto,45,0xeebde7a0e019a63e6b476eb425505b7b3e6eba30,2506.9490962449995,47957.89967300001,Bonereaper
2026-10-04 09:29:45,day,crypto,46,0x508ac426fa987527a8b6f8058d0d0961adb6a3d1,2500.8,5000.8,xpl9527
2026-10-04 09:29:45,day,crypto,47,0xe11ea6d354395c9d2c1d6c3ba26bd37c576bf6b7,2500.3999999999996,5000.4,lpppprex666
2026-10-04 09:29:45,day,crypto,48,0x4cbc620532d7253ec3567497956fc32885fdedf7,2378.7420617000025,0.0,RisingFreedom
2026-10-04 09:29:45,day,crypto,49,0x344f3b43711f48770930ce731d934df3b2999dec,2372.6508999999996,20574.98,randomuseris123
2026-10-04 09:29:45,day,crypto,50,0xb2a5cb55cb22df7bcc260b24e3a3004c5402780c,2352.2438859999997,10699.073173,gfcdgb
2026-10-04 09:29:45,day,crypto,51,0x2ed94d1a460379292d2e3b46f2cf7d94b033f271,2330.921682265,50708.28022100001,Hsilverbasher
2026-10-04 09:29:45,day,crypto,52,0x0a8e8386711962c9a328f7e4e428eb2ab0278e06,2315.714432999999,10814.87786,dxfgdsfg3
2026-10-04 09:29:45,day,crypto,53,0x5330942785431b287c0b93346234f8e059f93f6e,2310.4288770000016,14158.202416999999,nolosemore
2026-10-04 09:29:45,day,crypto,54,0x3be6c509b08432e4f28f853df5b2b5ffb98c846e,2308.2115013000007,10814.836054,0x3bE6c509B08432E4F28F853Df5b2b5fFb98C846e-1791029502395
2026-10-04 09:29:45,day,crypto,55,0x5078f57065a338bd58065e76f02a9f9f5dd28082,2305.667153575002,8087.447430999999,alister-crowley
2026-10-04 09:29:45,day,crypto,56,0x48052843810c4a5809d785f8909ad0d7b28d4739,2301.6204699750006,90804.45862500001,hehexd69
2026-10-04 09:29:45,day,crypto,57,0x239e726f1f4131ca78a7e5abf1fec86bfc151c10,2290.4798751949993,80704.59437800001,EZTRADENL2
2026-10-04 09:29:45,day,crypto,58,0x4664c0b30c8f770238500c2e2dbf120e692e2c1f,2285.5244990000006,10813.244273,khgjfgnfg
2026-10-04 09:29:45,day,crypto,59,0xee65685de42f8de9a03b4c53ee77d56a20d2cfc9,2247.731831874996,77831.74616799995,0x50f7
2026-10-04 09:29:45,day,crypto,60,0x42d150e0171590b28332a61b3f4cfca0a34cdab6,2217.195699116215,0.0,notprofitabl
2026-10-04 09:29:45,day,crypto,61,0xafdcbcebe7cc1a61c9317dd663ab4ef7f8b0d278,2212.16092038,11178.561133000001,fasfwqww222
2026-10-04 09:29:45,day,crypto,62,0x1404d5f2ff3be8a1fbd2aff6681ca99bb37ede47,2173.7823668249985,32774.999953000006,peepeepoopoo24
2026-10-04 09:29:45,day,crypto,63,0x4c375c3731d72e71ed032268eaf66dbbdbc80631,2030.1938880000016,0.0,intothethickofit
2026-10-04 09:29:45,day,crypto,64,0x4c8ed7ead1ac18338f816e964b1edde8a50eb38f,1933.3896249999996,32361.41423400001,uninfromedfloww
2026-10-04 09:29:45,day,crypto,65,0xbf337426aa856996b8bb79b238345dd1a0276bf7,1928.1985907949972,43999.178054,nagi777
2026-10-04 09:29:45,day,crypto,66,0x89e862feebbd32714027a8e09a20267999049f7b,1926.6121769599986,997.245481,x01000000
2026-10-04 09:29:45,day,crypto,67,0x71a70f24538d885d1b45f9cea158a2cdf2e56fcf,1925.7005667054968,0.0,easyclap
2026-10-04 09:29:45,day,crypto,68,0x3718825bb14fe48303d7b93a8eeb63d3d13643b5,1896.7778979999998,4707.582689,ismyworld
2026-10-04 09:29:45,day,crypto,69,0xd84c2713e2b58beb1d9dc4421aabd778573ee0a5,1879.9889979999998,2499.986364,0x66666666666
2026-10-04 09:29:45,day,crypto,70,0xcfddfb6e1b321fcfdcb6f9aa09b11990142ce5da,1875.5715185599975,118688.33696900001,trdyugiolkw
2026-10-04 09:29:45,day,crypto,71,0x920e3cccc79df84f8cfc981fff22f96b7352f3f2,1858.719322,12646.610368,0x920e3cCCC79dF84F8cFc981FFf22f96B7352f3f2-1781563645014
2026-10-04 09:29:45,day,crypto,72,0xc6e3fec2e1a29e7a03e1f2d57f4e4eee39dc8b84,1772.5873140000008,20655.854338,Parad0X
2026-10-04 09:29:45,day,crypto,73,0xf0acd6b72215fd8b70cf3def90e73cce4bc9c73f,1755.31207675,8220.824008000001,vrgv3
2026-10-04 09:29:45,day,crypto,74,0x9783f45ce35f794be38ca47dd0816a5c241383b9,1736.3648836250006,10863.833718,0x9783F45CE35F794BE38cA47dD0816A5C241383B9-1766113722324
2026-10-04 09:29:45,day,crypto,75,0xbca0608ac0687847f1f00d09b2432470de2a4d5e,1721.8564610249982,30324.213998000003,0xbCA0608AC0687847F1f00D09b2432470dE2A4D5e-1780263075723
2026-10-04 09:29:45,day,crypto,76,0x335ac48637a3bc37c2eac9e0c9799c32b3cda494,1708.9652285289988,9492.172639999999,QuantumPebble673
2026-10-04 09:29:45,day,crypto,77,0x80cd8310aa624521e9e1b2b53b568cafb0ef0273,1699.1853115999995,1020.0,HaileyWelch
2026-10-04 09:29:45,day,crypto,78,0xb0f85baa97990910a3e8ac2b4a58a322f01ecef5,1655.7978488499991,45282.78270899997,pspspsps5
2026-10-04 09:29:45,day,crypto,79,0xcc500cbcc8b7cf5bd21975ebbea34f21b5644c82,1649.4229020094874,196.633429,justdance
2026-10-04 09:29:45,day,crypto,80,0x037b8d4a5ce2717fd35c0434c9932b82c3219182,1616.349710500006,17088.097095999994,asabovesobelow2
2026-10-04 09:29:45,day,crypto,81,0x855e484854d1411b959ddffdda11a698566c5189,1582.2046404999999,24443.937492,0x855e484854D1411B959dDffddA11A698566C5189-1780249997359
2026-10-04 09:29:45,day,crypto,82,0xf75ac5018a9c422269f4be0fa96be60aa7531310,1544.63477616,8731.940414,edsgf
2026-10-04 09:29:45,day,crypto,83,0xfb63e8f4bf4c523fa7587977d4db3700da8f2ac7,1540.1391610000003,8741.950454,yuyiophjg1
2026-10-04 09:29:45,day,crypto,84,0x0a966df8e394d85c5f95c0985f4ab2931def6eb5,1507.3673570000008,8731.948616,fdgdf55
2026-10-04 09:29:45,day,crypto,85,0x826ea59e91e2da8314c49a7abbbb1a54d0b885bf,1501.078595,8731.931542,ygfyhg
2026-10-04 09:29:45,day,crypto,86,0x071a80774cef3eea0c610a1d1f8a788e795d7400,1485.6808270000006,18415.128394000003,CnR89
2026-10-04 09:29:45,day,crypto,87,0xcea7458afede467c52c6f2a614d89f54dfa03091,1472.4931702000001,8662.835468,fett55
2026-10-04 09:29:45,day,crypto,88,0x1fcabe10e3adf1255ee040499488f56c0bf9a5b4,1463.76579602,8643.945755,85766
2026-10-04 09:29:45,day,crypto,89,0x15b003d5b82aad63130af8767f26a10051025230,1461.599761,4889.559175999999,codeyee
2026-10-04 09:29:45,day,crypto,90,0x48ac40fc545cf327edd5365435c3a9f385614a7e,1429.6193568750018,23683.188111000007,BoneOhio
2026-10-04 09:29:45,day,crypto,91,0xbc1fc906a4f56c242a720a7b9a8e2c4a92d8723f,1427.2802596250012,53546.978081,Ijustmightmakeit
2026-10-04 09:29:45,day,crypto,92,0xf6ab262d360c85f98782b84a04db35c6e18d3579,1414.82455512,28270.721258000012,Jarvisen
2026-10-04 09:29:45,day,crypto,93,0x9a4cbaf3ba914b38ca92cc968cb6104c002998d0,1394.0401190000007,11992.19466,asdaasda
2026-10-04 09:29:45,day,crypto,94,0xb945945d5bcaf7b56834d4da8cdf8f8f94b2db68,1392.4950555800044,108101.16108599998,l5Zn1bWoM8eTsK
2026-10-04 09:29:45,day,crypto,95,0xd8f1fbe130e2b33f32633bf568a08b85058e74a9,1337.9279811399995,56543.64548300003,aaa221
2026-10-04 09:29:45,day,crypto,96,0xbe23032d56a012c531b372c7739bc1dbd4dfb587,1330.209333,2959.879332,Mastermoney
2026-10-04 09:29:45,day,crypto,97,0xc87836bef73740dd2206c05628e9572f59faa529,1328.2329549999984,14811.378195000001,0xC87836BEf73740Dd2206c05628E59faA529
2026-10-04 09:29:45,day,crypto,98,0x9412cdfc1e3171e1aabb013d0f494986445d0cd0,1310.9300652499992,34997.330206000006,gansinimen
2026-10-04 09:29:45,day,crypto,99,0xf3326d8fc30f7ed01bfade12c706cb52c397b1c0,1298.9110735099985,27915.69291100001,0xf3326D8Fc30F7Ed01BfAde12c706cb52c397B1c0-1780211395335
2026-10-04 09:29:45,day,crypto,100,0x55be7aa03ecfbe37aa5460db791205f7ac9ddca3,1274.046902479486,3763.643334,coinman2
2026-10-04 09:29:45,day,finance,1,0x3a8aa345d5db7ec5138298c8c4f4540259be7699,8821.414564020959,1.74,TheReturnOfDarthMaul
2026-10-04 09:29:45,day,finance,2,0x4d49acb0ae1c463eb5b1947d174141b812ba7450,3000.0,0.0,no1yet
2026-10-04 09:29:45,day,finance,3,0x56c9fbdeccf198f1f5ad95ace39b24f5f7fb0d9e,2271.198868999998,0.0,redvinny
2026-10-04 09:29:45,day,finance,4,0xdf1c2e388bde2fbacabaf85c75a6b69cc35e2ebb,2046.8652884480107,0.0,BMM-1
2026-10-04 09:29:45,day,finance,5,0xc6e956068048c1cf98d8f0b3a495edc9da130741,1875.818294765039,2405.36,luck00004
2026-10-04 09:29:45,day,finance,6,0x5c14eb6a6d5083c003daa8241ed559d2dc82cc49,1606.6068000000032,0.0,forinnerpsandr1x11222
2026-10-04 09:29:45,day,finance,7,0x7c3db723f1d4d8cb9c550095203b686cb11e5c6b,1122.3221237029866,24387.813226,Car
2026-10-04 09:29:45,day,finance,8,0x46a121e4df5fdd6cf042a4ede1e90672583e2736,692.6613617574985,0.0,0x46a121E4DF5FdD6CF042A4EDe1E90672583E2736
2026-10-04 09:29:45,day,finance,9,0xe40362b6d2c1eb1134da886f4c64f02f08f6e5a4,637.9617235199999,0.0,Coram_Deo
2026-10-04 09:29:45,day,finance,10,0xb619ed5b378053f8309c307d2f7adf9c13665068,614.5220315799961,0.0,tnl
2026-10-04 09:29:45,day,finance,11,0x1ee9a5fc09665909c0cce297c581703bfbb9197f,606.9275638994989,9132.837289,vinii
2026-10-04 09:29:45,day,finance,12,0xe95e726d0ca927874f3998d815bfec51d19261f2,497.41576353899836,9405.16,mewmew1
2026-10-04 09:29:45,day,finance,13,0xb1ca909e848cc24ec4e220ce1c453bc290c51705,492.568121662498,0.0,DataCenterHatter
2026-10-04 09:29:45,day,finance,14,0xb4f2592e67c333e73c923547cfe05e768180e5fa,489.46050579000075,0.0,M2sx92kljs42
2026-10-04 09:29:45,day,finance,15,0x2b670a311561dcaf741d8155451774d3fa7fb814,442.8021611974998,0.0,0x2b670A311561DcAF741D8155451774D3Fa7fb814-1778467735876
2026-10-04 09:29:45,day,finance,16,0x96489abcb9f583d6835c8ef95ffc923d05a86825,406.32972591100406,4124.54,anoin123
2026-10-04 09:29:45,day,finance,17,0x73bb531d8cfabcdd61f9e7bc08e8d2554bc69473,405.4376950114993,0.0,chivoexpiatorio
2026-10-04 09:29:45,day,finance,18,0x299cb40195d270438f8950902f242d796457d85e,351.89451499999996,0.0,0x61824002685454-836100846371
2026-10-04 09:29:45,day,finance,19,0x524db836890e08aceb3abcdee98d44240e324495,298.2319349999998,0.0,Mac-Gyver
2026-10-04 09:29:45,day,finance,20,0x31436bde35c25c3714e0c3e7fbd14a22107581b1,297.26916667000023,0.0,yyyyyyy
2026-10-04 09:29:45,day,finance,21,0x43cb4ae1f4ddc9e671486c79c9f40a6fd98b84df,276.6613454675029,508.84000000000003,0x43cb4Ae1f4dDC9E671486C79c9F40A6fd98B84Df-1761656284271
2026-10-04 09:29:45,day,finance,22,0x75003de792a09a4d0345913baf9c63d08faa567f,263.6659,551.1,0x75003de792a09a4D0345913BaF9C63d08Faa567f-1763836802268
2026-10-04 09:29:45,day,finance,23,0x3f7df404223a2db1e6d69f2c553a3c1ab9f82e31,262.19939999999997,0.0,Aventadooor
2026-10-04 09:29:45,day,finance,24,0xe399bb71ff1fef9313c7625eb2b8f345f0297dc1,255.9427652999998,0.0,brother-magpie
2026-10-04 09:29:45,day,finance,25,0xc401fdf872a9c93e06a9b332987a887f1d698b2c,234.5461756349996,0.0,oceanmist79
2026-10-04 09:29:45,day,finance,26,0xbfb3b7bd96f923fc22ecc8fb416d4dc5d3b24b43,222.51600994399996,0.0,borchi
2026-10-04 09:29:45,day,finance,27,0xf0ca28d5b0141f0a8e7b251dea80fd881cb166ed,219.07731977900056,20.0,Hauchn
2026-10-04 09:29:45,day,finance,28,0xff7ca9cd180d33119e653e3eb50555a3e2ccb233,205.8174632159999,1360.5700000000002,0xff7ca9cd180d33119e653e3eb50555a3e2ccb233
2026-10-04 09:29:45,day,finance,29,0xbf0fd14d47d8d785ac19f33aafa6985501f128ce,205.193299999999,0.0,0x4dF63E746b71d3a8e
2026-10-04 09:29:45,day,finance,30,0x4db4c6223aa98013b7b3ab494643268c523ea21f,190.0734,0.0,poosiesniffer
2026-10-04 09:29:45,day,finance,31,0x7a6c46965b59f485ffe1fab6b1f359b2aadf5048,187.95048107999992,0.0,0x7a6c46965b59f485ffe1fab6b1f359b2aadf5048
2026-10-04 09:29:45,day,finance,32,0x7845161180695b5741fa3d71f203eaaac497417b,183.3713829799999,0.0,Smart-bettor7
2026-10-04 09:29:45,day,finance,33,0x6d9fc316c3b8377060a44b852ba664adbfd59790,183.2910673790035,506.0,MEPP
2026-10-04 09:29:45,day,finance,34,0x7554969a8bb013c442df437bb57264389329073d,180.0,0.0,spidermarnn
2026-10-04 09:29:45,day,finance,35,0xd2355351cfcfe75b87969e14250385d2f6fc6f93,177.4157153545002,0.0,kevinzhaoo
2026-10-04 09:29:45,day,finance,36,0xa38a455bbdd4b68486548b7e19da99903f4f821d,176.76104997000039,0.0,takeormake
2026-10-04 09:29:45,day,finance,37,0x808aee7fddb14ca58f4358c94fe9c194fc2def3f,172.15400131999922,20.0,kittycat67
2026-10-04 09:29:45,day,finance,38,0xe917ff331e805261dbc903d39965a6b64ccd9612,172.07357787600012,260.41643300000004,SteveTheFish
2026-10-04 09:29:45,day,finance,39,0xae89da6594bb0d421c8d807d74e213f8729e90b8,170.14173613999947,0.0,Ume-Chang
2026-10-04 09:29:45,day,finance,40,0x76aaa258dd917fb6e50f19aedaf1ca189a08c4f4,163.5421328535008,0.0,WindsonC
2026-10-04 09:29:45,day,finance,41,0x5b6331e7ff0831a3fe2ed12004747db1a9c911a4,161.89198328100068,25.89,neutralwave23
2026-10-04 09:29:45,day,finance,42,0x1cd0b92c6143530408bbe8c2202f9f80b5b24516,155.01600694499962,0.0,Frings127
2026-10-04 09:29:45,day,finance,43,0x06ac70013cd0c7992ec830ad5df9f7f66d5b79ec,154.19028698000056,0.0,eastpak
2026-10-04 09:29:45,day,finance,44,0xe80e8498ed55be13f85d9713b73c622e54659211,153.48085196549982,0.0,gagagagagaga
2026-10-04 09:29:45,day,finance,45,0x9ad091ca2e8f1bd69f27662edcb49dceeaa5bf3d,153.22186147699995,7324.5,PaddyAlpha
2026-10-04 09:29:45,day,finance,46,0x8afa03dd6974e44d00c4d14dcccb00c0ddf6adb6,150.66648542199982,0.0,stupid22
2026-10-04 09:29:45,day,finance,47,0x0b34b69b3acfcf19e589179e0c5894f78261f5a6,148.44133998000052,0.0,IronE
2026-10-04 09:29:45,day,finance,48,0x76c94d974b850eb11e3d5220f3fe77c785a6ab2e,147.92000000000007,3698.0,PermanentUnderclassEscapee
2026-10-04 09:29:45,day,finance,49,0xecb98ff2542d9c57ec36aa3ecad3734b9e295a12,145.09860000000026,0.0,Zptml
2026-10-04 09:29:45,day,finance,50,0x9d736920e486176e7df7a76fa218f1ebd853216b,144.00343958799894,220.0,AlAhmeda
2026-10-04 09:29:45,day,finance,51,0x2e617f2cb474acaba820030e4819fe92148519bd,143.69695194399992,0.0,Javier777Milei
2026-10-04 09:29:45,day,finance,52,0x708dba576d798c24215e267413503269fe39ea78,143.47700522550008,0.0,HornyBibi
2026-10-04 09:29:45,day,finance,53,0x5fbf72d3dee75b24d8e60a2c2329603b0c128925,141.36031541500006,0.0,LehmanBrother2.0
2026-10-04 09:29:45,day,finance,54,0x6af72a7d6ca36735fbbbd54feb991b2055e25a6f,140.85000334600022,0.0,chillballer
2026-10-04 09:29:45,day,finance,55,0xfc081d2dab43d97ee05b624e2166808ad3e96be7,139.57687105500008,0.0,MPIL
2026-10-04 09:29:45,day,finance,56,0x8473b3cf4b2af4cfb5b8e7c61464bde829f470ef,138.81897859449873,0.0,jpurd17
2026-10-04 09:29:45,day,finance,57,0xa3a9a8384ba9dac56da62d994c82df53e4aa6c89,136.16738249999997,660.29,mceee
2026-10-04 09:29:45,day,finance,58,0xfec32aef00f862b5e7c368a3f46bccb22d76c3a0,131.89042627900008,237.41,jajupe
2026-10-04 09:29:45,day,finance,59,0x57e4bd0fa030e6a6fdde7ee0b58aa497b4f6835e,128.03977558999986,0.0,imjustalarp
2026-10-04 09:29:45,day,finance,60,0x84d059c38f1a374a017e9167fa2b00c81e71ea2c,126.66069201000005,0.0,addicts
2026-10-04 09:29:45,day,finance,61,0xce60927ff2d1b2080b29a3e1a910b9d789ca6705,125.57719947299938,0.0,Jesetrading
2026-10-04 09:29:45,day,finance,62,0xb6b4a6842d7ab57abf67b270247ca61e62696709,124.85770546350022,0.0,Gausslois
2026-10-04 09:29:45,day,finance,63,0x33b3b135660b97b4ba65dad30bf07c7d2281d03d,124.40105740950003,0.0,AlmostNoAwareness
2026-10-04 09:29:45,day,finance,64,0x736539924a5602b37a03a54fc12c1cc8f98964da,123.35260082300442,169.92,Contentious-Dinnerdate
2026-10-04 09:29:45,day,finance,65,0x9c4b8f99ca555c215debf659f3dc4303f2f78a81,121.72599959999934,0.0,Esports2026
2026-10-04 09:29:45,day,finance,66,0x6fd4e7920761623e4f2852bb60c0b59a709f4fa0,120.02039923199982,0.0,usurper55
2026-10-04 09:29:45,day,finance,67,0x9efdf8932077f748fa000ec4e74996829e21b227,120.0,0.0,zxdw
2026-10-04 09:29:45,day,finance,68,0x85a85805bcbdf2e629788adac1420b6b53949281,105.07034637000015,0.0,LJa7io23MCv954j
2026-10-04 09:29:45,day,finance,69,0x1bfd792c102c75d3c41c954d058355a796ee40d0,97.49672546299553,0.0,4e2fbc2acf
2026-10-04 09:29:45,day,finance,70,0x2ced9769d6397782a13ef43fee579927d86bc4a8,97.19319137000002,0.0,BobZ
2026-10-04 09:29:45,day,finance,71,0x27213ee3781c0f432680a778ae3f275d0b73325b,96.98438187400097,0.0,165198989
2026-10-04 09:29:45,day,finance,72,0x7550f264c07be441dedd4054ad0c592d8b0252b2,96.9349210800001,0.0,0x7550f264c07be441dedd4054ad0c592d8b0252b2
2026-10-04 09:29:45,day,finance,73,0xa2e0d285e4ce58852f1159a9b6d2b68c0bf9fd91,96.04200499999979,2418.02,flovertaco
2026-10-04 09:29:45,day,finance,74,0x15433540ca3794108e602bfd353189519af8baaf,93.26971356749891,0.0,DualDelta
2026-10-04 09:29:45,day,finance,75,0xcc096035169ba2e5b3e17e10af479c0d86011442,92.31048750000002,0.0,0xcc096035169ba2e5b3e17e10af479c0d86011442
2026-10-04 09:29:45,day,finance,76,0x627722f9cacfc2a69af729f7c919498e46edd68a,91.39721662500006,0.0,roadto0pnl
2026-10-04 09:29:45,day,finance,77,0x04bf21c2527ae8d54a2f713a6420c608366c7caf,91.10636774500017,0.0,Red781RuM
2026-10-04 09:29:45,day,finance,78,0xdc5cf885af49d52163574105ac66effac70ec3fa,90.46625000000003,607.35,2hytrhgf6
2026-10-04 09:29:45,day,finance,79,0x74ded5c60706d1d15002e5c1811351c90560786e,86.70930191000002,0.0,awcpaterson
2026-10-04 09:29:45,day,finance,80,0xe617861a96631d7cefdb1ad43e95c33b5946f251,85.94863448900105,0.0,0xe617861a96631d7cefdb1ad43e95c33b5946f251
2026-10-04 09:29:45,day,finance,81,0xbdd11cc911ec8ed95887e56dc253d70cb36b0c4f,85.14047310949972,100.304706,BTCisaHarshMistress
2026-10-04 09:29:45,day,finance,82,0x1a94e87006b29b47873c4ef0359f7509f8a7db1d,81.0,0.0,hypebot2
2026-10-04 09:29:45,day,finance,83,0x2b51107e8d030397ea728a794405ffbcf1d2e165,80.79330000000004,0.0,aaabbb
2026-10-04 09:29:45,day,finance,84,0x04dcbd9b805b220a9b2d27e4d9e649ed07902387,79.51575000000025,67.96,thursdays
2026-10-04 09:29:45,day,finance,85,0xcaff28ab217406a961a1d5ff1a60dc799998e3ad,78.31941172000006,0.0,wallet-account-test
2026-10-04 09:29:45,day,finance,86,0x84a782035d48d86ad9a8becc315c3955821f9743,78.25560796049967,4321.46873,UUUUUUUUUUUUUUUUUUUUUU
2026-10-04 09:29:45,day,finance,87,0xe11ab7e675ffc7136bb065ac13d0d9ba2247c40b,77.48014999999987,0.0,alpha.chen
2026-10-04 09:29:45,day,finance,88,0x36dafd0ed99d902f8bdfe9e090ecdc48b053907b,77.37474503900012,0.0,0x36dAfd0ed99D902F8bDfe9e090ecDc48b053907B-1762688421136
2026-10-04 09:29:45,day,finance,89,0x969fae0a3a93778adc42178f72c612ed8c4e4d55,77.32484063000175,0.0,superstonksbro
2026-10-04 09:29:45,day,finance,90,0x0fe4c0abed85ef74047f8f36f85804802940775d,77.25694152,0.0,wohocool
2026-10-04 09:29:45,day,finance,91,0xeb8d515b83ef03e744931b4cc9d9b136fc32fa06,77.026666611,0.0,0xf55f31a711FC229638f774b2A0378886215ff550-1730648353687
2026-10-04 09:29:45,day,finance,92,0x4ba4466ba485e8c18948a0a80ce4c9db05718a89,76.06919999999991,0.0,Skaliz
2026-10-04 09:29:45,day,finance,93,0xed7b5823a08f1fe610e7b97ca22af74125055cbe,75.61233130500023,0.0,Joy-bing
2026-10-04 09:29:45,day,finance,94,0x8c4465127b5278a5d7fd120b95b77e7fe292fcd4,74.7760246600028,0.0,nelbal8486
2026-10-04 09:29:45,day,finance,95,0xc81c1df1f183e1b137119e590e9d7b64e805e454,74.65487811599996,0.0,reizo
2026-10-04 09:29:45,day,finance,96,0xd2716359d969def10436effd131e9c608a7137e0,74.19044483200003,0.0,0xD2716359d969def10436eFFd131E9c608A7137E0-1773230846648
2026-10-04 09:29:45,day,finance,97,0x99012d12a47cb06e777cbacb156dbd82edfc6046,74.0584230639979,0.0,SuperFake
2026-10-04 09:29:45,day,finance,98,0x09e3835d39e097ec0011824fbf647ff032a748ac,73.87348553599986,0.0,imakebigbets
2026-10-04 09:29:45,day,finance,99,0x7650e94d9c2decc455d7e2b9f8af0c0aa319fac1,73.63950999999997,0.0,JT716
2026-10-04 09:29:45,day,finance,100,0x573442a3b14d08f486031e4dffdae27746b0fd4d,72.75,0.0,Skepticc
2026-10-04 09:29:45,day,culture,1,0xe2b1fc269d0c2e27da11fadd1d9596fe28227d2a,2010.0915378919892,7348.516037,New.Jeans
2026-10-04 09:29:45,day,culture,2,0xa18c5cf2bc6eec389d2d512582ae14654b99d792,692.0715392804996,0.0,i400
2026-10-04 09:29:45,day,culture,3,0x8964b58c08b784ecfe1d9344223692263d130bec,659.504741474997,0.0,DegenerateJanet
2026-10-04 09:29:45,day,culture,4,0xb028b82a80c2d1e855ab4f3cd3a18ecf76838686,487.70691752850007,0.0,Ox79879657hjgdsghgdj98090klfdkld
2026-10-04 09:29:45,day,culture,5,0xb08428aef964c096ec854bc8dfdae5f883e09781,484.3132177710013,13892.650000000001,sunmee
2026-10-04 09:29:45,day,culture,6,0xaca23974e2b8131efbafaa1fe03ea9595ea0b9a1,449.94987599,0.0,ellio8989
2026-10-04 09:29:45,day,culture,7,0x23cd41e50c4ea02e13f9cbdcbd8631f9bc6f377a,400.67577283850187,0.0,prinzealbert
2026-10-04 09:29:45,day,culture,8,0xf14ec403ec03d8f5329aed6587252667bcc76173,366.7389857984999,5935.472224,0xf14ec403ec03d8f5329aed6587252667bcc76173
2026-10-04 09:29:45,day,culture,9,0x8565b21d736741147592264d75cc26ccf2040c43,346.0750204799988,0.0,dddtrips
2026-10-04 09:29:45,day,culture,10,0xfa21179f2cef2f61cb78e8340ae62b17f9271438,309.894445336482,0.0,BABELCONSTEL
2026-10-04 09:29:45,day,culture,11,0xc2dbb83dd39f9d604dbc5eee1f541baaee996865,290.00867500000004,631.0,Noteagle
2026-10-04 09:29:45,day,culture,12,0x88b6e6704a2c3bdff2a7b21ce6b1b2e8f3343cff,284.3355223234994,0.0,h038596027355
2026-10-04 09:29:45,day,culture,13,0x33f832b83b52aa61967fb8ecb2e753734767c5e4,271.27615496699946,17594.729736999998,fanat12
2026-10-04 09:29:45,day,culture,14,0xe562cfbf7b3292e0deb29a5b8fd3c38af4794fa9,259.16121569399996,357.896341,Hyp3rion
2026-10-04 09:29:45,day,culture,15,0x30eff89f14d5c2614a62b77935a133ce1950ac95,250.03096962649943,8227.58,Soni-billi
2026-10-04 09:29:45,day,culture,16,0xb16373f900798ad6e26a169341c68c0d710e6062,245.41539240999992,195.92000000000002,rago
2026-10-04 09:29:45,day,culture,17,0x7e5972bfc25819775ee5a9d4f191919375487b8b,243.84200737800035,96.0,Gaditima
2026-10-04 09:29:45,day,culture,18,0x3eccb67e467ab5cade77e17fe8b407450d691d30,240.3712499999998,0.0,EmeraldEdge
2026-10-04 09:29:45,day,culture,19,0x94c6f93ff78f23b5fca3a4254b38c6cc2e9f7a14,232.62785565750136,212.0,clggzz
2026-10-04 09:29:45,day,culture,20,0x7056f248c5098cce2fb0a062cdd2ab0f8318c95c,228.70558555349513,1612.104616,denzeldumfries
2026-10-04 09:29:45,day,culture,21,0x4ca3169f151da26a2dc1cdb935c833cc8ba9af4c,226.57906391449978,0.0,alexgn
2026-10-04 09:29:45,day,culture,22,0xb4d11b2dcc575c068b4d2037582b5972ce5d02d5,201.57339348400092,8292.0,Metaon
2026-10-04 09:29:45,day,culture,23,0xfdf17710c572a46e992978d380cd27b1538c7195,194.0761480000023,85.18,GvLBV
2026-10-04 09:29:45,day,culture,24,0xb260e618bd5b0351f54cbb6b2370def471af715a,184.22887058650167,11744.945946,Hit-man
2026-10-04 09:29:45,day,culture,25,0x36dafd0ed99d902f8bdfe9e090ecdc48b053907b,179.78377999999978,0.0,0x36dAfd0ed99D902F8bDfe9e090ecDc48b053907B-1762688421136
2026-10-04 09:29:45,day,culture,26,0xe63c43df12f27ecf30ec55f3f1cc498b62cc176c,173.42571507000002,0.0,0xE63c43DF12F27eCF30eC55F3F1cC498B62cc176C-1724331853892
2026-10-04 09:29:45,day,culture,27,0xb1ca909e848cc24ec4e220ce1c453bc290c51705,163.6755978540238,244.79999999999998,DataCenterHatter
2026-10-04 09:29:45,day,culture,28,0xf9db42cd8186e1547c85bb80f2616af109c88dc1,163.59377712649803,8159.290073000001,Gabriell11
2026-10-04 09:29:45,day,culture,29,0x274731566031275feacf0d4ec4c4fbf84a67fa5a,162.63164496799982,0.0,kakdelaa
2026-10-04 09:29:45,day,culture,30,0x59a1799a1a276a35def6d6ef817b67756dd4a8d1,159.79428768149913,6799.99125,LuckyMANNN
2026-10-04 09:29:45,day,culture,31,0xda9f7647c58deb560ca7d85e2b7ea55ef489d7f6,158.23116794899988,0.0,0xDA9F7647C58DEB560ca7d85e2b7eA55Ef489d7F6-1767825604088
2026-10-04 09:29:45,day,culture,32,0x8eab0c46127830072631db88e9dbaeb0b953a56d,146.67735150199937,8211.761,LinaBell🦊
2026-10-04 09:29:45,day,culture,33,0xf0d5eb1cbe7350f1f896ade6c172e6700414c665,144.45663567049633,0.0,yen4u
2026-10-04 09:29:45,day,culture,34,0x0a2ef3ed089d9028cf92e0f7fe1c3ed2ec52a4b2,144.05605419000005,0.0,jeffreyepsteinHALFLIFE3ISCOMING
2026-10-04 09:29:45,day,culture,35,0x2924d14ef7fb302d7d520c2394310409fce5dcde,141.2462018254982,13331.336668,Mei-ji
2026-10-04 09:29:45,day,culture,36,0xfdf2bf33538ac82cfdc27ec2320394ac3bcea519,136.94069292,240.0,letmebejake
2026-10-04 09:29:45,day,culture,37,0xf69553c59c303f254ec970a1cf4c4f39ad5c17ac,134.56482123849793,1292.347997,TexasOx
2026-10-04 09:29:45,day,culture,38,0x0e5bd05888cc80453a4ac18f85c750bb4e434ef4,134.33107,472.06,nelsonc19
2026-10-04 09:29:45,day,culture,39,0x590ed3d1a14ba08cad23f5c513bad6301772e43d,125.90979918149924,27022.222181999998,smalltimezzz
2026-10-04 09:29:45,day,culture,40,0x78656e8d29cf014efd241bb31d96230d6ca3d845,119.90804472700019,2587.197778,ayaaal
2026-10-04 09:29:45,day,culture,41,0x2e73f6d6af7a7a7ceb28c1bce29d938128b3c4c2,119.62777727949998,581.47,CriptanTDA
2026-10-04 09:29:45,day,culture,42,0x44c1dfe43260c94ed4f1d00de2e1f80fb113ebc1,118.46340857199982,3570.67,aenews2
2026-10-04 09:29:45,day,culture,43,0xe5599af54c992d1ad34173d88a9046c558451300,116.89065096199948,4672.62,hulitest2025
2026-10-04 09:29:45,day,culture,44,0xeface9902242b0399856f981600b907dcc9bc9a1,114.25593336250029,217.398261,macrosteaks
2026-10-04 09:29:45,day,culture,45,0x29e17e0da7794efd89403ccff9b958f5084b29f8,113.74687040699982,685.229398,sferfgefvrfgh1234
2026-10-04 09:29:45,day,culture,46,0x6df766e3e23ecf297342f37b5783ac066fb8afb0,107.0562467280015,0.0,Poiuztrewq
2026-10-04 09:29:45,day,culture,47,0x7b2ff18f435e738980e06a2c8a33839267137f5c,106.81409499999972,9871.68,ageg43oiklbd
2026-10-04 09:29:45,day,culture,48,0xe5cc003bd16400add59e65d642430614c6e556fe,104.06170380900039,0.0,0xE5cC003Bd16400AdD59e65D642430614c6E556fe-1768150000654
2026-10-04 09:29:45,day,culture,49,0x87650b9f63563f7c456d9bbcceee5f9faf06ed81,103.80813727949973,745.310454,2B9S
2026-10-04 09:29:45,day,culture,50,0xf54282334a54b73946d9f6374634fbcc8cd31368,102.09147999999999,668.47,linnuz
2026-10-04 09:29:45,day,culture,51,0x4e1c7fcaa69c4395c72791d32de4ca1d0c713106,101.14566399099999,1083.980797,0x4E1C7FCaa69C4395C72791d32DE4cA1d0c713106-1782286940758
2026-10-04 09:29:45,day,culture,52,0xe457dd299f14f8f097b0d7ec8d5be29761455ab3,98.96067304750011,1424.0,ViscaElBarca
2026-10-04 09:29:45,day,culture,53,0x9578af80708f271f705e27867dcf6ec653acf066,98.34841872400011,395.15,KimchiCapital
2026-10-04 09:29:45,day,culture,54,0x9842a7fcf5724641044ae5c138b07cf823205ac8,96.9255570000001,505.375,hnbl2715
2026-10-04 09:29:45,day,culture,55,0xd670301420f6011e8136b07c50d7f4002bcee98f,96.06541925199986,1410.68,Mrpitter
2026-10-04 09:29:45,day,culture,56,0x7cd44faa7c9447d3205c81aee16fcdece00030ae,93.120382485,0.0,0x7cd44fAA7C9447D3205C81aEE16fcDece00030ae-1775635794823
2026-10-04 09:29:45,day,culture,57,0xbbb3eafb514cfd2111a7694086e0c64eb9ad037d,92.8276279889999,385.16,plymbus
2026-10-04 09:29:45,day,culture,58,0x817fb2fbff81cd0c61d3f63b8c37a468f5febf28,91.78130801399996,1319.1599999999999,75usdc
2026-10-04 09:29:45,day,culture,59,0x92e53057ef2872722a53fe807245bd387e1defee,90.38546312049994,1111.0,GrokEnjoyer
2026-10-04 09:29:45,day,culture,60,0x9255a5ca1ebb7d7ac8ab1fc47257a4e320426e3b,88.37267470250022,1926.413673,Rizh
2026-10-04 09:29:45,day,culture,61,0x9d2f540b44c23be89f581e8b8f965efeac4a3c47,88.09001099,0.0,0x9d2f540B44C23Be89f581e8B8f965EFeAC4A3C47-1790249811806
2026-10-04 09:29:45,day,culture,62,0xa18166afa109f6013edb74ce02b0798970daece8,84.270196296,0.0,Sagand
2026-10-04 09:29:45,day,culture,63,0xbc62c8cb817e8fc17a265e821c1cd5923a254f5e,76.39398499999866,4164.710000000001,sebyastiens
2026-10-04 09:29:45,day,culture,64,0xc412fdbe9956c2e242e8b45fae131c3e8598592d,75.84835599799953,13535.421177,BetterFish
2026-10-04 09:29:45,day,culture,65,0x37b60e8de7ac0526ea01faa5366ed9355ca6661f,75.79180724499986,0.0,bbynepo
2026-10-04 09:29:45,day,culture,66,0xb23e88a3e729951c1992b361435a5c410fcf829a,73.7409236315001,0.0,clazzy1
2026-10-04 09:29:45,day,culture,67,0x7bc14171ccb0d3e6bac219ec6a76211826e28db4,73.70229999999992,0.0,coali10
2026-10-04 09:29:45,day,culture,68,0xc4d5a24a240ec9f52669e3251e0473fd0c5687cf,73.5627264420009,8710.938285999999,bipbipbop
2026-10-04 09:29:45,day,culture,69,0xe0969a9ad466da69e034b271ef4e74ebd592be8e,73.5598707400004,0.0,MineYours
2026-10-04 09:29:45,day,culture,70,0x9d8019321990b0e9d3947c74e7832f855b2afcaf,73.54048999999759,15636.21,CakeBake
2026-10-04 09:29:45,day,culture,71,0x93fd1445c1d5307ebad91c43f3802a3e7ab77e2f,72.09868116299981,5884.845237999999,Kamenshyk22
2026-10-04 09:29:45,day,culture,72,0xc684828f6b03487759ced2ebdd975f91f3532228,70.00107965698889,48.79,oliman2
2026-10-04 09:29:45,day,culture,73,0x9ceaa567754c75f74db89f3085e0509d60f2a932,69.58627999999999,0.0,fishpapav
2026-10-04 09:29:45,day,culture,74,0xf86c606c8a360c38037cdab2f81fb5ed2e94ba99,68.96205619750009,2543.6286330000003,Chrissistar04
2026-10-04 09:29:45,day,culture,75,0xdbf99963ba3e62c65a6870d0887d6f776e03b9cc,68.10117349499959,1885.2099999999998,hochnaesigezicke
2026-10-04 09:29:45,day,culture,76,0x64b4eb63824922f680063cef1d776a2eb8a374d4,67.94525499999997,0.0,bussydouglas
2026-10-04 09:29:45,day,culture,77,0x6c7d9ce7d08fbe1bf872fa825916802866a8d6eb,66.62597812400062,290.02,VVKhqdMdKjEpLsDRwu
2026-10-04 09:29:45,day,culture,78,0x28ca4e9a04531f2eac0c2770f95db4e1c6a65d19,65.72538020549874,10.0,DuneMentat
2026-10-04 09:29:45,day,culture,79,0xebf6967890f409db1d8172ae52ad22e5d997a960,64.03270700000004,3002.5,Icannotwin
2026-10-04 09:29:45,day,culture,80,0xc3cf86ccbb1659b4cd413ba4fb4e6c4ce40c51d2,63.931157464999856,269.47,amy888
2026-10-04 09:29:45,day,culture,81,0xad5353afe30c2da57709e2704ef3ccdcf67eef24,63.5237307944862,7302.723484999999,AJSV
2026-10-04 09:29:45,day,culture,82,0x0c553757831b5ea0fb8b45f95a44e16ceeb29e26,62.50377499999951,248.88,leleko2k
2026-10-04 09:29:45,day,culture,83,0xc785252b25901a591e9d962e09f4342468444ef2,62.3255959629999,168.37,dips.
2026-10-04 09:29:45,day,culture,84,0x524db836890e08aceb3abcdee98d44240e324495,61.5168249999997,0.0,Mac-Gyver
2026-10-04 09:29:45,day,culture,85,0xf4f88a1e25ff5dfae68326eb62049d6a1b7c5bf1,61.4496150515001,105.29876300000001,cosmicsteaks
2026-10-04 09:29:45,day,culture,86,0x0cb10c40b0776e9ee8cef970af85724654dda76c,60.672091276999936,20.0,Quarrelsome-Branch
2026-10-04 09:29:45,day,culture,87,0x4d064064c89ad62f1866a7ed4e85f6c5d885b2ea,60.43002652349924,0.0,RootWoot
2026-10-04 09:29:45,day,culture,88,0xe583eead3e940c937fc557bd1a6626809e8c2d98,60.10015137999994,0.0,Ocucumber
2026-10-04 09:29:45,day,culture,89,0x85ee84be50f99d9ec7c379f9c56442aa7529a64a,59.753427249999994,88.13,0x85EE84bE50f99d9ec7c379F9C56442aA7529a64a-1775502961314
2026-10-04 09:29:45,day,culture,90,0x41e816ec8eb178804ff4b3f523d0b01c4729626b,59.33980866000002,0.0,0x41E816EC8eb178804fF4B3f523d0b01c4729626b-1769306850569
2026-10-04 09:29:45,day,culture,91,0x0076fff3def0069380fe6b7361387a3e827b1f36,58.930795233000026,0.0,Gambastylr
2026-10-04 09:29:45,day,culture,92,0xb7d54bf1d0a362beb916d9cb58a04c41d67e0789,57.37675724549982,350.06,marksman
2026-10-04 09:29:45,day,culture,93,0x74263916cc15049f270d56b838b8938a9a837b6d,56.194183148001684,0.0,Mr-Beest
2026-10-04 09:29:45,day,culture,94,0x9b5dc8793a43f26295a0c8eec3e58b041989fbb6,53.80383409000001,0.0,cw007
2026-10-04 09:29:45,day,culture,95,0xeae43e9ba1c5d833adc1c99a3aa5c0fcc596ad95,53.724204047500166,0.0,0xEaE43E9ba1C5d833ADc1C99A3aA5c0FCc596Ad95-1779195166156
2026-10-04 09:29:45,day,culture,96,0xda0087a55847e7c61724f73e0fc4cffa56ab61b4,53.37861349799999,255.843362,FelicityBright
2026-10-04 09:29:45,day,culture,97,0xaee70f0835f8d20e617e41bfe49d55d4a75837fe,53.301950000000005,0.0,Mr-Lucker
2026-10-04 09:29:45,day,culture,98,0xbe74297ff19030f104ce1d538709f43b30eca70e,52.8981366969997,0.0,title1
2026-10-04 09:29:45,day,culture,99,0x6bc72ca463dbf9090939b93e8fb672587bc055fa,50.77290604399968,0.0,prostakov
2026-10-04 09:29:45,day,culture,100,0x66c1a6fe836ff555ca32848646acedbbe93bfa3f,50.72900500000003,897.1300000000001,Platykurtic
2026-10-04 09:29:45,day,mentions,1,0x1e934f01216bf34b277eaeebe2c81183bed278bc,449.70894999999996,602.0,jesuslovesy0u
2026-10-04 09:29:45,day,mentions,2,0x7bff96579b20fe3530e140d6a3c223c9f2127cd6,376.3918088359999,127.36999999999999,KingZeManel
2026-10-04 09:29:45,day,mentions,3,0x460a20d648c4601abfcd0c71ec37eb6dfd26d738,367.56273613999997,0.0,whispercatalyst
2026-10-04 09:29:45,day,mentions,4,0x0cb10c40b0776e9ee8cef970af85724654dda76c,272.65536022499987,1016.0,Quarrelsome-Branch
2026-10-04 09:29:45,day,mentions,5,0x8f3166b79a019a1f451d86513604ffa1f74a84a2,263.34300038999993,54.179047000000004,0x8F3166B79A019A1F451d86513604Ffa1F74A84A2-1785673333356
2026-10-04 09:29:45,day,mentions,6,0x0a08b794ba7a2ecf0b99d9368de98fdd912f2e25,186.17647119999998,0.0,63483
2026-10-04 09:29:45,day,mentions,7,0x0562e01b3c3e65bb93bf0de32f02cec238a79d66,174.2711999999999,0.0,iForgor
2026-10-04 09:29:45,day,mentions,8,0x30fb41b5a08fff5d3dd983f6323e3343931a7db4,163.296934315,0.0,tradetosurvive1
2026-10-04 09:29:45,day,mentions,9,0x42c03b2a749674035741356945f9e2e6bcf4b200,154.4585702,0.0,KGFlawless-
2026-10-04 09:29:45,day,mentions,10,0x38f50488b14a87769e0c5cd6c514b6c2e8ec6824,134.16158,174.56,smellyEllie
2026-10-04 09:29:45,day,mentions,11,0x299cb40195d270438f8950902f242d796457d85e,131.60636,0.0,0x61824002685454-836100846371
2026-10-04 09:29:45,day,mentions,12,0xa400008ab672cc8a19928aa0a49852f80d1c14bb,114.70002549000009,38.668348,0xA400008Ab672cC8A19928aa0a49852f80D1c14bb-1779714772177
2026-10-04 09:29:45,day,mentions,13,0x66c1a6fe836ff555ca32848646acedbbe93bfa3f,114.27139999999991,1872.54,Platykurtic
2026-10-04 09:29:45,day,mentions,14,0x4b8ae011176b76888949476d7fb7a56985faf4a4,104.35399999999993,0.0,chessplayer
2026-10-04 09:29:45,day,mentions,15,0x927ffeba73eb63ffb7e576aca7d32f78e54be7e7,94.5,0.0,ClydeCash
2026-10-04 09:29:45,day,mentions,16,0x21ffd2b7a212a6f277ed3eca1a9f8efcbca90d71,78.07018914999999,167.79,Haradwaith
2026-10-04 09:29:45,day,mentions,17,0xf9efef8ec6235e547ae1ce1ff0de4347e68320eb,74.2976866050002,862.083991,jeev
2026-10-04 09:29:45,day,mentions,18,0xf0acc505d85f9c520fef51017bb5f0a4f63780c0,73.5445,0.0,liverpoolfc
2026-10-04 09:29:45,day,mentions,19,0xd4ce0a7ae5c0f1df855ffcb2d37aa26b66d496e8,70.85258243000001,25.666667,l1v3
2026-10-04 09:29:45,day,mentions,20,0x5415c298dde8c84f4ba726d36b411df6e9a72a6e,69.62864999999988,64.25,-Dominus-
2026-10-04 09:29:45,day,mentions,21,0x127abfef0687758baadf496e320e8140db4bca3c,67.31031148,0.0,glnk
2026-10-04 09:29:45,day,mentions,22,0x23c46463c281deb26a041fdcc24ae9c5d7629c42,61.95465999999965,1704.6699999999998,oidocrop
2026-10-04 09:29:45,day,mentions,23,0x2375550d3b98ce364476c81f663a0b878cb0691f,59.09857096000002,0.0,0x234
2026-10-04 09:29:45,day,mentions,24,0x36dafd0ed99d902f8bdfe9e090ecdc48b053907b,57.85000000000002,0.0,0x36dAfd0ed99D902F8bDfe9e090ecDc48b053907B-1762688421136
2026-10-04 09:29:45,day,mentions,25,0x80ed3442ee13ca855d90cf78cede3ad3f66ece26,54.40024069599998,652.465266,0xtrador
2026-10-04 09:29:45,day,mentions,26,0x7b89e13ed9d50428c466c6557c930ab17e4eddae,50.60720881499997,16.085713,etghzcer
2026-10-04 09:29:45,day,mentions,27,0x9dd483126ebe16f2d853d49060040b556a95a038,47.271478005000006,0.0,HyperboreanBryanCaplanFan
2026-10-04 09:29:45,day,mentions,28,0x0d2d845a6ff64e31e04a70afce8a573940767ff5,45.19665893500007,0.0,38791873984189
2026-10-04 09:29:45,day,mentions,29,0xccae3d5aa0c3a92003ed5b35ed3e37ea40d80ea3,40.21406517,61.84,aerotynecapital
2026-10-04 09:29:45,day,mentions,30,0x7b243a801ba512d41534537f8579a95e7d6eef34,39.762300080000045,53.43,foolishcactus
2026-10-04 09:29:45,day,mentions,31,0x8eff64b61bdd7cf54a72e31af1a77a804f58fb57,34.335589999999996,120.430513,ProphecyKing
2026-10-04 09:29:45,day,mentions,32,0x0be34ffafafa7f3a2998b15b05e04d36cb2835fe,34.178368559999996,0.0,neverbuypredict
2026-10-04 09:29:45,day,mentions,33,0xd322042a30de8e21855f35d064a734aa0c228503,31.750598440000005,0.0,bechamel
2026-10-04 09:29:45,day,mentions,34,0x0c28d976bbfaad597a678f6fc3794d6ba56a9844,31.105253000000005,0.0,youtube-trader
2026-10-04 09:29:45,day,mentions,35,0x7c14bdd7d62b9a7824c220ee39a9b58773f05783,29.742800349999982,0.0,0x7c14bDd7D62B9a7824C220EE39a9b58773F05783-1773587380195
2026-10-04 09:29:45,day,mentions,36,0x4a695874b7791dc042f2a1c9df629e40b132228f,29.728024679999997,0.0,Lufelola
2026-10-04 09:29:45,day,mentions,37,0xecef81de6dbc37a7f817a3a5113e5c964b8a4909,25.830937780000014,25.0,Flingflonger
2026-10-04 09:29:45,day,mentions,38,0xcb59c3db857bae4b9dd41385b152c5d607aee21d,24.714299999999998,274.82,lakemichigan
2026-10-04 09:29:45,day,mentions,39,0xeac5fd1fad89ba42f7b5e7c774cc5c78fa56d1ca,21.6,0.0,PYG18
2026-10-04 09:29:45,day,mentions,40,0xc6ecd4cfa271b59727843491e9adf05004aadeb6,21.5125416,0.0,tator-tot
2026-10-04 09:29:45,day,mentions,41,0x9a8a4d15dc5249bd309f1458c186cddf2d135af6,21.42874224,0.0,Snoopie
2026-10-04 09:29:45,day,mentions,42,0x8a4ec9c5684b23599bb1dd827b8a5673c2fab38c,21.084999999999994,0.0,Jamieeee
2026-10-04 09:29:45,day,mentions,43,0x0b913c042aae9cdbed6762d55d172789c1b20711,18.854550000000003,0.0,Y168
2026-10-04 09:29:45,day,mentions,44,0xeface9902242b0399856f981600b907dcc9bc9a1,18.520799999999994,230.0,macrosteaks
2026-10-04 09:29:45,day,mentions,45,0x80f9fdf81ed5089cc017d6ebe40bdc0a2ff43ab9,17.502986,249.981811,AllTheWhimsy
2026-10-04 09:29:45,day,mentions,46,0xabcb905604117fcf98f6e0acba4145b9bdfb0448,16.140731759999994,0.0,0xaBCB905604117FCf98f6e0acbA4145b9BdFb0448-1786813325408
2026-10-04 09:29:45,day,mentions,47,0x4e2de27450ab8222b3cad8353731779c6f304936,15.398399999999999,32.08,doctorno99
2026-10-04 09:29:45,day,mentions,48,0x758dac51ba3cc9a246a79787da9df11c5f425d9e,15.253922456999973,599.711873,a5533
2026-10-04 09:29:45,day,mentions,49,0xb7c0bd12057027e37876e27f365a8fb335c18ef2,15.19,0.0,KG008
2026-10-04 09:29:45,day,mentions,50,0x0744f0bc92c5b0a6acb9927cf394a2a3116e3ab1,15.119806,100.055842,Ishiraku777
2026-10-04 09:29:45,day,mentions,51,0x75978edaeed0b4aba863a73f7bcb4ab6205e5f01,14.271120035999981,62.739999999999995,ruletheworld
2026-10-04 09:29:45,day,mentions,52,0xc6cb9289841eace1219abc274c4c6c6d07167926,13.085805375000007,812.588437,alsdkfjasd
2026-10-04 09:29:45,day,mentions,53,0xb5f2ec8ac7521032e7002fdd9a31ac3ba83bd0e9,13.007249999999996,0.0,blaretype
2026-10-04 09:29:45,day,mentions,54,0x4c9affa3a4f5ba6b9ab3dd272c20e47ea47e0cd4,12.978749999999998,0.0,pppnn
2026-10-04 09:29:45,day,mentions,55,0x510f4963b66b1b18505faab74b0bb943d1dda43c,12.060790000000004,69.83,PPMT
2026-10-04 09:29:45,day,mentions,56,0x2aa29e3799f1341a8f835e9a9c025eb8e988a5f2,12.000000239999999,0.0,68492363940
2026-10-04 09:29:45,day,mentions,57,0x9b2fcb79bdb8a6a6174da327e9335f7889c6d8f8,10.895578849999993,63.31,SloppyDonny
2026-10-04 09:29:45,day,mentions,58,0xadb4ce3b18984d24873784bab9af8e76f1f1bc39,10.591399999999993,0.0,pad6
2026-10-04 09:29:45,day,mentions,59,0x2482f87037df2ce3cada66afad2d1820ad5afd45,10.58823576,0.0,mrblarg64
2026-10-04 09:29:45,day,mentions,60,0x02c80c7bc8a4581baa3f7fc69cb24350b0ed3c02,10.25,0.0,gntTestWallet
2026-10-04 09:29:45,day,mentions,60,0xe9086c2acb87ef4b25f695c740beabbc8f83047b,10.25,0.0,Provenium
2026-10-04 09:29:45,day,mentions,62,0x2382bc1a87a891090a5a4f43ba30e013ceb04628,10.0062,0.0,mannyp
2026-10-04 09:29:45,day,mentions,63,0xb6785667e9be018b5ad0fbbb27e3aab22624299e,10.0,0.0,boempie
2026-10-04 09:29:45,day,mentions,64,0x5d5e32dc9a054f4e4da123353dded3e2ac379a5e,9.812599999999975,314.26,polybettor
2026-10-04 09:29:45,day,mentions,65,0x07b90f1e574b450a6a8a782f862d1a1e8f650fbb,9.6,0.0,Dondigidin
2026-10-04 09:29:45,day,mentions,66,0xbea0922d263ae8ee61faae1fa642915691aae19d,9.432936390000002,0.0,aliiz
2026-10-04 09:29:45,day,mentions,67,0xfc4128e54700e6a2cee2e9e8db6525072412108f,8.504000000000003,106.3,0x0xPlus
2026-10-04 09:29:45,day,mentions,68,0x3955c2c2b4fa13fb8607eefae9ace787f6fdc4b8,8.05237537,0.0,Olena758
2026-10-04 09:29:45,day,mentions,69,0xf4f88a1e25ff5dfae68326eb62049d6a1b7c5bf1,7.6643861050000055,0.0,cosmicsteaks
2026-10-04 09:29:45,day,mentions,70,0x1690daedf91758fa77ec220e1caf590a745cd6c4,7.624599999999997,5.0,coconono
2026-10-04 09:29:45,day,mentions,71,0x77990565cbb7fe1ff785187ef19408c16ba04dac,7.57142789,0.0,0x77990565cbB7fe1fF785187EF19408C16bA04Dac-1773233352390
2026-10-04 09:29:45,day,mentions,72,0x9f300e1b1b086290fa04c4c8f40cb6a10e95bb5a,7.466030000000046,629.72,gettingdrained
2026-10-04 09:29:45,day,mentions,73,0xfe9339e4eca140c1a16f94a52b5cde4d29768d0e,7.224999999999994,0.0,winexecutescale
2026-10-04 09:29:45,day,mentions,74,0x4fff3c11a5d9b77822e01792f933cdb28557be78,7.196399999999999,0.0,turtle911
2026-10-04 09:29:45,day,mentions,75,0xb06cfb91a1e7abeec433c16db112aa046c79b574,6.970000000000001,0.0,spacexstar
2026-10-04 09:29:45,day,mentions,76,0xa58f84122535fbe42cec75d70e24ba0dd7e7cec8,6.532831780000001,23.148943,big-bird1
2026-10-04 09:29:45,day,mentions,77,0x1964d019f4cae8dcc0f36cb80e0ec88084c15461,6.420000000000002,0.0,0xs55555
2026-10-04 09:29:45,day,mentions,78,0x24bf63e84e8dfde74a3da724d06691cde5b4b12e,6.383868134999997,59.818182,Carabao
2026-10-04 09:29:45,day,mentions,79,0x29eda18df836ad93a8c285f97873bbe26118a8da,5.9942,14.62,29EDa18df836aD93a8c285F97873bBE26118A8da.
2026-10-04 09:29:45,day,mentions,80,0x3e404c6a250584b14f3c0595d411fb734987224e,5.48136,16.034458,Liquidpapercut
2026-10-04 09:29:45,day,mentions,81,0xe16486cfbd75d7f8a3881a17a43e458ecd045fdd,5.396850000000015,36.3,conormurphy
2026-10-04 09:29:45,day,mentions,82,0xb37f3f453a78aebc6f39bf577f2d53708dadfdcf,5.3347499999999854,0.0,Wwx
2026-10-04 09:29:45,day,mentions,83,0x2b0178fa1cd2ed85338f89f76228a522bbaf9bd7,5.2696416,0.0,HatiHusky
2026-10-04 09:29:45,day,mentions,84,0xe102b1da4367d827b48c47ea91fadf6997ff71df,5.05235839999996,88.86,hfv
2026-10-04 09:29:45,day,mentions,85,0xca0c6d9b7a2c0cb9582591cd2d8ff42d5674b9b6,5.0,0.0,0xca0c6d9b7A2C0cB9582591Cd2D8ff42D5674b9B6-1751220806251
2026-10-04 09:29:45,day,mentions,86,0x2eae941760a06555cb9425712ee85da18c5c8d29,4.94901452,0.0,iminmymomscarbroombroom
2026-10-04 09:29:45,day,mentions,87,0x35eb8a04a2a3de007ec87680a84dec087012157d,4.90909032,0.0,scherahmeda
2026-10-04 09:29:45,day,mentions,88,0xe50e7c80d4949938f2ba4e811ad1482e885f45c5,4.420557365000006,260.73,szy10010
2026-10-04 09:29:45,day,mentions,89,0x10f8c2092ae087672e3ca924f40b267029323141,4.112286785000002,0.0,0x10f8c2092ae087672e3ca924f40b267029323141
2026-10-04 09:29:45,day,mentions,90,0xdeb6129cc97df5a941724c47766d36cd5b7a933f,4.0016,0.0,toxicforu
2026-10-04 09:29:45,day,mentions,91,0xab2606e2a4f615b10ab51845b5f8d540aa0db1f5,3.62,7.24,cabbage
2026-10-04 09:29:45,day,mentions,92,0xbfab29d154cf2bad1053cb64751238b022b1036a,3.5999999999999996,0.0,Mr.Gooner
2026-10-04 09:29:45,day,mentions,93,0x874d9473aefc51bd153eb7eb5cd0a1d8ed467fd8,3.5437467100000006,9.086530999999999,0x874D9473AeFc51BD153Eb7EB5cD0A1d8Ed467Fd8-1773479688836
2026-10-04 09:29:45,day,mentions,94,0xff1e352d5310eab17d1e9fd7e00ec33f16c05e2d,3.5,0.0,0xff1e352d5310eab17d1e9fd7e00ec33f16c05e2
2026-10-04 09:29:45,day,mentions,95,0x33739438875aee79e98a26f87320d984f0703716,3.4985000000000017,22.05,ogi250
2026-10-04 09:29:45,day,mentions,96,0x46b353667fd7d846af3bbeda6584b0e5b883d3de,3.2585733,70.0,bjprolo
2026-10-04 09:29:45,day,mentions,97,0x0a581a10096d3853d8f749e1c027f4d0e5ce0a16,3.1001234699999993,0.0,mtmanychoices
2026-10-04 09:29:45,day,mentions,98,0x04378e731c56dc13abe5f0e1bc53549caf4730f4,3.0347999999999997,0.0,steevo
2026-10-04 09:29:45,day,mentions,99,0xf1635e1c8f1e22dc3beb58e922bb9e115db781fe,3.00610176,0.0,0xF1635E1C8F1e22dC3BEb58e922Bb9e115Db781fe-1769971598348
2026-10-04 09:29:45,day,mentions,100,0x7f290d5763cab43e7181df42ec6ada9cee91eb76,2.8020010000000006,15.607655,watcher7
2026-10-04 09:29:45,day,weather,1,0xbf13934a1fec7d3211fc15c138d84ac2a691b91a,2085.3862788934994,25336.624083000006,Bilberry
2026-10-04 09:29:45,day,weather,2,0x9506e646497107cabf2d5b941a8e6a60d0db1c4f,1961.7712686950072,25048.730212,0x9506e646497107cabf2d5b941a8e6a60d0db1c4f
2026-10-04 09:29:45,day,weather,3,0x8fbd7cf5f806f563080864694415829f7229a959,1183.921253978999,11816.02261899999,badatmath.
2026-10-04 09:29:45,day,weather,4,0xa89518aca5a633a79ad1e9737209c9689f83faac,639.9882929800002,504.28,michi1
2026-10-04 09:29:45,day,weather,5,0xc60bb547dbdf59c8d1746bc8a754accc3809d9f7,631.0045536159996,2464.52,limitless00
2026-10-04 09:29:45,day,weather,6,0xb851db7fd9c13a5794f4e38c615295ec1c1e0dfe,619.1851624609998,1370.21,kupoz
2026-10-04 09:29:45,day,weather,7,0x34c4fadc63a048d748a8809cad47350647e674b2,522.9014307030002,9559.396594,yaoying666
2026-10-04 09:29:45,day,weather,8,0x3f0b450ec6b45633f60c16bbaabed9fdbd1ad571,465.2039948959999,1984.9883469999997,0x3f0B450Ec6B45633f60C16bBaABeD9fDbD1AD571-1773606770537
2026-10-04 09:29:45,day,weather,9,0x229c0a7d92977a9934e5ac2348d507988996b966,454.5863535335014,9688.629517,qqqppp-l1
2026-10-04 09:29:45,day,weather,10,0x8e40e10d9b34b28c77c4962be5026c6fdd1f3797,388.63587232,1775.4557579999998,LowTempTation
2026-10-04 09:29:45,day,weather,11,0xc2f2d01b227948e59f25aeb3d49564b8975d0ff7,365.72805765,2.42,claudesports
2026-10-04 09:29:45,day,weather,12,0xb1ca909e848cc24ec4e220ce1c453bc290c51705,335.9628247700002,0.0,DataCenterHatter
2026-10-04 09:29:45,day,weather,13,0xd25156e222c9b907b128e27c36821fdb41db4d37,328.2268845150011,1059.725105,neo7777
2026-10-04 09:29:45,day,weather,14,0x1460c9a32e83e1831d544bd771f3276915f1b3dd,280.50569872250026,4407.752896000002,bigdoggo
2026-10-04 09:29:45,day,weather,15,0x3069c1002bd0bb6aec054c7a27722919df95f8ef,275.9725216049983,0.0,Orion96
2026-10-04 09:29:45,day,weather,16,0x7eeb94f2d5a474123e260f160b4f15d3f3eab6bd,270.105127654,2404.4163069999995,edgewarehouse
2026-10-04 09:29:45,day,weather,17,0x0e0e8174e213ff2c2ccb30c5652a7b7d77c72d75,260.50307079350034,2838.194972,AuspiciousWolf
2026-10-04 09:29:45,day,weather,18,0x6a03e8615eda1733a0c6c0815567f35dc44b84af,253.38086093299998,1777.337866,RSKIWeatherEnthusiast
2026-10-04 09:29:45,day,weather,19,0x5bcd90dc168e93b7f6a7ac21c6bd46a6c338cf4b,240.94407499999988,2305.49,Upmettertou
2026-10-04 09:29:45,day,weather,20,0xb216043fd27e14b167884534e60f6cf58f3fe994,239.96330397649996,570.324797,aligagada
2026-10-04 09:29:45,day,weather,21,0x95d381e71dba6f1c3199fd9bc040383d6fae6eff,230.28655568350007,6103.3963349999985,TunSahur
2026-10-04 09:29:45,day,weather,22,0x5bae7577f470244ce8e678d20693eee2b8ffed25,229.91155662099902,3341.690387,OutOfMemory
2026-10-04 09:29:45,day,weather,23,0x2d0fbf6995692cc56f21171a9993be04436a81aa,224.30540150300038,8142.195006000001,Happening9014
2026-10-04 09:29:45,day,weather,24,0x8dcf7e03c1e09d0c25e7b6fecc9825bce6215668,199.99597369999992,0.0,semantics
2026-10-04 09:29:45,day,weather,25,0x686880eea810fa9141be46a1acec9eee41755198,199.63024624100012,13448.995869,opopv3
2026-10-04 09:29:45,day,weather,26,0x73534402899084573c0f0ddc003674eba01cb6c5,190.7758205255002,1763.1782420000002,newbie147
2026-10-04 09:29:45,day,weather,27,0x8de0771af4eb2785fe64eab139399abd30bd7f22,190.27263500000026,0.0,101456
2026-10-04 09:29:45,day,weather,28,0xc878c6a7ba8ad896a897fe82e48b93fb66dfa6f3,189.802621009,1048.44,ZEEBRA-KY
2026-10-04 09:29:45,day,weather,29,0x7de7cbeba7e2ea14c6445be39d4d46a3cf14a9c8,188.73590571999966,0.0,inventive
2026-10-04 09:29:45,day,weather,30,0xd55b9bb4f3003a4f41cb544f669b8631fafe9469,184.35001574249998,2109.972731,How-are-you
2026-10-04 09:29:45,day,weather,31,0xb6fbce093cdd139858c44148a6598d8ec028c038,172.87919999999946,2395.0,Weather-Guru
2026-10-04 09:29:45,day,weather,32,0xcf37bbb2c1687b70ea553b6fe05f740251d7993f,171.34824784549983,0.0,rocky42004
2026-10-04 09:29:45,day,weather,33,0x59369f79bd0c30700a9e9594727d3d51449fc2d6,171.0238808780001,2123.4862970000004,trademaster4000
2026-10-04 09:29:45,day,weather,34,0x7d640ebd20cf136bee351100438bba44ca2e07f8,170.43385896750027,1511.6764519999997,zytzrh
2026-10-04 09:29:45,day,weather,35,0xe6953214b110bdaebb473952e69a8c50d47f538e,169.50129079900012,1272.706913,TWCheng
2026-10-04 09:29:45,day,weather,36,0x2e62eddf5acffa59a97706de674348a2e600b22e,168.48381923350001,0.0,rocky42003
2026-10-04 09:29:45,day,weather,37,0x396a570b14d68eb290f8cc37357a5cf5a0e2483e,167.72682500000016,286.73,helloworld6767
2026-10-04 09:29:45,day,weather,38,0x73749db0d73fdf2bc74e56edcf30dd98180a38ff,164.81861750000007,3510.0649999999996,exboyfriendjustsentit
2026-10-04 09:29:45,day,weather,39,0xce0b1054a2adb61a3efe8bcd42acc8d40154b974,160.37773706200096,4692.217385,241532532432
2026-10-04 09:29:45,day,weather,40,0x7bd9019211677f5db6e221d6a6da030ebcd0bd75,157.48696910849918,975.24,fElon
2026-10-04 09:29:45,day,weather,41,0xcbf22e52fdc7c35bad4474bea32d02ef2c7dec01,157.42395999999994,257.90999999999997,sharkdown
2026-10-04 09:29:45,day,weather,42,0x368061bc161a471af8c753426c9f987d2a1bf087,152.1880349999999,1690.55,Sunnydays
2026-10-04 09:29:45,day,weather,43,0x96489abcb9f583d6835c8ef95ffc923d05a86825,150.09719999999925,0.0,anoin123
2026-10-04 09:29:45,day,weather,44,0x66d609dbda9df641eff684190a01182f6de450c7,148.17462655300005,0.0,LieutenantMiloMinderbinder
2026-10-04 09:29:45,day,weather,45,0x34dbc406881a24b82f4b138e09169d9a004b1b63,144.42932823550058,5576.380000000001,0x34dBc406881A24B82F4b138e09169d9a004B1B63-1777004802209
2026-10-04 09:29:45,day,weather,46,0xf76253274dbd0dfbbdae21a51c4e60f67114e14f,142.6535640105,1526.430021,0x453643252347563736326
2026-10-04 09:29:45,day,weather,47,0x1e60d8a80fa1c49b4e5b3f7b0043ef1bc08fdd19,141.74323493200015,1728.0071609999998,ImBadAtMath
2026-10-04 09:29:45,day,weather,48,0x180e62e6f035dbf69118a2306df25d28762129df,139.70551635300467,7872.47111,fildoro
2026-10-04 09:29:45,day,weather,49,0xd9fe6f0f41ca99fefa93c55d8890000e5a84db0d,136.07831275800243,15541.762418000002,ghorrock
2026-10-04 09:29:45,day,weather,50,0x20f93368a727c02005545501a711076a39e59577,135.57864871199996,0.0,0x20F93368A727C02005545501a711076a39e59577-1777524515657
2026-10-04 09:29:45,day,weather,51,0xf8dc8cd0fd55eccb5409ed99ed90a86bc7f0f31f,133.8166670359999,940.046411,dingdingdangdang
2026-10-04 09:29:45,day,weather,52,0x00482ed30ead06a69be21d2ebd3aacc8869a5861,132.9607202800002,814.6800000000001,Bertrame6868
2026-10-04 09:29:45,day,weather,53,0xcbbc5e035504421b084ad9248b660f6e9618b5d0,127.50253705750015,2585.489643,VibeTrader
2026-10-04 09:29:45,day,weather,54,0xbb9f224569285cb57f433bbe2e71f9b8a11b557b,122.13622668049993,0.0,rocky42014
2026-10-04 09:29:45,day,weather,55,0x30200b893530920f253846199a153e6ac725df2b,121.64037172100325,5836.731917999999,yongzhuanziben007
2026-10-04 09:29:45,day,weather,56,0x95bf944dd22691364154fb436ee922798566e00b,115.97759999999971,0.0,hideo
2026-10-04 09:29:45,day,weather,57,0x957a8396601e606130d63d7c5adec1e4dd58d6a6,113.79013000000003,769.5300000000001,physical-geographer
2026-10-04 09:29:45,day,weather,58,0x4addc66860b349959cb5070a83dbd9eeb6836fe5,113.58472853500018,886.3530809999999,sswlnl77
2026-10-04 09:29:45,day,weather,59,0xb6922543a5344586009ca5f0da17ae035fa37c83,112.44638499999974,5973.3,cubicsquare
2026-10-04 09:29:45,day,weather,60,0xd240c2a4fccabeb9f63163d84f9695817f59562c,111.98407499999985,700.0,Roomservice
2026-10-04 09:29:45,day,weather,61,0xaff9c02cbf68cdd744609279e41122c8803b64ff,110.44299999999998,0.0,weatherguru
2026-10-04 09:29:45,day,weather,62,0x03b4792ed953aff5db1c51737e7db64294dc8706,108.9927481065,1821.6263830000003,qiaoqiaodi
2026-10-04 09:29:45,day,weather,63,0x5fc788cd31bd484e9d873e3a77fbcfa6a023a9dd,105.59499999999997,0.0,beata-monalisa
2026-10-04 09:29:45,day,weather,64,0x251d896fa1443abdcca009605f340e43dd9ca195,102.9764782195,1044.776441,lyl888
2026-10-04 09:29:45,day,weather,65,0xcf006e28309313be21b36d22bde515882182353f,101.82172062950008,0.0,rocky42009
2026-10-04 09:29:45,day,weather,66,0x95dcb3d91f4c83b09fbc5a8b6f52a4a45d134b45,100.59998000002514,372.0,iliabouchouev
2026-10-04 09:29:45,day,weather,67,0xff39c4be49d99acc5b80aea107d0b378343fb904,100.33124800549999,19.254902,ventyclob
2026-10-04 09:29:45,day,weather,68,0x3fad2d0bd001093fab820094e7a857fc08251a08,98.67349914149999,599.805717,0x3fad2D0bd001093fAB820094e7a857fC08251a08-1778240324586
2026-10-04 09:29:45,day,weather,69,0xf787b8a3a4c6990f48614a0b9af8422e3e7a1b63,95.88269100000001,387.331209,0bot
2026-10-04 09:29:45,day,weather,70,0x37e9c1ce48bc3a444fec7904a3b7eba9d5d3ab9f,95.11572177499997,361.081297,Dannyzz
2026-10-04 09:29:45,day,weather,71,0x31afe78ea1d3222a2da50ba8e3e383c8d6945c86,93.5397615330001,657.299095,frogcast
2026-10-04 09:29:45,day,weather,72,0xa1cce6ea8c929c91ee4b9c78a57b11115d7f6171,93.48704189700004,1041.3584999999998,0xa1cCe6ea8C929C91EE4b9C78A57B11115d7F6171-1779361990935
2026-10-04 09:29:45,day,weather,73,0xa7d2ec6680f4e5f6ab0da244d8006eec3e20f954,91.65681842949971,2555.979597,KiruaTrading
2026-10-04 09:29:45,day,weather,74,0xdfe6407934ecf86befb766f84e61fb29f3fc38c8,91.11708224249999,1109.249713,03171236364E7867159bc5f76A21059fA5536c3C
2026-10-04 09:29:45,day,weather,75,0x0114670d28a6cca4a72789c6194143f08020f0b9,90.09002965650001,791.4739999999999,Termostating
2026-10-04 09:29:45,day,weather,76,0x0786dae11f63aa97035bd5facdb1168624c1df1d,89.77969747150001,1449.9686170000002,0x0786DaE11F63aa97035BD5fACDb1168624c1DF1d-1777167636562
2026-10-04 09:29:45,day,weather,77,0x9be5b190a4f452138a1f804813fe81293c7f6c75,89.03754689250012,1567.4821549999997,Kowalskiy
2026-10-04 09:29:45,day,weather,78,0x370c671980712b4014fc6900766c0c6c66923eb1,88.63654807799999,744.8247989999999,FortunaFelix
2026-10-04 09:29:45,day,weather,79,0x65f93c0f054db935ed6a254c0ce0e9b3ca624425,87.69137249800053,2269.9465219999997,0x65f93c0f054db935eD6a254C0cE0e9b3Ca624425-1762251377772
2026-10-04 09:29:45,day,weather,80,0x3f41732df5afa542082d9878fa94a9f19e769979,86.88005499999986,1464.15,FrogCharts
2026-10-04 09:29:45,day,weather,81,0x5f21926cbfb4148ffac8f5697aad7c1ca2eeb1d2,86.03916697949995,895.343721,psyslo
2026-10-04 09:29:45,day,weather,82,0xd61b436add2edf90f7b4b1e2b62a8fb3b640ead3,83.01255,121.95,Gemini123
2026-10-04 09:29:45,day,weather,83,0xdd22fb0e71982d6793e9a22e47306c462eba2013,82.07079226600013,1619.7929159999999,0xdd22fb0e71982d6793e9a22e47306c462eba2013
2026-10-04 09:29:45,day,weather,84,0x501c9ecce9236992794cd12e88d22355e6454d6d,81.34042347200003,2334.6261839999997,haiwenxiang
2026-10-04 09:29:45,day,weather,85,0x183a2a0b034877e761af0778da5134bebc37d514,80.99805028499998,0.0,planetnine
2026-10-04 09:29:45,day,weather,86,0x95843d5e8ae01071de1555ac0ce8e83f143e020e,79.93442025700006,1257.1358969999999,Fabulous115
2026-10-04 09:29:45,day,weather,87,0x3f302dbb8e2cef9c25ea1cf8980b97711234f8de,79.59335832749963,2311.125361,BobbythePug
2026-10-04 09:29:45,day,weather,88,0x1e5e22c159a4c19aecc2d85671914b760def40fb,79.08325598650038,1050.7808249999998,dontknowhappen
2026-10-04 09:29:45,day,weather,89,0xf2aa8381a08ec33467fbcdd0843aa31cb8d521fb,79.02595213599943,0.0,rabbit007
2026-10-04 09:29:45,day,weather,90,0x6011655c4afb76f36dd1b08a137a1ba73466b31e,78.380615,3259.6400000000003,HighTempTation
2026-10-04 09:29:45,day,weather,91,0x07b81b74d91addee3e9aae48beb2f74b8b9bb587,77.45588975899999,0.0,manuel11431180
2026-10-04 09:29:45,day,weather,92,0xe9076a87c5ed90ef16e6fe6529c943baeca0cff6,76.96540203949999,2274.3450529999996,suntori
2026-10-04 09:29:45,day,weather,93,0x122cb94c437ea5e6f088c6c0c143c592ab8efbed,76.44658500000043,7073.52,Cb94C437EA5e6f088c6c0C143c592ab8EFBed
2026-10-04 09:29:45,day,weather,94,0x131570244066123a1fa8d3691e1129aa4f4a2931,74.15369999999999,520.0,0x131570244066123a1fA8D3691E1129aA4f4a2931-1770775152171
2026-10-04 09:29:45,day,weather,95,0xbb9734141b4f3136cd2a2a0c605b00398288603b,73.85903594599996,0.0,firstbroad
2026-10-04 09:29:45,day,weather,96,0xaba743a752406e6ed8e992c7a3f8e2217c6a85ed,72.36473865000006,352.97,0xaBa743A752406e6eD8e992C7A3F8E2217C6A85Ed-1781935786053
2026-10-04 09:29:45,day,weather,97,0x96e8e42db87aae72bf635ef6db7c3f1adb2dd240,72.2783789,0.0,IP1380
2026-10-04 09:29:45,day,weather,98,0xaa7a74b8c754e8aacc1ac2dedb699af0a3224d23,72.0823487,58.0,securebet
2026-10-04 09:29:45,day,weather,99,0xbbea56528e414e3a494c5bc23d93770cc91ae2b0,71.71157808499991,6.410959,WindTakeMeNorth
2026-10-04 09:29:45,day,weather,100,0x0e6be957dc8f4ff72d26ca6d1e750fece6013a4c,71.41150875999983,2050.1436420000005,robert-mukhametov
2026-10-04 09:29:45,day,economics,1,0x45bbe85e001a1b1626e94349d45ad6a09f9241a7,381.80088983999985,2410.341681,QR1
2026-10-04 09:29:45,day,economics,2,0x2ed8f7a10686dbb0fb15f5c3335f30e0043793d4,376.0475592674993,49.0,podairpod
2026-10-04 09:29:45,day,economics,3,0xbe89905ca9a689f5129621b62fcf715b5a45b88c,337.0853687684932,7.15,simpleman
2026-10-04 09:29:45,day,economics,4,0xdc41c39b95453c943174f369926018f6963bdd7e,322.2407999999996,0.0,nigiri99
2026-10-04 09:29:45,day,economics,5,0xc8ab97a9089a9ff7e6ef0688e6e591a066946418,264.3424244929945,363.666889,ArmageddonRewardsBilly
2026-10-04 09:29:45,day,economics,6,0x30e443872ddf63b2908a49f92cd690c304a55102,263.3275000000003,0.0,truthteller
2026-10-04 09:29:45,day,economics,7,0x8fdbf8c91322e9440afd8416575b7d23435b96eb,231.64832962000003,17042.289607,2fef2
2026-10-04 09:29:45,day,economics,8,0xa4b366ad22fc0d06f1e934ff468e8922431a87b8,228.47995329999821,2500.0,HolyMoses7
2026-10-04 09:29:45,day,economics,9,0x97ead83eb0e6b7f142e63284791882f05ddf3363,223.2240001,0.0,Hakei.
2026-10-04 09:29:45,day,economics,10,0xe033e9d4a0e8b30c417f3f7abcb029bc695940a5,213.83271437801886,0.0,CDAP1
2026-10-04 09:29:45,day,economics,11,0x81525952f172646a4104030e9a9ef1e769c7bfda,197.82872855999813,0.0,KimJonEn
2026-10-04 09:29:45,day,economics,12,0xb1ca909e848cc24ec4e220ce1c453bc290c51705,179.7141371994985,0.0,DataCenterHatter
2026-10-04 09:29:45,day,economics,13,0x60567382d04d7af8776eea04468a918519ebc27c,173.82259766300194,0.0,akimbogod
2026-10-04 09:29:45,day,economics,14,0x6809e7f37d2f5aedb20ccebd2a129604a06a6d90,127.01406382999949,0.0,.perfect
2026-10-04 09:29:45,day,economics,15,0x2ed36f739dc5e9270a7e50f6360e3115cc5dccb0,119.93991035999989,0.0,Lilian0129
2026-10-04 09:29:45,day,economics,16,0x4b8ae011176b76888949476d7fb7a56985faf4a4,112.72588559899961,2795.91,chessplayer
2026-10-04 09:29:45,day,economics,17,0xfd39c48d1e5e6214c4a16d2d7f950f4a355b9ec8,105.34345000000002,0.0,Antony82
2026-10-04 09:29:45,day,economics,18,0x9b0b60aa0a1df93202f996860342fd5607815e43,99.31746666499987,31968.266667000004,Irboz-sama
2026-10-04 09:29:45,day,economics,19,0xdc5cf885af49d52163574105ac66effac70ec3fa,96.11220000000006,1106.12,2hytrhgf6
2026-10-04 09:29:45,day,economics,20,0x2e6e4103d3ad48e7be876df11a5eed5b53287f53,94.1659491800001,0.0,AndreiDmitr
2026-10-04 09:29:45,day,economics,21,0xa58d4f278d7953cd38eeb929f7e242bfc7c0b9b8,91.00239104950236,3585.0401870000005,AiBird
2026-10-04 09:29:45,day,economics,22,0x77266604e63f5caf08d19caebae0c563ce064aee,87.73219999999992,0.0,0x77266604E63f5cAF08D19CaEBae0C563ce064aE
2026-10-04 09:29:45,day,economics,23,0x0ffcad4963e25dc150774363f4061ebe840c8236,86.54715561350167,0.0,perfectnostalgia
2026-10-04 09:29:45,day,economics,24,0xe9076a87c5ed90ef16e6fe6529c943baeca0cff6,86.07518963345271,138.55777899999998,suntori
2026-10-04 09:29:45,day,economics,25,0x22da1a1fc2b14f5c76b0e179048734c015ef2866,80.060925,0.0,BlessedSunshine888
2026-10-04 09:29:45,day,economics,26,0xf975a7a9de30cbc7d07768e4e3651660de0d4ec2,76.69369952150004,0.0,dgprnta
2026-10-04 09:29:45,day,economics,27,0xb0fcea24160139269e0af107811e33d99d6ece0b,76.30039952700008,0.0,DancewithRisk
2026-10-04 09:29:45,day,economics,28,0x65d1dfacd31f0a75083db245fefe1856603c0e74,69.58664957749988,0.0,S4uron
2026-10-04 09:29:45,day,economics,29,0xb4f2f0c858566fef705edf8efc1a5e9fba307862,68.39907200000005,136798.144,Desy-1725192185234
2026-10-04 09:29:45,day,economics,30,0x49f206f4fb2210a28af4795e4e0b6532cf0bd7b4,67.46426791700048,476.0,0x49F206
2026-10-04 09:29:45,day,economics,31,0x5fc788cd31bd484e9d873e3a77fbcfa6a023a9dd,66.95000000000005,0.0,beata-monalisa
2026-10-04 09:29:45,day,economics,32,0xb7ef580a13f0463561170074bece5fb7bbd3812c,61.906999999999925,0.0,TimRob
2026-10-04 09:29:45,day,economics,33,0x5b6331e7ff0831a3fe2ed12004747db1a9c911a4,61.047236210002225,27.47,neutralwave23
2026-10-04 09:29:45,day,economics,34,0xac29dd1fdcd974bc1bbd62f5859418ea5aab36c7,59.999854310000046,0.0,OnYesYes
2026-10-04 09:29:45,day,economics,35,0xf4c95b636c71243531dfc82a97565a94c106f88c,56.92320000000018,0.0,milkteaboba
2026-10-04 09:29:45,day,economics,36,0xad5353afe30c2da57709e2704ef3ccdcf67eef24,56.406960891999574,4598.984265999999,AJSV
2026-10-04 09:29:45,day,economics,37,0xc785252b25901a591e9d962e09f4342468444ef2,54.37944210999967,0.0,dips.
2026-10-04 09:29:45,day,economics,38,0xa0d3909f97ef568bd7089c16c1f5ac6617145b5e,51.84459999999672,0.0,kirby26
2026-10-04 09:29:45,day,economics,39,0x81140e0c32e61797be7a94a61ec5fb2848c659a8,50.0,0.0,fanaticoin
2026-10-04 09:29:45,day,economics,40,0x03805a13a0b3e058f55f6c6af95389d4f431073d,49.16385460099985,0.0,donthackme
2026-10-04 09:29:45,day,economics,41,0xbf961d0c79db0bf55050cadc0995835f09c09942,48.63874571999986,0.0,browne
2026-10-04 09:29:45,day,economics,42,0x3a8aa345d5db7ec5138298c8c4f4540259be7699,46.40319366939366,0.0,TheReturnOfDarthMaul
2026-10-04 09:29:45,day,economics,43,0x58b3380f71bd6c706dd398a5e60bde55fa3a653c,46.25986960000023,51191.974096,timetowander
2026-10-04 09:29:45,day,economics,44,0x2e3ea056400d81c42e2ce26ef25fda4ec5caabea,44.5237443410042,0.0,HDGB
2026-10-04 09:29:45,day,economics,45,0x25db6ca5935ae858a5c1f2dcd5c62939805328de,43.379881330000444,8675.976294,0x25db6cA5935ae858A5c1F2dCD5c62939805328dE-1770665598557
2026-10-04 09:29:45,day,economics,46,0x4388640a35b4ecebc33f8c73b58a2b988c615050,42.17042000000089,53.0,Started-with-20-USD
2026-10-04 09:29:45,day,economics,47,0xa15655c43a7e4b50190d1f14198e80da86a1cf02,41.22374999999981,223.32999999999998,Crabsoup92
2026-10-04 09:29:45,day,economics,48,0x1ad9a2f348eaa6b6326af9c1fea382dd455e7bf6,38.506744320000166,0.0,convictiontrap
2026-10-04 09:29:45,day,economics,49,0x80a4552cdcde3b861b8adc146ab1fbd4711022cc,38.398160969499955,287.18,puravida
2026-10-04 09:29:45,day,economics,50,0xc032bc3715440be1b6daa48b42a49b325c3afa0f,37.62000000000012,0.0,bigorders
2026-10-04 09:29:45,day,economics,51,0x3706eee3e108d9e26c972fbd24c4747ec7ca9462,36.599999999999994,0.0,PonyY
2026-10-04 09:29:45,day,economics,52,0x122cb94c437ea5e6f088c6c0c143c592ab8efbed,36.535885000000235,0.0,Cb94C437EA5e6f088c6c0C143c592ab8EFBed
2026-10-04 09:29:45,day,economics,53,0x76dbc01caffa54d0010368ff8d3226d8017f6987,36.218894999999975,0.0,gambler925
2026-10-04 09:29:45,day,economics,54,0xf3fa24ccca4b2eb320eed99828cdec812eb87be3,35.854498850000084,601.0,SuperTests
2026-10-04 09:29:45,day,economics,55,0xae89da6594bb0d421c8d807d74e213f8729e90b8,35.55501034600002,0.0,Ume-Chang
2026-10-04 09:29:45,day,economics,56,0xdf903ee52261f475ee5a02f9189acdb7cdba41f0,30.998597555500282,0.0,ToTheWindow
2026-10-04 09:29:45,day,economics,57,0xe8411a41f6d2f0c612c1cd0075ba7a5cd11d1b59,30.64257782499999,0.0,nicdan
2026-10-04 09:29:45,day,economics,58,0x0bb8a71b7ed93265c8045640fb3aa1eb93ad253e,30.45649862500018,60912.99724999999,anykey
2026-10-04 09:29:45,day,economics,59,0x40cfb29411d29f4fa0908f2a121297042cccd21d,30.0,0.0,whig
2026-10-04 09:29:45,day,economics,60,0x0826042fb1f3f5ff4325ed7237ebc87468070b32,29.999986965000062,1000.0,deltasniper
2026-10-04 09:29:45,day,economics,61,0x94d929ea781ba4fd45711c81f7581b574919bc47,29.187000000000005,0.0,0x94d929eA781Ba4FD45711C81F7581B574919Bc47-1771307973415
2026-10-04 09:29:45,day,economics,62,0x5d2f49295387e01a49f0a3e59449ceed791c4adb,28.90962128000001,0.0,MikeMoore
2026-10-04 09:29:45,day,economics,63,0xa19f594fc8bdc8ca51dfc51cdd4b3b177e90ef67,28.270969421000018,0.0,0xa19F594Fc8bdC8ca51DfC51cDD4B3B177E90EF67-1770810412713
2026-10-04 09:29:45,day,economics,64,0xe99ff60bf27a6f8c6441374446032d58f97a7ce9,27.427716663000012,0.0,JotaFoward
2026-10-04 09:29:45,day,economics,65,0xd03bc280ca482ee48826b72aa435a331a04e042b,26.94199809900033,0.0,3iron
2026-10-04 09:29:45,day,economics,66,0xd218e474776403a330142299f7796e8ba32eb5c9,26.525201228003368,4.2,cigarettes
2026-10-04 09:29:45,day,economics,67,0xa0f21e6d351baa9185716b5c00c2925ed9621848,26.08019092000177,0.0,0xa0f21e6d351baa9185716b5c00c2925ed9621848
2026-10-04 09:29:45,day,economics,68,0x90bf2dbb1ab3b3c1bdd76d73848afcb19b5799eb,25.308499999999185,0.0,0x90Bf2dbB1ab3b3C1bDd76D73848AFCb19b5799EB-1757018988089
2026-10-04 09:29:45,day,economics,69,0x264d771891838edb443cb2d39fc4aa1bb58a6f2b,24.51187274050062,0.0,dnaghsa
2026-10-04 09:29:45,day,economics,70,0x0a6d26d31b28fd5a84c301f8b27296612f3b1d0a,24.093535943998976,14.994786999999999,Bikesarethebest
2026-10-04 09:29:45,day,economics,71,0xfbfd14dd4bb607373119de95f1d4b21c3b6c0029,23.16500861499452,246.83000199999998,XAE12Archangel
2026-10-04 09:29:45,day,economics,72,0x9e3ed7b661a903fc97afcf49e0f014ebe869f882,22.93440692949944,113.084737,0x9e3ed7b661a903fc97afcf49e0f014ebe869f882-1783406009396
2026-10-04 09:29:45,day,economics,73,0x7afb239dabdd549d09ccd3e6cc910958894b61ea,22.5494,0.0,buyaoshangtou1
2026-10-04 09:29:45,day,economics,74,0x9e88f359b9803e41420fbb13385c5ae1765c301c,22.188143304999812,0.0,YoungAlphaGoat
2026-10-04 09:29:45,day,economics,75,0xf26c5c8e24a02858339d9d817458b08861fbebe5,22.10165793500005,0.0,Sunbreon
2026-10-04 09:29:45,day,economics,76,0x0c03c9dc19cb175810b0e0fd7aabb62154d2a169,22.0,0.0,iknowdaveyang1
2026-10-04 09:29:45,day,economics,77,0x90323218cd86b964feb4ee2317422a2a5286b5c3,21.147789830000022,0.0,Isengard1
2026-10-04 09:29:45,day,economics,78,0x4d774ef602fd62869a20ae91ed6bf93f7fd6af31,20.38499999999999,0.0,OilWizard
2026-10-04 09:29:45,day,economics,79,0x7b5c4065289ea68776abc3c75a30a52953e825c3,20.085603325999998,0.0,GioYoGentle
2026-10-04 09:29:45,day,economics,80,0xdb405a9ad581a23c68a32b5d5869d4ad5ae73612,20.00005979299999,0.0,DooBieZ
2026-10-04 09:29:45,day,economics,81,0xd52b8dcb4b812c4056faf41164a6f6c73f4c5c72,20.0,0.0,TBill1
2026-10-04 09:29:45,day,economics,82,0xa02a7006aeeca7887b1a8bf0afb9926a579c86c6,19.599665950000144,0.0,orangeor
2026-10-04 09:29:45,day,economics,83,0x30f67d821c57a54e25e5e521dbd3b5b18309004f,19.385099999999845,265.0,shiifoo
2026-10-04 09:29:45,day,economics,84,0x5814a35f2400a2b53eab8f43a8d8ca0165c1cb14,18.80196578999994,0.0,vlospa
2026-10-04 09:29:45,day,economics,85,0xac4a1fabdac2438d6afa2a9e8e83845310a0bf1e,18.66533902549973,34.96,HerrieDavis
2026-10-04 09:29:45,day,economics,86,0x4fe26282f10c7903a1af09fa376af8d885ba87c5,18.479999999999563,0.0,lihpare
2026-10-04 09:29:45,day,economics,87,0xfe1ad779b3ee5e0c3b67d5a6c5882d2f5efe6bcc,18.309849198500388,0.0,bufogodis
2026-10-04 09:29:45,day,economics,88,0x20dced8379f748eea1db9c490afc448be237201d,18.269900000000007,0.0,Quantum777
2026-10-04 09:29:45,day,economics,89,0x4d5e3ebf03769a2361ea2c97d67c54c11004a877,18.129473595000135,79.8,tradingwhat
2026-10-04 09:29:45,day,economics,90,0x0a7aaf83341b52df34e8ffef52aa295538d6df1b,17.633547718999978,0.0,Perypery
2026-10-04 09:29:45,day,economics,91,0x0d2d845a6ff64e31e04a70afce8a573940767ff5,17.61075594899998,272.501053,38791873984189
2026-10-04 09:29:45,day,economics,92,0xc808e7855e3ff6baebcfe9aec6965d86eafefffe,17.188439955000007,240.34,spxtest
2026-10-04 09:29:45,day,economics,93,0xd426adbc3c4461c86099c26221c877f20e42334a,15.806547250000445,53.47,881112
2026-10-04 09:29:45,day,economics,94,0x8bfcc166420b94d0d597f113fa2c0bb72b94659a,15.751233950000028,0.0,z13cc
2026-10-04 09:29:45,day,economics,95,0x85a85805bcbdf2e629788adac1420b6b53949281,15.404999999999745,0.0,LJa7io23MCv954j
2026-10-04 09:29:45,day,economics,96,0x49fb70dda0fd29819e19a1242fa61b351e5f3914,14.990000000000236,0.0,0x49fb70dda0fd29819e19a1242fa61b351e5f3914
2026-10-04 09:29:45,day,economics,97,0xbf8ca056b52d9263f22e82e4dc25797c2f1918fd,14.807999999999993,0.0,na6141mi3231bi321321a3213
2026-10-04 09:29:45,day,economics,98,0x768fec713e26800eef968ea838a2e28267b2c7bd,14.419763230000001,0.0,dfupagain
2026-10-04 09:29:45,day,economics,99,0x02a93fb2dd397138396703727fb55607a1dbc4c8,14.407073427,0.0,0x02a93fb2dD397138396703727fB55607A1dBC4C8-1770245566592
2026-10-04 09:29:45,day,economics,100,0x5d748cf9e4f90dcbf26c25c7ed1a9c741e41ee45,14.083020000000033,0.0,OkaneKasegu
2026-10-04 09:29:45,day,tech,1,0x2110ba2a1e18840109482ff4ddc547baeff45850,2136.509807114002,0.0,George.Smiley
2026-10-04 09:29:45,day,tech,2,0x96489abcb9f583d6835c8ef95ffc923d05a86825,1215.4068418374914,7573.029859,anoin123
2026-10-04 09:29:45,day,tech,3,0x819dfea4ffa9c4d3ef27f00e2dbac7e9e93507f1,1120.6685499999985,0.0,JokerTheClown
2026-10-04 09:29:45,day,tech,4,0xb10047d6a254b2ebb306d7a7d13bf59171ab6461,906.7496982500052,37249.578824000004,Parz1vaI
2026-10-04 09:29:45,day,tech,5,0x5eb0cd907aa0b7b4df11552e817570e265ea5012,679.3513882865,0.0,arbandy
2026-10-04 09:29:45,day,tech,6,0x876bb030ddd424ef505ae02914024cf18c6a1703,622.7802988554995,16986.182354,rewardbots
2026-10-04 09:29:45,day,tech,7,0x524db836890e08aceb3abcdee98d44240e324495,469.56606310999996,0.0,Mac-Gyver
2026-10-04 09:29:45,day,tech,8,0x8d1b5eac11d1c4ab43ddad3b3f62c8317c976e20,445.25118581400056,0.0,cucumberschicken
2026-10-04 09:29:45,day,tech,9,0x11f8a22001686b0e40687c4c37c91e3428a0ed31,437.26630461000605,0.0,dedidanc
2026-10-04 09:29:45,day,tech,10,0x9aeb534c42b58b21673d5e03e9da14fbd15b2729,421.7750300000025,1187.86,The-Joker
2026-10-04 09:29:45,day,tech,11,0x3c593aeb73ebdadbc9ce76d4264a6a2af4011766,414.5664431300029,0.0,eightpenguins
2026-10-04 09:29:45,day,tech,12,0x4c4ed674fde7dc998036b3ae92445d00fcdb297b,385.20555316350146,0.0,SingletonFamilyFund
2026-10-04 09:29:45,day,tech,13,0xe234959595e01dacd391a9502a6ad0edf4e3304a,378.1397394500009,0.0,0xa7517ed74c6b07843946e0e69cad10a9fa94e05
2026-10-04 09:29:45,day,tech,14,0x2b670a311561dcaf741d8155451774d3fa7fb814,326.06383719949736,0.0,0x2b670A311561DcAF741D8155451774D3Fa7fb814-1778467735876
2026-10-04 09:29:45,day,tech,15,0x160df84695ed42f620a1b2fa4cb69a5f69986f25,317.4066455840014,675.08,Albedo00
2026-10-04 09:29:45,day,tech,16,0xa58d4f278d7953cd38eeb929f7e242bfc7c0b9b8,310.33865151900295,928.556466,AiBird
2026-10-04 09:29:45,day,tech,17,0xbf93328f8b69273453228a82c913207731822fd7,284.258085273,0.0,hell0pia
2026-10-04 09:29:45,day,tech,18,0x1f182ca4c2e03e9c628a26f9f328131323afbf24,273.2678351680006,0.0,PermanentUnderclass
2026-10-04 09:29:45,day,tech,19,0x5a0d0c6eee71b96db16e5e271e0fa724be8dfa97,268.09044005499976,327.015556,ifyouloveme
2026-10-04 09:29:45,day,tech,20,0x0562e01b3c3e65bb93bf0de32f02cec238a79d66,247.67664668700127,0.0,iForgor
2026-10-04 09:29:45,day,tech,21,0xf5b0eab3918069d49b2cd9b6decb36c932819c83,244.965149515,0.0,NorthStar6
2026-10-04 09:29:45,day,tech,22,0xa68b7c78dbedd4185d498685671639db0e7bc4b4,244.25090007499975,480.16999999999996,K7fhp9vXm2Rtw4LbN8cGy3Ds6AoE
2026-10-04 09:29:45,day,tech,23,0xa8c280df8fd9c1f08dd7da4294dd5e6ed985b635,242.3103193345005,0.0,chicanery.
2026-10-04 09:29:45,day,tech,24,0xb1ca909e848cc24ec4e220ce1c453bc290c51705,237.21273766600643,0.0,DataCenterHatter
2026-10-04 09:29:45,day,tech,25,0xffd3e7102ca12796bead452b06117e2100d27c75,234.248283625,136.9863,0xffd3E7102CA12796beAD452B06117e2100D27C75-1761894446910
2026-10-04 09:29:45,day,tech,26,0xb51b3beffd13cde071ed799e70a7b0b598e8b4d9,226.31090271850002,500.0,cambridgeisaac
2026-10-04 09:29:45,day,tech,27,0x5a218c7ad04135830a45c41aaed7294df7809318,221.14192291602274,1394.947599,balthazar
2026-10-04 09:29:45,day,tech,28,0xbd2b2070fc9c7e4fe5f0ed772ff7b7aa69d11a1b,219.62378739450105,0.0,almosthere
2026-10-04 09:29:45,day,tech,29,0x5999ebfa145490e0280dd246856a5b3605f7ae94,200.6125831779991,0.0,kl1v
2026-10-04 09:29:45,day,tech,30,0xc42d02afe568a863c7aa3117b90bbd2d5365ca94,196.9148899999991,0.0,0xC42d02AFE568A863C7aa3117b90bbd2D5365Ca94-1782962565138
2026-10-04 09:29:45,day,tech,31,0x355e5ae20cc1a3a2164f818e4bac8d22dd72a038,175.6361666135041,1750.67,Olcan
2026-10-04 09:29:45,day,tech,32,0x537263fdfc15e4e967e63c0c783f22f549e74b1f,172.0326,0.0,xiaojiren
2026-10-04 09:29:45,day,tech,33,0xc004b035b67be284e0d1db56c39e865df6cac095,166.74993440799966,501.81,lamyk
2026-10-04 09:29:45,day,tech,34,0x75a27d0cc95b3586297c1e6b5417269332cd6992,162.80407145000027,0.0,BrownBees
2026-10-04 09:29:45,day,tech,35,0x53c4eb97b8ad17727a4657c8252c73eb4d879522,157.30734832000053,0.0,grandvalira
2026-10-04 09:29:45,day,tech,36,0xabbeb2bdd30ba5c51cb14168b068103961648f37,156.60119784999995,0.0,mamai
2026-10-04 09:29:45,day,tech,37,0xa67685fa5213fd8167977bfb7b3f50c06d511c22,144.99977144999957,0.0,0x8712
2026-10-04 09:29:45,day,tech,38,0x2a019dc0089ea8c6edbbafc8a7cc9ba77b4b6397,136.45976125199948,21.0,aviato
2026-10-04 09:29:45,day,tech,39,0xb89f5425341719d298dc2f5b9a92374f5fde1c44,134.56716430150118,0.0,iutwpfal
2026-10-04 09:29:45,day,tech,40,0x03c8118da338a9dafb2bae9a4e89055203a30e01,134.14895152000008,0.0,outcomes
2026-10-04 09:29:45,day,tech,41,0x0ff56e14d90c210cee49c16a661689b11ee9a7e5,132.29300509000007,0.0,78yt8
2026-10-04 09:29:45,day,tech,42,0x633cf8ec4a531b501422fe1bccc8b23007b6781f,130.91532499999994,0.0,Loathsome-Investigation
2026-10-04 09:29:45,day,tech,43,0x1ee9a5fc09665909c0cce297c581703bfbb9197f,128.96996498200053,2190.840785,vinii
2026-10-04 09:29:45,day,tech,44,0xb94c9e108b961b632fa617fca3731801b4834c0c,127.94388753300018,0.0,dublyash2
2026-10-04 09:29:45,day,tech,45,0xa7d2ec6680f4e5f6ab0da244d8006eec3e20f954,126.19255193450044,0.0,KiruaTrading
2026-10-04 09:29:45,day,tech,46,0x01019e228bff8e0b7cc6155c0b54eebe18816846,125.99895355000017,19.890790000000003,PollyEmperor
2026-10-04 09:29:45,day,tech,47,0x460a20d648c4601abfcd0c71ec37eb6dfd26d738,122.97968335000013,13.63,whispercatalyst
2026-10-04 09:29:45,day,tech,48,0x7c3db723f1d4d8cb9c550095203b686cb11e5c6b,118.36991521000073,12.5,Car
2026-10-04 09:29:45,day,tech,49,0x71abe97b83eaba3f06cb04fd4d9a03ee37d2f015,115.10504966999997,0.0,groth
2026-10-04 09:29:45,day,tech,50,0x75bb84e896eeb03911f3bcdd64cec1caaa180ac5,114.00837500000034,0.0,ryzt
2026-10-04 09:29:45,day,tech,51,0xcc792a28d90f3c5d8fe91e48a184913a65031c2a,113.58005619350384,3.258884,enrico-vasaio
2026-10-04 09:29:45,day,tech,52,0x6d9fc316c3b8377060a44b852ba664adbfd59790,111.90620943199974,0.0,MEPP
2026-10-04 09:29:45,day,tech,53,0xb8ad2849635c9ce413f1fdd2e7b364bbfafeff58,110.34939324399966,0.0,Rr55
2026-10-04 09:29:45,day,tech,54,0x407dd149f1e92c91d0053e0240e03318a1e01bae,109.10999353700001,82.768919,moonlight2020
2026-10-04 09:29:45,day,tech,55,0xfb1b4e2db61efb47bfb1ac92807c76d4f367a11d,109.06736547999708,3099.991112,Rumpelstiltskin
2026-10-04 09:29:45,day,tech,56,0xa52b785a5510117ac3ae03d75d029f89a36c9480,109.06293500000038,0.0,Hashbrown
2026-10-04 09:29:45,day,tech,57,0xc1ab02a366bb858eec3ca683121eb500cf4c68f2,108.35671098000012,0.0,from00
2026-10-04 09:29:45,day,tech,58,0x93521335308a270795daa9f073b5406938b12227,105.84156415649977,0.0,peterfromfamilyguy
2026-10-04 09:29:45,day,tech,59,0x521bf1c6a5435219b599127d85b7afe28758db60,105.58794953799952,0.0,Hannah-Montana
2026-10-04 09:29:45,day,tech,60,0x2bc7e939bf48259488c991b095977d1f3beee411,104.18466526800034,0.0,jtradegbr
2026-10-04 09:29:45,day,tech,61,0x4a2be7a7e6e3b41dc2de00706b4c09660ca9af20,103.79976031600017,0.0,troim
2026-10-04 09:29:45,day,tech,62,0xad529df14c293d77984a0137990a1441b25211ac,102.75638310198445,1100.71,SaturnStormCube
2026-10-04 09:29:45,day,tech,63,0x420e8deb590ad77ff5b2f6776cea2b1fc6dee3c9,101.73880112799992,443.428851,moneymakingmachine
2026-10-04 09:29:45,day,tech,64,0x810f548651551a1e171c8d7279bd29ed68b057aa,101.50477080000007,256.179031,ultra-poverty
2026-10-04 09:29:45,day,tech,65,0xe0969a9ad466da69e034b271ef4e74ebd592be8e,100.36243803400066,100.0,MineYours
2026-10-04 09:29:45,day,tech,66,0x1cfc260bfa2b5ae89377863180ca3b4f5c862111,100.29290349500127,1290.06,lissartter
2026-10-04 09:29:45,day,tech,67,0x3eae57986be5e0ca435102ffe1f14206ffa2e2ed,99.077227650498,201.13703800000002,thoodr
2026-10-04 09:29:45,day,tech,68,0xc6f81bf3fa13529b978ca0b9b1ad7faf265d8efb,98.0483350000004,0.0,0xc6f81bf3fa13529b978ca0b9b1ad7faf265d8efb
2026-10-04 09:29:45,day,tech,69,0x00cb3eedc099e8c59b957beceb55205669e7e987,97.88175500000034,2627.9500000000003,qfwdsd1
2026-10-04 09:29:45,day,tech,70,0x88419a2d3cf90ccfbbfffac0aa48abdffba8c2d3,92.51915000000008,0.0,pragmat1sm
2026-10-04 09:29:45,day,tech,71,0xe562cfbf7b3292e0deb29a5b8fd3c38af4794fa9,90.11384230399948,5.26,Hyp3rion
2026-10-04 09:29:45,day,tech,72,0xe1b361d6a6f237b9ed7534d19b232df8369e1426,89.82313385099951,0.0,tja
2026-10-04 09:29:45,day,tech,73,0xd8d5289c35124b5353f5a10a28b8cc29aec38935,87.62271931599919,655.446092,D8D5289c35124b5353f5A10A28B8cC29aEC38935
2026-10-04 09:29:45,day,tech,74,0xad5353afe30c2da57709e2704ef3ccdcf67eef24,86.4629035654911,10141.027001000002,AJSV
2026-10-04 09:29:45,day,tech,75,0xd218e474776403a330142299f7796e8ba32eb5c9,84.30029130848601,836.6176929999999,cigarettes
2026-10-04 09:29:45,day,tech,76,0x63390cc3b0c70dc849d19323aa35a0046a04ad29,84.26788863799996,9.071805,JungPung
2026-10-04 09:29:45,day,tech,77,0x9e3ed7b661a903fc97afcf49e0f014ebe869f882,83.21886691400005,2473.5293439999996,0x9e3ed7b661a903fc97afcf49e0f014ebe869f882-1783406009396
2026-10-04 09:29:45,day,tech,78,0xb63552c9fe920dd1291c9082735f1958c9282151,82.4304,0.0,kamikazeman
2026-10-04 09:29:45,day,tech,79,0xa2770432a5e6bd24c347c976b0d815db1f2c1182,81.03913337700033,0.0,0xA2770432A5E6Bd24c347c976b0D815db1f2C1182-1760945846787
2026-10-04 09:29:45,day,tech,80,0xd0bf186c69a936395c84d6b45bbd39eadfcf9f9f,80.74837217549995,6157.992899999999,jozeslemsek
2026-10-04 09:29:45,day,tech,81,0x5ecde7348ea5100af4360dd7a6e0a3fb1d420787,80.24781869550925,12.91,0xdc3E831cad
2026-10-04 09:29:45,day,tech,82,0xf18097bd7ce33d07d3c18bf5a1e91e7f16e7f908,78.44064500000013,2461.56,shangqian
2026-10-04 09:29:45,day,tech,83,0x66e7ce01c6831b8a2503d09edd6167152ee68bcd,77.37543155850068,1470.3704730000002,0x66E7ce01C6831B8A2503D09eDD6167152Ee68BcD-1771870353938
2026-10-04 09:29:45,day,tech,84,0x2b9dbf4b6e0e11309a9d6d2a09b72f65f652adc0,73.2722067020004,0.0,seal7
2026-10-04 09:29:45,day,tech,85,0xccf38a9b206907a00dbfddebeab19aab1e048f27,70.94203517850019,0.0,okc35
2026-10-04 09:29:45,day,tech,86,0xcecaeade076dafc88fdb955864da9d9c15693f67,68.78332507000005,0.0,Everestpredictions
2026-10-04 09:29:45,day,tech,87,0x7e35a2a8cfd1eb1e69dacd043206db5a787f1a6c,68.55544970000028,0.0,buoys
2026-10-04 09:29:45,day,tech,88,0x0f2bcf469f85fe746058f3a0767d24124d0d665a,67.0,0.0,Sylvester.the.Cat
2026-10-04 09:29:45,day,tech,89,0xb401123e33dbbe1d575c4ee4f30c714a2819df2a,66.24735947099985,92.17,rando12345
2026-10-04 09:29:45,day,tech,90,0x92e53057ef2872722a53fe807245bd387e1defee,64.44031180000017,221.99588,GrokEnjoyer
2026-10-04 09:29:45,day,tech,91,0xa043c1be807b50640a25fdef01ca788abb3a3e9e,63.770135422000294,0.0,mangaloes
2026-10-04 09:29:45,day,tech,92,0xa0054c9c2c649920798983dc3e6cee9fbe6b56d8,63.58308381499995,0.0,0x650cb5961BBC5E4CEF4D2166F2976c413810ede0-1763437027584
2026-10-04 09:29:45,day,tech,93,0xa27f7a481d471baf22ddbd4edacaeecf40ef0ce8,63.54147022699999,0.0,bleed1
2026-10-04 09:29:45,day,tech,94,0x7842b9934ea3ed4c829b6d4287f0d0da91c34d91,62.72928326299941,14.46,Vodka-
2026-10-04 09:29:45,day,tech,95,0xed465d8ee6f4a8f3732b4bbce5d8cd54b13acc5a,61.0166116355,0.0,87q35hg42875gh42901758
2026-10-04 09:29:45,day,tech,96,0x8de0771af4eb2785fe64eab139399abd30bd7f22,60.80865999999969,0.0,101456
2026-10-04 09:29:45,day,tech,97,0xe317330816ec7a06c903b4c6db6251de1e03c580,58.7839816799999,0.0,Sustainable-Precision
2026-10-04 09:29:45,day,tech,98,0x124a73f09f38910fe1f7638f22a0f223c3723741,57.97791377049835,20.0,cat6767
2026-10-04 09:29:45,day,tech,99,0x310ae7581b7fee8269f657a7a7ac0bec421591f3,56.23499740599999,0.0,0x310ae7581b7fee8269f657a7a7ac0bec421591f3
2026-10-04 09:29:45,day,tech,100,0x8a524bca5c742485c1ee2056735d1825e45bd74c,56.129184374999966,0.0,Ayanokoji67
