timestamp,timeframe,category,rank,address,pnl,volume,userName
2026-07-11 05:43:42,day,overall,1,0x5e9458202b5817a72cf81105ec8a30e6f3705ba1,269091.1211392069,61183.891014,pleaseplease123
2026-07-11 05:43:42,day,overall,2,0xfe787d2da716d60e8acff57fb87eb13cd4d10319,159244.77415200658,1665383.1485180003,ferrariChampions2026
2026-07-11 05:43:42,day,overall,3,0xee00ba338c59557141789b127927a55f5cc5cea1,152860.86482531158,0.0,S-Works
2026-07-11 05:43:42,day,overall,4,0x4f29e103339919c4baaea2a60195cf1c8bb27a7e,115577.27873778666,675188.314409,0x4f2
2026-07-11 05:43:42,day,overall,5,0x84cfffc3f16dcc353094de30d4a45226eccd2f63,107775.7493368068,2035145.6947540003,mooseborzoi
2026-07-11 05:43:42,day,overall,6,0xa71093cafc0c099b4ccab24c3cb8018d817923c4,80969.44485795964,163198.452403,Talvez10
2026-07-11 05:43:42,day,overall,7,0x408fe71e6b5401ecd6733970cb6f1a25e984b2f4,65848.66952027348,0.0,Winnerdinnerchickenjr
2026-07-11 05:43:42,day,overall,8,0x69c5c6f6a4dda665991c203bc8d5df3e006b1e01,63141.05941906809,0.0,Themsnw
2026-07-11 05:43:42,day,overall,9,0x2dc13c6bda81b202281e796953a7323de675b33c,59212.15099946997,54054.049999999996,xifutloong3
2026-07-11 05:43:42,day,overall,10,0xf43842aca68209bd8bd3b4cfae00a32053769559,53445.16287869931,65569.50923200001,PendulumExchange
2026-07-11 05:43:42,day,overall,11,0xff72a6a01da59f9a8656e0ad39cdb048d0a4cdaa,52715.21585847497,7161.092758000001,SheepToken
2026-07-11 05:43:42,day,overall,12,0x5268527977f700f9bf9b6d5cd843859e4e70135d,37531.906972577795,725254.8657890001,HomeRunHazard
2026-07-11 05:43:42,day,overall,13,0x7d6d24d5d9393cc2dd566a95a1cccbe0aa882654,36219.46608441975,0.0,0xe11Ff8cd2718F51a4d9403D166c20eaAAbE253F4-1777047101622
2026-07-11 05:43:42,day,overall,14,0x224a89dbe0db0d6124b335edabd15b3f877da3d5,29388.082953138277,283600.877111,wr0ngw4yb3tt0r
2026-07-11 05:43:42,day,overall,15,0xde496f99cfcc61405dbe593f47d74bc5e85afe85,27785.999163351415,63070.222558,biguser67
2026-07-11 05:43:42,day,overall,16,0x02b4401ae7ead14477e944f79e9db07ce9ab7092,26621.331836660007,19519.289999999997,alohaa
2026-07-11 05:43:42,day,overall,17,0x547f2917d51f2e63ab382dcf641d4e0240162937,25958.270308000036,84128.10833,0x547f2917D51F2e63ab382DCF641d4E0240162937-1782667852436
2026-07-11 05:43:42,day,overall,18,0x9703676286b93c2eca71ca96e8757104519a69c2,24654.622008228525,102932.007405,AnonymousUsername
2026-07-11 05:43:42,day,overall,19,0xa01c0a5e4f8c1114e95c68ee97694bc95e51766c,23800.520463327935,324300.14916599996,0xa01c0A5E4F8c1114e95c68eE97694BC95E51766C-1782858480408
2026-07-11 05:43:42,day,overall,20,0xe9076a87c5ed90ef16e6fe6529c943baeca0cff6,23094.54382202795,1146632.8009150003,suntori
2026-07-11 05:43:42,day,overall,21,0xa7a4d7ab9515cc80d5401cf69ea71590deb4e371,21277.742850000002,0.0,kokotus
2026-07-11 05:43:42,day,overall,22,0x5dab5ed9691fab220535891d9c7f5c28eed322e1,20756.719169268792,0.0,Supremeleader75
2026-07-11 05:43:42,day,overall,23,0x16bb9951a36fce71e2ef57890b786145e0ba8492,20132.0370500001,19241.73,SDTrading
2026-07-11 05:43:42,day,overall,24,0xdbf16bcffa41bd95faec2640daa2c95ab2bd86b5,20101.422155954602,0.0,UnderperformingForALiving
2026-07-11 05:43:42,day,overall,25,0xb272505077cc2c6bde5acca133ea6364152e5030,19532.37291937274,30000.0,FifaFred
2026-07-11 05:43:42,day,overall,26,0x56acab44cfca2e88bb9b3406890aea7bfa0cd77e,19528.610309882817,183.0,dv-pm
2026-07-11 05:43:42,day,overall,27,0x67ac9e1ad7d7e74ef0215d14fc8edb538e4fedf1,17667.48163432977,37436.547364,fkcvffcjt
2026-07-11 05:43:42,day,overall,28,0xc660ae71765d0d9eaf5fa8328c1c959841d2bd28,15961.87208264097,0.0,BoggsFromShawshank
2026-07-11 05:43:42,day,overall,29,0x684baa57c338c2549aec0aa3f034f695d72a8409,15773.811584755,60020.408162,monkeymashingkeyboard
2026-07-11 05:43:42,day,overall,30,0x5e6e2c3f06686f2607b86c90e35f536e81a1be00,15516.293869700618,29999.979084,fmychudlife
2026-07-11 05:43:42,day,overall,31,0xc29198ad764bd6adaf7bb971a3757a689ece5d74,14664.322434288159,42482.922529,SnakeBall
2026-07-11 05:43:42,day,overall,32,0xa38a455bbdd4b68486548b7e19da99903f4f821d,14424.042161190111,39329.072511000006,takeormake
2026-07-11 05:43:42,day,overall,33,0xba389f76b0119aed07c53c9029852664bd97e406,13414.35607737489,0.0,joblessfinalboss
2026-07-11 05:43:42,day,overall,34,0x30c16e063c3be66d93acf14c06e2741e348f9f91,12458.524709073,14705.88,Ditto321
2026-07-11 05:43:42,day,overall,35,0x6d3c5bd13984b2de47c3a88ddc455309aab3d294,11985.860452156307,177956.40867799998,VeryLucky888
2026-07-11 05:43:42,day,overall,36,0x30c7ac0158499ddc6761047f7f69bcf7d036ac3b,11795.665535375017,23667.758566,skyman44
2026-07-11 05:43:42,day,overall,37,0xfea31bc088000ff909be1dfd8d0e3f2c7ef2d227,11135.56446738592,9.518069,ndb1
2026-07-11 05:43:42,day,overall,38,0xaa7789219c17e180dcb5933099c90d885f1d15a5,11130.172653054426,157910.542553,alaskabaked
2026-07-11 05:43:42,day,overall,39,0x9b12e00626d7dd10fdae0121a0d944f3e76e5ee4,10501.148767345017,437.46265500000004,boomingtest
2026-07-11 05:43:42,day,overall,40,0x5f659bccbc353dbf7bcdffdee73bee60bb482036,9906.59900261974,21820.7,0x5F659BcCBC353dBf7BcdffDEE73beE60bB482036-1780496231400
2026-07-11 05:43:42,day,overall,41,0x74f1b8944c7b10f7239e3dda0de6b8ee42e816a8,9897.887969867228,34515.876848,probability
2026-07-11 05:43:42,day,overall,42,0xb5277836b1b1172bfbe842fe655652883e87c106,9565.437124,17201.842782,sdfgsfsdfg
2026-07-11 05:43:42,day,overall,43,0x88c4919de76e526d55a32c1f8afb439dd1f1129a,9361.331498329258,0.0,QuietRiskisWrong
2026-07-11 05:43:42,day,overall,44,0x32b484581fc5606de9c1e43af4636b6be9bc8b21,8980.774138833178,44396.94203199999,0x32b484581fc5606dE9C1e43AF4636b6Be9BC8B21-1774274303653
2026-07-11 05:43:42,day,overall,45,0x03805a13a0b3e058f55f6c6af95389d4f431073d,8803.692517132295,13204.071767000001,donthackme
2026-07-11 05:43:42,day,overall,46,0x2a8279573628e5b7a79c895d502e643ce7794a0e,8689.508907117783,0.0,impliedbelief
2026-07-11 05:43:42,day,overall,47,0xe3eeb127d5763a6e4ad597f773f9d259c94d5176,8641.671482990598,155204.520417,0xe3EeB127d5763a6E4aD597f773F9d259C94d5176-1780742904507
2026-07-11 05:43:42,day,overall,48,0x1a2f67124f12eaa88be0f6683a95abede555647a,8344.995609217323,95351.533903,uptime0724
2026-07-11 05:43:42,day,overall,49,0x032eb1bc893940263ad0b01889f262fc232f2a9e,8180.7846913649455,47646.09999999999,purplegatto
2026-07-11 05:43:42,day,overall,50,0xd6966eb1ae7b52320ba7ab1016680198c9e08a49,8036.648751220433,6926.299999999999,EIf
2026-07-11 05:43:42,day,overall,51,0xf27d40745542dc871e127acff3a1c9d3910d9a88,7984.740581168215,58162.95967,0xF27d40745542Dc871e127acFf3A1c9D3910d9a88-1775505016568
2026-07-11 05:43:42,day,overall,52,0xa0f21e6d351baa9185716b5c00c2925ed9621848,7968.639127936593,203516.573238,
2026-07-11 05:43:42,day,overall,53,0x86e99faea12fccd8925de5d9f052471baf7a4cdf,7558.271055134963,596.0,junifund1
2026-07-11 05:43:42,day,overall,54,0xd1ed12197b7dc22dede923727e9b714024dbd7cb,7415.772256821814,152873.59981400002,curie
2026-07-11 05:43:42,day,overall,55,0x6b44c48cfbc5ef89c3d05d9c70567c36cb2e3992,7401.518049999999,6756.76,mjjbb
2026-07-11 05:43:42,day,overall,56,0x6e021a82c12e01886444ab3e918114faaf11d70a,7160.248571701942,55647.509389,NonTificant
2026-07-11 05:43:42,day,overall,57,0x191f77486cb1c5af42e54734621804936a204a8d,7143.781052741944,53970.249083,LaarsY
2026-07-11 05:43:42,day,overall,58,0x6e82b93eb57b01a63027bd0c6d2f3f04934a752c,6669.755674921973,0.0,DLEK
2026-07-11 05:43:42,day,overall,59,0xb3cfe7615d64db8dfa743a1b1a2b976911460ebd,6436.617231715747,38229.127618,omoi0i0
2026-07-11 05:43:42,day,overall,60,0xf7f0b0b1e9c0fe02ccad926916ee31aef74b912c,6281.773389376343,17734.671557,wapol
2026-07-11 05:43:42,day,overall,61,0x0d2d845a6ff64e31e04a70afce8a573940767ff5,6034.23405230482,139847.62605800002,38791873984189
2026-07-11 05:43:42,day,overall,62,0x5674f6079740c1147c7bc3f67400b28767122ff4,5942.956660771193,5405.41,dontworrybaseball
2026-07-11 05:43:42,day,overall,63,0x7f9e2d1df78614564a70becc7fa14aa9a6623a0e,5857.754741954483,0.0,nojnn
2026-07-11 05:43:42,day,overall,64,0x602785cdf56a03221130d3d42a577ac6cf444320,5650.989905604976,2951.34,lpcapital1
2026-07-11 05:43:42,day,overall,65,0x32ccd9015a900fde62040162a04bedf093c668b3,5636.945401285353,39624.799732,pilotlady
2026-07-11 05:43:42,day,overall,66,0xc46368a3374e87566eff1ffae7e6ec0163509a2f,5623.860713525062,24578.800499000004,NewTeamSosed2
2026-07-11 05:43:42,day,overall,67,0x1ba2b1137313b248b03a9be40093b23d7e96d212,5606.474664301366,6357.327695000001,haslii
2026-07-11 05:43:42,day,overall,68,0xb4d250f58c26840e09723a83ce9c8149aa32ce99,5504.26129752648,88320.68922499998,alpheclabs
2026-07-11 05:43:42,day,overall,69,0xbaa2bcb5439e985ce4ccf815b4700027d1b92c73,5434.0336036711815,7.74,denizz
2026-07-11 05:43:42,day,overall,70,0x09af203b5af180c61d54eea118a4548a1f209728,5242.946205830936,0.0,mlbman
2026-07-11 05:43:42,day,overall,71,0xae0f21790d847393dcc4da8b4d15f72ff84cf647,4930.421969932071,58647.594844,ThewhitewhaleV2
2026-07-11 05:43:42,day,overall,72,0x2a69660046d7acc4ab204d7cc5ba78b0776cd2f7,4789.05276476423,18740.194728,UpTheBlues
2026-07-11 05:43:42,day,overall,73,0x87358c1886d22b698bcf5602d77693616a6bdb43,4779.236668888568,26261.448568,Diablosissmurf
2026-07-11 05:43:42,day,overall,74,0x64e93f87d8a0c1b2cde6f20d71f211372a95eb4c,4750.017738379099,10038.180201,oudine2
2026-07-11 05:43:42,day,overall,75,0xf68a281980f8c13828e84e147e3822381d6e5b1b,4647.2112213310465,6083.57,WHYWHYWHYWHYWHYWHY
2026-07-11 05:43:42,day,overall,76,0xa365f5a0789b4f14027e5fae9b0a93f58ed2d26e,4565.266701293134,38879.603755000004,bill0409
2026-07-11 05:43:42,day,overall,77,0x3233818b43fdb708a2232fc4f0cb3e36d6e2a4dd,4488.654280999999,4743.960039,dzejlanbezs
2026-07-11 05:43:42,day,overall,78,0x48611e62b91a2a0cf8de06d2c9374d2920483aae,4440.906750000002,4054.05,MLJBASEBALL
2026-07-11 05:43:42,day,overall,79,0x2974bd0059e48f215c391882976e0f1b4c8c9c23,4394.546660438552,0.0,65765757
2026-07-11 05:43:42,day,overall,80,0xb27bc932bf8110d8f78e55da7d5f0497a18b5b82,4238.648540393915,328826.513449,
2026-07-11 05:43:42,day,overall,81,0xe7a2052a8b7c6b865e3eb3d16300a4db7432ae70,4213.499999999964,0.0,TheOneto3
2026-07-11 05:43:42,day,overall,82,0x5ad49cd574df6888a0fe1d2b522f334988f06866,4160.0,0.0,0x5aD49Cd574dF6888a0fE1d2B522F334988f06866-1766098504363
2026-07-11 05:43:42,day,overall,83,0x1b8ffdb4ff99b4622f099465c486e4f75751cca7,4133.372423813502,16059.084832,0x1B8FfDb4FF99B4622F099465C486E4F75751cca7-1779298477893
2026-07-11 05:43:42,day,overall,84,0x1a6692c85ec7ab4503ae10bd8a30da8e0ca4ae5e,4117.71806113001,0.0,fenglin5945
2026-07-11 05:43:42,day,overall,85,0x39d2e2f4aa4d7f941a0ba8ac3d912e7b279e0b90,4100.140196033498,0.0,bignasty55
2026-07-11 05:43:42,day,overall,86,0xa697d0b3fff7d285a0f92d6ee03a7f97809e59d5,4099.635784758118,48206.972919,0xa697d0b3FFf7D285a0F92d6Ee03a7f97809E59d5-1774326306031
2026-07-11 05:43:42,day,overall,87,0x8d1d5d1c6041b13fc708b5d9f668070e1724ed4a,4013.5758356048464,56746.883081999986,CERTova
2026-07-11 05:43:42,day,overall,88,0x228b8d11eba89bf1c554f8879a9293b7106daf4c,4004.858641388011,27971.32312000001,0x228B8d11EBa89BF1c554f8879a9293B7106DaF4c-1765442354872
2026-07-11 05:43:42,day,overall,89,0x0a77bc0638f13892c8b1d1d2c13ba178540f9d74,3874.414446796669,21334.174781,0x0A77exmm
2026-07-11 05:43:42,day,overall,90,0xbbd339eb192219358de7b92f70f595e41471641b,3868.111387011828,21200.0,FOLLOWSMARTWALLET
2026-07-11 05:43:42,day,overall,91,0x1465b79bff7992bc703e1aafb3683b1089647072,3821.2247547917286,14759.11,JnStTrdrBnusFnd
2026-07-11 05:43:42,day,overall,92,0xe29042f5d913dcc4015aab3455c13c58514ca33f,3807.513326383105,51044.214613000004,stepahead
2026-07-11 05:43:42,day,overall,93,0x9d94f602535e518ee1cb6aade0ca9569f1b1017d,3712.994479466288,102502.378825,eanvanezygv
2026-07-11 05:43:42,day,overall,94,0xa3c2ec158f222f3f4f5f4f57b113d761a4d3df3d,3640.7962660011617,40406.738832,0xA3c2EC158F222F3F4f5F4f57b113d761a4D3df3d-1774679893278
2026-07-11 05:43:42,day,overall,95,0x52d93dcf81444f793dda7fedc370f7a35101fb1a,3638.9743464953317,7835.259887,LuckyLoo
2026-07-11 05:43:42,day,overall,96,0xdf17f4a8dd01a4cfa6fc3da323a2baee5f8697d1,3565.2143102741265,49600.81999999999,bahibahibahi
2026-07-11 05:43:42,day,overall,97,0x24d4d02cb1a86eb2d9f2d125b341754c72244e1d,3563.322868643132,8768.301929,0x24D4d02Cb1A86EB2D9F2d125b341754C72244E1d-1764058837106
2026-07-11 05:43:42,day,overall,98,0x61937c44d18d9814fc399b49bafc078831475b80,3548.701560563257,46809.24515899999,averagejoetraders
2026-07-11 05:43:42,day,overall,99,0xe5047b7b7eb66eafdc80540048c31227f641600e,3504.9685794759944,6616.956141000001,050005000500
2026-07-11 05:43:42,day,overall,100,0x5811c8ad5dc5990528357ecf1a6d03311d6c0976,3477.2116153896704,41035.814048,0x5811c8AD5DC5990528357ecf1A6D03311D6c0976-1782550886071
2026-07-11 05:43:42,day,politics,1,0xff72a6a01da59f9a8656e0ad39cdb048d0a4cdaa,52732.62035364397,5970.17,SheepToken
2026-07-11 05:43:42,day,politics,2,0x88c4919de76e526d55a32c1f8afb439dd1f1129a,9374.599564334261,0.0,QuietRiskisWrong
2026-07-11 05:43:42,day,politics,3,0x7f9e2d1df78614564a70becc7fa14aa9a6623a0e,6006.343088701484,0.0,nojnn
2026-07-11 05:43:42,day,politics,4,0xbaa2bcb5439e985ce4ccf815b4700027d1b92c73,5434.033608591184,7.74,denizz
2026-07-11 05:43:42,day,politics,5,0x2974bd0059e48f215c391882976e0f1b4c8c9c23,4446.908487390552,0.0,65765757
2026-07-11 05:43:42,day,politics,6,0x03805a13a0b3e058f55f6c6af95389d4f431073d,3222.193878201593,4447.313958999999,donthackme
2026-07-11 05:43:42,day,politics,7,0xc03ce4d8af842ca6251ac57228b3ffb166ed50af,2977.59641294062,9087.0,NyetRisk
2026-07-11 05:43:42,day,politics,8,0x942e79166821f3f4e67872e44f1672fcccd2be27,2789.3868822580043,2252.684214,smallreceipt
2026-07-11 05:43:42,day,politics,9,0x511f9c771449162349795d17becf8b37031acbe1,2426.6544788785977,7305.91,Bigggggggg
2026-07-11 05:43:42,day,politics,10,0x7744bfd749a70020d16a1fcbac1d064761c9999e,2361.6090364460833,0.0,chungguskhan
2026-07-11 05:43:42,day,politics,11,0x69e7ad68b5f11e97927e4bd938baf7dfb60bd3b0,2346.371884466447,272.095237,InsiderrrZ
2026-07-11 05:43:42,day,politics,12,0x3d29419e337a0c8ae467c8ce665c8d500d242408,2246.883028751996,0.0,kylox
2026-07-11 05:43:42,day,politics,13,0x162f6fff88a52864f2ecc9833e58089d5254798d,2206.66782117018,0.0,Valen9
2026-07-11 05:43:42,day,politics,14,0x0130afd6f3efddf1c3e16e01217b172dd9befb49,1922.0618979348146,2735.620525,123987456
2026-07-11 05:43:42,day,politics,15,0x8e5c0cc55cda93d6cae14becb3b738a44dcaa68a,1867.6724039554247,0.0,cocos228
2026-07-11 05:43:42,day,politics,16,0x13c8420687c9d2786652321ed60a6d96ace15a24,1778.2234191360003,0.0,sensuy
2026-07-11 05:43:42,day,politics,17,0x2cf5a0f4d9fff99c86da84d31b306886ded0611f,1760.66619464,0.0,ChuckNorrison
2026-07-11 05:43:42,day,politics,18,0x8df73e2962d0184ea1f71621784d46ca6b5936c4,1729.7446016615213,0.0,End123
2026-07-11 05:43:42,day,politics,19,0x4c3121cf592e3d4e7a248b1cd38d357c46cfd8a4,1728.216581063499,0.0,tonybeny7
2026-07-11 05:43:42,day,politics,20,0xb66582886125a2a2ea966f1ea60ea60b6ecabf8f,1697.2000115699775,0.0,Aeglos
2026-07-11 05:43:42,day,politics,21,0x96489abcb9f583d6835c8ef95ffc923d05a86825,1676.1889983359724,5956.350708,anoin123
2026-07-11 05:43:42,day,politics,22,0xf5c49ad254b1d53ea0b86fb285dd3f11dc800926,1633.9764287159924,0.0,0xdamocles
2026-07-11 05:43:42,day,politics,23,0xfd557e6db670c9704bc1d0d8e8b585c7d9c9f905,1551.7171067293275,2351.37,northdrawer
2026-07-11 05:43:42,day,politics,24,0xc8ab97a9089a9ff7e6ef0688e6e591a066946418,1526.339039442828,48106.775672,ArmageddonRewardsBilly
2026-07-11 05:43:42,day,politics,25,0x8633c1c6844c5928b284a71e211584739474a08d,1497.9523545929987,0.0,Pondermint
2026-07-11 05:43:42,day,politics,26,0x3c918a8ef8c379304f744592120cbb4d76149af7,1388.6999877460185,0.0,Vilgefortz
2026-07-11 05:43:42,day,politics,27,0x614dc8d3542c12103d2c6a3553fd761e391d1546,1311.3054412021302,0.0,mr.ozi
2026-07-11 05:43:42,day,politics,28,0xbd30170acc2ec20d5d7ffefa5de13bdaecf97c23,1268.3295667015,0.0,Pozzo
2026-07-11 05:43:42,day,politics,29,0x6fe403e59634efe75f338b7b69585ab54d9d5781,1249.9999970309982,0.0,Chp420
2026-07-11 05:43:42,day,politics,30,0xaab9f5e600a5dd88fe3a6f93313b180f6220a08d,1229.228930638863,1434.903089,DirkDiggler67
2026-07-11 05:43:42,day,politics,31,0xc02147dee42356b7a4edbb1c35ac4ffa95f61fa8,1221.7827680456685,5423.505878,Eatpraylove
2026-07-11 05:43:42,day,politics,32,0x74bf179c9ae963857b37ba7b0c22b7a2e3872a6e,1200.4245468549288,1560.0900000000001,dissidentdad
2026-07-11 05:43:42,day,politics,33,0xde7be6d489bce070a959e0cb813128ae659b5f4b,1197.2485263552517,0.0,wan123
2026-07-11 05:43:42,day,politics,34,0x93abbc022ce98d6f45d4444b594791cc4b7a9723,1159.2272484809941,0.0,gatorr
2026-07-11 05:43:42,day,politics,35,0xcd71fd5370880f3d92bb941e628c05840fe0d127,1147.916566470929,0.0,Kevindoto
2026-07-11 05:43:42,day,politics,36,0xc2a21efafe93d9529fb70aafdffed90850459fd9,1126.6023385600006,0.0,Ciro.No.G.A.Y.ra
2026-07-11 05:43:42,day,politics,37,0x2d99e29c4f066ba32098c65e4c7454b277d94ca3,1099.9999273160065,0.0,scout
2026-07-11 05:43:42,day,politics,38,0x4cbe5306af0473ae7499096fece9e8c7689f100a,1067.5973279710029,0.0,bigbluejay
2026-07-11 05:43:42,day,politics,39,0xc97b0b2a2547bb3ed57167092ef8a6e816c347e5,1061.92503100849,0.0,0xC97b0b2A2547bB3eD57167092EF8a6e816C347E5-1770003388001
2026-07-11 05:43:42,day,politics,40,0x02b8cadb743843a7ae4e336c0a467e73f2793deb,1052.891859724499,0.0,wolvenfoxlikebear
2026-07-11 05:43:42,day,politics,41,0x3c8ac6a99d9c7a41860aec2ae7520c7aaa68b45a,1020.2970931890013,0.0,momom
2026-07-11 05:43:42,day,politics,42,0x38e59b36aae31b164200d0cad7c3fe5e0ee795e7,1007.6559358392842,3741.46831,cowcat
2026-07-11 05:43:42,day,politics,43,0xd0a59249c778bff97cf4929adc3a4facec84e193,987.0691483020005,0.0,renanpresidente2026
2026-07-11 05:43:42,day,politics,44,0x7bc14171ccb0d3e6bac219ec6a76211826e28db4,964.1211607399746,1422.3799999999999,coali10
2026-07-11 05:43:42,day,politics,45,0x7bd9019211677f5db6e221d6a6da030ebcd0bd75,952.6824444992294,657.02,fElon
2026-07-11 05:43:42,day,politics,46,0xdf17f4a8dd01a4cfa6fc3da323a2baee5f8697d1,952.3798042285489,5344.450000000001,bahibahibahi
2026-07-11 05:43:42,day,politics,47,0xed107a85a4585a381e48c7f7ca4144909e7dd2e5,927.183712563361,6217.56,elmcap2
2026-07-11 05:43:42,day,politics,48,0x30fcb065da3beb77c71767971f7550f4b1c5510d,923.9712337910014,0.0,pirulirubeibe
2026-07-11 05:43:42,day,politics,49,0xcf19c420814435ffb1c459588208ed23a7ee6402,905.6294247785263,0.0,PantheraUncia
2026-07-11 05:43:42,day,politics,50,0x5cd5c8d7a17c78d7389d8b87b611aed83322ac33,866.724908538501,0.0,nonkenny90
2026-07-11 05:43:42,day,politics,51,0xd4281e4ed3c38413e4333b960c17bc516e456368,858.9589197925316,6071.58,YuliaKyiv
2026-07-11 05:43:42,day,politics,52,0xfd39b573bc2aa618c9bc226624e985133c1d109d,858.6232226630018,0.0,MTD
2026-07-11 05:43:42,day,politics,53,0x9868786a7c2c6afb4c3a2d9fc3abed15875164b0,855.5476536049996,0.0,0x9868786a7c2c6aFb4c3A2D9fc3abeD15875164B0-1773057782256
2026-07-11 05:43:42,day,politics,54,0x95074f700f93bdf6e62fc965e0832064c0877b04,832.4379319285217,0.0,95074f700f93bdf6e62fc965e0832064c0877b04
2026-07-11 05:43:42,day,politics,55,0xbefa435868cec60f254c8b3db30bb6efced87beb,814.2622401119993,0.0,0xbefA435868CeC60f254C8B3dB30BB6eFced87beb-1778867545978
2026-07-11 05:43:42,day,politics,56,0xb62e7cfd9399d4a85f5e759fd6a68df95504169a,809.696941685,0.0,XMKLIVEX
2026-07-11 05:43:42,day,politics,57,0xa0926fbc4a90e29e479b459ef92a147ebe5b11e3,809.2196081139919,0.0,G.laila
2026-07-11 05:43:42,day,politics,58,0xa4c31771f294ee31146ff9cc5097186bdd25bbb2,787.7607044260367,0.0,winforretire
2026-07-11 05:43:42,day,politics,59,0xb9d89bef8c935082f6a86355bd9667402d92275a,780.6895656599663,0.0,0xB9d89bef8c935082F6a86355bD9667402D92275A-1751857844680
2026-07-11 05:43:42,day,politics,60,0xeb490d0534bb68b4c2ce139b219a728cd2c3693e,762.7056943170028,0.0,78979879879879
2026-07-11 05:43:42,day,politics,61,0xb8e32d575b8d360f90bcc95596e9a0bee444aaf2,751.3564961300003,0.0,Jan777
2026-07-11 05:43:42,day,politics,62,0xf0ed9e68e6cd3ee712260abeaec32de56a7d47d8,746.1748359081103,7648.892399,LinaBell
2026-07-11 05:43:42,day,politics,63,0x8b4bca1d794779e66e023d44391b2a86c5ab541b,740.474122356507,0.0,0x8B4bcA1D794779E66e023D44391B2A86C5ab541B-1769764313952
2026-07-11 05:43:42,day,politics,64,0xb10047d6a254b2ebb306d7a7d13bf59171ab6461,738.9254256805871,2713.22,Parz1vaI
2026-07-11 05:43:42,day,politics,65,0x834965f34911dfda31d5b313b5def15e6348c99d,725.5595032060082,0.0,llh
2026-07-11 05:43:42,day,politics,66,0xbf961d0c79db0bf55050cadc0995835f09c09942,713.5750306739938,101.99,browne
2026-07-11 05:43:42,day,politics,67,0x1d323b5465020801f7dcb28aae695e1726209f50,713.0077685759998,0.0,123mis
2026-07-11 05:43:42,day,politics,68,0x1f4b5bdd7d150c613c6f43b431b46ac0bb951a1e,706.076916768,0.0,Jprs.
2026-07-11 05:43:42,day,politics,69,0x387aa82ede29267dee28ddd02c08128e6bb3ba09,686.0141786080003,0.0,PintadaEnjoyer
2026-07-11 05:43:42,day,politics,70,0xe0dbdb7f005f233f4510e4ef7e53a2f76a8df44e,685.8342727180443,492.1,lug
2026-07-11 05:43:42,day,politics,71,0x44bb9b6af128bdcdac143f9fe845a8a9a105c186,674.7115366465005,0.0,YOU-CAN-RUN-BUT-YOU-CANT-HIDE
2026-07-11 05:43:42,day,politics,72,0x38c74b8f4db0ab54bba5e5db72eafd46d0f46a6e,672.1833767839998,0.0,0x38C74B8f4dB0aB54bBa5E5db72EAfD46d0f46A6e-1779315183213
2026-07-11 05:43:42,day,politics,73,0x67c6e009b48ab2ec1df3ad3310d613203e042ebe,662.7329862400002,0.0,Henriquew
2026-07-11 05:43:42,day,politics,74,0x68540c38878781e28add4857f7574802ddcd67d0,662.6854185867119,226.79999999999998,coldhot
2026-07-11 05:43:42,day,politics,75,0xe8ff0a56d848954b60e8e8ed99637e3c50ddc93b,649.5133100459934,0.0,BlindGibbon
2026-07-11 05:43:42,day,politics,76,0xb25aa4b78134152f8455e89940bd5cf1d2681d33,642.0515424639998,0.0,Joao.Romao
2026-07-11 05:43:42,day,politics,77,0x76cf0286fa25599a491ea4980abee915eece9452,620.239109999995,0.0,fuc.your.mother
2026-07-11 05:43:42,day,politics,78,0x5ecde7348ea5100af4360dd7a6e0a3fb1d420787,619.9567858973896,0.0,0xdc3E831cad
2026-07-11 05:43:42,day,politics,79,0x1dc88cd7597e390af2df97a6d904abdd778d6dc2,610.5410482050002,0.0,0x1DC88cD7597E390AF2Df97A6d904ABdd778d6DC2-1771967391260
2026-07-11 05:43:42,day,politics,80,0x5011224f4848cb2cf2d87cf2b823551dfd0e220e,605.5326162096753,411.372636,GCNO1
2026-07-11 05:43:42,day,politics,81,0x49e94011df9060dcc367995892faeb193e348f85,599.5495868500002,0.0,MoonLambo1205
2026-07-11 05:43:42,day,politics,82,0xe7dd85e5a9059a65d84f354203648df9928a96cb,596.1156216999993,0.0,andeko
2026-07-11 05:43:42,day,politics,83,0xecaa8806a9a05049d7d5260a33dc924220e377a9,592.1806639680581,0.0,Melody626
2026-07-11 05:43:42,day,politics,84,0x79d980791ab82aff891eee32d41b4e1fbb07baec,583.5466051919866,0.0,skibabiba
2026-07-11 05:43:42,day,politics,85,0xd32ce89f16509d3c8f8b5e9750305a5b2bc2a4c2,578.8305164927897,5096.0,
2026-07-11 05:43:42,day,politics,86,0xe77064fcfc9bf8a565b5e0683a33c04281290a66,578.5894283800008,0.0,whyhealwayswinning
2026-07-11 05:43:42,day,politics,87,0xc080f8b3772f938e9aea66c829e94af6b897ef26,577.1497567679999,0.0,Fenecios
2026-07-11 05:43:42,day,politics,88,0x660622caad009a8cc1f38038c0913be658621338,574.9995907809898,0.0,manekineko
2026-07-11 05:43:42,day,politics,89,0xc15b833b6991e5dbcaca029f7d0f951e5db238af,565.8798654280254,0.0,makinta
2026-07-11 05:43:42,day,politics,90,0x6519259c2b215ee3c958e57276ac9d679d3e611b,564.2985712381342,1143.65,0x6519259C2B215EE3c958e57276Ac9D679D3E611B-1774564779376
2026-07-11 05:43:42,day,politics,91,0xa16354193f1f166db6cc24d932d8b091296ade8d,550.5516781019978,0.0,th2
2026-07-11 05:43:42,day,politics,92,0x61044d7c14491fad7e28771a227ec85f1a5f62f1,541.7340538869998,0.0,0x61044d7c14491FaD7E28771A227ec85F1A5f62f1-1760399957066
2026-07-11 05:43:42,day,politics,93,0x43372356634781eea88d61bbdd7824cdce958882,536.9473511678225,0.0,Anjun
2026-07-11 05:43:42,day,politics,94,0x95bf944dd22691364154fb436ee922798566e00b,536.6444124245099,0.0,hideo
2026-07-11 05:43:42,day,politics,95,0x6ae06eccd446342f96109e31eb7451383b511472,534.9992742220056,0.0,TraderSDG
2026-07-11 05:43:42,day,politics,96,0x2b9dbf4b6e0e11309a9d6d2a09b72f65f652adc0,529.459210852001,0.0,seal7
2026-07-11 05:43:42,day,politics,97,0xd51abd921d2ea76b3ad5fe6959e38c0e75cb17c8,526.9583543205081,0.0,Poorcat
2026-07-11 05:43:42,day,politics,98,0xc84b159f596726ce1de80494ec7db925ae183b7d,520.6048733439998,0.0,felina-inevitavel
2026-07-11 05:43:42,day,politics,99,0x3413c803c3a6efc8d963afbce2dcee48d3738ff2,517.9949273199982,0.0,Dota2winner
2026-07-11 05:43:42,day,politics,100,0x6d9fc316c3b8377060a44b852ba664adbfd59790,515.032251997618,15717.193901,MEPP
2026-07-11 05:43:42,day,sports,1,0x5e9458202b5817a72cf81105ec8a30e6f3705ba1,269091.1211392069,61183.891014,pleaseplease123
2026-07-11 05:43:42,day,sports,2,0xfe787d2da716d60e8acff57fb87eb13cd4d10319,161857.41876419843,1651896.5874720002,ferrariChampions2026
2026-07-11 05:43:42,day,sports,3,0xee00ba338c59557141789b127927a55f5cc5cea1,152860.87432261673,0.0,S-Works
2026-07-11 05:43:42,day,sports,4,0x4f29e103339919c4baaea2a60195cf1c8bb27a7e,115577.27873778663,675188.314409,0x4f2
2026-07-11 05:43:42,day,sports,5,0x84cfffc3f16dcc353094de30d4a45226eccd2f63,108226.11945694312,2008228.404754,mooseborzoi
2026-07-11 05:43:42,day,sports,6,0xa71093cafc0c099b4ccab24c3cb8018d817923c4,80969.44485795987,163198.452403,Talvez10
2026-07-11 05:43:42,day,sports,7,0x408fe71e6b5401ecd6733970cb6f1a25e984b2f4,65848.66952027348,0.0,Winnerdinnerchickenjr
2026-07-11 05:43:42,day,sports,8,0x69c5c6f6a4dda665991c203bc8d5df3e006b1e01,64649.99144132409,0.0,Themsnw
2026-07-11 05:43:42,day,sports,9,0x2dc13c6bda81b202281e796953a7323de675b33c,59212.15099946997,54054.049999999996,xifutloong3
2026-07-11 05:43:42,day,sports,10,0xf43842aca68209bd8bd3b4cfae00a32053769559,53445.16287869934,65569.50923200001,PendulumExchange
2026-07-11 05:43:42,day,sports,11,0x5268527977f700f9bf9b6d5cd843859e4e70135d,37531.90697257803,725254.8657890001,HomeRunHazard
2026-07-11 05:43:42,day,sports,12,0x7d6d24d5d9393cc2dd566a95a1cccbe0aa882654,36219.46608441975,0.0,0xe11Ff8cd2718F51a4d9403D166c20eaAAbE253F4-1777047101622
2026-07-11 05:43:42,day,sports,13,0x224a89dbe0db0d6124b335edabd15b3f877da3d5,29388.082953137346,283600.877111,wr0ngw4yb3tt0r
2026-07-11 05:43:42,day,sports,14,0xde496f99cfcc61405dbe593f47d74bc5e85afe85,27785.999163351415,63070.222557999994,biguser67
2026-07-11 05:43:42,day,sports,15,0x9703676286b93c2eca71ca96e8757104519a69c2,26741.43705645384,101212.777405,AnonymousUsername
2026-07-11 05:43:42,day,sports,16,0x547f2917d51f2e63ab382dcf641d4e0240162937,25958.270308000036,84128.10833,0x547f2917D51F2e63ab382DCF641d4E0240162937-1782667852436
2026-07-11 05:43:42,day,sports,17,0xe9076a87c5ed90ef16e6fe6529c943baeca0cff6,24721.25298549584,935842.4675240003,suntori
2026-07-11 05:43:42,day,sports,18,0xa7a4d7ab9515cc80d5401cf69ea71590deb4e371,21277.742850000002,0.0,kokotus
2026-07-11 05:43:42,day,sports,19,0x5dab5ed9691fab220535891d9c7f5c28eed322e1,20756.719169268792,0.0,Supremeleader75
2026-07-11 05:43:42,day,sports,20,0x16bb9951a36fce71e2ef57890b786145e0ba8492,20132.0370500001,19241.73,SDTrading
2026-07-11 05:43:42,day,sports,21,0xb272505077cc2c6bde5acca133ea6364152e5030,19532.37291937274,30000.0,FifaFred
2026-07-11 05:43:42,day,sports,22,0x56acab44cfca2e88bb9b3406890aea7bfa0cd77e,19528.610309882817,183.0,dv-pm
2026-07-11 05:43:42,day,sports,23,0xdbf16bcffa41bd95faec2640daa2c95ab2bd86b5,18831.86224781006,0.0,UnderperformingForALiving
2026-07-11 05:43:42,day,sports,24,0x67ac9e1ad7d7e74ef0215d14fc8edb538e4fedf1,17610.124205403743,27562.534284,fkcvffcjt
2026-07-11 05:43:42,day,sports,25,0xc660ae71765d0d9eaf5fa8328c1c959841d2bd28,15961.87208264097,0.0,BoggsFromShawshank
2026-07-11 05:43:42,day,sports,26,0x684baa57c338c2549aec0aa3f034f695d72a8409,15773.811584755,60020.408162,monkeymashingkeyboard
2026-07-11 05:43:42,day,sports,27,0x5e6e2c3f06686f2607b86c90e35f536e81a1be00,15516.293869700618,29999.979084,fmychudlife
2026-07-11 05:43:42,day,sports,28,0xc29198ad764bd6adaf7bb971a3757a689ece5d74,14664.322434286936,42482.922529,SnakeBall
2026-07-11 05:43:42,day,sports,29,0xa38a455bbdd4b68486548b7e19da99903f4f821d,14424.042161190111,39329.072511000006,takeormake
2026-07-11 05:43:42,day,sports,30,0xba389f76b0119aed07c53c9029852664bd97e406,13412.958673194982,0.0,joblessfinalboss
2026-07-11 05:43:42,day,sports,31,0x30c16e063c3be66d93acf14c06e2741e348f9f91,12458.524709073,14705.88,Ditto321
2026-07-11 05:43:42,day,sports,32,0x6d3c5bd13984b2de47c3a88ddc455309aab3d294,12336.309455943352,172994.39817299997,VeryLucky888
2026-07-11 05:43:42,day,sports,33,0xfea31bc088000ff909be1dfd8d0e3f2c7ef2d227,11454.60558894393,9.518069,ndb1
2026-07-11 05:43:42,day,sports,34,0xaa7789219c17e180dcb5933099c90d885f1d15a5,11130.172653054424,157910.542553,alaskabaked
2026-07-11 05:43:42,day,sports,35,0x9b12e00626d7dd10fdae0121a0d944f3e76e5ee4,10501.148767345017,437.46265500000004,boomingtest
2026-07-11 05:43:42,day,sports,36,0x5f659bccbc353dbf7bcdffdee73bee60bb482036,9906.59900261974,21820.7,0x5F659BcCBC353dBf7BcdffDEE73beE60bB482036-1780496231400
2026-07-11 05:43:42,day,sports,37,0x74f1b8944c7b10f7239e3dda0de6b8ee42e816a8,9631.29324092943,34509.876848,probability
2026-07-11 05:43:42,day,sports,38,0x32b484581fc5606de9c1e43af4636b6be9bc8b21,8980.774138833178,44396.94203199999,0x32b484581fc5606dE9C1e43AF4636b6Be9BC8B21-1774274303653
2026-07-11 05:43:42,day,sports,39,0x2a8279573628e5b7a79c895d502e643ce7794a0e,8690.251576110997,0.0,impliedbelief
2026-07-11 05:43:42,day,sports,40,0x1a2f67124f12eaa88be0f6683a95abede555647a,8344.995609217265,95351.533903,uptime0724
2026-07-11 05:43:42,day,sports,41,0x6e82b93eb57b01a63027bd0c6d2f3f04934a752c,8196.883049129974,0.0,DLEK
2026-07-11 05:43:42,day,sports,42,0x032eb1bc893940263ad0b01889f262fc232f2a9e,8190.871191367274,47646.1,purplegatto
2026-07-11 05:43:42,day,sports,43,0xd6966eb1ae7b52320ba7ab1016680198c9e08a49,8036.648751219385,6926.299999999999,EIf
2026-07-11 05:43:42,day,sports,44,0xa0f21e6d351baa9185716b5c00c2925ed9621848,7799.712698796764,199781.25323799998,
2026-07-11 05:43:42,day,sports,45,0xd1ed12197b7dc22dede923727e9b714024dbd7cb,7415.772256819764,152873.599814,curie
2026-07-11 05:43:42,day,sports,46,0x6b44c48cfbc5ef89c3d05d9c70567c36cb2e3992,7401.518049999999,6756.76,mjjbb
2026-07-11 05:43:42,day,sports,47,0x6e021a82c12e01886444ab3e918114faaf11d70a,7159.948571701942,55647.509389,NonTificant
2026-07-11 05:43:42,day,sports,48,0x191f77486cb1c5af42e54734621804936a204a8d,7143.781052741944,53970.249083,LaarsY
2026-07-11 05:43:42,day,sports,49,0xb3cfe7615d64db8dfa743a1b1a2b976911460ebd,6436.617231715747,38229.127618,omoi0i0
2026-07-11 05:43:42,day,sports,50,0xf7f0b0b1e9c0fe02ccad926916ee31aef74b912c,6293.24292203621,13438.524684,wapol
2026-07-11 05:43:42,day,sports,51,0x5674f6079740c1147c7bc3f67400b28767122ff4,5942.956660771193,5405.41,dontworrybaseball
2026-07-11 05:43:42,day,sports,52,0xb4d250f58c26840e09723a83ce9c8149aa32ce99,5862.902246454847,80500.352963,alpheclabs
2026-07-11 05:43:42,day,sports,53,0x602785cdf56a03221130d3d42a577ac6cf444320,5650.989905604976,2951.34,lpcapital1
2026-07-11 05:43:42,day,sports,54,0x32ccd9015a900fde62040162a04bedf093c668b3,5636.945401285309,39624.799732,pilotlady
2026-07-11 05:43:42,day,sports,55,0x1ba2b1137313b248b03a9be40093b23d7e96d212,5606.474664301366,6357.327695000001,haslii
2026-07-11 05:43:42,day,sports,56,0xc46368a3374e87566eff1ffae7e6ec0163509a2f,5523.861263685059,4578.910531,NewTeamSosed2
2026-07-11 05:43:42,day,sports,57,0x0d2d845a6ff64e31e04a70afce8a573940767ff5,5459.213966240088,137547.266884,38791873984189
2026-07-11 05:43:42,day,sports,58,0x09af203b5af180c61d54eea118a4548a1f209728,5242.946205830936,0.0,mlbman
2026-07-11 05:43:42,day,sports,59,0xae0f21790d847393dcc4da8b4d15f72ff84cf647,4930.421969932067,58647.594844,ThewhitewhaleV2
2026-07-11 05:43:42,day,sports,60,0x2a69660046d7acc4ab204d7cc5ba78b0776cd2f7,4789.052764764463,18740.194728,UpTheBlues
2026-07-11 05:43:42,day,sports,61,0x87358c1886d22b698bcf5602d77693616a6bdb43,4779.236668888568,26261.448568,Diablosissmurf
2026-07-11 05:43:42,day,sports,62,0x64e93f87d8a0c1b2cde6f20d71f211372a95eb4c,4749.222861765098,10038.180201,oudine2
2026-07-11 05:43:42,day,sports,63,0xa365f5a0789b4f14027e5fae9b0a93f58ed2d26e,4565.266701293134,38879.603755,bill0409
2026-07-11 05:43:42,day,sports,64,0x3233818b43fdb708a2232fc4f0cb3e36d6e2a4dd,4488.654280999999,4743.960039,dzejlanbezs
2026-07-11 05:43:42,day,sports,65,0x48611e62b91a2a0cf8de06d2c9374d2920483aae,4440.906750000002,4054.05,MLJBASEBALL
2026-07-11 05:43:42,day,sports,66,0xf68a281980f8c13828e84e147e3822381d6e5b1b,4308.202191138989,6083.57,WHYWHYWHYWHYWHYWHY
2026-07-11 05:43:42,day,sports,67,0xe7a2052a8b7c6b865e3eb3d16300a4db7432ae70,4213.499999999964,0.0,TheOneto3
2026-07-11 05:43:42,day,sports,68,0x5ad49cd574df6888a0fe1d2b522f334988f06866,4160.0,0.0,0x5aD49Cd574dF6888a0fE1d2B522F334988f06866-1766098504363
2026-07-11 05:43:42,day,sports,69,0x1b8ffdb4ff99b4622f099465c486e4f75751cca7,4133.372423813502,16059.084832,0x1B8FfDb4FF99B4622F099465C486E4F75751cca7-1779298477893
2026-07-11 05:43:42,day,sports,70,0x1a6692c85ec7ab4503ae10bd8a30da8e0ca4ae5e,4117.71806113001,0.0,fenglin5945
2026-07-11 05:43:42,day,sports,71,0x39d2e2f4aa4d7f941a0ba8ac3d912e7b279e0b90,4100.140196033498,0.0,bignasty55
2026-07-11 05:43:42,day,sports,72,0xa697d0b3fff7d285a0f92d6ee03a7f97809e59d5,4045.622886758123,34675.212919,0xa697d0b3FFf7D285a0F92d6Ee03a7f97809E59d5-1774326306031
2026-07-11 05:43:42,day,sports,73,0x228b8d11eba89bf1c554f8879a9293b7106daf4c,4004.858641387429,27971.32312000001,0x228B8d11EBa89BF1c554f8879a9293B7106DaF4c-1765442354872
2026-07-11 05:43:42,day,sports,74,0x0a77bc0638f13892c8b1d1d2c13ba178540f9d74,3874.4144467968435,21334.174781,0x0A77exmm
2026-07-11 05:43:42,day,sports,75,0xa3c2ec158f222f3f4f5f4f57b113d761a4d3df3d,3642.4331176637024,40406.738832,0xA3c2EC158F222F3F4f5F4f57b113d761a4D3df3d-1774679893278
2026-07-11 05:43:42,day,sports,76,0x52d93dcf81444f793dda7fedc370f7a35101fb1a,3638.974346494968,7835.259887,LuckyLoo
2026-07-11 05:43:42,day,sports,77,0x61937c44d18d9814fc399b49bafc078831475b80,3548.7015605632614,46809.24515899999,averagejoetraders
2026-07-11 05:43:42,day,sports,78,0xe5047b7b7eb66eafdc80540048c31227f641600e,3504.9685829999944,6616.956141000001,050005000500
2026-07-11 05:43:42,day,sports,79,0x5811c8ad5dc5990528357ecf1a6d03311d6c0976,3477.2116153896695,41035.814048,0x5811c8AD5DC5990528357ecf1A6D03311D6c0976-1782550886071
2026-07-11 05:43:42,day,sports,80,0x2b46bb71681777202368d095196f266944a1684d,3438.2329991997103,0.0,catchmeouside
2026-07-11 05:43:42,day,sports,81,0x0eb75bf6f54794a83bd26095811f30b530161f17,3348.5949080573337,6608.687651,theeere206
2026-07-11 05:43:42,day,sports,82,0x9f2fe025f84839ca81dd8e0338892605702d2ca8,3275.2810657350346,10397.717669,surfandturf
2026-07-11 05:43:42,day,sports,83,0x24d4d02cb1a86eb2d9f2d125b341754c72244e1d,3202.6589046000045,5731.218459,0x24D4d02Cb1A86EB2D9F2d125b341754C72244E1d-1764058837106
2026-07-11 05:43:42,day,sports,84,0xcbab32f3fb2a64a4df2eddda9b65b9e53642cad4,3174.585852064498,0.0,gdw6
2026-07-11 05:43:42,day,sports,85,0x3e04fbc51adb75418129f6ce2091ae633070564d,2992.5868010719005,0.0,roldy
2026-07-11 05:43:42,day,sports,86,0xa2fc0448a1dce9258ebb91b2f3abcddb98a0b1b4,2893.3109000000004,5381.95,jaijiajaijai
2026-07-11 05:43:42,day,sports,87,0xc2494b32d65dea3a3a80712589d10bc5733f8a61,2884.3546059887594,1559.9110739999999,0xc2494b32d65DeA3a3A80712589d10bC5733f8a61-1774333132835
2026-07-11 05:43:42,day,sports,88,0xf28e42d20e4826f2b10a24bc952001697947cab2,2821.1361564900726,0.0,ethanaz
2026-07-11 05:43:42,day,sports,89,0x8488ef25f79c0cf2ffdff307973b2ac10464588c,2781.600000000006,4800.0,rabby10
2026-07-11 05:43:42,day,sports,90,0xd1001f4ef07ee37774934a8bc0083185ef6b853d,2775.1316549020266,28285.556425000002,
2026-07-11 05:43:42,day,sports,91,0x673d3d48849ef8c27eda7116641be163f4121a91,2743.1745649231034,19379.357701,Betzar
2026-07-11 05:43:42,day,sports,92,0xd69a0834e1fc2ba0b7992c027755bed63e33d57f,2720.1999999999994,6400.0,aaalex-454
2026-07-11 05:43:42,day,sports,93,0xdf17f4a8dd01a4cfa6fc3da323a2baee5f8697d1,2653.1332810035838,44256.369999999995,bahibahibahi
2026-07-11 05:43:42,day,sports,94,0xa49becb692927d455924583b5e3e5788246f4c40,2531.1208923835657,104639.77539,sleepy-panda
2026-07-11 05:43:42,day,sports,95,0x0e64bde21d716711fbe59095eb0c88fae55e336d,2510.3629018145,4919.68,KioskJammer
2026-07-11 05:43:42,day,sports,96,0xac1bbbf0eab02fd41862b1d13c10dddfe5932068,2504.749399289416,193166.850484,0xAc1BbbF0EAB02Fd41862B1d13C10Dddfe5932068-1762336294253
2026-07-11 05:43:42,day,sports,97,0xd2559017db0e5566ae550c0c52f0c92618ed4676,2472.6244497350053,8000.0,pang33
2026-07-11 05:43:42,day,sports,98,0x815fe12910e7de5f1d7ca1b96c4bbfc0eeae1eef,2455.8255972379725,13569.156418999999,blank7633
2026-07-11 05:43:42,day,sports,99,0x78b00985bb1c60955a6b6db8fddf857b16f69f1a,2426.470586954223,0.0,sietechips
2026-07-11 05:43:42,day,sports,100,0x10a6fadcbacd66330862206f6199b197e3ad4d8b,2292.7082133801305,4285.714284,rabbitfoot1
2026-07-11 05:43:42,day,crypto,1,0xa01c0a5e4f8c1114e95c68ee97694bc95e51766c,23800.520463327935,324300.14916599996,0xa01c0A5E4F8c1114e95c68eE97694BC95E51766C-1782858480408
2026-07-11 05:43:42,day,crypto,2,0xb5277836b1b1172bfbe842fe655652883e87c106,9565.437124,17201.842782,sdfgsfsdfg
2026-07-11 05:43:42,day,crypto,3,0xe3eeb127d5763a6e4ad597f773f9d259c94d5176,8641.671482990605,155204.520417,0xe3EeB127d5763a6E4aD597f773F9d259C94d5176-1780742904507
2026-07-11 05:43:42,day,crypto,4,0xf27d40745542dc871e127acff3a1c9d3910d9a88,7984.740581168219,58162.959670000004,0xF27d40745542Dc871e127acFf3A1c9D3910d9a88-1775505016568
2026-07-11 05:43:42,day,crypto,5,0xb27bc932bf8110d8f78e55da7d5f0497a18b5b82,4238.648540392984,328826.513449,
2026-07-11 05:43:42,day,crypto,6,0x8d1d5d1c6041b13fc708b5d9f668070e1724ed4a,4013.5758356048755,56746.88308200001,CERTova
2026-07-11 05:43:42,day,crypto,7,0xbbd339eb192219358de7b92f70f595e41471641b,3868.111387011828,21200.0,FOLLOWSMARTWALLET
2026-07-11 05:43:42,day,crypto,8,0x1465b79bff7992bc703e1aafb3683b1089647072,3821.2247547917286,14759.11,JnStTrdrBnusFnd
2026-07-11 05:43:42,day,crypto,9,0xe29042f5d913dcc4015aab3455c13c58514ca33f,3807.513326383106,51044.214613,stepahead
2026-07-11 05:43:42,day,crypto,10,0x9412cdfc1e3171e1aabb013d0f494986445d0cd0,3144.1561464581464,117167.27530899999,gansinimen
2026-07-11 05:43:42,day,crypto,11,0xe9f5c9585796abec6f50f063187dbf015858cb06,3084.3273476128384,22471.888254999994,MorfisCrypto
2026-07-11 05:43:42,day,crypto,12,0x32ed2e546b187ca15e2841edc82b22c713cf8ec3,2734.6436789047875,32829.139568,mo-money
2026-07-11 05:43:42,day,crypto,13,0x177bf230515abcdff9a855490d600ac9ca36cb59,2633.51855600001,3012.3471809999996,0x177bF230515AbcdFf9A855490D600ac9ca36CB59-1766690926902
2026-07-11 05:43:42,day,crypto,14,0xc2ad03f79ca3f3c17d8c7de2612ce0c89b7d40ed,2610.150562010429,28466.596437,bosona
2026-07-11 05:43:42,day,crypto,15,0x0c7c5204404e9d5402d258fedac59c7212bae4cb,2311.12885551012,28799.521826999997,OhioRiskManagement
2026-07-11 05:43:42,day,crypto,16,0x3725d52f3c252e8374999cc8617292ea2608ad88,2009.0713899677212,28170.878899999996,almach
2026-07-11 05:43:42,day,crypto,17,0x251c1a283703beed41590b0875a8dcb8ddd1541f,1949.0168480000139,46799.880000000005,0xAAAAA
2026-07-11 05:43:42,day,crypto,18,0x927f7694de44d19a72bce76254e628d1c141d215,1765.496163099655,29525.867832,baloneigh
2026-07-11 05:43:42,day,crypto,19,0x7f41e63ca804dd85ae1e3b8d11a8fc1fdec8c39b,1695.370519944001,1933.958,0x7f41e63cA804Dd85Ae1e3b8d11A8FC1fDEC8c39B-1783151863044
2026-07-11 05:43:42,day,crypto,20,0x06dc51826bc524d9a83770e7de9dd7e005b04524,1690.6687654939014,64149.30017999999,0x06dc51826bc524d9a83770e7de9dd7e005b0452
2026-07-11 05:43:42,day,crypto,21,0xd02b6d910a38479c3125308fc4737a46509cd6df,1615.7148062491979,28282.26265,wowitsamazing
2026-07-11 05:43:42,day,crypto,22,0x3c58ef422754ff22c7e806336feba0064d8b776b,1542.100682569173,16812.405731,antsaslyku
2026-07-11 05:43:42,day,crypto,23,0xbc5887953750f812be60e57ba6e178c847d65e72,1517.1596472652363,83194.419619,1000monkeys
2026-07-11 05:43:42,day,crypto,24,0xc80df176c03b2a6dc7f804ebd017e2fb9af0fd53,1486.3631310399996,0.0,Jeffhk
2026-07-11 05:43:42,day,crypto,25,0x77ccc4f78df158f79d33e6ae6e0f2c5822dae090,1424.077590539393,18485.597818,
2026-07-11 05:43:42,day,crypto,26,0xc50d0f25cb8eafadcf7059b6a8f4e2542ab40de0,1422.7287765772166,16715.806322000004,
2026-07-11 05:43:42,day,crypto,27,0xee65685de42f8de9a03b4c53ee77d56a20d2cfc9,1370.0652644103393,80553.598081,0x50f7
2026-07-11 05:43:42,day,crypto,28,0x1bb6ff2799b2425ebe14d74d321643cfa68c2454,1334.571450800002,0.0,r1ch4rd
2026-07-11 05:43:42,day,crypto,29,0xf386e5881af986207ecf7c2aaa0386ad7c410e8c,1290.2955244720056,1896.154465,941052369yu
2026-07-11 05:43:42,day,crypto,30,0x50acf2087f8ec939654d2aac89be9f0d6cdd41a0,1289.6717033774116,1921.478663,9174990ak47dadada
2026-07-11 05:43:42,day,crypto,31,0x7856fd29553a175c076b85e70d6559466f9f31ef,1278.7509285196713,1954.2118059999998,poatcy1118
2026-07-11 05:43:42,day,crypto,32,0xfc80e2aaf55239d4b1502756062f0f2c1c6a62fd,1271.7200688242528,1949.4010689999998,olllll567
2026-07-11 05:43:42,day,crypto,33,0x2da45f5cf0c5d4697aaf09a18399d7169d4d9d77,1255.8116966001444,2208.744544,9136677996a
2026-07-11 05:43:42,day,crypto,34,0x1631f9aa1d6000d8723fbf1b7fc1005bed3dd508,1235.080800253749,1807.8759340000001,efadfgrtyhthgfg
2026-07-11 05:43:42,day,crypto,35,0xd4414fe8b9d7ca6a30e047101a872b1a53d0cd83,1221.6523080434126,1789.0551929999997,pqwiofdfaerg
2026-07-11 05:43:42,day,crypto,36,0xff8008aef3ea21b1106f3355ec4b59789d32c9be,1216.7386328563998,2410.221065,9183455699
2026-07-11 05:43:42,day,crypto,37,0x022d4e97f57826387b80fbe91f94ac832bbcda3b,1216.7264745812004,2410.20601,67891223
2026-07-11 05:43:42,day,crypto,38,0x2427c9f57ccb69a61a0279e90eef6e9fa8c3e898,1215.6966269390257,1784.171827,98766625888
2026-07-11 05:43:42,day,crypto,39,0x1c58370be6f38fcb4aa5af1de3a422f7973bef23,1215.2413158694,2408.7358,kk653188
2026-07-11 05:43:42,day,crypto,40,0x6182fc35895b560a191603b2c5d275a3afa65938,1214.4849185332873,16967.724343,3canal
2026-07-11 05:43:42,day,crypto,41,0xe92b70461269bd327a407c30b96e19a46ee5ee10,1208.1456641889963,1779.3720640000001,4567766892
2026-07-11 05:43:42,day,crypto,42,0x9d89a0f086e850040c28da835baa6f41a076739a,1199.6113129999999,2383.989445,p123667788
2026-07-11 05:43:42,day,crypto,43,0x1160696549a6e3e5d9b4a7ccaed0403902307d8a,1194.917021100233,16437.079768000003,0x1160696549a6e3E5d9B4A7cCaed0403902307D8a-1780892492627
2026-07-11 05:43:42,day,crypto,44,0xfec63e1f8733a50f2d0c03e0d19fb07f1f2c1b4d,1181.5456025107771,2359.036121,miaomiao666888
2026-07-11 05:43:42,day,crypto,45,0x7057278caa31f586bbbcd5c463e275e0a1e59915,1142.483875076498,1775.8373809999998,poykey6918
2026-07-11 05:43:42,day,crypto,46,0x84413583462b68f0a379f533bcbdcd089acfbc73,1133.4315953270416,39464.193588,OBParasite
2026-07-11 05:43:42,day,crypto,47,0x885278f0e304bc2d53f805af2ab779cb6011c569,1109.6187938751536,30997.179533,gabigol
2026-07-11 05:43:42,day,crypto,48,0xa8b782992899fb6ce275366e1f77a8d83044a8f9,1108.3869670785648,2675.985148,cryptosan8
2026-07-11 05:43:42,day,crypto,49,0x00033f1089ff061813850e5135483bed39ce3b49,1072.7681243619631,15644.100790000002,dsfasdf12e3oiam
2026-07-11 05:43:42,day,crypto,50,0x742daeab606d72f1518fc74ce2180f032497cad4,1059.7144499304613,18292.125657,
2026-07-11 05:43:42,day,crypto,51,0x2fcc2f66364b056d531bf25ec6b9ce736a900446,1053.634343751446,1693.878687,qwer5588
2026-07-11 05:43:42,day,crypto,52,0x0b0a41983cd193d9441bb05880f805481665b748,1041.7114564865142,1672.4441550000001,91323dfweffa
2026-07-11 05:43:42,day,crypto,53,0xfffac3b4d2db94d7c61a67bef8ac6542d48becfe,1013.2223079999894,1196.2634600000001,zerbit0x
2026-07-11 05:43:42,day,crypto,54,0xa913f99a452252d9c9800e9cb9f9c34a68c31f18,1010.8283168716739,2269.273066,9966588138
2026-07-11 05:43:42,day,crypto,55,0x5c599f229da663bbc8488e9f96db792c7b30fabc,1010.0087850752643,1616.9666739999998,oricty9888
2026-07-11 05:43:42,day,crypto,56,0x633e96a4b7ae543522358282eafa023fe61bd305,1002.080291607634,2467.1499440000002,0x633e96a4b7ae543522358282eafa023fe61bd305-1783406206089
2026-07-11 05:43:42,day,crypto,57,0xb59195027be54e7e23f9b25508df167de57e0a75,996.360699727522,1678.284838,uitcbye668
2026-07-11 05:43:42,day,crypto,58,0x5083a040efc20da48e3602f520940cc61c2bb0ea,991.8382978999507,10339.744691,
2026-07-11 05:43:42,day,crypto,59,0xfc6614b4d2e90a85bec1a71a43955302a1bdb3b1,987.248889143635,2208.7380350000003,mol667788
2026-07-11 05:43:42,day,crypto,60,0x47045f37c3625e4bf192d093da8ed9cc99f01b13,987.2444007977199,2208.7384,lap6944511A
2026-07-11 05:43:42,day,crypto,61,0x3c07253e08792b50540160bc39a68b8c17eb8b83,984.2600433677059,1570.919687,dwqtyx
2026-07-11 05:43:42,day,crypto,62,0x9bbd3a202d3cf5ede2fee0551b498aa4e974e3e7,981.422462,2205.364552,pptt1365548
2026-07-11 05:43:42,day,crypto,63,0x53e55bc7cb3d67ad177c023ce891ad076a9d6177,975.5932216799993,0.0,Arbguy
2026-07-11 05:43:42,day,crypto,64,0x7ab480c23d8a0d5a6e95c2b10a5b82bf55aa716b,973.0786385599931,0.0,glueeater
2026-07-11 05:43:42,day,crypto,65,0x63bbc83b980e2ce1ed248265d292cdffc8808536,972.6466695766878,2181.595544,zzbbkzd667788
2026-07-11 05:43:42,day,crypto,66,0xe6ed4c0dd0ef827782b108b5874e45a06a476813,971.8311248121618,8440.00055,0xe6Ed4C0DD0Ef827782B108b5874E45A06A476813-1782113616969
2026-07-11 05:43:42,day,crypto,67,0x363c8114d851c31036d7af3f2566fa4141ff900d,971.0368228567677,7726.427466000003,chaigoblin
2026-07-11 05:43:42,day,crypto,68,0x8419c68b5cb4436fee21995c4b14a35d0d476472,966.7472498448,1910.2198019999998,315699123
2026-07-11 05:43:42,day,crypto,69,0x2556449054c05d46139ab302637fe3a728812be1,964.37149474027,1535.2967390000001,zetkyc123
2026-07-11 05:43:42,day,crypto,70,0xe99bff369feb5bf1ffcb18a6cdef0bc435c03e76,959.9993803199995,0.0,dzagvadgfsad
2026-07-11 05:43:42,day,crypto,71,0x20f9110d6aabdfbb0deb38dc91bcdc5c706d0748,956.9922566253123,1521.950813,adfrgtrytrsfd
2026-07-11 05:43:42,day,crypto,72,0x32a0faa28377dae1d9c270d8a1970738edbfd3ac,954.7312945326479,1519.696115,aeifgauejf456
2026-07-11 05:43:42,day,crypto,73,0xcfd7556733f40604d8ccfbe71a43bcc45ea3a017,952.6967965418204,1518.053262,kingwwwee66
2026-07-11 05:43:42,day,crypto,74,0xb83966b016803a4ae440ac2c7ef4eec7cec3bc2c,935.6090716427103,1518.09024,qqqeeeettt666
2026-07-11 05:43:42,day,crypto,75,0x2bfaf4fccc1546667e99ddd0ca6e1af48ac52f31,933.0859636000005,0.0,ichibancho
2026-07-11 05:43:42,day,crypto,76,0x90a6c7919977b333360c31b54080a70d350f6698,930.5349367903152,1572.4619169999999,ziket123
2026-07-11 05:43:42,day,crypto,77,0xe2269f2a961f34c56cd164284a87802a6773f76b,928.3403795000556,26501.846500000003,smultring
2026-07-11 05:43:42,day,crypto,78,0x0ae4a8d6146c304d69208cdf114129e63c67fb39,924.449970734627,29607.183943,ByteBadger92
2026-07-11 05:43:42,day,crypto,79,0x52fdda3e1f0aa2f4a667afb0d6ad5343b4644132,904.8356760001043,7819.16,goyslop1
2026-07-11 05:43:42,day,crypto,80,0x8320b90db15e5b777e5a023b5ba3cfa214d4904e,901.6751787548565,7746.940363999999,vedaresearch.btc
2026-07-11 05:43:42,day,crypto,81,0x3ebcd7d62dd3fe9db3110a584ad3fbe762b489b6,900.146431775,2054.648361,dd170715
2026-07-11 05:43:42,day,crypto,82,0xdf7930e89a2c47560165331863c31deca0733dcd,895.3496754330117,57590.07319300001,std0
2026-07-11 05:43:42,day,crypto,83,0xdc8923aa7d6b293af2974c521092d0026ac37ac3,886.4378284920167,54760.78434300003,0xdC8923aA7D6B293AF2974c521092d0026ac37aC3-1781090401279
2026-07-11 05:43:42,day,crypto,84,0x7b32b6372709f19360d22271643f4e2a32a1377d,877.8287561310926,5601.53374,devonpoll2
2026-07-11 05:43:42,day,crypto,85,0x9d11d93b9afe7ddc4cc4754f0ccca0d2d913a3b8,871.1990751668964,17649.709546,0x9d11d93b9AfE7DDc4cC4754f0cccA0D2D913a3b8-1760340797862
2026-07-11 05:43:42,day,crypto,86,0x4baa0f3f044eb169316965f3d5863ed87f50d1fc,854.6935772414308,8095.968565,vamonos22
2026-07-11 05:43:42,day,crypto,87,0xf43db35e7ce0f4993e4cd36c63f7e6c8a9258abc,851.33211172601,2774.772947,0xF43Db35e7CE0f4993e4Cd36C63F7e6C8a9258ABC-1779316656759
2026-07-11 05:43:42,day,crypto,88,0x00c8ef6895e2fb38b538cac8c08edd6b82289ccd,832.3759576348612,5239.121281999999,
2026-07-11 05:43:42,day,crypto,89,0xe567d1d0d6506488d9b25fe02f28ee79b7333d55,829.013031,1908.0323789999998,katyc46553
2026-07-11 05:43:42,day,crypto,90,0xbb72948abb0d8b063091402de66f27f11b9eb2cd,822.4231773150659,27727.331380999996,as11111
2026-07-11 05:43:42,day,crypto,91,0xe6534dd9d60cafcd8ac78091fbb883927b1d4594,811.8056541780097,0.0,johnlarx
2026-07-11 05:43:42,day,crypto,92,0x780f07a9aaa3b7e5bd6719bc97be89c3b1ea91ff,810.5592243155061,5487.324812999999,goodsatoshi
2026-07-11 05:43:42,day,crypto,93,0xc2baa04d0a81e238d7dcc0f5e1d408a8b40fa170,799.9996328800007,0.0,YOURWORSTFEAR
2026-07-11 05:43:42,day,crypto,94,0x9e3ed7b661a903fc97afcf49e0f014ebe869f882,792.0633618568845,7499.529481000001,0x9e3ed7b661a903fc97afcf49e0f014ebe869f882-1783406009396
2026-07-11 05:43:42,day,crypto,95,0x8fede035be4922d47a80881930a54b52b0f2bbe4,784.4587540000002,3557.4133839999995,HAha996
2026-07-11 05:43:42,day,crypto,96,0xf3531b23b504cf0aed4ff21325232b2a2d496685,780.643971729558,43359.976659,powerwinner
2026-07-11 05:43:42,day,crypto,97,0xee67f4f549180f564dd5910b1024b8c6729cef38,775.6236418000044,0.0,keasiyo
2026-07-11 05:43:42,day,crypto,98,0xce25e214d5cfe4f459cf67f08df581885aae7fdc,751.3092827497167,23969.599432000006,0xcE25E214D5cfE4f459cf67F08DF581885AAE7Fdc-1777575398144
2026-07-11 05:43:42,day,crypto,99,0x2c36572a05aafb0acaa3ecb0dd2ecb579f6c018d,722.9355979999998,17923.590200000002,justeski
2026-07-11 05:43:42,day,crypto,100,0x1c03ad0e3802e9de35352fe9ebd9885410577bcc,717.1954630377955,2499.51387,Eskalation
2026-07-11 05:43:42,day,finance,1,0x03805a13a0b3e058f55f6c6af95389d4f431073d,5416.821809345449,2288.8404910000004,donthackme
2026-07-11 05:43:42,day,finance,2,0x5a218c7ad04135830a45c41aaed7294df7809318,1549.7035111061123,249.67824000000002,balthazar
2026-07-11 05:43:42,day,finance,3,0x8c66e28fbe7ede7f57ba6cbc70408dff442944f3,1524.9665913149988,0.0,0x8c66E28FbE7Ede7F57bA6CBc70408DfF442944F3-1777220320442
2026-07-11 05:43:42,day,finance,4,0x7bbf09fc724e3ca90332e17d4f352b3cbc0f7ce5,1050.8951953544988,320.0,pestanimal
2026-07-11 05:43:42,day,finance,5,0x1cd24cc49782240413903b4b7e7694779f917f85,1016.9702421749971,0.0,bitterfish
2026-07-11 05:43:42,day,finance,6,0x511f9c771449162349795d17becf8b37031acbe1,812.9440494471637,455.644,Bigggggggg
2026-07-11 05:43:42,day,finance,7,0x764b305694b026c1acce7bf862c3b5456a146bad,801.5280110265066,123.0,quietparcel
2026-07-11 05:43:42,day,finance,8,0x9e88f359b9803e41420fbb13385c5ae1765c301c,762.8262934450613,4395.182294,apofett
2026-07-11 05:43:42,day,finance,9,0x3a8aa345d5db7ec5138298c8c4f4540259be7699,670.7574972229995,0.0,TheReturnOfDarthMaul
2026-07-11 05:43:42,day,finance,10,0xfbd8c9c22ca76b3662d0e53a4f79719fdc684027,571.1242707115089,1961.0,0xfBd8C9C22cA76B3662d0e53A4f79719FDC684027-1779347618060
2026-07-11 05:43:42,day,finance,11,0x335592400e402c26583ce8b56d12605e9548a126,549.9993554199973,0.0,ranger44
2026-07-11 05:43:42,day,finance,12,0x993c072519306017fe9a6b3ee6fa4a02b3056787,487.94865433036466,3496.754456,Jep-G
2026-07-11 05:43:42,day,finance,13,0x563ea80ce1962ce0d1684fd38472eaef6b15a157,390.5444999999995,0.0,Vorian
2026-07-11 05:43:42,day,finance,14,0xacfe5bbc96fb4976ecc4693997c063c332bfc247,388.2856302099998,729.9426600000002,bakanabaka
2026-07-11 05:43:42,day,finance,15,0xe278e3c172e37d91190476012625829008f0b608,370.7450644749988,0.0,Dar1us
2026-07-11 05:43:42,day,finance,16,0x97f3f9f15c0063710c60d3ac9c40d17f4ba60eba,356.6281515500159,0.0,Investnow
2026-07-11 05:43:42,day,finance,17,0x215adbb63b47d0ca92f849fe2c2dc1adb0f6254c,334.304728430001,0.0,BikesAreTheBikes
2026-07-11 05:43:42,day,finance,18,0xdf1c2e388bde2fbacabaf85c75a6b69cc35e2ebb,320.0,0.0,BMM-1
2026-07-11 05:43:42,day,finance,19,0xa49b6ea0a604c581f2a9569db42c192b1c487054,278.63925607076635,156.34835600000002,387411007415611814092217897387
2026-07-11 05:43:42,day,finance,20,0xa540e7ff75ef4bf7ebc6c793cbabe87cee970b43,278.49925491351314,0.0,pennedreadful
2026-07-11 05:43:42,day,finance,21,0x4388640a35b4ecebc33f8c73b58a2b988c615050,274.38742161619666,11.879999999999999,Started-with-20-USD
2026-07-11 05:43:42,day,finance,22,0x5e84743ad0515699b7adf2588de4c3032d538e88,259.45608554000137,0.0,Cbb.
2026-07-11 05:43:42,day,finance,23,0xbf0fd14d47d8d785ac19f33aafa6985501f128ce,252.743,0.0,0x4dF63E746b71d3a8e
2026-07-11 05:43:42,day,finance,24,0xd561abcd133d8277493fd8bd92637124ac9c9b7b,237.54424987499897,0.0,andrez
2026-07-11 05:43:42,day,finance,25,0x8b4bca1d794779e66e023d44391b2a86c5ab541b,234.49509376499736,0.0,0x8B4bcA1D794779E66e023D44391B2A86C5ab541B-1769764313952
2026-07-11 05:43:42,day,finance,26,0xc74a96b8a834677cc2ab2dd579e525134d11f01b,230.0,0.0,Popopolly
2026-07-11 05:43:42,day,finance,27,0x1018fa33923d8b0f4b0f8a0822ee045d46027264,195.48539510049704,0.0,EgoVolae
2026-07-11 05:43:42,day,finance,28,0xc8ab97a9089a9ff7e6ef0688e6e591a066946418,176.2573169360985,6679.144942999999,ArmageddonRewardsBilly
2026-07-11 05:43:42,day,finance,29,0x373f307a311cfb5e9fc7383e155f3cc79d0e1878,175.02005904499856,0.0,333blacksea
2026-07-11 05:43:42,day,finance,30,0x4247c89f4a9236a6b5fb24502023bcc98ab1455f,170.48210316799987,3315.9762,09F911029D74
2026-07-11 05:43:42,day,finance,31,0xc6a2910714d2febe8730f8386277641f7c1fc9b7,168.95280963821187,10.714284,trx1
2026-07-11 05:43:42,day,finance,32,0xa5fda0340959e67ef9de8bc5caf1c502c6f736d1,168.15708214199958,0.0,88blitzcrank
2026-07-11 05:43:42,day,finance,33,0xac4a1fabdac2438d6afa2a9e8e83845310a0bf1e,167.3296912240039,0.0,HerrieDavis
2026-07-11 05:43:42,day,finance,34,0x389a21fa2e2445c7f8b915b45b9b009bd641397d,165.34482640399983,0.0,SPY-KT
2026-07-11 05:43:42,day,finance,35,0xc97b0b2a2547bb3ed57167092ef8a6e816c347e5,158.0057495824949,0.0,0xC97b0b2A2547bB3eD57167092EF8a6e816C347E5-1770003388001
2026-07-11 05:43:42,day,finance,36,0xc5187cb669690150643ba2f9aac6b7d98d212594,152.79923426616006,455.48512300000004,mustbethewater
2026-07-11 05:43:42,day,finance,37,0xd5555147366b7e5bfcea444f4a06a745c18be28a,151.24346743599017,827.9599999999999,mmmbop
2026-07-11 05:43:42,day,finance,38,0x04bf21c2527ae8d54a2f713a6420c608366c7caf,150.47742618780103,46.666665,Red781RuM
2026-07-11 05:43:42,day,finance,39,0x1f9e15f39bbd5d163b0eacf0fbef647ced9e4f1a,148.85173841625442,1923.9377650000001,Underwears-Seller
2026-07-11 05:43:42,day,finance,40,0x264cbb7263b0c336c58fb5a5de1773896e6bbaca,148.01729309000075,2217.73,sdhyky
2026-07-11 05:43:42,day,finance,41,0xd25dc5042c8b5bbbf25005954554abd2590363fb,147.6999999999989,0.0,qwersd
2026-07-11 05:43:42,day,finance,42,0x38d812aff0b79f3bf5da2a477f780bcc163eea7c,147.41994276994956,45.0,thanksforplayin
2026-07-11 05:43:42,day,finance,43,0xb69ca0846460fe8fce547ab3df062761fe566b19,145.30036587999894,0.0,IPOS
2026-07-11 05:43:42,day,finance,44,0x0b644e443a404159a7b5ca4650cf2444b13549bd,143.04441456199856,0.0,Gdub
2026-07-11 05:43:42,day,finance,45,0x21b3d4f4375f97bc96d2b00985a6eae9ef53793d,141.9577146800002,0.0,Greenhug617
2026-07-11 05:43:42,day,finance,46,0x3ce2c0498405cb1ef28b8ee280dda7f4eeada417,140.24032566800088,0.0,darlok
2026-07-11 05:43:42,day,finance,47,0x25db6ca5935ae858a5c1f2dcd5c62939805328de,139.64988991660357,712.597397,0x25db6cA5935ae858A5c1F2dCD5c62939805328dE-1770665598557
2026-07-11 05:43:42,day,finance,48,0x8b8762de175b0c9c86453239e0dabbedd6d73e8d,134.8718319260015,0.0,MickyMauldib
2026-07-11 05:43:42,day,finance,49,0x85dfe68799c81169482aad52aabd3d899404fb48,131.88609896903,790.724449,FoolAndHisMoney
2026-07-11 05:43:42,day,finance,50,0x844ef6cdd0a4d691b7a81429ee550f025aa64f41,130.0248940530546,10000.0,flyfat88
2026-07-11 05:43:42,day,finance,51,0xa18c5cf2bc6eec389d2d512582ae14654b99d792,126.21511999999984,0.0,gmtrader
2026-07-11 05:43:42,day,finance,52,0x4255bc130e9998c17cf408daeb72d810b5ff5596,125.93130389999988,0.0,0x4255bC130e9998C17CF408DaEb72d810B5Ff5596-1770732031319
2026-07-11 05:43:42,day,finance,53,0x2c30375f81cdc047a0a1d602c2538395dabc37b7,125.60890097350011,0.0,augd
2026-07-11 05:43:42,day,finance,54,0xff7ca9cd180d33119e653e3eb50555a3e2ccb233,123.46219625600133,1553.9099999999999,NoSteinNoGate
2026-07-11 05:43:42,day,finance,55,0xd25b8718f61fb64a754356ad8cf16b5579f59f3d,122.87275000000227,0.0,OraculumNobius
2026-07-11 05:43:42,day,finance,56,0xdab4378204878f36b66d83110188d547a45be253,117.18267322999964,0.0,Machy
2026-07-11 05:43:42,day,finance,57,0xe3726a1b9c6ba2f06585d1c9e01d00afaedaeb38,115.45955153223258,0.0,cry.eth2
2026-07-11 05:43:42,day,finance,58,0x0670fee985af6e0b8e378cf6855fa2b8688c29bf,113.76285569900028,0.0,CryptoLBL
2026-07-11 05:43:42,day,finance,59,0x500ebb48315d4e0a0262c1954844e754d7b879d4,110.94243974599976,0.0,WizhardofOddz
2026-07-11 05:43:42,day,finance,60,0xa24d3122ecad883b0fe1ff7b9b2d9967e23d3065,107.27521100000001,1044.9789,Anatol50
2026-07-11 05:43:42,day,finance,61,0x1f85e6e3e41e5f1fe03f6cf22a52ae4e352ea51b,104.08812589500485,0.0,VibeyQuant
2026-07-11 05:43:42,day,finance,62,0x81e446eaea53ef95ad053d2db72e5971a6db743e,101.03406983350014,77.8,alborotocrypto
2026-07-11 05:43:42,day,finance,63,0x91c572a0d13c02136efb9252cc3b49408557c7bb,99.67302684999981,0.0,re4der
2026-07-11 05:43:42,day,finance,64,0x167be917e068770f46575b82f6aa2b0516e1beec,92.77959999999996,0.0,yanping
2026-07-11 05:43:42,day,finance,65,0xa58d4f278d7953cd38eeb929f7e242bfc7c0b9b8,90.71515303643173,8001.93,AiBird
2026-07-11 05:43:42,day,finance,66,0xb6c83e346ab31df6e24bc53ecb6e15c03b75b9e6,89.99984070000028,0.0,shibagege
2026-07-11 05:43:42,day,finance,67,0xea12ae94b4612e91c10e016533c5c53f415b41c6,89.80743189600014,0.0,Moneyup
2026-07-11 05:43:42,day,finance,68,0x7c30ee60b7f53f80211ca65df99d48cce53b7673,88.65964117849944,0.0,mazw8
2026-07-11 05:43:42,day,finance,69,0x8b7bd56d750de30b6450a5913a364a5cd33a9ab9,87.81648793550096,0.0,mikiikkahhvdud
2026-07-11 05:43:42,day,finance,70,0xfaf680c17a9cca24ff0773ae2d9f7db49c02cc47,87.7749744340008,0.0,Seutervoinen
2026-07-11 05:43:42,day,finance,71,0x05dfd81903aae6f5caa20e1c1dd1d472728a882d,86.25575000000026,0.0,jklsjdwoqejasdf
2026-07-11 05:43:42,day,finance,72,0x29afe1bf37700768a640a08f1b35dad5f202f88d,85.34367682894,36.66666,zh8000
2026-07-11 05:43:42,day,finance,73,0xa45cdb0a5ba4629b5c7860dc3f310978a4dd1d10,83.77016058649679,0.0,lnkybtc
2026-07-11 05:43:42,day,finance,74,0x6678c9d154d06e3c37a06a05816afa68635a144d,80.9675001999998,200.0,0x462d77764F339fb2408AE33Fabbc843496401725-1778196190140
2026-07-11 05:43:42,day,finance,75,0xa056e53a4cbd7c532ff216881fcc65aad77aad1c,80.01479383000002,0.0,blissfltht
2026-07-11 05:43:42,day,finance,76,0x277e6718cdf00f4f887d17589895ae031a337d32,80.00063331999877,0.0,aiwar
2026-07-11 05:43:42,day,finance,77,0x79f244fab4c796670330aafdb46be99df24518ff,79.74012169000014,0.0,pcca
2026-07-11 05:43:42,day,finance,78,0x14050ed76c1a3bec25cb97cc623ceb3899d79db0,79.12297519899982,0.0,disdatderedem
2026-07-11 05:43:42,day,finance,79,0x21b48e8e2daa01f531fff08b62f2b4df6cff1f06,77.73020970999988,0.0,proposal123
2026-07-11 05:43:42,day,finance,80,0x78c592bd51493e169bc8e1f69be7b6299b66f623,77.42738484749995,23.34,RustyScissors
2026-07-11 05:43:42,day,finance,81,0x52268b0618c21a3c1ccbec2b110b1ba6c8338554,77.2335183200048,0.0,west77
2026-07-11 05:43:42,day,finance,82,0x299cb40195d270438f8950902f242d796457d85e,77.10230674000286,31.11,polopilo
2026-07-11 05:43:42,day,finance,83,0xe8a68017820cc850b4d13cfd8a165eb438b4644b,76.88187771725279,158.91,Simon4s
2026-07-11 05:43:42,day,finance,84,0xe53312c6c15af508e0c31e2cfadbefddd399ab29,74.99925000000076,0.0,WharfMan
2026-07-11 05:43:42,day,finance,85,0xd6000a815572e5cbbe2c743bb6b716aa3763b66e,74.78912873258508,602.5466650000001,tiger555
2026-07-11 05:43:42,day,finance,86,0x46e7af28babc784bd1b75ae0a10623181dd7f51e,72.24222809620011,172.2129,Ludwig14
2026-07-11 05:43:42,day,finance,87,0x74f1b8944c7b10f7239e3dda0de6b8ee42e816a8,70.61568926000473,0.0,probability
2026-07-11 05:43:42,day,finance,88,0x53757615de1c42b83f893b79d4241a009dc2aeea,70.3700000000008,0.0,
2026-07-11 05:43:42,day,finance,89,0xa16354193f1f166db6cc24d932d8b091296ade8d,69.89396480000005,0.0,th2
2026-07-11 05:43:42,day,finance,90,0x8454f39e7fa6957dfbf1ecc574820ada1c92331a,69.77617107399601,0.0,cripes3
2026-07-11 05:43:42,day,finance,91,0x0bd0615e1b600723d3d9408130e4a9b870fd67b0,69.36574251100029,816.3199999999999,narua
2026-07-11 05:43:42,day,finance,92,0xa61ef8773ec2e821962306ca87d4b57e39ff0abd,67.99997066399919,0.0,risk-manager
2026-07-11 05:43:42,day,finance,93,0x0b34b69b3acfcf19e589179e0c5894f78261f5a6,66.36495577000005,41.0,IronE
2026-07-11 05:43:42,day,finance,94,0xf6eab31d96d24310f33f258bc48a01bd48bc0a00,65.37482879699996,0.0,LALiquidated
2026-07-11 05:43:42,day,finance,95,0x799435e6f356fe77446a783093db4560bf16c512,63.841266699998414,0.0,Descartisan
2026-07-11 05:43:42,day,finance,96,0x4d417fb3c36b435dd5ba5f038c42ca70890b6aca,63.393805211999734,0.0,slobber
2026-07-11 05:43:42,day,finance,97,0xcdb1f1ef8213c06911e4ba6a884176c5571e276c,61.90279459000158,0.0,Ahpo
2026-07-11 05:43:42,day,finance,98,0x111ca1f1b77ae054cc3d22c5c2f46c725e0f573a,61.81560175000001,512.75,xiaomizhuzhu
2026-07-11 05:43:42,day,finance,99,0xad5353afe30c2da57709e2704ef3ccdcf67eef24,61.06758642910154,905.7960450000002,AJSV
2026-07-11 05:43:42,day,finance,100,0xd32ce89f16509d3c8f8b5e9750305a5b2bc2a4c2,61.0242191440575,168.0,
2026-07-11 05:43:42,day,culture,1,0x02b4401ae7ead14477e944f79e9db07ce9ab7092,26621.331836660007,19519.289999999997,alohaa
2026-07-11 05:43:42,day,culture,2,0xb028b82a80c2d1e855ab4f3cd3a18ecf76838686,1540.406618184992,0.0,Ox79879657hjgdsghgdj98090klfdkld
2026-07-11 05:43:42,day,culture,3,0x54d74a295cac529987271fd4d8b524ebdaa3c0bf,1407.0433695775027,4614.062100000001,User8291
2026-07-11 05:43:42,day,culture,4,0xda9f7647c58deb560ca7d85e2b7ea55ef489d7f6,852.7602402314951,0.0,0xDA9F7647C58DEB560ca7d85e2b7eA55Ef489d7F6-1767825604088
2026-07-11 05:43:42,day,culture,5,0xb0c85813a7a4428f1139ff91d3118a92c391fe7f,723.9967209724816,1162.2399999999998,mustafawenairdrop
2026-07-11 05:43:42,day,culture,6,0x955c9661bf6e010beff0ba896a49f715a8c8990f,550.9223770760873,576.0,
2026-07-11 05:43:42,day,culture,7,0xc4d5a24a240ec9f52669e3251e0473fd0c5687cf,530.8625689530745,14455.524469999998,bipbipbop
2026-07-11 05:43:42,day,culture,8,0x2b3d1e9bdf941d435dc91a8b974b86f7064c8db7,461.67136132999974,4472.209999999999,ChristmasCracker
2026-07-11 05:43:42,day,culture,9,0x30f67d821c57a54e25e5e521dbd3b5b18309004f,383.6036366278786,1094.501909,shiifoo
2026-07-11 05:43:42,day,culture,10,0x12ed45d2b45259d27a7fb593e564cd269c4fc9b4,365.56254650145274,2314.919182,sazzaa
2026-07-11 05:43:42,day,culture,11,0xf257e1b8cd2ab5c55ee05c20c560202544441950,356.419678389449,41559.155021,
2026-07-11 05:43:42,day,culture,12,0xe5cc003bd16400add59e65d642430614c6e556fe,338.5537567198462,21868.450000000004,0xE5cC003Bd16400AdD59e65D642430614c6E556fe-1768150000654
2026-07-11 05:43:42,day,culture,13,0x09e27c2cbcd98c7e821ef66b309506701dcf29de,298.46551699999964,1005.92,ronaldk
2026-07-11 05:43:42,day,culture,14,0x542aae10712e812bd71d792861ec5a570aa8a81b,296.7524205000018,0.0,Blind Chicken
2026-07-11 05:43:42,day,culture,15,0x4262c6daf3103188f5b0ade4b61326f09cbb0ef2,291.94517725540504,1712.4336349999999,patouossa
2026-07-11 05:43:42,day,culture,16,0x74957ea27ac4fbdee46d861fdae357859ff67fcf,255.3385120300668,3369.479595,ultralisk
2026-07-11 05:43:42,day,culture,17,0x3b4484b6c8cbfdaa383ba337ab3f0d71055e264e,233.78949081000064,1549.27,0xf1434f7d6de30bfbbdfeadd075a1f40f
2026-07-11 05:43:42,day,culture,18,0x4d1de0d8bf27bbb1f34545e974cfb794ac8e01ac,233.129609895126,1497.152403,oneoftheppl
2026-07-11 05:43:42,day,culture,19,0x0df46cd4065c0706bba1cbf771b6e69e2caec7cb,208.0229358750001,0.0,0xbFfcF3C634B368F277adC26dF75E4560d72156AD-1777985220216
2026-07-11 05:43:42,day,culture,20,0x2ea825a7eaafa49b59b61af8f376923dc1e4ffcf,193.45448694975903,6956.203999999999,0xaea825a7eaafa49b59b61af8f376923dc1e4ff
2026-07-11 05:43:42,day,culture,21,0x846988dd97915cc9a847e5ac435262322e55dab0,190.95285654999998,5864.41,aa444
2026-07-11 05:43:42,day,culture,22,0xd423e340f159718145bcf5adb8028b0612bb99e9,185.72354608499995,0.0,
2026-07-11 05:43:42,day,culture,23,0x993f451b6d5c21996b1bf688493cea9c4c823ee3,180.7154365639999,0.0,hitjnn214
2026-07-11 05:43:42,day,culture,24,0x6f084a641012bb925f2f3c7f44a6fec5025e54d3,162.1598286970002,0.0,warptrading
2026-07-11 05:43:42,day,culture,25,0xad99bffce03cc56ac1b697ac15a173700e54dbab,159.22657860000015,35.0,0xad99BFFCe03Cc56AC1b697aC15a173700E54dBaB-1770744877347
2026-07-11 05:43:42,day,culture,26,0x78ed8966161ea0a22f0719b9c04391c6ac22ab3a,158.75536327999998,0.0,6000K
2026-07-11 05:43:42,day,culture,27,0x9e8ecc4cb3c4e48f544cba2fbbb252a6a65e8db8,158.68437751250167,0.0,DREAMBIG.
2026-07-11 05:43:42,day,culture,28,0x04bf21c2527ae8d54a2f713a6420c608366c7caf,151.01751662849892,0.0,Red781RuM
2026-07-11 05:43:42,day,culture,29,0x9a3fa403a6666eef75f92f181fcf13f9c051914a,149.46550354642022,19.0,Rex416
2026-07-11 05:43:42,day,culture,30,0x363c8114d851c31036d7af3f2566fa4141ff900d,147.76539999999997,1228.84,chaigoblin
2026-07-11 05:43:42,day,culture,31,0x2b670a311561dcaf741d8155451774d3fa7fb814,146.10338799999977,0.0,0x2b670A311561DcAF741D8155451774D3Fa7fb814-1778467735876
2026-07-11 05:43:42,day,culture,32,0x347cbdeb5b2fc5d2ba33c22c9129987cbf946b1f,143.7294643478226,2857.1952619999997,Po1yBot-QI6GR4DKSp
2026-07-11 05:43:42,day,culture,33,0xbb861605dbd66ca2d2e1b1b81a34ecf051a7dc7b,140.32669497015348,124.0,
2026-07-11 05:43:42,day,culture,34,0x5095e97281f28d4d8549fd3834802c24cbb793ee,138.23654789374268,5659.45554,0x5095e97281f28d4d8549fd3834802c24cbb793e
2026-07-11 05:43:42,day,culture,35,0x6a9743e7872cb5e321ca2eb97edc907bc6c14800,133.1694951198515,458.748805,2222888aa
2026-07-11 05:43:42,day,culture,36,0xc4b2930b0feb1c0fab13c0b75c9fef34fea09a9b,130.35689640999954,0.0,datajesse
2026-07-11 05:43:42,day,culture,37,0xc5ab6c9bef3317c6ea17c2dd57604ad8c79a2bcf,129.49366307773715,1112.64,zzhzz
2026-07-11 05:43:42,day,culture,38,0xed7d6fc69cc384a15dbebe4527cddfcdddbc5852,128.55187465706285,799.6622649999999,Fourth20hokage
2026-07-11 05:43:42,day,culture,39,0xfa21179f2cef2f61cb78e8340ae62b17f9271438,125.79814844552311,0.0,BABELCONSTEL
2026-07-11 05:43:42,day,culture,40,0x7bb380292fd13b5ca4851dbcd73234d30d1b2682,119.95598472000006,1997.08,tajir
2026-07-11 05:43:42,day,culture,41,0x4e1fc4e94600580cf1446db2c168d8c5c038aa60,118.16620685750013,0.0,OmskBird
2026-07-11 05:43:42,day,culture,42,0xcd74b1a7669f710d56f00d95137ab190908562eb,115.53118500000005,0.0,testerqwerty
2026-07-11 05:43:42,day,culture,43,0x514bed69dd15b0aa7183f985bdce50681a026931,114.7349564469996,116.68,ProsperIntelligence
2026-07-11 05:43:42,day,culture,44,0x85727d15b95a16c91e06cba3c0ee41fa6a3f8bd6,110.59144676349996,0.0,Elkhugger
2026-07-11 05:43:42,day,culture,45,0x63850ce907044eac77fba13d59f263ade68093f2,107.63795017599114,0.0,Waterfall
2026-07-11 05:43:42,day,culture,46,0x9aeb534c42b58b21673d5e03e9da14fbd15b2729,105.2419857200075,6793.639999999999,The-Joker
2026-07-11 05:43:42,day,culture,47,0xa58d4f278d7953cd38eeb929f7e242bfc7c0b9b8,104.72643802649827,3720.87,AiBird
2026-07-11 05:43:42,day,culture,48,0x708dba576d798c24215e267413503269fe39ea78,104.26735124000015,181.99,HornyBibi
2026-07-11 05:43:42,day,culture,49,0xb0ccfba29aaf3c20ce28cf97349c951ba589f09b,99.35635783900216,0.0,EffyBig
2026-07-11 05:43:42,day,culture,50,0x4c1ee08ae0660816ef80138e39344a85c06e5181,97.81089339299979,0.0,readingcomprehender
2026-07-11 05:43:42,day,culture,51,0xbb9f224569285cb57f433bbe2e71f9b8a11b557b,97.19275176149677,0.0,rocky42014
2026-07-11 05:43:42,day,culture,52,0xac4a1fabdac2438d6afa2a9e8e83845310a0bf1e,96.64592486358742,2542.7348720000005,HerrieDavis
2026-07-11 05:43:42,day,culture,53,0x79bfe69e715f54fca27308e6044e4f0c157cbcdf,95.39155613000094,498.3,hedgefundfounder
2026-07-11 05:43:42,day,culture,54,0xd905e9d1f8e8848b9aa1d5383a6efb573c6dad7c,94.05247237999993,3027.88,Da-Joker
2026-07-11 05:43:42,day,culture,55,0xc97b0b2a2547bb3ed57167092ef8a6e816c347e5,93.31798695601174,0.0,0xC97b0b2A2547bB3eD57167092EF8a6e816C347E5-1770003388001
2026-07-11 05:43:42,day,culture,56,0xc684828f6b03487759ced2ebdd975f91f3532228,92.27764576599748,1360.32,oliman2
2026-07-11 05:43:42,day,culture,57,0x927ffeba73eb63ffb7e576aca7d32f78e54be7e7,91.12676987,1254.99,ClydeCash
2026-07-11 05:43:42,day,culture,58,0x696ec44545bf155a87217345a7edb64072821c38,90.39935751044959,5469.980377,IranAnalytic
2026-07-11 05:43:42,day,culture,59,0x93fd1445c1d5307ebad91c43f3802a3e7ab77e2f,88.32702728000004,75.94981,Kamenshyk22
2026-07-11 05:43:42,day,culture,60,0x2dbb83a1b46ce5fcd29dc07163571e1bf649f7ff,87.49902812500022,0.0,Paulig
2026-07-11 05:43:42,day,culture,61,0x564f22744b7941ade18d5e0e4f347c30e3057026,87.22586102800142,1309.89,molodoyy
2026-07-11 05:43:42,day,culture,62,0x40416ec8233566b9e25cca160bba214b1cab6f52,86.69704110350085,0.0,Terry241129
2026-07-11 05:43:42,day,culture,63,0xe2bfd02d9977bb53e5b9abf6e70b49264d0f75b5,84.3415,0.0,ExcaIibur
2026-07-11 05:43:42,day,culture,64,0xb476d52d74d0ecd55fb80f9bc96e93a267ad6eac,76.7690600364997,1405.0,vad1
2026-07-11 05:43:42,day,culture,65,0x9c6f0b98dc8e9b39749d6682dcd72b9025788b32,76.3358735149999,0.0,CashReviver
2026-07-11 05:43:42,day,culture,66,0x6018dbe1c0bd8a427271470e35744777c183170c,75.39582015000087,0.0,DimitriSlazov
2026-07-11 05:43:42,day,culture,67,0xdc71bed951076a6dfd27f6a341c441b8543ed033,70.25893755999277,0.0,0xDc71bED951076a6dfd27f6A341C441B8543ED033-1760135940099
2026-07-11 05:43:42,day,culture,68,0xeba4f0b5eea60bfe6df14e2297e58d8c152a69fb,70.1708799999999,0.0,Lukasburner
2026-07-11 05:43:42,day,culture,69,0x7e35a2a8cfd1eb1e69dacd043206db5a787f1a6c,69.65131213950008,0.0,buoys
2026-07-11 05:43:42,day,culture,70,0xbe44a2a22bb26dc1c9693b96d0800e1dcc31e906,69.03674620500033,0.0,csgogogg
2026-07-11 05:43:42,day,culture,71,0xe6055a224d277a3eb39df9ee5ea8201c55c4ac5f,68.05585724799994,0.0,CherryB16
2026-07-11 05:43:42,day,culture,72,0x732f92a77d0d7d9f3a2bca0ed6b5dd5b52b3201e,66.95736040917336,679.228942,Mr-Ferrari
2026-07-11 05:43:42,day,culture,73,0x9cdda449d7cedf1072d74982a5dc2349df3d3e97,63.47723128599955,255.91,Robbb
2026-07-11 05:43:42,day,culture,74,0xdf8b3db383a3c098f8c714fb39a4e5476847481e,62.73778466406987,3771.3,7kent777
2026-07-11 05:43:42,day,culture,75,0xa57966df81fac0d869e32336c42bca34e27aaad0,62.52866650000021,0.0,koninginhetuniverse
2026-07-11 05:43:42,day,culture,76,0xbfaf59de1a649e58333e26a5ea740d1f60637aff,60.05673539999998,0.0,trygln88
2026-07-11 05:43:42,day,culture,77,0x4490439a530cbce25b97634e9e6570e1686654d7,57.38063475518584,1817.897618,aenews-hive
2026-07-11 05:43:42,day,culture,78,0x4f8d8b5212ee84e07c5ae5b5e1122426e7f399c7,55.27320011800475,0.0,Hiohigs
2026-07-11 05:43:42,day,culture,79,0x78bd412b8acd4d42d3c784e904429e58da876f69,55.07315333,0.0,IwaSperm00
2026-07-11 05:43:42,day,culture,80,0x48e7ca9d4754021dc8b32adcaec0234dd6c9d5f8,55.03983830799916,0.0,Zippy
2026-07-11 05:43:42,day,culture,81,0x2330f65ed7e017bc3d0d9a0a5aa20292103ced99,54.69717149199994,585.69,Joker-DogVersion
2026-07-11 05:43:42,day,culture,82,0x33ead2c89e869df8d42aa65b7f3a7e3c6576f2f0,54.246970189999985,0.0,Tambasova
2026-07-11 05:43:42,day,culture,83,0xfae264c49df08f188c5fb9fddefb4585ca73c12f,54.022119999999404,0.0,FireMage31
2026-07-11 05:43:42,day,culture,84,0x4e72c22cd76f9973a48aedfd79feeaacc8b7ffb9,52.984236069999724,104.15380599999999,0x4E72c22CD76f9973a48aedfd79FeEAaCC8B7FFb9-1778811541343
2026-07-11 05:43:42,day,culture,85,0x1fcc97d92bccec98ab57be7f286c94425d77701b,52.71091885050066,0.0,.heart
2026-07-11 05:43:42,day,culture,86,0x28bf066c6cb952da62d6d182c16ad173ada64a4e,52.203074825498334,639.0,plainfolder
2026-07-11 05:43:42,day,culture,87,0xe7de76dccba9ca65e08de618954ec0ee1647537a,51.04305841999667,1083.29,NotCop
2026-07-11 05:43:42,day,culture,88,0x6b0ebbef2630b9a0da35594bf7ddd1911246e3ea,50.675363023944556,888.77181,
2026-07-11 05:43:42,day,culture,89,0xb89f5425341719d298dc2f5b9a92374f5fde1c44,50.150173034001455,0.0,iutwpfal
2026-07-11 05:43:42,day,culture,90,0xe4de861d59e174d3d153a5968bc122c66f30c949,50.0,0.0,On.The.Spectrum
2026-07-11 05:43:42,day,culture,91,0x9199ba070c49a78d7b1eb029b5c03d0b2972dd2d,49.916834999996354,0.0,0x9199Ba070C49A78d7b1EB029B5c03
2026-07-11 05:43:42,day,culture,92,0x137410816bd83911fd81fd03dd89e4ecd34319a7,48.176719023282004,934.301782,0x137410816BD83911FD81fD03dD89E4ecD34319a7-1764824238940
2026-07-11 05:43:42,day,culture,93,0x80302a5a0f7806838ea65b39d91071e63cb67b74,48.10231558099986,165.510625,Seldon26
2026-07-11 05:43:42,day,culture,94,0x233bacfb515aad6871027b95c5e4c6166f5c1f2c,47.98806808449308,996.5963330000002,0x233BACFB515aaD
2026-07-11 05:43:42,day,culture,95,0xceed63729dbad7b41afd0140f415684d8967f8ee,46.818749999998545,0.0,jdmboy
2026-07-11 05:43:42,day,culture,96,0xb51b3beffd13cde071ed799e70a7b0b598e8b4d9,46.77823369849921,0.0,cambridgeisaac
2026-07-11 05:43:42,day,culture,97,0x51f28ce013c317c1ce3de78aaa6107ed962538ef,46.162650973500035,0.0,perepuk
2026-07-11 05:43:42,day,culture,98,0x85dfe68799c81169482aad52aabd3d899404fb48,45.3660591271759,366.129045,FoolAndHisMoney
2026-07-11 05:43:42,day,culture,99,0x44a3bde6965f12953e5b3a24b38be8b4f349121f,42.9455999999999,0.0,Ean23
2026-07-11 05:43:42,day,culture,100,0x6ae1575206e99751ff60ec5c0adcaad572bc1e7e,42.60688052951582,8509.885,videlake
2026-07-11 05:43:42,day,mentions,1,0xbe0e2ccaba04e1cff6328df819aba5648578d429,432.8206654999999,943.5879450000001,hesure
2026-07-11 05:43:42,day,mentions,2,0x0679890308e1ed0c66ec0d46128e0867bcba76a0,332.64453004049994,719.70352,sanechca
2026-07-11 05:43:42,day,mentions,3,0x4247c89f4a9236a6b5fb24502023bcc98ab1455f,316.17320555399897,660.2284999999999,09F911029D74
2026-07-11 05:43:42,day,mentions,4,0xf797d4d1c038d1eb0593edae0e66bf8e4b2e0bf2,204.01584875001572,0.0,DerDon
2026-07-11 05:43:42,day,mentions,5,0x9e8ecc4cb3c4e48f544cba2fbbb252a6a65e8db8,199.66885813316912,1638.798809,DREAMBIG.
2026-07-11 05:43:42,day,mentions,6,0x0cb10c40b0776e9ee8cef970af85724654dda76c,113.43775002803159,193.011777,ninjaslashed
2026-07-11 05:43:42,day,mentions,7,0xfcf0a49aa7df97cccc5e56ddea3567b72de488f7,92.00000000000159,200.0,zippa
2026-07-11 05:43:42,day,mentions,8,0xd850eee235ec87b06d675af9901acc13eec8e26c,85.86432971999739,671.3,
2026-07-11 05:43:42,day,mentions,9,0x2b340fca886b3c7a2cc928c4a89162133fe4b202,47.032872225000006,719.2149039999999,Fluo
2026-07-11 05:43:42,day,mentions,10,0x07b90f1e574b450a6a8a782f862d1a1e8f650fbb,39.0,0.0,Dondigidin
2026-07-11 05:43:42,day,mentions,11,0x1b05bd905de098e6ea96f13835ccdcb5d2733455,33.029618481,0.0,moshinfu
2026-07-11 05:43:42,day,mentions,12,0xeface9902242b0399856f981600b907dcc9bc9a1,30.066656363696893,327.410813,macrosteaks
2026-07-11 05:43:42,day,mentions,13,0x4b19e0ae70f76911562a1c277f4b5257ba8e3ee1,29.414360050200003,88.641525,motherofgod
2026-07-11 05:43:42,day,mentions,14,0xa63fc519abee78917a51b92978decec3c5034f7b,26.541666340000006,0.0,scupper6
2026-07-11 05:43:42,day,mentions,15,0xc9727ed498a58a9e8e8758d51c5a4eb0b752dcd9,25.82907863500168,117.33934299999999,dyckpaths
2026-07-11 05:43:42,day,mentions,16,0x5415c298dde8c84f4ba726d36b411df6e9a72a6e,25.203639999998813,0.0,-Dominus-
2026-07-11 05:43:42,day,mentions,17,0xb1fa621b8c5afd23a42f3720d207dc09146e1d22,23.75,50.0,StrikerXX
2026-07-11 05:43:42,day,mentions,18,0x846988dd97915cc9a847e5ac435262322e55dab0,23.709403,640.0,aa444
2026-07-11 05:43:42,day,mentions,19,0xcb14f61711d913773f4b982af340fa7eae175358,23.238223358294363,173.246665,ooops
2026-07-11 05:43:42,day,mentions,20,0x6cb67f27911771eb23e1cfa43c0b9f15b109d647,20.54801135697302,181.081078,
2026-07-11 05:43:42,day,mentions,21,0xc33d6aa3eb972639f31e46a6a02201cece380d40,19.54416745999788,39.6,penguinec
2026-07-11 05:43:42,day,mentions,22,0x3e86f9ccd81e6919dc3a2161d2303fddac4f2c40,19.388275485430004,781.2296590000001,DougJay
2026-07-11 05:43:42,day,mentions,23,0x18fc98434be1cd6bf7c1040c8d26a2263d78a3f5,18.890647725000004,0.0,0x18fc98434bE1Cd6Bf7c1040C8d26a2263d78a3f5-1783073128840
2026-07-11 05:43:42,day,mentions,24,0x66c1a6fe836ff555ca32848646acedbbe93bfa3f,17.354949999979,0.0,GhettoCapital
2026-07-11 05:43:42,day,mentions,25,0x47084c8677adbbe81b42036d6095ccb190da9580,16.96672049999995,20.0,AllyouneedisClaude
2026-07-11 05:43:42,day,mentions,26,0xacfe5bbc96fb4976ecc4693997c063c332bfc247,15.81375000000002,12.5,bakanabaka
2026-07-11 05:43:42,day,mentions,27,0xee033c97496b0cf420fecd0ff2962c8606e66edb,15.7565251850001,0.0,taylordr
2026-07-11 05:43:42,day,mentions,28,0x3577763ad9d0d03f8977c74b962df9dea4996eff,15.178309719499964,0.0,0x3577763AD9D0d03F8977C74B962dF9Dea4996EFF-1767394315226
2026-07-11 05:43:42,day,mentions,29,0xfe495635aad93a476355c5ce38ae0af530197a4c,15.158449999999903,0.0,DOG-UndressedVersion
2026-07-11 05:43:42,day,mentions,30,0xe0dcc05376176f9f9e5160b9aae6f51e2ca93944,13.49718808999998,711.12,Dr.mett
2026-07-11 05:43:42,day,mentions,31,0x6ec8f924c90fcd6d2f4152596ca71de758c799d2,13.086397740000052,0.0,coffeeface
2026-07-11 05:43:42,day,mentions,32,0xa5ffa6df399cea0a5794a5d4628d1eac29d3d69f,12.554999999999996,0.0,
2026-07-11 05:43:42,day,mentions,33,0x21ffd2b7a212a6f277ed3eca1a9f8efcbca90d71,12.040025749999813,546.57,Haradwaith
2026-07-11 05:43:42,day,mentions,34,0x229c0a7d92977a9934e5ac2348d507988996b966,11.820823834999715,41.66,qqqppp-l1
2026-07-11 05:43:42,day,mentions,35,0x5173c1ab73cd0de79c39ba31654fff31d4dcc07c,10.516809999999996,0.0,BuD
2026-07-11 05:43:42,day,mentions,36,0x9fc3008979bad97e6ea01a7062bbf7f3edf212af,9.849009031000065,86.93,keynesian.multiplier
2026-07-11 05:43:42,day,mentions,37,0xcc2c17375fe97e38e1f734ae30f42cab57f20a2c,9.273500424998929,0.0,L.X
2026-07-11 05:43:42,day,mentions,38,0x726c6e3d5cdb1a8a97b38c0e2d88448b19d66bfd,8.713510340000653,68.6,idl
2026-07-11 05:43:42,day,mentions,39,0xce85984e8e15d27c160768fdb86cd9f0f924e292,7.829312528880001,38.34252,Basedrs
2026-07-11 05:43:42,day,mentions,40,0x4b8ae011176b76888949476d7fb7a56985faf4a4,7.157277791004162,0.0,chessplayer
2026-07-11 05:43:42,day,mentions,41,0x71f55f2605ead44c73e080b37e5d162882724cce,7.071109169999545,0.0,legendofanime
2026-07-11 05:43:42,day,mentions,42,0x79bfe69e715f54fca27308e6044e4f0c157cbcdf,6.651010400000018,37.0,hedgefundfounder
2026-07-11 05:43:42,day,mentions,43,0xa05d4b1cbe14a368255dca8c47ac55b7dd455e4b,6.58383995,0.0,ilwolfjp
2026-07-11 05:43:42,day,mentions,44,0xf903c4cd098184e67a06a04f9b8fdb36e7bbe028,6.000116609999623,0.0,Viserys
2026-07-11 05:43:42,day,mentions,45,0x48de64f9b224609361539d2cc86d30f0d0190c51,5.532849999997779,0.0,Ultimatetwo
2026-07-11 05:43:42,day,mentions,46,0xd5707ff4ff6476f0ea344a46770c84b4436fb90a,5.499999999999986,0.0,slmndr
2026-07-11 05:43:42,day,mentions,47,0x9434869873423ebf81532154367c5917c70b99f8,5.371427874999999,0.0,0xbaFFf33AC633bE69b2a96071DBE05A2feAE4402D-1768549587724
2026-07-11 05:43:42,day,mentions,48,0x649414f611a73b2c9aa847ae51cd3d55f013c1b7,5.176637024999991,0.0,Frivandus
2026-07-11 05:43:42,day,mentions,49,0xe215f8fd83e3cff0c11262c14fdf9ba1862c1c22,5.135000000000019,5.0,tweetmaster
2026-07-11 05:43:42,day,mentions,50,0xbc605ab11e44f0b09762313f2cdfb6b25514af79,5.0,0.0,spacegliderr
2026-07-11 05:43:42,day,mentions,51,0x512343f9772ad169e4b1136a408f543095292f31,4.851561149999981,0.0,0x512343f9772Ad169E4B1136A408F543095292F31-1775503970515
2026-07-11 05:43:42,day,mentions,52,0xb77778b0ed37ad61176519da34b24118c9593ff9,4.680650472999901,242.78,tiongbu
2026-07-11 05:43:42,day,mentions,53,0x8dd8f566b50f54a7a8ec02412723974b40679a1c,4.542940344999806,0.0,pengu1n
2026-07-11 05:43:42,day,mentions,54,0x9f8e0ea45dbb357b5ab205dda975cd224dad2175,4.213148150000006,0.0,johngmason
2026-07-11 05:43:42,day,mentions,55,0xd6a39cef30c927c4d57b5cc519f3a2d0332a9738,4.0535,0.0,Bambi2Hill
2026-07-11 05:43:42,day,mentions,56,0x5c4422324723aaf6fbfc41e8a727ae850136a66e,3.891680000000008,0.0,OftenLosing
2026-07-11 05:43:42,day,mentions,57,0x9bd3078c61dd897b6615e21416f59b7ac1e09c69,3.846767,0.0,Nosazemen
2026-07-11 05:43:42,day,mentions,58,0xbe944cdbbdd30216239544e80872695127567bb6,3.7999999999999545,0.0,meatrobot
2026-07-11 05:43:42,day,mentions,59,0x04dbe94fc549e2bfff09aec1cd9d02960adaf0fd,3.401250000000033,9.07,7...
2026-07-11 05:43:42,day,mentions,60,0x095704be156ec4e353110a82cc584b1173a25db6,3.382500000000002,0.0,holdr
2026-07-11 05:43:42,day,mentions,61,0xb08223d6994cf79c10afc58653cbb8051ed55138,3.3766500000008364,50.0,ChoiceMeteor2520
2026-07-11 05:43:42,day,mentions,62,0x41e6de55cf3bd608b50952f681dfb562187466b7,3.354950100000025,0.0,POB-T
2026-07-11 05:43:42,day,mentions,63,0x9381eeb126e32cbacc011ba99a97da1bc6bc8059,3.3000000000000043,0.0,justlookingdontmindme
2026-07-11 05:43:42,day,mentions,64,0xcb016f2b417f98c88fc91fffe7e69d4a6b1c7dfb,3.27254999999991,773.0,0x7e1f9c90800E42806e242ABC5fcf26B571c79C27-1775842903107
2026-07-11 05:43:42,day,mentions,65,0x765c3441b5161683541bbbf7c0bc7d71b3d9dbb6,3.2316740531040278,14.68262,nc3iceibvtvetvbt
2026-07-11 05:43:42,day,mentions,66,0x8d0c3509c152e1b4abfa470b0868ec3cce26e1ce,3.117648398500002,0.0,romanew-7-spread05
2026-07-11 05:43:42,day,mentions,67,0xc6d4103654b06e179aa43046c064a6519ff13e55,2.8943928500000013,0.0,ullallah
2026-07-11 05:43:42,day,mentions,68,0x8c65191e411feec6c73aefbd74a55d246099dcf7,2.8470363864920074,0.0,ManBOOOO
2026-07-11 05:43:42,day,mentions,69,0x85baa5e4d5f7a38c48309e363fcb8098552ae33a,2.7998824800000044,20.0,ev345
2026-07-11 05:43:42,day,mentions,70,0x7e48ba4a577d2c4969cf4569f6f28e8d10b3d2c3,2.7714272850000006,0.0,sappireflames000
2026-07-11 05:43:42,day,mentions,71,0xa95508ed7aa4ab0355ee02356cdcd20c2ba64b3d,2.7537576149999694,0.0,eee535
2026-07-11 05:43:42,day,mentions,72,0xa356cbd599d109e8ec7da6ccb595a3bb963b5538,2.739548280000001,0.0,Wizardx
2026-07-11 05:43:42,day,mentions,73,0xcdbd24cbc7a3582137db5996c0aef7f1949ed0df,2.7249999999999943,0.0,ttttttawft
2026-07-11 05:43:42,day,mentions,74,0xa750f5b7dafe7ffc9107ecf345b792a1c6c30d0f,2.718350000000015,0.0,asakku
2026-07-11 05:43:42,day,mentions,75,0xd96aa9293c34e244734f8b22bbcfde0ae9eed8ce,2.6131548983330397,7.666665,
2026-07-11 05:43:42,day,mentions,76,0x6b0ebbef2630b9a0da35594bf7ddd1911246e3ea,2.4051487820000688,116.5,
2026-07-11 05:43:42,day,mentions,77,0x41cb8653fd75ebf2a46741d224dc596e5a72a5df,2.3454792748416367,23.35,AnaFav
2026-07-11 05:43:42,day,mentions,78,0x3908431bcc2aba3fae8dd2756dab9b63ff10d10e,2.334329249156993,21.04102,xykj1
2026-07-11 05:43:42,day,mentions,79,0x498d2c5fe99007297cb82c60883ff37ddf96e2ac,2.1978658300000005,0.0,0x498d2C5Fe99007297cb82C60883Ff37dDF96E2aC-1721796677000
2026-07-11 05:43:42,day,mentions,80,0x42bcce5ce467243cbe40a9e67eb2a6a6873a63e3,2.1285999999999987,0.0,0x9a78c6a27EE55899E86322b0568eb7760c3959b9-1777073458392
2026-07-11 05:43:42,day,mentions,81,0x8a4ec9c5684b23599bb1dd827b8a5673c2fab38c,2.114293999999063,57.0,Jamieeee
2026-07-11 05:43:42,day,mentions,82,0xa5458d734efaed63e2579badc0e212a18926d561,2.1052630399999996,0.0,0xa5458d734eFaED63E2579BAdc0e212a18926d561-1781615871760
2026-07-11 05:43:42,day,mentions,83,0x0b9f73c7949a177a77e7370663990ab0dafcc553,2.07692235,0.0,Sthori
2026-07-11 05:43:42,day,mentions,84,0xa2b6c5e6a1d7000efa2aeaf7b4f375b02bf84451,2.048497700000002,21.59,
2026-07-11 05:43:42,day,mentions,85,0xdacf9f8d0341fa3770fae5c7ccd9dcfed23e3c74,2.041713000005984,421.42,CosmicCedar
2026-07-11 05:43:42,day,mentions,86,0x929a8eb9be3dc9fa54970f10b8195766f1095ab4,1.9283324865069735,52.28,0x929a8Eb9bE3Dc9Fa54970F10b8195766F1095ab4-1774939223503
2026-07-11 05:43:42,day,mentions,87,0x1e94ed3120b2758098015fc4371302539f4ce436,1.8183660000000046,0.0,crypt0xDiiGz
2026-07-11 05:43:42,day,mentions,88,0x571e0184311138af68bda6a2b6ccec5e025c67b2,1.8000000000000185,0.0,0xMonzi
2026-07-11 05:43:42,day,mentions,89,0x385e7a7054ddf03fd641ec7ebde25ea66a623896,1.8000000000000114,0.0,g4mbl3
2026-07-11 05:43:42,day,mentions,90,0xb94f0ea2ddde1779122834ec827b56afe82804d8,1.7974000000000387,0.0,yuyuyuyuyyuuyuyu
2026-07-11 05:43:42,day,mentions,91,0x23c46463c281deb26a041fdcc24ae9c5d7629c42,1.7845450000004348,0.0,oidocrop
2026-07-11 05:43:42,day,mentions,92,0x45e6df48ccf5d1773d509c97052f819690cec078,1.7739999999999998,5.0,0x45e6Df48cCF5d1773D509C97052F819690cEC078-1782111207998
2026-07-11 05:43:42,day,mentions,93,0x4db57dc68f953d2a3e67d986d8881a08468dca02,1.685178449999995,34.14,
2026-07-11 05:43:42,day,mentions,94,0x04f6dab1a3d35fc9ad828536cd0f493013fd311a,1.6679563749999033,0.0,LineEditor
2026-07-11 05:43:42,day,mentions,95,0xe1283710ca27671fcd4f80f7109c2ad1bfa5ccb4,1.6666665999999992,0.0,ApollowVL
2026-07-11 05:43:42,day,mentions,96,0x7ed0a33693a19378318f160064e4f9c1c27a9c4f,1.6155000000002246,0.0,Romiche22
2026-07-11 05:43:42,day,mentions,97,0x961b2866b349bad732c6fce081af9090be4d2b00,1.5653327749999892,0.0,erFiodena
2026-07-11 05:43:42,day,mentions,98,0x38d5a13ef8e32d5e5a808ceba52d6ac78d4c063c,1.5599999999999454,0.0,JonnyA
2026-07-11 05:43:42,day,mentions,99,0x30f67d821c57a54e25e5e521dbd3b5b18309004f,1.5485165999216406,50.83,shiifoo
2026-07-11 05:43:42,day,mentions,100,0x5e2c9027e13db8cc4d3281c88acf7d7b824c5dc1,1.5483912549999985,0.0,orbiterix
2026-07-11 05:43:42,day,weather,1,0x4f1164d1531b8fb77919df285c576628318553b0,759.7963529670287,4183.571782,yourthos
2026-07-11 05:43:42,day,weather,2,0xf8dc8cd0fd55eccb5409ed99ed90a86bc7f0f31f,711.4721671830557,8465.781135,dingdingdangdang
2026-07-11 05:43:42,day,weather,3,0x7c63520c2ca9b336af0c205b9ccf68217bb393d4,536.1238814340832,7977.122379999999,opopv.
2026-07-11 05:43:42,day,weather,4,0x1cd2da1d25c07776dcc6bfee2c5589da2d98c304,494.322547584301,5628.922893,BeefSlayerHive
2026-07-11 05:43:42,day,weather,5,0x74957ea27ac4fbdee46d861fdae357859ff67fcf,474.416281180278,2662.558827,ultralisk
2026-07-11 05:43:42,day,weather,6,0x46f1567acfcaadf73999e1e14fc892473523701f,425.4746345295207,0.0,sirrothko
2026-07-11 05:43:42,day,weather,7,0x4f74fd3694138c4bc93104ba61bd580409d98774,407.7342093009652,1275.3858169999999,
2026-07-11 05:43:42,day,weather,8,0x6ff2cb14da8be7eb57541d250a0196c5f295f140,375.08564506701805,2956.105342,0x6FF2CB14da8BE7Eb57541D250A0196C5F295f140-1779007910425
2026-07-11 05:43:42,day,weather,9,0x91f83dd2e149d23bf2193275d3ec4c8c07abd951,366.384576813736,5284.699278,asplla
2026-07-11 05:43:42,day,weather,10,0x0a8eee5cb1f039540abbbecc03571146048c05a4,284.16403535455856,1579.0887469999998,
2026-07-11 05:43:42,day,weather,11,0x213e1deb37695fb513e1110e6506220c37a75e0f,274.60459927925876,813.5332559999999,RecoveringGamblingAddict
2026-07-11 05:43:42,day,weather,12,0x0484bf76425db5021ce2d369f78fc125906d4830,252.01741520621363,2329.4284750000006,sleeper-service
2026-07-11 05:43:42,day,weather,13,0xfc0f1200bee4c176a468eb26ce6b5584fe30c1e6,249.128901574,0.0,market3
2026-07-11 05:43:42,day,weather,14,0xc7d02944a76b9f83b199e9090ecc92c82d241f8a,244.61601127518952,5065.843292999999,0xc7D02944A76B9F83B199e9090ECC92C82d241F8a-1776944395495
2026-07-11 05:43:42,day,weather,15,0xfeccdc127f399b4f5222386922c58ff634ca77da,243.54777078859388,1344.0109630000002,viksha11
2026-07-11 05:43:42,day,weather,16,0x17bd8a9d2f9f5754d327528d28797aed50a6f0ba,236.84831696000003,488.22,eyeonu
2026-07-11 05:43:42,day,weather,17,0x1e53e5e0a496b353893caac150e990df900714e7,235.5045892364999,222.92000000000002,0x1e53e5E0A496B353893Caac150e990DF900714e7-1768943982727
2026-07-11 05:43:42,day,weather,18,0xb902c1344e37515112340adc929154563e8206d8,231.42167622,0.0,Qress
2026-07-11 05:43:42,day,weather,19,0x9d3fd9a25960ca82bf02c83f37f70d5b96d0fde2,217.6806514468151,1910.099906,haassam
2026-07-11 05:43:42,day,weather,20,0x044f334595a7fd42c143e11c8ec47f23c8d1d1f1,217.3981330011302,4052.963542,gghff
2026-07-11 05:43:42,day,weather,21,0x535b242f133522a5686e8859df0d4114b8ca4b60,208.2781811494998,0.0,Sold-my-ps5-to-bet
2026-07-11 05:43:42,day,weather,22,0xcd154f053a291f46e550d5fbcd4cfa7ddbc4b352,205.60899320071985,33446.41978900001,antoniosporano
2026-07-11 05:43:42,day,weather,23,0x35fb9ff237ffe318d6e8b2d026dc339134bb8511,203.93135912000017,0.0,BobAxelrod
2026-07-11 05:43:42,day,weather,24,0x21f446c3c5532f1ebfacbd82a190a75fcffd81a6,197.339231874,908.633899,dsfdsddd2
2026-07-11 05:43:42,day,weather,25,0xec86a2d3f69015b1a9382e4dfa8695e1b48760e4,196.0720696235694,6645.610959000001,0xeC86a2d3f69015b1A9382e4dfA8695E1B48760E4-1770735132210
2026-07-11 05:43:42,day,weather,26,0xf56ccbb9d8158ae1dda67207d1f76acf2f81ad84,194.72775193645975,9818.471807000002,LXJXLJ
2026-07-11 05:43:42,day,weather,27,0xd66196189fee25e395d55dcc966cdfc27e0d2750,189.77501579175623,5481.33424,0x-PVG
2026-07-11 05:43:42,day,weather,28,0x66d609dbda9df641eff684190a01182f6de450c7,188.04183477149854,0.0,LieutenantMiloMinderbinder
2026-07-11 05:43:42,day,weather,29,0x116db6298abcdefe06f9f5458c293c7de185fbf1,183.4594707099386,4497.89,opopv
2026-07-11 05:43:42,day,weather,30,0x06e8b7d7474f561130533455b0a9bdcc56339c25,179.7778388034567,6466.116635,6862584
2026-07-11 05:43:42,day,weather,31,0x23d18416645924e097c453e8ceadd4bfeb6a353f,178.00006000008398,0.0,fcomp3
2026-07-11 05:43:42,day,weather,32,0xb92a9cc6f1147c8cee60814a0b1ad76959bd299a,166.70278932318655,735.076717,
2026-07-11 05:43:42,day,weather,33,0x331d8ec8d8931b479007f4931a6b25b0b6628846,164.89538925837223,5771.7920540000005,shamu9527
2026-07-11 05:43:42,day,weather,34,0x612094fa2acd67d2a38f02a4bb5559ae1a27f1fe,164.43216286450055,293.29,PintouOClima
2026-07-11 05:43:42,day,weather,35,0x937bcac3a8a30c07d827ad0550c3fe3a6756bfab,161.01088824826365,7031.104328000001,bhuumi
2026-07-11 05:43:42,day,weather,36,0xf84d10bcae66a69c39ee2292c6898aa107b25e65,153.90437805561464,2538.128087,leke
2026-07-11 05:43:42,day,weather,37,0x4de148ab2ea9ddffdc82f5e5b8f7605d6ba118a2,153.8811223148873,932.4812,dtyb
2026-07-11 05:43:42,day,weather,38,0x9b129ad05bc0a8df3c73dfcc66fe75252daec2d5,151.39403178667612,3298.7103359999996,0x9b129aD05Bc0a8df3C73DfCC66fE75252DaEC2D5-1778811687225
2026-07-11 05:43:42,day,weather,39,0x0d984ba8bbbb5e62508ad990e47f47bc06c5261e,149.0937363594926,2105.518732,SayuCTZL
2026-07-11 05:43:42,day,weather,40,0x31dc82b045945e99704047f084f18e94a3c1ce99,144.7162503966856,39.806664999999995,SCORCHEDBBOT
2026-07-11 05:43:42,day,weather,41,0xf1899a30a2c016941bf4abd77b900ecacd768e47,143.65070318809524,3397.8586040000005,Alicia
2026-07-11 05:43:42,day,weather,42,0x4ce3f17be91c3d0d6dbfed7bd4d326957dec4291,141.16232394941835,2849.538986,0x4CE3f17Be91C3d0D6dbFed7Bd4D326957dec4291-1768045938794
2026-07-11 05:43:42,day,weather,43,0xaf17116ae2b1476032785a67bd5b7c8c05905c20,134.48085421748692,220.0,huskyvs
2026-07-11 05:43:42,day,weather,44,0xc2f2d01b227948e59f25aeb3d49564b8975d0ff7,133.87789500000008,0.0,claudesports
2026-07-11 05:43:42,day,weather,45,0xca9ce8ca8bc47bcf52b57df6e3e960e64d0ee62b,129.27240736746592,1584.8467229999999,
2026-07-11 05:43:42,day,weather,46,0xa81eefec9c08fa157d855f1ac5caf8feab1903dc,121.06875417499987,0.0,Snow-White
2026-07-11 05:43:42,day,weather,47,0xfa8cbc8ea1d02e5ce5df2948ed5c3ec1591d9169,117.3046680790876,3061.503616,0xfA8cBC8ea1d02E5CE5dF2948Ed5c3ec1591D9169-1779235867284
2026-07-11 05:43:42,day,weather,48,0x0335cb69dd7498a24c39edea33c925ce51d36eca,117.27456436250213,7237.631338,LittleBitBadBoy
2026-07-11 05:43:42,day,weather,49,0x6011655c4afb76f36dd1b08a137a1ba73466b31e,117.09409099999903,3481.26,HighTempTation
2026-07-11 05:43:42,day,weather,50,0x814de45404c20dd9956737a83f7c8b0b039eb842,116.42844999999943,0.0,resfeber
2026-07-11 05:43:42,day,weather,51,0x764b305694b026c1acce7bf862c3b5456a146bad,114.88250307594717,2676.464704,quietparcel
2026-07-11 05:43:42,day,weather,52,0x7300833941f579802d58791eb1d0152c1b17e52c,113.6806611364932,3716.081912,PontiusPilate
2026-07-11 05:43:42,day,weather,53,0x01ced860d8dca5d7987579d2a2635df8520d27a2,112.07920268407543,849.0860839999999,CreamCream1215
2026-07-11 05:43:42,day,weather,54,0x5a218c7ad04135830a45c41aaed7294df7809318,109.890631374652,6313.138734000001,balthazar
2026-07-11 05:43:42,day,weather,55,0x97abe233a0eb7f3b1a23c6e083892d6d05baa19f,109.23988980599825,3029.3025,GodsChildSeeksForture
2026-07-11 05:43:42,day,weather,56,0xf27a3520be0776a0f6cc12b7f511c5b848e178d8,108.85096228096387,3218.196209,0xf27a3520be0776a0F6cC12B7F511c5B848E178d8-1778430718713
2026-07-11 05:43:42,day,weather,57,0xc60bb547dbdf59c8d1746bc8a754accc3809d9f7,106.05424544501147,0.0,limitless00
2026-07-11 05:43:42,day,weather,58,0x4e8deac8c35ff5321fe8a0a9fb6dfc4b0bbf3b13,104.29788353422117,629.694174,jam516
2026-07-11 05:43:42,day,weather,59,0xbc4e46aa57fc149c046e847dfe5ae536db697dbb,103.23599385272246,2434.9479380000002,Ner.ner
2026-07-11 05:43:42,day,weather,60,0x945a49252f772a10c6ddd1d1e1e24ee20438a48c,101.75768929919286,10825.124866000002,zxcursed121
2026-07-11 05:43:42,day,weather,61,0x15463d7c82ad6df69260a9def5e19c8ff838778b,100.59960510208475,1155.537433,meichuanneiku
2026-07-11 05:43:42,day,weather,62,0x005ed998fcb786679eb8bfd0d20c15c0903d6d8e,99.52585618210361,2730.762612,0x005ED998fCb786679Eb8Bfd0d20c15C0903D6D8E-1778811773658
2026-07-11 05:43:42,day,weather,63,0x28bf066c6cb952da62d6d182c16ad173ada64a4e,99.11362081314473,3782.8969429999997,plainfolder
2026-07-11 05:43:42,day,weather,64,0x52ebca459280966f4a56240a05e38df8527067ac,97.9443140283729,0.0,AMAM13
2026-07-11 05:43:42,day,weather,65,0xdd22fb0e71982d6793e9a22e47306c462eba2013,96.17035941761605,292.826828,
2026-07-11 05:43:42,day,weather,66,0xc89f852e0af8bd2db76c2719f14e160776a614a9,94.92081984210304,879.802861,ForecastCat
2026-07-11 05:43:42,day,weather,67,0x18aee702a6b7d9007dcc7c03f4cfb51abb7d314c,94.65048876481876,2431.668223,BarometricBros
2026-07-11 05:43:42,day,weather,68,0x7de7cbeba7e2ea14c6445be39d4d46a3cf14a9c8,94.3554528600007,0.0,inventive
2026-07-11 05:43:42,day,weather,69,0x29f8da02e78a87b2d9a844124ff570d5cee34d7b,93.67540186000133,624.33,henh3n
2026-07-11 05:43:42,day,weather,70,0x8fbd7cf5f806f563080864694415829f7229a959,92.8783816319883,8851.873619000002,badatmath.
2026-07-11 05:43:42,day,weather,71,0x443f44ca2d9cc3d2c3e913d4882a61851078a5d4,92.79372702495743,1291.6535000000001,dongganguangbo
2026-07-11 05:43:42,day,weather,72,0x6a8d1709bfb718d8555d315a983c4816278350f9,91.70719271760754,2738.387163,OnlyLuckNoBrain
2026-07-11 05:43:42,day,weather,73,0x652d6be4a7532227fd1dc3d3c69b0a0a1dc446b3,91.69680595737555,4879.699978000001,0xALJJ
2026-07-11 05:43:42,day,weather,74,0x73534402899084573c0f0ddc003674eba01cb6c5,91.48459532730294,2941.071801,newbie147
2026-07-11 05:43:42,day,weather,75,0xc327160887453b4e7e2e6c0964c854055c79d803,89.02997341448045,1192.955477,emtf
2026-07-11 05:43:42,day,weather,76,0x054605d9224ca48239edfb53260b1b319e3017a9,87.36012019414295,1845.741817,princeyin02
2026-07-11 05:43:42,day,weather,77,0xdb33d35ac311c2cfdb7a83378998ee66acea19d9,86.4456921195,0.0,jjaysunn1
2026-07-11 05:43:42,day,weather,78,0x9980c0465a5ed644b94a44fadb0b7811d043a036,86.37158143231989,286.51472,0x9980C0465A5ED644b94a44Fadb0B7811d043a036-1777897068084
2026-07-11 05:43:42,day,weather,79,0x1916497d2fcd64b91e732819b201006bf4d61268,85.27702211116805,97.851522,Always.losing.money
2026-07-11 05:43:42,day,weather,80,0x1941ca5d7f587827da004b1b1551b0bd6429deea,84.64364008598568,4955.567726,0x8e7a8d72Bdx10a8H37R6bsF568dFa52E
2026-07-11 05:43:42,day,weather,81,0x38e2f5d6d1693a365e22b7ca0c715f8d92da2909,83.94066043563089,1118.684824,0x38E2f5d6d1693a365E22b7ca0c715f8d92Da2909-1774307530180
2026-07-11 05:43:42,day,weather,82,0x53c0409f855b4b13eda6a0de139511f024ac33a5,83.2718829817999,370.12924699999996,GNN
2026-07-11 05:43:42,day,weather,83,0x6424a2c217a74ed5af126d577774be3c97e32718,80.91639602570592,0.0,TheHamsterHunter
2026-07-11 05:43:42,day,weather,84,0xfaf3b7150dc6ed25903e177eeb53d8436f38782c,80.30914469446094,573.5831520000002,0xfAf3b7150dc6ed25903e177Eeb53d8436f38782c-1779082234610
2026-07-11 05:43:42,day,weather,85,0xdadbf9e1df1b8d7a184a0d6ab9c83b2337b61870,79.92545509000047,1300.1399999999999,Sorruby
2026-07-11 05:43:42,day,weather,86,0xf1deaef91fafc2857c680ced5a15a6f506d1bbbc,78.80171805300029,439.146812,gnrz6u3mk9i0lfl1vkj6rlmwgbxlh2jt
2026-07-11 05:43:42,day,weather,87,0x5bcd90dc168e93b7f6a7ac21c6bd46a6c338cf4b,77.14235812625702,1295.41,JvrdtT
2026-07-11 05:43:42,day,weather,88,0x2acf345851bd6dbcee9c07d157f58386a4fdf9bb,77.03398643701075,309.970618,0x2acf345851Bd6DbcEE9c07d157f58386a4fDf9BB-1769529267515
2026-07-11 05:43:42,day,weather,89,0x2d0fbf6995692cc56f21171a9993be04436a81aa,76.8767282318513,7257.107038,Happening9014
2026-07-11 05:43:42,day,weather,90,0xc8ab97a9089a9ff7e6ef0688e6e591a066946418,75.39930710554472,0.0,ArmageddonRewardsBilly
2026-07-11 05:43:42,day,weather,91,0xe8a188a1fa2abd27e1b4557c0824c8c29df71d37,75.08579447000011,502.57,hkooooo
2026-07-11 05:43:42,day,weather,92,0x3dd1cf0515af12542488af04388404fb056e557e,75.0076978838348,495.11,0x3dd1cF0515aF12542488aF04388404Fb056e557E-1777227435219
2026-07-11 05:43:42,day,weather,93,0x4989bfed5900ba096b08ba1f9b718464527c983e,74.01902096642675,704.0227570000001,weather.macau
2026-07-11 05:43:42,day,weather,94,0xbbb72a812cfbc5217d77c0a0018c71f174d3a11a,73.79135649950149,0.0,sailor82
2026-07-11 05:43:42,day,weather,95,0x2dd8c8f71a741ade1808b7053803fdcecd34f169,73.61320563110401,923.4190249999999,heibenxiong
2026-07-11 05:43:42,day,weather,96,0x4e5c2d65703d9f4c155c716774ebcc181cf5d892,73.08023446250809,768.83,NullHyper
2026-07-11 05:43:42,day,weather,97,0x16c7337106a0b3a06ff863a1c06d8e2cbf7322cd,72.22638023712534,2756.8278880000003,0x16c7337106A0B3a06fF863A1c06D8e2cbf7322cd-1778811943243
2026-07-11 05:43:42,day,weather,98,0xb0c85813a7a4428f1139ff91d3118a92c391fe7f,72.1659174420497,4095.284440000001,mustafawenairdrop
2026-07-11 05:43:42,day,weather,99,0x6a5681044e62a6354aafa5d6ac5c0c36f1635a55,71.04000996849987,237.76999999999998,khmnkd
2026-07-11 05:43:42,day,weather,100,0x10d5defe8d9689e2dc90246ea8cb6018d8a933fd,69.48263028139195,546.58132,catmaxi
2026-07-11 05:43:42,day,economics,1,0xdbf16bcffa41bd95faec2640daa2c95ab2bd86b5,1269.2148500790245,0.0,UnderperformingForALiving
2026-07-11 05:43:42,day,economics,2,0xe7387473b067235436884d16799777cf279edf65,978.8591163049714,0.0,Huludubu
2026-07-11 05:43:42,day,economics,3,0x60ab628a82cdf7b9274ff1587f1b30211b763206,881.8224518440111,0.0,FB92
2026-07-11 05:43:42,day,economics,4,0xce1d15f4ab2e11cca6fefe4fe7d70889e6531b9b,574.999941025002,0.0,armads
2026-07-11 05:43:42,day,economics,5,0x39c3d7208946b664aab88797225a418f9d4e0c7e,488.05230842899937,0.0,sam52727482916
2026-07-11 05:43:42,day,economics,6,0xe472ce6be1fb4673d6155de37e414ead8bace7eb,426.0676036320856,168.16,TheRealWarMonger
2026-07-11 05:43:42,day,economics,7,0x01309d49fd508ba7b2379967bdc7197e5b47274c,398.1679150000018,0.0,Fulgurator
2026-07-11 05:43:42,day,economics,8,0x96489abcb9f583d6835c8ef95ffc923d05a86825,382.16796522657387,0.0,anoin123
2026-07-11 05:43:42,day,economics,9,0x78ad03d27582cd1b5255d364ff8f093b6cf745cc,346.434349799998,0.0,XVFlow
2026-07-11 05:43:42,day,economics,10,0xfbfd14dd4bb607373119de95f1d4b21c3b6c0029,338.446255071176,10342.880664999999,XAE12Archangel
2026-07-11 05:43:42,day,economics,11,0x801dbe416065cfa8ecffeae526eeb37f393fd8e0,319.99917083499895,0.0,Niseko
2026-07-11 05:43:42,day,economics,12,0xa77413303bd7e98a945bce9196499cbd2975d9af,310.2332071569999,0.0,0xA77
2026-07-11 05:43:42,day,economics,13,0xfbe66593e49c4e7a7180a2582f041158bfb800f8,267.6991196350009,0.0,gaven-willwin
2026-07-11 05:43:42,day,economics,14,0x2dc04d9c86ff01b81cabfa0cf0c18150bc3d3df6,264.0275964605007,0.0,polmarke195
2026-07-11 05:43:42,day,economics,15,0x94daa3bf531255d6565e937c7249d3918fa12bf1,260.4116159100031,0.0,SaracensCapital2
2026-07-11 05:43:42,day,economics,16,0x03d52fddfaff7f348cd3c30585f2c303a37d97af,240.04705233700042,0.0,fur-fox
2026-07-11 05:43:42,day,economics,17,0x9c2617462567859fcf5764e03b9a687ebca274bc,225.00002251000114,0.0,Tigerofthehood
2026-07-11 05:43:42,day,economics,18,0x4d417fb3c36b435dd5ba5f038c42ca70890b6aca,224.779125582,0.0,slobber
2026-07-11 05:43:42,day,economics,19,0xdd9c961288a032098076267bd665d407dac231a0,217.71664090204285,0.0,hippoka
2026-07-11 05:43:42,day,economics,20,0xeb6f0a13ea8c5a7a0514c25495adbe815c1025f0,214.05857947272307,6829.879795999999,ARUNDEL99
2026-07-11 05:43:42,day,economics,21,0x3eedf40fc4b73cf145b6e5e35d7c6ca645e4cb2a,198.98036517900005,0.0,RewardsMafia
2026-07-11 05:43:42,day,economics,22,0x30e443872ddf63b2908a49f92cd690c304a55102,198.2015195299973,0.0,truthteller
2026-07-11 05:43:42,day,economics,23,0xfb57f8670d2f51a76b0ce40c533ed7d7328c0a46,197.9192150000017,0.0,ppxtu
2026-07-11 05:43:42,day,economics,24,0x74470e94adf5bad58511830aef1ccae1e363920d,190.16596759500044,0.0,shrewsenhower
2026-07-11 05:43:42,day,economics,25,0x0c21661b7b1f474914d3e77df65700b341aa2a53,183.02282543399997,0.0,0x0c21661b7b1F474914d3E77DF65700B341aA2A53-1726558601666
2026-07-11 05:43:42,day,economics,26,0x0921eabef807a0d6cf44ab86827d3a1fd9714aaf,163.093904705,0.0,Aluluba
2026-07-11 05:43:42,day,economics,27,0x1f9e15f39bbd5d163b0eacf0fbef647ced9e4f1a,161.25088654999854,221.31,Underwears-Seller
2026-07-11 05:43:42,day,economics,28,0xa14bf68614d94e49236f0f86eeb026f04ebe05e4,155.57186881999996,1841.8400000000001,
2026-07-11 05:43:42,day,economics,29,0xcd4b91ffb66511c20d92f9f8a257247b15408aa4,145.88002580000023,0.0,waawaaa
2026-07-11 05:43:42,day,economics,30,0xcf19c420814435ffb1c459588208ed23a7ee6402,142.85592186500435,0.0,PantheraUncia
2026-07-11 05:43:42,day,economics,31,0x0cbaab2d3f6cc5998e78cc1969c6ee1f4d1392d3,139.37775618999876,0.0,Anomymous
2026-07-11 05:43:42,day,economics,32,0x8597ca63e722d6216bfc3057591fdc67ec49daee,131.9668833249998,0.0,Mr-Krabs
2026-07-11 05:43:42,day,economics,33,0xe801fe36b00acb4603fe12d5918764534a1c6a86,124.6702703764999,0.0,.n8n.
2026-07-11 05:43:42,day,economics,34,0x859b4303ce5ae7d6fd43bc118d807a01b37f31b8,117.45926541473091,1444.1,ColdSoap2
2026-07-11 05:43:42,day,economics,35,0x1d5f88f1b97317cccad804374e5bd847512e634d,115.93235357794401,505.237261,firegold
2026-07-11 05:43:42,day,economics,36,0xedafc523537800d83224934a27f401ba9dda895d,110.55153333800081,0.0,
2026-07-11 05:43:42,day,economics,37,0x0dcc9d7b9ccbdf3c37ab947a1689ed3701c05a1f,105.79694134500005,0.0,oneappleway
2026-07-11 05:43:42,day,economics,38,0x26efdfbf3f20b86e5cf631136fb5ae598e0fa308,105.44021999999973,0.0,soapbubbles
2026-07-11 05:43:42,day,economics,39,0xb6c8661262da0e47289177f01dcf9ee32aa9892e,104.12598001450004,0.0,Bliiiiiiiiiinnn
2026-07-11 05:43:42,day,economics,40,0x264d771891838edb443cb2d39fc4aa1bb58a6f2b,103.1652872009995,0.0,dnaghsa
2026-07-11 05:43:42,day,economics,41,0x0ced4f3afa5d9bfbd7ab82fd124896a7160c12b2,102.85458673001267,0.0,AlmostAndy
2026-07-11 05:43:42,day,economics,42,0xa61ef8773ec2e821962306ca87d4b57e39ff0abd,102.49989819007533,0.0,risk-manager
2026-07-11 05:43:42,day,economics,43,0x8390808cefaf138f02b7fb0beff93148ce0809f1,100.00001360999886,0.0,miskulinac
2026-07-11 05:43:42,day,economics,44,0x3c69090ba48becc3607e859ecc9bd87f6ecfc149,97.99022003150094,0.0,Formulaa
2026-07-11 05:43:42,day,economics,45,0x6519259c2b215ee3c958e57276ac9d679d3e611b,97.19777776999945,0.0,0x6519259C2B215EE3c958e57276Ac9D679D3E611B-1774564779376
2026-07-11 05:43:42,day,economics,46,0x61313791c42f09ea053acc9eea9aaa6e7300fd16,93.61900484999933,0.0,emreus
2026-07-11 05:43:42,day,economics,47,0xa83e100324690ff83be3699a8e6cfd2ab3c5ee22,92.49994824500027,0.0,mofumofu
2026-07-11 05:43:42,day,economics,48,0x05f6cb63d4ffdfaecd7ad8acd0765b6f6a5a25a1,91.32850632249983,0.0,ethBELIVER
2026-07-11 05:43:42,day,economics,49,0x170861b721e03793cd0c78928422d569d30f5298,91.06500000000051,0.0,IronWill1982
2026-07-11 05:43:42,day,economics,50,0x3cf87457302dd86d7ad32475dbe701c80225843a,87.18521980350124,0.0,SendLin
2026-07-11 05:43:42,day,economics,51,0x07d4245464dc4fa05d0b3f084d82482462dc8991,85.11872415900052,11.03,Wojtek
2026-07-11 05:43:42,day,economics,52,0x81bc49f79b37806767dccc632f0cd5497d98fb58,84.82779500000106,0.0,spongebob
2026-07-11 05:43:42,day,economics,53,0x709e3ea86a900aa3fb7a998d06e20d6ce68d027d,84.0000333249991,0.0,gin-huang
2026-07-11 05:43:42,day,economics,54,0x33dc4cd4a175180fda291f2ab1876e03e247bb81,76.54601370499586,0.0,hawkj
2026-07-11 05:43:42,day,economics,55,0x02388370985ec313bcc199911073f91f52b6eb0b,74.99900166000043,0.0,DoloresZ
2026-07-11 05:43:42,day,economics,56,0x248a27f29b96633b6f5f53c7e526791cf6674b4a,73.35764480500075,0.0,dedpepe
2026-07-11 05:43:42,day,economics,57,0x134a63b764ac7b008356e8db1857db94e6b09e42,73.07935000001453,0.0,Bertapotamous
2026-07-11 05:43:42,day,economics,58,0xf9f207b77137caa79c6c4516abdef3133db45cba,71.89436301999922,0.0,extractive-manatee
2026-07-11 05:43:42,day,economics,59,0xccedd9a9a6fedd93c8fd58c24ff72bb3d5b3226b,71.17679870000029,0.0,DenisBr
2026-07-11 05:43:42,day,economics,60,0xaea33a63323438ddafed2def9bb286d1aeccfe61,70.71889019650007,0.0,bibibila
2026-07-11 05:43:42,day,economics,61,0xa96c14b37ac162284e1b45eb22052aa1bf3dd1c7,69.55480829000044,3852.980829,danielleggerman
2026-07-11 05:43:42,day,economics,62,0x3c918a8ef8c379304f744592120cbb4d76149af7,69.5000219999929,0.0,Vilgefortz
2026-07-11 05:43:42,day,economics,63,0x993c072519306017fe9a6b3ee6fa4a02b3056787,68.89333676225351,4000.0,Jep-G
2026-07-11 05:43:42,day,economics,64,0xef5c8e2487d9b4d07565616b337e69f8488a661d,68.17237059199965,0.0,TruthfulG
2026-07-11 05:43:42,day,economics,65,0x9d736920e486176e7df7a76fa218f1ebd853216b,67.653175326932,400.0,AlAhmeda
2026-07-11 05:43:42,day,economics,66,0x832bbb891caf3a24c7d1915d9f6369c4949b5c91,65.49437053900374,0.0,yoyobb2018
2026-07-11 05:43:42,day,economics,67,0x709bd313acbc314db2e1907f629404b8f71b0a0a,65.35956263699995,0.0,Magestictrader
2026-07-11 05:43:42,day,economics,68,0x546029093abad5c5615f72c903908baccfc8c7b5,65.07526538999991,0.0,0x546029093abad5c5615f72c903908baccfc8c7b5
2026-07-11 05:43:42,day,economics,69,0xa18c5cf2bc6eec389d2d512582ae14654b99d792,65.0,0.0,gmtrader
2026-07-11 05:43:42,day,economics,70,0x7b7a1dd5d0793924884d8c05d654724caf265790,64.84019919000002,0.0,MrDraco
2026-07-11 05:43:42,day,economics,71,0xad96914d7762dac84ebbabafe366ae8ff24dd498,63.59275552802137,0.0,0xAD96914D7762DAC84EbBABAfE366AE8ff24Dd49
2026-07-11 05:43:42,day,economics,72,0x25257a6a89dba93dd0c536b6279365632a4eb919,62.74407237999981,0.0,Trading4Fridge
2026-07-11 05:43:42,day,economics,73,0xe8c5827d987d9bf9e04102a2b84c7de426817a13,61.54103147999922,0.0,John-Silver
2026-07-11 05:43:42,day,economics,74,0xb7b8e9681f5c863dfbd3ac7ec66bac69fa0edb31,60.27326142860329,1.85185,charlatta
2026-07-11 05:43:42,day,economics,75,0x88b3426bf74d59d838406de3e25872c7537bbad4,60.14842499999986,0.0,liuruijin
2026-07-11 05:43:42,day,economics,76,0xcdf82242c9984bd8d274085ab54165633c54b8ea,58.5030276090001,0.0,momo513
2026-07-11 05:43:42,day,economics,77,0xb547ea183891649c4bed7a937282dc43f9c83245,58.40217500000017,0.0,qieri
2026-07-11 05:43:42,day,economics,78,0x537263fdfc15e4e967e63c0c783f22f549e74b1f,57.86315371199993,0.0,xiaojiren
2026-07-11 05:43:42,day,economics,79,0x1d379e322ef813587a3e13ad79857c45edc7f4a4,57.433177122497,0.0,OverlookHotel
2026-07-11 05:43:42,day,economics,80,0xa4b366ad22fc0d06f1e934ff468e8922431a87b8,57.27749726849652,0.0,HolyMoses7
2026-07-11 05:43:42,day,economics,81,0x1823757d22022f81a8fa1536d63101fe458884d8,54.693543439999985,0.0,farmyboi
2026-07-11 05:43:42,day,economics,82,0xe3a1094b08b7be604181a97d386677c85fbf3c87,54.53709315500055,0.0,makemoney2025
2026-07-11 05:43:42,day,economics,83,0x3f1b981a133713cf931610fb45cc1c98b7ec2686,53.627640241500565,0.0,YZLAB
2026-07-11 05:43:42,day,economics,84,0xbe68a17f676d6cdf36e391a08d6d7b3d721818ea,51.8590053099997,0.0,Medvedevv
2026-07-11 05:43:42,day,economics,85,0x79c57d19c53ba0efd881b2fd1f45cf4ee30ba78e,51.710149999998976,0.0,chinesedushen
2026-07-11 05:43:42,day,economics,86,0x40a75b220015685d7c9f67f3f25836fe359091c9,51.40921155800004,0.0,rosyprosperity
2026-07-11 05:43:42,day,economics,87,0x9952d39fcc7a5baf664da51dd1b9c95f23ca9cba,51.17174999999952,0.0,helpisontheway
2026-07-11 05:43:42,day,economics,88,0xd905e9d1f8e8848b9aa1d5383a6efb573c6dad7c,50.98579696586421,194.501576,Da-Joker
2026-07-11 05:43:42,day,economics,89,0x0c160ac0eb34461696418b19cc20c2fad02b41d0,50.33770718600044,0.0,umiy
2026-07-11 05:43:42,day,economics,90,0xaf2383b66194112d57ac196b00ab25f78c17aa95,50.1449469930003,0.0,apple-pi
2026-07-11 05:43:42,day,economics,91,0xd66cac7d67a0f152aab38e6899a819e1f69caa61,49.617441249999956,0.0,yoyo123
2026-07-11 05:43:42,day,economics,92,0x50a74b6f933c1d0297cfdab11841693d177d5c13,48.843110173001136,0.0,sviler
2026-07-11 05:43:42,day,economics,93,0x80f1f634ae8f8c9b197279bfa66d5db296f73ccd,48.04671040500034,0.0,Specksalam
2026-07-11 05:43:42,day,economics,94,0x81525952f172646a4104030e9a9ef1e769c7bfda,48.01909434800473,0.0,KimJonEn
2026-07-11 05:43:42,day,economics,95,0xc6dd722558dbfbd8fa780efcbe819ed8c6604b9f,47.06398200998956,0.0,tourists
2026-07-11 05:43:42,day,economics,96,0xef14d224ebf20e6228c0dc96cd93f06a6b54a67f,46.21747000000049,0.0,banderi
2026-07-11 05:43:42,day,economics,97,0x1c3e24224559bf9cc0f8b895a305f2f30372176d,44.99885723549869,0.0,17735977
2026-07-11 05:43:42,day,economics,98,0x70f51361b32baba11cabf95923d0e090a8bd61ca,44.16016160950039,0.0,Misterxqt
2026-07-11 05:43:42,day,economics,99,0xcaab19659b995951a44cc992447cb2ad5be324dd,43.88457319502777,0.0,QMG-CORE
2026-07-11 05:43:42,day,economics,100,0x06ab0e5964db8d8193b1ceda2ba9d4ef8ea97457,43.49996676000001,0.0,whenSunday
2026-07-11 05:43:42,day,tech,1,0x3eae57986be5e0ca435102ffe1f14206ffa2e2ed,851.3502982015009,0.0,thoodr
2026-07-11 05:43:42,day,tech,2,0xc74a96b8a834677cc2ab2dd579e525134d11f01b,580.4200000000019,0.0,Popopolly
2026-07-11 05:43:42,day,tech,3,0x4e4203102fd7bde55ce1bcf9f1ef222e251949ed,340.0052854000005,0.0,shingoWAKAYAMA
2026-07-11 05:43:42,day,tech,4,0x03805a13a0b3e058f55f6c6af95389d4f431073d,277.0837000576539,1118.0914880000003,donthackme
2026-07-11 05:43:42,day,tech,5,0xcdf82242c9984bd8d274085ab54165633c54b8ea,240.0055999999986,0.0,momo513
2026-07-11 05:43:42,day,tech,6,0xb52245e13bb87b4f2db64c13a9f761222e323ebb,230.76105330000064,0.0,0xB52245e13Bb87b4f2db64c13A9F761222E323eBb-1772155836970
2026-07-11 05:43:42,day,tech,7,0x2110ba2a1e18840109482ff4ddc547baeff45850,226.16095479075375,73.87,George.Smiley
2026-07-11 05:43:42,day,tech,8,0xe9076a87c5ed90ef16e6fe6529c943baeca0cff6,219.50599702633053,0.0,suntori
2026-07-11 05:43:42,day,tech,9,0x4266d3aeedfb1a99f8a79406d97e2b230c725305,202.9557832799999,0.0,hulinali
2026-07-11 05:43:42,day,tech,10,0x04fc47f282f7ebbaafa849e787f81b43a6720e31,192.66349994000012,0.0,jbr
2026-07-11 05:43:42,day,tech,11,0x37d1cb1825dae7043e15c4ac6987e0c61ece6caa,192.26180000000022,0.0,0x37d1Cb1825dae7043E15c4AC6987E0c61Ece6cAA-1773637870087
2026-07-11 05:43:42,day,tech,12,0x1b6022ae41ad7a0b387a88c17885c754436ca55b,191.78131207000013,0.0,Outsmarter
2026-07-11 05:43:42,day,tech,13,0xc7d02944a76b9f83b199e9090ecc92c82d241f8a,190.56802997699606,372.82,0xc7D02944A76B9F83B199e9090ECC92C82d241F8a-1776944395495
2026-07-11 05:43:42,day,tech,14,0x96489abcb9f583d6835c8ef95ffc923d05a86825,173.0788289999764,0.0,anoin123
2026-07-11 05:43:42,day,tech,15,0xb64fe08cf7ebbf52cf2963bba89deb13b79ddc88,165.77419271900135,0.0,kejsi
2026-07-11 05:43:42,day,tech,16,0x241ff966f22080fbee3928e194763e575847e15a,161.8696468673039,2106.156152,0x241F...e15a
2026-07-11 05:43:42,day,tech,17,0xe38ee6bef3ea40daac3e3adc2fca23ba456850c8,153.75800113999952,0.0,CryptoBizzi
2026-07-11 05:43:42,day,tech,18,0x56e3d9a06d455e0eac8a60a639451ad3252281cc,138.34484999999984,0.0,bartholomew31
2026-07-11 05:43:42,day,tech,19,0x97ead83eb0e6b7f142e63284791882f05ddf3363,137.3350949999999,4643.67,Hakei.
2026-07-11 05:43:42,day,tech,20,0x764b305694b026c1acce7bf862c3b5456a146bad,133.9709399250006,978.827975,quietparcel
2026-07-11 05:43:42,day,tech,21,0xb51b3beffd13cde071ed799e70a7b0b598e8b4d9,119.38647618500363,0.0,cambridgeisaac
2026-07-11 05:43:42,day,tech,22,0x5b6331e7ff0831a3fe2ed12004747db1a9c911a4,116.79512504349896,0.0,neutralwave23
2026-07-11 05:43:42,day,tech,23,0xbe46c57c744c2436216fa729acdf2fa0a0240411,115.81209647950004,0.0,pitfall
2026-07-11 05:43:42,day,tech,24,0x9aeb534c42b58b21673d5e03e9da14fbd15b2729,112.24056219999329,100.0,The-Joker
2026-07-11 05:43:42,day,tech,25,0x66248f941870d47d0845da7a227c0b099d6f4cd1,110.36250967999968,0.0,
2026-07-11 05:43:42,day,tech,26,0xcf02759db54c561b47c9aa230bfb2f1249eb7023,103.46703242000058,0.0,wwf001
2026-07-11 05:43:42,day,tech,27,0x78048aa26ac1967566b8ed11910b529e5f2d7025,102.20000000000437,0.0,HorribleWork
2026-07-11 05:43:42,day,tech,28,0xf579036e211211ab1d5d944f1665c394d5959989,100.00157122000013,0.0,newguy666
2026-07-11 05:43:42,day,tech,29,0x0f2bcf469f85fe746058f3a0767d24124d0d665a,99.99893304000034,0.0,Sylvester.the.Cat
2026-07-11 05:43:42,day,tech,30,0x97cf8743ddf387db269a76941b6af1d26974c6eb,98.44491349999987,4537.96,0x97CF8743dDF387dB269A76941B6aF1d26974c6eb-1769747285159
2026-07-11 05:43:42,day,tech,31,0x3997c7330b2033f81f158051d61981f782fbdd0f,95.01322167979379,123.51,SteveBlame
2026-07-11 05:43:42,day,tech,32,0x49e94011df9060dcc367995892faeb193e348f85,92.4344000000001,0.0,MoonLambo1205
2026-07-11 05:43:42,day,tech,33,0xbc3e0e480f7f75b76b96bdc46ece11ab6f3f6693,91.52759378999872,0.0,
2026-07-11 05:43:42,day,tech,34,0x6d38b748fa7e7b0ef783a177a13a6ca181de382c,88.24511749999999,0.0,EvanCross
2026-07-11 05:43:42,day,tech,35,0x14c32680ffc318892e0d019181e4161aa34cdf68,83.33249999999498,55555.0,borntoolate.eth
2026-07-11 05:43:42,day,tech,36,0x6413bd26ffa5fcca38b93e4e5b8f3303ca32ab24,81.87625917600002,0.0,Agentstvonasilia
2026-07-11 05:43:42,day,tech,37,0x167be917e068770f46575b82f6aa2b0516e1beec,81.79899999999998,0.0,yanping
2026-07-11 05:43:42,day,tech,38,0x8594c920aebb0fdbd76ec860a558017a69037eed,81.29708151250026,0.0,Knowyourball
2026-07-11 05:43:42,day,tech,39,0xd905e9d1f8e8848b9aa1d5383a6efb573c6dad7c,76.23585000000003,5082.39,Da-Joker
2026-07-11 05:43:42,day,tech,40,0xfc404d785423d89fd862f6b3f2fc4bcb556756a3,74.52845006399997,0.0,1660S.eth
2026-07-11 05:43:42,day,tech,41,0x4062e7a68f71aa50b5e9701c4c109112f1a76952,74.32560000000012,0.0,wsbwxf
2026-07-11 05:43:42,day,tech,42,0x048a9d673a40171a1cf44ef518893d35fdf09be4,72.38939769999985,0.0,PavtheGreat
2026-07-11 05:43:42,day,tech,43,0xca88d64f331060ea470e473b687b26337facefb2,70.16033091999998,0.0,alexfunfunfun
2026-07-11 05:43:42,day,tech,44,0xce054a280345977fa81733f4cfdca141e8759176,68.96551708000015,0.0,kxkxkx
2026-07-11 05:43:42,day,tech,45,0xce835747e39bf987de4c04052b1677e6633e5b97,68.85317680999998,0.0,0xce835747e39BF987dE4c04052b1677E6633E5b97-1761944125351
2026-07-11 05:43:42,day,tech,46,0x1a3d83418c5fa02a0478e4f769649fda5e12fea1,67.20285971999999,0.0,betmandown
2026-07-11 05:43:42,day,tech,47,0x3305fc5dcf7e2e21464b9860e35dfdaf5faefc1b,67.19500000000006,0.0,popdababy
2026-07-11 05:43:42,day,tech,48,0x5acdbbe5990b52deabb1f3d2f4e8a4e14d7008d7,66.09297374000016,0.0,0x5AcDbBe5990B52Deabb1F3D2f4e8A4E14D7008d7-1766670414097
2026-07-11 05:43:42,day,tech,49,0x28bde7e8e2da30862bdecba6fddcfd669620ddb1,66.089137306,0.0,0xztom
2026-07-11 05:43:42,day,tech,50,0xe0f1e7751df4035f78a5eb2f4296c98b4d5bc4bd,65.11559633093384,299.998107,CompulsiveGambler
2026-07-11 05:43:42,day,tech,51,0xe1b361d6a6f237b9ed7534d19b232df8369e1426,61.669815528662184,2253.230833,tja
2026-07-11 05:43:42,day,tech,52,0xcf37bbb2c1687b70ea553b6fe05f740251d7993f,61.3184207745,0.0,rocky42004
2026-07-11 05:43:42,day,tech,53,0x34af3a317ccc5fbed5ed504d13a064ffa7f4bd55,59.435689230000094,0.0,rpontici
2026-07-11 05:43:42,day,tech,54,0x0130afd6f3efddf1c3e16e01217b172dd9befb49,57.56717227000013,61.05,123987456
2026-07-11 05:43:42,day,tech,55,0x3b7453a136ced6097553907743a403b86b846407,57.17167828200036,0.0,Brokedegend
2026-07-11 05:43:42,day,tech,56,0x564f22744b7941ade18d5e0e4f347c30e3057026,57.039664182433626,5187.93,molodoyy
2026-07-11 05:43:42,day,tech,57,0x9592adb70397e9de67ba9abe6971e3f50fb7a7b8,56.97407799350049,500.0,trashpilot
2026-07-11 05:43:42,day,tech,58,0x747837d9e1763345ab994e8652c8d0ba59bb4003,56.89222604749966,121.95,xcaiox
2026-07-11 05:43:42,day,tech,59,0x54214017e913e03e9e038b868668c132049612e8,56.37891874500002,0.0,0x54214017e913e03e9e038b868668c132049612e8-1782897023874
2026-07-11 05:43:42,day,tech,60,0xcfff4295288ee29f75a38a7028611b7c1e93673d,55.01805103602251,1115.0,graynotebook19
2026-07-11 05:43:42,day,tech,61,0x34893b25463a36d8b7dc31b16a352847925a7935,54.79435000000012,0.0,0x34893b25463a36d8b7DC31B16A352847925A7935-1782961989686
2026-07-11 05:43:42,day,tech,62,0x5238d9135faf7ea3f818071be9694a18390cbe0d,53.9353649599999,0.0,callmeabunny
2026-07-11 05:43:42,day,tech,63,0xc88f87797433aaed165cfe2c8d98690f5d995e95,51.90267507400002,0.0,cupholder
2026-07-11 05:43:42,day,tech,64,0xefa5ab06e3252dd8f3174b64383252b5c55224a6,50.445133299999725,0.0,wwf123
2026-07-11 05:43:42,day,tech,65,0xdb3cb5e6ab154e17d7bb40b023b02008dcf0833e,50.27542163999988,0.0,
2026-07-11 05:43:42,day,tech,66,0x04bf21c2527ae8d54a2f713a6420c608366c7caf,50.05429394000021,0.0,Red781RuM
2026-07-11 05:43:42,day,tech,67,0xc8ab97a9089a9ff7e6ef0688e6e591a066946418,49.284409300231346,5083.3923270000005,ArmageddonRewardsBilly
2026-07-11 05:43:42,day,tech,68,0x5e84743ad0515699b7adf2588de4c3032d538e88,49.28284632599997,0.0,Cbb.
2026-07-11 05:43:42,day,tech,69,0x26ead8311da3042c642fdcc361b5ba90c74fe315,48.921000360002836,16573.190000000002,MetaloidManiac
2026-07-11 05:43:42,day,tech,70,0x4ef3f1f4dcd804c5ed585d18f1c77700ae677bd0,45.908199999999965,0.0,user089
2026-07-11 05:43:42,day,tech,71,0x6718edeb32676842cd608e4b9a254b512854e623,45.600235559999874,0.0,vtx
2026-07-11 05:43:42,day,tech,72,0xcb9c7b4407f15b6c95bcc620e228614dee5c32e2,45.07180896,0.0,Steven-Jenkins
2026-07-11 05:43:42,day,tech,73,0xd2f6b6b2d82a88ec6322e82f0096c6e7f11b736f,45.06410690000028,0.0,Salimjs
2026-07-11 05:43:42,day,tech,74,0x98a3e4d00ee7b0e00192bd66536cc52c756d5b37,44.755609280000044,0.0,0x98a3e4d00Ee7B0e00192Bd66536Cc52C756d5b37-1769534825045
2026-07-11 05:43:42,day,tech,75,0x52d019f22d9fb0d34f1e48761fed0e1e2b8781aa,43.799999999999955,0.0,Dong223
2026-07-11 05:43:42,day,tech,76,0xc602e34792d9a5e129f3404daef2df43d1d37fc1,43.10666311249679,845.4399999999999,Dr.PNL
2026-07-11 05:43:42,day,tech,77,0xd8c18c730ec4ec15d776c15cf2e4a38bca0916c0,42.91844889799995,0.0,rwcoffee
2026-07-11 05:43:42,day,tech,78,0x226ac79bb628b4d83c05570af03445e389996411,42.73546018000002,0.0,Dafdafv66
2026-07-11 05:43:42,day,tech,79,0x5441e8470dce8a0b87cba72b067226b4a8137c4e,42.12356973999999,0.0,InterpidDeLux
2026-07-11 05:43:42,day,tech,80,0xdc5181f6e3bb315cf66e725cf6785a4e742f6566,41.10693474000004,0.0,Wordsorth
2026-07-11 05:43:42,day,tech,81,0x4a2be7a7e6e3b41dc2de00706b4c09660ca9af20,40.99818813799902,0.0,troim
2026-07-11 05:43:42,day,tech,82,0x511f9c771449162349795d17becf8b37031acbe1,40.761700387042765,1363.09818,Bigggggggg
2026-07-11 05:43:42,day,tech,83,0xe7bd61ac59883bd4abda5c63865430452ecfebce,40.007580000001326,0.0,0x6b3d9f20a8e71c54d2f6b9c31e7a5d804c9f2b6
2026-07-11 05:43:42,day,tech,84,0x6b2ac082c43459d255f8cdf2480023ab9f24b8c2,39.46067412000002,0.0,Mchael
2026-07-11 05:43:42,day,tech,85,0x877eb9f4931d9183cb1638a2daeb6ace96d85f22,39.430108289999936,0.0,0x877eb9F4931D9183cB1638a2DAeb6ACe96D85f22-1770586412360
2026-07-11 05:43:42,day,tech,86,0x214937a71f134771c8727486eb7d83a82548cc65,39.35275552000009,0.0,Staley
2026-07-11 05:43:42,day,tech,87,0xa187c3bc6d3a144e7a9e3cbedd6c8298876126d5,38.231717220000064,0.0,Phoix
2026-07-11 05:43:42,day,tech,88,0xe4de861d59e174d3d153a5968bc122c66f30c949,38.02428000000009,0.0,On.The.Spectrum
2026-07-11 05:43:42,day,tech,89,0x4138065c69134ea0fcfd13f8664a818dafbf6a24,37.10674398000003,94.27000000000001,Rox44
2026-07-11 05:43:42,day,tech,90,0x80302a5a0f7806838ea65b39d91071e63cb67b74,36.80587138899995,0.0,Seldon26
2026-07-11 05:43:42,day,tech,91,0xebaba6d3c08c5fff3d444ce0f751e6d97f15cff5,36.74180000000001,0.0,0xeBABa6D3C08C5FfF3d444cE0F751E6D97F15CFf5-1779341123078
2026-07-11 05:43:42,day,tech,92,0x005ed998fcb786679eb8bfd0d20c15c0903d6d8e,36.608313838000015,87.0,0x005ED998fCb786679Eb8Bfd0d20c15C0903D6D8E-1778811773658
2026-07-11 05:43:42,day,tech,93,0x5b2dfbb7c6d5e082ed0ab760045fec562a8fcfd8,36.5555554,0.0,Michaeia
2026-07-11 05:43:42,day,tech,94,0xefddc1d3285d0fe1b9f2aa06e04901f527a08370,36.341243334999945,473.0,vino1234
2026-07-11 05:43:42,day,tech,95,0xcef5043b55bdf0e3d359eed96bd00add202dcf2c,35.47452374000022,0.0,frishke123
2026-07-11 05:43:42,day,tech,96,0x48ecc049f171a8c7758e5d351e5f6c3c6df58f36,35.41199999999981,0.0,machiavelia
2026-07-11 05:43:42,day,tech,97,0x6013a23218d8dfade158f7bfae4a50d785b19381,35.03793100000007,0.0,Eugensc
2026-07-11 05:43:42,day,tech,98,0x5fb78176e621ad1877beea922cbf0a05b90ea908,34.744086599999946,0.0,Norans
2026-07-11 05:43:42,day,tech,99,0x0256f98552844dfe9ea8c5166988257b18872b78,34.044226400000056,0.0,JBL0203
2026-07-11 05:43:42,day,tech,100,0x4a13ecc717ee2784f9fd6811c365f5dab69bee8d,33.94532182499995,0.0,Mr.Anderson.
