timestamp,timeframe,category,rank,address,pnl,volume,userName
2026-09-30 09:27:39,day,overall,1,0xc430e5b17128df7ce78d69fa28bc7de038641ebf,151617.68205931503,133088.79,Gourmet1
2026-09-30 09:27:39,day,overall,2,0x8a8685a792c184e5c2ee8c7d4d4baba7c2c94998,124237.18091509,24084.555953,BrotherObama
2026-09-30 09:27:39,day,overall,3,0x2a69660046d7acc4ab204d7cc5ba78b0776cd2f7,74398.26075370872,1125971.0916289992,UpTheBlues
2026-09-30 09:27:39,day,overall,4,0x076daa87c4fe1a85402a9b6b8e0a866224388d4c,67866.92760493552,415067.00849599997,omnibus-076daa
2026-09-30 09:27:39,day,overall,5,0x9f2fe025f84839ca81dd8e0338892605702d2ca8,62228.4434108405,2376.317392,surfandturf
2026-09-30 09:27:39,day,overall,6,0x5268527977f700f9bf9b6d5cd843859e4e70135d,60657.32909338713,1291650.620503,HomeRunHazard
2026-09-30 09:27:39,day,overall,7,0x3dfb153c197d4c19d3b31c1ecd2c7b6860eeabaf,57930.18418070985,259957.11780799998,0x3DFb153c197D4C19D3B31c1ecD2c7B6860eeabAf-1722957908185
2026-09-30 09:27:39,day,overall,8,0xe4a57385a34b0b32fd86be72efd25cda41003cad,53954.12207004,28383.555274000006,chubbytoro
2026-09-30 09:27:39,day,overall,9,0x0c154c190e293b7e5f8d453b5f690c4dc9599a45,52635.2802409235,0.0,0x0c154c190E293B7e5F8D453b5F690C4dC9599A45-1775083003603
2026-09-30 09:27:39,day,overall,10,0x67ac9e1ad7d7e74ef0215d14fc8edb538e4fedf1,42468.718257921515,108796.386634,3648393489047
2026-09-30 09:27:39,day,overall,11,0xb9392e612a5b05063ca012b5dede548e16e5da70,41413.661845179835,0.0,IcemanSeason
2026-09-30 09:27:39,day,overall,12,0xe18ecc345e00ee7c4f2d1f676f3dd2acb112f826,39999.39472,0.0,ArielFilipino
2026-09-30 09:27:39,day,overall,13,0x291de54f32a3ee495ff0c624fa9bfeca23451f97,39978.39338099999,212.436616,viboomchuu
2026-09-30 09:27:39,day,overall,14,0x684baa57c338c2549aec0aa3f034f695d72a8409,39296.052453899996,71439.12100099999,monkeymashingkeyboard
2026-09-30 09:27:39,day,overall,15,0x111f73e91f85b6fe4de1ddec3de2fe32122e355b,32655.353988314993,0.0,Papeasy
2026-09-30 09:27:39,day,overall,16,0x224a89dbe0db0d6124b335edabd15b3f877da3d5,32255.14248352486,471284.68914999993,wr0ngw4yb3tt0r
2026-09-30 09:27:39,day,overall,17,0x4f29e103339919c4baaea2a60195cf1c8bb27a7e,30862.38247087848,219131.28374999997,0x4f2
2026-09-30 09:27:39,day,overall,18,0x676c1bb692c76b57b06f1b93817515acfa5ce139,26518.751494526994,29261.925676000003,Thorin1
2026-09-30 09:27:39,day,overall,19,0x6f3e7f25baa7d2d49e15e2d2957ff3dec62cbcf8,25508.429764719003,69895.830731,fRibrenlc
2026-09-30 09:27:39,day,overall,20,0xee88371850f0e1332c526e1b8e6f43a7e3ef2826,24974.332975919522,107452.09941500006,comboseoa
2026-09-30 09:27:39,day,overall,21,0xe7870d0e1bfc65a23e3d66caf00ca1b9129e5034,24970.77173575,322419.7378940001,Kkunn
2026-09-30 09:27:39,day,overall,22,0xd218e474776403a330142299f7796e8ba32eb5c9,22760.306887121536,132984.71908399998,cigarettes
2026-09-30 09:27:39,day,overall,23,0x0235dc24b38772bf3339a9e5ec5db3d3a05fcee5,22350.063234867026,28430.610875000002,darkumbreon88
2026-09-30 09:27:39,day,overall,24,0xc5d8d3722f46f43d58d144c2e2772a9c30b2a00b,20873.888825399998,0.0,IdentityV
2026-09-30 09:27:39,day,overall,25,0xae9508c5623b068b7e81f050c359b87a079317b8,20420.270339999995,38792.52,lfjlwkflwekfl
2026-09-30 09:27:39,day,overall,26,0x819dfea4ffa9c4d3ef27f00e2dbac7e9e93507f1,19649.419806867998,75418.127832,JokerTheClown
2026-09-30 09:27:39,day,overall,27,0x32b484581fc5606de9c1e43af4636b6be9bc8b21,18939.000988103035,575675.077184,0x32b484581fc5606dE9C1e43AF4636b6Be9BC8B21-1774274303653
2026-09-30 09:27:39,day,overall,28,0xda3a9b7afff7b44ad4fd75308723194e0a11381f,18698.792471283996,59538.347865,Gooooooollllllllll
2026-09-30 09:27:39,day,overall,29,0x55b9e6a1dcca2defb01636ba41e9f76a0883a814,18072.87650698998,238206.12119700012,ghostorder
2026-09-30 09:27:39,day,overall,30,0x5e6e2c3f06686f2607b86c90e35f536e81a1be00,17272.262357100004,46128.109356,0xA0b86991c6218b36c1d19D4a29Eb0cE3606eB4
2026-09-30 09:27:39,day,overall,31,0xf201a19b43471261a3c1ba9247335d55270e527e,17154.01649248301,80890.181259,0xF201A19b43471261A3c1Ba9247335d55270e527e-1763824114616
2026-09-30 09:27:39,day,overall,32,0x26cf4a41eb49f0c560d32a2d2e4f45715e47c612,16105.068239635219,154391.35643199997,technician2
2026-09-30 09:27:39,day,overall,33,0x4f1d5ae26fc31472966e951af3183308736d8de2,15535.160928971512,26325.094450999994,e46m3
2026-09-30 09:27:39,day,overall,34,0x6d3c5bd13984b2de47c3a88ddc455309aab3d294,15313.95448259875,353729.08319199993,VeryLucky888
2026-09-30 09:27:39,day,overall,35,0x26f8af9d49328e5fdae2c24e62e5c523bebd3452,14575.86838,60028.64,Mr.Ape
2026-09-30 09:27:39,day,overall,36,0xd3b034d7bfb2473fb252d0414646d9786bac329e,14251.429036629997,48867.526740000016,Sunshine.Smile
2026-09-30 09:27:39,day,overall,37,0xec981ed70ae69c5cbcac08c1ba063e734f6bafcd,14131.207968116963,36468.435000000005,0xheavy888
2026-09-30 09:27:39,day,overall,38,0xe015b5a2a299167be835a2fd1e86f09c49e06ffd,13864.655419136012,12670.381344999998,TAIWANNUMBERONE
2026-09-30 09:27:39,day,overall,39,0xa47f0ed4684d9fb463d1e9d540e7db19ae08e18d,13042.665925000001,19704.995000000003,Key222
2026-09-30 09:27:39,day,overall,40,0x67542c3219b37fd1610aad290676ff91cdbfe3bc,12763.709999999995,57236.0,gmpm2
2026-09-30 09:27:39,day,overall,41,0x31706006a0ef88b2b8f6d093efbc83b359fbc6a0,12738.7025898,14914.13,thatguythatguy
2026-09-30 09:27:39,day,overall,42,0x7a8885c8dc075f0578b648f29fa233408a7d41cc,12240.966199999999,0.0,stackingsats
2026-09-30 09:27:39,day,overall,43,0x3f985e3a68f88e6ed8da1a22e1a5eda81c8e0aa1,11926.424565667008,6243.833334,xabidaking
2026-09-30 09:27:39,day,overall,44,0x583582716cc49794789cacdf7aeffbdbd0b79404,11712.029302258787,57908.160603999975,Montaigne
2026-09-30 09:27:39,day,overall,45,0x64071a44d1f42709c82934bbefe3f292661493aa,11153.703681160003,139781.41589799998,smash-to-net
2026-09-30 09:27:39,day,overall,46,0x3e04fbc51adb75418129f6ce2091ae633070564d,11150.78102771,11854.651016999998,roldy
2026-09-30 09:27:39,day,overall,47,0x06dc51826bc524d9a83770e7de9dd7e005b04524,11037.8616112042,159677.57312800005,0x06dc51826bc524d9a83770e7de9dd7e005b0452
2026-09-30 09:27:39,day,overall,48,0x2d6ac4f70307102ac46e9e6ded67f3838ddf8add,10971.327995857519,41406.825297999996,GC-P
2026-09-30 09:27:39,day,overall,49,0xda856317923415a534d8952e6f8abde17c2e1ca7,10674.994000000002,30949.982858,Yellow-Fever
2026-09-30 09:27:39,day,overall,50,0xcf218ae47e8eb183fac019d3412df8b2365f667b,10670.164999999999,40452.0,sjdhjnxnsjjdheyygajshjdpolq
2026-09-30 09:27:39,day,overall,51,0x6918ea182d963b1fb7888860b8a8b8bcfba5782b,10670.036046110014,74526.84864800001,0x6918EA182D963b1Fb7888860b8a8b8bCfbA5782b-1771878010027
2026-09-30 09:27:39,day,overall,52,0xc1c7bb8761105f6d33fc8d71dec31b5688a0f0a7,10358.9798291175,70642.59591100001,five5120
2026-09-30 09:27:39,day,overall,53,0xbcad299aa03f5d60bde26a6da6416e25bbb1d6da,10092.486778564498,26680.989002000002,0xBcAd299AA03F5d60bDE26a6dA6416e25bBb1D6da-1789883163400
2026-09-30 09:27:39,day,overall,54,0xb8ef617fd5d960e61e56c50d2971697300b32864,9699.95740763356,137714.73997799994,no1dodgersfan
2026-09-30 09:27:39,day,overall,55,0xe0dbdb7f005f233f4510e4ef7e53a2f76a8df44e,9523.440585867469,11484.0,lug
2026-09-30 09:27:39,day,overall,56,0x901515976ced8fa2025b75140814d79f77e7281f,9430.78804668,0.0,Zelenskys-suit
2026-09-30 09:27:39,day,overall,57,0x5b6331e7ff0831a3fe2ed12004747db1a9c911a4,9362.414418899982,167436.64606699994,neutralwave23
2026-09-30 09:27:39,day,overall,58,0xcf7379b4b891c06d88807f6f70efa75378120215,9246.848041352998,39702.42822,NM-P
2026-09-30 09:27:39,day,overall,59,0xe390b3f7cdbd7d9821c080bbe460a2814770e80f,9235.843506748999,7267.008571,AppleTiime
2026-09-30 09:27:39,day,overall,60,0x0e64bde21d716711fbe59095eb0c88fae55e336d,9121.656956894,37713.0,KioskJammer
2026-09-30 09:27:39,day,overall,61,0x99f0d31fdced5b3a0e5ee2867730a6644a6c9495,8982.326339992007,35851.39975999999,0x99F0d31fdced5B3A0e5Ee2867730A6644a6C9495-1779037126382
2026-09-30 09:27:39,day,overall,62,0x64c4a7437742d07356774cad6d55dcd9cf411018,8900.085175945507,56167.431958,Reformedx
2026-09-30 09:27:39,day,overall,63,0x161a7f666ca49d592848cf415b42f49a84714103,8496.289564202998,49667.134154,torta.tech
2026-09-30 09:27:39,day,overall,64,0x3a55b0c45449b955e43ec10734bd988bb5d1394e,8259.204675185027,28099.966736000002,0x264379C47E653dafa153841a995Cf975B6a02fxo
2026-09-30 09:27:39,day,overall,65,0x8a3ab8120807bd64a3de48695110e390fa2ceb9a,8198.990046449999,1363.093024,0x8a3aB8120807bD64a3De48695110e390fa2ceB9a-1771005965025
2026-09-30 09:27:39,day,overall,66,0x7c37b52eb226bcb9411375ec48b0169663fb6aeb,8164.033342110517,211521.12579100006,Diabolical-Prize
2026-09-30 09:27:39,day,overall,67,0x1fee90f352fd362ea4bf13c6ed7cdd83a4d2ed5e,8130.182562569855,122616.10692600001,lomneivan
2026-09-30 09:27:39,day,overall,68,0xdb83e85ffd22faa4009273034770f96ffc5b1e50,8084.682608083998,35990.353054000014,sentrio
2026-09-30 09:27:39,day,overall,69,0xb9c7d35d1f04d08624fabcfd3b6cee2d3c9baade,8051.762499565011,62223.63889099999,taylorsversion
2026-09-30 09:27:39,day,overall,70,0xd38ad20037839959d89165cf448568d584b28d26,8032.671579000002,18680.631578,johnny234
2026-09-30 09:27:39,day,overall,71,0x613bfbb81d9e5398bff208da4ae848e7a73e823a,7946.0,30100.0,FlamePyro
2026-09-30 09:27:39,day,overall,72,0x5a7b3328e8756579bfd364ba92c5c589c7bae9eb,7662.022651761974,0.0,notssf3
2026-09-30 09:27:39,day,overall,73,0x01c78f8873c0c86d6b6b92ff627e3802237ee995,7630.254890676007,30015.808813999996,Lilybaeum
2026-09-30 09:27:39,day,overall,74,0x3cd63e65f3df4aaf8ebe9de56fe5f8f633b218e4,7362.985434039971,0.0,HerbertAppreciator
2026-09-30 09:27:39,day,overall,75,0x93f41e3ec256dfa764d2722a2090454ede7dea90,7171.974116362501,389.99,Fusko
2026-09-30 09:27:39,day,overall,76,0x7c1ee865a785de4c00ee90ed86a38489fb8bbab3,7145.644067100984,215694.43770900005,CandleHammerDrums
2026-09-30 09:27:39,day,overall,77,0xb2fe0455982dc10c7d933752a4d4bbba20d77558,7049.9963,14999.992129,fuzhaiyiqianwan
2026-09-30 09:27:39,day,overall,78,0xb4d250f58c26840e09723a83ce9c8149aa32ce99,7048.980523773995,136951.90195600002,alpheclabs
2026-09-30 09:27:39,day,overall,79,0xbc43c8bfbc4d77c2fc9011adad38ba43b88996d3,6816.6694816650015,3418.045599,0xBc43c8bfBC4d77c2FC9011adaD38Ba43b88996d3-1765231687816
2026-09-30 09:27:39,day,overall,80,0x50f97e9c24050ca2cd7f0fef900df984e1d0c327,6815.647797,14450.476971,0x50f97e9C24050cA2cd7f0fEf900Df984e1d0c327-1759622213387
2026-09-30 09:27:39,day,overall,81,0x3c241752f99076c933ab3d144ada1dcdfd981678,6621.524224142501,0.0,0xTism
2026-09-30 09:27:39,day,overall,82,0x3134ce24deec670f1c19ec2440cf6bca484c145f,6610.913243999999,90801.034112,SW000
2026-09-30 09:27:39,day,overall,83,0xad5353afe30c2da57709e2704ef3ccdcf67eef24,6486.376345498901,96638.55569499999,AJSV
2026-09-30 09:27:39,day,overall,84,0x67b6ccabe5f6c01a7a9ecad5d420ea0cdc7f00bc,6452.970362036003,21999.9224,forget4
2026-09-30 09:27:39,day,overall,85,0x1c29705c62a6435b5d45c382530012b14c5a167e,6093.933261734498,49516.141195000004,skadii
2026-09-30 09:27:39,day,overall,86,0x1dbf0ac12fc39564bf646b54b6f31de8942f1a6b,6083.1449999999995,22782.840000000004,Jugar
2026-09-30 09:27:39,day,overall,87,0x8ba27b7c9de2b6367f986bff5f9c8049204c1650,5974.509805,0.0,0x8ba27b7c9de2b6367f986bff5f9c8049204c1650
2026-09-30 09:27:39,day,overall,88,0x492bb408693470df7d031ef48f3a5466055b45ee,5968.083853000002,111233.09730600001,dmoralez
2026-09-30 09:27:39,day,overall,89,0x8efa1ea8ee2d456a051ae2985079a1e3c9aa894c,5938.626808255001,5036.0,0x8efa1ea8ee2d456a051ae2985079a1e3c9aa894c
2026-09-30 09:27:39,day,overall,90,0x52d93dcf81444f793dda7fedc370f7a35101fb1a,5892.1057532934965,34317.95978799999,LuckyLoo
2026-09-30 09:27:39,day,overall,91,0xe8c4d68aff65b38cac46987b9b65e01eb47d395d,5885.742556543116,19680.122591,JAMJAMJAM4
2026-09-30 09:27:39,day,overall,92,0xd6e91a9fdda69ecabeb936b82eae9b0adfa37d80,5781.797422815001,12341.503767999999,rew456
2026-09-30 09:27:39,day,overall,93,0xb0e3fcbe0d7f17168fdce93f89c0168d3fa329eb,5760.298789540004,35377.712266,gagarin59
2026-09-30 09:27:39,day,overall,94,0xde9f7f4e77a1595623ceb58e469f776257ccd43c,5711.700706455002,38472.768283,tradecraft
2026-09-30 09:27:39,day,overall,95,0xcc4279c50a907c73d3b8c1faf993b1d651cf6bd4,5691.92938458,2503.032199,arbbro
2026-09-30 09:27:39,day,overall,96,0x5b100dbef7ec223acf02717598789ef90b679659,5472.7984603865025,9999.984138,0x5b100dBef7Ec223ACF02717598789Ef90b679659-1770806179314
2026-09-30 09:27:39,day,overall,97,0x792f8e8bae0323abf8927c6820863fbe8a98328a,5462.547395000001,0.0,owenliang666
2026-09-30 09:27:39,day,overall,98,0xfc0847fe2ea938d6e2624650eb29ef8d8142a137,5339.999946559999,74368.953954,0xfC0847fe2Ea938D6e2624650eB29eF8d8142A137-1771999665274
2026-09-30 09:27:39,day,overall,99,0xf2f6af4f27ec2dcf4072095ab804016e14cd5817,5307.115526058042,0.0,gopfan2
2026-09-30 09:27:39,day,overall,100,0x07db5765beba17be154cbfbd6324a15f3c81fa4f,5271.303505297339,40157.13692999999,PLACEYOURBETS123
2026-09-30 09:27:39,day,politics,1,0x1fee90f352fd362ea4bf13c6ed7cdd83a4d2ed5e,8130.182562569855,122616.10692600001,lomneivan
2026-09-30 09:27:39,day,politics,2,0xc4c8983df5c71c6e7329e1a78ccbdde7ca10cabb,4501.866280115995,0.0,CARBEACH
2026-09-30 09:27:39,day,politics,3,0x4807a18cd70a7108366660aa08d94600d8ef70ab,3641.8937690749985,1913.48,RainIess
2026-09-30 09:27:39,day,politics,4,0xeb490d0534bb68b4c2ce139b219a728cd2c3693e,3388.6945424310115,4164.704541,SuperavitFiscal
2026-09-30 09:27:39,day,politics,5,0x3cd63e65f3df4aaf8ebe9de56fe5f8f633b218e4,3365.360634039971,0.0,HerbertAppreciator
2026-09-30 09:27:39,day,politics,6,0xd6b6f6924341b00626e603240f799644d4b6342b,3304.288185658006,0.0,sciuboi
2026-09-30 09:27:39,day,politics,7,0xc7d02944a76b9f83b199e9090ecc92c82d241f8a,3153.264733870004,5397.466831999999,0xc7D02944A76B9F83B199e9090ECC92C82d241F8a-1776944395495
2026-09-30 09:27:39,day,politics,8,0xc4d5a24a240ec9f52669e3251e0473fd0c5687cf,2902.1378047095004,0.0,bipbipbop
2026-09-30 09:27:39,day,politics,9,0x288999fc80af0b29cd5b22fc1c2b8987db3b9226,2819.386171787497,0.0,ZnotluvuiSamez
2026-09-30 09:27:39,day,politics,10,0x524db836890e08aceb3abcdee98d44240e324495,2611.8055507769977,2286.5,Mac-Gyver
2026-09-30 09:27:39,day,politics,11,0x086934317f099d0279493b3f73a954ee896114f1,2394.4800727539987,0.0,MiuMiuYan
2026-09-30 09:27:39,day,politics,12,0x27b0dceebc77ebc59573b818144743b9f1a2209b,2386.358637902987,89.051579,yuahldj
2026-09-30 09:27:39,day,politics,13,0x8aa739ef6613b1e647fc992b06cf569f5b540d94,2045.368230672495,0.0,Rafifa
2026-09-30 09:27:39,day,politics,14,0xb1ce0561c9f8bc04d27d0d7dcb09e7a9f460ced2,2011.8594602314843,14034.431425,Ed2357
2026-09-30 09:27:39,day,politics,15,0x032eb1bc893940263ad0b01889f262fc232f2a9e,1950.4244949999756,14329.720000000001,purplegatto
2026-09-30 09:27:39,day,politics,16,0x09cc4da8a3e39237aa74b445a300565e33d0421a,1942.49100799,0.0,rerevervadae4r3453214tpermdr43fvd
2026-09-30 09:27:39,day,politics,17,0x0c0e270cf879583d6a0142fc817e05b768d0434e,1930.8472853959693,5454.150000000001,The Spirit of Ukraine>UMA
2026-09-30 09:27:39,day,politics,18,0x88c4919de76e526d55a32c1f8afb439dd1f1129a,1925.426170870429,0.0,RenanPresidente.
2026-09-30 09:27:39,day,politics,19,0xdb405a9ad581a23c68a32b5d5869d4ad5ae73612,1886.5288855225126,1293.189286,DooBieZ
2026-09-30 09:27:39,day,politics,20,0xe899b5ea69afb161da7a35597b6fe70398860899,1823.2481994849545,665.22,SlavaUkraini
2026-09-30 09:27:39,day,politics,21,0x2aa265eedfd1e9e66a228f28e232de79088ddaf6,1706.8319475000008,0.0,0x2aa265EEdfD1E9e66A228F28e232De79088dDAf6-1789369681729
2026-09-30 09:27:39,day,politics,22,0xb1ca909e848cc24ec4e220ce1c453bc290c51705,1687.0051944110783,16479.782786999996,InterestingUser
2026-09-30 09:27:39,day,politics,23,0x2f9da73ca8430dc4bdbd75f9c76d91592ca5deb3,1625.3910545579874,7151.49,themain
2026-09-30 09:27:39,day,politics,24,0x879247bf7570a40d193dd3bb9118820e0b194174,1550.2042069374997,11051.92,hosoon123
2026-09-30 09:27:39,day,politics,25,0x2974bd0059e48f215c391882976e0f1b4c8c9c23,1499.4992859695922,0.0,65765757
2026-09-30 09:27:39,day,politics,26,0x7f9e2d1df78614564a70becc7fa14aa9a6623a0e,1433.8665663885608,29130.765692,LulaVaiPerder
2026-09-30 09:27:39,day,politics,27,0xd44e974a3edb232aa4aedbdcc59792b76a5f67e2,1425.0765178709632,1348.882308,KrackenSruster
2026-09-30 09:27:39,day,politics,28,0x49b60d2cda22653ddc8b6ef21bad6d012a7f170c,1372.3430512750056,0.0,pkz
2026-09-30 09:27:39,day,politics,29,0x66e7ce01c6831b8a2503d09edd6167152ee68bcd,1363.5237156830212,6192.322862000001,0x66E7ce01C6831B8A2503D09eDD6167152Ee68BcD-1771870353938
2026-09-30 09:27:39,day,politics,30,0x389d2790cd8ead87028f68eaa7cfadb6c53f5866,1347.6434430205038,11563.606512,0x389D2790cD8eaD87028F68eAa7CFadB6c53f5866-1767895502715
2026-09-30 09:27:39,day,politics,31,0x9d84ce0306f8551e02efef1680475fc0f1dc1344,1322.799927749054,4013.405966,ImJustKen
2026-09-30 09:27:39,day,politics,32,0xc5a3b3c986058c3f2ba7f4332bbfcced9b10883a,1320.9261315165002,163.82,Rybkaoi
2026-09-30 09:27:39,day,politics,33,0x200544427dfc822652cb55ca5ca9f99476a9e414,1282.2168012500006,0.0,kickstandhater
2026-09-30 09:27:39,day,politics,34,0x955c9661bf6e010beff0ba896a49f715a8c8990f,1277.7418443099996,0.0,0x955c9661bf6e010beff0ba896a49f715a8c8990f
2026-09-30 09:27:39,day,politics,35,0xfb5148fc7223630e0967dbfa8cd920d83ab4742d,1261.972100388556,8509.912064,StudentMoney
2026-09-30 09:27:39,day,politics,36,0x6139c42e48cf190e67a0a85d492413b499336b7a,1188.3235661630347,10294.097548999998,RememberAmalek
2026-09-30 09:27:39,day,politics,37,0x5cd5c8d7a17c78d7389d8b87b611aed83322ac33,1132.0790518298866,216.0,nonkenny90
2026-09-30 09:27:39,day,politics,38,0xd576b9ee74c58fcb913675fd9c1d14c85312d5e3,1131.526624340011,0.0,inrock30
2026-09-30 09:27:39,day,politics,39,0x3dcea221f0cfe43fb050155839ca9a266a952e3d,1126.6837691374894,0.0,spamburglar
2026-09-30 09:27:39,day,politics,40,0xd5ccdf772f795547e299de57f47966e24de8dea4,1103.2485159479984,0.0,tsybka
2026-09-30 09:27:39,day,politics,41,0x7e5972bfc25819775ee5a9d4f191919375487b8b,1086.0540824909995,4666.77,Gaditima
2026-09-30 09:27:39,day,politics,42,0x23d81ba9371e576015c1e562db09c689f56b0288,1081.0333228114062,4764.824,flawfence
2026-09-30 09:27:39,day,politics,43,0x614dc8d3542c12103d2c6a3553fd761e391d1546,1075.0409858814955,1859.9299999999998,mr.ozi
2026-09-30 09:27:39,day,politics,44,0xb4d2a33b651929309585d438b0b2cc7aaff4e7de,1058.30267656,0.0,5555five
2026-09-30 09:27:39,day,politics,45,0x5739ddf8672627ce076eff5f444610a250075f1a,1055.6187777880114,0.0,hopedieslast
2026-09-30 09:27:39,day,politics,46,0x7e31a5e9c31638483614e9fd9f945bb34692454d,1034.2187480114953,0.0,Odysseus7
2026-09-30 09:27:39,day,politics,47,0x3eae57986be5e0ca435102ffe1f14206ffa2e2ed,1022.4997693841037,8482.8,thoodr
2026-09-30 09:27:39,day,politics,48,0xb8e32d575b8d360f90bcc95596e9a0bee444aaf2,950.4392745819641,0.0,Jan777
2026-09-30 09:27:39,day,politics,49,0xcb25c43d98019b6acf4d6912a231bbb689a45ab5,947.6919198955002,0.0,Nicklashark13
2026-09-30 09:27:39,day,politics,50,0x12d6cccfc7470a3f4bafc53599a4779cbf2cf2a8,943.2635040475052,13383.281002,classified
2026-09-30 09:27:39,day,politics,51,0x7b1fc7ec63fbe613a8e0d7bb51c47665a0371ea7,941.5005500609768,24470.98,123905
2026-09-30 09:27:39,day,politics,52,0xfa234f65571df38c9bd7949ce7ea19c87eba1367,940.9635478549989,1513.925,ELHammer
2026-09-30 09:27:39,day,politics,53,0x6575759174ad221bba9947bc3f18750ec769b198,933.377819183981,0.0,dromedaryy
2026-09-30 09:27:39,day,politics,54,0xbacd00c9080a82ded56f504ee8810af732b0ab35,927.4808090664305,14652.249542,ScottyNooo
2026-09-30 09:27:39,day,politics,55,0xc58ec29d96304d17230e710c464ea2664893248b,925.7404999999981,0.0,milkm
2026-09-30 09:27:39,day,politics,56,0xbe482cd6e5183be8767f03b48ebc3ff35769683f,919.2983185889898,0.0,0xBE482CD6e5183BE8767f03b48EBc3FF35769683f-1768081000582
2026-09-30 09:27:39,day,politics,57,0xf0d5eb1cbe7350f1f896ade6c172e6700414c665,914.1983759565592,6884.2418,yen4u
2026-09-30 09:27:39,day,politics,58,0xf2f6af4f27ec2dcf4072095ab804016e14cd5817,911.285443448025,0.0,gopfan2
2026-09-30 09:27:39,day,politics,59,0xc0df71cee3d45ebfb6d187bd31c3d7316a758dad,906.8725350000022,0.0,MSKW22222
2026-09-30 09:27:39,day,politics,60,0x9453a389c73df7991249d9f2c6e2c854157b1a48,902.6254730124998,982.874785,Arman2
2026-09-30 09:27:39,day,politics,61,0xeface9902242b0399856f981600b907dcc9bc9a1,892.9883068424472,9132.297371,macrosteaks
2026-09-30 09:27:39,day,politics,62,0x9b97d2ef4f2ec90d34337d1f94db3dedb6386a09,882.3871391634966,0.0,Lula.desistiu
2026-09-30 09:27:39,day,politics,63,0x69891b1481e34384a0d564e5976b50270304b412,879.0068481124981,0.0,superstation
2026-09-30 09:27:39,day,politics,64,0x84eef61c62c8d008b672ff8b5e15a955f0e4c788,869.2738445450013,0.0,taxmoney
2026-09-30 09:27:39,day,politics,65,0x2e0b70d482e6b389e81dea528be57d825dd48070,791.1411093795905,0.0,Trump2028
2026-09-30 09:27:39,day,politics,66,0x8806a6f1a847ba4360599ce0f54ce96167712e83,782.9651007499997,0.0,spendingmoney
2026-09-30 09:27:39,day,politics,67,0xda871f75bafa2d9180a4365b5b8eb4e46185e9f5,770.2002581499992,0.0,Mmmmmmmk
2026-09-30 09:27:39,day,politics,68,0xd1049158a102840ce595efc6ab683a0cb6fbacef,754.6036955070449,0.0,pilimili
2026-09-30 09:27:39,day,politics,69,0x0891c7a1fe43c18c964b7313ba754bb208da508a,739.3077195950027,0.0,chickendilla
2026-09-30 09:27:39,day,politics,70,0x3c8ac6a99d9c7a41860aec2ae7520c7aaa68b45a,737.4583534430712,0.0,momom
2026-09-30 09:27:39,day,politics,71,0x4bbe10ba5b7f6df147c0dae17b46c44a6e562cf3,735.916789120005,0.0,How.Dare.You
2026-09-30 09:27:39,day,politics,72,0x56e777a0ac58b25be414f8f29866e99ad5737c0b,728.621179050002,0.0,0x56e777a0ac58b25be414f8f29866e99ad5737c0b
2026-09-30 09:27:39,day,politics,73,0x1359911d098bf507069e7e22370e6f6cae3f092e,713.9911250655105,10741.288327,laureman
2026-09-30 09:27:39,day,politics,74,0x0b5a6faed303e147d258f354237a2d2542955fa3,705.9959056595035,0.0,hammerdream
2026-09-30 09:27:39,day,politics,75,0xc6587b11a2209e46dfe3928b31c5514a8e33b784,699.8448599999538,0.0,Erasmus.
2026-09-30 09:27:39,day,politics,76,0x0191d054a638baf04c1002fc1e11b0978dd0541d,693.7196491500017,6912.99,JSG3
2026-09-30 09:27:39,day,politics,77,0xb4f2592e67c333e73c923547cfe05e768180e5fa,687.4611175584705,4928.379522,M2sx92kljs42
2026-09-30 09:27:39,day,politics,78,0xc02147dee42356b7a4edbb1c35ac4ffa95f61fa8,671.9911172805059,4836.4,Eatpraylove
2026-09-30 09:27:39,day,politics,79,0x875c140813ad9caad2aae1ae26239ec83b49bdec,670.5534506849945,0.0,symplya36
2026-09-30 09:27:39,day,politics,80,0x3c593aeb73ebdadbc9ce76d4264a6a2af4011766,657.928167943508,0.0,eightpenguins
2026-09-30 09:27:39,day,politics,81,0x7819e8f94f6447263aa4e2acaff3cb4b0d66c2eb,647.9321660914993,0.0,0x65419cB76d855D52719Bb171fc10d2B0bB8BB51F-1760097512584
2026-09-30 09:27:39,day,politics,82,0x96f452cb979b24e4ad4af05338b7a34a60d7edc5,636.5814343439997,0.0,Nargili
2026-09-30 09:27:39,day,politics,83,0x7a35f8849c597cd12c3e2e3086b52b8c4f682744,623.7466812500006,0.0,gokol
2026-09-30 09:27:39,day,politics,84,0x2a4438ccc4669d0461cfba3f07825a40519252b5,608.7760836365082,3244.9980539999997,ZZ-TIC-M1
2026-09-30 09:27:39,day,politics,85,0x8f69269039b9a401de28a38c2f1c3001364b7df1,594.4474677815051,7016.9427590000005,DumplingBMF
2026-09-30 09:27:39,day,politics,86,0x79d980791ab82aff891eee32d41b4e1fbb07baec,592.1063891010126,0.0,skibabiba
2026-09-30 09:27:39,day,politics,87,0x9c987f84d18a4dd640909409b31212fbb805f4f4,591.7416425295232,0.0,Moonshot1019
2026-09-30 09:27:39,day,politics,88,0x944e0472b99926f4f712fc97dc0a846a8c5d8c94,585.8511555035006,5900.501194,mountaindewd
2026-09-30 09:27:39,day,politics,89,0xc1b399b26020a4f689108e9640fd3dc8ffc8501c,585.5247798429918,0.0,CoffeeLover
2026-09-30 09:27:39,day,politics,90,0xe7387473b067235436884d16799777cf279edf65,580.1620065690277,537.92,Huludubu
2026-09-30 09:27:39,day,politics,91,0xc1a9273b15a17d21af09dddb42b9239b93d4e2db,579.571517271499,0.0,0xc1a9273b15a17d21AF09DddB42b9239B93D4e2Db-1777826537793
2026-09-30 09:27:39,day,politics,92,0x037cfed895c0557367e6b0b73fd3f4d34d2b4d62,579.3350284539993,0.0,pianomaster
2026-09-30 09:27:39,day,politics,93,0x134a63b764ac7b008356e8db1857db94e6b09e42,576.4646556950174,0.0,Bertapotamous
2026-09-30 09:27:39,day,politics,94,0x56837748d0c752895eb1f6fd3c713e885e47b8bf,573.6271714500008,0.0,eitah
2026-09-30 09:27:39,day,politics,95,0x7e76203194796911b305f6a6e335c30c7a0a3750,571.8074999999999,0.0,coffeb
2026-09-30 09:27:39,day,politics,96,0xc781e8dd03946230f2f32ab36077998bcb4a59d7,566.2760705395027,5.0,Alphax
2026-09-30 09:27:39,day,politics,97,0xdf17f4a8dd01a4cfa6fc3da323a2baee5f8697d1,561.6929844818205,16858.606159000003,ED99999
2026-09-30 09:27:39,day,politics,98,0x19efeeeed6ae7c77f2dea0363c756841e4382115,542.2419046570003,0.0,0x58a049263e0754cb51a63248c34ffe07e8434899
2026-09-30 09:27:39,day,politics,99,0x1651f27eb14f89d614352db9a86070813105d26c,536.3995365859955,0.0,0x1651F27eb14F89D614352db9a86070813105d26C-1765048324338
2026-09-30 09:27:39,day,politics,100,0x77958accec3edfc6ea0194e8fb954647456b9a17,536.0111198619998,0.0,0x77958accec3edfc6ea0194e8fb954647456b9a17
2026-09-30 09:27:39,day,sports,1,0xc430e5b17128df7ce78d69fa28bc7de038641ebf,151617.68205931503,133088.79,Gourmet1
2026-09-30 09:27:39,day,sports,2,0x8a8685a792c184e5c2ee8c7d4d4baba7c2c94998,125446.31799224499,0.0,BrotherObama
2026-09-30 09:27:39,day,sports,3,0x2a69660046d7acc4ab204d7cc5ba78b0776cd2f7,74398.44075370871,1124667.0689009994,UpTheBlues
2026-09-30 09:27:39,day,sports,4,0x076daa87c4fe1a85402a9b6b8e0a866224388d4c,67634.96747671001,277507.05294499994,omnibus-076daa
2026-09-30 09:27:39,day,sports,5,0x9f2fe025f84839ca81dd8e0338892605702d2ca8,62228.4434108405,2376.317392,surfandturf
2026-09-30 09:27:39,day,sports,6,0x5268527977f700f9bf9b6d5cd843859e4e70135d,60657.32909338713,1285500.8904839999,HomeRunHazard
2026-09-30 09:27:39,day,sports,7,0x3dfb153c197d4c19d3b31c1ecd2c7b6860eeabaf,57930.18418070985,259957.11780799998,0x3DFb153c197D4C19D3B31c1ecD2c7B6860eeabAf-1722957908185
2026-09-30 09:27:39,day,sports,8,0xe4a57385a34b0b32fd86be72efd25cda41003cad,53954.12207004,28383.555274000006,chubbytoro
2026-09-30 09:27:39,day,sports,9,0x0c154c190e293b7e5f8d453b5f690c4dc9599a45,52645.393311570006,0.0,0x0c154c190E293B7e5F8D453b5F690C4dC9599A45-1775083003603
2026-09-30 09:27:39,day,sports,10,0xe18ecc345e00ee7c4f2d1f676f3dd2acb112f826,39999.39472,0.0,ArielFilipino
2026-09-30 09:27:39,day,sports,11,0x291de54f32a3ee495ff0c624fa9bfeca23451f97,39978.39338099999,212.436616,viboomchuu
2026-09-30 09:27:39,day,sports,12,0x684baa57c338c2549aec0aa3f034f695d72a8409,39296.052453899996,71439.12100099999,monkeymashingkeyboard
2026-09-30 09:27:39,day,sports,13,0x224a89dbe0db0d6124b335edabd15b3f877da3d5,32255.14248352486,471282.68914999993,wr0ngw4yb3tt0r
2026-09-30 09:27:39,day,sports,14,0x4f29e103339919c4baaea2a60195cf1c8bb27a7e,30862.38247087848,219131.28374999997,0x4f2
2026-09-30 09:27:39,day,sports,15,0x67ac9e1ad7d7e74ef0215d14fc8edb538e4fedf1,29194.133464857998,71589.177006,3648393489047
2026-09-30 09:27:39,day,sports,16,0x6f3e7f25baa7d2d49e15e2d2957ff3dec62cbcf8,25602.869537684,51007.876654,fRibrenlc
2026-09-30 09:27:39,day,sports,17,0xe7870d0e1bfc65a23e3d66caf00ca1b9129e5034,24970.77173575,322419.7378940001,Kkunn
2026-09-30 09:27:39,day,sports,18,0xd218e474776403a330142299f7796e8ba32eb5c9,22879.96320309004,110005.95534199994,cigarettes
2026-09-30 09:27:39,day,sports,19,0x0235dc24b38772bf3339a9e5ec5db3d3a05fcee5,22237.821984767026,13507.650875000001,darkumbreon88
2026-09-30 09:27:39,day,sports,20,0xc5d8d3722f46f43d58d144c2e2772a9c30b2a00b,20873.888825399998,0.0,IdentityV
2026-09-30 09:27:39,day,sports,21,0xae9508c5623b068b7e81f050c359b87a079317b8,20420.270339999995,38792.52,lfjlwkflwekfl
2026-09-30 09:27:39,day,sports,22,0x32b484581fc5606de9c1e43af4636b6be9bc8b21,18939.000988103035,575675.077184,0x32b484581fc5606dE9C1e43AF4636b6Be9BC8B21-1774274303653
2026-09-30 09:27:39,day,sports,23,0x819dfea4ffa9c4d3ef27f00e2dbac7e9e93507f1,18460.742768,68305.877832,JokerTheClown
2026-09-30 09:27:39,day,sports,24,0x55b9e6a1dcca2defb01636ba41e9f76a0883a814,18072.876506989982,238206.12119700012,ghostorder
2026-09-30 09:27:39,day,sports,25,0x5e6e2c3f06686f2607b86c90e35f536e81a1be00,17294.595457100004,46118.109356,0xA0b86991c6218b36c1d19D4a29Eb0cE3606eB4
2026-09-30 09:27:39,day,sports,26,0x6d3c5bd13984b2de47c3a88ddc455309aab3d294,16401.37804434525,345640.6107650001,VeryLucky888
2026-09-30 09:27:39,day,sports,27,0xb8ef617fd5d960e61e56c50d2971697300b32864,16161.241277724452,106138.980344,no1dodgersfan
2026-09-30 09:27:39,day,sports,28,0x26f8af9d49328e5fdae2c24e62e5c523bebd3452,14575.86838,60028.64,Mr.Ape
2026-09-30 09:27:39,day,sports,29,0xec981ed70ae69c5cbcac08c1ba063e734f6bafcd,14170.518758455,32168.435,0xheavy888
2026-09-30 09:27:39,day,sports,30,0xe015b5a2a299167be835a2fd1e86f09c49e06ffd,13799.655723250999,12670.381344999998,TAIWANNUMBERONE
2026-09-30 09:27:39,day,sports,31,0xa47f0ed4684d9fb463d1e9d540e7db19ae08e18d,13042.665925000001,19704.995000000003,Key222
2026-09-30 09:27:39,day,sports,32,0x67542c3219b37fd1610aad290676ff91cdbfe3bc,12763.709999999995,57236.0,gmpm2
2026-09-30 09:27:39,day,sports,33,0x31706006a0ef88b2b8f6d093efbc83b359fbc6a0,12738.7025898,14914.13,thatguythatguy
2026-09-30 09:27:39,day,sports,34,0x7a8885c8dc075f0578b648f29fa233408a7d41cc,12240.966199999999,0.0,stackingsats
2026-09-30 09:27:39,day,sports,35,0x3f985e3a68f88e6ed8da1a22e1a5eda81c8e0aa1,11926.424565667008,6243.833334,xabidaking
2026-09-30 09:27:39,day,sports,36,0x676c1bb692c76b57b06f1b93817515acfa5ce139,11585.209147364996,1495.57,Thorin1
2026-09-30 09:27:39,day,sports,37,0x3e04fbc51adb75418129f6ce2091ae633070564d,11150.78102771,11854.651016999998,roldy
2026-09-30 09:27:39,day,sports,38,0x2d6ac4f70307102ac46e9e6ded67f3838ddf8add,10971.327995857519,41406.825297999996,GC-P
2026-09-30 09:27:39,day,sports,39,0xda856317923415a534d8952e6f8abde17c2e1ca7,10674.994000000002,30949.982858,Yellow-Fever
2026-09-30 09:27:39,day,sports,40,0xcf218ae47e8eb183fac019d3412df8b2365f667b,10670.164999999999,40452.0,sjdhjnxnsjjdheyygajshjdpolq
2026-09-30 09:27:39,day,sports,41,0x5b6331e7ff0831a3fe2ed12004747db1a9c911a4,10151.230151802007,119002.72385800001,neutralwave23
2026-09-30 09:27:39,day,sports,42,0x901515976ced8fa2025b75140814d79f77e7281f,9430.78804668,0.0,Zelenskys-suit
2026-09-30 09:27:39,day,sports,43,0xcf7379b4b891c06d88807f6f70efa75378120215,9246.848041352998,39702.42822,NM-P
2026-09-30 09:27:39,day,sports,44,0xe390b3f7cdbd7d9821c080bbe460a2814770e80f,9220.170815323996,4132.47,AppleTiime
2026-09-30 09:27:39,day,sports,45,0x0e64bde21d716711fbe59095eb0c88fae55e336d,9117.394,37713.0,KioskJammer
2026-09-30 09:27:39,day,sports,46,0x99f0d31fdced5b3a0e5ee2867730a6644a6c9495,8982.326339992007,35851.39975999999,0x99F0d31fdced5B3A0e5Ee2867730A6644a6C9495-1779037126382
2026-09-30 09:27:39,day,sports,47,0x161a7f666ca49d592848cf415b42f49a84714103,8496.289564202998,49667.134154,torta.tech
2026-09-30 09:27:39,day,sports,48,0x3a55b0c45449b955e43ec10734bd988bb5d1394e,8259.204675185005,28099.966736000002,0x264379C47E653dafa153841a995Cf975B6a02fxo
2026-09-30 09:27:39,day,sports,49,0x8a3ab8120807bd64a3de48695110e390fa2ceb9a,8098.9901121,0.0,0x8a3aB8120807bD64a3De48695110e390fa2ceB9a-1771005965025
2026-09-30 09:27:39,day,sports,50,0xb9c7d35d1f04d08624fabcfd3b6cee2d3c9baade,8051.762499565011,62223.63889099999,taylorsversion
2026-09-30 09:27:39,day,sports,51,0xd38ad20037839959d89165cf448568d584b28d26,8032.671579000002,18680.631578,johnny234
2026-09-30 09:27:39,day,sports,52,0x613bfbb81d9e5398bff208da4ae848e7a73e823a,7946.0,30100.0,FlamePyro
2026-09-30 09:27:39,day,sports,53,0xb4d250f58c26840e09723a83ce9c8149aa32ce99,7671.462617719004,116219.92078600002,alpheclabs
2026-09-30 09:27:39,day,sports,54,0x01c78f8873c0c86d6b6b92ff627e3802237ee995,7630.254890676003,30015.808813999996,Lilybaeum
2026-09-30 09:27:39,day,sports,55,0x7c1ee865a785de4c00ee90ed86a38489fb8bbab3,7145.644067100984,215694.43770900005,CandleHammerDrums
2026-09-30 09:27:39,day,sports,56,0xb2fe0455982dc10c7d933752a4d4bbba20d77558,7049.9963,14999.992129,fuzhaiyiqianwan
2026-09-30 09:27:39,day,sports,57,0xbc43c8bfbc4d77c2fc9011adad38ba43b88996d3,6816.6694816650015,3418.045599,0xBc43c8bfBC4d77c2FC9011adaD38Ba43b88996d3-1765231687816
2026-09-30 09:27:39,day,sports,58,0x50f97e9c24050ca2cd7f0fef900df984e1d0c327,6815.647797,14450.476971,0x50f97e9C24050cA2cd7f0fEf900Df984e1d0c327-1759622213387
2026-09-30 09:27:39,day,sports,59,0xe0dbdb7f005f233f4510e4ef7e53a2f76a8df44e,6439.162962735999,0.0,lug
2026-09-30 09:27:39,day,sports,60,0xfb07f48542d2b655e9d0bf1cc92a8a6feee8e2cc,6292.842572723002,41008.365568999994,0xfB07F48542d2b655e9D0Bf1cC92a8a6Feee8e2cC-1782415802542
2026-09-30 09:27:39,day,sports,61,0x1dbf0ac12fc39564bf646b54b6f31de8942f1a6b,6083.7609999999995,22782.840000000004,Jugar
2026-09-30 09:27:39,day,sports,62,0x8ba27b7c9de2b6367f986bff5f9c8049204c1650,5974.509805,0.0,0x8ba27b7c9de2b6367f986bff5f9c8049204c1650
2026-09-30 09:27:39,day,sports,63,0x492bb408693470df7d031ef48f3a5466055b45ee,5968.083853000002,111233.09730600001,dmoralez
2026-09-30 09:27:39,day,sports,64,0x8efa1ea8ee2d456a051ae2985079a1e3c9aa894c,5938.626808255001,5036.0,0x8efa1ea8ee2d456a051ae2985079a1e3c9aa894c
2026-09-30 09:27:39,day,sports,65,0x52d93dcf81444f793dda7fedc370f7a35101fb1a,5892.1057532934965,34317.95978799999,LuckyLoo
2026-09-30 09:27:39,day,sports,66,0xd6e91a9fdda69ecabeb936b82eae9b0adfa37d80,5781.797422815001,12341.503767999999,rew456
2026-09-30 09:27:39,day,sports,67,0xb0e3fcbe0d7f17168fdce93f89c0168d3fa329eb,5760.298789540004,35377.712266,gagarin59
2026-09-30 09:27:39,day,sports,68,0xde9f7f4e77a1595623ceb58e469f776257ccd43c,5711.700706455002,38472.768283,tradecraft
2026-09-30 09:27:39,day,sports,69,0xcc4279c50a907c73d3b8c1faf993b1d651cf6bd4,5679.348435190001,0.0,arbbro
2026-09-30 09:27:39,day,sports,70,0x792f8e8bae0323abf8927c6820863fbe8a98328a,5462.547395000001,0.0,owenliang666
2026-09-30 09:27:39,day,sports,71,0xfc0847fe2ea938d6e2624650eb29ef8d8142a137,5339.999946559999,74368.953954,0xfC0847fe2Ea938D6e2624650eB29eF8d8142A137-1771999665274
2026-09-30 09:27:39,day,sports,72,0x9b11866433281ade9f2811dbde8acdefc45f5375,5214.122340774491,96961.75972699998,0x9b11866433281ade9f2811dbde8acdefc45f5375
2026-09-30 09:27:39,day,sports,73,0x457f2814dac53a0a9951b5c2ea5a9db20896aa1a,5200.18666666,37.333332,Greedo
2026-09-30 09:27:39,day,sports,74,0x0ec9d0ca75335cb9e683907bf628a0b5ee831e0c,4994.801429,7346.601429,0x0EC9D0CA75335cb9E683907BF628A0B5EE831E0C-1781944417845
2026-09-30 09:27:39,day,sports,75,0xb077e7482c6bea18f75e33bf823cbbe59cda8fe8,4963.193399999999,33384.600153,0xNuttawut
2026-09-30 09:27:39,day,sports,76,0x9c95df82fe2f55f522cee739cefb08f528dded41,4805.511934795,0.0,mafi7al
2026-09-30 09:27:39,day,sports,77,0xdb83e85ffd22faa4009273034770f96ffc5b1e50,4723.5199017130035,22610.552996999995,sentrio
2026-09-30 09:27:39,day,sports,78,0xbad26fe5458e6219cec3e40272760e275e835296,4612.0430092199995,5733.628307,cocococococo
2026-09-30 09:27:39,day,sports,79,0x44d682939eb6a4a1349fa50411531876a6089858,4511.380426975002,6989.2,BobMcAdoo
2026-09-30 09:27:39,day,sports,80,0xbca08c1bc204a34f2fddbe47b438b9bd42ac9705,4498.233636210003,74787.10645,justaluckydude
2026-09-30 09:27:39,day,sports,81,0x885ffdf360e5b0b6e6acb963fb3f8ba2344c8ed9,4421.456484432497,4465.990397,forecastication4
2026-09-30 09:27:39,day,sports,82,0xafe4272b4fb0bcc1d734ee2cdec3e78cdc94f3f7,4355.4663,11319.28,QuentinChen
2026-09-30 09:27:39,day,sports,83,0x6b9088be3898f1bcb7add8a174bdf1c7295c2194,4330.5154266565005,9502.130000000001,banepir
2026-09-30 09:27:39,day,sports,84,0xe8c4d68aff65b38cac46987b9b65e01eb47d395d,4328.63459739,7371.278689,JAMJAMJAM4
2026-09-30 09:27:39,day,sports,85,0xf5e15d3344c35890f1aa716dca88e13eb9065ad0,4322.985389000001,2511.530911,WYNNERBACC
2026-09-30 09:27:39,day,sports,86,0x6c26cb64a32797edcb0bdf29ed10de0f7ec698b9,4294.650600000001,0.0,useruserlol
2026-09-30 09:27:39,day,sports,87,0xdaef2be2a19ad331737d06545f85615b094554e9,4284.720032314999,0.0,PEYZ-BIGGEST-FAN
2026-09-30 09:27:39,day,sports,88,0x27f738fe203827445690339104aae35b20bc44b0,4058.715,1591.0,ic4cream
2026-09-30 09:27:39,day,sports,89,0x9a8c93d5f11dc64b4ceef882f151a54c7079ba13,4051.3384499999993,24938.823717,MilesY
2026-09-30 09:27:39,day,sports,90,0x3cd63e65f3df4aaf8ebe9de56fe5f8f633b218e4,3997.6248,0.0,HerbertAppreciator
2026-09-30 09:27:39,day,sports,91,0x1f624696c102b99bea92c75a502fa7e4a6d676f6,3943.061216505006,44782.24248600001,emacron
2026-09-30 09:27:39,day,sports,92,0x0c99d9f172fc4c25fd2aa92f9fc272da5f020c88,3934.061444215001,13221.717698999999,DCAAA
2026-09-30 09:27:39,day,sports,93,0x9703676286b93c2eca71ca96e8757104519a69c2,3925.6472971195108,12783.463218,AnonymousUsername
2026-09-30 09:27:39,day,sports,94,0x9f15613ebf1f36d4bc679e1211d1fc567cf9bdb3,3903.2874227639995,19118.163422000005,0x9f15613ebf1f36d4bc679e1211d1fc567cf9bdb3
2026-09-30 09:27:39,day,sports,95,0x7ea571c40408f340c1c8fc8eaacebab53c1bde7b,3861.871676551006,23796.547318999994,Cannae
2026-09-30 09:27:39,day,sports,96,0x21f333307ac6d2e65ac82f014b3dd2b64cbc35e3,3844.048169994998,19837.09449,hi774c
2026-09-30 09:27:39,day,sports,97,0x56280cd4cf8f902b3971338ddb04038e9dbfabbc,3767.161038311001,21150.592291000008,Po1yamory
2026-09-30 09:27:39,day,sports,98,0x91feec8af2b517f024d91564ee108d707cc0c1c6,3762.548611999998,30778.338604000004,NordhavenCap
2026-09-30 09:27:39,day,sports,99,0xeea3f08e8a36081233e4c4b4142fd61a7b56a6a2,3701.372267524503,76519.60502,thestingsnake
2026-09-30 09:27:39,day,sports,100,0x2396babfc88a7a7dcc0390262ab747d7cbad9485,3673.9062332349986,7785.234872,kabina-
2026-09-30 09:27:39,day,crypto,1,0x111f73e91f85b6fe4de1ddec3de2fe32122e355b,32655.353988314993,0.0,Papeasy
2026-09-30 09:27:39,day,crypto,2,0x64071a44d1f42709c82934bbefe3f292661493aa,11153.703681160003,139781.41589799998,smash-to-net
2026-09-30 09:27:39,day,crypto,3,0x06dc51826bc524d9a83770e7de9dd7e005b04524,11037.8616112042,159484.58485300007,0x06dc51826bc524d9a83770e7de9dd7e005b0452
2026-09-30 09:27:39,day,crypto,4,0x56ad6bd05999e0f33ea9c05a48ccb1364a46f13e,4884.782425602549,0.0,floatingraft
2026-09-30 09:27:39,day,crypto,5,0x3048d65321be3497164cdfc2996f94f98a2e7537,3853.5856317099974,179357.03276699997,x-MoneyForWhiskas
2026-09-30 09:27:39,day,crypto,6,0xd3d3467ff83c943e9fa5a26a4ffd01f979bf81dc,3853.346601054999,119077.89853500001,masterofcs
2026-09-30 09:27:39,day,crypto,7,0x41e2e1ccf1e4940029af02259a31c6b89b9fa354,3696.6593343349923,328579.1975020001,norm1e69
2026-09-30 09:27:39,day,crypto,8,0xf53e7cc2894cba22dcdc40de936513a502ef16e3,3685.058405000018,0.0,VelvetNova27
2026-09-30 09:27:39,day,crypto,9,0xe609d476ebecc64e55788b4595fc53c343a1d4d4,3619.752931651543,0.0,TahitiBob
2026-09-30 09:27:39,day,crypto,10,0x22a4827ca94ba6e9f77f5dd9f49e6512b8e163eb,3591.5350490000037,58004.394744,En111006
2026-09-30 09:27:39,day,crypto,11,0xc8e90459ae62e4aebdd0ff115c00a12cf6104948,3432.7315699999995,5306.264332,EidemFrichette
2026-09-30 09:27:39,day,crypto,12,0x744c072005bde6ddab8764a7477f61d3d22ae37f,3255.402536298501,2709.6847980000002,Egozic86
2026-09-30 09:27:39,day,crypto,13,0x470f7d0a5550ac39c576fa41cd9b70e626066a31,3130.9967403850005,600.0,JS.Shan
2026-09-30 09:27:39,day,crypto,14,0x3dc09f1dda5f7ca9438ca070356259913bdeadd1,2881.7901629999997,107008.44018699997,0x3dc09f1DDA5f7ca9438ca070356259913Bdeadd1-1788677722175
2026-09-30 09:27:39,day,crypto,15,0x19c3b385be5667154fc69c87d8f7914be84087c1,2832.535615000059,0.0,KatsuManager87
2026-09-30 09:27:39,day,crypto,16,0xb55fa1296e6ec55d0ce53d93b9237389f11764d4,2602.964945061016,205710.68423299998,0xb55fa1296E6ec55D0cE53d93B9237389f11764d4-1777575277609
2026-09-30 09:27:39,day,crypto,17,0xc2ad03f79ca3f3c17d8c7de2612ce0c89b7d40ed,2381.7942773900004,45884.327640999996,bosona
2026-09-30 09:27:39,day,crypto,18,0x29de3c62b7b49a2d2a062f93b6e659980a4bd9e6,2378.311058680005,40259.916068,0x8e41faaaaea1b6eae4546eca7713066dc05
2026-09-30 09:27:39,day,crypto,19,0x576b0696fd5a9225d66fd9500fd98f5be10b0cab,2373.5446336315144,103696.32841799995,Hcrystallash
2026-09-30 09:27:39,day,crypto,20,0xf363b411bcfadc7a20d89a08bc9a17b0b5d1c197,2226.425948,6774.4644100000005,Telawin
2026-09-30 09:27:39,day,crypto,21,0xc87836bef73740dd2206c05628e9572f59faa529,2188.7840979100038,44665.094601,0xC87836BEf73740Dd2206c05628E59faA529
2026-09-30 09:27:39,day,crypto,22,0x7cd156802a8c9f4c9c8a1fa6270529c8b43e8d05,2178.7728930000007,13241.203803,0x7cd156802A8c9f4c9C8a1FA6270529C8b43E8d05-1766113882443
2026-09-30 09:27:39,day,crypto,23,0x9547dd1651c3c1f9d12c538361bce4338b727117,2074.7143039999996,26547.037085000004,asdaf54123
2026-09-30 09:27:39,day,crypto,24,0xd84403efd50b49a1d8a7181627e00307e6ea5908,2062.653341265,34695.08314800002,FairValueMachine
2026-09-30 09:27:39,day,crypto,25,0x2b140391f94e9304d1d2cc83fece0bf644d9d678,2057.026412,13216.303343000003,iwanek23
2026-09-30 09:27:39,day,crypto,26,0x0ca4e9d27ff826a109ecbf74754fb66b93f277a6,2033.1210490650014,55856.15871599997,GoodFallen
2026-09-30 09:27:39,day,crypto,27,0x84389cfc4a652ea14d8d8be969769b1f69de3680,2019.8593424049948,23134.958487999997,Atomforge
2026-09-30 09:27:39,day,crypto,28,0xeebde7a0e019a63e6b476eb425505b7b3e6eba30,2015.361806799501,87614.20075999998,Bonereaper
2026-09-30 09:27:39,day,crypto,29,0x8b4bca1d794779e66e023d44391b2a86c5ab541b,1932.9806760382776,447.86,0x8B4bcA1D794779E66e023D44391B2A86C5ab541B-1769764313952
2026-09-30 09:27:39,day,crypto,30,0x091ccc435273c422260279c8a8277170b2dc182e,1913.933245000022,0.0,blahblah344
2026-09-30 09:27:39,day,crypto,31,0x51b970365b02a3fbdb6d00d8c481ed6cb0e074f9,1898.07107215,0.0,user39100
2026-09-30 09:27:39,day,crypto,32,0x8a42d9194e2988138bc919ed666ab9b5bea80f71,1837.1036944409998,20182.317920999998,519f
2026-09-30 09:27:39,day,crypto,33,0xd9013df863c1ba932780857b020dfdeacedf8e14,1821.5515107299982,13641.599652999996,PoopStreet
2026-09-30 09:27:39,day,crypto,34,0xca79076e2d13b8930e0c3a4649c06c65449a4796,1803.893315000052,0.0,EamonnD1812
2026-09-30 09:27:39,day,crypto,35,0x2ed94d1a460379292d2e3b46f2cf7d94b033f271,1695.5403511380023,79977.79103999997,Hsilverbasher
2026-09-30 09:27:39,day,crypto,36,0xcf070b9ed273abd6185a4253713ce8e64c0ec770,1694.8252365380224,8722.470000000001,MaxEnt
2026-09-30 09:27:39,day,crypto,37,0x48ac40fc545cf327edd5365435c3a9f385614a7e,1578.2713540000036,144474.42617200004,BoneOhio
2026-09-30 09:27:39,day,crypto,38,0x5078f57065a338bd58065e76f02a9f9f5dd28082,1561.5643021249957,6785.548516000001,alister-crowley
2026-09-30 09:27:39,day,crypto,39,0x93fb8127a1b21a112b11af936361225df0563e4a,1557.772979108995,0.0,LlamaLoco0000
2026-09-30 09:27:39,day,crypto,40,0x2be8724a86ba50bcc3aed1b23e2e3301065636d8,1549.5178000000042,6704.468843999998,0x2BE8724A86bA50BCC3aED1b23e2E3301065636D8-1790644364815
2026-09-30 09:27:39,day,crypto,41,0xfcda969d818f49fb945b889275405f929221eecc,1537.8042500000004,13457.14381,3123123121313
2026-09-30 09:27:39,day,crypto,42,0x3725d52f3c252e8374999cc8617292ea2608ad88,1530.4086730430001,46407.28563500001,almach
2026-09-30 09:27:39,day,crypto,43,0xe700c328241308094cb87f4734b917e1b1547005,1495.1441472370007,0.0,VRVTeam
2026-09-30 09:27:39,day,crypto,44,0x3089fcf3fe5b67ec287654b4d627bcd1d51135e4,1482.4085730000004,15400.121637999999,13897651
2026-09-30 09:27:39,day,crypto,45,0x335ac48637a3bc37c2eac9e0c9799c32b3cda494,1448.9147125059976,17119.840623,QuantumPebble673
2026-09-30 09:27:39,day,crypto,46,0x0ae4a8d6146c304d69208cdf114129e63c67fb39,1434.0283158065067,50490.907723000004,ByteBadger92
2026-09-30 09:27:39,day,crypto,47,0xdb9fb52fa0d10209311f2f7e1f348008824d8057,1392.1800500000004,5161.553895,1040ethgubino
2026-09-30 09:27:39,day,crypto,48,0xe3eeb127d5763a6e4ad597f773f9d259c94d5176,1389.1848400300014,21777.270415999992,0xe3EeB127d5763a6E4aD597f773F9d259C94d5176-1780742904507
2026-09-30 09:27:39,day,crypto,49,0xc8a4337850be801fcf6a0a2c257085895cd8c97f,1383.6086,5607.906948,0xc8a4337850Be801fcf6a0a2c257085895Cd8c97f-1790014603793
2026-09-30 09:27:39,day,crypto,50,0xc387c2a40d389f17b723b6bba9b18b7dbd2de4f4,1368.4351276799994,37098.768323,flippingsharks
2026-09-30 09:27:39,day,crypto,51,0x3d1ce8bb9bfadfcc71baf3f6b602b4903c70e45c,1363.116075631464,0.0,0xDCCrane
2026-09-30 09:27:39,day,crypto,52,0x32ed2e546b187ca15e2841edc82b22c713cf8ec3,1360.653593682496,52858.15778499998,mo-money
2026-09-30 09:27:39,day,crypto,53,0x9412cdfc1e3171e1aabb013d0f494986445d0cd0,1306.779290209999,46319.94917800001,gansinimen
2026-09-30 09:27:39,day,crypto,54,0xe734e7bf7cfb9e464681f71822f6c2f6be514f0c,1301.074603719091,27950.446364,boyau
2026-09-30 09:27:39,day,crypto,55,0x7556ab393295b225b4b0abeed7328428a0a50f44,1263.3840979999998,11056.684885,pol1gl1tch
2026-09-30 09:27:39,day,crypto,56,0x239e726f1f4131ca78a7e5abf1fec86bfc151c10,1257.0978318850052,114517.26365600001,EZTRADENL2
2026-09-30 09:27:39,day,crypto,57,0x367b52a09d491a402a1c3706e6dfe12cfeab1516,1225.1988444750004,0.0,fbb0226
2026-09-30 09:27:39,day,crypto,58,0xcfddfb6e1b321fcfdcb6f9aa09b11990142ce5da,1212.0809184450036,46287.55537200002,trdyugiolkw
2026-09-30 09:27:39,day,crypto,59,0x69788e136500902559a2fb21883ab9baacbd08d8,1171.286628387501,0.0,TruongMyLan
2026-09-30 09:27:39,day,crypto,60,0xcc500cbcc8b7cf5bd21975ebbea34f21b5644c82,1157.9419674826531,45649.64485499999,justdance
2026-09-30 09:27:39,day,crypto,61,0x216b0f7fb8cc78d5035ba8d4ee67a1e71d91d8a5,1145.6321125000031,48865.97,greater-fools
2026-09-30 09:27:39,day,crypto,62,0x9a4cbaf3ba914b38ca92cc968cb6104c002998d0,1137.7520999999988,4364.900000000001,asdaasda
2026-09-30 09:27:39,day,crypto,63,0x6b36973dcfbb4a1e4c6fadfe35b755eee99c0d4b,1134.5187107544991,20857.731021000007,Deepcoin
2026-09-30 09:27:39,day,crypto,64,0x17f33f31ab651fb6d12ce83e8530dae5503009a0,1066.5872880000002,1999.9743449999999,rwpo0
2026-09-30 09:27:39,day,crypto,65,0xd1f9320a3a1b284a4b32b9df9cf42958abdfa433,1064.2252969999997,3949.761898,0x5E24B776E587352233C415259aeA8182A55e254b-1766753978487
2026-09-30 09:27:39,day,crypto,66,0x27b0dceebc77ebc59573b818144743b9f1a2209b,1063.8482068970334,0.0,yuahldj
2026-09-30 09:27:39,day,crypto,67,0x0d2d845a6ff64e31e04a70afce8a573940767ff5,1041.9436637455005,22016.958417999995,38791873984189
2026-09-30 09:27:39,day,crypto,68,0xe8d68fd271ad704a55f9bb0e4fc6276ee9adc964,1017.7957299999997,7659.469010000003,Little-big
2026-09-30 09:27:39,day,crypto,69,0x00ffb912f1bf01c0123869ddb92d4b6a6ad3f7ad,1013.0126121700014,0.0,ballinco
2026-09-30 09:27:39,day,crypto,70,0xae3985e1b18b258e940365d8140fec972516ff04,954.6494000000014,5737.084930000001,mylovewsol
2026-09-30 09:27:39,day,crypto,71,0x8ac8617241fbd47d189a512516206c2b9a1b47ab,954.012265,22179.433037,Oussou931
2026-09-30 09:27:39,day,crypto,72,0x9d57c42e847173d06841703825d3fe2299e456ea,942.0479127020038,229077.08562099998,Polkadot-Frog
2026-09-30 09:27:39,day,crypto,73,0xb6fef4c2c436ab8bbf07d017952e851dcf717394,934.3029149010399,38897.42753,0xb6fef4c2c436ab8bbf07d017952e851dcf717394
2026-09-30 09:27:39,day,crypto,74,0xb945945d5bcaf7b56834d4da8cdf8f8f94b2db68,914.652594105002,45870.864493,l5Zn1bWoM8eTsK
2026-09-30 09:27:39,day,crypto,75,0xd2e82888200859f46fc3605cc3b3d2f6ee9eeeea,911.050922360002,0.0,0xD2E82888200859f46Fc3605CC3b3d2f6Ee9eEEEa-1776953176201
2026-09-30 09:27:39,day,crypto,76,0xbd0f6c867e2a852807ef8fcdd76d696053da48fd,906.1318185599995,7727.467215000004,FatSlag
2026-09-30 09:27:39,day,crypto,77,0xe60f07a844bd18448eb3b23818f94bec1589f4b4,893.993446204986,0.0,cryptoincome
2026-09-30 09:27:39,day,crypto,78,0xede186f37ead91aa618cf8101db2bfe6b6c57dd1,889.9980286700002,0.0,KongX
2026-09-30 09:27:39,day,crypto,79,0x6916cc00aa1c3e75ecf4081df7cae7d2f3592fd4,887.2693924415034,56535.63166500001,x6916Cc00AA1c3e75ECf4081DF7caE7D2f3592fd4
2026-09-30 09:27:39,day,crypto,80,0x7c3bc90d0612d5718c0d4199e74b6f1f4d27ad7c,881.0225379999998,48990.807248,RichMeeeeeen
2026-09-30 09:27:39,day,crypto,81,0x891e06ae10fdf9302a1d908aa8bd47476a983941,878.9476683899993,0.0,Premarbet618
2026-09-30 09:27:39,day,crypto,82,0xb0f85baa97990910a3e8ac2b4a58a322f01ecef5,846.9535149649992,26312.150294000003,pspspsps5
2026-09-30 09:27:39,day,crypto,83,0x61b25fdd78da9e627278ab3e22e904223f35bd1c,832.5349449400003,11165.18625,0x61b25fDD78Da9E627278Ab3E22E904223F35bd1C-1788453961313
2026-09-30 09:27:39,day,crypto,84,0xf37254d998fa9360ce2ff1edaf0ecfd0b826b2da,832.4119634015003,16797.551055000004,0xf37254d998fa9360ce2ff1edaf0ecfd0b826b2da
2026-09-30 09:27:39,day,crypto,85,0x1b414826a2c991d5ae1669a754291626d0df0b56,826.6360083174982,30974.935987999994,Kathod-Shi-14
2026-09-30 09:27:39,day,crypto,86,0xb2cd99ff5ad8f27c781e54e854ab1b2ab1afc187,817.068656755994,400.0,vicks
2026-09-30 09:27:39,day,crypto,87,0x21c52a310ce110d58270e2d5a9676c217a5e3533,770.525113150997,150.0,Rin2x
2026-09-30 09:27:39,day,crypto,88,0x6138b966436f811bc0e3f0d35f1fb14b869b97a0,768.0833800309774,0.0,tradexplorer
2026-09-30 09:27:39,day,crypto,89,0x514af0b7c7ce0d2295d461acf71c9b1d8077c2cc,762.893887,1634.972155,magicup
2026-09-30 09:27:39,day,crypto,90,0x5ec91ef4fd2f64786e5874e1e7f1e26c03319611,755.3088810000008,4469.174865,523FF1
2026-09-30 09:27:39,day,crypto,91,0x2dad1d7d34bafd498bacc8ce6238595f18092efc,752.792300000001,16029.230000000001,V612
2026-09-30 09:27:39,day,crypto,92,0x21f4c1a1be34a39a7bc20985df4b7e5a39fb691d,750.1421605399933,226912.88328900002,CrouchPredictions
2026-09-30 09:27:39,day,crypto,93,0xd4f4923158e5e6616880f846010c135002faa781,748.3534833444992,0.0,GrandMaXx95
2026-09-30 09:27:39,day,crypto,94,0x66553177acdc2858096f2b421e724a1c9ed0fca6,735.0132070000009,9162.939855999999,kyosx
2026-09-30 09:27:39,day,crypto,95,0x0c7c5204404e9d5402d258fedac59c7212bae4cb,719.2915678099989,49638.97150199999,OhioRiskManagement
2026-09-30 09:27:39,day,crypto,96,0x885278f0e304bc2d53f805af2ab779cb6011c569,708.2481303600018,34909.80147599999,gabigol
2026-09-30 09:27:39,day,crypto,97,0x1cd24cc49782240413903b4b7e7694779f917f85,703.3892989470041,0.0,bitterfish
2026-09-30 09:27:39,day,crypto,98,0xeda9247a2b3c99a9e0bf46cdac6e1974365cf589,694.9685320500018,22756.732086,0x9f672c31cb41362e30558eee9202e
2026-09-30 09:27:39,day,crypto,99,0x24cee225701a99613577dbb95b3f71c53d59da46,694.1328973399997,6597.441570999999,hwidelance
2026-09-30 09:27:39,day,crypto,100,0x969f51b74b4719f218b6910fab8eab222de46f5a,689.080153,1220.621847,.cody.
2026-09-30 09:27:39,day,finance,1,0xbf0fd14d47d8d785ac19f33aafa6985501f128ce,2052.419115389999,0.0,0x4dF63E746b71d3a8e
2026-09-30 09:27:39,day,finance,2,0x93fb8127a1b21a112b11af936361225df0563e4a,1971.2728464000002,0.0,LlamaLoco0000
2026-09-30 09:27:39,day,finance,3,0xb47adfafc08e77ec77b03a6d1496066675ae6d60,1752.8685598199954,0.0,0xfree-money
2026-09-30 09:27:39,day,finance,4,0x53c48faa2373f597b693567f79c3782c6ce7740b,1736.0803749110055,0.0,uma003
2026-09-30 09:27:39,day,finance,5,0x1cd24cc49782240413903b4b7e7694779f917f85,1602.5829657779977,0.0,bitterfish
2026-09-30 09:27:39,day,finance,6,0x982a77e75498fa134607f598c861b8de9d0c6851,1290.5945179649962,19175.695024000004,grasstoucher69
2026-09-30 09:27:39,day,finance,7,0x403f2471f8aaa1e8a224f1338b073bfa3fdb94f1,1099.8802494485167,10307.206982999998,PippiTrader
2026-09-30 09:27:39,day,finance,8,0x2c89c4edf80b95f7499dfb97e3f00ee7e89b5f1c,994.8340989979988,0.0,djfhdjfhdjfhdj
2026-09-30 09:27:39,day,finance,9,0xce835747e39bf987de4c04052b1677e6633e5b97,833.1048955464994,0.0,0xce835747e39BF987dE4c04052b1677E6633E5b97-1761944125351
2026-09-30 09:27:39,day,finance,10,0x65d45d1454cadae706511ec883cfb2d8ab0fb7e3,737.672176697999,279.23078499999997,GabiFP
2026-09-30 09:27:39,day,finance,11,0x6a5121acdc5e4fc2980d177a0aa729315ce6006e,687.6217180400013,1309.33,Bizzzhh
2026-09-30 09:27:39,day,finance,12,0xa45fd80cebd05390a9155c7f61b8b7b91890d6cb,669.3420975940005,723.0,pykue
2026-09-30 09:27:39,day,finance,13,0xeb34b86ca3ca64eb3cee6c9a0cce668385df7268,609.4764300000097,0.0,kneelbeforetheking
2026-09-30 09:27:39,day,finance,14,0x876bb030ddd424ef505ae02914024cf18c6a1703,581.0020350080013,0.0,rewardbots
2026-09-30 09:27:39,day,finance,15,0x33b3b135660b97b4ba65dad30bf07c7d2281d03d,544.9747201579996,439.56,AlmostNoAwareness
2026-09-30 09:27:39,day,finance,16,0xe392d6cc6a012f306cef646f79114eb6f351c023,515.487225595496,1625.0,ssddssd
2026-09-30 09:27:39,day,finance,17,0x4d49acb0ae1c463eb5b1947d174141b812ba7450,500.0,0.0,no1yet
2026-09-30 09:27:39,day,finance,18,0xedc84058541b1ef3586be91fd56860c1de283296,421.4856267519982,7391.8154589999995,0xJasonSan
2026-09-30 09:27:39,day,finance,19,0x3a8aa345d5db7ec5138298c8c4f4540259be7699,417.1146429365035,0.0,TheReturnOfDarthMaul
2026-09-30 09:27:39,day,finance,20,0x56c9fbdeccf198f1f5ad95ace39b24f5f7fb0d9e,378.53308765000475,0.0,redvinny
2026-09-30 09:27:39,day,finance,21,0xb4977235337e6d783df16a80c4b46095537789b9,370.5707352840009,0.0,0xa0330288693bfC18dFCAD3B00f678C834dB28613-1772673132969
2026-09-30 09:27:39,day,finance,22,0x96489abcb9f583d6835c8ef95ffc923d05a86825,360.55845696499455,0.0,anoin123
2026-09-30 09:27:39,day,finance,23,0x7f45e5c94910e280f34948abf5afafb91714284b,347.79708415000005,0.0,0x7F45e5c94910E280f34948abf5AfAfB91714284B-1764996618980
2026-09-30 09:27:39,day,finance,24,0x2b670a311561dcaf741d8155451774d3fa7fb814,346.97094707100405,0.0,0x2b670A311561DcAF741D8155451774D3Fa7fb814-1778467735876
2026-09-30 09:27:39,day,finance,25,0x06ac70013cd0c7992ec830ad5df9f7f66d5b79ec,338.323022690005,0.0,eastpak
2026-09-30 09:27:39,day,finance,26,0xa5a822f64402d2f5c2b30c0dd3651e61de2a8aed,336.66460735249984,10832.318516000001,test456y78
2026-09-30 09:27:39,day,finance,27,0x1018fa33923d8b0f4b0f8a0822ee045d46027264,329.93579159799265,0.0,EgoVolae
2026-09-30 09:27:39,day,finance,28,0x68e80eee1c448daaf93b782953c60653f070c464,302.51843244999964,0.0,henribloc
2026-09-30 09:27:39,day,finance,29,0xb187a6fae3d0b60108f13006359dded4d15944a9,300.8000123100028,0.0,Cptrade
2026-09-30 09:27:39,day,finance,30,0xf28c7b2efa875580a79f8c8810deff374f51cdf8,293.21500000000015,4511.0,0xF28C7B2efA875580A79F8C8810DEFf374f51Cdf8-1774419743181
2026-09-30 09:27:39,day,finance,31,0xd83cf89fa4ce75d1557c75657c9c9cb703ea798c,277.24000000000007,0.0,AuxesisAxias
2026-09-30 09:27:39,day,finance,32,0xb4f2592e67c333e73c923547cfe05e768180e5fa,275.7367210800003,0.0,M2sx92kljs42
2026-09-30 09:27:39,day,finance,33,0x1ee9a5fc09665909c0cce297c581703bfbb9197f,275.4735265380018,5007.42,vinii
2026-09-30 09:27:39,day,finance,34,0x03d180fa0a35190c3d1ad1e325d17a81f4562c64,268.06539462499995,0.0,enriquedeti
2026-09-30 09:27:39,day,finance,35,0x5c14eb6a6d5083c003daa8241ed559d2dc82cc49,267.76780000000144,0.0,forinnerpsandr1x11222
2026-09-30 09:27:39,day,finance,36,0x28a286753fc2ae311da60189e0d5b99001be3117,263.2542586129998,0.0,Oreophilic
2026-09-30 09:27:39,day,finance,37,0xac4a1fabdac2438d6afa2a9e8e83845310a0bf1e,243.9394301274954,942.84,HerrieDavis
2026-09-30 09:27:39,day,finance,38,0x23ca4376e7b74376b9247c4daac3dcad1fec9ae6,239.79153852600325,15.03,fdsfo
2026-09-30 09:27:39,day,finance,39,0xf27de6607cbd15be1133619b9807ff63fb86e6d3,233.66824113200028,0.0,0xf27de6607Cbd19be1133619B9807ff63Fb86e6d
2026-09-30 09:27:39,day,finance,40,0xed8650e311b2b4754a6a0feb9147ff3dcfc76ee1,224.2197022675,2033.527779,paula0xa
2026-09-30 09:27:39,day,finance,41,0x14efa5b7340bee4bdf9dc023a1224329b9ada922,217.35970000000088,0.0,joiwjapo4w
2026-09-30 09:27:39,day,finance,42,0x73bb531d8cfabcdd61f9e7bc08e8d2554bc69473,208.31960332700112,942.0,chivoexpiatorio
2026-09-30 09:27:39,day,finance,43,0x524db836890e08aceb3abcdee98d44240e324495,197.52610000000004,0.0,Mac-Gyver
2026-09-30 09:27:39,day,finance,44,0x99012d12a47cb06e777cbacb156dbd82edfc6046,196.8979802699934,330.0,SuperFake
2026-09-30 09:27:39,day,finance,45,0x8b8762de175b0c9c86453239e0dabbedd6d73e8d,191.73545000000377,0.0,MickyMauldib
2026-09-30 09:27:39,day,finance,46,0x032eb1bc893940263ad0b01889f262fc232f2a9e,191.30299999999988,0.0,purplegatto
2026-09-30 09:27:39,day,finance,47,0xa38a455bbdd4b68486548b7e19da99903f4f821d,186.94469998000022,0.0,takeormake
2026-09-30 09:27:39,day,finance,48,0x6c55301b54cef7fc253e0fcfb8bfbd62cd1b67d4,186.27662478000002,0.0,Moonlightcat88
2026-09-30 09:27:39,day,finance,49,0xdcdd6c37c456540a384326b8f96bb263408ed359,186.12376000000017,1794.19,LfgmOON
2026-09-30 09:27:39,day,finance,50,0x7b60951e9eb064bfb64b200c7ae2324e6d9965a2,181.03761458750068,4509.532913999999,wendydream
2026-09-30 09:27:39,day,finance,51,0x73d225c851df25d73b14846a370bdeef9434f9b7,175.66207133500032,276.24,Dapsy
2026-09-30 09:27:39,day,finance,52,0x9efdf8932077f748fa000ec4e74996829e21b227,165.87694167200243,0.0,zxdw
2026-09-30 09:27:39,day,finance,53,0xdf1c2e388bde2fbacabaf85c75a6b69cc35e2ebb,163.1333999999988,0.0,BMM-1
2026-09-30 09:27:39,day,finance,54,0x9f66aa958734d9d5af35f5f19a276d23e84f3a50,161.92676622200042,0.0,MrMelonHead
2026-09-30 09:27:39,day,finance,55,0xf16dd3586eb9ca2b002a0498548b15439991b7f9,159.3639692384998,314.948422,rocky42017
2026-09-30 09:27:39,day,finance,56,0x6114ab1b41a31643998b1cfe021ec6562a48cff0,151.29449268600024,1169.765105,nope3050
2026-09-30 09:27:39,day,finance,57,0xd2355351cfcfe75b87969e14250385d2f6fc6f93,148.8865219000004,11303.471994,kevinzhaoo
2026-09-30 09:27:39,day,finance,58,0xc58ba11733ecdd0c9c77bb9261570656c2fbff58,146.30877676,0.0,WorkingIsBad
2026-09-30 09:27:39,day,finance,59,0x8afa03dd6974e44d00c4d14dcccb00c0ddf6adb6,143.8398483134938,1597.39,stupid22
2026-09-30 09:27:39,day,finance,60,0x84207208bc185f902f452ea384d81560c9876183,142.87929775099974,0.0,LordProtector
2026-09-30 09:27:39,day,finance,61,0x8473b3cf4b2af4cfb5b8e7c61464bde829f470ef,142.72919830049887,0.0,jpurd17
2026-09-30 09:27:39,day,finance,62,0xd0f1c48f7eb486764bd48eff644f7e66a73a6712,137.6872799999992,0.0,XRPisSH8T
2026-09-30 09:27:39,day,finance,63,0xe2c87625f0c0afc7b7d08ffa857b8bdad253490a,136.0,0.0,e1c9
2026-09-30 09:27:39,day,finance,64,0x1d5f88f1b97317cccad804374e5bd847512e634d,135.73196196049867,0.0,firegold
2026-09-30 09:27:39,day,finance,65,0x1f85e6e3e41e5f1fe03f6cf22a52ae4e352ea51b,134.2093841215028,0.0,VibeyQuant
2026-09-30 09:27:39,day,finance,66,0x265767fafb99bf9a2528f31fa4d2a86aec2b4af5,121.53215,0.0,Bobbmon
2026-09-30 09:27:39,day,finance,67,0xc97b0b2a2547bb3ed57167092ef8a6e816c347e5,121.41406273596363,576.8899999999999,Avamax
2026-09-30 09:27:39,day,finance,68,0xf04ea0647ed574f74678e620b1e5e950e2ec22de,120.56843209999965,0.0,HEOS
2026-09-30 09:27:39,day,finance,69,0xd426adbc3c4461c86099c26221c877f20e42334a,119.0986803550004,2910.55683,881112
2026-09-30 09:27:39,day,finance,70,0x30328330513d01e16174d53d98c2047ef35c99e7,118.53386863999913,0.0,Prinas
2026-09-30 09:27:39,day,finance,71,0x743beec1270e1f4a468658bf628ac8cb94e6b802,118.5107607600039,0.0,earshot.zenith
2026-09-30 09:27:39,day,finance,72,0x28b291aa82da13e1d58993873806c92908d5eb4f,114.94535999999971,0.0,libratus1
2026-09-30 09:27:39,day,finance,73,0x540ead1077ed8ea12221bb46014b3d3990e47922,114.14168531999985,0.0,thegreatbambino
2026-09-30 09:27:39,day,finance,74,0x6db983ff1cbc85249e64e6ccd101aaa613ba4ab5,113.17653346799943,0.0,tsihkodiives
2026-09-30 09:27:39,day,finance,75,0xd45f82abd340ea77d6faa72d6ba53dcd86d0c086,113.12628242000028,0.0,gdbl
2026-09-30 09:27:39,day,finance,76,0x442f09fa150d3e5b3a3427c9e082b96198073ed8,112.0,0.0,72Ffb
2026-09-30 09:27:39,day,finance,77,0x4a9881c8db1bfafcddbebc8c7d696f45833c0034,111.0,0.0,0x265484
2026-09-30 09:27:39,day,finance,78,0xfec32aef00f862b5e7c368a3f46bccb22d76c3a0,106.82040344500001,0.0,jajupe
2026-09-30 09:27:39,day,finance,79,0xbfb186d4bd1980da3d4058d5ede03a22e60642b9,106.44352000000026,0.0,PackersPete
2026-09-30 09:27:39,day,finance,80,0xe40362b6d2c1eb1134da886f4c64f02f08f6e5a4,106.32695392000096,0.0,Coram_Deo
2026-09-30 09:27:39,day,finance,81,0x8c4465127b5278a5d7fd120b95b77e7fe292fcd4,104.6146353790009,0.0,nelbal8486
2026-09-30 09:27:39,day,finance,82,0x2f63dbd36cfff1952a88d9f704bd58bcb78cf247,101.97835460999977,0.0,Eric018
2026-09-30 09:27:39,day,finance,83,0x673e5584ae4cde5e80d650ee054dcdda0f32f853,101.58785,0.0,bbb.smb1
2026-09-30 09:27:39,day,finance,84,0x0561de1ae6ee906e13d2892e5914e2d5d13251c7,101.4160912049997,0.0,profitmax
2026-09-30 09:27:39,day,finance,85,0x4025a99c01cbf42511f850865d76d0eba75088b6,101.31118999999944,0.0,hermesss123
2026-09-30 09:27:39,day,finance,86,0x6c17546c05c378555c52d804aebd00d3f4ec6a7e,101.10428145750029,0.0,Noname333
2026-09-30 09:27:39,day,finance,87,0xd8d5289c35124b5353f5a10a28b8cc29aec38935,100.70272711250072,0.0,D8D5289c35124b5353f5A10A28B8cC29aEC38935
2026-09-30 09:27:39,day,finance,88,0xee6712ea09d6a9c86793bb6dde10ea59040e67a6,98.0788903375,651.825869,garbagecollect2
2026-09-30 09:27:39,day,finance,89,0x5cd5c8d7a17c78d7389d8b87b611aed83322ac33,97.41291069200088,0.0,nonkenny90
2026-09-30 09:27:39,day,finance,90,0x7789957157a13aa3610e26d61ef8f99317b7a280,97.27199788750386,12596.719999999998,beatyesterday
2026-09-30 09:27:39,day,finance,91,0x47ae6d13566c3418c4795c98ced1f197575eee94,96.99822877700001,0.0,JasonPunos
2026-09-30 09:27:39,day,finance,92,0x9f5711ca7364ac9c44ffd025299ff02a82e54f12,96.87020833350107,0.0,0x9F5711cA7364Ac9c44FFd025299Ff02a82e54f12-1771220305388
2026-09-30 09:27:39,day,finance,93,0x5919d9d00d5e6d2797ecc152ef424f6275a694b2,96.28050730500013,0.0,Kevink615
2026-09-30 09:27:39,day,finance,94,0xc004b035b67be284e0d1db56c39e865df6cac095,95.2904482849997,70.45,lamyk
2026-09-30 09:27:39,day,finance,95,0xd13c1b0d56e2671c7eca9bf3cda75c86140602f4,94.73209085499991,0.0,0xd13c1B0D56e2671C7eCa9BF3CDa75C86140602f4-1768221888770
2026-09-30 09:27:39,day,finance,96,0x6af72a7d6ca36735fbbbd54feb991b2055e25a6f,93.90000069199982,0.0,chillballer
2026-09-30 09:27:39,day,finance,97,0x7c30ee60b7f53f80211ca65df99d48cce53b7673,93.73999395949733,291.62,mazw8
2026-09-30 09:27:39,day,finance,98,0xf43ba9693cf0876b8cf28fa890d805e7d5907673,93.47695000000022,0.0,prince787
2026-09-30 09:27:39,day,finance,99,0xeace539957dc19048c7be9bb64e1af6b517b38b9,89.65046219899996,300.0,VonVonagh
2026-09-30 09:27:39,day,finance,100,0xd12f443b6a45225ae65d519a4bdef568d29ce85a,88.84494172000001,0.0,Hot-Skull
2026-09-30 09:27:39,day,culture,1,0x23cd41e50c4ea02e13f9cbdcbd8631f9bc6f377a,3072.7071439139995,13168.180251,prinzealbert
2026-09-30 09:27:39,day,culture,2,0x5eb0cd907aa0b7b4df11552e817570e265ea5012,2767.9762213899985,1921.86,arbandy
2026-09-30 09:27:39,day,culture,3,0x8565b21d736741147592264d75cc26ccf2040c43,2119.2315853599994,0.0,dddtrips
2026-09-30 09:27:39,day,culture,4,0x0f7f9903f46c24ba66900ceb4a427873129c6450,1187.0021021405,0.0,Elonurmom
2026-09-30 09:27:39,day,culture,5,0xb1ca909e848cc24ec4e220ce1c453bc290c51705,968.0909250380182,14683.119999999999,InterestingUser
2026-09-30 09:27:39,day,culture,6,0xc4d5a24a240ec9f52669e3251e0473fd0c5687cf,826.3269391344966,21827.399229000002,bipbipbop
2026-09-30 09:27:39,day,culture,7,0x2824ab453e1bcc26d7fc44fcbf58d07cb8e2a954,815.3604180000003,1203.424746,TheImpasse
2026-09-30 09:27:39,day,culture,8,0x96489abcb9f583d6835c8ef95ffc923d05a86825,769.0058161614579,0.0,anoin123
2026-09-30 09:27:39,day,culture,9,0x38cf9743eb70188664d388d84d4aa4c6f40fd885,731.7606007085001,43.0,Leclerc04
2026-09-30 09:27:39,day,culture,10,0x524db836890e08aceb3abcdee98d44240e324495,611.23998,805.16,Mac-Gyver
2026-09-30 09:27:39,day,culture,11,0x62c9a0a34324b42065ad3395642f13dd6545ece4,600.0008379750006,0.0,Crypto.king.
2026-09-30 09:27:39,day,culture,12,0x41eacf5aaa4c7fc883a098635b981050715d7a3d,580.6278647199999,0.0,Chungvicular
2026-09-30 09:27:39,day,culture,13,0x7056f248c5098cce2fb0a062cdd2ab0f8318c95c,470.5620963125002,0.0,denzeldumfries
2026-09-30 09:27:39,day,culture,14,0x6bc72ca463dbf9090939b93e8fb672587bc055fa,465.9160789920004,0.0,prostakov
2026-09-30 09:27:39,day,culture,15,0x215adbb63b47d0ca92f849fe2c2dc1adb0f6254c,437.3873771804996,1127.81,BikesAreTheBikes
2026-09-30 09:27:39,day,culture,16,0xbf93328f8b69273453228a82c913207731822fd7,429.0,0.0,hell0pia
2026-09-30 09:27:39,day,culture,17,0x44c1dfe43260c94ed4f1d00de2e1f80fb113ebc1,422.2335795200008,460.0,aenews2
2026-09-30 09:27:39,day,culture,18,0xf14ec403ec03d8f5329aed6587252667bcc76173,389.4594148105016,170.0,0xf14ec403ec03d8f5329aed6587252667bcc76173
2026-09-30 09:27:39,day,culture,19,0x811ee012b9e23651bb02f7841919e912fab1265c,363.7470248609993,11817.537414,Sarths
2026-09-30 09:27:39,day,culture,20,0x36dafd0ed99d902f8bdfe9e090ecdc48b053907b,352.33012293749965,504.05999999999995,0x36dAfd0ed99D902F8bDfe9e090ecDc48b053907B-1762688421136
2026-09-30 09:27:39,day,culture,21,0xfa21179f2cef2f61cb78e8340ae62b17f9271438,347.394445336482,0.0,BABELCONSTEL
2026-09-30 09:27:39,day,culture,22,0xa8a53259e60402b0001953f49f66ccb47d35122b,309.30249999999995,0.0,Paracellus
2026-09-30 09:27:39,day,culture,23,0xddd85ddfa58784925990c16c9858ccd62e4ee6f7,308.51233655049964,647.62,Houdray
2026-09-30 09:27:39,day,culture,24,0x225b7c9aaf6108ded29b9fda9939aa671ef6422a,292.29061249999967,598.96,0x225b7c9Aaf6108deD29b9fdA9939aA671Ef6422A-1756591558414
2026-09-30 09:27:39,day,culture,25,0x0df46cd4065c0706bba1cbf771b6e69e2caec7cb,289.15210726500004,4807.967363000001,0xbFfcF3C634B368F277adC26dF75E4560d72156AD-1777985220216
2026-09-30 09:27:39,day,culture,26,0x993f451b6d5c21996b1bf688493cea9c4c823ee3,282.0008326680004,0.0,hitjnn214
2026-09-30 09:27:39,day,culture,27,0x85d57ae07c1c0cae93f1ed6d05166eff4233bbf0,279.582540928,29.48,rocky42006
2026-09-30 09:27:39,day,culture,28,0xe2b1fc269d0c2e27da11fadd1d9596fe28227d2a,268.83454236250327,1363.46,New.Jeans
2026-09-30 09:27:39,day,culture,29,0x9ff2cc6a3529b7a8baad7ecbe9a397e2f754d02b,263.7180000000001,0.0,Attack-Titan
2026-09-30 09:27:39,day,culture,30,0x97ff9e9affb3acf739161deef10492a96a36d095,262.60557336999864,3022.5699999999997,niceShare
2026-09-30 09:27:39,day,culture,31,0xec02fcf4918e22023f7b49b763281cae7dec70fc,262.2474937275002,0.0,Deni13
2026-09-30 09:27:39,day,culture,32,0xd035fd5f4d6bec4a73dc2fc11fe35c13c3acf165,254.453529247,1997.396256,rocky42023
2026-09-30 09:27:39,day,culture,33,0x9255a5ca1ebb7d7ac8ab1fc47257a4e320426e3b,243.56656649399997,1693.6747360000002,Rizh
2026-09-30 09:27:39,day,culture,34,0x6c439f2c136efab50b08cd8a52de3dfb070dfb9b,239.3087389250004,50.0,BlueBase-568
2026-09-30 09:27:39,day,culture,35,0x33f832b83b52aa61967fb8ecb2e753734767c5e4,228.41568984849897,999.000544,fanat12
2026-09-30 09:27:39,day,culture,36,0xb028b82a80c2d1e855ab4f3cd3a18ecf76838686,222.90807091899933,0.0,Ox79879657hjgdsghgdj98090klfdkld
2026-09-30 09:27:39,day,culture,37,0xe386663d686c6a1eab6fba2ed25a4b3745b90361,220.45082022600013,0.0,Newmski
2026-09-30 09:27:39,day,culture,38,0x7b2ff18f435e738980e06a2c8a33839267137f5c,209.07653382950377,1241.07,ageg43oiklbd
2026-09-30 09:27:39,day,culture,39,0x114aa2a5a68a70387ba041faca00b937ca98f1d1,196.6952886399995,5447.022536,Topman1031
2026-09-30 09:27:39,day,culture,40,0x8efc884a7d3c458dc1e8fe47510944d2802b478f,181.304546748,0.0,funguy123
2026-09-30 09:27:39,day,culture,41,0x04a2a7075963c86990e246e73e50f8023b79e16c,176.9746086350001,2304.640198,gordontradedc
2026-09-30 09:27:39,day,culture,42,0xb4d11b2dcc575c068b4d2037582b5972ce5d02d5,167.77814024999998,0.0,Metaon
2026-09-30 09:27:39,day,culture,43,0x30fb41b5a08fff5d3dd983f6323e3343931a7db4,164.8363672379976,1097.851231,tradetosurvive1
2026-09-30 09:27:39,day,culture,44,0x4ca3169f151da26a2dc1cdb935c833cc8ba9af4c,163.0753842600002,3090.15853,alexgn
2026-09-30 09:27:39,day,culture,45,0x54b56146656e7eef9da02b3a030c18e06e924b31,160.68002658749992,0.0,pup1
2026-09-30 09:27:39,day,culture,46,0xfbcbd30ee172d6750364c117d989c4c049eebb5d,157.3300057850039,11819.641429,ElonSimp
2026-09-30 09:27:39,day,culture,47,0x102df91c7d1ff92cffbb8895428fdaa6d0f7c9af,152.7905897100003,9090.326564,Bawa7172
2026-09-30 09:27:39,day,culture,48,0x891c78dd395fe24ad2148c64377fdabe5cf1e455,152.02046379000012,0.0,blisni
2026-09-30 09:27:39,day,culture,49,0xe2437981f6da5defc2047991412bb834a6e4af59,151.844330136,0.0,yangleduoduo
2026-09-30 09:27:39,day,culture,50,0xd416d3309f75426c82a5158cdcb209780af2d9e2,139.51658736949793,772.4,Annihilation
2026-09-30 09:27:39,day,culture,51,0x94c6f93ff78f23b5fca3a4254b38c6cc2e9f7a14,135.89232892899645,5433.01,clggzz
2026-09-30 09:27:39,day,culture,52,0xbd13294ec4e8fca4ab0a389de5e4288fcb1a3e49,135.28374523000005,1649.46718,0x9A025507cE5B610070246d1eD42466Fd118F210f-1776961652902
2026-09-30 09:27:39,day,culture,53,0x975bc0e368b7f1771d4a559f637ecaabd41f149b,134.37677772750004,0.0,pookyisback
2026-09-30 09:27:39,day,culture,54,0x180fb34cc458ef613c9cd5b5faeb6363e35a0c07,131.81728715999998,0.0,Memorinas
2026-09-30 09:27:39,day,culture,55,0x3ad146a7dae2dbab2281c7e351bedce11748b4c5,123.47336402000019,0.0,0x3aD146a7daE2dBab2281c7e351beDCE11748b4C5-1771629524936
2026-09-30 09:27:39,day,culture,56,0xfa011919b3ce3222620052757ee0f0c66c41f0a7,121.76580000000001,0.0,Socialista
2026-09-30 09:27:39,day,culture,57,0xf7bbfd4588f578697c0051e855d5d1a8838ba9f7,120.73174172649851,0.0,PiMaak
2026-09-30 09:27:39,day,culture,58,0xfee149fafe22d89834c75f35a3fe9ecf1cd2746f,119.36350001999995,0.0,HappyPumba
2026-09-30 09:27:39,day,culture,59,0xa18c5cf2bc6eec389d2d512582ae14654b99d792,117.17700356099886,0.0,i400
2026-09-30 09:27:39,day,culture,60,0x74263916cc15049f270d56b838b8938a9a837b6d,116.30537661000028,1801.2666199999999,Mister-Beast
2026-09-30 09:27:39,day,culture,61,0x69448d9d3ae6c6c62d94ab9c1ea696532fa47275,114.9188350000004,0.0,helpinghans
2026-09-30 09:27:39,day,culture,62,0x88b6e6704a2c3bdff2a7b21ce6b1b2e8f3343cff,114.65951070699992,425.4,h038596027355
2026-09-30 09:27:39,day,culture,63,0xecb14ac6e9ca447ce2f2912e6217b43d7b655da3,114.40467499999977,0.0,SaylorMoon
2026-09-30 09:27:39,day,culture,64,0x8964b58c08b784ecfe1d9344223692263d130bec,110.12414532249943,452.39,DegenerateJanet
2026-09-30 09:27:39,day,culture,65,0x0ee73e4bf331424075ba2881962d02b76da16fa6,109.44011524499997,1503.9633290000002,AmiteshGupta
2026-09-30 09:27:39,day,culture,66,0x49b60d2cda22653ddc8b6ef21bad6d012a7f170c,108.75822982999671,0.0,pkz
2026-09-30 09:27:39,day,culture,67,0x9034d7be0aff3819327a8927905e8f174e8c4375,107.66591061999998,0.0,Papuasus
2026-09-30 09:27:39,day,culture,68,0x2eb6921692bbefa0ee42d48c48141f6a81d33e31,107.37342134499977,16212.484382,CaprioDiLeo
2026-09-30 09:27:39,day,culture,69,0xef0d80a3431ec2fd3357a11442ea90256fb78733,104.99886207999998,0.0,0x146fb4c5
2026-09-30 09:27:39,day,culture,70,0xe6cfe0ec89427a4fc6bf8544d0e326a7775f2c9e,104.71158222850015,2328.883077,WeiRiverMonk
2026-09-30 09:27:39,day,culture,71,0x81c83c96127cbeeaea411630274d965818cd0738,103.36526325999967,0.0,bimbytodd2
2026-09-30 09:27:39,day,culture,72,0xf00c43787a6489142e1d71e86e0a2b6863bd40e4,102.4995779664996,0.0,0xF00c43787A6489142e1D71E86e0a2B6863bd40e4-1782930487563
2026-09-30 09:27:39,day,culture,73,0xe5f518613d3b9323b93027ac55e35b4e49989c9c,102.124491261,0.0,Xyzeric
2026-09-30 09:27:39,day,culture,74,0x833cc22d38ce8054bcdac8d3ddc961c74575f919,97.69890000000004,0.0,LiquidityCrisisActor
2026-09-30 09:27:39,day,culture,75,0x590ed3d1a14ba08cad23f5c513bad6301772e43d,95.62688136250313,70865.33005399999,smalltimezzz
2026-09-30 09:27:39,day,culture,76,0x73d225c851df25d73b14846a370bdeef9434f9b7,93.5560350444998,227.0,Dapsy
2026-09-30 09:27:39,day,culture,77,0x743d681bb4bba8743cdfc21aa5100fc79c69f77e,92.14427499999965,0.0,Suirenzirou
2026-09-30 09:27:39,day,culture,78,0x95929ed92966ed5d29b47568191fe1c7e877a8fd,86.81148196200013,2286.0801009999996,icariam06
2026-09-30 09:27:39,day,culture,79,0x9842a7fcf5724641044ae5c138b07cf823205ac8,85.07572511399985,250.0,hnbl2715
2026-09-30 09:27:39,day,culture,80,0xe57fa0a11453b2221937e7496ed87710ad9db61a,82.48489064099971,193.58,chennw
2026-09-30 09:27:39,day,culture,81,0xb7b8e9681f5c863dfbd3ac7ec66bac69fa0edb31,81.76621709200117,0.0,charlatta
2026-09-30 09:27:39,day,culture,82,0xda9f7647c58deb560ca7d85e2b7ea55ef489d7f6,79.11558397450017,0.0,0xDA9F7647C58DEB560ca7d85e2b7eA55Ef489d7F6-1767825604088
2026-09-30 09:27:39,day,culture,83,0xa45fd80cebd05390a9155c7f61b8b7b91890d6cb,78.91449294750068,434.384163,pykue
2026-09-30 09:27:39,day,culture,84,0xb16373f900798ad6e26a169341c68c0d710e6062,77.71399620499987,40.0,rago
2026-09-30 09:27:39,day,culture,85,0xc269956c17b3130eea4c6eba9dde53cc01178d0e,77.5786631085,0.0,Christian333
2026-09-30 09:27:39,day,culture,86,0x3473514b07351173b4f97cd5be5d40c1a717e864,77.1209,560.8199999999999,jijie19960428
2026-09-30 09:27:39,day,culture,87,0x4cb5ec560735efca23f76f2dd152b74bc6a9b536,75.8103116400016,0.0,TheEmprah
2026-09-30 09:27:39,day,culture,88,0x1534a91f9e69a0a132e2ae8da6173984cf505b56,75.35026312500003,0.0,lebigeli
2026-09-30 09:27:39,day,culture,89,0x7db5452784044466615b3542703fd95c9696cf18,73.76769823550003,3131.679,wakuwaku3
2026-09-30 09:27:39,day,culture,90,0x7eeb94f2d5a474123e260f160b4f15d3f3eab6bd,71.70335671350006,462.64,edgewarehouse
2026-09-30 09:27:39,day,culture,91,0x3d6341e81cb8fac216013456829c266807df1b7f,71.33582312499993,0.0,0x3D6341e81cb8fac216013456829C266807Df1b7F-1770008014945
2026-09-30 09:27:39,day,culture,92,0xc55451833341ee4c38a9441a32449ed6dab3efff,69.707206998,0.0,vedanggg
2026-09-30 09:27:39,day,culture,93,0x97f3f9f15c0063710c60d3ac9c40d17f4ba60eba,69.11778992200198,0.0,Investnow
2026-09-30 09:27:39,day,culture,94,0x57345c4464f41a7141410eb0ec9093e75e3e06ba,68.13616297999974,5469.232968,0x57345c4464F41a7141410EB0Ec9093e75e3E06Ba-1774710115119
2026-09-30 09:27:39,day,culture,95,0x633f725a19d81fc27b1b6017f355a2840ecce4ee,67.92482127599999,0.0,niceone369
2026-09-30 09:27:39,day,culture,96,0x8fecb38cf2e055039199400f8322a021bdf9d9af,67.4653599999998,995.01,yoyoyoyo-
2026-09-30 09:27:39,day,culture,97,0x10df1cf36653da12cff1f3725e12a7b4644e04a9,65.46708942900023,0.0,0x10Df1CF36653DA12CFF1F3725E12a7b4644e04A9-1740754053101
2026-09-30 09:27:39,day,culture,98,0x2127cf49b244b867356cb011d55a5668563237f2,64.99684320999995,0.0,thanhtam86
2026-09-30 09:27:39,day,culture,99,0x41583f2efc720b8e2682750fffb67f2806fece9f,64.527785946,0.0,Toncar16
2026-09-30 09:27:39,day,culture,100,0x4d7cf7beb54672b11f25718c1381e925f51693b2,63.705650000000006,40.08,Vengance
2026-09-30 09:27:39,day,mentions,1,0x38f50488b14a87769e0c5cd6c514b6c2e8ec6824,383.8347734024993,105.5,smellyEllie
2026-09-30 09:27:39,day,mentions,2,0x0cb10c40b0776e9ee8cef970af85724654dda76c,182.93443873100028,893.163637,Quarrelsome-Branch
2026-09-30 09:27:39,day,mentions,3,0x726c6e3d5cdb1a8a97b38c0e2d88448b19d66bfd,136.2803875499999,0.0,idl
2026-09-30 09:27:39,day,mentions,4,0x1e109e389fb9cc1fc37360ab796b42c12d4bbeee,96.7044816,890.8868,ConfusedUngaBunga
2026-09-30 09:27:39,day,mentions,5,0xff1e352d5310eab17d1e9fd7e00ec33f16c05e2d,75.50441999999998,0.0,0xff1e352d5310eab17d1e9fd7e00ec33f16c05e2
2026-09-30 09:27:39,day,mentions,6,0x80ed3442ee13ca855d90cf78cede3ad3f66ece26,71.8500945600002,0.0,0xtrador
2026-09-30 09:27:39,day,mentions,7,0x716934e59ade35d8c7469816542e368e744e3ca6,65.72594226199996,486.152515,0x3329cfc2b8d8ceb8d198f081bdf4262f421f43a
2026-09-30 09:27:39,day,mentions,8,0x66c1a6fe836ff555ca32848646acedbbe93bfa3f,56.83537000000001,0.0,Platykurtic
2026-09-30 09:27:39,day,mentions,9,0x460a20d648c4601abfcd0c71ec37eb6dfd26d738,56.79405803999998,1009.746805,whispercatalyst
2026-09-30 09:27:39,day,mentions,10,0x1964d019f4cae8dcc0f36cb80e0ec88084c15461,56.2442268085,51.048434,0xs55555
2026-09-30 09:27:39,day,mentions,11,0x50396e4d9d11d38b0dcfd75280101a315f50946d,50.24250000000001,0.0,0x50396e4d9d11d38b0dcfd75280101a315f50946d
2026-09-30 09:27:39,day,mentions,12,0x8f3166b79a019a1f451d86513604ffa1f74a84a2,45.975073050000034,69.0,0x8F3166B79A019A1F451d86513604Ffa1F74A84A2-1785673333356
2026-09-30 09:27:39,day,mentions,13,0x0c28d976bbfaad597a678f6fc3794d6ba56a9844,42.90251965300001,30.0,youtube-trader
2026-09-30 09:27:39,day,mentions,14,0x8a4ec9c5684b23599bb1dd827b8a5673c2fab38c,42.321800000000025,215.18,Jamieeee
2026-09-30 09:27:39,day,mentions,15,0x1e934f01216bf34b277eaeebe2c81183bed278bc,39.924379999999985,615.0,jesuslovesy0u
2026-09-30 09:27:39,day,mentions,16,0x7a1ca689eb453ba783443687c543f827740c73f1,34.1866522425,282.28,0x7A1ca689eb453Ba783443687c543F827740C73f1-1772744787082
2026-09-30 09:27:39,day,mentions,17,0x0562e01b3c3e65bb93bf0de32f02cec238a79d66,33.94999999999996,150.0,iForgor
2026-09-30 09:27:39,day,mentions,18,0xca1f9b9d67d947c8007d9814e8f9d6045cccd282,30.854999999999997,187.0,KickstandBot
2026-09-30 09:27:39,day,mentions,19,0xb10047d6a254b2ebb306d7a7d13bf59171ab6461,29.424434999998994,0.0,Parz1vaI
2026-09-30 09:27:39,day,mentions,20,0x6b25c5c4d1e681d2203297803793ad8c732b7a69,29.079451825000064,436.224292,0x6b25c5c4d1e681d2203297803793ad8c732b7a69
2026-09-30 09:27:39,day,mentions,21,0xe6490ac0fde973fa67c32a0169d7cb6f4610304d,28.25925985999993,0.0,Axelluxardo
2026-09-30 09:27:39,day,mentions,22,0x2e3ea056400d81c42e2ce26ef25fda4ec5caabea,26.84468000000004,433.53000000000003,HDGB
2026-09-30 09:27:39,day,mentions,23,0xcfb81e67b065ae43d3e4449f1f50f6dc10bbe602,26.529261579999996,138.523811,johnsmith692106
2026-09-30 09:27:39,day,mentions,24,0x251d896fa1443abdcca009605f340e43dd9ca195,26.480000000000004,0.0,lyl888
2026-09-30 09:27:39,day,mentions,25,0x8db507c4e69a99eaa8cc18f253b2e20dac9e3c8b,25.0,0.0,rouxshan
2026-09-30 09:27:39,day,mentions,26,0xcceb22d524e186153cffe79f13c0aeb75889f030,23.616,69.0,ScottsRoad
2026-09-30 09:27:39,day,mentions,27,0x30687f44db250f7d914acb4ddc9634c3400e083d,23.11646399999995,0.0,YoungMoziRPG
2026-09-30 09:27:39,day,mentions,28,0x28ca4e9a04531f2eac0c2770f95db4e1c6a65d19,20.5525884795,41.0,DuneMentat
2026-09-30 09:27:39,day,mentions,29,0x5d5e32dc9a054f4e4da123353dded3e2ac379a5e,19.15865499999927,1689.67,polybettor
2026-09-30 09:27:39,day,mentions,30,0x2583829535661016b85cea56eab41a2a5280261a,18.799384255000007,0.0,0x2583829535661016b85cea56eab41a2a5280261a
2026-09-30 09:27:39,day,mentions,31,0x7b415a4343112d0f674bd587b6bc3935478e50a7,17.95288671,0.0,sentewa40
2026-09-30 09:27:39,day,mentions,32,0x23c46463c281deb26a041fdcc24ae9c5d7629c42,17.654486963500077,1.02,oidocrop
2026-09-30 09:27:39,day,mentions,33,0x758dac51ba3cc9a246a79787da9df11c5f425d9e,17.07013694749996,371.07941500000004,a5533
2026-09-30 09:27:39,day,mentions,34,0x07b90f1e574b450a6a8a782f862d1a1e8f650fbb,15.985285640000008,160.857144,Dondigidin
2026-09-30 09:27:39,day,mentions,35,0xe9582ac5e2d22a771ed84adc12c8df30a8b166b7,15.916200000000003,0.0,RogerFed
2026-09-30 09:27:39,day,mentions,36,0xf60fb8fa9df77178ce3b2a0efc86d28ec4e957a8,15.637929525000004,0.0,kirit4
2026-09-30 09:27:39,day,mentions,37,0x2375550d3b98ce364476c81f663a0b878cb0691f,15.268300000000007,171.01999999999998,0x234
2026-09-30 09:27:39,day,mentions,38,0x7c14bdd7d62b9a7824c220ee39a9b58773f05783,14.420137589999996,0.0,0x7c14bDd7D62B9a7824C220EE39a9b58773F05783-1773587380195
2026-09-30 09:27:39,day,mentions,39,0x8dd8f566b50f54a7a8ec02412723974b40679a1c,14.261280100000008,0.0,pengu1n
2026-09-30 09:27:39,day,mentions,40,0x6f1901e9a069db659339b086d50d6e02da93b9ff,14.174999999999997,0.0,Mantzuraj
2026-09-30 09:27:39,day,mentions,41,0xeface9902242b0399856f981600b907dcc9bc9a1,13.668277145499996,42.5,macrosteaks
2026-09-30 09:27:39,day,mentions,42,0x21ffd2b7a212a6f277ed3eca1a9f8efcbca90d71,13.522953831000004,20.1,Haradwaith
2026-09-30 09:27:39,day,mentions,43,0xa45fd80cebd05390a9155c7f61b8b7b91890d6cb,11.446000000000026,0.0,pykue
2026-09-30 09:27:39,day,mentions,44,0x1491f3faea8f55eb683eea438d4d6367eb84fd70,11.305000000000003,62.0,SmartBoyBilly
2026-09-30 09:27:39,day,mentions,45,0x4e65c9cfd7e345cb6284e9016c28193fd78e7a19,10.425325000000043,0.0,weather-vane
2026-09-30 09:27:39,day,mentions,46,0x7a95a3c59926a540e32bf38524ab42b723ea2551,9.946199999999997,0.0,0x7a95A3C59926a540E32bf38524ab42b723ea2551-1771473941367
2026-09-30 09:27:39,day,mentions,47,0xecef81de6dbc37a7f817a3a5113e5c964b8a4909,9.884342631000024,150.0,Flingflonger
2026-09-30 09:27:39,day,mentions,48,0x1c865202529e466ed310ab3730c43689d3bfc427,9.599999999999966,0.0,SuAlteza
2026-09-30 09:27:39,day,mentions,49,0x2b340fca886b3c7a2cc928c4a89162133fe4b202,9.399999999999991,0.0,Fluo
2026-09-30 09:27:39,day,mentions,50,0x923cab91dbbba0cefa969e9312bfdff2a199fa1d,8.905560936499999,110.74340000000001,magicportland
2026-09-30 09:27:39,day,mentions,51,0xef13bdcecd9c13e4a07bb20924657f3b110263d9,8.453006633999983,70.26,johnashbough
2026-09-30 09:27:39,day,mentions,52,0xdacf9f8d0341fa3770fae5c7ccd9dcfed23e3c74,8.424211440000263,130.0,CosmicCedar
2026-09-30 09:27:39,day,mentions,53,0x46b353667fd7d846af3bbeda6584b0e5b883d3de,8.302462849999998,78.92,bjprolo
2026-09-30 09:27:39,day,mentions,54,0x75978edaeed0b4aba863a73f7bcb4ab6205e5f01,8.227951742000002,397.403347,ruletheworld
2026-09-30 09:27:39,day,mentions,55,0xa89c53d1794961210c040e8edcb0b38eee741410,7.905864819999998,0.0,ZhouCD
2026-09-30 09:27:39,day,mentions,56,0x4613fd0ac1702f819cc64c67226641a4bad07932,7.800000000000001,0.0,0x4613fd0ac1702f819cc64c67226641a4bad07932
2026-09-30 09:27:39,day,mentions,57,0x392d557de378926143df5f72d8ddaef3f0d221a1,7.694999999999993,0.0,DorTovim
2026-09-30 09:27:39,day,mentions,58,0x7bff96579b20fe3530e140d6a3c223c9f2127cd6,7.6479929299997735,243.365,KingZeManel
2026-09-30 09:27:39,day,mentions,59,0x75003de792a09a4d0345913baf9c63d08faa567f,7.499999999999986,0.0,0x75003de792a09a4D0345913BaF9C63d08Faa567f-1763836802268
2026-09-30 09:27:39,day,mentions,60,0x4acacfdc568abb7c574bc815705eaa9e32afd2ab,7.217878880000001,0.0,flamencoflamingo
2026-09-30 09:27:39,day,mentions,61,0x721a29613c653d9430532402784c8b25ad5d9295,6.88965,0.0,Laribobibo
2026-09-30 09:27:39,day,mentions,62,0x204b382df532a8106768ccceaf699a89c4ed8ca3,6.75,0.0,capib
2026-09-30 09:27:39,day,mentions,63,0x17f4b0fe0b10bcb3b04cfe102a6bc2c8ae659d7f,6.725300000000004,0.0,justmeandme
2026-09-30 09:27:39,day,mentions,64,0x968c509ca12325d92cf178aaba8c1f89c1fc3512,6.524999999999999,0.0,Redfish22
2026-09-30 09:27:39,day,mentions,65,0xc8ca4205453705fcb0dd947a311258d6813c0097,5.689361599999999,407.07,socksgreen3
2026-09-30 09:27:39,day,mentions,66,0x20b382be32a82d308fb9238f3c2a01756385d24c,5.619699999999909,0.0,Nowayfolding
2026-09-30 09:27:39,day,mentions,67,0xd8d5289c35124b5353f5a10a28b8cc29aec38935,5.357724999999846,0.0,D8D5289c35124b5353f5A10A28B8cC29aEC38935
2026-09-30 09:27:39,day,mentions,68,0x2ecb34e1cb95b3c8d9d3e2905668d3eee03a7645,5.234168659,0.0,AlphaPengu1n
2026-09-30 09:27:39,day,mentions,69,0xcaff28ab217406a961a1d5ff1a60dc799998e3ad,5.018500000000003,0.0,wallet-account-test
2026-09-30 09:27:39,day,mentions,70,0xb47e0ebd655e6b0190a26b2814a9a2282dc0c602,4.824896734999989,100.94743299999999,PMMMR
2026-09-30 09:27:39,day,mentions,71,0x8bac187090f39ad42cf3477ab0d3a87165715b0e,4.799999999999997,30.0,UpTheStairs
2026-09-30 09:27:39,day,mentions,72,0xe3ce26172dcdbe38f3280f30759f8a8e89dc54a5,4.695576867500222,0.0,xxxxxxxxxxxxxxxxxxxx
2026-09-30 09:27:39,day,mentions,73,0x1a94ff77cdc335af43ca58939cc851a6ae6b78b6,4.6,60.0,Terfa
2026-09-30 09:27:39,day,mentions,74,0xf5286079ada8dcfeaa44f7f1c87e1ec37c127e5b,4.587874705000003,69.996471,garbagecollect4
2026-09-30 09:27:39,day,mentions,75,0x8c7199cc09a2c6658f38ab47419eeb842aad3f1a,4.340139999999998,220.53,C6H6
2026-09-30 09:27:39,day,mentions,76,0x9b2fcb79bdb8a6a6174da327e9335f7889c6d8f8,3.9590099999999993,0.0,SloppyDonny
2026-09-30 09:27:39,day,mentions,77,0x00721caaa42cc06659f69ce439c61295473b6254,3.8725494099999995,9.803922,0x00721CAaa42CC06659f69cE439C61295473b6254-1772587911077
2026-09-30 09:27:39,day,mentions,78,0x299cb40195d270438f8950902f242d796457d85e,3.798391120000133,0.0,0x61824002685454-836100846371
2026-09-30 09:27:39,day,mentions,79,0x30f67d821c57a54e25e5e521dbd3b5b18309004f,3.797822809500005,20.0,shiifoo
2026-09-30 09:27:39,day,mentions,80,0xf240e23b43b06e5db8356bedd6146bd6e654f825,3.7425837070000085,0.0,Raidloner
2026-09-30 09:27:39,day,mentions,81,0xbe74297ff19030f104ce1d538709f43b30eca70e,3.6035327425000006,0.0,title1
2026-09-30 09:27:39,day,mentions,82,0x5d4e7162788ea03494e1127d4050a66a531c360c,3.6000000000000014,0.0,0x5d4e7162788ea03494e1127d4050a66a531c360c
2026-09-30 09:27:39,day,mentions,83,0xf6c6f97260df6b37d0d047e756703f60ce6c7d80,3.5912696890000007,0.0,WeJustBettin
2026-09-30 09:27:39,day,mentions,84,0xf03d13c94373e052a177601419291ce2fafe21fb,3.5604400000000007,695.9200000000001,0xF03D13c94373E052a177601419291Ce2FAfE21Fb-1769526558724
2026-09-30 09:27:39,day,mentions,85,0x18ba9615d4694c896ff3825b00612f962e89a008,3.5026200000000003,0.0,mikasamaki
2026-09-30 09:27:39,day,mentions,86,0x94bbb8f7632d11dead6b8970646ad5655a5fc320,3.496485000000007,0.0,Praescientia
2026-09-30 09:27:39,day,mentions,87,0xb37f3f453a78aebc6f39bf577f2d53708dadfdcf,3.4500000000000455,0.0,Wwx
2026-09-30 09:27:39,day,mentions,88,0x9e8ecc4cb3c4e48f544cba2fbbb252a6a65e8db8,3.352960139999823,0.0,DREAMBIG.
2026-09-30 09:27:39,day,mentions,89,0xdfc846693be33f205361d9b5957376e3980262ff,3.3025,20.0,0xdfc846693be33f205361d9b5957376e3980262ff
2026-09-30 09:27:39,day,mentions,90,0x9b559c039873cd794668492af33b748b6b0a1167,3.2499999999997726,0.0,pagliacci4
2026-09-30 09:27:39,day,mentions,91,0x55ab6191d1d3609f6ffb12f17d56fe9453da4f88,3.216000000000008,0.0,pengu-n
2026-09-30 09:27:39,day,mentions,92,0x1b248ddfb4465730fcc9453e70dcb4e76668f8a1,2.7750000000000057,0.0,tianqizhizi
2026-09-30 09:27:39,day,mentions,93,0x0e5bd05888cc80453a4ac18f85c750bb4e434ef4,2.749500000000012,0.0,nelsonc19
2026-09-30 09:27:39,day,mentions,94,0x0c233406ed2e9022effc3fd63eb22f4d92fc01c6,2.715,0.0,0x1ef01de817862024966e8242e923a6
2026-09-30 09:27:39,day,mentions,95,0xe1a49dc01ede5492fbd27a6dcae20dddf719a4ba,2.587152999999998,35.58,ConstantineVIII
2026-09-30 09:27:39,day,mentions,96,0x9d736920e486176e7df7a76fa218f1ebd853216b,2.557064999999966,0.0,AlAhmeda
2026-09-30 09:27:39,day,mentions,97,0xb41ead279375742d6c2a1a2239bdce56376411fd,2.534611502000004,174.01,b41eAd279375742D6C2A1A2239Bdce56376411fD.
2026-09-30 09:27:39,day,mentions,98,0x4d8c82ce3fcdbbbd21cfc1c7d46535c5eb2daef2,2.4055999999999997,0.0,sony11111111
2026-09-30 09:27:39,day,mentions,99,0x8f83d9aee0904ee17a8a80857056db3b8cb888dd,2.3365920000000004,3.2258,0x8f83d9aeE0904Ee17A8a80857056dB3b8Cb888DD-1786436206033
2026-09-30 09:27:39,day,mentions,100,0x48f58db9a93a2862fb89580b50f5862dbba1c9d3,2.2834600000000016,0.0,EonGlobe
2026-09-30 09:27:39,day,weather,1,0xbcad299aa03f5d60bde26a6da6416e25bbb1d6da,10092.486778564498,26680.989002000002,0xBcAd299AA03F5d60bDE26a6dA6416e25bBb1D6da-1789883163400
2026-09-30 09:27:39,day,weather,2,0xf2f6af4f27ec2dcf4072095ab804016e14cd5817,4357.366173923008,0.0,gopfan2
2026-09-30 09:27:39,day,weather,3,0xbf13934a1fec7d3211fc15c138d84ac2a691b91a,2602.2826513264768,41300.910633,Bilberry
2026-09-30 09:27:39,day,weather,4,0x6fdd2bda5c031d551f588f176535f061a29a0b07,2411.5398995940027,11184.931070000002,averageuser
2026-09-30 09:27:39,day,weather,5,0x0a0c42f6b1da5a633ec1a4d45ba76eb486c1a853,1671.068226664497,5212.870694,WrongBy1Degree
2026-09-30 09:27:39,day,weather,6,0x8fbd7cf5f806f563080864694415829f7229a959,1661.844429389004,13433.222721000004,badatmath.
2026-09-30 09:27:39,day,weather,7,0x3069c1002bd0bb6aec054c7a27722919df95f8ef,1500.1355224790013,0.0,Orion96
2026-09-30 09:27:39,day,weather,8,0x96489abcb9f583d6835c8ef95ffc923d05a86825,1133.5,0.0,anoin123
2026-09-30 09:27:39,day,weather,9,0xd25156e222c9b907b128e27c36821fdb41db4d37,1124.0690307044997,986.6121579999999,neo7777
2026-09-30 09:27:39,day,weather,10,0x8dcf7e03c1e09d0c25e7b6fecc9825bce6215668,799.9838947999997,0.0,semantics
2026-09-30 09:27:39,day,weather,11,0x9f6a4549f14154a7f2c74d03efd8de903a61eb61,782.336795579,266.99,TheWildProject
2026-09-30 09:27:39,day,weather,12,0x7de7cbeba7e2ea14c6445be39d4d46a3cf14a9c8,754.8736228799999,0.0,inventive
2026-09-30 09:27:39,day,weather,13,0xe3f2ecfd3e648bdabcd3fb701ccf294f13afe1c1,737.6590927400002,0.0,supersmard
2026-09-30 09:27:39,day,weather,14,0x6b4a44b74395e17ca54a133f01560428d93f3647,720.8349270254992,12520.848611999998,Bindi-Bets
2026-09-30 09:27:39,day,weather,15,0x5bae7577f470244ce8e678d20693eee2b8ffed25,553.8277098855003,2984.839957,0x5bae
2026-09-30 09:27:39,day,weather,16,0x4a2be7a7e6e3b41dc2de00706b4c09660ca9af20,540.50470602,0.0,troim
2026-09-30 09:27:39,day,weather,17,0xe9076a87c5ed90ef16e6fe6529c943baeca0cff6,527.5874422810007,9364.209343999999,suntori
2026-09-30 09:27:39,day,weather,18,0x30200b893530920f253846199a153e6ac725df2b,515.7797020074996,4183.934356,yongzhuanziben007
2026-09-30 09:27:39,day,weather,19,0x0e0e8174e213ff2c2ccb30c5652a7b7d77c72d75,472.02929296000025,2915.8757540000006,AuspiciousWolf
2026-09-30 09:27:39,day,weather,20,0x95bf944dd22691364154fb436ee922798566e00b,463.9104,0.0,hideo
2026-09-30 09:27:39,day,weather,21,0x7ce336595687024c9ebf620f2dcb3b71269b1689,445.69629925000004,499.98749999999995,0x7Ce336595687024C9ebF620F2dCb3b71269B1689-1774766944047
2026-09-30 09:27:39,day,weather,22,0x6a8d1709bfb718d8555d315a983c4816278350f9,420.07368252849665,2759.753903,OnlyLuckNoBrain
2026-09-30 09:27:39,day,weather,23,0x2d0fbf6995692cc56f21171a9993be04436a81aa,404.8026600000003,7810.001183,Happening9014
2026-09-30 09:27:39,day,weather,24,0xb637c89655ffa76e2ff7f5ffa8a19374d3f34c42,383.28850146,804.551667,flywheelpoly
2026-09-30 09:27:39,day,weather,25,0x8a25f9c7d093089c808f514b161a1e40be44ba81,370.08127499999995,2456.69,Wangjiang33
2026-09-30 09:27:39,day,weather,26,0xe7e91d5d52b1524ddf6e83082d2d8b012a78fb3c,369.4658649999998,7351.62,sisan33
2026-09-30 09:27:39,day,weather,27,0x8e40e10d9b34b28c77c4962be5026c6fdd1f3797,352.4652,1082.86,LowTempTation
2026-09-30 09:27:39,day,weather,28,0xc7b5c23b3762fdcdba561d54b032858b3330e238,351.32090658699997,1720.467314,AJ444
2026-09-30 09:27:39,day,weather,29,0x1a81418ae297c76d7c67eabe4c3f790be0bc6cf9,345.05136232150073,2331.105633,donothackmeee
2026-09-30 09:27:39,day,weather,30,0xba9d9001d2e070623395ea84c500e09e2bb546ef,331.2899997840002,466.38907099999994,cricket
2026-09-30 09:27:39,day,weather,31,0x96e8e42db87aae72bf635ef6db7c3f1adb2dd240,316.5105772850001,334.34000000000003,IP1380
2026-09-30 09:27:39,day,weather,32,0x7d640ebd20cf136bee351100438bba44ca2e07f8,314.37015688899913,3369.2486690000005,zytzrh
2026-09-30 09:27:39,day,weather,33,0x64dbeb0a10678b1ff708320b19654c5d40a98c8e,299.30864788799954,0.0,Miojinho
2026-09-30 09:27:39,day,weather,34,0x229c0a7d92977a9934e5ac2348d507988996b966,297.1979704595014,11468.191814000003,qqqppp-l1
2026-09-30 09:27:39,day,weather,35,0x7076cb961e87bd22199445d02fe22973510cd0d9,295.1440325599991,4048.7800730000004,5a82666suyuchen
2026-09-30 09:27:39,day,weather,36,0xad5057e6947081649c263a538d58899117e63122,276.9657487170001,1802.0405660000001,moon11188
2026-09-30 09:27:39,day,weather,37,0x69f42f6a16a4fa55c1770a066897257bb57cc6ee,270.98997125,369.98,masadesuwa96
2026-09-30 09:27:39,day,weather,38,0x122cb94c437ea5e6f088c6c0c143c592ab8efbed,264.34815500000025,22357.760000000002,Cb94C437EA5e6f088c6c0C143c592ab8EFBed
2026-09-30 09:27:39,day,weather,39,0x2662228cdc5e641db1a64ff9a8bd1704ad4a40b7,256.5957452525006,6010.2131340000005,0x2662228cDC5E641D
2026-09-30 09:27:39,day,weather,40,0xf73bcf8d2a18cd0647c1b7c3dbaddf5015b910bf,242.36203740549996,342.388276,m7dk2
2026-09-30 09:27:39,day,weather,41,0xf73f7e9c6bd1f40dc045d2a93bec3dd4248aee53,238.22065421050104,3068.6145220000003,meteoblue
2026-09-30 09:27:39,day,weather,42,0xd93e37dafe1aec2a6ef2ba5c20629c3d25947434,234.64011000000005,476.63,0xd93e37dafe1aec2a6ef2ba5c20629c3d25947434
2026-09-30 09:27:39,day,weather,43,0x76f4765ebc9bdeaeb4af4d27504bff1d4ce782da,234.27028330500002,1391.3,hlwp229
2026-09-30 09:27:39,day,weather,44,0xf51b1d560e33b1c56f8a9a4e8fec3d4800c0ca1b,233.4319288010003,2402.602074,0xf51b1d560e33b1c56f8a9a4e8fec3d4800c0ca1b
2026-09-30 09:27:39,day,weather,45,0x758dac51ba3cc9a246a79787da9df11c5f425d9e,205.71344746349618,39290.659083999955,a5533
2026-09-30 09:27:39,day,weather,46,0xaa930fdc4caa3c0f6067404a7bd7899ca45f0bc7,203.18329058450004,3169.3927529999996,Lex-tang
2026-09-30 09:27:39,day,weather,47,0x955c9661bf6e010beff0ba896a49f715a8c8990f,202.94580000000008,0.0,0x955c9661bf6e010beff0ba896a49f715a8c8990f
2026-09-30 09:27:39,day,weather,48,0x73749db0d73fdf2bc74e56edcf30dd98180a38ff,200.5053607679999,2380.1099999999997,exboyfriendjustsentit
2026-09-30 09:27:39,day,weather,49,0xc24fc1414aedfdc5406fa31e85cfed26704d087f,198.92033846600003,7009.000932000001,shyu5000
2026-09-30 09:27:39,day,weather,50,0x612094fa2acd67d2a38f02a4bb5559ae1a27f1fe,186.91286928000005,642.6296010000001,PintouOClima
2026-09-30 09:27:39,day,weather,51,0x1d77fa6fdb46e7306b6165f7d412159f207cfdbe,180.74852305550007,0.0,MKB
2026-09-30 09:27:39,day,weather,52,0x65b7a4c314a4f0498a756526c29b2079fb7df83c,176.93296475000002,12729.9703,HBX02
2026-09-30 09:27:39,day,weather,53,0x331bf91c132af9d921e1908ca0979363fc47193f,175.0371514484952,7848.803554999999,BeefSlayer
2026-09-30 09:27:39,day,weather,54,0x93222fb1df4aa83497b92beb1c7af2f1bd039739,170.41999999999996,0.0,zugzwaaang
2026-09-30 09:27:39,day,weather,55,0x42c03b2a749674035741356945f9e2e6bcf4b200,169.31282141000005,534.971213,KGFlawless-
2026-09-30 09:27:39,day,weather,56,0xf08b77fa76e53a270aebc339fb14d2e89f447c5e,167.37502651299997,1257.5431749999998,hkjcsuck
2026-09-30 09:27:39,day,weather,57,0x598a03172034c49677f7e336a09fc25a0863b3a0,165.2461453495,636.7333239999999,0x598a03172034c49677f7e336a09fc25a0863b3a0
2026-09-30 09:27:39,day,weather,58,0x7199d484607f926ecd8dd9c360e5b5f064cf9395,161.36613040799978,1730.987657,huangfeng889900
2026-09-30 09:27:39,day,weather,59,0xaf17116ae2b1476032785a67bd5b7c8c05905c20,160.16592748750003,8251.334825000002,huskyvs
2026-09-30 09:27:39,day,weather,60,0x6c823cae62a985721e1919e841cf085ff15b6b5d,157.3055995245,1216.6981150000001,lastminutebuyer
2026-09-30 09:27:39,day,weather,61,0x4989bfed5900ba096b08ba1f9b718464527c983e,152.8939589085002,5399.302604,macao.weather
2026-09-30 09:27:39,day,weather,62,0x7c63520c2ca9b336af0c205b9ccf68217bb393d4,150.86653705650022,646.516149,opopv.
2026-09-30 09:27:39,day,weather,63,0x68f46da42317cdb02ed89ca92d7863fa5071213a,144.4783945165001,1514.177208,NB-03B15-02
2026-09-30 09:27:39,day,weather,64,0x6011655c4afb76f36dd1b08a137a1ba73466b31e,142.62007999999992,3665.66,HighTempTation
2026-09-30 09:27:39,day,weather,65,0xc34f6b088bb9172625ee1ea2ee8da9ac4f037d2e,140.90166527850158,4414.196743000001,StayFreshCheeseBags
2026-09-30 09:27:39,day,weather,66,0x8cc1262cf53b83047926e09af8e5ab3bf537b9f8,136.622269599,1491.68983,HKPicker
2026-09-30 09:27:39,day,weather,67,0x9a94e5b4f0d6c646ed49e832cf8142c45474d5f9,125.62956599999994,7933.383999999998,.Menthe
2026-09-30 09:27:39,day,weather,68,0x142adcc6031232974212581d5882dc25de02a44a,123.32111027300007,139.807093,0x142ADCc6031232974212581D5882dC25dE02a44A-1772226958605
2026-09-30 09:27:39,day,weather,69,0xf56ccbb9d8158ae1dda67207d1f76acf2f81ad84,120.93018755000023,11954.422754000005,LXJXLJ
2026-09-30 09:27:39,day,weather,70,0x40416ec8233566b9e25cca160bba214b1cab6f52,120.33623802349996,0.0,Terry241129
2026-09-30 09:27:39,day,weather,71,0x7b7d55e1fd3a27b669130b0209ec78f9b7912cdd,119.81752268300002,117.52472800000001,0x7b7d55e1fD3A27b669130B0209Ec78F9B7912cDD-1788699460150
2026-09-30 09:27:39,day,weather,72,0xf4f88a1e25ff5dfae68326eb62049d6a1b7c5bf1,119.7638781400004,921.0,cosmicsteaks
2026-09-30 09:27:39,day,weather,73,0xd11c96ea0a79877eef73e18c4bbfb2b74485ff7d,117.38229940950004,2189.575883,ggily611a
2026-09-30 09:27:39,day,weather,74,0x8b3bc43176e58a50e1643186c35be3b0184ab04d,116.80345591899997,10058.868311,shamu88
2026-09-30 09:27:39,day,weather,75,0xa9f3f91cb907a7c3b4b2f2a8719ad68a71284bce,114.94740000000002,0.0,0xa9f3f91cb907a7c3b4b2f2a8719ad68a71284bce
2026-09-30 09:27:39,day,weather,76,0x92e53057ef2872722a53fe807245bd387e1defee,113.88008118000005,0.0,GrokEnjoyer
2026-09-30 09:27:39,day,weather,77,0x37e9c1ce48bc3a444fec7904a3b7eba9d5d3ab9f,112.65781663249999,983.206357,Dannyzz
2026-09-30 09:27:39,day,weather,78,0x5937b09efce13cce3cfda9ba8046515ab5ce2100,108.83113131000027,3356.823977,YangYuxiang
2026-09-30 09:27:39,day,weather,79,0x9acd8d2bcabc675ef46e23d9fbb2f328cdb1a3fe,107.33822000000094,433.56,smi1e
2026-09-30 09:27:39,day,weather,80,0xca015897afbb81c02e47ed5875e888a33ddb900c,106.28577000000003,352.02,KeepCalmRelax
2026-09-30 09:27:39,day,weather,81,0x9bb2acdbf69ec7759876cb1d97537cb7c25421cb,105.07793186349954,615.686138,rrqqzq
2026-09-30 09:27:39,day,weather,82,0xbad26fe5458e6219cec3e40272760e275e835296,104.80172436000021,0.0,cocococococo
2026-09-30 09:27:39,day,weather,83,0x3f1d9fe7f5e76f186d27d5708ad7f7a1460356a3,101.99862558350037,2363.9250039999997,hollow7
2026-09-30 09:27:39,day,weather,84,0x803a112b5eb1404eea463b26a2318cfcb3b9219e,99.02554625300007,2370.5745,mgxsx
2026-09-30 09:27:39,day,weather,85,0x396a570b14d68eb290f8cc37357a5cf5a0e2483e,97.8911849999999,0.0,helloworld6767
2026-09-30 09:27:39,day,weather,86,0x215adbb63b47d0ca92f849fe2c2dc1adb0f6254c,97.40717500000005,0.0,BikesAreTheBikes
2026-09-30 09:27:39,day,weather,87,0x4247c89f4a9236a6b5fb24502023bcc98ab1455f,97.2966590945,989.0048330000001,09F911029D74
2026-09-30 09:27:39,day,weather,88,0x00e67a64a4c59509cc863f876df1f370a941e786,95.50192,460.56,BigDikMik
2026-09-30 09:27:39,day,weather,89,0x95d381e71dba6f1c3199fd9bc040383d6fae6eff,95.11782893650161,4535.763253,TunSahur
2026-09-30 09:27:39,day,weather,90,0xde6e66428241027be8762c0733ff8f13f6e9da84,94.77083500000015,891.3199999999999,0x8A160
2026-09-30 09:27:39,day,weather,91,0xa6db4d9094d1876c9626effd4a60bda03458b35e,93.44278017249997,318.390751,lemon-orange
2026-09-30 09:27:39,day,weather,92,0xf41d5c9b14254f98a1da48fcf1e8370f6efbbe3f,90.65594989800007,697.011346,woff1236578
2026-09-30 09:27:39,day,weather,93,0xd378745e2b8140436a6e9a5229088451ab2d8141,90.12364452799989,936.971226,Tom365
2026-09-30 09:27:39,day,weather,94,0x4f8c5b840c93ebf84a64cf2109c375d19b429a58,88.55065603750003,1016.932193,hxlg4ever
2026-09-30 09:27:39,day,weather,95,0xb7bf495534953090f443a9eb91a8653b1078f128,87.29761044900002,1720.596227,-Quacky-
2026-09-30 09:27:39,day,weather,96,0x52ebca459280966f4a56240a05e38df8527067ac,85.74912263950011,3945.5353189999996,AMAM13
2026-09-30 09:27:39,day,weather,97,0x7a1283669a8ee8db2043c46175dc1a381139f7fd,85.34702951250001,0.0,ohalving
2026-09-30 09:27:39,day,weather,98,0x9e5dd800b5abad60a793fc207a3b266668d4c928,85.07125960000008,0.0,0xF4c639895ca296053A7389982fde40FD3A7F194c-1775302046666
2026-09-30 09:27:39,day,weather,99,0x48327b886e4e7bd66c8724b5418187e02730bb63,84.95,100.0,1757853877736
2026-09-30 09:27:39,day,weather,100,0xf040b3611787aaf4c8729210c8696731f990d11f,84.54874999999998,139.75,0xf040b3611787aaf4c8729210c8696731f990d11f
2026-09-30 09:27:39,day,economics,1,0xfbe66593e49c4e7a7180a2582f041158bfb800f8,4623.81111071998,0.0,gaven-willwin
2026-09-30 09:27:39,day,economics,2,0xe9076a87c5ed90ef16e6fe6529c943baeca0cff6,3733.1762546000004,471.208012,suntori
2026-09-30 09:27:39,day,economics,3,0x6302cdefa498e7174dd0fcd6b06652a38eae7917,2359.9996500199923,0.0,0x6302CDeFa498e7174dd0fcD6b06652A38eAe7917-1720863615256
2026-09-30 09:27:39,day,economics,4,0xf5592765133941c40c77e52bc56bbe7ec167f462,1941.0543129199941,0.0,0xf5592765133941c40C77e52Bc56bbe7EC167F462-1755612447740
2026-09-30 09:27:39,day,economics,5,0x40601b813190cee07d18c1a3c67ee3399bdfc1c4,1840.5793455294997,35.41665,CrazyCat-Kiwi
2026-09-30 09:27:39,day,economics,6,0x6139c42e48cf190e67a0a85d492413b499336b7a,1704.466761954507,0.0,RememberAmalek
2026-09-30 09:27:39,day,economics,7,0x2e0b70d482e6b389e81dea528be57d825dd48070,1700.9624000000185,0.0,Trump2028
2026-09-30 09:27:39,day,economics,8,0xbe89905ca9a689f5129621b62fcf715b5a45b88c,1470.005641387499,0.0,simpleman
2026-09-30 09:27:39,day,economics,9,0xa6f8220dfac596335d6b6719f2a2c7b451cc316d,1150.1344126449985,0.0,Imbleciar
2026-09-30 09:27:39,day,economics,10,0x7cf93583951552553bc0d243a8582a3410ed2798,1040.420287684958,64815.062144999996,MysticFind
2026-09-30 09:27:39,day,economics,11,0x35bbbad2415fe5e39b12da9a316cdc80b022009b,969.7350830999931,939.27,MisTKy
2026-09-30 09:27:39,day,economics,12,0x206191d01c411a5b346d11a2df2d463a356b8ec9,940.9006026649954,2252.673729,rebotsliaf
2026-09-30 09:27:39,day,economics,13,0x71ca04d689bc38c5e4dcda8a4d743f279c5a3501,888.8799999999974,0.0,Ronaldo2100
2026-09-30 09:27:39,day,economics,14,0x1a3fb05e94caef23e28905767cd603eb574a6dea,834.9384065600025,0.0,alextalley
2026-09-30 09:27:39,day,economics,15,0x30e443872ddf63b2908a49f92cd690c304a55102,790.933339359997,20945.543104,truthteller
2026-09-30 09:27:39,day,economics,16,0x2cea147625e653974b96182a5cbcc1c4911b4ecc,766.8850510999982,0.0,SSCCAAMM
2026-09-30 09:27:39,day,economics,17,0x0c0e270cf879583d6a0142fc817e05b768d0434e,756.9663357800018,0.0,The Spirit of Ukraine>UMA
2026-09-30 09:27:39,day,economics,18,0x96489abcb9f583d6835c8ef95ffc923d05a86825,727.4874384459868,8709.73643,anoin123
2026-09-30 09:27:39,day,economics,19,0xb4d2b5c75b176f364beefe9dffb605c8b161fa62,599.9947546999974,10000.0,obakobakk
2026-09-30 09:27:39,day,economics,20,0xfbfd14dd4bb607373119de95f1d4b21c3b6c0029,578.7693751199995,0.0,XAE12Archangel
2026-09-30 09:27:39,day,economics,21,0xf5198df69e13937a40d1c76d6f72d9aa067d906b,561.9183996599968,0.0,sbimbg
2026-09-30 09:27:39,day,economics,22,0xcd71fd5370880f3d92bb941e628c05840fe0d127,500.0045737399996,0.0,Kevindoto
2026-09-30 09:27:39,day,economics,23,0xf94c69f27e25acb49d2e7ef5892b6c5990d559dc,494.43413729999884,0.0,0xshanhai
2026-09-30 09:27:39,day,economics,24,0xab19716584931d81cd9e7763402673a64baa4876,472.1026650600039,44.65284000000001,SlenderMan
2026-09-30 09:27:39,day,economics,25,0xa7cc00c563726032007221e827bbf7fdb6d7644e,449.54437565999797,0.0,PotatoKotato
2026-09-30 09:27:39,day,economics,26,0x81525952f172646a4104030e9a9ef1e769c7bfda,446.36062314249284,0.0,KimJonEn
2026-09-30 09:27:39,day,economics,27,0x0fded0ed829a00c35dcd2d550983e92108ed8ab1,431.601800370001,0.0,Telepath-One
2026-09-30 09:27:39,day,economics,28,0x9d84ce0306f8551e02efef1680475fc0f1dc1344,425.55932469799154,0.0,ImJustKen
2026-09-30 09:27:39,day,economics,29,0x32d9e8e585a39fdaf7ed7ecc994a6d892c99d638,420.04542288000084,0.0,IsabelaCa
2026-09-30 09:27:39,day,economics,30,0x1d5f88f1b97317cccad804374e5bd847512e634d,412.064757895497,191.226052,firegold
2026-09-30 09:27:39,day,economics,31,0x328dc4b82869856f3e1a1eae904e67957641f7a9,393.4098917699994,0.0,apmt
2026-09-30 09:27:39,day,economics,32,0x6192578e81044bd1106b1c8169b302166e9412dd,390.04882385999736,0.0,koy9104
2026-09-30 09:27:39,day,economics,33,0xe1b361d6a6f237b9ed7534d19b232df8369e1426,387.8596866900007,0.0,tja
2026-09-30 09:27:39,day,economics,34,0xbf961d0c79db0bf55050cadc0995835f09c09942,385.6712042749996,3151.6311130000004,browne
2026-09-30 09:27:39,day,economics,35,0x2ed8f7a10686dbb0fb15f5c3335f30e0043793d4,376.0507560740007,0.0,podairpod
2026-09-30 09:27:39,day,economics,36,0xdc41c39b95453c943174f369926018f6963bdd7e,372.2155999999998,422.0,nigiri99
2026-09-30 09:27:39,day,economics,37,0xe8c4d68aff65b38cac46987b9b65e01eb47d395d,365.76140487999874,0.0,JAMJAMJAM4
2026-09-30 09:27:39,day,economics,38,0xc8ab97a9089a9ff7e6ef0688e6e591a066946418,347.69067820650844,1557.74,ArmageddonRewardsBilly
2026-09-30 09:27:39,day,economics,39,0xd426adbc3c4461c86099c26221c877f20e42334a,344.46478321000177,0.0,881112
2026-09-30 09:27:39,day,economics,40,0xe0bf7ab5b11dcbdbb169638cacf43edaa540d7fe,340.00007925999853,0.0,GrimoireWeiss
2026-09-30 09:27:39,day,economics,41,0x0ffcad4963e25dc150774363f4061ebe840c8236,336.9425899669976,11.0,perfectnostalgia
2026-09-30 09:27:39,day,economics,42,0x71dd2d539a793687451d4af8c43169369b47d61c,334.23999239299883,0.0,GoldmanSachs
2026-09-30 09:27:39,day,economics,43,0x368c9417c53af2bb9c267374c7162d38c6d89f72,318.3477534070007,0.0,xiaoshen13898
2026-09-30 09:27:39,day,economics,44,0xda44d94bfc2a1a66e727c2bae18f9f4d51112442,314.0393838199998,0.0,maxoli
2026-09-30 09:27:39,day,economics,45,0xde5868f5b8b7d9cb6c5f91fb92c3c736738af55c,311.09999999999854,0.0,faceverification
2026-09-30 09:27:39,day,economics,46,0xf47d3b1bff0c04eb7f582bad0020c37a75f9bc27,310.03529415999765,0.0,yexiaodong333
2026-09-30 09:27:39,day,economics,47,0xaabbd33103b0664da203a438efff634a04330ac6,300.0,0.0,KKreturn
2026-09-30 09:27:39,day,economics,48,0xa0f21e6d351baa9185716b5c00c2925ed9621848,297.1020902399998,177.0,0xa0f21e6d351baa9185716b5c00c2925ed9621848
2026-09-30 09:27:39,day,economics,49,0x08c897e4780c299061fe683120e5bb18cf931da2,291.3656920439971,0.0,Folletin
2026-09-30 09:27:39,day,economics,50,0x3f3bfc6d754e416699793901ffb12ddeee9f1d77,280.7457910810044,0.0,eNakeVets
2026-09-30 09:27:39,day,economics,51,0x66e7ce01c6831b8a2503d09edd6167152ee68bcd,274.47889575150214,1606.127099,0x66E7ce01C6831B8A2503D09eDD6167152Ee68BcD-1771870353938
2026-09-30 09:27:39,day,economics,52,0xaf458bee32b8f1d9ba39ee876f20c7e3ce62ec7d,263.7177859035146,0.0,fed26
2026-09-30 09:27:39,day,economics,53,0x62cf46cd4c3af254dccfc37a7f93de265b4b5826,259.9999666700023,0.0,eCash
2026-09-30 09:27:39,day,economics,54,0xa8c63f775ddbbe66b56614191747def3021444e8,256.0870013229978,5110.960691,Tenebrus7
2026-09-30 09:27:39,day,economics,55,0x9e3ed7b661a903fc97afcf49e0f014ebe869f882,253.90207930449787,6212.624723999999,0x9e3ed7b661a903fc97afcf49e0f014ebe869f882-1783406009396
2026-09-30 09:27:39,day,economics,56,0x1058f156b207cafe61d102e97bf6796931d301c1,250.01349999999871,27.0,TheyAreTakingTheHobitsToIsengard
2026-09-30 09:27:39,day,economics,57,0x164e6f501a2c25ea331e8b1732b6ea3622ba785b,246.14999999999807,166.0,blub.0
2026-09-30 09:27:39,day,economics,58,0x265c375b395d9032641abb024c4b028ceaa2916e,244.85612905999824,0.0,0x265c375b395d9032641abb024c4b028ceaa2916e
2026-09-30 09:27:39,day,economics,59,0x74edf7215f4e56caad1907220905c2fdd066d9f2,241.256129039999,0.0,beii
2026-09-30 09:27:39,day,economics,60,0xca8124061d07903c2e83ec4ce6a3d2f380377c38,235.128065840001,0.0,wayyt
2026-09-30 09:27:39,day,economics,61,0x360d3cbee47573eb5700b550b5399cc230d8ca64,235.1181080899987,0.0,0x360d3cbeE47573EB5700B550b5399cC230D8Ca64-1776701670290
2026-09-30 09:27:39,day,economics,62,0xbbea56528e414e3a494c5bc23d93770cc91ae2b0,234.11319999999978,0.0,WindTakeMeNorth
2026-09-30 09:27:39,day,economics,63,0x7523cafcee7bcf2db9a79d80e0d79b88a9a54c4c,231.97212216000116,0.0,DonaldinhoTrumpito
2026-09-30 09:27:39,day,economics,64,0x1b2e80a4fbba70cbde558d06d229e92b2b5226ae,226.42319999999927,0.0,mmmppp333
2026-09-30 09:27:39,day,economics,65,0x5b9115312cb4fc2b2b57c65045e611092f222709,211.67858780000097,0.0,0x5b9115312cb4fc2b2b57c65045e611092f222709
2026-09-30 09:27:39,day,economics,66,0xa4b366ad22fc0d06f1e934ff468e8922431a87b8,210.47497006999947,0.0,HolyMoses7
2026-09-30 09:27:39,day,economics,67,0x2c41d0ca2b4b2344912eead711f28cd4dcff133e,202.41224283999873,0.0,lineth
2026-09-30 09:27:39,day,economics,68,0x7cde9cc2fc1ff9556b5167aaaa6fc5b3ce0ab97d,199.71568274799938,0.0,allen114
2026-09-30 09:27:39,day,economics,69,0x879752bca887bc247ba883a52bc45e9c6be6bbbe,194.31070000000182,0.0,singularityman
2026-09-30 09:27:39,day,economics,70,0x24ded84d901a743cfee095f8082b0f9f647183cb,194.2497999999996,0.0,arjennnnn
2026-09-30 09:27:39,day,economics,71,0xfe728eac39de9ff73d68a073f8c2cd897f6ac936,174.5120514399987,0.0,Doormat986
2026-09-30 09:27:39,day,economics,72,0xb658c328bcb4f875d1e4630ee1df6fd9feb23a5b,170.0,0.0,Hai688
2026-09-30 09:27:39,day,economics,73,0x2e617f2cb474acaba820030e4819fe92148519bd,168.00004233000072,0.0,Javier777Milei
2026-09-30 09:27:39,day,economics,74,0x40cfb29411d29f4fa0908f2a121297042cccd21d,152.97413999999844,0.0,whig
2026-09-30 09:27:39,day,economics,75,0xf0d5eb1cbe7350f1f896ade6c172e6700414c665,152.68894500000133,662.16,yen4u
2026-09-30 09:27:39,day,economics,76,0x9b0b60aa0a1df93202f996860342fd5607815e43,147.6065559999996,296141.772,Irboz-sama
2026-09-30 09:27:39,day,economics,77,0x703d865decd51379b65bc4ff5b87b2d1ffe400a3,147.28682309999886,0.0,jinccc
2026-09-30 09:27:39,day,economics,78,0xff06e8c95b984f236a08be2c4b9909be306c2f60,139.72431374499865,0.0,cookedquail
2026-09-30 09:27:39,day,economics,79,0x890d33f9c1620806a98341c243f782fa63b215ac,137.29599999999982,0.0,OrbitSugarFree
2026-09-30 09:27:39,day,economics,80,0x74471a007ddcc488f6d57b5e86dfb35a8d48a16d,137.15800135099562,0.0,tetrose
2026-09-30 09:27:39,day,economics,81,0x2117ae94a97d69b78cbc81b6680a62deb1955c26,135.32999999999902,0.0,Zzzz87
2026-09-30 09:27:39,day,economics,82,0x06ee16f483e8170e865479c53cd15a568caf5d58,133.95920000000024,0.0,pipiyoho
2026-09-30 09:27:39,day,economics,83,0xcf070b9ed273abd6185a4253713ce8e64c0ec770,132.4285157635001,400.98,MaxEnt
2026-09-30 09:27:39,day,economics,84,0x03efd567fcb94f9ca3deac67330ef7babc229632,124.71099999999933,0.0,0x4758D0b24dfA4C5C32B2468C170Aa1888F757812-1728689691074
2026-09-30 09:27:39,day,economics,85,0x039b08dc2cb66400f1d725821b1a38924f799b6c,124.56738422499996,0.0,Mandalorec
2026-09-30 09:27:39,day,economics,86,0x074bb7620e553cf584938c50de2a9e3ec5a44ee3,122.27959999999939,0.0,0x074bB7620e553cF584938C50de2a9e3EC5a44EE3-1769265950990
2026-09-30 09:27:39,day,economics,87,0x778b3524d05d89789de8035fa7233f33c43b4e2d,120.8012244700003,0.0,scorp0212
2026-09-30 09:27:39,day,economics,88,0xf1629522ce3d5e4cb3d6e61ca0cdb980b47fba35,120.48190473999966,0.0,bottling
2026-09-30 09:27:39,day,economics,89,0x60567382d04d7af8776eea04468a918519ebc27c,120.45472954400611,0.0,akimbogod
2026-09-30 09:27:39,day,economics,90,0x588ce22fb2bf698e5a3f61447a44b3afe0ad1bf4,117.98403690099985,0.0,Drunken-Mentat
2026-09-30 09:27:39,day,economics,91,0xa66790e2b0075e73c3781ddaf1d0b875a3aaceb3,116.66778888699922,7.16,Elias.Thornwell
2026-09-30 09:27:39,day,economics,92,0x119917bfaea2d3f4be242d96f6058c3937d7d5f9,116.54057000000005,2675.76,SuperDog23
2026-09-30 09:27:39,day,economics,93,0x5c29b2ca441c040f0f637d0a852594bb65b8358e,114.59500000000116,0.0,maritime6307
2026-09-30 09:27:39,day,economics,94,0x134a63b764ac7b008356e8db1857db94e6b09e42,113.84130000000005,0.0,Bertapotamous
2026-09-30 09:27:39,day,economics,95,0x5235578efe24555b0c98e7dc10a902b09089c04a,112.94983500000075,25.91,back-in-whack
2026-09-30 09:27:39,day,economics,96,0x4f0eaecdea458c5ec4a248ce6a8443975bae0200,109.09090907999962,0.0,suleng66
2026-09-30 09:27:39,day,economics,97,0x2a5ffc44aeb0aa4d1cdf41df7e6be60ed4476c92,107.3444405759983,14759.92323,0x2a5ffc44aeb0aa4d1cdf41df7e6be60ed4476c92
2026-09-30 09:27:39,day,economics,98,0xd3ecb2aee0d65622da559ff356b00e8c2e626603,106.70185000000129,0.0,sabsabinxz
2026-09-30 09:27:39,day,economics,99,0x690bfe39089e61f674b8f88d89511c9eff90bd2c,104.18659999999954,0.0,0x690BfE39089E61F674b8F88D89511c9efF90bd2C-1782954570100
2026-09-30 09:27:39,day,economics,100,0x74b4f9447b14b12308963fc048ae363eb0756bea,103.63315332999991,0.0,0x74B4F9447B14b12308963FC048Ae363EB0756bEA-1769170826159
2026-09-30 09:27:39,day,tech,1,0x5a7b3328e8756579bfd364ba92c5c589c7bae9eb,7888.103789588999,0.0,notssf3
2026-09-30 09:27:39,day,tech,2,0x3c241752f99076c933ab3d144ada1dcdfd981678,6621.524224142501,0.0,0xTism
2026-09-30 09:27:39,day,tech,3,0x75a27d0cc95b3586297c1e6b5417269332cd6992,5309.161841196499,5073.371427,BrownBees
2026-09-30 09:27:39,day,tech,4,0x00425c692a667981118f679ef68fdc775257321e,5005.149833833018,3347.1399999999994,99problems123
2026-09-30 09:27:39,day,tech,5,0x4c2c10a735fc7bc650d14f9e72f2147a7f2d9fd2,3010.5861863415,17138.058677,vv4309
2026-09-30 09:27:39,day,tech,6,0xd426adbc3c4461c86099c26221c877f20e42334a,2904.600849999999,19353.54,881112
2026-09-30 09:27:39,day,tech,7,0xe234959595e01dacd391a9502a6ad0edf4e3304a,1787.2433387570054,0.0,0x8542adb70397e9de67ba9abe6971e3f50fb7a7b
2026-09-30 09:27:39,day,tech,8,0x14c32680ffc318892e0d019181e4161aa34cdf68,1764.6584787329998,0.0,borntoolate.eth
2026-09-30 09:27:39,day,tech,9,0x4ef3f1f4dcd804c5ed585d18f1c77700ae677bd0,1707.8601721739992,9370.555346000001,user089
2026-09-30 09:27:39,day,tech,10,0x876bb030ddd424ef505ae02914024cf18c6a1703,1303.3580623635007,0.0,rewardbots
2026-09-30 09:27:39,day,tech,11,0xfd74d4504299cce1c537464bdd932f8a0e6ba2a7,1075.023867498,0.0,0xFD74d4504299cCE1c537464BdD932F8a0e6bA2a
2026-09-30 09:27:39,day,tech,12,0xac4a1fabdac2438d6afa2a9e8e83845310a0bf1e,1010.4600054844955,74.92,HerrieDavis
2026-09-30 09:27:39,day,tech,13,0x819dfea4ffa9c4d3ef27f00e2dbac7e9e93507f1,923.1239,7112.250000000001,JokerTheClown
2026-09-30 09:27:39,day,tech,14,0x11f8a22001686b0e40687c4c37c91e3428a0ed31,843.1125290520013,5133.38,dedidanc
2026-09-30 09:27:39,day,tech,15,0x2b9dbf4b6e0e11309a9d6d2a09b72f65f652adc0,735.3315704499992,0.0,seal7
2026-09-30 09:27:39,day,tech,16,0x5ecde7348ea5100af4360dd7a6e0a3fb1d420787,692.9751549999855,16544.55,0xdc3E831cad
2026-09-30 09:27:39,day,tech,17,0x736539924a5602b37a03a54fc12c1cc8f98964da,644.8372964000029,11.38255,Contentious-Dinnerdate
2026-09-30 09:27:39,day,tech,18,0x2d577efc9a87ccd0fb00dc98faa9557384164e09,569.4523137130001,0.0,DRunestone24762
2026-09-30 09:27:39,day,tech,19,0xfb681e23db8d1cca8a6b7e2a70a29e000ddfa240,500.0,0.0,royalestake
2026-09-30 09:27:39,day,tech,20,0x43372356634781eea88d61bbdd7824cdce958882,488.6604940330726,0.0,Anjun
2026-09-30 09:27:39,day,tech,21,0x7f6a28742a51b14e451ef233cd626f14ee3cd1ff,475.35487893,1343.3400000000001,o4674
2026-09-30 09:27:39,day,tech,22,0x1fa46a001f52a0aa40c526bdb1c2d95d7b53c52a,464.67679832999994,0.0,chonkychick
2026-09-30 09:27:39,day,tech,23,0x8043a691039c540cd1594b4378c9106c1c20805d,451.34252113,0.0,Juicecredit
2026-09-30 09:27:39,day,tech,24,0x5a218c7ad04135830a45c41aaed7294df7809318,438.0077785846097,4552.117109,balthazar
2026-09-30 09:27:39,day,tech,25,0x815871f34239ceb2102301d4dbdcee5350fc5f05,429.7755836,81.24,Jasper-Wang
2026-09-30 09:27:39,day,tech,26,0x2c5eb1b0d875270c7c1a4960492627d123b3ffb9,401.7003656799998,0.0,Brandona
2026-09-30 09:27:39,day,tech,27,0x760907c8840491c8c86fddb843d3f1d801786c4e,374.9999999999999,0.0,0x760907C8840491c8C86fdDB843D3f1d801786C4e-1771959662080
2026-09-30 09:27:39,day,tech,28,0x87650b9f63563f7c456d9bbcceee5f9faf06ed81,373.30096638799984,1127.2935089999999,2B9S
2026-09-30 09:27:39,day,tech,29,0x2b670a311561dcaf741d8155451774d3fa7fb814,355.52753384499897,189.04,0x2b670A311561DcAF741D8155451774D3Fa7fb814-1778467735876
2026-09-30 09:27:39,day,tech,30,0xa48aeb0e16d26a544350edd86d9a0e6b7cee7024,345.99823823699995,0.0,polymorpher-accumulator
2026-09-30 09:27:39,day,tech,31,0xe562cfbf7b3292e0deb29a5b8fd3c38af4794fa9,335.3479330639998,0.0,Hyp3rion
2026-09-30 09:27:39,day,tech,32,0x9c65e79218de1bd8c4aad0fbdb69397f8f931cde,312.5,0.0,DumbyTheWizard
2026-09-30 09:27:39,day,tech,33,0x63850ce907044eac77fba13d59f263ade68093f2,293.54209792700203,0.0,Waterfall
2026-09-30 09:27:39,day,tech,34,0x6c7d9ce7d08fbe1bf872fa825916802866a8d6eb,284.18827404000046,1520.6499999999999,VVKhqdMdKjEpLsDRwu
2026-09-30 09:27:39,day,tech,35,0xb1bd050b1043560b9aa88e0fedde4dbe2091c25e,277.70078999999987,0.0,Dav1d10
2026-09-30 09:27:39,day,tech,36,0x1191fabce7781f4179ddd3c205ad665cba79c092,264.18929797999954,0.0,qmmar
2026-09-30 09:27:39,day,tech,37,0x355e5ae20cc1a3a2164f818e4bac8d22dd72a038,261.0810984925005,431.13358999999997,Olcan
2026-09-30 09:27:39,day,tech,38,0x9afeaa84ba61d876f04575c7cb667853f173062a,254.318757764,0.0,05005
2026-09-30 09:27:39,day,tech,39,0x225b7c9aaf6108ded29b9fda9939aa671ef6422a,252.33646822000082,0.0,0x225b7c9Aaf6108deD29b9fdA9939aA671Ef6422A-1756591558414
2026-09-30 09:27:39,day,tech,40,0x15ce5835060ecb4e769b8bdd6858e0a38724b912,241.84445162799994,100.0,0xIhor
2026-09-30 09:27:39,day,tech,41,0xf08c827f8bccc70f51686be5538611fa696a91e9,234.22423500000002,381.54,Tourte-chaude
2026-09-30 09:27:39,day,tech,42,0xdd225a03cd7ed89e3931906c67c75ab31cf89ef1,233.55259999999987,0.0,Euan
2026-09-30 09:27:39,day,tech,43,0x1838ba094e24030d8383c99e3cb36ee7644e68f0,229.84007188200002,0.0,0x1838ba094e24030D8383c99E3CB36Ee7644E68F0-1771613533259
2026-09-30 09:27:39,day,tech,44,0xc004b035b67be284e0d1db56c39e865df6cac095,229.5466030424991,2342.530435,lamyk
2026-09-30 09:27:39,day,tech,45,0xb0e52128ceb4027dacd05caace3019de8085aa4c,227.09753999999998,0.0,0x54aAa0Ee272e4A17203692A31157f532C2cC318a-1766332232946
2026-09-30 09:27:39,day,tech,46,0x215adbb63b47d0ca92f849fe2c2dc1adb0f6254c,218.6243172735003,0.0,BikesAreTheBikes
2026-09-30 09:27:39,day,tech,47,0x6e88825b942995dc7ea9544ba7aa2396759ab52a,208.24765399999995,0.0,GeminiPro
2026-09-30 09:27:39,day,tech,48,0xaaded2bff50e0682fd343ae4c19e60b3ef431621,203.62014500299998,0.0,omri898
2026-09-30 09:27:39,day,tech,49,0x9a3fa403a6666eef75f92f181fcf13f9c051914a,203.27897434599993,1250.02,Rex416
2026-09-30 09:27:39,day,tech,50,0x30fb41b5a08fff5d3dd983f6323e3343931a7db4,202.3158656949995,1281.42,tradetosurvive1
2026-09-30 09:27:39,day,tech,51,0xdbd028b4afcb6fe1e30c55fb65f59a1133d58c1c,177.61569079300097,70.0,8dcc906a9b
2026-09-30 09:27:39,day,tech,52,0xb89f5425341719d298dc2f5b9a92374f5fde1c44,163.44067898200046,0.0,iutwpfal
2026-09-30 09:27:39,day,tech,53,0x652bff901f401f22b2da47ad1c5c4b5870b3f5c2,159.4153887604994,1775.54,0x652bFf901f401Fdhsk342kdjfnfk029abks13
2026-09-30 09:27:39,day,tech,54,0xb23e88a3e729951c1992b361435a5c410fcf829a,159.20600599999983,846.3136000000001,clazzy1
2026-09-30 09:27:39,day,tech,55,0xd12f443b6a45225ae65d519a4bdef568d29ce85a,158.80095758849984,1768.670666,Hot-Skull
2026-09-30 09:27:39,day,tech,56,0x122cb94c437ea5e6f088c6c0c143c592ab8efbed,152.77326999999974,1688.5700000000002,Cb94C437EA5e6f088c6c0C143c592ab8EFBed
2026-09-30 09:27:39,day,tech,57,0x5744cce35b222cc4552a68501aff05c29c946eca,152.4669299999996,0.0,rsam5990
2026-09-30 09:27:39,day,tech,58,0x81ca49ad9806de2d92782b873bfa7fe051943b87,150.9011499999997,0.0,orac07
2026-09-30 09:27:39,day,tech,59,0xfec84ba946b063d57580366e02e97a18c75167f7,150.68887415499967,0.0,0xDC719Fde6ed998a38F28DEA0af7B653047a526D8-1723323482067
2026-09-30 09:27:39,day,tech,60,0x50b0de750ec7f757250d483ebb86e1e9e61e1640,150.65653775150076,0.0,mathrex
2026-09-30 09:27:39,day,tech,61,0xde5b8216592274ce8075976c65310ab595b639a5,144.52100000000007,1536.8899999999999,kaijugirl
2026-09-30 09:27:39,day,tech,62,0xe25b9180f5687aa85bd94ee309bb72a464320f1b,141.97964000000007,1500.52,WordleAddict
2026-09-30 09:27:39,day,tech,63,0x5eb0cd907aa0b7b4df11552e817570e265ea5012,139.47558377700068,971.57,arbandy
2026-09-30 09:27:39,day,tech,64,0x85d57ae07c1c0cae93f1ed6d05166eff4233bbf0,137.7390767219999,1289.278221,rocky42006
2026-09-30 09:27:39,day,tech,65,0x0a7aaf83341b52df34e8ffef52aa295538d6df1b,128.6497067665,199.89999999999998,Perypery
2026-09-30 09:27:39,day,tech,66,0xaee811b7c7e5d961b545ac0e3f62f5f1cb181154,127.60971445100307,8104.621188,1in1000
2026-09-30 09:27:39,day,tech,67,0x712ff6df3887ef407655e2f7711bc1d03e859fe6,125.0,0.0,Vespuccii
2026-09-30 09:27:39,day,tech,68,0xe317330816ec7a06c903b4c6db6251de1e03c580,117.64749336,0.0,Sustainable-Precision
2026-09-30 09:27:39,day,tech,69,0xff493a4474b009dc936a841a76a55ddc1ebf7536,117.46995589999995,0.0,bugonia
2026-09-30 09:27:39,day,tech,70,0xe0969a9ad466da69e034b271ef4e74ebd592be8e,115.76885312249962,799.2477250000001,MineYours
2026-09-30 09:27:39,day,tech,71,0x229c0a7d92977a9934e5ac2348d507988996b966,115.65766774799994,0.0,qqqppp-l1
2026-09-30 09:27:39,day,tech,72,0xc7d02944a76b9f83b199e9090ecc92c82d241f8a,115.06324030899583,1164.376246,0xc7D02944A76B9F83B199e9090ECC92C82d241F8a-1776944395495
2026-09-30 09:27:39,day,tech,73,0x4626ffc20b7314de1b6b804b9eded4b80850d40b,111.73986371000001,0.0,Wellv
2026-09-30 09:27:39,day,tech,74,0xbf93328f8b69273453228a82c913207731822fd7,111.3295112349997,0.0,hell0pia
2026-09-30 09:27:39,day,tech,75,0xc74a96b8a834677cc2ab2dd579e525134d11f01b,107.14067932499165,13869.112427,Popopolly
2026-09-30 09:27:39,day,tech,76,0x2b9d677d75d42c4f08624816e298d251e8c795f4,105.50607432049969,4159.853329999999,GuyFromTinder
2026-09-30 09:27:39,day,tech,77,0xf903c4cd098184e67a06a04f9b8fdb36e7bbe028,102.12766891500002,425.531915,Viserys
2026-09-30 09:27:39,day,tech,78,0xba38f6073ca6434b91e9969d66d2a17d6075f74d,99.776393089,520.0,0xba38f6073ca6434b91e9969d66d2a17d6075f74d
2026-09-30 09:27:39,day,tech,79,0x11f3c56d0583665247e5a494e8f7709c759ed859,95.66034999999994,791.37,johnnyA
2026-09-30 09:27:39,day,tech,80,0x87ddd7b5033e00713a931a559441a7add7eee210,93.24405000000002,0.0,mrmoonlight
2026-09-30 09:27:39,day,tech,81,0xb4f2592e67c333e73c923547cfe05e768180e5fa,93.07286448599916,0.0,M2sx92kljs42
2026-09-30 09:27:39,day,tech,82,0xa2770432a5e6bd24c347c976b0d815db1f2c1182,90.93557834900002,0.0,0xA2770432A5E6Bd24c347c976b0D815db1f2C1182-1760945846787
2026-09-30 09:27:39,day,tech,83,0x575b1a666cc69e051f24a8a0551f3280922414f0,90.79575512499997,0.0,Soulwinder
2026-09-30 09:27:39,day,tech,84,0xad529df14c293d77984a0137990a1441b25211ac,89.35354092649544,791.96,SaturnStormCube
2026-09-30 09:27:39,day,tech,85,0xe6055a224d277a3eb39df9ee5ea8201c55c4ac5f,85.91393837499996,0.0,0xe6055a224d277a3eb39df9ee5ea8201c55c4ac5f
2026-09-30 09:27:39,day,tech,86,0x1283e685939f642df0129e98956e296c86af2a9d,85.6116549049998,0.0,0x1283E685939f642DF0129e98956E296c86af2A9D-1778567502046
2026-09-30 09:27:39,day,tech,87,0xa0d3909f97ef568bd7089c16c1f5ac6617145b5e,81.76163174999999,0.0,kirby26
2026-09-30 09:27:39,day,tech,88,0xa66790e2b0075e73c3781ddaf1d0b875a3aaceb3,81.00128446900091,24.16,Elias.Thornwell
2026-09-30 09:27:39,day,tech,89,0x60a92c8620846d81f5ea17b0564e0d4b7c545a71,80.63865609200002,0.0,paddaa
2026-09-30 09:27:39,day,tech,90,0xf85fa31a58fcce6c00b5af806a598b1600329800,79.91711740900018,0.0,Immaterial-Advantage
2026-09-30 09:27:39,day,tech,91,0x74957ea27ac4fbdee46d861fdae357859ff67fcf,79.22983063200238,1593.5194339999998,LornaPredicts
2026-09-30 09:27:39,day,tech,92,0xe154165732b79548f7533fc45168b102dd7a0b7f,78.02135204000002,11.98,Nadmi
2026-09-30 09:27:39,day,tech,93,0xfd9c7915741c1fd5cf2dbf7416297b3d8d307046,77.56550136349995,0.0,qianduoduoduo
2026-09-30 09:27:39,day,tech,94,0x04dcbd9b805b220a9b2d27e4d9e649ed07902387,77.48644999999988,0.0,thursdays
2026-09-30 09:27:39,day,tech,95,0x1cc16713196d456f86fa9c7387dd326a7f73b8df,73.80000000000018,0.0,Wickier
2026-09-30 09:27:39,day,tech,96,0xb41ead279375742d6c2a1a2239bdce56376411fd,71.85278566949995,1052.842747,b41eAd279375742D6C2A1A2239Bdce56376411fD.
2026-09-30 09:27:39,day,tech,97,0xb1fea3922a1998248cf2ae51f740b9be2bb7423a,71.01439477949998,0.0,Mr.Frog🐸
2026-09-30 09:27:39,day,tech,98,0xf5c49ad254b1d53ea0b86fb285dd3f11dc800926,70.62798638000044,8.87,0xdamocles
2026-09-30 09:27:39,day,tech,99,0x0097af953cf4441427142b5da7ac20ab69044a1d,70.59503955499997,0.0,ImBruceWayne
2026-09-30 09:27:39,day,tech,100,0xbe044d601fbe89c9e87eacfa57d813a31f783c60,69.67024941600175,0.0,0xbe044D601FBe89c9E87eACFa57d813A31F783C60-1767997097941
