timestamp,timeframe,category,rank,address,pnl,volume,userName
2026-10-10 09:35:14,day,overall,1,0x1f3a646ce5cbe2c70270e7a46161d89b7c7b895d,279381.56201898,1053778.580689,mooseborzoii
2026-10-10 09:35:14,day,overall,2,0x5268527977f700f9bf9b6d5cd843859e4e70135d,159831.46989300533,781846.7075310005,HomeRunHazard
2026-10-10 09:35:14,day,overall,3,0x3dfb153c197d4c19d3b31c1ecd2c7b6860eeabaf,136643.77299598313,322295.46891100006,0x3DFb153c197D4C19D3B31c1ecD2c7B6860eeabAf-1722957908185
2026-10-10 09:35:14,day,overall,4,0x291de54f32a3ee495ff0c624fa9bfeca23451f97,114869.04993456,102177.78,viboomchuu
2026-10-10 09:35:14,day,overall,5,0x2c335066fe58fe9237c3d3dc7b275c2a034a0563,65572.35460729708,1634140.1348620001,0x2c335066FE58fe9237c3d3Dc7b275C2a034a0563-1759935795465
2026-10-10 09:35:14,day,overall,6,0x95c6c9a6727ed203e97230dda61ab19a020e1508,54142.18659900005,139860.925646,DelidelaDele
2026-10-10 09:35:14,day,overall,7,0x8a8685a792c184e5c2ee8c7d4d4baba7c2c94998,51283.138013765,153531.46202,BrotherObama
2026-10-10 09:35:14,day,overall,8,0xd38b71f3e8ed1af71983e5c309eac3dfa9b35029,43903.25662796997,218603.317338,primm
2026-10-10 09:35:14,day,overall,9,0x2e2609682b85c6c1afd7cc74136058a47f29d96f,34538.65390999999,128177.182609,ohcanada123
2026-10-10 09:35:14,day,overall,10,0x54ce7dd357766fc3255645e55ef41edd51cc9f80,31902.20992796005,178746.323734,mde4life1986
2026-10-10 09:35:14,day,overall,11,0x1fee90f352fd362ea4bf13c6ed7cdd83a4d2ed5e,30736.101209484972,0.0,lomneivan
2026-10-10 09:35:14,day,overall,12,0x96489abcb9f583d6835c8ef95ffc923d05a86825,30575.047119108407,510.345386,anoin123
2026-10-10 09:35:14,day,overall,13,0xaa075924e1dc7cff3b9fab67401126338c4d2125,30389.325101540002,49130.282284,rustin
2026-10-10 09:35:14,day,overall,14,0xb7d8ffa9b72693a690d4abb8f3093bcdface1330,29943.810395000008,59880.43471799994,ghggg444
2026-10-10 09:35:14,day,overall,15,0xe4a57385a34b0b32fd86be72efd25cda41003cad,29851.4379186,26162.938769000004,chubbytoro
2026-10-10 09:35:14,day,overall,16,0xa38a455bbdd4b68486548b7e19da99903f4f821d,27449.56871421854,144221.73619799997,takeormake
2026-10-10 09:35:14,day,overall,17,0x1d1ade627d0bb0205758580b20d808573e720df6,26037.103506930005,30.0,Pwaddler
2026-10-10 09:35:14,day,overall,18,0x492442eab586f242b53bda933fd5de859c8a3782,26034.488049999996,20824.09,0x492442EaB586F242B53bDa933fD5dE859c8A3782-1766317541188
2026-10-10 09:35:14,day,overall,19,0xb52e8b3afd9f0f0d502a5a76494b42816d67285c,25639.114866943994,162202.121162,1l2ihj34li12u34
2026-10-10 09:35:14,day,overall,20,0xde7be6d489bce070a959e0cb813128ae659b5f4b,23830.79363845658,7403.14,wan123
2026-10-10 09:35:14,day,overall,21,0x7e3a1f95c558f39a51ff334d789e3e039b553246,22710.68835017,18597.45,KaneAnalytics
2026-10-10 09:35:14,day,overall,22,0x629bc4a1e53e1d475beb7ea3d388791e96dd995a,22655.81947545749,0.0,lava-lava
2026-10-10 09:35:14,day,overall,23,0xa2e3515dc3fbba389ca3bcd9d0a17677ab57fbb2,22522.992400000003,42825.977404,Kelvin789
2026-10-10 09:35:14,day,overall,24,0xb8ef617fd5d960e61e56c50d2971697300b32864,21617.521968276473,251521.5517580001,no1dodgersfan
2026-10-10 09:35:14,day,overall,25,0xa2cced8bfae7d645f7f437fb76becf2fcbb70cbc,21056.179428534997,0.0,justwins
2026-10-10 09:35:14,day,overall,26,0xb4f978be63cdf75554b0b46a4262a6db597cc9a7,17215.71822178001,88047.785901,0xb4F978BE63cDF75554b0B46a4262a6dB597cc9A7-1779258330186
2026-10-10 09:35:14,day,overall,27,0xd6966eb1ae7b52320ba7ab1016680198c9e08a49,17007.493294999993,654.84,Painfulvoid
2026-10-10 09:35:14,day,overall,28,0xc9be981991a07cd7db505f3e52501877deaf0053,16245.416139120003,40932.105059999994,dsgdssd
2026-10-10 09:35:14,day,overall,29,0xbca08c1bc204a34f2fddbe47b438b9bd42ac9705,15865.187976114992,139144.63863500004,justaluckydude
2026-10-10 09:35:14,day,overall,30,0x21f333307ac6d2e65ac82f014b3dd2b64cbc35e3,15690.003654922995,9695.164218,hi774c
2026-10-10 09:35:14,day,overall,31,0x1e386b0e0f1fc58c67ce738d7bbc4ba7ec74fd47,15152.387652000001,147961.304689,beeemw
2026-10-10 09:35:14,day,overall,32,0xf6dd2e6947283b30a19a106401dadad2bc9bac58,15057.254179540001,510272.87899099995,Katalunygeaxvhj
2026-10-10 09:35:14,day,overall,33,0x676c1bb692c76b57b06f1b93817515acfa5ce139,14847.394928120002,3207.695,ThorinCSGO
2026-10-10 09:35:14,day,overall,34,0x0259b2054f046fe0ee8f3e075fdb85fc3ba9769e,14225.598837390004,113804.790698,fantasy7788
2026-10-10 09:35:14,day,overall,35,0x2e3ecedec4b004c61670f0dcda382ec0da1f0f92,13386.703087644968,53117.34,hello.67
2026-10-10 09:35:14,day,overall,36,0x1465b79bff7992bc703e1aafb3683b1089647072,13068.796510918997,0.0,JnStrtPrdctnMrkts
2026-10-10 09:35:14,day,overall,37,0x3cf6af76c4869d2ace41fe5263cd8057c5ec0cbd,12922.525867405002,67501.435961,chizidahu
2026-10-10 09:35:14,day,overall,38,0x125a399cc5cb7cf7cbe8f010a05f0ed673374f02,12895.078121220002,29552.762728,heyboy800
2026-10-10 09:35:14,day,overall,39,0x13ff290849c6fef06efde63dfe643e62767716a3,12062.8766,0.0,Canesclean
2026-10-10 09:35:14,day,overall,40,0xb4164e085a0503532989d487c4b4b19f4288dd7b,11440.693302896525,1098.1000000000001,MKSafe
2026-10-10 09:35:14,day,overall,41,0x74f1b8944c7b10f7239e3dda0de6b8ee42e816a8,11326.84373812897,5928.453962999998,probability
2026-10-10 09:35:14,day,overall,42,0xd3d3467ff83c943e9fa5a26a4ffd01f979bf81dc,11264.928547219992,61768.222562999996,masterofcs
2026-10-10 09:35:14,day,overall,43,0x3f3aa7005f8006bfcc367d43a25cde25509fe8fd,11234.806620985002,38238.5331,us391
2026-10-10 09:35:14,day,overall,44,0x52a3d09dfc47bacc18634dda9d962be530c0ebae,11072.534070462792,0.0,lebronstinks
2026-10-10 09:35:14,day,overall,45,0x3a8aa345d5db7ec5138298c8c4f4540259be7699,10776.48903427925,0.0,TheReturnOfDarthMaul
2026-10-10 09:35:14,day,overall,46,0xcf6c5492124794394dd9eac46498a8babbe47e66,10745.109920420993,33617.962529,one8tyfive
2026-10-10 09:35:14,day,overall,47,0x23d81ba9371e576015c1e562db09c689f56b0288,10737.016063472522,1573.168182,flawfence
2026-10-10 09:35:14,day,overall,48,0x2005d16a84ceefa912d4e380cd32e7ff827875ea,10662.26559771975,1030241.3902490003,RN1
2026-10-10 09:35:14,day,overall,49,0x26cf4a41eb49f0c560d32a2d2e4f45715e47c612,10501.874502911778,127190.50714100004,technician2
2026-10-10 09:35:14,day,overall,50,0xe98c6194374418b1d1b27321f025bd64ac2c8792,9575.474875330001,9816.194217,0xe98c6194374418b1d1b27321f025bd64ac2c8792
2026-10-10 09:35:14,day,overall,51,0xc29198ad764bd6adaf7bb971a3757a689ece5d74,9324.785249100485,206159.329788,SnakeBall
2026-10-10 09:35:14,day,overall,52,0x28ea3ec52d81664470663c8b17b84046a1e41fbe,9317.66198687,4799.99,ChampGamp
2026-10-10 09:35:14,day,overall,53,0x4f1d5ae26fc31472966e951af3183308736d8de2,9211.014952923588,9000.200263000002,e46m3
2026-10-10 09:35:14,day,overall,54,0x224f7ef690d952cf551a471846d5afb4892e514a,9070.65494755002,20463.185389,WeBuyHighWeSelllow
2026-10-10 09:35:14,day,overall,55,0x2117ae94a97d69b78cbc81b6680a62deb1955c26,8722.125010407064,29123.985556,Zzzz87
2026-10-10 09:35:14,day,overall,56,0xe18ecc345e00ee7c4f2d1f676f3dd2acb112f826,8625.550448339989,26000.0,ArielFilipino
2026-10-10 09:35:14,day,overall,57,0xdd5ef115f801999575b03d78d0115ad8b2d59040,8473.496016550002,20860.418647000002,Forecastication2
2026-10-10 09:35:14,day,overall,58,0xe8c4d68aff65b38cac46987b9b65e01eb47d395d,8310.98891086753,27217.883176,JAMJAMJAM4
2026-10-10 09:35:14,day,overall,59,0xf3a6ac44c5c90ff2b4afa4459f71acc2e57971bd,8166.048999999997,4467.355103,scootergene
2026-10-10 09:35:14,day,overall,60,0x878d54931d8dd4e9ec25611e37ef82b7ae1385a5,8124.993749265001,24999.980773,WanderingWombat
2026-10-10 09:35:14,day,overall,61,0xf2e27fbcca2b4c371b45757675984ddf06bff84a,8016.1149159999995,32149.227002,orchid6315
2026-10-10 09:35:14,day,overall,62,0x7c1b3a6db8a1d57de8ee5d7bca620dc0623185c8,7811.951883999984,85143.01468499999,cm2897
2026-10-10 09:35:14,day,overall,63,0xb0e74df9430a089aa102e2207af5fde1967439d2,7748.733411925537,0.0,0xb0e74DF9430A089Aa102e2207Af5fde1967439D2-1789545517033
2026-10-10 09:35:14,day,overall,64,0x06dc51826bc524d9a83770e7de9dd7e005b04524,7567.381195694979,99258.568121,0x06dc51826bc524d9a83770e7de9dd7e005b0452
2026-10-10 09:35:14,day,overall,65,0x7c75be8139d0e333e7c8c2e17b53575ef0804d1d,7388.814469616016,0.0,Abkhauae
2026-10-10 09:35:14,day,overall,66,0x37ab7d3b5338a300a832590eae25867ae7123ce4,7193.022900000002,18792.949999999997,65fhfhfa
2026-10-10 09:35:14,day,overall,67,0xbf8c7cdb9f11ead4844945246aa1e6d99bb53014,7041.255439999999,16342.095325999999,dlfgjdlkfgjk3e
2026-10-10 09:35:14,day,overall,68,0x0c84d454825e9f42619497f6158b4753cd43a8ed,6853.1856,13589.97,ff3364
2026-10-10 09:35:14,day,overall,69,0x3e04fbc51adb75418129f6ce2091ae633070564d,6832.401044179995,12747.815217,roldy
2026-10-10 09:35:14,day,overall,70,0xe6bff499390d0988f81967d095925b44aad38380,6734.0,14600.0,CHACHA125655
2026-10-10 09:35:14,day,overall,71,0x072fc0e9ccdecbe811c0887f0536ecdbf433ffdd,6548.304745995,22689.643202,MODDI
2026-10-10 09:35:14,day,overall,72,0x5a218c7ad04135830a45c41aaed7294df7809318,6388.118652987989,27686.143642999996,balthazar
2026-10-10 09:35:14,day,overall,73,0x56d0ec3e42cebca3de14da378720aa32d1f681d6,6367.218231432504,0.0,MemeKing20
2026-10-10 09:35:14,day,overall,74,0x9783f45ce35f794be38ca47dd0816a5c241383b9,6274.973221999994,14966.749874999996,0x9783F45CE35F794BE38cA47dD0816A5C241383B9-1766113722324
2026-10-10 09:35:14,day,overall,75,0xe53b7c865a0c36e6ee8ff6b73749c61ff85da526,6107.2161,16671.739999999998,geraldo777
2026-10-10 09:35:14,day,overall,76,0x32b484581fc5606de9c1e43af4636b6be9bc8b21,6013.214044119959,264587.772494,0x32b484581fc5606dE9C1e43AF4636b6Be9BC8B21-1774274303653
2026-10-10 09:35:14,day,overall,77,0x9ee49c02ae1ade698bf9e06d4ca271f236b8697b,5999.99897577599,0.0,cosmicxbt
2026-10-10 09:35:14,day,overall,78,0xe558bb7b02ea489d772bd34f14cc845e391fdcd2,5962.87745,138196.63,User1244322
2026-10-10 09:35:14,day,overall,79,0x2d6ac4f70307102ac46e9e6ded67f3838ddf8add,5927.667753212565,128266.00378500002,GC-P
2026-10-10 09:35:14,day,overall,80,0xdf6159d094a6597079ea72a26bc75c5b5ecfcdd9,5818.925180364999,43782.106277,Kkak97
2026-10-10 09:35:14,day,overall,81,0x9703676286b93c2eca71ca96e8757104519a69c2,5698.587846238098,132281.943792,AnonymousUsername
2026-10-10 09:35:14,day,overall,82,0xae2a545c068389c5aab3466cecef33259e55384d,5558.221442730502,5241.857971,haveagoodday
2026-10-10 09:35:14,day,overall,83,0x6982049c65e98606f65a0ce71fdb9b61296da165,5411.6761618,20193.093258,0x6982049c65e98606f65A0CE71fDb9b61296dA165-1777135114945
2026-10-10 09:35:14,day,overall,84,0x99f0d31fdced5b3a0e5ee2867730a6644a6c9495,5386.967224710489,186768.93755900007,0x99F0d31fdced5B3A0e5Ee2867730A6644a6C9495-1779037126382
2026-10-10 09:35:14,day,overall,85,0x3cc379741b2ab96d61aab5942a1a711a89f1fb0b,5358.253883639999,0.0,Michael-The-Taxiarch
2026-10-10 09:35:14,day,overall,86,0xe8d78397160e13edc306a63b1d88c9c1f3dd1252,5340.643230714,39316.16,coinlaundry
2026-10-10 09:35:14,day,overall,87,0x4600e523a1db0384052d8b94fa0ec19a9a576da4,5308.8934639,19078.907565,roginarun
2026-10-10 09:35:14,day,overall,88,0x7b6c6d1279098054b0c630a4b871002a7cd46305,5221.010282984978,94381.542044,eschaworldchampion2026
2026-10-10 09:35:14,day,overall,89,0xe1f313a980c5cfd4444f66bcf40563eb900e5402,5205.420369470002,22375.374245999996,NeoBookScore2
2026-10-10 09:35:14,day,overall,90,0x0c154c190e293b7e5f8d453b5f690c4dc9599a45,5191.66674509,0.0,0x0c154c190E293B7e5F8D453b5F690C4dC9599A45-1775083003603
2026-10-10 09:35:14,day,overall,91,0x365f951dc281322d83f6fcda884c7f66a938706a,5186.590536601001,196425.293781,efntrick
2026-10-10 09:35:14,day,overall,92,0xd123211134d5dffbaaad1effd054f4b8a686d341,5166.7101999999995,14657.340002,nuuki
2026-10-10 09:35:14,day,overall,93,0x63792b1833fb76595e65dd0b91cbd8dea8a8c035,5139.81592371,31815.199731,0x63792b1833fB76595e65Dd0b91CBd8dea8a8c035-1791439997825
2026-10-10 09:35:14,day,overall,94,0x1f624696c102b99bea92c75a502fa7e4a6d676f6,5099.681098630518,136314.565865,emacron
2026-10-10 09:35:14,day,overall,95,0xda5fff24aa9d889d6366da205029c73093102e9b,5016.642546000001,18445.879338,Kangta6365
2026-10-10 09:35:14,day,overall,96,0x10d57bd3327bcdf43bf0656e717aa56f9dbd5388,4948.218824350002,30161.604946000003,maxmaxi04
2026-10-10 09:35:14,day,overall,97,0x206191d01c411a5b346d11a2df2d463a356b8ec9,4946.834570094464,5291.801579,rebotsliaf
2026-10-10 09:35:14,day,overall,98,0xa52b785a5510117ac3ae03d75d029f89a36c9480,4916.830106315003,95788.19,Hashbrown
2026-10-10 09:35:14,day,overall,99,0xc38904e5da4c2e962e2a3c72511bfdddaa42d228,4836.854799304,41039.939179,rooli1
2026-10-10 09:35:14,day,overall,100,0x2759769cd371bee44ec5bfc5e72c7f1f092b2b38,4748.710406539998,0.0,SharkbetX-com
2026-10-10 09:35:14,day,politics,1,0x96489abcb9f583d6835c8ef95ffc923d05a86825,32466.902979821632,427.38538600000004,anoin123
2026-10-10 09:35:14,day,politics,2,0x1fee90f352fd362ea4bf13c6ed7cdd83a4d2ed5e,30736.101209484972,0.0,lomneivan
2026-10-10 09:35:14,day,politics,3,0xde7be6d489bce070a959e0cb813128ae659b5f4b,23848.242173456554,7403.14,wan123
2026-10-10 09:35:14,day,politics,4,0x629bc4a1e53e1d475beb7ea3d388791e96dd995a,22650.80447338249,0.0,lava-lava
2026-10-10 09:35:14,day,politics,5,0x23d81ba9371e576015c1e562db09c689f56b0288,10954.082185542593,1573.168182,flawfence
2026-10-10 09:35:14,day,politics,6,0xb4164e085a0503532989d487c4b4b19f4288dd7b,10496.5960086355,944.0,MKSafe
2026-10-10 09:35:14,day,politics,7,0x7c75be8139d0e333e7c8c2e17b53575ef0804d1d,7388.814469616016,0.0,Abkhauae
2026-10-10 09:35:14,day,politics,8,0x56d0ec3e42cebca3de14da378720aa32d1f681d6,6367.218231432504,0.0,MemeKing20
2026-10-10 09:35:14,day,politics,9,0x3a8aa345d5db7ec5138298c8c4f4540259be7699,5857.669587469951,0.0,TheReturnOfDarthMaul
2026-10-10 09:35:14,day,politics,10,0x206191d01c411a5b346d11a2df2d463a356b8ec9,5176.422949087523,52.631579,rebotsliaf
2026-10-10 09:35:14,day,politics,11,0x3cc379741b2ab96d61aab5942a1a711a89f1fb0b,5092.619846799999,0.0,Michael-The-Taxiarch
2026-10-10 09:35:14,day,politics,12,0xde0463ea7f611b065e8ab06bbfbddad75e6dfa37,4635.122120080501,0.0,mwenya
2026-10-10 09:35:14,day,politics,13,0x2e7bf3e7b8ba0351b737897197fd5cc34fbfbd8c,4082.387870937999,814.48,eventalpha26
2026-10-10 09:35:14,day,politics,14,0x288999fc80af0b29cd5b22fc1c2b8987db3b9226,4046.1774257430225,0.0,ZnotluvuiSamez
2026-10-10 09:35:14,day,politics,15,0xe899b5ea69afb161da7a35597b6fe70398860899,3925.4422903500963,0.0,SlavaUkraini
2026-10-10 09:35:14,day,politics,16,0x44c1dfe43260c94ed4f1d00de2e1f80fb113ebc1,3583.806700453497,0.0,aenews2
2026-10-10 09:35:14,day,politics,17,0x780f249bb117d07c981d1c0e5690eb4fbe698955,3207.3505059599993,2237.078689,vsdiz1337
2026-10-10 09:35:14,day,politics,18,0xfbedb045813457be883ad83dd1078e88a2a1a665,3155.7261206984786,3421.1572369999994,SpringlyFawl
2026-10-10 09:35:14,day,politics,19,0x93fb8127a1b21a112b11af936361225df0563e4a,3083.305205582059,0.0,LlamaLoco0000
2026-10-10 09:35:14,day,politics,20,0x9e7296fc4776144f60db9a5943ff2051696599c4,3049.3100092199747,0.0,carlos484
2026-10-10 09:35:14,day,politics,21,0xeed8c2be411025120fb511ea2332dd0a1f6135f0,2894.235939112935,35697.940812999994,WarriorH
2026-10-10 09:35:14,day,politics,22,0x448861155279dbf833d041b963e3ac854599e319,2671.8612566520133,426.032804,0x448861155279dbf833d041b963e3ac854599e319
2026-10-10 09:35:14,day,politics,23,0x25d79dda4ca31627cf2a4ea87b6018e610976176,2499.9999229200002,0.0,fzol
2026-10-10 09:35:14,day,politics,24,0x7744bfd749a70020d16a1fcbac1d064761c9999e,2362.8286515195214,0.0,chungguskhan
2026-10-10 09:35:14,day,politics,25,0x816fd129fd4683711926f04eb6be2caad5b2ace1,2094.811087504499,0.0,GenaCyberpunk
2026-10-10 09:35:14,day,politics,26,0xb5d19b53c973be1097119c9ddc48fcb18fff6e35,1986.282626280569,3644.9342269999997,lastminwin
2026-10-10 09:35:14,day,politics,27,0x8b5a7da2fdf239b51b9c68a2a1a35bb156d200f2,1955.1985754370107,0.0,Joe-Biden
2026-10-10 09:35:14,day,politics,28,0x5d189e816b4149be00977c1a3c8840374aec4972,1838.4524285225052,0.0,gloriafoster
2026-10-10 09:35:14,day,politics,29,0x2d4bf8f846bf68f43b9157bf30810d334ac6ca7a,1821.2478261230135,0.0,Gohst
2026-10-10 09:35:14,day,politics,30,0x5f145575cb31aa906195799b371b476137f0c52a,1816.5799007560054,1091.6,d5BDa0A44B659581
2026-10-10 09:35:14,day,politics,31,0x2c3928af89565c352afe8e2a1b25deed77a056dc,1797.009323276994,46160.777447,Dragontree
2026-10-10 09:35:14,day,politics,32,0xecb14ac6e9ca447ce2f2912e6217b43d7b655da3,1763.1516067500024,7670.895791,SaylorMoon
2026-10-10 09:35:14,day,politics,33,0xdcab8a601b6898a79083c77298a1378b45736289,1662.4465499999997,684.49,X108X
2026-10-10 09:35:14,day,politics,34,0xf1f9a438f2697381b4ac8eb283d6f4dd772d1245,1554.2637000839895,60.0,tunatyler
2026-10-10 09:35:14,day,politics,35,0xac4a1fabdac2438d6afa2a9e8e83845310a0bf1e,1525.1986114339652,19098.387778,HerrieDavis
2026-10-10 09:35:14,day,politics,36,0x0d7d68d1f738088da381c734d14a62963a727d74,1442.0893969905,51981.979999999996,kSj39SJLtj8
2026-10-10 09:35:14,day,politics,37,0x6d9fc316c3b8377060a44b852ba664adbfd59790,1429.678702122961,53.943957,MEPP
2026-10-10 09:35:14,day,politics,38,0x55f35253852930ef05a1a3f8dcd0007f6b0acada,1391.7911385205007,0.0,Yirmeyahu
2026-10-10 09:35:14,day,politics,39,0x199df422f3460e56931a6af1643a0bb97a9a6e7b,1358.6280346649946,0.0,Babymunk
2026-10-10 09:35:14,day,politics,40,0x251682c72ac33c4519d6b108532f6834e7a0d95f,1353.9992662099994,0.0,9797979797997
2026-10-10 09:35:14,day,politics,41,0x3a59aa19f55d3b362421a48a2f7d28e8c8e20242,1352.1223558000002,0.0,Johnlocke33
2026-10-10 09:35:14,day,politics,42,0x9e3ed7b661a903fc97afcf49e0f014ebe869f882,1293.701148671028,7639.694188,0x9e3ed7b661a903fc97afcf49e0f014ebe869f882-1783406009396
2026-10-10 09:35:14,day,politics,43,0x4c8cdcdd4c92bf44e74a642254f7414de14de36f,1285.7958519319982,0.0,defillama7
2026-10-10 09:35:14,day,politics,44,0x62cf46cd4c3af254dccfc37a7f93de265b4b5826,1233.2614455045084,1499.985633,eCash
2026-10-10 09:35:14,day,politics,45,0x64c8ec47e1f5a367f234a74f8176d805e87173ce,1221.8462273899931,0.0,0xfcb034ffesa540c81ad37321212f6e0c762feac8
2026-10-10 09:35:14,day,politics,46,0xad5353afe30c2da57709e2704ef3ccdcf67eef24,1093.2539366061355,89695.799938,AJSV
2026-10-10 09:35:14,day,politics,47,0x69e7ad68b5f11e97927e4bd938baf7dfb60bd3b0,1091.2266517219978,0.0,InsiderrrZ
2026-10-10 09:35:14,day,politics,48,0x267e95cf3cdfc3aa1d8a8e2795b43c4b45fcb526,1082.7320543700007,0.0,hideki.hirata
2026-10-10 09:35:14,day,politics,49,0x79c7c7131321d66d24d31b6982b46f6f2ca278a6,1070.0221000000001,0.0,john-difool
2026-10-10 09:35:14,day,politics,50,0x88e2b1b6c7847828fc91af43aba2fee07fb07489,1034.1067048904551,10694.7,pakukudolphi
2026-10-10 09:35:14,day,politics,51,0xc682d7943aad07c246986a7aa2989cfcb17817bb,1020.9890915180201,8911.18,zthunderfury
2026-10-10 09:35:14,day,politics,52,0xf0f86cdb6872730ca12c84ff8b014a539b8c325f,1004.9510031829923,0.0,V1nch0u
2026-10-10 09:35:14,day,politics,53,0xa17325d33b095b6bb48d475a3578fecbdff73315,979.7127377555014,1615.642249,Risto
2026-10-10 09:35:14,day,politics,54,0x3151713abbfcdfdff6d5101f5e525f90b9e74393,977.676425357,0.0,nycfan
2026-10-10 09:35:14,day,politics,55,0x2d99e29c4f066ba32098c65e4c7454b277d94ca3,975.8748208611264,602.52,scout
2026-10-10 09:35:14,day,politics,56,0xb0e74df9430a089aa102e2207af5fde1967439d2,966.4486339770258,0.0,0xb0e74DF9430A089Aa102e2207Af5fde1967439D2-1789545517033
2026-10-10 09:35:14,day,politics,57,0xdf17f4a8dd01a4cfa6fc3da323a2baee5f8697d1,959.7488175719509,2227.0,ED99999
2026-10-10 09:35:14,day,politics,58,0x90264311ebebc6d447a885c560787af108cad7e4,924.9001297904997,0.0,caspersmc
2026-10-10 09:35:14,day,politics,59,0xff1e352d5310eab17d1e9fd7e00ec33f16c05e2d,888.4054856040457,0.0,0xff1e352d5310eab17d1e9fd7e00ec33f16c05e2
2026-10-10 09:35:14,day,politics,60,0xd46be610a32e5c6ee094977e3caf9ab89c525dab,879.8650478035051,0.0,Saltyballs
2026-10-10 09:35:14,day,politics,61,0xa26fcc86975e3509145345c4c90a72a5095d91e4,873.2483644500007,0.0,Lula20262026
2026-10-10 09:35:14,day,politics,62,0xc3d5032e16eaa4e50b9f142a6906a3d41614ff2d,867.0578263800016,0.0,bolorini99
2026-10-10 09:35:14,day,politics,63,0xaab9f5e600a5dd88fe3a6f93313b180f6220a08d,859.7394159074892,4865.31,DirkDiggler67
2026-10-10 09:35:14,day,politics,64,0xaeceba452d8e20480ee06c6c53e8d281cbd987f3,857.1504732599988,0.0,HugolinoXavier
2026-10-10 09:35:14,day,politics,65,0x527b46e252981a9269d34dac7c5268053929eb08,843.8579496334987,0.0,Crypto4thewin
2026-10-10 09:35:14,day,politics,66,0xb2c176d18e8582a16e9219856fd29f5d0f384cf3,834.433003865,0.0,0xb2C176d18e8582A16e9219856FD29F5d0f384cF3-1778748627296
2026-10-10 09:35:14,day,politics,67,0x69672d76dd8512c0bc961c7b3c41fe173d7184bf,816.1159535975003,0.0,Fafa13
2026-10-10 09:35:14,day,politics,68,0x7bc14171ccb0d3e6bac219ec6a76211826e28db4,815.3362481399963,0.0,coali10
2026-10-10 09:35:14,day,politics,69,0x53757615de1c42b83f893b79d4241a009dc2aeea,810.1382028724984,0.0,0x53757615de1c42b83f893b79d4241a009dc2aeea
2026-10-10 09:35:14,day,politics,70,0x661daf6af6d884012dd6db73c09d72e8be224dc6,787.2903020600024,0.0,DOLLAR-PRINTER
2026-10-10 09:35:14,day,politics,71,0x4b76d316948ca295dae70e25594b767fca8721b3,786.7365,4768.1,blursah
2026-10-10 09:35:14,day,politics,72,0x9aeb534c42b58b21673d5e03e9da14fbd15b2729,784.1910380699992,0.0,The-Joker
2026-10-10 09:35:14,day,politics,73,0xef9b5d5e51eb4987240ed77422352d10604ed5ed,768.7256371399926,0.0,Chelseaone
2026-10-10 09:35:14,day,politics,74,0x77266604e63f5caf08d19caebae0c563ce064aee,761.4662356645022,0.0,0x77266604E63f5cAF08D19CaEBae0C563ce064aE
2026-10-10 09:35:14,day,politics,75,0xd7f2594d3c66ce728cbbab0285a08089884cd2e0,758.1747072710004,0.0,jpceia
2026-10-10 09:35:14,day,politics,76,0x8b384fc783ece86e0a3e7a095991df3f01cb2875,756.0593754600001,4503.926,peritaloco6
2026-10-10 09:35:14,day,politics,77,0x49e94011df9060dcc367995892faeb193e348f85,734.8575500000006,0.0,MoonLambo1205
2026-10-10 09:35:14,day,politics,78,0x38e59b36aae31b164200d0cad7c3fe5e0ee795e7,729.2290006534895,0.0,cowcat
2026-10-10 09:35:14,day,politics,79,0x2200b75c27835935a40308779b5656c09ab40f2d,722.6010346860003,0.0,Humble-Monk
2026-10-10 09:35:14,day,politics,80,0x39a5f94e851642404751cc5310edaa180eac87f2,722.4609203875107,2215.7,sweetj
2026-10-10 09:35:14,day,politics,81,0xad3c38237bf611908a48415f875fc936ed36410b,721.8032925800007,0.0,Ronilson10052112
2026-10-10 09:35:14,day,politics,82,0x6575759174ad221bba9947bc3f18750ec769b198,708.3487402130268,0.0,dromedaryy
2026-10-10 09:35:14,day,politics,83,0x328dc4b82869856f3e1a1eae904e67957641f7a9,707.4112746190222,0.0,apmt
2026-10-10 09:35:14,day,politics,84,0xe154165732b79548f7533fc45168b102dd7a0b7f,704.5603665479832,3540.4907000000003,Nadmi
2026-10-10 09:35:14,day,politics,85,0x8575467a6743c81ef0a8d06acc76e99b454a87fe,698.750278503001,0.0,products
2026-10-10 09:35:14,day,politics,86,0x30b6fe3508ac9c2ec69c7967452a26cea97f0bb7,685.4675829340013,0.0,sassy31535
2026-10-10 09:35:14,day,politics,87,0xbad26fe5458e6219cec3e40272760e275e835296,682.0493472439703,0.0,cocococococo
2026-10-10 09:35:14,day,politics,88,0xe8d78397160e13edc306a63b1d88c9c1f3dd1252,680.9385407139962,0.0,coinlaundry
2026-10-10 09:35:14,day,politics,89,0x9c2617462567859fcf5764e03b9a687ebca274bc,662.0127566885203,45000.0,Tigerofthehood
2026-10-10 09:35:14,day,politics,90,0x49924df491e5cb00193c1f32324dd59eadaf00c8,659.8952739349988,0.0,tNUb7u2zW8RRR32NqzjKv8Hws
2026-10-10 09:35:14,day,politics,91,0x9f42f0b7a1635d81779c4ebc3f4057a4063de44e,652.8789220675008,0.0,Yolotrading
2026-10-10 09:35:14,day,politics,92,0x6bab66c4bb24c96ed14dcca0f0979b38a6830fe5,649.0845950665276,993.551334,0x6bAB66c4BB24c96Ed14dccA0f0979B38a6830FE5-1760703674960
2026-10-10 09:35:14,day,politics,93,0x944e0472b99926f4f712fc97dc0a846a8c5d8c94,646.6294866200042,1000.0,mountaindewd
2026-10-10 09:35:14,day,politics,94,0x12d6cccfc7470a3f4bafc53599a4779cbf2cf2a8,642.9935858664903,28007.773529,classified
2026-10-10 09:35:14,day,politics,95,0xbf961d0c79db0bf55050cadc0995835f09c09942,642.4360779540052,2936.3101100000003,browne
2026-10-10 09:35:14,day,politics,96,0xb886580698ede4b18de3e446b2d8da8bcedd81b3,633.0774310045059,99.97,0xB886580698eDE4b18DE3E446b2D8Da8bCEdd81B3-1767532547794
2026-10-10 09:35:14,day,politics,97,0x894df6e8ad9f01be25ea47e5733dde6dabfc04e2,624.6170218370244,0.0,GOLADS96
2026-10-10 09:35:14,day,politics,98,0xd8d5289c35124b5353f5a10a28b8cc29aec38935,621.9194699860409,2182.5884910000004,D8D5289c35124b5353f5A10A28B8cC29aEC38935
2026-10-10 09:35:14,day,politics,99,0x8afa03dd6974e44d00c4d14dcccb00c0ddf6adb6,621.2117954771556,25759.021593999998,stupid22
2026-10-10 09:35:14,day,politics,100,0xc3c3b3ef304ddbea39fa2246e683a71da5d0eec8,611.1047786259951,0.0,comon119
2026-10-10 09:35:14,day,sports,1,0x1f3a646ce5cbe2c70270e7a46161d89b7c7b895d,279381.5620189799,1053778.580689,mooseborzoii
2026-10-10 09:35:14,day,sports,2,0x5268527977f700f9bf9b6d5cd843859e4e70135d,159831.4698930054,781846.7075310005,HomeRunHazard
2026-10-10 09:35:14,day,sports,3,0x3dfb153c197d4c19d3b31c1ecd2c7b6860eeabaf,136643.77299598313,322295.46891100006,0x3DFb153c197D4C19D3B31c1ecD2c7B6860eeabAf-1722957908185
2026-10-10 09:35:14,day,sports,4,0x291de54f32a3ee495ff0c624fa9bfeca23451f97,114869.04993456,102177.78,viboomchuu
2026-10-10 09:35:14,day,sports,5,0x2c335066fe58fe9237c3d3dc7b275c2a034a0563,68946.12567181504,1634140.1348620001,0x2c335066FE58fe9237c3d3Dc7b275C2a034a0563-1759935795465
2026-10-10 09:35:14,day,sports,6,0x95c6c9a6727ed203e97230dda61ab19a020e1508,54142.18659900005,139860.925646,DelidelaDele
2026-10-10 09:35:14,day,sports,7,0xd38b71f3e8ed1af71983e5c309eac3dfa9b35029,43903.25662796997,218603.317338,primm
2026-10-10 09:35:14,day,sports,8,0x8a8685a792c184e5c2ee8c7d4d4baba7c2c94998,34810.70154266499,17545.09,BrotherObama
2026-10-10 09:35:14,day,sports,9,0x2e2609682b85c6c1afd7cc74136058a47f29d96f,34538.65390999999,128177.182609,ohcanada123
2026-10-10 09:35:14,day,sports,10,0x54ce7dd357766fc3255645e55ef41edd51cc9f80,31902.20992796005,178746.323734,mde4life1986
2026-10-10 09:35:14,day,sports,11,0xaa075924e1dc7cff3b9fab67401126338c4d2125,30389.325101540002,49130.282284,rustin
2026-10-10 09:35:14,day,sports,12,0xe4a57385a34b0b32fd86be72efd25cda41003cad,29851.4379186,26162.938769000004,chubbytoro
2026-10-10 09:35:14,day,sports,13,0xa38a455bbdd4b68486548b7e19da99903f4f821d,27419.906414218534,144221.73619799997,takeormake
2026-10-10 09:35:14,day,sports,14,0x1d1ade627d0bb0205758580b20d808573e720df6,26037.103506930005,30.0,Pwaddler
2026-10-10 09:35:14,day,sports,15,0x492442eab586f242b53bda933fd5de859c8a3782,26034.488049999996,20824.09,0x492442EaB586F242B53bDa933fD5dE859c8A3782-1766317541188
2026-10-10 09:35:14,day,sports,16,0xb52e8b3afd9f0f0d502a5a76494b42816d67285c,25639.114866943994,162202.121162,1l2ihj34li12u34
2026-10-10 09:35:14,day,sports,17,0xb8ef617fd5d960e61e56c50d2971697300b32864,24152.257471477504,203219.45382800006,no1dodgersfan
2026-10-10 09:35:14,day,sports,18,0x7e3a1f95c558f39a51ff334d789e3e039b553246,22710.68835017,18597.45,KaneAnalytics
2026-10-10 09:35:14,day,sports,19,0xa2e3515dc3fbba389ca3bcd9d0a17677ab57fbb2,22522.992400000003,42825.977404,Kelvin789
2026-10-10 09:35:14,day,sports,20,0xa2cced8bfae7d645f7f437fb76becf2fcbb70cbc,21056.179428534997,0.0,justwins
2026-10-10 09:35:14,day,sports,21,0xb4f978be63cdf75554b0b46a4262a6db597cc9a7,17215.71822178001,88047.785901,0xb4F978BE63cDF75554b0B46a4262a6dB597cc9A7-1779258330186
2026-10-10 09:35:14,day,sports,22,0xd6966eb1ae7b52320ba7ab1016680198c9e08a49,17007.493294999993,654.84,Painfulvoid
2026-10-10 09:35:14,day,sports,23,0xbca08c1bc204a34f2fddbe47b438b9bd42ac9705,15714.516498794992,139144.63863500004,justaluckydude
2026-10-10 09:35:14,day,sports,24,0x21f333307ac6d2e65ac82f014b3dd2b64cbc35e3,15690.003654922995,9695.164218,hi774c
2026-10-10 09:35:14,day,sports,25,0xf6dd2e6947283b30a19a106401dadad2bc9bac58,15519.13477954,456383.80342599994,Katalunygeaxvhj
2026-10-10 09:35:14,day,sports,26,0x1e386b0e0f1fc58c67ce738d7bbc4ba7ec74fd47,15152.387652000001,147961.304689,beeemw
2026-10-10 09:35:14,day,sports,27,0x676c1bb692c76b57b06f1b93817515acfa5ce139,14847.39492812,3207.695,ThorinCSGO
2026-10-10 09:35:14,day,sports,28,0x3cf6af76c4869d2ace41fe5263cd8057c5ec0cbd,12922.525863395002,67501.435961,chizidahu
2026-10-10 09:35:14,day,sports,29,0x125a399cc5cb7cf7cbe8f010a05f0ed673374f02,12895.078121220002,29552.762728,heyboy800
2026-10-10 09:35:14,day,sports,30,0x13ff290849c6fef06efde63dfe643e62767716a3,12062.8766,0.0,Canesclean
2026-10-10 09:35:14,day,sports,31,0x3f3aa7005f8006bfcc367d43a25cde25509fe8fd,11234.806620985002,38238.5331,us391
2026-10-10 09:35:14,day,sports,32,0xcf6c5492124794394dd9eac46498a8babbe47e66,10697.939347825002,33617.962529,one8tyfive
2026-10-10 09:35:14,day,sports,33,0x2005d16a84ceefa912d4e380cd32e7ff827875ea,10662.26559771986,1030241.3902490003,RN1
2026-10-10 09:35:14,day,sports,34,0xe98c6194374418b1d1b27321f025bd64ac2c8792,9575.474875330001,9816.194217,0xe98c6194374418b1d1b27321f025bd64ac2c8792
2026-10-10 09:35:14,day,sports,35,0xc29198ad764bd6adaf7bb971a3757a689ece5d74,9324.785249100487,206159.329788,SnakeBall
2026-10-10 09:35:14,day,sports,36,0x28ea3ec52d81664470663c8b17b84046a1e41fbe,9317.66198687,4799.99,ChampGamp
2026-10-10 09:35:14,day,sports,37,0x224f7ef690d952cf551a471846d5afb4892e514a,9070.65494755002,20463.185389,WeBuyHighWeSelllow
2026-10-10 09:35:14,day,sports,38,0x2117ae94a97d69b78cbc81b6680a62deb1955c26,8726.816338757018,8300.995556,Zzzz87
2026-10-10 09:35:14,day,sports,39,0xe18ecc345e00ee7c4f2d1f676f3dd2acb112f826,8625.550448339989,26000.0,ArielFilipino
2026-10-10 09:35:14,day,sports,40,0xdd5ef115f801999575b03d78d0115ad8b2d59040,8473.496016550002,20860.418647000002,Forecastication2
2026-10-10 09:35:14,day,sports,41,0xe8c4d68aff65b38cac46987b9b65e01eb47d395d,8185.7252665149945,25323.736507999998,JAMJAMJAM4
2026-10-10 09:35:14,day,sports,42,0xf3a6ac44c5c90ff2b4afa4459f71acc2e57971bd,8166.048999999997,4467.355103,scootergene
2026-10-10 09:35:14,day,sports,43,0x878d54931d8dd4e9ec25611e37ef82b7ae1385a5,8124.993749265001,24999.980773,WanderingWombat
2026-10-10 09:35:14,day,sports,44,0x7c1b3a6db8a1d57de8ee5d7bca620dc0623185c8,7811.951883999984,85143.01468499999,cm2897
2026-10-10 09:35:14,day,sports,45,0x0c84d454825e9f42619497f6158b4753cd43a8ed,6853.1856,13589.97,ff3364
2026-10-10 09:35:14,day,sports,46,0x3e04fbc51adb75418129f6ce2091ae633070564d,6832.401044179995,12747.815217,roldy
2026-10-10 09:35:14,day,sports,47,0xe6bff499390d0988f81967d095925b44aad38380,6734.0,14600.0,CHACHA125655
2026-10-10 09:35:14,day,sports,48,0x072fc0e9ccdecbe811c0887f0536ecdbf433ffdd,6548.304745995,22689.643202,MODDI
2026-10-10 09:35:14,day,sports,49,0x9703676286b93c2eca71ca96e8757104519a69c2,6273.191986177516,129824.63387000002,AnonymousUsername
2026-10-10 09:35:14,day,sports,50,0xe53b7c865a0c36e6ee8ff6b73749c61ff85da526,6107.2161,16671.739999999998,geraldo777
2026-10-10 09:35:14,day,sports,51,0x32b484581fc5606de9c1e43af4636b6be9bc8b21,6013.214044119966,264587.772494,0x32b484581fc5606dE9C1e43AF4636b6Be9BC8B21-1774274303653
2026-10-10 09:35:14,day,sports,52,0xe558bb7b02ea489d772bd34f14cc845e391fdcd2,5962.87745,138196.63,User1244322
2026-10-10 09:35:14,day,sports,53,0x2d6ac4f70307102ac46e9e6ded67f3838ddf8add,5927.667753212565,128266.00378500002,GC-P
2026-10-10 09:35:14,day,sports,54,0x032eb1bc893940263ad0b01889f262fc232f2a9e,5869.182984652025,34437.67,purplegatto
2026-10-10 09:35:14,day,sports,55,0xdf6159d094a6597079ea72a26bc75c5b5ecfcdd9,5818.925180364999,43782.106277,Kkak97
2026-10-10 09:35:14,day,sports,56,0x74f1b8944c7b10f7239e3dda0de6b8ee42e816a8,5588.9795973370165,5755.168247999998,probability
2026-10-10 09:35:14,day,sports,57,0x99f0d31fdced5b3a0e5ee2867730a6644a6c9495,5386.967224710488,186768.93755900007,0x99F0d31fdced5B3A0e5Ee2867730A6644a6C9495-1779037126382
2026-10-10 09:35:14,day,sports,58,0x4600e523a1db0384052d8b94fa0ec19a9a576da4,5308.8934639,19078.907565,roginarun
2026-10-10 09:35:14,day,sports,59,0x0c154c190e293b7e5f8d453b5f690c4dc9599a45,5194.35,0.0,0x0c154c190E293B7e5F8D453b5F690C4dC9599A45-1775083003603
2026-10-10 09:35:14,day,sports,60,0x365f951dc281322d83f6fcda884c7f66a938706a,5186.590536601001,196425.293781,efntrick
2026-10-10 09:35:14,day,sports,61,0xd123211134d5dffbaaad1effd054f4b8a686d341,5166.7101999999995,14657.340002,nuuki
2026-10-10 09:35:14,day,sports,62,0x63792b1833fb76595e65dd0b91cbd8dea8a8c035,5139.81592371,31815.199731,0x63792b1833fB76595e65Dd0b91CBd8dea8a8c035-1791439997825
2026-10-10 09:35:14,day,sports,63,0x1f624696c102b99bea92c75a502fa7e4a6d676f6,5099.681098630519,136314.565865,emacron
2026-10-10 09:35:14,day,sports,64,0xda5fff24aa9d889d6366da205029c73093102e9b,5016.642546000001,18445.879338,Kangta6365
2026-10-10 09:35:14,day,sports,65,0xaa7789219c17e180dcb5933099c90d885f1d15a5,4811.54002174,26900.7661,alaskabaked
2026-10-10 09:35:14,day,sports,66,0x457f2814dac53a0a9951b5c2ea5a9db20896aa1a,4750.0,0.0,Greedo
2026-10-10 09:35:14,day,sports,67,0xe390b3f7cdbd7d9821c080bbe460a2814770e80f,4749.999999999998,0.0,AppleTiime
2026-10-10 09:35:14,day,sports,68,0x2759769cd371bee44ec5bfc5e72c7f1f092b2b38,4748.710406539998,0.0,SharkbetX-com
2026-10-10 09:35:14,day,sports,69,0xe5f0ae9cc9aef77ae3c2a64c9e69caa3f335dc1d,4733.894148054999,514.991667,0xE5F0AE9cc9aeF77ae3c2A64c9E69caa3F335dc1d-1773531520731
2026-10-10 09:35:14,day,sports,70,0xe8d78397160e13edc306a63b1d88c9c1f3dd1252,4659.7046900000005,39316.16,coinlaundry
2026-10-10 09:35:14,day,sports,71,0xa52b785a5510117ac3ae03d75d029f89a36c9480,4529.961380000004,95788.19,Hashbrown
2026-10-10 09:35:14,day,sports,72,0x796fc6fda8f8e03c03e2a2d012155989960300f6,4494.986938904995,137260.566345,6512395314597884
2026-10-10 09:35:14,day,sports,73,0xc0a5ecceff48cd8f313cd658cdb609e8b5231f5f,4450.636840652001,61690.417555,Illiasca
2026-10-10 09:35:14,day,sports,74,0x8efa1ea8ee2d456a051ae2985079a1e3c9aa894c,4301.280642195,788.444564,0x8efa1ea8ee2d456a051ae2985079a1e3c9aa894c
2026-10-10 09:35:14,day,sports,75,0x50d07d6744afc48905e7c947e91d7f4bec54a6fc,4266.47364873,6375.044602,TheMathGod
2026-10-10 09:35:14,day,sports,76,0xcf7379b4b891c06d88807f6f70efa75378120215,4138.765487763005,100879.37423599999,NM-P
2026-10-10 09:35:14,day,sports,77,0x91feec8af2b517f024d91564ee108d707cc0c1c6,4128.894529790001,18808.018278,NordhavenCap
2026-10-10 09:35:14,day,sports,78,0x02fecaaec1a8c78840142b0bac4ae991663fc5a5,4085.0753038599996,35232.24772299999,XDownloadtrump
2026-10-10 09:35:14,day,sports,79,0xf60235416bfa6c67ecd9b1a526c8ce0bfef27e1d,4059.994969475,8000.0,aa775885
2026-10-10 09:35:14,day,sports,80,0x88221d96d824249b1286b425c54a0fe50db8ecfb,3958.1142978300004,0.0,jujutsukaisen9
2026-10-10 09:35:14,day,sports,81,0xe07744c53c273de2acfd485a5212553bced6f5ee,3931.819944195,25946.818181000002,BIess
2026-10-10 09:35:14,day,sports,82,0x5102078b37376025b1529516409c56f7a5ff7b08,3872.712499999999,16053.150000000001,bigfatchud5555
2026-10-10 09:35:14,day,sports,83,0x51ce4780f5a17e67f3394ea1f78888e5ec8b43fa,3756.5519800175002,44229.69573100001,Song7777
2026-10-10 09:35:14,day,sports,84,0x8718865882e085b764825b637788043c16185040,3712.2992661470053,31503.423088000003,hurrican
2026-10-10 09:35:14,day,sports,85,0xa697d0b3fff7d285a0f92d6ee03a7f97809e59d5,3653.1126966449965,33295.36711599998,0xa697d0b3FFf7D285a0F92d6Ee03a7f97809E59d5-1774326306031
2026-10-10 09:35:14,day,sports,86,0x416443906bf0c8e7cd94a2da4457c45ab579b2bb,3652.765268575,3086.73077,VigorishVault
2026-10-10 09:35:14,day,sports,87,0x33c96d86e23e971777e9a0b59f4e21cc9e546f9a,3568.7426727800002,6238.505077,k56
2026-10-10 09:35:14,day,sports,88,0x200c889bd5b4a0af96461a866f32672cdff7a466,3464.618775815,6927.593221,0x200c889bd5b4a0af96461a866f32672cdff7a466
2026-10-10 09:35:14,day,sports,89,0xeaac36f714563e13d88db7a4f0a0898388f2d71d,3440.2140469200067,26318.634395,GamblingAddict12345
2026-10-10 09:35:14,day,sports,90,0x5c035da7d3df55a0458706830c542eda097a31bb,3432.9336418000016,13808.55336,Novelty8
2026-10-10 09:35:14,day,sports,91,0x746e936f43ff75bf508cf8375b7a8e2515ef68ca,3386.3674224549995,6274.424615,tomb2456
2026-10-10 09:35:14,day,sports,92,0x689f7d0a49d2646dc199848ffbdb4757242e259c,3385.0199477350034,11569.65,6figurengga
2026-10-10 09:35:14,day,sports,93,0x698bbfabc657d1e08b608b8ce0a58ed808b74426,3360.0699999999997,14.0,pleasent242
2026-10-10 09:35:14,day,sports,94,0x33b1c0084ae16ad74e1647db22740e6d3910b1ec,3281.410473069999,8800.726127,84888
2026-10-10 09:35:14,day,sports,95,0xbad26fe5458e6219cec3e40272760e275e835296,3271.9822785349934,18014.422726999997,cocococococo
2026-10-10 09:35:14,day,sports,96,0xa0f21e6d351baa9185716b5c00c2925ed9621848,3269.6459645789646,17331.126113000002,0xa0f21e6d351baa9185716b5c00c2925ed9621848
2026-10-10 09:35:14,day,sports,97,0xa292a79b8fdd822d0aa225ad2bfb60cb625a7025,3231.0475559700003,5339.247169,TheodoreDoesntPlay
2026-10-10 09:35:14,day,sports,98,0x19ae9efef67c685a8581d631d99267b1ff10395c,3229.9462999499997,16962.183045,MaoZeDonK
2026-10-10 09:35:14,day,sports,99,0x09bed1976600971fd9f9db454a9c302c7a559c32,3069.2005019894987,68059.626485,Momo63
2026-10-10 09:35:14,day,sports,100,0x1b9ccfe8ee4597f6a7d8ed86761390cc43a2b67d,3059.986810375,6000.0,np9999
2026-10-10 09:35:14,day,crypto,1,0xb7d8ffa9b72693a690d4abb8f3093bcdface1330,29943.810395000008,59880.43471799994,ghggg444
2026-10-10 09:35:14,day,crypto,2,0xc9be981991a07cd7db505f3e52501877deaf0053,16230.316139120005,40932.105059999994,dsgdssd
2026-10-10 09:35:14,day,crypto,3,0x1465b79bff7992bc703e1aafb3683b1089647072,13068.796510918997,0.0,JnStrtPrdctnMrkts
2026-10-10 09:35:14,day,crypto,4,0xd3d3467ff83c943e9fa5a26a4ffd01f979bf81dc,11264.92854721999,61768.222562999996,masterofcs
2026-10-10 09:35:14,day,crypto,5,0xf2e27fbcca2b4c371b45757675984ddf06bff84a,8016.1149159999995,32149.227002,orchid6315
2026-10-10 09:35:14,day,crypto,6,0x06dc51826bc524d9a83770e7de9dd7e005b04524,7567.381195694979,99061.58230600001,0x06dc51826bc524d9a83770e7de9dd7e005b0452
2026-10-10 09:35:14,day,crypto,7,0x37ab7d3b5338a300a832590eae25867ae7123ce4,7193.022900000002,18792.949999999997,65fhfhfa
2026-10-10 09:35:14,day,crypto,8,0xbf8c7cdb9f11ead4844945246aa1e6d99bb53014,7041.255439999999,16342.095325999999,dlfgjdlkfgjk3e
2026-10-10 09:35:14,day,crypto,9,0x9783f45ce35f794be38ca47dd0816a5c241383b9,6274.973221999994,14966.749874999996,0x9783F45CE35F794BE38cA47dD0816A5C241383B9-1766113722324
2026-10-10 09:35:14,day,crypto,10,0x10d57bd3327bcdf43bf0656e717aa56f9dbd5388,4948.218824350002,30161.604946000003,maxmaxi04
2026-10-10 09:35:14,day,crypto,11,0xc38904e5da4c2e962e2a3c72511bfdddaa42d228,4836.854818,41039.939179,rooli1
2026-10-10 09:35:14,day,crypto,12,0x3d1ce8bb9bfadfcc71baf3f6b602b4903c70e45c,4468.137221290497,0.0,0xDCCrane
2026-10-10 09:35:14,day,crypto,13,0xc87836bef73740dd2206c05628e9572f59faa529,4046.3356599999997,16911.909822999998,0xC87836BEf73740Dd2206c05628E59faA529
2026-10-10 09:35:14,day,crypto,14,0x9e1527ae7409603058c47f3bd98be98246b17400,3984.3957950000004,7999.946662000002,rere2zzs
2026-10-10 09:35:14,day,crypto,15,0x41e2e1ccf1e4940029af02259a31c6b89b9fa354,3706.0849904994884,309109.6659520001,norm1e69
2026-10-10 09:35:14,day,crypto,16,0x7556ab393295b225b4b0abeed7328428a0a50f44,3701.538159999999,23362.945475999997,pol1gl1tch
2026-10-10 09:35:14,day,crypto,17,0x368a83f2686acc0db0681e010f410ce323e53057,3386.247951000002,97627.81678500003,0x368a83f2686aCc0Db0681e010F410CE323E53057-1775268040437
2026-10-10 09:35:14,day,crypto,18,0x6094e34888bc7682fd73e4f9aea4e0b350323bd9,3346.152355142499,67634.43204500001,PredictGod
2026-10-10 09:35:14,day,crypto,19,0xb945945d5bcaf7b56834d4da8cdf8f8f94b2db68,3280.9469321770034,113469.53028900002,l5Zn1bWoM8eTsK
2026-10-10 09:35:14,day,crypto,20,0x652318ac3ed44be3c6ce44e97fcfbd656ca8dd10,3245.734820925001,16280.426803999999,purplepenguins
2026-10-10 09:35:14,day,crypto,21,0x4e973f1862e71f09edff5f7291d1e27107a7df19,2937.8509595,16279.238415,254gjyurtf
2026-10-10 09:35:14,day,crypto,22,0xb6fef4c2c436ab8bbf07d017952e851dcf717394,2886.959783109973,33376.221751000005,0xb6fef4c2c436ab8bbf07d017952e851dcf717394
2026-10-10 09:35:14,day,crypto,23,0xcfddfb6e1b321fcfdcb6f9aa09b11990142ce5da,2716.8763069085026,111585.23351499999,trdyugiolkw
2026-10-10 09:35:14,day,crypto,24,0x2ed94d1a460379292d2e3b46f2cf7d94b033f271,2662.4727657909993,64326.354587,Hsilverbasher
2026-10-10 09:35:14,day,crypto,25,0xe9076a87c5ed90ef16e6fe6529c943baeca0cff6,2601.4936930079934,49062.308335000016,suntori
2026-10-10 09:35:14,day,crypto,26,0x48ac40fc545cf327edd5365435c3a9f385614a7e,2595.7104738370035,23864.390670000004,BoneOhio
2026-10-10 09:35:14,day,crypto,27,0x3048d65321be3497164cdfc2996f94f98a2e7537,2585.9665119999963,115509.417648,x-MoneyForWhiskas
2026-10-10 09:35:14,day,crypto,28,0x859903990489d464272266b031c8d0f441d41b11,2575.402766,7605.291175,dodepxxf2
2026-10-10 09:35:14,day,crypto,29,0x344f3b43711f48770930ce731d934df3b2999dec,2565.85815,33599.979999999996,randomuseris123
2026-10-10 09:35:14,day,crypto,30,0x5ed7d1261792e85eae710e443f5e92481f4c98b7,2525.7549,4200.0,hhfghdfh
2026-10-10 09:35:14,day,crypto,31,0x037b8d4a5ce2717fd35c0434c9932b82c3219182,2406.9634972100093,17389.464547999996,asabovesobelow2
2026-10-10 09:35:14,day,crypto,32,0x0916088dd6971907293da74372f4668df835ee21,2399.397232834499,6515.114689999997,dfvvc4e4g
2026-10-10 09:35:14,day,crypto,33,0xb55fa1296e6ec55d0ce53d93b9237389f11764d4,2362.477274049009,85073.13138299999,0xb55fa1296E6ec55D0cE53d93B9237389f11764d4-1777575277609
2026-10-10 09:35:14,day,crypto,34,0x29de3c62b7b49a2d2a062f93b6e659980a4bd9e6,2260.6080489999986,9300.335281,0x8e41faaaaea1b6eae4546eca7713066dc05
2026-10-10 09:35:14,day,crypto,35,0x2f28c1d2d8c0aee287e9c05a0603274ff533ba03,2148.737528198002,5972.48,alphaalii
2026-10-10 09:35:14,day,crypto,36,0x2d2d2b32e5199edf833594a99b9c54e5668ab69d,2038.795986707501,18106.537489,berlinskies
2026-10-10 09:35:14,day,crypto,37,0xf3d49381f0aabc2edd1346d1a8f3dce755844b4f,1987.9798836299983,21200.909591,ispy
2026-10-10 09:35:14,day,crypto,38,0x2f411fd5c9b2e99623ff62db20f5e075dafe1494,1925.2227874999992,9779.475469,eft126
2026-10-10 09:35:14,day,crypto,39,0xee65685de42f8de9a03b4c53ee77d56a20d2cfc9,1900.5205695400048,75776.86701200006,0x50f7
2026-10-10 09:35:14,day,crypto,40,0x9a18f7d7ec2843f31fc7ee085ba99654e8a6badc,1858.6253499999998,8839.799306,3999
2026-10-10 09:35:14,day,crypto,41,0xc58e8d8a2479c5bea8d34b97cb0efbe0fa73c6b6,1817.588329910001,10307.977213999999,0xef9a0ef24gdf3546gheux246dd5gh
2026-10-10 09:35:14,day,crypto,42,0x5c6ec9d90a5bde7a09dd1fad6a33ab9d7f024d5b,1810.563256000004,11191.343496999998,maanulika
2026-10-10 09:35:14,day,crypto,43,0xc7d416352ae42e70e8ada176c76dc71c6a1ccf31,1573.3459440000001,2144.734831,dasjkdas
2026-10-10 09:35:14,day,crypto,44,0x3725d52f3c252e8374999cc8617292ea2608ad88,1562.1324783284986,62758.54935900002,almach
2026-10-10 09:35:14,day,crypto,45,0xd27cc742d023d06ef633a4c880cf1ff1836ec081,1560.0,8000.0,madkkee
2026-10-10 09:35:14,day,crypto,46,0x01e86bfe80426f25579b0f647b8563c51295e002,1512.8808304800002,32530.229687000006,tlfd4
2026-10-10 09:35:14,day,crypto,47,0xeda9247a2b3c99a9e0bf46cdac6e1974365cf589,1507.8206803845,13599.120141,0x9f672c31cb41362e30558eee9202e
2026-10-10 09:35:14,day,crypto,48,0xa82365c8e854728c472812fba6202ca125386215,1500.52631173,5449.720902,mihaXd
2026-10-10 09:35:14,day,crypto,49,0x5916ce250c0b3e32eed3303ffb2938cab0b42a0b,1419.3423093550014,13388.044930000005,0x5916ce250c0b3e32eed3303ffb2938cab0b42a0b
2026-10-10 09:35:14,day,crypto,50,0x43a6d60de9824e8ed8b0a2d851f49fcaf1e38b32,1320.8110040845058,0.0,-Yang-
2026-10-10 09:35:14,day,crypto,51,0xbd34ab8a151efb9ca53920aefe505993a4eb2fba,1233.8905102850001,8400.418306000001,JocJo
2026-10-10 09:35:14,day,crypto,52,0xdb5ad26b68d77ae966d29e7180147272ab7a3965,1204.21125026249,25268.92018,0xDB5
2026-10-10 09:35:14,day,crypto,53,0x4cccb691bc5d224821c6eff2a61a488bfc8ba75e,1186.8796634905002,10098.925663999999,falkonso
2026-10-10 09:35:14,day,crypto,54,0x43e7e4b6a5dc71663d12cbf16b28468095a5472a,1182.4166950195006,55309.76294999997,ply-pm2
2026-10-10 09:35:14,day,crypto,55,0xb87532a1a04c654700aa8153b3a95675ac4f4b16,1179.3581499300053,0.0,En11006
2026-10-10 09:35:14,day,crypto,56,0x32ed2e546b187ca15e2841edc82b22c713cf8ec3,1166.642355068498,74974.36298899999,mo-money
2026-10-10 09:35:14,day,crypto,57,0x89a730b74c204625cf19d3d64ff8e8c412b89918,1159.6400079300001,9641.270723,fhdsgds
2026-10-10 09:35:14,day,crypto,58,0x44832d0d2ec11187c1e77d786feb15f6a50254c6,1157.2307282899994,16038.284676000003,NIULAI4
2026-10-10 09:35:14,day,crypto,59,0xd84403efd50b49a1d8a7181627e00307e6ea5908,1138.0599620000007,28886.18254700001,FairValueMachine
2026-10-10 09:35:14,day,crypto,60,0xb0c078c893300f44d341f4e854d8964b47dce88f,1124.5201057930005,5155.7224989999995,Bossgirl
2026-10-10 09:35:14,day,crypto,61,0x05c611fd744bf70187565444f63c5dc02342d823,1122.9055560034976,0.0,ASteroide
2026-10-10 09:35:14,day,crypto,62,0x22a4827ca94ba6e9f77f5dd9f49e6512b8e163eb,1122.7408680000003,5552.064441,En111006
2026-10-10 09:35:14,day,crypto,63,0xf9a16d638aa2d1173b2b76ae6135900b5d7baa8a,1118.3952980000001,3981.0226300000004,zuiai5mins
2026-10-10 09:35:14,day,crypto,64,0x42d150e0171590b28332a61b3f4cfca0a34cdab6,1115.72695263708,0.0,notprofitabl
2026-10-10 09:35:14,day,crypto,65,0x4f29ba47742ce6fff7a4b756ce9677de76341cf5,1107.7091394704998,9592.858766000001,1xwin
2026-10-10 09:35:14,day,crypto,66,0x29ff834947c7d14e8163047e7f27746dc062e72a,1089.6225529999995,9529.925304999999,0x29FF834947c7d14E8163047e7f27746Dc062e72A-1791537346750
2026-10-10 09:35:14,day,crypto,67,0x2e4d05beafd81a6e85bc0c6a94820d61ef34f703,1082.3450670200214,1198.8400000000001,woshiLimpeh
2026-10-10 09:35:14,day,crypto,68,0x355dbca08a11ea58fadeaa07915341e44fa817c4,1074.7581456050016,5039.647269,drowp
2026-10-10 09:35:14,day,crypto,69,0xf3531b23b504cf0aed4ff21325232b2a2d496685,1043.6447857300004,28025.61,powerwinner
2026-10-10 09:35:14,day,crypto,70,0x2b0949b7a81355c19f833c9019840fe741033408,1040.4489,5007.0,mumubaobao
2026-10-10 09:35:14,day,crypto,71,0xdb1d1d4bcfbeb5f6134a8b86c851ab21536ab6c2,1019.3153169165006,12137.004537,nahoism
2026-10-10 09:35:14,day,crypto,72,0x60c20ca0901f9d55992913064686b1b4112b4746,1004.2612569999999,9874.152388999999,melop
2026-10-10 09:35:14,day,crypto,73,0x9cbb1a5c3352691f07e2e26209193ce5a2c433d0,999.8344124599998,3375.6242399999996,0x9CBB1a5C3352691F07E2e26209193Ce5a2C433d0-1777993226700
2026-10-10 09:35:14,day,crypto,74,0xe625b3902d854df33e2bb5757d8c89c9f4c55598,990.2343296075002,9527.906731,craszck
2026-10-10 09:35:14,day,crypto,75,0xf27b739f57212da6ad3b39c10e2cf22df5956104,989.1691261050073,0.0,jacemaester
2026-10-10 09:35:14,day,crypto,76,0x3a7f101ba8706672e44e5acaf99f825b98132e09,986.7159610000003,9506.81421,0x3A7F101BA8706672e44e5AcAf99F825b98132e09-1791341272963
2026-10-10 09:35:14,day,crypto,77,0x361528e242bc6cc789ac8da6fd5cb98046178fdf,982.6375206950001,23149.018842,ohioism
2026-10-10 09:35:14,day,crypto,78,0x56ad6bd05999e0f33ea9c05a48ccb1364a46f13e,975.0149456589716,0.0,floatingraft
2026-10-10 09:35:14,day,crypto,79,0x0e6be957dc8f4ff72d26ca6d1e750fece6013a4c,960.9277878300005,4856.259919000001,robert-mukhametov
2026-10-10 09:35:14,day,crypto,80,0x9a4cbaf3ba914b38ca92cc968cb6104c002998d0,948.4528000000001,5330.21,asdaasda
2026-10-10 09:35:14,day,crypto,81,0xe8d68fd271ad704a55f9bb0e4fc6276ee9adc964,944.2603610000002,19853.492468999997,Little-big
2026-10-10 09:35:14,day,crypto,82,0x0f16a66df16a707334d89704631338ae7a770246,942.2419829999998,16736.396436,fruggo
2026-10-10 09:35:14,day,crypto,83,0xba3c243a3499658e401ae3944b690da12dee7d7d,931.049709483,5093.688147000001,yaya1175
2026-10-10 09:35:14,day,crypto,84,0x0c7c5204404e9d5402d258fedac59c7212bae4cb,923.9159628284999,63081.66787899997,OhioRiskManagement
2026-10-10 09:35:14,day,crypto,85,0x9ad6c5316aea1f5dade839e607bfb5437fb54251,917.5,250.0,0x9AD6c5316aEA1F5DAde839e607BfB5437fb54251-1774334450917
2026-10-10 09:35:14,day,crypto,86,0x508ac426fa987527a8b6f8058d0d0961adb6a3d1,900.0,2270.270271,xpl9527
2026-10-10 09:35:14,day,crypto,87,0x424eb20fcd25113e3b98f42522a54580350b263b,899.1853552800001,11444.613167000001,0x424eb20Fcd25113e3b98f42522A54580350b263b-1774330621025
2026-10-10 09:35:14,day,crypto,88,0xd02b6d910a38479c3125308fc4737a46509cd6df,895.557636178998,13982.959072999998,wowitsamazing
2026-10-10 09:35:14,day,crypto,89,0xb57e20edaca4fbef469bb2a727c2a536cc3c16c1,886.3681083944975,0.0,JaneStPredictions
2026-10-10 09:35:14,day,crypto,90,0x57e4bd0fa030e6a6fdde7ee0b58aa497b4f6835e,881.2189782290079,0.0,imjustalarp
2026-10-10 09:35:14,day,crypto,91,0x6515bf178d18f61c2661983a33c3e96990a8366d,870.948418,1266.4760179999998,0x6515BF178D18f33c2661983A33C3
2026-10-10 09:35:14,day,crypto,92,0xba679ab701e6162cc2c932b8b498124f47394727,865.5272919999998,9749.458665,0xba679aB701E6162CC2C932b8B498124F47394727-1774328661530
2026-10-10 09:35:14,day,crypto,93,0xa570993162fce8f1f3c64e2a0c616c593b8938e3,863.600513,5957.819829999999,13psi
2026-10-10 09:35:14,day,crypto,94,0x898d8baf945adc595ebc12912354fcc5dedfa68e,861.4418000000001,914.550001,ronnys
2026-10-10 09:35:14,day,crypto,95,0x822590ec325a732fea768ab1d3e8a1e6679d5025,848.9814620699981,0.0,moh.ak
2026-10-10 09:35:14,day,crypto,96,0x660622caad009a8cc1f38038c0913be658621338,833.4992739360096,0.0,manekineko
2026-10-10 09:35:14,day,crypto,97,0x66ad4221d66358ab9867f6d8cae73ede08e5cc4e,830.5589877959865,0.0,Marioy
2026-10-10 09:35:14,day,crypto,98,0x3c8731f3aead0ca9847fcbaee96bd6f12e951075,816.2462785950001,8118.768604999999,RedKO
2026-10-10 09:35:14,day,crypto,99,0x0ca4e9d27ff826a109ecbf74754fb66b93f277a6,815.3235106929988,41946.09959,GoodFallen
2026-10-10 09:35:14,day,crypto,100,0x2778fb5c098f5c07360b283ef6585a9671ee6914,814.6954358264996,8168.763677999999,0x2778fB5C098F5c07360B283eF6585a9671Ee6914-1770048373700
2026-10-10 09:35:14,day,finance,1,0x3a8aa345d5db7ec5138298c8c4f4540259be7699,4778.341877156869,0.0,TheReturnOfDarthMaul
2026-10-10 09:35:14,day,finance,2,0xc6e956068048c1cf98d8f0b3a495edc9da130741,1527.0360720399694,26051.519999999997,luck00004
2026-10-10 09:35:14,day,finance,3,0x403f2471f8aaa1e8a224f1338b073bfa3fdb94f1,958.5321772130013,1469.9488529999999,PippiTrader
2026-10-10 09:35:14,day,finance,4,0xe95e726d0ca927874f3998d815bfec51d19261f2,729.7687265700006,0.0,mewmew1
2026-10-10 09:35:14,day,finance,5,0x75a27d0cc95b3586297c1e6b5417269332cd6992,603.6426499999998,0.0,BrownBees
2026-10-10 09:35:14,day,finance,6,0xa19cbababc312f9df185e49d7004c249ed1ade6b,556.9652388559977,0.0,Tokor
2026-10-10 09:35:14,day,finance,7,0xdf1c2e388bde2fbacabaf85c75a6b69cc35e2ebb,541.3191465639975,0.0,BMM-1
2026-10-10 09:35:14,day,finance,8,0x0e5bd05888cc80453a4ac18f85c750bb4e434ef4,429.30735515500055,0.0,nelsonc19
2026-10-10 09:35:14,day,finance,9,0x4f80a5da109252eca37ad090c0f25a2796ecc19c,323.4116246404992,0.0,falloutmax
2026-10-10 09:35:14,day,finance,10,0xb619ed5b378053f8309c307d2f7adf9c13665068,294.862108289999,0.0,tnl
2026-10-10 09:35:14,day,finance,11,0xad5353afe30c2da57709e2704ef3ccdcf67eef24,288.7902756524819,12264.075325000002,AJSV
2026-10-10 09:35:14,day,finance,12,0x3cc379741b2ab96d61aab5942a1a711a89f1fb0b,266.6604,0.0,Michael-The-Taxiarch
2026-10-10 09:35:14,day,finance,13,0xbfb186d4bd1980da3d4058d5ede03a22e60642b9,255.95969999999988,0.0,PackersPete
2026-10-10 09:35:14,day,finance,14,0x903221b1098263779ae19486028c844e8c338717,246.82016419399952,0.0,0x903221b1
2026-10-10 09:35:14,day,finance,15,0xca00024cebb5e6caa04991882ffccd3739c769a9,245.43731964949984,0.0,chicho
2026-10-10 09:35:14,day,finance,16,0xf903c4cd098184e67a06a04f9b8fdb36e7bbe028,231.756301473,600.0,Viserys
2026-10-10 09:35:14,day,finance,17,0x5a218c7ad04135830a45c41aaed7294df7809318,230.42801769899873,1088.5259,balthazar
2026-10-10 09:35:14,day,finance,18,0x0c1c44f38626dc0b7cdbe09bdd9d62987a709b07,216.0,0.0,0x0C1c44f38626dC0B7cDbe09Bdd9d62987A709b07-1759366357405
2026-10-10 09:35:14,day,finance,19,0xc7d02944a76b9f83b199e9090ecc92c82d241f8a,214.0457218619933,171.0,0xc7D02944A76B9F83B199e9090ECC92C82d241F8a-1776944395495
2026-10-10 09:35:14,day,finance,20,0x8afa03dd6974e44d00c4d14dcccb00c0ddf6adb6,212.72205682999083,9013.62,stupid22
2026-10-10 09:35:14,day,finance,21,0xcf070b9ed273abd6185a4253713ce8e64c0ec770,211.84870118149718,1146.6799999999998,MaxEnt
2026-10-10 09:35:14,day,finance,22,0x6300bdade02dd69388ad3d69af19e113958abd20,204.7376943850004,0.0,robipitt4
2026-10-10 09:35:14,day,finance,23,0xb0fcea24160139269e0af107811e33d99d6ece0b,187.09980494000138,5575.25,DancewithRisk
2026-10-10 09:35:14,day,finance,24,0x672fdcb10d0820d3809286e45d95b379731cc18f,184.512,0.0,hahahaha123456
2026-10-10 09:35:14,day,finance,25,0x11f8a22001686b0e40687c4c37c91e3428a0ed31,183.60770000000002,0.0,dedidanc
2026-10-10 09:35:14,day,finance,26,0x832bbb891caf3a24c7d1915d9f6369c4949b5c91,181.3214929345056,1686.0900000000001,yoyobb2018
2026-10-10 09:35:14,day,finance,27,0x2ced9769d6397782a13ef43fee579927d86bc4a8,181.132765735,0.0,BobZ
2026-10-10 09:35:14,day,finance,28,0x8565b21d736741147592264d75cc26ccf2040c43,180.0,0.0,dddtrips
2026-10-10 09:35:14,day,finance,29,0x873534996602665a42c5f2902b6203599ff246e5,179.3192159250002,0.0,bigdickprick
2026-10-10 09:35:14,day,finance,30,0x2b670a311561dcaf741d8155451774d3fa7fb814,178.94100385000274,0.0,0x2b670A311561DcAF741D8155451774D3Fa7fb814-1778467735876
2026-10-10 09:35:14,day,finance,31,0xe8d3099d9cf42b421f13937d46194b1476b92306,169.70210374999988,0.0,CauchyBraids
2026-10-10 09:35:14,day,finance,32,0x0d15e2724df455f9e65b15104d21d76412a2c454,164.9385000000002,0.0,e88888
2026-10-10 09:35:14,day,finance,33,0x74ded5c60706d1d15002e5c1811351c90560786e,161.594608105,0.0,awcpaterson
2026-10-10 09:35:14,day,finance,34,0x9c5e68def39cce39ddfec0ee679f3ce0d9cb0877,157.27218219499997,618.7,naruto182378123
2026-10-10 09:35:14,day,finance,35,0x3eae57986be5e0ca435102ffe1f14206ffa2e2ed,151.08543359849136,0.0,thoodr
2026-10-10 09:35:14,day,finance,36,0x9efdf8932077f748fa000ec4e74996829e21b227,149.0450028724954,0.0,zxdw
2026-10-10 09:35:14,day,finance,37,0xcb14f61711d913773f4b982af340fa7eae175358,142.45827393699983,0.0,ooops
2026-10-10 09:35:14,day,finance,38,0xc004b035b67be284e0d1db56c39e865df6cac095,140.54159769999978,0.0,lamyk
2026-10-10 09:35:14,day,finance,39,0x6d9fc316c3b8377060a44b852ba664adbfd59790,136.75689652000437,0.0,MEPP
2026-10-10 09:35:14,day,finance,40,0x6f52c7a19b37d9d9deb65546ccd7edc1dd92046f,134.27437754749985,0.0,bqb
2026-10-10 09:35:14,day,finance,41,0x8de0771af4eb2785fe64eab139399abd30bd7f22,133.37237000000005,0.0,101456
2026-10-10 09:35:14,day,finance,42,0x4157f19818da67fdc9c031384ca0332a42265474,131.97449999999998,428.02000000000004,YJiICTUsGi
2026-10-10 09:35:14,day,finance,43,0x9f086ae32344b489a004109f06fced08154273a8,129.77441680599986,0.0,Copezilla
2026-10-10 09:35:14,day,finance,44,0x63c652270a37e53a170303b6b264a2aa835743a5,127.2302803499988,0.0,big-short
2026-10-10 09:35:14,day,finance,45,0xe392d6cc6a012f306cef646f79114eb6f351c023,127.14561239050133,15.568789,ssddssd
2026-10-10 09:35:14,day,finance,46,0xe734e7bf7cfb9e464681f71822f6c2f6be514f0c,119.04153527500421,22806.03,boyau
2026-10-10 09:35:14,day,finance,47,0x74957ea27ac4fbdee46d861fdae357859ff67fcf,118.89142175550441,80.0,LornaPredicts
2026-10-10 09:35:14,day,finance,48,0x6b32f2142859030734abaa2a2bec8a423a903535,117.90873075900026,0.0,anonymousoctopus
2026-10-10 09:35:14,day,finance,49,0xb8ee94bd599a92d4747dda5f3bc6d2b243349e81,116.9578908599999,0.0,0xB8eE94bD599A92D4747DdA5f3bc6D2B243349e81-1765943326811
2026-10-10 09:35:14,day,finance,50,0xff7ca9cd180d33119e653e3eb50555a3e2ccb233,114.1624368175031,15.0,0xff7ca9cd180d33119e653e3eb50555a3e2ccb233
2026-10-10 09:35:14,day,finance,51,0x21f701a6d8febfd948f899114f2b9d9a8ef7e19f,113.38374999999996,0.0,0x21F701A6d8febFd948F899114f2B9D9a8ef7e19F-1760280914378
2026-10-10 09:35:14,day,finance,52,0x2e3ea056400d81c42e2ce26ef25fda4ec5caabea,109.1075274324993,2168.597059,HDGB
2026-10-10 09:35:14,day,finance,53,0xdf8103a369799de9f938a6ffcfca446e1c3e697d,107.65724999999975,0.0,gummy-usb
2026-10-10 09:35:14,day,finance,54,0x714f682e577a6892ee921290fd6ad213d11266d5,106.1132845450004,0.0,Poivre
2026-10-10 09:35:14,day,finance,55,0xce60927ff2d1b2080b29a3e1a910b9d789ca6705,105.59277319249941,25.0,Jesetrading
2026-10-10 09:35:14,day,finance,56,0xc97b0b2a2547bb3ed57167092ef8a6e816c347e5,104.22345738656486,1599.3233340000002,Avamax
2026-10-10 09:35:14,day,finance,57,0x736539924a5602b37a03a54fc12c1cc8f98964da,103.66962356200197,102.0,Contentious-Dinnerdate
2026-10-10 09:35:14,day,finance,58,0xecb98ff2542d9c57ec36aa3ecad3734b9e295a12,102.56710535999991,0.0,Zptml
2026-10-10 09:35:14,day,finance,59,0x6f2a0d4ff16a3ef378a65c62d20cde974578de7d,98.45532996649993,57.598304,KOMZY
2026-10-10 09:35:14,day,finance,60,0x880d2b8f3df6881150d1ef1a1f2ac0767e39adb6,98.14871454399994,0.0,Hugo459440
2026-10-10 09:35:14,day,finance,61,0xf3ad8f80006d90a5ba90112a675d13bffd740724,97.67900002500028,0.0,0xf3ad8f80006d90a5ba90112a675d13bffd740724
2026-10-10 09:35:14,day,finance,62,0xf9076e0604e7c216602fbad86bc87473791ce7db,96.16,0.0,StephanieMcintyre1446
2026-10-10 09:35:14,day,finance,63,0x4d1bcbaeed22c6da173b1a356c3c6d2270081419,95.13958000000001,0.0,RolandChang
2026-10-10 09:35:14,day,finance,64,0xf22eae319d8327d5450e0f503504d260c1010c2c,93.45618501950048,10000.0,0xmoki
2026-10-10 09:35:14,day,finance,65,0x5481ed1233874553c9d20652d35edec1714450ec,91.61999999999999,0.0,NicoleShaw4553
2026-10-10 09:35:14,day,finance,66,0x43372356634781eea88d61bbdd7824cdce958882,89.53170923748985,0.0,Anjun
2026-10-10 09:35:14,day,finance,67,0xac4f7c9518eeeb74d863a0fa5146c193779cf7e8,89.27823000000001,0.0,badbias
2026-10-10 09:35:14,day,finance,68,0x06ac70013cd0c7992ec830ad5df9f7f66d5b79ec,87.44293999000001,0.0,eastpak
2026-10-10 09:35:14,day,finance,69,0x799435e6f356fe77446a783093db4560bf16c512,87.08008176999832,397.63,k7X9mP2qW4
2026-10-10 09:35:14,day,finance,70,0x876bb030ddd424ef505ae02914024cf18c6a1703,84.34303203800118,0.0,rewardbots
2026-10-10 09:35:14,day,finance,71,0x7845161180695b5741fa3d71f203eaaac497417b,83.5601000000006,0.0,Smart-bettor7
2026-10-10 09:35:14,day,finance,72,0xbef5ab169458cb47c5d233e067dff4447fad1c5a,82.98918175000017,0.0,StoneMarble
2026-10-10 09:35:14,day,finance,73,0x8e77537e059837d3c2ca5b4efe75e74e9498c4f3,82.5,0.0,Lasting-Dessert
2026-10-10 09:35:14,day,finance,74,0x4ffe49ba2a4cae123536a8af4fda48faeb609f71,81.65808682800024,420.73185,planktonXD
2026-10-10 09:35:14,day,finance,75,0xd0f1c48f7eb486764bd48eff644f7e66a73a6712,81.29695999999967,0.0,XRPisSH8T
2026-10-10 09:35:14,day,finance,76,0x7b04bf3fe9853b25666ed585ab9f22ca60733a41,79.77479321599998,0.0,slimecity3
2026-10-10 09:35:14,day,finance,77,0x310e95058df69986943b149ab69326a4445d5050,79.60030639799999,0.0,lexdpc
2026-10-10 09:35:14,day,finance,78,0xa794b8eee315d8adff4751a39355e7bd72f142ad,79.47705000000002,0.0,L1quid
2026-10-10 09:35:14,day,finance,79,0xc8ec6d4cef5c5fe8409ef69303c37f05b678e8f1,77.64679792499987,0.0,Hugewinner
2026-10-10 09:35:14,day,finance,80,0x9b85bb85b1255918e956046dbd127c431df31259,75.80462555199983,0.0,0x9b85bB85b1255918e956046dBd127c431Df31259-1773047198366
2026-10-10 09:35:14,day,finance,81,0xa9fe4929d4ea1525ca03bd0ff68ea1fbf9e7f135,75.19018382500144,0.0,novv25
2026-10-10 09:35:14,day,finance,82,0xbcfe65402a38e281affe94770381f19eb061ee58,74.98890698500009,0.0,Hdbeh655
2026-10-10 09:35:14,day,finance,83,0x17dbae6fecba1c02bd673887b3cd94b75529c1e8,74.39375002099996,0.0,Pellepele
2026-10-10 09:35:14,day,finance,84,0x45bbe85e001a1b1626e94349d45ad6a09f9241a7,73.93537493999997,1163.859587,QR1
2026-10-10 09:35:14,day,finance,85,0x88ee376120bfcf1daf5642c5d8a6b45d7637c234,73.75274000000036,0.0,Quarzo
2026-10-10 09:35:14,day,finance,86,0x74471a007ddcc488f6d57b5e86dfb35a8d48a16d,73.75038034099998,0.0,tetrose
2026-10-10 09:35:14,day,finance,87,0x31d6b10ba1bee9f1f0ee51630bb6ee1305bae66c,72.52747250099947,0.0,jasonstathem
2026-10-10 09:35:14,day,finance,88,0xf501ffd866ccdaa8c09002b3167d532bfe668852,72.22857999999906,0.0,thebetter1234
2026-10-10 09:35:14,day,finance,89,0x0562e01b3c3e65bb93bf0de32f02cec238a79d66,72.12419715899978,20.0,iForgor
2026-10-10 09:35:14,day,finance,90,0xbe74297ff19030f104ce1d538709f43b30eca70e,70.9676294080005,1730.11,title1
2026-10-10 09:35:14,day,finance,91,0xc8ab97a9089a9ff7e6ef0688e6e591a066946418,70.37871674799499,7399.994791,ArmageddonRewardsBilly
2026-10-10 09:35:14,day,finance,92,0x5ecde7348ea5100af4360dd7a6e0a3fb1d420787,70.3464950000016,0.0,0xdc3E831cad
2026-10-10 09:35:14,day,finance,93,0xe57ab8ec1bd537476c1986e9768fbbc2ec99e196,69.89915000000474,0.0,Noahrichards98
2026-10-10 09:35:14,day,finance,94,0x4ba4466ba485e8c18948a0a80ce4c9db05718a89,69.0040399999998,0.0,Skaliz
2026-10-10 09:35:14,day,finance,95,0xe53c335b0de473132c06b4fa6463b721fbdbe569,68.75199308849895,11.492064,hithitfar
2026-10-10 09:35:14,day,finance,96,0xa53ba9d683f68602ccd767512d5c862a43824021,68.39479302000018,0.0,Vagabund97
2026-10-10 09:35:14,day,finance,97,0x40604cb1f958c03bea0b18aa43e4cb0d62f33ec3,67.7730321600011,44.38,C03B
2026-10-10 09:35:14,day,finance,98,0xefcedda09b4f2224c856edbd9c41c1d6db124e4a,66.66642017000004,0.0,0xefcedda09b4f2224c856edbd9c41c1d6db124e4a
2026-10-10 09:35:14,day,finance,99,0xe2a3b5b5f39dc6c46ac6d59672052282abb48e01,66.13478857400037,835.8458899999999,financegaaaydog
2026-10-10 09:35:14,day,finance,100,0xe9644aed4c42329dd6ecd68af52c22c8557f29f8,66.0,0.0,0xe9644AED4C42329dD6eCD68af52C22C8557F29F8-1774071390269
2026-10-10 09:35:14,day,culture,1,0x9d84ce0306f8551e02efef1680475fc0f1dc1344,3546.965164331981,0.0,ImJustKen
2026-10-10 09:35:14,day,culture,2,0xf14ec403ec03d8f5329aed6587252667bcc76173,2524.143793540001,3295.813079,0xf14ec403ec03d8f5329aed6587252667bcc76173
2026-10-10 09:35:14,day,culture,3,0xe2b1fc269d0c2e27da11fadd1d9596fe28227d2a,1368.0006209170024,0.0,New.Jeans
2026-10-10 09:35:14,day,culture,4,0xe904443b4084bbda216e344353a44cd4324a2d9f,1168.1644950079974,1102.65,shovelingdigging
2026-10-10 09:35:14,day,culture,5,0xf69553c59c303f254ec970a1cf4c4f39ad5c17ac,1122.0382693499987,25066.425366,TexasOx
2026-10-10 09:35:14,day,culture,6,0x0f2bcf469f85fe746058f3a0767d24124d0d665a,1001.0001103374998,0.0,Sylvester.the.Cat
2026-10-10 09:35:14,day,culture,7,0x819dfea4ffa9c4d3ef27f00e2dbac7e9e93507f1,917.8110079199996,0.0,JokerTheClown
2026-10-10 09:35:14,day,culture,8,0xb028b82a80c2d1e855ab4f3cd3a18ecf76838686,807.479906609999,407.39000000000004,Ox79879657hjgdsghgdj98090klfdkld
2026-10-10 09:35:14,day,culture,9,0x1f9e15f39bbd5d163b0eacf0fbef647ced9e4f1a,655.5842750190004,0.0,FrozenParasite
2026-10-10 09:35:14,day,culture,10,0x8f7b4550a868467b2db230445fee9242077e2a5f,614.8595396999999,0.0,Venimous
2026-10-10 09:35:14,day,culture,11,0x0d174a744635d060bb13e587a86075ed856dd18d,550.7529600000007,80.0,PCjT1viNMz
2026-10-10 09:35:14,day,culture,12,0xcd09c7f5132a160b41578a79a9e3453da7aeda63,550.2539279930006,0.0,ShayaEredyon
2026-10-10 09:35:14,day,culture,13,0x6ff0a3f6a71b03ff03a4b690ca1439ba03e07760,531.8366485349998,0.0,celestat3123
2026-10-10 09:35:14,day,culture,14,0x9333125c5617e1e03018966e9030868e92179126,525.09298,1111.79,kaisersozee
2026-10-10 09:35:14,day,culture,15,0xd923b58e7874de549b0b9bd07db49eeb2878f400,453.6895999999997,0.0,JustHereWaiting
2026-10-10 09:35:14,day,culture,16,0x04bf21c2527ae8d54a2f713a6420c608366c7caf,393.1437480699966,83.0,Red781RuM
2026-10-10 09:35:14,day,culture,17,0xbbdcefe91e01e982c7b8532da6128f6ed7445d81,391.23308540450046,1167.77,TweetPulse.Live
2026-10-10 09:35:14,day,culture,18,0x29e17e0da7794efd89403ccff9b958f5084b29f8,351.6423600000003,1805.7000000000003,sferfgefvrfgh1234
2026-10-10 09:35:14,day,culture,19,0x38f50488b14a87769e0c5cd6c514b6c2e8ec6824,332.59322858650285,3902.645075,smellyEllie
2026-10-10 09:35:14,day,culture,20,0xe1926b9c482ad92e649e227be986bf88b0e0c237,315.8859191949996,0.0,NqJoaquin
2026-10-10 09:35:14,day,culture,21,0x2881b6f7ab10da79f89870320811de5244912091,306.3764436010006,0.0,0x2881B6F7AB10Da79F89870320811De5244912091-1771867892446
2026-10-10 09:35:14,day,culture,22,0x2e62eddf5acffa59a97706de674348a2e600b22e,302.1673229845,1167.8608949999998,rocky42003
2026-10-10 09:35:14,day,culture,23,0xa829e599a27dfee252ba5294eb1fdecbed15691d,298.4573499999996,20670.76,lifeswhatyoumakeit
2026-10-10 09:35:14,day,culture,24,0xc3cf86ccbb1659b4cd413ba4fb4e6c4ce40c51d2,287.6743136780001,2119.511038,amy888
2026-10-10 09:35:14,day,culture,25,0x9ceaa567754c75f74db89f3085e0509d60f2a932,280.86105,1098.63,fishpapav
2026-10-10 09:35:14,day,culture,26,0x9290cfdcff27056a27555d4b9c50c9edfb2bf429,262.08903599100086,0.0,StefVie
2026-10-10 09:35:14,day,culture,27,0xfdf17710c572a46e992978d380cd27b1538c7195,258.8789721560024,0.0,GvLBV
2026-10-10 09:35:14,day,culture,28,0xdd364a4916a70d57c6ff530f87f6dbe1f196f80f,251.9173714259996,0.0,WeatherdemonAI
2026-10-10 09:35:14,day,culture,29,0x073a1caba3c22e9e361ceae83aaa5405706f91e7,250.0,0.0,Mantronix
2026-10-10 09:35:14,day,culture,30,0x41eacf5aaa4c7fc883a098635b981050715d7a3d,232.4994059950002,0.0,Chungvicular
2026-10-10 09:35:14,day,culture,31,0x2032c9912e648c289b72dd113ea01bafde26134d,230.3,200.0,0x2032C9912e648c289B72DD113ea01bAFDE26134D-1762237335251
2026-10-10 09:35:14,day,culture,32,0x751668444fbddeddc4b54fedc54fb98249568beb,227.5,0.0,pBs1337
2026-10-10 09:35:14,day,culture,33,0xf1ef8705e9f63c790c6fffd6329aea7011718cd6,226.97761578600148,0.0,Outsid3rTrading
2026-10-10 09:35:14,day,culture,34,0x5a45565906b8478fe456a0d313ce8839b3e7f628,218.98959000000013,4850.389999999999,FFIE.
2026-10-10 09:35:14,day,culture,35,0xa0f6a4a52d84fa03b60ccf0a2ffc1f8590d73fd4,217.49988475600003,0.0,yeslabby
2026-10-10 09:35:14,day,culture,36,0xf9db42cd8186e1547c85bb80f2616af109c88dc1,216.55548748700002,544.98,Gabriell11
2026-10-10 09:35:14,day,culture,37,0x514bed69dd15b0aa7183f985bdce50681a026931,212.2000950000001,506.5,ProsperIntelligence
2026-10-10 09:35:14,day,culture,38,0x7eeb94f2d5a474123e260f160b4f15d3f3eab6bd,201.95500621249977,1811.2537359999997,edgewarehouse
2026-10-10 09:35:14,day,culture,39,0xaee70f0835f8d20e617e41bfe49d55d4a75837fe,197.71557631500008,3131.0580680000003,Mr-Lucker
2026-10-10 09:35:14,day,culture,40,0x08458f7e9d2858027de579e4c3ca305475496b6f,186.78327659500064,0.0,GollumGekko
2026-10-10 09:35:14,day,culture,41,0x60c8ad4853e43e2291e94f8fb87773424cf33d3d,184.67229000000006,0.0,carmelk
2026-10-10 09:35:14,day,culture,42,0x7e35a2a8cfd1eb1e69dacd043206db5a787f1a6c,181.299651374502,0.0,buoys
2026-10-10 09:35:14,day,culture,43,0x95929ed92966ed5d29b47568191fe1c7e877a8fd,178.9244977260002,742.0,icariam06
2026-10-10 09:35:14,day,culture,44,0x2eb6921692bbefa0ee42d48c48141f6a81d33e31,178.0481468135008,12657.773509,CaprioDiLeo
2026-10-10 09:35:14,day,culture,45,0xcf070b9ed273abd6185a4253713ce8e64c0ec770,177.67914789899987,0.0,MaxEnt
2026-10-10 09:35:14,day,culture,46,0x6ed96a8447d8d82ad3c748286927bf9292bded43,176.8239561649998,0.0,108cap
2026-10-10 09:35:14,day,culture,47,0x2376e2fff5daab2e42dde853c1e3c3f70df9d5b4,176.37670756800026,765.2630179999999,wakuwaku
2026-10-10 09:35:14,day,culture,48,0xc959dac4288ab5fc3b27285ae9d2fb121207c37f,172.91442457149992,1889.57,AM9691
2026-10-10 09:35:14,day,culture,49,0x6d57da09ef86a327524853b36fbd2e39cf0cbfc5,172.54164517350011,0.0,SitsToPee
2026-10-10 09:35:14,day,culture,50,0x2534d7ba629f759805a371ade3051ab3fc98d76c,169.28944999999993,0.0,14600k
2026-10-10 09:35:14,day,culture,51,0xe5f518613d3b9323b93027ac55e35b4e49989c9c,168.88760733700042,0.0,Xyzeric
2026-10-10 09:35:14,day,culture,52,0xe1a8e339fd424851eff353b690aaa7897c49a3d7,163.42395522800052,0.0,alienbid
2026-10-10 09:35:14,day,culture,53,0x83733b87090cf97aee473b1000beb9bfab7af0bc,158.85460754100092,674.0,merod
2026-10-10 09:35:14,day,culture,54,0xf2950cf5fbbfcdaaf73268f2967c37b97a36667a,151.14375805,149.001595,Looooter
2026-10-10 09:35:14,day,culture,55,0xe57fa0a11453b2221937e7496ed87710ad9db61a,150.55293454150004,372.38,chennw
2026-10-10 09:35:14,day,culture,56,0xddd85ddfa58784925990c16c9858ccd62e4ee6f7,150.2502081244993,6804.912501,Houdray
2026-10-10 09:35:14,day,culture,57,0x91adb56d113fe26fd335058e7ccde92d55f71ee5,148.3477780900001,570.4304229999999,FernandoVII
2026-10-10 09:35:14,day,culture,58,0x2924d14ef7fb302d7d520c2394310409fce5dcde,141.97325454300255,5729.38,Mei-ji
2026-10-10 09:35:14,day,culture,59,0x4a3beb266c0240f41a2e9f298eac472044512eb3,141.8804534914998,0.0,Automatic-Jar
2026-10-10 09:35:14,day,culture,60,0x8b8b9c565c8dca43cfb767f0f2c20b2b323d2512,139.46936947000006,258.69545500000004,0x8B8b9c565C8dCA43cfb767F0F2C20B2B323d2512-1778811726293
2026-10-10 09:35:14,day,culture,61,0xb09dfb36aa4718a3df7646251e0e047759af64c8,138.4127355290002,0.0,Sitdownandrelax
2026-10-10 09:35:14,day,culture,62,0xc412fdbe9956c2e242e8b45fae131c3e8598592d,136.46023387899928,277.004914,BetterFish
2026-10-10 09:35:14,day,culture,63,0x5cafe12904473b46c14d0b4d92779dac62e750af,134.98634895999976,2866.8,sleezzz
2026-10-10 09:35:14,day,culture,64,0x115a63c208278a576150176880f48f064c94e4a6,134.78128007949977,19240.177097,0x115A63c208278A576150176880F48F064c94e4A6-1766247046507
2026-10-10 09:35:14,day,culture,65,0xfee149fafe22d89834c75f35a3fe9ecf1cd2746f,131.64218789850008,0.0,HappyPumba
2026-10-10 09:35:14,day,culture,66,0x5e39013a1d7c4b502ad2ea073d7e8a0469ca352c,129.92954457849737,0.0,0x5E39013a1d7C4B502ad2Ea073d7e8A0469cA352C-1765309578276
2026-10-10 09:35:14,day,culture,67,0x39c987ed5a091de6a7d01e85e37fd5c510880db2,129.356904584,1967.104832,Bersa1202
2026-10-10 09:35:14,day,culture,68,0x2254d788eaa439760f445118755a4334bce65ddf,129.15525000000008,708.3,It3
2026-10-10 09:35:14,day,culture,69,0x096be54513c08d731e6ffd587372e4159447bf95,128.81191772499994,0.0,WageringGrandma
2026-10-10 09:35:14,day,culture,70,0x54096e86cac2d70d04fd98ee16f633c7e9d479db,125.07705900400197,4915.64,Boss7
2026-10-10 09:35:14,day,culture,71,0xfa3b4d18b821ff075d9290fea82434b3ae106900,124.02718264999976,0.0,xasd-440
2026-10-10 09:35:14,day,culture,72,0xf2f52144a3936d4400b52ad6a2e4dbd7993e137e,120.24997399699991,799.632532,coinflip123
2026-10-10 09:35:14,day,culture,73,0xa0f21e6d351baa9185716b5c00c2925ed9621848,119.7136739689995,0.0,0xa0f21e6d351baa9185716b5c00c2925ed9621848
2026-10-10 09:35:14,day,culture,74,0x7db008f9288780a12451082acdf0e3d383fc8c18,118.63589999999988,0.0,lilith275
2026-10-10 09:35:14,day,culture,75,0x6cffe15b87a42bd7c0a0b95790aba11cf99b45ac,118.50838066300014,0.0,spyr0
2026-10-10 09:35:14,day,culture,76,0x814712d94b00008c7fdd6c002b10418fa5694fbf,115.4810002260001,0.0,zuker14
2026-10-10 09:35:14,day,culture,77,0xdfe15209fe1d1f1e533e94a90af49c0888b46c98,112.49999999999999,0.0,Fuzzy-Logic
2026-10-10 09:35:14,day,culture,78,0x7b989f2563b048d1b3a1e19e175c029b419eb1be,112.00000146499997,0.0,0x7b989f2563b048d1b3a1e19e175c029B419EB1bE-1770843398790
2026-10-10 09:35:14,day,culture,79,0xaa99a6c279d34492683db6ff1818aa1f8485dbbf,109.51335969000002,0.0,willsom
2026-10-10 09:35:14,day,culture,80,0x8e77537e059837d3c2ca5b4efe75e74e9498c4f3,108.75000666800042,0.0,Lasting-Dessert
2026-10-10 09:35:14,day,culture,81,0xe0dbdb7f005f233f4510e4ef7e53a2f76a8df44e,108.20851183749983,0.0,lug
2026-10-10 09:35:14,day,culture,82,0x5c29b2ca441c040f0f637d0a852594bb65b8358e,107.61347500000002,198.0,maritime6307
2026-10-10 09:35:14,day,culture,83,0x1e3bc72271435f46effb75353403936ab664e3ba,107.110391687,0.0,froku
2026-10-10 09:35:14,day,culture,84,0xfa464e982c8af57dec9378c70026e6e4756a4bb3,104.18927399999998,0.0,theghost92
2026-10-10 09:35:14,day,culture,85,0xa82b0e89cf734e2fa70cbd52ca65c77d64595220,104.17588268649979,0.0,Mecky
2026-10-10 09:35:14,day,culture,86,0xdbf99963ba3e62c65a6870d0887d6f776e03b9cc,104.17059010949947,1878.3500000000001,hochnaesigezicke
2026-10-10 09:35:14,day,culture,87,0x9574537d031ac68f2fefd4780e930d448a860089,103.9136999999755,0.0,0x9574537D031aC68F2FeFd4780e930d448a860089-1776565971121
2026-10-10 09:35:14,day,culture,88,0xa53e8fc4c2f9910e584de69d8b40a502a638218d,102.79307831548795,0.0,VladimirPooper
2026-10-10 09:35:14,day,culture,89,0x7914f3ff80cf8a5da61bae62858bffce814e8ba1,102.29647532799999,0.0,frandoes
2026-10-10 09:35:14,day,culture,90,0x0d6ec6b50d943aa477d4cd88e0b28b91a03054cf,101.24770343999998,609.609,YourLostMojo
2026-10-10 09:35:14,day,culture,91,0x4d024ca7cc33791eb197285f685dbfc3a0fe2ad3,100.80696648649996,592.4855650000001,sunnynotbunny
2026-10-10 09:35:14,day,culture,92,0x014c4e7ae2145992861c2d1b124af633a97f820c,100.00589335500456,283.27,Hyperlong
2026-10-10 09:35:14,day,culture,93,0x122cb94c437ea5e6f088c6c0c143c592ab8efbed,98.92359936950189,9370.46,Cb94C437EA5e6f088c6c0C143c592ab8EFBed
2026-10-10 09:35:14,day,culture,94,0x2b670a311561dcaf741d8155451774d3fa7fb814,98.67937587199958,0.0,0x2b670A311561DcAF741D8155451774D3Fa7fb814-1778467735876
2026-10-10 09:35:14,day,culture,95,0xe732156a2d84cdfb4de831d3f11a22899e49898f,98.52666889049999,3553.0496220000005,Nostdam
2026-10-10 09:35:14,day,culture,96,0x10df1cf36653da12cff1f3725e12a7b4644e04a9,97.30603459999998,0.0,0x10Df1CF36653DA12CFF1F3725E12a7b4644e04A9-1740754053101
2026-10-10 09:35:14,day,culture,97,0x30eff89f14d5c2614a62b77935a133ce1950ac95,97.23010975999966,1347.55,Soni-billi
2026-10-10 09:35:14,day,culture,98,0x750545482cf883fcd5e7f7ad8e14d3f61a322978,95.96519871349994,3421.505303,Jackybrown
2026-10-10 09:35:14,day,culture,99,0x9c2972210cc17579f3773ed586bea47656f18c43,91.0290857855,0.0,Tagan1
2026-10-10 09:35:14,day,culture,100,0xbfce10e4c4ef1ef7d0b02a951f7fea13a3dab7a5,89.51425769099933,0.0,stefchefg
2026-10-10 09:35:14,day,mentions,1,0xdf17f4a8dd01a4cfa6fc3da323a2baee5f8697d1,1830.0553422899998,0.0,ED99999
2026-10-10 09:35:14,day,mentions,2,0x38f50488b14a87769e0c5cd6c514b6c2e8ec6824,826.627364785,0.0,smellyEllie
2026-10-10 09:35:14,day,mentions,3,0x5c08f27559956e9c4fa008c65f79017fe548eba9,722.5637856999999,0.0,CIOH
2026-10-10 09:35:14,day,mentions,4,0x8673d3a19c559f43241312894bb82fc4fd8559a5,589.6706916725,0.0,ezfzezefze
2026-10-10 09:35:14,day,mentions,5,0x304bb246b456aa2d105ae33fa62bc4d5e56ffa13,450.0,0.0,azon7
2026-10-10 09:35:14,day,mentions,6,0xe8c4d68aff65b38cac46987b9b65e01eb47d395d,340.29179999999997,57.176668,JAMJAMJAM4
2026-10-10 09:35:14,day,mentions,7,0x7bff96579b20fe3530e140d6a3c223c9f2127cd6,324.3019473979997,531.21273,KingZeManel
2026-10-10 09:35:14,day,mentions,8,0x1e934f01216bf34b277eaeebe2c81183bed278bc,296.00667848,419.15,jesuslovesy0u
2026-10-10 09:35:14,day,mentions,9,0x6f6465996df846d5a8954df1159a72f5e78732b3,294.9408,0.0,marketmover-344
2026-10-10 09:35:14,day,mentions,10,0x0cb10c40b0776e9ee8cef970af85724654dda76c,262.93717132999996,322.84186,Quarrelsome-Branch
2026-10-10 09:35:14,day,mentions,11,0x7b243a801ba512d41534537f8579a95e7d6eef34,251.45,0.0,foolishcactus
2026-10-10 09:35:14,day,mentions,12,0xefde9ff487fae209ab6e3157a8acb4276f9c783d,228.58617881999987,911.275412,Umaroth
2026-10-10 09:35:14,day,mentions,13,0x30fb41b5a08fff5d3dd983f6323e3343931a7db4,208.19660008500009,359.4,tradetosurvive1
2026-10-10 09:35:14,day,mentions,14,0x165ed327dd594bfe95a5a9836cad385813cff5aa,200.46399849,0.0,controls
2026-10-10 09:35:14,day,mentions,15,0xa7fea388f955a9517067111030eb771c6d911f3e,188.632273425,619.0000000000001,Faston
2026-10-10 09:35:14,day,mentions,16,0x927ffeba73eb63ffb7e576aca7d32f78e54be7e7,172.68988,300.0,ClydeCash
2026-10-10 09:35:14,day,mentions,17,0xf797d4d1c038d1eb0593edae0e66bf8e4b2e0bf2,144.65421665999997,0.0,DerDon
2026-10-10 09:35:14,day,mentions,18,0xa3e22cd32aa9238ef7dbcfb4761e33b9eaa1fdf8,138.14850985,0.0,pootytherewardfarmer
2026-10-10 09:35:14,day,mentions,19,0xe5dcd52630848fd7803cd13c09208e8876f835f9,119.88,222.0,VFALL
2026-10-10 09:35:14,day,mentions,20,0x30f67d821c57a54e25e5e521dbd3b5b18309004f,112.85919400000003,294.959194,shiifoo
2026-10-10 09:35:14,day,mentions,21,0x66c1a6fe836ff555ca32848646acedbbe93bfa3f,112.23662999999988,1699.02,TiP-TOE-WiN
2026-10-10 09:35:14,day,mentions,22,0xafaa81b76de6f6c63ded1ea37b432000f07f3bb4,111.10603526,13.984428,0x8a2109803637C1902DF8C8baba39C1bD0dA7053e-1772993968950
2026-10-10 09:35:14,day,mentions,23,0xac4a1fabdac2438d6afa2a9e8e83845310a0bf1e,103.28770000000003,0.0,HerrieDavis
2026-10-10 09:35:14,day,mentions,24,0xd4ce0a7ae5c0f1df855ffcb2d37aa26b66d496e8,75.68570512000004,93.135843,l1v3
2026-10-10 09:35:14,day,mentions,25,0xa9175ba1b3ed219d392bd6474f0da4492c884e8d,66.0,0.0,cooljit
2026-10-10 09:35:14,day,mentions,26,0x154e1febdde45605dc2ef3f83a2e1905d1c2911f,62.80977506500005,741.527569,ms1910
2026-10-10 09:35:14,day,mentions,27,0x0af4aae99b519b675b38eb39afc7ffe3ff0a89b4,59.9934552,0.0,Xzibit69
2026-10-10 09:35:14,day,mentions,28,0x5fa5a4e1f73173f0a10ec704bddea03b08c6b7a7,44.1,0.0,bertross
2026-10-10 09:35:14,day,mentions,29,0xbea0922d263ae8ee61faae1fa642915691aae19d,43.73582450000002,53.31,aliiz
2026-10-10 09:35:14,day,mentions,30,0x5b6331e7ff0831a3fe2ed12004747db1a9c911a4,43.195049999999995,0.0,neutralwave23
2026-10-10 09:35:14,day,mentions,31,0x3c1551a25ecef3a35f94e7262f1fd4413a0145a0,41.50780949999999,16.700401,Garmonbozia
2026-10-10 09:35:14,day,mentions,32,0x2382bc1a87a891090a5a4f43ba30e013ceb04628,40.491119069999996,25.13,mannyp
2026-10-10 09:35:14,day,mentions,33,0x7b89e13ed9d50428c466c6557c930ab17e4eddae,36.92489421500001,45.815967,etghzcer
2026-10-10 09:35:14,day,mentions,34,0xf9b5e9803ea977b7111c9b7728ac6ea97f361212,35.1375,0.0,0xf9B5e9803Ea977b7111c9B7728aC6eA97f361212-1765800007149
2026-10-10 09:35:14,day,mentions,35,0xd16f8c10e7a696a3e46093c60ede43d5594d2bad,33.86819502,0.0,0xd16f8c10e7a696a3e46093c60ede43d5594d2bad
2026-10-10 09:35:14,day,mentions,36,0x510f4963b66b1b18505faab74b0bb943d1dda43c,29.9766259055,246.417852,PPMT
2026-10-10 09:35:14,day,mentions,37,0x2413e282613eea16dc12c4079a34815eba5ff6c6,26.470587999999992,126.470586,d23d3d
2026-10-10 09:35:14,day,mentions,38,0x9ba43501360dcacaca09caa523401c7447d8f8c2,24.195499999999996,335.94,BipBop
2026-10-10 09:35:14,day,mentions,39,0x7c14bdd7d62b9a7824c220ee39a9b58773f05783,24.103378079999978,0.0,0x7c14bDd7D62B9a7824C220EE39a9b58773F05783-1773587380195
2026-10-10 09:35:14,day,mentions,40,0x80f9fdf81ed5089cc017d6ebe40bdc0a2ff43ab9,23.99929440000001,150.0,AllTheWhimsy
2026-10-10 09:35:14,day,mentions,41,0x3eccb67e467ab5cade77e17fe8b407450d691d30,22.04919297,0.0,EmeraldEdge
2026-10-10 09:35:14,day,mentions,42,0xf9efef8ec6235e547ae1ce1ff0de4347e68320eb,21.754158634999385,91.36666,jeev
2026-10-10 09:35:14,day,mentions,43,0x75acf1aa88a3f5c613f2214486b91fa9fc1f33d7,21.245512919999996,749.1823079999999,badatthis
2026-10-10 09:35:14,day,mentions,44,0x8bac187090f39ad42cf3477ab0d3a87165715b0e,21.12077068500001,2.173914,UpTheStairs
2026-10-10 09:35:14,day,mentions,45,0x961b2866b349bad732c6fce081af9090be4d2b00,20.382198595,71.408856,erFiodena
2026-10-10 09:35:14,day,mentions,46,0x44be4eede261be7f65bd670dbd605ca799d016f7,19.114729789999995,90.271994,0x44be4eede261be7f65bd670dbd605ca799d016f7
2026-10-10 09:35:14,day,mentions,47,0x4b8ae011176b76888949476d7fb7a56985faf4a4,18.77444607500024,0.0,chessplayer
2026-10-10 09:35:14,day,mentions,48,0x62382a696ff02a618d8e143d4f0067ad02ce57c8,18.39344298,0.0,ChilmarkGeneralStore
2026-10-10 09:35:14,day,mentions,49,0x5d4e7162788ea03494e1127d4050a66a531c360c,17.78019749500004,25.496843,0x5d4e7162788ea03494e1127d4050a66a531c360c
2026-10-10 09:35:14,day,mentions,50,0xabcb905604117fcf98f6e0acba4145b9bdfb0448,17.45235976,0.0,0xaBCB905604117FCf98f6e0acbA4145b9BdFb0448-1786813325408
2026-10-10 09:35:14,day,mentions,51,0xcfb81e67b065ae43d3e4449f1f50f6dc10bbe602,17.121212170000035,0.0,johnsmith692106
2026-10-10 09:35:14,day,mentions,52,0x8f3166b79a019a1f451d86513604ffa1f74a84a2,16.831999999999983,0.0,0x8F3166B79A019A1F451d86513604Ffa1F74A84A2-1785673333356
2026-10-10 09:35:14,day,mentions,53,0x9cfb3a752518d4ef6ece9040092e33dd1bf178f9,15.310063844999998,0.0,0xdD6F68EAa2665B0dB422d1073F6917Ab7081056B-1775104715279
2026-10-10 09:35:14,day,mentions,54,0x3955c2c2b4fa13fb8607eefae9ace787f6fdc4b8,15.287283790000005,0.0,Olena758
2026-10-10 09:35:14,day,mentions,55,0xa400008ab672cc8a19928aa0a49852f80d1c14bb,15.168000000000003,0.0,0xA400008Ab672cC8A19928aa0a49852f80D1c14bb-1779714772177
2026-10-10 09:35:14,day,mentions,56,0x1690daedf91758fa77ec220e1caf590a745cd6c4,15.090799999999998,0.0,coconono
2026-10-10 09:35:14,day,mentions,57,0x4acacfdc568abb7c574bc815705eaa9e32afd2ab,14.950000000000017,0.0,flamencoflamingo
2026-10-10 09:35:14,day,mentions,58,0xad5353afe30c2da57709e2704ef3ccdcf67eef24,14.560349999999968,0.0,AJSV
2026-10-10 09:35:14,day,mentions,59,0x8e31fa9662ef93e357846ffbace5b53e7b0e30b1,13.60485,0.0,0x8e31fa9662ef93e357846ffbace5b53e7b0e30b1
2026-10-10 09:35:14,day,mentions,60,0x6510c97e4d3c6d7d3bab835e824fbf9d8447ea95,12.738644999999998,121.61,tbyck
2026-10-10 09:35:14,day,mentions,61,0x9a5c8cfd54064d1527a5ba2e99a80c2e603dd919,12.52588200000001,83.50588,Xxxyyyzzz-552
2026-10-10 09:35:14,day,mentions,62,0x6e881e6e5035cdbb7c2208013af4db2793b2bd30,12.0,0.0,alligatorr
2026-10-10 09:35:14,day,mentions,63,0x9f300e1b1b086290fa04c4c8f40cb6a10e95bb5a,10.697100000000148,666.1400000000001,gettingdrained
2026-10-10 09:35:14,day,mentions,64,0xd322042a30de8e21855f35d064a734aa0c228503,9.868449999999996,0.0,bechamel
2026-10-10 09:35:14,day,mentions,65,0xe84f445577b5ac1083870c12ffbc5e1ffe86af9c,9.6,0.0,kitty07
2026-10-10 09:35:14,day,mentions,65,0x21fe77f7c7861c5f0a70a26ae86dfbaf1c5eda90,9.6,0.0,rjpoly
2026-10-10 09:35:14,day,mentions,67,0x710f58ee5a92782d4846469beb85c39999a3b26f,9.517241760000001,0.0,0x710f58ee5a92782d4846469beb85c39999a3b26f
2026-10-10 09:35:14,day,mentions,68,0x5d64f1a4841c4f4aff035f5234bcbf6d4f87d216,9.052843705,0.0,neon-onyx
2026-10-10 09:35:14,day,mentions,69,0x716934e59ade35d8c7469816542e368e744e3ca6,8.756265794999997,0.0,0x3329cfc2b8d8ceb8d198f081bdf4262f421f43a
2026-10-10 09:35:14,day,mentions,70,0xcf279d521e62d60848dbfba1791617dc9a99f35f,8.502468810000007,40.07,EkoCam
2026-10-10 09:35:14,day,mentions,71,0xf5286079ada8dcfeaa44f7f1c87e1ec37c127e5b,8.394390114999997,15.993093,garbagecollect4
2026-10-10 09:35:14,day,mentions,72,0x953900aec918b1a1e857f31abb9cdb1256e6267b,8.37692328,0.0,4sales
2026-10-10 09:35:14,day,mentions,73,0x3be4c4c6d778a4d990f8a775d95b55dc76ce94d6,7.895527425999944,631.6424760000001,2762951793887444
2026-10-10 09:35:14,day,mentions,74,0xd47cedcdf3b5c452d039af63882caac7ba9cc70a,7.8436477149999995,10.0,sadfsadf
2026-10-10 09:35:14,day,mentions,75,0x06809baf3a622b1cd97d08e761a2477a12ef4ba7,7.35,0.0,asdfasd11
2026-10-10 09:35:14,day,mentions,75,0x62503ade6283cb45ef6c9d893b23fd6c0224f49a,7.35,0.0,lll918dd
2026-10-10 09:35:14,day,mentions,75,0x920982016f164649336a38e564b46cde0a91a393,7.35,0.0,ddaasdf
2026-10-10 09:35:14,day,mentions,75,0x3c7bdc9a09de1882fad994dce361a20657a36863,7.35,0.0,bbd113d
2026-10-10 09:35:14,day,mentions,75,0xe39fee5bafbee22b5545c06159dc7cf0451bf224,7.35,0.0,kk8s118es
2026-10-10 09:35:14,day,mentions,80,0x9d17ff92d8fdff0c70a384bf1da84b7cd8bdc777,7.108749999999999,6.03125,ddadsf
2026-10-10 09:35:14,day,mentions,81,0x4e65c9cfd7e345cb6284e9016c28193fd78e7a19,7.0,0.0,weather-vane
2026-10-10 09:35:14,day,mentions,81,0x4462e46cf0d31466693058893f4913e2411fbfdf,7.0,0.0,needleladder
2026-10-10 09:35:14,day,mentions,83,0xe77b0f75dad2da6addff45321ac04e4f95f44938,6.024261900000001,0.0,BetterDeadThanRed
2026-10-10 09:35:14,day,mentions,84,0x6936431c93a525f454d1bb914c107f926c86a45e,5.561519999999973,0.0,OnlyPhan
2026-10-10 09:35:14,day,mentions,85,0x28ca4e9a04531f2eac0c2770f95db4e1c6a65d19,4.7244890000000055,168.70445,DuneMentat
2026-10-10 09:35:14,day,mentions,86,0xe32ba8056116cf527f71e4c16e2199ecf7ce8871,4.39247937,0.0,0xe32ba8056116cf527f71e4c16e2199ecf7ce8871
2026-10-10 09:35:14,day,mentions,87,0x4090365992bf22d152fa9fba4aab12c00499fd58,4.207872225000008,0.0,priorlab
2026-10-10 09:35:14,day,mentions,88,0x9f52071b6fdcd304bf00b155336873a7005fb086,4.13861421,5.71,paraholic
2026-10-10 09:35:14,day,mentions,89,0x175587b19705f7fcb44b6ef3569809ca0ebfd86e,4.134904724999998,12.32,lantique
2026-10-10 09:35:14,day,mentions,90,0x8482f6717a2573fd5001cc414bdf06fc47753f7a,3.916401794999974,355.237827,Sp0rtBaby
2026-10-10 09:35:14,day,mentions,91,0x60e4c9514611686907c96aa991df69fe68adf926,3.675,0.0,0x60e4c9514611686907C96Aa991DF69FE68adF926-1773931422199
2026-10-10 09:35:14,day,mentions,92,0xe7025ec23d5d005e53accf41ff060816f5bcd88c,3.3,0.0,fknneedmoneyfordebts
2026-10-10 09:35:14,day,mentions,93,0x5f006d47215ea1c6a3efd3a818adfcb9ad647e3c,3.2,0.0,dars007
2026-10-10 09:35:14,day,mentions,94,0x23c46463c281deb26a041fdcc24ae9c5d7629c42,3.1956000000000415,250.60000000000002,oidocrop
2026-10-10 09:35:14,day,mentions,95,0x1aa836dc906a84ca61c49452f4f1f9238cd2e5a3,3.0486412949999817,296.008473,goosemaxxing
2026-10-10 09:35:14,day,mentions,96,0xacfe5bbc96fb4976ecc4693997c063c332bfc247,2.9800000000000004,22.923077,bakanabaka
2026-10-10 09:35:14,day,mentions,97,0x54498e4c40b17261479aeaeeddf9cc37bd46992b,2.78793144,0.0,0x54498e4c40b17261479aeaeeddf9cc37bd46992b
2026-10-10 09:35:14,day,mentions,98,0xd182c0d2b29533afad70e59ec549feb328ff0783,2.6879999999999997,0.0,suvorovv
2026-10-10 09:35:14,day,mentions,99,0xf6f1282b3e2ae0e1560d16be3ea9ccd079897da3,2.598379999999999,25.625511,MarquisDeMott
2026-10-10 09:35:14,day,mentions,100,0xdc05311686dfc7f63830a0144dd1bcca4c719a76,2.535120609999999,72.432018,galhammerman
2026-10-10 09:35:14,day,weather,1,0x2e3ecedec4b004c61670f0dcda382ec0da1f0f92,11630.913087644974,53076.09,hello.67
2026-10-10 09:35:14,day,weather,2,0x8b38c6d5b0249d024182521164be26f1f2067ba3,2103.3901104999964,9520.449,horrerex
2026-10-10 09:35:14,day,weather,3,0xa0598f4eefc09aaae3abf652915a52a04bfddbcf,2066.3432018409994,5526.801781,BrettAutomatic
2026-10-10 09:35:14,day,weather,4,0xcbbc5e035504421b084ad9248b660f6e9618b5d0,2048.5166104904997,14533.246229999999,VibeTrader
2026-10-10 09:35:14,day,weather,5,0xeb1b3ef2729ab7be83e1337ec81f24467c7f87c0,2020.636449861497,12396.964632000001,0xeb1b3ef2729ab7be83e1337ec81f24467c7f87c0
2026-10-10 09:35:14,day,weather,6,0x65f7226a82e093e5115e47ec2f4f7e733cd28b98,1038.9269985365,12544.119385,0x65f7226a82e093e5115e47ec2f4f7e733cd28b98
2026-10-10 09:35:14,day,weather,7,0x5bb3c034a9078b5f3b2f91e0aa59e9cd03c42c94,868.4933540715002,16297.766878,0x69f9...yy16hh
2026-10-10 09:35:14,day,weather,8,0xa7d2ec6680f4e5f6ab0da244d8006eec3e20f954,846.483002140496,8103.105364,KiruaTrading
2026-10-10 09:35:14,day,weather,9,0xf9f2fadb03a828f3024227034283e638bb73771f,622.0937047864984,973.408036,api3799
2026-10-10 09:35:14,day,weather,10,0x5bae7577f470244ce8e678d20693eee2b8ffed25,589.9320841969992,3208.3180620000007,OutOfMemory
2026-10-10 09:35:14,day,weather,11,0xce0b1054a2adb61a3efe8bcd42acc8d40154b974,570.2194506115,10465.808331999999,241532532432
2026-10-10 09:35:14,day,weather,12,0x8e40e10d9b34b28c77c4962be5026c6fdd1f3797,562.581904964,1955.0789639999998,LowTempTation
2026-10-10 09:35:14,day,weather,13,0x5356afa05f2ea3b840eb2646819ebfb891b9f673,551.0182086285013,3354.4988759999997,0x5356afa05f2ea3b840eb2646819ebfb891b9f673
2026-10-10 09:35:14,day,weather,14,0xf0f86cdb6872730ca12c84ff8b014a539b8c325f,541.1545599999985,5401.98,V1nch0u
2026-10-10 09:35:14,day,weather,15,0x7d640ebd20cf136bee351100438bba44ca2e07f8,523.3528609009987,1579.166959,zytzrh
2026-10-10 09:35:14,day,weather,16,0xb2099689a0fb0138c48f92619d516e432cbbad88,519.2157014730008,2575.34,arehovbrow
2026-10-10 09:35:14,day,weather,17,0x556bb60768b7f4bea93632abf2b333357d7b4e33,513.8509765515,5344.1661,weather-alpha.con
2026-10-10 09:35:14,day,weather,18,0x6011655c4afb76f36dd1b08a137a1ba73466b31e,459.61626,5285.420000000002,HighTempTation
2026-10-10 09:35:14,day,weather,19,0x5b721da0811d071808f129537b7052b819b8bedd,436.7142735595001,38131.777535,Calimer0
2026-10-10 09:35:14,day,weather,20,0xc2a0547c20e75f8b2b84bdbe3443a3836534a786,410.87330862699974,19865.840412000005,0xC2A0547C20E75F8B2b84BdBE3443a3836534A786-1790828192005
2026-10-10 09:35:14,day,weather,21,0xe7e91d5d52b1524ddf6e83082d2d8b012a78fb3c,398.5199049999999,5416.620000000002,sisan33
2026-10-10 09:35:14,day,weather,22,0x686880eea810fa9141be46a1acec9eee41755198,366.30673265900015,11079.959463000001,opopv3
2026-10-10 09:35:14,day,weather,23,0xc4b5a673f69683a5e58730755ed51a49ed59171e,365.33560999999975,6919.58,johnpudricion
2026-10-10 09:35:14,day,weather,24,0x564f22744b7941ade18d5e0e4f347c30e3057026,354.0559450000012,2069.77,molodoyy
2026-10-10 09:35:14,day,weather,25,0x726e9d517a96053a87d3beafae95a3678539aafb,341.6142546065001,2407.507071,WorldHelloER
2026-10-10 09:35:14,day,weather,26,0x24399b4ca3fe6d8a31a6695b98b90cba1fa912d2,341.06317507499995,614.97,agreereee
2026-10-10 09:35:14,day,weather,27,0x8d3d22a12e32e11a20bd36fd5dda22ff122e31b8,337.1174650000001,134.0,superhappymonkey
2026-10-10 09:35:14,day,weather,28,0x8fbd7cf5f806f563080864694415829f7229a959,316.66025106250004,2215.017163,badatmath.
2026-10-10 09:35:14,day,weather,29,0x26123cbf0f4820f7e70408a8c054ba7615c05289,289.2293186109978,11703.672984999997,nexvs
2026-10-10 09:35:14,day,weather,30,0x14adccff0397f7ecf2776739f9b7d0ccd85669f5,275.62056828550044,552.885985,cvcvbvbvbMM
2026-10-10 09:35:14,day,weather,31,0x2549f943f7c16ce4d2d282c93ce4156e303ec8b1,272.3644492000001,1476.1183339999998,nailongbaobao
2026-10-10 09:35:14,day,weather,32,0x7076cb961e87bd22199445d02fe22973510cd0d9,261.77999354799977,5400.476166000002,5a82666suyuchen
2026-10-10 09:35:14,day,weather,33,0x73534402899084573c0f0ddc003674eba01cb6c5,229.91230660900283,14941.282460999997,newbie147
2026-10-10 09:35:14,day,weather,34,0x3f0b450ec6b45633f60c16bbaabed9fdbd1ad571,219.008193039,1296.767875,0x3f0B450Ec6B45633f60C16bBaABeD9fDbD1AD571-1773606770537
2026-10-10 09:35:14,day,weather,35,0xeeebed886561422deeceb2b21819aeb53b6e1157,213.98029577949995,3974.284162999999,LuckyRabit
2026-10-10 09:35:14,day,weather,36,0x229c0a7d92977a9934e5ac2348d507988996b966,208.57303745749977,8352.308218,qqqppp-l1
2026-10-10 09:35:14,day,weather,37,0x93dd5294fbf8c35190c4616ecc63d9cf88e34ed5,204.27679495950002,285.29443200000003,Descubra
2026-10-10 09:35:14,day,weather,38,0x49ae18c82dab9fd3a2bb84d0a96c3ded503ff3ba,204.16635500000007,314.9,Gemini456
2026-10-10 09:35:14,day,weather,39,0x59369f79bd0c30700a9e9594727d3d51449fc2d6,203.90695833649974,2534.57717,trademaster4000
2026-10-10 09:35:14,day,weather,40,0x0a0c42f6b1da5a633ec1a4d45ba76eb486c1a853,197.7323674099996,1631.8275839999997,WrongBy1Degree
2026-10-10 09:35:14,day,weather,41,0x331bf91c132af9d921e1908ca0979363fc47193f,194.855942108997,2574.59,BeefSlayer
2026-10-10 09:35:14,day,weather,42,0x00482ed30ead06a69be21d2ebd3aacc8869a5861,188.8442599655001,1366.34993,Bertrame6868
2026-10-10 09:35:14,day,weather,43,0xd67e5ee2538b30d8caabb43511ab0485908cad55,177.83039946449998,1688.4937730000001,Glyshboo
2026-10-10 09:35:14,day,weather,44,0xf4f88a1e25ff5dfae68326eb62049d6a1b7c5bf1,174.1329328879998,307.954276,cosmicsteaks
2026-10-10 09:35:14,day,weather,45,0x1d617b17834decf2c4d703ee198197b43e5a2d9d,163.949190414,993.385423,Xtime2payx
2026-10-10 09:35:14,day,weather,46,0x7c592216c70d0384c97d4b06ffe5318254f40c2c,160.52880486350023,8947.708384,WizestWizard
2026-10-10 09:35:14,day,weather,47,0x1ba75514fa9dcd48d5eea3a2ae7c1fb990353d88,158.74964897899994,746.991021,mahmed-abula-ibn-mahmud
2026-10-10 09:35:14,day,weather,48,0x92e4245b36e042ccf737454e71cc6d342e9080df,157.62126188049956,4274.609399999999,scrrra
2026-10-10 09:35:14,day,weather,49,0xb9012e0d9b60d3920286309328b935cdfa609fc4,156.4864126124994,8884.67,Weatherstappen
2026-10-10 09:35:14,day,weather,50,0x38cf9743eb70188664d388d84d4aa4c6f40fd885,151.84500499999984,782.0100000000001,Leclerc04
2026-10-10 09:35:14,day,weather,51,0x9b7b804c3bf0342ea073c30244a0d0228e7bec5b,151.79479150296538,50040.645006000006,Sylar012
2026-10-10 09:35:14,day,weather,52,0xa89c53d1794961210c040e8edcb0b38eee741410,150.402253212,0.0,ZhouCD
2026-10-10 09:35:14,day,weather,53,0x0d984ba8bbbb5e62508ad990e47f47bc06c5261e,148.98558999999932,6937.54,SayuCTZL
2026-10-10 09:35:14,day,weather,54,0x6a8d1709bfb718d8555d315a983c4816278350f9,148.6256434945006,1290.870443,OnlyLuckNoBrain
2026-10-10 09:35:14,day,weather,55,0x7bd9019211677f5db6e221d6a6da030ebcd0bd75,145.9447817949963,19.94,fElon
2026-10-10 09:35:14,day,weather,56,0x38a1b79cc3b9c1742ac047c8c6e39e2f8aaf3154,142.47261000000094,2375.47,wtrader2580
2026-10-10 09:35:14,day,weather,57,0x8a25f9c7d093089c808f514b161a1e40be44ba81,140.78401000000002,1349.3200000000002,YuanX33
2026-10-10 09:35:14,day,weather,58,0x0173c252eef07f0336e4733305ea8c9161a65632,139.8851287514999,332.45,yongzhuanziben008
2026-10-10 09:35:14,day,weather,59,0xa6c7b4aa6fa2df973694e78b010b4750bb3e3132,138.5962263,1186.87815,Alexsago
2026-10-10 09:35:14,day,weather,60,0x33dbd288e654364bf437712e5cfaaf4cdf727d5a,137.90726945199992,29.16,ehhhm
2026-10-10 09:35:14,day,weather,61,0xb40e89677d59665d5188541ad860450a6e2a7cc9,135.9840026330121,16159.362036999999,Poligarch
2026-10-10 09:35:14,day,weather,62,0x4343bf61fc3d5d3f233e6b79c5c5c43cf81f8dea,135.0707349459999,0.0,sky886
2026-10-10 09:35:14,day,weather,63,0xc164d4aa39ad93a2c053bc9e911d37a6ef95454d,133.1690271315,5776.657905,124aaa
2026-10-10 09:35:14,day,weather,64,0x3f41732df5afa542082d9878fa94a9f19e769979,131.69897676,1904.9353850000002,FrogCharts
2026-10-10 09:35:14,day,weather,65,0x5e7eaf1647fa9db1e43ce1cde2c183a486312cb6,131.55242595250047,0.0,0x5e7EAF1647Fa9db1E43ce1CDE2c183A486312cb6-1790262226934
2026-10-10 09:35:14,day,weather,66,0xd55b9bb4f3003a4f41cb544f669b8631fafe9469,129.79993376400012,1477.8563450000001,How-are-you
2026-10-10 09:35:14,day,weather,67,0x80bba56f49e965321d3e93c0b3afc6d5814eb8aa,126.57220428750588,4584.424625,annieleon
2026-10-10 09:35:14,day,weather,68,0x0e0e8174e213ff2c2ccb30c5652a7b7d77c72d75,123.06660039200005,1185.835652,AuspiciousWolf
2026-10-10 09:35:14,day,weather,69,0x5f211a24da4c005d9438a1ea269673b85ed0b376,122.13665611799897,45.581396,dpnd
2026-10-10 09:35:14,day,weather,70,0xf98bd2ae6c3ca38f43934b6b7b967de257f56a1a,117.66788181450102,4529.268480000001,maryakke
2026-10-10 09:35:14,day,weather,71,0x3fad2d0bd001093fab820094e7a857fc08251a08,117.51164291499992,1513.992083,0x3fad2D0bd001093fAB820094e7a857fC08251a08-1778240324586
2026-10-10 09:35:14,day,weather,72,0x1b29fd072a61e82c870034e25bd81169ef70f288,115.55318025399993,1018.453713,quqqq
2026-10-10 09:35:14,day,weather,73,0x8a19890daccd81dc8eab48ea8a311d2a801e073d,114.32012334000024,952.853058,Tokyo.is.hot
2026-10-10 09:35:14,day,weather,74,0xf9a34f1ef3fab969992825ea4c121a2083907a4b,114.21775975900002,3850.235518,bingkuai10
2026-10-10 09:35:14,day,weather,75,0xb89bfe9b9813607adf83489e0dca6ab25c4d1a22,112.64109071449985,4397.472121000001,fastestclick
2026-10-10 09:35:14,day,weather,76,0x21d0c129deb8a7f7e1569045200d20e23862ce91,110.97481423150018,14.59,DEGENKHAN
2026-10-10 09:35:14,day,weather,77,0xe53c335b0de473132c06b4fa6463b721fbdbe569,107.35253607300001,0.0,hithitfar
2026-10-10 09:35:14,day,weather,78,0x73e0ccf58caf8a62eeb2970645dce32d0978e538,107.24962500000038,1691.58,underwaterdruid
2026-10-10 09:35:14,day,weather,79,0x95dcb3d91f4c83b09fbc5a8b6f52a4a45d134b45,106.38493499998276,3382.2099999999996,iliabouchouev
2026-10-10 09:35:14,day,weather,80,0x660c8aa54920cb6beb83479d39af563dfd987f7a,104.66310657949998,208.929014,QuessTea007
2026-10-10 09:35:14,day,weather,81,0xd2b6f6c59cdbe9e47919120ecce858396d67ed4e,103.34798035399945,11239.910106000001,xrsss
2026-10-10 09:35:14,day,weather,82,0x501c9ecce9236992794cd12e88d22355e6454d6d,103.0609980065,2782.5420129999998,haiwenxiang
2026-10-10 09:35:14,day,weather,83,0x164cb85e1718d0a8f95d588b08fbb52b34233e39,102.34604613700012,1925.1343579999998,windy-weather
2026-10-10 09:35:14,day,weather,84,0x01ced860d8dca5d7987579d2a2635df8520d27a2,99.56926500000026,764.99,CreamCream1215
2026-10-10 09:35:14,day,weather,85,0xb1fea3922a1998248cf2ae51f740b9be2bb7423a,98.74149522000005,666.371606,Mr.Frog🐸
2026-10-10 09:35:14,day,weather,86,0xbc4e46aa57fc149c046e847dfe5ae536db697dbb,97.509194514,1084.398393,Dadapple
2026-10-10 09:35:14,day,weather,87,0xd934049d1369190c9307fff692211cd323cd60a0,95.96966298699977,10472.358953,0xD934049d1369190c9307FfF692211cd323cD60A0-1723092059589
2026-10-10 09:35:14,day,weather,88,0x31fed1eb28687d3ec173f44c417be1a9addfad2d,94.67543999999998,6550.32,johnsalchichon
2026-10-10 09:35:14,day,weather,89,0xbbb4a10b112615221186bfbaf1bba0a3931059e7,94.608660525505,5801.812282999999,sdassdg
2026-10-10 09:35:14,day,weather,90,0x980b778659bb90ea06d1019eb2883786f8cb4f24,94.52415938699966,394.5712259999999,0x980b778659bb90ea06d1019eb2883786f8cb4f24
2026-10-10 09:35:14,day,weather,91,0xb2c6a94d4a008efd6cbe800b2427fd0b91cb3654,91.24158647499985,0.0,CNPre
2026-10-10 09:35:14,day,weather,92,0xe5b49b3b107cbf33f4e0644a9ee405596bf41e3e,90.68978286900074,0.0,Giannis2026
2026-10-10 09:35:14,day,weather,93,0x087832036d877284a544d4b4d45bc0ce27a97b50,89.06185710000318,1511.5400000000002,Halfa-Beta
2026-10-10 09:35:14,day,weather,94,0x6b17d237e6b7f74ce8171d6dc68e07bc21c803b2,88.30087055149988,1080.456515,rocky42007
2026-10-10 09:35:14,day,weather,95,0xb1fe8e3bacce4829bc4a434decbc6faefb4dcafe,87.96845437999957,843.38973,zQ5da3x9V9ErKAPO
2026-10-10 09:35:14,day,weather,96,0xc1dbdc828c6a67dd71de4f13a4ef1e7f56f8604e,87.73234999999988,2737.911,Ljj9713
2026-10-10 09:35:14,day,weather,97,0x52c6f65746744a8c987dd27c8727b8c27b8f4347,87.43351581499996,0.0,0x52C6f65746744A8C987dd27c8727B8C27B8f4347-1782855744707
2026-10-10 09:35:14,day,weather,98,0x19bbf4fddca1a201bc9a657ca84dea7a455158d5,86.62285514799997,281.766052,flynatol
2026-10-10 09:35:14,day,weather,99,0xaff9c02cbf68cdd744609279e41122c8803b64ff,86.44199557999997,1101.97331,weatherguru
2026-10-10 09:35:14,day,weather,100,0xbd84ec3cef7dcae63e57afda896257ef503a1ba5,84.79230731450036,1990.9732609999999,BlackShrimp
2026-10-10 09:35:14,day,economics,1,0x4d1de0d8bf27bbb1f34545e974cfb794ac8e01ac,350.84994622449994,0.0,oneoftheppl
2026-10-10 09:35:14,day,economics,2,0x0ffcad4963e25dc150774363f4061ebe840c8236,308.08539477101294,130.0,perfectnostalgia
2026-10-10 09:35:14,day,economics,3,0xe39783f92ee0985f1ab5fe514030f946825abfcb,285.66816500000004,1754.43,0xzipper
2026-10-10 09:35:14,day,economics,4,0x1d5f88f1b97317cccad804374e5bd847512e634d,268.1660768655097,641.84,firegold
2026-10-10 09:35:14,day,economics,5,0x1229233bad2fd7462955c6383448904b5432df38,222.12588604849952,0.0,Musk5
2026-10-10 09:35:14,day,economics,6,0x9e3ed7b661a903fc97afcf49e0f014ebe869f882,194.63325465000352,486.333334,0x9e3ed7b661a903fc97afcf49e0f014ebe869f882-1783406009396
2026-10-10 09:35:14,day,economics,7,0xf6eab31d96d24310f33f258bc48a01bd48bc0a00,178.6644487689975,217.34,LA17
2026-10-10 09:35:14,day,economics,8,0xcc033f89eb48f85ed62b727f0745bb651578d5c0,176.4021891389998,0.0,zhaoyk
2026-10-10 09:35:14,day,economics,9,0xc8ab97a9089a9ff7e6ef0688e6e591a066946418,161.2062047919685,1257.411815,ArmageddonRewardsBilly
2026-10-10 09:35:14,day,economics,10,0x8597ca63e722d6216bfc3057591fdc67ec49daee,148.10370000000057,0.0,Mr-Krabs
2026-10-10 09:35:14,day,economics,11,0x1f9e15f39bbd5d163b0eacf0fbef647ced9e4f1a,141.08306397199718,354.9,FrozenParasite
2026-10-10 09:35:14,day,economics,12,0x5cd5c8d7a17c78d7389d8b87b611aed83322ac33,125.19520409000074,577.359287,nonkenny90
2026-10-10 09:35:14,day,economics,13,0x3a8aa345d5db7ec5138298c8c4f4540259be7699,124.5089644669788,0.0,TheReturnOfDarthMaul
2026-10-10 09:35:14,day,economics,14,0x2ed8f7a10686dbb0fb15f5c3335f30e0043793d4,124.44684551449586,6.060608,podairpod
2026-10-10 09:35:14,day,economics,15,0x7e5972bfc25819775ee5a9d4f191919375487b8b,113.95095612199964,531.914883,Gaditima
2026-10-10 09:35:14,day,economics,16,0xf036f9631ae2fc83821b3a8581892109d506b8f1,113.45209999999861,0.0,Randomfool
2026-10-10 09:35:14,day,economics,17,0xff06e8c95b984f236a08be2c4b9909be306c2f60,108.4928392299953,0.0,cookedquail
2026-10-10 09:35:14,day,economics,18,0xfbfd14dd4bb607373119de95f1d4b21c3b6c0029,101.519425073001,0.0,XAE12Archangel
2026-10-10 09:35:14,day,economics,19,0xcaab19659b995951a44cc992447cb2ad5be324dd,95.09355119599923,903.82,QMG-CORE
2026-10-10 09:35:14,day,economics,20,0x7bb244d0c70293e66dee84f3d0623fbbbf7d682c,90.0,0.0,WongKimArk
2026-10-10 09:35:14,day,economics,21,0xb7d54bf1d0a362beb916d9cb58a04c41d67e0789,82.57921602000047,350.173914,marksman
2026-10-10 09:35:14,day,economics,22,0x122cb94c437ea5e6f088c6c0c143c592ab8efbed,80.4319299999996,366.48999999999995,Cb94C437EA5e6f088c6c0C143c592ab8EFBed
2026-10-10 09:35:14,day,economics,23,0x856f95bfdbb9b1401cfe56274c9a08df1e8ae1d7,73.06604528999992,0.0,55BURGERS55FRIES55TACOS55PIES55COKES100
2026-10-10 09:35:14,day,economics,24,0x94daa3bf531255d6565e937c7249d3918fa12bf1,66.0051765249973,3219.79867,SaracensCapital2
2026-10-10 09:35:14,day,economics,25,0xbdcb293dd41148a20895d0e818c0d96c0756e811,62.35873000000038,0.0,ourdemocracy2
2026-10-10 09:35:14,day,economics,26,0x6139c42e48cf190e67a0a85d492413b499336b7a,59.295644357002544,518.7054549999999,RememberAmalek
2026-10-10 09:35:14,day,economics,27,0x4138065c69134ea0fcfd13f8664a818dafbf6a24,59.18220000000002,0.0,Rox44
2026-10-10 09:35:14,day,economics,28,0xbf961d0c79db0bf55050cadc0995835f09c09942,51.49360344500019,1972.7785780000002,browne
2026-10-10 09:35:14,day,economics,29,0x7e01fb9dece74b0031696fe104fbcce421cc63be,51.364961596504145,0.0,KTKK
2026-10-10 09:35:14,day,economics,30,0x3eae57986be5e0ca435102ffe1f14206ffa2e2ed,50.737764999998035,0.0,thoodr
2026-10-10 09:35:14,day,economics,31,0xef13bdcecd9c13e4a07bb20924657f3b110263d9,50.635328538999886,198.57974499999997,johnashbough
2026-10-10 09:35:14,day,economics,32,0x67ce0b32276a178f6b2f9ec4f82850d0abdacd2f,49.45602208449991,407.803096,anonymoususer10
2026-10-10 09:35:14,day,economics,33,0xc9a6c791adbcdbb458361aa87c18b0c0c803cd3b,48.642649225000085,3386.4141350000004,6ghtrdh8
2026-10-10 09:35:14,day,economics,34,0x49f206f4fb2210a28af4795e4e0b6532cf0bd7b4,47.13914893599984,67.94,0x49F206
2026-10-10 09:35:14,day,economics,35,0xbe74297ff19030f104ce1d538709f43b30eca70e,45.99340499999994,0.0,title1
2026-10-10 09:35:14,day,economics,36,0xa8c63f775ddbbe66b56614191747def3021444e8,43.84341634599326,350.44,Tenebrus7
2026-10-10 09:35:14,day,economics,37,0x727e819c79ac4eb555518cccdfd424d2d4cf8b9d,43.09500000000003,0.0,solder
2026-10-10 09:35:14,day,economics,38,0x80414319f0bd8b94f45e3f2e7435df3aa8a3fc83,41.98384999999996,0.0,DW1
2026-10-10 09:35:14,day,economics,39,0xef9fb7322631ecb96f40c7210006ccb4066d8924,41.555499999999995,0.0,vortl
2026-10-10 09:35:14,day,economics,40,0xd44d6c3adca37d7e172bb5ee52497dbd63202ba9,41.10520745099939,0.0,pray1ng
2026-10-10 09:35:14,day,economics,41,0xd426adbc3c4461c86099c26221c877f20e42334a,40.84790369000075,0.0,881112
2026-10-10 09:35:14,day,economics,42,0xfe1ad779b3ee5e0c3b67d5a6c5882d2f5efe6bcc,40.328701076999096,0.0,bufogodis
2026-10-10 09:35:14,day,economics,43,0x92ae45626388343e6fe1f2d03c109d04bc3c0376,39.99999793699999,0.0,kod.cip
2026-10-10 09:35:14,day,economics,44,0xf4f88a1e25ff5dfae68326eb62049d6a1b7c5bf1,39.926141449999704,0.0,cosmicsteaks
2026-10-10 09:35:14,day,economics,45,0xd218e474776403a330142299f7796e8ba32eb5c9,39.12338242250257,673.08,cigarettes
2026-10-10 09:35:14,day,economics,46,0xa66790e2b0075e73c3781ddaf1d0b875a3aaceb3,38.82125341249484,5.0,Elias.Thornwell
2026-10-10 09:35:14,day,economics,47,0x380002b00394456c8a247bcf115b5ee665f72325,38.12578888999997,0.0,Occasionalbettor
2026-10-10 09:35:14,day,economics,48,0x74471a007ddcc488f6d57b5e86dfb35a8d48a16d,36.464384999992035,0.0,tetrose
2026-10-10 09:35:14,day,economics,49,0xe258c02a1ed5c159f3268cf7728ba5706f8bd084,36.389806905,0.0,yikaiz
2026-10-10 09:35:14,day,economics,50,0xc6d0ff59ef83e7d6210c47d20408eb27b7844bad,36.3537900000083,0.0,strategy1.2
2026-10-10 09:35:14,day,economics,51,0xdd9c961288a032098076267bd665d407dac231a0,36.289439864995074,0.0,hippoka
2026-10-10 09:35:14,day,economics,52,0x8a8bc9920202f24e6bcefdaf21dd9e297d9e375c,35.919022894999216,7183.804762999999,tr1000
2026-10-10 09:35:14,day,economics,53,0xf6c9bf136dd67afb78942ce6f5e9ff64ef031c13,34.30924350499936,0.0,6idontknow123451334
2026-10-10 09:35:14,day,economics,54,0xa894ea33568d17d902d8b548ca5c316cff5553da,33.66023553549894,0.0,0xa894ea33568d17d902d8b548ca5c316cff5553da
2026-10-10 09:35:14,day,economics,55,0xe617861a96631d7cefdb1ad43e95c33b5946f251,33.58865325849911,0.0,0xe617861a96631d7cefdb1ad43e95c33b5946f251
2026-10-10 09:35:14,day,economics,56,0x037b1f854b0cd92dab0decc174a12e906d5da36f,33.075289999999974,111.4,alamedamemola
2026-10-10 09:35:14,day,economics,57,0x42018dffd61b34aefddec3f1a66bca505ca66133,32.765252858499935,0.0,worknplay
2026-10-10 09:35:14,day,economics,58,0xbd2b2070fc9c7e4fe5f0ed772ff7b7aa69d11a1b,32.4855336849999,12.0,almosthere
2026-10-10 09:35:14,day,economics,59,0xbb964ef5e8e922547b37a035ffe4730dc45c6006,31.34633471999996,0.0,User14657
2026-10-10 09:35:14,day,economics,60,0x96489abcb9f583d6835c8ef95ffc923d05a86825,30.155092994995357,0.0,anoin123
2026-10-10 09:35:14,day,economics,61,0x2d613c30614b68eada0a37d65bddf3778d981fa7,30.00004981500001,0.0,generalVR
2026-10-10 09:35:14,day,economics,62,0xfe754e6f081d09a9775e0aa558104974f43bc2b1,30.0,0.0,Provably
2026-10-10 09:35:14,day,economics,63,0x2a58cb03e4934ca46d03d80a3e531879402fb808,29.951672660500208,0.0,N.sam
2026-10-10 09:35:14,day,economics,64,0x8a554ec10e6fd05bba36215d17398e57d53e5126,29.507867697999927,0.0,jdbuffet
2026-10-10 09:35:14,day,economics,65,0x88d9152ebea621540ac6ea9a90e118d7c6f935c7,28.846199476499464,800.0,GotGreenWood
2026-10-10 09:35:14,day,economics,66,0x832bbb891caf3a24c7d1915d9f6369c4949b5c91,28.38977186449918,57.11,yoyobb2018
2026-10-10 09:35:14,day,economics,67,0x80a4552cdcde3b861b8adc146ab1fbd4711022cc,26.889774802497413,0.0,puravida
2026-10-10 09:35:14,day,economics,68,0xea837d5472f73559fcb68423e5444df247a05c8f,26.759111087999827,0.0,FATMAN
2026-10-10 09:35:14,day,economics,69,0x71ed0bc95433cdf1be29f43219725fce9addd9eb,26.668055143998572,0.0,d1k21
2026-10-10 09:35:14,day,economics,70,0xc8cd72181faf60f6131a36a5680407875b447405,26.60770403049969,0.0,0xC8cd72181faF60f6131A36A5680407875B447405-1787021104605
2026-10-10 09:35:14,day,economics,71,0x87650b9f63563f7c456d9bbcceee5f9faf06ed81,26.228916273499692,238.22700199999997,2B9S
2026-10-10 09:35:14,day,economics,72,0x5b9115312cb4fc2b2b57c65045e611092f222709,25.76665000000503,0.0,0x5b9115312cb4fc2b2b57c65045e611092f222709
2026-10-10 09:35:14,day,economics,73,0x037d21e935377734da7c2ebaba8c2066735100e3,24.88080349999973,0.0,MasterOfMankind
2026-10-10 09:35:14,day,economics,74,0xeface9902242b0399856f981600b907dcc9bc9a1,24.85664349000001,0.0,macrosteaks
2026-10-10 09:35:14,day,economics,75,0xf7a167c19012e78363ccc99e102794c86109ce01,23.936009275000004,0.0,WAOWAOWAOWAO
2026-10-10 09:35:14,day,economics,76,0x45183d9422c447dd1d55687edf3aef07965a1cac,23.110178666999673,0.0,Oskoreiter
2026-10-10 09:35:14,day,economics,77,0x3089e1a6e3e9122c328aebe47b86ff5e13b292f6,22.214289999999536,332.6,bonalddrunk
2026-10-10 09:35:14,day,economics,78,0xd03bc280ca482ee48826b72aa435a331a04e042b,21.62913786300055,79.264706,3iron
2026-10-10 09:35:14,day,economics,79,0x0130afd6f3efddf1c3e16e01217b172dd9befb49,20.792593822500294,0.0,123987456
2026-10-10 09:35:14,day,economics,80,0x890d33f9c1620806a98341c243f782fa63b215ac,20.56635499999993,0.0,OrbitSugarFree
2026-10-10 09:35:14,day,economics,81,0x2016ae048e1ff450e0449d809a6f435b68bc6dae,20.390555734999992,0.0,TahiaDjazair
2026-10-10 09:35:14,day,economics,82,0xa288476992285ab1535a19ff5cb5c31d494bf80f,19.858090779499946,0.0,0xa288476992285Ab1535a19fF5CB5C31d494Bf80f-1766059352725
2026-10-10 09:35:14,day,economics,83,0x990655efc3e4ff8d488af70c268e32f5df61c0ae,19.380460989499994,0.0,polio123
2026-10-10 09:35:14,day,economics,84,0x4d024ca7cc33791eb197285f685dbfc3a0fe2ad3,19.087723241499816,0.0,sunnynotbunny
2026-10-10 09:35:14,day,economics,85,0x229a22f5414c3300d52c4ce4305b6cf1938a3c6d,19.018038307000097,0.0,0x229A22F5414C3300d52C4Ce4305B6CF1938a3c6d-1768006681014
2026-10-10 09:35:14,day,economics,86,0x519556f235d1f76572211b03862f54ca178644eb,18.942569999999705,0.0,xiaoaojiang
2026-10-10 09:35:14,day,economics,87,0x4ffe49ba2a4cae123536a8af4fda48faeb609f71,18.792353870500015,1736.7334999999996,planktonXD
2026-10-10 09:35:14,day,economics,88,0xa15655c43a7e4b50190d1f14198e80da86a1cf02,18.75140701500017,192.57727599999998,Crabsoup92
2026-10-10 09:35:14,day,economics,89,0x4d417fb3c36b435dd5ba5f038c42ca70890b6aca,18.669453516999056,0.0,slobber
2026-10-10 09:35:14,day,economics,90,0x6b25c5c4d1e681d2203297803793ad8c732b7a69,18.558517202000303,0.0,0x6b25c5c4d1e681d2203297803793ad8c732b7a69
2026-10-10 09:35:14,day,economics,91,0x758dac51ba3cc9a246a79787da9df11c5f425d9e,18.428357919002337,12694.755468,a5533
2026-10-10 09:35:14,day,economics,92,0xe0dcc05376176f9f9e5160b9aae6f51e2ca93944,18.31194973000038,0.0,Dr.mett
2026-10-10 09:35:14,day,economics,93,0xb0fcea24160139269e0af107811e33d99d6ece0b,18.241616428999805,0.0,DancewithRisk
2026-10-10 09:35:14,day,economics,94,0xe74995389bfc1c24ca656e6c2502c1fca757f771,18.06840000000011,0.0,allenzzz
2026-10-10 09:35:14,day,economics,95,0x676c10a464c73fcc11e22665e52853fd1df8ce51,17.841650000000016,0.0,FishHunter
2026-10-10 09:35:14,day,economics,96,0xeba96ed3f877548dce47f7062fff11e391fd1eae,17.721389999999985,0.0,mgm93
2026-10-10 09:35:14,day,economics,97,0x147ca0f8d9941614565d85ae29563c8cbaedefd6,16.382315000999938,0.0,Wildanimal
2026-10-10 09:35:14,day,economics,98,0x08b40e81f0770dca4cdfe970668c0f7d7268624e,16.349331277000033,0.0,plytest2
2026-10-10 09:35:14,day,economics,99,0x0b4cd82afbda072e8139a1d6b4bc83d2e8ef4277,16.186874999999986,0.0,ply-top3-clost-twet
2026-10-10 09:35:14,day,economics,100,0xa49b6ea0a604c581f2a9569db42c192b1c487054,16.09300382499987,0.0,387411007415611814092217897387
2026-10-10 09:35:14,day,tech,1,0x96489abcb9f583d6835c8ef95ffc923d05a86825,871.5770261880009,82.96000000000001,anoin123
2026-10-10 09:35:14,day,tech,2,0xeed7c2e6c4e998fd50098b66144ee8dff01d16b2,844.1343975685003,188.0,grinder1011
2026-10-10 09:35:14,day,tech,3,0x2110ba2a1e18840109482ff4ddc547baeff45850,769.0089033324984,0.0,George.Smiley
2026-10-10 09:35:14,day,tech,4,0x4a0eecbf4d18cb6b868f30a7b6e75b7905b9a4b1,756.6334334300022,3421.79,forgotmydinner
2026-10-10 09:35:14,day,tech,5,0x8d1b5eac11d1c4ab43ddad3b3f62c8317c976e20,733.4610541584998,0.0,cucumberschicken
2026-10-10 09:35:14,day,tech,6,0xb1ca909e848cc24ec4e220ce1c453bc290c51705,695.9955526630087,6025.599999999999,KiernanMeister
2026-10-10 09:35:14,day,tech,7,0x819dfea4ffa9c4d3ef27f00e2dbac7e9e93507f1,662.7977997599992,0.0,JokerTheClown
2026-10-10 09:35:14,day,tech,8,0x5a218c7ad04135830a45c41aaed7294df7809318,661.4942550736084,2063.200911,balthazar
2026-10-10 09:35:14,day,tech,9,0x524db836890e08aceb3abcdee98d44240e324495,534.8777250299972,0.0,Mac-Gyver
2026-10-10 09:35:14,day,tech,10,0x4d3f30c41902b2751ac2df472fb14685369b2fa3,382.6952249999998,10.21,sugard
2026-10-10 09:35:14,day,tech,11,0x62cf46cd4c3af254dccfc37a7f93de265b4b5826,341.4790073389986,0.0,eCash
2026-10-10 09:35:14,day,tech,12,0xad5353afe30c2da57709e2704ef3ccdcf67eef24,293.433437402011,15301.898631,AJSV
2026-10-10 09:35:14,day,tech,13,0x876bb030ddd424ef505ae02914024cf18c6a1703,287.91910796700176,0.0,rewardbots
2026-10-10 09:35:14,day,tech,14,0xc004b035b67be284e0d1db56c39e865df6cac095,271.02336764999745,0.0,lamyk
2026-10-10 09:35:14,day,tech,15,0xf1ff40f082633619cd012bb96affb4ac7a645b03,251.97709722000002,680.48,ithinkthisisgod
2026-10-10 09:35:14,day,tech,16,0xeed8c2be411025120fb511ea2332dd0a1f6135f0,234.27392466099988,6389.685496,WarriorH
2026-10-10 09:35:14,day,tech,17,0x78048aa26ac1967566b8ed11910b529e5f2d7025,231.02700000000004,0.0,HorribleWork
2026-10-10 09:35:14,day,tech,18,0xf767fa803ef11754c87175515f071eb487b261df,209.26091999999983,0.0,poli.monaco
2026-10-10 09:35:14,day,tech,19,0xd8726283468c86fdb22755db72774a6c58fedfae,208.21355999999787,2759.3500000000004,Milksheen
2026-10-10 09:35:14,day,tech,20,0x3089e1a6e3e9122c328aebe47b86ff5e13b292f6,201.38035178999985,574.7921570000001,bonalddrunk
2026-10-10 09:35:14,day,tech,21,0xf29dbb8a92efb21e55094f0892a0a5d28b8fadd3,193.7200923999996,165.27,47Capital
2026-10-10 09:35:14,day,tech,22,0x576315d31495f237c216fb1973794838e6111c22,191.90190074249998,0.0,0B06
2026-10-10 09:35:14,day,tech,23,0xeca0c0888e34df59589c67fbe53dc7f298b5e8f8,191.04840688000058,0.0,StarMaster
2026-10-10 09:35:14,day,tech,24,0x5ecde7348ea5100af4360dd7a6e0a3fb1d420787,189.0894854159817,6448.1,0xdc3E831cad
2026-10-10 09:35:14,day,tech,25,0x215adbb63b47d0ca92f849fe2c2dc1adb0f6254c,185.18732386300016,109.89,BikesAreTheBikes
2026-10-10 09:35:14,day,tech,26,0x7272c0d9478ef6447f48a20a7db2839a61a4a67d,183.5999999999999,0.0,0x7272c0D9478Ef6447f48A20a7Db2839A61A4a67d-1735227193318
2026-10-10 09:35:14,day,tech,27,0x1ee9a5fc09665909c0cce297c581703bfbb9197f,180.1598384120025,0.0,vinii
2026-10-10 09:35:14,day,tech,28,0x43cb4ae1f4ddc9e671486c79c9f40a6fd98b84df,179.75716373099965,654.86,0x43cb4Ae1f4dDC9E671486C79c9F40A6fd98B84Df-1761656284271
2026-10-10 09:35:14,day,tech,29,0x014c4e7ae2145992861c2d1b124af633a97f820c,174.6983650000002,0.0,Hyperlong
2026-10-10 09:35:14,day,tech,30,0xe234959595e01dacd391a9502a6ad0edf4e3304a,165.79635380000036,0.0,0xa7517ed74c6b07843946e0e69cad10a9fa94e05
2026-10-10 09:35:14,day,tech,31,0xb637c89655ffa76e2ff7f5ffa8a19374d3f34c42,149.90489305699998,0.0,flywheelpoly
2026-10-10 09:35:14,day,tech,32,0xac4a1fabdac2438d6afa2a9e8e83845310a0bf1e,141.66769992300016,121.92,HerrieDavis
2026-10-10 09:35:14,day,tech,33,0xe0969a9ad466da69e034b271ef4e74ebd592be8e,141.35910767549905,120.0,MineYours
2026-10-10 09:35:14,day,tech,34,0x01309d49fd508ba7b2379967bdc7197e5b47274c,134.7574999999997,0.0,Fulgurator
2026-10-10 09:35:14,day,tech,35,0x97ead83eb0e6b7f142e63284791882f05ddf3363,133.07379197050022,0.0,Hakei.
2026-10-10 09:35:14,day,tech,36,0xd6f2a8289a6854a5ec1c24dfa55f1efded4de013,125.63081778000014,0.0,coockroach1
2026-10-10 09:35:14,day,tech,37,0x3c593aeb73ebdadbc9ce76d4264a6a2af4011766,122.23431000000346,0.0,eightpenguins
2026-10-10 09:35:14,day,tech,38,0x4c4ed674fde7dc998036b3ae92445d00fcdb297b,121.33916358700083,328.58000000000004,SingletonFamilyFund
2026-10-10 09:35:14,day,tech,39,0x652bff901f401f22b2da47ad1c5c4b5870b3f5c2,112.62648410499827,2052.81,0x652bFf901f401Fdhsk342kdjfnfk029abks13
2026-10-10 09:35:14,day,tech,40,0x35bbbad2415fe5e39b12da9a316cdc80b022009b,110.77659999999923,16299.6,MisTKy
2026-10-10 09:35:14,day,tech,41,0x11f8a22001686b0e40687c4c37c91e3428a0ed31,110.6655353214984,0.0,dedidanc
2026-10-10 09:35:14,day,tech,42,0x477f156a229f1a174fdf945c778b7362dd2b19aa,108.05405080800028,0.0,TradeDeficitArchitect
2026-10-10 09:35:14,day,tech,43,0xf9ac4c4ef54ee6010a28299ec1d616b63bf7806e,106.9543790485003,99.996922,RATHMA4
2026-10-10 09:35:14,day,tech,44,0x2c3928af89565c352afe8e2a1b25deed77a056dc,104.64857800399966,0.0,Dragontree
2026-10-10 09:35:14,day,tech,45,0x60a92c8620846d81f5ea17b0564e0d4b7c545a71,99.63856894000095,0.6,paddaa
2026-10-10 09:35:14,day,tech,46,0xe57fa0a11453b2221937e7496ed87710ad9db61a,99.53454655400003,172.49,chennw
2026-10-10 09:35:14,day,tech,47,0x0562e01b3c3e65bb93bf0de32f02cec238a79d66,98.00464606800051,0.0,iForgor
2026-10-10 09:35:14,day,tech,48,0xd9aa25c6ba32245ac3a559d8b39ee27ac6bb64ec,97.91139962450006,0.0,cesquare
2026-10-10 09:35:14,day,tech,49,0x1f182ca4c2e03e9c628a26f9f328131323afbf24,97.29867309200017,0.0,PermanentUnderclass
2026-10-10 09:35:14,day,tech,50,0xbd81954a4ebce3a843feb3fc6ebf439cf1c6006d,96.04119103500035,119.956756,2Sherlock
2026-10-10 09:35:14,day,tech,51,0xa2770432a5e6bd24c347c976b0d815db1f2c1182,89.99692506799965,0.0,0xA2770432A5E6Bd24c347c976b0D815db1f2C1182-1760945846787
2026-10-10 09:35:14,day,tech,52,0x487fafa2281596ccb154aa6a9e01f9ff43ae1cfe,89.59180000000015,846.63,bibibobo67
2026-10-10 09:35:14,day,tech,53,0x4b8ae011176b76888949476d7fb7a56985faf4a4,87.53100480449984,0.0,chessplayer
2026-10-10 09:35:14,day,tech,54,0xd218e474776403a330142299f7796e8ba32eb5c9,87.08110384200927,224.0,cigarettes
2026-10-10 09:35:14,day,tech,55,0x8de0771af4eb2785fe64eab139399abd30bd7f22,86.30442749999929,0.0,101456
2026-10-10 09:35:14,day,tech,56,0x9f208e85f326f865077fffa68b32d8b0e2bc12c3,85.13737666849656,202.0,mildwindow27
2026-10-10 09:35:14,day,tech,57,0xfb1b4e2db61efb47bfb1ac92807c76d4f367a11d,84.45040961000268,0.0,Rumpelstiltskin
2026-10-10 09:35:14,day,tech,58,0xb89f5425341719d298dc2f5b9a92374f5fde1c44,83.75824396449934,0.0,iutwpfal
2026-10-10 09:35:14,day,tech,59,0x5eb0cd907aa0b7b4df11552e817570e265ea5012,83.53265276799993,0.0,arbandy
2026-10-10 09:35:14,day,tech,60,0xb63552c9fe920dd1291c9082735f1958c9282151,82.43039999999999,0.0,kamikazeman
2026-10-10 09:35:14,day,tech,61,0x03c8118da338a9dafb2bae9a4e89055203a30e01,81.54387904000032,0.0,outcomes
2026-10-10 09:35:14,day,tech,62,0xb4101995747d05fec91f70be16017211515157eb,79.80147237750012,0.0,Liechti0
2026-10-10 09:35:14,day,tech,63,0x30328330513d01e16174d53d98c2047ef35c99e7,79.53085225650005,0.0,Prinas
2026-10-10 09:35:14,day,tech,64,0x3f3bfc6d754e416699793901ffb12ddeee9f1d77,78.44901936299993,1000.0,eNakeVets
2026-10-10 09:35:14,day,tech,65,0x261fa50d06c17add1f93848dc16d710803991709,78.18002605349979,241.232927,FutureExitLiq
2026-10-10 09:35:14,day,tech,66,0x8d88d51a302d3bfb8fc2f71abdfd5f676cbd1e28,71.99494999999999,0.0,rocky42016
2026-10-10 09:35:14,day,tech,67,0xc607c7faffe03bf1c749c22ca172b898b6386b29,70.6536000000001,4710.24,Isekai
2026-10-10 09:35:14,day,tech,68,0x38e59b36aae31b164200d0cad7c3fe5e0ee795e7,70.51420219800048,0.0,cowcat
2026-10-10 09:35:14,day,tech,69,0xff493a4474b009dc936a841a76a55ddc1ebf7536,68.132574422,0.0,bugonia
2026-10-10 09:35:14,day,tech,70,0x38cf9743eb70188664d388d84d4aa4c6f40fd885,68.0443028554997,133.72,Leclerc04
2026-10-10 09:35:14,day,tech,71,0xc8ab97a9089a9ff7e6ef0688e6e591a066946418,65.83362483949895,6661.326843999999,ArmageddonRewardsBilly
2026-10-10 09:35:14,day,tech,72,0xc7d02944a76b9f83b199e9090ecc92c82d241f8a,64.96777133150633,331.5,0xc7D02944A76B9F83B199e9090ECC92C82d241F8a-1776944395495
2026-10-10 09:35:14,day,tech,73,0xbd2b2070fc9c7e4fe5f0ed772ff7b7aa69d11a1b,64.66178622550048,2.985646,almosthere
2026-10-10 09:35:14,day,tech,74,0x9e3ed7b661a903fc97afcf49e0f014ebe869f882,63.88420081700133,2655.785451,0x9e3ed7b661a903fc97afcf49e0f014ebe869f882-1783406009396
2026-10-10 09:35:14,day,tech,75,0xa7d2ec6680f4e5f6ab0da244d8006eec3e20f954,63.58308249500078,0.0,KiruaTrading
2026-10-10 09:35:14,day,tech,76,0xde289ba666e7bb7c74c65ae0a03c9f78d91c2115,63.49780500000003,0.0,0xDe289Ba666E7bb7c74C65aE0a03c9f78d91C2115-1766943170171
2026-10-10 09:35:14,day,tech,77,0x87a1fc57462b2ded8331c8d0b0cb1057df77bdd4,63.48700000000002,0.0,86848B5D3A77CA68923AA7E789A
2026-10-10 09:35:14,day,tech,78,0xa8c280df8fd9c1f08dd7da4294dd5e6ed985b635,63.460942101999535,0.0,chicanery.
2026-10-10 09:35:14,day,tech,79,0xa67685fa5213fd8167977bfb7b3f50c06d511c22,60.0,0.0,0x8712
2026-10-10 09:35:14,day,tech,80,0x93521335308a270795daa9f073b5406938b12227,59.05119024600117,0.0,peterfromfamilyguy
2026-10-10 09:35:14,day,tech,81,0x608e87df1cdf92e08f3a84b75044ef7ec524d69a,59.00071340249997,0.0,0x608E87DF1cDF92E08f3A84b75044eF7eC524D69A-1774123079873
2026-10-10 09:35:14,day,tech,82,0x6d72f7e301387efd393a93d4d92c40f0230fa399,58.87875500000001,0.0,qqqmmmccc
2026-10-10 09:35:14,day,tech,83,0xadfbdf35f3594287ad16934164bad4f8d05e0fb1,58.36035000000015,0.0,mountains1
2026-10-10 09:35:14,day,tech,84,0x714f682e577a6892ee921290fd6ad213d11266d5,57.91701818799993,0.0,Poivre
2026-10-10 09:35:14,day,tech,85,0x160df84695ed42f620a1b2fa4cb69a5f69986f25,57.1960378560002,0.0,Albedo00
2026-10-10 09:35:14,day,tech,86,0x0b644e443a404159a7b5ca4650cf2444b13549bd,55.21176066950102,0.0,Gdub
2026-10-10 09:35:14,day,tech,87,0x1cfc260bfa2b5ae89377863180ca3b4f5c862111,55.005265691496334,6684.613530999999,lissartter
2026-10-10 09:35:14,day,tech,88,0x2a019dc0089ea8c6edbbafc8a7cc9ba77b4b6397,53.99951589300008,0.0,aviato
2026-10-10 09:35:14,day,tech,89,0xa52b785a5510117ac3ae03d75d029f89a36c9480,53.474539999999706,0.0,Hashbrown
2026-10-10 09:35:14,day,tech,90,0x853dc19910b2c9fea4b4be0b8022320ecf67a335,51.52499999999998,0.0,random123135
2026-10-10 09:35:14,day,tech,91,0x7d58986f00b3c00e9b24d02f8e35381ca154cfcc,51.286091320000196,0.0,peter239784
2026-10-10 09:35:14,day,tech,92,0xef34794efd777d5b7d32a497b47ce1d4a70c0ff6,50.071231397500014,135.135136,0xef34794efd777d5b7d32a497b47ce1d4a70c0ff6
2026-10-10 09:35:14,day,tech,93,0xac6df7373c5a483443054e7ae8ac6d9eca7d0fcb,50.06844953500003,0.0,qv7mrx29kptf4z
2026-10-10 09:35:14,day,tech,94,0x53c4eb97b8ad17727a4657c8252c73eb4d879522,48.71869807999974,0.0,grandvalira
2026-10-10 09:35:14,day,tech,95,0x6ebfcb4878aea483b47a7a2f02155bde23bd2459,47.83055999999998,0.0,aliceodernichts
2026-10-10 09:35:14,day,tech,96,0x2bc7e939bf48259488c991b095977d1f3beee411,47.73986011199986,0.0,jtradegbr
2026-10-10 09:35:14,day,tech,97,0x0c28d976bbfaad597a678f6fc3794d6ba56a9844,45.69605531350052,186.0802,youtube-trader
2026-10-10 09:35:14,day,tech,98,0x30817864e203c8743ee266c30639a1fae7ffefed,44.61655113749998,0.0,py3-888
2026-10-10 09:35:14,day,tech,99,0xe37c693b9bb21d7f88b82b8834dd8a3c33703f0d,44.21399500000001,9902.99,vi.
2026-10-10 09:35:14,day,tech,100,0x0f2bcf469f85fe746058f3a0767d24124d0d665a,42.99990002000004,0.0,Sylvester.the.Cat
