timestamp,timeframe,category,rank,address,pnl,volume,userName
2026-06-18 08:10:56,day,overall,1,0x5e4c3b5b81171e2ca4ab776ac0d6bba787f9dba2,2711708.7207795493,10171908.415906,endlessFate
2026-06-18 08:10:56,day,overall,2,0xf0318c32136c2db7fec88b84869aee6a1106c80c,2129142.5682947296,970573.710971,BreakTheBank
2026-06-18 08:10:56,day,overall,3,0x2c335066fe58fe9237c3d3dc7b275c2a034a0563,435152.6832463081,4300472.585836001,0x2c335066FE58fe9237c3d3Dc7b275C2a034a0563-1759935795465
2026-06-18 08:10:56,day,overall,4,0xcd65c3279408a33866a9129bed6943064cb6ee96,385511.38407033053,778815.7295680001,NiNo999
2026-06-18 08:10:56,day,overall,5,0x5966db1fe50763c9e3c014d756369bad07e1f804,348274.03470114386,488356.495011,0x5966Db1fE50763C9e3C014d756369BAd07E1F804-1777648534241
2026-06-18 08:10:56,day,overall,6,0x224a89dbe0db0d6124b335edabd15b3f877da3d5,342411.51592162065,1361694.420645,wr0ngw4yb3tt0r
2026-06-18 08:10:56,day,overall,7,0x709e8dcb133555794decc598e07f2c923b8366f5,276356.7448095195,1739258.3753819994,0xd4aa6f8e91cfea29b66a48ebff52814
2026-06-18 08:10:56,day,overall,8,0xc660ae71765d0d9eaf5fa8328c1c959841d2bd28,235497.26595306408,548863.010342,BoggsFromShawshank
2026-06-18 08:10:56,day,overall,9,0xfe787d2da716d60e8acff57fb87eb13cd4d10319,231379.31936939957,2366934.7348900004,ferrariChampions2026
2026-06-18 08:10:56,day,overall,10,0x987b441a20dd4aa4ba6d53069e852e7f820adf43,213638.92823457764,265205.3462909999,lighthousefamily
2026-06-18 08:10:56,day,overall,11,0x3dfb153c197d4c19d3b31c1ecd2c7b6860eeabaf,206882.77900240244,1039170.252808,0x3DFb153c197D4C19D3B31c1ecD2c7B6860eeabAf-1722957908185
2026-06-18 08:10:56,day,overall,12,0x81da605d7dac06478367ed1bae0593b7791ca109,198865.761665785,0.0,gardenshed
2026-06-18 08:10:56,day,overall,13,0xcfb69f94b3764e75228515ad9d169570d5f906da,180892.25172482405,343858.68041100004,athelstan
2026-06-18 08:10:56,day,overall,14,0x0346afae2603313d2bbee96b628536c8cbe352a5,163857.08601076546,2286582.8579820003,GoalLineGhost
2026-06-18 08:10:56,day,overall,15,0x4bff30af91642dc7d2b19a8664378fe55c45fc26,138494.57728720084,270410.926407,Sassy-Bucket
2026-06-18 08:10:56,day,overall,16,0x84cfffc3f16dcc353094de30d4a45226eccd2f63,129812.66037658154,272828.68,mooseborzoi
2026-06-18 08:10:56,day,overall,17,0x6e5d3a30439a880007f7de2ea0e4e38a89bc3c28,111215.48389676498,149483.17,Trevor99
2026-06-18 08:10:56,day,overall,18,0x5bdd63899629bcfa0375496df6fdc271c18dc4cb,104500.0,190000.0,tussss1881
2026-06-18 08:10:56,day,overall,19,0x4f29e103339919c4baaea2a60195cf1c8bb27a7e,102257.80971547593,1823238.903332,0x4f2
2026-06-18 08:10:56,day,overall,20,0x2117ae94a97d69b78cbc81b6680a62deb1955c26,91982.4368656197,220910.998057,Zzzz87
2026-06-18 08:10:56,day,overall,21,0x6c3aae17140c5e3cde62380daaa323e38575c459,100287.22713600044,0.0,AvrahamEisenberg - 10161
2026-06-18 08:10:56,day,overall,22,0x2117ae94a97d69b78cbc81b6680a62deb1955c26,91610.948782642,243863.998057,Zzzz87
2026-06-18 08:10:56,day,overall,23,0xa8cf2ed8751f4e58ad039e1b68a8b58b4395031f,85547.41699299996,0.0,
2026-06-18 08:10:56,day,overall,24,0x89dd49bf87c41be422927372a0b75c6ab577f662,84063.06607101511,776150.325531,0x8139E8F571eb4372ecc8498771f6a319Cb5bBe43-1767828467116
2026-06-18 08:10:56,day,overall,25,0x23d81ba9371e576015c1e562db09c689f56b0288,83411.0806297884,73633.07255699999,flawfence
2026-06-18 08:10:56,day,overall,26,0x2005d16a84ceefa912d4e380cd32e7ff827875ea,81301.3385843155,2431951.8791659996,RN1
2026-06-18 08:10:56,day,overall,27,0x5f659bccbc353dbf7bcdffdee73bee60bb482036,78714.73755973997,0.0,0x5F659BcCBC353dBf7BcdffDEE73beE60bB482036-1780496231400
2026-06-18 08:10:56,day,overall,28,0x0c0e270cf879583d6a0142fc817e05b768d0434e,76309.53741453373,832685.4634950003,The Spirit of Ukraine>UMA
2026-06-18 08:10:56,day,overall,29,0xa38a455bbdd4b68486548b7e19da99903f4f821d,74254.07453737948,422867.38893200003,takeormake
2026-06-18 08:10:56,day,overall,30,0xe9076a87c5ed90ef16e6fe6529c943baeca0cff6,72901.7764308282,2953457.3995399987,suntori
2026-06-18 08:10:56,day,overall,31,0xf3c73f43afd680a35b4c65af727ebf7a495dc83b,67623.65000000002,0.0,Swooferdeluxe
2026-06-18 08:10:56,day,overall,32,0x2a69660046d7acc4ab204d7cc5ba78b0776cd2f7,64974.951525580545,679789.6159310001,UpTheBlues
2026-06-18 08:10:56,day,overall,33,0x408fe71e6b5401ecd6733970cb6f1a25e984b2f4,61703.91343701427,294285.109056,Winnerdinnerchickenjr
2026-06-18 08:10:56,day,overall,34,0x565ca59275f81991bd9877d7fa8404c5ecf6519e,53223.93346002773,125958.188748,bbwlover
2026-06-18 08:10:56,day,overall,35,0x7ea571c40408f340c1c8fc8eaacebab53c1bde7b,52554.47994789807,177232.55888199998,Cannae
2026-06-18 08:10:56,day,overall,36,0x19cdff29af22829f92fc9a1805d71c00165edd44,47587.92897398482,105636.804007,DDDASSAsds
2026-06-18 08:10:56,day,overall,37,0x9703676286b93c2eca71ca96e8757104519a69c2,47529.11572410326,537397.5679059998,TheMangler
2026-06-18 08:10:56,day,overall,38,0x84dbb7103982e3617704a2ed7d5b39691952aeeb,45364.11105721677,0.0,Soarin22
2026-06-18 08:10:56,day,overall,39,0xc8075693f48668a264b9fa313b47f52712fcc12b,45267.56399767462,0.0,texaskid
2026-06-18 08:10:56,day,overall,40,0x1136368d7f6728e94ed14c532ab95a932f710c2e,44700.0000038913,0.0,arlanta
2026-06-18 08:10:56,day,overall,41,0x72d815133f9f8b6529e911cf3be492846ce05213,41587.1641889249,119565.3,Vatrer
2026-06-18 08:10:56,day,overall,42,0xac4773707daddd3792efed5a91f5ec7651a7d234,41487.7144988646,175381.811204,HBAFlover98
2026-06-18 08:10:56,day,overall,43,0xb6c35456f029c3eeb66853a0481199d2c474600f,36901.0940602271,255026.225923,everythingisokay
2026-06-18 08:10:56,day,overall,44,0x04059a17569cc586081cfadad1cda190710bda82,35539.251086795004,0.0,forcestrut1
2026-06-18 08:10:56,day,overall,45,0xfd0e4f48cd368d1dea4a413203fe98d06da59884,35081.15958337521,72298.89749100001,houyi99
2026-06-18 08:10:56,day,overall,46,0xee0ff4a9de23e758e3f8d128b4f25fd6f62c4cf5,34731.848159427,0.0,drop126
2026-06-18 08:10:56,day,overall,47,0x53757615de1c42b83f893b79d4241a009dc2aeea,34712.63729237155,242912.448969,
2026-06-18 08:10:56,day,overall,48,0x02afdf21fc7d1f43bd29a71d43bb1be69a6daaa9,32535.335554192214,79949.959641,minhui7788
2026-06-18 08:10:56,day,overall,49,0x32b484581fc5606de9c1e43af4636b6be9bc8b21,32343.91956711573,303946.828196,0x32b484581fc5606dE9C1e43AF4636b6Be9BC8B21-1774274303653
2026-06-18 08:10:56,day,overall,50,0xf68a281980f8c13828e84e147e3822381d6e5b1b,32260.64727293856,127835.473584,COMESEECOMESAW
2026-06-18 08:10:56,day,overall,51,0xe734e7bf7cfb9e464681f71822f6c2f6be514f0c,30905.23732518829,110463.268173,boyau
2026-06-18 08:10:56,day,overall,52,0x0d18e30e252008d83f51dae00d36873ddd9e24a6,29726.538637000296,0.0,MonsieurDimanche
2026-06-18 08:10:56,day,overall,53,0x0111f66ec6986e173a8aa8d4fc4f6a5b944e1071,29615.879564264083,68400.985213,gwj2dnjnj
2026-06-18 08:10:56,day,overall,54,0x0f35109cc3ceaf729609c3109310791bd616c84a,27254.641563996673,0.0,
2026-06-18 08:10:56,day,overall,55,0x8b5a7da2fdf239b51b9c68a2a1a35bb156d200f2,27118.425679399385,0.0,Joe-Biden
2026-06-18 08:10:56,day,overall,56,0x03805a13a0b3e058f55f6c6af95389d4f431073d,26187.836918316043,221342.952986,donthackme
2026-06-18 08:10:56,day,overall,57,0xa71093cafc0c099b4ccab24c3cb8018d817923c4,25868.45514786482,0.0,Talvez10
2026-06-18 08:10:56,day,overall,58,0xbaa2bcb5439e985ce4ccf815b4700027d1b92c73,24357.070569102885,145680.289819,denizz
2026-06-18 08:10:56,day,overall,59,0x782186952ef2ca75ea91c95aef25bbdcffb4bb1a,23607.80041509901,0.0,thif - 33063
2026-06-18 08:10:56,day,overall,60,0xd88139efbecc8641892e17171afcced35315af24,22691.971840799983,44654.57,0xD88139eFbEcc8641892e17171afccEd35315aF24-1778846704701
2026-06-18 08:10:56,day,overall,61,0x1a2f67124f12eaa88be0f6683a95abede555647a,21896.77368436509,115483.195098,uptime0724
2026-06-18 08:10:56,day,overall,62,0xf387570fc0f9d8fa1f07ce798fc98ff909a361c0,21764.677135771024,226514.54740299998,AshleySchaeffer
2026-06-18 08:10:56,day,overall,63,0xd1049158a102840ce595efc6ab683a0cb6fbacef,21648.32079084505,0.0,pilimili
2026-06-18 08:10:56,day,overall,64,0x98c30ba82c49522585f863caa0db38a7af4eb28d,21556.565534964237,94230.769226,shenaixie
2026-06-18 08:10:56,day,overall,65,0x70d94a4ff67ed919a8480885cf0808afefe7a684,21078.066440417828,989167.5018449997,naiiiiii
2026-06-18 08:10:56,day,overall,66,0x228b8d11eba89bf1c554f8879a9293b7106daf4c,20810.0419320644,1093649.0565049998,0x228B8d11EBa89BF1c554f8879a9293B7106DaF4c-1765442354872
2026-06-18 08:10:56,day,overall,67,0x5b6331e7ff0831a3fe2ed12004747db1a9c911a4,20664.4909992559,249576.24637200008,neutralwave23
2026-06-18 08:10:56,day,overall,68,0xa80e584e189865e8289403bd96ed52d67e816aa1,20646.65897854798,35000.0,allegiant123
2026-06-18 08:10:56,day,overall,69,0x58483a07148bf1c4ddc4a1f0c0ea8daeb9e8a698,19306.565057955013,0.0,Badgeroff
2026-06-18 08:10:56,day,overall,70,0x336bf6f91a4619d54f0711a20fe468adf4d71233,19286.000916205914,0.0,ArturitoFilito
2026-06-18 08:10:56,day,overall,71,0xaa3ce7266b315972c874660c401e6416bf393111,19085.154833374396,110263.711682,nofollows
2026-06-18 08:10:56,day,overall,72,0x99129621844835c6c07d943f951010af1eda5d4a,19024.895580583252,61778.354667,0x99129621844835c6C07D943f951010AF1eda5d4A-1781607262723
2026-06-18 08:10:56,day,overall,73,0x780a7539200e74e882dde303952029bda21684f0,18999.15268184617,87494.02565,0x780A7539200E74E882ddE303952029bDA21684F0-1779685038655
2026-06-18 08:10:56,day,overall,74,0x1117eade222413335b7ec959e5b48c1d3dbc3532,18433.176008948474,71384.58879800001,benwyatt
2026-06-18 08:10:56,day,overall,75,0x160bf4f27cdaaaed1408ccd1558ab30c210d4296,18128.732838015694,97088.851448,mortewfenloin
2026-06-18 08:10:56,day,overall,76,0x95b198f900d19a80d3d7e47b7b17708af254f9ac,18124.591877,0.0,thepicklebomber - 3805
2026-06-18 08:10:56,day,overall,77,0x9ac8a276bd5f7815ee43032e6925de81738c5518,17738.095237003203,0.0,
2026-06-18 08:10:56,day,overall,78,0x8b1d54534964282d5dae1adc45f8a6ffc59c1a19,16517.19997,23300.0,pot.of.greed
2026-06-18 08:10:56,day,overall,79,0x9c76cdb43fb46454da005fbc82047a64a18ec926,16256.136455008289,49516.464113,Bagwell306
2026-06-18 08:10:56,day,overall,80,0x97860d01437050da6cf9552266a157b190344c55,15924.375000022981,0.0,
2026-06-18 08:10:56,day,overall,81,0xa974826f82380f9bb3d5b9c722c50f82fb1aef79,15922.120005054923,30000.0,tmoneeey
2026-06-18 08:10:56,day,overall,82,0x21b76cf421e106332f6dc931da119b781ba58dae,15654.172049999997,0.0,dsa33
2026-06-18 08:10:56,day,overall,83,0xf2858496f399396e28916281a7007d1320aaab24,15407.13899015083,4999.989997,Euphemism
2026-06-18 08:10:56,day,overall,84,0xc9eb41938082b7c6ceafa464454ba95b48556a67,14900.000000000004,0.0,zhenxiao
2026-06-18 08:10:56,day,overall,85,0x7fb23b0d330ea4ac4f3cecce1eb81fb0bfb3ed4b,14768.168525000005,0.0,
2026-06-18 08:10:56,day,overall,86,0xe16d3f2a5807999b358affd9445c3a09e45e5e30,14655.35669707635,26207.166622,0xE16D3F2A5807999b358aFfD9445C3a09E45E5e30-1776429210592
2026-06-18 08:10:56,day,overall,87,0x1681006e2a5c3ca35767f215947326591180b1c7,14452.331997512985,500000.0,shuanyang
2026-06-18 08:10:56,day,overall,88,0x5a218c7ad04135830a45c41aaed7294df7809318,14405.09625966737,197486.57791999998,balthazar
2026-06-18 08:10:56,day,overall,89,0xc15b833b6991e5dbcaca029f7d0f951e5db238af,14401.763280617528,741.943332,makinta
2026-06-18 08:10:56,day,overall,90,0x208cae216d0e7cdb337a2db0db12f03816066b98,14154.999999999995,0.0,owejosamdfi
2026-06-18 08:10:56,day,overall,91,0x5c3a1a602848565bb16165fcd460b00c3d43020b,14047.965106945252,201111.31929800002,Crystiano
2026-06-18 08:10:56,day,overall,92,0x5ad49cd574df6888a0fe1d2b522f334988f06866,13968.919173119997,29299.979536,0x5aD49Cd574dF6888a0fE1d2B522F334988f06866-1766098504363
2026-06-18 08:10:56,day,overall,93,0x5a662a1262a1d9d0dab767909b64620150d4dcc2,13731.170125360513,54921.232517,0x5a662a1262A1d9D0dAb767909B64620150D4dcc2-1776749850535
2026-06-18 08:10:56,day,overall,94,0xa804390f80019699ab34a282c0df7528fba82a75,13687.460720830568,43242.181982,riverskew
2026-06-18 08:10:56,day,overall,95,0xdb859a551fcf56e49416160911476bea7307152f,13138.934942485095,143453.57,AV23IUa
2026-06-18 08:10:56,day,overall,96,0x5268527977f700f9bf9b6d5cd843859e4e70135d,12772.156886505196,511730.3997620001,HomeRunHazard
2026-06-18 08:10:56,day,overall,97,0xd218e474776403a330142299f7796e8ba32eb5c9,12628.03611046057,336181.774949,cigarettes
2026-06-18 08:10:56,day,overall,98,0x67542c3219b37fd1610aad290676ff91cdbfe3bc,12580.909849999996,0.0,maz26
2026-06-18 08:10:56,day,overall,99,0x8a269634753d90783f52c58e5ae9a8b9679e937e,12502.630650709467,4009.19956,Iconicsoundsdk
2026-06-18 08:10:56,day,overall,100,0xe91171f655be1568e4c63f29663c0028649e3d4e,12400.099553960657,68756.66663100001,0xE91171f655bE1568e4c63f29663c0028649e3d4e-1765651946286
2026-06-18 08:10:56,day,politics,1,0x0c0e270cf879583d6a0142fc817e05b768d0434e,59355.9619369572,832210.8496500002,The Spirit of Ukraine>UMA
2026-06-18 08:10:56,day,politics,2,0x04059a17569cc586081cfadad1cda190710bda82,35539.251086795004,0.0,forcestrut1
2026-06-18 08:10:56,day,politics,3,0xee0ff4a9de23e758e3f8d128b4f25fd6f62c4cf5,34731.848159427,0.0,drop126
2026-06-18 08:10:56,day,politics,4,0xbaa2bcb5439e985ce4ccf815b4700027d1b92c73,28480.669456055854,145680.28981899997,denizz
2026-06-18 08:10:56,day,politics,5,0xd1049158a102840ce595efc6ab683a0cb6fbacef,17948.31986956905,0.0,pilimili
2026-06-18 08:10:56,day,politics,6,0xc15b833b6991e5dbcaca029f7d0f951e5db238af,14401.76328061752,741.943332,makinta
2026-06-18 08:10:56,day,politics,7,0x335592400e402c26583ce8b56d12605e9548a126,11261.495767684013,0.0,ranger44
2026-06-18 08:10:56,day,politics,8,0x74471a007ddcc488f6d57b5e86dfb35a8d48a16d,10966.12711815635,58504.46908900001,tetrose
2026-06-18 08:10:56,day,politics,9,0xf02008dd334fe83c8dad61dd9a54776d7fb03212,10152.563650636497,0.0,topdaddy1
2026-06-18 08:10:56,day,politics,10,0xe1e105257812992f0b9aba92a17e33f36e89d250,9687.9249920835,0.0,loliti
2026-06-18 08:10:56,day,politics,11,0x811b9e81f7d36a2ccde94a837c3524882b667006,9677.508411335002,0.0,truefish31
2026-06-18 08:10:56,day,politics,12,0x54b56146656e7eef9da02b3a030c18e06e924b31,8704.543469980621,85970.42727099998,pup1
2026-06-18 08:10:56,day,politics,13,0x6000bd089eafe43b6d58b44a590c5d6dd643f302,7785.986586849968,0.0,timmythewhale
2026-06-18 08:10:56,day,politics,14,0x9501ec3b8b3e330ae593ebe5b071c3d11b648223,7008.499499998987,0.0,horizon.
2026-06-18 08:10:56,day,politics,15,0x614dc8d3542c12103d2c6a3553fd761e391d1546,6661.972549472819,3186.9299939999996,mr.ozi
2026-06-18 08:10:56,day,politics,16,0xe36f5735f5bc12c36b361a599e8603d56f7ccd91,5341.382365596022,0.0,sameday1
2026-06-18 08:10:56,day,politics,17,0x9604b357e8307b0ccc8eb5812725d2b112c6fc1d,4855.3593597194995,0.0,Batundi
2026-06-18 08:10:56,day,politics,18,0x02e7f29f3e612a95a9ccca7131ce7dd5d56b59e5,4703.50747928035,659120.8049999999,CAR-GangVersion
2026-06-18 08:10:56,day,politics,19,0x448861155279dbf833d041b963e3ac854599e319,4531.787222734129,125736.43671800001,Flipadelphia
2026-06-18 08:10:56,day,politics,20,0x28ca4e9a04531f2eac0c2770f95db4e1c6a65d19,4193.12163236406,7642.584360999999,DuneMentat
2026-06-18 08:10:56,day,politics,21,0x4df332e27f9ee3224f52ce30e3ce15c1075e788f,4104.473749470511,2111.8655,SunlineTicker
2026-06-18 08:10:56,day,politics,22,0x94a428cfa4f84b264e01f70d93d02bc96cb36356,3896.7292155004106,0.0,GCottrell93
2026-06-18 08:10:56,day,politics,23,0xc4d1a863e9cc45d02ba22d3a1ae9ba7822018ce8,3514.1248345107306,0.0,rdba
2026-06-18 08:10:56,day,politics,24,0x5a218c7ad04135830a45c41aaed7294df7809318,3511.0737441007514,90220.332058,balthazar
2026-06-18 08:10:56,day,politics,25,0x41eacf5aaa4c7fc883a098635b981050715d7a3d,3510.059549818987,1.07,Chungvicular
2026-06-18 08:10:56,day,politics,26,0x88b59d79b6e1659c95a0043028e5bb7a26e6205c,3455.1804793355986,81.07,almost-never
2026-06-18 08:10:56,day,politics,27,0x22e4248bdb066f65c9f11cd66cdd3719a28eef1c,3347.0904246195278,0.0,ProfessionalPunter
2026-06-18 08:10:56,day,politics,28,0xe899b5ea69afb161da7a35597b6fe70398860899,3276.6212440234376,260.02,SlavaUkraini
2026-06-18 08:10:56,day,politics,29,0x162f6fff88a52864f2ecc9833e58089d5254798d,3230.051808200311,79594.89461,Valen9
2026-06-18 08:10:56,day,politics,30,0x03805a13a0b3e058f55f6c6af95389d4f431073d,3213.6555987622123,22310.202638000002,donthackme
2026-06-18 08:10:56,day,politics,31,0x4099db7f2d394449ccf89c8d42260ecaf1d79fb8,3172.4601775549963,0.0,PowellTheKing
2026-06-18 08:10:56,day,politics,32,0x4c358f830cea4ee26a301ed0faef418bc149fcfe,3093.1307349995477,0.0,FengfengHUop
2026-06-18 08:10:56,day,politics,33,0x5bb0de4e97698184ead80c80cb17a26cd6f6814b,3057.5659642741084,0.0,bobe2.1
2026-06-18 08:10:56,day,politics,34,0xb8a717fed80eab7258a9ff6ba9961908691d7674,3044.3128514650307,21254.75,pugdev
2026-06-18 08:10:56,day,politics,35,0x80a0da00fbdc8440b0ef601341f14c3e24795708,2955.54372550096,0.0,de5nuts
2026-06-18 08:10:56,day,politics,36,0x3c593aeb73ebdadbc9ce76d4264a6a2af4011766,2912.3951924101275,17959.523320000004,eightpenguins
2026-06-18 08:10:56,day,politics,37,0xdabe48d478da5dc9f60a1d1e3adf61ed3c0ebd89,2907.7741384548135,0.0,ABC123ABC
2026-06-18 08:10:56,day,politics,38,0xe7387473b067235436884d16799777cf279edf65,2855.088153423392,20317.972225,Huludubu
2026-06-18 08:10:56,day,politics,39,0xf2f6af4f27ec2dcf4072095ab804016e14cd5817,2853.948806397151,0.0,gopfan2
2026-06-18 08:10:56,day,politics,40,0xed107a85a4585a381e48c7f7ca4144909e7dd2e5,2823.2689089701744,29675.894221,elmcap2
2026-06-18 08:10:56,day,politics,41,0x3cd63e65f3df4aaf8ebe9de56fe5f8f633b218e4,2679.025358828003,0.0,HerbertAppreciator
2026-06-18 08:10:56,day,politics,42,0x011f2d377e56119fb09196dffb0948ae55711122,2630.49313430427,10959.032073999999,11122
2026-06-18 08:10:56,day,politics,43,0x2785e7022dc20757108204b13c08cea8613b70ae,2488.75,0.0,poorsob
2026-06-18 08:10:56,day,politics,44,0x53e55bc7cb3d67ad177c023ce891ad076a9d6177,2471.948464292567,10399.974898,Arbguy
2026-06-18 08:10:56,day,politics,45,0x23d81ba9371e576015c1e562db09c689f56b0288,2320.473273651034,0.0,flawfence
2026-06-18 08:10:56,day,politics,46,0x629bc4a1e53e1d475beb7ea3d388791e96dd995a,2254.86501355574,261.79,lava-lava
2026-06-18 08:10:56,day,politics,47,0xa65c87d5fa12469300aaa71e6237af2f2d147997,2220.921740714286,10417.560201,GGWPGL
2026-06-18 08:10:56,day,politics,48,0x79d980791ab82aff891eee32d41b4e1fbb07baec,2216.592737958985,0.0,skibabiba
2026-06-18 08:10:56,day,politics,49,0x2c335066fe58fe9237c3d3dc7b275c2a034a0563,2191.581142426323,1452.95,0x2c335066FE58fe9237c3d3Dc7b275C2a034a0563-1759935795465
2026-06-18 08:10:56,day,politics,50,0xb1ca909e848cc24ec4e220ce1c453bc290c51705,2179.3761835176992,87159.023332,NonceChaser
2026-06-18 08:10:56,day,politics,51,0x61e7e940dc615fd3e409a2ca4c5ee7f57e1f6e8b,2167.313037240492,0.0,jimbobianthethird
2026-06-18 08:10:56,day,politics,52,0x0cb16fa435fc6dd7c21766e12251e17d6da1dea6,2113.4674276659352,15859.964606,cccyun
2026-06-18 08:10:56,day,politics,53,0xb1291441c7c016e4f373418e00550949404f34bf,2111.662436340004,0.0,BobbyAxelrod33
2026-06-18 08:10:56,day,politics,54,0x515e2144bf38402568979db4ea7f6b64636c8309,2088.7834691844982,0.0,ishouldnot
2026-06-18 08:10:56,day,politics,55,0x25257a6a89dba93dd0c536b6279365632a4eb919,2026.4506026005693,2088.7200000000003,Trading4Fridge
2026-06-18 08:10:56,day,politics,56,0xa012e12645cbba5d03320b1d5ec20c5ef0a26e3e,2000.0,0.0,booltrue
2026-06-18 08:10:56,day,politics,57,0x4c8cdcdd4c92bf44e74a642254f7414de14de36f,1999.5916813771473,654.927267,defillama7
2026-06-18 08:10:56,day,politics,58,0xbacd00c9080a82ded56f504ee8810af732b0ab35,1972.8014783593826,39953.008414,ScottyNooo
2026-06-18 08:10:56,day,politics,59,0xbef5ab169458cb47c5d233e067dff4447fad1c5a,1948.1715020320007,16681.0,StoneMarble
2026-06-18 08:10:56,day,politics,60,0xdf17f4a8dd01a4cfa6fc3da323a2baee5f8697d1,1914.601945210714,60962.425562000004,PatrocIus
2026-06-18 08:10:56,day,politics,61,0xfc007e15e0da73525fd0d8e8e425df14a0820be0,1887.205359916134,8539.015271000002,germantony123
2026-06-18 08:10:56,day,politics,62,0xc4368bb22b77b2be880fabedb705ac7a703947a2,1870.3595766375074,0.0,user20267495
2026-06-18 08:10:56,day,politics,63,0xc90240c20fa7f94672d77b8cad838c05b9e0cd14,1851.1139926646647,6268.274086,mini-man
2026-06-18 08:10:56,day,politics,64,0x05e2f520faf6e7b9e8a6f34f723ceb5eea3dea88,1837.335233470003,0.0,cledisidiot
2026-06-18 08:10:56,day,politics,65,0x85b8b010ac6e24a23625621724a15513c80d6b6a,1833.568348339024,1999.9762700000003,AJM96
2026-06-18 08:10:56,day,politics,66,0x9014e9524af13abd4a10f6f59bc5608f66485b73,1814.6657979111087,10594.925787,Oriolrq
2026-06-18 08:10:56,day,politics,67,0xfb5148fc7223630e0967dbfa8cd920d83ab4742d,1790.5707234624788,3000.0,StudentMoney
2026-06-18 08:10:56,day,politics,68,0x200544427dfc822652cb55ca5ca9f99476a9e414,1704.4525423800078,0.0,kickstandhater
2026-06-18 08:10:56,day,politics,69,0x0d15e2724df455f9e65b15104d21d76412a2c454,1690.778335652023,0.0,e88888
2026-06-18 08:10:56,day,politics,70,0xfb57f8670d2f51a76b0ce40c533ed7d7328c0a46,1688.3287019570025,0.0,ppxtu
2026-06-18 08:10:56,day,politics,71,0x41fd62e5b9f5c6cfaa8260ed34d4f6c4a3296314,1686.2027333119986,0.0,Nightwalkerx07
2026-06-18 08:10:56,day,politics,72,0xd1c769317bd15de7768a70d0214cf0bbcc531d2b,1657.2777089005103,109890.18000000001,033033033
2026-06-18 08:10:56,day,politics,73,0xa1ba817858d1997150294f135e90db71318d4304,1647.8872458550322,0.0,hahhaaa
2026-06-18 08:10:56,day,politics,74,0xd23f8c8aab13cfb2a35da40b67f8471faf9894a1,1615.2609758194158,5658.562242999999,Corlys
2026-06-18 08:10:56,day,politics,75,0xde0463ea7f611b065e8ab06bbfbddad75e6dfa37,1562.1420894125185,0.0,mwenya
2026-06-18 08:10:56,day,politics,76,0xd8d5289c35124b5353f5a10a28b8cc29aec38935,1558.5089808933117,5809.277859,D8D5289c35124b5353f5A10A28B8cC29aEC38935
2026-06-18 08:10:56,day,politics,77,0xc02147dee42356b7a4edbb1c35ac4ffa95f61fa8,1492.6032172503183,4141.05991,Eatpraylove
2026-06-18 08:10:56,day,politics,78,0xbdd2bbcbf179cf9b0062b747fbc17755b9b00bd8,1481.6951675370074,8.14,abuzzin
2026-06-18 08:10:56,day,politics,79,0xdcd669c506a938bae9269a84b8bd2bdb220484cd,1473.8354063722072,116701.31,thegreengem
2026-06-18 08:10:56,day,politics,80,0xa3282d3e882501229c75d0caf134e62e3afb4977,1464.1867747472425,5356.363882,korda77
2026-06-18 08:10:56,day,politics,81,0x53821614977237082ab6ece055657b9d0438f18f,1458.0492735000007,0.0,VinceShelby
2026-06-18 08:10:56,day,politics,82,0xc6dd722558dbfbd8fa780efcbe819ed8c6604b9f,1429.085088016116,48760.199976,tourists
2026-06-18 08:10:56,day,politics,83,0x7c3db723f1d4d8cb9c550095203b686cb11e5c6b,1421.8835814355407,149156.714254,Car
2026-06-18 08:10:56,day,politics,84,0x5375c751dd5a03a0395f77489d8afa24ce62c1a1,1407.6978573700035,0.0,thiswaysir
2026-06-18 08:10:56,day,politics,85,0x93511d72d294f1478739bc38f578bf0306fd9e4d,1402.4659889658942,41246.517951999995,Dafu0715
2026-06-18 08:10:56,day,politics,86,0x6debcda3ccc008512151afe37bc3676e5e50eb68,1400.2619707110005,0.0,0x12c5980034a1c2a8FE1154Ba00913c0f25962586-1758224825618
2026-06-18 08:10:56,day,politics,87,0xaab9f5e600a5dd88fe3a6f93313b180f6220a08d,1379.3952949989907,0.0,DirkDiggler67
2026-06-18 08:10:56,day,politics,88,0x9def9524630e31ff90f884eed32c3eecfbf8d1a5,1373.5672129845716,3320.391934,pbshine
2026-06-18 08:10:56,day,politics,89,0xf1ef8705e9f63c790c6fffd6329aea7011718cd6,1243.643817220509,15000.0,Outsid3rTrading
2026-06-18 08:10:56,day,politics,90,0xa7d1ae08567d192db3c3cf1858c62c76dc8cb824,1227.277784837177,0.0,Cinibengales
2026-06-18 08:10:56,day,politics,91,0xc4f8cb329ea0637fd26ca0d600392c50a5ac8a4a,1225.8119587070014,0.0,0xcd4313426311739ffee5aced9e352f209f801b46
2026-06-18 08:10:56,day,politics,92,0xf1539247af59b16517377a859bcd0d9c7eac162c,1222.5321299998175,0.0,secretscent
2026-06-18 08:10:56,day,politics,93,0x22d3f8a94992261392eed316429b466d72895e3a,1200.9873156849935,0.0,tiburon
2026-06-18 08:10:56,day,politics,94,0x52e5a051ecdb72c973efcba97d375e0d1eea920a,1197.1207166524837,0.0,0x52e5A051EcDb72c973EFcBa97D375E0D1EeA920A-1780400804404
2026-06-18 08:10:56,day,politics,95,0xc3db6a07351313cc684759dee1722d2bb1e90f98,1163.0094702174829,3370.0,0xC3Db6a07351313cc684759Dee1722D2bB1e90F98-1768247047455
2026-06-18 08:10:56,day,politics,96,0x9c2617462567859fcf5764e03b9a687ebca274bc,1144.949953054951,0.0,Tigerofthehood
2026-06-18 08:10:56,day,politics,97,0xeb490d0534bb68b4c2ce139b219a728cd2c3693e,1144.1598308005487,0.0,78979879879879
2026-06-18 08:10:56,day,politics,98,0x9a3fa403a6666eef75f92f181fcf13f9c051914a,1129.629257451932,8594.722124,Rex416
2026-06-18 08:10:56,day,politics,99,0x7f9e2d1df78614564a70becc7fa14aa9a6623a0e,1105.6069091679528,0.0,nojnn
2026-06-18 08:10:56,day,politics,100,0xadc2efbf97ce7b25f7a638aabdba196c657cd1c9,1102.600822079432,0.0,BenzoateOstylezeneBicarbonate
2026-06-18 08:10:56,day,sports,1,0x5e4c3b5b81171e2ca4ab776ac0d6bba787f9dba2,2711708.7207795493,10171908.415906,endlessFate
2026-06-18 08:10:56,day,sports,2,0xf0318c32136c2db7fec88b84869aee6a1106c80c,2129142.5682947296,970573.710971,BreakTheBank
2026-06-18 08:10:56,day,sports,3,0x2c335066fe58fe9237c3d3dc7b275c2a034a0563,431862.7206715769,4299487.252504,0x2c335066FE58fe9237c3d3Dc7b275C2a034a0563-1759935795465
2026-06-18 08:10:56,day,sports,4,0xcd65c3279408a33866a9129bed6943064cb6ee96,385511.38407033053,778815.7295680001,NiNo999
2026-06-18 08:10:56,day,sports,5,0x5966db1fe50763c9e3c014d756369bad07e1f804,348274.03470114386,488356.495011,0x5966Db1fE50763C9e3C014d756369BAd07E1F804-1777648534241
2026-06-18 08:10:56,day,sports,6,0x224a89dbe0db0d6124b335edabd15b3f877da3d5,342411.51592162065,1361694.420645,wr0ngw4yb3tt0r
2026-06-18 08:10:56,day,sports,7,0x709e8dcb133555794decc598e07f2c923b8366f5,276356.7448095195,1739258.3753819994,0xd4aa6f8e91cfea29b66a48ebff52814
2026-06-18 08:10:56,day,sports,8,0xc660ae71765d0d9eaf5fa8328c1c959841d2bd28,235497.26595306408,548863.010342,BoggsFromShawshank
2026-06-18 08:10:56,day,sports,9,0xfe787d2da716d60e8acff57fb87eb13cd4d10319,231379.0904238097,2366934.7348900004,ferrariChampions2026
2026-06-18 08:10:56,day,sports,10,0x987b441a20dd4aa4ba6d53069e852e7f820adf43,213638.92823457764,265205.3462909999,lighthousefamily
2026-06-18 08:10:56,day,sports,11,0x3dfb153c197d4c19d3b31c1ecd2c7b6860eeabaf,206882.77900240244,1039170.252808,0x3DFb153c197D4C19D3B31c1ecD2c7B6860eeabAf-1722957908185
2026-06-18 08:10:56,day,sports,12,0x81da605d7dac06478367ed1bae0593b7791ca109,198865.761665785,0.0,gardenshed
2026-06-18 08:10:56,day,sports,13,0xcfb69f94b3764e75228515ad9d169570d5f906da,180892.25172482405,343858.68041100004,athelstan
2026-06-18 08:10:56,day,sports,14,0x0346afae2603313d2bbee96b628536c8cbe352a5,163857.08601076534,2286582.8579820003,GoalLineGhost
2026-06-18 08:10:56,day,sports,15,0x4bff30af91642dc7d2b19a8664378fe55c45fc26,138494.57728720037,270410.926407,Sassy-Bucket
2026-06-18 08:10:56,day,sports,16,0x84cfffc3f16dcc353094de30d4a45226eccd2f63,129884.3287301911,268073.12999999995,mooseborzoi
2026-06-18 08:10:56,day,sports,17,0x6e5d3a30439a880007f7de2ea0e4e38a89bc3c28,111215.48389676498,149483.17,Trevor99
2026-06-18 08:10:56,day,sports,18,0x5bdd63899629bcfa0375496df6fdc271c18dc4cb,104500.0,190000.0,tussss1881
2026-06-18 08:10:56,day,sports,19,0x4f29e103339919c4baaea2a60195cf1c8bb27a7e,102257.809715476,1823238.903332,0x4f2
2026-06-18 08:10:56,day,sports,20,0x2117ae94a97d69b78cbc81b6680a62deb1955c26,92179.39518184934,210217.0,Zzzz87
2026-06-18 08:10:56,day,sports,21,0x2117ae94a97d69b78cbc81b6680a62deb1955c26,92079.32115680672,232620.0,Zzzz87
2026-06-18 08:10:56,day,sports,22,0x89dd49bf87c41be422927372a0b75c6ab577f662,84227.51020000002,775987.25,0x8139E8F571eb4372ecc8498771f6a319Cb5bBe43-1767828467116
2026-06-18 08:10:56,day,sports,23,0x2005d16a84ceefa912d4e380cd32e7ff827875ea,81301.3385843113,2431951.8791659996,RN1
2026-06-18 08:10:56,day,sports,24,0x23d81ba9371e576015c1e562db09c689f56b0288,81090.60735613736,73633.07255699999,flawfence
2026-06-18 08:10:56,day,sports,25,0xe9076a87c5ed90ef16e6fe6529c943baeca0cff6,81005.4011556016,2246308.716279999,suntori
2026-06-18 08:10:56,day,sports,26,0x5f659bccbc353dbf7bcdffdee73bee60bb482036,78714.73755973997,0.0,0x5F659BcCBC353dBf7BcdffDEE73beE60bB482036-1780496231400
2026-06-18 08:10:56,day,sports,27,0xa38a455bbdd4b68486548b7e19da99903f4f821d,74279.07452070748,422867.38893200003,takeormake
2026-06-18 08:10:56,day,sports,28,0xf3c73f43afd680a35b4c65af727ebf7a495dc83b,67623.65000000002,0.0,Swooferdeluxe
2026-06-18 08:10:56,day,sports,29,0x2a69660046d7acc4ab204d7cc5ba78b0776cd2f7,64974.9515255806,679789.6159310001,UpTheBlues
2026-06-18 08:10:56,day,sports,30,0x408fe71e6b5401ecd6733970cb6f1a25e984b2f4,61703.91343701427,294285.109056,Winnerdinnerchickenjr
2026-06-18 08:10:56,day,sports,31,0x7ea571c40408f340c1c8fc8eaacebab53c1bde7b,52554.479947897606,177232.55888199998,Cannae
2026-06-18 08:10:56,day,sports,32,0x9703676286b93c2eca71ca96e8757104519a69c2,47910.30379472417,537397.5679059998,TheMangler
2026-06-18 08:10:56,day,sports,33,0x84dbb7103982e3617704a2ed7d5b39691952aeeb,45364.11105721677,0.0,Soarin22
2026-06-18 08:10:56,day,sports,34,0xc8075693f48668a264b9fa313b47f52712fcc12b,45267.56399767462,0.0,texaskid
2026-06-18 08:10:56,day,sports,35,0x1136368d7f6728e94ed14c532ab95a932f710c2e,44700.0000038913,0.0,arlanta
2026-06-18 08:10:56,day,sports,36,0x72d815133f9f8b6529e911cf3be492846ce05213,41587.1641889249,119565.3,Vatrer
2026-06-18 08:10:56,day,sports,37,0xac4773707daddd3792efed5a91f5ec7651a7d234,41487.7144988646,175381.811204,HBAFlover98
2026-06-18 08:10:56,day,sports,38,0xb6c35456f029c3eeb66853a0481199d2c474600f,36901.0940602271,255026.225923,everythingisokay
2026-06-18 08:10:56,day,sports,39,0x53757615de1c42b83f893b79d4241a009dc2aeea,35105.92786137154,237565.448969,
2026-06-18 08:10:56,day,sports,40,0xfd0e4f48cd368d1dea4a413203fe98d06da59884,35081.15958337521,72298.89749100001,houyi99
2026-06-18 08:10:56,day,sports,41,0x32b484581fc5606de9c1e43af4636b6be9bc8b21,32654.247520407313,303946.828196,0x32b484581fc5606dE9C1e43AF4636b6Be9BC8B21-1774274303653
2026-06-18 08:10:56,day,sports,42,0x02afdf21fc7d1f43bd29a71d43bb1be69a6daaa9,32535.335554192185,79949.959641,minhui7788
2026-06-18 08:10:56,day,sports,43,0xf68a281980f8c13828e84e147e3822381d6e5b1b,31848.428895573365,117835.577262,COMESEECOMESAW
2026-06-18 08:10:56,day,sports,44,0x8b5a7da2fdf239b51b9c68a2a1a35bb156d200f2,26118.47990567435,0.0,Joe-Biden
2026-06-18 08:10:56,day,sports,45,0xa71093cafc0c099b4ccab24c3cb8018d817923c4,25868.45514786482,0.0,Talvez10
2026-06-18 08:10:56,day,sports,46,0x5b6331e7ff0831a3fe2ed12004747db1a9c911a4,24745.10322869949,149068.566855,neutralwave23
2026-06-18 08:10:56,day,sports,47,0xd88139efbecc8641892e17171afcced35315af24,22691.971840799983,44654.57,0xD88139eFbEcc8641892e17171afccEd35315aF24-1778846704701
2026-06-18 08:10:56,day,sports,48,0x1a2f67124f12eaa88be0f6683a95abede555647a,21896.77368436509,115483.195098,uptime0724
2026-06-18 08:10:56,day,sports,49,0xf387570fc0f9d8fa1f07ce798fc98ff909a361c0,21764.677135770995,226514.54740299998,AshleySchaeffer
2026-06-18 08:10:56,day,sports,50,0x98c30ba82c49522585f863caa0db38a7af4eb28d,21556.56553496423,94230.769226,shenaixie
2026-06-18 08:10:56,day,sports,51,0x228b8d11eba89bf1c554f8879a9293b7106daf4c,20810.0419320644,1093649.0565049998,0x228B8d11EBa89BF1c554f8879a9293B7106DaF4c-1765442354872
2026-06-18 08:10:56,day,sports,52,0xa80e584e189865e8289403bd96ed52d67e816aa1,20646.65897854798,35000.0,allegiant123
2026-06-18 08:10:56,day,sports,53,0x58483a07148bf1c4ddc4a1f0c0ea8daeb9e8a698,19306.565057955013,0.0,Badgeroff
2026-06-18 08:10:56,day,sports,54,0x336bf6f91a4619d54f0711a20fe468adf4d71233,19290.873416205923,0.0,ArturitoFilito
2026-06-18 08:10:56,day,sports,55,0x99129621844835c6c07d943f951010af1eda5d4a,19024.895580583252,61778.354667,0x99129621844835c6C07D943f951010AF1eda5d4A-1781607262723
2026-06-18 08:10:56,day,sports,56,0x780a7539200e74e882dde303952029bda21684f0,18999.15268184617,87494.02565,0x780A7539200E74E882ddE303952029bDA21684F0-1779685038655
2026-06-18 08:10:56,day,sports,57,0x70d94a4ff67ed919a8480885cf0808afefe7a684,18785.091842544207,947982.842676,naiiiiii
2026-06-18 08:10:56,day,sports,58,0xaa3ce7266b315972c874660c401e6416bf393111,18682.99412484381,104715.603808,nofollows
2026-06-18 08:10:56,day,sports,59,0x1117eade222413335b7ec959e5b48c1d3dbc3532,18433.176008948474,71384.58879800001,benwyatt
2026-06-18 08:10:56,day,sports,60,0x160bf4f27cdaaaed1408ccd1558ab30c210d4296,18128.732838015694,97088.85144799999,mortewfenloin
2026-06-18 08:10:56,day,sports,61,0x9ac8a276bd5f7815ee43032e6925de81738c5518,17738.095237003203,0.0,
2026-06-18 08:10:56,day,sports,62,0x37d366a769f58ef478f72c6b1bf730424b2b709a,17512.944066870252,152440.91295899998,Drose32
2026-06-18 08:10:56,day,sports,63,0x9c76cdb43fb46454da005fbc82047a64a18ec926,17158.64928145823,49105.77411300001,Bagwell306
2026-06-18 08:10:56,day,sports,64,0x8b1d54534964282d5dae1adc45f8a6ffc59c1a19,16517.19997,23300.0,pot.of.greed
2026-06-18 08:10:56,day,sports,65,0x97860d01437050da6cf9552266a157b190344c55,15924.375000022981,0.0,
2026-06-18 08:10:56,day,sports,66,0xa974826f82380f9bb3d5b9c722c50f82fb1aef79,15922.120005054923,30000.0,tmoneeey
2026-06-18 08:10:56,day,sports,67,0x21b76cf421e106332f6dc931da119b781ba58dae,15654.172049999997,0.0,dsa33
2026-06-18 08:10:56,day,sports,68,0xf2858496f399396e28916281a7007d1320aaab24,15417.715834850325,4999.989997,Euphemism
2026-06-18 08:10:56,day,sports,69,0xc9eb41938082b7c6ceafa464454ba95b48556a67,14900.000000000004,0.0,zhenxiao
2026-06-18 08:10:56,day,sports,70,0x1681006e2a5c3ca35767f215947326591180b1c7,14452.331363057987,500000.0,shuanyang
2026-06-18 08:10:56,day,sports,71,0x5c3a1a602848565bb16165fcd460b00c3d43020b,14167.967588175321,201111.31929800002,Crystiano
2026-06-18 08:10:56,day,sports,72,0x208cae216d0e7cdb337a2db0db12f03816066b98,14154.999999999995,0.0,owejosamdfi
2026-06-18 08:10:56,day,sports,73,0x5ad49cd574df6888a0fe1d2b522f334988f06866,13968.919173119997,29299.979536,0x5aD49Cd574dF6888a0fE1d2B522F334988f06866-1766098504363
2026-06-18 08:10:56,day,sports,74,0x5a662a1262a1d9d0dab767909b64620150d4dcc2,13731.170125360513,54921.232517,0x5a662a1262A1d9D0dAb767909B64620150D4dcc2-1776749850535
2026-06-18 08:10:56,day,sports,75,0xa804390f80019699ab34a282c0df7528fba82a75,13687.460720830568,43242.181982,riverskew
2026-06-18 08:10:56,day,sports,76,0xdb859a551fcf56e49416160911476bea7307152f,13138.934942485095,143453.57,AV23IUa
2026-06-18 08:10:56,day,sports,77,0xd218e474776403a330142299f7796e8ba32eb5c9,12831.123401783756,332719.779264,cigarettes
2026-06-18 08:10:56,day,sports,78,0x5268527977f700f9bf9b6d5cd843859e4e70135d,12772.156886507059,511730.3997620001,HomeRunHazard
2026-06-18 08:10:56,day,sports,79,0x67542c3219b37fd1610aad290676ff91cdbfe3bc,12580.909849999996,0.0,maz26
2026-06-18 08:10:56,day,sports,80,0x8a269634753d90783f52c58e5ae9a8b9679e937e,12502.630650709467,4009.19956,Iconicsoundsdk
2026-06-18 08:10:56,day,sports,81,0xe91171f655be1568e4c63f29663c0028649e3d4e,12227.266441168438,66632.51317900002,0xE91171f655bE1568e4c63f29663c0028649e3d4e-1765651946286
2026-06-18 08:10:56,day,sports,82,0xd1ed12197b7dc22dede923727e9b714024dbd7cb,12198.836268508574,200851.77780800007,curie
2026-06-18 08:10:56,day,sports,83,0xa79e53b6d0893b7049ce002b279d6a6ecca81fb0,11978.796236120004,4677.207182,ouhuang888
2026-06-18 08:10:56,day,sports,84,0xac1c911c2e153d42d866a060c49f49cf668bd8b5,11651.008059826854,318298.475939,H.man
2026-06-18 08:10:56,day,sports,85,0x70427df0ca3b7f76d746833fbef37cfc155cc72b,11513.829633365,0.0,NeraZZ
2026-06-18 08:10:56,day,sports,86,0xde496f99cfcc61405dbe593f47d74bc5e85afe85,11348.360599757018,26923.760486,biguser67
2026-06-18 08:10:56,day,sports,87,0x60ebbbf2f7f23fe879f9c2bdfa199442c8a81df1,11174.989391199999,0.0,toba6942
2026-06-18 08:10:56,day,sports,88,0xcc2f703ecc344459af4e6d52ecb11384c9d8a15f,11107.910083097993,0.0,wwwkjnk
2026-06-18 08:10:56,day,sports,89,0x5f8691f6ee3f48a29ec8f2d909dd20900cdfa769,10778.68654351843,1635702.622209,foxy.
2026-06-18 08:10:56,day,sports,90,0xfc0847fe2ea938d6e2624650eb29ef8d8142a137,10331.890985510283,44172.444284,0xfC0847fe2Ea938D6e2624650eB29eF8d8142A137-1771999665274
2026-06-18 08:10:56,day,sports,91,0x567212c82aaa6fe589be5a2f4c96ce40904e7312,10173.145694400013,22140.235520000002,0x567212c82AAa6fe589bE5A2f4C96cE40904e7312-1774860884379
2026-06-18 08:10:56,day,sports,92,0x1852907bc254c62e1acf4cfba8edf21bd9fdcb4e,10017.6719441899,29189.221289,konners8008
2026-06-18 08:10:56,day,sports,93,0xabb89972b21b304c1bed2bf26f35c8741ac9bba3,10010.931750992313,51312.39,Feromont
2026-06-18 08:10:56,day,sports,94,0xe988cd54dffb6a5a78d4d8ac36a60df2c0308343,9974.037525231026,17500.122863999997,qaz520
2026-06-18 08:10:56,day,sports,95,0xe9a6ed2e4d4ee8ce47cd47cac834746dc4cf627b,9894.265202277456,17977.522495999998,Onege
2026-06-18 08:10:56,day,sports,96,0x70ef99d7df226dcb35b30049b1e9c594881ce6dd,9820.325808395002,99295.210246,Scout326
2026-06-18 08:10:56,day,sports,97,0x507e52ef684ca2dd91f90a9d26d149dd3288beae,9708.198808743153,85539.60565500002,GamblingIsAllYouNeed
2026-06-18 08:10:56,day,sports,98,0xb10bf118b2a3c1cff0379a4134a82eb6d51e0b04,9690.616402725691,21108.997036,0xB10bf118b2A3c1cfF0379a4134A82Eb6d51e0b04-1767216280668
2026-06-18 08:10:56,day,sports,99,0xbe7ef1907a730226453814dedeee3995c0656d00,9581.938777089963,29151.858493000003,NO.9kami
2026-06-18 08:10:56,day,sports,100,0x8b2c5fc68ffacecab31726a9251ffcf2ab01d7e6,9434.305249841454,84050.06631600003,ningchaoxian3
2026-06-18 08:10:56,day,crypto,1,0x565ca59275f81991bd9877d7fa8404c5ecf6519e,50614.836334747735,121689.908748,bbwlover
2026-06-18 08:10:56,day,crypto,2,0x19cdff29af22829f92fc9a1805d71c00165edd44,47587.92897398482,105636.804007,DDDASSAsds
2026-06-18 08:10:56,day,crypto,3,0xcc500cbcc8b7cf5bd21975ebbea34f21b5644c82,9849.709738549776,37753.696231,justdance
2026-06-18 08:10:56,day,crypto,4,0xb14f6b5484e69217ffbd24180ddab2d3a181a7a4,9723.579720000005,0.0,GilouLeFilou
2026-06-18 08:10:56,day,crypto,5,0xd189664c5308903476f9f079820431e4fd7d06f4,8625.031329389778,109487.04176400001,rwo
2026-06-18 08:10:56,day,crypto,6,0x2334195baf2db920ff6e8940dcbc031451f99a9f,7157.510123045817,43495.10285,0x2338195baf2DB920ff6E8940dcbC031451f98M
2026-06-18 08:10:56,day,crypto,7,0xeebde7a0e019a63e6b476eb425505b7b3e6eba30,5451.729929069756,563108.3054840001,Bonereaper
2026-06-18 08:10:56,day,crypto,8,0x06dc51826bc524d9a83770e7de9dd7e005b04524,5440.616516102629,110710.32821099999,0x06dc51826bc524d9a83770e7de9dd7e005b0452
2026-06-18 08:10:56,day,crypto,9,0x1465b79bff7992bc703e1aafb3683b1089647072,4817.673384855851,764.142257,JnStTrdrBnusFnd
2026-06-18 08:10:56,day,crypto,10,0xd02b6d910a38479c3125308fc4737a46509cd6df,4596.956802566714,113142.61411899998,wowitsamazing
2026-06-18 08:10:56,day,crypto,11,0x9412cdfc1e3171e1aabb013d0f494986445d0cd0,4309.265004170491,149638.54844599997,gansinimen
2026-06-18 08:10:56,day,crypto,12,0x900387dc07b502173c50ae5f3383ac5d77a0fa6e,3855.751392408032,23063.587541,birelam29
2026-06-18 08:10:56,day,crypto,13,0x575b2fba39882d7258273de79b0cd2b9ad1d8e6f,3449.9851967400014,7499.967819,0x575b2FbA39882D7258273De79B0Cd2B9ad1d8E6f-1776781945633
2026-06-18 08:10:56,day,crypto,14,0xd76930596edbb8c784dcc48f52140875bcd4f90c,3390.397429313045,0.0,dodca
2026-06-18 08:10:56,day,crypto,15,0x2d8553bfc7dfdea6a87aec0d2c0c7d53ca18c543,3368.5173747850117,1.42,ToldYouSo10
2026-06-18 08:10:56,day,crypto,16,0xba0d049aa32383efdcb1b5e6535dcd984c369a6e,3251.6528792206173,1000.0,fleeth
2026-06-18 08:10:56,day,crypto,17,0x9ad6c5316aea1f5dade839e607bfb5437fb54251,3150.1650999999765,27692.410000000003,0x9AD6c5316aEA1F5DAde839e607BfB5437fb54251-1774334450917
2026-06-18 08:10:56,day,crypto,18,0x2ce02747ae686f30db202e191a314f8797308d6f,3089.156381866378,20179.567057,ReggaeJoe
2026-06-18 08:10:56,day,crypto,19,0x12c2782b74d3b2a051b55be2e5167970ace01381,3066.1992367491475,27913.721726000003,gta6wen
2026-06-18 08:10:56,day,crypto,20,0xa95b27b0626973f7bc7600e65cd88cd7b42d0d14,2936.5159237701573,17450.693237000003,DarkNHL
2026-06-18 08:10:56,day,crypto,21,0x2d8553bfc7dfdea6a87aec0d2c0c7d53ca18c543,3158.243041330013,1.42,ToldYouSo10
2026-06-18 08:10:56,day,crypto,22,0xa95b27b0626973f7bc7600e65cd88cd7b42d0d14,3138.4826457701574,17850.518237000004,DarkNHL
2026-06-18 08:10:56,day,crypto,23,0x2ce02747ae686f30db202e191a314f8797308d6f,3097.931995896379,20179.567057,ReggaeJoe
2026-06-18 08:10:56,day,crypto,24,0x85bcb9b1d22a26e6e679f9c8a281cfa57abfa12a,3037.087040793979,11538.058014999999,sunshifu
2026-06-18 08:10:56,day,crypto,25,0x462d515e957253d2fa79a1f808e6e99eb2eece9b,2854.3534334898413,37179.428552000005,Hongweiqian
2026-06-18 08:10:56,day,crypto,26,0x0aefdd2365c50060a276cbd2832931d32355e9a1,2844.4616758228726,6873.193952,
2026-06-18 08:10:56,day,crypto,27,0x05c53dbb0103776de1a5cb29146d34069a281d0a,2688.4264263800005,44421.225431000006,GordonFlowers
2026-06-18 08:10:56,day,crypto,28,0x2fc26fa727e3fa7aa5011564ac5f55599826cfce,2617.127498804389,49556.53160799999,8xdsag32d45gd
2026-06-18 08:10:56,day,crypto,29,0xc2ad03f79ca3f3c17d8c7de2612ce0c89b7d40ed,2571.068854456913,51745.35090400001,bosona
2026-06-18 08:10:56,day,crypto,30,0xf3ce251f9c4ae0f3940a9f32de5dd1a1d05b8bc6,2501.1749285000114,197054.49100000004,0xF3Ce251F9c4ae0f3940A9f32dE5Dd1A1d05B8Bc6-1778725794122
2026-06-18 08:10:56,day,crypto,31,0xa3e9a711841e655def080044768452b60f4263d0,2430.218112307499,0.0,alanhutton
2026-06-18 08:10:56,day,crypto,32,0x9783f45ce35f794be38ca47dd0816a5c241383b9,2387.7988298663918,5639.3641640000005,0x9783F45CE35F794BE38cA47dD0816A5C241383B9-1766113722324
2026-06-18 08:10:56,day,crypto,33,0x4fca1342bf60f9bb5a4b71e57880070be3372e16,2368.5925648461925,20383.324546999997,0x4fcA1342Bf60F9bb5A4b71E57880070BE3372E16-1765656681764
2026-06-18 08:10:56,day,crypto,34,0x9d57c42e847173d06841703825d3fe2299e456ea,2356.871072118658,163813.738953,Polkadot-Frog
2026-06-18 08:10:56,day,crypto,35,0x42081332ddd9020cde98c83b7d4b5917957213fe,2325.9202825219,35558.212362,0x42081332DDd9020CDE98C83b7D4B5917957213Fe-1771777400433
2026-06-18 08:10:56,day,crypto,36,0xd4f4923158e5e6616880f846010c135002faa781,2302.2827859780045,0.0,GrandMaXx95
2026-06-18 08:10:56,day,crypto,37,0x927f7694de44d19a72bce76254e628d1c141d215,2281.6786904240726,38788.716727,baloneigh
2026-06-18 08:10:56,day,crypto,38,0xddb0629096a8a03f490b6572c06f2ee76465f95a,2271.6860513685533,89927.10675,IVY56
2026-06-18 08:10:56,day,crypto,39,0xb4982f610a92a6ff7448fa27c70dccd3dc9e85b9,2235.8736317442817,76154.344757,GoingInsolvent
2026-06-18 08:10:56,day,crypto,40,0x23d01f0a0fc16ae248a905345edd675cffbc8108,2116.6641258949976,0.0,X10DED
2026-06-18 08:10:56,day,crypto,41,0x8273db9b5b6f53ed30c332ed5649a980a7ae42b1,2013.3864854866515,64005.368784,northeasterntiger
2026-06-18 08:10:56,day,crypto,42,0xee65685de42f8de9a03b4c53ee77d56a20d2cfc9,1997.2625611157273,367585.96552200004,0x50f7
2026-06-18 08:10:56,day,crypto,43,0x8302e5e7dac387cd2cc5e64c9ba1b6f5a70a8b44,1862.9955640266749,18639.980902,0x8302E5e7DAc387Cd2Cc5e64C9BA1b6F5A70A8b44-1776292789339
2026-06-18 08:10:56,day,crypto,44,0x0d2cf5673be79d5d1be39011ec2f5432e6799c56,1842.7785982666892,67107.136033,Krolik5254
2026-06-18 08:10:56,day,crypto,45,0x8320b90db15e5b777e5a023b5ba3cfa214d4904e,1808.569408702875,50744.316136999994,vedaresearch.btc
2026-06-18 08:10:56,day,crypto,46,0xee55214ee3a9ee22a404663c76ca832577df7b04,1807.001861798286,92795.04447099999,sixx7
2026-06-18 08:10:56,day,crypto,47,0x72a0d79b4325638bc2bcfc9a2b8a380c2d81c059,1798.5222371979908,55809.789609,
2026-06-18 08:10:56,day,crypto,48,0xb27bc932bf8110d8f78e55da7d5f0497a18b5b82,1749.2597622410394,564558.9680229999,
2026-06-18 08:10:56,day,crypto,49,0xe578cca54a557866362ab13ee44594e9a656c96f,1740.3014952677152,3480.916273,MarcoGiordano
2026-06-18 08:10:56,day,crypto,50,0x898b5c899b4243363734e1910cc516ed2a9d560d,1697.6,3395.2,nanguo
2026-06-18 08:10:56,day,crypto,51,0xfcdc071df7080c214196bb0b3b751e5417f9d8e3,1684.3360877772648,70460.635453,neversmiling
2026-06-18 08:10:56,day,crypto,52,0xbcf010b27f2a6f7c846306a32038f0cb376a9604,1656.2680780645424,139091.183548,0xBcF010b27F2a6F7C846306a32038F0cB376A9604-1780161927366
2026-06-18 08:10:56,day,crypto,53,0x8d1d5d1c6041b13fc708b5d9f668070e1724ed4a,1642.4440344357427,86770.890599,CERTova
2026-06-18 08:10:56,day,crypto,54,0xf17add1f7ac10b0078a5a3b016218c8b05237b1f,1610.7555141189914,0.0,lifehack
2026-06-18 08:10:56,day,crypto,55,0x885278f0e304bc2d53f805af2ab779cb6011c569,1588.742909359862,45086.307168,gabigol
2026-06-18 08:10:56,day,crypto,56,0x23f544a1f92150f25ebafae0e40f5db448b37a6e,1587.9973889999528,11541.695078,mantaray1xusdfj
2026-06-18 08:10:56,day,crypto,57,0x1e9611c3bde3aa2ea36eb3f063834b1a23c6e72a,1524.773149436147,21298.213043,pppppppppo65
2026-06-18 08:10:56,day,crypto,58,0x75cc3b63a2f2423085e10706c78b494017b93ce1,1496.7211351862643,43901.299826999995,
2026-06-18 08:10:56,day,crypto,59,0x4f4db63c617e1b46eb3dbb0426718ef517ee09fe,1493.1628900000003,5984.6204,alvinkk
2026-06-18 08:10:56,day,crypto,60,0x27091ce48a08a3e21d63c42d33428cf1e55d20f5,1472.5951729477092,19237.500217000004,dgcf
2026-06-18 08:10:56,day,crypto,61,0x0484e64092ba4108c2786b61e6fc052d3bf41b1a,1445.629200170035,143309.84999999998,DoggyStyIe
2026-06-18 08:10:56,day,crypto,62,0x2ccee10e7b6258e11f380018e0f9961d18016e85,1428.1483814308376,12102.605096999998,SingW
2026-06-18 08:10:56,day,crypto,63,0xb55fa1296e6ec55d0ce53d93b9237389f11764d4,1366.4352575535886,113707.54142499997,0xb55fa1296E6ec55D0cE53d93B9237389f11764d4-1777575277609
2026-06-18 08:10:56,day,crypto,64,0xe0229e10a858860218b6132f4234602c47bd6603,1361.9426179101865,71765.25999999998,JetFadil
2026-06-18 08:10:56,day,crypto,65,0x6347e754b37220b9e519d686e15cad3129b24390,1359.7183078793296,2909.862674,0x6347E754b37220B9e519D686e15cAd3129B24390-1780621508551
2026-06-18 08:10:56,day,crypto,66,0xc0ffa24eb2bfaeaafe11b5c1143281f7c590136b,1344.5799752450985,17788.54434,abacaxi
2026-06-18 08:10:56,day,crypto,67,0x83e3d0550af80ec687c73bcd55594fedf28e5652,1337.194551980696,3883.4370869999993,Aurora148
2026-06-18 08:10:56,day,crypto,68,0x33ffb244d77ab62877a497a93458d88673002fe3,1335.5014900113563,16710.537465,
2026-06-18 08:10:56,day,crypto,69,0xd5ebe9a1a9b1eda2ecc429ffd6e117c8aaf2f67f,1334.7539882944584,5613.5470829999995,sansqui1234
2026-06-18 08:10:56,day,crypto,70,0xb47d1fe7f05f8adc7d24f38c500d0b5cf2521707,1296.8457169999929,2889.566872,0xB47d1FE7f05F8adc7D24F38c500D0B5Cf2521707-1767075573448
2026-06-18 08:10:56,day,crypto,71,0x4705408c791455edffc66782d4cea30c17afd03e,1288.9938808564038,51451.739146,
2026-06-18 08:10:56,day,crypto,72,0x7a234402593e6e49c5025d6c2fb046403ac04454,1282.576042785763,10065.950768,TableMax
2026-06-18 08:10:56,day,crypto,73,0x388537259dc9e693c1c9b96fdf07a63f6b7aca77,1277.4800337516936,57380.153171000005,easypredict
2026-06-18 08:10:56,day,crypto,74,0xdea4f317ec725b923000ff47099b7b3755d3f900,1253.3269788300113,2988.428665,0xdEA4F317ec725B923000fF47099b7B3755d3F900-1766378639426
2026-06-18 08:10:56,day,crypto,75,0x7e1feee73eca10013b65a35f92296b78b803c704,1235.255,2470.51,skylineproof
2026-06-18 08:10:56,day,crypto,76,0x7cd156802a8c9f4c9c8a1fa6270529c8b43e8d05,1153.8109828924016,6005.4147140000005,0x7cd156802A8c9f4c9C8a1FA6270529C8b43E8d05-1766113882443
2026-06-18 08:10:56,day,crypto,77,0x1015bb260154f51e5f432cb0a3227c1619fcbac8,1129.496651662259,62557.476253,riceapplepie
2026-06-18 08:10:56,day,crypto,78,0xcfbb6b28819a87076db76ecc933658b630b44197,1121.4939735018706,9393.095689000002,marmot3
2026-06-18 08:10:56,day,crypto,79,0xd83cca512a2566ee0a82e1b1780f3857cf5a19dc,1095.2483564174618,0.0,Coolmanx
2026-06-18 08:10:56,day,crypto,80,0x5e2b9261b0c4f697b55bf921ff2bc227183d9101,1084.8679395430372,36681.043299000004,
2026-06-18 08:10:56,day,crypto,81,0xe55108581aec68af7686bd4cbc4f53ef93680a67,1080.366937794999,0.0,NeverYES
2026-06-18 08:10:56,day,crypto,82,0xfb0f17657c9c24293b918adb86362a4d8fc90b02,1073.974864050866,110495.899237,aoe2gamer
2026-06-18 08:10:56,day,crypto,83,0x251c1a283703beed41590b0875a8dcb8ddd1541f,1051.737971000046,64169.869999999995,0xAAAAA
2026-06-18 08:10:56,day,crypto,84,0x2a9c77ed09d86c2ad2ced0a60c8b5b2a23acc8cf,1038.9756740000084,46455.850000000006,0x2a9c77ED09d86C2AD2CeD0a60c8b5b2A23ACc8Cf-1774329787224
2026-06-18 08:10:56,day,crypto,85,0x1e874d3ba49cf9763e73187a92e818c7d7788efc,1030.2649299107743,15039.500475,
2026-06-18 08:10:56,day,crypto,86,0x9bbf8abf929eddbb4da10535cf4c02db33f4c59f,1010.5479686751787,14614.45,HandsomeLi
2026-06-18 08:10:56,day,crypto,87,0x90b5a47d090a562c48a3aaed87612af3150d6bae,1004.9532163805611,7324.678072,0x90b5a47d090A562C48a3aaED87612af3150d6bAE-1767638568336
2026-06-18 08:10:56,day,crypto,88,0xb289e9f1aec9cf77a2abfaf33ac2375b97c207be,1003.2431145902051,8349.327441,ItachiUchihafromKonoha
2026-06-18 08:10:56,day,crypto,89,0x596b928ea8168b239c9d846282777f79030c21e5,998.3910715113452,98673.56121399999,Harrvest
2026-06-18 08:10:56,day,crypto,90,0x67ae544746f94f6787878eaaa9c60b5804490f0a,996.690418109999,0.0,Baderbet
2026-06-18 08:10:56,day,crypto,91,0xc6a2937aa00314b9f0b566f0ef50dc1cf016f803,988.7390585642419,8354.768132,best0909trade
2026-06-18 08:10:56,day,crypto,92,0xe40411b4b4a47dd097e520d5595a8fe56b88ba3d,973.4136808723094,12428.025137000002,0xE40411B4B4A47Dd097E520d5595a8fe56b88BA3D-1781508099016
2026-06-18 08:10:56,day,crypto,93,0xd0f1c48f7eb486764bd48eff644f7e66a73a6712,959.2092443820002,101.15,XRPisSH8T
2026-06-18 08:10:56,day,crypto,94,0x42fa340061a94072a818e540c3e80d8148d81fc7,951.5149209488354,406.41,Trashbag
2026-06-18 08:10:56,day,crypto,95,0x2e4d05beafd81a6e85bc0c6a94820d61ef34f703,943.860193069966,0.0,woshiLimpeh
2026-06-18 08:10:56,day,crypto,96,0x344ac3c4c75ec465ce573536d5ee979504d1b394,932.8768420728513,4064.953157,agree-to-disagree
2026-06-18 08:10:56,day,crypto,97,0x8cc6d0d2ef3dcec712a99489b5718aca698acf5d,927.1928811187328,1844.1873110000001,
2026-06-18 08:10:56,day,crypto,98,0xa29b635852018986d79856838ff92eec4df6fb1f,914.2475619999997,1845.9714990000002,0xA29b635852018986D79856838FF92EEC4DF6FB1f-1766378027598
2026-06-18 08:10:56,day,crypto,99,0x7b5df2b7094e16fa7eea6c5b0419b1d3d54c7a01,906.2491579854468,901.5799999999999,xxcryptox
2026-06-18 08:10:56,day,crypto,100,0x5d4aba8ad45bb5eab3499a0294b42da5d1e455d3,905.0517191317049,28655.450379000005,
2026-06-18 08:10:56,day,finance,1,0x4ab9b54427ec4b7f3646b1a0ef1bed73bc708ebe,102266.86937,0.0,RWCS
2026-06-18 08:10:56,day,finance,2,0x6c3aae17140c5e3cde62380daaa323e38575c459,100287.227136,0.0,AvrahamEisenberg - 10161
2026-06-18 08:10:56,day,finance,3,0xa8cf2ed8751f4e58ad039e1b68a8b58b4395031f,85547.41699299996,0.0,
2026-06-18 08:10:56,day,finance,4,0x3d8a89a20aa73fba0f30d080e8120de9f9555724,50766.935668,0.0,Poyo
2026-06-18 08:10:56,day,finance,5,0x0d18e30e252008d83f51dae00d36873ddd9e24a6,29726.53863699999,0.0,MonsieurDimanche
2026-06-18 08:10:56,day,finance,6,0xe734e7bf7cfb9e464681f71822f6c2f6be514f0c,28376.190309765516,29356.728607,boyau
2026-06-18 08:10:56,day,finance,7,0x0f35109cc3ceaf729609c3109310791bd616c84a,27254.641564000005,0.0,
2026-06-18 08:10:56,day,finance,8,0x782186952ef2ca75ea91c95aef25bbdcffb4bb1a,23607.800415098933,0.0,thif - 33063
2026-06-18 08:10:56,day,finance,9,0x95b198f900d19a80d3d7e47b7b17708af254f9ac,18124.591877,0.0,thepicklebomber - 3805
2026-06-18 08:10:56,day,finance,10,0x7fb23b0d330ea4ac4f3cecce1eb81fb0bfb3ed4b,14768.168524999995,0.0,
2026-06-18 08:10:56,day,finance,11,0x4f70929ba287ac85dc2431c85382ccd9e6b0d185,14234.245540373951,0.0,Lance Uppercut
2026-06-18 08:10:56,day,finance,12,0x15ae79d7cd60b2a7f06ae46eb4c7a0eb16096ffd,13228.384829999999,0.0,humiliating piglet
2026-06-18 08:10:56,day,finance,13,0x903221b1098263779ae19486028c844e8c338717,11337.273466292141,2106.2412999999997,0x903221b1
2026-06-18 08:10:56,day,finance,14,0x322f041810cee536293dcb4c99fc23b3a766940a,10043.226767999999,0.0,Sports
2026-06-18 08:10:56,day,finance,15,0xe0eeb30d92eb2a995fc82b4e58def02c53e6fa3f,9426.288296831113,0.0,predictor - 3335
2026-06-18 08:10:56,day,finance,16,0x84898b583d56054b502c6564f3edfad43b54e211,8927.851561376445,0.0,JustLearning
2026-06-18 08:10:56,day,finance,17,0xfefaf44054fb92d87882f2bd24bddbd163487bed,8476.656116999999,0.0,vivaFujimori - 33031
2026-06-18 08:10:56,day,finance,18,0xae95a2fd8df6b5e621d583157d47412a6b066579,8274.744259,0.0,draintheswamp!
2026-06-18 08:10:56,day,finance,19,0x09fb8ab5f70b2140511c366451e0f02c3c10d01c,7974.457056,0.0,mkiaz - 1025
2026-06-18 08:10:56,day,finance,20,0x1f682adb9a5cf101bcf53a7cd00bc2c594f7c9b3,7677.93231,0.0,0x3177d25a95524e6d98843c78cd604b67fb1b92b9
2026-06-18 08:10:56,day,finance,21,0x9a3fa403a6666eef75f92f181fcf13f9c051914a,517.1233755425019,0.0,Rex416
2026-06-18 08:10:56,day,finance,22,0xc28f8fc265651d74fd4c5180f91a54d19865ffed,513.2159000000029,0.0,dsdfsfds
2026-06-18 08:10:56,day,finance,23,0xab93dd191ea4de7dacc4b25731837c39ea5eb17d,512.7468449999869,0.0,Tang-to-A10
2026-06-18 08:10:56,day,finance,24,0x376441d19f56d43629d3872324dc2e648e13c5eb,508.2727699999996,0.0,m3t64 - 815
2026-06-18 08:10:56,day,finance,25,0x5011224f4848cb2cf2d87cf2b823551dfd0e220e,507.2884026294714,1221.0,GCNO1
2026-06-18 08:10:56,day,finance,26,0xb187a6fae3d0b60108f13006359dded4d15944a9,506.6395416880023,0.0,Cptrade
2026-06-18 08:10:56,day,finance,27,0x6e2ca758f5d1e712bca94512ef502f1641c8bd51,491.4006882045005,0.0,axio
2026-06-18 08:10:56,day,finance,28,0x03805a13a0b3e058f55f6c6af95389d4f431073d,474.6622643742303,2884.154549,donthackme
2026-06-18 08:10:56,day,finance,29,0xc8ab97a9089a9ff7e6ef0688e6e591a066946418,465.356274129299,55527.685379,ArmageddonRewardsBilly
2026-06-18 08:10:56,day,finance,30,0xb10047d6a254b2ebb306d7a7d13bf59171ab6461,462.2914372899977,0.0,Parz1vaI
2026-06-18 08:10:56,day,finance,31,0xed107a85a4585a381e48c7f7ca4144909e7dd2e5,450.82512067099924,14660.02,elmcap2
2026-06-18 08:10:56,day,finance,32,0x9f92355417d3001149a03e1cdcfecef40d482c2d,450.4260899338335,16869.256992000002,Ttooot
2026-06-18 08:10:56,day,finance,33,0x764b305694b026c1acce7bf862c3b5456a146bad,435.8603605591993,435.64,quietparcel
2026-06-18 08:10:56,day,finance,34,0xd0f1c48f7eb486764bd48eff644f7e66a73a6712,432.0999999999999,0.0,XRPisSH8T
2026-06-18 08:10:56,day,finance,35,0x1b50896415336870148cac98d078e88f93ca87fb,383.72343609499967,0.0,sweetpea
2026-06-18 08:10:56,day,finance,36,0x72cb5d785e61759544dee3a8e2eb110f50515962,380.14028115797146,2592.9300000000003,0x72Cb5d785e61759544DEE3A8E2Eb110F50515962-1772877701845
2026-06-18 08:10:56,day,finance,37,0x79f244fab4c796670330aafdb46be99df24518ff,371.97248983098075,718.52,pcca
2026-06-18 08:10:56,day,finance,38,0x54a78f8c6e64572111c5683a9efeed25a04c881b,369.35444881950025,3582.0,Laurenman
2026-06-18 08:10:56,day,finance,39,0xf1899a30a2c016941bf4abd77b900ecacd768e47,353.30961689393007,6914.5970640000005,Alicia
2026-06-18 08:10:56,day,finance,40,0x5e627f86e1bff9e3742c89f5401e3752355dc577,341.2432760900002,0.0,Taytaaaaan
2026-06-18 08:10:56,day,finance,41,0x9dfe2f73d3c988a9d69df8fa0beb85651340b3dd,338.9849999999933,0.0,Moond
2026-06-18 08:10:56,day,finance,42,0xc95539ac5c7b982484f42baeb0ff86dbf2f8b1e9,337.367160249647,4334.379084,alex2945545
2026-06-18 08:10:56,day,finance,43,0x54fde20fa60e932fc480071e05695b42caa94ac3,335.55809100999977,1748.59,vimtodcs
2026-06-18 08:10:56,day,finance,44,0xad431a3aa1b6c86b874d009a62a9b3b70117b681,330.3915786499997,0.0,tradesbyicky
2026-06-18 08:10:56,day,finance,45,0x4266d3aeedfb1a99f8a79406d97e2b230c725305,325.0231003035042,0.0,hulinali
2026-06-18 08:10:56,day,finance,46,0x95074f700f93bdf6e62fc965e0832064c0877b04,320.26109070436723,11447.487055000001,95074f700f93bdf6e62fc965e0832064c0877b04
2026-06-18 08:10:56,day,finance,47,0x32c491e42ae776d7f6f59604b7542971dc9cd7ec,313.991529840001,0.0,luckypalmer
2026-06-18 08:10:56,day,finance,48,0xf8fb43a0f2e8ffc29408261a0fee4c7648fe19dc,304.71303786499993,0.0,Sandor
2026-06-18 08:10:56,day,finance,49,0xd23f8c8aab13cfb2a35da40b67f8471faf9894a1,303.86617918650177,1240.0,Corlys
2026-06-18 08:10:56,day,finance,50,0xe25b9180f5687aa85bd94ee309bb72a464320f1b,299.99999999998727,0.0,WordleAddict
2026-06-18 08:10:56,day,finance,51,0x8251d7c1ca289bc0d993b4f6eae36785472e879d,297.70033473633134,836.831415,0x8251D7c1CA289BC0D993B4F6eAe36785472E879D-1777748373551
2026-06-18 08:10:56,day,finance,52,0x53c48faa2373f597b693567f79c3782c6ce7740b,296.47325670477585,113.461534,uma003
2026-06-18 08:10:56,day,finance,53,0x40604cb1f958c03bea0b18aa43e4cb0d62f33ec3,296.4094265324529,14.26,C03B
2026-06-18 08:10:56,day,finance,54,0xe53312c6c15af508e0c31e2cfadbefddd399ab29,277.992595740001,0.0,WharfMan
2026-06-18 08:10:56,day,finance,55,0xe8a2057abd53d285f7bea590b8f1dff1f04454c2,276.15967932999956,0.0,2017
2026-06-18 08:10:56,day,finance,56,0xdefebc7ed6f5d6e8710398f37eea6fc1746a17f4,276.07875491936284,2577.4045939999996,e25247f2da2a2462f03c936c379b7ab0
2026-06-18 08:10:56,day,finance,57,0x7d26d98cd61a2de8ce4a37a05cf9537ec85fa7d1,270.1737546849986,0.0,Decayer
2026-06-18 08:10:56,day,finance,58,0xde0463ea7f611b065e8ab06bbfbddad75e6dfa37,264.91579237999963,0.0,mwenya
2026-06-18 08:10:56,day,finance,59,0xa61ef8773ec2e821962306ca87d4b57e39ff0abd,264.05720455199935,0.0,risk-manager
2026-06-18 08:10:56,day,finance,60,0xd6a39cef30c927c4d57b5cc519f3a2d0332a9738,259.6692844629997,0.0,Bambi2Hill
2026-06-18 08:10:56,day,finance,61,0xc5187cb669690150643ba2f9aac6b7d98d212594,258.99158060689115,830.401832,mustbethewater
2026-06-18 08:10:56,day,finance,62,0xd5555147366b7e5bfcea444f4a06a745c18be28a,257.36076753993257,469.373678,mmmbop
2026-06-18 08:10:56,day,finance,63,0x70ffe7b3911e0a9474029a42ab8b2f57b799b65f,257.2182024230517,26.61,MtnMark
2026-06-18 08:10:56,day,finance,64,0x49df1422e482a905927cbe92539e8e2c0bc796b7,255.65224002500008,0.0,tumoxapro
2026-06-18 08:10:56,day,finance,65,0x095dcfb123a4bc035ee6b0d624bab0cc964352cf,246.6513916500017,0.0,Contrarian - 7451
2026-06-18 08:10:56,day,finance,66,0xdb45465e6ffd7f6ac5e4b13bf0718c438bb3b5d6,239.02141462100553,0.0,0xDb45465E6ffD7F6ac5E4B13BF0718c438bB3b5d6-1763483139729
2026-06-18 08:10:56,day,finance,67,0xfaf98181c44636998a194aa7660bcae1b977f4c4,237.99996604399848,0.0,onekey02
2026-06-18 08:10:56,day,finance,68,0x44a55289103a02e6fd97f40a90dc68ef9bc3d2ee,234.5,0.0,0x44a55289103A02e6fd97F40a90dC68eF9BC3d2ee-1758655209229
2026-06-18 08:10:56,day,finance,69,0xb3078bcc1266252ed38f9c509dd0d70e1a709c25,233.4495285192279,787.7524920000001,lilesto2
2026-06-18 08:10:56,day,finance,70,0x3e7b7d5960bb24d86a979102d54f9c0f35dda039,231.3867271500001,0.0,tjdfthstsrn
2026-06-18 08:10:56,day,finance,71,0xda1547a7c3e164f2b5a0e6693f2f32e21250f349,229.4766575399999,0.0,recessionincoming
2026-06-18 08:10:56,day,finance,72,0xdf17f4a8dd01a4cfa6fc3da323a2baee5f8697d1,224.94952601000114,0.0,PatrocIus
2026-06-18 08:10:56,day,finance,73,0xf9ac4c4ef54ee6010a28299ec1d616b63bf7806e,220.75732666965337,298.360653,RATHMA4
2026-06-18 08:10:56,day,finance,74,0xb4f2592e67c333e73c923547cfe05e768180e5fa,216.54446111705965,2497.862458,M2sx92kljs42
2026-06-18 08:10:56,day,finance,75,0xa80e3fe5e7a445fa047fe6de1e27f9a15217b94b,214.83689999999478,0.0,bin8888
2026-06-18 08:10:56,day,finance,76,0x87e7fcee78e26dce7d9604d73a1c24110641d0b5,213.9637499999999,0.0,0x87E7FCEE78E26DcE7d9604d73a1c24110641d0B5-1770804565016
2026-06-18 08:10:56,day,finance,77,0xce71bed9dd1418abc34d244730879d795e8683bc,211.24399997,0.0,tutrucks
2026-06-18 08:10:56,day,finance,78,0x27abdfc9393c72a6330a3be987da4b46c726e521,208.3809385900022,384.42999999999995,pd.unique
2026-06-18 08:10:56,day,finance,79,0xcd1d7d849282afdd3cda242cafa5c99a749f6542,207.99585350000007,1272.88,0xCd1d7D849282aFDD3cda242cAFA5c99a749f6542-1781500144714
2026-06-18 08:10:56,day,finance,80,0xbf5dfa33f94e80f7649fa94a81ab8465d65c6e7d,205.81118832299717,0.0,0xBF5DFa33F94e80F7649FA94a81Ab8465d65C6e7D-1765458383511
2026-06-18 08:10:56,day,finance,81,0xb1ca909e848cc24ec4e220ce1c453bc290c51705,204.53159173000267,0.0,NonceChaser
2026-06-18 08:10:56,day,finance,82,0x57c02fb1189621fe9c0dbd97c7066920eeb260c5,197.69003100500026,0.0,0xhanxyz
2026-06-18 08:10:56,day,finance,83,0x97cf8743ddf387db269a76941b6af1d26974c6eb,192.96274427499884,0.0,0x97CF8743dDF387dB269A76941B6aF1d26974c6eb-1769747285159
2026-06-18 08:10:56,day,finance,84,0xa2ffa2cc76d44d2429ebc9eb44744e414cfb6ab4,187.42910816249992,166.28,podosome12
2026-06-18 08:10:56,day,finance,85,0xd226cdb339ab6dab0e8f84d7531ecee0ea5335ac,185.1583769199999,0.0,ginolle
2026-06-18 08:10:56,day,finance,86,0x8452b4b35dcffa9fa5b25653648d2285900afcf7,184.24781614649987,0.0,0x8452B4B35DcFfa9Fa5B25653648D2285900AFCF7-1779885378764
2026-06-18 08:10:56,day,finance,87,0x1f85e6e3e41e5f1fe03f6cf22a52ae4e352ea51b,183.58548787799919,0.0,VibeyQuant
2026-06-18 08:10:56,day,finance,88,0x645a91730f588c5586e8860936a7e3554303fd84,178.69367962691672,345.969934,nobtc
2026-06-18 08:10:56,day,finance,89,0xe3b26753e3d262ebb34cd799d2a736b691d57d94,178.43044000000043,0.0,stpocin
2026-06-18 08:10:56,day,finance,90,0xfc2f4f50ce2f6045d35558a5e2d8d4b2ac6610c7,174.674500000001,0.0,0xFc2F4f50ce2F6045d35558A5E2D8d4b2aC6610c7-1769097007451
2026-06-18 08:10:56,day,finance,91,0xad5353afe30c2da57709e2704ef3ccdcf67eef24,173.01640138129733,209.94,AJSV
2026-06-18 08:10:56,day,finance,92,0xfe3b79cd12b3e00c5fb512123e46507926b64ce9,171.95753914,0.0,0xfe3b79CD12b3e00c5Fb512123e46507926b64Ce9-1768768489169
2026-06-18 08:10:56,day,finance,93,0xf16dd3586eb9ca2b002a0498548b15439991b7f9,166.8201996699995,0.0,rocky42017
2026-06-18 08:10:56,day,finance,94,0x511f9c771449162349795d17becf8b37031acbe1,165.25365958370458,1131.475794,Bigggggggg
2026-06-18 08:10:56,day,finance,95,0x2b670a311561dcaf741d8155451774d3fa7fb814,163.62462256999925,1495.73,0x2b670A311561DcAF741D8155451774D3Fa7fb814-1778467735876
2026-06-18 08:10:56,day,finance,96,0x3c918a8ef8c379304f744592120cbb4d76149af7,163.2385257599999,642.24,Vilgefortz
2026-06-18 08:10:56,day,finance,97,0x902da7d45c7183955062a578d2b8ec27f3c6f3ab,159.68276999999944,0.0,JunA11
2026-06-18 08:10:56,day,finance,98,0x204b382df532a8106768ccceaf699a89c4ed8ca3,158.45754741208884,3697.400102,capib
2026-06-18 08:10:56,day,finance,99,0x00193568a35a85e5f3dd9eaa065c59a294da6629,157.82376544800036,0.0,denikv
2026-06-18 08:10:56,day,finance,100,0x701488c648ca157ce051b6d2a0e76f707789d7e9,157.50602333000097,0.0,0x701488C648CA157Ce051B6D2a0e76F707789d7e9-1781221266197
2026-06-18 08:10:56,day,culture,1,0x8de5e02553b6afba268e0ccf91f50d881d1f2b04,2945.3744920602476,8345.118834,mistreciberatit
2026-06-18 08:10:56,day,culture,2,0x5a218c7ad04135830a45c41aaed7294df7809318,2698.4888461435185,6358.739159000001,balthazar
2026-06-18 08:10:56,day,culture,3,0xa5761fa386787d4bb7fb9f866acf034647538678,1696.356110724988,38248.96000000001,Top1-J
2026-06-18 08:10:56,day,culture,4,0x2b5920274740ca61745eeb077587bf5bb4ff9db6,1409.0035840000082,1733.44,aHjCz
2026-06-18 08:10:56,day,culture,5,0x02b4401ae7ead14477e944f79e9db07ce9ab7092,1267.1618299999118,22421.0,alohaa
2026-06-18 08:10:56,day,culture,6,0xfa21179f2cef2f61cb78e8340ae62b17f9271438,1177.7683360094961,0.0,BABELCONSTEL
2026-06-18 08:10:56,day,culture,7,0x27abdfc9393c72a6330a3be987da4b46c726e521,1053.510561000132,349.96,pd.unique
2026-06-18 08:10:56,day,culture,8,0xdc71bed951076a6dfd27f6a341c441b8543ed033,843.1072507200006,0.0,0xDc71bED951076a6dfd27f6A341C441B8543ED033-1760135940099
2026-06-18 08:10:56,day,culture,9,0xed107a85a4585a381e48c7f7ca4144909e7dd2e5,727.425795135001,0.0,elmcap2
2026-06-18 08:10:56,day,culture,10,0x7c6cf2a18cd7a3a99db81690eb9a2f8525901f86,620.3609515306689,6303.53,OnlySafeBets
2026-06-18 08:10:56,day,culture,11,0xc5187cb669690150643ba2f9aac6b7d98d212594,573.1197210923692,193.0,mustbethewater
2026-06-18 08:10:56,day,culture,12,0xcba38f8e07955a5f45816753d7c4a6ae8af06055,518.3487159850001,170.18290199999998,GoldenSpin
2026-06-18 08:10:56,day,culture,13,0xb0d62e7959377b18fd63b772c74147724e0e7475,512.5905462437645,3274.2461740000003,bAF62E7959377B18Fd63b772C74147724E0.E7475
2026-06-18 08:10:56,day,culture,14,0x9e8ecc4cb3c4e48f544cba2fbbb252a6a65e8db8,494.6385235813359,122.0,DREAMBIG.
2026-06-18 08:10:56,day,culture,15,0x30eff89f14d5c2614a62b77935a133ce1950ac95,489.1345197655196,2080.132304,Soni-billi
2026-06-18 08:10:56,day,culture,16,0xfa4a6db2598e2b968e315c2769a83c020aadfc9b,430.66469531000166,0.0,Muzamilhussain
2026-06-18 08:10:56,day,culture,17,0x6dd9b8a32828e6ed49ceebfe389b7ec5f01f1024,412.2674486900005,5.0,penzil
2026-06-18 08:10:56,day,culture,18,0x514bed69dd15b0aa7183f985bdce50681a026931,396.1518376400004,0.0,ProsperIntelligence
2026-06-18 08:10:56,day,culture,19,0x9034d7be0aff3819327a8927905e8f174e8c4375,395.86011500000313,0.0,Papuasus
2026-06-18 08:10:56,day,culture,20,0x42658aeaa3cfae597b646ff86699c92b8b4a851f,395.71183335000023,0.0,Henryxlsurf
2026-06-18 08:10:56,day,culture,21,0x50821a454212d630e23cd2abd87773ecf8824405,341.51090844,300.0,smedking
2026-06-18 08:10:56,day,culture,22,0xcba38f8e07955a5f45816753d7c4a6ae8af06055,335.7734460149991,170.18290199999998,GoldenSpin
2026-06-18 08:10:56,day,culture,23,0x1d4687b8a278eb3dfb0cd0c3f6302998aa92fdb2,333.53336323620533,2004.6316649999999,airme
2026-06-18 08:10:56,day,culture,24,0xfa4a6db2598e2b968e315c2769a83c020aadfc9b,322.7726972320006,0.0,Muzamilhussain
2026-06-18 08:10:56,day,culture,25,0xd5196bdf50199e195c58a6aff2114cc0e455932c,306.40416323500017,5730.832647,UpDownUpDown
2026-06-18 08:10:56,day,culture,26,0xd1a63a243042d864520512fbdbd2fd20e0ab1507,303.41888214000846,861.27,DkOYL
2026-06-18 08:10:56,day,culture,27,0x1057e7d3ddafc60a4aeb10a2bc5b543792449ea5,294.4142347800007,0.0,Macks22
2026-06-18 08:10:56,day,culture,28,0xad5353afe30c2da57709e2704ef3ccdcf67eef24,281.2636611062244,888.937812,AJSV
2026-06-18 08:10:56,day,culture,29,0xbac1f5943f137eea6ed4233c1e4965832095ce0e,275.8278124171302,2507.6665289999996,F-00
2026-06-18 08:10:56,day,culture,30,0x6869d86dee5ea40b0c797e02b11e5915b0150484,275.37681366699826,480.8,0xbkhan
2026-06-18 08:10:56,day,culture,31,0xfa21179f2cef2f61cb78e8340ae62b17f9271438,261.7262968910218,0.0,BABELCONSTEL
2026-06-18 08:10:56,day,culture,32,0x2ef2887692386bebad6ef3df9fd3d0e223047f72,257.75867563450674,10611.583332999999,T11Faker
2026-06-18 08:10:56,day,culture,33,0x53bde85d8393b28e8421de0babef1d1cac745d30,252.73853396694358,5062.341571000001,Green.Gold
2026-06-18 08:10:56,day,culture,34,0x817fb2fbff81cd0c61d3f63b8c37a468f5febf28,252.33647785999995,1005.5,75usdc
2026-06-18 08:10:56,day,culture,35,0x30cfa807f4ed466faa2c126be6e3d389d69a704a,233.79999999999973,0.0,splito
2026-06-18 08:10:56,day,culture,36,0x765fa4c18dd7c3607cdcee7a87681747c2d51508,230.14988989458652,130.1,
2026-06-18 08:10:56,day,culture,37,0xc4d5a24a240ec9f52669e3251e0473fd0c5687cf,220.58447124130907,43098.130065,bipbipbop
2026-06-18 08:10:56,day,culture,38,0x8565b21d736741147592264d75cc26ccf2040c43,219.89952353999251,70.0,dddtrips
2026-06-18 08:10:56,day,culture,39,0xac4a1fabdac2438d6afa2a9e8e83845310a0bf1e,216.56676188539495,4922.146339999999,HerrieDavis
2026-06-18 08:10:56,day,culture,40,0xe3479950ef6e8984df109ec5c9be40630f9fb438,215.769278623999,381.53999999999996,Anon321321
2026-06-18 08:10:56,day,culture,41,0xe5bd42e02dc8c05b31514c1596eaf82d3e52339a,209.09423000678999,4957.311832,Kaiji-
2026-06-18 08:10:56,day,culture,42,0x2e0b70d482e6b389e81dea528be57d825dd48070,201.97749066900087,0.0,Trump2028
2026-06-18 08:10:56,day,culture,43,0xc5f57896d6790156b517d0b1af95db789bc7e714,197.85329999999988,0.0,abinfafafa
2026-06-18 08:10:56,day,culture,44,0xe2b1fc269d0c2e27da11fadd1d9596fe28227d2a,197.21821779597667,0.0,New.Jeans
2026-06-18 08:10:56,day,culture,45,0x25257a6a89dba93dd0c536b6279365632a4eb919,195.71398885099984,0.0,Trading4Fridge
2026-06-18 08:10:56,day,culture,46,0x732f92a77d0d7d9f3a2bca0ed6b5dd5b52b3201e,192.25907502188443,12838.442248,Mr-Ferrari
2026-06-18 08:10:56,day,culture,47,0x6f44850e5bdef0debef882a866c50fa2624aecfc,191.77258410389652,1583.47,0x6F44850E5BDef0DEBEf882a866C50FA2624AECfC-1777975021329
2026-06-18 08:10:56,day,culture,48,0x913f5f691ce0a947cf60cd573cbdc7c66d8ec676,188.1387493362763,5367.104251000001,0x913f5F691Ce0a947CF60cD573CBdC7C66d8eC676-1774844074915
2026-06-18 08:10:56,day,culture,49,0x2127cf49b244b867356cb011d55a5668563237f2,174.0366078754978,0.0,thanhtam86
2026-06-18 08:10:56,day,culture,50,0x2f684bb74337ed8abbd3e48df79aabd2b69a21ec,166.35600000000022,0.0,SandraParks5480
2026-06-18 08:10:56,day,culture,51,0xd23f8c8aab13cfb2a35da40b67f8471faf9894a1,161.70767917797048,4024.040344,Corlys
2026-06-18 08:10:56,day,culture,52,0xed35426be2a88e8d75a31aa4cfbf30ead42f7937,155.55182548399807,0.0,
2026-06-18 08:10:56,day,culture,53,0x35f3f632e298b77df6acd316687169d15be3cfd0,154.52964010997857,3329.59,RickRockRick
2026-06-18 08:10:56,day,culture,54,0x897a960452f8943b450d382f254522d992a74194,154.376693031289,1729.002314,ghoan
2026-06-18 08:10:56,day,culture,55,0x5b119e853ab64576c82895e3e05161d52a7d2976,153.99020000000002,0.0,0x5B119E853ab64576C82895e3e05161D52a7D2976-1771775589743
2026-06-18 08:10:56,day,culture,56,0x542aae10712e812bd71d792861ec5a570aa8a81b,151.29621159700218,0.0,Blind Chicken
2026-06-18 08:10:56,day,culture,57,0x0c0e270cf879583d6a0142fc817e05b768d0434e,148.1988972282852,274.61384499999997,The Spirit of Ukraine>UMA
2026-06-18 08:10:56,day,culture,58,0x7fa6c6474e20e9f6ce388847be32611667e216f9,142.2511103365432,869.3599099999999,PickleRick
2026-06-18 08:10:56,day,culture,59,0x5e39013a1d7c4b502ad2ea073d7e8a0469ca352c,139.94628314550016,2954.73,0x5E39013a1d7C4B502ad2Ea073d7e8A0469cA352C-1765309578276
2026-06-18 08:10:56,day,culture,60,0x8eab0c46127830072631db88e9dbaeb0b953a56d,139.66880657017464,11130.82,LinaBell🦊
2026-06-18 08:10:56,day,culture,61,0x9a3fa403a6666eef75f92f181fcf13f9c051914a,139.07519763599885,4216.1900000000005,Rex416
2026-06-18 08:10:56,day,culture,62,0x46992d0e547e3822a9c28723f51bfa804ae4e03c,137.24962567100056,8253.11,anon.1980.123
2026-06-18 08:10:56,day,culture,63,0xa3282d3e882501229c75d0caf134e62e3afb4977,136.88264419058896,1123.610598,korda77
2026-06-18 08:10:56,day,culture,64,0xfaf98181c44636998a194aa7660bcae1b977f4c4,134.99913787650075,0.0,onekey02
2026-06-18 08:10:56,day,culture,65,0xe639e41094bbeae18f3e6d1790c17299183f082a,132.4988599999997,0.0,0xe639e41094bbeae18g3e6d1790c17299183f082a
2026-06-18 08:10:56,day,culture,66,0xb86efeaca780ba45d8f66814e99dbbde3629e0ec,128.87999999999988,0.0,pichwish
2026-06-18 08:10:56,day,culture,67,0xd713f0d2761a77f7834dcbbbc8a25abc319daf79,125.0,0.0,swolfStrikes
2026-06-18 08:10:56,day,culture,68,0x0c158a0ffd934322d3a247613dd3fac9e987944d,124.99731161350002,354.739125,etar
2026-06-18 08:10:56,day,culture,69,0x6864204009ba1e137989983eafee8644cb3f294b,124.6376576502953,5077.19325,hetacz
2026-06-18 08:10:56,day,culture,70,0x590ed3d1a14ba08cad23f5c513bad6301772e43d,124.17192250897085,21739.233513999996,smalltimezzz
2026-06-18 08:10:56,day,culture,71,0xdacf9f8d0341fa3770fae5c7ccd9dcfed23e3c74,122.65979000000061,2149.99,CosmicCedar
2026-06-18 08:10:56,day,culture,72,0x5b4ab42839ad0d40a916a00a78e6d7af62fb089f,121.6244918199991,3206.9599999999996,Allrigged
2026-06-18 08:10:56,day,culture,73,0x1e1aed3928a9617e7c7ae674c4fa7aebbd9d7690,121.44584398331062,10825.017050999999,Bitgod
2026-06-18 08:10:56,day,culture,74,0xaf916b9c6f52136523121126fe9f4972b34ff6de,120.90581808299999,0.0,BitcoinHashaway
2026-06-18 08:10:56,day,culture,75,0x5f5be567196fe36552f79dca5dac8d7a2132b598,120.37549999998737,0.0,kurosaki275
2026-06-18 08:10:56,day,culture,76,0xcfff4295288ee29f75a38a7028611b7c1e93673d,117.11697148241365,1018.414618,graynotebook19
2026-06-18 08:10:56,day,culture,77,0x64dbeb0a10678b1ff708320b19654c5d40a98c8e,115.75754999999845,500.0,Miojinho
2026-06-18 08:10:56,day,culture,78,0x38f50488b14a87769e0c5cd6c514b6c2e8ec6824,115.42097141250451,2328.0,Dirty-Corridor
2026-06-18 08:10:56,day,culture,79,0x96f795d0821b75a1c7f886b2c1cd49d108b7d6ae,115.09364801000001,0.0,ZaGambla
2026-06-18 08:10:56,day,culture,80,0x1f62c45089614597d19587613ad996a5a85a9472,111.54968752299942,44.36,
2026-06-18 08:10:56,day,culture,81,0x57b00c3ccef1b6bd6962fb9ca463c4e0b38e76f4,111.28658543799884,258.08,gdyhv
2026-06-18 08:10:56,day,culture,82,0x13fa00e07adbc55fa9ac080374d83a6a5d4a052a,109.94495693894987,3151.261607,still
2026-06-18 08:10:56,day,culture,83,0xb37aa8834f9baefc6fb3312f59df8ddf0348f1b1,109.67827977999968,3706.59,Steve-Haines
2026-06-18 08:10:56,day,culture,84,0xf9939a1e54baa08e4f4d8549f1050f1ee7f6cd9d,109.64059010149867,1499.959993,Degenerate-Dude
2026-06-18 08:10:56,day,culture,85,0x3006b8ff025a3786dd9e2e2b3e183d429143e9f4,109.16903862899562,0.0,Canaldi
2026-06-18 08:10:56,day,culture,86,0xf2cf3cf7863182c763bce60580a7d20e9333464b,106.65095984473066,344.19076400000006,Mojito9
2026-06-18 08:10:56,day,culture,87,0x5b64597ebe798dac3b14e94e9915e795a93db53d,106.14721046999999,0.0,JayOfe
2026-06-18 08:10:56,day,culture,88,0x70d94a4ff67ed919a8480885cf0808afefe7a684,105.69435267995505,8029.703194999999,naiiiiii
2026-06-18 08:10:56,day,culture,89,0xe17d61402bafaf958a2f330782d5fa5ecb997c1a,102.39526000000001,0.0,0xE17D
2026-06-18 08:10:56,day,culture,90,0x2924d14ef7fb302d7d520c2394310409fce5dcde,102.07367515809165,14171.797023,fuuufu
2026-06-18 08:10:56,day,culture,91,0x01b8f38d549d153c2a193c36c1e74c0120e782c1,101.32422947410032,1050.0,standupman
2026-06-18 08:10:56,day,culture,92,0x213c60df31f7d212f75744d26b92cefcad70994b,101.10026003999997,0.0,0x213C60DF31f7D212f75744d26b92CeFcaD70994B-1764958808644
2026-06-18 08:10:56,day,culture,93,0xa0993148b8d481bfafbbc784ba19a4fe25ccd81f,100.82658197650107,0.0,JeremyJ
2026-06-18 08:10:56,day,culture,94,0x53819cad51e6479a90ffb21ca9121a021cb91ec5,94.44179999999994,1111.08,0xPoni
2026-06-18 08:10:56,day,culture,95,0x8d85fa205607bde362a92208fb04e6d9e44c726f,93.47340999999955,0.0,Andresann
2026-06-18 08:10:56,day,culture,96,0xd1b07fcbf538b2fa7b27bcc1e8e65033a3dd3f04,93.4477910939994,0.0,htg46
2026-06-18 08:10:56,day,culture,97,0xb70b528896f646ee5696ec5f14fd5e5d735c6087,92.4500052853432,76.09,rubik1505
2026-06-18 08:10:56,day,culture,98,0xce92cb6392091c79404c884426b895eef99d6e4b,91.19935343999998,0.0,0xCE92cb6392091c79404c884426b895EeF99D6E4b-1747566688844
2026-06-18 08:10:56,day,culture,99,0x52e3ddefd4d851adf4c181bfe496dd99d66782d2,90.0,0.0,0x52e3dDefd4D851aDF4c181bFe496dD99d66782D2-1774177146439
2026-06-18 08:10:56,day,culture,100,0xa87d4eaced07424632138689a6b7c2260eb66871,89.60595000000004,331.03999999999996,Anon07
2026-06-18 08:10:56,day,mentions,1,0x9e8ecc4cb3c4e48f544cba2fbbb252a6a65e8db8,388.9162834731251,3283.645516,DREAMBIG.
2026-06-18 08:10:56,day,mentions,2,0x2375550d3b98ce364476c81f663a0b878cb0691f,368.47379390023707,4078.9166649999997,0x234
2026-06-18 08:10:56,day,mentions,3,0x2ecb34e1cb95b3c8d9d3e2905668d3eee03a7645,339.2261175690021,0.0,AlphaPengu1n
2026-06-18 08:10:56,day,mentions,4,0xc33d6aa3eb972639f31e46a6a02201cece380d40,264.0004259445242,3426.496894,penguinec
2026-06-18 08:10:56,day,mentions,5,0x2cfe7302d69d3eaec0b39a0da170c20740b0e4de,104.50000000000006,0.0,algo168
2026-06-18 08:10:56,day,mentions,6,0x0dedae6a02ea2ff8018ba5f277632919ed1c9025,101.54696199000318,0.0,jcharger
2026-06-18 08:10:56,day,mentions,7,0x83c56c56bc67c0b99b38abd1c0a3c1aca7a7e193,100.80082538999523,26.66,5tghfh67fghfsdt4356g
2026-06-18 08:10:56,day,mentions,8,0xb779436770333f8d584dd8a61fba3910c324ab22,83.2382290000005,0.0,Awestin.eth
2026-06-18 08:10:56,day,mentions,9,0x9ba43501360dcacaca09caa523401c7447d8f8c2,82.1206031770198,162.88,BipBop
2026-06-18 08:10:56,day,mentions,10,0x373a949d617e60cbb25ca6df3f68018d573bf4c1,78.46136333000015,511.516665,funplayer-
2026-06-18 08:10:56,day,mentions,11,0x0952ffd58769f5e9ad3853edd2dc318ddfcfa44b,62.45710000000008,0.0,gamingcat
2026-06-18 08:10:56,day,mentions,12,0x30f67d821c57a54e25e5e521dbd3b5b18309004f,56.50514794531591,273.73983499999997,shiifoo
2026-06-18 08:10:56,day,mentions,13,0xf658449199d0bcf544de0ff928a3b66685f3dcfe,49.96214999999938,0.0,QbertRules
2026-06-18 08:10:56,day,mentions,14,0x1cb63fd92efcaaf359ffdf301c40674b2ed793f6,46.629163060000224,0.0,mrhack2026
2026-06-18 08:10:56,day,mentions,15,0xd8bf69e10ab25b10b7c5d43109c2d2dd8c358ece,39.399800000000056,353.57,redhaze
2026-06-18 08:10:56,day,mentions,16,0x3574aa67e0027d389f4d12d5324c568cbd130f66,37.847899999999754,0.0,0x3574...D130F6
2026-06-18 08:10:56,day,mentions,17,0xd5e2ac8c91c50e31157bcf1f9ad691bc7ad1c1a7,34.196294999999964,1405.0,.chumpo
2026-06-18 08:10:56,day,mentions,18,0xd9fa5d994026ce74d4d85a22725637667be66ee7,32.947077218999965,0.0,
2026-06-18 08:10:56,day,mentions,19,0xd850eee235ec87b06d675af9901acc13eec8e26c,31.496142454505502,147.084506,
2026-06-18 08:10:56,day,mentions,20,0xcd9cd64d08499ac9f919155c22ae5f21c9867133,28.919997104999766,715.8157130000001,imafish
2026-06-18 08:10:56,day,mentions,21,0xd850eee235ec87b06d675af9901acc13eec8e26c,29.22441992450578,147.084506,
2026-06-18 08:10:56,day,mentions,22,0x0cb10c40b0776e9ee8cef970af85724654dda76c,28.357550000044284,400.0,ninjaslashed
2026-06-18 08:10:56,day,mentions,23,0xaaa2cde772ab98ea86c9c323802f96daf03ec75f,26.160055880999835,0.0,wholesomehentai
2026-06-18 08:10:56,day,mentions,24,0xa0ba59128198445ed8df47128354641c7a8c0ecc,24.20199999999997,0.0,TSPoodle
2026-06-18 08:10:56,day,mentions,25,0x8be1c4989fc6b6b658081c2fc31388dd90e55731,22.78370999999977,7090.62,thcdmz
2026-06-18 08:10:56,day,mentions,26,0xf571d53f888d98525021c14da4044da6e349d2dc,22.572099779999974,0.0,qcp10
2026-06-18 08:10:56,day,mentions,27,0xc6cb9289841eace1219abc274c4c6c6d07167926,21.482,110.0,alsdkfjasd
2026-06-18 08:10:56,day,mentions,28,0x9f2a10f2967c9d63ed36f0880eea5fd7189d3706,18.65149999999999,536.0,98132wxc
2026-06-18 08:10:56,day,mentions,29,0x4f9d7f749752e8084cff681c70596231d17d9854,18.529873690822,643.283966,chanting
2026-06-18 08:10:56,day,mentions,30,0xbd109b7fc486d2dd78c7bea143cdd101007bfcdf,18.02406431999998,923.28,0x...
2026-06-18 08:10:56,day,mentions,31,0xb08223d6994cf79c10afc58653cbb8051ed55138,17.985447977983256,488.641569,ChoiceMeteor2520
2026-06-18 08:10:56,day,mentions,32,0xa6b7ebd5ce137c3b5d56f896a52eba71702bd5f3,17.27164999999991,0.0,Relaccsed
2026-06-18 08:10:56,day,mentions,33,0xadf18a599d0c73e432d042ad6d922051ae796460,16.073559620607014,987.418934,Kactus
2026-06-18 08:10:56,day,mentions,34,0x85ee84be50f99d9ec7c379f9c56442aa7529a64a,16.0,0.0,0x85EE84bE50f99d9ec7c379F9C56442aA7529a64a-1775502961314
2026-06-18 08:10:56,day,mentions,35,0x0739beca79df745311196936eb2b768c6ccdaba8,15.030305934000125,0.0,meow-123
2026-06-18 08:10:56,day,mentions,36,0x726c6e3d5cdb1a8a97b38c0e2d88448b19d66bfd,15.004699999999843,140.9,idl
2026-06-18 08:10:56,day,mentions,37,0x0bfb8009df6c46c1fdd79b65896cf224dc4526a7,14.523219540000355,189.23,melganis
2026-06-18 08:10:56,day,mentions,38,0x9f7a01549f4c2b6c91b0780c5ea147f10fd407a0,14.424850000000003,80.0,NAM002
2026-06-18 08:10:56,day,mentions,39,0xe9bae88d0762897ebff34f8519ff8a70e23a952e,14.167631028000002,0.0,simsii
2026-06-18 08:10:56,day,mentions,40,0xdf2738be74505c16478107128fb2081e451f026f,13.455191064000019,0.0,qweqw-
2026-06-18 08:10:56,day,mentions,41,0x7b243a801ba512d41534537f8579a95e7d6eef34,13.299999999999983,0.0,foolishcactus
2026-06-18 08:10:56,day,mentions,42,0x0e935a8486b7e044b6b4195af7acd280163b6a82,12.33428511999989,0.0,0x0e935A8486B7e044b6b4195af7ACd280163b6A82-1778525694471
2026-06-18 08:10:56,day,mentions,43,0xc9751b5f25e1ecd88ec4630d19422b58d0562c68,11.65402301588938,8005.894520999999,NeoSay10
2026-06-18 08:10:56,day,mentions,44,0xf2cf3cf7863182c763bce60580a7d20e9333464b,10.836315773512041,295.712445,Mojito9
2026-06-18 08:10:56,day,mentions,45,0x5874f18a2ca6558ac8671f491f3f99498fd36b11,10.538250000001426,0.0,RadarMentions
2026-06-18 08:10:56,day,mentions,46,0xcdf5d708feab46b07ca2e804a566fcbe267be344,9.751162992999994,132.0,richyee
2026-06-18 08:10:56,day,mentions,47,0x225827e4fcb863c43b150db161cf2f18e65e1451,9.600481999999985,21.27,
2026-06-18 08:10:56,day,mentions,48,0x30d6030edd300d05fc7187f9e00f60d9229550c3,9.597100000000012,0.0,ryeguy
2026-06-18 08:10:56,day,mentions,49,0x8d0c3509c152e1b4abfa470b0868ec3cce26e1ce,8.96517282500001,25.0,romanew-7-spread05
2026-06-18 08:10:56,day,mentions,50,0xa87d4eaced07424632138689a6b7c2260eb66871,8.649950000000004,0.0,Anon07
2026-06-18 08:10:56,day,mentions,51,0x4131bd4f0dc4f4e8d065ccb09a1f875072f9d591,8.360020000000002,567.98,jackylove
2026-06-18 08:10:56,day,mentions,52,0xcfd2de0d671b12c12f84a3745f49183d9891e68c,8.069734074482,1031.591241,Texaco-Power
2026-06-18 08:10:56,day,mentions,53,0xf5286079ada8dcfeaa44f7f1c87e1ec37c127e5b,7.987650009999953,28.0,
2026-06-18 08:10:56,day,mentions,54,0x6ae4dceae2e3a251f4a1eb4ec11e992cade97c46,7.526700000000176,0.0,jamieduggan
2026-06-18 08:10:56,day,mentions,55,0xab2d057d2212ee2f016c413e5fee7f1bf2fbb1aa,6.855524249999995,0.0,slobod
2026-06-18 08:10:56,day,mentions,56,0xe944fd614c0bf6a76e5ffd312401e6a790de0837,6.625033320000028,0.0,briar2682
2026-06-18 08:10:56,day,mentions,57,0xa3abfe06da12783c192cbdee706f17028cdd300a,6.4999999999999964,0.0,guhnome
2026-06-18 08:10:56,day,mentions,58,0x816b8451382b8e9cb66972fa4dd4777091739ec7,6.201918394951008,206.20136300000001,solomillo
2026-06-18 08:10:56,day,mentions,59,0xc2cab36ac330e3f7dfcae56fe1f0a89940f804f5,6.157328899999982,258.92,0xC2cAb36AC330e3f7DFcaE56fe1F0A89940f804f5-1771535889353
2026-06-18 08:10:56,day,mentions,60,0x047efe77b7f4a8c86dcacd06423a7931963dfe6d,5.988370407572997,0.0,
2026-06-18 08:10:56,day,mentions,61,0xc602e34792d9a5e129f3404daef2df43d1d37fc1,5.881829199999856,458.73,Dr.PNL
2026-06-18 08:10:56,day,mentions,62,0x4d1bcbaeed22c6da173b1a356c3c6d2270081419,5.828918739999892,846.57,RolandChang
2026-06-18 08:10:56,day,mentions,63,0x562bc8068347268d9a69b8dd464d00eed0f9dc09,5.686950000000024,36.69,SweetChariot
2026-06-18 08:10:56,day,mentions,64,0xc6777f27f1829916c5fabdd97662c79d6d77677a,5.654090748761888,258.53000000000003,trader-c6777f27
2026-06-18 08:10:56,day,mentions,65,0x269861bc71d024134bfd0e67c8cbf12c4ed72941,5.5312500000000036,12.5,asasa1
2026-06-18 08:10:56,day,mentions,66,0x065ceb389c62a2e4f305fb39eabd43b0e548f3dc,5.386370334645001,31.060605,0x065cEb389c62a2E4F305Fb39eABD43b0e548F3dc-1781644090962
2026-06-18 08:10:56,day,mentions,67,0x50b977391c4b3dd88b0a0bef03c3434fe4284298,5.173388599999839,156.6141,rocketcrypto
2026-06-18 08:10:56,day,mentions,68,0x0f9fddcae8d6e758dd4db564aa39c6320a74ac16,5.040000000000001,12.0,csfull
2026-06-18 08:10:56,day,mentions,69,0xbcfd34d651fd05537affdd494efb202c10a7c364,4.695317619999997,0.0,oli11
2026-06-18 08:10:56,day,mentions,70,0xf08848b2f70524573ca48f6c44069f635270f575,4.666963998499993,29.41,Pritanis
2026-06-18 08:10:56,day,mentions,71,0x54fde20fa60e932fc480071e05695b42caa94ac3,4.655169999999998,0.0,vimtodcs
2026-06-18 08:10:56,day,mentions,72,0x23c46463c281deb26a041fdcc24ae9c5d7629c42,4.637729999993098,0.0,oidocrop
2026-06-18 08:10:56,day,mentions,73,0xca08d6c4f044ff2d751d30abe51479c50026c267,4.532503957108,24.455707000000004,
2026-06-18 08:10:56,day,mentions,74,0x43372356634781eea88d61bbdd7824cdce958882,4.328999999990629,0.0,Anjun
2026-06-18 08:10:56,day,mentions,75,0xa5827b9956299f2adc447956a9baed1506ff8ec0,4.297858499930001,77.285713,Santale-Tambre
2026-06-18 08:10:56,day,mentions,76,0x4d54138a9b99ac7fb606a0b50d2d42359c8b4d13,4.100000000000001,0.0,Hushd
2026-06-18 08:10:56,day,mentions,77,0xb47dc99c8f9eb6f4490e485962d6726371712ad1,4.099599320000003,0.0,dafdac
2026-06-18 08:10:56,day,mentions,78,0x7a1dc3b41e10511958254ec90696f7cb3e397d6c,3.968931673987001,154.338987,lunshire
2026-06-18 08:10:56,day,mentions,79,0x6622cc1bfc7693bcebc3a314f45efdcba3384535,3.9537203790000035,0.0,0x3f1974FF83498b377182978047b571131c1Ac6CB-1775600357956
2026-06-18 08:10:56,day,mentions,80,0x397ee8cd2e5f20353962d2e80effd7087e0317ad,3.9363468219999973,0.0,jaguar-1.618
2026-06-18 08:10:56,day,mentions,81,0x7fa1507e1803272c26d91fb263c507b995d3deeb,3.6623176199999534,18.0851,dekivagyok
2026-06-18 08:10:56,day,mentions,82,0xe32b46a28b649031939a78ee47fca260758a626e,3.540549999999996,0.0,Contradict
2026-06-18 08:10:56,day,mentions,83,0x4da64bbaefa0c2955d49728f58df2a64c1780baa,3.5213665424999974,0.0,0x4da64bBaEfA0c2955d49728f58dF2A64c1780baA-1780423021681
2026-06-18 08:10:56,day,mentions,84,0x6c3a4d133edf76924e533547b35b19e177e8631e,3.044279236999998,0.0,0x6c3A4d133eDf76924e533547B35b19e177e8631E-1781574154913
2026-06-18 08:10:56,day,mentions,85,0xfe3b3720812e7e118d55ab05bd1f1fd261a6ce3e,2.7926722,0.0,Camelluv
2026-06-18 08:10:56,day,mentions,86,0xbe0e2ccaba04e1cff6328df819aba5648578d429,2.5845881250000957,66.29346,hesure
2026-06-18 08:10:56,day,mentions,87,0x5042e6dc8a612c493881a3e67519cc09f5f4fcb0,2.5142992500004766,0.0,NoHigherLimit
2026-06-18 08:10:56,day,mentions,88,0x15e513f95fea8775f80adf4fc847d9e2c6919749,2.370227970000002,14.41,bibitteee
2026-06-18 08:10:56,day,mentions,89,0x5a5e8c34dc1ce523cf262b6352410d33cd0ed12c,2.3338568550000005,0.0,
2026-06-18 08:10:56,day,mentions,90,0xc8625094f8b6f88a28fec3a1362caf49bbd53fb2,2.32229633499999,0.0,phcrux1
2026-06-18 08:10:56,day,mentions,91,0x149f91a2622dccde7380d76695ce8a964e8ad306,2.281299902999308,0.0,JRocHWC
2026-06-18 08:10:56,day,mentions,92,0xf4be854cbe4ac7f7c7816df70785bc178d4ee912,2.2499999999999996,6.0,test06
2026-06-18 08:10:56,day,mentions,93,0xbe914e970f8b33c73a8ca65ff788add775f8483a,2.2349999999999994,0.0,0xbe914e970F8b33C73A8cA65ff788Add775f8483a-1773671047539
2026-06-18 08:10:56,day,mentions,94,0xab1270725bc23f1a47a95130ad00172011203683,2.200000000000003,0.0,WSmovin
2026-06-18 08:10:56,day,mentions,95,0x08ef9bb12e694e305d5e0cf1761874ce902ae466,2.150000000000002,0.0,0x08ef9Bb12E694e305D5E0cf1761874cE902aE466-1758127915454
2026-06-18 08:10:56,day,mentions,96,0xf963af2a952dfe8becca78ec63c888dd967055e4,2.1271633149996205,0.0,nizami
2026-06-18 08:10:56,day,mentions,97,0x5f4fc359460dbe427ae7d4f81b4a34b3678cc2f1,2.1036046130423642,0.0,0x5f4fc359460Dbe427Ae7D4F81b4a34B3678Cc2F1-1766878911831
2026-06-18 08:10:56,day,mentions,98,0xcc3e87226912d35893b678eaa8a39d57b6fe37ef,2.0694000000003143,0.0,LadyLuck2
2026-06-18 08:10:56,day,mentions,99,0x08a6e4da67d93ab30bb3e4c88c550977866af3cc,2.0,10.0,Chococremeux
2026-06-18 08:10:56,day,mentions,100,0xe869b8f9a969cf81425d4a846410a2a5ac1277cc,1.8882618519999994,0.0,DefinitelyRadiationSickness
2026-06-18 08:10:56,day,weather,1,0x1aa2249dd1fa15fd2fa13dd1547a49ded00f0484,1659.656885525386,4651.057081,0x1AA2249dD1fA15fd2FA13dd1547a49dED00F0484-1781566323472
2026-06-18 08:10:56,day,weather,2,0xec86a2d3f69015b1a9382e4dfa8695e1b48760e4,1456.8492780237357,19302.524594,0xeC86a2d3f69015b1A9382e4dfA8695E1B48760E4-1770735132210
2026-06-18 08:10:56,day,weather,3,0x96489abcb9f583d6835c8ef95ffc923d05a86825,1207.2686089160852,0.0,anoin123
2026-06-18 08:10:56,day,weather,4,0x7f1cf466f7307fa8a4fb2525e0c0e322054c55e4,1046.1859111440008,2245.7039999999997,0x7F1CF466f7307fa8a4fB2525E0c0e322054c55E4-1770142456897
2026-06-18 08:10:56,day,weather,5,0xa4f56431cbd0be9c0da67254044a8437b06038d7,783.520524605726,4645.084647999999,
2026-06-18 08:10:56,day,weather,6,0x6011655c4afb76f36dd1b08a137a1ba73466b31e,734.5150419686161,9451.896283,HighTempTation
2026-06-18 08:10:56,day,weather,7,0x536e7bbdcfb751085c708e7c5f8383156acd06d7,707.822774689263,2670.737246,Not.SS
2026-06-18 08:10:56,day,weather,8,0x1abc2b469b5ded495d6c8b21fc79dcb8d8f345e7,686.5051012179538,12935.350236,0x1aBc2b469b5dED495d6C8B21Fc79dcb8d8f345E7-1778811281023
2026-06-18 08:10:56,day,weather,9,0xfd368530e2d6b22677eeb90c89b29e232670a832,666.6507294079975,0.0,
2026-06-18 08:10:56,day,weather,10,0x2d0fbf6995692cc56f21171a9993be04436a81aa,649.8018873733381,17825.693063,Happening9014
2026-06-18 08:10:56,day,weather,11,0xf421705cbe3dd07db21ddd4a61eb8cce9386efce,644.1806871442966,8870.744359,OlympusHive
2026-06-18 08:10:56,day,weather,12,0x488c725253fc21c7a9ca812030dc2f6343f98c1c,640.6601129740156,7168.999497,WeatherHK
2026-06-18 08:10:56,day,weather,13,0x99bce72fb855cc8eebe6c85683ede46da1784f35,577.5053300049804,8443.908970999999,
2026-06-18 08:10:56,day,weather,14,0xd66196189fee25e395d55dcc966cdfc27e0d2750,565.4645917824068,7466.943377,NPC2026
2026-06-18 08:10:56,day,weather,15,0x5c6b40f748a2060284d8ba41cdb01fb4169ff32b,561.7163044500048,6152.83,Phlox
2026-06-18 08:10:56,day,weather,16,0xcbbc5e035504421b084ad9248b660f6e9618b5d0,505.3534785323145,5812.334291,VibeTrader
2026-06-18 08:10:56,day,weather,17,0xb4272557ce308c7182fc48b4d6716b744e8e4c62,504.71915576,4321.77,ChaosStake
2026-06-18 08:10:56,day,weather,18,0xaa930fdc4caa3c0f6067404a7bd7899ca45f0bc7,496.1266397004056,4490.8078160000005,Lex-tang
2026-06-18 08:10:56,day,weather,19,0xc34f6b088bb9172625ee1ea2ee8da9ac4f037d2e,479.4380248258167,22221.076694999996,StayFreshCheeseBags
2026-06-18 08:10:56,day,weather,20,0x686880eea810fa9141be46a1acec9eee41755198,473.6947894140085,11003.071234000001,0x686880EEA810Fa9141Be46A1aCec9Eee41755198-1770878625325
2026-06-18 08:10:56,day,weather,21,0x686880eea810fa9141be46a1acec9eee41755198,425.1658400955057,13075.211234,0x686880EEA810Fa9141Be46A1aCec9Eee41755198-1770878625325
2026-06-18 08:10:56,day,weather,22,0x99bce72fb855cc8eebe6c85683ede46da1784f35,423.1939410791001,10050.678246,
2026-06-18 08:10:56,day,weather,23,0x46992d0e547e3822a9c28723f51bfa804ae4e03c,415.6517662050019,13359.499999999996,anon.1980.123
2026-06-18 08:10:56,day,weather,24,0x86b1d13d442471814d47218b1486cb364cc0c094,415.4824596809933,2987.168933,eskk
2026-06-18 08:10:56,day,weather,25,0x69f0c154a3412f2b3fa7eb22c6d08e6b5b32fb27,414.3344640294272,6354.570180999999,0x69f0C154a3412F2b3Fa7eB22c6d08E6B5B32FB27-1778811502354
2026-06-18 08:10:56,day,weather,26,0x08ceded238219b4b3fff04e00a4778d839d4f301,414.0978905628939,4302.532995,rocky42022
2026-06-18 08:10:56,day,weather,27,0x0ca30d2667cd2b955344233248180b13a1608109,357.03702702766077,33682.663524999996,
2026-06-18 08:10:56,day,weather,28,0x17e0504da9a42b1ba021e5e22802f34a42bffe5b,353.33693739999944,1714.36,pedrobueno
2026-06-18 08:10:56,day,weather,29,0x229c0a7d92977a9934e5ac2348d507988996b966,350.45598755064225,4341.036093,qqqppp-l1
2026-06-18 08:10:56,day,weather,30,0x8b6f9ecf0a471eaaba941b2bd32c7a00586cb9be,337.3625578225458,6541.316894,shamu10086
2026-06-18 08:10:56,day,weather,31,0x56b381017b589fb0afb049137c8d4af2e7233fa2,333.1725394000023,0.0,0x56b381017b589FB0AFB049137c8D4Af2E7233fA2-1769535581188
2026-06-18 08:10:56,day,weather,32,0x7e0c371faed99a1f76bc4723bd3f15a2c41f8b5e,332.2766899958998,15641.053598000002,anonymous58371
2026-06-18 08:10:56,day,weather,33,0x3653235d75a0d5969c42f7514d4df8ea5f8cef74,314.57860023424155,5849.792956000001,0x3653235d75A0d5969C42f7514d4Df8eA5F8CEF74-1778811817579
2026-06-18 08:10:56,day,weather,34,0xf56ccbb9d8158ae1dda67207d1f76acf2f81ad84,304.5987775540025,16308.084590000002,LXJXLJ
2026-06-18 08:10:56,day,weather,35,0xd1156233fca80629cbf6ce80d86a019e04e74906,289.1818586976244,10369.140823,ducky77
2026-06-18 08:10:56,day,weather,36,0x4fc3651cbf669fa5bd8e1c5a49c73d0982af3af9,288.19318960250007,0.0,0x4FC3651cbF669FA5bd8e1c5a49C73d0982af3AF9-1778134600558
2026-06-18 08:10:56,day,weather,37,0xf6beafa72d6416525c4cf039c9c122883dbef6a3,285.17313422679973,460.964483,21claw
2026-06-18 08:10:56,day,weather,38,0xe7db9424ffc9be861a74722d1c6376088221959b,284.74960227026384,7907.390348999998,NoBot001
2026-06-18 08:10:56,day,weather,39,0xf33c2f3c2ce520c3bc97d7e0d51bcc3738df488c,269.8379922344998,0.0,
2026-06-18 08:10:56,day,weather,40,0x24edd5f8eab7f66a77fd5b7f4e7c507761ed8a18,249.87552994050003,0.0,SXematoz
2026-06-18 08:10:56,day,weather,41,0x9a8606bebb097271d20236060b758e81f89f84ec,249.440311402794,2194.4809739999996,85cc
2026-06-18 08:10:56,day,weather,42,0x13d3ed7ebeec50ee794cf0e783df1991ceb7415e,244.3698566492194,2766.747106,tianqizhishen
2026-06-18 08:10:56,day,weather,43,0x77f069c3233901628c89d0e8ea5bb510a2822b1f,235.2440443254718,6387.280103,cleaningLady
2026-06-18 08:10:56,day,weather,44,0xf84d10bcae66a69c39ee2292c6898aa107b25e65,232.24201724627665,5402.840432,leke
2026-06-18 08:10:56,day,weather,45,0xfd1ce06d2c4e620fdb4045f914ec55c0790f7f60,232.070288592368,1825.233332,enanan
2026-06-18 08:10:56,day,weather,46,0x9b2844adb9f97bfa9c6b36be17aa4d0847a75b76,229.4406454890742,909.29,vicduong
2026-06-18 08:10:56,day,weather,47,0xb2e42d29690b7b63335a03c0fd5e64df0681b7f1,224.544757264724,5034.110592,0xb2e42D29690B7B63335a03C0Fd5E64Df0681B7f1-1778811987251
2026-06-18 08:10:56,day,weather,48,0x6400219cccc8eaaa22729253111fd6660d20331a,222.0094000475301,14339.599585999998,0x6400219CCCC8EAaA22729253111fD6660D20331a-1759869298583
2026-06-18 08:10:56,day,weather,49,0x1f85eb9c455c5bdef5d96c2739076678c7157b02,221.96291541586743,6002.465700000001,0x1F85EB9C455c5BDEF5D96C2739076678c7157B02-1778811447702
2026-06-18 08:10:56,day,weather,50,0x937bcac3a8a30c07d827ad0550c3fe3a6756bfab,221.8607014552308,4067.667362,bhuumi
2026-06-18 08:10:56,day,weather,51,0x4e4203102fd7bde55ce1bcf9f1ef222e251949ed,213.76706446000048,0.0,shingoWAKAYAMA
2026-06-18 08:10:56,day,weather,52,0x2e62eddf5acffa59a97706de674348a2e600b22e,212.77558818490434,5176.000216,rocky42003
2026-06-18 08:10:56,day,weather,53,0xfd557e6db670c9704bc1d0d8e8b585c7d9c9f905,210.97174467387595,8104.676266,northdrawer
2026-06-18 08:10:56,day,weather,54,0x6e0fbc6a10be558bfb92968d7150fc7b585e9a05,209.88456250849993,899.551143,nky2026
2026-06-18 08:10:56,day,weather,55,0x6297b93ea37ff92a57fd636410f3b71ebf74517e,202.48886240496358,0.0,neobrother
2026-06-18 08:10:56,day,weather,56,0x6fb10c9908b68c82f5889f641fdc05ca59ee9319,200.1998219569998,661.14,Frog-Prince
2026-06-18 08:10:56,day,weather,57,0x1f66796b45581868376365aef54b51eb84184c8d,199.29152515077294,7239.266664999999,ShyGuy1
2026-06-18 08:10:56,day,weather,58,0x3329cfc2b8d8ceb8d198f081bdf4262f421f43a6,195.8262560001058,24273.526000000005,TENETENET
2026-06-18 08:10:56,day,weather,59,0x31afe78ea1d3222a2da50ba8e3e383c8d6945c86,184.99631296661624,1661.6360599999998,travino
2026-06-18 08:10:56,day,weather,60,0x4ce3f17be91c3d0d6dbfed7bd4d326957dec4291,183.88236303996382,203.17000000000002,0x4CE3f17Be91C3d0D6dbFed7Bd4D326957dec4291-1768045938794
2026-06-18 08:10:56,day,weather,61,0xba63d3a0105a3c01bfa561015c36911c8d1536dc,178.87480748749658,0.0,0xBA63D3a0105A3C01bfa561015c36911C8D1536dC-1769606304708
2026-06-18 08:10:56,day,weather,62,0x6139c42e48cf190e67a0a85d492413b499336b7a,175.98577657500118,0.0,RememberAmalek
2026-06-18 08:10:56,day,weather,63,0x2d44274747466c0936c3e01d5a5ad6c260d97023,174.6937335360003,1618.3799999999999,FuuUuUu
2026-06-18 08:10:56,day,weather,64,0x99a57cbdbc44cb816ad527b59d2a59c93d7f95cf,167.96847087806236,1334.388874,
2026-06-18 08:10:56,day,weather,65,0x6c2be10fb07747a3c751c77774938a15fbcf36f4,163.78030357858958,2276.464828,lmcaimiku
2026-06-18 08:10:56,day,weather,66,0xd71776a8d4fddeb3c150c4607b3f8bec31213b85,163.70400686178255,6049.096915,0xD71776A8d4FdDeb3c150C4607B3f8bec31213B85-1778810464493
2026-06-18 08:10:56,day,weather,67,0xf75f6c0d0f17751ab95b77486dd6f483c10fb458,163.15170809342501,1584.9489780000001,WeatherHive
2026-06-18 08:10:56,day,weather,68,0xcce9c336513d19e33deefbac15319c5ebbe02199,160.07152998904985,1333.919744,0xCce9c33
2026-06-18 08:10:56,day,weather,69,0x426664206b1e8635cc8f47b0e142801f14daffac,158.20856539102803,646.979388,LittleDummy
2026-06-18 08:10:56,day,weather,70,0x8383a695e82d69bff00d4032c7037b3eba01cb59,157.99385578680898,2760.9202640000003,DollarStoreQuant
2026-06-18 08:10:56,day,weather,71,0x1ba75514fa9dcd48d5eea3a2ae7c1fb990353d88,156.85380999999995,0.0,mahmed-abula-ibn-mahmud
2026-06-18 08:10:56,day,weather,72,0x397a5bd189fa96c53d8b8d4d95d659d6395d705d,155.104323886837,8048.244552,
2026-06-18 08:10:56,day,weather,73,0x564735dad6be7134f551baed03769f2402cede1d,152.25740492210195,775.38887,fortniteplayer
2026-06-18 08:10:56,day,weather,74,0x9c6600003c6e78e5f4d1a2a2d40eb1d325db7017,151.42242017900006,1403.217026,phr7.xk
2026-06-18 08:10:56,day,weather,75,0x2c576d00e8e76c133e33dbb82b70eb5de78f372d,149.34665995676005,5760.663429,duoyou1314
2026-06-18 08:10:56,day,weather,76,0x9254d57bd2ec696e8c86866b2fda9c3c28033af8,148.24037029499993,0.0,RobGGG
2026-06-18 08:10:56,day,weather,77,0xb4cecbca7b4a1b2b08f7284027c914f00fae49e0,145.87408969999996,2521.11,wuyula
2026-06-18 08:10:56,day,weather,78,0x52ca8cad990148ffad046766efae6dd87ffe523f,145.26900992500032,0.0,tumbra
2026-06-18 08:10:56,day,weather,79,0x437f1c745a4abd87d5a9a2c61294139d86005b95,142.64330756000027,2002.1105550000002,Wendinga
2026-06-18 08:10:56,day,weather,80,0x82d8058f4459e9eae82e76a0b09f6963c05903ea,140.05944717150007,0.0,0x82D8058f4459e9eae82E76A0B09F6963c05903ea-1780417967561
2026-06-18 08:10:56,day,weather,81,0x8971113c46fd49d6bf05cf8907c96671937e809d,138.91087228682613,2416.3743210000002,nzrodwm
2026-06-18 08:10:56,day,weather,82,0xf255e701163e4b19c9f0d288c32c15d790a5a6e8,137.80071300000003,715.0,Navatar
2026-06-18 08:10:56,day,weather,83,0x4f6a401443115b5ec2698966b48fc615f2d9f60c,135.9500432598369,620.429573,Runon
2026-06-18 08:10:56,day,weather,84,0xffc5c213e7601c820f1c582d42b2d06e0bfb67a5,133.35039057479995,603.3982000000001,dfgh123
2026-06-18 08:10:56,day,weather,85,0xdce009215842ab4143c4befc1240c7bae0e41d75,130.96812706400033,0.0,saladcat
2026-06-18 08:10:56,day,weather,86,0x79d980791ab82aff891eee32d41b4e1fbb07baec,129.9989997499997,0.0,skibabiba
2026-06-18 08:10:56,day,weather,87,0xdbf08158da8516f5b9535ce60ae00b702ea8ff09,128.13105527137634,1981.157514,MarginSafety
2026-06-18 08:10:56,day,weather,88,0xff744e88501636a5562e56f0726c8fc649ef5de4,127.42605120000167,576.89,vAwK8p0Ju9
2026-06-18 08:10:56,day,weather,89,0x5a7c30afbe4c8bc49b2057f030ab068a91e6d7b8,126.9822238486637,2078.9462679999997,chang1130
2026-06-18 08:10:56,day,weather,90,0x9188ed4147f56a7dbf0c5b299be00e1d1072e046,125.1617271944709,1275.97293,LuckySo
2026-06-18 08:10:56,day,weather,91,0x3f0b450ec6b45633f60c16bbaabed9fdbd1ad571,123.61564564331161,840.1568930000001,0x3f0B450Ec6B45633f60C16bBaABeD9fDbD1AD571-1773606770537
2026-06-18 08:10:56,day,weather,92,0xe60573bda8c4fa8cc3d34233ef216b90f53e914f,121.3634745536159,546.435602,zorostan
2026-06-18 08:10:56,day,weather,93,0x04b3f873b003eba3774df1e5e47a370d27ee1b7e,118.5652485312396,872.182921,0x04B3F873B003eba3774dF1E5e47A370d27Ee1B7E-1774574222951
2026-06-18 08:10:56,day,weather,94,0x5ffea747575581e8d2dc5e23c47ab98c1638e48b,117.80600792700079,7380.967,0x5FfeA747575581E8d2Dc5E23C47aB98C1638e48b-1777529589397
2026-06-18 08:10:56,day,weather,95,0x919698b19427cbe6945b0dc823f2d9e126a4d934,116.77182604741756,8197.12068,wuxiuming
2026-06-18 08:10:56,day,weather,96,0xfeccdc127f399b4f5222386922c58ff634ca77da,112.62738182900148,1874.77,viksha11
2026-06-18 08:10:56,day,weather,97,0x45fe580702e8dd4161b715eee3f159b5c8f9f74e,111.04101193310004,1383.7160649999998,sufiab
2026-06-18 08:10:56,day,weather,98,0x15463d7c82ad6df69260a9def5e19c8ff838778b,110.48011208190155,11149.007664,meichuanneiku
2026-06-18 08:10:56,day,weather,99,0xe29f64381ac7efdf3a11fda0b023a801d63dcdd8,109.41283496878395,2892.558908,ugujiji114
2026-06-18 08:10:56,day,weather,100,0x06d62617f75a87d7a3ae4e1bb9232e44cbef44bc,109.34493283628305,2722.829995,hhlkiy
2026-06-18 08:10:56,day,economics,1,0x0c0e270cf879583d6a0142fc817e05b768d0434e,26704.305753709457,200.0,The Spirit of Ukraine>UMA
2026-06-18 08:10:56,day,economics,2,0x182bd8bf2f11a572c4ec686aae3a0d919adcf3d3,20207.194671749967,0.0,peoplearestrange
2026-06-18 08:10:56,day,economics,3,0x5235578efe24555b0c98e7dc10a902b09089c04a,15217.67654048797,0.0,back-in-whack
2026-06-18 08:10:56,day,economics,4,0x17e313bb9173febb23c865a2ef8a4e8e0eaf9ba5,11762.69529869999,0.0,hymolu
2026-06-18 08:10:56,day,economics,5,0xc6dd722558dbfbd8fa780efcbe819ed8c6604b9f,11341.425829199638,34846.26,tourists
2026-06-18 08:10:56,day,economics,6,0xf66166919d7d7afc3406d2dd36dd954a2f822259,10970.987604943482,0.0,suvorov
2026-06-18 08:10:56,day,economics,7,0xa309f903dbbd559e87d8d368834b8e41355c4cf2,10969.180932029954,111639.14069500001,dlkf
2026-06-18 08:10:56,day,economics,8,0x22e4248bdb066f65c9f11cd66cdd3719a28eef1c,10515.298316733995,0.0,ProfessionalPunter
2026-06-18 08:10:56,day,economics,9,0x714a685b5454ea4d52979563bbafa77b8168ab2f,7265.132064433994,0.0,pada
2026-06-18 08:10:56,day,economics,10,0x334b261e6ab81287841c1e8c9326a149b8bfd971,7256.029634749995,0.0,treesanddreams
2026-06-18 08:10:56,day,economics,11,0x1a3fb05e94caef23e28905767cd603eb574a6dea,6468.175514769988,0.0,alextalley
2026-06-18 08:10:56,day,economics,12,0x44c1dfe43260c94ed4f1d00de2e1f80fb113ebc1,6044.275929700005,78469.81,aenews2
2026-06-18 08:10:56,day,economics,13,0x6000bd089eafe43b6d58b44a590c5d6dd643f302,4993.961521449994,0.0,timmythewhale
2026-06-18 08:10:56,day,economics,14,0x96b59f71f635da5da031e3e93448c54fe226f5e7,4545.214005076865,0.0,ExhaustedBoyBilly
2026-06-18 08:10:56,day,economics,15,0x134a63b764ac7b008356e8db1857db94e6b09e42,3871.171134459986,0.0,Bertapotamous
2026-06-18 08:10:56,day,economics,16,0x3a8aa345d5db7ec5138298c8c4f4540259be7699,3407.427112256162,1276.59,TheReturnOfDarthMaul
2026-06-18 08:10:56,day,economics,17,0x398816c2f74b28c3287598a4992211fa661d7a45,2686.9635387099925,0.0,Lihong62
2026-06-18 08:10:56,day,economics,18,0xd3ecb2aee0d65622da559ff356b00e8c2e626603,2651.1787739999963,0.0,sabsabinxz
2026-06-18 08:10:56,day,economics,19,0x96489abcb9f583d6835c8ef95ffc923d05a86825,2649.592874557362,7295.1,anoin123
2026-06-18 08:10:56,day,economics,20,0x7bb244d0c70293e66dee84f3d0623fbbbf7d682c,2627.090557235995,0.0,WongKimArk
2026-06-18 08:10:56,day,economics,21,0x398816c2f74b28c3287598a4992211fa661d7a45,1612.1781179399954,0.0,Lihong62
2026-06-18 08:10:56,day,economics,22,0x96489abcb9f583d6835c8ef95ffc923d05a86825,1544.4659467373276,7295.1,anoin123
2026-06-18 08:10:56,day,economics,23,0x7bb244d0c70293e66dee84f3d0623fbbbf7d682c,1536.088465726505,0.0,WongKimArk
2026-06-18 08:10:56,day,economics,24,0x71abe97b83eaba3f06cb04fd4d9a03ee37d2f015,1532.419111958996,0.0,groth
2026-06-18 08:10:56,day,economics,25,0x42abb0c4c00b3ca9c0e5dea7f5c4459d23673e26,1515.984600200005,0.0,brainlag9000
2026-06-18 08:10:56,day,economics,26,0x9ffe14d8b1e05c23430c8592cd8ec30f70658edd,1454.1548426499994,0.0,tfg50
2026-06-18 08:10:56,day,economics,27,0x60567382d04d7af8776eea04468a918519ebc27c,1391.9699744009995,0.0,akimbogod
2026-06-18 08:10:56,day,economics,28,0x2c41d0ca2b4b2344912eead711f28cd4dcff133e,1350.331911289999,0.0,lineth
2026-06-18 08:10:56,day,economics,29,0x41e8266341517750bec28829015b5289fe00b994,1342.9500089250068,0.0,0x41E8266341517750bec28829015b5289FE00b994-1766188710954
2026-06-18 08:10:56,day,economics,30,0x54e15a0a77e3147ac78831804e5dde13cb589d5a,1318.7803112130023,0.0,Adrink3D
2026-06-18 08:10:56,day,economics,31,0xc0402e527a464e782bca96f802c77e5db8d8beac,1242.8266363330013,0.0,23449
2026-06-18 08:10:56,day,economics,32,0xbcf30627403bcdfc14b3b1759a69caa6d4f59d88,1193.139901026002,0.0,PamBondiBonds
2026-06-18 08:10:56,day,economics,33,0x246b6f2cf1eb3c74ab82b5d7288ef49baeed1196,1187.8864805699995,0.0,citra
2026-06-18 08:10:56,day,economics,34,0x879752bca887bc247ba883a52bc45e9c6be6bbbe,1152.2569563694997,0.0,singularityman
2026-06-18 08:10:56,day,economics,35,0xcca90a5d3c8f2d6663817e3650d6adbe9ab44c9f,1144.046293479998,0.0,0xcCa90A5D3C8F2d6663817E3650D6aDbe9aB44C9f-1772395966516
2026-06-18 08:10:56,day,economics,36,0xa1d82aa07258aac95b2a7f0893f740a37ef1a786,1124.1039387599994,0.0,IHeardLoveisallyouNeed
2026-06-18 08:10:56,day,economics,37,0xe87f2c8db31af60d9b8fb28bc390fd891cb67d85,1122.844914090001,0.0,0xE87F2c8DB31af60D9B8FB28bC390fD891cB67d85-1767548376380
2026-06-18 08:10:56,day,economics,38,0x0d15e2724df455f9e65b15104d21d76412a2c454,1122.2867961499978,0.0,e88888
2026-06-18 08:10:56,day,economics,39,0x5a1c1697c0d1756616faa712416e9d459e0f49c1,1118.8740538319998,0.0,forgotmypasswordagain
2026-06-18 08:10:56,day,economics,40,0x4da76bbf120899fc10fa6e0aad4bffdd19a7355e,1019.9983720200034,0.0,degensruletheworld
2026-06-18 08:10:56,day,economics,41,0x06ac70013cd0c7992ec830ad5df9f7f66d5b79ec,989.9967504899978,0.0,eastpak
2026-06-18 08:10:56,day,economics,42,0xe9514aa0b925353ea0d5e32978d636ec25ebde18,974.8003945549717,0.0,b2d0
2026-06-18 08:10:56,day,economics,43,0x626ecb3e147226e19aa6a14d99e6dfa02848fa46,950.9977621500011,0.0,NotTheSharpestTool
2026-06-18 08:10:56,day,economics,44,0x9e7296fc4776144f60db9a5943ff2051696599c4,943.0965509400012,0.0,carlos484
2026-06-18 08:10:56,day,economics,45,0x066a7727f53124db18aa963f900bb95b36f7550d,928.4112035700023,0.0,LeftieFTW
2026-06-18 08:10:56,day,economics,46,0x3c4c03892f47d3166ee049a48a73d4743a17dd95,918.6912000000002,0.0,RobertoRubio
2026-06-18 08:10:56,day,economics,47,0xde0463ea7f611b065e8ab06bbfbddad75e6dfa37,905.7113295102026,0.0,mwenya
2026-06-18 08:10:56,day,economics,48,0x8e77537e059837d3c2ca5b4efe75e74e9498c4f3,902.7853303014999,1309.6619580000001,dwpoker
2026-06-18 08:10:56,day,economics,49,0x8afa03dd6974e44d00c4d14dcccb00c0ddf6adb6,900.0,0.0,stupid22
2026-06-18 08:10:56,day,economics,50,0x879247bf7570a40d193dd3bb9118820e0b194174,896.8536821849993,0.0,hosoon123
2026-06-18 08:10:56,day,economics,51,0xbbea56528e414e3a494c5bc23d93770cc91ae2b0,878.0596458000009,0.0,WindTakeMeNorth
2026-06-18 08:10:56,day,economics,52,0xe961babbccae0be01c2f6b5f28f8d002e332ef1b,874.5244909799985,0.0,Kryptogram
2026-06-18 08:10:56,day,economics,53,0x78048aa26ac1967566b8ed11910b529e5f2d7025,857.4606295094854,0.0,HorribleWork
2026-06-18 08:10:56,day,economics,54,0x2e0b70d482e6b389e81dea528be57d825dd48070,856.6806369955011,0.0,Trump2028
2026-06-18 08:10:56,day,economics,55,0x2458489f779c836fc773135d81b08ead95ccf8e7,835.622163202499,0.0,neuroplasticompany
2026-06-18 08:10:56,day,economics,56,0x453ae5e896ea243f332ed97c1c77bf2888ce81d2,833.3690077740011,0.0,5038813185
2026-06-18 08:10:56,day,economics,57,0xab19716584931d81cd9e7763402673a64baa4876,819.0247652414328,77134.36015499999,SlenderMan
2026-06-18 08:10:56,day,economics,58,0x1ddbdf5885336aaf17245933d55ea5d612d844c4,795.7745490999989,0.0,HockeyGuy
2026-06-18 08:10:56,day,economics,59,0xeb22f4735df6bd5d14e1b5fd10faefa7757d808a,780.0018214325019,0.0,BigRabbit
2026-06-18 08:10:56,day,economics,60,0x9c2617462567859fcf5764e03b9a687ebca274bc,771.5815235608607,1299.9895620000002,Tigerofthehood
2026-06-18 08:10:56,day,economics,61,0x8b6b42aab3d96d71992b89bb705b6a456cacafd5,768.4014964120306,10000.0,sunlc.ai
2026-06-18 08:10:56,day,economics,62,0xd902d85156fe7b309c12299375c00d86ea83cdb9,750.2778483899997,0.0,Shovelface
2026-06-18 08:10:56,day,economics,63,0xa9fe4929d4ea1525ca03bd0ff68ea1fbf9e7f135,747.1563278100002,0.0,novv25
2026-06-18 08:10:56,day,economics,64,0x51dc2872794673e01bff2edc7034b44ed7e4423b,746.6120352300038,0.0,0x51dc2872794673e01BFF2edC7034B44eD7E4423b-1779994657897
2026-06-18 08:10:56,day,economics,65,0xb661ed6e6d3f76f1db9d0a6acf80b4bbe6ebaa83,728.831803117997,0.0,lolilolkikoo
2026-06-18 08:10:56,day,economics,66,0xd34bf815245d5bcea098cb0ea17df360b5c50004,726.6976440700014,0.0,Jest55
2026-06-18 08:10:56,day,economics,67,0x199df422f3460e56931a6af1643a0bb97a9a6e7b,715.995051439002,0.0,0x199dF422f3460e56931a6af1643A0bB97A9A6E7B-1723168998413
2026-06-18 08:10:56,day,economics,68,0xeb6f0a13ea8c5a7a0514c25495adbe815c1025f0,714.7883429834983,3592.44,87867564576879
2026-06-18 08:10:56,day,economics,69,0x60ab628a82cdf7b9274ff1587f1b30211b763206,710.0301108694985,0.0,FB92
2026-06-18 08:10:56,day,economics,70,0x7c9df67aec7b97d6f6ed1b433dedb9a03093acff,702.9432000000015,0.0,Tanjirooo
2026-06-18 08:10:56,day,economics,71,0x9c987f84d18a4dd640909409b31212fbb805f4f4,695.4616308040822,16666.666663,Moonshot1019
2026-06-18 08:10:56,day,economics,72,0x027e587a1086809d1a00f22216bef6a808f1c97f,658.4304711700015,0.0,AndreasSchm
2026-06-18 08:10:56,day,economics,73,0x000d257d2dc7616feaef4ae0f14600fdf50a758e,657.0,0.0,scottilicious
2026-06-18 08:10:56,day,economics,74,0xf910cc50ec0ceecb18a24dee5b9606b5ffa87467,654.9987939940002,0.0,december
2026-06-18 08:10:56,day,economics,75,0x556854525e433c9d45e16b14dc75ab7046fdf11d,639.4719511500007,0.0,pizdamba
2026-06-18 08:10:56,day,economics,76,0xfbe66593e49c4e7a7180a2582f041158bfb800f8,629.2750452749992,0.0,gaven-willwin
2026-06-18 08:10:56,day,economics,77,0x3069c1002bd0bb6aec054c7a27722919df95f8ef,615.5872066200004,0.0,Orion96
2026-06-18 08:10:56,day,economics,78,0xa5d833a23bc19b7d38adcbee7c117a8f421eff3a,613.8648000000017,0.0,0xA5d833A23bC19B7D38ADcBEE7c117A8F421EFF3A-1779306353525
2026-06-18 08:10:56,day,economics,79,0xfc007e15e0da73525fd0d8e8e425df14a0820be0,609.9997714425044,0.0,germantony123
2026-06-18 08:10:56,day,economics,80,0x24787691ebc296444add2ee3dea03c9d6f9b2e62,608.8474269834987,0.0,exothetajunkie
2026-06-18 08:10:56,day,economics,81,0xf1ef8705e9f63c790c6fffd6329aea7011718cd6,600.0004000500012,0.0,Outsid3rTrading
2026-06-18 08:10:56,day,economics,82,0xc576af380217a4d2b2d190e06c938e5505be747a,600.0000000000018,0.0,imhome
2026-06-18 08:10:56,day,economics,83,0x8ee5b555cd5d167720d16345f1bf13c50384ffa5,599.9992725000002,0.0,ww3prepper
2026-06-18 08:10:56,day,economics,84,0x2b9dd0a3ae93bf0d08ef733650bb9002160574f5,590.7284235185008,0.0,grinder456
2026-06-18 08:10:56,day,economics,85,0x963137a0ba0b02ebf6f37710023cc1b0303289a1,588.1111207499998,3000.0,0x963137a0BA0B02EBf6F37710023Cc1B0303289A1-1764031525036
2026-06-18 08:10:56,day,economics,86,0xa5fda0340959e67ef9de8bc5caf1c502c6f736d1,587.0044035209976,0.0,88blitzcrank
2026-06-18 08:10:56,day,economics,87,0x93fb8127a1b21a112b11af936361225df0563e4a,577.5,30000.0,LlamaLoco0000
2026-06-18 08:10:56,day,economics,88,0xfca73c8e6965e8d05a063edeae032605e05c5d82,566.7171604100004,0.0,0x7bABFD88f7c3671294809a18Bf0f88e593544E24-1758075453596
2026-06-18 08:10:56,day,economics,89,0xe9130925779ee85a19d205fc436af2c51501ffb5,562.9000373140007,0.0,0xe9130925779Ee85a19D205FC436af2C51501ffb5-1772934701702
2026-06-18 08:10:56,day,economics,90,0xe8c5827d987d9bf9e04102a2b84c7de426817a13,547.7571054250238,2067.63,John-Silver
2026-06-18 08:10:56,day,economics,91,0x62bc3f4a07fc44629b7a38a7ac560a42a7655053,545.7442949799995,366.97,zecach
2026-06-18 08:10:56,day,economics,92,0x5739ddf8672627ce076eff5f444610a250075f1a,544.3618571000011,0.0,hopedieslast
2026-06-18 08:10:56,day,economics,93,0x4097b449b30f8bcf9834ea1e976f235f689c88f2,544.1232795054998,0.0,howesr1970
2026-06-18 08:10:56,day,economics,94,0x983bcc4986f95024217bf5ac5ee32151ba2e3578,543.5702639400006,0.0,djked
2026-06-18 08:10:56,day,economics,95,0xc96cb25888f25ab1929b575834a6c406234f6a98,543.0847954899982,0.0,James000
2026-06-18 08:10:56,day,economics,96,0xc3db6a07351313cc684759dee1722d2bb1e90f98,542.1459604200008,0.0,0xC3Db6a07351313cc684759Dee1722D2bB1e90F98-1768247047455
2026-06-18 08:10:56,day,economics,97,0x4cd4c3690adc86de3b881ffbfb93a8c306335b25,536.7744642600001,0.0,Vvv
2026-06-18 08:10:56,day,economics,98,0x225b7c9aaf6108ded29b9fda9939aa671ef6422a,533.3221759799999,0.0,0x225b7c9Aaf6108deD29b9fdA9939aA671Ef6422A-1756591558414
2026-06-18 08:10:56,day,economics,99,0x03805a13a0b3e058f55f6c6af95389d4f431073d,529.1170086513467,138481.778193,donthackme
2026-06-18 08:10:56,day,economics,100,0xe54d37c9c12e5fd3d684ff4d193ef1f44dabfdec,500.9999856600007,0.0,hobo69
2026-06-18 08:10:56,day,tech,1,0x5a218c7ad04135830a45c41aaed7294df7809318,555.8817597667294,4480.731765,balthazar
2026-06-18 08:10:56,day,tech,2,0xddd85ddfa58784925990c16c9858ccd62e4ee6f7,444.00175141100044,0.0,Sreisz
2026-06-18 08:10:56,day,tech,3,0x4d1bcbaeed22c6da173b1a356c3c6d2270081419,264.51484852999965,0.0,RolandChang
2026-06-18 08:10:56,day,tech,4,0x7c4e7df4ceb66e6391ddea48b77c376667e16cad,264.37692400000003,0.0,Delta141
2026-06-18 08:10:56,day,tech,5,0x3594526e2a0aaf467038ee1799d6ded344aedc58,237.98781094150013,0.0,Linslav
2026-06-18 08:10:56,day,tech,6,0x36901eb0f21519cc9055662a6d2483e96da1e16f,203.57995044449854,0.0,melchior1248
2026-06-18 08:10:56,day,tech,7,0x4f23a0976493be385412ce9a6b93841ee2c090db,194.10124530499843,0.0,Hiworld.
2026-06-18 08:10:56,day,tech,8,0x279c5de35108afc30b99f09e595555b428e92b82,153.17201353500002,0.0,0x279C5de35108AFC30b99f09e595555B428E92b82-1777882786715
2026-06-18 08:10:56,day,tech,9,0x98a3e4d00ee7b0e00192bd66536cc52c756d5b37,152.64485824000002,0.0,0x98a3e4d00Ee7B0e00192Bd66536Cc52C756d5b37-1769534825045
2026-06-18 08:10:56,day,tech,10,0x75f460ec201d3ff97965b98b9ecc9d4fa69f974b,152.44024322727603,883.6922079999999,0x75f460EC201D3FF97965B98b9ECC9d4fA69F974B-1780364801518
2026-06-18 08:10:56,day,tech,11,0xad5353afe30c2da57709e2704ef3ccdcf67eef24,150.57468432244355,57.0,AJSV
2026-06-18 08:10:56,day,tech,12,0x74957ea27ac4fbdee46d861fdae357859ff67fcf,148.31890295544622,427.771747,ultralisk
2026-06-18 08:10:56,day,tech,13,0x9c8ee2d2b2885238201e75bb0db0937b40162bb0,120.37121249999998,0.0,0x9c8Ee2d2b2885238201E75BB0dB0937B40162bb0-1777844290309
2026-06-18 08:10:56,day,tech,14,0x515eb2ed4e485da30d34c36ed09e0d161b7e99ed,104.44112595000001,0.0,0xD71Af744B092d1502293f5B193a0DB0fCfacbcE6-1772653626191
2026-06-18 08:10:56,day,tech,15,0x726c6e3d5cdb1a8a97b38c0e2d88448b19d66bfd,92.72199999999998,0.0,idl
2026-06-18 08:10:56,day,tech,16,0x2ccdf2be7f90d46ca0416c553894a6421b813055,92.4862499999997,0.0,redberry
2026-06-18 08:10:56,day,tech,17,0xc682d7943aad07c246986a7aa2989cfcb17817bb,92.44913979500063,0.0,zthunderfury
2026-06-18 08:10:56,day,tech,18,0xfdfca60e7aebfc50dfdc40c27987970aa9c1288c,89.88724545450022,0.0,Polyticks
2026-06-18 08:10:56,day,tech,19,0x229c0a7d92977a9934e5ac2348d507988996b966,88.56814365,0.0,qqqppp-l1
2026-06-18 08:10:56,day,tech,20,0x5235578efe24555b0c98e7dc10a902b09089c04a,88.34075499999926,0.0,back-in-whack
2026-06-18 08:10:56,day,tech,21,0x5235578efe24555b0c98e7dc10a902b09089c04a,93.5372699999989,0.0,back-in-whack
2026-06-18 08:10:56,day,tech,22,0x726c6e3d5cdb1a8a97b38c0e2d88448b19d66bfd,92.67124999999999,0.0,idl
2026-06-18 08:10:56,day,tech,23,0xc682d7943aad07c246986a7aa2989cfcb17817bb,92.44913979500063,0.0,zthunderfury
2026-06-18 08:10:56,day,tech,24,0x090af6fd2aeb04202abc97370aa86c1b81d90fa6,83.77814582589602,2897.4984800000007,VictorLudorum
2026-06-18 08:10:56,day,tech,25,0x28b291aa82da13e1d58993873806c92908d5eb4f,78.900880017497,0.0,libratus1
2026-06-18 08:10:56,day,tech,26,0x250c209da4b8cd7543a12eed529efc68b6982774,78.56844653349992,0.0,acal
2026-06-18 08:10:56,day,tech,27,0x1057e7d3ddafc60a4aeb10a2bc5b543792449ea5,76.80916857950069,0.0,Macks22
2026-06-18 08:10:56,day,tech,28,0x0dba1031b49144fc304ceb51b1b4ffbf955371e9,74.1391290800002,1000.0,Dzibra1998.
2026-06-18 08:10:56,day,tech,29,0xc7d02944a76b9f83b199e9090ecc92c82d241f8a,71.01862560978248,842.409226,0xc7D02944A76B9F83B199e9090ECC92C82d241F8a-1776944395495
2026-06-18 08:10:56,day,tech,30,0x048215305cbcf7cc790735bf00119551d75c6b0a,70.70294316099898,0.0,dumbfuqLIQUIDITYprovider
2026-06-18 08:10:56,day,tech,31,0xa8f878d5027bbf73bb5d34e6db546abc04fe0e46,69.41441753999999,0.0,Golanido
2026-06-18 08:10:56,day,tech,32,0x1f62c45089614597d19587613ad996a5a85a9472,64.39800499999996,0.0,
2026-06-18 08:10:56,day,tech,33,0x493595eb4a9c8805bc5a6ee0501a335e2e8fdfda,63.08039039499998,0.0,
2026-06-18 08:10:56,day,tech,34,0x564f22744b7941ade18d5e0e4f347c30e3057026,62.65364212030818,4059.317478,molodoyy
2026-06-18 08:10:56,day,tech,35,0x8fbd3b5e4efa9f0a4b094829d66832e44b330b14,59.22274338500003,0.0,ANTINY46
2026-06-18 08:10:56,day,tech,36,0x03805a13a0b3e058f55f6c6af95389d4f431073d,58.96729939994566,947.987806,donthackme
2026-06-18 08:10:56,day,tech,37,0xa2cd4ccda9a1f95949df7a3355c4c2daa0642ba0,58.2822000000001,0.0,0xA2cd4CcdA9A1f95949DF7A3355C4c2DAa0642Ba0-1729178570395
2026-06-18 08:10:56,day,tech,38,0x4651a0f22d5ec7dd649a5c8399da4402c8902943,55.70604714999999,0.0,0x4651a0f22D5EC7Dd649a5c8399Da4402C8902943-1779777271428
2026-06-18 08:10:56,day,tech,39,0x5cd938d3b1bf3009173ae7e36c5d83a2354efeb7,54.32939669999999,0.0,
2026-06-18 08:10:56,day,tech,40,0xafa7c29727630c2801583314c9a13c65030d2cee,50.62292950000028,0.0,p0laris
2026-06-18 08:10:56,day,tech,41,0x714f682e577a6892ee921290fd6ad213d11266d5,48.64845000000014,0.0,Poivre
2026-06-18 08:10:56,day,tech,42,0x765fa4c18dd7c3607cdcee7a87681747c2d51508,46.90362642499986,0.0,
2026-06-18 08:10:56,day,tech,43,0x26884e442a62b9587fd5e7012389517cd52ccb00,45.36507269795061,102.921378,dzP3
2026-06-18 08:10:56,day,tech,44,0xccf38a9b206907a00dbfddebeab19aab1e048f27,45.24935000000005,0.0,okc35
2026-06-18 08:10:56,day,tech,45,0xb89f5425341719d298dc2f5b9a92374f5fde1c44,43.99442250649554,0.0,iusedtowritepoetryforaliving
2026-06-18 08:10:56,day,tech,46,0xa3282d3e882501229c75d0caf134e62e3afb4977,41.671686748323964,1425.0,korda77
2026-06-18 08:10:56,day,tech,47,0x26f96fd355a52ff8888cf045b53219b7ceb4f183,40.760658705,0.0,sundayhd
2026-06-18 08:10:56,day,tech,48,0x63bf159cea68e4cdb63a66140a249d19cf8ee319,40.49957497500054,0.0,Skirk1123
2026-06-18 08:10:56,day,tech,49,0xffe792b970917313a9f0ab46612812fdfd9189bf,39.26,0.0,Lcz
2026-06-18 08:10:56,day,tech,50,0x694cea29fedf96b3e80ba7db2fae0a21589066e9,39.23233587,0.0,DivineChaos
2026-06-18 08:10:56,day,tech,51,0x97f3f9f15c0063710c60d3ac9c40d17f4ba60eba,38.59822343000042,0.0,Investnow
2026-06-18 08:10:56,day,tech,52,0x2a4438ccc4669d0461cfba3f07825a40519252b5,38.101230000000214,0.0,ZZ-TIC-M1
2026-06-18 08:10:56,day,tech,53,0xd9b5455d1ee240ce157787b87ff2e0a60f639db1,38.096553028500296,925.35,0xBeb94dd51ee240ce157787b87ff2e0a60f639db1-1718124654913
2026-06-18 08:10:56,day,tech,54,0xb52306b7b6607209eb4b34c5470b6d00c0aa4b8f,37.22443912249997,0.0,ployJojo
2026-06-18 08:10:56,day,tech,55,0x421f220308b4925e4233cfaeaff39ff5b65c0f9f,36.0,0.0,ZD-TIC-M3
2026-06-18 08:10:56,day,tech,56,0x2296b8a612be4ca7688a19c1de089989b2e02331,35.957119525999985,0.0,0x2296B8a612Be4ca7688a19c1De089989B2e02331-1773694483917
2026-06-18 08:10:56,day,tech,57,0x220275250913a0af18fea9b24a2ce1fd85328787,35.935289999999895,0.0,aangelika
2026-06-18 08:10:56,day,tech,58,0x7207afc03a8c134f831ba13e12c790b46a0fe423,35.833411935000186,0.0,ilovetradingsomuch
2026-06-18 08:10:56,day,tech,59,0x5136541bced26e7c2bc20550cc26345f7d4a0e4f,35.562231558000015,180.0,JordanMooney
2026-06-18 08:10:56,day,tech,60,0x6ffdf781b9fabc368137c1d835644f12b9a6a637,35.30660341999999,0.0,ng6000
2026-06-18 08:10:56,day,tech,61,0xb10047d6a254b2ebb306d7a7d13bf59171ab6461,35.26889778660552,1190.097233,Parz1vaI
2026-06-18 08:10:56,day,tech,62,0x30f91b6df5a62ab2e504045e25fd449a23affbfc,34.44658460887922,248.826553,taerv534
2026-06-18 08:10:56,day,tech,63,0x33c577c7b2eaa9c3d896790b085e40c219772230,34.304267701200104,497.4228,logan
2026-06-18 08:10:56,day,tech,64,0x613b668ef24d3a37417cb5756c5943cae761da44,33.04962012868498,406.54,613b668ef24D3A37417cb5756c5943cae761DA44.
2026-06-18 08:10:56,day,tech,65,0x030a01fff8762c0747b6dbc589b28ee6cea8acfc,32.86322999999993,0.0,Cbarbhwux
2026-06-18 08:10:56,day,tech,66,0xef9fb7322631ecb96f40c7210006ccb4066d8924,32.49905294999999,0.0,Sai28
2026-06-18 08:10:56,day,tech,67,0x4f1d5ae26fc31472966e951af3183308736d8de2,32.35782093800037,192.39,e46m3
2026-06-18 08:10:56,day,tech,68,0xb032efba6536a628f34dcb1b0c9f9ab53c59c16c,31.834237463500017,0.0,
2026-06-18 08:10:56,day,tech,69,0x7018ba02d635bd8afc0fa8d0cb45d073cc7e98c2,30.644891164999535,0.0,cryptofund
2026-06-18 08:10:56,day,tech,70,0x0cbaab2d3f6cc5998e78cc1969c6ee1f4d1392d3,29.629573274000222,0.0,Anomymous
2026-06-18 08:10:56,day,tech,71,0x565e2a6c5f7a82a439cf70ff6a331071f95e875d,29.59060000000001,0.0,Oliver1978
2026-06-18 08:10:56,day,tech,72,0xca52446eaad30e546f344849ae1afd92eb360cdf,28.737243858965485,51.804122,delphilo
2026-06-18 08:10:56,day,tech,73,0xf2cf3cf7863182c763bce60580a7d20e9333464b,28.073969106500016,39.4,Mojito9
2026-06-18 08:10:56,day,tech,74,0x9604b357e8307b0ccc8eb5812725d2b112c6fc1d,27.97185999999965,0.0,Batundi
2026-06-18 08:10:56,day,tech,75,0x80cf0749b26556cb2ce5bad513388309865d614d,26.725018387499972,0.0,TRADER420
2026-06-18 08:10:56,day,tech,76,0x8db4f2bcb37078763c70dac5d99c285995479c07,26.495533267499866,0.0,cwc909
2026-06-18 08:10:56,day,tech,77,0x63c652270a37e53a170303b6b264a2aa835743a5,26.20911436499955,0.0,big-short
2026-06-18 08:10:56,day,tech,78,0xaee811b7c7e5d961b545ac0e3f62f5f1cb181154,24.778769764701032,21.27,1in1000
2026-06-18 08:10:56,day,tech,79,0xd8b5d75749ecffa7602b466666db93860929b789,24.64799999999991,0.0,CalOne1
2026-06-18 08:10:56,day,tech,80,0x87f2d5dcc954b61a10f48f8330bd2101764a83c6,23.68769715000002,0.0,0x87F2D5dCc954B61a10f48f8330Bd2101764a83c6-1779512161772
2026-06-18 08:10:56,day,tech,81,0x11e829d2a19e7ade935861fb043715766a015b74,23.512800427999537,0.0,Justitia
2026-06-18 08:10:56,day,tech,82,0xaeb0462736bf3bcd10fc9cc8f30b7ca4221672fc,22.923460162500078,26.025,snare
2026-06-18 08:10:56,day,tech,83,0xe4ca3841ade21e05cbd5786dd5feea5d65c01383,21.692179581499943,0.0,BASSATS01
2026-06-18 08:10:56,day,tech,84,0x6b7c45b6af364cc4bb3494c3b93894165de47677,21.671895527999993,0.0,0x6B7C45B6af364cC4Bb3494C3B93894165dE47677-1773763321805
2026-06-18 08:10:56,day,tech,85,0x9d4aea6f0609c6a77070c573d78679ba4d136cb1,21.565979575000483,0.0,ToyodaMan
2026-06-18 08:10:56,day,tech,86,0x7df00357d97916a5c7888b212a94535097790dfe,21.551607475000083,280.0,neverhackme
2026-06-18 08:10:56,day,tech,87,0x66a1db98713015330a82f08273b682bee77e80d9,21.442316911000148,0.0,thecaricature
2026-06-18 08:10:56,day,tech,88,0xc3262aeb0bd81deab067726635f5b5bd39201db1,21.386713797000084,35.0,X-Rabbit.Sezu
2026-06-18 08:10:56,day,tech,89,0xbacd00c9080a82ded56f504ee8810af732b0ab35,20.812383450869675,0.0,ScottyNooo
2026-06-18 08:10:56,day,tech,90,0x027a422d069cde53d7ff6baf4ed3212d7a23ea13,20.445418405000055,0.0,LongBFIT
2026-06-18 08:10:56,day,tech,91,0x747837d9e1763345ab994e8652c8d0ba59bb4003,20.305719446500007,0.0,xcaiox
2026-06-18 08:10:56,day,tech,92,0x0c99e528d01b62a2ff9e9982e2913d2e935287cf,20.00063424000018,0.0,CloudCactus
2026-06-18 08:10:56,day,tech,93,0x4a2be7a7e6e3b41dc2de00706b4c09660ca9af20,19.799639019001006,0.0,troim
2026-06-18 08:10:56,day,tech,94,0xb1a190be02cafacb6c30b98beb621503d5e2d308,19.359496299000057,10.0,Jjw
2026-06-18 08:10:56,day,tech,95,0xc8e8458a146ddb49e918c753c89630c62c36d739,18.688609065000037,0.0,tobiasschwarz
2026-06-18 08:10:56,day,tech,96,0xf11236b80da2e47c44f0ed5e9ae8287ba9c42d0c,18.432050647365998,0.0,karmarenee
2026-06-18 08:10:56,day,tech,97,0x256ee70d4a3e131f01915d2a5976ecf77bf53e44,17.999980578000077,0.0,mky-2025
2026-06-18 08:10:56,day,tech,98,0x0243eeb75e3347d16907d96781e1b70ecf614ce7,17.66142846000001,0.0,0x0243EEb75e3347D16907D96781E1b70Ecf614Ce7-1778354380672
2026-06-18 08:10:56,day,tech,99,0x0da462636b228293849aac34c18577244775edde,17.264049999999997,0.0,luish
2026-06-18 08:10:56,day,tech,100,0x1cdd071bb612de6d66d0c882b676c663697de595,16.895374095967554,527.379095,Lavincey
