timestamp,timeframe,category,rank,address,pnl,volume,userName
2026-06-10 07:12:00,day,overall,1,0x492442eab586f242b53bda933fd5de859c8a3782,353449.2693000003,0.0,0x492442EaB586F242B53bDa933fD5dE859c8A3782-1766317541188
2026-06-10 07:12:00,day,overall,2,0x4bff30af91642dc7d2b19a8664378fe55c45fc26,223539.18356879056,341509.63,Sassy-Bucket
2026-06-10 07:12:00,day,overall,3,0xa5ea13a81d2b7e8e424b182bdc1db08e756bd96a,161024.08589049522,0.0,bossoskil1
2026-06-10 07:12:00,day,overall,4,0x224a89dbe0db0d6124b335edabd15b3f877da3d5,137595.66681981753,833951.6968099999,wr0ngw4yb3tt0r
2026-06-10 07:12:00,day,overall,5,0x84cfffc3f16dcc353094de30d4a45226eccd2f63,122099.79029099846,1713503.4452260002,mooseborzoi
2026-06-10 07:12:00,day,overall,6,0x3f3aa7005f8006bfcc367d43a25cde25509fe8fd,87205.16034231099,5261.187904,us391
2026-06-10 07:12:00,day,overall,7,0x26437896ed9dfeb2f69765edcafe8fdceaab39ae,86940.16712,317299.88,Latina
2026-06-10 07:12:00,day,overall,8,0x72d815133f9f8b6529e911cf3be492846ce05213,71389.9410316351,1183.734327,Vatrer
2026-06-10 07:12:00,day,overall,9,0x35353a3a2988c7c26e53849d602be60df49aa775,70996.46980312001,206170.85499400002,theboss2
2026-06-10 07:12:00,day,overall,10,0x1d1ade627d0bb0205758580b20d808573e720df6,62515.225249979994,0.0,Pwaddler
2026-06-10 07:12:00,day,overall,11,0x1e7792acc779a6af8304bd7991ff31d16d468c33,61075.53111400001,154999.72542,THEdirkdiggler
2026-06-10 07:12:00,day,overall,12,0xc8075693f48668a264b9fa313b47f52712fcc12b,50013.54607623996,0.0,texaskid
2026-06-10 07:12:00,day,overall,13,0xe5f0ae9cc9aef77ae3c2a64c9e69caa3f335dc1d,46382.54498659859,0.0,0xE5F0AE9cc9aeF77ae3c2A64c9E69caa3F335dc1d-1773531520731
2026-06-10 07:12:00,day,overall,14,0xfea31bc088000ff909be1dfd8d0e3f2c7ef2d227,42566.11249356974,282216.996247,ndb1
2026-06-10 07:12:00,day,overall,15,0xbca08c1bc204a34f2fddbe47b438b9bd42ac9705,41001.151955874404,332605.0755230001,bananawoin
2026-06-10 07:12:00,day,overall,16,0x7a8885c8dc075f0578b648f29fa233408a7d41cc,37922.9910741702,27278.731504,stackingsats
2026-06-10 07:12:00,day,overall,17,0xa39826566cb711cc10220fbe9fcc560c2faf6c83,36669.36744204443,20663.48,
2026-06-10 07:12:00,day,overall,18,0x99a75dee1487879c95b3d61c92e4493e2c63fc82,35388.53500000005,0.0,duckfriedrice
2026-06-10 07:12:00,day,overall,19,0x204f72f35326db932158cba6adff0b9a1da95e14,35242.923132946715,1056101.067365,swisstony
2026-06-10 07:12:00,day,overall,20,0x2d7be5170a8026c18709eaea1027c7f12e8ce2ce,26785.84574258901,3674.70678,caicai888888
2026-06-10 07:12:00,day,overall,21,0xb7f55b6d32c2ee3768192d676cd66354f51fc669,25910.910182850508,42349.580447,cassiuswinston
2026-06-10 07:12:00,day,overall,22,0x3dfb153c197d4c19d3b31c1ecd2c7b6860eeabaf,25318.513378259435,433252.37615200004,0x3DFb153c197D4C19D3B31c1ecD2c7B6860eeabAf-1722957908185
2026-06-10 07:12:00,day,overall,23,0x43372356634781eea88d61bbdd7824cdce958882,24088.562867161934,52754.221770000004,Anjun
2026-06-10 07:12:00,day,overall,24,0xcd65c3279408a33866a9129bed6943064cb6ee96,23104.5187980755,912377.5055809998,NiNo999
2026-06-10 07:12:00,day,overall,25,0x6d641a49299d416ae3f62916e21ced42c5ca8dd6,22645.223359175005,100689.67164700001,0x6d641a49299d416ae3F62916E21CED42C5CA8dd6-1781009983244
2026-06-10 07:12:00,day,overall,26,0x9a4cf053d6788a095da9be5e811e73131f491f30,20931.599999999882,0.0,AmaHnk
2026-06-10 07:12:00,day,overall,27,0xd48a81db62f742c4e42d86dfc23a7ee345366e90,19852.37177786477,9536.689022999999,NiFengFanPan
2026-06-10 07:12:00,day,overall,28,0x09b540739cfa17ba6b61f4351000583cd6397e72,18927.951771538803,0.0,0x68234mjhgfvj8612543ytjsa6187235v81283
2026-06-10 07:12:00,day,overall,29,0x9c76cdb43fb46454da005fbc82047a64a18ec926,18647.545580395614,54097.782624,Bagwell306
2026-06-10 07:12:00,day,overall,30,0xfecb4ea0fe370705d0229aaf81c4300fa5ba19ba,18253.978847635983,44049.240000000005,slvl6
2026-06-10 07:12:00,day,overall,31,0x28059b3fb7af7ed76d83dc9121bbb72ec7cf76ed,18050.8496594162,97335.476824,RISK-IS-NEVER-OK
2026-06-10 07:12:00,day,overall,32,0x24c8cf69a0e0a17eee21f69d29752bfa32e823e1,16478.813894143488,166833.207221,debased
2026-06-10 07:12:00,day,overall,33,0x7e3a1f95c558f39a51ff334d789e3e039b553246,15573.086950000026,13935.78,KaneAnalytics
2026-06-10 07:12:00,day,overall,34,0x0346afae2603313d2bbee96b628536c8cbe352a5,14837.352602798637,208277.370582,GoalLineGhost
2026-06-10 07:12:00,day,overall,35,0x20f4cab4a053fab360c05cd9300df9d678f715e1,14718.512863732081,26951.969999999998,0x20f4Cab4A053faB360C05cD9300DF9D678f715e1-1764159958325
2026-06-10 07:12:00,day,overall,36,0xe734e7bf7cfb9e464681f71822f6c2f6be514f0c,14704.223626598525,38465.944656,boyau
2026-06-10 07:12:00,day,overall,37,0x96489abcb9f583d6835c8ef95ffc923d05a86825,13516.43033634024,141211.899537,anoin123
2026-06-10 07:12:00,day,overall,38,0xa974826f82380f9bb3d5b9c722c50f82fb1aef79,13331.660745717978,0.0,tmoneeey
2026-06-10 07:12:00,day,overall,39,0xd1ed12197b7dc22dede923727e9b714024dbd7cb,13178.58462016892,141670.225937,curie
2026-06-10 07:12:00,day,overall,40,0xfe787d2da716d60e8acff57fb87eb13cd4d10319,12972.05831781961,771554.8321609998,ferrariChampions2026
2026-06-10 07:12:00,day,overall,41,0x9b12e00626d7dd10fdae0121a0d944f3e76e5ee4,12689.191161289677,1161.113039,boomingtest
2026-06-10 07:12:00,day,overall,42,0x3cd63e65f3df4aaf8ebe9de56fe5f8f633b218e4,12274.617317656004,0.0,HerbertAppreciator
2026-06-10 07:12:00,day,overall,43,0x42477970683d4d0a52ec7082fee5d760cc5591c4,12067.570915069133,2075.6089279999997,
2026-06-10 07:12:00,day,overall,44,0x7f9e2d1df78614564a70becc7fa14aa9a6623a0e,11759.762325666696,44707.85742099999,nojnn
2026-06-10 07:12:00,day,overall,45,0xe1a24206ed13433b70c603424c8a616b691d14b8,11519.999999999985,24000.0,sss.tier
2026-06-10 07:12:00,day,overall,46,0x88c4919de76e526d55a32c1f8afb439dd1f1129a,11493.86991940286,0.0,QuietRiskisWrong
2026-06-10 07:12:00,day,overall,47,0x418d51e13d019913bb027db22ecc723fe1ad88a3,11262.339505231997,0.0,0x418D51e13d019913BB027DB22ECc723fe1AD88A3-1720918577961
2026-06-10 07:12:00,day,overall,48,0x5ad49cd574df6888a0fe1d2b522f334988f06866,10693.529999999999,32700.0,0x5aD49Cd574dF6888a0fE1d2B522F334988f06866-1766098504363
2026-06-10 07:12:00,day,overall,49,0xaa075924e1dc7cff3b9fab67401126338c4d2125,10588.469607645995,58446.94607300001,rustin
2026-06-10 07:12:00,day,overall,50,0x16bb9951a36fce71e2ef57890b786145e0ba8492,10373.687850000017,0.0,SDTrading
2026-06-10 07:12:00,day,overall,51,0x2dc13c6bda81b202281e796953a7323de675b33c,10200.0,30000.0,xifutloong3
2026-06-10 07:12:00,day,overall,52,0xf9fe29004c5a905c7b78bbb930ac57feea67366b,10184.999999999945,0.0,CanadianGoose
2026-06-10 07:12:00,day,overall,53,0x55eca3687ea7d69632ffe0f297ea3d5158bb8c7d,9998.8833314285,1871265.6428829997,afkpnl
2026-06-10 07:12:00,day,overall,54,0xfc0847fe2ea938d6e2624650eb29ef8d8142a137,9858.909090686851,170332.630664,0xfC0847fe2Ea938D6e2624650eB29eF8d8142A137-1771999665274
2026-06-10 07:12:00,day,overall,55,0x06dc51826bc524d9a83770e7de9dd7e005b04524,9653.80999904516,232992.55454099993,0x06dc51826bc524d9a83770e7de9dd7e005b0452
2026-06-10 07:12:00,day,overall,56,0x724db3c436dcc7b26fbe1ae0c0d6af538b588dea,9624.66806159298,145306.939006,RITB123
2026-06-10 07:12:00,day,overall,57,0x4924c71c054637d76d0a96d6d097a0d95f77f328,9230.790516860034,19230.769229,Aussieoioioi
2026-06-10 07:12:00,day,overall,58,0x18a460ad85afd38a627960295c6ad6f2cd533a31,9052.01766580419,36423.92683799999,chillhouse123
2026-06-10 07:12:00,day,overall,59,0xd9e0aaca471f489be338fd0f91a26e8669a805f2,8987.42717907277,269501.501112,0xD9E0AACa471f48F91A26E8669A805f2
2026-06-10 07:12:00,day,overall,60,0x08fff5b9a79576a7c6e18a9d05ece0658a34ba79,8732.271371268076,1729419.6953240002,krazyagain
2026-06-10 07:12:00,day,overall,61,0x84dbb7103982e3617704a2ed7d5b39691952aeeb,8618.138888723683,0.0,Soarin22
2026-06-10 07:12:00,day,overall,62,0xd1049158a102840ce595efc6ab683a0cb6fbacef,8589.181494754825,309340.22702700004,pilimili
2026-06-10 07:12:00,day,overall,63,0xcc500cbcc8b7cf5bd21975ebbea34f21b5644c82,8585.776365229161,44913.383129,justdance
2026-06-10 07:12:00,day,overall,64,0xbf1164f5612c61744f678881001dd3e3b4c0c679,8310.004035283502,19024.57,0xBf1164F5612C61744F678881001Dd3E3B4c0c679-1774438179716
2026-06-10 07:12:00,day,overall,65,0x6d3c5bd13984b2de47c3a88ddc455309aab3d294,8230.533830118482,124061.09256999998,VeryLucky888
2026-06-10 07:12:00,day,overall,66,0x3e04fbc51adb75418129f6ce2091ae633070564d,8179.5859155645085,5.0,roldy
2026-06-10 07:12:00,day,overall,67,0x13414a77a4be48988851c73dfd824d0168e70853,8143.648981826595,30561.636568,TrevorPlovdivBulgariaForHisBirthday
2026-06-10 07:12:00,day,overall,68,0x15096a93fb86ea8a782574536ce3bab88e6cca95,8087.936636750006,0.0,Mk756
2026-06-10 07:12:00,day,overall,69,0x815fe12910e7de5f1d7ca1b96c4bbfc0eeae1eef,7741.093633489647,28130.393931000006,blank7633
2026-06-10 07:12:00,day,overall,70,0x86e99faea12fccd8925de5d9f052471baf7a4cdf,7633.095557757417,127089.352045,junifund1
2026-06-10 07:12:00,day,overall,71,0xc9b6227a295985591fe576ff2e054267a78a9b6a,7429.530871974937,47372.181435,mango-lassi
2026-06-10 07:12:00,day,overall,72,0xbc75cabb772f1da1c1772430620da0174c453f69,7322.726689576939,0.0,unknwnfnd
2026-06-10 07:12:00,day,overall,73,0xb061f74b36269d09b7ab4bcb0f1a66675f77be74,7240.173220465305,18768.67297,GoodNightIHope
2026-06-10 07:12:00,day,overall,74,0xae0f21790d847393dcc4da8b4d15f72ff84cf647,7181.317722100519,27841.919521,ThewhitewhaleV2
2026-06-10 07:12:00,day,overall,75,0x64e93f87d8a0c1b2cde6f20d71f211372a95eb4c,7075.784361197681,7464.465689,oudine2
2026-06-10 07:12:00,day,overall,76,0x6157d529ae129fe08f22a27ed42e741d2eaa9fb4,6960.026402617135,4178.773769,xxyyxxzz
2026-06-10 07:12:00,day,overall,77,0xb27bc932bf8110d8f78e55da7d5f0497a18b5b82,6949.918149479432,497368.719885,
2026-06-10 07:12:00,day,overall,78,0x27b0dceebc77ebc59573b818144743b9f1a2209b,6899.999849924992,0.0,yuahldj
2026-06-10 07:12:00,day,overall,79,0xdc4f08727c65afc4731b75cf1ed265666b7b4652,6869.822319374711,14444.380000000001,third-eye
2026-06-10 07:12:00,day,overall,80,0xeb490d0534bb68b4c2ce139b219a728cd2c3693e,6747.23177682297,0.0,78979879879879
2026-06-10 07:12:00,day,overall,81,0xaebf3acc7c9add4928bd218f96de5cf64987e1ca,6719.7853773499955,6698.390585,12monkeys
2026-06-10 07:12:00,day,overall,82,0x7ea571c40408f340c1c8fc8eaacebab53c1bde7b,6457.904850275954,17955.701454999995,Cannae
2026-06-10 07:12:00,day,overall,83,0x8f7bb1d97c28278e28943b8481f1a1651605154b,6315.251226086541,52733.730622999996,lranon
2026-06-10 07:12:00,day,overall,84,0x9c3ce009c9b039956665cecc4cd14de862b5e8c9,6311.359844965,14154.506152,anontrakcer
2026-06-10 07:12:00,day,overall,85,0xc94a2031b8b4cc4cf77eac0fd0e0b982b7b29401,6172.300194832846,0.0,yuanshuai
2026-06-10 07:12:00,day,overall,86,0xd1ecfa3e7d221851663f739626dcd15fca565d8e,5953.871357535222,12440.5,Scott8153
2026-06-10 07:12:00,day,overall,87,0x63d43bbb87f85af03b8f2f9e2fad7b54334fa2f1,5936.61768442754,0.0,wokerjoesleeper
2026-06-10 07:12:00,day,overall,88,0x70798a8b07483242d768acd1bd1fa26b4648155d,5930.532510546507,0.0,0x70798a8B07483242D768AcD1bD1FA26b4648155d-1779753819683
2026-06-10 07:12:00,day,overall,89,0xe405483ff60ab58ce973479d3317045549fec67e,5858.2335418199655,294.44443900000005,NHLGuy
2026-06-10 07:12:00,day,overall,90,0xe5047b7b7eb66eafdc80540048c31227f641600e,5793.733010284442,4046.850619,050005000500
2026-06-10 07:12:00,day,overall,91,0xe8ca3f758c93f44f3ec210542ab78afb7c0bcccb,5738.876922760006,9975.64,Kruto2027
2026-06-10 07:12:00,day,overall,92,0xd406af105f5a98b9164eefa087c6668139f1e83a,5548.953184811697,71141.39867899999,ballam
2026-06-10 07:12:00,day,overall,93,0x5e6e2c3f06686f2607b86c90e35f536e81a1be00,5528.597553019004,0.0,lightitup
2026-06-10 07:12:00,day,overall,94,0xac0a9aad817df58f1f37dad0ca0352e1c00cf89e,5506.588155322815,78842.98341,Brunoruno
2026-06-10 07:12:00,day,overall,95,0x16351b85a6160e7a3759ec20603e7c14e4245624,5500.296116812361,6663.193725000001,Betm4ker
2026-06-10 07:12:00,day,overall,96,0x1eaf5d5f822dc5211c25b5839e5b7aa70f319bf0,5338.264131651784,60378.82840299999,LYnetLY
2026-06-10 07:12:00,day,overall,97,0xeebde7a0e019a63e6b476eb425505b7b3e6eba30,5280.653425910859,492924.48925999994,Bonereaper
2026-06-10 07:12:00,day,overall,98,0xa80c561e89846c904527ade2043284bf364405d5,5277.922616494995,108.663777,
2026-06-10 07:12:00,day,overall,99,0xbd60baf493cf2a24a7be71d599fa25a79999396c,5270.047127449627,3846.509996,monmaker
2026-06-10 07:12:00,day,overall,100,0xbe7ef1907a730226453814dedeee3995c0656d00,5153.118710439463,22834.601511,NO.9kami
2026-06-10 07:12:00,day,politics,1,0x24c8cf69a0e0a17eee21f69d29752bfa32e823e1,16408.26448008849,130453.02722099998,debased
2026-06-10 07:12:00,day,politics,2,0x7f9e2d1df78614564a70becc7fa14aa9a6623a0e,12099.840903139673,42837.875738999996,nojnn
2026-06-10 07:12:00,day,politics,3,0x88c4919de76e526d55a32c1f8afb439dd1f1129a,11350.863435979583,0.0,QuietRiskisWrong
2026-06-10 07:12:00,day,politics,4,0xd1049158a102840ce595efc6ab683a0cb6fbacef,8530.234808075824,10522.91,pilimili
2026-06-10 07:12:00,day,politics,5,0x96489abcb9f583d6835c8ef95ffc923d05a86825,8346.266342784278,91768.92121500001,anoin123
2026-06-10 07:12:00,day,politics,6,0xeb490d0534bb68b4c2ce139b219a728cd2c3693e,7587.902568032994,0.0,78979879879879
2026-06-10 07:12:00,day,politics,7,0xbc75cabb772f1da1c1772430620da0174c453f69,6958.288755018944,0.0,unknwnfnd
2026-06-10 07:12:00,day,politics,8,0x5739ddf8672627ce076eff5f444610a250075f1a,6523.952878918091,0.0,hopedieslast
2026-06-10 07:12:00,day,politics,9,0xc9b6227a295985591fe576ff2e054267a78a9b6a,6346.358727511768,40489.910667000004,mango-lassi
2026-06-10 07:12:00,day,politics,10,0x63d43bbb87f85af03b8f2f9e2fad7b54334fa2f1,5968.149708098092,0.0,wokerjoesleeper
2026-06-10 07:12:00,day,politics,11,0x70798a8b07483242d768acd1bd1fa26b4648155d,5957.5404432800115,0.0,0x70798a8B07483242D768AcD1bD1FA26b4648155d-1779753819683
2026-06-10 07:12:00,day,politics,12,0x2974bd0059e48f215c391882976e0f1b4c8c9c23,5140.478899150388,0.0,65765757
2026-06-10 07:12:00,day,politics,13,0xc8ab97a9089a9ff7e6ef0688e6e591a066946418,4562.742491315003,185707.67840800004,ArmageddonRewardsBilly
2026-06-10 07:12:00,day,politics,14,0x293e8a645e8d3bc9bce417ae3c0015eebfc34717,4552.785756840007,0.0,Frommud
2026-06-10 07:12:00,day,politics,15,0xb061f74b36269d09b7ab4bcb0f1a66675f77be74,4269.136519125305,9663.41642,ar-singh
2026-06-10 07:12:00,day,politics,16,0x4eae5a5574bebbeac4baf8397dde79b26a9b5095,4105.292911910001,0.0,Yamato1945
2026-06-10 07:12:00,day,politics,17,0x8f7bb1d97c28278e28943b8481f1a1651605154b,4028.57602386926,44427.730622999996,lranon
2026-06-10 07:12:00,day,politics,18,0xfd22b8843ae03a33a8a4c5e39ef1e5ff33ebad91,4000.0010520750657,0.0,AML
2026-06-10 07:12:00,day,politics,19,0xb2a3623364c33561d8312e1edb79eb941c798510,3980.2717163399793,0.0,aekghas
2026-06-10 07:12:00,day,politics,20,0xdbade4c82fb72780a0db9a38f821d8671aba9c95,3955.2576426223386,0.0,SwissMiss
2026-06-10 07:12:00,day,politics,21,0xc8ab97a9089a9ff7e6ef0688e6e591a066946418,3380.513901068218,240221.01862600003,ArmageddonRewardsBilly
2026-06-10 07:12:00,day,politics,22,0x4eae5a5574bebbeac4baf8397dde79b26a9b5095,3230.2731393300055,0.0,Yamato1945
2026-06-10 07:12:00,day,politics,23,0xc8b9a30184244d427169cf62485dde6041b2b836,3197.9894927921705,12751.418327,SnowLover7
2026-06-10 07:12:00,day,politics,24,0x293e8a645e8d3bc9bce417ae3c0015eebfc34717,3035.1905045600142,0.0,Frommud
2026-06-10 07:12:00,day,politics,25,0x9604b357e8307b0ccc8eb5812725d2b112c6fc1d,2978.7849428685377,0.0,Batundi
2026-06-10 07:12:00,day,politics,26,0xb2a3623364c33561d8312e1edb79eb941c798510,2969.471502559958,0.0,aekghas
2026-06-10 07:12:00,day,politics,27,0xc4368bb22b77b2be880fabedb705ac7a703947a2,2900.3029460050166,0.0,user20267495
2026-06-10 07:12:00,day,politics,28,0xdbade4c82fb72780a0db9a38f821d8671aba9c95,2881.1703255118337,0.0,SwissMiss
2026-06-10 07:12:00,day,politics,29,0xde0463ea7f611b065e8ab06bbfbddad75e6dfa37,2834.908158070568,6575.234871,mwenya
2026-06-10 07:12:00,day,politics,30,0xc02147dee42356b7a4edbb1c35ac4ffa95f61fa8,2811.786768924154,41271.736281,Eatpraylove
2026-06-10 07:12:00,day,politics,31,0xb1ca909e848cc24ec4e220ce1c453bc290c51705,2764.30634738582,107646.09304500002,NonceChaser
2026-06-10 07:12:00,day,politics,32,0x21064fd320bfd5a86f8c92a94d3209edf4154dea,2750.419132385723,79648.599796,rainbowlilies
2026-06-10 07:12:00,day,politics,33,0x9ba9dec33838f4ec9f032f7247d7481987e63ce9,2569.3147499999614,0.0,TeamA
2026-06-10 07:12:00,day,politics,34,0xdc03d611e5bcc9f1c87edb95edeb91671471804c,2523.0985801056668,0.0,jocpolitic
2026-06-10 07:12:00,day,politics,35,0x8afa03dd6974e44d00c4d14dcccb00c0ddf6adb6,2513.996229282784,27274.095579999997,stupid22
2026-06-10 07:12:00,day,politics,36,0x7523cafcee7bcf2db9a79d80e0d79b88a9a54c4c,2476.546362175126,0.0,DonaldinhoTrumpito
2026-06-10 07:12:00,day,politics,37,0xe899b5ea69afb161da7a35597b6fe70398860899,2445.0257712280145,0.0,SlavaUkraini
2026-06-10 07:12:00,day,politics,38,0x12349b07596228316a002d4325807c83aa9afb0e,2434.8414135300045,0.0,6677889
2026-06-10 07:12:00,day,politics,39,0xf7cfb83272849458bfd524e8d22658ebeeab0ceb,2354.7920935499988,0.0,barman1337
2026-06-10 07:12:00,day,politics,40,0x000d257d2dc7616feaef4ae0f14600fdf50a758e,2256.3636677048635,0.0,scottilicious
2026-06-10 07:12:00,day,politics,41,0x836ffd95ef3cf3c7987612279b2152b11ce6906e,2234.281936884163,8400.369999999999,RizzEmWithTheTism
2026-06-10 07:12:00,day,politics,42,0x396f35c4d4f84c0a6c5f3b13e40e1de550367f78,2215.6238376880947,12817.314955999998,lranon2nd
2026-06-10 07:12:00,day,politics,43,0x44a1159b925c145e70f746bb3f0f58380553bd21,2027.3223292255025,0.0,yupiiiiiiiii
2026-06-10 07:12:00,day,politics,44,0x614dc8d3542c12103d2c6a3553fd761e391d1546,2013.0467293366091,19526.799575,mr.ozi
2026-06-10 07:12:00,day,politics,45,0x1890f3de419014c80293f7e93fb06162a0b0f813,1935.5708451280043,0.0,0x1890f3de419014C80293f7E93fb06162A0B0f813-1771750152467
2026-06-10 07:12:00,day,politics,46,0x7bc14171ccb0d3e6bac219ec6a76211826e28db4,1876.1540813466418,10374.74,coali10
2026-06-10 07:12:00,day,politics,47,0x9d84ce0306f8551e02efef1680475fc0f1dc1344,1876.0998954670504,0.0,ImJustKen
2026-06-10 07:12:00,day,politics,48,0xe1e105257812992f0b9aba92a17e33f36e89d250,1866.8743058960208,0.0,loliti
2026-06-10 07:12:00,day,politics,49,0xa42dcbd880f9b32ad8ea06ef78d3323295f12e9a,1861.3871490470028,0.0,0xA42dcbD880F9b32aD8EA06eF78d3323295f12E9A-1748116078263
2026-06-10 07:12:00,day,politics,50,0x3c918a8ef8c379304f744592120cbb4d76149af7,1832.0500577799849,0.0,Vilgefortz
2026-06-10 07:12:00,day,politics,51,0x378a50433f40df864e0d5a5f2a909d56e512a638,1751.6269241101854,2431.343883,BennyHop
2026-06-10 07:12:00,day,politics,52,0x44c1dfe43260c94ed4f1d00de2e1f80fb113ebc1,1719.002153684618,16724.800000000003,aenews2
2026-06-10 07:12:00,day,politics,53,0xdf17f4a8dd01a4cfa6fc3da323a2baee5f8697d1,1717.965349415841,5030.0,Soft-Lantern
2026-06-10 07:12:00,day,politics,54,0x56ad6bd05999e0f33ea9c05a48ccb1364a46f13e,1710.9126565400074,0.0,Mpire1
2026-06-10 07:12:00,day,politics,55,0xf5c49ad254b1d53ea0b86fb285dd3f11dc800926,1707.9310117665082,0.0,0xdamocles
2026-06-10 07:12:00,day,politics,56,0xed107a85a4585a381e48c7f7ca4144909e7dd2e5,1697.2721881142352,1827376.5599999998,elmcap2
2026-06-10 07:12:00,day,politics,57,0xf2f6af4f27ec2dcf4072095ab804016e14cd5817,1681.143698700238,0.0,gopfan2
2026-06-10 07:12:00,day,politics,58,0x8f69269039b9a401de28a38c2f1c3001364b7df1,1660.0983520749724,0.0,DumplingBMF
2026-06-10 07:12:00,day,politics,59,0xcd71fd5370880f3d92bb941e628c05840fe0d127,1608.9725718950504,0.0,Kevindoto
2026-06-10 07:12:00,day,politics,60,0xb66582886125a2a2ea966f1ea60ea60b6ecabf8f,1600.0000000000146,0.0,Aeglos
2026-06-10 07:12:00,day,politics,61,0x9e7e57fbc4dd03dc7b0eea98f1f01bc100083e1d,1599.9957074859994,0.0,mcorleone
2026-06-10 07:12:00,day,politics,62,0xeed588bab0b0df73a9a6def7a59e512e9ede1a33,1587.347724903666,0.0,mohahaha
2026-06-10 07:12:00,day,politics,63,0xcbefb876789cc63b46b030af3cfe20b986f29ab0,1553.0694059779976,0.0,AlwaysRegressing
2026-06-10 07:12:00,day,politics,64,0xb8b44e3cc9e0962982e3c8bf444b6a7411f51f6e,1539.575849055007,0.0,MonacoLover
2026-06-10 07:12:00,day,politics,65,0x95bf944dd22691364154fb436ee922798566e00b,1527.0165697792618,1400.0,hideo
2026-06-10 07:12:00,day,politics,66,0xa30e451354cb41cfd46689a065defed989ea49d5,1492.935388213984,0.0,SAPolitcsSeer
2026-06-10 07:12:00,day,politics,67,0x8df73e2962d0184ea1f71621784d46ca6b5936c4,1492.3990087674938,0.0,End123
2026-06-10 07:12:00,day,politics,68,0x011f2d377e56119fb09196dffb0948ae55711122,1478.8732718049723,44236.587263999994,11122
2026-06-10 07:12:00,day,politics,69,0xc6e8cd47e592926216fd39ce17fe66132e83d340,1471.3857609374954,0.0,envioner
2026-06-10 07:12:00,day,politics,70,0x93511d72d294f1478739bc38f578bf0306fd9e4d,1465.9537673236337,5473.93,Dafu0715
2026-06-10 07:12:00,day,politics,71,0x05e26c775ecfe91b897d47f134c1bf5900ca6e12,1427.358248440025,0.0,Llalalala
2026-06-10 07:12:00,day,politics,72,0x5375c751dd5a03a0395f77489d8afa24ce62c1a1,1407.6978573700035,0.0,thiswaysir
2026-06-10 07:12:00,day,politics,73,0x8b4bca1d794779e66e023d44391b2a86c5ab541b,1389.6803591460484,0.0,0x8B4bcA1D794779E66e023D44391B2A86C5ab541B-1769764313952
2026-06-10 07:12:00,day,politics,74,0xa3ff29e34b23b468b4ff5dbba28ad9e56bcd540e,1328.3399064699915,0.0,0xa3FF29e34b23B468b4FF5dBBA28Ad9e56bCd540E-1772658943842
2026-06-10 07:12:00,day,politics,75,0xa3a417e434923aeaf97afe9a61b10ff9364e5106,1324.644707311265,61229.514614,0xC03cE4d8Af842Ca6251Ac57228B3Ffb166ed50A
2026-06-10 07:12:00,day,politics,76,0x0891c7a1fe43c18c964b7313ba754bb208da508a,1318.0876929009974,0.0,chickendilla
2026-06-10 07:12:00,day,politics,77,0x28ca4e9a04531f2eac0c2770f95db4e1c6a65d19,1306.0352526369506,14151.73109,DuneMentat
2026-06-10 07:12:00,day,politics,78,0xfaf98181c44636998a194aa7660bcae1b977f4c4,1259.1563175408482,61655.27181700001,onekey02
2026-06-10 07:12:00,day,politics,79,0x5cd5c8d7a17c78d7389d8b87b611aed83322ac33,1236.975602447499,276.08000000000004,nonkenny90
2026-06-10 07:12:00,day,politics,80,0xe0a521d92b6b7d2b45e9d55f05e3a8be1c41f6a4,1214.580782701994,0.0,efghvcdbjkpqwo
2026-06-10 07:12:00,day,politics,81,0xb6c83e346ab31df6e24bc53ecb6e15c03b75b9e6,1206.1983316819824,0.0,shibagege
2026-06-10 07:12:00,day,politics,82,0x1fee90f352fd362ea4bf13c6ed7cdd83a4d2ed5e,1202.9388884554792,0.0,lomneivan
2026-06-10 07:12:00,day,politics,83,0xfbd8c9c22ca76b3662d0e53a4f79719fdc684027,1196.0166286726017,10875.27,0xfBd8C9C22cA76B3662d0e53A4f79719FDC684027-1779347618060
2026-06-10 07:12:00,day,politics,84,0x4b2fe2f4a4e352534d7c02f3ed2f772bb8a11627,1161.1395494049993,0.0,refzer
2026-06-10 07:12:00,day,politics,85,0xc6dd722558dbfbd8fa780efcbe819ed8c6604b9f,1160.1255483900313,0.0,tourists
2026-06-10 07:12:00,day,politics,86,0x6ed14bbf37432f0be50189a98b65b401e6f1b46a,1139.9702828099944,0.0,98778
2026-06-10 07:12:00,day,politics,87,0x1eb8b5d4edeebe6087c02e0cbad94cde72060782,1130.4727424000012,0.0,okdiannao
2026-06-10 07:12:00,day,politics,88,0xfc2f4f50ce2f6045d35558a5e2d8d4b2ac6610c7,1120.9279580163857,21786.922855999997,0xFc2F4f50ce2F6045d35558A5E2D8d4b2aC6610c7-1769097007451
2026-06-10 07:12:00,day,politics,89,0xe7cb6e31f033e0e9f5940e46d84166c7d7ded447,1118.1629648222297,8887.822123,mindeirs
2026-06-10 07:12:00,day,politics,90,0x7d33a786a95318f81f8cc7e37e1cb0bd7d305502,1092.7991225000023,0.0,dfamsword
2026-06-10 07:12:00,day,politics,91,0x2f26606ccc45a934838a97d44a30c32012ae0d8f,1079.907580854503,3865.0,GUINESS123
2026-06-10 07:12:00,day,politics,92,0xf284ad6d607f777f34bc643cea587c33a886b9f9,1075.1606264109723,0.0,strike123
2026-06-10 07:12:00,day,politics,93,0x6291edb6079eb78d52814340fdf748a2d279cc47,1063.9816949803208,3625.9485700000005,Snoopyfan
2026-06-10 07:12:00,day,politics,94,0x6bab41a0dc40d6dd4c1a915b8c01969479fd1292,1061.527270884253,2597.98,Dropper
2026-06-10 07:12:00,day,politics,95,0xc96e5287ab294ac0388c2ddb00180fc464cff1f9,1036.4549190215048,0.0,wigglew
2026-06-10 07:12:00,day,politics,96,0x182bd8bf2f11a572c4ec686aae3a0d919adcf3d3,1016.3304354499887,0.0,peoplearestrange
2026-06-10 07:12:00,day,politics,97,0x6debcda3ccc008512151afe37bc3676e5e50eb68,1002.5566678774994,0.0,0x12c5980034a1c2a8FE1154Ba00913c0f25962586-1758224825618
2026-06-10 07:12:00,day,politics,98,0xcca90a5d3c8f2d6663817e3650d6adbe9ab44c9f,972.5870232794477,6412.640591,0xcCa90A5D3C8F2d6663817E3650D6aDbe9aB44C9f-1772395966516
2026-06-10 07:12:00,day,politics,99,0x4c8cdcdd4c92bf44e74a642254f7414de14de36f,965.3820482730371,24420.612012999998,defillama7
2026-06-10 07:12:00,day,politics,100,0x88b59d79b6e1659c95a0043028e5bb7a26e6205c,958.4869693391665,8364.810123,almost-never
2026-06-10 07:12:00,day,sports,1,0x492442eab586f242b53bda933fd5de859c8a3782,353449.2693000003,0.0,0x492442EaB586F242B53bDa933fD5dE859c8A3782-1766317541188
2026-06-10 07:12:00,day,sports,2,0x4bff30af91642dc7d2b19a8664378fe55c45fc26,223539.18356879056,341509.63,Sassy-Bucket
2026-06-10 07:12:00,day,sports,3,0xa5ea13a81d2b7e8e424b182bdc1db08e756bd96a,161024.0858904887,0.0,bossoskil1
2026-06-10 07:12:00,day,sports,4,0x224a89dbe0db0d6124b335edabd15b3f877da3d5,137191.98453972154,833934.7522349998,wr0ngw4yb3tt0r
2026-06-10 07:12:00,day,sports,5,0x84cfffc3f16dcc353094de30d4a45226eccd2f63,121294.90856760181,1670959.4395180002,mooseborzoi
2026-06-10 07:12:00,day,sports,6,0x3f3aa7005f8006bfcc367d43a25cde25509fe8fd,87205.16034231099,5261.187904,us391
2026-06-10 07:12:00,day,sports,7,0x26437896ed9dfeb2f69765edcafe8fdceaab39ae,86940.16712,317299.88,Latina
2026-06-10 07:12:00,day,sports,8,0x72d815133f9f8b6529e911cf3be492846ce05213,71485.70023418486,1032.210837,Vatrer
2026-06-10 07:12:00,day,sports,9,0x35353a3a2988c7c26e53849d602be60df49aa775,70996.46980312001,206170.85499400002,theboss2
2026-06-10 07:12:00,day,sports,10,0x1d1ade627d0bb0205758580b20d808573e720df6,62515.225249979994,0.0,Pwaddler
2026-06-10 07:12:00,day,sports,11,0x1e7792acc779a6af8304bd7991ff31d16d468c33,61075.53111400001,154999.72542,THEdirkdiggler
2026-06-10 07:12:00,day,sports,12,0xc8075693f48668a264b9fa313b47f52712fcc12b,50452.05772623973,0.0,texaskid
2026-06-10 07:12:00,day,sports,13,0xe5f0ae9cc9aef77ae3c2a64c9e69caa3f335dc1d,47169.988341082004,0.0,0xE5F0AE9cc9aeF77ae3c2A64c9E69caa3F335dc1d-1773531520731
2026-06-10 07:12:00,day,sports,14,0xfea31bc088000ff909be1dfd8d0e3f2c7ef2d227,41572.12113500573,87388.086247,ndb1
2026-06-10 07:12:00,day,sports,15,0xbca08c1bc204a34f2fddbe47b438b9bd42ac9705,41001.15195587394,332605.0755230001,bananawoin
2026-06-10 07:12:00,day,sports,16,0x7a8885c8dc075f0578b648f29fa233408a7d41cc,38105.05113569501,27278.731504,stackingsats
2026-06-10 07:12:00,day,sports,17,0xa39826566cb711cc10220fbe9fcc560c2faf6c83,36669.36744204443,20663.48,
2026-06-10 07:12:00,day,sports,18,0x99a75dee1487879c95b3d61c92e4493e2c63fc82,35388.53500000005,0.0,duckfriedrice
2026-06-10 07:12:00,day,sports,19,0x204f72f35326db932158cba6adff0b9a1da95e14,35007.86434512772,1031661.2390330001,swisstony
2026-06-10 07:12:00,day,sports,20,0x2d7be5170a8026c18709eaea1027c7f12e8ce2ce,26785.09555740902,3558.669744,caicai888888
2026-06-10 07:12:00,day,sports,21,0xb7f55b6d32c2ee3768192d676cd66354f51fc669,25910.910182850508,42349.580447,cassiuswinston
2026-06-10 07:12:00,day,sports,22,0x3dfb153c197d4c19d3b31c1ecd2c7b6860eeabaf,25318.513378259435,433252.37615200004,0x3DFb153c197D4C19D3B31c1ecD2c7B6860eeabAf-1722957908185
2026-06-10 07:12:00,day,sports,23,0x43372356634781eea88d61bbdd7824cdce958882,24086.33086068742,52380.55510500001,Anjun
2026-06-10 07:12:00,day,sports,24,0xcd65c3279408a33866a9129bed6943064cb6ee96,23104.5187980755,912377.5055809998,NiNo999
2026-06-10 07:12:00,day,sports,25,0x6d641a49299d416ae3f62916e21ced42c5ca8dd6,22645.223359175005,100689.67164700001,0x6d641a49299d416ae3F62916E21CED42C5CA8dd6-1781009983244
2026-06-10 07:12:00,day,sports,26,0x9a4cf053d6788a095da9be5e811e73131f491f30,20885.999999999884,0.0,AmaHnk
2026-06-10 07:12:00,day,sports,27,0xd48a81db62f742c4e42d86dfc23a7ee345366e90,19826.734776615718,9536.689022999999,NiFengFanPan
2026-06-10 07:12:00,day,sports,28,0x09b540739cfa17ba6b61f4351000583cd6397e72,18927.951771538803,0.0,0x68234mjhgfvj8612543ytjsa6187235v81283
2026-06-10 07:12:00,day,sports,29,0x9c76cdb43fb46454da005fbc82047a64a18ec926,18647.545580395614,54097.782624,Bagwell306
2026-06-10 07:12:00,day,sports,30,0xfecb4ea0fe370705d0229aaf81c4300fa5ba19ba,18253.978847635983,44049.240000000005,slvl6
2026-06-10 07:12:00,day,sports,31,0x28059b3fb7af7ed76d83dc9121bbb72ec7cf76ed,18050.849659416257,97335.476824,RISK-IS-NEVER-OK
2026-06-10 07:12:00,day,sports,32,0x7e3a1f95c558f39a51ff334d789e3e039b553246,15573.086950000026,13935.78,KaneAnalytics
2026-06-10 07:12:00,day,sports,33,0x0346afae2603313d2bbee96b628536c8cbe352a5,14837.352602798637,208277.370582,GoalLineGhost
2026-06-10 07:12:00,day,sports,34,0x20f4cab4a053fab360c05cd9300df9d678f715e1,14718.512863732081,26951.969999999998,0x20f4Cab4A053faB360C05cD9300DF9D678f715e1-1764159958325
2026-06-10 07:12:00,day,sports,35,0xa974826f82380f9bb3d5b9c722c50f82fb1aef79,13331.660749049479,0.0,tmoneeey
2026-06-10 07:12:00,day,sports,36,0xd1ed12197b7dc22dede923727e9b714024dbd7cb,13178.584620168898,141670.225937,curie
2026-06-10 07:12:00,day,sports,37,0xfe787d2da716d60e8acff57fb87eb13cd4d10319,12972.05831781961,771554.8321609998,ferrariChampions2026
2026-06-10 07:12:00,day,sports,38,0x9b12e00626d7dd10fdae0121a0d944f3e76e5ee4,12689.191161289677,1161.113039,boomingtest
2026-06-10 07:12:00,day,sports,39,0x86e99faea12fccd8925de5d9f052471baf7a4cdf,12040.463324186141,92510.687045,junifund1
2026-06-10 07:12:00,day,sports,40,0x42477970683d4d0a52ec7082fee5d760cc5591c4,11865.007542504885,1995.6089279999999,
2026-06-10 07:12:00,day,sports,41,0xe1a24206ed13433b70c603424c8a616b691d14b8,11519.999999999985,24000.0,sss.tier
2026-06-10 07:12:00,day,sports,42,0x418d51e13d019913bb027db22ecc723fe1ad88a3,11262.339505231997,0.0,0x418D51e13d019913BB027DB22ECc723fe1AD88A3-1720918577961
2026-06-10 07:12:00,day,sports,43,0x5ad49cd574df6888a0fe1d2b522f334988f06866,10693.530000000002,32700.0,0x5aD49Cd574dF6888a0fE1d2B522F334988f06866-1766098504363
2026-06-10 07:12:00,day,sports,44,0xaa075924e1dc7cff3b9fab67401126338c4d2125,10588.469607646111,58446.94607300001,rustin
2026-06-10 07:12:00,day,sports,45,0x16bb9951a36fce71e2ef57890b786145e0ba8492,10373.687850000017,0.0,SDTrading
2026-06-10 07:12:00,day,sports,46,0x2dc13c6bda81b202281e796953a7323de675b33c,10200.0,30000.0,xifutloong3
2026-06-10 07:12:00,day,sports,47,0xf9fe29004c5a905c7b78bbb930ac57feea67366b,10184.999999999956,0.0,CanadianGoose
2026-06-10 07:12:00,day,sports,48,0x55eca3687ea7d69632ffe0f297ea3d5158bb8c7d,9997.0779202735,1871265.6428829997,afkpnl
2026-06-10 07:12:00,day,sports,49,0xfc0847fe2ea938d6e2624650eb29ef8d8142a137,9858.909090686851,170332.630664,0xfC0847fe2Ea938D6e2624650eB29eF8d8142A137-1771999665274
2026-06-10 07:12:00,day,sports,50,0x4924c71c054637d76d0a96d6d097a0d95f77f328,9230.790516860012,19230.769229,Aussieoioioi
2026-06-10 07:12:00,day,sports,51,0x18a460ad85afd38a627960295c6ad6f2cd533a31,9052.01766580419,36423.92683799999,chillhouse123
2026-06-10 07:12:00,day,sports,52,0xd9e0aaca471f489be338fd0f91a26e8669a805f2,8987.992852632771,269501.501112,0xD9E0AACa471f48F91A26E8669A805f2
2026-06-10 07:12:00,day,sports,53,0x08fff5b9a79576a7c6e18a9d05ece0658a34ba79,8732.371371268062,1729419.6953240007,krazyagain
2026-06-10 07:12:00,day,sports,54,0x84dbb7103982e3617704a2ed7d5b39691952aeeb,8618.138888723217,0.0,Soarin22
2026-06-10 07:12:00,day,sports,55,0xbf1164f5612c61744f678881001dd3e3b4c0c679,8310.004035283502,19024.57,0xBf1164F5612C61744F678881001Dd3E3B4c0c679-1774438179716
2026-06-10 07:12:00,day,sports,56,0x6d3c5bd13984b2de47c3a88ddc455309aab3d294,8230.533830118773,124061.09256999996,VeryLucky888
2026-06-10 07:12:00,day,sports,57,0x3e04fbc51adb75418129f6ce2091ae633070564d,8179.5859155645085,5.0,roldy
2026-06-10 07:12:00,day,sports,58,0x15096a93fb86ea8a782574536ce3bab88e6cca95,8087.946636750006,0.0,Mk756
2026-06-10 07:12:00,day,sports,59,0x13414a77a4be48988851c73dfd824d0168e70853,8075.395766246715,28634.317824000005,TrevorPlovdivBulgariaForHisBirthday
2026-06-10 07:12:00,day,sports,60,0x815fe12910e7de5f1d7ca1b96c4bbfc0eeae1eef,7741.093633489647,28130.393931000006,blank7633
2026-06-10 07:12:00,day,sports,61,0xae0f21790d847393dcc4da8b4d15f72ff84cf647,7181.317715741519,27841.919521,ThewhitewhaleV2
2026-06-10 07:12:00,day,sports,62,0x64e93f87d8a0c1b2cde6f20d71f211372a95eb4c,7074.989469746681,7464.465689,oudine2
2026-06-10 07:12:00,day,sports,63,0x6157d529ae129fe08f22a27ed42e741d2eaa9fb4,6960.026402617135,4178.773769,xxyyxxzz
2026-06-10 07:12:00,day,sports,64,0x3cd63e65f3df4aaf8ebe9de56fe5f8f633b218e4,6916.566599999998,0.0,HerbertAppreciator
2026-06-10 07:12:00,day,sports,65,0xaebf3acc7c9add4928bd218f96de5cf64987e1ca,6719.7853773499955,6698.390585,12monkeys
2026-06-10 07:12:00,day,sports,66,0x7ea571c40408f340c1c8fc8eaacebab53c1bde7b,6457.904850272695,17955.701454999995,Cannae
2026-06-10 07:12:00,day,sports,67,0x9c3ce009c9b039956665cecc4cd14de862b5e8c9,6311.359844965,14154.506152,anontrakcer
2026-06-10 07:12:00,day,sports,68,0xc94a2031b8b4cc4cf77eac0fd0e0b982b7b29401,6172.300194832846,0.0,yuanshuai
2026-06-10 07:12:00,day,sports,69,0xd1ecfa3e7d221851663f739626dcd15fca565d8e,5954.740357535222,12440.5,Scott8153
2026-06-10 07:12:00,day,sports,70,0xe405483ff60ab58ce973479d3317045549fec67e,5858.2335418199655,294.44443900000005,NHLGuy
2026-06-10 07:12:00,day,sports,71,0xe5047b7b7eb66eafdc80540048c31227f641600e,5793.732999311942,4046.850619,050005000500
2026-06-10 07:12:00,day,sports,72,0xe8ca3f758c93f44f3ec210542ab78afb7c0bcccb,5738.876922760006,9975.64,Kruto2027
2026-06-10 07:12:00,day,sports,73,0x5e6e2c3f06686f2607b86c90e35f536e81a1be00,5528.597553019004,0.0,lightitup
2026-06-10 07:12:00,day,sports,74,0x1eaf5d5f822dc5211c25b5839e5b7aa70f319bf0,5338.264131651784,60378.82840299999,LYnetLY
2026-06-10 07:12:00,day,sports,75,0xa80c561e89846c904527ade2043284bf364405d5,5277.922616494995,108.663777,
2026-06-10 07:12:00,day,sports,76,0xbd60baf493cf2a24a7be71d599fa25a79999396c,5270.047127449627,3846.509996,monmaker
2026-06-10 07:12:00,day,sports,77,0xbe7ef1907a730226453814dedeee3995c0656d00,5153.118710439456,22834.601511,NO.9kami
2026-06-10 07:12:00,day,sports,78,0x8a6764a2da22d13ed16efd05ec67123b656de403,5133.238449999975,0.0,megashvbwuy
2026-06-10 07:12:00,day,sports,79,0x00ffb912f1bf01c0123869ddb92d4b6a6ad3f7ad,5129.737636464986,2403.846152,ballinco
2026-06-10 07:12:00,day,sports,80,0xbcd24281bb7c69943f07df21d56d9842330643f3,5035.713882214739,0.0,lockin2026
2026-06-10 07:12:00,day,sports,81,0xacb206b460a17382a734de8d931cc176307eb989,4959.38788912649,260.678362,AppleTime67
2026-06-10 07:12:00,day,sports,82,0x9b90dca83a4d8d4e0cee2a5230e9203e609f5fb9,4897.445716727354,359.731815,
2026-06-10 07:12:00,day,sports,83,0xebe6d42fbbd15b89ef9af70e459dd05e20679278,4765.630286542946,15633.567423999999,TraderXI
2026-06-10 07:12:00,day,sports,84,0xe015b5a2a299167be835a2fd1e86f09c49e06ffd,4721.8705541770905,6118.872446,TAIWANNUMBERONE
2026-06-10 07:12:00,day,sports,85,0xbc5b06a84ef421daf80b625eccefbc07d6153f6a,4688.527910000005,49253.61499999999,jet2ro
2026-06-10 07:12:00,day,sports,86,0x09af203b5af180c61d54eea118a4548a1f209728,4685.43815300749,3684.081631,mlbman
2026-06-10 07:12:00,day,sports,87,0x84ad9c5c547a82ec9a08547b94bd922446e5bfb7,4591.519780845963,89597.32415799999,BillBenter2026
2026-06-10 07:12:00,day,sports,88,0x39fcd0aafb7047035e9323e6d1f99cd46f43e2f2,4265.145682387403,20552.981333,shoemanhere
2026-06-10 07:12:00,day,sports,89,0xdbdd45150249e229eb4ca8aa48a30dca21faa5de,4222.166522047017,36056.270558,0xdbdd45150249e229eB4cA8aa48A30Dca21Faa5de-1757094771846
2026-06-10 07:12:00,day,sports,90,0xe3c9c84c9917d21351902f3bfde3420543ea4b9c,4215.787909485733,78895.949265,DimSumConnoisseur.
2026-06-10 07:12:00,day,sports,91,0x3b21433b0407e45d683cad1fcb6ba0a6b33ba230,3961.7122535900016,605712.73116,sisisisisi2
2026-06-10 07:12:00,day,sports,92,0x8b887c9ad761b851d9e14510ea9aae04a01e8f33,3880.515222623013,32551.187191999998,lluucckkyy
2026-06-10 07:12:00,day,sports,93,0xee3ecc39c41e8a6b5399b1cd1b03d72f5271ebb5,3803.8047951942135,174130.126407,sssherra
2026-06-10 07:12:00,day,sports,94,0xdd517b727b1445d9744d23bba5856dd06e5f1041,3731.0364536833295,0.0,0xdd517b727B1445d9744D23BBa5856dd06E5F1041-1776442164856
2026-06-10 07:12:00,day,sports,95,0xb687f00464e33934f5d591f224e71c3559ecaee5,3622.9221185257193,876131.035291,alwayslatetotheparty
2026-06-10 07:12:00,day,sports,96,0x3fc0eb9823e516c12cf28d4a5a47232039e6847d,3617.7067499999994,79999.84125,Mac10101
2026-06-10 07:12:00,day,sports,97,0x46084b812a2d0cbafa1cf1f8593314648179d049,3600.0,0.0,Polarize98
2026-06-10 07:12:00,day,sports,98,0xd03b732f323e4d143dc5ffc7f62e47e27e3d184c,3584.452816820002,18195.405364,thisisfader
2026-06-10 07:12:00,day,sports,99,0x853212cd809da6acc458021c106af749b7aa738b,3494.3820357249956,2424.94,Mr.Kirk
2026-06-10 07:12:00,day,sports,100,0xc07d5961e7a361992983c1a3a865d00dc28cb1df,3463.927346111879,39777.232353,0xc07
2026-06-10 07:12:00,day,crypto,1,0x06dc51826bc524d9a83770e7de9dd7e005b04524,9653.80999904516,232992.55454099993,0x06dc51826bc524d9a83770e7de9dd7e005b0452
2026-06-10 07:12:00,day,crypto,2,0x724db3c436dcc7b26fbe1ae0c0d6af538b588dea,9635.688894389983,145110.969006,RITB123
2026-06-10 07:12:00,day,crypto,3,0x93fb8127a1b21a112b11af936361225df0563e4a,8798.385044683993,0.0,LlamaLoco0000
2026-06-10 07:12:00,day,crypto,4,0xcc500cbcc8b7cf5bd21975ebbea34f21b5644c82,8585.776365229394,44913.38312900001,justdance
2026-06-10 07:12:00,day,crypto,5,0xb27bc932bf8110d8f78e55da7d5f0497a18b5b82,6949.918149479548,497368.719885,
2026-06-10 07:12:00,day,crypto,6,0xd406af105f5a98b9164eefa087c6668139f1e83a,5548.953184811689,71141.39867899999,ballam
2026-06-10 07:12:00,day,crypto,7,0x16351b85a6160e7a3759ec20603e7c14e4245624,5500.296116812363,6663.193725,Betm4ker
2026-06-10 07:12:00,day,crypto,8,0xeebde7a0e019a63e6b476eb425505b7b3e6eba30,5280.653425914003,492924.48926,Bonereaper
2026-06-10 07:12:00,day,crypto,9,0xf705fa045201391d9632b7f3cde06a5e24453ca7,4937.041058526142,36512.25,
2026-06-10 07:12:00,day,crypto,10,0x27091ce48a08a3e21d63c42d33428cf1e55d20f5,4712.55775546351,90313.97606,dgcf
2026-06-10 07:12:00,day,crypto,11,0xe9076a87c5ed90ef16e6fe6529c943baeca0cff6,3812.0004417079035,186153.10722,suntori
2026-06-10 07:12:00,day,crypto,12,0xb55fa1296e6ec55d0ce53d93b9237389f11764d4,3479.6093334252946,134436.291736,0xb55fa1296E6ec55D0cE53d93B9237389f11764d4-1777575277609
2026-06-10 07:12:00,day,crypto,13,0x927f7694de44d19a72bce76254e628d1c141d215,3020.7714760001545,46086.816442,baloneigh
2026-06-10 07:12:00,day,crypto,14,0x7525bd866b25ebefa18b87d78b6cbd5f67f1fd3c,2553.7210759999953,40648.966434999995,Newsey
2026-06-10 07:12:00,day,crypto,15,0x4f62b4b1474412f3430c9ed9e55c354cddf52ce6,2205.8251158399507,11000.0,anllicopter
2026-06-10 07:12:00,day,crypto,16,0xf3ce251f9c4ae0f3940a9f32de5dd1a1d05b8bc6,2180.104378659875,179861.05,0xF3Ce251F9c4ae0f3940A9f32dE5Dd1A1d05B8Bc6-1778725794122
2026-06-10 07:12:00,day,crypto,17,0x424eb20fcd25113e3b98f42522a54580350b263b,1945.1611887355684,57680.791672,0x424eb20Fcd25113e3b98f42522A54580350b263b-1774330621025
2026-06-10 07:12:00,day,crypto,18,0xd76930596edbb8c784dcc48f52140875bcd4f90c,1909.5465134619153,4707.244437,dodca
2026-06-10 07:12:00,day,crypto,19,0x2053b3b7f9b18794463df812dcf9ff95b6b19520,1767.183802,3534.0,cankui
2026-06-10 07:12:00,day,crypto,20,0x955a35fe5a1823e3265468375e46851d90b43cd3,1750.9677897959991,0.0,LZ.01
2026-06-10 07:12:00,day,crypto,21,0x6854b69d025c423c685a159eace808581e7ffd92,1749.0999994199997,3429.607842,SelinaNovak
2026-06-10 07:12:00,day,crypto,22,0x010f63f0cccbfd40e8ebb38f5c3591f2778dcdb8,1745.99,3491.98,luomu
2026-06-10 07:12:00,day,crypto,23,0x76eca4109d0dfe8649d5e3861dfccac67ae7d630,1735.4605847969306,415.51724,hqb.prediction
2026-06-10 07:12:00,day,crypto,24,0xce25e214d5cfe4f459cf67f08df581885aae7fdc,1703.9108825689764,85387.319134,0xcE25E214D5cfE4f459cf67F08DF581885AAE7Fdc-1777575398144
2026-06-10 07:12:00,day,crypto,25,0xfe92a992fad39c03cdeea05bc5a3d7460506f15f,1683.5,3367.0,LeoFitzgerald
2026-06-10 07:12:00,day,crypto,26,0x74a2b82f079e12bcc25cd0d479f17979fb62e32f,1672.3415371882002,37910.295608,PBot-3
2026-06-10 07:12:00,day,crypto,27,0x575b2fba39882d7258273de79b0cd2b9ad1d8e6f,1643.4236900000137,3496.6461520000003,0x575b2FbA39882D7258273De79B0Cd2B9ad1d8E6f-1776781945633
2026-06-10 07:12:00,day,crypto,28,0xd34bc60294541d8cc2a68be4a69845f42707672c,1562.0184909821553,28120.975089000003,mofi0091
2026-06-10 07:12:00,day,crypto,29,0x15e6ddfd2fa2e656e64e6fab9b04866618f83c2b,1560.970504980001,0.0,Bitcoinchadwins
2026-06-10 07:12:00,day,crypto,30,0xc487a65e48552b964a46df520eed1029aec8b127,1403.5803159999923,4419.58,KyeZX
2026-06-10 07:12:00,day,crypto,31,0x1629505a8ae58b5ce86b8323a94d1704554ab0ec,1398.088875435562,11129.537310000002,tarasnipesho
2026-06-10 07:12:00,day,crypto,32,0x19cd345dcd11a9f1aedb29fc45577d8d57a0af9a,1360.7282868643088,66938.428937,aabbaabb
2026-06-10 07:12:00,day,crypto,33,0x61313791c42f09ea053acc9eea9aaa6e7300fd16,1355.90092059999,0.0,emreus
2026-06-10 07:12:00,day,crypto,34,0x48ea6b561bdef5c384f83b1e05fde6b7af973e30,1343.0533902781608,110670.359975,plytrader4life
2026-06-10 07:12:00,day,crypto,35,0x2c790222dc60b088fcd93341d62b8989827842ae,1323.686865193361,19838.942881,divshah11
2026-06-10 07:12:00,day,crypto,36,0x7e61c2b04819812be170ee9f5c39377e68385b5d,1311.5638700000018,5165.991910999999,new88888
2026-06-10 07:12:00,day,crypto,37,0x251c1a283703beed41590b0875a8dcb8ddd1541f,1309.7468040001768,59759.99,0xAAAAA
2026-06-10 07:12:00,day,crypto,38,0xdf7930e89a2c47560165331863c31deca0733dcd,1230.492948071682,109806.593143,std0
2026-06-10 07:12:00,day,crypto,39,0x6916cc00aa1c3e75ecf4081df7cae7d2f3592fd4,1215.953395457298,13668.689731999999,x6916Cc00AA1c3e75ECf4081DF7caE7D2f3592fd4
2026-06-10 07:12:00,day,crypto,40,0xd4f4923158e5e6616880f846010c135002faa781,1204.5414443570025,0.0,GrandMaXx95
2026-06-10 07:12:00,day,crypto,41,0xa6657ab4eb9d92c8bbfb1d1d52ce7205e4ca01e3,1171.9671705901128,11383.68548,MikeAddon
2026-06-10 07:12:00,day,crypto,42,0x00e020a8978a2658ae50f71241b0f170e8672fc7,1167.76629817806,22034.291334999998,Orvex777
2026-06-10 07:12:00,day,crypto,43,0x0be5439e059468843063e7eb76ada869a249cf29,1147.8485537049928,3499.9844379999995,0x0BE5439E059468843063e7EB76Ada869A249cF29-1773735097041
2026-06-10 07:12:00,day,crypto,44,0xba679ab701e6162cc2c932b8b498124f47394727,1124.536114458053,41757.77655800001,0xba679aB701E6162CC2C932b8B498124F47394727-1774328661530
2026-06-10 07:12:00,day,crypto,45,0x9bfbb4565e7cd5aa50c17e46aadc4c049ac3dc47,1119.746139999996,28003.733699999997,
2026-06-10 07:12:00,day,crypto,46,0xee55214ee3a9ee22a404663c76ca832577df7b04,1119.483232309256,104948.10988100001,sixx7
2026-06-10 07:12:00,day,crypto,47,0x5204cc05829c4e50444ee52c7f94386901bd23c2,1086.215864921527,14305.957709999999,nndrekop
2026-06-10 07:12:00,day,crypto,48,0xfae44fb0282b878476a48d9287dcee15717c299f,1049.9990994149994,9999.991423,0xfaE44fB0282b878476a48D9287DCEE15717c299F-1767093192097
2026-06-10 07:12:00,day,crypto,49,0xbdcc4f351daad6606decdbec5e30345ce4650558,1040.7152692889886,7343.542421,0xbDCC4f351daaD6606DecdBeC5E30345cE4650558-1772344989168
2026-06-10 07:12:00,day,crypto,50,0x2e9b93fa3f55a771f05f886db6782e67608f2171,1017.2877835479667,92206.55109699999,michael2002
2026-06-10 07:12:00,day,crypto,51,0x60bf59e257dd9bc9c6a5d0d0fd7881d76aee15aa,1005.1544067999967,0.0,sssxx
2026-06-10 07:12:00,day,crypto,52,0xd9013df863c1ba932780857b020dfdeacedf8e14,982.7001521714847,59632.54025900001,0xd9013df863C1Ba932780857B020DFdEAcedf8E14-1774337630675
2026-06-10 07:12:00,day,crypto,53,0x0c7c5204404e9d5402d258fedac59c7212bae4cb,982.5356238475215,22659.118806000002,OhioRiskManagement
2026-06-10 07:12:00,day,crypto,54,0xe00071d887887b81f643e14e8d07221eb4ed61b7,961.5999999999995,0.0,777Sasomann
2026-06-10 07:12:00,day,crypto,55,0x73d3ba24ca6ef8b2cdabd754afb97cbb1c9a4368,956.141563617056,5606.189226000001,Youthy
2026-06-10 07:12:00,day,crypto,56,0xd22c92099b4947ac70d8cb47e5c77ffc9f27efdf,953.4352523216585,49955.052172,tuuutaaaaata4
2026-06-10 07:12:00,day,crypto,57,0x0340fcffce4d0d00670212d44f364535e6e56907,913.359318120014,0.0,0x0340FcFfce4d0d00670212d44F364535E6E56907-1764744261318
2026-06-10 07:12:00,day,crypto,58,0x885278f0e304bc2d53f805af2ab779cb6011c569,896.8885830417858,31051.722011,gabigol
2026-06-10 07:12:00,day,crypto,59,0xbf337426aa856996b8bb79b238345dd1a0276bf7,890.9278722993331,79590.37303299998,nagi777
2026-06-10 07:12:00,day,crypto,60,0xd76050f456aa9e28fa6b60fe94a6dbb746a1f7f5,871.6714205831377,12334.268176000001,patrickgohkm
2026-06-10 07:12:00,day,crypto,61,0x7f4aac477bd773bc0d8c37a9f42499411aa6afd7,864.7544723340741,10304.791818,urloss
2026-06-10 07:12:00,day,crypto,62,0x4a88e2b999a66cb490258b8c5d4d01ae979a3028,860.6920500000006,0.0,0x4a88E2B999A66cB490258B8C5D4D01Ae979a3028-1779246402598
2026-06-10 07:12:00,day,crypto,63,0xa5fda0340959e67ef9de8bc5caf1c502c6f736d1,858.8890947660816,8660.607216999999,88blitzcrank
2026-06-10 07:12:00,day,crypto,64,0xf7cdb2feff6908fc40e9994622b00868fc140888,851.443207,1851.4424549999999,joeknight
2026-06-10 07:12:00,day,crypto,65,0x070541386a9533e21eab164ffe772e529f91a86f,847.4047641286379,79580.827745,m4d-sc13nt1st
2026-06-10 07:12:00,day,crypto,66,0x16bc7faccdb6dedd07d47333a6f06fef635dd23a,841.718201413496,81584.89501500002,screenSaver
2026-06-10 07:12:00,day,crypto,67,0x7c07dc57ffbdd38d5060fd6f9b8da36919555214,829.0416059999952,0.0,DaddyBets7
2026-06-10 07:12:00,day,crypto,68,0x16d940bb8e255d3e7dde6e2e4a339554670ff905,826.4115556380129,53299.00575899999,addictedtolosing2
2026-06-10 07:12:00,day,crypto,69,0x6f398b378fd614e2c4c4e3f710d39707ef195030,795.7783846003131,36694.63912800001,Junkman999
2026-06-10 07:12:00,day,crypto,70,0xf39458925377b702db755e920f2f9a904749ad79,789.8440470760002,0.0,honorh1691
2026-06-10 07:12:00,day,crypto,71,0x277e6718cdf00f4f887d17589895ae031a337d32,785.5275141306811,1277.167405,aiwar
2026-06-10 07:12:00,day,crypto,72,0xb8cdf398380a94819986634529c6d165fb4d694f,780.0010670123506,2870.847157,0xb8Cdf398380a94819986634529C6D165FB4d694F-1771002232822
2026-06-10 07:12:00,day,crypto,73,0xc39fe8777730013c906a0c216fb4cb0eb00ceea8,775.7001218776154,40185.831992,ejrejrkj
2026-06-10 07:12:00,day,crypto,74,0x8b4bca1d794779e66e023d44391b2a86c5ab541b,757.5664526055043,0.0,0x8B4bcA1D794779E66e023D44391B2A86C5ab541B-1769764313952
2026-06-10 07:12:00,day,crypto,75,0x0ced027fda6b8fc9a2e68e7513e168f4ec145452,742.0578332700017,0.0,Domsb
2026-06-10 07:12:00,day,crypto,76,0x57e4bd0fa030e6a6fdde7ee0b58aa497b4f6835e,723.0926119845026,991.9,imjustalarp
2026-06-10 07:12:00,day,crypto,77,0x7c462452ce01b1df54f0558a46e0ccf16527ddac,715.1445014420024,0.0,z181
2026-06-10 07:12:00,day,crypto,78,0x44ab68a9e1272216005366a9a955e5320d28bef3,708.0375011105957,42747.067546,jaicobioas
2026-06-10 07:12:00,day,crypto,79,0x7e5d2991c2647de2348287e2f499329fc6a6c4c3,705.3384444867988,66100.396167,aswfadq1555
2026-06-10 07:12:00,day,crypto,80,0x33f0b9b0e3fb9a4271441dc9d4780ef85a8a433a,670.5159958000004,0.0,Bailu2026
2026-06-10 07:12:00,day,crypto,81,0xca7508b30c2124e127ee09969b6a0aaf9bf7dcc7,668.6911164609373,52790.479178,chanE5
2026-06-10 07:12:00,day,crypto,82,0xd6e8b068b1213e199b61f54eec1ac2793615a959,666.8264158550019,0.0,vitaliy007
2026-06-10 07:12:00,day,crypto,83,0xc39319fc46cb229eeacf3763cce5977766b3b18f,666.076618000001,16958.09,
2026-06-10 07:12:00,day,crypto,84,0x30e443872ddf63b2908a49f92cd690c304a55102,660.7279983135159,0.0,truthteller
2026-06-10 07:12:00,day,crypto,85,0xfcdfb33afbc0fcef6ab4a2ac032cb3f8a59456c9,654.4941316359946,0.0,todeschini
2026-06-10 07:12:00,day,crypto,86,0x0d50d8b4407447eadb428fe20e48deaa84d8aec0,636.8763746600016,0.0,0x0D50d8b4407447eAdb428fE20E48dEaa84D8AeC0-1778592192986
2026-06-10 07:12:00,day,crypto,87,0xa3e0985f2d0b3209a52f171660287863690d095d,634.7741303638031,5354.36625,nobebot
2026-06-10 07:12:00,day,crypto,88,0x26232e185266227752eebfcad7c42e1b179d3cd2,631.8986663019241,502.722221,dibu2
2026-06-10 07:12:00,day,crypto,89,0xfcdc071df7080c214196bb0b3b751e5417f9d8e3,624.634960396419,54443.627813000014,neversmiling
2026-06-10 07:12:00,day,crypto,90,0x09705c0b0a5a7359f5c94688687fc73447e65ae4,624.3478943516238,603.224834,Occult
2026-06-10 07:12:00,day,crypto,91,0xb8aae8b5d7bdde6161ca371ad72c457ccb97a3c7,612.3060657436872,5446.716646,yaoying413
2026-06-10 07:12:00,day,crypto,92,0x48ac40fc545cf327edd5365435c3a9f385614a7e,609.0474914701044,55297.178384,0x48AC40Fc545CF327eDD5365435c3a9f385614a7e-1774337184189
2026-06-10 07:12:00,day,crypto,93,0xfea31bc088000ff909be1dfd8d0e3f2c7ef2d227,603.5583128340222,194279.91,ndb1
2026-06-10 07:12:00,day,crypto,94,0x784d6cfe6471a740f32d626eaf281234f841d27d,602.6868536430011,0.0,HomerSimpson69
2026-06-10 07:12:00,day,crypto,95,0x82311cdedaa7ee25d4672b0e3a3ee0dd0cd2c02e,600.401696108117,26936.732143999998,fasoni
2026-06-10 07:12:00,day,crypto,96,0x156dccb6aef58d3093238511205a0e9ff7f5e025,586.4879856280013,0.0,s4snowfall
2026-06-10 07:12:00,day,crypto,97,0xeee92f1cc6d6e0ad0b4ffda20b01cf3678e27ecb,581.9201202388504,52686.43365200001,ComTruise
2026-06-10 07:12:00,day,crypto,98,0x8718865882e085b764825b637788043c16185040,580.1500209999999,2080.147957,hurrican
2026-06-10 07:12:00,day,crypto,99,0x41ae14d1d09653b962975f6275bfc639395b51e0,572.846318720001,0.0,ma151a
2026-06-10 07:12:00,day,crypto,100,0x8e91643b94b5a41564d9a7a302bc7c576f463335,572.8151778127103,8545.782665,phantasys
2026-06-10 07:12:00,day,finance,1,0xe734e7bf7cfb9e464681f71822f6c2f6be514f0c,7746.433413496619,21956.117243,boyau
2026-06-10 07:12:00,day,finance,2,0x27b0dceebc77ebc59573b818144743b9f1a2209b,6899.999849924992,0.0,yuahldj
2026-06-10 07:12:00,day,finance,3,0xdc4f08727c65afc4731b75cf1ed265666b7b4652,6890.902975122997,0.0,third-eye
2026-06-10 07:12:00,day,finance,4,0xac0a9aad817df58f1f37dad0ca0352e1c00cf89e,5506.588155322815,78842.98341,Brunoruno
2026-06-10 07:12:00,day,finance,5,0x6ac0caf622798132614a5972f81d86ff23fc55f3,3463.280197510004,0.0,LeRoiSoleil
2026-06-10 07:12:00,day,finance,6,0x91583ceb1ebec79951a068e1d7d02c1ea590fa7b,3322.4251190999994,0.0,GlobalizeTheHorchata
2026-06-10 07:12:00,day,finance,7,0x4310af9b5962303768de4f432d06e8ea3d2c37e1,3237.6402241100027,74459.54000000001,aoidwa
2026-06-10 07:12:00,day,finance,8,0xf02008dd334fe83c8dad61dd9a54776d7fb03212,2826.8087264150017,0.0,threeblindmics
2026-06-10 07:12:00,day,finance,9,0x714b8a6e115fe36061a2b5922964b654b82a6c2f,2554.457172261,0.0,benj002
2026-06-10 07:12:00,day,finance,10,0x7789c218a7641a0c5b495067082b2c9ace2aa2ce,2240.273224205498,0.0,yourQuantGuy
2026-06-10 07:12:00,day,finance,11,0xf66f1f8f742b301e03eed9480956373a6ef98e0c,2132.2759039310567,6837.979986,ronm238
2026-06-10 07:12:00,day,finance,12,0x5a218c7ad04135830a45c41aaed7294df7809318,1955.081705361008,23088.983959999998,balthazar
2026-06-10 07:12:00,day,finance,13,0x376441d19f56d43629d3872324dc2e648e13c5eb,1844.9638902750003,0.0,m3t64 - 815
2026-06-10 07:12:00,day,finance,14,0xfe032d6324fd345a5c0569424a0207349964f14f,1751.9258943102823,3887.5,KKchallenge
2026-06-10 07:12:00,day,finance,15,0xa540e7ff75ef4bf7ebc6c793cbabe87cee970b43,1676.2407802447233,16641.476061999998,pennedreadful
2026-06-10 07:12:00,day,finance,16,0xe89ea370d21cfe36a27c4236f348a884c36b0600,1515.62440526,0.0,0xe89EA370d21CfE36a27C4236f348A884C36b0600-1769549080364
2026-06-10 07:12:00,day,finance,17,0x70798a8b07483242d768acd1bd1fa26b4648155d,1445.6056691365009,0.0,0x70798a8B07483242D768AcD1bD1FA26b4648155d-1779753819683
2026-06-10 07:12:00,day,finance,18,0x03805a13a0b3e058f55f6c6af95389d4f431073d,1424.401985796816,35436.03571300003,donthackme
2026-06-10 07:12:00,day,finance,19,0x57e4bd0fa030e6a6fdde7ee0b58aa497b4f6835e,1416.042108965834,3874.6803,imjustalarp
2026-06-10 07:12:00,day,finance,20,0xa58d4f278d7953cd38eeb929f7e242bfc7c0b9b8,1273.000206768931,7172.62672,AiBird
2026-06-10 07:12:00,day,finance,21,0x93511d72d294f1478739bc38f578bf0306fd9e4d,1258.7407442185663,12323.259999999998,Dafu0715
2026-06-10 07:12:00,day,finance,22,0xf797d4d1c038d1eb0593edae0e66bf8e4b2e0bf2,1256.2319820444973,50.0,DerDon
2026-06-10 07:12:00,day,finance,23,0xb10047d6a254b2ebb306d7a7d13bf59171ab6461,1220.9079442030197,0.0,Parz1vaI
2026-06-10 07:12:00,day,finance,24,0x9dfe2f73d3c988a9d69df8fa0beb85651340b3dd,1190.3289668687285,442.327393,Moond
2026-06-10 07:12:00,day,finance,25,0x997830a202fff4c8812ef119cb41f283e8f0a49e,1156.04945392,0.0,gjhb
2026-06-10 07:12:00,day,finance,26,0x455b892fec081a27740394dd6444b838f32759f2,1142.7605227339955,0.0,lovesunyang
2026-06-10 07:12:00,day,finance,27,0x777fae71d2ff9ec48a1213d48ba1d9d91024a1bb,1134.2479734600056,0.0,Albert 1953
2026-06-10 07:12:00,day,finance,28,0x59c66e05ccc9a233f18e2a10bff05a947c9b8332,1126.8259451344998,0.0,Nanqiaoz
2026-06-10 07:12:00,day,finance,29,0xa80e3fe5e7a445fa047fe6de1e27f9a15217b94b,1126.3313252149965,0.0,bin8888
2026-06-10 07:12:00,day,finance,30,0xf566870ca3c50e5863275364fa6d764f8e8f1386,1099.0565254000007,0.0,PropheticFire
2026-06-10 07:12:00,day,finance,31,0x969fae0a3a93778adc42178f72c612ed8c4e4d55,1064.8068200428388,0.0,superstonksbro
2026-06-10 07:12:00,day,finance,32,0xdf5c03d17f3da1042215ab9d0e8e86f7aad1bf77,1036.0220073600015,0.0,HBCM
2026-06-10 07:12:00,day,finance,33,0x46a121e4df5fdd6cf042a4ede1e90672583e2736,1008.1269949371808,994.5842439999999,0x46a121E4DF5FdD6CF042A4EDe1E90672583E2736
2026-06-10 07:12:00,day,finance,34,0xe7bd61ac59883bd4abda5c63865430452ecfebce,974.5420082500041,676.86,XuRi888
2026-06-10 07:12:00,day,finance,35,0xae89da6594bb0d421c8d807d74e213f8729e90b8,974.0492571968753,2011.859406,Ume-Chang
2026-06-10 07:12:00,day,finance,36,0xa0dd0519b051ee920637e26147b7676fed591b9b,973.7187448010127,0.0,Sixsevensix
2026-06-10 07:12:00,day,finance,37,0x52e3ddefd4d851adf4c181bfe496dd99d66782d2,971.4056415599953,0.0,0x52e3dDefd4D851aDF4c181bFe496dD99d66782D2-1774177146439
2026-06-10 07:12:00,day,finance,38,0x5011224f4848cb2cf2d87cf2b823551dfd0e220e,948.6683476227236,3862.539897,GCNO1
2026-06-10 07:12:00,day,finance,39,0x5188fa0e8a77e87bc6a58e6781fdfc4e165cc804,907.1624753769993,0.0,AllByMyseIf
2026-06-10 07:12:00,day,finance,40,0x64d9c4c9994321dc660efe7ddbf457c49f7846e6,906.0955884659975,0.0,Pokemon001
2026-06-10 07:12:00,day,finance,41,0xcb59ea1babf3b26ea50088057e427ab0ed8f0a22,884.0242600689999,100.0,BeneGesseritVoice
2026-06-10 07:12:00,day,finance,42,0x40604cb1f958c03bea0b18aa43e4cb0d62f33ec3,879.3990644099104,35635.834136,C03B
2026-06-10 07:12:00,day,finance,43,0xed107a85a4585a381e48c7f7ca4144909e7dd2e5,879.2103603591295,2320.93,elmcap2
2026-06-10 07:12:00,day,finance,44,0x066a7727f53124db18aa963f900bb95b36f7550d,846.5331204810723,6947.49,LeftieFTW
2026-06-10 07:12:00,day,finance,45,0x72a0d79b4325638bc2bcfc9a2b8a380c2d81c059,820.0697104599531,6849.990226,
2026-06-10 07:12:00,day,finance,46,0x206191d01c411a5b346d11a2df2d463a356b8ec9,783.9070130060013,0.0,rebotsliaf
2026-06-10 07:12:00,day,finance,47,0x6ffdf781b9fabc368137c1d835644f12b9a6a637,771.3994375785405,3325.17,ng6000
2026-06-10 07:12:00,day,finance,48,0xc0402e527a464e782bca96f802c77e5db8d8beac,760.699974539999,6686.18,xopierhljkh
2026-06-10 07:12:00,day,finance,49,0x53c48faa2373f597b693567f79c3782c6ce7740b,741.9819910009246,43222.70476,uma003
2026-06-10 07:12:00,day,finance,50,0x7bc14171ccb0d3e6bac219ec6a76211826e28db4,736.0296849119992,3923.2365839999998,coali10
2026-06-10 07:12:00,day,finance,51,0x96807f0433e8a9a633c9f9180a425ac2afdc0263,712.9511123700004,0.0,1776008989131
2026-06-10 07:12:00,day,finance,52,0xe7fe17248aab26ed24935921fb81bf0a452624e5,656.25204191,8.75,Banditoxaxa
2026-06-10 07:12:00,day,finance,53,0x1d17c01ecafd2affdc40b96827baea078770f3ad,596.9243611400004,712.0,0x1D17C01ECaFD2affDc40b96827BAeA078770F3ad-1759371458643
2026-06-10 07:12:00,day,finance,54,0x4388640a35b4ecebc33f8c73b58a2b988c615050,592.1950189076779,6112.027357000001,Started-with-20-USD
2026-06-10 07:12:00,day,finance,55,0xf284ad6d607f777f34bc643cea587c33a886b9f9,584.3132799835012,5588.139999999999,strike123
2026-06-10 07:12:00,day,finance,56,0xc7d02944a76b9f83b199e9090ecc92c82d241f8a,578.2792805269992,587.13,0xc7D02944A76B9F83B199e9090ECC92C82d241F8a-1776944395495
2026-06-10 07:12:00,day,finance,57,0x2d01ee03a9b2f99b97eabc87a7a0aefc86a827cb,571.3205,0.0,Theonethegoat
2026-06-10 07:12:00,day,finance,58,0x1018fa33923d8b0f4b0f8a0822ee045d46027264,553.713075548023,4414.6527989999995,EgoVolae
2026-06-10 07:12:00,day,finance,59,0x4a2be7a7e6e3b41dc2de00706b4c09660ca9af20,550.6051634775067,0.0,troim
2026-06-10 07:12:00,day,finance,60,0x137b83b0e83f74d31125649ec9e57507db0644e8,521.4060653520003,0.0,JaneStreet
2026-06-10 07:12:00,day,finance,61,0xa022ba0a68e11a78348382ff168601012d4d77f8,513.8208970295018,0.0,yungstalin
2026-06-10 07:12:00,day,finance,62,0xb0d62e7959377b18fd63b772c74147724e0e7475,501.5668029278795,3214.141427,0xb0D62E7959377B18Fd63b772C74147724E0E7475-5683829969984
2026-06-10 07:12:00,day,finance,63,0x564f22744b7941ade18d5e0e4f347c30e3057026,487.9942874682565,1632.563335,molodoyy
2026-06-10 07:12:00,day,finance,64,0xe617861a96631d7cefdb1ad43e95c33b5946f251,479.06826821809955,0.0,
2026-06-10 07:12:00,day,finance,65,0x8f0dffbd58c2821dacaa47ee5768b90890e6db1d,469.9958848229998,0.0,geuse
2026-06-10 07:12:00,day,finance,66,0x9e88f359b9803e41420fbb13385c5ae1765c301c,457.5128696527463,5933.96,apofett
2026-06-10 07:12:00,day,finance,67,0x439252e3d8e1a7bd1495f77dcf53af5d08ef68c3,450.58401042000037,0.0,OPTIONSKING
2026-06-10 07:12:00,day,finance,68,0xc7b84afab9e144a258b98a1cb45e05df7aab0d21,450.0250911994226,3809.99,0xC7b84aFAB9e144A258b98a1cb45e05df7AAb0d21-1775840428414
2026-06-10 07:12:00,day,finance,69,0x87d37647c5498a3305d52a6550e0163d03b90e8b,447.6201996025002,0.0,DecoAlex
2026-06-10 07:12:00,day,finance,70,0x630519aed8ebc5e0e08a95f4e83b0ae541c09d0b,445.52037747000014,0.0,tomsir
2026-06-10 07:12:00,day,finance,71,0x58aa47a2e3e0396f8c09259d87990db12e56a481,434.88403595000074,2947.36842,berboche
2026-06-10 07:12:00,day,finance,72,0x134b1d01718befadff282b06be73f40c5860fd51,431.6344436189967,0.0,pnhoptions
2026-06-10 07:12:00,day,finance,73,0xfaf98181c44636998a194aa7660bcae1b977f4c4,422.9997564265004,0.0,onekey02
2026-06-10 07:12:00,day,finance,74,0x0826042fb1f3f5ff4325ed7237ebc87468070b32,414.75297954999405,0.0,deltasniper
2026-06-10 07:12:00,day,finance,75,0x22e4248bdb066f65c9f11cd66cdd3719a28eef1c,393.4372977469902,580.06,ProfessionalPunter
2026-06-10 07:12:00,day,finance,76,0xf1899a30a2c016941bf4abd77b900ecacd768e47,381.35910726436214,4123.65,Alicia
2026-06-10 07:12:00,day,finance,77,0x9f92355417d3001149a03e1cdcfecef40d482c2d,371.9818596379996,3633.54,Ttooot
2026-06-10 07:12:00,day,finance,78,0x657bbe664d7b565baf4a4d6aff19e4cac14e3992,362.4372788999972,0.0,doe.john
2026-06-10 07:12:00,day,finance,79,0x09c02e58f79dc2fc1e42c7c14d43e4a142326f73,361.2150025660012,0.0,klinxiowl
2026-06-10 07:12:00,day,finance,80,0x6bab66c4bb24c96ed14dcca0f0979b38a6830fe5,359.83703596919077,4440.805155,0x6bAB66c4BB24c96Ed14dccA0f0979B38a6830FE5-1760703674960
2026-06-10 07:12:00,day,finance,81,0xbad26fe5458e6219cec3e40272760e275e835296,352.3233471889123,6922.91,cocococococo
2026-06-10 07:12:00,day,finance,82,0x2e3caae0d6a274d1894ed4e48047f99bc27abbd8,351.477566761499,489.91999999999996,GrishaYeagerr
2026-06-10 07:12:00,day,finance,83,0xbd1e797b994da35eab1ae9c53a9933ca554f8d24,351.0184877350001,26.725,0xgnaht95
2026-06-10 07:12:00,day,finance,84,0xc6ba0edbde8d0de978b5bdae76006b2883abc0ee,346.4192849999995,0.0,kulipa
2026-06-10 07:12:00,day,finance,85,0x48185887c8dc95de60ee89722f1d0ee7894cbf0b,327.1505474709993,0.0,Liquidifier
2026-06-10 07:12:00,day,finance,86,0xd1a414051dc93c7ccb52d11d98a151bac3c08178,320.0,0.0,0xd1a414051DC93C7Ccb52d11D98A151BAc3c08178-1760363946347
2026-06-10 07:12:00,day,finance,87,0xbec7f8efc3724484c5d27271e6feb9924c515977,317.6799178795859,44006.04,minionguy
2026-06-10 07:12:00,day,finance,88,0x4e25605fd905e9972efc0f4d8814530c655cd7a7,317.49577467497147,0.0,
2026-06-10 07:12:00,day,finance,89,0x0f3433d8b7596000bf1046aa822308d93cf67684,316.81141612399915,41.0,
2026-06-10 07:12:00,day,finance,90,0x1f3cf5ae7d9dfdea8696b3e4e5af4584edc3670d,315.5789208000024,0.0,IAMNOTLOVER
2026-06-10 07:12:00,day,finance,91,0x25dcf4635fe93082e0849fbbf81c95680cf5e33b,314.190440234001,0.0,XieGuangKun
2026-06-10 07:12:00,day,finance,92,0xbf5dfa33f94e80f7649fa94a81ab8465d65c6e7d,312.1642770200019,0.0,0xBF5DFa33F94e80F7649FA94a81Ab8465d65C6e7D-1765458383511
2026-06-10 07:12:00,day,finance,93,0xe1b361d6a6f237b9ed7534d19b232df8369e1426,303.0263265094982,0.0,tja
2026-06-10 07:12:00,day,finance,94,0xb6b4a6842d7ab57abf67b270247ca61e62696709,302.65121112663184,2222.0,Gausslois
2026-06-10 07:12:00,day,finance,95,0x72f13795baf0bfc6714c3566fdf03ff95611595e,295.2269099999994,0.0,pmwinner
2026-06-10 07:12:00,day,finance,96,0xa4f8cc77a7939d8f863bea695247f12fdb250361,285.9077000000002,0.0,6stack
2026-06-10 07:12:00,day,finance,97,0xb8e4a4551d2c6b080ae5a523ff1f0cae8e922dae,279.0292553830004,0.0,Kalags
2026-06-10 07:12:00,day,finance,98,0x9aea85d0b70bff6cb980cbb22d2e70b141e6b686,277.58269838399974,1499.99,POLO
2026-06-10 07:12:00,day,finance,99,0x17559efac103ac7f361be37ec0b93888d4c55aac,270.61180385563057,0.0,CamelUp
2026-06-10 07:12:00,day,finance,100,0x1b50896415336870148cac98d078e88f93ca87fb,270.1906212899999,1200.0,sweetpea
2026-06-10 07:12:00,day,culture,1,0xfa21179f2cef2f61cb78e8340ae62b17f9271438,3130.602413194487,0.0,BABELCONSTEL
2026-06-10 07:12:00,day,culture,2,0x57589834485ca671527f9bfa0beeb76287dbe2d8,895.8780270749996,0.0,0x57589834485Ca671527F9BFA0BEeb76287dBE2D8-1770821781923
2026-06-10 07:12:00,day,culture,3,0xc33d6aa3eb972639f31e46a6a02201cece380d40,883.3838112420783,638.186665,penguinec
2026-06-10 07:12:00,day,culture,4,0xed107a85a4585a381e48c7f7ca4144909e7dd2e5,815.0936636200058,0.0,elmcap2
2026-06-10 07:12:00,day,culture,5,0x04a2a7075963c86990e246e73e50f8023b79e16c,709.2981832244004,3690.066171,gordontradedc
2026-06-10 07:12:00,day,culture,6,0xc4d5a24a240ec9f52669e3251e0473fd0c5687cf,632.6307953998039,33627.272882,bipbipbop
2026-06-10 07:12:00,day,culture,7,0x12ed45d2b45259d27a7fb593e564cd269c4fc9b4,625.9375390707864,4329.486197,sazzaa
2026-06-10 07:12:00,day,culture,8,0xa49b6ea0a604c581f2a9569db42c192b1c487054,605.5551250114077,5878.569455999999,387411007415611814092217897387
2026-06-10 07:12:00,day,culture,9,0x913f5f691ce0a947cf60cd573cbdc7c66d8ec676,590.5420624729977,1332.1073900000001,0x913f5F691Ce0a947CF60cD573CBdC7C66d8eC676-1774844074915
2026-06-10 07:12:00,day,culture,10,0x1057e7d3ddafc60a4aeb10a2bc5b543792449ea5,588.928469559994,0.0,Macks22
2026-06-10 07:12:00,day,culture,11,0x98e93d99fb73560f3203c78d6f9829ecc0e3ed64,563.5486604419984,0.0,0x98E93D99FB73560F3203c78D6f9829EcC0e3Ed64-1769197767579
2026-06-10 07:12:00,day,culture,12,0x77c812f7735ad07e3ce58fd466a0e1b4346bbc8c,550.810287323533,0.0,dudukos
2026-06-10 07:12:00,day,culture,13,0x6d3fa0200fec1dbcf4dd7e4408aa1e53779ca942,416.7218399150079,0.0,stauffen
2026-06-10 07:12:00,day,culture,14,0x5a218c7ad04135830a45c41aaed7294df7809318,391.0796430713672,6439.328203,balthazar
2026-06-10 07:12:00,day,culture,15,0xf2f2703d83938e05cba23c819891845d26f01762,305.75795499999913,0.0,SmolDog
2026-06-10 07:12:00,day,culture,16,0x67418154c26835533faee63366f9556fc79b9f3f,297.4104843750001,0.0,Secondino23
2026-06-10 07:12:00,day,culture,17,0x36901eb0f21519cc9055662a6d2483e96da1e16f,286.4676944934836,0.0,melchior1248
2026-06-10 07:12:00,day,culture,18,0xe904443b4084bbda216e344353a44cd4324a2d9f,277.0625659824982,0.0,shovelingdigging
2026-06-10 07:12:00,day,culture,19,0x35f3f632e298b77df6acd316687169d15be3cfd0,253.9313298600282,0.0,RickRockRick
2026-06-10 07:12:00,day,culture,20,0x1e3bc72271435f46effb75353403936ab664e3ba,223.35016082100117,0.0,froku
2026-06-10 07:12:00,day,culture,21,0x392b5abcb6514e56f04d166b9cb535082ba9352a,218.21917044129802,46470.977107,0x392b5AbCb6514E56F04d166b9Cb535082BA9352a-1778103841807
2026-06-10 07:12:00,day,culture,22,0x2ef2887692386bebad6ef3df9fd3d0e223047f72,215.09548070000892,28099.432138999997,T11Faker
2026-06-10 07:12:00,day,culture,23,0xaf4635074c8f9966ff44f2497183b53fc0578c1d,204.93166382002528,26628.8,vamnizar
2026-06-10 07:12:00,day,culture,24,0xf1d8c6a00a29a9c1c103a7186803e1482f298dd3,204.00480167500064,599.970385,LeipzigG
2026-06-10 07:12:00,day,culture,25,0xe639e41094bbeae18f3e6d1790c17299183f082a,200.15970999999809,0.0,0xe639e41094bbeae18g3e6d1790c17299183f082a
2026-06-10 07:12:00,day,culture,26,0x3c14d6729861ea0dd9a7cd246a79280a0ceca20a,198.96436378500005,0.0,KVBA7
2026-06-10 07:12:00,day,culture,27,0x5e39013a1d7c4b502ad2ea073d7e8a0469ca352c,197.87886111699913,0.0,0x5E39013a1d7C4B502ad2Ea073d7e8A0469cA352C-1765309578276
2026-06-10 07:12:00,day,culture,28,0xd143bd658ed547e924394ab37bd262a25872ddb8,186.79879739433102,0.0,
2026-06-10 07:12:00,day,culture,29,0xa234bdc751080ba6c4d2c7462523dbc27791f7eb,185.50053946000014,309.22,calvinhobbes123
2026-06-10 07:12:00,day,culture,30,0x511f9c771449162349795d17becf8b37031acbe1,170.50964600948782,1228.741294,Bigggggggg
2026-06-10 07:12:00,day,culture,31,0xc3cf86ccbb1659b4cd413ba4fb4e6c4ce40c51d2,169.57310519692686,1290.5,amy888
2026-06-10 07:12:00,day,culture,32,0xc65fa568479fafe40c99d08d7de4379bc860a150,168.67499999999745,0.0,pemul1s
2026-06-10 07:12:00,day,culture,33,0xe0969a9ad466da69e034b271ef4e74ebd592be8e,164.82433602499754,199.91,MineYours
2026-06-10 07:12:00,day,culture,34,0x347cbdeb5b2fc5d2ba33c22c9129987cbf946b1f,164.64696351150178,0.0,Po1yBot-QI6GR4DKSp
2026-06-10 07:12:00,day,culture,35,0x790edabccf9d11e44221e946519346732990989b,161.9127828000003,0.0,DPjackman
2026-06-10 07:12:00,day,culture,36,0x41be7957f2daca0401b0214d198868595f945f38,156.24,0.0,0x41be7957f2daCa0401b0214D198868595f945f38-1770297261849
2026-06-10 07:12:00,day,culture,37,0xc23a33f1ee629e89023571ffd2ce50ac02753e2b,143.4486843010004,0.0,Kairos1992
2026-06-10 07:12:00,day,culture,38,0x1ecde856e5b737b3112fb486ba1ab83e54539b27,138.26523325500006,0.0,0x1eCDe856e5B737b3112fb486ba1ab83E54539B27-1780352342191
2026-06-10 07:12:00,day,culture,39,0x542aae10712e812bd71d792861ec5a570aa8a81b,132.59999999999854,0.0,Blind Chicken
2026-06-10 07:12:00,day,culture,40,0x5b119e853ab64576c82895e3e05161d52a7d2976,131.9916,0.0,0x5B119E853ab64576C82895e3e05161D52a7D2976-1771775589743
2026-06-10 07:12:00,day,culture,41,0x9acd8d2bcabc675ef46e23d9fbb2f328cdb1a3fe,129.8585738700002,54.99,smi1e
2026-06-10 07:12:00,day,culture,42,0x9b6fce29d890c77230ad4fdc2b85eae29d250e5f,125.24262687300006,0.0,AnnabelleNoir
2026-06-10 07:12:00,day,culture,43,0xde0463ea7f611b065e8ab06bbfbddad75e6dfa37,124.56897771896183,0.0,mwenya
2026-06-10 07:12:00,day,culture,44,0x863b6602f66c69c313ba0e498bd9318c37dd4f2c,123.57318540059305,2328.796662,
2026-06-10 07:12:00,day,culture,45,0x70d94a4ff67ed919a8480885cf0808afefe7a684,122.9081441602275,8898.956606,naiiiiii
2026-06-10 07:12:00,day,culture,46,0xb0ccfba29aaf3c20ce28cf97349c951ba589f09b,122.0269417327354,2232.1169720000003,EffyBig
2026-06-10 07:12:00,day,culture,47,0x28ca4e9a04531f2eac0c2770f95db4e1c6a65d19,121.61594928210616,1174.49875,DuneMentat
2026-06-10 07:12:00,day,culture,48,0xed35426be2a88e8d75a31aa4cfbf30ead42f7937,115.26271549200374,0.0,
2026-06-10 07:12:00,day,culture,49,0x7141bc5dc7db22c2d5b59a9134aecd5cded08345,108.78299999999945,0.0,FieryPhoenix
2026-06-10 07:12:00,day,culture,50,0x7e2f611b526e04ec85612af0800263552357febc,103.0369346562311,1393.833099,0000000000000000000000K
2026-06-10 07:12:00,day,culture,51,0x82882d761b0d7f18b2cc286117d10cd8a15a5519,100.50000126668874,0.0,Sugarina
2026-06-10 07:12:00,day,culture,52,0x9c660d56752ef267126a29b40d35031a8b2321eb,99.99999903800017,0.0,TomReadingANewspaper
2026-06-10 07:12:00,day,culture,53,0x029d371c5dcf595cd3fede8a5e52b03d0bec60df,99.62275242999988,0.0,SurferOfDreams
2026-06-10 07:12:00,day,culture,54,0x0cbaab2d3f6cc5998e78cc1969c6ee1f4d1392d3,94.29123706280951,514.68708,Anomymous
2026-06-10 07:12:00,day,culture,55,0x2a019dc0089ea8c6edbbafc8a7cc9ba77b4b6397,91.11204167797405,2000.0,aviato
2026-06-10 07:12:00,day,culture,56,0x6df5cbe7af8c40c16920fa2ca6502ae053ff6430,90.83354999998846,0.0,hypster1o
2026-06-10 07:12:00,day,culture,57,0x7871932c8db81c6ccdfabc181036db3800b72917,90.45826422000027,0.0,havetodoc
2026-06-10 07:12:00,day,culture,58,0x65abaac57a7095d7f88b073a26b5f8f2f4cb273d,89.23366134996968,0.0,Konium
2026-06-10 07:12:00,day,culture,59,0xd5bd718c644e67bf91dd48e9ddbb6ce12b4e2477,88.19235294099985,0.0,Quetta
2026-06-10 07:12:00,day,culture,60,0x47138dc1eef25f1ea91f3b2fda0e0f455c634d21,86.986978884,0.0,dsknadkasnkfjs
2026-06-10 07:12:00,day,culture,61,0xe089e5e74fb21bb106a7fffe1201f0bf82f4ad3a,86.35228477995594,3303.7400000000002,lox97
2026-06-10 07:12:00,day,culture,62,0x82cf2b31d18fca19830e216b98cffa5dbc6c0998,84.0,0.0,roundtripped
2026-06-10 07:12:00,day,culture,63,0x43372356634781eea88d61bbdd7824cdce958882,81.26374285948987,0.0,Anjun
2026-06-10 07:12:00,day,culture,64,0x2e62eddf5acffa59a97706de674348a2e600b22e,80.59807384299984,187.0,rocky42003
2026-06-10 07:12:00,day,culture,65,0x755d29a2e6b543d9463aca57d4d47f50c60b6acc,80.528518909166,175.714284,bobbet
2026-06-10 07:12:00,day,culture,66,0x724329314b7c741301fc42498774a4c705d28409,80.00939500000013,0.0,mk83
2026-06-10 07:12:00,day,culture,67,0xad96914d7762dac84ebbabafe366ae8ff24dd498,78.87912855999912,0.0,0xAD96914D7762DAC84EbBABAfE366AE8ff24Dd49
2026-06-10 07:12:00,day,culture,68,0x2856b2df73ab42bcb54e303cba1262ccaf291ecd,78.6715237961489,1127.561463,0x48D29bCd56e473daE28ae38A9922E3D11eD9Eb97-1777672575649
2026-06-10 07:12:00,day,culture,69,0x43d57bd7ab0ef255e00bfcb52ab1f62d543f2e11,78.47000000000003,0.0,swapbox
2026-06-10 07:12:00,day,culture,70,0x57d6862e9a0d025c88d55fe41577d5e9dfb840d0,78.15499999999997,0.0,0x57D6862e9a0d025c88d55Fe41577D5E9Dfb840D0-1771787156313
2026-06-10 07:12:00,day,culture,71,0x161266ecc74ef88b600c35d468a3ac4c01d47287,77.65091931000006,3925.04,zhau3
2026-06-10 07:12:00,day,culture,72,0xa0bca9bdd8540da95060ed1fafb78aa03835d428,76.49962208999932,0.0,Porx
2026-06-10 07:12:00,day,culture,73,0x014c4e7ae2145992861c2d1b124af633a97f820c,76.13266999999905,0.0,Hyperlong
2026-06-10 07:12:00,day,culture,74,0x9c6f0b98dc8e9b39749d6682dcd72b9025788b32,75.45820180000001,0.0,CashReviver
2026-06-10 07:12:00,day,culture,75,0x6f084a641012bb925f2f3c7f44a6fec5025e54d3,75.17673787600029,0.0,warptrading
2026-06-10 07:12:00,day,culture,76,0x038bca073c9aebb694028d70eec94116ed4bafc4,74.89423006499874,0.0,triple-purple
2026-06-10 07:12:00,day,culture,77,0xf4f88a1e25ff5dfae68326eb62049d6a1b7c5bf1,73.64463437453395,307.49999199999996,cosmicsteaks
2026-06-10 07:12:00,day,culture,78,0x6a8bbb938867a6e26aa58c5dbda0c0a6299dc2d0,72.99967826605996,100.0,YoungMarcus-792
2026-06-10 07:12:00,day,culture,79,0x50a8a3e47f7048747aed551fcc38d9f0cbb298ed,72.08325969803536,334.0,elonplstweets
2026-06-10 07:12:00,day,culture,80,0x732f92a77d0d7d9f3a2bca0ed6b5dd5b52b3201e,71.0813599776476,2450.35,Mr-Ferrari
2026-06-10 07:12:00,day,culture,81,0xfcf2059c73fe5ebfe708591500ed3fc821497279,69.95286113599946,400.0,0xfcf2059C73fe5ebfe708591500eD3FC821497279-1768056005270
2026-06-10 07:12:00,day,culture,82,0x53939a943b5d8d1156a774179a58acae4247966a,69.3225961870005,1338.34,0x53939A943b5d8D1156a774179A58AcAe4247966a-1767216073748
2026-06-10 07:12:00,day,culture,83,0x25f2f0c6e793d67161454d19b303a9523c980822,69.10368962000211,1.0,
2026-06-10 07:12:00,day,culture,84,0x3825180182703613f3619d4611890c5b655504e8,68.845725745978,99.994509,WhoseHouseRamsHouse
2026-06-10 07:12:00,day,culture,85,0x2a793085e8e54271b140c6168ebee6241159e2af,68.50684999999976,0.0,wakux
2026-06-10 07:12:00,day,culture,86,0x25a7fcfe11abd6ae873148584fa3e1b6aa98a4c8,68.35139931625599,0.0,loser-star
2026-06-10 07:12:00,day,culture,87,0x53bde85d8393b28e8421de0babef1d1cac745d30,68.20872766012553,4953.8,Green.Gold
2026-06-10 07:12:00,day,culture,88,0x3d73940c1be9b0c46b76b4f2e7416b502a4175a0,67.93848000000003,330.0,0x3d73940c1BE9b0C46B76b4f2e7416B502a4175A0-1729191473754
2026-06-10 07:12:00,day,culture,89,0x48e7ca9d4754021dc8b32adcaec0234dd6c9d5f8,66.9786010075004,0.0,Zippy
2026-06-10 07:12:00,day,culture,90,0x4e72c22cd76f9973a48aedfd79feeaacc8b7ffb9,66.37081500000035,0.0,0x4E72c22CD76f9973a48aedfd79FeEAaCC8B7FFb9-1778811541343
2026-06-10 07:12:00,day,culture,91,0x9abbdf321694eec4028e9b3be0d2a07a662f3f96,64.63438997243804,243.902438,0x9AbBDf321694EEC4028E9B3BE0d2A07A662F3f96-1767524455978
2026-06-10 07:12:00,day,culture,92,0xc7d02944a76b9f83b199e9090ecc92c82d241f8a,62.078619032009215,1776.623521,0xc7D02944A76B9F83B199e9090ECC92C82d241F8a-1776944395495
2026-06-10 07:12:00,day,culture,93,0x54096e86cac2d70d04fd98ee16f633c7e9d479db,61.632653858000594,2999.9620710000004,Boss7
2026-06-10 07:12:00,day,culture,94,0xfbcbd30ee172d6750364c117d989c4c049eebb5d,60.62185199999982,1100.0,ElonSimp
2026-06-10 07:12:00,day,culture,95,0xbf88a1028828a7843986866122eb7fa0b9c70343,58.798639937000026,0.0,spacepirate159
2026-06-10 07:12:00,day,culture,96,0x561980da1d2d808c406b14d4a3cdf8bc621bee5b,57.993049999999926,0.0,strikerpen
2026-06-10 07:12:00,day,culture,97,0x98aafe45427eb6c487273c107ef14c6450f98b8f,57.44477989299685,0.0,Lukewarm67
2026-06-10 07:12:00,day,culture,98,0x1a7ce827bc36c30316b1d937f367ef4f5eb8d422,57.224457900000004,372.84000000000003,JJWEPO
2026-06-10 07:12:00,day,culture,99,0x25525b105f3e2d08a6c7b70126cb2d5996da0e26,57.08047806430773,72.744692,
2026-06-10 07:12:00,day,culture,100,0x750545482cf883fcd5e7f7ad8e14d3f61a322978,56.402086000000054,640.0,Jackybrown
2026-06-10 07:12:00,day,mentions,1,0x1cdd071bb612de6d66d0c882b676c663697de595,72.62620000000084,0.0,Lavincey
2026-06-10 07:12:00,day,mentions,2,0xa7fea388f955a9517067111030eb771c6d911f3e,32.96809742999994,44.34,Faston
2026-06-10 07:12:00,day,mentions,3,0xcbdada973aa438c640538c54654ec068870ed2c0,21.22399999999999,0.0,Frontline
2026-06-10 07:12:00,day,mentions,4,0x5d5e32dc9a054f4e4da123353dded3e2ac379a5e,18.685805000000073,328.23,polybettor
2026-06-10 07:12:00,day,mentions,5,0xeced899e5da49dd21b4f0d22823cf2c39496c598,18.19999999999999,40.0,Invictus07
2026-06-10 07:12:00,day,mentions,6,0xf797d4d1c038d1eb0593edae0e66bf8e4b2e0bf2,16.198350000013306,0.0,DerDon
2026-06-10 07:12:00,day,mentions,7,0x5c30fe36c37c7f220a6c0e5fc95fb6ab41694acf,14.240064000000004,192.0,darkdog123
2026-06-10 07:12:00,day,mentions,8,0xc468b3b8564017fcf2bf9ede2608a0ea24b1009d,11.746511600003942,0.0,PadreMaronno
2026-06-10 07:12:00,day,mentions,9,0xb902f3b0075dd78ee73c9a3d87440ef6adbe10c0,10.5,0.0,wonderfugu
2026-06-10 07:12:00,day,mentions,9,0xe1173c89e54a444c355f928031aadbbc0bdfb4e7,10.5,0.0,alexludoman
2026-06-10 07:12:00,day,mentions,11,0x797527a06e5b1550bbaa9cce14bf29492a8bd3f7,9.396282699999574,0.0,Botadouro
2026-06-10 07:12:00,day,mentions,12,0x2ecb34e1cb95b3c8d9d3e2905668d3eee03a7645,9.309302255001512,0.0,AlphaPengu1n
2026-06-10 07:12:00,day,mentions,13,0x74957ea27ac4fbdee46d861fdae357859ff67fcf,9.09470459499994,32.0,ultralisk
2026-06-10 07:12:00,day,mentions,14,0xe54233491886f1649e7b840a7b56912d57d84db6,7.142856900000001,0.0,Chrissssz
2026-06-10 07:12:00,day,mentions,15,0x3ea498ac5bb4efab3c7d2d4b04d01acf1f6df403,6.485437500000003,0.0,Jkkjhgfr
2026-06-10 07:12:00,day,mentions,16,0x3574aa67e0027d389f4d12d5324c568cbd130f66,6.104499999999462,0.0,0x3574...D130F6
2026-06-10 07:12:00,day,mentions,17,0x0cb10c40b0776e9ee8cef970af85724654dda76c,5.68524999996589,0.0,ninjaslashed
2026-06-10 07:12:00,day,mentions,18,0x510f4963b66b1b18505faab74b0bb943d1dda43c,4.9500000000000455,0.0,PPMT
2026-06-10 07:12:00,day,mentions,19,0x54a51bfc0cde247b2148b420ad9efeafa95fd72b,4.58431389246,122.19814099999999,mtm3
2026-06-10 07:12:00,day,mentions,20,0x865e75bd476da8ac2d06742bb823cc5f6e395d0d,4.292999999999998,0.0,0x865E75BD476DA8aC2D06742bB823Cc5f6E395d0d-1781018550200
2026-06-10 07:12:00,day,mentions,21,0xf2cf3cf7863182c763bce60580a7d20e9333464b,4.18710425000009,10.417466,Mojito9
2026-06-10 07:12:00,day,mentions,22,0xacfe5bbc96fb4976ecc4693997c063c332bfc247,2.9853999999999843,12.98,bakanabaka
2026-06-10 07:12:00,day,mentions,23,0x1c144e30f405a25f991cbd8baa15d40599090869,2.7924000000057276,0.0,bernardbulletin
2026-06-10 07:12:00,day,mentions,24,0xe944fd614c0bf6a76e5ffd312401e6a790de0837,2.506399999999985,0.0,briar2682
2026-06-10 07:12:00,day,mentions,25,0x2948ad2da395c55f6a50b695421552db10fbabdb,2.3999999999999986,0.0,0x2948ad2da395c55F6a50B695421552Db10FBabdb-1771312430219
2026-06-10 07:12:00,day,mentions,26,0x2d21e67a19f0ee68f36e720b9883146e8df36dfe,2.319265064999999,13.219999999999999,55sfds
2026-06-10 07:12:00,day,mentions,27,0x75acf1aa88a3f5c613f2214486b91fa9fc1f33d7,2.060741618828615,502.987947,badatthis
2026-06-10 07:12:00,day,mentions,28,0xc9751b5f25e1ecd88ec4630d19422b58d0562c68,1.97671229999969,0.0,NeoSay10
2026-06-10 07:12:00,day,mentions,29,0xe9615b794567bb3ba56e44063bf368837c778dca,1.9053516525000074,12.879999999999999,JeromePuwell
2026-06-10 07:12:00,day,mentions,30,0x6e532e0dc877f0da4b8b9022e287b760914222ed,1.5,0.0,Should.have.vwaped.it
2026-06-10 07:12:00,day,mentions,31,0x1315d110b367236a0e8b16674025b224dadff2e5,1.4760914000000014,0.0,0x1315d110B367236a0E8B16674025B224DaDff2e5-1776826067203
2026-06-10 07:12:00,day,mentions,32,0x86dd5200572b3eae548d8fd9e807b78468d41af2,1.4081108953159713,20.0,0x86Dd5200572b3EAe548d8fd9E807b78468D41Af2-1768052013112
2026-06-10 07:12:00,day,mentions,33,0x0dedae6a02ea2ff8018ba5f277632919ed1c9025,1.3443707700243976,0.0,jcharger
2026-06-10 07:12:00,day,mentions,34,0x4ffe49ba2a4cae123536a8af4fda48faeb609f71,1.3199999999987995,132.0,planktonXD
2026-06-10 07:12:00,day,mentions,35,0x3078db4a9737866b4d6529f655025b3a20f80389,1.275150000000167,0.0,thepolwinner
2026-06-10 07:12:00,day,mentions,36,0x774eca33bb48b9166c389fe42c7181df3fab468e,1.1162858567429996,0.0,cedricgt
2026-06-10 07:12:00,day,mentions,37,0x2ebb95916d75691271c1c151f99df4def77f0614,1.109867690000101,0.0,Solalpha
2026-06-10 07:12:00,day,mentions,38,0xb3265ed7799fe1c1102b77ad50d20bf51a79d18b,1.0100938549999618,0.0,MARW-2026-Piotr
2026-06-10 07:12:00,day,mentions,39,0xd5527c2bdf2bc4855b4b55b6aabe3b308371ec26,0.9999999999999991,0.0,ElaraVasiliev
2026-06-10 07:12:00,day,mentions,40,0x78db05b03fcd5f0734fffe0365bd5414862eec04,0.9999990000000001,0.0,kira-LP
2026-06-10 07:12:00,day,mentions,41,0x58f8f1138be2192696378629fc9aa23c7910dc70,0.999999,0.0,bloodmaster
2026-06-10 07:12:00,day,mentions,41,0x42e7f0c1f45ccc07a2755489789d700e344143bd,0.999999,0.0,betlife-619
2026-06-10 07:12:00,day,mentions,41,0x4ab7625cacd4ec2c8804149ddba6d232fe645f17,0.999999,0.0,yenistriga
2026-06-10 07:12:00,day,mentions,41,0x8641736a39a229e091eff6fd0c040ad1db192927,0.999999,0.0,
2026-06-10 07:12:00,day,mentions,41,0x96b542bf4bfbba3801f1304dd611f34199600821,0.999999,0.0,secondarycolor
2026-06-10 07:12:00,day,mentions,41,0xdb82fe0d2ea3b3c4466a245ba26d29b2031c46cb,0.999999,0.0,NortheastTiger
2026-06-10 07:12:00,day,mentions,47,0xb5836c39622aa685fcda6d0ef52b45c8802f939e,0.999996,0.0,chilly99
2026-06-10 07:12:00,day,mentions,48,0xeec913dc394341eb97c2264231876b20fef02c45,0.999995,0.0,pepe11
2026-06-10 07:12:00,day,mentions,49,0x6e8d843cc031c1ba0c6dd1d3db0e2cd1adddcc23,0.9999920385769999,0.0,alvarito
2026-06-10 07:12:00,day,mentions,50,0xc36505d5f153624b3baff8d909a94a3fdb8cf983,0.9996945000000004,0.0,Sixta
2026-06-10 07:12:00,day,mentions,51,0x9257623ec1ef067eb1756f40349e3ff81246cfb0,0.9994995,0.0,Withia
2026-06-10 07:12:00,day,mentions,52,0x74b4d17af9032fc53ec83e8fe17d37344022b283,0.9994551534479994,0.0,strwr
2026-06-10 07:12:00,day,mentions,53,0xdb29faefbac63c791fcdec9a39f4a8c3137f4b3a,0.9994,0.0,
2026-06-10 07:12:00,day,mentions,54,0xd835d39842fe1dd5ad541e6b620c991ca6d91d5e,0.99937785,0.0,kjhgfvghjmk
2026-06-10 07:12:00,day,mentions,55,0xef03567fc5a30b665efca7e9ef2e9e3fe6031fbf,0.9991199999999999,0.0,0xef03567fC5a30B665efca7e9eF2e9e3fe6031FbF-1759574216489
2026-06-10 07:12:00,day,mentions,56,0x61c8abd32c9a3792c8196caaf9c2d3ce31d572ac,0.9990563900000001,0.0,cswrth
2026-06-10 07:12:00,day,mentions,57,0x0adba53d927755feb4d4aca0c3a7e75b7868f95e,0.999,0.0,milfwithnokid
2026-06-10 07:12:00,day,mentions,57,0x3445189bbd762b4cfbd476d1f01092a8f0a8f9fa,0.999,0.0,Batyok
2026-06-10 07:12:00,day,mentions,59,0x4516d2180a80d5b1d46a646cb67ef85ee747ff25,0.998999,0.0,jiton
2026-06-10 07:12:00,day,mentions,60,0xae1223b0240104c7a5f7d305c3888bb329cbcfc1,0.99899436,0.0,0xaE1223b0240104C7a5F7D305c3888BB329cBCfC1-1766964422803
2026-06-10 07:12:00,day,mentions,61,0x7c483d26ccc647422a6e560ec59defe13879f2da,0.998971842662,0.0,0x7C483D26ccC647422a6E560eC59DEFE13879f2Da-1744885137007
2026-06-10 07:12:00,day,mentions,62,0x01636baaefd490d5df43ae3d0c7da2e67699f7c9,0.9989691744239999,0.0,TheRedBear
2026-06-10 07:12:00,day,mentions,63,0x3f05a61b747b292790eff03213760513f85d9524,0.9987577231560001,0.0,Xeiroo
2026-06-10 07:12:00,day,mentions,64,0x02d38ac05ad050571d2722f949bc3c73a8d92327,0.998475734108,0.0,ClarksonStreet
2026-06-10 07:12:00,day,mentions,65,0xce89fa90f3e288ed62a44def95a921755e140089,0.9984662201600001,0.0,ArneFS
2026-06-10 07:12:00,day,mentions,66,0x767d9872cbaa924e3c3e05f94b43a4e3cce6d1b3,0.997748,0.0,changchang1
2026-06-10 07:12:00,day,mentions,67,0xd7bf18e530803a2951cc3e80e9fd805e638f2368,0.9975000000000002,0.0,anonklarol1986
2026-06-10 07:12:00,day,mentions,68,0x8e5004f193584811bae06a350b34c8e2441aded9,0.9972920000000001,0.0,0x8e5004F193584811bAe06a350b34C8e2441AdeD9-1768909790132
2026-06-10 07:12:00,day,mentions,69,0xd87d0e30dddef02cd917dae54e8cf14eae2052f9,0.9972683,0.0,XgangX
2026-06-10 07:12:00,day,mentions,70,0x12de044549c5b11d124c4f82d79cef033d01d155,0.997175272601,0.0,victoriayoung
2026-06-10 07:12:00,day,mentions,71,0x4637b9f28a259a915392ae3ddeb15265196894e3,0.9969669999999999,0.0,0x4637B9f28A259a915392Ae3DDEb15265196894E3-1777325507740
2026-06-10 07:12:00,day,mentions,72,0xdbcd710b921c58493620dcacae92ba0bd79e4036,0.996950592216,0.0,trader000017
2026-06-10 07:12:00,day,mentions,73,0x44d120043d23cd5db89b1299f56d3ff3f34f9936,0.9968670000000001,0.0,0x44d120043d23cD5DB89b1299f56D3Ff3f34f9936-1764865552907
2026-06-10 07:12:00,day,mentions,74,0x54e4f1a5b059a7ffb2dad83037dbeb18382d4300,0.9966804924099999,0.0,Come4Capital
2026-06-10 07:12:00,day,mentions,75,0x74616f2238deee871e8cd4b6713eb32ed5d332ab,0.9961715557000002,0.0,Doremi4pf
2026-06-10 07:12:00,day,mentions,76,0xa02304e9f72e3866295c790af3590b95f77832bb,0.9960283824680001,0.0,lauratorre
2026-06-10 07:12:00,day,mentions,77,0xa26812e4c396a95c7a4b26d66934f936a7b177dd,0.995982649959,0.0,
2026-06-10 07:12:00,day,mentions,78,0x63ceb541eb422a78d76912bbe066c7959b51d59a,0.99584047,0.0,3c3b
2026-06-10 07:12:00,day,mentions,79,0x6d68f747ffa870bdd95b670bdb5cf2fb232f0237,0.9955980000000011,0.0,TristanWaverly
2026-06-10 07:12:00,day,mentions,80,0xa64bb56817fa45f2cf8419a1107a95a130601b46,0.9955979123059997,0.0,ceoofpol
2026-06-10 07:12:00,day,mentions,81,0x877e18590b34c0a314f7d2fb8f3c43f42e96dcb2,0.995232256665,0.0,Mojanic
2026-06-10 07:12:00,day,mentions,82,0x73e2a14dc9480a09c8503aedb1c33b291df9e05e,0.995183,0.0,btcrocks
2026-06-10 07:12:00,day,mentions,83,0x2bc03661c5462e2498fd3bb9fb78f5eb17bbac69,0.9950110000000001,0.0,0x2BC03661C5462E2498Fd3bb9FB78F5eb17bbac69-1771495316677
2026-06-10 07:12:00,day,mentions,84,0x09fc877d0f2065b37c5cb5aafc0e66602c7d4cd4,0.9949,0.0,vikkS
2026-06-10 07:12:00,day,mentions,85,0x42f19ff3dce72183f90efed9ff18b061fcac67b9,0.994652,0.0,figurettipy
2026-06-10 07:12:00,day,mentions,86,0xefd7c07709560e8ba1fcd81aa25e070aee09cf7a,0.9946204393829999,0.0,zroller
2026-06-10 07:12:00,day,mentions,87,0x2917ecb9857bb0e204cd54899c0277c07c94e7ac,0.9942050000000001,0.0,arbitrade.pro
2026-06-10 07:12:00,day,mentions,88,0x4ced30a0a5daeb7ddf7248ba10dbe53b51fffc92,0.993929,0.0,linekcer
2026-06-10 07:12:00,day,mentions,89,0xfaf14335872eecad038d336423843a9abb70e8c8,0.993912,0.0,melaniepitts
2026-06-10 07:12:00,day,mentions,90,0xe7b91906bc5349e046ba16f2d25355479344b04f,0.993827,0.0,JLTY
2026-06-10 07:12:00,day,mentions,91,0xbdd53e7c6dfaedb8cb8ce62c97fbc7b71012176d,0.993274942969,0.0,martinmichelle
2026-06-10 07:12:00,day,mentions,92,0xc2b33b470b5aab547d8db90aeb9a0b5eb7a370f3,0.9931337689149999,0.0,deivvvv
2026-06-10 07:12:00,day,mentions,93,0x93c77ca1bb2f958d1cac330e3119222cc174d69a,0.9926243408089999,0.0,EdisonSlodysko
2026-06-10 07:12:00,day,mentions,94,0x2138f726f5847f6ffff0b276380eb6e4b266b928,0.992499,0.0,santipro
2026-06-10 07:12:00,day,mentions,95,0x0807cc35ebd43ff42043c5803795dc65b3a9d5ca,0.992462,0.0,
2026-06-10 07:12:00,day,mentions,96,0xbfe5c9fc16ac19eae58d0904748c40812a38b566,0.992402000000002,0.0,SwissForecast
2026-06-10 07:12:00,day,mentions,97,0x901cfaf73c1fa9b49cfa6d3774fb211f8891109b,0.9922633240969985,0.0,W1lker95
2026-06-10 07:12:00,day,mentions,98,0x616b29088493c8a446480d4cc06bbd3356a20acc,0.9920000000000001,0.0,Cornelius245
2026-06-10 07:12:00,day,mentions,98,0xbfaa48d92741a0a967cc06ef5fff792ab24c75d8,0.9920000000000001,0.0,Kendra35
2026-06-10 07:12:00,day,mentions,98,0xd55946f809f0dd62bbf66f6928714ff47243a3d8,0.9920000000000001,0.0,Haneef743
2026-06-10 07:12:00,day,weather,1,0xec86a2d3f69015b1a9382e4dfa8695e1b48760e4,944.4270079402813,8896.692797,0xeC86a2d3f69015b1A9382e4dfA8695E1B48760E4-1770735132210
2026-06-10 07:12:00,day,weather,2,0x4e4203102fd7bde55ce1bcf9f1ef222e251949ed,558.9469120649994,0.0,shingoWAKAYAMA
2026-06-10 07:12:00,day,weather,3,0x5ffea747575581e8d2dc5e23c47ab98c1638e48b,521.2372437134998,4719.850332,0x5FfeA747575581E8d2Dc5E23C47aB98C1638e48b-1777529589397
2026-06-10 07:12:00,day,weather,4,0x6139c42e48cf190e67a0a85d492413b499336b7a,434.54059569449964,0.0,RememberAmalek
2026-06-10 07:12:00,day,weather,5,0x52ca8cad990148ffad046766efae6dd87ffe523f,406.75322779,0.0,tumbra
2026-06-10 07:12:00,day,weather,6,0x929631bb5aa2ff31109ddd7d961022b8baf8ffbc,401.37951733032094,497.823611,
2026-06-10 07:12:00,day,weather,7,0xe25cdab15bc7a740ce1258b31f46e26831767908,369.8191289859287,5746.546367,0x492452EaB586F242
2026-06-10 07:12:00,day,weather,8,0x79d980791ab82aff891eee32d41b4e1fbb07baec,363.997199299999,0.0,skibabiba
2026-06-10 07:12:00,day,weather,9,0x7dbf91ee18e285a14080c913ec49fa0fa2adaa75,332.2594500000001,0.0,
2026-06-10 07:12:00,day,weather,10,0xb06a0eae498750ed0acac7e1f759f741c56e52f5,317.8889281713273,15832.950318999992,Ooookey
2026-06-10 07:12:00,day,weather,11,0xb4272557ce308c7182fc48b4d6716b744e8e4c62,295.7407923207981,1175.136665,ChaosStake
2026-06-10 07:12:00,day,weather,12,0x347b13dbf510484f2c7d0ced7e3e2c40f4f1c9bc,287.6651243150578,6958.047105,mehanizator
2026-06-10 07:12:00,day,weather,13,0x8fbd7cf5f806f563080864694415829f7229a959,273.33776320324796,11075.026720999998,badatmath.
2026-06-10 07:12:00,day,weather,14,0x52ebca459280966f4a56240a05e38df8527067ac,258.00501591519685,2593.025511,merz1305
2026-06-10 07:12:00,day,weather,15,0x09a85cfe4d51e0cde12daa4d255b3f789fb447c1,255.42430262226117,8036.060981999998,tenkiyoho
2026-06-10 07:12:00,day,weather,16,0x3016065355d3a39891d11d90d0a6b6687e9d54e9,255.2810254359074,9527.026092,hd7777
2026-06-10 07:12:00,day,weather,17,0xb51b3beffd13cde071ed799e70a7b0b598e8b4d9,250.35390792999988,0.0,cambridgeisaac
2026-06-10 07:12:00,day,weather,18,0x285109735e915f14038a2f41322814e0d6b46b8c,244.2051304051056,4884.415713,flipsss
2026-06-10 07:12:00,day,weather,19,0x46992d0e547e3822a9c28723f51bfa804ae4e03c,238.34664678999843,21.06,anon.1980.123
2026-06-10 07:12:00,day,weather,20,0x488c725253fc21c7a9ca812030dc2f6343f98c1c,236.92300391273966,6933.482161,WeatherHK
2026-06-10 07:12:00,day,weather,21,0xba63d3a0105a3c01bfa561015c36911c8d1536dc,228.28557078500035,30.0,0xBA63D3a0105A3C01bfa561015c36911C8D1536dC-1769606304708
2026-06-10 07:12:00,day,weather,22,0x6ebb3ba0a58bf0d8f3b5f1390c79fa8b27f3405a,224.85388865152618,1773.578233,0x6EBB3ba0a58bF0D8F3b5f1390C79fa8b27f3405a-1772509321350
2026-06-10 07:12:00,day,weather,23,0x60a92c8620846d81f5ea17b0564e0d4b7c545a71,212.71391386000005,0.0,paddaa
2026-06-10 07:12:00,day,weather,24,0xf2f6af4f27ec2dcf4072095ab804016e14cd5817,207.62314878363395,0.0,gopfan2
2026-06-10 07:12:00,day,weather,25,0x69743b2bbbabf6605369544c9f68487873906256,194.96262799999977,0.0,AsukaSoryu
2026-06-10 07:12:00,day,weather,26,0x37de5810f247a0cba8dc95b626bb4e7b9b32f512,193.5708230439992,993.52,horse2026
2026-06-10 07:12:00,day,weather,27,0x24edd5f8eab7f66a77fd5b7f4e7c507761ed8a18,190.41567461,3.1,SXematoz
2026-06-10 07:12:00,day,weather,28,0xc1299d3853e91feff20b028bb4e688ee0a42feac,189.58371056615556,3905.427456,wommcool
2026-06-10 07:12:00,day,weather,29,0x36f662fcbdc8f64aa1bbaa1f8897ca0e3bb7ae14,186.47078805999286,20295.489999999998,LACTesting
2026-06-10 07:12:00,day,weather,30,0x38e2f5d6d1693a365e22b7ca0c715f8d92da2909,186.18625165690423,1357.9852150000002,0x38E2f5d6d1693a365E22b7ca0c715f8d92Da2909-1774307530180
2026-06-10 07:12:00,day,weather,31,0xbd5cca971b76cbbe9308451cde76e5fe6a528408,186.17939405,2.01,justin.courtright
2026-06-10 07:12:00,day,weather,32,0x66d609dbda9df641eff684190a01182f6de450c7,178.8049961509996,0.0,LieutenantMiloMinderbinder
2026-06-10 07:12:00,day,weather,33,0x9044aef80dbe2ac31a65d8f1f465ccc66993dced,168.28674324000002,359.94,zaishuowojiuqvsong
2026-06-10 07:12:00,day,weather,34,0x420e8deb590ad77ff5b2f6776cea2b1fc6dee3c9,159.6196560699998,0.0,moneymakingmachine
2026-06-10 07:12:00,day,weather,35,0x1b544ce4b7a26bf246e89d5d965eb9f28c1e84ac,157.18836342473492,1809.2952349999996,0xE9E4873f68e4f83787fAD8cD1f928470428A5D8e-1776369749335
2026-06-10 07:12:00,day,weather,36,0x377326c9360302d15d5ce7f7ad5718e27837f0dd,156.4487683735715,10599.863062,Alegrandebig
2026-06-10 07:12:00,day,weather,37,0x9a8606bebb097271d20236060b758e81f89f84ec,156.20929012205005,1047.634039,85cc
2026-06-10 07:12:00,day,weather,38,0xae2292210546c627e1ac69948280ff07516e8794,155.95898000000045,0.0,cooljiang
2026-06-10 07:12:00,day,weather,39,0xd00ac723a490868c66ef99934497946c8c06c12d,155.09609399300032,1564.8293299999998,TOTO252
2026-06-10 07:12:00,day,weather,40,0xa50bb3712aae7b1ca4ff96894402802c6bf912c4,150.902952750346,8420.845405,shamu10
2026-06-10 07:12:00,day,weather,41,0x5d7f7c784320f75d8a74efbe204474bffa7dcc08,150.235362,0.0,pixelgogogo
2026-06-10 07:12:00,day,weather,42,0x1e53e5e0a496b353893caac150e990df900714e7,139.91358564140944,706.6773900000001,0x1e53e5E0A496B353893Caac150e990DF900714e7-1768943982727
2026-06-10 07:12:00,day,weather,43,0x3c70fce68049f0458d1e14346707552568a434c4,129.57947987126997,415.525822,0x3c70FCE68049f0458d1E14346707552568a434C4-1760597636797
2026-06-10 07:12:00,day,weather,44,0x3f302dbb8e2cef9c25ea1cf8980b97711234f8de,128.50076221115364,1470.0344010000001,BobbythePug
2026-06-10 07:12:00,day,weather,45,0x3c11b622d3f6d6d0e1a3188d0f46c3baad2d33c9,127.80226923999976,1123.3700000000001,Nosredno
2026-06-10 07:12:00,day,weather,46,0xe60573bda8c4fa8cc3d34233ef216b90f53e914f,118.176168180216,329.988727,zorostan
2026-06-10 07:12:00,day,weather,47,0xd62a9d4df9b8f97a35790f5f71745761a9e4de09,117.23497724577499,472.346975,nightlight18
2026-06-10 07:12:00,day,weather,48,0xf840c9b66857eb84d613e7fa990beb5526d4cc26,115.93821889999981,0.0,0xf840C9B66857Eb84d613E7FA990bEb5526D4cC26-1779234661081
2026-06-10 07:12:00,day,weather,49,0x7c63520c2ca9b336af0c205b9ccf68217bb393d4,113.91951326031995,19262.051443,justabot0
2026-06-10 07:12:00,day,weather,50,0xd8f8c13644ea84d62e1ec88c5d1215e436eb0f11,111.98295493231853,6906.827545,automatedAItradingbot
2026-06-10 07:12:00,day,weather,51,0x215b5242351e2a154111f8658a3d6bdef0548ec5,111.39793098000001,545.29666,huntertwo
2026-06-10 07:12:00,day,weather,52,0xb17d4706e45bf0935acc338162bd40af837e59ae,110.84009999999986,50.0,Mithrandir.
2026-06-10 07:12:00,day,weather,53,0x04ccfb3e0efcdc017db827a9ca2309d374cc48ac,109.5874192099991,0.0,whitetofu
2026-06-10 07:12:00,day,weather,54,0x116db6298abcdefe06f9f5458c293c7de185fbf1,108.46168929800115,9146.420000000002,opopv
2026-06-10 07:12:00,day,weather,55,0xfd1ce06d2c4e620fdb4045f914ec55c0790f7f60,107.8464075,299.985,enanan
2026-06-10 07:12:00,day,weather,56,0xf57a60ee920075fb1ec0c65840cb79f5e39472a5,104.9997116699999,0.0,0xf57a60ee920075fB1eC0c65840Cb79f5e39472a5-1777146737600
2026-06-10 07:12:00,day,weather,57,0x2b407c1091b0e0de5fa5e6d96a2edda2cee3ced4,104.70484138050278,2113.635698,smallyua
2026-06-10 07:12:00,day,weather,58,0x26123cbf0f4820f7e70408a8c054ba7615c05289,103.70618941055727,19505.00256,nexvs
2026-06-10 07:12:00,day,weather,59,0x919698b19427cbe6945b0dc823f2d9e126a4d934,103.68033944347735,3881.3263779999997,wuxiuming
2026-06-10 07:12:00,day,weather,60,0x438ae660f4236553c74c776c8fdcf394912061c4,103.67547417011156,5334.306576999999,whatthedogdoing666
2026-06-10 07:12:00,day,weather,61,0xf0da774b308128f5f1636d170d8fb1aae2c92342,102.8203414538001,431.97,0xF0dA774b308128F5F1636d170d8fB1aAE2c92342-1770977647429
2026-06-10 07:12:00,day,weather,62,0x8a98109fb0f1d87d9bfcb4486ba3587b95c51b92,100.48137674000009,1877.7700000000002,0xd8dA6BF26964aF9D7eEd9e03E53415D37aA9604
2026-06-10 07:12:00,day,weather,63,0x99a57cbdbc44cb816ad527b59d2a59c93d7f95cf,99.42457830770898,1051.881633,
2026-06-10 07:12:00,day,weather,64,0x8f13db915cca106e6330e8a39996c0a875d8daae,98.75033894942487,3348.6963669999996,rocky42019
2026-06-10 07:12:00,day,weather,65,0x686880eea810fa9141be46a1acec9eee41755198,96.22218614489248,9571.252971999998,0x686880EEA810Fa9141Be46A1aCec9Eee41755198-1770878625325
2026-06-10 07:12:00,day,weather,66,0x5a7c30afbe4c8bc49b2057f030ab068a91e6d7b8,96.1690933749841,2828.6978930000005,chang1130
2026-06-10 07:12:00,day,weather,67,0x68dbed42912551cbffcd15ff758ef62781ad44f0,96.11280326149904,383.88,drorch
2026-06-10 07:12:00,day,weather,68,0xa98f1a50432904510798116f68d93fa06919d282,95.39028351623946,147.71060099999997,0xa98F1a50432904510798116F68D93FA06919D282-1774625508104
2026-06-10 07:12:00,day,weather,69,0x40cfb29411d29f4fa0908f2a121297042cccd21d,95.24762038999998,749.98,whig
2026-06-10 07:12:00,day,weather,70,0x14d70a08aaba3cb696a6e1431e50bbedc7f7db87,94.59459449999986,0.0,Chayzon
2026-06-10 07:12:00,day,weather,71,0x3f4ce230d8f6d6ce4fcb011d81c7b7efa5d1631c,93.90000000000009,500.0,0x3F4cE230d8f6D6cE4fCB011D81c7B7efA5D1631c-1768672359819
2026-06-10 07:12:00,day,weather,72,0x31436bde35c25c3714e0c3e7fbd14a22107581b1,92.82566635999979,0.0,yyyyyyy
2026-06-10 07:12:00,day,weather,73,0x510f4963b66b1b18505faab74b0bb943d1dda43c,89.93920860069738,14980.779405000001,PPMT
2026-06-10 07:12:00,day,weather,74,0xf3dfc2e4bb1c18e558ff062033bdc4a642697f13,89.91986522700009,256.812852,weather2606
2026-06-10 07:12:00,day,weather,75,0xc7d02944a76b9f83b199e9090ecc92c82d241f8a,89.69242413638494,7680.204046,0xc7D02944A76B9F83B199e9090ECC92C82d241F8a-1776944395495
2026-06-10 07:12:00,day,weather,76,0x2acf345851bd6dbcee9c07d157f58386a4fdf9bb,88.74939529396715,876.819429,0x2acf345851Bd6DbcEE9c07d157f58386a4fDf9BB-1769529267515
2026-06-10 07:12:00,day,weather,77,0xf114b578bc08e5641d4cbfbb52e6e97b038d6ecc,87.18689053409071,1023.390737,hotornot
2026-06-10 07:12:00,day,weather,78,0x0941e5c5e1aaa33442ccec615ae4cb863749b254,84.96927981799945,389.42,Oddsby
2026-06-10 07:12:00,day,weather,79,0x6df6e2a9ba1e8d7609daada0a83138817f4a8458,84.68797000000086,0.0,AvishaiBass
2026-06-10 07:12:00,day,weather,80,0xeb68675c06e0bb9f08ba510550912d77289ce362,84.05514628170295,1195.614653,0xeB68675C06E0bB9F08ba510550912d77289Ce362-1778811892036
2026-06-10 07:12:00,day,weather,81,0xaa930fdc4caa3c0f6067404a7bd7899ca45f0bc7,83.18922133708475,3684.347215,Lex-tang
2026-06-10 07:12:00,day,weather,82,0x3cb6c036c2e2af6b3b7fc5650c76fcffe2550f8f,81.44983928825604,7664.549960999996,LinusLoeliger
2026-06-10 07:12:00,day,weather,83,0xcbcec5baf863f3ae752725e5c94b039dcec0507d,80.97037630019975,1865.480525,jvr27
2026-06-10 07:12:00,day,weather,84,0x2c3db7ae92dcc83af69e4cd802c833a5a308d3e9,80.72708822750018,271.06607,TheAvenger
2026-06-10 07:12:00,day,weather,85,0x708dba576d798c24215e267413503269fe39ea78,79.27569999999992,0.0,HornyBibi
2026-06-10 07:12:00,day,weather,86,0x005ed998fcb786679eb8bfd0d20c15c0903d6d8e,78.3891336175825,1113.440278,0x005ED998fCb786679Eb8Bfd0d20c15C0903D6D8E-1778811773658
2026-06-10 07:12:00,day,weather,87,0x645a91730f588c5586e8860936a7e3554303fd84,78.13309685999991,0.0,nobtc
2026-06-10 07:12:00,day,weather,88,0x75d392de677c8766136b8dfc28aab57f67ca3f0e,77.99234999999987,150.0,all4HIM
2026-06-10 07:12:00,day,weather,89,0xa4cd59fc022a2e38e02ca2ba5a982b26c392e2ab,77.41679486000021,779.5799999999999,velvetdaisies
2026-06-10 07:12:00,day,weather,90,0xf7fea3e2448cf0df032c6d1900ab12aa67f8e42a,77.35469075999981,313.64,czc123321
2026-06-10 07:12:00,day,weather,91,0x0786dae11f63aa97035bd5facdb1168624c1df1d,77.26560421600016,714.83,0x0786DaE11F63aa97035BD5fACDb1168624c1DF1d-1777167636562
2026-06-10 07:12:00,day,weather,92,0x6e41f5497f0cbe0e3aef1d84a0f1be87d5795e0c,76.40394356371269,673.523673,actcur
2026-06-10 07:12:00,day,weather,93,0xd6a8f78e03f156228fb87fcb8bafea5b92fa58fd,76.19316244725042,568.211482,rocky42005
2026-06-10 07:12:00,day,weather,94,0xca06900b7c25c00d4370e32470c2fa8cbe1cb2c4,76.15806104599999,134.79,0xCa06900b7C25c00D4370e32470c2FA8cbe1cB2C4-1780085001874
2026-06-10 07:12:00,day,weather,95,0x5b0a52782a38f1318c374317fbd9cf90b7d74d57,75.96583649786544,3402.3011070000002,p0Dx42b
2026-06-10 07:12:00,day,weather,96,0x4a5a776940740e74c8cca91a4517dd6bce1db6c6,75.73417026150001,465.89,
2026-06-10 07:12:00,day,weather,97,0x13d3ed7ebeec50ee794cf0e783df1991ceb7415e,75.72661070126105,4849.329967,tianqizhishen
2026-06-10 07:12:00,day,weather,98,0x760907c8840491c8c86fddb843d3f1d801786c4e,74.99347299500006,0.0,0x760907C8840491c8C86fdDB843D3f1d801786C4e-1771959662080
2026-06-10 07:12:00,day,weather,99,0x65b7baa2ad4e6cba03dfcaf554fd7cd208423798,74.31035294265291,467.118709,valorantrac0
2026-06-10 07:12:00,day,weather,100,0xb6643fa4736431cabd1b599147ee572bb5d7abbd,73.6059000000003,0.0,jiami007
2026-06-10 07:12:00,day,economics,1,0x96489abcb9f583d6835c8ef95ffc923d05a86825,1549.400665334193,24588.481611,anoin123
2026-06-10 07:12:00,day,economics,2,0x0ffcad4963e25dc150774363f4061ebe840c8236,1409.0607137717452,1982.448822,perfectnostalgia
2026-06-10 07:12:00,day,economics,3,0x162f6fff88a52864f2ecc9833e58089d5254798d,1232.837251799996,0.0,Valen9
2026-06-10 07:12:00,day,economics,4,0x71edffd0d70a1da823ff07a3c6fc81457294d338,773.8696971926838,0.0,pako
2026-06-10 07:12:00,day,economics,5,0xe4ac4992830faddb22e0fe10b9d2f60cb0ed448a,729.5265844599999,0.0,NyxoroVambletine
2026-06-10 07:12:00,day,economics,6,0x014c4e7ae2145992861c2d1b124af633a97f820c,683.514479999998,0.0,Hyperlong
2026-06-10 07:12:00,day,economics,7,0xa0d3909f97ef568bd7089c16c1f5ac6617145b5e,646.9468781100031,5872.6900000000005,pooter224
2026-06-10 07:12:00,day,economics,8,0x943ceb686511fe7aaca6a863b00493e088da1d17,626.6697539800007,0.0,DaMonkeyHope
2026-06-10 07:12:00,day,economics,9,0xe82ddd790c68bfecb30558cfcec2f7062d00adc8,547.5232131600005,0.0,rodrigr28
2026-06-10 07:12:00,day,economics,10,0xe9076a87c5ed90ef16e6fe6529c943baeca0cff6,533.987467774964,35037.761635,suntori
2026-06-10 07:12:00,day,economics,11,0x61e7e940dc615fd3e409a2ca4c5ee7f57e1f6e8b,476.3645192600002,0.0,jimbobianthethird
2026-06-10 07:12:00,day,economics,12,0xc5cfc8f6082d7e57b65ad7f310692394d5833690,469.6516500000007,0.0,GeorgeKout
2026-06-10 07:12:00,day,economics,13,0x25db6ca5935ae858a5c1f2dcd5c62939805328de,462.0423798994725,12889.735291999998,0x25db6cA5935ae858A5c1F2dCD5c62939805328dE-1770665598557
2026-06-10 07:12:00,day,economics,14,0x68c24bf4a8ad4d79a6fe4b8eec6f93a02dfd1711,443.4281872759602,0.0,mombil
2026-06-10 07:12:00,day,economics,15,0x02388370985ec313bcc199911073f91f52b6eb0b,440.997046505001,0.0,DoloresZ
2026-06-10 07:12:00,day,economics,16,0x84956098a279f4beaf85696f461e60d75241b6e8,435.1625849000011,0.0,Oracle99
2026-06-10 07:12:00,day,economics,17,0x33dc4cd4a175180fda291f2ab1876e03e247bb81,434.3519750700016,0.0,hawkj
2026-06-10 07:12:00,day,economics,18,0x682dbb961b8b4c4c99d9d56557d5ad68847e4cd6,412.4887408163504,145.42713999999998,St3f
2026-06-10 07:12:00,day,economics,19,0xc84f7e76ec28ef20e7773b7b4926bfb7378be0c5,364.83520000000135,0.0,BrightStars
2026-06-10 07:12:00,day,economics,20,0xb1291441c7c016e4f373418e00550949404f34bf,347.5540000000037,0.0,BobbyAxelrod33
2026-06-10 07:12:00,day,economics,21,0xa10b8c4f154fbbf1fda28563edf458914f798ec6,324.66366436000135,0.0,TheCornflakemerchant
2026-06-10 07:12:00,day,economics,22,0xab18d12977eb41276083e6f05f68a23f921a467d,314.8000483100002,0.0,b3t4t35t
2026-06-10 07:12:00,day,economics,23,0xa8c63f775ddbbe66b56614191747def3021444e8,314.31981683786216,9621.38,Tenebrus7
2026-06-10 07:12:00,day,economics,24,0x8390808cefaf138f02b7fb0beff93148ce0809f1,304.9920284000009,0.0,miskulinac
2026-06-10 07:12:00,day,economics,25,0xac907f33498dc8a1617d0e7a9d3f7d91debe5d06,294.74665061999985,0.0,BTCisMYlove
2026-06-10 07:12:00,day,economics,26,0x60ab628a82cdf7b9274ff1587f1b30211b763206,277.6373987580009,0.0,FB92
2026-06-10 07:12:00,day,economics,27,0x709e3ea86a900aa3fb7a998d06e20d6ce68d027d,266.2846522,0.0,gin-huang
2026-06-10 07:12:00,day,economics,28,0x5b6331e7ff0831a3fe2ed12004747db1a9c911a4,264.26729743850046,0.0,neutralwave23
2026-06-10 07:12:00,day,economics,29,0x801dbe416065cfa8ecffeae526eeb37f393fd8e0,263.49770445000104,0.0,Niseko
2026-06-10 07:12:00,day,economics,30,0xb69b45222b1f77473d20c546dd0a96bf62a0aa30,249.12878730000034,0.0,0xB69B45222B1f77473D20c546dD0a96bf62a0aA30-1760836448088
2026-06-10 07:12:00,day,economics,31,0xd59f47dce4811ee4bb249bb3e306a41a178782f7,242.46551799999997,0.0,0x88B2Bf786AB40DFea8F001ACB280529943c63FaC-1773933885226
2026-06-10 07:12:00,day,economics,32,0xc6d0ff59ef83e7d6210c47d20408eb27b7844bad,238.0629200000003,0.0,strategy1.2
2026-06-10 07:12:00,day,economics,33,0x47ae6d13566c3418c4795c98ced1f197575eee94,237.6684866399994,0.0,JasonPunos
2026-06-10 07:12:00,day,economics,34,0xa15655c43a7e4b50190d1f14198e80da86a1cf02,234.1933043100002,10.0,Crabsoup92
2026-06-10 07:12:00,day,economics,35,0xdd9c961288a032098076267bd665d407dac231a0,228.37697490950814,0.0,hippoka
2026-06-10 07:12:00,day,economics,36,0xd14aa86fa6cac2e09edd9944f5c0c0d48634a8ad,221.02223630000026,0.0,l3t0
2026-06-10 07:12:00,day,economics,37,0x74b4f9447b14b12308963fc048ae363eb0756bea,218.6874383854112,641.0895030000001,0x74B4F9447B14b12308963FC048Ae363EB0756bEA-1769170826159
2026-06-10 07:12:00,day,economics,38,0xe033e9d4a0e8b30c417f3f7abcb029bc695940a5,216.75756607949734,0.0,CDAP1
2026-06-10 07:12:00,day,economics,39,0x04d777b70c81b282a0040417a22ae9d22de5bb2a,214.76873038500048,0.0,Kzo
2026-06-10 07:12:00,day,economics,40,0x9d736920e486176e7df7a76fa218f1ebd853216b,209.46885157250017,0.0,AlAhmeda
2026-06-10 07:12:00,day,economics,41,0xc8ab97a9089a9ff7e6ef0688e6e591a066946418,204.1654138105805,64857.752874,ArmageddonRewardsBilly
2026-06-10 07:12:00,day,economics,42,0x453ae5e896ea243f332ed97c1c77bf2888ce81d2,201.39718589976974,2090.94,5038813185
2026-06-10 07:12:00,day,economics,43,0xbad26fe5458e6219cec3e40272760e275e835296,201.39692753610416,873.85,cocococococo
2026-06-10 07:12:00,day,economics,44,0x46d3d62ab3dd01fb8dc3b16f0141462c82df62e0,200.00000000000045,0.0,Optionsguru18
2026-06-10 07:12:00,day,economics,45,0x2ed8f7a10686dbb0fb15f5c3335f30e0043793d4,186.98173951399804,0.0,podairpod
2026-06-10 07:12:00,day,economics,46,0xd5eb2846e5f41e76fd1a607320ae1ec45af0b9d6,181.7459255119993,0.0,Burgil
2026-06-10 07:12:00,day,economics,47,0x2f26606ccc45a934838a97d44a30c32012ae0d8f,181.64436600000045,702.0,GUINESS123
2026-06-10 07:12:00,day,economics,48,0xc6587b11a2209e46dfe3928b31c5514a8e33b784,179.24700000003213,0.0,Erasmus.
2026-06-10 07:12:00,day,economics,49,0xad5353afe30c2da57709e2704ef3ccdcf67eef24,178.6569221380032,0.0,AJSV
2026-06-10 07:12:00,day,economics,50,0xe7387473b067235436884d16799777cf279edf65,174.99961894500666,0.0,Huludubu
2026-06-10 07:12:00,day,economics,51,0xc4086b708cd3a50880b7069add1a1a80000f4675,162.8165379199927,0.0,JJo
2026-06-10 07:12:00,day,economics,52,0x40cfb29411d29f4fa0908f2a121297042cccd21d,159.99749416000031,0.0,whig
2026-06-10 07:12:00,day,economics,53,0x6992d56559dd30b5b5d0f5ca3d5427f9e94e6c1d,150.6262271300002,0.0,0x6992D56559Dd30b5B5D0F5cA3D5427F9e94e6c1d-1760272837095
2026-06-10 07:12:00,day,economics,54,0x59f1bead500fca3db9483f76fba8832e3c0ca693,145.53001011200058,0.0,zber
2026-06-10 07:12:00,day,economics,55,0x8a98109fb0f1d87d9bfcb4486ba3587b95c51b92,145.3466377799998,5278.030000000001,0xd8dA6BF26964aF9D7eEd9e03E53415D37aA9604
2026-06-10 07:12:00,day,economics,56,0x5927a00e9b7669f80e358535b8036f0cb47193dd,145.30797358500058,0.0,Brown-Weasel-Coffee
2026-06-10 07:12:00,day,economics,57,0xcce2b7c71f21e358b8e5e797e586cbc03160d58b,145.07763806001458,0.0,xcnstrategy
2026-06-10 07:12:00,day,economics,58,0x8ac3a558f884566ce851f402bf7e69dd90a716f6,134.34220000000005,0.0,MankPredict
2026-06-10 07:12:00,day,economics,59,0xe472ce6be1fb4673d6155de37e414ead8bace7eb,132.23321161465537,8479.03,TheRealWarMonger
2026-06-10 07:12:00,day,economics,60,0x2117ae94a97d69b78cbc81b6680a62deb1955c26,120.86000000000058,0.0,Zzzz87
2026-06-10 07:12:00,day,economics,61,0xb1a1985278c50a25758e2e25a217d084706add34,120.55635757000005,0.0,.brain.
2026-06-10 07:12:00,day,economics,62,0xd8d5289c35124b5353f5a10a28b8cc29aec38935,118.90466220149983,0.0,D8D5289c35124b5353f5A10A28B8cC29aEC38935
2026-06-10 07:12:00,day,economics,63,0xfa8fc6a3e706bc4aa7556d060564c154322ad61b,118.80192815000191,0.0,singaporesling
2026-06-10 07:12:00,day,economics,64,0xd75663e2551613ae4c0ad2e75f9fa7906daaae9e,117.64705879999997,0.0,Luckster123
2026-06-10 07:12:00,day,economics,65,0x7c74e447ad8854afc8ba9b2bf57d745cbaacf90e,116.78181039617812,2699.989996,unam354
2026-06-10 07:12:00,day,economics,66,0x5a218c7ad04135830a45c41aaed7294df7809318,116.2649799678693,2034.972937,balthazar
2026-06-10 07:12:00,day,economics,67,0x09d2808f2bb35f98cee9d106997b5f04a910a3ac,113.49362017000021,0.0,0x09d2808f2bb35f98CEE9D106997b5F04A910A3aC-1758807239307
2026-06-10 07:12:00,day,economics,68,0xf2a6ba92c2427c66f28f4504971315df3e5b3dd1,113.33333333300004,0.0,Freerider137
2026-06-10 07:12:00,day,economics,69,0x4dda84243b99198550876b6610b09ca00db6642f,111.89982720000012,0.0,ryanhan
2026-06-10 07:12:00,day,economics,70,0x5cf5a397519f06ba0a466eb76b6f0c65e7e77f12,110.0,0.0,Cashmeowio
2026-06-10 07:12:00,day,economics,71,0xed856be29d1952965c70d9b0607d7b86ed10f876,109.99999313999979,0.0,YYW
2026-06-10 07:12:00,day,economics,72,0xcc32068e0d0b19790e3376bc1751552adcca92d2,106.29739999999947,0.0,0xcC32068E0D0b19790e3376Bc1751552ADccA92d2-1780947291040
2026-06-10 07:12:00,day,economics,73,0xc7b94af93021f0802e3b0d8dc774209dfc7c0024,105.9761142840016,0.0,FernandoLoes
2026-06-10 07:12:00,day,economics,74,0x2a019dc0089ea8c6edbbafc8a7cc9ba77b4b6397,103.90852023365369,2959.705284,aviato
2026-06-10 07:12:00,day,economics,75,0x827b8183d989b0d00b338a5363761f527e766cb4,103.2322503790001,0.0,khaldunresearch
2026-06-10 07:12:00,day,economics,76,0x2fb1200d06810ee535949d8eaa414a5ead21fb84,100.00000000000023,0.0,joloseaturtle
2026-06-10 07:12:00,day,economics,77,0x7cde9cc2fc1ff9556b5167aaaa6fc5b3ce0ab97d,100.0,0.0,allen114
2026-06-10 07:12:00,day,economics,78,0x269ced0ede348b4b3f8fd8470b19f65508f79017,99.99962500000038,0.0,allen111
2026-06-10 07:12:00,day,economics,79,0xb1a279adb096d316b1b168993e8ed976d3cd372a,99.99956271995325,0.0,TwoEyes
2026-06-10 07:12:00,day,economics,80,0xe821d597d53bb282e03bcc63fde018c8f6b9b27e,96.17031339315395,53053.402923999995,tiger11
2026-06-10 07:12:00,day,economics,81,0xe3726a1b9c6ba2f06585d1c9e01d00afaedaeb38,95.04957942017063,0.0,cry.eth2
2026-06-10 07:12:00,day,economics,82,0x765fa4c18dd7c3607cdcee7a87681747c2d51508,93.28758141912465,222.10441199999997,
2026-06-10 07:12:00,day,economics,83,0x8812225c1e9374c5d27f44867fdb5465107323bf,89.999896992,0.0,0x8812225c1e9374C5d27F44867Fdb5465107323BF-1777794550198
2026-06-10 07:12:00,day,economics,84,0xb4f2f0c858566fef705edf8efc1a5e9fba307862,89.37774113500018,178755.44400000002,Desy-1725192185234
2026-06-10 07:12:00,day,economics,85,0x4c2a306f6ede61c38819d7c2b6d5bc4ec2f25a26,88.8228840000003,1040.0,0x4c2a306f6Ede61c38819d7C2b6D5bC4Ec2f25A26-1768899406311
2026-06-10 07:12:00,day,economics,86,0x14619de097b1fbe058d6d36282662c20958a30a1,88.80754442999978,0.0,fwed33
2026-06-10 07:12:00,day,economics,87,0x26572868adcee0e5136dc8d33756e9879d0d42e6,88.73590764999881,1.17,0x26572868AdCeE0E5136dC8d33756e9879d0D42E6-1771354638297
2026-06-10 07:12:00,day,economics,88,0xfb57f8670d2f51a76b0ce40c533ed7d7328c0a46,87.9998999999998,0.0,ppxtu
2026-06-10 07:12:00,day,economics,89,0x9d84ce0306f8551e02efef1680475fc0f1dc1344,86.82793969346676,0.0,ImJustKen
2026-06-10 07:12:00,day,economics,90,0x5e9ffe7473eba7fa54ff7ec5032f70310b3991db,86.45048198649977,0.0,
2026-06-10 07:12:00,day,economics,91,0x94daa3bf531255d6565e937c7249d3918fa12bf1,86.3081984324981,300.0,SaracensCapital2
2026-06-10 07:12:00,day,economics,92,0xe8c5827d987d9bf9e04102a2b84c7de426817a13,85.47918645000118,2000.0,John-Silver
2026-06-10 07:12:00,day,economics,93,0x771293a34f18f936023bbaa37db010a232030c28,83.99975409850015,0.0,0xarise
2026-06-10 07:12:00,day,economics,94,0xad4234f35f30071e5495778a9a5520de0944fe63,83.68830299349975,0.0,PauloCVSilva
2026-06-10 07:12:00,day,economics,95,0x79d980791ab82aff891eee32d41b4e1fbb07baec,83.0,0.0,skibabiba
2026-06-10 07:12:00,day,economics,96,0x8597ca63e722d6216bfc3057591fdc67ec49daee,80.0,0.0,Mr-Krabs
2026-06-10 07:12:00,day,economics,97,0x42410488bb0c5a802e7b2f8c8860259f971e2563,79.33490194000001,0.0,sanek774
2026-06-10 07:12:00,day,economics,98,0xa2a2bcab4f26e6667b82a3b7595ced64d626b04d,79.29916253822739,147003.80599400002,neodb
2026-06-10 07:12:00,day,economics,99,0xb458c3421d1ab330bedca50eb7d3dfb0af2dd89e,76.42481842249998,0.0,LeoTheGray
2026-06-10 07:12:00,day,economics,100,0xd72654f5ab87e3a636715ad63dc5f8ea1279b5c9,75.14000000000001,1156.0,Hossein-m
2026-06-10 07:12:00,day,tech,1,0x190ef2bb8c23f222147684b9dcc6dde2632fb11a,810.8016649447379,4572.419038,0x190eF2Bb8c23F222147684B9dCc6DDE2632fb11a-1769581826816
2026-06-10 07:12:00,day,tech,2,0xb89f5425341719d298dc2f5b9a92374f5fde1c44,790.4600663900055,0.0,iusedtowritepoetryforaliving
2026-06-10 07:12:00,day,tech,3,0x5a218c7ad04135830a45c41aaed7294df7809318,451.50823237966506,2550.898491,balthazar
2026-06-10 07:12:00,day,tech,4,0xc682d7943aad07c246986a7aa2989cfcb17817bb,380.2450665750002,0.0,zthunderfury
2026-06-10 07:12:00,day,tech,5,0x4a2be7a7e6e3b41dc2de00706b4c09660ca9af20,369.3549355812395,4731.999999999999,troim
2026-06-10 07:12:00,day,tech,6,0x005585f3b58f2e81db4484e551fad474d8bade40,311.97638612500043,0.0,rnoansdiogan
2026-06-10 07:12:00,day,tech,7,0x49f206f4fb2210a28af4795e4e0b6532cf0bd7b4,224.3551000000001,0.0,RisottoPasta
2026-06-10 07:12:00,day,tech,8,0x521bf1c6a5435219b599127d85b7afe28758db60,200.4963797449402,0.0,Hannah-Montana
2026-06-10 07:12:00,day,tech,9,0x9cea6c9c32a8f4579023e6ffe989e063eef8ffd2,196.24099941999998,0.0,TheBronxTale
2026-06-10 07:12:00,day,tech,10,0x67482380b9d3266dcfee87abb8ae006c7cce151b,164.31264807499974,0.0,daddypapi
2026-06-10 07:12:00,day,tech,11,0x515e8e9b806a388a51808e2bc5cd92dc11bbec0d,157.42589070249971,0.0,
2026-06-10 07:12:00,day,tech,12,0x7018ba02d635bd8afc0fa8d0cb45d073cc7e98c2,153.2244558250004,0.0,cryptofund
2026-06-10 07:12:00,day,tech,13,0xb2f54cdd9981886970f2f1b41fe8b669d7192f29,122.6339788750006,0.0,anosrngoisndfno
2026-06-10 07:12:00,day,tech,14,0xe732156a2d84cdfb4de831d3f11a22899e49898f,118.73298429045019,2100.544735,Nostdam
2026-06-10 07:12:00,day,tech,15,0x764b305694b026c1acce7bf862c3b5456a146bad,113.81374512604228,1586.5380069999999,quietparcel
2026-06-10 07:12:00,day,tech,16,0x28bf066c6cb952da62d6d182c16ad173ada64a4e,109.0250199999997,857.0,plainfolder
2026-06-10 07:12:00,day,tech,17,0x9d34b2cfc22003cdc78bfbf40e57d7ff77a615a1,101.69828843410001,380.372221,0x9D34B2CfC22003cdC78bFBf40E57D7fF77a615A1-1768912344845
2026-06-10 07:12:00,day,tech,18,0x027a422d069cde53d7ff6baf4ed3212d7a23ea13,100.94509202500012,0.0,LongBFIT
2026-06-10 07:12:00,day,tech,19,0x229c0a7d92977a9934e5ac2348d507988996b966,100.89473502500005,753.04,qqqppp-l1
2026-06-10 07:12:00,day,tech,20,0x0c99e528d01b62a2ff9e9982e2913d2e935287cf,100.0031712,0.0,CloudCactus
2026-06-10 07:12:00,day,tech,21,0xa532080a6b5e9d9790340c65f9e277a9aec2114b,98.84225004000018,0.0,deepy17
2026-06-10 07:12:00,day,tech,22,0xe639e41094bbeae18f3e6d1790c17299183f082a,93.42596160000039,0.0,0xe639e41094bbeae18g3e6d1790c17299183f082a
2026-06-10 07:12:00,day,tech,23,0x74957ea27ac4fbdee46d861fdae357859ff67fcf,91.99099127880515,154.58909699999998,ultralisk
2026-06-10 07:12:00,day,tech,24,0x9d4aea6f0609c6a77070c573d78679ba4d136cb1,91.82250410999995,0.0,ToyodaMan
2026-06-10 07:12:00,day,tech,25,0x764b305694b026c1acce7bf862c3b5456a146bad,90.7625309290421,1642.5380069999999,quietparcel
2026-06-10 07:12:00,day,tech,26,0xb886580698ede4b18de3e446b2d8da8bcedd81b3,88.29172414099999,0.0,0xB886580698eDE4b18DE3E446b2D8Da8bCEdd81B3-1767532547794
2026-06-10 07:12:00,day,tech,27,0xb10047d6a254b2ebb306d7a7d13bf59171ab6461,86.71077156998945,0.0,Parz1vaI
2026-06-10 07:12:00,day,tech,28,0xc02147dee42356b7a4edbb1c35ac4ffa95f61fa8,78.0891376360014,0.0,Eatpraylove
2026-06-10 07:12:00,day,tech,29,0x229c0a7d92977a9934e5ac2348d507988996b966,77.00969611249991,853.7937,qqqppp-l1
2026-06-10 07:12:00,day,tech,30,0x318366cb3fe18323f28b294e8f7d987a91a1c5eb,67.28935018397476,255.36585200000002,Bigsomething
2026-06-10 07:12:00,day,tech,31,0x9aeb534c42b58b21673d5e03e9da14fbd15b2729,66.95747502499944,0.0,The-Joker
2026-06-10 07:12:00,day,tech,32,0xcecaeade076dafc88fdb955864da9d9c15693f67,65.54942007363013,171.79358200000001,Everestpredictions
2026-06-10 07:12:00,day,tech,33,0xc9328e28eeb44978dbac9debb61ebc92931be6a5,60.715201290000095,0.0,Gladius7
2026-06-10 07:12:00,day,tech,34,0xe1b361d6a6f237b9ed7534d19b232df8369e1426,55.846446229999856,0.0,tja
2026-06-10 07:12:00,day,tech,35,0x36edf4d48d3fdf4b59bb549be42843f3349c4a93,55.605629875999966,0.0,babyshark.
2026-06-10 07:12:00,day,tech,36,0x21064fd320bfd5a86f8c92a94d3209edf4154dea,55.2601030258985,5026.142725,rainbowlilies
2026-06-10 07:12:00,day,tech,37,0x0dba1031b49144fc304ceb51b1b4ffbf955371e9,53.64601662000041,0.0,Dzibra1998.
2026-06-10 07:12:00,day,tech,38,0x7226ece5c70d2d90cd49b29028a0dd657bcd834a,52.390269750000016,0.0,kernel.panic
2026-06-10 07:12:00,day,tech,39,0x5b242dc2ebe5eb233d019d17301fdd63618ff36a,46.4596876750001,0.0,Zenef
2026-06-10 07:12:00,day,tech,40,0x86e0596f41151defebdb73ed7c176d77a15fc394,46.093995749999976,0.0,DLMM
2026-06-10 07:12:00,day,tech,41,0xc5187cb669690150643ba2f9aac6b7d98d212594,45.9369089884772,590.221192,mustbethewater
2026-06-10 07:12:00,day,tech,42,0x529d3986c62df484bf34400f655432c5703d6381,45.010962659999905,0.0,DeverNoom
2026-06-10 07:12:00,day,tech,43,0x9f66aa958734d9d5af35f5f19a276d23e84f3a50,44.75970098499985,0.0,MrMelonHead
2026-06-10 07:12:00,day,tech,44,0x7026b2c083d560fca195052493ad2704493b9ab1,44.37662831,0.0,lemmebet
2026-06-10 07:12:00,day,tech,45,0xf86f074c2aa7191533c50c77899148494bce256f,43.74999999999994,0.0,0xf86f074c2aA7191533c50C77899148494bCE256F-1769438581583
2026-06-10 07:12:00,day,tech,46,0xf4baccff188321440a1ed01a5d5fd89c3e1f5933,42.09514248000005,0.0,Treadmilled
2026-06-10 07:12:00,day,tech,47,0xf27a9adeae472b4a36071fb2e130fec3736b7b4d,42.0,0.0,simpton
2026-06-10 07:12:00,day,tech,48,0x582a3849078a613fc9baf451147e5658ec947bb2,41.84535168059401,517.4260360000001,MythicalScissors
2026-06-10 07:12:00,day,tech,49,0x0a6d26d31b28fd5a84c301f8b27296612f3b1d0a,40.88608150999471,0.0,Bikesarethebest
2026-06-10 07:12:00,day,tech,50,0xc354db331f52ef9af32a26464444249fb39ade11,40.5903000000001,0.0,dolmil
2026-06-10 07:12:00,day,tech,51,0xe5d6ef50c0d5cb526485050e61e1ffddbbfc8a40,39.59472362999997,0.0,Susmate
2026-06-10 07:12:00,day,tech,52,0xad96914d7762dac84ebbabafe366ae8ff24dd498,39.393310080000106,0.0,0xAD96914D7762DAC84EbBABAfE366AE8ff24Dd49
2026-06-10 07:12:00,day,tech,53,0xd5b97d08ec6098407bfbf66c2786ccc9967fe44e,38.86420893999821,0.0,Optimus-
2026-06-10 07:12:00,day,tech,54,0xb3bd99454bfc2696c54dba999e7de40fb020f543,38.51499983999997,0.0,megafom
2026-06-10 07:12:00,day,tech,55,0x31558694ba5b6e72e7f67a248807bf2cf74ef96e,37.334058750000054,0.0,njl90
2026-06-10 07:12:00,day,tech,56,0xe8278d22bef444ede84505b7c0ec4e4001305209,36.72025982999958,78.0,Matthewceo
2026-06-10 07:12:00,day,tech,57,0x3779b860139ba123b9c0d13c631bb9164575f61c,35.60797502999992,0.0,bare-dollar
2026-06-10 07:12:00,day,tech,58,0x75f460ec201d3ff97965b98b9ecc9d4fa69f974b,34.67942146000007,0.0,0x75f460EC201D3FF97965B98b9ECC9d4fA69F974B-1780364801518
2026-06-10 07:12:00,day,tech,59,0x99bce72fb855cc8eebe6c85683ede46da1784f35,33.58781989500039,69.03,
2026-06-10 07:12:00,day,tech,60,0xcb14f61711d913773f4b982af340fa7eae175358,33.55888100000038,0.0,ooops
2026-06-10 07:12:00,day,tech,61,0xacd468196b50248509834a7bca8e3044cb3ea98c,32.808481620000066,0.0,AltanaKay
2026-06-10 07:12:00,day,tech,62,0x23cb220de129746606454a7b27e4ba1e4b6b0357,32.45739166999999,0.0,lupin78
2026-06-10 07:12:00,day,tech,63,0x40f222e47e76f7fa9022233237bb03df12e5a57c,30.920820129500004,190.996985,102cats
2026-06-10 07:12:00,day,tech,64,0x5cd938d3b1bf3009173ae7e36c5d83a2354efeb7,30.786658129999978,0.0,
2026-06-10 07:12:00,day,tech,65,0xd0d9bc316073acb95addf458c2246517a3889074,30.627626560999943,0.0,reasoningTokens
2026-06-10 07:12:00,day,tech,66,0xe542afd3881c4c330ba0ebbb603bb470b2ba0a37,30.379500000000007,0.0,leegunner
2026-06-10 07:12:00,day,tech,67,0x45e1535c178dcafb136aec8b7058f2129b695934,30.19397741500012,0.0,dex53
2026-06-10 07:12:00,day,tech,68,0x0aa6fe02a54b554e65230810ceb2d59941aeb38f,29.963539499999996,0.0,KingBlue
2026-06-10 07:12:00,day,tech,69,0x2fde7eb009fae68188e91278f5cc0b24ee9d2c33,29.80327752000005,0.0,kylebutler
2026-06-10 07:12:00,day,tech,70,0x93c3dd7c446cf36406c984c4b21a2f4aef4dbc02,29.702842050000072,0.0,0x93c3DD7C446CF36406c984C4B21A2f4aeF4Dbc02-1769623078000
2026-06-10 07:12:00,day,tech,71,0x743e49b6166314b444982ccbbd6f8eafb0fef405,29.286593639999978,0.0,Homelandy
2026-06-10 07:12:00,day,tech,72,0xe0f1e7751df4035f78a5eb2f4296c98b4d5bc4bd,28.86657735000017,0.0,CompulsiveGambler
2026-06-10 07:12:00,day,tech,73,0x8a98109fb0f1d87d9bfcb4486ba3587b95c51b92,28.84466610000004,159.91,0xd8dA6BF26964aF9D7eEd9e03E53415D37aA9604
2026-06-10 07:12:00,day,tech,74,0x564f22744b7941ade18d5e0e4f347c30e3057026,27.940793136517186,537.6993080000001,molodoyy
2026-06-10 07:12:00,day,tech,75,0xb26312b4e42b7ee92186ca4d412374c2ea056484,26.72025000000002,0.0,pp2223
2026-06-10 07:12:00,day,tech,76,0x5ecde7348ea5100af4360dd7a6e0a3fb1d420787,26.4342329659994,0.0,0xdc3E831cad
2026-06-10 07:12:00,day,tech,77,0xd5906fdc94052db6949963748e2728b740415eee,26.43259024000008,0.0,thebloodangel
2026-06-10 07:12:00,day,tech,78,0x4906519b8b658eba58d3daf27d50be539ace7e10,26.363180564999993,0.0,camtomo
2026-06-10 07:12:00,day,tech,79,0x6430f77e3dc31b0d77140138dc0d028001dad6e7,26.25,0.0,ikengard
2026-06-10 07:12:00,day,tech,80,0x005e19232dd446498f2362094a5e8a5faf94fa99,26.130740734708,1548.396583,ks1992
2026-06-10 07:12:00,day,tech,81,0x13831298c1b4dafccd0834b8930e084b82712541,25.012599999999996,94.00999999999999,lavorare
2026-06-10 07:12:00,day,tech,82,0x11e829d2a19e7ade935861fb043715766a015b74,24.61334140999952,0.0,Justitia
2026-06-10 07:12:00,day,tech,83,0xb03e9b1a6632e4018639a24ba89f7b62e09c1091,24.51831627275,0.1,PUERTOVALLERTA452
2026-06-10 07:12:00,day,tech,84,0xbd0f6c867e2a852807ef8fcdd76d696053da48fd,24.35331804000009,0.0,FatSlag
2026-06-10 07:12:00,day,tech,85,0x6c439f2c136efab50b08cd8a52de3dfb070dfb9b,23.58120000000008,0.0,BlueBase-568
2026-06-10 07:12:00,day,tech,86,0xaa7575ba25247c8eb4c23dfeb39b0237fb59a864,23.30974988999992,0.0,0xAa7575ba25247c8eb4C23DFeB39b0237fb59a864-1749118418017
2026-06-10 07:12:00,day,tech,87,0xb032efba6536a628f34dcb1b0c9f9ab53c59c16c,23.214205046500012,24.990000000000002,
2026-06-10 07:12:00,day,tech,88,0x0cbaab2d3f6cc5998e78cc1969c6ee1f4d1392d3,22.959223550999923,0.0,Anomymous
2026-06-10 07:12:00,day,tech,89,0x73d225c851df25d73b14846a370bdeef9434f9b7,22.72005560000025,0.0,Dapsy
2026-06-10 07:12:00,day,tech,90,0xf2aa8381a08ec33467fbcdd0843aa31cb8d521fb,22.452000000000226,0.0,rabbit007
2026-06-10 07:12:00,day,tech,91,0x63c652270a37e53a170303b6b264a2aa835743a5,22.11760784099988,0.0,big-short
2026-06-10 07:12:00,day,tech,92,0x74265205409f048d6871b25df9d4fd8741463fae,22.11044801999992,0.0,0x74265205409f048D6871b25DF9d4fD8741463FAE-1778213352607
2026-06-10 07:12:00,day,tech,93,0xed107a85a4585a381e48c7f7ca4144909e7dd2e5,21.667027550003695,1206.4699999999998,elmcap2
2026-06-10 07:12:00,day,tech,94,0xf2cf3cf7863182c763bce60580a7d20e9333464b,21.545448103999995,156.155365,Mojito9
2026-06-10 07:12:00,day,tech,95,0x6e7bcbbcc24296e5138d51cd570cf43a3b2fbcbc,21.208032030000027,0.0,SumDumFuk
2026-06-10 07:12:00,day,tech,96,0x645a91730f588c5586e8860936a7e3554303fd84,20.37772765600016,0.0,nobtc
2026-06-10 07:12:00,day,tech,97,0x0562e01b3c3e65bb93bf0de32f02cec238a79d66,19.999803749999046,0.0,iForgor
2026-06-10 07:12:00,day,tech,98,0x4dc2ce59c39f7ca8155c88e88a635f0034d60933,19.629264850000027,0.0,MechaHitlah
2026-06-10 07:12:00,day,tech,99,0xd23f8c8aab13cfb2a35da40b67f8471faf9894a1,19.32251211299993,236.597535,Corlys
2026-06-10 07:12:00,day,tech,100,0xe7639669dbbd83865d47665ea127b0caf8bb007d,19.04403693000006,0.0,robertoteto6
