timestamp,timeframe,category,rank,address,pnl,volume,userName
2026-06-07 07:08:07,day,overall,1,0x4bff30af91642dc7d2b19a8664378fe55c45fc26,323180.34516895656,770358.109102,Sassy-Bucket
2026-06-07 07:08:07,day,overall,2,0xfe787d2da716d60e8acff57fb87eb13cd4d10319,261714.60368600208,822776.7200120001,ferrariChampions2026
2026-06-07 07:08:07,day,overall,3,0xb91aeb5accc33a5f9a8615b8ed6b2d352e913987,259980.0997453353,438922.466146,afghj2421
2026-06-07 07:08:07,day,overall,4,0x03e8a544e97eeff5753bc1e90d46e5ef22af1697,172388.114367906,0.0,weflyhigh
2026-06-07 07:08:07,day,overall,5,0xefddbb135e2cc2648e3ca6a6b3d4fa4994d5017f,159574.1698867071,244994.404888,maxgreen
2026-06-07 07:08:07,day,overall,6,0xdbade4c82fb72780a0db9a38f821d8671aba9c95,134413.45981317712,239727.959121,SwissMiss
2026-06-07 07:08:07,day,overall,7,0x9f2fe025f84839ca81dd8e0338892605702d2ca8,110015.04119553324,692010.0924529998,surfandturf
2026-06-07 07:08:07,day,overall,8,0xf284ad6d607f777f34bc643cea587c33a886b9f9,97205.21655696066,262307.510156,strike123
2026-06-07 07:08:07,day,overall,9,0xcd65c3279408a33866a9129bed6943064cb6ee96,84423.19445637357,0.0,NiNo999
2026-06-07 07:08:07,day,overall,10,0x2c335066fe58fe9237c3d3dc7b275c2a034a0563,66791.18476330076,948585.852972,0x2c335066FE58fe9237c3d3Dc7b275C2a034a0563-1759935795465
2026-06-07 07:08:07,day,overall,11,0xb9c7d35d1f04d08624fabcfd3b6cee2d3c9baade,48960.17171824799,0.0,taylorsversion
2026-06-07 07:08:07,day,overall,12,0xd6966eb1ae7b52320ba7ab1016680198c9e08a49,47340.73036238033,32973.15,EIf
2026-06-07 07:08:07,day,overall,13,0x1117eade222413335b7ec959e5b48c1d3dbc3532,45956.16407737257,28988.819693999998,benwyatt
2026-06-07 07:08:07,day,overall,14,0x784feec38475dc47e63c3a16cbd24b905dab5df9,43202.71188063352,9794.805651,diadjaid
2026-06-07 07:08:07,day,overall,15,0xdb859a551fcf56e49416160911476bea7307152f,39751.41364548632,114970.177034,AV23IUa
2026-06-07 07:08:07,day,overall,16,0x763427e72a4dcbd078a819a9de9b32de2794600d,38110.41329038533,131086.571777,KosekiBijou
2026-06-07 07:08:07,day,overall,17,0x84cfffc3f16dcc353094de30d4a45226eccd2f63,35564.083446064265,901197.2864129997,mooseborzoi
2026-06-07 07:08:07,day,overall,18,0xa39826566cb711cc10220fbe9fcc560c2faf6c83,35442.993701001105,51038.453666,
2026-06-07 07:08:07,day,overall,19,0xb809a4b78b5eadc71d84be43eda0491eedf72004,34522.51871805162,12133.667689000002,R88N
2026-06-07 07:08:07,day,overall,20,0xf68a281980f8c13828e84e147e3822381d6e5b1b,30596.868245662987,238506.17615799996,iDARKenjoyer
2026-06-07 07:08:07,day,overall,21,0x5268527977f700f9bf9b6d5cd843859e4e70135d,25906.841609824914,294698.52592400013,HomeRunHazard
2026-06-07 07:08:07,day,overall,22,0x09b540739cfa17ba6b61f4351000583cd6397e72,25841.700000000004,0.0,0x68234mjhgfvj8612543ytjsa6187235v81283
2026-06-07 07:08:07,day,overall,23,0x1465b79bff7992bc703e1aafb3683b1089647072,25742.41427991999,0.0,JnStTrdrBnusFnd
2026-06-07 07:08:07,day,overall,24,0x61e6cefb61ff796aec1ab7376c38eed778760e2e,22467.281336,170599.33051899998,ProphetofBTC
2026-06-07 07:08:07,day,overall,25,0xe7a2052a8b7c6b865e3eb3d16300a4db7432ae70,20650.04853946501,18055.253319,TheOneto3
2026-06-07 07:08:07,day,overall,26,0x324aed2a00c8f485f636b7d5916fcf44c9a53721,20368.759955613503,0.0,superblueinc
2026-06-07 07:08:07,day,overall,27,0xf43842aca68209bd8bd3b4cfae00a32053769559,19487.383608614968,0.0,PendulumExchange
2026-06-07 07:08:07,day,overall,28,0xaa075924e1dc7cff3b9fab67401126338c4d2125,18377.62650825642,83226.22180600002,rustin
2026-06-07 07:08:07,day,overall,29,0xb2a3623364c33561d8312e1edb79eb941c798510,18296.346662932076,0.0,aekghas
2026-06-07 07:08:07,day,overall,30,0xbde33ac3839672f1bd3fecfc0271ad95f07c4a49,17288.289451966906,93893.013579,213546566
2026-06-07 07:08:07,day,overall,31,0xc660ae71765d0d9eaf5fa8328c1c959841d2bd28,16822.787854288792,21165.46,BoggsFromShawshank
2026-06-07 07:08:07,day,overall,32,0xe3c9c84c9917d21351902f3bfde3420543ea4b9c,16724.61038550955,1252.9773189999999,DimSumConnoisseur.
2026-06-07 07:08:07,day,overall,33,0x2005d16a84ceefa912d4e380cd32e7ff827875ea,15013.402262596413,279666.79712500004,RN1
2026-06-07 07:08:07,day,overall,34,0x19254b55e7c48e88baab9e62cc218223a6544654,14908.329821635907,0.0,ReCh4
2026-06-07 07:08:07,day,overall,35,0x204f72f35326db932158cba6adff0b9a1da95e14,14855.860236665234,462355.768777,swisstony
2026-06-07 07:08:07,day,overall,36,0x55be7aa03ecfbe37aa5460db791205f7ac9ddca3,14818.168729122379,14048.922009999998,coinman2
2026-06-07 07:08:07,day,overall,37,0x9703676286b93c2eca71ca96e8757104519a69c2,14496.852600994462,40839.96674999999,TheMangler
2026-06-07 07:08:07,day,overall,38,0x06dc51826bc524d9a83770e7de9dd7e005b04524,14105.994480353838,209098.99205899998,0x06dc51826bc524d9a83770e7de9dd7e005b0452
2026-06-07 07:08:07,day,overall,39,0x6a72f61820b26b1fe4d956e17b6dc2a1ea3033ee,13970.848551729694,57936.676221999995,kch123
2026-06-07 07:08:07,day,overall,40,0xf1528f12e645462c344799b62b1b421a6a4c64aa,12650.256602020876,134.68,phonesculptor
2026-06-07 07:08:07,day,overall,41,0xc1a9273b15a17d21af09dddb42b9239b93d4e2db,11976.135376874998,0.0,0xc1a9273b15a17d21AF09DddB42b9239B93D4e2Db-1777826537793
2026-06-07 07:08:07,day,overall,42,0x53757615de1c42b83f893b79d4241a009dc2aeea,11566.064173837574,112869.878702,
2026-06-07 07:08:07,day,overall,43,0xb6c35456f029c3eeb66853a0481199d2c474600f,11127.578418505,194.44,everythingisokay
2026-06-07 07:08:07,day,overall,44,0xd218e474776403a330142299f7796e8ba32eb5c9,11040.49830039552,110130.02937500003,cigarettes
2026-06-07 07:08:07,day,overall,45,0x0a77bc0638f13892c8b1d1d2c13ba178540f9d74,11028.248071439884,10092.908456000001,0x0A77exmm
2026-06-07 07:08:07,day,overall,46,0x032eb1bc893940263ad0b01889f262fc232f2a9e,10634.339669860019,29159.269999999997,purplegatto
2026-06-07 07:08:07,day,overall,47,0x252d7bae5ec87553dcafb23e275c202ac0d3c456,10547.80004984721,49607.605210999995,getbipped
2026-06-07 07:08:07,day,overall,48,0x52911b9d1d9da4d4783fb3280c0ccd6e73f0d4b6,10479.734718708336,140015.588652,0x5453da42Cd33b0ED6B796d03d2395f278C779F9F-1773916108628
2026-06-07 07:08:07,day,overall,49,0x724db3c436dcc7b26fbe1ae0c0d6af538b588dea,10413.564619537501,171368.369856,RITB123
2026-06-07 07:08:07,day,overall,50,0x955c9661bf6e010beff0ba896a49f715a8c8990f,10334.272620396461,28898.992274999997,
2026-06-07 07:08:07,day,overall,51,0xafbacaeeda63f31202759eff7f8126e49adfe61b,9986.117337792035,0.0,SammySledge
2026-06-07 07:08:07,day,overall,52,0x0fe40e887acbd0022f89d996acce26ab428501b7,9863.096317985211,55108.240825,gobblewobble
2026-06-07 07:08:07,day,overall,53,0xe1a24206ed13433b70c603424c8a616b691d14b8,9769.861300000004,0.0,sss.tier
2026-06-07 07:08:07,day,overall,54,0x31d86c24815c9fe6ae4d5b2b712d8f021fdfe99b,9564.26625,0.0,WWizard
2026-06-07 07:08:07,day,overall,55,0x1942b68a7c35be596cc2af812012adeeedfa9d17,9557.87616,18964.04,Gooner6412
2026-06-07 07:08:07,day,overall,56,0xb946612a2824a414bdc2427e9a23e731d3842671,9531.247955999981,42354.886856000005,Wgod
2026-06-07 07:08:07,day,overall,57,0x6211f97a76ed5c4b1d658f637041ac5f293db89e,9381.486091000028,18395.070768,Tiger200
2026-06-07 07:08:07,day,overall,58,0x27b0dceebc77ebc59573b818144743b9f1a2209b,9199.999799900048,0.0,yuahldj
2026-06-07 07:08:07,day,overall,59,0xaf23273e03a924a257edd6beae7133cf9d32377f,8942.544454519972,0.0,SCssss
2026-06-07 07:08:07,day,overall,60,0x32ed517a571c01b6e9adecf61ba81ca48ff2f960,8828.928252359146,38062.486573,sportmaster777
2026-06-07 07:08:07,day,overall,61,0xf0ff483ce015d7a784b51c34181f3ad112a2593d,8817.94475051649,21547.986197000002,jewishEp
2026-06-07 07:08:07,day,overall,62,0xd202bf6d89dc6bab1b9f00ead175f75466348973,8676.153138720023,31616.874342,meoooow
2026-06-07 07:08:07,day,overall,63,0xfe9455e2cad5257b26547af62cbbfd75c8968a3d,8670.782411319473,0.0,lovedudley
2026-06-07 07:08:07,day,overall,64,0xb687f00464e33934f5d591f224e71c3559ecaee5,8309.68853315458,1222532.152456,alwayslatetotheparty
2026-06-07 07:08:07,day,overall,65,0x55eca3687ea7d69632ffe0f297ea3d5158bb8c7d,8272.15221430143,1347463.284572,afkpnl
2026-06-07 07:08:07,day,overall,66,0xf91683432c57581b0c8c58eb3bd0d6e5f03fe770,8229.018674999998,14142.439613,Salad1
2026-06-07 07:08:07,day,overall,67,0x5cfcc624e07dd8d7354d7393048b0ae87619e62d,8225.176161728557,28181.074325,0x5cfcc624e07dD8D7354D7393048b0Ae87619E62D-1778966566900
2026-06-07 07:08:07,day,overall,68,0x1edc9e979bb30983893679a0c2221e7697de77bf,7960.5574,0.0,levasuk1
2026-06-07 07:08:07,day,overall,69,0xdb83e85ffd22faa4009273034770f96ffc5b1e50,7905.185645029298,124235.51583400002,sentrio
2026-06-07 07:08:07,day,overall,70,0x5aa981521b4e94fee3b3bf18fe441f62e865febe,7727.846500812074,135972.97738100003,apucimama
2026-06-07 07:08:07,day,overall,71,0x44c1dfe43260c94ed4f1d00de2e1f80fb113ebc1,7657.634787304272,131071.793445,aenews2
2026-06-07 07:08:07,day,overall,72,0x05a7aac83aefa8faf745507cf14806043fd442e6,7642.085439443621,26515.448899000003,Roulette1
2026-06-07 07:08:07,day,overall,73,0x1f1655893d087d79df1963b8f013a0e8f6383561,7359.722516052489,192768.52703700002,Simbath
2026-06-07 07:08:07,day,overall,74,0xf0f7f99300c5fa7ebedd7b7d806b97528c580c5a,7322.77954710435,12776.187373000002,us291
2026-06-07 07:08:07,day,overall,75,0x160db9bb5bf012f21251a74737093bcdc36f5295,7268.612368623988,4000.0,JESUSCHRISTISGOD
2026-06-07 07:08:07,day,overall,76,0x7bc14171ccb0d3e6bac219ec6a76211826e28db4,7264.276398120297,25021.095645999998,coali10
2026-06-07 07:08:07,day,overall,77,0xf195721ad850377c96cd634457c70cd9e8308057,7250.824308203068,0.0,lo34567Taipe
2026-06-07 07:08:07,day,overall,78,0x448861155279dbf833d041b963e3ac854599e319,7205.665991656,7167.029291,Flipadelphia
2026-06-07 07:08:07,day,overall,79,0x6157d529ae129fe08f22a27ed42e741d2eaa9fb4,7187.914358190712,5882.35294,xxyyxxzz
2026-06-07 07:08:07,day,overall,80,0xb5a5dca472a82c1b7770dc801d637b429032e3ca,7080.365247671778,81586.76254600001,
2026-06-07 07:08:07,day,overall,81,0x03805a13a0b3e058f55f6c6af95389d4f431073d,7023.282763777505,112110.357595,donthackme
2026-06-07 07:08:07,day,overall,82,0xe40172522c7c64afa2d052ddae6c92cd0f417b88,6653.525775984977,31073.039387,BoomLaLa
2026-06-07 07:08:07,day,overall,83,0xb87b5c3cf36ab3c5afcc81cd33de4b2fda203626,6593.195478752172,232389.143342,stockpicks
2026-06-07 07:08:07,day,overall,84,0x85c7fb1c7b79b0c538274000dea1df55985748c1,6494.730799978956,89820.87588100001,0x85c7fB1c7B79B0C538274000dEa1Df55985748c1-1780360019417
2026-06-07 07:08:07,day,overall,85,0xe9cbb1c9b3f7f411dd4fdf2ea7afa780c8b4d096,6422.720388578673,274088.843204,lameloballer
2026-06-07 07:08:07,day,overall,86,0x90abdcf39fcf9fe70a3b570fa0b86c61079aded1,6308.80619786703,25541.722740999998,luckboxx
2026-06-07 07:08:07,day,overall,87,0x21f333307ac6d2e65ac82f014b3dd2b64cbc35e3,6298.058678822463,5493.899406,hi774c
2026-06-07 07:08:07,day,overall,88,0xa2b5bafa01d0f81926a2a88e5628a95b59fc4582,6281.428820899746,12252.740763000002,BruceWayne77
2026-06-07 07:08:07,day,overall,89,0xe9076a87c5ed90ef16e6fe6529c943baeca0cff6,6204.837147349979,629178.9403149998,suntori
2026-06-07 07:08:07,day,overall,90,0xd27cc742d023d06ef633a4c880cf1ff1836ec081,6162.4060499999905,11752.180000000002,madkkee
2026-06-07 07:08:07,day,overall,91,0xcc500cbcc8b7cf5bd21975ebbea34f21b5644c82,5981.266120090171,39431.16107100001,justdance
2026-06-07 07:08:07,day,overall,92,0xdd5ef115f801999575b03d78d0115ad8b2d59040,5891.174447000318,33504.600789,Forecastication2
2026-06-07 07:08:07,day,overall,93,0x842ac934cfff1467f27c167c42c318001e407422,5882.805205746554,13168.965942,ChompChomp888
2026-06-07 07:08:07,day,overall,94,0x9fad8308ef6b6ed5320e53a290a3bd4ad91f5a9f,5845.677054999542,27917.645867,Dingwin
2026-06-07 07:08:07,day,overall,95,0xf02008dd334fe83c8dad61dd9a54776d7fb03212,5797.350393794989,81497.85,threeblindmics
2026-06-07 07:08:07,day,overall,96,0x9b7ac362d911e3483bdf0fb95a423278bc54bc22,5727.744487344556,23359.511165,Sociopathy
2026-06-07 07:08:07,day,overall,97,0xa022ba0a68e11a78348382ff168601012d4d77f8,5720.1428765929195,0.0,yungstalin
2026-06-07 07:08:07,day,overall,98,0x0c0e270cf879583d6a0142fc817e05b768d0434e,5678.550698069448,13223.916191,The Spirit of Ukraine>UMA
2026-06-07 07:08:07,day,overall,99,0x58aa47a2e3e0396f8c09259d87990db12e56a481,5662.4523140960555,33593.915171,berboche
2026-06-07 07:08:07,day,overall,100,0x8f8c0eb3c2450ae709c2369bb61dd1b049e9e275,5659.506097185076,0.0,timezonewarrior
2026-06-07 07:08:07,day,politics,1,0x784feec38475dc47e63c3a16cbd24b905dab5df9,43206.71183685702,9794.805651,diadjaid
2026-06-07 07:08:07,day,politics,2,0xb2a3623364c33561d8312e1edb79eb941c798510,22087.83096293197,0.0,aekghas
2026-06-07 07:08:07,day,politics,3,0xa2cd4ccda9a1f95949df7a3355c4c2daa0642ba0,9377.215804641659,111323.54000000001,0xA2cd4CcdA9A1f95949DF7A3355C4c2DAa0642Ba0-1729178570395
2026-06-07 07:08:07,day,politics,4,0xecaa8806a9a05049d7d5260a33dc924220e377a9,7067.533707894705,934.9558750000001,Melody626
2026-06-07 07:08:07,day,politics,5,0x44c1dfe43260c94ed4f1d00de2e1f80fb113ebc1,6409.54048923403,125263.02701800001,aenews2
2026-06-07 07:08:07,day,politics,6,0xa022ba0a68e11a78348382ff168601012d4d77f8,6282.126972884464,0.0,yungstalin
2026-06-07 07:08:07,day,politics,7,0xf39651f0addaad0221806d828197064b97feed0d,4898.843309988966,0.0,Pajamapants
2026-06-07 07:08:07,day,politics,8,0xcbab47f889ffffbb603f600a5feeb0eca0cc9a8a,4549.391985275464,3157.782607,ameameameameame
2026-06-07 07:08:07,day,politics,9,0xe25b9180f5687aa85bd94ee309bb72a464320f1b,4194.642470881867,0.0,WordleAddict
2026-06-07 07:08:07,day,politics,10,0xb886580698ede4b18de3e446b2d8da8bcedd81b3,3864.5623120501477,31534.561893000006,0xB886580698eDE4b18DE3E446b2D8Da8bCEdd81B3-1767532547794
2026-06-07 07:08:07,day,politics,11,0x37d366a769f58ef478f72c6b1bf730424b2b709a,3323.3766827863,7078.62,Drose32
2026-06-07 07:08:07,day,politics,12,0xa30e451354cb41cfd46689a065defed989ea49d5,3272.860751229993,0.0,SAPolitcsSeer
2026-06-07 07:08:07,day,politics,13,0x70798a8b07483242d768acd1bd1fa26b4648155d,2701.61078625399,0.0,0x70798a8B07483242D768AcD1bD1FA26b4648155d-1779753819683
2026-06-07 07:08:07,day,politics,14,0x03805a13a0b3e058f55f6c6af95389d4f431073d,2694.1475949155283,21032.291682,donthackme
2026-06-07 07:08:07,day,politics,15,0x5739ddf8672627ce076eff5f444610a250075f1a,2596.4867668995867,12037.977216,hopedieslast
2026-06-07 07:08:07,day,politics,16,0xeb490d0534bb68b4c2ce139b219a728cd2c3693e,2513.1971396814915,0.0,78979879879879
2026-06-07 07:08:07,day,politics,17,0xc3c3b3ef304ddbea39fa2246e683a71da5d0eec8,2416.6589307512622,0.0,comon119
2026-06-07 07:08:07,day,politics,18,0x335592400e402c26583ce8b56d12605e9548a126,2413.4257550059992,0.0,ranger44
2026-06-07 07:08:07,day,politics,19,0x78c66755790cce49927ed6269b70ef4354654710,2225.870820000033,0.0,expectless
2026-06-07 07:08:07,day,politics,20,0xc15b833b6991e5dbcaca029f7d0f951e5db238af,2196.568208462035,0.0,makinta
2026-06-07 07:08:07,day,politics,21,0x61e7e940dc615fd3e409a2ca4c5ee7f57e1f6e8b,2350.9627404209823,8492.732221,jimbobianthethird
2026-06-07 07:08:07,day,politics,22,0x78c66755790cce49927ed6269b70ef4354654710,2225.870820000033,0.0,expectless
2026-06-07 07:08:07,day,politics,23,0x25257a6a89dba93dd0c536b6279365632a4eb919,2106.5823266431253,21349.153393,Trading4Fridge
2026-06-07 07:08:07,day,politics,24,0xe36f5735f5bc12c36b361a599e8603d56f7ccd91,1972.4015782969946,0.0,sameday1
2026-06-07 07:08:07,day,politics,25,0x59c49a09e5335430833b96d96af9e581b0a9b517,1907.3374833590642,0.0,badbbd
2026-06-07 07:08:07,day,politics,26,0xb37aa8834f9baefc6fb3312f59df8ddf0348f1b1,1854.8058383211019,9055.045388999999,FutureSteak
2026-06-07 07:08:07,day,politics,27,0xb8a717fed80eab7258a9ff6ba9961908691d7674,1838.4328272665298,0.0,pugdev
2026-06-07 07:08:07,day,politics,28,0x334b261e6ab81287841c1e8c9326a149b8bfd971,1802.7944125139984,0.0,treesanddreams
2026-06-07 07:08:07,day,politics,29,0x5a218c7ad04135830a45c41aaed7294df7809318,1749.8976989024086,11159.192435,balthazar
2026-06-07 07:08:07,day,politics,30,0xeed588bab0b0df73a9a6def7a59e512e9ede1a33,1716.974597013439,0.0,mohahaha
2026-06-07 07:08:07,day,politics,31,0xa6b7ebd5ce137c3b5d56f896a52eba71702bd5f3,1687.4702833249994,6611.737187000001,Relaccsed
2026-06-07 07:08:07,day,politics,32,0x228e97802f2576d2d1a26808b9ed4fe6f40f4f84,1682.841850349997,135.11,najksdnfjak
2026-06-07 07:08:07,day,politics,33,0x0c0e270cf879583d6a0142fc817e05b768d0434e,1673.343429823406,13223.916191,The Spirit of Ukraine>UMA
2026-06-07 07:08:07,day,politics,34,0x1e1f17412069c0736adfaadf8ee7f46e5612c855,1524.6360396011733,0.0,Brokie
2026-06-07 07:08:07,day,politics,35,0x9604b357e8307b0ccc8eb5812725d2b112c6fc1d,1437.340968079995,0.0,Batundi
2026-06-07 07:08:07,day,politics,36,0x8f69269039b9a401de28a38c2f1c3001364b7df1,1314.1893804493666,0.0,DumplingBMF
2026-06-07 07:08:07,day,politics,37,0x83720820a8aa6c3f20ad71850e7a1a17d16c5223,1285.927242295491,0.0,Jsram
2026-06-07 07:08:07,day,politics,38,0xc0a1298e2d6ba216efb554865369152da9c5a33b,1210.09760202514,0.0,EddyAncogld
2026-06-07 07:08:07,day,politics,39,0x8c77f05146e51767ae3ee5cb67fb7a81c8414d42,1193.8911388219976,1000.0,Slider26
2026-06-07 07:08:07,day,politics,40,0xb1ca909e848cc24ec4e220ce1c453bc290c51705,1187.9850771617857,27882.373635,NonceChaser
2026-06-07 07:08:07,day,politics,41,0xd0a59249c778bff97cf4929adc3a4facec84e193,1164.9184789799983,0.0,renanpresidente2026
2026-06-07 07:08:07,day,politics,42,0xc91e3f86f1bd1934aac164f3b7dc7b0bd5dffd52,1149.4022988399956,0.0,tstsa
2026-06-07 07:08:07,day,politics,43,0x511f9c771449162349795d17becf8b37031acbe1,1134.827244630098,9188.154446000002,Bigggggggg
2026-06-07 07:08:07,day,politics,44,0x9a3fa403a6666eef75f92f181fcf13f9c051914a,1126.817458477497,9423.262449,Rex416
2026-06-07 07:08:07,day,politics,45,0x448861155279dbf833d041b963e3ac854599e319,1124.1413701605052,1225.72,Flipadelphia
2026-06-07 07:08:07,day,politics,46,0xa1d82aa07258aac95b2a7f0893f740a37ef1a786,1120.036148045012,0.0,IHeardLoveisallyouNeed
2026-06-07 07:08:07,day,politics,47,0x44a08c836c70fdf0cf38b6b89dda77b0e452c3b9,1101.6162523470039,0.0,0x44vanz
2026-06-07 07:08:07,day,politics,48,0x2e0b70d482e6b389e81dea528be57d825dd48070,1086.7449391239497,5.01,Trump2028
2026-06-07 07:08:07,day,politics,49,0x7523cafcee7bcf2db9a79d80e0d79b88a9a54c4c,1067.708071049943,0.0,DonaldinhoTrumpito
2026-06-07 07:08:07,day,politics,50,0xd6b6f6924341b00626e603240f799644d4b6342b,1044.4969829205656,386.05425,sciuboi
2026-06-07 07:08:07,day,politics,51,0x3e5b23e9f71b2a2edcd5629d3f948f12f591073b,1006.7443287864517,39.39,beenraping
2026-06-07 07:08:07,day,politics,52,0x6fcac84365abab055cf438754ed5a14c78f605bc,991.3593190929969,0.0,Thomas58
2026-06-07 07:08:07,day,politics,53,0x785fd6221d9987a8a401ea0ee3f5d65e26b6c1b5,981.8800333000108,0.0,TimothyChalamet888
2026-06-07 07:08:07,day,politics,54,0xd3a6e523c440f94f9259398fbcf7b5cc5ccffd55,967.9560000024503,0.0,operationcastle
2026-06-07 07:08:07,day,politics,55,0xc6a28c25a8409f2d5bea1d5041355eec097fd076,964.8547943233134,1856.66,Denis99
2026-06-07 07:08:07,day,politics,56,0x4f9eedcc32b40633a04fb45b8149e1b600479aa0,955.0055278489999,0.0,m3tuna
2026-06-07 07:08:07,day,politics,57,0xd6321c049c527e8a622d6aa35f514ae74f798afb,923.5176502085051,0.0,GenaTheBondKilIer
2026-06-07 07:08:07,day,politics,58,0x7a16aaab6f509353948461e306d05e680fa033db,918.2168866400025,0.0,DegenCAD
2026-06-07 07:08:07,day,politics,59,0xc6dd722558dbfbd8fa780efcbe819ed8c6604b9f,867.2432487480401,0.0,tourists
2026-06-07 07:08:07,day,politics,60,0x15fdd6a159788bd7d382f5669a047ad0fcb2cc95,858.6638956580045,0.0,PolBandit
2026-06-07 07:08:07,day,politics,61,0x0f0223dc4b5c68f345ac4f0444f2955740b85bfb,845.0964289529948,0.0,0x0F0223dC4b5C68f345Ac4F0444f2955740B85bfB-1779940201096
2026-06-07 07:08:07,day,politics,62,0x35bbbad2415fe5e39b12da9a316cdc80b022009b,841.076990400994,38.78,MisTKy
2026-06-07 07:08:07,day,politics,63,0x5969ad859ca21e7cad3acc3253199bac63f05bed,840.1514146129921,0.0,aaron107
2026-06-07 07:08:07,day,politics,64,0xe40362b6d2c1eb1134da886f4c64f02f08f6e5a4,837.3769495800025,0.0,Coram_Deo
2026-06-07 07:08:07,day,politics,65,0x1fee90f352fd362ea4bf13c6ed7cdd83a4d2ed5e,830.5001693319937,0.0,lomneivan
2026-06-07 07:08:07,day,politics,66,0x7ac83882979ccb5665cea83cb269e558b55077cd,812.1167000579444,6809.103874,nicoco89
2026-06-07 07:08:07,day,politics,67,0xcb3143ee858e14d0b3fe40ffeaea78416e646b02,807.7823555438663,900.0,0xCB3143ee858E14d0B3FE40fFeaEa78416e646B0
2026-06-07 07:08:07,day,politics,68,0x06c0d07d5b59b25316bf1e6007aca6ad8f20bc23,792.3068366400184,0.0,19HO
2026-06-07 07:08:07,day,politics,69,0xd2f69495f56e2975433728e0a767400d6e3d47ec,776.873623200001,0.0,GyXZ
2026-06-07 07:08:07,day,politics,70,0x8c57f67ac7cc69a4cf96be5747cb2ed63dc9f939,768.3083350639936,0.0,mm4ker
2026-06-07 07:08:07,day,politics,71,0x13bdce34650f7a5722e3399f3694fba1f7ce727a,760.657425695999,0.0,
2026-06-07 07:08:07,day,politics,72,0xf95268b3c9910617b074f23e3160be9829d8ce76,750.9560805427717,2771.4145000000003,SolaEclipse
2026-06-07 07:08:07,day,politics,73,0x9aeb534c42b58b21673d5e03e9da14fbd15b2729,735.8684461059929,10126.92,The-Joker
2026-06-07 07:08:07,day,politics,74,0x7fdc0f0e0205aac4ee092e7ed6bd35add9451830,725.2973633259971,0.0,echovl
2026-06-07 07:08:07,day,politics,75,0xb4f2592e67c333e73c923547cfe05e768180e5fa,712.2569356114691,0.0,M2sx92kljs42
2026-06-07 07:08:07,day,politics,76,0x6d9fc316c3b8377060a44b852ba664adbfd59790,699.8367603700608,14459.273153,MEPP
2026-06-07 07:08:07,day,politics,77,0xfb5148fc7223630e0967dbfa8cd920d83ab4742d,698.4130384550517,10938.654535,StudentMoney
2026-06-07 07:08:07,day,politics,78,0x47127cb8d8b55a7c1e7eddd6d38dc32e663b29dd,688.3045541399988,0.0,mlemnonny124
2026-06-07 07:08:07,day,politics,79,0x7d56d84778fc6caa66f517be0ebe1df5d9f54950,661.0030263209992,0.0,x991crocs
2026-06-07 07:08:07,day,politics,80,0xdbade4c82fb72780a0db9a38f821d8671aba9c95,660.3424512697384,0.0,SwissMiss
2026-06-07 07:08:07,day,politics,81,0xd5906fdc94052db6949963748e2728b740415eee,656.9930877409952,0.0,thebloodangel
2026-06-07 07:08:07,day,politics,82,0x6ca3bbd21ece8efe616738d04c5664f746be590f,639.7247374299986,0.0,DaOnepiece
2026-06-07 07:08:07,day,politics,83,0x62cf46cd4c3af254dccfc37a7f93de265b4b5826,631.6929253975181,720.09,eCash
2026-06-07 07:08:07,day,politics,84,0xaac2469db4c243a2931acc252967b171bd97e8ce,627.1826182400109,19966.74,upont
2026-06-07 07:08:07,day,politics,85,0x7a3b6452a73cfdada92a9bcd6c13cd9dd7782138,626.9319998030005,0.0,Andrycuk
2026-06-07 07:08:07,day,politics,86,0xf797d4d1c038d1eb0593edae0e66bf8e4b2e0bf2,623.9757972649986,0.0,DerDon
2026-06-07 07:08:07,day,politics,87,0xd1049158a102840ce595efc6ab683a0cb6fbacef,620.8494871499861,24359.96,pilimili
2026-06-07 07:08:07,day,politics,88,0xa28e6b65cb2ed4e3977725f41beb4892fd8cb220,609.9633057961901,0.0,cr7
2026-06-07 07:08:07,day,politics,89,0x8afa03dd6974e44d00c4d14dcccb00c0ddf6adb6,600.3002725215629,3954.2179410000003,stupid22
2026-06-07 07:08:07,day,politics,90,0xa65ccb877d2cb355dc74ad3be7134de30ac732fb,587.7937474846567,122.47,Metusalem
2026-06-07 07:08:07,day,politics,91,0x7511ec2fa81d5fb6b5a4ed436e287b434d8ea568,586.159460830022,0.0,millanos
2026-06-07 07:08:07,day,politics,92,0x90264311ebebc6d447a885c560787af108cad7e4,585.782966316001,0.0,caspersmc
2026-06-07 07:08:07,day,politics,93,0xc8ab97a9089a9ff7e6ef0688e6e591a066946418,583.2614952474833,338983.345217,ArmageddonRewardsBilly
2026-06-07 07:08:07,day,politics,94,0xfaf98181c44636998a194aa7660bcae1b977f4c4,581.6562090024781,1000.0,onekey02
2026-06-07 07:08:07,day,politics,95,0xd21fb49df45227f39db020e79db6f53ac3bbe03f,579.8524626599974,0.0,ForzaEton
2026-06-07 07:08:07,day,politics,96,0x37d366a769f58ef478f72c6b1bf730424b2b709a,576.5228314838023,7078.62,Drose32
2026-06-07 07:08:07,day,politics,97,0x4ac0cdd5cf34d8abe8c05d8e1489c22d16a88a21,575.2959107999995,0.0,OnlyBibi2026
2026-06-07 07:08:07,day,politics,98,0x0dde1b35552efae5aa3759aedb6fa7b2d6f594c3,569.939529156989,112.28743300000001,DFK
2026-06-07 07:08:07,day,politics,99,0x333e8f4fb0353ef31cf1a7d00789e1319381369b,565.6185350000032,0.0,Smallpeepee
2026-06-07 07:08:07,day,politics,100,0xcd0ae72f428fde685f8552ddce3d23a1516d1d7f,564.2946113999997,0.0,0xCD0AE72F428fde685F8552ddce3D23A1516d1d7F-1779371806989
2026-06-07 07:08:07,day,sports,1,0x4bff30af91642dc7d2b19a8664378fe55c45fc26,323180.34516895656,770358.109102,Sassy-Bucket
2026-06-07 07:08:07,day,sports,2,0xfe787d2da716d60e8acff57fb87eb13cd4d10319,261923.50814643176,822776.7200120004,ferrariChampions2026
2026-06-07 07:08:07,day,sports,3,0xb91aeb5accc33a5f9a8615b8ed6b2d352e913987,259980.0997453353,438922.466146,afghj2421
2026-06-07 07:08:07,day,sports,4,0x03e8a544e97eeff5753bc1e90d46e5ef22af1697,172325.42502781563,0.0,weflyhigh
2026-06-07 07:08:07,day,sports,5,0xefddbb135e2cc2648e3ca6a6b3d4fa4994d5017f,159543.06957831315,244994.40488800002,maxgreen
2026-06-07 07:08:07,day,sports,6,0xdbade4c82fb72780a0db9a38f821d8671aba9c95,134486.8566485613,239727.959121,SwissMiss
2026-06-07 07:08:07,day,sports,7,0x9f2fe025f84839ca81dd8e0338892605702d2ca8,110090.04570070561,692010.0924529998,surfandturf
2026-06-07 07:08:07,day,sports,8,0xf284ad6d607f777f34bc643cea587c33a886b9f9,97134.54776150029,282187.8039329999,strike123
2026-06-07 07:08:07,day,sports,9,0xcd65c3279408a33866a9129bed6943064cb6ee96,84780.33731345856,0.0,NiNo999
2026-06-07 07:08:07,day,sports,10,0x2c335066fe58fe9237c3d3dc7b275c2a034a0563,65609.3910687305,939889.2502429999,0x2c335066FE58fe9237c3d3Dc7b275C2a034a0563-1759935795465
2026-06-07 07:08:07,day,sports,11,0xb9c7d35d1f04d08624fabcfd3b6cee2d3c9baade,49244.122985672,0.0,taylorsversion
2026-06-07 07:08:07,day,sports,12,0xd6966eb1ae7b52320ba7ab1016680198c9e08a49,47340.73036238138,32973.15,EIf
2026-06-07 07:08:07,day,sports,13,0x1117eade222413335b7ec959e5b48c1d3dbc3532,43629.979133281624,28988.819693999998,benwyatt
2026-06-07 07:08:07,day,sports,14,0xb809a4b78b5eadc71d84be43eda0491eedf72004,41714.89892026711,19389.687689000002,R88N
2026-06-07 07:08:07,day,sports,15,0xdb859a551fcf56e49416160911476bea7307152f,39751.41364548632,114970.177034,AV23IUa
2026-06-07 07:08:07,day,sports,16,0x763427e72a4dcbd078a819a9de9b32de2794600d,37695.968401095626,131086.571777,KosekiBijou
2026-06-07 07:08:07,day,sports,17,0xa39826566cb711cc10220fbe9fcc560c2faf6c83,35442.993701001105,51038.453666,
2026-06-07 07:08:07,day,sports,18,0x84cfffc3f16dcc353094de30d4a45226eccd2f63,34754.351974691264,908531.9564129999,mooseborzoi
2026-06-07 07:08:07,day,sports,19,0xf68a281980f8c13828e84e147e3822381d6e5b1b,30637.921521723387,238702.790801,iDARKenjoyer
2026-06-07 07:08:07,day,sports,20,0x5268527977f700f9bf9b6d5cd843859e4e70135d,25906.84160982503,294698.52592400013,HomeRunHazard
2026-06-07 07:08:07,day,sports,21,0x09b540739cfa17ba6b61f4351000583cd6397e72,25841.700000000004,0.0,0x68234mjhgfvj8612543ytjsa6187235v81283
2026-06-07 07:08:07,day,sports,22,0xe7a2052a8b7c6b865e3eb3d16300a4db7432ae70,20650.04853946501,18055.253319,TheOneto3
2026-06-07 07:08:07,day,sports,23,0xf43842aca68209bd8bd3b4cfae00a32053769559,19487.383608614968,0.0,PendulumExchange
2026-06-07 07:08:07,day,sports,24,0xaa075924e1dc7cff3b9fab67401126338c4d2125,18377.62650825642,83226.22180600002,rustin
2026-06-07 07:08:07,day,sports,25,0xbde33ac3839672f1bd3fecfc0271ad95f07c4a49,17288.289451966906,93893.013579,213546566
2026-06-07 07:08:07,day,sports,26,0xc660ae71765d0d9eaf5fa8328c1c959841d2bd28,16822.787854288617,21165.46,BoggsFromShawshank
2026-06-07 07:08:07,day,sports,27,0xe3c9c84c9917d21351902f3bfde3420543ea4b9c,16724.61038550955,1252.9773189999999,DimSumConnoisseur.
2026-06-07 07:08:07,day,sports,28,0x2005d16a84ceefa912d4e380cd32e7ff827875ea,15013.40226257965,279666.79712500004,RN1
2026-06-07 07:08:07,day,sports,29,0x204f72f35326db932158cba6adff0b9a1da95e14,14855.860236702487,462355.768777,swisstony
2026-06-07 07:08:07,day,sports,30,0x19254b55e7c48e88baab9e62cc218223a6544654,14787.352226635907,0.0,ReCh4
2026-06-07 07:08:07,day,sports,31,0x9703676286b93c2eca71ca96e8757104519a69c2,14013.917164737242,39685.44944399999,TheMangler
2026-06-07 07:08:07,day,sports,32,0x6a72f61820b26b1fe4d956e17b6dc2a1ea3033ee,13970.848551729694,57936.676221999995,kch123
2026-06-07 07:08:07,day,sports,33,0x53757615de1c42b83f893b79d4241a009dc2aeea,13903.595719037578,109804.878702,
2026-06-07 07:08:07,day,sports,34,0xf1528f12e645462c344799b62b1b421a6a4c64aa,12650.256602020876,134.68,phonesculptor
2026-06-07 07:08:07,day,sports,35,0x7bc14171ccb0d3e6bac219ec6a76211826e28db4,12231.5473274247,25021.095645999998,coali10
2026-06-07 07:08:07,day,sports,36,0xc1a9273b15a17d21af09dddb42b9239b93d4e2db,11976.135376874998,0.0,0xc1a9273b15a17d21AF09DddB42b9239B93D4e2Db-1777826537793
2026-06-07 07:08:07,day,sports,37,0xd218e474776403a330142299f7796e8ba32eb5c9,11210.471847410605,110130.02937500003,cigarettes
2026-06-07 07:08:07,day,sports,38,0xb6c35456f029c3eeb66853a0481199d2c474600f,11127.578418505,194.44,everythingisokay
2026-06-07 07:08:07,day,sports,39,0x0a77bc0638f13892c8b1d1d2c13ba178540f9d74,11028.248071439884,10092.908456000001,0x0A77exmm
2026-06-07 07:08:07,day,sports,40,0x032eb1bc893940263ad0b01889f262fc232f2a9e,10634.392169860019,29159.269999999997,purplegatto
2026-06-07 07:08:07,day,sports,41,0x52911b9d1d9da4d4783fb3280c0ccd6e73f0d4b6,10479.734718708343,140015.588652,0x5453da42Cd33b0ED6B796d03d2395f278C779F9F-1773916108628
2026-06-07 07:08:07,day,sports,42,0xafbacaeeda63f31202759eff7f8126e49adfe61b,9976.018935917033,0.0,SammySledge
2026-06-07 07:08:07,day,sports,43,0xe1a24206ed13433b70c603424c8a616b691d14b8,9769.861300000004,0.0,sss.tier
2026-06-07 07:08:07,day,sports,44,0x31d86c24815c9fe6ae4d5b2b712d8f021fdfe99b,9564.26625,0.0,WWizard
2026-06-07 07:08:07,day,sports,45,0x1942b68a7c35be596cc2af812012adeeedfa9d17,9557.87616,18964.04,Gooner6412
2026-06-07 07:08:07,day,sports,46,0xb946612a2824a414bdc2427e9a23e731d3842671,9531.24795599998,42354.886856000005,Wgod
2026-06-07 07:08:07,day,sports,47,0x6211f97a76ed5c4b1d658f637041ac5f293db89e,9381.486091000028,18395.070768,Tiger200
2026-06-07 07:08:07,day,sports,48,0x32ed517a571c01b6e9adecf61ba81ca48ff2f960,8829.218185359146,38062.486573,sportmaster777
2026-06-07 07:08:07,day,sports,49,0xf0ff483ce015d7a784b51c34181f3ad112a2593d,8754.229797849612,20572.391538000003,jewishEp
2026-06-07 07:08:07,day,sports,50,0xd202bf6d89dc6bab1b9f00ead175f75466348973,8676.153138720023,31616.874342,meoooow
2026-06-07 07:08:07,day,sports,51,0xb687f00464e33934f5d591f224e71c3559ecaee5,8314.032049028086,1222532.152456,alwayslatetotheparty
2026-06-07 07:08:07,day,sports,52,0x55eca3687ea7d69632ffe0f297ea3d5158bb8c7d,8272.15221430143,1347463.284572,afkpnl
2026-06-07 07:08:07,day,sports,53,0xf91683432c57581b0c8c58eb3bd0d6e5f03fe770,8229.018674999998,14142.439613,Salad1
2026-06-07 07:08:07,day,sports,54,0x1edc9e979bb30983893679a0c2221e7697de77bf,7960.5574,0.0,levasuk1
2026-06-07 07:08:07,day,sports,55,0xdb83e85ffd22faa4009273034770f96ffc5b1e50,7905.185645029182,124235.51583400002,sentrio
2026-06-07 07:08:07,day,sports,56,0x5aa981521b4e94fee3b3bf18fe441f62e865febe,7727.689920812074,135972.97738100003,apucimama
2026-06-07 07:08:07,day,sports,57,0x05a7aac83aefa8faf745507cf14806043fd442e6,7642.085439443621,26515.448899000003,Roulette1
2026-06-07 07:08:07,day,sports,58,0xf0f7f99300c5fa7ebedd7b7d806b97528c580c5a,7322.77954710435,12776.187373000002,us291
2026-06-07 07:08:07,day,sports,59,0x160db9bb5bf012f21251a74737093bcdc36f5295,7268.612368623959,4000.0,JESUSCHRISTISGOD
2026-06-07 07:08:07,day,sports,60,0xf195721ad850377c96cd634457c70cd9e8308057,7250.824308203068,0.0,lo34567Taipe
2026-06-07 07:08:07,day,sports,61,0x6157d529ae129fe08f22a27ed42e741d2eaa9fb4,7187.914358190712,5882.35294,xxyyxxzz
2026-06-07 07:08:07,day,sports,62,0xe40172522c7c64afa2d052ddae6c92cd0f417b88,6653.525775985676,31073.039387,BoomLaLa
2026-06-07 07:08:07,day,sports,63,0xb87b5c3cf36ab3c5afcc81cd33de4b2fda203626,6593.195478752172,232389.143342,stockpicks
2026-06-07 07:08:07,day,sports,64,0xe9cbb1c9b3f7f411dd4fdf2ea7afa780c8b4d096,6422.720388578367,274088.843204,lameloballer
2026-06-07 07:08:07,day,sports,65,0x90abdcf39fcf9fe70a3b570fa0b86c61079aded1,6308.80619786703,25541.722740999998,luckboxx
2026-06-07 07:08:07,day,sports,66,0x21f333307ac6d2e65ac82f014b3dd2b64cbc35e3,6298.058678822501,5493.899406,hi774c
2026-06-07 07:08:07,day,sports,67,0xa2b5bafa01d0f81926a2a88e5628a95b59fc4582,6281.428820899746,12252.740763000002,BruceWayne77
2026-06-07 07:08:07,day,sports,68,0xd27cc742d023d06ef633a4c880cf1ff1836ec081,6162.4060499999905,11752.180000000002,madkkee
2026-06-07 07:08:07,day,sports,69,0x448861155279dbf833d041b963e3ac854599e319,6081.524621495497,5941.309291,Flipadelphia
2026-06-07 07:08:07,day,sports,70,0xdd5ef115f801999575b03d78d0115ad8b2d59040,5891.174447000318,33504.600789,Forecastication2
2026-06-07 07:08:07,day,sports,71,0x842ac934cfff1467f27c167c42c318001e407422,5882.805205746583,13168.965942,ChompChomp888
2026-06-07 07:08:07,day,sports,72,0x9fad8308ef6b6ed5320e53a290a3bd4ad91f5a9f,5845.677054999513,27917.645867,Dingwin
2026-06-07 07:08:07,day,sports,73,0x8f8c0eb3c2450ae709c2369bb61dd1b049e9e275,5659.506097185076,0.0,timezonewarrior
2026-06-07 07:08:07,day,sports,74,0x5ad49cd574df6888a0fe1d2b522f334988f06866,5584.909449999992,0.0,0x5aD49Cd574dF6888a0fE1d2B522F334988f06866-1766098504363
2026-06-07 07:08:07,day,sports,75,0x58aa47a2e3e0396f8c09259d87990db12e56a481,5487.250963895638,22557.944982,berboche
2026-06-07 07:08:07,day,sports,76,0x0c84d454825e9f42619497f6158b4753cd43a8ed,5358.908987077812,0.0,ff3364
2026-06-07 07:08:07,day,sports,77,0xe5b70fd855af9258d9463992e4f1ed7987905ee3,5354.64669070649,4168.111973,alwaysfade
2026-06-07 07:08:07,day,sports,78,0xb4d250f58c26840e09723a83ce9c8149aa32ce99,5352.218897941844,120761.332825,alpheclabs
2026-06-07 07:08:07,day,sports,79,0xb5a5dca472a82c1b7770dc801d637b429032e3ca,5311.107277843659,61561.90343400001,
2026-06-07 07:08:07,day,sports,80,0xb6bed94e75c333dae24eb9c80b3fef47ef3cfcfe,5233.038712026493,3781.2601469999995,DickTurbin
2026-06-07 07:08:07,day,sports,81,0x796665cdc15bea4dfc7d9952cafad909419b6f94,5200.120847510001,10031.540539999998,Jon-Anik-Fan
2026-06-07 07:08:07,day,sports,82,0x6b123a3056bdfa9a6ab33f884e735deeb18ed642,4752.574477999999,18406.055534,sts22
2026-06-07 07:08:07,day,sports,83,0x2b15b1cab8917d786e44765002a07a78ee8c9b08,4700.764037523346,145038.36935499997,BKLUOSAFEWR
2026-06-07 07:08:07,day,sports,84,0x8fba2c29715c41dd87e781c23373aa1e0549d08a,4668.269063389962,8655.149021,abura2025
2026-06-07 07:08:07,day,sports,85,0xdbdd45150249e229eb4ca8aa48a30dca21faa5de,4334.107476199511,16987.77601,0xdbdd45150249e229eB4cA8aa48A30Dca21Faa5de-1757094771846
2026-06-07 07:08:07,day,sports,86,0x84dbb7103982e3617704a2ed7d5b39691952aeeb,4188.040083021391,1592.3886839999996,Soarin22
2026-06-07 07:08:07,day,sports,87,0xebe6d42fbbd15b89ef9af70e459dd05e20679278,4167.590951870865,42819.51162,TraderXI
2026-06-07 07:08:07,day,sports,88,0xced2f8b215dd3cbc6b556056b85f8cd93792d98a,4166.346667999984,33066.337700000004,Skyline88
2026-06-07 07:08:07,day,sports,89,0x6d3c5bd13984b2de47c3a88ddc455309aab3d294,4039.0982022844255,24279.327555000003,VeryLucky888
2026-06-07 07:08:07,day,sports,90,0x3aa98fadb03fdd4a607445fcd8f85f1b45215f89,3929.324572632586,9221.577412999999,tosajangno1
2026-06-07 07:08:07,day,sports,91,0x03431e72f2c3de8a1fb35eeb4c82624e08e1f2dc,3784.180106322996,0.0,DeFiMonky
2026-06-07 07:08:07,day,sports,92,0x1624231bb94bb0b8152281a58cbb18c3f565bf63,3712.7269659999,32375.0,vnkfylta
2026-06-07 07:08:07,day,sports,93,0xd1ed12197b7dc22dede923727e9b714024dbd7cb,3581.4266582085984,63491.404614,curie
2026-06-07 07:08:07,day,sports,94,0x71200ff742dde7f1ada753d2e9b0a8b50c717c4e,3567.0375228341045,16872.782508,BIAVN
2026-06-07 07:08:07,day,sports,95,0xe0a2fd8596de52f566ac1460d610f0c7f5fb40d5,3440.0532887530135,0.0,zhangwen1688
2026-06-07 07:08:07,day,sports,96,0x418d51e13d019913bb027db22ecc723fe1ad88a3,3262.320989535976,10000.0,0x418D51e13d019913BB027DB22ECc723fe1AD88A3-1720918577961
2026-06-07 07:08:07,day,sports,97,0xcba5b51fa8f722328a155b6136774768ad54cd88,3148.4214127619944,4402.98,gabmlergao
2026-06-07 07:08:07,day,sports,98,0xf65506e2d5f55279d77bd67d3c80af6882ad7ea4,3147.048624477,0.0,piratesfan1313
2026-06-07 07:08:07,day,sports,99,0xff34c2cc46e7624310f3549ea355540d57a4694b,3060.6300759104197,21932.148778000002,
2026-06-07 07:08:07,day,sports,100,0xb3cfe7615d64db8dfa743a1b1a2b976911460ebd,3036.2399479269807,96651.46456699997,omoi0i0
2026-06-07 07:08:07,day,crypto,1,0x1465b79bff7992bc703e1aafb3683b1089647072,21767.180261979986,0.0,JnStTrdrBnusFnd
2026-06-07 07:08:07,day,crypto,2,0x61e6cefb61ff796aec1ab7376c38eed778760e2e,20095.547494,166850.620519,ProphetofBTC
2026-06-07 07:08:07,day,crypto,3,0x324aed2a00c8f485f636b7d5916fcf44c9a53721,14559.97414823949,0.0,superblueinc
2026-06-07 07:08:07,day,crypto,4,0x06dc51826bc524d9a83770e7de9dd7e005b04524,12253.534146630001,144828.12613499997,0x06dc51826bc524d9a83770e7de9dd7e005b0452
2026-06-07 07:08:07,day,crypto,5,0x55be7aa03ecfbe37aa5460db791205f7ac9ddca3,11808.25350556022,13945.37211,coinman2
2026-06-07 07:08:07,day,crypto,6,0x724db3c436dcc7b26fbe1ae0c0d6af538b588dea,9513.355562536446,148517.126978,RITB123
2026-06-07 07:08:07,day,crypto,7,0xe9076a87c5ed90ef16e6fe6529c943baeca0cff6,9410.692227791995,290113.9115500001,suntori
2026-06-07 07:08:07,day,crypto,8,0x252d7bae5ec87553dcafb23e275c202ac0d3c456,8320.919196285191,48977.230394,getbipped
2026-06-07 07:08:07,day,crypto,9,0x5cfcc624e07dd8d7354d7393048b0ae87619e62d,8214.681605218817,28181.074325,0x5cfcc624e07dD8D7354D7393048b0Ae87619E62D-1778966566900
2026-06-07 07:08:07,day,crypto,10,0x1f1655893d087d79df1963b8f013a0e8f6383561,7534.721225171354,188376.31989599997,Simbath
2026-06-07 07:08:07,day,crypto,11,0x0fe40e887acbd0022f89d996acce26ab428501b7,6818.962197197368,45778.883558,gobblewobble
2026-06-07 07:08:07,day,crypto,12,0xfe9455e2cad5257b26547af62cbbfd75c8968a3d,6698.408321419993,0.0,lovedudley
2026-06-07 07:08:07,day,crypto,13,0x85c7fb1c7b79b0c538274000dea1df55985748c1,6494.730800270173,89820.875881,0x85c7fB1c7B79B0C538274000dEa1Df55985748c1-1780360019417
2026-06-07 07:08:07,day,crypto,14,0x2ef97c323f70700c1623dd860b723f98a5b2b403,5696.356264751641,23224.070131,lulalalulala
2026-06-07 07:08:07,day,crypto,15,0xcc500cbcc8b7cf5bd21975ebbea34f21b5644c82,5061.877395633608,36713.624704999995,justdance
2026-06-07 07:08:07,day,crypto,16,0xa7011667f22c121c6cea7aab30192307c58c47cd,4434.776278279998,0.0,BadTattoo
2026-06-07 07:08:07,day,crypto,17,0x5083a040efc20da48e3602f520940cc61c2bb0ea,3722.871850531279,143283.910688,
2026-06-07 07:08:07,day,crypto,18,0x16351b85a6160e7a3759ec20603e7c14e4245624,3664.4244014873893,23174.64,Betm4ker
2026-06-07 07:08:07,day,crypto,19,0x42fa340061a94072a818e540c3e80d8148d81fc7,3318.3330975817516,198.07999999999998,Trashbag
2026-06-07 07:08:07,day,crypto,20,0x6cb273aa20efc1bee3e14b8641917181d56d99a3,3091.8107599999994,0.0,dogerfad
2026-06-07 07:08:07,day,crypto,21,0xd83cca512a2566ee0a82e1b1780f3857cf5a19dc,3406.5636519349937,0.0,Coolmanx
2026-06-07 07:08:07,day,crypto,22,0xafe65d1671a61dfaab2b463257450ec7f1fe8192,3360.9631202808814,4922.06,TOWERCAPITAL
2026-06-07 07:08:07,day,crypto,23,0x42fa340061a94072a818e540c3e80d8148d81fc7,3140.471902086756,198.07999999999998,Trashbag
2026-06-07 07:08:07,day,crypto,24,0x872149fd236dee03aace99f5b385f9eafae278f5,3004.6202508144124,24937.597646,0x872149fD236DeE03aACe99f5B385F9EAfae278f5-1779256506920
2026-06-07 07:08:07,day,crypto,25,0x6ca788d0c07541c7f08409fbf9a9badb6a33dc94,2843.522042270146,21017.234844,TakerAccount
2026-06-07 07:08:07,day,crypto,26,0x4ee29e4e7d4c380babeae5e22e5c02400c2246e1,2760.5633289174875,3480.874687,IH2P
2026-06-07 07:08:07,day,crypto,27,0x71a70f24538d885d1b45f9cea158a2cdf2e56fcf,2676.2135533980327,15387.261981,easyclap
2026-06-07 07:08:07,day,crypto,28,0x074fb910a720ab98ad4986e15a3b32e08b20b0dd,2617.6313784251015,18147.105311,0x074Fb910A720aB98Ad4986e15A3b32E08b20b0DD-1780178637622
2026-06-07 07:08:07,day,crypto,29,0xb0c078c893300f44d341f4e854d8964b47dce88f,2566.8653191527583,28637.692978,Bossgirl
2026-06-07 07:08:07,day,crypto,30,0x2707ae10f912e2a7ec9235de517f5e1f5c11744f,2552.96569284,0.0,0x2707AE10f912E2A7Ec9235De517f5e1F5c11744F-1779943065454
2026-06-07 07:08:07,day,crypto,31,0x0826042fb1f3f5ff4325ed7237ebc87468070b32,2474.792642435503,0.0,deltasniper
2026-06-07 07:08:07,day,crypto,32,0x67ae544746f94f6787878eaaa9c60b5804490f0a,2345.7946935299988,0.0,Baderbet
2026-06-07 07:08:07,day,crypto,33,0xa6657ab4eb9d92c8bbfb1d1d52ce7205e4ca01e3,2327.0512110000855,11989.37,MikeAddon
2026-06-07 07:08:07,day,crypto,34,0x22e1cceb19dac27fb88a41e33596938fcbe380bf,2312.511295027498,0.0,Hung-binance247
2026-06-07 07:08:07,day,crypto,35,0xa82365c8e854728c472812fba6202ca125386215,2217.8786279219894,7823.2935560000005,mihaXd
2026-06-07 07:08:07,day,crypto,36,0x134b1d01718befadff282b06be73f40c5860fd51,2127.1216656994966,0.0,pnhoptions
2026-06-07 07:08:07,day,crypto,37,0x1cd24cc49782240413903b4b7e7694779f917f85,2028.91824279301,0.0,bitterfish
2026-06-07 07:08:07,day,crypto,38,0x02492788452e1a458d71298120b100364cad5b4b,2018.6618201287056,0.0,Tango22
2026-06-07 07:08:07,day,crypto,39,0x9fba105a62b838769d4c389517cadb973f9056d0,1984.7279252690023,0.0,Spanky.io
2026-06-07 07:08:07,day,crypto,40,0x1e50e95700d59375be10cda4db16f87a80302473,1951.8160380000772,3599.005356,ZCu005
2026-06-07 07:08:07,day,crypto,41,0xf2f6af4f27ec2dcf4072095ab804016e14cd5817,1855.1951602319605,0.0,gopfan2
2026-06-07 07:08:07,day,crypto,42,0xeebde7a0e019a63e6b476eb425505b7b3e6eba30,1788.225956551265,720301.9182679999,Bonereaper
2026-06-07 07:08:07,day,crypto,43,0xb5a5dca472a82c1b7770dc801d637b429032e3ca,1769.2579698281188,20024.859112,
2026-06-07 07:08:07,day,crypto,44,0x80cd8310aa624521e9e1b2b53b568cafb0ef0273,1720.3709525200538,3215.440248,HaileyWelch
2026-06-07 07:08:07,day,crypto,45,0xcc13ceb77651c262e0a7957da58d76fa19cd8c5d,1700.0000049120117,8200.0,zzongzi
2026-06-07 07:08:07,day,crypto,46,0xa2f1fecf1cc7db65a46588f764b6691533052d22,1695.6812411607243,1115.978388,elPolloLoco
2026-06-07 07:08:07,day,crypto,47,0x9d57c42e847173d06841703825d3fe2299e456ea,1666.7694686493014,94259.79474999997,Polkadot-Frog
2026-06-07 07:08:07,day,crypto,48,0xee65685de42f8de9a03b4c53ee77d56a20d2cfc9,1652.2141519008437,271505.90176399995,0x50f7
2026-06-07 07:08:07,day,crypto,49,0x7bfe9afb56a67201a347f4893fb6327f6b575bda,1605.171977558292,9195.385828999999,0x7BFE9aFB56a67201a347f4893FB6327F6B575Bda-1780161494159
2026-06-07 07:08:07,day,crypto,50,0x5371f1b6954e31c502064614649cea3568cb76eb,1598.2457266400088,0.0,oegdatam
2026-06-07 07:08:07,day,crypto,51,0x80a260f1ac98ced6c7ab5f360a4c2a47f5cf838b,1560.2457806400062,5584.469999999999,14881488
2026-06-07 07:08:07,day,crypto,52,0xf3ce251f9c4ae0f3940a9f32de5dd1a1d05b8bc6,1510.223105000121,166038.02000000002,0xF3Ce251F9c4ae0f3940A9f32dE5Dd1A1d05B8Bc6-1778725794122
2026-06-07 07:08:07,day,crypto,53,0x66ad4221d66358ab9867f6d8cae73ede08e5cc4e,1490.440659851989,0.0,Marioy
2026-06-07 07:08:07,day,crypto,54,0xd0f1c48f7eb486764bd48eff644f7e66a73a6712,1458.820600520019,0.0,XRPisSH8T
2026-06-07 07:08:07,day,crypto,55,0x2bc01f3ad80e31f5bf3d80775b044f0c67797871,1421.8880389999613,14764.908199000001,is5minfixedyet
2026-06-07 07:08:07,day,crypto,56,0xf62084fb019c80345360bb5a8a8f10d2845890e5,1411.306693800005,9890.190000000002,poobidav
2026-06-07 07:08:07,day,crypto,57,0x8320b90db15e5b777e5a023b5ba3cfa214d4904e,1381.7263825746559,47207.071283,vedaresearch.btc
2026-06-07 07:08:07,day,crypto,58,0x2e4d05beafd81a6e85bc0c6a94820d61ef34f703,1379.4883160400204,0.0,woshiLimpeh
2026-06-07 07:08:07,day,crypto,59,0xde6e74aea7fd9a9866e801489feb489f21e20169,1319.100550000032,3834.87,vinh6789
2026-06-07 07:08:07,day,crypto,60,0xed0c028ced932101ef3596c872da425afc8b7d5c,1303.5791330339248,2576.590812,Blackpanther3
2026-06-07 07:08:07,day,crypto,61,0xa2c97a854993d3f4935334f89d7dada6a6269c10,1256.7576521563678,3877.306461,shizzle99
2026-06-07 07:08:07,day,crypto,62,0xb2cd99ff5ad8f27c781e54e854ab1b2ab1afc187,1248.751263778835,4216.786284,vicks
2026-06-07 07:08:07,day,crypto,63,0x7de001e23eeed566d90294e2a3e3e779736372c5,1243.240355259997,13447.507711999999,vedaresearch.sol
2026-06-07 07:08:07,day,crypto,64,0x5a3c5921bf94d0dd0797b293a34224812b948ab1,1224.0597410690561,17562.049131,0x5a3C5921Bf94d0Dd0797b293a34224812B948aB1-1774049971299
2026-06-07 07:08:07,day,crypto,65,0x14050ed76c1a3bec25cb97cc623ceb3899d79db0,1177.563039817321,999.99,0x14050ED76C1A3beC25CB97Cc623ceb3899D79dB0-1771976677997
2026-06-07 07:08:07,day,crypto,66,0x1a03b33d12585bf47d7ef0815feee17a65208ed4,1166.4750537300008,5683.831813,manystoneinfocus
2026-06-07 07:08:07,day,crypto,67,0x726fd4fd2d3f3a48fcbd54d1cecdd933d207d8e7,1151.8034370958558,28230.571625,ftrxc64afn
2026-06-07 07:08:07,day,crypto,68,0xe7387473b067235436884d16799777cf279edf65,1120.9459751566228,2147.630651,Huludubu
2026-06-07 07:08:07,day,crypto,69,0x97b1e552772c6dc6b3a5bb6ae1b6b4750b451f26,1117.5255899486128,15595.241573,TigerRay
2026-06-07 07:08:07,day,crypto,70,0x2334195baf2db920ff6e8940dcbc031451f99a9f,1113.755039000207,6396.6127830000005,0x2338195baf2DB920ff6E8940dcbC031451f98M
2026-06-07 07:08:07,day,crypto,71,0x5cd5c8d7a17c78d7389d8b87b611aed83322ac33,1094.8687525165296,1600.75,nonkenny90
2026-06-07 07:08:07,day,crypto,72,0x56ad6bd05999e0f33ea9c05a48ccb1364a46f13e,1090.0992674049999,0.0,Mpire1
2026-06-07 07:08:07,day,crypto,73,0xd189664c5308903476f9f079820431e4fd7d06f4,1079.678048000089,38540.35385300001,rwo
2026-06-07 07:08:07,day,crypto,74,0xa8b37cec5fa0b1b8cc3363e4f10a21a4049e4484,1062.49533254174,1663.254534,pechenka2311
2026-06-07 07:08:07,day,crypto,75,0xfcdc071df7080c214196bb0b3b751e5417f9d8e3,1033.0173109022144,77981.07079000004,neversmiling
2026-06-07 07:08:07,day,crypto,76,0x573e5a9561cf52e4fbaf287586f16f9f54f5703c,1005.8849350600003,0.0,nailingai
2026-06-07 07:08:07,day,crypto,77,0xe2c57f3850eae784fd08c14a3971cfdb7f9ab9b6,998.5445610000443,21399.851109000003,ChunXiang.AI
2026-06-07 07:08:07,day,crypto,78,0xbf5fe8bfc9ec6e7ff7a311ea85cfc0d2901ac035,994.0792449000073,0.0,trulyalya1
2026-06-07 07:08:07,day,crypto,79,0xfcd4c8ea19b9ecb4bc3d20142f0f853955a284dd,993.1069148290044,0.0,Leebbc
2026-06-07 07:08:07,day,crypto,80,0xe3aabc2f8a8e5137c730d708b44ddbdd901055cd,990.2483999999995,0.0,manishka
2026-06-07 07:08:07,day,crypto,81,0xf26fa78398bc38aef914e024901b31da5af8112d,973.4501375520435,8887.345066,aaronyeo22
2026-06-07 07:08:07,day,crypto,82,0xfed8ff0b541ce9a66d632aedebe81bdd1b2c4388,957.3257258250087,0.0,JudgeLance
2026-06-07 07:08:07,day,crypto,83,0xc443d3a18f113af8c77408318e9fbd979939bbdb,956.467899800009,0.0,MiWaanItAal
2026-06-07 07:08:07,day,crypto,84,0x52268b0618c21a3c1ccbec2b110b1ba6c8338554,937.6104786599935,0.0,west77
2026-06-07 07:08:07,day,crypto,85,0xdbade03fcbd18efbe7a4e20175e5eced771a9352,935.1599615600126,0.0,rabbit2018
2026-06-07 07:08:07,day,crypto,86,0xab509c9e35c8802be01e4fa3dc9814e6f04e79bd,918.1340207449798,22127.441686,wisr0xl7e2pb
2026-06-07 07:08:07,day,crypto,87,0xc40b6154ce8db71fdd2596f796848c1a4a058c5a,908.3087312095001,10.0,xinJian2
2026-06-07 07:08:07,day,crypto,88,0xa64d76d112e7b47e5ca3f8fbc5485ae41a91cad1,906.3159372000191,26593.912919999995,vedaresearch.eth
2026-06-07 07:08:07,day,crypto,89,0x4a6a27dc4f8da74d028583a0d6cc26106a980010,901.1331093294078,4136.095756,btc-0605
2026-06-07 07:08:07,day,crypto,90,0x0484e64092ba4108c2786b61e6fc052d3bf41b1a,890.9410919999355,111914.96,ZinDotGae
2026-06-07 07:08:07,day,crypto,91,0xb911a8dfc4ec442c02dae0fe3539f0116a878bb6,881.4592879000002,13089.494448,shalalala
2026-06-07 07:08:07,day,crypto,92,0x8ba7e6e58d1bf46321e8641f9dcd2dfb0770fbaa,869.9998730250009,0.0,monethaa
2026-06-07 07:08:07,day,crypto,93,0xff165cf8eb75ee77933a7544d7cd600ccb2c7511,859.7993256110203,0.0,solwizzo-onX
2026-06-07 07:08:07,day,crypto,94,0xe002a898a0f00cd98a79ebdca1ec233d04d97813,842.6641863019977,41502.436075000005,0xE002a898a0F00cD98A79EBdCa1Ec233D04d97813-1780534870063
2026-06-07 07:08:07,day,crypto,95,0x5d2f49295387e01a49f0a3e59449ceed791c4adb,840.0975189095002,0.0,MikeMoore
2026-06-07 07:08:07,day,crypto,96,0xf06deffedec7adf9bbb03f42744433887e7c003e,835.6552429999999,1914.788566,boomingfortune2
2026-06-07 07:08:07,day,crypto,97,0x32835f17fbda571f0f02c0a3bf0a6f94d60a1da9,827.5690773800015,0.0,SBFfromprison
2026-06-07 07:08:07,day,crypto,98,0x5bc331ff6a2f3a679f0c98cca0d92cdda5c47a59,825.421691000045,29058.690639000004,
2026-06-07 07:08:07,day,crypto,99,0x5eb0cd907aa0b7b4df11552e817570e265ea5012,821.7598868776549,1999.21,arbandy
2026-06-07 07:08:07,day,crypto,100,0x8bbe942498081a10fb587c1411d1122d2f6ab9dc,816.3229824130021,0.0,LuckyChole
2026-06-07 07:08:07,day,finance,1,0x27b0dceebc77ebc59573b818144743b9f1a2209b,9199.999799900048,0.0,yuahldj
2026-06-07 07:08:07,day,finance,2,0xb47adfafc08e77ec77b03a6d1496066675ae6d60,2429.041918035997,0.0,0xfree-money
2026-06-07 07:08:07,day,finance,3,0xdc4f08727c65afc4731b75cf1ed265666b7b4652,1798.4376848815082,1134.08,third-eye
2026-06-07 07:08:07,day,finance,4,0x03805a13a0b3e058f55f6c6af95389d4f431073d,1388.2600276480953,11566.778357,donthackme
2026-06-07 07:08:07,day,finance,5,0x44c1dfe43260c94ed4f1d00de2e1f80fb113ebc1,892.2686569800426,0.0,aenews2
2026-06-07 07:08:07,day,finance,6,0xb187a6fae3d0b60108f13006359dded4d15944a9,706.3419201600009,0.0,Cptrade
2026-06-07 07:08:07,day,finance,7,0x5e84743ad0515699b7adf2588de4c3032d538e88,541.8056028464816,4405.960241999999,Cbb.
2026-06-07 07:08:07,day,finance,8,0xfaf98181c44636998a194aa7660bcae1b977f4c4,502.99977799350023,0.0,onekey02
2026-06-07 07:08:07,day,finance,9,0x657bbe664d7b565baf4a4d6aff19e4cac14e3992,483.2497051999999,0.0,doe.john
2026-06-07 07:08:07,day,finance,10,0xbf5dfa33f94e80f7649fa94a81ab8465d65c6e7d,450.6822165849969,0.0,0xBF5DFa33F94e80F7649FA94a81Ab8465d65C6e7D-1765458383511
2026-06-07 07:08:07,day,finance,11,0xa9fe4929d4ea1525ca03bd0ff68ea1fbf9e7f135,443.3115084599958,0.0,novv25
2026-06-07 07:08:07,day,finance,12,0xcbab47f889ffffbb603f600a5feeb0eca0cc9a8a,436.9814452959963,0.0,ameameameameame
2026-06-07 07:08:07,day,finance,13,0x1f85e6e3e41e5f1fe03f6cf22a52ae4e352ea51b,424.4176086750049,0.0,VibeyQuant
2026-06-07 07:08:07,day,finance,14,0x903221b1098263779ae19486028c844e8c338717,419.2936678800015,0.0,0x903221b1
2026-06-07 07:08:07,day,finance,15,0xab93dd191ea4de7dacc4b25731837c39ea5eb17d,394.42064999998547,0.0,Tang-to-A10
2026-06-07 07:08:07,day,finance,16,0x70bc2f87eeae9c27d298db2d075ab0f9844b0c87,388.0821430999995,0.0,caribbeangambler
2026-06-07 07:08:07,day,finance,17,0x8a4c788f043023b8b28a762216d037e9f148532b,382.9984007449966,0.0,theo5
2026-06-07 07:08:07,day,finance,18,0xad128860261aa3b09e29aed57b23d58c04e8b115,368.6117330650003,0.0,0xAD128860261aA3B09E29aed57B23D58c04e8B115-1770237115503
2026-06-07 07:08:07,day,finance,19,0x7277ac5c4c24771d8ed0bcd75816e93800b1ab80,352.9826730825007,0.0,Xuxito
2026-06-07 07:08:07,day,finance,20,0x5a218c7ad04135830a45c41aaed7294df7809318,348.47533107974596,3800.083678,balthazar
2026-06-07 07:08:07,day,finance,21,0xdf5c03d17f3da1042215ab9d0e8e86f7aad1bf77,345.3406691199998,0.0,HBCM
2026-06-07 07:08:07,day,finance,22,0xa43a1b6d84230d5237df9268e98049be2f31ad85,342.8590110420004,0.0,Estwo
2026-06-07 07:08:07,day,finance,23,0x95074f700f93bdf6e62fc965e0832064c0877b04,333.35085020266706,8486.120549,LuckyPierrot
2026-06-07 07:08:07,day,finance,24,0xeae707a267b3d6a112167b5c93c3fa74e38c2800,330.0844071615011,0.0,destinyas
2026-06-07 07:08:07,day,finance,25,0xd48a81db62f742c4e42d86dfc23a7ee345366e90,329.0770857075022,0.0,NiFengFanPan
2026-06-07 07:08:07,day,finance,26,0x5188fa0e8a77e87bc6a58e6781fdfc4e165cc804,319.88224127800095,0.0,AllByMyseIf
2026-06-07 07:08:07,day,finance,27,0x373f307a311cfb5e9fc7383e155f3cc79d0e1878,313.3952156800019,0.0,333blacksea
2026-06-07 07:08:07,day,finance,28,0x134b1d01718befadff282b06be73f40c5860fd51,302.5206350121937,0.0,pnhoptions
2026-06-07 07:08:07,day,finance,29,0xe25b9180f5687aa85bd94ee309bb72a464320f1b,300.0,0.0,WordleAddict
2026-06-07 07:08:07,day,finance,30,0xd4cb5f968ba7345ca6033c80e1ffea598f3eecb7,296.1047487070864,3916.8550490000002,HEBI55
2026-06-07 07:08:07,day,finance,31,0x752d8af146aaad7f572215c2195263c80077d335,292.8048173900006,0.0,SmilingFriends
2026-06-07 07:08:07,day,finance,32,0x7789c218a7641a0c5b495067082b2c9ace2aa2ce,282.03564484991875,281.665262,yourQuantGuy
2026-06-07 07:08:07,day,finance,33,0xab93dd191ea4de7dacc4b25731837c39ea5eb17d,276.094454999984,0.0,Tang-to-A10
2026-06-07 07:08:07,day,finance,34,0xee69ab9a48a4b501b9e7dbcfad3cd9759a6f05d0,274.6021356394999,1.724135,jojo12
2026-06-07 07:08:07,day,finance,35,0x206191d01c411a5b346d11a2df2d463a356b8ec9,273.58772506800005,0.0,rebotsliaf
2026-06-07 07:08:07,day,finance,36,0xdf1c2e388bde2fbacabaf85c75a6b69cc35e2ebb,271.52566150000166,0.0,BMM-1
2026-06-07 07:08:07,day,finance,37,0x70bc2f87eeae9c27d298db2d075ab0f9844b0c87,270.5347353999996,0.0,caribbeangambler
2026-06-07 07:08:07,day,finance,38,0xad128860261aa3b09e29aed57b23d58c04e8b115,268.1239362900001,0.0,0xAD128860261aA3B09E29aed57B23D58c04e8B115-1770237115503
2026-06-07 07:08:07,day,finance,39,0xe3726a1b9c6ba2f06585d1c9e01d00afaedaeb38,265.57730170814466,3021.6351590000004,cry.eth2
2026-06-07 07:08:07,day,finance,40,0xc28f8fc265651d74fd4c5180f91a54d19865ffed,256.6079499999978,51321.59,dsdfsfds
2026-06-07 07:08:07,day,finance,41,0x095dcfb123a4bc035ee6b0d624bab0cc964352cf,250.24858314999932,0.0,Contrarian - 7451
2026-06-07 07:08:07,day,finance,42,0x57256fc9d3e5e8d19568c70e7f62c46a8b3e7571,239.43109098000048,0.0,Collion
2026-06-07 07:08:07,day,finance,43,0x9ca116e08205e9e353a026d7893c0b02977513ea,238.3848897000007,0.0,TheDowIsOver50Thousand
2026-06-07 07:08:07,day,finance,44,0x2f63dbd36cfff1952a88d9f704bd58bcb78cf247,234.4390629904956,0.0,esports097
2026-06-07 07:08:07,day,finance,45,0xd9b5455d1ee240ce157787b87ff2e0a60f639db1,228.6106752213841,1704.993899,0xd9b5455d1ee240ce157787b87ff2e0a60f639db1-1798124654095
2026-06-07 07:08:07,day,finance,46,0xac482f27ac3d1144ca4f778af405eb5cac5d2feb,227.54597697999998,0.0,CryptoFortunate
2026-06-07 07:08:07,day,finance,47,0xdf17f4a8dd01a4cfa6fc3da323a2baee5f8697d1,224.8629534740013,0.0,Soft-Lantern
2026-06-07 07:08:07,day,finance,48,0xce71bed9dd1418abc34d244730879d795e8683bc,211.24399997,0.0,tutrucks
2026-06-07 07:08:07,day,finance,49,0x074929877dc305333ca363270c78b94a2e616de9,204.80097669549946,0.0,namarian999
2026-06-07 07:08:07,day,finance,50,0xc5535e6419e52074dc13dd2a23d10f3c501e07f3,201.58892975999925,0.0,0xc5535E6419e52074dc13Dd2a23D10f3C501e07f3-1776917647437
2026-06-07 07:08:07,day,finance,51,0x0e4ce3d8b32ddab2e864555a53f20a532949c962,201.48981386399953,0.0,h00neyballzsports
2026-06-07 07:08:07,day,finance,52,0x9f208e85f326f865077fffa68b32d8b0e2bc12c3,200.51389973730008,255.76999999999998,mildwindow27
2026-06-07 07:08:07,day,finance,53,0x9c9ad74b04c7de5bf3030754e5b1cec7ad02553b,198.80727726949954,0.0,IN.PM
2026-06-07 07:08:07,day,finance,54,0x645a91730f588c5586e8860936a7e3554303fd84,196.8415521557231,72.876611,nobtc
2026-06-07 07:08:07,day,finance,55,0x52e3ddefd4d851adf4c181bfe496dd99d66782d2,196.02073539000048,0.0,0x52e3dDefd4D851aDF4c181bFe496dD99d66782D2-1774177146439
2026-06-07 07:08:07,day,finance,56,0x90ed5bffbffbfc344aa1195572d89719a398b5bc,192.17875769149396,0.0,failstober
2026-06-07 07:08:07,day,finance,57,0x500ebb48315d4e0a0262c1954844e754d7b879d4,190.0487772800003,0.0,WizhardofOddz
2026-06-07 07:08:07,day,finance,58,0x97f3f9f15c0063710c60d3ac9c40d17f4ba60eba,189.40435568749672,0.0,Investnow
2026-06-07 07:08:07,day,finance,59,0x277e6718cdf00f4f887d17589895ae031a337d32,186.57999999999993,0.0,aiwar
2026-06-07 07:08:07,day,finance,60,0xe7bd61ac59883bd4abda5c63865430452ecfebce,180.87910998500138,0.0,XuRi888
2026-06-07 07:08:07,day,finance,61,0xf797d4d1c038d1eb0593edae0e66bf8e4b2e0bf2,176.53251215150522,234.94,DerDon
2026-06-07 07:08:07,day,finance,62,0xe222c5a5d56301551b3713c145a4c76e740db4cb,175.56680001199948,0.0,0xe222C5A5D56301551B3713c145a4c76E740DB4cB-1762089784581
2026-06-07 07:08:07,day,finance,63,0xc0a1298e2d6ba216efb554865369152da9c5a33b,173.86512800500032,0.0,EddyAncogld
2026-06-07 07:08:07,day,finance,64,0x6c7d9ce7d08fbe1bf872fa825916802866a8d6eb,173.40582566000012,0.0,VVKhqdMdKjEpLsDRwu
2026-06-07 07:08:07,day,finance,65,0x4a2be7a7e6e3b41dc2de00706b4c09660ca9af20,171.23664930430095,137.37,troim
2026-06-07 07:08:07,day,finance,66,0x5789132677a2ab9103edcea5500ef339258d4483,168.80958472000017,0.0,Lafrenze
2026-06-07 07:08:07,day,finance,67,0x7a6192ea6815d3177e978dd3f8c38be5f575af24,168.18058117249166,0.0,Gambler1968
2026-06-07 07:08:07,day,finance,68,0x0670fee985af6e0b8e378cf6855fa2b8688c29bf,166.94383424449916,0.0,CryptoLBL
2026-06-07 07:08:07,day,finance,69,0x47e7c056f2428aeff262f542fc11aeb5b965ecbf,166.91968336149938,0.0,Yurion0
2026-06-07 07:08:07,day,finance,70,0x09c02e58f79dc2fc1e42c7c14d43e4a142326f73,164.1886375299946,0.0,klinxiowl
2026-06-07 07:08:07,day,finance,71,0x4f1d5ae26fc31472966e951af3183308736d8de2,157.97000655338343,2874.7725310000005,e46m3
2026-06-07 07:08:07,day,finance,72,0x4bbe10ba5b7f6df147c0dae17b46c44a6e562cf3,152.23405847890535,0.0,How.Dare.You
2026-06-07 07:08:07,day,finance,73,0x455b892fec081a27740394dd6444b838f32759f2,152.16177380800582,0.0,lovesunyang
2026-06-07 07:08:07,day,finance,74,0xcd71fd5370880f3d92bb941e628c05840fe0d127,150.48246664999897,0.0,Kevindoto
2026-06-07 07:08:07,day,finance,75,0x9733d16542233b38fa2a3432b6106cbc991bf034,150.0,0.0,GerryHannon
2026-06-07 07:08:07,day,finance,76,0xc8ab97a9089a9ff7e6ef0688e6e591a066946418,149.63173186196946,22941.716827999997,ArmageddonRewardsBilly
2026-06-07 07:08:07,day,finance,77,0x376441d19f56d43629d3872324dc2e648e13c5eb,146.7083722500006,0.0,m3t64 - 815
2026-06-07 07:08:07,day,finance,78,0xcfca142138af18226c8c0462216c420370829722,146.1255000000001,0.0,hnwdgf
2026-06-07 07:08:07,day,finance,79,0xfa8fc6a3e706bc4aa7556d060564c154322ad61b,146.0495366064988,0.0,singaporesling
2026-06-07 07:08:07,day,finance,80,0x37b852d1bfd1878f80e57bbaa7d0718fdb327102,143.80349621500005,0.0,jackpan1024
2026-06-07 07:08:07,day,finance,81,0x630519aed8ebc5e0e08a95f4e83b0ae541c09d0b,143.59123594999983,0.0,tomsir
2026-06-07 07:08:07,day,finance,82,0xfb81f27f1c8758d477332f8e751322c424da1cf3,142.48500000000058,0.0,CiderApple
2026-06-07 07:08:07,day,finance,83,0xefa5ab06e3252dd8f3174b64383252b5c55224a6,142.2632801200001,0.0,wwf123
2026-06-07 07:08:07,day,finance,84,0xcc2e72fbee36d81268d3f147281f03e5abef1623,142.11309273423603,994.058156,mahime
2026-06-07 07:08:07,day,finance,85,0xe0a97239cac7bd29b1b6e6dd2e0c9ea65bd9c455,140.01344084299944,0.0,AS57289568
2026-06-07 07:08:07,day,finance,86,0xacbca1cf43bd198e734089f198f3725281577cc3,136.86365999999998,0.0,tupac8
2026-06-07 07:08:07,day,finance,87,0xa7d2ec6680f4e5f6ab0da244d8006eec3e20f954,136.2129209200017,195.0,KiruaTrading
2026-06-07 07:08:07,day,finance,88,0x52268b0618c21a3c1ccbec2b110b1ba6c8338554,131.35218699500183,0.0,west77
2026-06-07 07:08:07,day,finance,89,0xe937357d6b851c08f258fc0b325fd71dfb06d46a,130.69104525,0.0,CalculatedRisk08
2026-06-07 07:08:07,day,finance,90,0x3c918a8ef8c379304f744592120cbb4d76149af7,130.0,0.0,Vilgefortz
2026-06-07 07:08:07,day,finance,91,0xa8b37cec5fa0b1b8cc3363e4f10a21a4049e4484,128.85489217949544,0.0,pechenka2311
2026-06-07 07:08:07,day,finance,92,0x6d16c33b540069f5aa0d9f705b0d759dec927228,127.24827193950114,0.0,slippy0
2026-06-07 07:08:07,day,finance,93,0x16d4b755e9ac9568a0b597313af1e7c850e9c2c5,126.05011732250017,0.0,tvampire
2026-06-07 07:08:07,day,finance,94,0x9c1237ffbfd248e6368a5f7e437db47158231937,126.0,0.0,0x9c1
2026-06-07 07:08:07,day,finance,95,0xf02008dd334fe83c8dad61dd9a54776d7fb03212,125.02319999999872,2721.58,threeblindmics
2026-06-07 07:08:07,day,finance,96,0x5bffcf561bcae83af680ad600cb99f1184d6ffbe,120.86542491999717,24173.08,sadfafdfsds
2026-06-07 07:08:07,day,finance,97,0xaa4e67ebc4be5c685bb1414edb84226a0502315e,119.06658485314819,50.97,0x0a2c91218Cb2646B01597640acA2e737CB3d0AAD-1758128663375
2026-06-07 07:08:07,day,finance,98,0xd11f1b638acfb2b1ce7127cb41763388612b70f4,119.04761901999973,0.0,0xD11F1B638aCFB2b1CE7127CB41763388612b70F4-1773466463535
2026-06-07 07:08:07,day,finance,99,0x7d1bb9f000e5fce13db3a0927b64aa38e69de75c,117.24069015450004,0.0,bmtr
2026-06-07 07:08:07,day,finance,100,0xb619ed5b378053f8309c307d2f7adf9c13665068,116.31054484950073,0.0,tnl
2026-06-07 07:08:07,day,culture,1,0xaf23273e03a924a257edd6beae7133cf9d32377f,8942.544454519972,0.0,SCssss
2026-06-07 07:08:07,day,culture,2,0x955c9661bf6e010beff0ba896a49f715a8c8990f,7962.579438233966,28898.992274999997,
2026-06-07 07:08:07,day,culture,3,0xcd09c7f5132a160b41578a79a9e3453da7aeda63,5502.539279929988,0.0,ShayaEredyon
2026-06-07 07:08:07,day,culture,4,0x6ff0a3f6a71b03ff03a4b690ca1439ba03e07760,5318.366485349994,0.0,celestat3123
2026-06-07 07:08:07,day,culture,5,0xb09dfb36aa4718a3df7646251e0e047759af64c8,3196.6529249499945,0.0,Sitdownandrelax
2026-06-07 07:08:07,day,culture,6,0x115a63c208278a576150176880f48f064c94e4a6,3077.7673975999915,0.0,0x115A63c208278A576150176880F48F064c94e4A6-1766247046507
2026-06-07 07:08:07,day,culture,7,0xe2b1fc269d0c2e27da11fadd1d9596fe28227d2a,3003.8974614334293,191.48,New.Jeans
2026-06-07 07:08:07,day,culture,8,0x9290cfdcff27056a27555d4b9c50c9edfb2bf429,2620.890359909994,0.0,StefVie
2026-06-07 07:08:07,day,culture,9,0xdd364a4916a70d57c6ff530f87f6dbe1f196f80f,2519.173714259996,0.0,WeatherdemonAI
2026-06-07 07:08:07,day,culture,10,0x073a1caba3c22e9e361ceae83aaa5405706f91e7,2457.999999999999,0.0,Mantronix
2026-06-07 07:08:07,day,culture,11,0xe1926b9c482ad92e649e227be986bf88b0e0c237,2274.7103919799924,0.0,NqJoaquin
2026-06-07 07:08:07,day,culture,12,0x6ed96a8447d8d82ad3c748286927bf9292bded43,1768.2395616499962,0.0,108cap
2026-06-07 07:08:07,day,culture,13,0xe1a8e339fd424851eff353b690aaa7897c49a3d7,1634.2395522799998,0.0,alienbid
2026-06-07 07:08:07,day,culture,14,0x09f653fc1f0ee37f9e4a562fefdc31e344eeb528,1535.9266872299959,0.0,4moyears
2026-06-07 07:08:07,day,culture,15,0x2881b6f7ab10da79f89870320811de5244912091,1315.6364153399954,0.0,0x2881B6F7AB10Da79F89870320811De5244912091-1771867892446
2026-06-07 07:08:07,day,culture,16,0x9aeb534c42b58b21673d5e03e9da14fbd15b2729,1229.4116827696635,3724.6557420000004,The-Joker
2026-06-07 07:08:07,day,culture,17,0x814712d94b00008c7fdd6c002b10418fa5694fbf,1154.8100022599974,0.0,zuker14
2026-06-07 07:08:07,day,culture,18,0x7b989f2563b048d1b3a1e19e175c029b419eb1be,1120.0000146499988,0.0,0x7b989f2563b048d1b3a1e19e175c029B419EB1bE-1770843398790
2026-06-07 07:08:07,day,culture,19,0x9214dab53f22dbd2808e9439196a855e6d5ea803,1047.4642539479996,0.0,neoniks
2026-06-07 07:08:07,day,culture,20,0x04902c7046da0f93f29d070b00f9366a165ac81f,946.554842048994,0.0,goingsocial
2026-06-07 07:08:07,day,culture,21,0x04902c7046da0f93f29d070b00f9366a165ac81f,943.5974166619999,0.0,goingsocial
2026-06-07 07:08:07,day,culture,22,0x271a4ae3e242f4d79429ab553eede1bfc1f65d93,921.1699076799978,0.0,
2026-06-07 07:08:07,day,culture,23,0x8085de9048a283f768f4a2789c8b4b5c2931ea17,891.8556566434995,616.8,G3M
2026-06-07 07:08:07,day,culture,24,0x868ee2f41837f6df7a5be58d21af5ec62197e14a,864.0971370000004,0.0,SimBhullar245
2026-06-07 07:08:07,day,culture,25,0x0b8002dc1f9301b07ee12ee04ba81d193d9a657f,855.8082137600011,77700.0,ImGettingOnTheShips
2026-06-07 07:08:07,day,culture,26,0x063327ee933b3edc688af2c4d74de730888fe789,829.997262069999,0.0,V66
2026-06-07 07:08:07,day,culture,27,0x5d5a68ba12cf0264ea2dab626d99abb9a71c4289,775.3103812025,0.0,arongarongarong
2026-06-07 07:08:07,day,culture,28,0x1ecc2647111b4a16f24e245d31e1b34b3c73ca97,738.1764284499986,0.0,soulsapphire
2026-06-07 07:08:07,day,culture,29,0x9d84ce0306f8551e02efef1680475fc0f1dc1344,729.3670004612068,0.0,ImJustKen
2026-06-07 07:08:07,day,culture,30,0x0d6fa8636eec21c43937fef5afd6ad2bea246292,695.0910833199978,0.0,0x0d6fA8636eeC21c43937fEF5AFd6AD2Bea246292-1780078703919
2026-06-07 07:08:07,day,culture,31,0xa7043ace8a89ab69be9128d4adf0058aece9fe84,694.6066999999982,0.0,Djwhalkuhl
2026-06-07 07:08:07,day,culture,32,0x1920fb2f2b88ae1942be59a8845c4ef38bafa04e,529.2302172209202,6579.56118,CBTrading
2026-06-07 07:08:07,day,culture,33,0xe168bb319a1388884dc4564d665e31a37a68805d,529.1833234999995,0.0,wantedDOA
2026-06-07 07:08:07,day,culture,34,0x04a2a7075963c86990e246e73e50f8023b79e16c,525.0172506729814,3546.109352,gordontradedc
2026-06-07 07:08:07,day,culture,35,0x45a3935eda9a67180f95133b9ba2e83d150e23e6,522.0805555099987,0.0,KAU7
2026-06-07 07:08:07,day,culture,36,0x850d81cf29cd29c218a6f1b4e57c80679495aae1,521.6799999999994,0.0,Shark13
2026-06-07 07:08:07,day,culture,37,0x306045e9bdee8f28a564cfabc980e0372f0216cb,520.3505262999988,0.0,Lhsbcgeam
2026-06-07 07:08:07,day,culture,38,0x5a4b6ddcd3991af483d0017fbf62b13fd0f6238b,502.77649999999903,0.0,LarryXX
2026-06-07 07:08:07,day,culture,39,0x5e39013a1d7c4b502ad2ea073d7e8a0469ca352c,501.7377159029995,900.12,0x5E39013a1d7C4B502ad2Ea073d7e8A0469cA352C-1765309578276
2026-06-07 07:08:07,day,culture,40,0xc591447fb21de233ff033d1260db3c28286b7085,480.23758607999935,0.0,0xc591447Fb21De233fF033d1260Db3c28286b7085-1768428276161
2026-06-07 07:08:07,day,culture,41,0x6dd9b8a32828e6ed49ceebfe389b7ec5f01f1024,441.4580798374999,0.0,penzil
2026-06-07 07:08:07,day,culture,42,0xdf17f4a8dd01a4cfa6fc3da323a2baee5f8697d1,436.7062636300143,0.0,Soft-Lantern
2026-06-07 07:08:07,day,culture,43,0xa2d71813dc3857e582130015bd60e5edb61ee3b7,428.5027833934191,3470.258981,exponentially
2026-06-07 07:08:07,day,culture,44,0xde0463ea7f611b065e8ab06bbfbddad75e6dfa37,428.4450716282936,631.4,mwenya
2026-06-07 07:08:07,day,culture,45,0xdf0a655b1f2961505df136ed25379a1d1daf08e8,426.6467131458776,331.394847,yolol
2026-06-07 07:08:07,day,culture,46,0x8e89462888e2a9ecbcb1dc9257696f483e26e735,425.0839582899989,0.0,ahidfikl
2026-06-07 07:08:07,day,culture,47,0xffed687882ea20e77879f0cf0897060c49554706,420.35415962999923,0.0,dtomm
2026-06-07 07:08:07,day,culture,48,0x392b5abcb6514e56f04d166b9cb535082ba9352a,400.000075,0.0,0x392b5AbCb6514E56F04d166b9Cb535082BA9352a-1778103841807
2026-06-07 07:08:07,day,culture,49,0x4a2be7a7e6e3b41dc2de00706b4c09660ca9af20,356.24517064350005,600.0,troim
2026-06-07 07:08:07,day,culture,50,0x34f780c2a68d7bbe510250282baee7844a06d6a6,352.7168420499993,0.0,0x34F780c2A68D7BBE510250282BAee7844A06d6A6-1775559619358
2026-06-07 07:08:07,day,culture,51,0xbe78735039230635d5debcdc11400619d7e2c533,351.8592914313158,2323.87,splatloud
2026-06-07 07:08:07,day,culture,52,0xb9d5d728e444395fc367b3186b2bec5d53b60c43,350.34054710999953,0.0,madfrog1
2026-06-07 07:08:07,day,culture,53,0x9199ba070c49a78d7b1eb029b5c03d0b2972dd2d,342.4919450000234,2999.99,0x9199Ba070C49A78d7b1EB029B5c03
2026-06-07 07:08:07,day,culture,54,0x1e1aed3928a9617e7c7ae674c4fa7aebbd9d7690,333.8457710050716,14107.585363999999,Bitgod
2026-06-07 07:08:07,day,culture,55,0xd4dd6b419f551b7493b9aa3d876708c44d320d26,332.45897563999915,0.0,clankerwanker67
2026-06-07 07:08:07,day,culture,56,0xfd72260c93fe9ec7ade50bfc2bb4ea76b830f902,331.1912146499999,0.0,Redacted86
2026-06-07 07:08:07,day,culture,57,0x355f3b6a0e5b430a21b5067403c2f4507dbc0df8,327.62146475100053,0.0,haraya
2026-06-07 07:08:07,day,culture,58,0xd4bb827c0227774bcde1bd881b36c7d93854a993,319.7410541499994,669.8900000000001,0xD4bb827c0227774BCDe1BD881b36C7d93854A993-1768600189069
2026-06-07 07:08:07,day,culture,59,0x304e8e73e845b87bdf5417f531512b8f7ca9be98,312.03037827261005,182.89415400000001,kalintyler
2026-06-07 07:08:07,day,culture,60,0xa9e64cc5fcda8edc389b1f979922566ff2b91dc2,303.8461802599995,0.0,BTCGOOSE
2026-06-07 07:08:07,day,culture,61,0x837c1c002120c297070a0d5176d0c82e8d545771,301.9223552599997,0.0,GGruter
2026-06-07 07:08:07,day,culture,62,0xf50f05751c6ddf58843c0d8646255e1c9e40ccc1,296.955044466614,470.68852100000004,0xF50F05751C6ddf58843c0D8646255E1c9e40cCc1-1775747416001
2026-06-07 07:08:07,day,culture,63,0x4e4203102fd7bde55ce1bcf9f1ef222e251949ed,296.0250710080004,164.99,shingoWAKAYAMA
2026-06-07 07:08:07,day,culture,64,0x863b6602f66c69c313ba0e498bd9318c37dd4f2c,295.0764055799996,0.0,
2026-06-07 07:08:07,day,culture,65,0x8a98109fb0f1d87d9bfcb4486ba3587b95c51b92,293.27444915999985,573.59,0xd8dA6BF26964aF9D7eEd9e03E53415D37aA9604
2026-06-07 07:08:07,day,culture,66,0x9db78804a79b3050fdea02d58e108eeac9b76cf1,291.8305999999998,0.0,T00mbst0ne
2026-06-07 07:08:07,day,culture,67,0x5a218c7ad04135830a45c41aaed7294df7809318,284.63756713448674,16619.868718,balthazar
2026-06-07 07:08:07,day,culture,68,0x7dcf235766e6b09c8869468a75d5495cf171a7bd,284.6152551172486,1182.3509609999999,godblessme2026
2026-06-07 07:08:07,day,culture,69,0x2a9bc0fea4f5a3d02ced35e7f6dd66b7427b1fe0,277.777777759999,0.0,EvilDemonSeed
2026-06-07 07:08:07,day,culture,70,0x256a5105936117f422676ce826bd0d31d9964b8f,269.38793186999965,0.0,Miinko1
2026-06-07 07:08:07,day,culture,71,0x3140c81075aa367aaac40f97cfc0ee9fed74b176,265.0476538299995,0.0,0x3140c81075aa367aaaC40F97Cfc0EE9fED74b176-1764718464081
2026-06-07 07:08:07,day,culture,72,0x5e3044ac7d83c8d2f61d80a070ad2b22d542b3f6,262.98776640999955,0.0,
2026-06-07 07:08:07,day,culture,73,0x1476574aacc087ab99632bcfdc4b44fc85e499b7,253.2047256099995,0.0,notmossad
2026-06-07 07:08:07,day,culture,74,0xb4f2592e67c333e73c923547cfe05e768180e5fa,243.2927632850005,0.0,M2sx92kljs42
2026-06-07 07:08:07,day,culture,75,0x0f12e8c12f2338b999cb43e3533a6fb0a093a54e,242.32636500999888,0.0,Adam0
2026-06-07 07:08:07,day,culture,76,0x3446368609709492d3fd67d893291230f0b9cca7,239.01272725999934,0.0,0x3446368609709492d3Fd67D893291230f0B9ccA7-1770927979839
2026-06-07 07:08:07,day,culture,77,0xfa3b4d18b821ff075d9290fea82434b3ae106900,231.74514574999966,0.0,xasd-440
2026-06-07 07:08:07,day,culture,78,0x9a3fa403a6666eef75f92f181fcf13f9c051914a,229.3210501542262,3173.639,Rex416
2026-06-07 07:08:07,day,culture,79,0xb1be64b64d5df133eb10887fcc77977be2ba518e,222.4269523299995,0.0,NewEarthTomorrow
2026-06-07 07:08:07,day,culture,80,0xa49b6ea0a604c581f2a9569db42c192b1c487054,217.25692213540606,3211.056715,387411007415611814092217897387
2026-06-07 07:08:07,day,culture,81,0xe00aa2006fdb90ab1b486917531d08e596ef330e,214.30242975687042,3032.653078,0xE00aA2006fdB90Ab1B486917531d08e596Ef330e-1768716156971
2026-06-07 07:08:07,day,culture,82,0x7871932c8db81c6ccdfabc181036db3800b72917,212.49332475000028,0.0,havetodoc
2026-06-07 07:08:07,day,culture,83,0x6df1bd42411b29f0d263f58da72c9efdfa54ea12,199.9997544099997,0.0,bc7g
2026-06-07 07:08:07,day,culture,84,0xcd91a549956854fdc38efad7e80ff5da8f5432b8,195.94498313839904,902.1199999999999,Novus0rdoSeclorum
2026-06-07 07:08:07,day,culture,85,0x1a549ee6bd09af8af757542efd5b187141b63158,191.94179460999976,0.0,Virgiledumont
2026-06-07 07:08:07,day,culture,86,0x2a70b961460cbafc9ac09a2cdfa6d62a9237f3c5,190.0,0.0,skel00
2026-06-07 07:08:07,day,culture,87,0x8ce6bc2c4641cbe50676422d1092d5d98bb626bd,183.99982534999936,0.0,Qomen
2026-06-07 07:08:07,day,culture,88,0x9696400353b2f0b6becf4fbfdde86ffd680f0861,183.40509992968418,2594.13485,ent1337
2026-06-07 07:08:07,day,culture,89,0x380002b00394456c8a247bcf115b5ee665f72325,179.99998498800232,0.0,Occasionalbettor
2026-06-07 07:08:07,day,culture,90,0x83adf74bddee60534f13ede94cb7780832fdf1c0,171.2799559,4024.3,MOnitgugu
2026-06-07 07:08:07,day,culture,91,0x237b23c184060faf9af79e355e05eaa29e31cdec,170.5990373099994,0.0,filmnerd
2026-06-07 07:08:07,day,culture,92,0x7c3db723f1d4d8cb9c550095203b686cb11e5c6b,167.19519543586648,2769.242295,Car
2026-06-07 07:08:07,day,culture,93,0xc602e34792d9a5e129f3404daef2df43d1d37fc1,164.20722195899725,104.3,Dr.PNL
2026-06-07 07:08:07,day,culture,94,0xb4382139f2b88a527a75d43b3144b861fd65f5f1,163.61084963999974,0.0,Zarchell
2026-06-07 07:08:07,day,culture,95,0xc88eb9ab98663254bff489c515f39f23b76bf3e1,159.9984207399998,0.0,DavidTrezeguet
2026-06-07 07:08:07,day,culture,96,0xa0c0b2127f46690233ba625cda17a4bbe2b9c4c9,159.38999999999987,0.0,27781
2026-06-07 07:08:07,day,culture,97,0x7dd0ef80b582891d0961ec9cfc65a4d8cae12b4b,155.8206188220002,0.0,horatio
2026-06-07 07:08:07,day,culture,98,0x18a0e748f547787c49b36345132971a89e21dea8,154.27202729247847,5165.798220000001,oxhrvnqpslitnzajurflmxkduvbnweu
2026-06-07 07:08:07,day,culture,99,0x47090d99948c5a3cdf417573092a5b19ced2fb48,154.151879671497,0.0,ChaseR
2026-06-07 07:08:07,day,culture,100,0x258fdc2ea1cc501a4b433ad55eb033e6dfd1b3a1,152.9529411499998,0.0,sautomated
2026-06-07 07:08:07,day,mentions,1,0x37a10c9fe980c79fa2dd6a8efa9b3c6bf83db0c8,224.2698529205,0.0,panzerdragoon
2026-06-07 07:08:07,day,mentions,2,0x6e532e0dc877f0da4b8b9022e287b760914222ed,30.82601029649996,0.0,Should.have.vwaped.it
2026-06-07 07:08:07,day,mentions,3,0xb37f3f453a78aebc6f39bf577f2d53708dadfdcf,27.38728706999973,0.0,Wwx
2026-06-07 07:08:07,day,mentions,4,0x83c56c56bc67c0b99b38abd1c0a3c1aca7a7e193,20.656370000004245,49.989999999999995,5tghfh67fghfsdt4356g
2026-06-07 07:08:07,day,mentions,5,0xd5707ff4ff6476f0ea344a46770c84b4436fb90a,18.67410494950002,0.0,slmndr
2026-06-07 07:08:07,day,mentions,6,0x38cf62d2fee064fc6316775a4bde92d4a0f17148,18.65296293000017,88.823633,afflilbru
2026-06-07 07:08:07,day,mentions,7,0x48de64f9b224609361539d2cc86d30f0d0190c51,15.97287784499997,36.0,Pratikcrazy81
2026-06-07 07:08:07,day,mentions,8,0x8a4ec9c5684b23599bb1dd827b8a5673c2fab38c,12.826562400000512,0.0,Jamieeee
2026-06-07 07:08:07,day,mentions,9,0x7e31a5e9c31638483614e9fd9f945bb34692454d,12.54252713999449,0.0,Odysseus7
2026-06-07 07:08:07,day,mentions,10,0x5b119e853ab64576c82895e3e05161d52a7d2976,11.820029999999988,101.0,0x5B119E853ab64576C82895e3e05161D52a7D2976-1771775589743
2026-06-07 07:08:07,day,mentions,11,0xd5e2ac8c91c50e31157bcf1f9ad691bc7ad1c1a7,7.800000000000068,0.0,.chumpo
2026-06-07 07:08:07,day,mentions,12,0x726c6e3d5cdb1a8a97b38c0e2d88448b19d66bfd,7.718621329999678,0.0,di4
2026-06-07 07:08:07,day,mentions,13,0x355e5ae20cc1a3a2164f818e4bac8d22dd72a038,6.680593105009393,0.0,Olcan
2026-06-07 07:08:07,day,mentions,14,0x314a5a0c97696a76b4926b43f6a661224f9d0fcb,5.450016675000002,0.0,illoqiq
2026-06-07 07:08:07,day,mentions,15,0x04dbe94fc549e2bfff09aec1cd9d02960adaf0fd,4.856785218721001,130.586198,7...
2026-06-07 07:08:07,day,mentions,16,0xf01ac1aa9fef8eabc5e3c764747aabddaa90f231,4.695550591582048,0.0,SubashChandraBose
2026-06-07 07:08:07,day,mentions,17,0x6bfa7b45c45b4921a83fca3003507a767c29c9e7,4.689999999999941,0.0,0x6bfa7b45C45b4921A83FCa3003507a767C29c9E7-1757191974682
2026-06-07 07:08:07,day,mentions,18,0xecd3026d5433eff3ecbbeaf4fe07b2a89f6b8289,4.637987399999993,0.0,Lado8090
2026-06-07 07:08:07,day,mentions,19,0xe1c949594766c44f557678e877ad967a0480748c,4.448296670999966,0.0,Lloydng
2026-06-07 07:08:07,day,mentions,20,0x5415c298dde8c84f4ba726d36b411df6e9a72a6e,4.349564999999529,0.0,-Dominus-
2026-06-07 07:08:07,day,mentions,21,0x25257a6a89dba93dd0c536b6279365632a4eb919,3.8918999999998505,0.0,Trading4Fridge
2026-06-07 07:08:07,day,mentions,22,0xdc0a6bf4b19f1bbedc8477cf74e8b375b98dccdc,3.670883275001188,40.0,Moustik007
2026-06-07 07:08:07,day,mentions,23,0x0e935a8486b7e044b6b4195af7acd280163b6a82,3.6644789750001223,97.388887,0x0e935A8486B7e044b6b4195af7ACd280163b6A82-1778525694471
2026-06-07 07:08:07,day,mentions,24,0x3b300a916331c4d7d65d50f378dcb02b3c5d100f,3.419337500000001,0.0,0x3b300a916331c4D7D65D50F378Dcb02b3c5D100F-1768576368306
2026-06-07 07:08:07,day,mentions,25,0x51443076fb1d6ef85ac16de97ae86c018e0c37c9,3.316633207999999,0.0,
2026-06-07 07:08:07,day,mentions,26,0x2817e1168f193538aecb4479380e385c7f81327f,3.2208333250000014,0.0,0x2817e1168f193538aecb4479380e385c7F81327f-1774493436652
2026-06-07 07:08:07,day,mentions,27,0x0780d466abcdf77679fc534a446c7a26432967fb,3.061666575000004,0.0,0xcyaj
2026-06-07 07:08:07,day,mentions,28,0x45e7baf3547d9732e93fff7d8db0f05f7f1b3577,2.8785257100000194,0.0,p0pp
2026-06-07 07:08:07,day,mentions,29,0xbd3159fee50dcd5b3efe437879b3eaef2e998004,2.6404125840017514,0.0,govalorant
2026-06-07 07:08:07,day,mentions,30,0xecd3026d5433eff3ecbbeaf4fe07b2a89f6b8289,2.5588895999999934,0.0,Lado8090
2026-06-07 07:08:07,day,mentions,31,0x196496d512ecb6b192a61aad1a115068fe8b5e04,2.512301605000019,0.0,Mrpike
2026-06-07 07:08:07,day,mentions,32,0x1fcc97d92bccec98ab57be7f286c94425d77701b,2.5097893099999737,0.0,.heart
2026-06-07 07:08:07,day,mentions,33,0x5415c298dde8c84f4ba726d36b411df6e9a72a6e,2.399760000000242,0.0,-Dominus-
2026-06-07 07:08:07,day,mentions,34,0xf60fb8fa9df77178ce3b2a0efc86d28ec4e957a8,2.3971625700000025,0.0,kirit4
2026-06-07 07:08:07,day,mentions,35,0xe944fd614c0bf6a76e5ffd312401e6a790de0837,2.3747772900000257,0.0,briar2682
2026-06-07 07:08:07,day,mentions,36,0xe1c949594766c44f557678e877ad967a0480748c,2.230176233999998,0.0,Lloydng
2026-06-07 07:08:07,day,mentions,37,0xc468b3b8564017fcf2bf9ede2608a0ea24b1009d,2.1581395000021075,0.0,PadreMaronno
2026-06-07 07:08:07,day,mentions,38,0xbe0e2ccaba04e1cff6328df819aba5648578d429,2.088950000000068,0.0,hesure
2026-06-07 07:08:07,day,mentions,39,0xca6eba7899ee3bd495a2f995777de529d20aaf60,1.7972849999998743,0.0,arbiteur
2026-06-07 07:08:07,day,mentions,40,0x998b3ad9fc8219f4a9ef374196ffbb690832db96,1.570658805000022,0.0,0x998B3AD9Fc8219F4A9EF374196fFbb690832Db96-1776201383464
2026-06-07 07:08:07,day,mentions,41,0xb096041350a730330d362b01f36aef7c268ee8d7,1.5524119440000028,2.044954,Funpay
2026-06-07 07:08:07,day,mentions,42,0x0739beca79df745311196936eb2b768c6ccdaba8,1.5200552300000254,0.0,meow-123
2026-06-07 07:08:07,day,mentions,43,0xc53da918c76cac5930b9e93369549eeb6f894346,1.4161000000000055,0.0,101dogs
2026-06-07 07:08:07,day,mentions,44,0xcb0e8bdee43eb0cf091374ebb031304c4de4c5e4,1.1860273799999987,0.0,0xCB0E8BDEE43EB0CF091374eBb031304c4DE4c5E4-1778340980759
2026-06-07 07:08:07,day,mentions,45,0xf2cf3cf7863182c763bce60580a7d20e9333464b,1.1440094055002135,34.325894000000005,Mojito9
2026-06-07 07:08:07,day,mentions,46,0x0446942df9d24b9a7de25eac318a129c1714cc69,1.13292204,11.729999999999999,48xsds
2026-06-07 07:08:07,day,mentions,47,0x5146cbdf6b04a8cf93e6455981c696b88368ac5e,1.0845072149999995,8.5,52adsa
2026-06-07 07:08:07,day,mentions,48,0x3d60a4dcf361d6eed01bfadd0c6cfc2ac8866df2,1.046474209742005,14.379742,mathacec
2026-06-07 07:08:07,day,mentions,49,0x49161f6833d0be67e00b0ed06477536134f4f56f,1.025127108136033,8.470126,TerranSupremacy
2026-06-07 07:08:07,day,mentions,50,0x2ecb34e1cb95b3c8d9d3e2905668d3eee03a7645,1.0119277450014579,0.0,AlphaPengu1n
2026-06-07 07:08:07,day,mentions,51,0xb567608cc44dd0c2a083b3f9eea78e7d973e1575,1.0,0.0,TradingBear
2026-06-07 07:08:07,day,mentions,52,0xd5527c2bdf2bc4855b4b55b6aabe3b308371ec26,0.9999999999999991,0.0,ElaraVasiliev
2026-06-07 07:08:07,day,mentions,53,0x78db05b03fcd5f0734fffe0365bd5414862eec04,0.9999990000000001,0.0,kira-LP
2026-06-07 07:08:07,day,mentions,54,0x4ab7625cacd4ec2c8804149ddba6d232fe645f17,0.999999,0.0,yenistriga
2026-06-07 07:08:07,day,mentions,54,0x58f8f1138be2192696378629fc9aa23c7910dc70,0.999999,0.0,bloodmaster
2026-06-07 07:08:07,day,mentions,54,0x42e7f0c1f45ccc07a2755489789d700e344143bd,0.999999,0.0,betlife-619
2026-06-07 07:08:07,day,mentions,54,0x96b542bf4bfbba3801f1304dd611f34199600821,0.999999,0.0,secondarycolor
2026-06-07 07:08:07,day,mentions,54,0x8641736a39a229e091eff6fd0c040ad1db192927,0.999999,0.0,
2026-06-07 07:08:07,day,mentions,54,0xdb82fe0d2ea3b3c4466a245ba26d29b2031c46cb,0.999999,0.0,NortheastTiger
2026-06-07 07:08:07,day,mentions,60,0xb5836c39622aa685fcda6d0ef52b45c8802f939e,0.999996,0.0,chilly99
2026-06-07 07:08:07,day,mentions,61,0xeec913dc394341eb97c2264231876b20fef02c45,0.999995,0.0,pepe11
2026-06-07 07:08:07,day,mentions,62,0x6e8d843cc031c1ba0c6dd1d3db0e2cd1adddcc23,0.9999920385769999,0.0,alvarito
2026-06-07 07:08:07,day,mentions,63,0xc36505d5f153624b3baff8d909a94a3fdb8cf983,0.9996944999999999,0.0,Sixta
2026-06-07 07:08:07,day,mentions,64,0x9257623ec1ef067eb1756f40349e3ff81246cfb0,0.9994995,0.0,Withia
2026-06-07 07:08:07,day,mentions,65,0x74b4d17af9032fc53ec83e8fe17d37344022b283,0.9994551534479994,0.0,strwr
2026-06-07 07:08:07,day,mentions,66,0xdb29faefbac63c791fcdec9a39f4a8c3137f4b3a,0.9994,0.0,
2026-06-07 07:08:07,day,mentions,67,0xd835d39842fe1dd5ad541e6b620c991ca6d91d5e,0.99937785,0.0,kjhgfvghjmk
2026-06-07 07:08:07,day,mentions,68,0xef03567fc5a30b665efca7e9ef2e9e3fe6031fbf,0.9991199999999999,0.0,0xef03567fC5a30B665efca7e9eF2e9e3fe6031FbF-1759574216489
2026-06-07 07:08:07,day,mentions,69,0x61c8abd32c9a3792c8196caaf9c2d3ce31d572ac,0.9990563900000001,0.0,cswrth
2026-06-07 07:08:07,day,mentions,70,0x3445189bbd762b4cfbd476d1f01092a8f0a8f9fa,0.999,0.0,Batyok
2026-06-07 07:08:07,day,mentions,70,0x0adba53d927755feb4d4aca0c3a7e75b7868f95e,0.999,0.0,milfwithnokid
2026-06-07 07:08:07,day,mentions,72,0x4516d2180a80d5b1d46a646cb67ef85ee747ff25,0.998999,0.0,jiton
2026-06-07 07:08:07,day,mentions,73,0xae1223b0240104c7a5f7d305c3888bb329cbcfc1,0.99899436,0.0,0xaE1223b0240104C7a5F7D305c3888BB329cBCfC1-1766964422803
2026-06-07 07:08:07,day,mentions,74,0x7c483d26ccc647422a6e560ec59defe13879f2da,0.998971842662,0.0,0x7C483D26ccC647422a6E560eC59DEFE13879f2Da-1744885137007
2026-06-07 07:08:07,day,mentions,75,0x01636baaefd490d5df43ae3d0c7da2e67699f7c9,0.9989691744239999,0.0,TheRedBear
2026-06-07 07:08:07,day,mentions,76,0x3f05a61b747b292790eff03213760513f85d9524,0.9987577231560001,0.0,Xeiroo
2026-06-07 07:08:07,day,mentions,77,0x02d38ac05ad050571d2722f949bc3c73a8d92327,0.998475734108,0.0,ClarksonStreet
2026-06-07 07:08:07,day,mentions,78,0xce89fa90f3e288ed62a44def95a921755e140089,0.9984662201600001,0.0,ArneFS
2026-06-07 07:08:07,day,mentions,79,0x767d9872cbaa924e3c3e05f94b43a4e3cce6d1b3,0.997748,0.0,changchang1
2026-06-07 07:08:07,day,mentions,80,0xd7bf18e530803a2951cc3e80e9fd805e638f2368,0.9975000000000002,0.0,anonklarol1986
2026-06-07 07:08:07,day,mentions,81,0x8e5004f193584811bae06a350b34c8e2441aded9,0.9972920000000001,0.0,0x8e5004F193584811bAe06a350b34C8e2441AdeD9-1768909790132
2026-06-07 07:08:07,day,mentions,82,0xd87d0e30dddef02cd917dae54e8cf14eae2052f9,0.9972683,0.0,XgangX
2026-06-07 07:08:07,day,mentions,83,0x12de044549c5b11d124c4f82d79cef033d01d155,0.997175272601,0.0,victoriayoung
2026-06-07 07:08:07,day,mentions,84,0x4637b9f28a259a915392ae3ddeb15265196894e3,0.9969669999999999,0.0,0x4637B9f28A259a915392Ae3DDEb15265196894E3-1777325507740
2026-06-07 07:08:07,day,mentions,85,0xdbcd710b921c58493620dcacae92ba0bd79e4036,0.996950592216,0.0,trader000017
2026-06-07 07:08:07,day,mentions,86,0x44d120043d23cd5db89b1299f56d3ff3f34f9936,0.9968670000000001,0.0,0x44d120043d23cD5DB89b1299f56D3Ff3f34f9936-1764865552907
2026-06-07 07:08:07,day,mentions,87,0x54e4f1a5b059a7ffb2dad83037dbeb18382d4300,0.9966804924099999,0.0,Come4Capital
2026-06-07 07:08:07,day,mentions,88,0x74616f2238deee871e8cd4b6713eb32ed5d332ab,0.9961715557000002,0.0,Doremi4pf
2026-06-07 07:08:07,day,mentions,89,0xa02304e9f72e3866295c790af3590b95f77832bb,0.9960283824680001,0.0,lauratorre
2026-06-07 07:08:07,day,mentions,90,0xa26812e4c396a95c7a4b26d66934f936a7b177dd,0.995982649959,0.0,
2026-06-07 07:08:07,day,mentions,91,0x63ceb541eb422a78d76912bbe066c7959b51d59a,0.99584047,0.0,3c3b
2026-06-07 07:08:07,day,mentions,92,0x6d68f747ffa870bdd95b670bdb5cf2fb232f0237,0.9955980000000011,0.0,TristanWaverly
2026-06-07 07:08:07,day,mentions,93,0xa64bb56817fa45f2cf8419a1107a95a130601b46,0.9955979123059997,0.0,ceoofpol
2026-06-07 07:08:07,day,mentions,94,0x877e18590b34c0a314f7d2fb8f3c43f42e96dcb2,0.995232256665,0.0,Mojanic
2026-06-07 07:08:07,day,mentions,95,0x73e2a14dc9480a09c8503aedb1c33b291df9e05e,0.995183,0.0,btcrocks
2026-06-07 07:08:07,day,mentions,96,0x2bc03661c5462e2498fd3bb9fb78f5eb17bbac69,0.9950110000000001,0.0,0x2BC03661C5462E2498Fd3bb9FB78F5eb17bbac69-1771495316677
2026-06-07 07:08:07,day,mentions,97,0x09fc877d0f2065b37c5cb5aafc0e66602c7d4cd4,0.9949,0.0,vikkS
2026-06-07 07:08:07,day,mentions,98,0x42f19ff3dce72183f90efed9ff18b061fcac67b9,0.994652,0.0,figurettipy
2026-06-07 07:08:07,day,mentions,99,0xefd7c07709560e8ba1fcd81aa25e070aee09cf7a,0.9946204393829999,0.0,zroller
2026-06-07 07:08:07,day,mentions,100,0x2917ecb9857bb0e204cd54899c0277c07c94e7ac,0.9942050000000001,0.0,arbitrade.pro
2026-06-07 07:08:07,day,weather,1,0x7300833941f579802d58791eb1d0152c1b17e52c,985.9173791062587,4458.362518000001,PontiusPilate
2026-06-07 07:08:07,day,weather,2,0x6a8d1709bfb718d8555d315a983c4816278350f9,351.9560503206667,4150.2677,OnlyLuckNoBrain
2026-06-07 07:08:07,day,weather,3,0x6fb10c9908b68c82f5889f641fdc05ca59ee9319,349.9501292389659,2617.330351,Frog-Prince
2026-06-07 07:08:07,day,weather,4,0x8882badcd9ce5786454bc55bd6b8fa05063503fb,342.69515448835546,4414.284891,
2026-06-07 07:08:07,day,weather,5,0xe25cdab15bc7a740ce1258b31f46e26831767908,316.33882833071266,7695.743557,0x492452EaB586F242
2026-06-07 07:08:07,day,weather,6,0x4c563677a8074c504ffd3541cb29ab2ee4b214cc,311.7370896904082,51.833528,yagorg184
2026-06-07 07:08:07,day,weather,7,0xec86a2d3f69015b1a9382e4dfa8695e1b48760e4,295.39239950624324,21881.899754000005,0xeC86a2d3f69015b1A9382e4dfA8695E1B48760E4-1770735132210
2026-06-07 07:08:07,day,weather,8,0x937bcac3a8a30c07d827ad0550c3fe3a6756bfab,293.1880751216504,2499.971407,bhuumi
2026-06-07 07:08:07,day,weather,9,0xe0949c6f8ce1df5d8538496c4866426fb19911cd,276.7442683200001,456.26,0xe0949C6F8CE1DF5d8538496C4866426Fb19911cd-1776650967867
2026-06-07 07:08:07,day,weather,10,0x4cd6563231c76d1a4265ae95aa53d57fa5ef686f,274.33310549841997,483.41906499999993,0x4cD6563231C76d1a4265ae95Aa53d57fa5EF686f-1767636459711
2026-06-07 07:08:07,day,weather,11,0x652d6be4a7532227fd1dc3d3c69b0a0a1dc446b3,265.9389033484349,12221.671535000001,0xALJJ
2026-06-07 07:08:07,day,weather,12,0x1f66796b45581868376365aef54b51eb84184c8d,262.32091396507167,3961.8868980000007,ShyGuy1
2026-06-07 07:08:07,day,weather,13,0x0941e5c5e1aaa33442ccec615ae4cb863749b254,255.38262001905582,774.358375,Oddsby
2026-06-07 07:08:07,day,weather,14,0x28bf066c6cb952da62d6d182c16ad173ada64a4e,251.70271342538217,4625.87406,plainfolder
2026-06-07 07:08:07,day,weather,15,0x09a85cfe4d51e0cde12daa4d255b3f789fb447c1,240.1854645858184,1098.897998,tenkiyoho
2026-06-07 07:08:07,day,weather,16,0x46992d0e547e3822a9c28723f51bfa804ae4e03c,232.79510256999833,7010.530000000001,anon.1980.123
2026-06-07 07:08:07,day,weather,17,0xa3f0b63cc320411f24bc44c8f0de2f1e9d775cd7,228.51782336999992,1813.809843,JegueAlucinado
2026-06-07 07:08:07,day,weather,18,0xe3a18747025ea78d967be9c2d14ec479743764a3,227.48877057400068,0.0,handofmiddas
2026-06-07 07:08:07,day,weather,19,0xb40e89677d59665d5188541ad860450a6e2a7cc9,214.7155772472761,29285.559435999996,Poligarch
2026-06-07 07:08:07,day,weather,20,0x2b4e79bd4989e125015e465d5966769c0f56d839,202.4205625900007,6280.5,LUCKY66666
2026-06-07 07:08:07,day,weather,21,0x37de5810f247a0cba8dc95b626bb4e7b9b32f512,200.8936891681249,5783.224842,horse2026
2026-06-07 07:08:07,day,weather,22,0x36e6f5489a73bacfa269f375e5e9aeec00f1ad16,200.7434717319711,514.555707,Odayy
2026-06-07 07:08:07,day,weather,23,0x919698b19427cbe6945b0dc823f2d9e126a4d934,198.81445669030109,4633.242958999999,wuxiuming
2026-06-07 07:08:07,day,weather,24,0x285109735e915f14038a2f41322814e0d6b46b8c,189.1314024998012,5087.9386890000005,flipsss
2026-06-07 07:08:07,day,weather,25,0x5f211a24da4c005d9438a1ea269673b85ed0b376,182.9536987817737,32960.304194000004,dpnd
2026-06-07 07:08:07,day,weather,26,0x945a49252f772a10c6ddd1d1e1e24ee20438a48c,181.89680495042558,16377.770441999997,zxcursed121
2026-06-07 07:08:07,day,weather,27,0x1e53e5e0a496b353893caac150e990df900714e7,181.25757133936372,709.6630460000001,0x1e53e5E0A496B353893Caac150e990DF900714e7-1768943982727
2026-06-07 07:08:07,day,weather,28,0xd3919b403da6f0b1f3ed9cf3751ae103054213bd,181.25618361869994,3938.5921710000002,
2026-06-07 07:08:07,day,weather,29,0xcfa228495a9b4c0452d8524beebdaa2ceb6411fd,178.559473693626,325.92,gagak-bongol
2026-06-07 07:08:07,day,weather,30,0x9060c6d23d1d0e2ef3ad69b5a1c3a4209bfc790b,176.39601156000094,91.75999999999999,unimportant
2026-06-07 07:08:07,day,weather,31,0x0f332372f9f16b2a3c479542f88b1d37f9b11ab8,172.98839150104595,4702.93304,shamu9
2026-06-07 07:08:07,day,weather,32,0x88394534c6d050ac528964a2df5928dc5935ddb5,170.11872156207983,1612.844441,ZhouYi-talk
2026-06-07 07:08:07,day,weather,33,0x57ee70867b4e387de9de34fd62bc685aa02a8112,168.02162905551813,9695.210166,HenryTheAtmoPhD
2026-06-07 07:08:07,day,weather,34,0x4ce3f17be91c3d0d6dbfed7bd4d326957dec4291,167.38368384889873,840.88,0x4CE3f17Be91C3d0D6dbFed7Bd4D326957dec4291-1768045938794
2026-06-07 07:08:07,day,weather,35,0x4dabc0042f73d6f137dcb5d40e68a3c58c73e426,166.03592923455494,889.712494,Temperaturealgo
2026-06-07 07:08:07,day,weather,36,0xf3253c1c54781ad2c75f8d50f7148c84ebc0f8e0,165.571273252408,2285.5945650000003,whackyy
2026-06-07 07:08:07,day,weather,37,0x3c11b622d3f6d6d0e1a3188d0f46c3baad2d33c9,160.19449116399983,874.65,Nosredno
2026-06-07 07:08:07,day,weather,38,0x488c725253fc21c7a9ca812030dc2f6343f98c1c,158.14830040000015,229.20000000000002,WeatherHK
2026-06-07 07:08:07,day,weather,39,0x1e524ff2123d380a690dbdf2245de2a9428e91d6,157.10606739316427,413.057456,rocky42002
2026-06-07 07:08:07,day,weather,40,0x767c3266d2a0e165f5c3366eb08f465ee3d3cd73,155.10798761,0.0,0x767C3266d2a0E165f5c3366EB08f465EE3D3cd73-1779233064899
2026-06-07 07:08:07,day,weather,41,0x347b13dbf510484f2c7d0ced7e3e2c40f4f1c9bc,151.91465097561513,1769.0657500000002,mehanizator
2026-06-07 07:08:07,day,weather,42,0x686880eea810fa9141be46a1acec9eee41755198,150.47187619316537,2364.73905,0x686880EEA810Fa9141Be46A1aCec9Eee41755198-1770878625325
2026-06-07 07:08:07,day,weather,43,0xedba88e4afc26c8d47aa032e296c0b8dd642002d,143.7086032996683,4190.914199000001,anonymous72941
2026-06-07 07:08:07,day,weather,44,0x82f3458a6a4bec624e692c92d9ed14597f509f82,143.1887168600001,0.0,Pityok1
2026-06-07 07:08:07,day,weather,45,0xe2be51cc4ff06cea203113cdc3b2c2722556ff33,142.79820535576846,13783.316564,Yettti
2026-06-07 07:08:07,day,weather,46,0x9be9889b723b32bfc8398039d875549746217017,142.0189636701707,2411.720043,jxsf
2026-06-07 07:08:07,day,weather,47,0x2ef2f13f30e523197e9e66afa2f2620f02fbfaa5,139.6484265279537,3144.8304770000004,usmaga
2026-06-07 07:08:07,day,weather,48,0xf787b8a3a4c6990f48614a0b9af8422e3e7a1b63,134.91357729684023,1605.5651760000003,0bot
2026-06-07 07:08:07,day,weather,49,0x733d431a48c77991f46c9a7de95a1ff21662cc26,134.58468031730615,2622.9005150000003,wonkaijnana
2026-06-07 07:08:07,day,weather,50,0x9047a48fc347dde4224e57b8c5e3bd618bef2959,131.20352158883998,2668.449568,kyj1435
2026-06-07 07:08:07,day,weather,51,0xafde461fce5aa0fabdb7711c59db93b65e343e1d,129.05234781705076,6161.787658,opopv2
2026-06-07 07:08:07,day,weather,52,0x1941ca5d7f587827da004b1b1551b0bd6429deea,128.65432847375632,3640.9018159999996,0x8E7D8N72Bdx12A8H67R6CsF558dVa52D
2026-06-07 07:08:07,day,weather,53,0xf7fea3e2448cf0df032c6d1900ab12aa67f8e42a,127.94535397472112,1214.875917,czc123321
2026-06-07 07:08:07,day,weather,54,0x5a218c7ad04135830a45c41aaed7294df7809318,126.67356197958787,14891.057691000005,balthazar
2026-06-07 07:08:07,day,weather,55,0xef1a467968df316a1840ff58c9156f79579c319d,125.69098908743405,3025.717666,3213jhkjaf
2026-06-07 07:08:07,day,weather,56,0x4e4203102fd7bde55ce1bcf9f1ef222e251949ed,120.59714461999931,0.0,shingoWAKAYAMA
2026-06-07 07:08:07,day,weather,57,0x5bcd90dc168e93b7f6a7ac21c6bd46a6c338cf4b,120.32470814924454,1655.95111,buracosolar
2026-06-07 07:08:07,day,weather,58,0x7de7cbeba7e2ea14c6445be39d4d46a3cf14a9c8,119.31108100750089,0.0,inventive
2026-06-07 07:08:07,day,weather,59,0xeb68675c06e0bb9f08ba510550912d77289ce362,115.44302099656079,4381.194232999999,0xeB68675C06E0bB9F08ba510550912d77289Ce362-1778811892036
2026-06-07 07:08:07,day,weather,60,0xfd6e9f83ed876613b143aa83104e484d4afa4409,113.53334982528816,3495.5981500000003,58426953Hksubdo
2026-06-07 07:08:07,day,weather,61,0xed2930d2be9d3d992cbd0acd6d0efca25d533024,113.04042297999996,432.78000000000003,A88A
2026-06-07 07:08:07,day,weather,62,0xa09d35cd5d693f247f33f84bbaec816315d8af80,108.95346278498164,1308.7714110000002,0xa09D35Cd5D693f247f33F84bbaeC816315D8AF80-1760963487396
2026-06-07 07:08:07,day,weather,63,0x4f6a401443115b5ec2698966b48fc615f2d9f60c,108.77307018149986,1930.9899999999998,Runon
2026-06-07 07:08:07,day,weather,64,0xcf2385a383bc0e8f025c6d7f098026dc8f900d5d,108.6636751580481,1305.394724,dooj
2026-06-07 07:08:07,day,weather,65,0xc5187cb669690150643ba2f9aac6b7d98d212594,107.5681876009221,2222.959074,mustbethewater
2026-06-07 07:08:07,day,weather,66,0x77266604e63f5caf08d19caebae0c563ce064aee,106.39798965999944,3545.2299999999996,strider2
2026-06-07 07:08:07,day,weather,67,0x7ce336595687024c9ebf620f2dcb3b71269b1689,106.22828478295901,1409.7845029999999,0x7Ce336595687024C9ebF620F2dCb3b71269B1689-1774766944047
2026-06-07 07:08:07,day,weather,68,0x85bd6a676a1b399f849b22332b1f7eca15c87f75,105.78113802477492,3981.1937829999997,Capillatus
2026-06-07 07:08:07,day,weather,69,0x079aad3374ad11966c43c25524a4c1fd16b73ef8,105.3942255784998,0.0,Jgyuig34
2026-06-07 07:08:07,day,weather,70,0x410f0cbab497754c38597369ab6deea7c46a57fe,104.76649459203098,1275.4008860000001,jfl95
2026-06-07 07:08:07,day,weather,71,0x6011655c4afb76f36dd1b08a137a1ba73466b31e,103.83073802199942,9148.98,HighTempTation
2026-06-07 07:08:07,day,weather,72,0x8f3a1da6345aa915333a76c15224a271e72cc4fe,102.99203410866926,6349.235247999999,outsider123456
2026-06-07 07:08:07,day,weather,73,0x65edd3d6a5fe5de5a693a92c05ba716918ea4da6,101.2359315845,535.34,fgdfdsgfdsgsfdgdg
2026-06-07 07:08:07,day,weather,74,0xdbf08158da8516f5b9535ce60ae00b702ea8ff09,99.86980486257494,5200.57662,MarginSafety
2026-06-07 07:08:07,day,weather,75,0xc8ab97a9089a9ff7e6ef0688e6e591a066946418,98.61408364951058,3656.089765,ArmageddonRewardsBilly
2026-06-07 07:08:07,day,weather,76,0xb95433ad545995b71e6a381e172720a396e2154e,96.90000701085201,1682.643882,ymyeoh
2026-06-07 07:08:07,day,weather,77,0x177500541ae20bb0d46ab0db3fd2559e2a7e85b0,95.7577915507054,1755.2925599999999,bby123
2026-06-07 07:08:07,day,weather,78,0x6139c42e48cf190e67a0a85d492413b499336b7a,95.31003187999977,0.0,RememberAmalek
2026-06-07 07:08:07,day,weather,79,0x328ca9a107d114381615ce94ec37d4e725788fab,95.03957036999986,1439.69,CherryTheCat
2026-06-07 07:08:07,day,weather,80,0x2d0fbf6995692cc56f21171a9993be04436a81aa,94.87471858209028,16404.424763000003,Happening9014
2026-06-07 07:08:07,day,weather,81,0xb1395cdd610113ef106fbc3a77bf94728bad29a1,93.50166653800002,800.3,0xB1395CdD610113EF106fBC3A77BF94728BAd29a1-1778937995987
2026-06-07 07:08:07,day,weather,82,0x229c0a7d92977a9934e5ac2348d507988996b966,92.94760073443422,3467.370572,qqqppp-l1
2026-06-07 07:08:07,day,weather,83,0x1135e4c81d9484991a2d0b69202f4a08f697d15e,92.62903808855275,3281.9932099999996,2X66688567NGN
2026-06-07 07:08:07,day,weather,84,0x16c7337106a0b3a06ff863a1c06d8e2cbf7322cd,92.2599394445192,3920.843187999999,0x16c7337106A0B3a06fF863A1c06D8e2cbf7322cd-1778811943243
2026-06-07 07:08:07,day,weather,85,0x2f645f2838fc6411a5b2b20a2b1a77035ea69600,91.63423198833229,4393.583532000001,Mindset007
2026-06-07 07:08:07,day,weather,86,0x5c6b40f748a2060284d8ba41cdb01fb4169ff32b,91.43282925000312,517.95,Phlox
2026-06-07 07:08:07,day,weather,87,0xa98f1a50432904510798116f68d93fa06919d282,89.09162930927332,0.0,0xa98F1a50432904510798116F68D93FA06919D282-1774625508104
2026-06-07 07:08:07,day,weather,88,0x9ce164d36c403184b5816d6868c4a83a3d92bf19,88.26137910000352,1704.1699999999998,weatheralpha
2026-06-07 07:08:07,day,weather,89,0x2d8a88357fa44baa83ebca4f127eb55bc1b8bded,88.10976318329182,1513.052823,mmc000
2026-06-07 07:08:07,day,weather,90,0x24edd5f8eab7f66a77fd5b7f4e7c507761ed8a18,85.20358530082996,252.847057,SXematoz
2026-06-07 07:08:07,day,weather,91,0x2065d043be849bdbb9f00fc1ea0297ad5d18548a,83.57597999999999,125.0,ericshih
2026-06-07 07:08:07,day,weather,92,0x7131c1679ce19caf12bc42e94e71ddfcd7deb3a6,83.39114528000005,1058.01,taesookim
2026-06-07 07:08:07,day,weather,93,0x10968af4773b31a1d97e1a4f072376de12cfa162,82.62258479303478,1543.485225,nexttwo
2026-06-07 07:08:07,day,weather,94,0x4f74fd3694138c4bc93104ba61bd580409d98774,80.78534206000018,159.97,
2026-06-07 07:08:07,day,weather,95,0xc2f2d01b227948e59f25aeb3d49564b8975d0ff7,80.51083606500003,1023.9721999999999,claudesports
2026-06-07 07:08:07,day,weather,96,0x0f19972ce086c8b9c3eed911fdd6f660d62ee819,79.80331959412706,745.388384,nb03b15
2026-06-07 07:08:07,day,weather,97,0x7a4126074ece8dffeb2178f68d4ff0e8bf5a2562,79.57006894152846,275.528927,NYKD-54
2026-06-07 07:08:07,day,weather,98,0xb2e42d29690b7b63335a03c0fd5e64df0681b7f1,78.49748518542015,4138.843882,0xb2e42D29690B7B63335a03C0Fd5E64Df0681B7f1-1778811987251
2026-06-07 07:08:07,day,weather,99,0x79d980791ab82aff891eee32d41b4e1fbb07baec,77.99939985000037,0.0,skibabiba
2026-06-07 07:08:07,day,weather,100,0xdf19bf6f325a76cf6f01faeea6dd7d248150cd9a,77.85002133,1944.337411,suanlatudousizz
2026-06-07 07:08:07,day,economics,1,0x0c0e270cf879583d6a0142fc817e05b768d0434e,1360.2817815319868,0.0,The Spirit of Ukraine>UMA
2026-06-07 07:08:07,day,economics,2,0x1d379e322ef813587a3e13ad79857c45edc7f4a4,1001.3329951900014,0.0,OverlookHotel
2026-06-07 07:08:07,day,economics,3,0x5235578efe24555b0c98e7dc10a902b09089c04a,669.181371105271,1256.0,back-in-whack
2026-06-07 07:08:07,day,economics,4,0x54e15a0a77e3147ac78831804e5dde13cb589d5a,607.7408699159932,0.0,Adrink3D
2026-06-07 07:08:07,day,economics,5,0x4e25605fd905e9972efc0f4d8814530c655cd7a7,604.6732982692629,0.0,
2026-06-07 07:08:07,day,economics,6,0xcc033f89eb48f85ed62b727f0745bb651578d5c0,587.5280827699999,0.0,zhaoyk
2026-06-07 07:08:07,day,economics,7,0x20b47c4644597aab4840b1c8435639e99812e8aa,524.0847699400038,0.0,0x20B47c4644597AAB4840b1C8435639e99812e8aa-1770760834192
2026-06-07 07:08:07,day,economics,8,0xa309f903dbbd559e87d8d368834b8e41355c4cf2,470.056519415004,1329.02,dlkf
2026-06-07 07:08:07,day,economics,9,0xa8b202e6e9a4c2091b6860f1f5c9e9119bbc9a39,387.7208316595061,0.0,CongMingLabs
2026-06-07 07:08:07,day,economics,10,0x93511d72d294f1478739bc38f578bf0306fd9e4d,329.99996696200105,0.0,Dafu0715
2026-06-07 07:08:07,day,economics,11,0x7bb244d0c70293e66dee84f3d0623fbbbf7d682c,322.68484273000286,0.0,WongKimArk
2026-06-07 07:08:07,day,economics,12,0x1a3fb05e94caef23e28905767cd603eb574a6dea,319.35366821999924,0.0,alextalley
2026-06-07 07:08:07,day,economics,13,0x0e5bd76779e74304d08e759072abf126d87da593,300.0000362325809,0.0,JAHODA
2026-06-07 07:08:07,day,economics,14,0xaf458bee32b8f1d9ba39ee876f20c7e3ce62ec7d,280.99476012500236,0.0,fed26
2026-06-07 07:08:07,day,economics,15,0xd7f85d0eb0fe0732ca38d9107ad0d4d01b1289e4,275.907225497489,0.0,tdrhrhhd
2026-06-07 07:08:07,day,economics,16,0xcca90a5d3c8f2d6663817e3650d6adbe9ab44c9f,265.72034802714916,23.959988,0xcCa90A5D3C8F2d6663817E3650D6aDbe9aB44C9f-1772395966516
2026-06-07 07:08:07,day,economics,17,0xc8ab97a9089a9ff7e6ef0688e6e591a066946418,259.2827577867429,65786.744938,ArmageddonRewardsBilly
2026-06-07 07:08:07,day,economics,18,0x75d389a9c6344423bc16b5a556b26f7438410343,254.30009676999907,0.0,luckylefty
2026-06-07 07:08:07,day,economics,19,0xd3ecb2aee0d65622da559ff356b00e8c2e626603,252.02590000000055,0.0,sabsabinxz
2026-06-07 07:08:07,day,economics,20,0xc6d0ff59ef83e7d6210c47d20408eb27b7844bad,234.69940000000133,0.0,strategy1.2
2026-06-07 07:08:07,day,economics,21,0xd3ecb2aee0d65622da559ff356b00e8c2e626603,489.84071479999693,0.0,sabsabinxz
2026-06-07 07:08:07,day,economics,22,0xcca90a5d3c8f2d6663817e3650d6adbe9ab44c9f,450.22254525137396,307.29332000000005,0xcCa90A5D3C8F2d6663817E3650D6aDbe9aB44C9f-1772395966516
2026-06-07 07:08:07,day,economics,23,0x879752bca887bc247ba883a52bc45e9c6be6bbbe,429.73002945799453,0.0,singularityman
2026-06-07 07:08:07,day,economics,24,0x8e77537e059837d3c2ca5b4efe75e74e9498c4f3,419.59386787351104,5000.0,dwpoker
2026-06-07 07:08:07,day,economics,25,0x246b6f2cf1eb3c74ab82b5d7288ef49baeed1196,405.96216018999985,0.0,citra
2026-06-07 07:08:07,day,economics,26,0x9c987f84d18a4dd640909409b31212fbb805f4f4,395.69549125999765,0.0,Moonshot1019
2026-06-07 07:08:07,day,economics,27,0xa8b202e6e9a4c2091b6860f1f5c9e9119bbc9a39,387.7208316595061,0.0,CongMingLabs
2026-06-07 07:08:07,day,economics,28,0xb1a279adb096d316b1b168993e8ed976d3cd372a,384.9977315129654,0.0,TwoEyes
2026-06-07 07:08:07,day,economics,29,0xa1d82aa07258aac95b2a7f0893f740a37ef1a786,374.70131292000315,0.0,IHeardLoveisallyouNeed
2026-06-07 07:08:07,day,economics,30,0x5a1c1697c0d1756616faa712416e9d459e0f49c1,370.96027522799704,0.0,forgotmypasswordagain
2026-06-07 07:08:07,day,economics,31,0x93511d72d294f1478739bc38f578bf0306fd9e4d,359.99996251400444,0.0,Dafu0715
2026-06-07 07:08:07,day,economics,32,0x7ab480c23d8a0d5a6e95c2b10a5b82bf55aa716b,345.74876806249813,0.0,glueeater
2026-06-07 07:08:07,day,economics,33,0x75d389a9c6344423bc16b5a556b26f7438410343,337.8452884199987,0.0,luckylefty
2026-06-07 07:08:07,day,economics,34,0xb8ee94bd599a92d4747dda5f3bc6d2b243349e81,337.1732183899985,0.0,0xB8eE94bD599A92D4747DdA5f3bc6D2B243349e81-1765943326811
2026-06-07 07:08:07,day,economics,35,0xc4c62732c4c13dfccfd510b22964338ca05873a7,321.8111649999996,3000.0,0xC4c62732C4c13DFCcFd510B22964338Ca05873A7-1772427862488
2026-06-07 07:08:07,day,economics,36,0xe87f2c8db31af60d9b8fb28bc390fd891cb67d85,320.51819718000115,0.0,0xE87F2c8DB31af60D9B8FB28bC390fD891cB67d85-1767548376380
2026-06-07 07:08:07,day,economics,37,0x2b9dd0a3ae93bf0d08ef733650bb9002160574f5,306.10218812699895,0.0,grinder456
2026-06-07 07:08:07,day,economics,38,0x0e5bd76779e74304d08e759072abf126d87da593,300.00004128954606,0.0,JAHODA
2026-06-07 07:08:07,day,economics,39,0x2c41d0ca2b4b2344912eead711f28cd4dcff133e,291.99155409000014,0.0,lineth
2026-06-07 07:08:07,day,economics,40,0xe961babbccae0be01c2f6b5f28f8d002e332ef1b,291.5081636600007,0.0,Kryptogram
2026-06-07 07:08:07,day,economics,41,0x454eb47f75d726ff6f2320880f04d2e0b72462b9,290.00021252650004,0.0,StonkFarmer
2026-06-07 07:08:07,day,economics,42,0x78048aa26ac1967566b8ed11910b529e5f2d7025,285.82021815799817,0.0,HorribleWork
2026-06-07 07:08:07,day,economics,43,0xd7f85d0eb0fe0732ca38d9107ad0d4d01b1289e4,276.16996549749456,0.0,tdrhrhhd
2026-06-07 07:08:07,day,economics,44,0xdc4f08727c65afc4731b75cf1ed265666b7b4652,261.76519617898157,0.0,third-eye
2026-06-07 07:08:07,day,economics,45,0x7b7a1dd5d0793924884d8c05d654724caf265790,241.3208439729999,0.0,MrDraco
2026-06-07 07:08:07,day,economics,46,0x2e0b70d482e6b389e81dea528be57d825dd48070,237.64556159003405,0.0,Trump2028
2026-06-07 07:08:07,day,economics,47,0x7c9df67aec7b97d6f6ed1b433dedb9a03093acff,234.31440000000111,0.0,Tanjirooo
2026-06-07 07:08:07,day,economics,48,0x859babdb4d05c59c9fc013b05efe8f6ddb6b6bba,233.32289708999633,0.0,voidemir
2026-06-07 07:08:07,day,economics,49,0xb6c3dd61658194b11719db1a78c97c8f7b9feb07,231.12311479100026,0.0,Nick-eth
2026-06-07 07:08:07,day,economics,50,0xad96914d7762dac84ebbabafe366ae8ff24dd498,217.37852921709418,10932.175,0xAD96914D7762DAC84EbBABAfE366AE8ff24Dd49
2026-06-07 07:08:07,day,economics,51,0x07046535ff9a910d7343a2c319a3e62234621858,216.95883959403727,0.0,HH168
2026-06-07 07:08:07,day,economics,52,0x199df422f3460e56931a6af1643a0bb97a9a6e7b,215.18302563600082,0.0,0x199dF422f3460e56931a6af1643A0bB97A9A6E7B-1723168998413
2026-06-07 07:08:07,day,economics,53,0x3022ebb3d83ba8e4d8a272d0e28174cfa49359c1,210.43280031999984,0.0,Arlette
2026-06-07 07:08:07,day,economics,54,0x879247bf7570a40d193dd3bb9118820e0b194174,209.2492199219414,16750.0,hosoon123
2026-06-07 07:08:07,day,economics,55,0xa5d833a23bc19b7d38adcbee7c117a8f421eff3a,204.62160000000222,0.0,0xA5d833A23bC19B7D38ADcBEE7c117A8F421EFF3A-1779306353525
2026-06-07 07:08:07,day,economics,56,0x1223987eb4bf8564a932f43e3cec9f28b5ced424,200.75187349750195,0.0,rivermarkets
2026-06-07 07:08:07,day,economics,57,0xc576af380217a4d2b2d190e06c938e5505be747a,200.0,0.0,imhome
2026-06-07 07:08:07,day,economics,58,0x027e587a1086809d1a00f22216bef6a808f1c97f,196.29990640000324,0.0,AndreasSchm
2026-06-07 07:08:07,day,economics,59,0xb661ed6e6d3f76f1db9d0a6acf80b4bbe6ebaa83,195.79506418343954,17032.58949,lolilolkikoo
2026-06-07 07:08:07,day,economics,60,0x9e7296fc4776144f60db9a5943ff2051696599c4,193.00350614000126,0.0,carlos484
2026-06-07 07:08:07,day,economics,61,0x61313791c42f09ea053acc9eea9aaa6e7300fd16,192.40986244999976,0.0,emreus
2026-06-07 07:08:07,day,economics,62,0xe639e41094bbeae18f3e6d1790c17299183f082a,187.89227407396538,0.0,0xe639e41094bbeae18g3e6d1790c17299183f082a
2026-06-07 07:08:07,day,economics,63,0xbcf30627403bcdfc14b3b1759a69caa6d4f59d88,187.38456410400067,0.0,PamBondiBonds
2026-06-07 07:08:07,day,economics,64,0x626ecb3e147226e19aa6a14d99e6dfa02848fa46,185.66531562,0.0,NotTheSharpestTool
2026-06-07 07:08:07,day,economics,65,0x15433540ca3794108e602bfd353189519af8baaf,183.883989723,0.0,DualDelta
2026-06-07 07:08:07,day,economics,66,0x0a38dcf3740ee299a0607e80cb955c42a34cf931,175.06299456499983,0.0,0x0a38DcF3740eE299a0607E80CB955C42a34cF931-1727027089095
2026-06-07 07:08:07,day,economics,67,0x2c6fe612dc43cc67676d2efc1e5eed50cbc1deee,174.18453767000028,0.0,YellowSnake
2026-06-07 07:08:07,day,economics,68,0x3069c1002bd0bb6aec054c7a27722919df95f8ef,172.85068664999835,0.0,Orion96
2026-06-07 07:08:07,day,economics,69,0x9f92355417d3001149a03e1cdcfecef40d482c2d,168.33932183999997,2842.54,Ttooot
2026-06-07 07:08:07,day,economics,70,0x225b7c9aaf6108ded29b9fda9939aa671ef6422a,168.0440331000009,0.0,0x225b7c9Aaf6108deD29b9fdA9939aA671Ef6422A-1756591558414
2026-06-07 07:08:07,day,economics,71,0x5bb0de4e97698184ead80c80cb17a26cd6f6814b,165.9425515999883,0.0,bobe2.1
2026-06-07 07:08:07,day,economics,72,0x4e4203102fd7bde55ce1bcf9f1ef222e251949ed,160.09407919500154,0.0,shingoWAKAYAMA
2026-06-07 07:08:07,day,economics,73,0x0cb25edac705df4c6b4d23fb6fc4e18e78301872,156.42372185999966,0.0,0x0cb25edac705df4c6B4d23FB6Fc4E18E78301872-1774209617236
2026-06-07 07:08:07,day,economics,74,0xfbe66593e49c4e7a7180a2582f041158bfb800f8,152.92270689999896,0.0,gaven-willwin
2026-06-07 07:08:07,day,economics,75,0x277e6718cdf00f4f887d17589895ae031a337d32,149.9999000000007,0.0,aiwar
2026-06-07 07:08:07,day,economics,76,0x24787691ebc296444add2ee3dea03c9d6f9b2e62,148.51547120299983,0.0,exothetajunkie
2026-06-07 07:08:07,day,economics,77,0x8c66e28fbe7ede7f57ba6cbc70408dff442944f3,145.1284585100002,0.0,0x8c66E28FbE7Ede7F57bA6CBc70408DfF442944F3-1777220320442
2026-06-07 07:08:07,day,economics,78,0x6f43578024a9e29a7a9966e3ae9b54a8068babdf,141.88066832000004,0.0,ZpeedtX
2026-06-07 07:08:07,day,economics,79,0x02e7f29f3e612a95a9ccca7131ce7dd5d56b59e5,141.80562601349084,7.51,CAR-GangVersion
2026-06-07 07:08:07,day,economics,80,0x52750887b1960a6ee0d95979501d7a10dc86ea79,140.2234075589999,0.0,Whaddaheck
2026-06-07 07:08:07,day,economics,81,0xf910cc50ec0ceecb18a24dee5b9606b5ffa87467,136.99977266600035,0.0,december
2026-06-07 07:08:07,day,economics,82,0x00d2ebb4da03856cf1a795bd2513b23260d7fb50,136.81634318800025,4062.2,coolquail
2026-06-07 07:08:07,day,economics,83,0xbd0477e08d82d35a855ff19644a88a9213d8fbb0,134.95238568999957,0.0,yuhyuhyuhy352352
2026-06-07 07:08:07,day,economics,84,0xded8a46ee5fa25b550689176ab7c58c2d44eca0f,134.20833549002418,0.0,yingxer
2026-06-07 07:08:07,day,economics,85,0xa9fe4929d4ea1525ca03bd0ff68ea1fbf9e7f135,129.822217920002,0.0,novv25
2026-06-07 07:08:07,day,economics,86,0x6574a8585aea10d8d33dc67f27a079edb0e0a6eb,128.02047426999889,0.0,ARCSOL
2026-06-07 07:08:07,day,economics,87,0x49bceb9fa38ae72bf16d645b12c9dc76c7348e3c,127.09388151600069,0.0,casituancui
2026-06-07 07:08:07,day,economics,88,0x3c918a8ef8c379304f744592120cbb4d76149af7,126.25998760698712,0.0,Vilgefortz
2026-06-07 07:08:07,day,economics,89,0xc0402e527a464e782bca96f802c77e5db8d8beac,126.10145431199976,0.0,xopierhljkh
2026-06-07 07:08:07,day,economics,90,0x8debd189ffd74160f25e367bafaed61a9fea7062,125.7257590411391,1308.205081,taut-dogwood
2026-06-07 07:08:07,day,economics,91,0x519794a3d72e8f18790b3089ac1e75cd74a40ce6,123.49709200000052,0.0,staticllama
2026-06-07 07:08:07,day,economics,92,0x919567f2466daf2627ae3582ef6a2502ad5772a4,118.67594473999998,0.0,winnipeg
2026-06-07 07:08:07,day,economics,93,0xa8ae9f8f2a92cb27a73791bb816e65071ca38eb7,118.60001775799992,0.0,nellojello
2026-06-07 07:08:07,day,economics,94,0x70a9e5e6c57c3cb20f52523ccb49a1145bcc6a74,117.94160000000011,0.0,unco
2026-06-07 07:08:07,day,economics,95,0xdc26d7776929e9c84a3d9651e13260dece6f7e7d,117.5000500000001,0.0,ozpreezy
2026-06-07 07:08:07,day,economics,96,0x066a7727f53124db18aa963f900bb95b36f7550d,117.00016532999825,0.0,LeftieFTW
2026-06-07 07:08:07,day,economics,97,0x1ed4da56bf8573634400a4ab7ee779691766ff24,114.89836550950076,0.0,GKK2
2026-06-07 07:08:07,day,economics,98,0x7820259d8711598488f09617b900667d50225723,114.67709999999943,0.0,0x7820259D8711598488F09617b900667d50225723-1777400377626
2026-06-07 07:08:07,day,economics,99,0x5f8ec8b9c07547d93ac7206ef75c1b625e6021b7,112.76767437673743,1682.762777,1234ab
2026-06-07 07:08:07,day,economics,100,0xe258c02a1ed5c159f3268cf7728ba5706f8bd084,112.47027963000005,0.0,yikaiz
2026-06-07 07:08:07,day,tech,1,0x7578283f89d914361b1e744ec7d415a2bd626426,2244.9003839840007,0.0,0x7578283F89D914361B1E744eC7d415a2Bd626426-1779907293151
2026-06-07 07:08:07,day,tech,2,0x8d5a75f075023118a91b3593b0584a8e499f6a4e,1789.6989986820004,0.0,f42fsdgu768344gdgrr
2026-06-07 07:08:07,day,tech,3,0x3d50d49babadb8fb3e44485fa05c2604c90e713d,989.7086627207364,400.0,hkimcont
2026-06-07 07:08:07,day,tech,4,0x61b36d11209b5f58a642bda3d8f3148b4b919d22,971.0846652300024,0.0,rkassandra
2026-06-07 07:08:07,day,tech,5,0x55f6860516a9a4767c851f973b1ad3965e391591,897.3165922260009,0.0,tentenbytwenty
2026-06-07 07:08:07,day,tech,6,0xadb6300d53c7e272f6a433e11512daea856fff87,891.6348000438966,873.08,0xaDB6300d53C7e272f6A433E11512dAea856FFF87-1780440201456
2026-06-07 07:08:07,day,tech,7,0xb94c9e108b961b632fa617fca3731801b4834c0c,711.0675124312032,2410.0,YU2424
2026-06-07 07:08:07,day,tech,8,0x15433540ca3794108e602bfd353189519af8baaf,568.9899830000002,0.0,DualDelta
2026-06-07 07:08:07,day,tech,9,0x54653b7188d5d285ebbd3379158583193ecd5133,567.8824497600008,0.0,gunnar242
2026-06-07 07:08:07,day,tech,10,0xc6dd722558dbfbd8fa780efcbe819ed8c6604b9f,374.93139999999494,0.0,tourists
2026-06-07 07:08:07,day,tech,11,0x00425c692a667981118f679ef68fdc775257321e,367.39000000000306,0.0,99problems123
2026-06-07 07:08:07,day,tech,12,0x811fe35b4ccfb689a8bf2e144498f358ae7516e3,362.4443000000001,0.0,TimeDecay
2026-06-07 07:08:07,day,tech,13,0x3f73b7ace2bb5c65705bf0b7ec5f40693ae8acef,346.5741499999999,0.0,0x3F73B7Ace2BB5C65705bF0B7EC5f40693Ae8acEF-1776633856762
2026-06-07 07:08:07,day,tech,14,0x34379b9a574de6c5f05b3216a315fbf5b707f8f3,307.5039590450001,0.0,gioogioo
2026-06-07 07:08:07,day,tech,15,0x8fe730b55cf3468c01a884cfcde79c2dfb4d6c1f,288.08052354999984,0.0,Hugin-og-Munin
2026-06-07 07:08:07,day,tech,16,0xddd85ddfa58784925990c16c9858ccd62e4ee6f7,287.29525091300457,0.0,Sreisz
2026-06-07 07:08:07,day,tech,17,0xd8876aa86ef1f1d9f9e7631f5288b28c7bfab877,269.2924373160001,0.0,0xd8876Aa86ef1F1d9F9e7631F5288b28c7BFab877-1762300537319
2026-06-07 07:08:07,day,tech,18,0x52dbf4b81a8f799161695c1efde7692db15d3e30,262.657966914,0.0,Idgaflol
2026-06-07 07:08:07,day,tech,19,0x0e65acd3fccbdf60e7ac42afaad32bf1c940e33f,256.90500000000065,0.0,lEGLeGDaNDAnYah.
2026-06-07 07:08:07,day,tech,20,0x02981ea7473e0a7ef143b5144f004165284c5cdc,236.36569999999983,0.0,bimbumbap22
2026-06-07 07:08:07,day,tech,21,0x9592adb70397e9de67ba9abe6971e3f50fb7a7b8,236.33068238700014,0.0,seraphimproudleduck
2026-06-07 07:08:07,day,tech,22,0x5a218c7ad04135830a45c41aaed7294df7809318,234.61789032343813,1309.348942,balthazar
2026-06-07 07:08:07,day,tech,23,0x57c02fb1189621fe9c0dbd97c7066920eeb260c5,221.15208420000022,0.0,0xhanxyz
2026-06-07 07:08:07,day,tech,24,0x21ffd2b7a212a6f277ed3eca1a9f8efcbca90d71,213.24591617697115,10923.672221,Haradwaith
2026-06-07 07:08:07,day,tech,25,0xac0265e2bd6b9cbbf7f650646846f93f3eebe636,201.9288375000001,0.0,dontbullymeillcum
2026-06-07 07:08:07,day,tech,26,0x9bc8fdff3d91cc7732f7cb5a1fe90cbc13ee3627,189.24365915550004,0.0,noddd
2026-06-07 07:08:07,day,tech,27,0xb1bf8085299bc75d472a177d76493c4ac3a5f74b,168.75600000000077,6027.0,eth20000000
2026-06-07 07:08:07,day,tech,28,0x5999ebfa145490e0280dd246856a5b3605f7ae94,161.07479890499962,0.0,kl1v
2026-06-07 07:08:07,day,tech,29,0x09e672e5993de19f84fbd9a1cc2e298fdc5b24a1,157.64400575750096,10.0,RIC25
2026-06-07 07:08:07,day,tech,30,0xd0d9bc316073acb95addf458c2246517a3889074,156.00263114500012,0.0,reasoningTokens
2026-06-07 07:08:07,day,tech,31,0x60567382d04d7af8776eea04468a918519ebc27c,155.67628271999996,0.0,akimbogod
2026-06-07 07:08:07,day,tech,32,0xcadcaaaf911af9cb62841e5afffdee51d98a54ca,141.48388799999998,0.0,jjddr
2026-06-07 07:08:07,day,tech,33,0x49030e34d1912cfbb4880614f578ee2b51cda423,136.9920000000002,0.0,0x49030E34d1912cFBb4880614F578Ee2b51Cda423-1780730939520
2026-06-07 07:08:07,day,tech,34,0x5666ffa1ca295ef3161f950547480a63115ac630,128.19997115499996,0.0,TulipoII
2026-06-07 07:08:07,day,tech,35,0x4f23a0976493be385412ce9a6b93841ee2c090db,126.72849931500241,0.0,Hiworld.
2026-06-07 07:08:07,day,tech,36,0xcc2620f9e3cb4498e8aea556764ec341357932ca,125.99774847200024,0.0,0x2785e7022dc20757108204b13c08cea8613b70a
2026-06-07 07:08:07,day,tech,37,0xd877d4ad527a99fb9fe0c6a39a2f0f5f21f0c974,125.60604686000002,0.0,0xd877d4ad527a99FB9fE0C6a39a2f0f5F21F0c974-1775699351873
2026-06-07 07:08:07,day,tech,38,0x7cbdd6fff55e78b77511f44691317de45a051288,123.9737652,0.0,0x7CbDd6ffF55e78B77511F44691317dE45a051288-1765189718530
2026-06-07 07:08:07,day,tech,39,0x3594526e2a0aaf467038ee1799d6ded344aedc58,121.15667686550023,0.0,Linslav
2026-06-07 07:08:07,day,tech,40,0x5afe3dd82317090c2f2eae0370049878669caf69,104.31852932250058,1962.3,krokotuk
2026-06-07 07:08:07,day,tech,41,0x9e7a43eb64ada162514a38c4f35d1bedc4b51eec,94.71756686622501,1476.142225,WhatYouFinkinMo
2026-06-07 07:08:07,day,tech,42,0xcbda19552673f3c270f9ea546af24f5567b7adda,92.64052606800004,0.0,0x87a31a728f4ba4eda2b99e0d9ea497e7115ed9ef
2026-06-07 07:08:07,day,tech,43,0xa233d165a8e4d79dfa5b2b19e0ec7deb5db770e6,84.40759366199998,0.0,giorda
2026-06-07 07:08:07,day,tech,44,0x277e6718cdf00f4f887d17589895ae031a337d32,79.99536399999988,0.0,aiwar
2026-06-07 07:08:07,day,tech,45,0x12d51de654df441c57e97c81156613681114f0eb,79.96079999999893,0.0,drakelong
2026-06-07 07:08:07,day,tech,46,0xc42e3ad86bd9233631b5d494d29ea8acaa25edbd,78.0,0.0,ProfitPlease
2026-06-07 07:08:07,day,tech,47,0xc682d7943aad07c246986a7aa2989cfcb17817bb,76.04901331499968,0.0,zthunderfury
2026-06-07 07:08:07,day,tech,48,0x0ad8a3b5de27429d015969e287a99058aa118635,73.59677409500011,0.0,groundslug
2026-06-07 07:08:07,day,tech,49,0x6bab66c4bb24c96ed14dcca0f0979b38a6830fe5,73.37647874999857,77.03,0x6bAB66c4BB24c96Ed14dccA0f0979B38a6830FE5-1760703674960
2026-06-07 07:08:07,day,tech,50,0x23d1ef7c9e8e774db4e2b40b3021c9cd340e743a,73.12063511999997,0.0,PredictionPuppy
2026-06-07 07:08:07,day,tech,51,0x32658d61f095d603fa7f8ea57799d392131334c3,72.72469999999987,0.0,TateIsAManlet
2026-06-07 07:08:07,day,tech,52,0xbbbaa753ad90bdb3e0069db451ae4e02d7c7d60f,72.29004427999985,0.0,
2026-06-07 07:08:07,day,tech,53,0xa7d2ec6680f4e5f6ab0da244d8006eec3e20f954,71.79499360299997,0.0,KiruaTrading
2026-06-07 07:08:07,day,tech,54,0x0787a58e205a70320db638113fe8da18c8800ca3,67.60477900000004,250.0,melonmanm
2026-06-07 07:08:07,day,tech,55,0xa5e3044fd953605f9407d58c76e48fd75a394d7e,67.17602761049993,0.0,peepeepooppoop
2026-06-07 07:08:07,day,tech,56,0xac4a1fabdac2438d6afa2a9e8e83845310a0bf1e,66.88879185580777,373.727776,HerrieDavis
2026-06-07 07:08:07,day,tech,57,0xa794b8eee315d8adff4751a39355e7bd72f142ad,62.37406408999959,0.0,L1quid
2026-06-07 07:08:07,day,tech,58,0xa37a2bd25e985179d20b2e5add2a9ada5edca9e7,62.34847065290023,1250.0,
2026-06-07 07:08:07,day,tech,59,0xdc83474bc4cdf4d037f8be1eca21cfa290aabcd2,62.261841687000015,0.0,0xdC83474BC4CDf4d037f8BE1EcA21cfa290aaBCD2-1772195983959
2026-06-07 07:08:07,day,tech,60,0x1fc684f0250e4af0dd19c33be86a88f31f041fc1,61.50618003999989,0.0,Singularityinvestments
2026-06-07 07:08:07,day,tech,61,0x77a1470786ac3e48f1525e596d47dd62a9f8fec1,61.38869620000014,0.0,iamnotsure
2026-06-07 07:08:07,day,tech,62,0xfdfca60e7aebfc50dfdc40c27987970aa9c1288c,58.174158823501244,0.0,Polyticks
2026-06-07 07:08:07,day,tech,63,0x04dcbd9b805b220a9b2d27e4d9e649ed07902387,57.181025000000034,0.0,thursdays
2026-06-07 07:08:07,day,tech,64,0x5235578efe24555b0c98e7dc10a902b09089c04a,57.16166500000145,0.0,back-in-whack
2026-06-07 07:08:07,day,tech,65,0xa848d1a57cfa0ac90d9e2161e5a5c5d2b82ca606,56.22743154499997,0.0,0xemilio
2026-06-07 07:08:07,day,tech,66,0x7207afc03a8c134f831ba13e12c790b46a0fe423,55.280447656500655,0.0,ilovetradingsomuch
2026-06-07 07:08:07,day,tech,67,0x4d1bcbaeed22c6da173b1a356c3c6d2270081419,54.32784931999868,0.0,RolandChang
2026-06-07 07:08:07,day,tech,68,0xd7ea6b24e73d178edfb9af838ede14debe72ea62,52.01108426199998,0.0,jurk0
2026-06-07 07:08:07,day,tech,69,0x8f3bbd308ea42b517620c7bfdbe85f3816c4f205,51.30026284500002,0.0,0x8F3bbD308EA42B517620c7BFdBe85f3816c4F205-1780534036238
2026-06-07 07:08:07,day,tech,70,0x32d6379feb93d541a1ee97e5250a20c5031fa8f5,51.122180000000014,0.0,Winbigtogether
2026-06-07 07:08:07,day,tech,71,0x92e53057ef2872722a53fe807245bd387e1defee,50.9186473095001,0.0,GrokEnjoyer
2026-06-07 07:08:07,day,tech,72,0x33c577c7b2eaa9c3d896790b085e40c219772230,49.94461968600001,0.0,logan
2026-06-07 07:08:07,day,tech,73,0x9a3fa403a6666eef75f92f181fcf13f9c051914a,48.747371885000575,0.0,Rex416
2026-06-07 07:08:07,day,tech,74,0x00193568a35a85e5f3dd9eaa065c59a294da6629,48.53333316000004,0.0,denikv
2026-06-07 07:08:07,day,tech,75,0x75d1b199a96801338e67a6efaa35c0028ea87a5f,48.263376694000726,0.0,0x75d1B199a96801338e67a6eFAa35C0028eA87A5F-1770658242710
2026-06-07 07:08:07,day,tech,76,0x68d1b156197fc516c56fc95d325b3716322c3c4d,48.152713650579244,938.762856,aikko
2026-06-07 07:08:07,day,tech,77,0x3a2c0ae3138e6641e89e576a017841ed6dac2262,46.19764967500001,0.0,polans
2026-06-07 07:08:07,day,tech,78,0xcbfa13c46eb5ff0d73ec9102bf91e3b1a85f1f40,45.00007239599927,0.0,enjoyevery
2026-06-07 07:08:07,day,tech,79,0xd43e03dd8c4be9e1efefe20dbf1ca2b5edbab2c0,43.881500000000074,0.0,xtyche1
2026-06-07 07:08:07,day,tech,80,0x28b291aa82da13e1d58993873806c92908d5eb4f,42.8142171372192,148.45,libratus1
2026-06-07 07:08:07,day,tech,81,0xa2cd4ccda9a1f95949df7a3355c4c2daa0642ba0,41.570155000000796,0.0,0xA2cd4CcdA9A1f95949DF7A3355C4c2DAa0642Ba0-1729178570395
2026-06-07 07:08:07,day,tech,82,0xa28cea90f23798fcfa4806d0c8927c95fdb3e10f,41.278360000000475,0.0,ICTRADING
2026-06-07 07:08:07,day,tech,83,0xb0ef91fd1e5924f49dca12b260dc35b732e239b6,40.81935000000004,0.0,0xb0ef91fd1E5924f49dCa12b260dC35B732E239B6-1764342916237
2026-06-07 07:08:07,day,tech,84,0xd5b97d08ec6098407bfbf66c2786ccc9967fe44e,40.80899584600411,0.0,Optimus-
2026-06-07 07:08:07,day,tech,85,0xf19d15cad681b90b8205fbe521395f376783d3fb,40.343963529999996,0.0,vroznitcu
2026-06-07 07:08:07,day,tech,86,0x3d9066cadf0f36486ca26b2b209e3d051632bf35,40.266617603499995,1.3,0x3D9066cADF0F36486Ca26b2B209e3D051632BF35-1779647750818
2026-06-07 07:08:07,day,tech,87,0xc684828f6b03487759ced2ebdd975f91f3532228,39.657318341474365,1957.0799999999997,oliman2
2026-06-07 07:08:07,day,tech,88,0x9a920a8dfedc5b7af9c1facfc90c1e438b82a9f5,38.46556980500003,0.0,RedcrossX
2026-06-07 07:08:07,day,tech,89,0xa9aca75fb5d8f04c2ec9eeb0eb0c30d2e526c5d1,38.00000953999995,0.0,suraxy
2026-06-07 07:08:07,day,tech,90,0x45dbbf4fed6c845f4e857edc6e744236501c8f65,37.5,0.0,orzanovn
2026-06-07 07:08:07,day,tech,90,0xb72eacef9106bea72f0436e895b0a845380a49e4,37.5,0.0,0xB72EACEf9106BEA72F0436e895b0A845380A49E4-1730889871123
2026-06-07 07:08:07,day,tech,92,0x9604b357e8307b0ccc8eb5812725d2b112c6fc1d,35.96382000000085,0.0,Batundi
2026-06-07 07:08:07,day,tech,93,0x33d42798e2bfb1093b01067ed1658d58c8d9fb1a,34.93951571999992,0.0,Morttra
2026-06-07 07:08:07,day,tech,94,0x9629804e001a60ebe8a289a334ccf2e5553aee15,34.499552214999994,0.0,turaxmaniac
2026-06-07 07:08:07,day,tech,95,0xf0f711691d7d9e12211a07357dca0cabf5e88c8b,34.38736426999992,0.0,0xF0f711691d7d9e12211A07357Dca0CaBf5E88C8b-1763185571729
2026-06-07 07:08:07,day,tech,96,0x082a250b74ec74e458be4093d4a7a522bd900007,34.160167010000016,0.0,MIAelusive
2026-06-07 07:08:07,day,tech,97,0xfb8285acf88bf4e27eb7ddff71f72f9527f40318,32.97474588000003,0.0,Wasserturm
2026-06-07 07:08:07,day,tech,98,0xb2ca88cd9c431a0f1223029088beb0cf4f035fb0,32.89696052399992,0.0,IceFrosst
2026-06-07 07:08:07,day,tech,99,0x28ca4e9a04531f2eac0c2770f95db4e1c6a65d19,32.88357406,0.0,DuneMentat
2026-06-07 07:08:07,day,tech,100,0xfe495635aad93a476355c5ce38ae0af530197a4c,32.2412974,273.662974,DOG-UndressedVersion
