timestamp,timeframe,category,rank,address,pnl,volume,userName
2026-05-25 07:17:58,day,overall,1,0x9f2fe025f84839ca81dd8e0338892605702d2ca8,315625.7500556758,75115.93952799999,surfandturf
2026-05-25 07:17:58,day,overall,2,0x03e8a544e97eeff5753bc1e90d46e5ef22af1697,221117.6040878729,0.0,weflyhigh
2026-05-25 07:17:58,day,overall,3,0x2c335066fe58fe9237c3d3dc7b275c2a034a0563,193726.02536121773,515419.8743239999,0x2c335066FE58fe9237c3d3Dc7b275C2a034a0563-1759935795465
2026-05-25 07:17:58,day,overall,4,0x9b1e0334569aa1768a07705a859686aad58e82c9,146551.72413669992,0.0,FullPicks1
2026-05-25 07:17:58,day,overall,5,0x5bec79df9add70a3892041ab1a5516b60f53b215,139100.64864485268,76822.74318300003,Mosley1
2026-05-25 07:17:58,day,overall,6,0x2d7be5170a8026c18709eaea1027c7f12e8ce2ce,125093.82559098658,199621.477562,caicai888888
2026-05-25 07:17:58,day,overall,7,0xabb89972b21b304c1bed2bf26f35c8741ac9bba3,103420.84884946825,0.0,Feromont
2026-05-25 07:17:58,day,overall,8,0xd81e5bc01e4a98d0af93d82dc2c542a4c0f9e3d0,103051.61797578915,8887.253326,beet420
2026-05-25 07:17:58,day,overall,9,0xb91aeb5accc33a5f9a8615b8ed6b2d352e913987,102510.94688706327,0.0,afghj2421
2026-05-25 07:17:58,day,overall,10,0xfea31bc088000ff909be1dfd8d0e3f2c7ef2d227,91000.60770899858,19099.736157,newdogbeginning
2026-05-25 07:17:58,day,overall,11,0x1136368d7f6728e94ed14c532ab95a932f710c2e,89401.46825586588,192426.074947,arlanta
2026-05-25 07:17:58,day,overall,12,0x9495425feeb0c250accb89275c97587011b19a27,79793.3782754438,298005.812161,LaBradfordSmith22
2026-05-25 07:17:58,day,overall,13,0x19254b55e7c48e88baab9e62cc218223a6544654,79142.1589611384,0.0,novoreto
2026-05-25 07:17:58,day,overall,14,0xfe787d2da716d60e8acff57fb87eb13cd4d10319,71084.75764032197,515715.7089370001,ferrariChampions2026
2026-05-25 07:17:58,day,overall,15,0x64ce6c1b251a9b3668206f6cbc1f651aeb5d944b,69078.26071063866,222783.078977,bitcoingoingup
2026-05-25 07:17:58,day,overall,16,0xfbf3d501e88815464642d0e913f15379c3eeb218,64775.51461431454,2052.96,VPenguin
2026-05-25 07:17:58,day,overall,17,0xdb859a551fcf56e49416160911476bea7307152f,57364.715899469484,0.0,AV23IUa
2026-05-25 07:17:58,day,overall,18,0x49007e1e636d0e922d0122a02ea743e41d194a72,50489.59322187609,384775.533843,08AF
2026-05-25 07:17:58,day,overall,19,0x8bfee7aeca33003fe9d7398d5143dc7866542d74,46677.14999015657,110087.39,tennischamp
2026-05-25 07:17:58,day,overall,20,0xacb206b460a17382a734de8d931cc176307eb989,40851.01190949825,16647.236327,AppleTime67
2026-05-25 07:17:58,day,overall,21,0xaa075924e1dc7cff3b9fab67401126338c4d2125,39203.869628112996,0.0,rustin
2026-05-25 07:17:58,day,overall,22,0xc6587b11a2209e46dfe3928b31c5514a8e33b784,38714.07986633838,0.0,Erasmus.
2026-05-25 07:17:58,day,overall,23,0x763427e72a4dcbd078a819a9de9b32de2794600d,37519.68082966347,163080.482361,KosekiBijou
2026-05-25 07:17:58,day,overall,24,0x6ade597c0e2b43c0bf3542cada8a5e330d73f5b0,34881.83126248355,63946.009006,TheOnlyHuman
2026-05-25 07:17:58,day,overall,25,0x0bf840764ca2efac73ba45dbc67142fdd91403b2,32948.03058601167,3765.805566,Edwardkang3080
2026-05-25 07:17:58,day,overall,26,0xc44f432b014f36679e13615f95996eac32bbd49f,32562.276213664736,0.0,Zywoo123
2026-05-25 07:17:58,day,overall,27,0xbddf61af533ff524d27154e589d2d7a81510c684,31766.83370019449,447268.932472,Countryside
2026-05-25 07:17:58,day,overall,28,0x418d51e13d019913bb027db22ecc723fe1ad88a3,31290.610781319963,20499.842915000005,0x418D51e13d019913BB027DB22ECc723fe1AD88A3-1720918577961
2026-05-25 07:17:58,day,overall,29,0xcd65c3279408a33866a9129bed6943064cb6ee96,31256.596624110418,0.0,NiNo999
2026-05-25 07:17:58,day,overall,30,0xa080dadd87036ad01dbf5e9c254b0c3dbdba234f,30702.08689422306,0.0,bands1
2026-05-25 07:17:58,day,overall,31,0x39d3c773be30fcc73161fc6768f46d563a779ef0,30143.78579831503,0.0,matanovik
2026-05-25 07:17:58,day,overall,32,0x3c3ff2c7c85278fd53ef0bd6bed3bfc9ff2e75cf,30029.51248575389,11505.62605,TimmyTurner123
2026-05-25 07:17:58,day,overall,33,0x28d7122d673cd8b2fbf7b1b4be6a7588ccb789ed,29792.393283896996,0.0,wichser
2026-05-25 07:17:58,day,overall,34,0x27f738fe203827445690339104aae35b20bc44b0,28307.68164147171,8227.0,ic4cream
2026-05-25 07:17:58,day,overall,35,0x4f29e103339919c4baaea2a60195cf1c8bb27a7e,22500.15245923384,104091.79276,0x4f2
2026-05-25 07:17:58,day,overall,36,0x5e6e2c3f06686f2607b86c90e35f536e81a1be00,21886.72480000004,0.0,ewwwwwww
2026-05-25 07:17:58,day,overall,37,0x1465b79bff7992bc703e1aafb3683b1089647072,21647.20928384398,0.0,JnStTrdrBnusFnd
2026-05-25 07:17:58,day,overall,38,0x966cd85371117d811aab6e6f2b98377433659b1a,21516.44644087617,0.0,balldontlieee
2026-05-25 07:17:58,day,overall,39,0xcf609d3256f0f37f0595e5dc64012fa3a8fea6f5,21447.21929160245,80960.507876,0xcF609D3256f0f37f0595E5Dc64012Fa3a8fEa6f5-1771809916847
2026-05-25 07:17:58,day,overall,40,0xc97485a44146b5db0b8b121358f57cf297cdb33b,20664.49914471892,112.065082,lu1zzz
2026-05-25 07:17:58,day,overall,41,0xc8ec6d4cef5c5fe8409ef69303c37f05b678e8f1,20572.848049394554,0.0,Hugewinner
2026-05-25 07:17:58,day,overall,42,0x53757615de1c42b83f893b79d4241a009dc2aeea,19998.041027566916,625253.506169,0x53757615de1c42b83f893b79d4241a009dc2aeea
2026-05-25 07:17:58,day,overall,43,0x9d94f602535e518ee1cb6aade0ca9569f1b1017d,19533.33759116555,100803.65221300001,eanvanezygv
2026-05-25 07:17:58,day,overall,44,0x412fe1a101554f0b382181c3af932e4b2d8030fa,19417.64321500001,21412.369398,GrizzliesSuck
2026-05-25 07:17:58,day,overall,45,0x86e99faea12fccd8925de5d9f052471baf7a4cdf,19116.93985311696,15381.439620000001,deloochsREBORN
2026-05-25 07:17:58,day,overall,46,0x575a227b3d9369b06a4aeffb3ab820b407f3bba6,19009.235998690034,0.0,qqq89
2026-05-25 07:17:58,day,overall,47,0x5268527977f700f9bf9b6d5cd843859e4e70135d,18068.665621519496,209643.53033399995,HomeRunHazard
2026-05-25 07:17:58,day,overall,48,0xd106952ebf30a3125affd8a23b6c1f30c35fc79c,17979.44452809589,4147.830287,Herdonia
2026-05-25 07:17:58,day,overall,49,0x033f0346c007323030eb420305ffede19a95618e,17878.62055943344,81925.40999999999,TheVeryGoodCow
2026-05-25 07:17:58,day,overall,50,0x7d2f82da7ae8c910bd1e89475be705d313daef1a,17850.284912439998,0.0,TheOpportunist
2026-05-25 07:17:58,day,overall,51,0xdb27bf2ac5d428a9c63dbc914611036855a6c56e,17592.96949090532,0.0,DrPufferfish
2026-05-25 07:17:58,day,overall,52,0xfdf6b781dbe04341d464a66ff8d071246f9200a1,17589.79273108414,47579.961261,0xFdF6B781DBE04341D464A66FF8d071246F9200a1-1775585851031
2026-05-25 07:17:58,day,overall,53,0xf9c1190aa8184bcbe418e6f5321c53b0bfbc39e2,17432.222274674088,123189.68377500001,AdrianCronauer
2026-05-25 07:17:58,day,overall,54,0x1bc0d88ca86b9049cf05d642e634836d5ddf4429,16435.564937050105,177814.20911199998,212121212121212121212
2026-05-25 07:17:58,day,overall,55,0x0e1d01759cfa75782134472a7af5963da9d50c53,16301.396829970286,27544.357429999996,PDJ88
2026-05-25 07:17:58,day,overall,56,0xde7cdcab3e0c5b0e8315da358e80c7d80a12c933,16238.683233969961,0.0,thebug44
2026-05-25 07:17:58,day,overall,57,0x21f333307ac6d2e65ac82f014b3dd2b64cbc35e3,15952.923224146914,17356.557373,hi774c
2026-05-25 07:17:58,day,overall,58,0xbf93328f8b69273453228a82c913207731822fd7,15132.939567137013,0.0,hell0pia
2026-05-25 07:17:58,day,overall,59,0x9c76cdb43fb46454da005fbc82047a64a18ec926,14444.844087368576,4708.8065289999995,Bagwell306
2026-05-25 07:17:58,day,overall,60,0x8488ef25f79c0cf2ffdff307973b2ac10464588c,14217.500194610015,0.0,rabby10
2026-05-25 07:17:58,day,overall,61,0xd202bf6d89dc6bab1b9f00ead175f75466348973,13646.941220889654,0.0,meoooow
2026-05-25 07:17:58,day,overall,62,0x53515c8447275edfac486e6d70a6e3bf49c19b3c,13595.129500000025,0.0,Gambleguy123
2026-05-25 07:17:58,day,overall,63,0x1e6d8ac5250769601852d1026c4279f6d15308a8,13549.722824342136,23076.979134,0x1e6d8aC5250769601852D1026C4279f6D15308A8-1779467698439
2026-05-25 07:17:58,day,overall,64,0xdd92232bcdfbbac04132b3cbacbf32c2e5b16b2a,13340.032120771706,0.0,Jdhdhduu
2026-05-25 07:17:58,day,overall,65,0xf4ec03081af3116b77f0d52c109c6828ff0ec574,13301.847190717024,517.241378,PS003
2026-05-25 07:17:58,day,overall,66,0x40ea9faef8f8eeac2b3262f2e1b75f9fbb16832f,13065.03309813069,6274.71739,wupplasaurus
2026-05-25 07:17:58,day,overall,67,0xcd91a549956854fdc38efad7e80ff5da8f5432b8,12872.830548947079,892.7985449999999,Novus0rdoSeclorum
2026-05-25 07:17:58,day,overall,68,0xf201a19b43471261a3c1ba9247335d55270e527e,12803.850469650875,8066.0,0xF201A19b43471261A3c1Ba9247335d55270e527e-1763824114616
2026-05-25 07:17:58,day,overall,69,0x5555dd8600b3a4c425197d1976c1b486554c2af1,12710.280675132506,83991.09161999999,0x0limit
2026-05-25 07:17:58,day,overall,70,0x03f8dbae3f553fc35521f2bd877e71b06bf4d85a,12604.959017039975,27764.22,0x03F8DBAe3F553fC35521F2bd877E71B06BF4d85a-1778414185115
2026-05-25 07:17:58,day,overall,71,0x7714c16f86bcfdba47bfcb161dc39a2a1ff2b814,12471.935334861948,0.0,llllllIIIIIIlIllllllIIIIIIlIllllllIIIIIIlI
2026-05-25 07:17:58,day,overall,72,0x2c8d4bed2950e9238137a6ec3dc1ad486a4165e7,12411.498489958001,0.0,Fund01
2026-05-25 07:17:58,day,overall,73,0xd4081f280de71b3e82b15bdc724588556f52e85c,12296.28733063006,34739.729999999996,Zetalias
2026-05-25 07:17:58,day,overall,74,0xa7dfc51c051eb0452dc4b22d9893610887b85eee,12180.880159348395,1423.5297249999999,snowleopard1
2026-05-25 07:17:58,day,overall,75,0xa252a7efd9572128117c869fa4f064bed37edbf4,12124.465015783997,0.0,msm299
2026-05-25 07:17:58,day,overall,76,0x82282154463e7423d4d157f78a3d92fd08d5b2fb,11568.9764092665,0.0,qq888
2026-05-25 07:17:58,day,overall,77,0x2a2c53bd278c04da9962fcf96490e17f3dfb9bc1,11551.302777870624,0.0,0x2a2C53bD278c04DA9962Fcf96490E17F3DfB9Bc1-1772479215461
2026-05-25 07:17:58,day,overall,78,0xef61b5699e2f2c3660c0021432ce8f1806a63dab,11380.568403890877,30514.763066999996,0xEF61B5699e2F2c3660c0021432ce8F1806A63dAb-1779518573259
2026-05-25 07:17:58,day,overall,79,0xe8dd7741ccb12350957ec71e9ee332e0d1e6ec86,11121.204442021603,94137.721228,influenz.eth
2026-05-25 07:17:58,day,overall,80,0x4f3818cc7bca7c79680bb7fd3ac4108b7f3a2e85,10556.099531945007,0.0,PapiBowser
2026-05-25 07:17:58,day,overall,81,0x4a88effb39ad9dc2bba990b5c6b81e18c4094c59,10441.068779836383,0.0,Redbbd
2026-05-25 07:17:58,day,overall,82,0xf0d9af9effd0b4a039899901ba19a05ea1a3e4ee,10253.067271927655,1199.998664,polywog
2026-05-25 07:17:58,day,overall,83,0x20e2d462eb96d6fe2c4c7d3fb99e1df17a93667f,10166.918670600076,1132.867366,sportsbettor222
2026-05-25 07:17:58,day,overall,84,0x021c7df18153e2636e368e85f0cedb34c245232f,9889.825886119936,0.0,0x021C7Df18153E2636e368e85F0Cedb34C245232f-1767207000808
2026-05-25 07:17:58,day,overall,85,0xb9c7d35d1f04d08624fabcfd3b6cee2d3c9baade,9889.027534785793,5377.927726,taylorsversion
2026-05-25 07:17:58,day,overall,86,0x5188fa0e8a77e87bc6a58e6781fdfc4e165cc804,9648.805358397183,19933.510000000002,AllByMyseIf
2026-05-25 07:17:58,day,overall,87,0xa7a8c1fd4bfff08ea30214efa7efaf75d7c6580c,9641.709621818263,5163699.51615,asjabaasj
2026-05-25 07:17:58,day,overall,88,0xdfa63fd10f2a182997d2abeaa81ae45b2afb6c6c,9461.71350110018,50504.978105999995,Crassula
2026-05-25 07:17:58,day,overall,89,0x3e89008e14d6dbdf0893c140830f0c000ab389ce,9395.416234999999,23886.419798000003,0x3e89008e14d6DbdF0893c140830f0C000AB389Ce-1779316434609
2026-05-25 07:17:58,day,overall,90,0xe36f5735f5bc12c36b361a599e8603d56f7ccd91,9367.235539960704,45521.96711,sameday1
2026-05-25 07:17:58,day,overall,91,0x032eb1bc893940263ad0b01889f262fc232f2a9e,9184.409257519997,0.0,purplegatto
2026-05-25 07:17:58,day,overall,92,0xa022ba0a68e11a78348382ff168601012d4d77f8,9137.388726363019,156810.410593,yungstalin
2026-05-25 07:17:58,day,overall,93,0x639cc0217f6d513f77cbe7cf3cb8e4d6115531e2,9119.791665980001,0.0,pkkga755
2026-05-25 07:17:58,day,overall,94,0x2c4df36e77efa9da5e3d7607d46796e5b46820cc,9067.717097263327,628.0,nosae
2026-05-25 07:17:58,day,overall,95,0xe3c9c84c9917d21351902f3bfde3420543ea4b9c,9062.125839341956,0.0,DimSumConnoisseur.
2026-05-25 07:17:58,day,overall,96,0xa697d0b3fff7d285a0f92d6ee03a7f97809e59d5,9046.863155333464,26312.179067,0xa697d0b3FFf7D285a0F92d6Ee03a7f97809E59d5-1774326306031
2026-05-25 07:17:58,day,overall,97,0x86e7074d1d0742b67ff463abdb1534174214613e,8944.497055310498,23495.712360999998,abouttojump
2026-05-25 07:17:58,day,overall,98,0xd218e474776403a330142299f7796e8ba32eb5c9,8661.636986524238,26941.235688,cigarettes
2026-05-25 07:17:58,day,overall,99,0x53e55bc7cb3d67ad177c023ce891ad076a9d6177,8620.448771509218,121166.25,Arbguy
2026-05-25 07:17:58,day,overall,100,0xe5b70fd855af9258d9463992e4f1ed7987905ee3,8478.034566314554,3885.14,alwaysfade
2026-05-25 07:17:58,day,politics,1,0xc6587b11a2209e46dfe3928b31c5514a8e33b784,31965.817352368205,0.0,Erasmus.
2026-05-25 07:17:58,day,politics,2,0xf284ad6d607f777f34bc643cea587c33a886b9f9,24003.010854172026,10656.73,strike123
2026-05-25 07:17:58,day,politics,3,0xbf93328f8b69273453228a82c913207731822fd7,16175.839781880033,0.0,hell0pia
2026-05-25 07:17:58,day,politics,4,0xcd91a549956854fdc38efad7e80ff5da8f5432b8,13684.733246325864,1179.4455429999998,Novus0rdoSeclorum
2026-05-25 07:17:58,day,politics,5,0xde7be6d489bce070a959e0cb813128ae659b5f4b,13552.200512395008,30958.870000000003,wan123
2026-05-25 07:17:58,day,politics,6,0xf9c1190aa8184bcbe418e6f5321c53b0bfbc39e2,12296.135345359238,111013.83494300001,AdrianCronauer
2026-05-25 07:17:58,day,politics,7,0x5188fa0e8a77e87bc6a58e6781fdfc4e165cc804,12070.310925261758,18109.440000000002,AllByMyseIf
2026-05-25 07:17:58,day,politics,8,0xe8dd7741ccb12350957ec71e9ee332e0d1e6ec86,11828.434407804627,49034.03423999999,influenz.eth
2026-05-25 07:17:58,day,politics,9,0xa022ba0a68e11a78348382ff168601012d4d77f8,10372.327656546084,156810.410593,yungstalin
2026-05-25 07:17:58,day,politics,10,0x682db86f41a12d9292befded523564314c1f31ab,9958.021788999162,16856.250476,148572738484
2026-05-25 07:17:58,day,politics,11,0xf0d9af9effd0b4a039899901ba19a05ea1a3e4ee,9219.164837289078,1202.063179,polywog
2026-05-25 07:17:58,day,politics,12,0xcf19c420814435ffb1c459588208ed23a7ee6402,7333.238645036035,40971.586965,PantheraUncia
2026-05-25 07:17:58,day,politics,13,0x23d81ba9371e576015c1e562db09c689f56b0288,7070.377354650507,25153.327174,flawfence
2026-05-25 07:17:58,day,politics,14,0xfd2b117412a698f322b0cd18d6827dad262b8e50,7042.48425242363,86874.64,surf
2026-05-25 07:17:58,day,politics,15,0x3e0a8847c74b98a0d865e24ae399604ddf67b9cc,6185.963689994262,4049.5563249999996,Melqui
2026-05-25 07:17:58,day,politics,16,0xbc43a2f0deb85ba4ad316300762972089c911540,6126.421966880007,0.0,westminster
2026-05-25 07:17:58,day,politics,17,0x9ba9dec33838f4ec9f032f7247d7481987e63ce9,5748.1758732400485,0.0,TeamA
2026-05-25 07:17:58,day,politics,18,0x99518fa0d201e7542ea2b852809da5a5c8d811bd,5215.503510000002,0.0,imnice
2026-05-25 07:17:58,day,politics,19,0xecaa8806a9a05049d7d5260a33dc924220e377a9,4652.845385157969,33126.06964,Melody626
2026-05-25 07:17:58,day,politics,20,0x22e4248bdb066f65c9f11cd66cdd3719a28eef1c,4508.636469550722,35053.621175,ProfessionalPunter
2026-05-25 07:17:58,day,politics,21,0x6139c42e48cf190e67a0a85d492413b499336b7a,4116.334956555278,243.33,RememberAmalek
2026-05-25 07:17:58,day,politics,22,0x05e26c775ecfe91b897d47f134c1bf5900ca6e12,4103.761044288927,0.0,Llalalala
2026-05-25 07:17:58,day,politics,23,0x8afa03dd6974e44d00c4d14dcccb00c0ddf6adb6,3972.4659071949864,47879.722141,stupid22
2026-05-25 07:17:58,day,politics,24,0x22e4248bdb066f65c9f11cd66cdd3719a28eef1c,3922.657966748724,35053.621175,ProfessionalPunter
2026-05-25 07:17:58,day,politics,25,0xfffadf38a520cd5a0035ff52d7fceb436a08864b,3917.8024584401282,0.0,GoriIIa
2026-05-25 07:17:58,day,politics,26,0x50da8d7b9404cd438fe80a0d9ed14dfb338f2202,3756.5395185964703,53248.99866,kewell6256
2026-05-25 07:17:58,day,politics,27,0xce1d15f4ab2e11cca6fefe4fe7d70889e6531b9b,3719.119179264995,0.0,armads
2026-05-25 07:17:58,day,politics,28,0xdc03d611e5bcc9f1c87edb95edeb91671471804c,3527.144719914766,0.0,jocpolitic
2026-05-25 07:17:58,day,politics,29,0xd52b8dcb4b812c4056faf41164a6f6c73f4c5c72,3449.002723180115,50226.426806,TBill1
2026-05-25 07:17:58,day,politics,30,0xfba638c083dcd88a6711a1ffba4352c5431a1fca,3438.686097086498,6900.5599999999995,Vladpoutino
2026-05-25 07:17:58,day,politics,31,0xc0ff6a9ac424210cf218fda5c5753324c34a9953,3335.069459921011,0.0,Runaround
2026-05-25 07:17:58,day,politics,32,0x5011224f4848cb2cf2d87cf2b823551dfd0e220e,3166.5345680388127,2473.84,GCNO1
2026-05-25 07:17:58,day,politics,33,0x62cf46cd4c3af254dccfc37a7f93de265b4b5826,3161.9950286540625,0.0,eCash
2026-05-25 07:17:58,day,politics,34,0xecb14ac6e9ca447ce2f2912e6217b43d7b655da3,3115.044939659798,19999.973067000003,SaylorMoon
2026-05-25 07:17:58,day,politics,35,0xc8849a93e05a2ae1b49bb07787a9e0059bb4e17e,3048.1689178703273,32454.204282,Clicker1
2026-05-25 07:17:58,day,politics,36,0xeed588bab0b0df73a9a6def7a59e512e9ede1a33,3035.6033707599854,0.0,mohahaha
2026-05-25 07:17:58,day,politics,37,0xb4f2592e67c333e73c923547cfe05e768180e5fa,2988.043055991002,4999.996026,M2sx92kljs42
2026-05-25 07:17:58,day,politics,38,0x682db86f41a12d9292befded523564314c1f31ab,2987.567125361733,11532.102454,148572738484
2026-05-25 07:17:58,day,politics,39,0x3e0a8847c74b98a0d865e24ae399604ddf67b9cc,2960.6918199092543,4049.5563249999996,Melqui
2026-05-25 07:17:58,day,politics,40,0xddff18c9e86262e62af046d818dda0c3de6f52d6,2949.795170284575,0.0,wkmfa518
2026-05-25 07:17:58,day,politics,41,0xb8a717fed80eab7258a9ff6ba9961908691d7674,2902.246687953986,0.0,pugdev
2026-05-25 07:17:58,day,politics,42,0x1cc16713196d456f86fa9c7387dd326a7f73b8df,2891.0443618891295,0.0,Wickier
2026-05-25 07:17:58,day,politics,43,0x49ebd7ba46eca5e7a7336027d7b46792bf39cf37,2872.8690520155014,0.0,Makesmesicktomystomach
2026-05-25 07:17:58,day,politics,44,0x4f1d5ae26fc31472966e951af3183308736d8de2,2859.185149453064,11680.863368,e46m3
2026-05-25 07:17:58,day,politics,45,0xe47439f42819348023f15ca578ce766c1ee81508,2856.4101834935027,0.0,shehues
2026-05-25 07:17:58,day,politics,46,0x88c4919de76e526d55a32c1f8afb439dd1f1129a,2818.4937216200633,2902.33333,QuietRiskisWrong
2026-05-25 07:17:58,day,politics,47,0xa65c87d5fa12469300aaa71e6237af2f2d147997,2791.590052009,0.0,GGWPGL
2026-05-25 07:17:58,day,politics,48,0x68c24bf4a8ad4d79a6fe4b8eec6f93a02dfd1711,2786.7680621387553,6031.76,mombil
2026-05-25 07:17:58,day,politics,49,0xdcc0d387f0af3628ff1f2aebffb17ece397822e1,2784.4473122,0.0,turo
2026-05-25 07:17:58,day,politics,50,0x162f6fff88a52864f2ecc9833e58089d5254798d,2601.6676658659126,225.23000000000002,Valen9
2026-05-25 07:17:58,day,politics,51,0x1890f3de419014c80293f7e93fb06162a0b0f813,2576.5684187000006,0.0,0x1890f3de419014C80293f7E93fb06162A0B0f813-1771750152467
2026-05-25 07:17:58,day,politics,52,0xcbbc4c8802f6d061504c9d670a181508cf42ea5a,2510.6859094039974,0.0,Doggieson
2026-05-25 07:17:58,day,politics,53,0x6bab41a0dc40d6dd4c1a915b8c01969479fd1292,2506.1866092390264,0.0,Dropper
2026-05-25 07:17:58,day,politics,54,0xc15b833b6991e5dbcaca029f7d0f951e5db238af,2417.2546839436545,100604.34968300001,makinta
2026-05-25 07:17:58,day,politics,55,0xe613b515bd46b1585a8b137a4d291d9b80bd540e,2363.799773602208,22429.498790999998,Gucky-Gu45
2026-05-25 07:17:58,day,politics,56,0x6d9fc316c3b8377060a44b852ba664adbfd59790,2299.526433913852,65137.24729500001,MEPP
2026-05-25 07:17:58,day,politics,57,0x511f9c771449162349795d17becf8b37031acbe1,2299.4200454166858,13804.393027,Bigggggggg
2026-05-25 07:17:58,day,politics,58,0xd6b6f6924341b00626e603240f799644d4b6342b,2296.840233224386,4935.316608,sciuboi
2026-05-25 07:17:58,day,politics,59,0x12d6cccfc7470a3f4bafc53599a4779cbf2cf2a8,2273.367897397431,10745.002,classified
2026-05-25 07:17:58,day,politics,60,0x1521b47bf0c41f6b7fd3ad41cdec566812c8f23e,2264.3925138127233,10892.731138000001,alliswell
2026-05-25 07:17:58,day,politics,61,0x3a8aa345d5db7ec5138298c8c4f4540259be7699,2259.1829812279902,0.0,TheReturnOfDarthMaul
2026-05-25 07:17:58,day,politics,62,0xec1fe51724fefc0b238514e88837dbcaa07bd325,2221.359333395012,0.0,0xEC1Fe51724FeFc0b238514E88837dbcaA07Bd325-1772737525030
2026-05-25 07:17:58,day,politics,63,0xe52c0a1327a12edc7bd54ea6f37ce00a4ca96924,2159.014832955465,0.0,aff3
2026-05-25 07:17:58,day,politics,64,0x2f1aecd1f297a3549e86ee0259c2be3156b6bfa2,2109.9812705019976,0.0,369-369
2026-05-25 07:17:58,day,politics,65,0x6c104a31c105ab2573a42e0f178f961e4496df5c,2101.6041490493153,6011.3914350000005,Belgaron
2026-05-25 07:17:58,day,politics,66,0xc03ce4d8af842ca6251ac57228b3ffb166ed50af,2060.0683762999834,62846.45,NyetRisk
2026-05-25 07:17:58,day,politics,67,0xa9801c16fd3fa7345916172a60951b3ba2d38080,2035.8768376310036,0.0,patma
2026-05-25 07:17:58,day,politics,68,0x2e7a8329d729d986aead6b58b75d9301c4b429f6,2031.1087339639987,0.0,Richdale
2026-05-25 07:17:58,day,politics,69,0x0b9d9c3bb66645c0fe62e9d496f5f07cae058201,2014.996119264004,0.0,Quantollah
2026-05-25 07:17:58,day,politics,70,0x8f2f04f6a10a8ffadb8b39999b5b3ef40adeb226,2011.871269094685,43382.261109,misko1
2026-05-25 07:17:58,day,politics,71,0xeb490d0534bb68b4c2ce139b219a728cd2c3693e,1992.8334034927257,19936.520551999998,78979879879879
2026-05-25 07:17:58,day,politics,72,0xe639a24343dfe5fab5fd9bd465f7b3eccd82d552,1991.9595999999983,0.0,insiderpro222
2026-05-25 07:17:58,day,politics,73,0xfd22b8843ae03a33a8a4c5e39ef1e5ff33ebad91,1984.7436979576014,0.0,AML
2026-05-25 07:17:58,day,politics,74,0xe258c02a1ed5c159f3268cf7728ba5706f8bd084,1939.4744441125101,0.0,yikaiz
2026-05-25 07:17:58,day,politics,75,0x2974bd0059e48f215c391882976e0f1b4c8c9c23,1931.7821740556974,54624.46805899999,65765757
2026-05-25 07:17:58,day,politics,76,0x43372356634781eea88d61bbdd7824cdce958882,1861.9209787971777,0.0,Anjun
2026-05-25 07:17:58,day,politics,77,0x8b24a5e26873c9674fbb073b79941c29ca93c4be,1790.5191420100027,0.0,Lessgo123
2026-05-25 07:17:58,day,politics,78,0xc25427ea224b8f9fa2df801233f944006ed33f73,1782.7026530633157,9499.471164999999,Taikatalvi
2026-05-25 07:17:58,day,politics,79,0x410aa391edffa58af64517ec579af5def62b2643,1699.6941818589912,0.0,afdafdafdafdafd
2026-05-25 07:17:58,day,politics,80,0x10e9d12ffbf23834cacc495ac0757cda41e833f3,1698.1269594299956,0.0,llllllI
2026-05-25 07:17:58,day,politics,81,0x334b261e6ab81287841c1e8c9326a149b8bfd971,1645.1326095560007,0.0,treesanddreams
2026-05-25 07:17:58,day,politics,82,0x60a92c8620846d81f5ea17b0564e0d4b7c545a71,1640.2054177626123,30170.573332,paddaa
2026-05-25 07:17:58,day,politics,83,0x8b4bca1d794779e66e023d44391b2a86c5ab541b,1630.791808305541,0.0,0x8B4bcA1D794779E66e023D44391B2A86C5ab541B-1769764313952
2026-05-25 07:17:58,day,politics,84,0x24c8cf69a0e0a17eee21f69d29752bfa32e823e1,1588.889357082895,23676.558503999997,debased
2026-05-25 07:17:58,day,politics,85,0x6806d2ab8efb9c41baa28c72e44fdfc4b3293a05,1586.5362944409972,0.0,Aurelian9
2026-05-25 07:17:58,day,politics,86,0x3c593aeb73ebdadbc9ce76d4264a6a2af4011766,1584.6952277895325,0.0,eightpenguins
2026-05-25 07:17:58,day,politics,87,0xa1d82aa07258aac95b2a7f0893f740a37ef1a786,1531.4978553200053,0.0,IHeardLoveisallyouNeed
2026-05-25 07:17:58,day,politics,88,0x58820cfc9b65f8b3b87bf8a79d8c6d79b1ba55a2,1525.9286728234983,0.0,0x58820cFc9b65F8b3b87bF8a79D8C6D79b1BA55a2-1774143786264
2026-05-25 07:17:58,day,politics,89,0x4478d7bd8a295691ac84f60a5ec2b47e122102a4,1517.051902213585,0.0,Warren-Buffett
2026-05-25 07:17:58,day,politics,90,0xbb8e6477bcb4d0a79449507c607d36fd228fb243,1499.2308795989957,0.0,Generator
2026-05-25 07:17:58,day,politics,91,0x74471a007ddcc488f6d57b5e86dfb35a8d48a16d,1483.359382155264,376051.049469,tetrose
2026-05-25 07:17:58,day,politics,92,0x830ebe152dfeb8cb8a2775e2621bf47d48864ace,1463.7332359628836,7354.685117999999,WongHolden
2026-05-25 07:17:58,day,politics,93,0xdaef2be2a19ad331737d06545f85615b094554e9,1455.9625416049967,0.0,UCF-BIGGEST-FAN
2026-05-25 07:17:58,day,politics,94,0xcc033f89eb48f85ed62b727f0745bb651578d5c0,1436.663611169497,0.0,zhaoyk
2026-05-25 07:17:58,day,politics,95,0x206191d01c411a5b346d11a2df2d463a356b8ec9,1432.026759060027,0.0,rebotsliaf
2026-05-25 07:17:58,day,politics,96,0xb8e32d575b8d360f90bcc95596e9a0bee444aaf2,1373.5211247040024,0.0,Jan777
2026-05-25 07:17:58,day,politics,97,0xf0d5eb1cbe7350f1f896ade6c172e6700414c665,1365.853744459986,17557.52,yen4u
2026-05-25 07:17:58,day,politics,98,0x095dcfb123a4bc035ee6b0d624bab0cc964352cf,1356.427920626069,2300.617564,Contrarian - 7451
2026-05-25 07:17:58,day,politics,99,0x942a9306a554ab0b94d079dd60a6df7ad702aedc,1338.2693009937975,2894.70693,sakaili515
2026-05-25 07:17:58,day,politics,100,0x02d8495225a297157d25dbcf7ed9dd483bf80c91,1333.9588154700032,0.0,BlasTesla
2026-05-25 07:17:58,day,sports,1,0x9f2fe025f84839ca81dd8e0338892605702d2ca8,315625.71587980026,75115.93952799999,surfandturf
2026-05-25 07:17:58,day,sports,2,0x03e8a544e97eeff5753bc1e90d46e5ef22af1697,220343.18310584733,0.0,weflyhigh
2026-05-25 07:17:58,day,sports,3,0x2c335066fe58fe9237c3d3dc7b275c2a034a0563,192760.77453656634,515419.8743239999,0x2c335066FE58fe9237c3d3Dc7b275C2a034a0563-1759935795465
2026-05-25 07:17:58,day,sports,4,0x9b1e0334569aa1768a07705a859686aad58e82c9,146551.72413669992,0.0,FullPicks1
2026-05-25 07:17:58,day,sports,5,0x5bec79df9add70a3892041ab1a5516b60f53b215,139102.64864485254,76822.74318300003,Mosley1
2026-05-25 07:17:58,day,sports,6,0x2d7be5170a8026c18709eaea1027c7f12e8ce2ce,125091.32894335146,199462.654035,caicai888888
2026-05-25 07:17:58,day,sports,7,0xabb89972b21b304c1bed2bf26f35c8741ac9bba3,103419.94884946919,0.0,Feromont
2026-05-25 07:17:58,day,sports,8,0xd81e5bc01e4a98d0af93d82dc2c542a4c0f9e3d0,103039.93587161414,6276.714161999999,beet420
2026-05-25 07:17:58,day,sports,9,0xb91aeb5accc33a5f9a8615b8ed6b2d352e913987,102510.94688706327,0.0,afghj2421
2026-05-25 07:17:58,day,sports,10,0xfea31bc088000ff909be1dfd8d0e3f2c7ef2d227,90934.12857710943,5861.055699,newdogbeginning
2026-05-25 07:17:58,day,sports,11,0x1136368d7f6728e94ed14c532ab95a932f710c2e,88600.82152199777,192426.074947,arlanta
2026-05-25 07:17:58,day,sports,12,0x19254b55e7c48e88baab9e62cc218223a6544654,83697.09780613144,0.0,novoreto
2026-05-25 07:17:58,day,sports,13,0x9495425feeb0c250accb89275c97587011b19a27,79705.61012689956,297799.812161,LaBradfordSmith22
2026-05-25 07:17:58,day,sports,14,0x64ce6c1b251a9b3668206f6cbc1f651aeb5d944b,69080.11565027917,222783.078977,bitcoingoingup
2026-05-25 07:17:58,day,sports,15,0xfe787d2da716d60e8acff57fb87eb13cd4d10319,68012.6593482485,515715.70893700013,ferrariChampions2026
2026-05-25 07:17:58,day,sports,16,0xfbf3d501e88815464642d0e913f15379c3eeb218,64775.514614314074,2052.96,VPenguin
2026-05-25 07:17:58,day,sports,17,0xdb859a551fcf56e49416160911476bea7307152f,57364.7158994695,0.0,AV23IUa
2026-05-25 07:17:58,day,sports,18,0x49007e1e636d0e922d0122a02ea743e41d194a72,50228.697596296086,334037.54384299996,08AF
2026-05-25 07:17:58,day,sports,19,0x8bfee7aeca33003fe9d7398d5143dc7866542d74,46677.149990156584,110087.39,tennischamp
2026-05-25 07:17:58,day,sports,20,0xacb206b460a17382a734de8d931cc176307eb989,42503.85383520773,16647.236327,AppleTime67
2026-05-25 07:17:58,day,sports,21,0xaa075924e1dc7cff3b9fab67401126338c4d2125,39203.86962811288,0.0,rustin
2026-05-25 07:17:58,day,sports,22,0x763427e72a4dcbd078a819a9de9b32de2794600d,37519.68082966347,163080.482361,KosekiBijou
2026-05-25 07:17:58,day,sports,23,0x6ade597c0e2b43c0bf3542cada8a5e330d73f5b0,34881.831262483625,63946.009006,TheOnlyHuman
2026-05-25 07:17:58,day,sports,24,0x0bf840764ca2efac73ba45dbc67142fdd91403b2,32948.03058022366,3765.805566,Edwardkang3080
2026-05-25 07:17:58,day,sports,25,0xc44f432b014f36679e13615f95996eac32bbd49f,32562.276213664678,0.0,Zywoo123
2026-05-25 07:17:58,day,sports,26,0xbddf61af533ff524d27154e589d2d7a81510c684,31766.833700194955,447268.932472,Countryside
2026-05-25 07:17:58,day,sports,27,0x418d51e13d019913bb027db22ecc723fe1ad88a3,31290.610781319963,20499.842915000005,0x418D51e13d019913BB027DB22ECc723fe1AD88A3-1720918577961
2026-05-25 07:17:58,day,sports,28,0xcd65c3279408a33866a9129bed6943064cb6ee96,31256.596624110418,0.0,NiNo999
2026-05-25 07:17:58,day,sports,29,0xa080dadd87036ad01dbf5e9c254b0c3dbdba234f,30702.086894223,0.0,bands1
2026-05-25 07:17:58,day,sports,30,0x39d3c773be30fcc73161fc6768f46d563a779ef0,30297.195225795032,0.0,matanovik
2026-05-25 07:17:58,day,sports,31,0x3c3ff2c7c85278fd53ef0bd6bed3bfc9ff2e75cf,30029.51248575386,11505.62605,TimmyTurner123
2026-05-25 07:17:58,day,sports,32,0x28d7122d673cd8b2fbf7b1b4be6a7588ccb789ed,29792.393283896996,0.0,wichser
2026-05-25 07:17:58,day,sports,33,0x27f738fe203827445690339104aae35b20bc44b0,28307.68164147171,8227.0,ic4cream
2026-05-25 07:17:58,day,sports,34,0x4f29e103339919c4baaea2a60195cf1c8bb27a7e,22500.152459233854,104091.79276,0x4f2
2026-05-25 07:17:58,day,sports,35,0x5e6e2c3f06686f2607b86c90e35f536e81a1be00,21886.72480000004,0.0,ewwwwwww
2026-05-25 07:17:58,day,sports,36,0x966cd85371117d811aab6e6f2b98377433659b1a,21516.446440876112,0.0,balldontlieee
2026-05-25 07:17:58,day,sports,37,0xcf609d3256f0f37f0595e5dc64012fa3a8fea6f5,21506.09491919895,80960.507876,0xcF609D3256f0f37f0595E5Dc64012Fa3a8fEa6f5-1771809916847
2026-05-25 07:17:58,day,sports,38,0xc97485a44146b5db0b8b121358f57cf297cdb33b,20682.547927614592,0.0,lu1zzz
2026-05-25 07:17:58,day,sports,39,0xc8ec6d4cef5c5fe8409ef69303c37f05b678e8f1,20572.848049394554,0.0,Hugewinner
2026-05-25 07:17:58,day,sports,40,0x53757615de1c42b83f893b79d4241a009dc2aeea,19987.838150566444,622922.506169,0x53757615de1c42b83f893b79d4241a009dc2aeea
2026-05-25 07:17:58,day,sports,41,0x9d94f602535e518ee1cb6aade0ca9569f1b1017d,19533.337590361363,100803.65221300001,eanvanezygv
2026-05-25 07:17:58,day,sports,42,0x412fe1a101554f0b382181c3af932e4b2d8030fa,19417.64321500001,21412.369398,GrizzliesSuck
2026-05-25 07:17:58,day,sports,43,0x575a227b3d9369b06a4aeffb3ab820b407f3bba6,19009.235998690034,0.0,qqq89
2026-05-25 07:17:58,day,sports,44,0x5268527977f700f9bf9b6d5cd843859e4e70135d,18068.665621519496,209643.53033399995,HomeRunHazard
2026-05-25 07:17:58,day,sports,45,0xd106952ebf30a3125affd8a23b6c1f30c35fc79c,17979.44452809589,4147.830287,Herdonia
2026-05-25 07:17:58,day,sports,46,0x033f0346c007323030eb420305ffede19a95618e,17965.520418315427,81925.40999999999,TheVeryGoodCow
2026-05-25 07:17:58,day,sports,47,0x7d2f82da7ae8c910bd1e89475be705d313daef1a,17850.0,0.0,TheOpportunist
2026-05-25 07:17:58,day,sports,48,0x86e99faea12fccd8925de5d9f052471baf7a4cdf,17687.49009020746,15381.439620000001,deloochsREBORN
2026-05-25 07:17:58,day,sports,49,0xdb27bf2ac5d428a9c63dbc914611036855a6c56e,17592.969490905292,0.0,DrPufferfish
2026-05-25 07:17:58,day,sports,50,0xfdf6b781dbe04341d464a66ff8d071246f9200a1,17589.79273108414,47579.961261,0xFdF6B781DBE04341D464A66FF8d071246F9200a1-1775585851031
2026-05-25 07:17:58,day,sports,51,0x1bc0d88ca86b9049cf05d642e634836d5ddf4429,16607.889981956105,177679.219112,212121212121212121212
2026-05-25 07:17:58,day,sports,52,0x0e1d01759cfa75782134472a7af5963da9d50c53,16301.396829970286,27544.357429999996,PDJ88
2026-05-25 07:17:58,day,sports,53,0xde7cdcab3e0c5b0e8315da358e80c7d80a12c933,16238.683233969961,0.0,thebug44
2026-05-25 07:17:58,day,sports,54,0x21f333307ac6d2e65ac82f014b3dd2b64cbc35e3,15952.923224147351,17356.557373000003,hi774c
2026-05-25 07:17:58,day,sports,55,0x9c76cdb43fb46454da005fbc82047a64a18ec926,14444.844087368605,4708.806529,Bagwell306
2026-05-25 07:17:58,day,sports,56,0x8488ef25f79c0cf2ffdff307973b2ac10464588c,14217.500000000015,0.0,rabby10
2026-05-25 07:17:58,day,sports,57,0xd202bf6d89dc6bab1b9f00ead175f75466348973,13646.941220889654,0.0,meoooow
2026-05-25 07:17:58,day,sports,58,0x53515c8447275edfac486e6d70a6e3bf49c19b3c,13595.129500000025,0.0,Gambleguy123
2026-05-25 07:17:58,day,sports,59,0x1e6d8ac5250769601852d1026c4279f6d15308a8,13549.722914562137,23076.979134,0x1e6d8aC5250769601852D1026C4279f6D15308A8-1779467698439
2026-05-25 07:17:58,day,sports,60,0xdd92232bcdfbbac04132b3cbacbf32c2e5b16b2a,13340.032120771706,0.0,Jdhdhduu
2026-05-25 07:17:58,day,sports,61,0xf4ec03081af3116b77f0d52c109c6828ff0ec574,13301.847190717024,517.241378,PS003
2026-05-25 07:17:58,day,sports,62,0x40ea9faef8f8eeac2b3262f2e1b75f9fbb16832f,13065.03309813069,6274.71739,wupplasaurus
2026-05-25 07:17:58,day,sports,63,0xf201a19b43471261a3c1ba9247335d55270e527e,12803.850469650875,8066.0,0xF201A19b43471261A3c1Ba9247335d55270e527e-1763824114616
2026-05-25 07:17:58,day,sports,64,0x5555dd8600b3a4c425197d1976c1b486554c2af1,12710.280421732507,83991.09161999999,0x0limit
2026-05-25 07:17:58,day,sports,65,0x03f8dbae3f553fc35521f2bd877e71b06bf4d85a,12604.959017039975,27764.22,0x03F8DBAe3F553fC35521F2bd877E71B06BF4d85a-1778414185115
2026-05-25 07:17:58,day,sports,66,0x7714c16f86bcfdba47bfcb161dc39a2a1ff2b814,12471.935334861948,0.0,llllllIIIIIIlIllllllIIIIIIlIllllllIIIIIIlI
2026-05-25 07:17:58,day,sports,67,0x2c8d4bed2950e9238137a6ec3dc1ad486a4165e7,12411.498489958001,0.0,Fund01
2026-05-25 07:17:58,day,sports,68,0xd4081f280de71b3e82b15bdc724588556f52e85c,12296.28733063006,34739.729999999996,Zetalias
2026-05-25 07:17:58,day,sports,69,0xa7dfc51c051eb0452dc4b22d9893610887b85eee,12180.880159348395,1423.5297249999999,snowleopard1
2026-05-25 07:17:58,day,sports,70,0xa252a7efd9572128117c869fa4f064bed37edbf4,12124.465003344996,0.0,msm299
2026-05-25 07:17:58,day,sports,71,0x7a3b286f55631e9bfa4f36e0e41dc836987588e5,11925.381244407246,70350.289501,TheTaker62
2026-05-25 07:17:58,day,sports,72,0x82282154463e7423d4d157f78a3d92fd08d5b2fb,11568.9764092665,0.0,qq888
2026-05-25 07:17:58,day,sports,73,0x2a2c53bd278c04da9962fcf96490e17f3dfb9bc1,11550.399105865043,0.0,0x2a2C53bD278c04DA9962Fcf96490E17F3DfB9Bc1-1772479215461
2026-05-25 07:17:58,day,sports,74,0x4f3818cc7bca7c79680bb7fd3ac4108b7f3a2e85,10556.099531945007,0.0,PapiBowser
2026-05-25 07:17:58,day,sports,75,0x4a88effb39ad9dc2bba990b5c6b81e18c4094c59,10439.809912836383,0.0,Redbbd
2026-05-25 07:17:58,day,sports,76,0x20e2d462eb96d6fe2c4c7d3fb99e1df17a93667f,10166.918670600076,1132.867366,sportsbettor222
2026-05-25 07:17:58,day,sports,77,0x021c7df18153e2636e368e85f0cedb34c245232f,9889.825886120008,0.0,0x021C7Df18153E2636e368e85F0Cedb34C245232f-1767207000808
2026-05-25 07:17:58,day,sports,78,0xb9c7d35d1f04d08624fabcfd3b6cee2d3c9baade,9889.027534785793,5377.927726,taylorsversion
2026-05-25 07:17:58,day,sports,79,0xa7a8c1fd4bfff08ea30214efa7efaf75d7c6580c,9641.709621818263,5163699.51615,asjabaasj
2026-05-25 07:17:58,day,sports,80,0xdfa63fd10f2a182997d2abeaa81ae45b2afb6c6c,9461.713501100177,50504.978105999995,Crassula
2026-05-25 07:17:58,day,sports,81,0x3e89008e14d6dbdf0893c140830f0c000ab389ce,9395.416234999999,23886.419798000003,0x3e89008e14d6DbdF0893c140830f0C000AB389Ce-1779316434609
2026-05-25 07:17:58,day,sports,82,0x032eb1bc893940263ad0b01889f262fc232f2a9e,9184.409257519997,0.0,purplegatto
2026-05-25 07:17:58,day,sports,83,0xa697d0b3fff7d285a0f92d6ee03a7f97809e59d5,9128.3009890533,19150.409067,0xa697d0b3FFf7D285a0F92d6Ee03a7f97809E59d5-1774326306031
2026-05-25 07:17:58,day,sports,84,0x639cc0217f6d513f77cbe7cf3cb8e4d6115531e2,9119.79166598,0.0,pkkga755
2026-05-25 07:17:58,day,sports,85,0x2c4df36e77efa9da5e3d7607d46796e5b46820cc,9068.671077263327,628.0,nosae
2026-05-25 07:17:58,day,sports,86,0xe3c9c84c9917d21351902f3bfde3420543ea4b9c,9062.125839341956,0.0,DimSumConnoisseur.
2026-05-25 07:17:58,day,sports,87,0xd218e474776403a330142299f7796e8ba32eb5c9,8993.072439470765,26941.235688,cigarettes
2026-05-25 07:17:58,day,sports,88,0x86e7074d1d0742b67ff463abdb1534174214613e,8944.497055310498,23495.712360999998,abouttojump
2026-05-25 07:17:58,day,sports,89,0xe5b70fd855af9258d9463992e4f1ed7987905ee3,8478.013492767583,3885.14,alwaysfade
2026-05-25 07:17:58,day,sports,90,0xf4218246dfefc5bdce904a73b2ec4d8366f5cff4,8386.69982466683,0.0,mhhsw966
2026-05-25 07:17:58,day,sports,91,0x94a718d4eec74fd907ccee2fe02756f5bf29efa3,8293.645832474998,0.0,EvasnderBlackwoods
2026-05-25 07:17:58,day,sports,92,0x6815040a7176c958e6ff8818bfe188e80dbd9edb,8291.208385304664,5709.583914999999,pilotbaby
2026-05-25 07:17:58,day,sports,93,0x47f80d27eb78d92f1fe1932d971f299553dd6699,8290.853249999986,0.0,ebbaz
2026-05-25 07:17:58,day,sports,94,0x71ca04d689bc38c5e4dcda8a4d743f279c5a3501,8258.208656694997,0.0,Ronaldo2100
2026-05-25 07:17:58,day,sports,95,0xe7fdd625533b1619eef16738748493737253a5bf,8180.945789965001,0.0,ZaneReed
2026-05-25 07:17:58,day,sports,96,0x2114c6395bb0c3c2129339785e54a48ca1d984c5,8151.978397020459,0.0,uyyan395
2026-05-25 07:17:58,day,sports,97,0xdb250854cb0a4c1784fe2d1179f5c3c4577feb12,7990.806684662253,32978.722529000006,mirroredtrade-RocWins
2026-05-25 07:17:58,day,sports,98,0xc35049bc7b6bd28a49a40b261466ca91aad63669,7970.709551253996,0.0,ScroooogeMcDuck
2026-05-25 07:17:58,day,sports,99,0x14d4445331bb3edd80f59fbcde094afa1003c4bf,7915.65494286135,17087.783068,Duelloyal1
2026-05-25 07:17:58,day,sports,100,0x04b954ec5d65e0a855d31b5e695083f3c4ad79e0,7706.540679312471,7437.696682999998,immanuelcan
2026-05-25 07:17:58,day,crypto,1,0x1465b79bff7992bc703e1aafb3683b1089647072,21647.20928384398,0.0,JnStTrdrBnusFnd
2026-05-25 07:17:58,day,crypto,2,0xef61b5699e2f2c3660c0021432ce8f1806a63dab,11380.568403890877,30514.763066999996,0xEF61B5699e2F2c3660c0021432ce8F1806A63dAb-1779518573259
2026-05-25 07:17:58,day,crypto,3,0x71a70f24538d885d1b45f9cea158a2cdf2e56fcf,6636.2808951115,30234.289821000002,easyclap
2026-05-25 07:17:58,day,crypto,4,0xcc500cbcc8b7cf5bd21975ebbea34f21b5644c82,6212.805466600461,675.9499999999999,justdance
2026-05-25 07:17:58,day,crypto,5,0x6e1d5040d0ac73709b0621f620d2a60b80d2d0fa,4701.378121586749,129753.32288499997,0x6E1d5040d0ac73709B0621F620d2a60b80d2D0F
2026-05-25 07:17:58,day,crypto,6,0xb55fa1296e6ec55d0ce53d93b9237389f11764d4,4154.357936250599,229172.86138,0xb55fa1296E6ec55D0cE53d93B9237389f11764d4-1777575277609
2026-05-25 07:17:58,day,crypto,7,0xb3fdfe2e3d04f31e5b54a908f928e25511e322c7,4098.957610337742,41090.12467600001,0xB3FdFE2e3D04f31e5b54A908f928e25511E322C7-1778420302377
2026-05-25 07:17:58,day,crypto,8,0x5371f1b6954e31c502064614649cea3568cb76eb,3918.7738509001356,8091.737703999999,oegdatam
2026-05-25 07:17:58,day,crypto,9,0xa82365c8e854728c472812fba6202ca125386215,3579.285125147542,21062.542978999998,mihaXd
2026-05-25 07:17:58,day,crypto,10,0xeebde7a0e019a63e6b476eb425505b7b3e6eba30,3508.694916875451,452588.42225900013,Bonereaper
2026-05-25 07:17:58,day,crypto,11,0x2a9c77ed09d86c2ad2ced0a60c8b5b2a23acc8cf,3451.872137000042,52448.049999999996,0x2a9c77ED09d86C2AD2CeD0a60c8b5b2A23ACc8Cf-1774329787224
2026-05-25 07:17:58,day,crypto,12,0x18614c6c85500f0ff39e4faa77ff62f427e4ff2a,2956.781603872496,6497.8875,nnnnnn1111
2026-05-25 07:17:58,day,crypto,13,0x5a46b6d18c64b47a702b0013a0cea8b9da2e4330,2876.5031228868647,15407.937612,0x5A46b6D18c64B47a702B0013A0Cea8b9Da2e4330-1774539720513
2026-05-25 07:17:58,day,crypto,14,0x4b1683f3948a8ba62d2262cbbc4763db97d926c9,2456.179253100083,6368.4712500000005,0x4B1683f3948a8ba62D2262cbBC4763DB97D926c9-1779525246396
2026-05-25 07:17:58,day,crypto,15,0x6ca788d0c07541c7f08409fbf9a9badb6a33dc94,2450.726114969957,18232.202979,TakerAccount
2026-05-25 07:17:58,day,crypto,16,0xce25e214d5cfe4f459cf67f08df581885aae7fdc,2418.1700810109614,88767.59974399999,0xcE25E214D5cfE4f459cf67F08DF581885AAE7Fdc-1777575398144
2026-05-25 07:17:58,day,crypto,17,0x3272dd805a712343e11e0a30f9f665c08c6db05d,2416.645956994942,14797.221354,deletedludoman
2026-05-25 07:17:58,day,crypto,18,0xd76050f456aa9e28fa6b60fe94a6dbb746a1f7f5,2277.7843265972006,6378.947405,patrickgohkm
2026-05-25 07:17:58,day,crypto,19,0xa36a4f300ebe9797f002348bb22af8cf6f940e43,2199.7245944330507,30114.245598,0xa36a4f300EbE9797f002348Bb22aF8cF6F940E43-1779668675823
2026-05-25 07:17:58,day,crypto,20,0x71edffd0d70a1da823ff07a3c6fc81457294d338,2085.3031869439947,0.0,pako
2026-05-25 07:17:58,day,crypto,21,0x66ad4221d66358ab9867f6d8cae73ede08e5cc4e,1920.3116505674916,1162.09,Marioy
2026-05-25 07:17:58,day,crypto,22,0x9f5ffe76a818dce37c70f947998b52b70671a008,1886.6090071771469,130723.96169400003,0x9F5fFE76a818DCE37c70F947998b52b70671A008-1772728605528
2026-05-25 07:17:58,day,crypto,23,0x6b34d5a8989c1b7f8a9170b6425d0beaa54ccb3a,1818.743325,9226.32,0x6B34d5a8989c1b7F8A9170B6425D0beaa54cCb3a-1774737277068
2026-05-25 07:17:58,day,crypto,24,0x63adda169ca8f3311b361e3e7dc1a98fa882c072,1818.2538430000204,27757.112648999995,0x63ADda169cA8F3311b361E3E7dc1a98FA882C072-1774822849424
2026-05-25 07:17:58,day,crypto,25,0x5bc331ff6a2f3a679f0c98cca0d92cdda5c47a59,1802.6560885902968,33787.007532,0x5bc331ff6a2f3a679f0c98cca0d92cdda5c47a59
2026-05-25 07:17:58,day,crypto,26,0x5c4600b33a02adf80dd07d6853f0c59e8d9e753d,1780.2960938176402,74220.64456300001,NihiIism
2026-05-25 07:17:58,day,crypto,27,0xe51e9a9ec9332c1ccf32a51916ec0a49a0b85e7f,1758.781531958004,0.0,Mollytrading
2026-05-25 07:17:58,day,crypto,28,0x9f0cce072d75c6cdd97db6f286a527f1dd45749b,1710.0016272600042,0.0,0x9F0CcE072d75c6CdD97db6F286a527F1dd45749B-1766436148508
2026-05-25 07:17:58,day,crypto,29,0x885278f0e304bc2d53f805af2ab779cb6011c569,1709.0391755903547,24096.847543999997,gabigol
2026-05-25 07:17:58,day,crypto,30,0x9a1f8ce407172a0a3c8d57c92e182d22ace2c925,1598.8581999999842,0.0,ETHhedge
2026-05-25 07:17:58,day,crypto,31,0x89b5cdaaa4866c1e738406712012a630b4078beb,1596.1919604558498,83985.844503,ohanism
2026-05-25 07:17:58,day,crypto,32,0xad57d8efa9bd89be9ff74934a0f6e68853843fed,1573.4813033492828,3839.079945,xepo
2026-05-25 07:17:58,day,crypto,33,0xd0f1c48f7eb486764bd48eff644f7e66a73a6712,1558.2349007399898,0.0,XRPisSH8T
2026-05-25 07:17:58,day,crypto,34,0xc88200ae64f7e893fa683a42cac2b92060db0662,1541.8224489599925,12.244896,Alexandru888
2026-05-25 07:17:58,day,crypto,35,0x4f315c1f2fcfbcbccc31fa28ae086babf309efa3,1488.4013956353447,1598.811577,DFV2
2026-05-25 07:17:58,day,crypto,36,0x6765c1c000e3b99c7fffea752c561cb868f1fa0d,1377.3535738549253,0.0,JanAMEX
2026-05-25 07:17:58,day,crypto,37,0xa70f7d263122d7664441c864b0f806c23791dbc6,1320.6025115500797,20902.544894,67djk
2026-05-25 07:17:58,day,crypto,38,0x3a9fb46bcbd2982559fe683f4bc3748ec265ea97,1305.4157353250666,9238.7212,yws1
2026-05-25 07:17:58,day,crypto,39,0x8d77764d1884fb08c986a985487b5aa9632c8f33,1286.405699,2550.7690789999997,546451313
2026-05-25 07:17:58,day,crypto,40,0xf3ce251f9c4ae0f3940a9f32de5dd1a1d05b8bc6,1265.3671953000267,127702.99200000001,0xF3Ce251F9c4ae0f3940A9f32dE5Dd1A1d05B8Bc6-1778725794122
2026-05-25 07:17:58,day,crypto,41,0x06dc51826bc524d9a83770e7de9dd7e005b04524,1253.5871890989947,29979.94081,0x06dc51826bc524d9a83770e7de9dd7e005b0452
2026-05-25 07:17:58,day,crypto,42,0x4c810a098f10279c4154563dbb19d39c388d8ea1,1216.2840874919802,21167.702434,0x4C810A098F10279c4154563DBB19d39C388D8eA1-1773295684241
2026-05-25 07:17:58,day,crypto,43,0x2bc01f3ad80e31f5bf3d80775b044f0c67797871,1214.9324525138618,24639.105445,is5minfixedyet
2026-05-25 07:17:58,day,crypto,44,0xd189664c5308903476f9f079820431e4fd7d06f4,1197.2692859804956,54121.243573,rwo
2026-05-25 07:17:58,day,crypto,45,0x02b522881cfd19124d9a3d65c330de0361c7ab51,1190.5663182300004,0.0,judge-871
2026-05-25 07:17:58,day,crypto,46,0xabafd6fc73531642b3bc1b1188e20835876308de,1179.5605619999906,10534.296633999998,lllmmmlll
2026-05-25 07:17:58,day,crypto,47,0xd5d1a566d838af3b36976389b487c9015a7b8a18,1177.976223499998,0.0,AmazingBtc
2026-05-25 07:17:58,day,crypto,48,0x86e99faea12fccd8925de5d9f052471baf7a4cdf,1120.5606259000006,0.0,deloochsREBORN
2026-05-25 07:17:58,day,crypto,49,0xa022ba0a68e11a78348382ff168601012d4d77f8,1105.5383600000005,0.0,yungstalin
2026-05-25 07:17:58,day,crypto,50,0x67ae544746f94f6787878eaaa9c60b5804490f0a,1076.6902617000014,0.0,Baderbet
2026-05-25 07:17:58,day,crypto,51,0xf97eaefa3f884d713d86e0a071127997cd970034,1052.5094247499947,0.0,rekt-prediction
2026-05-25 07:17:58,day,crypto,52,0x91aab8d0ae5c7dde7d9ea7ca49aeb985e09819b8,1046.8161191899853,41190.365687,0x4tngfdi43gjdgvji
2026-05-25 07:17:58,day,crypto,53,0x12c2782b74d3b2a051b55be2e5167970ace01381,1031.9615572122939,15389.287765000001,gta6wen
2026-05-25 07:17:58,day,crypto,54,0x885dcfc0cc2fc0b4af410b4449cb7f670ae59d96,1012.758604730433,3056.067088,azibiz
2026-05-25 07:17:58,day,crypto,55,0xcb894d56b6ed7f458e8534636a086b65e915a2e8,1011.3518821799958,0.0,justme003
2026-05-25 07:17:58,day,crypto,56,0x42fa340061a94072a818e540c3e80d8148d81fc7,1009.2521099150017,0.0,Trashbag
2026-05-25 07:17:58,day,crypto,57,0x310ff9db982d7ade06451c34d36658f615a6c95e,1004.4033126401118,16751.743211,0x310fF9DB982D7adE06451C34d36658f615a6C95e-1779245317232
2026-05-25 07:17:58,day,crypto,58,0x7bbb9e8ba640e57029f101787a5388b3283f4a56,1004.1941230017464,7194.631551999999,fixdisputes
2026-05-25 07:17:58,day,crypto,59,0xab828a2bcb4a5a93a94cdeedf3cb70b6211babe5,1000.4098516999998,0.0,Lk1101x
2026-05-25 07:17:58,day,crypto,60,0x993f451b6d5c21996b1bf688493cea9c4c823ee3,971.6906876085122,0.0,hitjnn214
2026-05-25 07:17:58,day,crypto,61,0xb623ca89bc6e19f24a0e2d5d6013d0db4a034203,966.4150995000018,0.0,viberefllex
2026-05-25 07:17:58,day,crypto,62,0x4d064064c89ad62f1866a7ed4e85f6c5d885b2ea,956.8577715093761,17235.056342,RootWoot
2026-05-25 07:17:58,day,crypto,63,0x1878b9bf883eaf8d757554cda0b4f13b2514d998,955.5374000000029,0.0,probability1
2026-05-25 07:17:58,day,crypto,64,0x67ea2d52347553c3ae436baa95af22d85cd7468f,951.7864480285838,6285.796275,Belonci
2026-05-25 07:17:58,day,crypto,65,0x34026514e0bda25f0f9fbb053fe3070cdc8c9446,949.9477923240338,0.0,madril
2026-05-25 07:17:58,day,crypto,66,0x3c58ef422754ff22c7e806336feba0064d8b776b,917.4564371124288,13117.709769000003,antsaslyku
2026-05-25 07:17:58,day,crypto,67,0xa7011667f22c121c6cea7aab30192307c58c47cd,917.3080912199803,0.0,BadTattoo
2026-05-25 07:17:58,day,crypto,68,0x32835f17fbda571f0f02c0a3bf0a6f94d60a1da9,903.6471264789943,0.0,SBFfromprison
2026-05-25 07:17:58,day,crypto,69,0x19ef6771b9b6714ee9ee21ccb15fbca91a87b447,899.9744999999994,2999.965,hahahahaha777
2026-05-25 07:17:58,day,crypto,70,0x430fc12ac13646b962c98dd73e159488812f5947,898.2852248479903,98.42,5245242
2026-05-25 07:17:58,day,crypto,71,0x4ee29e4e7d4c380babeae5e22e5c02400c2246e1,892.4583181871276,8.855554,IH2P
2026-05-25 07:17:58,day,crypto,72,0xf2f6af4f27ec2dcf4072095ab804016e14cd5817,876.9325429000019,0.0,gopfan2
2026-05-25 07:17:58,day,crypto,73,0x931cd2259731f65ff31faa5233f446b9f50ca002,871.8291459999818,1078.918166,0x931cd2259731f65ff31fAa5233f446B9f50Ca002-1777400384859
2026-05-25 07:17:58,day,crypto,74,0x1e9611c3bde3aa2ea36eb3f063834b1a23c6e72a,871.0258310002682,57458.705625,pppppppppo65
2026-05-25 07:17:58,day,crypto,75,0xba8c5fbcc5f58b0e4ae0c1413e0413f8c803e77d,868.3217070000028,17634.665696999997,Rock.San
2026-05-25 07:17:58,day,crypto,76,0x43372356634781eea88d61bbdd7824cdce958882,865.1375176495058,0.0,Anjun
2026-05-25 07:17:58,day,crypto,77,0xe52fe7c4fd84a51960dbcbddc79a3345681fbbca,861.056789640752,55443.105549,truuuuu
2026-05-25 07:17:58,day,crypto,78,0xe744913c0033c55203ce64dbd960fe816b70f96e,858.271730229997,25579.78,jakebet
2026-05-25 07:17:58,day,crypto,79,0x56ad6bd05999e0f33ea9c05a48ccb1364a46f13e,850.0169910220011,0.0,Mpire1
2026-05-25 07:17:58,day,crypto,80,0x6fdc687773d4ba8753ea406f4eb2a403051a953f,832.511579132668,37802.780286,purple-lamp-tree
2026-05-25 07:17:58,day,crypto,81,0x3f3bfc6d754e416699793901ffb12ddeee9f1d77,810.4751227729939,0.0,eNakeVets
2026-05-25 07:17:58,day,crypto,82,0xea749f3a20666b5020f81013fdd3d2a3f3b2c066,800.0,2400.0,0xea749f3a20666B5020f81013FDd3D2a3F3b2c066-1776740640115
2026-05-25 07:17:58,day,crypto,83,0xa8d6ac89af35631f1be5845410f2e22d9a26af94,799.466219772502,0.0,On9Chasiu
2026-05-25 07:17:58,day,crypto,84,0xe5c769588db4cdcb8777b9ff6a25c3cf7419b428,787.9896863853819,8836.764492,0xE5c769588Db4cdCb8777B9Ff6a25c3cF7419B428-1779367044657
2026-05-25 07:17:58,day,crypto,85,0xc08e8d34643753effaba943d76500257a789f7b0,781.6259070368242,8739.105168,0xC08E8d34643753EfFaBa943d76500257a789f7B0-1779367346509
2026-05-25 07:17:58,day,crypto,86,0xaf0e578b7a4fcc8132375e2fa7d0d22d31a73197,771.1249039999984,6432.985624999999,N3D1
2026-05-25 07:17:58,day,crypto,87,0xb305d384400e3d7a15780216a55368ea677eca4e,768.2824143181788,9986.804836,Jameboy
2026-05-25 07:17:58,day,crypto,88,0x52a125055e7d4d37c1486fb6a70cbd7e61c95efa,759.1504432032962,9583.721803999999,0x52A125055E7d4D37C1486fB6a70CBD7E61c95efa-1779366912108
2026-05-25 07:17:58,day,crypto,89,0x1091a32ff1579f9ed680912e1bb6e0b9dd913257,725.7110461000489,8921.518167999999,0x1091a32Ff1579F9ed680912E1BB6E0b9dD913257-1779367488520
2026-05-25 07:17:58,day,crypto,90,0x1015bb260154f51e5f432cb0a3227c1619fcbac8,723.8151857314442,52072.293001000005,riceapplepie
2026-05-25 07:17:58,day,crypto,91,0xc387c2a40d389f17b723b6bba9b18b7dbd2de4f4,723.415788151884,65478.998960000004,flippingsharks
2026-05-25 07:17:58,day,crypto,92,0xba016b05c84c9f073e5c9059d247d37cea4b8535,714.5494513602898,46379.70914800001,shy-blue-rock
2026-05-25 07:17:58,day,crypto,93,0x4910842d27c641e6c23c6680c115da4db100c095,714.0092645159966,0.0,willydh
2026-05-25 07:17:58,day,crypto,94,0xa0da9371a4aa5f2ece33eda9b6f47b656bad1f80,711.3850087399987,0.0,0xA0da9371A4Aa5f2eCE33eDa9B6f47b656bAd1F80-1777002339626
2026-05-25 07:17:58,day,crypto,95,0x7b5c0078d4f9cc7cd271e8d3c375eb7382a04960,702.1029394799989,0.0,0x7B5c0078d4F9CC7cd271E8d3c375EB7382A04960-1774346687518
2026-05-25 07:17:58,day,crypto,96,0xf21a9c32ae929e97c7b518912e2e7f04a6f4b6e3,688.8462220179972,0.0,W1nner
2026-05-25 07:17:58,day,crypto,97,0x251c1a283703beed41590b0875a8dcb8ddd1541f,684.3142812521323,26168.599168999997,0xAAAAA
2026-05-25 07:17:58,day,crypto,98,0x20d2309cd92b797ae7ca175ed828ed8a27fbe29d,683.7508980841958,82517.441531,0x20d2309cd92b797ae7ca175ed828ed8a27fbe29d
2026-05-25 07:17:58,day,crypto,99,0x10251c6856809ee1f4412ebf176b22160b288f88,675.0061319999991,11485.166981,0x10251c6856809ee1f4412ebf176b22160b288f88
2026-05-25 07:17:58,day,crypto,100,0x23f544a1f92150f25ebafae0e40f5db448b37a6e,669.5152419999904,9338.588715,mantaray1xusdfj
2026-05-25 07:17:58,day,finance,1,0x16c7f9b7b239c980929a2aa5d53b23c5cac03931,6387.496707138918,7965.45,0x16C7F9b7B239C980929A2AA5d53B23c5Cac03931-1769017422369
2026-05-25 07:17:58,day,finance,2,0xf0ca28d5b0141f0a8e7b251dea80fd881cb166ed,3254.8185836410266,2018.36733,Hauchn
2026-05-25 07:17:58,day,finance,3,0x40f2af133a386614e7a2bb33dbf52f8ec150315f,2521.4910157800005,0.0,JimBobBoi
2026-05-25 07:17:58,day,finance,4,0x6adcccb0ea0b93a66e67f0d7b2b625b135a8beba,1613.977200000023,0.0,pikachusplace
2026-05-25 07:17:58,day,finance,5,0xaaddfa107f870155547ed77d11b540b70dc2d3f1,1589.1736097179964,15550.330000000002,yxj425
2026-05-25 07:17:58,day,finance,6,0x969fae0a3a93778adc42178f72c612ed8c4e4d55,1530.8126562890538,0.0,superstonksbro
2026-05-25 07:17:58,day,finance,7,0xc8ab97a9089a9ff7e6ef0688e6e591a066946418,1386.655703167431,155796.13759,ArmageddonRewardsBilly
2026-05-25 07:17:58,day,finance,8,0x4042c5361fc11e0f69f1c67fafacc854fec1ddfc,1228.4546455499997,3237.7100000000005,Overland
2026-05-25 07:17:58,day,finance,9,0x448861155279dbf833d041b963e3ac854599e319,1120.003495600009,0.0,Flipadelphia
2026-05-25 07:17:58,day,finance,10,0x09c02e58f79dc2fc1e42c7c14d43e4a142326f73,886.618642661997,0.0,klinxiowl
2026-05-25 07:17:58,day,finance,11,0xbfb3b7bd96f923fc22ecc8fb416d4dc5d3b24b43,883.0785942752264,6326.965639999999,borchi
2026-05-25 07:17:58,day,finance,12,0x31436bde35c25c3714e0c3e7fbd14a22107581b1,781.3631921270062,0.0,yyyyyyy
2026-05-25 07:17:58,day,finance,13,0x53c48faa2373f597b693567f79c3782c6ce7740b,728.1617162772454,3609.327472,uma003
2026-05-25 07:17:58,day,finance,14,0xfc2f4f50ce2f6045d35558a5e2d8d4b2ac6610c7,709.888731355627,4412.616226,0xFc2F4f50ce2F6045d35558A5E2D8d4b2aC6610c7-1769097007451
2026-05-25 07:17:58,day,finance,15,0x4d3e6f882536f5bde89d20a64e2198b1c1e8783b,648.4208471340171,0.0,bitcoinmafia
2026-05-25 07:17:58,day,finance,16,0xacbca1cf43bd198e734089f198f3725281577cc3,644.2395635399992,0.0,l7vznt3mcgyhoerusnp7veayprtcogn64wvznuykch
2026-05-25 07:17:58,day,finance,17,0xf8f51be8e6a748fbb63d308f4b588b8754743766,640.0737946300046,0.0,Cyphercapital
2026-05-25 07:17:58,day,finance,18,0x1cd24cc49782240413903b4b7e7694779f917f85,627.2031007610058,0.0,bitterfish
2026-05-25 07:17:58,day,finance,19,0x78048aa26ac1967566b8ed11910b529e5f2d7025,614.5603839799987,0.0,HorribleWork
2026-05-25 07:17:58,day,finance,20,0x46f1567acfcaadf73999e1e14fc892473523701f,593.3535609719975,500.0,dekooning
2026-05-25 07:17:58,day,finance,21,0xbfb3b7bd96f923fc22ecc8fb416d4dc5d3b24b43,684.5046462921564,5875.444772,borchi
2026-05-25 07:17:58,day,finance,22,0x78048aa26ac1967566b8ed11910b529e5f2d7025,679.8187389799982,0.0,HorribleWork
2026-05-25 07:17:58,day,finance,23,0x1cd24cc49782240413903b4b7e7694779f917f85,627.2031007610058,0.0,bitterfish
2026-05-25 07:17:58,day,finance,24,0x50ea4aea70724a5bc0ccf3ee242b2a09fc5948db,589.7893725605018,0.0,pomelopeel
2026-05-25 07:17:58,day,finance,25,0x94daa3bf531255d6565e937c7249d3918fa12bf1,525.1487271945007,0.0,SaracensCapital2
2026-05-25 07:17:58,day,finance,26,0xc427980d20632c60c5a43fb689540c7f6f776f4d,509.3778313099997,0.0,kastetem
2026-05-25 07:17:58,day,finance,27,0x46f1567acfcaadf73999e1e14fc892473523701f,502.29361999999765,500.0,dekooning
2026-05-25 07:17:58,day,finance,28,0x5f4505f23e8f94d65291c8e3c764d61f1d22cabc,467.7077608229997,0.0,0x5f4505F23e8f94D65291C8E3c764d61f1D22cAbc-1733732329692
2026-05-25 07:17:58,day,finance,29,0x0bbfcc90608ee32f4ab5260269d20ec76732bac7,450.0,0.0,jde-126
2026-05-25 07:17:58,day,finance,30,0x59db0bd8c5e0b201ec10c8d7b06150d41a7ac353,448.6025266860015,0.0,jadebasilisk
2026-05-25 07:17:58,day,finance,31,0xdf68e9fca9570aa3c26f005d22c4c66578ef20d8,445.8916999999989,0.0,maxrol88
2026-05-25 07:17:58,day,finance,32,0x54a78f8c6e64572111c5683a9efeed25a04c881b,433.71761363600035,4389.1900000000005,Laurenman
2026-05-25 07:17:58,day,finance,33,0x048215305cbcf7cc790735bf00119551d75c6b0a,431.00760648249343,0.0,dumbfuqLIQUIDITYprovider
2026-05-25 07:17:58,day,finance,34,0xad9132a88e61386b423aaf985c92d8cbe917ed5b,423.65000000000055,0.0,ggjkdd
2026-05-25 07:17:58,day,finance,35,0x64d9c4c9994321dc660efe7ddbf457c49f7846e6,422.6610100354965,0.0,Pokemon001
2026-05-25 07:17:58,day,finance,36,0xe53312c6c15af508e0c31e2cfadbefddd399ab29,406.8591398495046,0.0,WharfMan
2026-05-25 07:17:58,day,finance,37,0x4e4203102fd7bde55ce1bcf9f1ef222e251949ed,402.96057745516555,5.38,shingoWAKAYAMA
2026-05-25 07:17:58,day,finance,38,0x9592adb70397e9de67ba9abe6971e3f50fb7a7b8,395.674037945,0.0,seraphimproudleduck
2026-05-25 07:17:58,day,finance,39,0x5011224f4848cb2cf2d87cf2b823551dfd0e220e,377.3765139710031,0.0,GCNO1
2026-05-25 07:17:58,day,finance,40,0xea102c532c566de09f204f565a4ae17ca911e617,366.79247230799956,0.0,Grindking
2026-05-25 07:17:58,day,finance,41,0x76f5fc7dde9c1ded1f79039db4707e0e9466f507,359.4839927336943,5257.25,vedaresearch4
2026-05-25 07:17:58,day,finance,42,0xa8b37cec5fa0b1b8cc3363e4f10a21a4049e4484,354.29024487008246,167.25,pechenka2311
2026-05-25 07:17:58,day,finance,43,0x9dfe2f73d3c988a9d69df8fa0beb85651340b3dd,352.00919096999996,0.0,Moond
2026-05-25 07:17:58,day,finance,44,0x8b8762de175b0c9c86453239e0dabbedd6d73e8d,351.4875648599989,209.34,MickyMauldib
2026-05-25 07:17:58,day,finance,45,0x47c1c4d166c200e5455fca85d3b8f155f8f3825f,350.6066797665012,0.0,rousseauuu
2026-05-25 07:17:58,day,finance,46,0xbfe2ca560e558fa0d6868319e88cf84a076c8c49,335.6254723680031,0.0,Ceoooq
2026-05-25 07:17:58,day,finance,47,0xc0a1298e2d6ba216efb554865369152da9c5a33b,330.65233295405596,10110.432908,EddyAncogld
2026-05-25 07:17:58,day,finance,48,0xbace5a5a9e309d69164dc81788d353fed8d43429,326.6283069100018,0.0,kitten147
2026-05-25 07:17:58,day,finance,49,0x539d01b1c4d860570a3ea35aaf87168a1f351e69,324.4532231579997,0.0,fitmk
2026-05-25 07:17:58,day,finance,50,0x998154d8eb4ba7c4b34b10d76b9742d922d7dec4,318.33170999999857,0.0,EscalateFund
2026-05-25 07:17:58,day,finance,51,0xe57ab8ec1bd537476c1986e9768fbbc2ec99e196,315.4785276100001,0.0,Noahrichards98
2026-05-25 07:17:58,day,finance,52,0x4f1d5ae26fc31472966e951af3183308736d8de2,315.2960987262195,1872.591978,e46m3
2026-05-25 07:17:58,day,finance,53,0xbec7f8efc3724484c5d27271e6feb9924c515977,305.9774121689725,1851.402724,minionguy
2026-05-25 07:17:58,day,finance,54,0xa6a0ef15106e14b2c5422a4d691a2e64ce594469,305.1322553109967,0.0,Rusik7
2026-05-25 07:17:58,day,finance,55,0xacbca1cf43bd198e734089f198f3725281577cc3,300.9251554649986,0.0,l7vznt3mcgyhoerusnp7veayprtcogn64wvznuykch
2026-05-25 07:17:58,day,finance,56,0x5e84743ad0515699b7adf2588de4c3032d538e88,300.38815834250295,0.0,Cbb.
2026-05-25 07:17:58,day,finance,57,0x86e99faea12fccd8925de5d9f052471baf7a4cdf,293.7283520955011,0.0,deloochsREBORN
2026-05-25 07:17:58,day,finance,58,0x15433540ca3794108e602bfd353189519af8baaf,284.1806114273513,56.645799999999994,DualDelta
2026-05-25 07:17:58,day,finance,59,0x2f63dbd36cfff1952a88d9f704bd58bcb78cf247,281.53211423263747,5051.278780000001,esports097
2026-05-25 07:17:58,day,finance,60,0x97f3f9f15c0063710c60d3ac9c40d17f4ba60eba,280.00267457099835,0.0,Investnow
2026-05-25 07:17:58,day,finance,61,0x59e5812376c95ba42d4360b25aa8110c88a37a2b,278.94184328400115,0.0,ManCangGangGanDaDanGan
2026-05-25 07:17:58,day,finance,62,0x2e4d05beafd81a6e85bc0c6a94820d61ef34f703,276.86645208300615,0.0,woshiLimpeh
2026-05-25 07:17:58,day,finance,63,0xf4677fde7b20f3ac4f573355678de3a0f610935f,275.2489026669982,200.0,wntsang41
2026-05-25 07:17:58,day,finance,64,0xcb894d56b6ed7f458e8534636a086b65e915a2e8,268.8810374349996,0.0,justme003
2026-05-25 07:17:58,day,finance,65,0x33efc86f50ecfbad41d0115945eb53c91282c498,264.30423106000217,5.55,roflingbets
2026-05-25 07:17:58,day,finance,66,0x61ee455e5da4a8ca06588a728a5548ce758c932c,263.99827916000004,0.0,pabon
2026-05-25 07:17:58,day,finance,67,0xaa6b16b243c9dda18f667d526dfaaf00d41c8189,260.9347462000002,0.0,0xaa6b16b243c9dda18f667d526dfaaf00d41c8189
2026-05-25 07:17:58,day,finance,68,0x88d693005386a305ada6d7996f3319b587a4de00,258.0354940649986,0.0,099play
2026-05-25 07:17:58,day,finance,69,0x7ec78c17e24882845c39b3f501de6d40eaafc43e,257.4940967399998,0.0,AmirH008
2026-05-25 07:17:58,day,finance,70,0x75772c0fad8bb3eefb12bae32eef8a58e7ee8fb9,257.1534988784995,0.0,0x75772c0fad8BB3EeFb12bAe32EeF8a58e7EE8fB9-1771157190403
2026-05-25 07:17:58,day,finance,71,0xe7bd61ac59883bd4abda5c63865430452ecfebce,256.2119305099984,0.0,XuRi888
2026-05-25 07:17:58,day,finance,72,0xdefebc7ed6f5d6e8710398f37eea6fc1746a17f4,255.31897885278158,19725.782311000003,e25247f2da2a2462f03c936c379b7ab0
2026-05-25 07:17:58,day,finance,73,0x90c23cb846d4c78b59096bae855161d92ea28c24,252.78038251995167,602.02,cryptothan
2026-05-25 07:17:58,day,finance,74,0xdac56442dacdaa0a170de01c09750319059cae24,250.4070981112418,1826.922047,VNINVESTOR
2026-05-25 07:17:58,day,finance,75,0x32b484581fc5606de9c1e43af4636b6be9bc8b21,244.09488960599992,0.0,0x32b484581fc5606dE9C1e43AF4636b6Be9BC8B21-1774274303653
2026-05-25 07:17:58,day,finance,76,0x1229233bad2fd7462955c6383448904b5432df38,237.95828826650018,0.0,NIKEa
2026-05-25 07:17:58,day,finance,77,0xa3ccb7ac64c5e3380709d57b5e2404f5819e447c,232.33408979000023,0.0,zoootic
2026-05-25 07:17:58,day,finance,78,0xc2512f97ab503df769002ca51749a81c812d894d,231.3941542349998,0.0,ruben-esse676
2026-05-25 07:17:58,day,finance,79,0x00a1710015968481fbb77ea9bc7762b567488366,223.02284209999993,0.0,incenivisehem
2026-05-25 07:17:58,day,finance,80,0x74b4f9447b14b12308963fc048ae363eb0756bea,221.9562977401456,104.0,0x74B4F9447B14b12308963FC048Ae363EB0756bEA-1769170826159
2026-05-25 07:17:58,day,finance,81,0x52171eb988cc1d8836cfbcc32b51c2e1689fec29,219.57735591400342,0.0,standagain
2026-05-25 07:17:58,day,finance,82,0xb971e5628a282d6bd42b96cf3a9bd1a12f16e7ae,213.2218132200005,0.0,Freeze-Corleone
2026-05-25 07:17:58,day,finance,83,0x6f084a641012bb925f2f3c7f44a6fec5025e54d3,212.51725203049944,0.0,warptrading
2026-05-25 07:17:58,day,finance,84,0xa3282d3e882501229c75d0caf134e62e3afb4977,209.2605477502202,2439.537426,korda77
2026-05-25 07:17:58,day,finance,85,0x160df84695ed42f620a1b2fa4cb69a5f69986f25,208.21425499999805,0.0,Albedo00
2026-05-25 07:17:58,day,finance,86,0x606ffc68a29ebf92f9dc1d041fec5d0127571083,208.08427879696592,676.9927240000001,0x606fFc68a29eBf92F9dc1d041FeC5d0127571083-1769265164411
2026-05-25 07:17:58,day,finance,87,0x9efda3d6354152901fc4706c3b1a9ce50b45ad00,206.8916580151199,31270.2,Istaroth
2026-05-25 07:17:58,day,finance,88,0x4f23a0976493be385412ce9a6b93841ee2c090db,204.7033579124991,0.0,Hiworld.
2026-05-25 07:17:58,day,finance,89,0x17559efac103ac7f361be37ec0b93888d4c55aac,201.7800152861746,0.0,CamelUp
2026-05-25 07:17:58,day,finance,90,0x09a5d3b75f908d780f2070ac270eabd6cf83caaa,201.0509936840001,0.0,83CAAA
2026-05-25 07:17:58,day,finance,91,0x376441d19f56d43629d3872324dc2e648e13c5eb,197.78372031050003,50.0,m3t64 - 815
2026-05-25 07:17:58,day,finance,92,0xe917ff331e805261dbc903d39965a6b64ccd9612,197.3518442889981,0.0,SteveTheFish
2026-05-25 07:17:58,day,finance,93,0x0e5bd76779e74304d08e759072abf126d87da593,196.7131595890096,0.0,JAHODA
2026-05-25 07:17:58,day,finance,94,0xdb15da77acd124387b3f3a9769b243ed2aa33d37,191.81796787999997,1768.69,naiwa
2026-05-25 07:17:58,day,finance,95,0xb2cd99ff5ad8f27c781e54e854ab1b2ab1afc187,189.58857995449944,0.0,vicks
2026-05-25 07:17:58,day,finance,96,0xd064251efc30a38c3323e42113656144d4b8c4d1,188.70450621871407,61.28,fresh
2026-05-25 07:17:58,day,finance,97,0x31436bde35c25c3714e0c3e7fbd14a22107581b1,187.03889765549684,0.0,yyyyyyy
2026-05-25 07:17:58,day,finance,98,0x87684f29d70994464c6f533bc52eb693b4f4dd9b,185.21287779600243,200.01,10000Bets
2026-05-25 07:17:58,day,finance,99,0xd48a81db62f742c4e42d86dfc23a7ee345366e90,183.32290352600694,0.0,NiFengFanPan
2026-05-25 07:17:58,day,finance,100,0x96f91943667762bbce634653e01e1a4745611d08,181.1557876671643,279.25,PoppingChairman
2026-05-25 07:17:58,day,culture,1,0x02b4401ae7ead14477e944f79e9db07ce9ab7092,1995.9895408800148,31979.08,alohaa
2026-05-25 07:17:58,day,culture,2,0x689ae12e11aa489adb3605afd8f39040ff52779e,1621.925159825827,14254.555857,Annica
2026-05-25 07:17:58,day,culture,3,0xaca23974e2b8131efbafaa1fe03ea9595ea0b9a1,1367.794247280006,0.0,ellio8989
2026-05-25 07:17:58,day,culture,4,0xa5761fa386787d4bb7fb9f866acf034647538678,1177.6481019999997,1615.4,Top1-J
2026-05-25 07:17:58,day,culture,5,0x48c5e0c42ea7c2219f8c1c8d46ff0192c87789f3,1056.0061458063574,34657.611576999996,BinaryBaron
2026-05-25 07:17:58,day,culture,6,0xf2f2703d83938e05cba23c819891845d26f01762,1028.2587324027,33109.724151999995,SmolDog
2026-05-25 07:17:58,day,culture,7,0xe25b9180f5687aa85bd94ee309bb72a464320f1b,959.8089464796649,0.0,WordleAddict
2026-05-25 07:17:58,day,culture,8,0xf31ad4ffa218bb699c0c93d177529bff2b76bfba,877.1675381446521,1084.78,winnerwinnerchickendinne
2026-05-25 07:17:58,day,culture,9,0x104d2f82e085148f75104506e87d5f60a1f9ec94,863.0485798999998,0.0,GeorgeLai
2026-05-25 07:17:58,day,culture,10,0xc8a5b29db762f97e0e8111f9776a1da9d4424551,732.9767718,3162.9,Daireg2003
2026-05-25 07:17:58,day,culture,11,0xd713f0d2761a77f7834dcbbbc8a25abc319daf79,719.7499999999545,500.0,swolfStrikes
2026-05-25 07:17:58,day,culture,12,0xcbefb876789cc63b46b030af3cfe20b986f29ab0,714.6988746725001,0.0,AlwaysRegressing
2026-05-25 07:17:58,day,culture,13,0xeface9902242b0399856f981600b907dcc9bc9a1,657.5676878699906,748.01193,macrosteaks
2026-05-25 07:17:58,day,culture,14,0xcc2982e3fbbcaf9af9fa373fa3ae392fd9457774,649.210604493288,358.588234,hose
2026-05-25 07:17:58,day,culture,15,0x98e93d99fb73560f3203c78d6f9829ecc0e3ed64,563.5486604419984,0.0,0x98E93D99FB73560F3203c78D6f9829EcC0e3Ed64-1769197767579
2026-05-25 07:17:58,day,culture,16,0xb19a7dc9f616c4270d5170a59a36d30de3ae3808,471.1130488226595,151.16846,CHANCEHAT23
2026-05-25 07:17:58,day,culture,17,0xbbdcefe91e01e982c7b8532da6128f6ed7445d81,433.0389735000181,6005.0,Bobi-Beebs
2026-05-25 07:17:58,day,culture,18,0x40672269263fe09685e07fd99042fd58956f6ffa,432.95198110403544,315.0,66666666666666666666
2026-05-25 07:17:58,day,culture,19,0x04902c7046da0f93f29d070b00f9366a165ac81f,427.11271185049554,0.0,goingsocial
2026-05-25 07:17:58,day,culture,20,0xed107a85a4585a381e48c7f7ca4144909e7dd2e5,422.67679336898436,0.0,bobe2
2026-05-25 07:17:58,day,culture,21,0x37d9cc6367d8606b1971eae39356767da0690656,346.04351146048634,621.35193,1123581321345589
2026-05-25 07:17:58,day,culture,22,0x77c812f7735ad07e3ce58fd466a0e1b4346bbc8c,337.9338300960808,1000.0,dudukos
2026-05-25 07:17:58,day,culture,23,0xb028b82a80c2d1e855ab4f3cd3a18ecf76838686,322.35813567180594,1149.39,Splatlouder
2026-05-25 07:17:58,day,culture,24,0xe0969a9ad466da69e034b271ef4e74ebd592be8e,312.5779082712279,3993.217646,MineYours
2026-05-25 07:17:58,day,culture,25,0x1e1aed3928a9617e7c7ae674c4fa7aebbd9d7690,311.58210576782585,13910.434452,Bitgod
2026-05-25 07:17:58,day,culture,26,0x8eab0c46127830072631db88e9dbaeb0b953a56d,302.2227582847627,10809.573666,LinaBell🦊
2026-05-25 07:17:58,day,culture,27,0xaa7e5c893b23e264b9d11a7fe8e421d459ee0332,296.63275225999996,1839.08,txp111.
2026-05-25 07:17:58,day,culture,28,0x9d84ce0306f8551e02efef1680475fc0f1dc1344,294.96278237970546,0.0,ImJustKen
2026-05-25 07:17:58,day,culture,29,0x4da76bbf120899fc10fa6e0aad4bffdd19a7355e,284.3831369420004,0.0,degensruletheworld
2026-05-25 07:17:58,day,culture,30,0x9696400353b2f0b6becf4fbfdde86ffd680f0861,283.46039652112995,12445.669177000002,ent1337
2026-05-25 07:17:58,day,culture,31,0x6f44850e5bdef0debef882a866c50fa2624aecfc,282.5996349999989,0.0,0x6F44850E5BDef0DEBEf882a866C50FA2624AECfC-1777975021329
2026-05-25 07:17:58,day,culture,32,0x955c9661bf6e010beff0ba896a49f715a8c8990f,276.02970566795557,0.0,0x955c9661bf6e010beff0ba896a49f715a8c8990f
2026-05-25 07:17:58,day,culture,33,0x9034d7be0aff3819327a8927905e8f174e8c4375,273.88082986550035,0.0,Papuasus
2026-05-25 07:17:58,day,culture,34,0x088867c28382a785742992c23b3c9cd1d73fe6e3,264.5346059899755,476.59,StinkyCobbler
2026-05-25 07:17:58,day,culture,35,0x860d81da0e4f6ddfc9635b6c6b26316505a26071,256.54382706593606,474.79999999999995,Bunter.Hiden
2026-05-25 07:17:58,day,culture,36,0xdf17f4a8dd01a4cfa6fc3da323a2baee5f8697d1,250.1911693189977,0.0,Petrossiann
2026-05-25 07:17:58,day,culture,37,0x521bf1c6a5435219b599127d85b7afe28758db60,243.39766260789884,0.0,Hannah-Montana
2026-05-25 07:17:58,day,culture,38,0xb08b47570ef68ba02ba66a9c14c399c3caaf4b55,242.58428154000003,0.0,0xb08b47570ef68ba02ba66a9c14c399c3caaf4b55
2026-05-25 07:17:58,day,culture,39,0x0cee66246d1ba9146489789406c6ea1df758f962,240.0,0.0,QuantumComputerInc
2026-05-25 07:17:58,day,culture,40,0x5095e97281f28d4d8549fd3834802c24cbb793ee,237.62463830248453,0.0,0x5095e97281f28d4d8549fd3834802c24cbb793e
2026-05-25 07:17:58,day,culture,41,0xaee70f0835f8d20e617e41bfe49d55d4a75837fe,233.41164009356908,6413.799399,Mr-Lucker
2026-05-25 07:17:58,day,culture,42,0x0aea25d20d9852de6f24a18a9d7b5cc2c5fb8951,231.07812000000013,0.0,9435
2026-05-25 07:17:58,day,culture,43,0x53bde85d8393b28e8421de0babef1d1cac745d30,229.16314392344998,957.25,Green.Gold
2026-05-25 07:17:58,day,culture,44,0x029d371c5dcf595cd3fede8a5e52b03d0bec60df,227.91741897400004,0.0,SurferOfDreams
2026-05-25 07:17:58,day,culture,45,0x2924d14ef7fb302d7d520c2394310409fce5dcde,219.47102782798356,3249.021903,fuuufu
2026-05-25 07:17:58,day,culture,46,0x9aeb534c42b58b21673d5e03e9da14fbd15b2729,213.52067476595766,3700.2700000000004,The-Joker
2026-05-25 07:17:58,day,culture,47,0x35f3f632e298b77df6acd316687169d15be3cfd0,199.13576892002857,2059.4,RickRockRick
2026-05-25 07:17:58,day,culture,48,0xc88eb9ab98663254bff489c515f39f23b76bf3e1,199.04961857500257,19368.071501,DavidTrezeguet
2026-05-25 07:17:58,day,culture,49,0x1e3bc72271435f46effb75353403936ab664e3ba,184.56028444049934,0.0,froku
2026-05-25 07:17:58,day,culture,50,0x5a218c7ad04135830a45c41aaed7294df7809318,179.04163078730926,3008.7907880000002,balthazar
2026-05-25 07:17:58,day,culture,51,0x44c1dfe43260c94ed4f1d00de2e1f80fb113ebc1,178.49099041434238,668.9,aenews2
2026-05-25 07:17:58,day,culture,52,0x415569616a331f4106dc3a12e921de43b30335ce,176.30482136700448,0.0,bunnyhunter
2026-05-25 07:17:58,day,culture,53,0xa2d71813dc3857e582130015bd60e5edb61ee3b7,175.58416379288474,2357.0829120000003,exponentially
2026-05-25 07:17:58,day,culture,54,0x4ac7f34f071a4281de8ed879d8a590a0791cae55,172.4993412700005,1500.0,User6741
2026-05-25 07:17:58,day,culture,55,0x2f107cd07b3bdaeac7fb6616fffaa2b06fb4f544,165.09650188000023,0.0,0x2f107cd07b3bdaeac7fb6616fffaa2b06fb4f544
2026-05-25 07:17:58,day,culture,56,0xf02105d60083d7d74d7e0f9785d79e06137cdf56,164.77356960351244,1828.0,MollyParkets
2026-05-25 07:17:58,day,culture,57,0x82882d761b0d7f18b2cc286117d10cd8a15a5519,164.73980492030114,587.0,Sugarina
2026-05-25 07:17:58,day,culture,58,0xaac2469db4c243a2931acc252967b171bd97e8ce,159.35637242205735,40832.35375,upont
2026-05-25 07:17:58,day,culture,59,0x69c96d22e1be6f6cd9fa32bb45f5fd5b7b423b29,158.76665368000022,0.0,Akvyr
2026-05-25 07:17:58,day,culture,60,0x57d494d8aecd90fb4f48423974f7e48ec1f9ac0d,156.13100159046098,1335.37818,masnjr
2026-05-25 07:17:58,day,culture,61,0x7f28044d388f69b23fdc45142fbf7b02ac937d8e,154.42836000000003,0.0,tian666
2026-05-25 07:17:58,day,culture,62,0x13fa00e07adbc55fa9ac080374d83a6a5d4a052a,154.28085555900006,50.0,still
2026-05-25 07:17:58,day,culture,63,0x998154d8eb4ba7c4b34b10d76b9742d922d7dec4,152.86045557000034,0.0,EscalateFund
2026-05-25 07:17:58,day,culture,64,0x202b3056678783c0ad73cc20c837b360b994971a,152.5350838569998,0.0,littlebird
2026-05-25 07:17:58,day,culture,65,0x6df766e3e23ecf297342f37b5783ac066fb8afb0,151.11426867400223,0.0,Poiuztrewq
2026-05-25 07:17:58,day,culture,66,0x18a0e748f547787c49b36345132971a89e21dea8,137.94349161198988,7679.274428999999,oxhrvnqpslitnzajurflmxkduvbnweu
2026-05-25 07:17:58,day,culture,67,0xb831a1d17dc7cc13815e665fb94f34473e33892b,133.42570279999927,1826.6,ElonJail
2026-05-25 07:17:58,day,culture,68,0xdf0a655b1f2961505df136ed25379a1d1daf08e8,131.7939452772698,76676.57145799999,yolol
2026-05-25 07:17:58,day,culture,69,0xe7c035ee5136d6c213160a6f760392e2eb1ed656,129.8896800256107,12294.514592000001,0xe7C035eE5136D6c213160a6F760392e2Eb1eD656-1767789082519
2026-05-25 07:17:58,day,culture,70,0x54096e86cac2d70d04fd98ee16f633c7e9d479db,128.73752287015486,60293.79,Boss7
2026-05-25 07:17:58,day,culture,71,0x25f2f0c6e793d67161454d19b303a9523c980822,127.48866503750196,0.0,0x25f2f0c6e793d67161454d19b303a9523c980822
2026-05-25 07:17:58,day,culture,72,0x697b363cd0c4cc7f3ddc1e5b2ab673c2ff34d152,124.70356357199995,0.0,Alienkind
2026-05-25 07:17:58,day,culture,73,0xf8a64da7befdaf2f07c91657c37095bfb00387be,121.59266478950008,247.02,ElonMoskis
2026-05-25 07:17:58,day,culture,74,0x7b7357890f8193ca172a6830af9072f5c927c441,120.67570815499766,0.0,lankeleads
2026-05-25 07:17:58,day,culture,75,0xcba38f8e07955a5f45816753d7c4a6ae8af06055,120.41873279794072,1557.662914,GoldenSpin
2026-05-25 07:17:58,day,culture,76,0x5a7730fd98289099e5e7518b930667bd8b6cf859,120.07298142700165,0.0,filaretou
2026-05-25 07:17:58,day,culture,77,0xa7d54e7870ca1c7a9495251f9ce7d946f1f5559e,119.36674889999983,3266.25,linlang
2026-05-25 07:17:58,day,culture,78,0x8409c85744b24cb27b2a6d17723dd40c61fa753d,119.14890530544199,3693.079223,ParterBF
2026-05-25 07:17:58,day,culture,79,0xceed63729dbad7b41afd0140f415684d8967f8ee,118.2999378400009,0.0,jdmboy
2026-05-25 07:17:58,day,culture,80,0xa67b52bb649cfd57eba677afcc683102aea4af43,117.9623167235006,0.0,0xa67b52bb649cfd57eba677afcc683102aea4af43
2026-05-25 07:17:58,day,culture,81,0x6d38b748fa7e7b0ef783a177a13a6ca181de382c,115.35227140500052,0.0,EvanCross
2026-05-25 07:17:58,day,culture,82,0x95074f700f93bdf6e62fc965e0832064c0877b04,114.63366861312898,12303.919999999998,LuckyPierrot
2026-05-25 07:17:58,day,culture,83,0xfa4a6db2598e2b968e315c2769a83c020aadfc9b,114.07723299999998,231.0,0xFA4a6db2598e2B968e315C2769A83c020AAdfC9b-1774303482619
2026-05-25 07:17:58,day,culture,84,0xc97bb6389f4c79b76d4997c00c0710f3a611e85c,113.38152396699843,31139.93,Fastbets
2026-05-25 07:17:58,day,culture,85,0xa6b7ebd5ce137c3b5d56f896a52eba71702bd5f3,113.17599224149967,0.0,Relaccsed
2026-05-25 07:17:58,day,culture,86,0x1cb510543d82d8fe0119216dbd8d74ed2d95899d,112.2299346569564,3718.110269,0x1Cb510543d82D8Fe0119216Dbd8d74Ed2d95899D-1774033390099
2026-05-25 07:17:58,day,culture,87,0x36901eb0f21519cc9055662a6d2483e96da1e16f,111.41920357818162,4330.792336,melchior1248
2026-05-25 07:17:58,day,culture,88,0x638382d108795ccd60817607ce705d1871781346,111.05057821600053,0.0,JeeterEater
2026-05-25 07:17:58,day,culture,89,0x2a793085e8e54271b140c6168ebee6241159e2af,110.54861499999697,0.0,wakux
2026-05-25 07:17:58,day,culture,90,0x7c1b79b2a2833603604d065c8f34c6591bc42527,109.97642608000001,0.0,trademuchbro
2026-05-25 07:17:58,day,culture,91,0xc3cf86ccbb1659b4cd413ba4fb4e6c4ce40c51d2,109.18380507773304,7332.8,amy888
2026-05-25 07:17:58,day,culture,92,0x4e4203102fd7bde55ce1bcf9f1ef222e251949ed,107.28164549299981,0.0,shingoWAKAYAMA
2026-05-25 07:17:58,day,culture,93,0x93fd1445c1d5307ebad91c43f3802a3e7ab77e2f,107.0135098367391,572.99,Kamenshyk22
2026-05-25 07:17:58,day,culture,94,0x54d74a295cac529987271fd4d8b524ebdaa3c0bf,106.81362374999941,0.0,User8291
2026-05-25 07:17:58,day,culture,95,0x47090d99948c5a3cdf417573092a5b19ced2fb48,106.3019876050015,0.0,ChaseR
2026-05-25 07:17:58,day,culture,96,0x50a8a3e47f7048747aed551fcc38d9f0cbb298ed,105.62021382759758,3225.780789,elonplstweets
2026-05-25 07:17:58,day,culture,97,0x2127cf49b244b867356cb011d55a5668563237f2,105.03250690000095,7.0,thanhtam86
2026-05-25 07:17:58,day,culture,98,0xfd2b117412a698f322b0cd18d6827dad262b8e50,103.67475999999442,0.0,surf
2026-05-25 07:17:58,day,culture,99,0xe904443b4084bbda216e344353a44cd4324a2d9f,102.05731476800065,0.0,shovelingdigging
2026-05-25 07:17:58,day,culture,100,0x2b7d7a5487e19d0e003cce74cfad41fd7153d2dc,101.18987375000006,0.0,jiminimenez
2026-05-25 07:17:58,day,mentions,1,0x44c1dfe43260c94ed4f1d00de2e1f80fb113ebc1,4362.948450000025,0.0,aenews2
2026-05-25 07:17:58,day,mentions,2,0x53e55bc7cb3d67ad177c023ce891ad076a9d6177,3920.693330000002,23234.510000000002,Arbguy
2026-05-25 07:17:58,day,mentions,3,0xcab7e0069915bf1877deb0306640944817299d0a,1395.7653806202788,2440.45,TheMonaLisaCode
2026-05-25 07:17:58,day,mentions,4,0x0778f4285f5b21cb4b8ab69be7ec4dac38a04399,1053.300080000001,0.0,0x0778f4285f5b21CB4B8aB69bE7ec4DAc38A04399-1776146597429
2026-05-25 07:17:58,day,mentions,5,0x3a237fba30a72dbb7722461d1b8a83ac64d70f72,1008.2537899999998,6011.62,Miminion
2026-05-25 07:17:58,day,mentions,6,0x41dc74cdc36ac88b1db960015282e24b66ca6bbe,905.2340780349961,5751.422486,PrincessBasmahHamzah
2026-05-25 07:17:58,day,mentions,7,0xdda324976ceca3a40937be14c55f3402cd82265d,801.256394653722,18092.632414,0xdDA324976CeCa3A40937be14C55f3402CD82265d-1777867797332
2026-05-25 07:17:58,day,mentions,8,0xebc8a83a7d7f34551b4e4f5dad593338a960c1d7,732.700789688,0.0,0xebc8...60C1d7
2026-05-25 07:17:58,day,mentions,9,0xab811fc324bbf4ccf6ff88a1b1880abfb27f6e6d,688.2599221194996,0.0,0xab811fc324BBf4CCf6fF88a1b1880AbFB27F6E6d-1772896505162
2026-05-25 07:17:58,day,mentions,10,0x1e1f17412069c0736adfaadf8ee7f46e5612c855,653.4861552299999,2023.415,Brokie
2026-05-25 07:17:58,day,mentions,11,0x2375550d3b98ce364476c81f663a0b878cb0691f,604.463283649613,4209.11,0x234
2026-05-25 07:17:58,day,mentions,12,0xb10047d6a254b2ebb306d7a7d13bf59171ab6461,581.5124350000187,0.0,Parz1vaI
2026-05-25 07:17:58,day,mentions,13,0x002dcd37b0b8fa8db98236e599fe1b90d6272561,493.49422769500234,0.0,ThePortrait
2026-05-25 07:17:58,day,mentions,14,0xe5bd6db81668c0e5f0209b371b7a2b5459a6f03e,467.49908291249994,1000.0,Camal
2026-05-25 07:17:58,day,mentions,15,0x375191b48ef5761e0c621b8e4a5374e964937dfd,349.5,1000.0,bondfolio
2026-05-25 07:17:58,day,mentions,16,0x2aaa9e6d341e69387bd27e8e969b5b7ae63594e5,340.0,2000.0,LevantLeverage
2026-05-25 07:17:58,day,mentions,17,0x631c2b93ff03c21d29b2b73af4ff965e88ea450f,305.87074779,10020.81,dube
2026-05-25 07:17:58,day,mentions,18,0xb8e4a4551d2c6b080ae5a523ff1f0cae8e922dae,285.0839614110798,6368.78111,Kalags
2026-05-25 07:17:58,day,mentions,19,0x5d5e32dc9a054f4e4da123353dded3e2ac379a5e,255.04313830064552,2566.520193,polybettor
2026-05-25 07:17:58,day,mentions,20,0x938e4cb1ee24d52a064e976563b15cd2fb42d242,192.2938660100001,1226.35,elbowrivercasino
2026-05-25 07:17:58,day,mentions,21,0x6725d56690fbe9ba9f301997cef4b503f1cd1bf9,178.14876390770502,1013.9636,shmeba
2026-05-25 07:17:58,day,mentions,22,0x7c3db723f1d4d8cb9c550095203b686cb11e5c6b,171.0204546900386,1005.63,Car
2026-05-25 07:17:58,day,mentions,23,0x0b652d3e55be0e1d50c2f7be39358585c415293e,164.746705,499.99,Bromley86
2026-05-25 07:17:58,day,mentions,24,0x2783e38aa7b7d1ba8a7f3cef36bed993f3138321,151.34667271000012,1007.8399999999999,cyberpunker
2026-05-25 07:17:58,day,mentions,25,0xd5e2ac8c91c50e31157bcf1f9ad691bc7ad1c1a7,144.75,500.0,.chumpo
2026-05-25 07:17:58,day,mentions,26,0xf02105d60083d7d74d7e0f9785d79e06137cdf56,134.5017799999997,0.0,MollyParkets
2026-05-25 07:17:58,day,mentions,27,0x29d337076f24d135b7b2b08796edfff4e32cb2ed,131.60000000000014,0.0,PancraceRoyer
2026-05-25 07:17:58,day,mentions,28,0xa9aca75fb5d8f04c2ec9eeb0eb0c30d2e526c5d1,127.17218607099994,0.0,suraxy
2026-05-25 07:17:58,day,mentions,29,0x9a3fa403a6666eef75f92f181fcf13f9c051914a,123.37500000000091,0.0,Rex416
2026-05-25 07:17:58,day,mentions,30,0x474fb1fd2ed8f09633ae9328d9bdd9d35cf05f02,115.05114354900002,701.53,shijing1994
2026-05-25 07:17:58,day,mentions,31,0x396f35c4d4f84c0a6c5f3b13e40e1de550367f78,114.54573907626286,3002.603597,lranon2nd
2026-05-25 07:17:58,day,mentions,32,0x30687f44db250f7d914acb4ddc9634c3400e083d,104.14339607371039,1210.831537,YoungMoziRPG
2026-05-25 07:17:58,day,mentions,33,0x614ef98a8be021de3a974942b2fb98794ff34f1b,101.27278000000001,0.0,cookiejar
2026-05-25 07:17:58,day,mentions,34,0x2637aa568f566ed850650bb757d072c3055926e1,99.48621278050001,0.0,QuantDuck
2026-05-25 07:17:58,day,mentions,35,0xef9fb7322631ecb96f40c7210006ccb4066d8924,91.95550000000003,0.0,Sai28
2026-05-25 07:17:58,day,mentions,36,0xb37aa8834f9baefc6fb3312f59df8ddf0348f1b1,82.0,500.0,FutureSteak
2026-05-25 07:17:58,day,mentions,37,0x78048aa26ac1967566b8ed11910b529e5f2d7025,80.75,8500.0,HorribleWork
2026-05-25 07:17:58,day,mentions,38,0xde8fc2229ed519fba61934a37937c24fc1c28fd8,76.66507971000001,467.47,dahu1
2026-05-25 07:17:58,day,mentions,39,0xd064251efc30a38c3323e42113656144d4b8c4d1,71.10613264500003,0.0,fresh
2026-05-25 07:17:58,day,mentions,40,0x475a58906a8ec2b0cc20b1a5be1c4c72e46886ab,65.33819400000027,36.86,cristinathearena
2026-05-25 07:17:58,day,mentions,41,0xba62c8a60f8154be11a8e9bd1bce5617992458e9,63.03197450539006,80.0,DrNee
2026-05-25 07:17:58,day,mentions,42,0xc10b97f3d5ab1a1149452d07390024740fbe96d5,61.94166759104799,491.67999999999995,0xc10b97f3d5ab1a1149452d07390024740fbe96d5
2026-05-25 07:17:58,day,mentions,43,0x0e935a8486b7e044b6b4195af7acd280163b6a82,60.18277179113791,19.570245,0x0e935A8486B7e044b6b4195af7ACd280163b6A82-1778525694471
2026-05-25 07:17:58,day,mentions,44,0xbacd00c9080a82ded56f504ee8810af732b0ab35,60.11159000000043,0.0,ScottyNooo
2026-05-25 07:17:58,day,mentions,45,0x9ba43501360dcacaca09caa523401c7447d8f8c2,60.0195499999827,0.0,BipBop
2026-05-25 07:17:58,day,mentions,46,0xebd551af1ee200e17936f14ea175f3f1ae77094c,59.821681885000544,0.0,0xEBD551aF1Ee200e17936f14Ea175f3F1aE77094C-1759051307543
2026-05-25 07:17:58,day,mentions,47,0xc9c745d6081005d4a14e6b6965fa0d697a114e5b,57.575000000000045,0.0,TPW1
2026-05-25 07:17:58,day,mentions,48,0xd52b8dcb4b812c4056faf41164a6f6c73f4c5c72,56.06121409818991,9689.38324,TBill1
2026-05-25 07:17:58,day,mentions,49,0xaae9b2c5ad90e82b5068c7f8a4b491997633d661,51.33613001888398,5482.3182209999995,ZorroDeLaVega
2026-05-25 07:17:58,day,mentions,50,0x9e8077593bf0a6fd63f988dcf589f7558897f694,49.350000000000364,0.0,Nik-
2026-05-25 07:17:58,day,mentions,51,0x272c7b12c4b372b6d0931aed641b1e4eec0f7f07,49.35000000000004,0.0,Diplopia2
2026-05-25 07:17:58,day,mentions,52,0x16bf61ce09db9db66ce3053b9a3487f16cc707e5,48.35938567272001,294.21666500000003,BestOfTheBet
2026-05-25 07:17:58,day,mentions,53,0xa0b061008fec70b6f7f760ba8dac99daa72ea5fb,45.21312323850009,0.0,BBL-Drizzy
2026-05-25 07:17:58,day,mentions,54,0x66c1a6fe836ff555ca32848646acedbbe93bfa3f,36.28779930002929,17.5,Y0MAMA
2026-05-25 07:17:58,day,mentions,55,0x134a63b764ac7b008356e8db1857db94e6b09e42,33.80647299994598,4192.53,Bertapotamous
2026-05-25 07:17:58,day,mentions,56,0x54b56146656e7eef9da02b3a030c18e06e924b31,32.900000000000034,0.0,pup1
2026-05-25 07:17:58,day,mentions,57,0x347b13dbf510484f2c7d0ced7e3e2c40f4f1c9bc,32.8,200.0,mehanizator
2026-05-25 07:17:58,day,mentions,57,0xe657465d0b35fe799307a314467114efcab189a5,32.8,200.0,0xe657465d0b35fe799307a314467114efcab189a5
2026-05-25 07:17:58,day,mentions,59,0xdbba36ff6b9f26eb7e0208c20813d886f905e651,32.44453713546399,409.975,0xDBbA36ff6b9f26eb7e0208C20813d886f905e651-1765815432160
2026-05-25 07:17:58,day,mentions,60,0x92a6294cd55b9c6ccd57efaffc365ad943118b84,31.72432499999968,1333.03,Trustinghorse
2026-05-25 07:17:58,day,mentions,61,0x3314241c37a296e9aece7e7dfb5898652b4aa8c7,31.4833633749995,0.0,0x3314241c37A296e9AeCe7E7DFB5898652b4aa8c7-1767968276778
2026-05-25 07:17:58,day,mentions,62,0xfe495635aad93a476355c5ce38ae0af530197a4c,31.392862659419734,5235.749522,DOG-UndressedVersion
2026-05-25 07:17:58,day,mentions,63,0x24344a6cb20e05a66fed8f33d038e294b69a05ea,29.610000000000028,0.0,Dreamproof
2026-05-25 07:17:58,day,mentions,64,0xe253eb0206e7e3cb8ca1c7610f4c135b319f1047,27.5,1000.0,JustACypriot
2026-05-25 07:17:58,day,mentions,65,0xa62abc8cb1fb4dc98ff0bd11b1cd89854e3aa8ff,27.142500000000013,0.0,GonTanaka
2026-05-25 07:17:58,day,mentions,66,0xd1c769317bd15de7768a70d0214cf0bbcc531d2b,26.03084500001205,52061.689999999995,033033033
2026-05-25 07:17:58,day,mentions,67,0x5968454ab9fa39745d5d4adf78f23b80ebe53fc4,23.796178699999928,0.0,UranusProbe
2026-05-25 07:17:58,day,mentions,68,0x48a66ad9e6757e0ec186049642ce9ac4eb40b748,23.255999999999993,0.0,777444
2026-05-25 07:17:58,day,mentions,69,0xd9931ef802e54702c5f69bb6ad3284cefdc009d0,23.02854828750001,0.0,kjhdgkj
2026-05-25 07:17:58,day,mentions,70,0x3b4484b6c8cbfdaa383ba337ab3f0d71055e264e,22.898400000000038,0.0,0xf1434f7d6de30bfbbdfeadd075a1f40f
2026-05-25 07:17:58,day,mentions,71,0xf963af2a952dfe8becca78ec63c888dd967055e4,22.065258991000178,0.0,nizami
2026-05-25 07:17:58,day,mentions,72,0x58c028e7c41ba7ef2bde2142cd371cf491661c8e,19.74000000000001,0.0,residual
2026-05-25 07:17:58,day,mentions,73,0x8165437fe358644ba9f56f3097d15e6113ca2f9b,18.642008749999988,139.9905,Eaaglee
2026-05-25 07:17:58,day,mentions,74,0xddac198de42fcd1ebb74772e73f4d001667ec144,17.781010449999997,0.0,Deafbull
2026-05-25 07:17:58,day,mentions,75,0xc5bdf06de8ac9e1a904408d101c0cdc86571ceaa,17.160180000000025,101.24,garbagefriends
2026-05-25 07:17:58,day,mentions,76,0x5cc1cbd18eaea768201c635ea14c002490adb855,16.450000000000003,0.0,0x5cc1cbd18eaea768201c635ea14c002490adb855
2026-05-25 07:17:58,day,mentions,77,0x371473617d3064ed904cde2df3e90ad1e0be9ce3,16.44999999999999,0.0,AndyFran
2026-05-25 07:17:58,day,mentions,78,0x0dedae6a02ea2ff8018ba5f277632919ed1c9025,16.349999999998545,5.0,jcharger
2026-05-25 07:17:58,day,mentions,79,0x35e36faa4cf1488d120580302ed1d149be749188,16.08960000000002,201.12,0x35e36FaA4cf1488D120580302Ed1d149bE749188-1775509899044
2026-05-25 07:17:58,day,mentions,80,0xd53ef4238bab3af3dc1e81f4c5640dbf42a20b73,16.000216469999998,79.59,0xd53eF4238Bab3Af3Dc1e81F4C5640dBf42a20B73-1775149557747
2026-05-25 07:17:58,day,mentions,81,0xcb14f61711d913773f4b982af340fa7eae175358,15.557845794999821,0.0,ooops
2026-05-25 07:17:58,day,mentions,82,0xf8855dadc0e94d49e63ce1149850b60a74dc5274,15.540315000000007,0.0,0xf8855dadc0e94d49e63ce1149850b60a74dc5274
2026-05-25 07:17:58,day,mentions,83,0x4247c89f4a9236a6b5fb24502023bcc98ab1455f,15.520841313999654,55.09,09F911029D74
2026-05-25 07:17:58,day,mentions,84,0x0fc1d93900e40b7c7c9b2bb7d7ff5843367d4504,15.5,100.0,JessicaOnlyChild
2026-05-25 07:17:58,day,mentions,85,0x8e764e477230480c2a04d9dad05447cbfef4daf9,15.327044017999782,0.0,0x8E764E477230480C2A04D9dAd05447CBfef4DAf9-1773896636996
2026-05-25 07:17:58,day,mentions,86,0x0b97c6b3e2eedcf896b0d2c8d9b8a9caa0390efe,15.230600055191644,196.23999999999998,winner123
2026-05-25 07:17:58,day,mentions,87,0x5bcc489ff373777454fa281fb393ead9f0478d7e,14.197626185000004,0.0,0x5BCC489Ff373777454Fa281fb393ead9f0478d7e-1767232789711
2026-05-25 07:17:58,day,mentions,88,0xecb2e9808e9176f9462cf1c1574c582b0abda30c,13.635405000000016,0.0,jkls33333jkljh3845kk3hhhh4444
2026-05-25 07:17:58,day,mentions,89,0x38f50488b14a87769e0c5cd6c514b6c2e8ec6824,13.413892207132449,2213.418428,bobe3
2026-05-25 07:17:58,day,mentions,90,0x79efc23b9c40c0459b2cf2819a63429e3fdfe9d8,13.34842942200001,81.39,Gringolandiaaa
2026-05-25 07:17:58,day,mentions,91,0x392d557de378926143df5f72d8ddaef3f0d221a1,12.865600000000029,0.0,DorTovim
2026-05-25 07:17:58,day,mentions,92,0xd14f6e76e8d64ae0af16b485850d29c7947cfa29,12.390889183037004,108.521537,0xd14f6e76e8d64ae0af16b485850d29c7947cfa29
2026-05-25 07:17:58,day,mentions,93,0x225827e4fcb863c43b150db161cf2f18e65e1451,12.202939999999995,0.0,0x225827e4fcb863c43b150db161cf2f18e65e1451
2026-05-25 07:17:58,day,mentions,94,0xa3e22cd32aa9238ef7dbcfb4761e33b9eaa1fdf8,11.290926888863396,519.0,pootytherewardfarmer
2026-05-25 07:17:58,day,mentions,95,0x1602111511eab9280ccac0dbd59194097cc3d7af,11.209030000000041,0.0,qcp9
2026-05-25 07:17:58,day,mentions,96,0x6e532e0dc877f0da4b8b9022e287b760914222ed,11.00095832499997,0.0,Should.have.vwaped.it
2026-05-25 07:17:58,day,mentions,97,0xcc7cc758832741d13ad773e7074215922e354ce2,10.905740527499972,0.0,urakan
2026-05-25 07:17:58,day,mentions,98,0x335f5761882fb8094f8edf33036fdd547b7c51c4,10.833855885141011,59.535237,boligendan
2026-05-25 07:17:58,day,mentions,99,0x6dd9b2a9559fafebc3fa0bf860b56ca3a56fbfe8,9.870000000000012,0.0,jangue
2026-05-25 07:17:58,day,mentions,99,0x9b645cf105be1c15e5f955f8b06feac8a590015b,9.870000000000012,0.0,Rakusinec
2026-05-25 07:17:58,day,weather,1,0xd28021317c1be36239e8d930dee7d6c3a40082b3,3377.9783801984668,18932.48,Dreamer3bcbcd6c
2026-05-25 07:17:58,day,weather,2,0x5c6b40f748a2060284d8ba41cdb01fb4169ff32b,1601.9782643087926,3361.2900000000004,Phlox
2026-05-25 07:17:58,day,weather,3,0xcbbc5e035504421b084ad9248b660f6e9618b5d0,1016.0160039378516,4977.404743000001,VibeTrader
2026-05-25 07:17:58,day,weather,4,0x57dedd62596dd4f85c7ebe5317e07d22795ecd90,608.0945091600079,43579.17172299999,largeleeks888
2026-05-25 07:17:58,day,weather,5,0x69645cea639e7a19cbde6c126a197bc1abafef53,408.60440979400073,24066.45,PredictionYogi
2026-05-25 07:17:58,day,weather,6,0x46992d0e547e3822a9c28723f51bfa804ae4e03c,401.3247684999998,0.0,anon.1980.123
2026-05-25 07:17:58,day,weather,7,0x86c12fdbeb1ab9cf29baa459d6d70a48f0209615,331.29485945738674,357.714867,CEMN.Cap
2026-05-25 07:17:58,day,weather,8,0xcc13ceb77651c262e0a7957da58d76fa19cd8c5d,316.2599514,1014.6,zzongzi
2026-05-25 07:17:58,day,weather,9,0x12ed45d2b45259d27a7fb593e564cd269c4fc9b4,310.682821938673,742.0,sazzaa
2026-05-25 07:17:58,day,weather,10,0xcb3ab7fe9ab359ebcb96cad0666ef33f338cd3e3,279.289766423231,0.0,byzftycw
2026-05-25 07:17:58,day,weather,11,0x118689b24aead1d6e9507b8068d056b2ec4f051b,272.89168000000063,0.0,russell110320
2026-05-25 07:17:58,day,weather,12,0x6c2be10fb07747a3c751c77774938a15fbcf36f4,249.64802956000062,2201.1099999999997,lmcaimiku
2026-05-25 07:17:58,day,weather,13,0x88275bb9e312126d1ddb727782dc35d03a155d62,219.62525077830514,767.8757680000001,0x88275Bb9e312126d1DDb727782Dc35d03a155d62-1769110120988
2026-05-25 07:17:58,day,weather,14,0x2acf345851bd6dbcee9c07d157f58386a4fdf9bb,218.2127348451329,259.232305,0x2acf345851Bd6DbcEE9c07d157f58386a4fDf9BB-1769529267515
2026-05-25 07:17:58,day,weather,15,0xec86a2d3f69015b1a9382e4dfa8695e1b48760e4,216.6909132461842,6517.548032,0xeC86a2d3f69015b1A9382e4dfA8695E1B48760E4-1770735132210
2026-05-25 07:17:58,day,weather,16,0xa49b6ea0a604c581f2a9569db42c192b1c487054,190.79526198066378,3567.430718,387411007415611814092217897387
2026-05-25 07:17:58,day,weather,17,0x5ffea747575581e8d2dc5e23c47ab98c1638e48b,186.82465648118205,303.046608,0x5FfeA747575581E8d2Dc5E23C47aB98C1638e48b-1777529589397
2026-05-25 07:17:58,day,weather,18,0x327277395a79796422367abd7baf1f2a0ae93845,181.231480189175,774.820235,lexus71
2026-05-25 07:17:58,day,weather,19,0xa9074534c918f9bb59ea8be72319f85f4ba0ba96,175.68092717318905,6495.893230000001,0xA9074534C918f9Bb59eA8be72319f85f4Ba0Ba96-1775612176152
2026-05-25 07:17:58,day,weather,20,0xf0637528f0fa1c4634714e370447d7b4638c7893,173.85222617500042,0.0,SS123
2026-05-25 07:17:58,day,weather,21,0x2c576d00e8e76c133e33dbb82b70eb5de78f372d,166.8371227961552,2621.9520119999997,duoyou1314
2026-05-25 07:17:58,day,weather,22,0x1c27a51aade08fd31d8b8da965b6ff37be5bee11,157.18981513050002,0.0,VultImperium420
2026-05-25 07:17:58,day,weather,23,0x9a31cf2531dc71699cb0ab6083151d2ed3ef5af1,155.06576049112817,1783.991514,300to5k
2026-05-25 07:17:58,day,weather,24,0x8090844b6af10438f4e1e07da8b8dee5351d27e5,149.5807284156079,0.0,yeezz
2026-05-25 07:17:58,day,weather,25,0x376a5fd4c4941280fbf511489558e9b7de31d270,149.44641994998983,0.0,terrordogchampion
2026-05-25 07:17:58,day,weather,26,0xc3eb9dfae62d7a07f9563f2a46ec6902d3a1ed72,147.7739390854378,2278.416435,WeatherPeen69
2026-05-25 07:17:58,day,weather,27,0xe8f2f3c1fdfa0c99a3db6e44b6c412becd9396d7,146.595276275772,1296.88,xiaopingan3565
2026-05-25 07:17:58,day,weather,28,0x64763f064cbe8b91060d59bb56bbf49e6d16393e,146.37116062950008,0.0,QMC
2026-05-25 07:17:58,day,weather,29,0xc8ab97a9089a9ff7e6ef0688e6e591a066946418,144.78032757407345,600.0,ArmageddonRewardsBilly
2026-05-25 07:17:58,day,weather,30,0x8d0930676d559cc8fb7d8af0c555791c1820143f,144.30039428842065,25302.712446999998,vip68
2026-05-25 07:17:58,day,weather,31,0x5a7c30afbe4c8bc49b2057f030ab068a91e6d7b8,141.9423390000004,3521.21,chang1130
2026-05-25 07:17:58,day,weather,32,0x881713021866ab84467b2b552b6cd7a51ac9cda8,140.11760150264672,0.0,Tokyobr
2026-05-25 07:17:58,day,weather,33,0xa0d82d48bacb87ed06e5025c286fd62f7f7c56bb,137.24012441638342,745.918511,ImJustCan
2026-05-25 07:17:58,day,weather,34,0x7f7274e0c51190f56cf5a8b4dae459825b870e8b,135.17257303104134,724.401119,weather.samo
2026-05-25 07:17:58,day,weather,35,0x7c4882939658e45088bc024018626858afcd6b72,132.52071742345197,640.820342,jeon0871
2026-05-25 07:17:58,day,weather,36,0x8c10e6d8b23321f5885bf238989fc4e7730eab50,130.3179917514999,0.0,0x8c10e6d8b23321F5885BF238989Fc4e7730eAb50-1777698027276
2026-05-25 07:17:58,day,weather,37,0xb8fca82fafe3735faa7df168582c1e7d709088e1,127.08293816500736,983.2155260000001,0xb8fCA82FAFE3735fAa7df168582C1E7d709088E1-1730643980537
2026-05-25 07:17:58,day,weather,38,0xecbf3e3ea9893af9cce1203cb19ce2da3a297179,123.5153898299996,41.0,sharksharky
2026-05-25 07:17:58,day,weather,39,0xc327160887453b4e7e2e6c0964c854055c79d803,122.14354284046999,1430.11063,emtf
2026-05-25 07:17:58,day,weather,40,0x3970ce9259501e736a4a1bfcd6e643d68a28f56b,121.28584630172804,549.45,helion88
2026-05-25 07:17:58,day,weather,41,0x116db6298abcdefe06f9f5458c293c7de185fbf1,120.55172382999808,4042.3300000000004,opopv
2026-05-25 07:17:58,day,weather,42,0x177500541ae20bb0d46ab0db3fd2559e2a7e85b0,119.51757170437668,777.5696379999999,bby123
2026-05-25 07:17:58,day,weather,43,0x94c4fe3b18435aa92024c7c1589537fcda3f43ca,118.77414476000013,0.0,Railcool
2026-05-25 07:17:58,day,weather,44,0xeb0126d8bafd250f93346dfafc2db823eaf943bb,118.73247839723945,1130.2684020000002,123TestTest
2026-05-25 07:17:58,day,weather,45,0x0a5ae9f2c73bc33fa81caa289e8812c3bfc5d32a,116.40889402999994,1394.04,11R1lab
2026-05-25 07:17:58,day,weather,46,0x6011655c4afb76f36dd1b08a137a1ba73466b31e,114.98138532283099,2504.0304459999998,HighTempTation
2026-05-25 07:17:58,day,weather,47,0xf2f6af4f27ec2dcf4072095ab804016e14cd5817,113.32763490406796,0.0,gopfan2
2026-05-25 07:17:58,day,weather,48,0x9047a48fc347dde4224e57b8c5e3bd618bef2959,110.78310796771825,1683.220218,kyj1435
2026-05-25 07:17:58,day,weather,49,0x204b0c1358385c0f843682b33ae4f87a1ed775f3,109.10901220999995,484.63,sk3rr37R3a
2026-05-25 07:17:58,day,weather,50,0xc60bb547dbdf59c8d1746bc8a754accc3809d9f7,107.0552388002634,485.45343599999995,limitless00
2026-05-25 07:17:58,day,weather,51,0x2ff2aecc7a3c1e3e6d7ea7cc8c368786d73801b9,106.46334028472313,689.887916,kdobrev23
2026-05-25 07:17:58,day,weather,52,0x361aa59b5108ce5bdb548f1ac4120c5fdce5aab6,106.22367528528702,1024.962744,A23134
2026-05-25 07:17:58,day,weather,53,0xa493ef05d1e4722c0689547cef88f6e2ff821b55,105.61552239939112,435.004063,ChooseAUsername3
2026-05-25 07:17:58,day,weather,54,0x139b1ee842ed349c2b43b2260385b3ae41ad2db1,103.50081163999994,388.08332199999995,Stepan-Z
2026-05-25 07:17:58,day,weather,55,0xd218e474776403a330142299f7796e8ba32eb5c9,103.09106922740591,0.0,cigarettes
2026-05-25 07:17:58,day,weather,56,0xdbc039cd0003a2476b66cbcad467584cc62f1843,102.7127900000014,0.0,0xdbc039cd0003a2476b66cbcad467584cc62f1843
2026-05-25 07:17:58,day,weather,57,0x0f607897e7a3e05ae15e7a99e57856454d17026a,102.42454519432931,664.9200079999999,hellokittyhellokitty
2026-05-25 07:17:58,day,weather,58,0x1798b39ce96371b6cfc6c68d107c1e4c2bad1ce9,99.24690486417921,1171.6743219999998,SaidItsOnlyLuck
2026-05-25 07:17:58,day,weather,59,0xf6f79fb0b579918f101bb6d0a264a492ce9de0da,99.14148080150699,294.701881,cyberkurajber
2026-05-25 07:17:58,day,weather,60,0xe1f16e2f82deeca14603e4fcc20b90a4f2aa3a05,98.26491044045224,1815.874285,rocky42011
2026-05-25 07:17:58,day,weather,61,0x986b121c40e715167dde178b8520bf132a57bdc6,98.1367836060167,27140.442322,hd777
2026-05-25 07:17:58,day,weather,62,0x3f0b450ec6b45633f60c16bbaabed9fdbd1ad571,97.4695956749606,458.703312,0x3f0B450Ec6B45633f60C16bBaABeD9fDbD1AD571-1773606770537
2026-05-25 07:17:58,day,weather,63,0x437f1c745a4abd87d5a9a2c61294139d86005b95,96.88898611160101,3315.083681,Wendinga
2026-05-25 07:17:58,day,weather,64,0x55a1755f7cadea046f58ebd4d0d41521d3639379,96.36227272839201,0.0,0x55a1755f7cadea046f58ebd4d0d41521d3639379
2026-05-25 07:17:58,day,weather,65,0x38e2f5d6d1693a365e22b7ca0c715f8d92da2909,96.22299808182711,783.067773,0x38E2f5d6d1693a365E22b7ca0c715f8d92Da2909-1774307530180
2026-05-25 07:17:58,day,weather,66,0x50246b42c852c96f231e6f9014640addaeed3007,95.15575620984998,402.12281700000005,wedor
2026-05-25 07:17:58,day,weather,67,0x937bcac3a8a30c07d827ad0550c3fe3a6756bfab,94.98989199999778,9201.48,bhuumi
2026-05-25 07:17:58,day,weather,68,0xcf4984aaa905202e9e3c8298b98893d51a422486,90.78638279,235.09,boboclaw
2026-05-25 07:17:58,day,weather,69,0x23d8c538e74324cd56df9197e67e146a29dff6b9,87.84838131699962,330.47962099999995,samanto
2026-05-25 07:17:58,day,weather,70,0xdedd94979cb23fe6426d3a7605fa22bb523817e1,87.79189807637886,5409.240292,licu44prep23
2026-05-25 07:17:58,day,weather,71,0x9ce164d36c403184b5816d6868c4a83a3d92bf19,87.21564075999993,1154.49,weatheralpha
2026-05-25 07:17:58,day,weather,72,0xe4f04ac449892f3cd3a1f8fdca53b69494336450,85.69747992709426,1304.968051,9A49d759
2026-05-25 07:17:58,day,weather,73,0x47e653c83ef04eebbf4614a4493c8d246dc1c039,85.42795953036818,217.264277,DEMFI
2026-05-25 07:17:58,day,weather,74,0xeb1d65d8bf4bdf1787437b1ba608167c78b6de1c,85.29760378543003,316.692101,665
2026-05-25 07:17:58,day,weather,75,0xd20958361074d525e4351b0bf40c648fa7c08dba,85.25606400000015,1732.98,Konst111
2026-05-25 07:17:58,day,weather,76,0xa708513fb23aca0f73dc8ce6d105fcc726ab9321,84.14417017808591,1805.1926330000001,erkes25
2026-05-25 07:17:58,day,weather,77,0x82f3458a6a4bec624e692c92d9ed14597f509f82,83.57879075450239,0.0,Pityok1
2026-05-25 07:17:58,day,weather,78,0x68dbed42912551cbffcd15ff758ef62781ad44f0,82.40270347999922,0.0,drorch
2026-05-25 07:17:58,day,weather,79,0x9006751a04d629f45cc0c15b26c5685a0e309fb8,79.33980111999904,158.44,rouba
2026-05-25 07:17:58,day,weather,80,0x1b722c160f3c64bdbf5093146e886d94506b42b9,76.66038947399932,498.951548,0x1b722c160f3c64bdbf5093146e886d94506b42b9
2026-05-25 07:17:58,day,weather,81,0x61ca4f40bc9ad780d4ef0d04e0fea97e7584a1b4,76.1845529624876,0.0,arbadg
2026-05-25 07:17:58,day,weather,82,0x00205869afa0fb65a86593abba6af620bfc316b9,75.46549255999889,1497.6899999999998,Richard.Tysen
2026-05-25 07:17:58,day,weather,83,0x1bf71e6bc7aecd80e302e016c2d47f398aba40c0,74.85584860074755,12.791630999999999,0x1BF71e6bc7aEcd80e302e016C2d47F398aba40C0-1776545507643
2026-05-25 07:17:58,day,weather,84,0x5b119e853ab64576c82895e3e05161d52a7d2976,74.35530975238362,142.937104,0x5B119E853ab64576C82895e3e05161D52a7D2976-1771775589743
2026-05-25 07:17:58,day,weather,85,0x01ced860d8dca5d7987579d2a2635df8520d27a2,74.0485030929276,2081.513254,CreamCream1215
2026-05-25 07:17:58,day,weather,86,0x82dfc3b46c414a5de1c8d9b2598f8f0a3c680f66,73.50729551999984,1168.47,Monsterstappen
2026-05-25 07:17:58,day,weather,87,0x47f73420e75fda5843e825feba5c7829ae110312,73.27162244532155,9039.823281,howstheweather
2026-05-25 07:17:58,day,weather,88,0xb423bf65ebf73bde23ac60ad31d086e199ebc178,72.70076559700009,21.74,0xb423bf65ebf73bde23ac60ad31d086e199ebc178
2026-05-25 07:17:58,day,weather,89,0x2cff026333862798217bf352a78297de70a7468b,72.65478359212804,892.20489,0x2cff026333862798217bf352a78297de70a7468b
2026-05-25 07:17:58,day,weather,90,0x3d7702587a84915097dfaf48de9f6623808d7004,71.0474667499999,1328.69,Anony777
2026-05-25 07:17:58,day,weather,91,0xeb0014b1fae7bf59f7fd703353db9eb248e75461,70.82932212000003,468.35,sssssssss112545
2026-05-25 07:17:58,day,weather,92,0xf576f76831a716a306a309d305c76d089f9aa786,70.59719691441035,0.0,dylanr2001
2026-05-25 07:17:58,day,weather,93,0x9ffa4f9c3ba1b7e9a13fd6bd202904990a52864c,70.05435012862793,776.256614,user0000000
2026-05-25 07:17:58,day,weather,94,0xe1e3f39533ed6a4ad4cb3f0574cb20055738d2da,68.69677842999931,3393.35,wanshanggoood
2026-05-25 07:17:58,day,weather,95,0xe32933b4602ab963b5233eebad06e53905374adb,67.79551214100013,71.98205999999999,0xe32933b4602ab963b5233eebad06e53905374adb
2026-05-25 07:17:58,day,weather,96,0xc34f6b088bb9172625ee1ea2ee8da9ac4f037d2e,67.72040021283283,4925.356030999999,StayFreshCheeseBags
2026-05-25 07:17:58,day,weather,97,0xfd8e46519d0a8f9c35e5010ef4e7f56f7583aea4,67.10109226549685,459.657213,oleksiyz
2026-05-25 07:17:58,day,weather,98,0x880d2b8f3df6881150d1ef1a1f2ac0767e39adb6,66.0877379418148,6421.969856,Hugo459440
2026-05-25 07:17:58,day,weather,99,0x2e164514058e7d78ac5f5a38de41619c187d27c0,65.64818334679057,366.646768,0x2e164514058e7d78ac5f5a38de41619c187d27c0
2026-05-25 07:17:58,day,weather,100,0x867149d900abf49270d9194900efc5e13e3ad4b7,65.55766019500015,0.0,MiserMaxxing
2026-05-25 07:17:58,day,economics,1,0xf9c1190aa8184bcbe418e6f5321c53b0bfbc39e2,4725.505452553101,13826.437119999999,AdrianCronauer
2026-05-25 07:17:58,day,economics,2,0xc8ab97a9089a9ff7e6ef0688e6e591a066946418,3748.153605074738,67748.192763,ArmageddonRewardsBilly
2026-05-25 07:17:58,day,economics,3,0x7523cafcee7bcf2db9a79d80e0d79b88a9a54c4c,2662.394351391995,0.0,DonaldinhoTrumpito
2026-05-25 07:17:58,day,economics,4,0x93511d72d294f1478739bc38f578bf0306fd9e4d,2050.6882372526916,160552.207281,Dafu0715
2026-05-25 07:17:58,day,economics,5,0x96489abcb9f583d6835c8ef95ffc923d05a86825,1869.0571224025334,26681.292878000004,anoin123
2026-05-25 07:17:58,day,economics,6,0x0c0e270cf879583d6a0142fc817e05b768d0434e,1733.2020957681234,0.0,The Spirit of Ukraine>UMA
2026-05-25 07:17:58,day,economics,7,0x00d2ebb4da03856cf1a795bd2513b23260d7fb50,1422.4532322445002,0.0,coolquail
2026-05-25 07:17:58,day,economics,8,0x2e0b70d482e6b389e81dea528be57d825dd48070,1331.9787974385472,14600.793327,Trump2028
2026-05-25 07:17:58,day,economics,9,0x182bd8bf2f11a572c4ec686aae3a0d919adcf3d3,1318.270980839974,30000.0,peoplearestrange
2026-05-25 07:17:58,day,economics,10,0x78048aa26ac1967566b8ed11910b529e5f2d7025,1303.5351078400709,14468.710000000001,HorribleWork
2026-05-25 07:17:58,day,economics,11,0x59c49a09e5335430833b96d96af9e581b0a9b517,1167.9064258960134,0.0,DarrenSRS
2026-05-25 07:17:58,day,economics,12,0x41e8266341517750bec28829015b5289fe00b994,924.5619592170005,0.0,0x41E8266341517750bec28829015b5289FE00b994-1766188710954
2026-05-25 07:17:58,day,economics,13,0xa8b202e6e9a4c2091b6860f1f5c9e9119bbc9a39,907.3035637600115,0.0,CongMingLabs
2026-05-25 07:17:58,day,economics,14,0x07046535ff9a910d7343a2c319a3e62234621858,867.835351792979,0.0,HH168
2026-05-25 07:17:58,day,economics,15,0xb4c05ebc0d242534f587730c5fa4baae152192d8,821.7729144959994,0.0,Doomsday77
2026-05-25 07:17:58,day,economics,16,0x27e56917c5c7c5ae7662b85cf86c289bfc39fb20,807.8799340079986,0.0,AdjunctBias
2026-05-25 07:17:58,day,economics,17,0x531b6a892346bdad09a2f2197ea202fb41a132b6,800.0,0.0,baws
2026-05-25 07:17:58,day,economics,18,0x8e77537e059837d3c2ca5b4efe75e74e9498c4f3,789.332387224491,0.0,dwpoker
2026-05-25 07:17:58,day,economics,19,0x71edffd0d70a1da823ff07a3c6fc81457294d338,766.6511364240432,0.0,pako
2026-05-25 07:17:58,day,economics,20,0x0e5bd76779e74304d08e759072abf126d87da593,746.9575832812698,12422.886666,JAHODA
2026-05-25 07:17:58,day,economics,21,0x46d3d62ab3dd01fb8dc3b16f0141462c82df62e0,450.0,0.0,Optionsguru18
2026-05-25 07:17:58,day,economics,21,0x531b6a892346bdad09a2f2197ea202fb41a132b6,450.0,0.0,baws
2026-05-25 07:17:58,day,economics,23,0x8e77537e059837d3c2ca5b4efe75e74e9498c4f3,434.2453089864903,0.0,dwpoker
2026-05-25 07:17:58,day,economics,24,0x07046535ff9a910d7343a2c319a3e62234621858,433.917679187929,0.0,HH168
2026-05-25 07:17:58,day,economics,25,0x71edffd0d70a1da823ff07a3c6fc81457294d338,424.2071667241398,0.0,pako
2026-05-25 07:17:58,day,economics,26,0x3b01eb02b73826e28308e2bd951fff0101512026,383.3476451120014,2228.51,GypSea1
2026-05-25 07:17:58,day,economics,27,0x7c8d207691c902d11198592533f7614cfca4f317,378.9474904395029,0.0,alex1734
2026-05-25 07:17:58,day,economics,28,0x0e5bd76779e74304d08e759072abf126d87da593,376.5826940641855,12422.886666,JAHODA
2026-05-25 07:17:58,day,economics,29,0xf284ad6d607f777f34bc643cea587c33a886b9f9,372.1374110660108,25000.0,strike123
2026-05-25 07:17:58,day,economics,30,0xd14aa86fa6cac2e09edd9944f5c0c0d48634a8ad,324.60612266299995,0.0,l3t0
2026-05-25 07:17:58,day,economics,31,0x96b59f71f635da5da031e3e93448c54fe226f5e7,314.9999088615732,0.0,ExhaustedBoyBilly
2026-05-25 07:17:58,day,economics,32,0x436f969d99c90191fbc2c629e6b7a1b754402c7f,298.8226814189911,0.0,0x436f969D99c90191fBC2c629e6B7a1B754402c7F-1772236065502
2026-05-25 07:17:58,day,economics,33,0xc96cb25888f25ab1929b575834a6c406234f6a98,284.25816558449344,0.0,James000
2026-05-25 07:17:58,day,economics,34,0xbe68a17f676d6cdf36e391a08d6d7b3d721818ea,279.9996666250007,0.0,Medvedevv
2026-05-25 07:17:58,day,economics,35,0x25257a6a89dba93dd0c536b6279365632a4eb919,267.62365521599713,0.0,Trading4Fridge
2026-05-25 07:17:58,day,economics,36,0x0a38dcf3740ee299a0607e80cb955c42a34cf931,265.96537400199986,0.0,0x0a38DcF3740eE299a0607E80CB955C42a34cF931-1727027089095
2026-05-25 07:17:58,day,economics,37,0xcaab19659b995951a44cc992447cb2ad5be324dd,261.3388918600249,229.479229,QMG-CORE
2026-05-25 07:17:58,day,economics,38,0xe82ddd790c68bfecb30558cfcec2f7062d00adc8,244.41218140499979,0.0,rodrigr28
2026-05-25 07:17:58,day,economics,39,0x0c0e270cf879583d6a0142fc817e05b768d0434e,242.0050772120303,0.0,The Spirit of Ukraine>UMA
2026-05-25 07:17:58,day,economics,40,0xf910cc50ec0ceecb18a24dee5b9606b5ffa87467,237.1710674975002,0.0,december
2026-05-25 07:17:58,day,economics,41,0x6a2364de08f2a07fe05615dff763cc3d2855d25b,229.16666663,0.0,ZenithZhang
2026-05-25 07:17:58,day,economics,42,0x453ae5e896ea243f332ed97c1c77bf2888ce81d2,228.76264061761321,889.454999,5038813185
2026-05-25 07:17:58,day,economics,43,0xded8a46ee5fa25b550689176ab7c58c2d44eca0f,228.1764781512902,40653.842546,yingxer
2026-05-25 07:17:58,day,economics,44,0x6dc38952a7dc5c6063d71e84ad26919c6050f57e,215.51722850249644,0.0,0x6Dc38952A7dC5c6063D71E84aD26919C6050F57e-1775410870880
2026-05-25 07:17:58,day,economics,45,0xf5c49ad254b1d53ea0b86fb285dd3f11dc800926,209.76975313649746,0.0,0xdamocles
2026-05-25 07:17:58,day,economics,46,0xf42f4a4211d058cd109d503cf13f7bcdfc82a6a7,200.14397864550028,0.0,Sardinianshepherd
2026-05-25 07:17:58,day,economics,47,0x95e0370d4b3f25a662c9b28be9618ec40347d772,199.6631239999997,200.0,CJZlee
2026-05-25 07:17:58,day,economics,48,0x264d771891838edb443cb2d39fc4aa1bb58a6f2b,190.2306282340005,0.0,dnaghsa
2026-05-25 07:17:58,day,economics,49,0xe7387473b067235436884d16799777cf279edf65,186.85431714150127,0.0,Huludubu
2026-05-25 07:17:58,day,economics,50,0xa8c63f775ddbbe66b56614191747def3021444e8,185.0021056649639,734.62,Tenebrus7
2026-05-25 07:17:58,day,economics,51,0xc576af380217a4d2b2d190e06c938e5505be747a,183.73496287500166,0.0,imhome
2026-05-25 07:17:58,day,economics,52,0x2d99e29c4f066ba32098c65e4c7454b277d94ca3,178.5365099999981,0.0,scout
2026-05-25 07:17:58,day,economics,53,0x94cff0a688ca7b2e5b2602343c49bcd812123db3,173.41112166599487,0.0,Official-Market-Maker
2026-05-25 07:17:58,day,economics,54,0x8a98109fb0f1d87d9bfcb4486ba3587b95c51b92,165.57847583049926,6038.9,0xd8dA6BF26964aF9D7eEd9e03E53415D37aA9604
2026-05-25 07:17:58,day,economics,55,0x2f7b015cf408e95bba1d0c52397c4c5291808ed8,165.3842389875026,0.0,GetRichS
2026-05-25 07:17:58,day,economics,56,0x709a4b4932cffc2d137fdb31c75d9a95842b7e39,161.92385150000064,0.0,Scoofy-Bubik
2026-05-25 07:17:58,day,economics,57,0x56743833caa2aec39dec61c53ad00206fbaf2c03,160.24099999999908,6967.0,0x56743833caa2aec39dec61c53ad00206fbaf2c03
2026-05-25 07:17:58,day,economics,58,0xdbf16bcffa41bd95faec2640daa2c95ab2bd86b5,160.16072674999214,0.0,UnderperformingForALiving
2026-05-25 07:17:58,day,economics,59,0x8f0dbc1ce104285ce2fd5d62e93cc37218be93de,158.87108810249953,1067.01,orion24
2026-05-25 07:17:58,day,economics,60,0x8eeeba5250ac918ba0260ce13aa7198d53da8159,157.69257636000003,0.0,0x8eEEbA5250ac918ba0260Ce13aA7198d53da8159-1767966375784
2026-05-25 07:17:58,day,economics,61,0xbb8e6477bcb4d0a79449507c607d36fd228fb243,155.49839999999676,0.0,Generator
2026-05-25 07:17:58,day,economics,62,0xbd38f8143f87f484d7f039626b5064b10f0e99d4,151.18341159149713,0.0,liberateme
2026-05-25 07:17:58,day,economics,63,0x963137a0ba0b02ebf6f37710023cc1b0303289a1,149.89414105350443,0.0,0x963137a0BA0B02EBf6F37710023Cc1B0303289A1-1764031525036
2026-05-25 07:17:58,day,economics,64,0xe472ce6be1fb4673d6155de37e414ead8bace7eb,149.17700151150075,0.0,TheRealWarMonger
2026-05-25 07:17:58,day,economics,65,0xb911a8dfc4ec442c02dae0fe3539f0116a878bb6,148.69683791999933,0.0,shalalala
2026-05-25 07:17:58,day,economics,66,0xc381f8931a266c8cf678532b20b17909c5e7a661,145.78406999999788,0.0,DessertFalcon
2026-05-25 07:17:58,day,economics,67,0x9c987f84d18a4dd640909409b31212fbb805f4f4,140.6103754500009,0.0,Moonshot1019
2026-05-25 07:17:58,day,economics,68,0x7661306c79a15af7a61d3d648534d72050cf208a,138.50463033800042,0.0,NKIT
2026-05-25 07:17:58,day,economics,69,0x30df0ee90ad040dbaff5441a6be7d999a16a28a9,136.0545464339957,0.0,0x30df0ee90ad040dbaff5441a6be7d999a16a28a9
2026-05-25 07:17:58,day,economics,70,0x5822b9376e50d576ef85e62be0f53434816f8774,135.56775840884933,571.57,dex52
2026-05-25 07:17:58,day,economics,71,0xdceecdb83fcbcc37d381f90ad0c7516824e3bda5,134.53317776800031,0.0,rspa
2026-05-25 07:17:58,day,economics,72,0x8b6b42aab3d96d71992b89bb705b6a456cacafd5,132.52528007300862,0.0,sunlc.ai
2026-05-25 07:17:58,day,economics,73,0xf6eab31d96d24310f33f258bc48a01bd48bc0a00,129.18591599999854,0.0,LALiquidated
2026-05-25 07:17:58,day,economics,74,0x9c2617462567859fcf5764e03b9a687ebca274bc,128.1130456319952,0.0,Tigerofthehood
2026-05-25 07:17:58,day,economics,75,0x1d17c01ecafd2affdc40b96827baea078770f3ad,127.80275686149844,0.0,0x1D17C01ECaFD2affDc40b96827BAeA078770F3ad-1759371458643
2026-05-25 07:17:58,day,economics,76,0x514dff3c63efafc151117931559b8c40b6a812a4,127.49961481499986,1699.99,laozi3-48
2026-05-25 07:17:58,day,economics,77,0xe7a3cd81b59acfa06d21df09beb57b84b794e60a,126.999747105001,0.0,MKIsabella
2026-05-25 07:17:58,day,economics,78,0xce71bed9dd1418abc34d244730879d795e8683bc,123.08202210935997,8197.011477,tutrucks
2026-05-25 07:17:58,day,economics,79,0x00d2ebb4da03856cf1a795bd2513b23260d7fb50,121.6663395810001,0.0,coolquail
2026-05-25 07:17:58,day,economics,80,0x80a0da00fbdc8440b0ef601341f14c3e24795708,121.49993509199703,0.0,de5nuts
2026-05-25 07:17:58,day,economics,81,0x19974ce5980bae3d4c4d1a67cfce60c655492e36,120.67999999999665,0.0,0x19974ce5980baE3d4c4D1a67CFce60C655492e36-1760671412706
2026-05-25 07:17:58,day,economics,82,0x1c3e24224559bf9cc0f8b895a305f2f30372176d,120.49962305650024,0.0,17735977
2026-05-25 07:17:58,day,economics,83,0xa83773b9b2e35aa1edbea67807ac951071dc8116,120.0,0.0,0xA83773b9B2E35aA1EDbEA67807ac951071DC8116-1772424291478
2026-05-25 07:17:58,day,economics,84,0x35e14e60d5ce74c1dac16ac7db982e2e17cff41d,118.84322270849975,0.0,ggwellplayista
2026-05-25 07:17:58,day,economics,85,0xecfaf23966e472b13107d272d9bef32fee1e3c6f,118.12925606649833,0.0,TouchDownThana
2026-05-25 07:17:58,day,economics,86,0x777a23452373a2e1cd5f119880c2e8c011cf7091,114.49033999999938,0.0,berathon
2026-05-25 07:17:58,day,economics,87,0xab19716584931d81cd9e7763402673a64baa4876,111.42062369549967,0.0,SlenderMan
2026-05-25 07:17:58,day,economics,88,0xe9514aa0b925353ea0d5e32978d636ec25ebde18,108.09970800498559,0.0,b2d0
2026-05-25 07:17:58,day,economics,89,0x51290f407e2afd63661ba3da050c6a6870fdadd5,107.98950749849996,0.0,onchainbuda
2026-05-25 07:17:58,day,economics,90,0xb10047d6a254b2ebb306d7a7d13bf59171ab6461,106.98681701299392,0.0,Parz1vaI
2026-05-25 07:17:58,day,economics,91,0x851281eee06e684ca9a237030fcef0c26c63a3d2,105.68403657502495,13305.046014,HHYP
2026-05-25 07:17:58,day,economics,92,0x47ab026767cc320ac6e62f6ec747d59cf4d795df,104.38486489099887,0.0,bosshog
2026-05-25 07:17:58,day,economics,93,0x8172489fc86d9b01ff670be454db3e9701890889,103.98675000000026,0.0,pitco
2026-05-25 07:17:58,day,economics,94,0x058f48b0fe2901214215aa53edf2ead7505c4883,100.47759103749986,0.0,0x058f48b0FE2901214215aA53eDF2EAd7505c4883-1777603428724
2026-05-25 07:17:58,day,economics,95,0x22e4248bdb066f65c9f11cd66cdd3719a28eef1c,97.51148887499949,0.0,ProfessionalPunter
2026-05-25 07:17:58,day,economics,96,0xa52b785a5510117ac3ae03d75d029f89a36c9480,97.49702030298067,57745.6,Hashbrown
2026-05-25 07:17:58,day,economics,97,0xc8849a93e05a2ae1b49bb07787a9e0059bb4e17e,96.5627999999997,0.0,Clicker1
2026-05-25 07:17:58,day,economics,98,0x2fee978b950b605c58a95c0fabf97332eb216aff,92.6404399999999,0.0,vbijk
2026-05-25 07:17:58,day,economics,99,0xfb57f8670d2f51a76b0ce40c533ed7d7328c0a46,90.25000000000091,0.0,ppxtu
2026-05-25 07:17:58,day,economics,100,0x269ced0ede348b4b3f8fd8470b19f65508f79017,89.99997648749559,0.0,allen111
2026-05-25 07:17:58,day,tech,1,0xb911a8dfc4ec442c02dae0fe3539f0116a878bb6,886.6063647390001,0.0,shalalala
2026-05-25 07:17:58,day,tech,2,0x9c1648834ee717cb967d32a31d7b9cf9534ea981,854.9941679024996,0.0,deah12
2026-05-25 07:17:58,day,tech,3,0x61b36d11209b5f58a642bda3d8f3148b4b919d22,567.7857404260012,17454.0,rkassandra
2026-05-25 07:17:58,day,tech,4,0xc6dd722558dbfbd8fa780efcbe819ed8c6604b9f,473.49793669501014,0.0,tourists
2026-05-25 07:17:58,day,tech,5,0x3d50d49babadb8fb3e44485fa05c2604c90e713d,425.34763303899945,0.0,hkimcont
2026-05-25 07:17:58,day,tech,6,0x5666ffa1ca295ef3161f950547480a63115ac630,349.25993111151524,2000.0,TulipoII
2026-05-25 07:17:58,day,tech,7,0x0e65acd3fccbdf60e7ac42afaad32bf1c940e33f,326.6444049999991,0.0,lEGLeGDaNDAnYah.
2026-05-25 07:17:58,day,tech,8,0x15885b40deb48d5a728b66cd30fe59b8a70ae152,288.2115731160002,0.0,maraoz
2026-05-25 07:17:58,day,tech,9,0x00425c692a667981118f679ef68fdc775257321e,259.1058676350003,0.0,99problems123
2026-05-25 07:17:58,day,tech,10,0x317edd4b9fe8786411e1bc29ff08b6cbc89d73dc,190.34770328700006,0.0,jeezhiscries
2026-05-25 07:17:58,day,tech,11,0x5bc4d9addd8597eb34e255d97cc194f4d78bf44f,144.078452835,0.0,0x5bc4D9adDd8597eb34e255d97c194f4D78Bf44f
2026-05-25 07:17:58,day,tech,12,0x510904c9a58f5c5ad799a1b44947077564175e9c,134.29345344299963,0.0,Logan.
2026-05-25 07:17:58,day,tech,13,0x3d1487b9a384635dcd7e438eb183e95351b5ee01,123.24055500000009,0.0,wagmi420
2026-05-25 07:17:58,day,tech,14,0xb89f5425341719d298dc2f5b9a92374f5fde1c44,116.55054431700046,0.0,iusedtowritepoetryforaliving
2026-05-25 07:17:58,day,tech,15,0xb4a3d0d752aedcb494b675942e1573481dc2939d,114.36219999999994,0.0,badbunnydtmf
2026-05-25 07:17:58,day,tech,16,0x95f5049cd9133d89348623237a53a636c64f7d1c,109.14892676400001,0.0,Wolfbiz
2026-05-25 07:17:58,day,tech,17,0xe9076a87c5ed90ef16e6fe6529c943baeca0cff6,106.65904290641106,13.287348,0xe9076a87c5ed90ef16e6fe6529c943baeca0cff6
2026-05-25 07:17:58,day,tech,18,0xda63b03e953ee7c60962c6a46c1e12a78eb7b031,103.64841966100016,0.0,Michajlowski
2026-05-25 07:17:58,day,tech,19,0x44bb9b6af128bdcdac143f9fe845a8a9a105c186,98.31872999999996,0.0,US.holds.WT-OPCON.of.SouthKorea
2026-05-25 07:17:58,day,tech,20,0x57e4bd0fa030e6a6fdde7ee0b58aa497b4f6835e,95.36738986949968,0.0,imjustalarp
2026-05-25 07:17:58,day,tech,21,0xc2174bbf10e7bf665b933e1f860436c8efe2231a,73.0084196609996,0.0,roaringhashbrown
2026-05-25 07:17:58,day,tech,22,0x682c92615993fd1f75cdfe101efdc1a8adcb17ae,69.51298083746678,1124.9841660000002,simplystupid188
2026-05-25 07:17:58,day,tech,23,0xf5e814660a5a5ac071390a36122e7bc7c1309fbd,65.83789334199997,0.0,fiter
2026-05-25 07:17:58,day,tech,24,0x3c11457fc5792d369248e7156dbf63fa96329b33,65.08948882799996,0.0,rudabega
2026-05-25 07:17:58,day,tech,25,0x058f48b0fe2901214215aa53edf2ead7505c4883,64.27611904500009,0.0,0x058f48b0FE2901214215aA53eDF2EAd7505c4883-1777603428724
2026-05-25 07:17:58,day,tech,26,0x537263fdfc15e4e967e63c0c783f22f549e74b1f,60.84540447100062,0.0,xiaojiren
2026-05-25 07:17:58,day,tech,27,0x9c5ed7617997c5856768bf17ea9e0039ea77de25,60.465116244,0.0,yfNUb2Rff
2026-05-25 07:17:58,day,tech,28,0x832d435e0db7b4520bcf892b60ed8fa38a446ec5,59.220200000000006,0.0,metapvpg
2026-05-25 07:17:58,day,tech,29,0xe1f16e2f82deeca14603e4fcc20b90a4f2aa3a05,59.04604903999996,0.0,rocky42011
2026-05-25 07:17:58,day,tech,30,0x695c1dbc0cf3d4758c8879ea5139c1615d9310a1,58.25816897299998,0.0,unfortunate
2026-05-25 07:17:58,day,tech,31,0x649ea468ef693c258d1c3ea2f06e319c80b2efd9,56.040738000000005,0.0,0x649Ea468Ef693c258D1C3EA2F06E319c80b2efd9-1779159524336
2026-05-25 07:17:58,day,tech,32,0x484b97304906550e92b89a9414f37bfe247f7a7a,54.12441320000005,0.0,worldwideMCA
2026-05-25 07:17:58,day,tech,33,0x8d3036f06df4cae70408efce65d2957245aac338,53.80555983399999,0.0,TradingToRaiseMoneyForLocalLLMServer
2026-05-25 07:17:58,day,tech,34,0x3f73b7ace2bb5c65705bf0b7ec5f40693ae8acef,53.31910000000016,0.0,0x3F73B7Ace2BB5C65705bF0B7EC5f40693Ae8acEF-1776633856762
2026-05-25 07:17:58,day,tech,35,0x2e99931ef38809335cbbcf5faa1aecb91ac1b482,52.00000000000001,0.0,Raccoon12
2026-05-25 07:17:58,day,tech,36,0x1f515e6cd661c707475c83605a63a1951316531e,51.99851911799999,0.0,p0099
2026-05-25 07:17:58,day,tech,37,0x7e35a2a8cfd1eb1e69dacd043206db5a787f1a6c,51.108296979999864,0.0,buoys
2026-05-25 07:17:58,day,tech,38,0xaa658be8c3f0552304b56dae205e3cf0393b8e78,50.178510902,0.0,jftv
2026-05-25 07:17:58,day,tech,39,0x7ad005a8beb095de1c9937678dafa918911b19e3,48.801999999999985,0.0,0x7Ad005A8BeB095dE1c9937678DaFA918911B19E3-1775737664981
2026-05-25 07:17:58,day,tech,40,0x0a6d26d31b28fd5a84c301f8b27296612f3b1d0a,47.0556459849995,8.52,Bikesarethebest
2026-05-25 07:17:58,day,tech,41,0x61f6c7a094c893349d51ba04382d03829e1bed9e,46.79802501399996,0.0,deemgod
2026-05-25 07:17:58,day,tech,42,0x51755bb7818f999fd029ed0035aec1aacd6645a5,45.00854799999999,0.0,0x51755bB7818f999fD029eD0035aEC1aAcd6645A5-1779139648532
2026-05-25 07:17:58,day,tech,43,0xd4140031e313f8d850740a80d2ee6653c925a4db,42.64074159000005,0.0,AishahSofey
2026-05-25 07:17:58,day,tech,44,0xb6ace68506451a0384d72b185944418049ed6b83,41.895860447999894,0.0,Oneko
2026-05-25 07:17:58,day,tech,45,0xd5b97d08ec6098407bfbf66c2786ccc9967fe44e,40.68890740850293,0.0,Optimus-
2026-05-25 07:17:58,day,tech,46,0x396b0c62957b502969dcb4ff3c2959f60810b871,39.60546569199998,0.0,dIVANCIC
2026-05-25 07:17:58,day,tech,47,0x249e3840497aae58a209e2af33ea907a1ca161de,38.85514984000005,0.0,nibey
2026-05-25 07:17:58,day,tech,48,0x6a0fda946715c9d9337d2bb1dc12ae254f61601a,38.58501631399999,0.0,Dominicchetty
2026-05-25 07:17:58,day,tech,49,0x37a10c9fe980c79fa2dd6a8efa9b3c6bf83db0c8,38.14740623000006,605.45,panzerdragoon
2026-05-25 07:17:58,day,tech,50,0xe562cfbf7b3292e0deb29a5b8fd3c38af4794fa9,37.88186900549994,0.0,Flnx
2026-05-25 07:17:58,day,tech,51,0x2d4bf8f846bf68f43b9157bf30810d334ac6ca7a,37.75136444599957,0.0,Gohst
2026-05-25 07:17:58,day,tech,52,0x0a7aaf83341b52df34e8ffef52aa295538d6df1b,37.60899018145187,600.01,Perypery
2026-05-25 07:17:58,day,tech,53,0x8ec905daf91cc118931d9c4e738c7f51570ccf38,35.71875269499999,0.0,0x8EC905daf91Cc118931d9c4E738C7f51570Ccf38-1773853963750
2026-05-25 07:17:58,day,tech,54,0xe8d9cc1d077817beb32096bb90a7b21f3700dcb1,34.57038,0.0,socratic
2026-05-25 07:17:58,day,tech,55,0x54949d936aedd7732f895d20c78581e56df1faac,33.45821328200009,0.0,Quirinus
2026-05-25 07:17:58,day,tech,56,0x9ddebe8e694d3d8176f14f755d802ae26aead725,32.85954099999998,0.0,wes7891
2026-05-25 07:17:58,day,tech,57,0xe9b4be83d4b28f1b0083f51c763c4951ad94946d,32.641291409999994,0.0,0xe9b4be83d4b28F1B0083f51c763C4951AD94946d-1779150728415
2026-05-25 07:17:58,day,tech,58,0x1d603dad31fac599c1de6b6002d066993460453d,31.648169759999803,0.0,Ru386
2026-05-25 07:17:58,day,tech,59,0xfd8f5bba5b09d286b6d1db35cda8249bdd356f11,31.48972494,131.42000000000002,bitdady
2026-05-25 07:17:58,day,tech,60,0xde43b680c3317e39c6901e498d5f1d13000315b6,31.198614148000047,0.0,yourboi
2026-05-25 07:17:58,day,tech,61,0x5c19ca4b1fa75884b763e0c5522d5a59160823c3,30.912185225999963,0.0,0x5c19Ca4b1Fa75884B763E0c5522d5a59160823c3-1777614991703
2026-05-25 07:17:58,day,tech,62,0x6ab0a8de37096bc7ca6bf1451e87c705011642b7,30.868856000000278,0.0,ggwaltney
2026-05-25 07:17:58,day,tech,63,0xb3fe2aeb7f5c6a2dc0cb3d9dbb009fa7c7b54a24,30.667135287282235,55.0,hortikkk
2026-05-25 07:17:58,day,tech,64,0xf6c93f2eb3aa48c26e556402ac7cb141f548b9d7,30.33165348199998,0.0,wizex
2026-05-25 07:17:58,day,tech,65,0xaa85403962d2cf63e06c124cefc1e5fa21b24d17,29.69029000199987,0.0,epsilonbonds
2026-05-25 07:17:58,day,tech,66,0x5d5a68ba12cf0264ea2dab626d99abb9a71c4289,29.608376485999997,0.0,arongarongarong
2026-05-25 07:17:58,day,tech,67,0xd8d5289c35124b5353f5a10a28b8cc29aec38935,29.313652242500098,0.0,D8D5289c35124b5353f5A10A28B8cC29aEC38935
2026-05-25 07:17:58,day,tech,68,0x6630c34aa5836d4610fb6303d0ee9d966cd42f4e,28.87973815400028,0.0,garlictrump
2026-05-25 07:17:58,day,tech,69,0x00c46258190c82a9f547bd9a5334e1e7f2457826,28.683392045999426,0.0,Simoel997
2026-05-25 07:17:58,day,tech,70,0x00425c692a667981118f679ef68fdc775257321e,28.67201098499936,0.0,99problems123
2026-05-25 07:17:58,day,tech,71,0xb4a3d0d752aedcb494b675942e1573481dc2939d,28.590550000000036,0.0,badbunnydtmf
2026-05-25 07:17:58,day,tech,72,0xafc1d798fdedd56b877d23cb00bbb7cb6da63c5f,28.363636313999994,0.0,miltons
2026-05-25 07:17:58,day,tech,73,0x21f90e5ff30c12f52fbb2fb220aa268f22faed12,28.001577799999723,0.0,gandalf
2026-05-25 07:17:58,day,tech,74,0x564735dad6be7134f551baed03769f2402cede1d,27.142440000000004,0.0,fortniteplayer
2026-05-25 07:17:58,day,tech,75,0x1206cec7aa15c192381f32f70292a1ef1e231362,26.93209999999999,0.0,dhbw1
2026-05-25 07:17:58,day,tech,76,0xa095291ef653f8f26eaf356a729f44d373e76040,26.00016031599999,0.0,usolndhs
2026-05-25 07:17:58,day,tech,77,0xba74b146a28fc1dc7c25edcf77c3fbba38cad7f9,26.0,0.0,0xbA74b146a28Fc1dC7c25edcF77C3FBBA38cad7F9-1779185332578
2026-05-25 07:17:58,day,tech,78,0x564f22744b7941ade18d5e0e4f347c30e3057026,25.33253712914575,52.842147000000004,molodoyy
2026-05-25 07:17:58,day,tech,79,0xd0d9bc316073acb95addf458c2246517a3889074,25.15727709500004,0.0,reasoningTokens
2026-05-25 07:17:58,day,tech,80,0xbea27ecca9ec8a3d8e904a2dc8acb60b3a922d33,24.536399999999993,550.0,licensetofill
2026-05-25 07:17:58,day,tech,81,0xe60d397df20d74ebfb55dc5b36ab11ae87474e95,24.38592,0.0,suno3e
2026-05-25 07:17:58,day,tech,82,0x3b4a3a499e527194d62a7d831dc7094df63ee86d,23.398898562,0.0,smorzoni
2026-05-25 07:17:58,day,tech,83,0x9453a389c73df7991249d9f2c6e2c854157b1a48,23.026619984330978,1.29,Arman2
2026-05-25 07:17:58,day,tech,84,0xeafea1caaeea9d528804d7279729ff071b36c310,22.663439708,0.0,0xeAfEA1CAaeeA9d528804D7279729fF071b36c310-1763521429664
2026-05-25 07:17:58,day,tech,85,0x2d1b709a49bd907577f1319df1a79d6a0c9d5adb,22.619999999999997,0.0,KjerstinDellert
2026-05-25 07:17:58,day,tech,86,0x8964b58c08b784ecfe1d9344223692263d130bec,22.437961019999875,0.0,DegenerateJanet
2026-05-25 07:17:58,day,tech,87,0xf1e3ed457a2a04dad268c58bb59be56f70e3d6ad,21.666666657999997,0.0,ZdravkoHr
2026-05-25 07:17:58,day,tech,88,0xbb9c165825e9f233d1f611b50b193fe94513072b,21.278875158206574,200.73000000000002,jesterthegoose
2026-05-25 07:17:58,day,tech,89,0x6c0e409b3b6c25f694bd297388581ff3364c2c0a,20.83422275999999,0.0,FrenchToastDoge69
2026-05-25 07:17:58,day,tech,90,0x97ead83eb0e6b7f142e63284791882f05ddf3363,20.806286220000004,0.0,Hakei.
2026-05-25 07:17:58,day,tech,91,0x62d3854b840bf55e415907d96734caaa01196d42,20.80000000000001,0.0,eatbtc
2026-05-25 07:17:58,day,tech,92,0x06b6872ce4b3cdb90049657cd2937a518a38eba6,19.50738236999996,246.64,123pocky
2026-05-25 07:17:58,day,tech,93,0xc1780ba4f8f1d32003b4bb870640f7432bbc7cc1,19.309373005499992,0.0,0x6148
2026-05-25 07:17:58,day,tech,94,0x1bfd792c102c75d3c41c954d058355a796ee40d0,18.74086832100147,0.0,4e2fbc2acf
2026-05-25 07:17:58,day,tech,95,0x15ec11743877920e94f333fa2feb1c68685b267d,18.43452000000002,0.0,Xxxx123
2026-05-25 07:17:58,day,tech,96,0xc7672cdc460f808e17c92587fd6227aa407c9d34,18.27000000000004,0.0,nfang
2026-05-25 07:17:58,day,tech,97,0x7e31a5e9c31638483614e9fd9f945bb34692454d,18.20017903599998,0.0,Odysseus7
2026-05-25 07:17:58,day,tech,98,0x032aa3277e1d7970f0f5c7d66add7af5ace1cf07,17.923546631500002,818.559902,beggarrr
2026-05-25 07:17:58,day,tech,99,0x26884e442a62b9587fd5e7012389517cd52ccb00,17.68102926508027,91.4,dzP3
2026-05-25 07:17:58,day,tech,100,0x80cf0749b26556cb2ce5bad513388309865d614d,17.548378577500046,97.27,TRADER420
