timestamp,timeframe,category,rank,address,pnl,volume,userName
2026-09-18 08:04:04,day,overall,1,0x63cf8544631c31e9fcea0b02141dd24d01d6e4d0,1441699.4465850159,0.0,halvanicus
2026-09-18 08:04:04,day,overall,2,0x369f46433349a57cd6d08abf2819da737c09873e,365727.84867816087,41565.45884299999,kindar
2026-09-18 08:04:04,day,overall,3,0x4ab9b54427ec4b7f3646b1a0ef1bed73bc708ebe,102266.86937,0.0,RWCS
2026-09-18 08:04:04,day,overall,4,0x6c3aae17140c5e3cde62380daaa323e38575c459,100287.227136,0.0,AvrahamEisenberg - 10161
2026-09-18 08:04:04,day,overall,5,0xa8cf2ed8751f4e58ad039e1b68a8b58b4395031f,85547.41699299996,0.0,
2026-09-18 08:04:04,day,overall,6,0x49f206f4fb2210a28af4795e4e0b6532cf0bd7b4,71228.07117022692,31958.83,0x49F206
2026-09-18 08:04:04,day,overall,7,0xd106952ebf30a3125affd8a23b6c1f30c35fc79c,68041.67952354782,46384.300393,Herdonia
2026-09-18 08:04:04,day,overall,8,0xabb89972b21b304c1bed2bf26f35c8741ac9bba3,59829.70097306706,1264.9966689999999,Feromont
2026-09-18 08:04:04,day,overall,9,0x5e9458202b5817a72cf81105ec8a30e6f3705ba1,56350.19688024779,0.0,pleaseplease123
2026-09-18 08:04:04,day,overall,10,0x8a8685a792c184e5c2ee8c7d4d4baba7c2c94998,53452.07508348,155009.39523,BrotherObama
2026-09-18 08:04:04,day,overall,11,0x3d8a89a20aa73fba0f30d080e8120de9f9555724,50779.10254049151,0.0,Poyo
2026-09-18 08:04:04,day,overall,12,0xf0318c32136c2db7fec88b84869aee6a1106c80c,49862.65856850473,344474.625046,BreakTheBank
2026-09-18 08:04:04,day,overall,13,0xcd84d7f9262516865553555751609fb6f52abec6,49475.15987194097,0.0,Donkey14
2026-09-18 08:04:04,day,overall,14,0x5a218c7ad04135830a45c41aaed7294df7809318,49034.199154076225,36985.199433,balthazar
2026-09-18 08:04:04,day,overall,15,0x9052a5f2324b8efa264a2a37e942770284143c2d,48543.73200000008,64151.65,YEEES-but-why
2026-09-18 08:04:04,day,overall,16,0x55a1f55fb021eb52f5233321f88ff8eca5aedb28,42182.85625315194,73306.89000000001,vjnn
2026-09-18 08:04:04,day,overall,17,0x82398835fe16616214d928ba87127e28fc1cd9a3,40784.7184728923,0.0,Kosherlocks
2026-09-18 08:04:04,day,overall,18,0x682005011dd19c1e986cb060ed6ab83845f21c19,39396.03263528542,61918.75,winwin518168
2026-09-18 08:04:04,day,overall,19,0x43b68e2ab6780df11cb2ed35050fee512d0a9a9b,37204.62720312,97731.67175499999,maiqiuyangjia
2026-09-18 08:04:04,day,overall,20,0x1465b79bff7992bc703e1aafb3683b1089647072,34355.41804992978,94476.26631600001,JnStrtPrdctnMrkts
2026-09-18 08:04:04,day,overall,21,0x0e604be17c231a33dc01e38a722c7fe3984e3bad,31457.517899023995,37901.515994,0xwise
2026-09-18 08:04:04,day,overall,22,0xa080dadd87036ad01dbf5e9c254b0c3dbdba234f,31280.593907946022,2138.510488,bands1
2026-09-18 08:04:04,day,overall,23,0xb87532a1a04c654700aa8153b3a95675ac4f4b16,27316.882313933973,0.0,En11006
2026-09-18 08:04:04,day,overall,24,0x0f35109cc3ceaf729609c3109310791bd616c84a,27254.641564000005,0.0,
2026-09-18 08:04:04,day,overall,25,0xa1e6ba93d878b71a895f80fcb5c36337143fe1c2,26059.60352000001,85722.38,nuttypoo
2026-09-18 08:04:04,day,overall,26,0x32b484581fc5606de9c1e43af4636b6be9bc8b21,24556.767204910968,280575.07116000005,0x32b484581fc5606dE9C1e43AF4636b6Be9BC8B21-1774274303653
2026-09-18 08:04:04,day,overall,27,0x782186952ef2ca75ea91c95aef25bbdcffb4bb1a,23607.80041509891,0.0,thif - 33063
2026-09-18 08:04:04,day,overall,28,0x96489abcb9f583d6835c8ef95ffc923d05a86825,22632.85091038714,197159.27505999996,anoin123
2026-09-18 08:04:04,day,overall,29,0xd2d7b600763aac780bbbf44f25a17f5860a482e2,21747.296160000005,27186.16,punyapple
2026-09-18 08:04:04,day,overall,30,0x1d1ade627d0bb0205758580b20d808573e720df6,21366.087392839952,0.0,Pwaddler
2026-09-18 08:04:04,day,overall,31,0xf68a281980f8c13828e84e147e3822381d6e5b1b,19989.28326778566,48325.669324,Nooserac
2026-09-18 08:04:04,day,overall,32,0x95b198f900d19a80d3d7e47b7b17708af254f9ac,18124.591877,0.0,thepicklebomber - 3805
2026-09-18 08:04:04,day,overall,33,0x2005d16a84ceefa912d4e380cd32e7ff827875ea,18093.135069121607,1031966.4434339995,RN1
2026-09-18 08:04:04,day,overall,34,0xf28e42d20e4826f2b10a24bc952001697947cab2,16314.768470001873,258391.13999999998,ethanaz
2026-09-18 08:04:04,day,overall,35,0x52f5efdfb8759d4b9be1fbe63f80401474445e8a,15142.844349999998,0.0,martingaleking
2026-09-18 08:04:04,day,overall,36,0x6157d529ae129fe08f22a27ed42e741d2eaa9fb4,14926.304579899559,0.0,DaBossHogg
2026-09-18 08:04:04,day,overall,37,0x7fb23b0d330ea4ac4f3cecce1eb81fb0bfb3ed4b,14768.168524999995,0.0,
2026-09-18 08:04:04,day,overall,38,0x5f38747053bb642bb3ad456c5766ad9e6fb9eb70,14465.65914999998,33.23,vilkaZ
2026-09-18 08:04:04,day,overall,39,0x27f738fe203827445690339104aae35b20bc44b0,14379.267005999718,9926.0,ic4cream
2026-09-18 08:04:04,day,overall,40,0x4f70929ba287ac85dc2431c85382ccd9e6b0d185,14234.245540373948,0.0,Lance Uppercut
2026-09-18 08:04:04,day,overall,41,0x15ae79d7cd60b2a7f06ae46eb4c7a0eb16096ffd,13228.384830000005,0.0,humiliating piglet
2026-09-18 08:04:04,day,overall,42,0x866056133a70de9282a080758858d1a0c8b393ed,12384.611148115102,828.112931,esportsbetter1
2026-09-18 08:04:04,day,overall,43,0xe87f99db88da7a2e1b1b81cc71685a243b99f8e7,11991.886437586105,500.0,Creamethod
2026-09-18 08:04:04,day,overall,44,0x9ee49c02ae1ade698bf9e06d4ca271f236b8697b,11133.051106375995,62567.950000000004,cosmicxbt
2026-09-18 08:04:04,day,overall,45,0x1fee90f352fd362ea4bf13c6ed7cdd83a4d2ed5e,10880.724344625749,21933.000905999997,lomneivan
2026-09-18 08:04:04,day,overall,46,0xcf218ae47e8eb183fac019d3412df8b2365f667b,10382.68499999994,27141.0,sjdhjnxnsjjdheyygajshjdpolq
2026-09-18 08:04:04,day,overall,47,0xe9076a87c5ed90ef16e6fe6529c943baeca0cff6,10339.672482025639,188242.46470300003,suntori
2026-09-18 08:04:04,day,overall,48,0x9e88f359b9803e41420fbb13385c5ae1765c301c,10263.239468087422,1459.6161700000002,YoungAlphaGoat
2026-09-18 08:04:04,day,overall,49,0x1610db79f753a80207e1d66716be9e91e627ae49,10140.68781295052,0.0,HMLSF
2026-09-18 08:04:04,day,overall,50,0x0ced59114ee6992fc0c43fdd9ad86f7c757b62cb,10133.414549999998,0.0,DeadliestCatch
2026-09-18 08:04:04,day,overall,51,0x322f041810cee536293dcb4c99fc23b3a766940a,10043.226767999999,0.0,Sports
2026-09-18 08:04:04,day,overall,52,0xbca08c1bc204a34f2fddbe47b438b9bd42ac9705,9956.208368172409,147200.988396,justaluckydude
2026-09-18 08:04:04,day,overall,53,0x2ec5ac52dcb5537f1fe8b47ee3cfd34bd666fd53,9869.774877273187,68154.81981000002,Gordinho55
2026-09-18 08:04:04,day,overall,54,0x4f1d5ae26fc31472966e951af3183308736d8de2,9774.863310565881,23813.615939999996,e46m3
2026-09-18 08:04:04,day,overall,55,0xe0eeb30d92eb2a995fc82b4e58def02c53e6fa3f,9426.288296831113,0.0,predictor - 3335
2026-09-18 08:04:04,day,overall,56,0xd98787eb89f48c199ec0edd6fdb10219df6bae37,9272.644349999999,0.0,PetuniaPettigrew
2026-09-18 08:04:04,day,overall,57,0x17c4f7e008fe22d69865f73f29329b6e76b92471,9040.328209409518,19040.326982,0x17C4f7E008fE22D69865F73f29329B6E76B92471-1780774412121
2026-09-18 08:04:04,day,overall,58,0x84898b583d56054b502c6564f3edfad43b54e211,8927.851561376445,0.0,JustLearning
2026-09-18 08:04:04,day,overall,59,0xa2c908ce8b8386bc8c5471120c5a662551332c23,8884.940299999973,0.0,jaytee158
2026-09-18 08:04:04,day,overall,60,0x7e3471906a6a168f57a4a2ba7ed27206b1b34cc1,8759.816433089996,0.0,Lecsoman
2026-09-18 08:04:04,day,overall,61,0xfbfd14dd4bb607373119de95f1d4b21c3b6c0029,8640.548280310159,16824.010000000002,XAE12Archangel
2026-09-18 08:04:04,day,overall,62,0xfefaf44054fb92d87882f2bd24bddbd163487bed,8476.656116999999,0.0,vivaFujimori - 33031
2026-09-18 08:04:04,day,overall,63,0x664a25f165a0150ce687410470f3352f5783fc5f,8462.732165167876,37951.955003999996,itsonlyamatteroftime
2026-09-18 08:04:04,day,overall,64,0x6db568e61e5e3de7d87f831431b673f38ce2e279,8310.518391679972,53844.56,
2026-09-18 08:04:04,day,overall,65,0xae95a2fd8df6b5e621d583157d47412a6b066579,8274.744258999912,0.0,draintheswamp!
2026-09-18 08:04:04,day,overall,66,0xb9392e612a5b05063ca012b5dede548e16e5da70,8155.146999535,0.0,IcemanSeason
2026-09-18 08:04:04,day,overall,67,0x09fb8ab5f70b2140511c366451e0f02c3c10d01c,7974.457056,0.0,mkiaz - 1025
2026-09-18 08:04:04,day,overall,68,0xeb34b86ca3ca64eb3cee6c9a0cce668385df7268,7790.038882757735,170677.55717200006,kneelbeforetheking
2026-09-18 08:04:04,day,overall,69,0x226bf1220731af372b1e7d572959414f31b4cad6,7783.8469052011205,3317.292308,botbot
2026-09-18 08:04:04,day,overall,70,0x81804300d6b3f3a59424ca86b3d461b9a1b7f4da,7749.999999999996,25000.0,Wldntulike2know
2026-09-18 08:04:04,day,overall,71,0x1f682adb9a5cf101bcf53a7cd00bc2c594f7c9b3,7677.93231,0.0,0x3177d25a95524e6d98843c78cd604b67fb1b92b9
2026-09-18 08:04:04,day,overall,72,0x03805a13a0b3e058f55f6c6af95389d4f431073d,7431.963413766061,42610.236652,donthackme
2026-09-18 08:04:04,day,overall,73,0x7668efbca0df8195ba199d3e19cb768e8b3779ec,7415.563737,0.0,
2026-09-18 08:04:04,day,overall,74,0x86e99faea12fccd8925de5d9f052471baf7a4cdf,7047.400155347685,5649.02,JUSTINHERBERTMVP
2026-09-18 08:04:04,day,overall,75,0xeb490d0534bb68b4c2ce139b219a728cd2c3693e,7025.309734388007,0.0,78979879879879
2026-09-18 08:04:04,day,overall,76,0xee67f4f549180f564dd5910b1024b8c6729cef38,6616.675529425103,0.0,keasiyo
2026-09-18 08:04:04,day,overall,77,0x0393b7a4c1e4a72564bf8287c7d1471ac9a61130,6550.193144999999,0.0,
2026-09-18 08:04:04,day,overall,78,0x7430669ff298f8dc78e3339448d4994e812d111f,6530.533578999999,0.0,zwe2edS1ms
2026-09-18 08:04:04,day,overall,79,0x6ac96d439f44a8dd84de19a781fcbbab5bdee85a,6487.122400548607,21411.0,sifonman
2026-09-18 08:04:04,day,overall,80,0x68c24bf4a8ad4d79a6fe4b8eec6f93a02dfd1711,6454.856777493226,13872.0,mombil
2026-09-18 08:04:04,day,overall,81,0x8efa1ea8ee2d456a051ae2985079a1e3c9aa894c,6358.979367388931,0.0,
2026-09-18 08:04:04,day,overall,82,0x6c70a8f664cc9f891bccb99f994b0853ea259168,6308.903798049996,7999.952193000001,gothangelsinner
2026-09-18 08:04:04,day,overall,83,0xd1049158a102840ce595efc6ab683a0cb6fbacef,6243.387843647033,5299.21,pilimili
2026-09-18 08:04:04,day,overall,84,0x2974bd0059e48f215c391882976e0f1b4c8c9c23,6237.328262030154,199295.98009899998,65765757
2026-09-18 08:04:04,day,overall,85,0x42d150e0171590b28332a61b3f4cfca0a34cdab6,6205.19924778986,0.0,notprofitabl
2026-09-18 08:04:04,day,overall,86,0xb254cd171eb8d5b4b60703f99fd13474504bb70a,6116.458664,0.0,maga - 97
2026-09-18 08:04:04,day,overall,87,0x0af5f7ff9e6b4957e26d064b3218c38c59c87e3f,5982.980714,0.0,brian - 23314
2026-09-18 08:04:04,day,overall,88,0x03e8a544e97eeff5753bc1e90d46e5ef22af1697,5942.74199999962,0.0,weflyhigh
2026-09-18 08:04:04,day,overall,89,0xf705fa045201391d9632b7f3cde06a5e24453ca7,5854.200298934244,55755.411899,
2026-09-18 08:04:04,day,overall,90,0x1387d145aaf01f6e33b66525dda6e1f51f6955f8,5764.935156880112,47401.349707999994,Lucerys
2026-09-18 08:04:04,day,overall,91,0xae2b0aaea325a32870f56ff19df3b87acaa190ea,5672.9304083381185,0.0,TB14
2026-09-18 08:04:04,day,overall,92,0x1cd24cc49782240413903b4b7e7694779f917f85,5622.051570938987,0.0,bitterfish
2026-09-18 08:04:04,day,overall,93,0xed3192e93b31c3933031570e310ed04a80d7d9c8,5533.943363000012,11255.358156999999,derriver
2026-09-18 08:04:04,day,overall,94,0x1018fa33923d8b0f4b0f8a0822ee045d46027264,5441.2989455326815,0.0,EgoVolae
2026-09-18 08:04:04,day,overall,95,0x2117ae94a97d69b78cbc81b6680a62deb1955c26,5433.066725979391,16913.0,Zzzz87
2026-09-18 08:04:04,day,overall,96,0x2ed17c5026b12cac4570e30d6543f7471939caa2,5364.151666656661,29466.666666999998,RCHUP2
2026-09-18 08:04:04,day,overall,97,0x4132070d75f124a5f2a4d13ec0a4497dee6ba5a5,5347.660430200143,12666.143630999999,0x4132070d75f124A5F2A4d13Ec0A4497DeE6BA5a5-1723503232987
2026-09-18 08:04:04,day,overall,98,0xc506cc1d5efd0c85bcb94f9ecaf1b541921ce987,5336.008274592001,0.0,Berniepaidoff
2026-09-18 08:04:04,day,overall,99,0x6db983ff1cbc85249e64e6ccd101aaa613ba4ab5,5194.58909466325,30.378691,tsihkodiives
2026-09-18 08:04:04,day,overall,100,0xfcbe281f11f195423fdf458582e1215790b7aa8b,5171.851393012967,0.0,igot
2026-09-18 08:04:04,day,politics,1,0x5a218c7ad04135830a45c41aaed7294df7809318,22196.50277416152,8840.005428999999,balthazar
2026-09-18 08:04:04,day,politics,2,0x96489abcb9f583d6835c8ef95ffc923d05a86825,12655.965803937986,189035.22759699996,anoin123
2026-09-18 08:04:04,day,politics,3,0x1fee90f352fd362ea4bf13c6ed7cdd83a4d2ed5e,10880.724344625749,21933.000905999997,lomneivan
2026-09-18 08:04:04,day,politics,4,0x9e88f359b9803e41420fbb13385c5ae1765c301c,10298.352596435918,1459.6161700000002,YoungAlphaGoat
2026-09-18 08:04:04,day,politics,5,0xfbfd14dd4bb607373119de95f1d4b21c3b6c0029,7229.529814162524,15000.0,XAE12Archangel
2026-09-18 08:04:04,day,politics,6,0x03805a13a0b3e058f55f6c6af95389d4f431073d,7056.45401421003,16258.740035,donthackme
2026-09-18 08:04:04,day,politics,7,0x68c24bf4a8ad4d79a6fe4b8eec6f93a02dfd1711,6513.129809896229,13872.0,mombil
2026-09-18 08:04:04,day,politics,8,0x6575759174ad221bba9947bc3f18750ec769b198,5552.00628003422,49302.275003999996,dromedaryy
2026-09-18 08:04:04,day,politics,9,0xe3f2ecfd3e648bdabcd3fb701ccf294f13afe1c1,4672.993253011431,169.38,supersmard
2026-09-18 08:04:04,day,politics,10,0x4f1d5ae26fc31472966e951af3183308736d8de2,4462.023044435657,8730.799756,e46m3
2026-09-18 08:04:04,day,politics,11,0x1387d145aaf01f6e33b66525dda6e1f51f6955f8,3813.6934180485696,5963.084687000001,Lucerys
2026-09-18 08:04:04,day,politics,12,0x1d8c256b15d3cd1f5db221e70c77f552eb8d757a,3218.5855902886833,27167.656022999996,Hourglass
2026-09-18 08:04:04,day,politics,13,0xeb490d0534bb68b4c2ce139b219a728cd2c3693e,3069.0568208045006,0.0,78979879879879
2026-09-18 08:04:04,day,politics,14,0xc97b0b2a2547bb3ed57167092ef8a6e816c347e5,3044.2845754277078,6888.987273000001,Avamax
2026-09-18 08:04:04,day,politics,15,0x83733b87090cf97aee473b1000beb9bfab7af0bc,3014.5301143640245,2125.7254550000002,merod
2026-09-18 08:04:04,day,politics,16,0xfaf98181c44636998a194aa7660bcae1b977f4c4,2947.922310527516,0.0,onekey02
2026-09-18 08:04:04,day,politics,17,0x28bf066c6cb952da62d6d182c16ad173ada64a4e,2797.111958204332,2810.0553740000005,plainfolder
2026-09-18 08:04:04,day,politics,18,0x88c4919de76e526d55a32c1f8afb439dd1f1129a,2632.5469827959314,690.188798,RenanPresidente.
2026-09-18 08:04:04,day,politics,19,0x2974bd0059e48f215c391882976e0f1b4c8c9c23,2465.6872948620585,194351.509959,65765757
2026-09-18 08:04:04,day,politics,20,0xb9d89bef8c935082f6a86355bd9667402d92275a,2339.8469678000256,3231.1936370000003,0xB9d89bef8c935082F6a86355bD9667402D92275A-1751857844680
2026-09-18 08:04:04,day,politics,21,0x43372356634781eea88d61bbdd7824cdce958882,2273.229304851644,41629.046088,Anjun
2026-09-18 08:04:04,day,politics,22,0xa4c31771f294ee31146ff9cc5097186bdd25bbb2,2206.8605225975043,0.0,winforretire
2026-09-18 08:04:04,day,politics,23,0x369f46433349a57cd6d08abf2819da737c09873e,2153.8491790657918,41565.45884299999,kindar
2026-09-18 08:04:04,day,politics,24,0xd24b95551eb288ff82bb625dcd7f32f62abdef76,2131.014244683487,0.0,BiDiFakePolls
2026-09-18 08:04:04,day,politics,25,0xeed8c2be411025120fb511ea2332dd0a1f6135f0,1960.1733897415106,56096.35854400001,WarriorH
2026-09-18 08:04:04,day,politics,26,0x6d57da09ef86a327524853b36fbd2e39cf0cbfc5,1940.0023114834912,104259.00550300001,SitsToPee
2026-09-18 08:04:04,day,politics,27,0x2200b75c27835935a40308779b5656c09ab40f2d,1938.551969000022,0.0,Humble-Monk
2026-09-18 08:04:04,day,politics,28,0x60ccc2ea4a54b191b6114fa769c03359bb1af23f,1929.716597254017,0.0,shinyandrew
2026-09-18 08:04:04,day,politics,29,0xb0c85813a7a4428f1139ff91d3118a92c391fe7f,1812.5294441102888,5530.539395,midturn.rekt
2026-09-18 08:04:04,day,politics,30,0x011f2d377e56119fb09196dffb0948ae55711122,1803.9315024472307,2571.1245,11122
2026-09-18 08:04:04,day,politics,31,0x834965f34911dfda31d5b313b5def15e6348c99d,1751.744028930494,0.0,llh
2026-09-18 08:04:04,day,politics,32,0xae2a545c068389c5aab3466cecef33259e55384d,1742.1993036407675,1683.782122,haveagoodday
2026-09-18 08:04:04,day,politics,33,0x7f9e2d1df78614564a70becc7fa14aa9a6623a0e,1693.1886674459092,4451.216534,LulaVaiPerder
2026-09-18 08:04:04,day,politics,34,0x8b4bca1d794779e66e023d44391b2a86c5ab541b,1692.5415531137114,11719.767895,0x8B4bcA1D794779E66e023D44391B2A86C5ab541B-1769764313952
2026-09-18 08:04:04,day,politics,35,0x9f208e85f326f865077fffa68b32d8b0e2bc12c3,1605.2935462465102,2383.855787,mildwindow27
2026-09-18 08:04:04,day,politics,36,0xbca82ff9891c5358b33d565c4f4739e4d812b680,1490.0162061085011,20101.682500000003,0xbCa82fF9891c5358b33D565C4F4739e4d812b680-1779481574004
2026-09-18 08:04:04,day,politics,37,0xdf6cafedd729f199bb0e88ecb8d5bbff19ebeb44,1471.251502383504,1061.56,jk345a6bsdk
2026-09-18 08:04:04,day,politics,38,0x51dfa0828c1049e4eeaa09dd2c4af5a8ea55458f,1447.4979750000057,0.0,randomgo
2026-09-18 08:04:04,day,politics,39,0x49f206f4fb2210a28af4795e4e0b6532cf0bd7b4,1442.154036863907,14861.93,0x49F206
2026-09-18 08:04:04,day,politics,40,0x9495d622ab74a601ad1668d3dd4f7a2e68c3468f,1336.9245900264614,376.91108700000007,0x9495d622aB74a6O1AD1668D3DD4F7A2E68C3468F
2026-09-18 08:04:04,day,politics,41,0xf797d4d1c038d1eb0593edae0e66bf8e4b2e0bf2,1332.1993496975556,13.805,DerDon
2026-09-18 08:04:04,day,politics,42,0x41b4ab4bdd1de2f7e36003775a18adc7ba63dad2,1314.2702101918994,41999.993816,
2026-09-18 08:04:04,day,politics,43,0x5d189e816b4149be00977c1a3c8840374aec4972,1285.3755259099999,1052.63,gloriafoster
2026-09-18 08:04:04,day,politics,44,0xc851cd9bee7d262afd78674f861f9f576a12cd2a,1276.6898633394158,0.0,betwick
2026-09-18 08:04:04,day,politics,45,0xde0463ea7f611b065e8ab06bbfbddad75e6dfa37,1238.7261697660288,0.0,mwenya
2026-09-18 08:04:04,day,politics,46,0xe74995389bfc1c24ca656e6c2502c1fca757f771,1235.4881455930154,0.0,allenzzz
2026-09-18 08:04:04,day,politics,47,0x54653b7188d5d285ebbd3379158583193ecd5133,1210.0334159974009,0.0,gunnar242
2026-09-18 08:04:04,day,politics,48,0x82e00fb51c8f278d5d2f772a1210380aa0060779,1204.1224340199897,0.0,Jimmy-Carvalho-Opcoes
2026-09-18 08:04:04,day,politics,49,0xc5187cb669690150643ba2f9aac6b7d98d212594,1199.373911825387,2006.0886680000008,mustbethewater
2026-09-18 08:04:04,day,politics,50,0x23d81ba9371e576015c1e562db09c689f56b0288,1182.814411560481,91.45,flawfence
2026-09-18 08:04:04,day,politics,51,0xa5517ed74c6b07843946e0e69cad10a9fa94e050,1162.9540323980618,828.31,SlotinCap
2026-09-18 08:04:04,day,politics,52,0x9e7296fc4776144f60db9a5943ff2051696599c4,1130.516987259005,0.0,carlos484
2026-09-18 08:04:04,day,politics,53,0x69d1983b8a327b2eb2897c7fc85ac6f637047c8b,1129.558426113108,6529.075602000001,FkMexico
2026-09-18 08:04:04,day,politics,54,0x614dc8d3542c12103d2c6a3553fd761e391d1546,1112.2055893131765,0.0,mr.ozi
2026-09-18 08:04:04,day,politics,55,0x3d29419e337a0c8ae467c8ce665c8d500d242408,1098.5122772769973,0.0,kylox
2026-09-18 08:04:04,day,politics,56,0x40047c2a7f97b6849ec2a665425c171dc4b6c40b,1092.4754270795202,2592.8499999999995,0xrc
2026-09-18 08:04:04,day,politics,57,0x04143f1dffe487d30200ec45d50763bc54b5be21,1079.097734619998,0.0,TrueDignity
2026-09-18 08:04:04,day,politics,58,0x33b83d1aeab0dc7937eaae9c0b0bbb1d22b63d73,1059.7675851000004,0.0,ohoenno
2026-09-18 08:04:04,day,politics,59,0x3c8ac6a99d9c7a41860aec2ae7520c7aaa68b45a,1045.9783745560271,0.0,momom
2026-09-18 08:04:04,day,politics,60,0x91ad42250b9c63ddc516905fdb16f5293ea6a5ca,961.2896476400015,110.0,CaballoParaguallo
2026-09-18 08:04:04,day,politics,61,0xcfff4295288ee29f75a38a7028611b7c1e93673d,929.1553634912852,1857.1299999999999,graynotebook19
2026-09-18 08:04:04,day,politics,62,0xc1851785f9e3cbebe4b228691c31e0164bdfd1b8,922.1599999999997,11527.0,juce
2026-09-18 08:04:04,day,politics,63,0xa8b7f8b34185e9cc62c471e1d353595148a3ee3c,915.6754095868218,1222.490232,anciano
2026-09-18 08:04:04,day,politics,64,0x8aebd827fc26f821e42fb6d6726a2c80a19b0337,914.0685839999996,11427.0,subjec
2026-09-18 08:04:04,day,politics,65,0x6de11fc88a25b080be5203a7356db3c054efdfc9,836.8577889159938,0.0,NSNO
2026-09-18 08:04:04,day,politics,66,0x944e0472b99926f4f712fc97dc0a846a8c5d8c94,794.3154851904837,692.759092,mountaindewd
2026-09-18 08:04:04,day,politics,67,0x215adbb63b47d0ca92f849fe2c2dc1adb0f6254c,793.4628271639376,5614.32,BikesAreTheBikes
2026-09-18 08:04:04,day,politics,68,0xeb34b86ca3ca64eb3cee6c9a0cce668385df7268,785.500168785009,12000.029999999999,kneelbeforetheking
2026-09-18 08:04:04,day,politics,69,0x53757615de1c42b83f893b79d4241a009dc2aeea,757.2468033330006,0.0,
2026-09-18 08:04:04,day,politics,70,0xfea31bc088000ff909be1dfd8d0e3f2c7ef2d227,749.4460025884691,17673.566913,ndb1
2026-09-18 08:04:04,day,politics,71,0xb1ce0561c9f8bc04d27d0d7dcb09e7a9f460ced2,725.9224162201881,8945.132759999999,Ed2357
2026-09-18 08:04:04,day,politics,72,0xc46f094934bb4fc728d90aafb6b4acc06c073130,711.381498009998,0.0,0xC46f094934Bb4FC728D90aafB6B4AcC06c073130-1768924929951
2026-09-18 08:04:04,day,politics,73,0xcd71fd5370880f3d92bb941e628c05840fe0d127,687.5335581100662,0.0,Kevindoto
2026-09-18 08:04:04,day,politics,74,0x7e25f3dbd55afd690302c4abcd8c3fb182d39712,676.2755999999986,0.0,Novatan
2026-09-18 08:04:04,day,politics,75,0x225c247de8bb280315dece341cd57367c5f240dc,655.6412944469998,0.0,Chulee
2026-09-18 08:04:04,day,politics,76,0x8de0771af4eb2785fe64eab139399abd30bd7f22,650.1091333669992,0.0,101456
2026-09-18 08:04:04,day,politics,77,0x67ce19b76f08d420ddd99856e78e65dfab5f3881,648.782417905998,0.0,uycghj4
2026-09-18 08:04:04,day,politics,78,0x62cf46cd4c3af254dccfc37a7f93de265b4b5826,644.5154216687661,746.3,eCash
2026-09-18 08:04:04,day,politics,79,0x60c15cf35dc1543d18b851e994b3f8d74c1bf605,641.2746776780023,0.0,sheen07
2026-09-18 08:04:04,day,politics,80,0x17dd123a0ad9675e6ed3155724a92b4632af944c,639.1930961769922,364.6,luciebot
2026-09-18 08:04:04,day,politics,81,0xff1e352d5310eab17d1e9fd7e00ec33f16c05e2d,638.362773801513,0.0,0xff1e352d5310eab17d1e9fd7e00ec33f16c05e2
2026-09-18 08:04:04,day,politics,82,0xe7387473b067235436884d16799777cf279edf65,629.8452278411132,0.0,Huludubu
2026-09-18 08:04:04,day,politics,83,0xa5761fa386787d4bb7fb9f866acf034647538678,612.3688537750181,21245.48,Top1-J
2026-09-18 08:04:04,day,politics,84,0xa8f13ff79c83a3884049e533d98a0c38c4a9d87b,603.0747986509505,4071.826078,panitom
2026-09-18 08:04:04,day,politics,85,0xcf43b3b62f7881c831e2d2370b870f5e8a08b321,598.6176423845036,137.958285,PiEDawg
2026-09-18 08:04:04,day,politics,86,0x3afef976a5d031b351da42c0ad0ff1f13c1d01d4,596.3181948099991,2342.0,Johnsansculotte
2026-09-18 08:04:04,day,politics,87,0x524db836890e08aceb3abcdee98d44240e324495,588.5796531509914,0.0,Mac-Gyver
2026-09-18 08:04:04,day,politics,88,0x220275250913a0af18fea9b24a2ce1fd85328787,586.248084999992,0.0,aangelika
2026-09-18 08:04:04,day,politics,89,0x57b00c3ccef1b6bd6962fb9ca463c4e0b38e76f4,585.6574960623402,12049.486344,nchgbhy
2026-09-18 08:04:04,day,politics,90,0xf1bc906542016cd921fe6a30c835a8df1ce6f674,582.7137096449997,0.0,burityps
2026-09-18 08:04:04,day,politics,91,0x8b9e534054dfc23bbfaa32afadb7b389049e6838,580.6328418914982,0.0,RVGym
2026-09-18 08:04:04,day,politics,92,0x0224bb9eb0a5c9fd261ac9123a72cbdd5748292a,574.7234901970078,0.0,zb8
2026-09-18 08:04:04,day,politics,93,0xbf4d202382ba5702721a8c43126f5f08163733ed,574.3527979735009,0.0,0xbF4d202382
2026-09-18 08:04:04,day,politics,94,0x328dc4b82869856f3e1a1eae904e67957641f7a9,554.6104100554949,0.0,apmt
2026-09-18 08:04:04,day,politics,95,0x805a922574d7d6b158b7bbb49a6fa8925eb60635,550.3709429100127,1255.168431,Snoorrason
2026-09-18 08:04:04,day,politics,96,0x5cd5c8d7a17c78d7389d8b87b611aed83322ac33,548.7426547357754,222.0,nonkenny90
2026-09-18 08:04:04,day,politics,97,0x88e2b1b6c7847828fc91af43aba2fee07fb07489,535.2605566425482,1088.935889,pakukudolphi
2026-09-18 08:04:04,day,politics,98,0x8aa739ef6613b1e647fc992b06cf569f5b540d94,533.5743210450019,0.0,Rafifa
2026-09-18 08:04:04,day,politics,99,0x99dd407b80e45874638d783f54b0d8c097544303,531.9569279845091,2637.95,weaklei
2026-09-18 08:04:04,day,politics,100,0xc550e5ee1011afb6d37c7fbb18fea32e03f9272d,526.4285934497384,429.14,alwaysOn
2026-09-18 08:04:04,day,sports,1,0x63cf8544631c31e9fcea0b02141dd24d01d6e4d0,1441699.4465850159,0.0,halvanicus
2026-09-18 08:04:04,day,sports,2,0x369f46433349a57cd6d08abf2819da737c09873e,363573.9994990951,0.0,kindar
2026-09-18 08:04:04,day,sports,3,0xd106952ebf30a3125affd8a23b6c1f30c35fc79c,68041.67952354782,46384.300393,Herdonia
2026-09-18 08:04:04,day,sports,4,0xabb89972b21b304c1bed2bf26f35c8741ac9bba3,59828.80097306706,1160.724479,Feromont
2026-09-18 08:04:04,day,sports,5,0x5e9458202b5817a72cf81105ec8a30e6f3705ba1,56350.19688024779,0.0,pleaseplease123
2026-09-18 08:04:04,day,sports,6,0x8a8685a792c184e5c2ee8c7d4d4baba7c2c94998,53452.07508347987,155009.39523,BrotherObama
2026-09-18 08:04:04,day,sports,7,0xf0318c32136c2db7fec88b84869aee6a1106c80c,49862.65856850473,344474.625046,BreakTheBank
2026-09-18 08:04:04,day,sports,8,0xcd84d7f9262516865553555751609fb6f52abec6,49475.15987194097,0.0,Donkey14
2026-09-18 08:04:04,day,sports,9,0x9052a5f2324b8efa264a2a37e942770284143c2d,48543.73200000008,64151.65,YEEES-but-why
2026-09-18 08:04:04,day,sports,10,0x55a1f55fb021eb52f5233321f88ff8eca5aedb28,42182.85625315194,73306.89000000001,vjnn
2026-09-18 08:04:04,day,sports,11,0x82398835fe16616214d928ba87127e28fc1cd9a3,40784.7184728923,0.0,Kosherlocks
2026-09-18 08:04:04,day,sports,12,0x682005011dd19c1e986cb060ed6ab83845f21c19,39396.03263528542,61918.75,winwin518168
2026-09-18 08:04:04,day,sports,13,0x43b68e2ab6780df11cb2ed35050fee512d0a9a9b,37204.62720312,97731.67175499999,maiqiuyangjia
2026-09-18 08:04:04,day,sports,14,0x0e604be17c231a33dc01e38a722c7fe3984e3bad,31457.517898200662,37901.515994,0xwise
2026-09-18 08:04:04,day,sports,15,0xa080dadd87036ad01dbf5e9c254b0c3dbdba234f,31280.593907946022,2138.510488,bands1
2026-09-18 08:04:04,day,sports,16,0xa1e6ba93d878b71a895f80fcb5c36337143fe1c2,26059.60352000001,85722.38,nuttypoo
2026-09-18 08:04:04,day,sports,17,0x32b484581fc5606de9c1e43af4636b6be9bc8b21,24556.767204910982,280575.07116000005,0x32b484581fc5606dE9C1e43AF4636b6Be9BC8B21-1774274303653
2026-09-18 08:04:04,day,sports,18,0x1d1ade627d0bb0205758580b20d808573e720df6,21366.087392839952,0.0,Pwaddler
2026-09-18 08:04:04,day,sports,19,0xf68a281980f8c13828e84e147e3822381d6e5b1b,20011.111928797676,41644.638491,Nooserac
2026-09-18 08:04:04,day,sports,20,0x2005d16a84ceefa912d4e380cd32e7ff827875ea,18093.135069122538,1031966.4434339995,RN1
2026-09-18 08:04:04,day,sports,21,0xf28e42d20e4826f2b10a24bc952001697947cab2,16314.768470001873,258391.13999999998,ethanaz
2026-09-18 08:04:04,day,sports,22,0x52f5efdfb8759d4b9be1fbe63f80401474445e8a,15142.844349999998,0.0,martingaleking
2026-09-18 08:04:04,day,sports,23,0x6157d529ae129fe08f22a27ed42e741d2eaa9fb4,14926.304579899559,0.0,DaBossHogg
2026-09-18 08:04:04,day,sports,24,0x5f38747053bb642bb3ad456c5766ad9e6fb9eb70,14465.659149999978,33.23,vilkaZ
2026-09-18 08:04:04,day,sports,25,0x27f738fe203827445690339104aae35b20bc44b0,14379.267005999718,9926.0,ic4cream
2026-09-18 08:04:04,day,sports,26,0x9ee49c02ae1ade698bf9e06d4ca271f236b8697b,12513.589999999997,62567.950000000004,cosmicxbt
2026-09-18 08:04:04,day,sports,27,0x866056133a70de9282a080758858d1a0c8b393ed,12375.0,0.0,esportsbetter1
2026-09-18 08:04:04,day,sports,28,0xe9076a87c5ed90ef16e6fe6529c943baeca0cff6,11629.281727065332,110860.674408,suntori
2026-09-18 08:04:04,day,sports,29,0xcf218ae47e8eb183fac019d3412df8b2365f667b,10382.68499999994,27141.0,sjdhjnxnsjjdheyygajshjdpolq
2026-09-18 08:04:04,day,sports,30,0x1610db79f753a80207e1d66716be9e91e627ae49,10246.940000000177,0.0,HMLSF
2026-09-18 08:04:04,day,sports,31,0x0ced59114ee6992fc0c43fdd9ad86f7c757b62cb,10133.414549999998,0.0,DeadliestCatch
2026-09-18 08:04:04,day,sports,32,0xbca08c1bc204a34f2fddbe47b438b9bd42ac9705,9989.050753253978,145808.919966,justaluckydude
2026-09-18 08:04:04,day,sports,33,0x2ec5ac52dcb5537f1fe8b47ee3cfd34bd666fd53,9869.774877273187,68154.81981000002,Gordinho55
2026-09-18 08:04:04,day,sports,34,0xd98787eb89f48c199ec0edd6fdb10219df6bae37,9272.644349999999,0.0,PetuniaPettigrew
2026-09-18 08:04:04,day,sports,35,0x17c4f7e008fe22d69865f73f29329b6e76b92471,9040.328209999985,19040.326982,0x17C4f7E008fE22D69865F73f29329B6E76B92471-1780774412121
2026-09-18 08:04:04,day,sports,36,0xa2c908ce8b8386bc8c5471120c5a662551332c23,8649.940300000002,0.0,jaytee158
2026-09-18 08:04:04,day,sports,37,0x6db568e61e5e3de7d87f831431b673f38ce2e279,8310.518391679972,53844.56,
2026-09-18 08:04:04,day,sports,38,0x664a25f165a0150ce687410470f3352f5783fc5f,8216.530876663059,20244.155271,itsonlyamatteroftime
2026-09-18 08:04:04,day,sports,39,0xb9392e612a5b05063ca012b5dede548e16e5da70,8155.146999535,0.0,IcemanSeason
2026-09-18 08:04:04,day,sports,40,0x226bf1220731af372b1e7d572959414f31b4cad6,7783.8469052011205,3317.292308,botbot
2026-09-18 08:04:04,day,sports,41,0x81804300d6b3f3a59424ca86b3d461b9a1b7f4da,7749.999999999996,25000.0,Wldntulike2know
2026-09-18 08:04:04,day,sports,42,0x86e99faea12fccd8925de5d9f052471baf7a4cdf,7177.380213879864,1376.02,JUSTINHERBERTMVP
2026-09-18 08:04:04,day,sports,43,0x6ac96d439f44a8dd84de19a781fcbbab5bdee85a,6487.122400548607,21411.0,sifonman
2026-09-18 08:04:04,day,sports,44,0x8efa1ea8ee2d456a051ae2985079a1e3c9aa894c,6358.979367388931,0.0,
2026-09-18 08:04:04,day,sports,45,0x6c70a8f664cc9f891bccb99f994b0853ea259168,6308.903798049996,7999.952193000001,gothangelsinner
2026-09-18 08:04:04,day,sports,46,0x03e8a544e97eeff5753bc1e90d46e5ef22af1697,5942.74199999962,0.0,weflyhigh
2026-09-18 08:04:04,day,sports,47,0xae2b0aaea325a32870f56ff19df3b87acaa190ea,5672.930473093118,0.0,TB14
2026-09-18 08:04:04,day,sports,48,0x2117ae94a97d69b78cbc81b6680a62deb1955c26,5625.784893979435,3008.0,Zzzz87
2026-09-18 08:04:04,day,sports,49,0xed3192e93b31c3933031570e310ed04a80d7d9c8,5533.943362999997,11255.358156999999,derriver
2026-09-18 08:04:04,day,sports,50,0x2ed17c5026b12cac4570e30d6543f7471939caa2,5364.15166665666,29466.666666999998,RCHUP2
2026-09-18 08:04:04,day,sports,51,0x4132070d75f124a5f2a4d13ec0a4497dee6ba5a5,5347.660430200143,12666.143630999999,0x4132070d75f124A5F2A4d13Ec0A4497DeE6BA5a5-1723503232987
2026-09-18 08:04:04,day,sports,52,0xc506cc1d5efd0c85bcb94f9ecaf1b541921ce987,5336.008274592001,0.0,Berniepaidoff
2026-09-18 08:04:04,day,sports,53,0x4eee1f276849a3b98d1e0c0bac458e06cbe75841,5136.974233318466,6829.178158,milkthedip
2026-09-18 08:04:04,day,sports,54,0x9b11866433281ade9f2811dbde8acdefc45f5375,4979.622402896581,799207.935502,
2026-09-18 08:04:04,day,sports,55,0x37e944c698f533d3144d1175f3e846dcafb9eede,4836.5177000000185,0.0,GaoJin-GamblingGod
2026-09-18 08:04:04,day,sports,56,0x3663ed135115e034de3a9ad8cdca8493e8d68950,4835.432768209932,6207.23,Nikos888
2026-09-18 08:04:04,day,sports,57,0x0fb56074533c6bde3d6b0786f47ccf0e7f58e503,4801.31479365423,5381.4,Mrfattytiger
2026-09-18 08:04:04,day,sports,58,0x01e6e3c5cfe50943e7721398054cb1e22032e7e0,4737.177839930504,14087.874678,JustADonk
2026-09-18 08:04:04,day,sports,59,0xa6940651c6d219a3a0d7f1865acd71eafc86ab37,4629.665666066125,4563.046652,
2026-09-18 08:04:04,day,sports,60,0xcf7379b4b891c06d88807f6f70efa75378120215,4602.528101819844,41235.348470000004,NM-P
2026-09-18 08:04:04,day,sports,61,0xf499ffe714952193c81b3965f65ae73df95cb5d9,4589.600838898643,0.0,Htxclocks
2026-09-18 08:04:04,day,sports,62,0x88c3fcdca5c1a4afbcc6352ba3a50123d17dbea3,4455.000000000007,0.0,GEAEW
2026-09-18 08:04:04,day,sports,63,0x162ca4c5249987872fea1e15c846d7fe80316c47,4369.04180099949,10444.120437,VD721lsj4938Dk388
2026-09-18 08:04:04,day,sports,64,0x37e1a990aa3f5263c2c0ffaf663e0e6a42b77b80,4369.00073565479,45725.952777,filipredress
2026-09-18 08:04:04,day,sports,65,0xde9f7f4e77a1595623ceb58e469f776257ccd43c,4314.3932074322365,35252.84829600001,tradecraft
2026-09-18 08:04:04,day,sports,66,0x248eb30636557c72250bac2ae1c37a9bcb020b3b,4265.738042320658,18482.637182,
2026-09-18 08:04:04,day,sports,67,0xc32359bbc920b365a05cd310b9a998508c980077,4251.032470840015,0.0,0x2a075c15e5d5a133b2cd6C882A93C879E6CF00D8-1772812507354
2026-09-18 08:04:04,day,sports,68,0x1a6692c85ec7ab4503ae10bd8a30da8e0ca4ae5e,4228.5714288968375,0.0,fenglin5945
2026-09-18 08:04:04,day,sports,69,0xbbf379252411511adab081f016dc991aa6bbaa3a,4203.76245950946,43511.454646,0xbbf379252411511ADAb081F016Dc991aA6bbAA3A-1768154730738
2026-09-18 08:04:04,day,sports,70,0x224f7ef690d952cf551a471846d5afb4892e514a,4003.819228398592,43325.38874299999,WeBuyHighWeSelllow
2026-09-18 08:04:04,day,sports,71,0x2d6ac4f70307102ac46e9e6ded67f3838ddf8add,3998.7086402067216,46049.17604499999,GC-P
2026-09-18 08:04:04,day,sports,72,0x52d93dcf81444f793dda7fedc370f7a35101fb1a,3995.9221502710716,46461.78518400001,LuckyLoo
2026-09-18 08:04:04,day,sports,73,0x7ea571c40408f340c1c8fc8eaacebab53c1bde7b,3965.103106973227,26028.567960000004,Cannae
2026-09-18 08:04:04,day,sports,74,0x3e04fbc51adb75418129f6ce2091ae633070564d,3954.1426350363326,4444.0,roldy
2026-09-18 08:04:04,day,sports,75,0xa1f39b9b21a7bfb0f540cf106b92e240c7b7d99c,3924.0368005585187,7166.554717999999,facai86868
2026-09-18 08:04:04,day,sports,76,0xe7870d0e1bfc65a23e3d66caf00ca1b9129e5034,3800.568294145116,4870.417074,Kkunn
2026-09-18 08:04:04,day,sports,77,0xeb34b86ca3ca64eb3cee6c9a0cce668385df7268,3798.9641331494786,157051.54096700004,kneelbeforetheking
2026-09-18 08:04:04,day,sports,78,0x427274d53d9088f65334f373cd1932c2c4492f9e,3694.578414999998,38424.943339000005,luckerpony
2026-09-18 08:04:04,day,sports,79,0xf91683432c57581b0c8c58eb3bd0d6e5f03fe770,3647.041981914983,7240.7686969999995,Salad1
2026-09-18 08:04:04,day,sports,80,0xd88ad596fa48b3ea6acac2c699bba7a92abca7e4,3611.5011350000004,17473.152446,insidiousidiot
2026-09-18 08:04:04,day,sports,81,0xe3bc16531ce804a85fdde0ed6641e5f275f1056d,3584.9056598901852,0.0,randosniper
2026-09-18 08:04:04,day,sports,82,0x6055af2b735b5840988c2d1025c74981dd2c5fde,3581.9392009211133,2898.550725,ForMyFamily1
2026-09-18 08:04:04,day,sports,83,0xd9425013c71600448b32e9c2dd6bc7eb30bdf9d3,3454.2783930000037,8502.971113,SquatFT
2026-09-18 08:04:04,day,sports,84,0x98d52b88dc228a4b49e2514f8d368b4e6c582ec4,3387.8332500000015,0.0,Grig515
2026-09-18 08:04:04,day,sports,85,0x661daf6af6d884012dd6db73c09d72e8be224dc6,3364.44522199966,5538.323104,DOLLAR-PRINTER
2026-09-18 08:04:04,day,sports,86,0xe8c4d68aff65b38cac46987b9b65e01eb47d395d,3359.5034885398927,2985.033451,JAMJAMJAM4
2026-09-18 08:04:04,day,sports,87,0x7220fce5fa98e0e02340dccf61f9a59eb901c34d,3348.9703499999996,0.0,viprizz
2026-09-18 08:04:04,day,sports,88,0x44a1159b925c145e70f746bb3f0f58380553bd21,3278.579360140604,613.876667,yupiiiiiiiii
2026-09-18 08:04:04,day,sports,89,0x0f3433d8b7596000bf1046aa822308d93cf67684,3269.712797999986,8476.0,
2026-09-18 08:04:04,day,sports,90,0x1f624696c102b99bea92c75a502fa7e4a6d676f6,3265.1914986218017,38216.12287299999,emacron
2026-09-18 08:04:04,day,sports,91,0xd1049158a102840ce595efc6ab683a0cb6fbacef,3229.9992497960047,0.0,pilimili
2026-09-18 08:04:04,day,sports,92,0x418d51e13d019913bb027db22ecc723fe1ad88a3,3149.439999999966,10500.0,0x418D51e13d019913BB027DB22ECc723fe1AD88A3-1720918577961
2026-09-18 08:04:04,day,sports,93,0xbfb186d4bd1980da3d4058d5ede03a22e60642b9,3134.7006873599994,11296.720000000001,PackersPete
2026-09-18 08:04:04,day,sports,94,0xaaaa30bb9079a6287eb39dd2c53ef17fc2e374d8,3123.2997604999982,176.0,xasdasdas21
2026-09-18 08:04:04,day,sports,95,0x3f245463ed64a5780275606561438410a58034a9,3050.1915557657658,24645.480952,
2026-09-18 08:04:04,day,sports,96,0x4673ada08165c01e90c8f6f8d3f6dcd26f20d99b,3032.6495951249863,0.0,rpzz
2026-09-18 08:04:04,day,sports,97,0xb7271c112cbd83eb4c1ef1b554ff963604ae2a9d,3007.627577174906,252.322216,Elaran1993
2026-09-18 08:04:04,day,sports,98,0x970998da056e60c707d9b1fc55cfdf3d68c252ab,2921.2670217950945,1617.3701970000002,Cypya
2026-09-18 08:04:04,day,sports,99,0x41b4cd880a61de2f5728594decf7f2cbfc2a10da,2887.9981970684894,0.0,zagzig123
2026-09-18 08:04:04,day,sports,100,0x78e5c68f93c82965126e200ce4cfd37243ec1bae,2875.043028960001,0.0,easytrades8
2026-09-18 08:04:04,day,crypto,1,0x1465b79bff7992bc703e1aafb3683b1089647072,34355.41804992978,94476.26631600001,JnStrtPrdctnMrkts
2026-09-18 08:04:04,day,crypto,2,0xb87532a1a04c654700aa8153b3a95675ac4f4b16,27316.882313933973,0.0,En11006
2026-09-18 08:04:04,day,crypto,3,0xd2d7b600763aac780bbbf44f25a17f5860a482e2,21747.38616000001,27186.16,punyapple
2026-09-18 08:04:04,day,crypto,4,0xe87f99db88da7a2e1b1b81cc71685a243b99f8e7,11991.886437586105,500.0,Creamethod
2026-09-18 08:04:04,day,crypto,5,0x7e3471906a6a168f57a4a2ba7ed27206b1b34cc1,8759.816433089996,0.0,Lecsoman
2026-09-18 08:04:04,day,crypto,6,0xee67f4f549180f564dd5910b1024b8c6729cef38,6616.675284984987,0.0,keasiyo
2026-09-18 08:04:04,day,crypto,7,0x42d150e0171590b28332a61b3f4cfca0a34cdab6,6205.19924778986,0.0,notprofitabl
2026-09-18 08:04:04,day,crypto,8,0xf705fa045201391d9632b7f3cde06a5e24453ca7,5854.200298934244,55755.411899,
2026-09-18 08:04:04,day,crypto,9,0x6db983ff1cbc85249e64e6ccd101aaa613ba4ab5,5416.726351530058,30.378691,tsihkodiives
2026-09-18 08:04:04,day,crypto,10,0x1cd24cc49782240413903b4b7e7694779f917f85,5287.94857887899,0.0,bitterfish
2026-09-18 08:04:04,day,crypto,11,0x1006ed4964335da71b52d7bb3fbcae208e5ce85b,4865.571895000121,11693.68,0x1006ed4964335dA71B52D7bb3Fbcae208e5ce85B-1773412290273
2026-09-18 08:04:04,day,crypto,12,0x2e4d05beafd81a6e85bc0c6a94820d61ef34f703,4182.720717730088,0.0,woshiLimpeh
2026-09-18 08:04:04,day,crypto,13,0xa5a084a306d3dc2b094dd485f655264a3ef50cf9,3991.041382,7635.090081000001,KK00932
2026-09-18 08:04:04,day,crypto,14,0x9d57c42e847173d06841703825d3fe2299e456ea,3916.8594156811887,147652.378358,Polkadot-Frog
2026-09-18 08:04:04,day,crypto,15,0x7e5d2991c2647de2348287e2f499329fc6a6c4c3,3881.8861019338365,56572.130463,aswfadq1555
2026-09-18 08:04:04,day,crypto,16,0xab51c55eb5cefec49c52a174acc10b3cd69e2473,3854.6838693169993,0.0,Longdemshiuchiha
2026-09-18 08:04:04,day,crypto,17,0x5f376822451bd49a69b8a62e6c716d1118d238ff,3736.54753324,0.0,norbeszbete1
2026-09-18 08:04:04,day,crypto,18,0xb27bc932bf8110d8f78e55da7d5f0497a18b5b82,3718.901341673569,318907.75673,
2026-09-18 08:04:04,day,crypto,19,0xd7d52e8a45dfa0fec14ea77a690228bbc48d29e7,3520.5612656599956,39829.00476,Terabox
2026-09-18 08:04:04,day,crypto,20,0x55e2436d747835c7e40b0c6cf92f632bf1215fc9,3392.15240049002,0.0,Rhabarberbarbarbar
2026-09-18 08:04:04,day,crypto,21,0x3048d65321be3497164cdfc2996f94f98a2e7537,3354.2340241877246,187918.977267,x-MoneyForWhiskas
2026-09-18 08:04:04,day,crypto,22,0x18753761c7d4e481ede322ea2d420d9884c7a782,3324.524894999936,6490.2699999999995,
2026-09-18 08:04:04,day,crypto,23,0xc1737e2db2d19e0b73a958ecd5d0f279d0e726ee,3216.7255343004363,9800.97958,GoodRecipient
2026-09-18 08:04:04,day,crypto,24,0xb55fa1296e6ec55d0ce53d93b9237389f11764d4,3128.1871385250706,105332.22660299999,0xb55fa1296E6ec55D0cE53d93B9237389f11764d4-1777575277609
2026-09-18 08:04:04,day,crypto,25,0xc2dbb83dd39f9d604dbc5eee1f541baaee996865,2905.918937070005,0.0,Noteagle
2026-09-18 08:04:04,day,crypto,26,0x5a218c7ad04135830a45c41aaed7294df7809318,2878.4262035168285,6281.5137380000015,balthazar
2026-09-18 08:04:04,day,crypto,27,0xc2ad03f79ca3f3c17d8c7de2612ce0c89b7d40ed,2821.8468410243513,64241.87745300001,bosona
2026-09-18 08:04:04,day,crypto,28,0xd1436fd149ffe4ec20f385ecf91b55e54a8f83ec,2710.791512669999,0.0,0xD1436fd149ffE4EC20F385ECF91B55E54a8f83Ec-1762509323867
2026-09-18 08:04:04,day,crypto,29,0xef104cc70851a4246e8e06790d7fad9708190b43,2556.230242212332,6376.263102999999,fiankee
2026-09-18 08:04:04,day,crypto,30,0xd1049158a102840ce595efc6ab683a0cb6fbacef,2546.8763208100027,0.0,pilimili
2026-09-18 08:04:04,day,crypto,31,0x3725d52f3c252e8374999cc8617292ea2608ad88,2308.711388673575,57776.863291,almach
2026-09-18 08:04:04,day,crypto,32,0xc53375ff94e96100f2b30a4b5775db35218d69a9,2291.943360758334,115980.688285,dangerously-skip-permissions
2026-09-18 08:04:04,day,crypto,33,0x21f4c1a1be34a39a7bc20985df4b7e5a39fb691d,2220.1821214141382,236343.365716,iR5oIctspWfiWhFKjZwl
2026-09-18 08:04:04,day,crypto,34,0xe0a7606179ece09f570f3430e49b9bd41d5f063e,2165.6586521836616,20856.920948000003,0x10e131b8c71888adb0f1480143143c0
2026-09-18 08:04:04,day,crypto,35,0x2476c35c4b70cbb0d0cdf8d4e5332a3c51718436,2131.2208855200006,0.0,beheo123
2026-09-18 08:04:04,day,crypto,36,0xae3db1cc155e1b2a5420e256c42cd1649b5a6b95,2130.194623363961,59573.193831999975,suspiciouslyLucky
2026-09-18 08:04:04,day,crypto,37,0x0d2d845a6ff64e31e04a70afce8a573940767ff5,2128.87023760554,34743.581979999995,38791873984189
2026-09-18 08:04:04,day,crypto,38,0xe339bba7fba043520d83516ce22add16beb6e01b,2109.714901428999,0.0,12Alexander12
2026-09-18 08:04:04,day,crypto,39,0x75fcfdc90a173071ac2010fa9c9842c582e30a4c,2099.782775850923,12062.901700999999,AutomatedTrading
2026-09-18 08:04:04,day,crypto,40,0xce50c96b976203b53342a0a801067d2cdcfcf46e,2075.733685222396,26586.904393,honey-spot
2026-09-18 08:04:04,day,crypto,41,0xa40a970102c23322a0f5e28332a58c89dcf3fa62,2040.518600000054,0.0,BTCmaxi
2026-09-18 08:04:04,day,crypto,42,0xafe65d1671a61dfaab2b463257450ec7f1fe8192,2001.9160871799904,2499.78,TOWERCAPITAL
2026-09-18 08:04:04,day,crypto,43,0xc0c05a8897e24ef2fa770ce7d2b33c4a30924aab,1922.699999999997,0.0,dogme
2026-09-18 08:04:04,day,crypto,44,0xca43a3788795a7aaa868af4e034dd31107fbb369,1893.4568779999954,3794.432055,Upto100k
2026-09-18 08:04:04,day,crypto,45,0x84389cfc4a652ea14d8d8be969769b1f69de3680,1808.247361024391,12335.098075,Atomforge
2026-09-18 08:04:04,day,crypto,46,0x129246beaac356e104c397f0985c11b7469be5a6,1793.020879538799,10684.842660999999,0x129246BEaac356E104C397F0985C11B7469Be5A6-1777899466845
2026-09-18 08:04:04,day,crypto,47,0xd0079e40973ef5ab52726a2ccc6f65dc882c4626,1785.830660000016,13009.999999999998,
2026-09-18 08:04:04,day,crypto,48,0x0f69310a7c8a1caefb7818bd40e41b2c621df5ac,1761.745544960445,522.965715,OopsieIhadaPoopsie
2026-09-18 08:04:04,day,crypto,49,0x32ed2e546b187ca15e2841edc82b22c713cf8ec3,1759.1644600150757,53720.14641,mo-money
2026-09-18 08:04:04,day,crypto,50,0x6dc4bf9d9be9b28e303c3ff1c403fc04e3bc6770,1756.0472436225027,0.0,RealMaxNick
2026-09-18 08:04:04,day,crypto,51,0x41e2e1ccf1e4940029af02259a31c6b89b9fa354,1551.3044367938564,116989.178975,norm1e69
2026-09-18 08:04:04,day,crypto,52,0x125a399cc5cb7cf7cbe8f010a05f0ed673374f02,1530.6962820571762,9325.816417,heyboy800
2026-09-18 08:04:04,day,crypto,53,0xcb43452d00c374e826641e9e3bddff3394ec98b0,1515.7635410301837,6452.131475,five008
2026-09-18 08:04:04,day,crypto,54,0x239e726f1f4131ca78a7e5abf1fec86bfc151c10,1469.1448014180714,58622.14175199999,EZTRADENL2
2026-09-18 08:04:04,day,crypto,55,0xd79584947d43109b229ed5c7c94ee6a491fa0c5d,1459.664435,4931.984536,slothcar
2026-09-18 08:04:04,day,crypto,56,0x90aeb17a38f23d128acfcbcc8b7449c40b65bb56,1458.6315819999918,34725.181800000006,tyiaois
2026-09-18 08:04:04,day,crypto,57,0xd9013df863c1ba932780857b020dfdeacedf8e14,1453.534780089336,7929.611884000001,PoopStreet
2026-09-18 08:04:04,day,crypto,58,0x249d78f68853cdebb56a65d021746b725bed5df1,1446.9741322375005,0.0,Feby
2026-09-18 08:04:04,day,crypto,59,0xe617861a96631d7cefdb1ad43e95c33b5946f251,1416.9704829800048,0.0,
2026-09-18 08:04:04,day,crypto,60,0x43a6d60de9824e8ed8b0a2d851f49fcaf1e38b32,1365.2744991219988,0.0,-Yang-
2026-09-18 08:04:04,day,crypto,61,0x9595b9d67a821bebac4627a1f5c9a5540dc42008,1362.8374356369786,24010.243407,ghuhkhh6769vggvuyyug.
2026-09-18 08:04:04,day,crypto,62,0x8b066217c8c3294a989ca9330e94d9c0810e8d91,1341.5094263550188,3489.298918,buildacombo
2026-09-18 08:04:04,day,crypto,63,0x90210b1bf625f10374d7eae94d8893e4b000870f,1306.1782406004781,3038.982817,c2390f30fjs0fj3u0ss
2026-09-18 08:04:04,day,crypto,64,0x1f9c6dbee842f14b07b0b01c38ab34206566fb0a,1301.0672462520997,2961.371174,iuaefgq490t3g
2026-09-18 08:04:04,day,crypto,65,0x78becf0a4e4f2640380af0c19ad32e2557e6bde0,1284.8461449999973,12459.483563,
2026-09-18 08:04:04,day,crypto,66,0xbf5fe8bfc9ec6e7ff7a311ea85cfc0d2901ac035,1273.5849059999673,0.0,trulyalya1
2026-09-18 08:04:04,day,crypto,67,0x36043d916a6336445c8110829b1c63eff879dbb7,1267.9423999999944,1600.0,Richlukcypotato
2026-09-18 08:04:04,day,crypto,68,0xcd64bd985cc0a2c2aecaff220c5317232b4f1f67,1250.4640479999998,1530.7225,taderoffical
2026-09-18 08:04:04,day,crypto,69,0x57e4ca39e930446741716509a20f73ba6a577bec,1247.8153812700002,136.01,u3rhi32h7
2026-09-18 08:04:04,day,crypto,70,0xa2f1fecf1cc7db65a46588f764b6691533052d22,1243.3897430943325,7193.14,elPolloLoco
2026-09-18 08:04:04,day,crypto,71,0x0fe40e887acbd0022f89d996acce26ab428501b7,1211.3275306311552,49880.754735,gobblewobble
2026-09-18 08:04:04,day,crypto,72,0x68df490401a6a7f4c4328a3cc5ae1d206de452e8,1183.425452,1781.1899999999998,steamengine1
2026-09-18 08:04:04,day,crypto,73,0xe392d6cc6a012f306cef646f79114eb6f351c023,1169.425112336423,8185.981258,ssddssd
2026-09-18 08:04:04,day,crypto,74,0x691fd030b65f88a73905ba30674bdc839a85877a,1154.71853309799,9478.106279000001,0x691Fd030b65f88A73905bA30674Bdc839a858
2026-09-18 08:04:04,day,crypto,75,0x496121ba250d47b62c2d84b3414a99aeeacade13,1151.9629888206935,9470.334925,Anon455
2026-09-18 08:04:04,day,crypto,76,0x8ec422e3b8d0c4b86b57c97074d5fff43e0854f2,1136.3300868509305,16838.088443,maroon6jdjdjdj
2026-09-18 08:04:04,day,crypto,77,0x55aeeb3eb4e8cc0da6d9e4939caf533bf6c3f5df,1104.373949950068,92242.82810000001,animal00
2026-09-18 08:04:04,day,crypto,78,0x064a11fc5830cb1741a543f5be48068e46f0245d,1094.7072259999532,1628.9773999999998,elysiian
2026-09-18 08:04:04,day,crypto,79,0x1972ace8aeded47fdd062d9ac0115c0c125e31c2,1093.9567432410117,5171.940546999999,underss
2026-09-18 08:04:04,day,crypto,80,0x1f7e61d1aefa3028afc7483fc252a125baedca52,1060.9759071163217,33447.483615000005,EZTRADED4
2026-09-18 08:04:04,day,crypto,81,0xa75ae472a6ef117c1e10eec152294b709ffbc913,1054.005964647642,2970.81588,kakadu12
2026-09-18 08:04:04,day,crypto,82,0xc89a4491a272ae479ed8ed4e6a297d404bd66391,1035.8570418830823,13112.471432999999,Vincent.H
2026-09-18 08:04:04,day,crypto,83,0x8b8762de175b0c9c86453239e0dabbedd6d73e8d,1034.3833379949956,2.78,MickyMauldib
2026-09-18 08:04:04,day,crypto,84,0xb48fce4f1ce48f6fdb8b96b1f67059574f528abe,928.371009477688,10135.030304,0xB48fCe4f1CE48f6FDb8b96b1F67059574F528abe-1773727907098
2026-09-18 08:04:04,day,crypto,85,0x1b414826a2c991d5ae1669a754291626d0df0b56,928.2744370528453,23240.253688000008,Kathod-Shi-14
2026-09-18 08:04:04,day,crypto,86,0xede186f37ead91aa618cf8101db2bfe6b6c57dd1,925.7769999999982,0.0,KongX
2026-09-18 08:04:04,day,crypto,87,0x7cd156802a8c9f4c9c8a1fa6270529c8b43e8d05,915.972696000048,8511.324106,0x7cd156802A8c9f4c9C8a1FA6270529C8b43E8d05-1766113882443
2026-09-18 08:04:04,day,crypto,88,0x3eba55f41f4064bc4b070d06a00fec7c2dd5849a,909.2788259549998,0.0,pwnatorul
2026-09-18 08:04:04,day,crypto,89,0xeebde7a0e019a63e6b476eb425505b7b3e6eba30,904.9228253916372,114221.39955700001,Bonereaper
2026-09-18 08:04:04,day,crypto,90,0x5076159ad56e3867acdf452505196d942bdb905b,893.0493812787263,7193.636274,0xdevjoepol
2026-09-18 08:04:04,day,crypto,91,0x920e3cccc79df84f8cfc981fff22f96b7352f3f2,888.98428979041,19409.708137,0x920e3cCCC79dF84F8cFc981FFf22f96B7352f3f2-1781563645014
2026-09-18 08:04:04,day,crypto,92,0x828b32d58d6624b0716f8f8661cbef5529cba12b,856.0731022184918,15879.942402,devonpoll
2026-09-18 08:04:04,day,crypto,93,0x2743b3df2d7ebeabfddc89a38d7033bf249feb39,852.3352762775148,4374.046254999999,
2026-09-18 08:04:04,day,crypto,94,0x1404d5f2ff3be8a1fbd2aff6681ca99bb37ede47,851.175621098284,26639.392529,peepeepoopoo24
2026-09-18 08:04:04,day,crypto,95,0xb8c40cfb12b96a2c69b84b82ef2d8414c3469099,838.7704461795871,9487.608999,henesys
2026-09-18 08:04:04,day,crypto,96,0x281eaa8bdc277a0ab3c3627897b2c64422c19ed9,831.8396001807305,11695.492208000003,jotpol
2026-09-18 08:04:04,day,crypto,97,0x3dd87638b88400f0a3b7cdb62ed0fe25b8b41055,829.5006488776689,4331.300128999999,LASHF
2026-09-18 08:04:04,day,crypto,98,0x66ad4221d66358ab9867f6d8cae73ede08e5cc4e,825.8554826999898,0.0,Marioy
2026-09-18 08:04:04,day,crypto,99,0xc6accd5b5f647aacb751b8f3e9d640e723733778,817.0867560348161,14640.756598999998,deepmoat
2026-09-18 08:04:04,day,crypto,100,0x75cf6be35400048f8978815f9fd4ae7ef5fabe46,816.6026403904609,4624.365536,0x75cF6BE35400048F8978815F9FD4Ae7eF5FAbe46-1783100085959
2026-09-18 08:04:04,day,finance,1,0xa19cbababc312f9df185e49d7004c249ed1ade6b,7468.461440251631,136.0,Tokor
2026-09-18 08:04:04,day,finance,2,0x1018fa33923d8b0f4b0f8a0822ee045d46027264,5441.298840570569,0.0,EgoVolae
2026-09-18 08:04:04,day,finance,3,0x3a8aa345d5db7ec5138298c8c4f4540259be7699,4483.008943479013,0.0,TheReturnOfDarthMaul
2026-09-18 08:04:04,day,finance,4,0xc6e956068048c1cf98d8f0b3a495edc9da130741,4017.8819147410104,0.0,luck00004
2026-09-18 08:04:04,day,finance,5,0xeb490d0534bb68b4c2ce139b219a728cd2c3693e,3956.252883535006,0.0,78979879879879
2026-09-18 08:04:04,day,finance,6,0x2974bd0059e48f215c391882976e0f1b4c8c9c23,3771.640967168096,4944.470139999999,65765757
2026-09-18 08:04:04,day,finance,7,0xeb34b86ca3ca64eb3cee6c9a0cce668385df7268,3202.420660757998,841.37082,kneelbeforetheking
2026-09-18 08:04:04,day,finance,8,0xdefebc7ed6f5d6e8710398f37eea6fc1746a17f4,3091.043020699977,28710.819124,e25247f2da2a2462f03c936c379b7ab0
2026-09-18 08:04:04,day,finance,9,0xac9b386454ed02ef205e0ebd189d8864fd02d4c5,2744.1008342135,0.0,tryingmyluckhere
2026-09-18 08:04:04,day,finance,10,0xb47adfafc08e77ec77b03a6d1496066675ae6d60,2625.10628973,0.0,0xfree-money
2026-09-18 08:04:04,day,finance,11,0x539d01b1c4d860570a3ea35aaf87168a1f351e69,2589.1853916600035,0.0,fitmk
2026-09-18 08:04:04,day,finance,12,0x7f9e2d1df78614564a70becc7fa14aa9a6623a0e,1835.408071630125,3625.928449,LulaVaiPerder
2026-09-18 08:04:04,day,finance,13,0x40604cb1f958c03bea0b18aa43e4cb0d62f33ec3,1786.5064574564458,5713.84,C03B
2026-09-18 08:04:04,day,finance,14,0x88c4919de76e526d55a32c1f8afb439dd1f1129a,1707.4319853604975,0.0,RenanPresidente.
2026-09-18 08:04:04,day,finance,15,0x06ac70013cd0c7992ec830ad5df9f7f66d5b79ec,1663.438482846782,1639.21109,eastpak
2026-09-18 08:04:04,day,finance,16,0xb619ed5b378053f8309c307d2f7adf9c13665068,1493.4675222760015,0.0,tnl
2026-09-18 08:04:04,day,finance,17,0x50c80ae7a66e49701dc9388bd13574ba03e0caa2,1359.9215759097715,5699.129276,flipforchanel
2026-09-18 08:04:04,day,finance,18,0x64d9c4c9994321dc660efe7ddbf457c49f7846e6,1144.6715981510024,1482.95,Pokemon001
2026-09-18 08:04:04,day,finance,19,0xca12d28728c46d3484395243f5f842f2c321ea03,1133.9769310640004,2602.7,chaosj88
2026-09-18 08:04:04,day,finance,20,0x41f3b515c133850bc03e72b3bfaa42cf0962844e,1105.167337265997,0.0,headsh0t
2026-09-18 08:04:04,day,finance,21,0xe60f07a844bd18448eb3b23818f94bec1589f4b4,1097.9269381700196,0.0,cryptoincome
2026-09-18 08:04:04,day,finance,22,0x1f9e15f39bbd5d163b0eacf0fbef647ced9e4f1a,903.4432117635279,5575.853872000001,FollowedByParasites
2026-09-18 08:04:04,day,finance,23,0xbace5a5a9e309d69164dc81788d353fed8d43429,897.7102082120364,0.0,ThanksGivingTurkey1001
2026-09-18 08:04:04,day,finance,24,0x80a0da00fbdc8440b0ef601341f14c3e24795708,829.7418400000006,0.0,de5nuts
2026-09-18 08:04:04,day,finance,25,0xd1eed20edd22a289839379e89e3470ea1742a8ae,826.0404028194935,0.0,chefradish
2026-09-18 08:04:04,day,finance,26,0x700a306c6dd9c87db2f5519b1bfae0340e83a239,669.8037500000005,0.0,Cbs710
2026-09-18 08:04:04,day,finance,27,0xc97b0b2a2547bb3ed57167092ef8a6e816c347e5,631.7710876498077,141.411112,Avamax
2026-09-18 08:04:04,day,finance,28,0xa61ef8773ec2e821962306ca87d4b57e39ff0abd,608.2492360870019,0.0,risk-manager
2026-09-18 08:04:04,day,finance,29,0xe53312c6c15af508e0c31e2cfadbefddd399ab29,579.2491655449994,0.0,WharfMan
2026-09-18 08:04:04,day,finance,30,0xa58d4f278d7953cd38eeb929f7e242bfc7c0b9b8,568.0410233275034,37678.53,AiBird
2026-09-18 08:04:04,day,finance,31,0x0b2d454eadc96ccd74c04170b9b69e7cadf5601b,541.8472875,0.0,Samsara-Tj
2026-09-18 08:04:04,day,finance,32,0x9efdf8932077f748fa000ec4e74996829e21b227,533.5252704265017,0.0,zxdw
2026-09-18 08:04:04,day,finance,33,0x969fae0a3a93778adc42178f72c612ed8c4e4d55,520.2246136284666,0.0,superstonksbro
2026-09-18 08:04:04,day,finance,34,0xb52306b7b6607209eb4b34c5470b6d00c0aa4b8f,505.792466955,0.0,ployJojo
2026-09-18 08:04:04,day,finance,35,0x97ead83eb0e6b7f142e63284791882f05ddf3363,491.9892327579987,0.0,Hakei.
2026-09-18 08:04:04,day,finance,36,0x17559efac103ac7f361be37ec0b93888d4c55aac,489.8182972286595,0.0,CamelUp
2026-09-18 08:04:04,day,finance,37,0xb10047d6a254b2ebb306d7a7d13bf59171ab6461,486.4785690620083,0.0,Parz1vaI
2026-09-18 08:04:04,day,finance,38,0x7dcf235766e6b09c8869468a75d5495cf171a7bd,484.039633143002,436.798,godblessme2026
2026-09-18 08:04:04,day,finance,39,0xb187a6fae3d0b60108f13006359dded4d15944a9,451.2000184650042,0.0,Cptrade
2026-09-18 08:04:04,day,finance,40,0xf0acc505d85f9c520fef51017bb5f0a4f63780c0,441.99408999999974,0.0,liverpoolfc
2026-09-18 08:04:04,day,finance,41,0xe917ff331e805261dbc903d39965a6b64ccd9612,441.0885649585034,0.0,SteveTheFish
2026-09-18 08:04:04,day,finance,42,0x91572b16dc769ef8b8f1f98d5270b05a36e3626b,431.0641692160061,0.0,0x91572B16dC769ef8b8F1F98D5270B05A36e3626b-1770128923810
2026-09-18 08:04:04,day,finance,43,0x8888a4f8c8d3834482d77405530d7f5428a40b39,406.1158946232972,2446.854546,0x8888A4F8c8D3834482d77405530d7f5428A40b39-1769323876037
2026-09-18 08:04:04,day,finance,44,0x75a27d0cc95b3586297c1e6b5417269332cd6992,397.1095999999998,0.0,BrownBees
2026-09-18 08:04:04,day,finance,45,0xa24f0d516433ae4b8ecf4ce6de13c7eafbce7131,384.37525592,2437.481076,bala-bala
2026-09-18 08:04:04,day,finance,46,0x96489abcb9f583d6835c8ef95ffc923d05a86825,376.2653342284757,0.0,anoin123
2026-09-18 08:04:04,day,finance,47,0xfbfd14dd4bb607373119de95f1d4b21c3b6c0029,362.77240593550323,0.0,XAE12Archangel
2026-09-18 08:04:04,day,finance,48,0x60a92c8620846d81f5ea17b0564e0d4b7c545a71,355.37486390999993,0.0,paddaa
2026-09-18 08:04:04,day,finance,49,0x5919d9d00d5e6d2797ecc152ef424f6275a694b2,353.0285267850004,0.0,Kevink615
2026-09-18 08:04:04,day,finance,50,0xd27cc742d023d06ef633a4c880cf1ff1836ec081,349.2572799999907,0.0,madkkee
2026-09-18 08:04:04,day,finance,51,0x1cd24cc49782240413903b4b7e7694779f917f85,334.10299205999763,0.0,bitterfish
2026-09-18 08:04:04,day,finance,52,0x53c48faa2373f597b693567f79c3782c6ce7740b,321.24387705200934,66.66,uma003
2026-09-18 08:04:04,day,finance,53,0x537263fdfc15e4e967e63c0c783f22f549e74b1f,321.19655463000026,0.0,xiaojiren
2026-09-18 08:04:04,day,finance,54,0x72f13795baf0bfc6714c3566fdf03ff95611595e,320.15475322499697,11.04,pmwinner
2026-09-18 08:04:04,day,finance,55,0x1d5f88f1b97317cccad804374e5bd847512e634d,307.0587392860011,0.0,firegold
2026-09-18 08:04:04,day,finance,56,0x9e3ed7b661a903fc97afcf49e0f014ebe869f882,304.99461918035104,1215.7406999999998,0x9e3ed7b661a903fc97afcf49e0f014ebe869f882-1783406009396
2026-09-18 08:04:04,day,finance,57,0x4f1d5ae26fc31472966e951af3183308736d8de2,302.63711783092003,395.23,e46m3
2026-09-18 08:04:04,day,finance,58,0x564f22744b7941ade18d5e0e4f347c30e3057026,302.0980453384909,616.1,molodoyy
2026-09-18 08:04:04,day,finance,59,0xed6a2d1434e2e8d3a9241d8cc0828346332daeb9,298.731611696,0.0,Ezioauditore0
2026-09-18 08:04:04,day,finance,60,0x5a218c7ad04135830a45c41aaed7294df7809318,286.9221263253421,799.770304,balthazar
2026-09-18 08:04:04,day,finance,61,0x6db983ff1cbc85249e64e6ccd101aaa613ba4ab5,271.1836399999999,0.0,tsihkodiives
2026-09-18 08:04:04,day,finance,62,0x1387d145aaf01f6e33b66525dda6e1f51f6955f8,269.5289588861815,406.599216,Lucerys
2026-09-18 08:04:04,day,finance,63,0x54214017e913e03e9e038b868668c132049612e8,262.45444925999993,1225.9099999999999,0x54214017e913e03e9e038b868668c132049612e8-1782897023874
2026-09-18 08:04:04,day,finance,64,0x876bb030ddd424ef505ae02914024cf18c6a1703,260.4884987939986,0.0,rewardbots
2026-09-18 08:04:04,day,finance,65,0x97f3f9f15c0063710c60d3ac9c40d17f4ba60eba,260.3250378169978,0.0,Investnow
2026-09-18 08:04:04,day,finance,66,0xf8871f87fbb32d5ce21e3f8902f70f4f0f266b54,260.09746995500063,0.0,newbie77
2026-09-18 08:04:04,day,finance,67,0xa16c780dca2812c966afb81ad06232b781be7936,253.94790500000045,14.09,baoyunqi
2026-09-18 08:04:04,day,finance,68,0xe57ab8ec1bd537476c1986e9768fbbc2ec99e196,250.70942430999867,0.0,Noahrichards98
2026-09-18 08:04:04,day,finance,69,0x71abe97b83eaba3f06cb04fd4d9a03ee37d2f015,247.53604172300038,0.0,groth
2026-09-18 08:04:04,day,finance,70,0x4b8ae011176b76888949476d7fb7a56985faf4a4,246.8376136641632,9861.932308,chessplayer
2026-09-18 08:04:04,day,finance,71,0xa234bdc751080ba6c4d2c7462523dbc27791f7eb,243.4974456,1359.3899999999999,calvinhobbes123
2026-09-18 08:04:04,day,finance,72,0x0670fee985af6e0b8e378cf6855fa2b8688c29bf,225.17935282249937,0.0,CryptoLBL
2026-09-18 08:04:04,day,finance,73,0x663b5de4c77ce13d0837a7b280d642b4786f67be,219.46229100000028,0.0,83offwrf
2026-09-18 08:04:04,day,finance,74,0x7e35a2a8cfd1eb1e69dacd043206db5a787f1a6c,215.8738894902708,200.0,buoys
2026-09-18 08:04:04,day,finance,75,0xc278143b0a9a06d236936bc742e516de13472d19,210.1781665999997,0.0,ethhte
2026-09-18 08:04:04,day,finance,76,0x755d8a435281273f4bbc7b634821d1666fe62721,199.79632734899928,0.0,Crypton993513
2026-09-18 08:04:04,day,finance,77,0xda68a76eb2575456af9c65d375fa2cba049b6b7b,197.9910373800007,2288.79,0xda68A76EB2575456AF9C65d375FA2cBA049b6b7B-1786413516710
2026-09-18 08:04:04,day,finance,78,0xdf1c2e388bde2fbacabaf85c75a6b69cc35e2ebb,196.53244422400257,0.0,BMM-1
2026-09-18 08:04:04,day,finance,79,0x2f63dbd36cfff1952a88d9f704bd58bcb78cf247,194.46653578999985,0.0,Eric018
2026-09-18 08:04:04,day,finance,80,0x5f3ee9c40be255d1c18ca38bf4ab94b564c75337,193.27732868867815,318.992838,0x5F3ee9c40Be255D1C18cA38bf4Ab94b564C75337-1776862065527
2026-09-18 08:04:04,day,finance,81,0xed107a85a4585a381e48c7f7ca4144909e7dd2e5,191.87361193998004,0.0,qmarktea2
2026-09-18 08:04:04,day,finance,82,0x44fccfc4f7653fc79c386d1bcb2181d730a4ac29,188.22990000000027,0.0,darthgeek1338
2026-09-18 08:04:04,day,finance,83,0xa037d9ae501a6830a8f37610e6bac4b721672fb3,187.78765549599962,0.0,0xa037d9Ae501a6830a8F37610e6baC4B721672fB3-1777131682067
2026-09-18 08:04:04,day,finance,84,0x933ca00f565ba7130180e58fce4f965cc33ba8c6,187.47183322299952,0.0,PrimePenguin
2026-09-18 08:04:04,day,finance,85,0x7a6192ea6815d3177e978dd3f8c38be5f575af24,186.49557295999693,0.0,Gambler1968
2026-09-18 08:04:04,day,finance,86,0x04cf3a55f559bd617163a73cfc460e8954a75224,178.42491236050364,0.0,lagex333
2026-09-18 08:04:04,day,finance,87,0x1f85e6e3e41e5f1fe03f6cf22a52ae4e352ea51b,175.2294671059899,0.0,VibeyQuant
2026-09-18 08:04:04,day,finance,88,0x524db836890e08aceb3abcdee98d44240e324495,174.4084499999999,0.0,Mac-Gyver
2026-09-18 08:04:04,day,finance,89,0x3cad9826407cdadc96bb85cab6f03ff8d7166fea,174.25827806897814,300.0,emffg
2026-09-18 08:04:04,day,finance,90,0xbf93328f8b69273453228a82c913207731822fd7,170.2804918810143,0.0,hell0pia
2026-09-18 08:04:04,day,finance,91,0xd45f82abd340ea77d6faa72d6ba53dcd86d0c086,169.68942363000042,0.0,gdbl
2026-09-18 08:04:04,day,finance,92,0xf9e1aa52914cbc4e88274a04adea7f53248f0458,166.73583123736353,3438.659115,wagonwheel
2026-09-18 08:04:04,day,finance,93,0x96ef5e15412e280b23b23a92c444c8d262a15523,163.38394334747045,260.0,Bloodwyrm
2026-09-18 08:04:04,day,finance,94,0xb0fcea24160139269e0af107811e33d99d6ece0b,160.24066149700047,2374.95,DancewithRisk
2026-09-18 08:04:04,day,finance,95,0xa3ccb7ac64c5e3380709d57b5e2404f5819e447c,159.66185746399947,0.0,zoootic
2026-09-18 08:04:04,day,finance,96,0x43372356634781eea88d61bbdd7824cdce958882,155.18575035699178,4988.244286,Anjun
2026-09-18 08:04:04,day,finance,97,0x2b670a311561dcaf741d8155451774d3fa7fb814,150.99863396999808,0.0,0x2b670A311561DcAF741D8155451774D3Fa7fb814-1778467735876
2026-09-18 08:04:04,day,finance,98,0x9ba7ebf3fc96ab54e25fdb62555ea5b0df5fa833,150.89488850999987,0.0,BondSeeker
2026-09-18 08:04:04,day,finance,99,0x4baf4239188fb0b708e4d16872986e1fa9af5fdf,150.4338903980024,0.0,Vanquish
2026-09-18 08:04:04,day,finance,100,0x121d62d2e9e9e073cb9a5c0b10bcd68d21c259be,150.0,0.0,galitsk
2026-09-18 08:04:04,day,culture,1,0x5a218c7ad04135830a45c41aaed7294df7809318,18664.99463647572,3664.249331,balthazar
2026-09-18 08:04:04,day,culture,2,0x96489abcb9f583d6835c8ef95ffc923d05a86825,10152.809783716628,2.89,anoin123
2026-09-18 08:04:04,day,culture,3,0xcd09c7f5132a160b41578a79a9e3453da7aeda63,3301.5235679580073,0.0,ShayaEredyon
2026-09-18 08:04:04,day,culture,4,0x6ff0a3f6a71b03ff03a4b690ca1439ba03e07760,3180.9785912099906,0.0,celestat3123
2026-09-18 08:04:04,day,culture,5,0x8597ca63e722d6216bfc3057591fdc67ec49daee,2500.2432058749982,0.0,Mr-Krabs
2026-09-18 08:04:04,day,culture,6,0xe1926b9c482ad92e649e227be986bf88b0e0c237,1891.4227351699992,0.0,NqJoaquin
2026-09-18 08:04:04,day,culture,7,0x2881b6f7ab10da79f89870320811de5244912091,1838.2586616059998,0.0,0x2881B6F7AB10Da79F89870320811De5244912091-1771867892446
2026-09-18 08:04:04,day,culture,8,0x9290cfdcff27056a27555d4b9c50c9edfb2bf429,1537.0713318499984,0.0,StefVie
2026-09-18 08:04:04,day,culture,9,0xdd364a4916a70d57c6ff530f87f6dbe1f196f80f,1511.5042285560048,0.0,WeatherdemonAI
2026-09-18 08:04:04,day,culture,10,0xaf23273e03a924a257edd6beae7133cf9d32377f,1480.9481127119943,0.0,SCssss
2026-09-18 08:04:04,day,culture,11,0x115a63c208278a576150176880f48f064c94e4a6,1428.8908306049998,5000.0,0x115A63c208278A576150176880F48F064c94e4A6-1766247046507
2026-09-18 08:04:04,day,culture,12,0x073a1caba3c22e9e361ceae83aaa5405706f91e7,1369.3300589790015,0.0,Mantronix
2026-09-18 08:04:04,day,culture,13,0xb09dfb36aa4718a3df7646251e0e047759af64c8,1335.6896158059972,5000.0,Sitdownandrelax
2026-09-18 08:04:04,day,culture,14,0x6ed96a8447d8d82ad3c748286927bf9292bded43,1060.9437369900006,0.0,108cap
2026-09-18 08:04:04,day,culture,15,0x9f208e85f326f865077fffa68b32d8b0e2bc12c3,1010.677453421511,966.0400000000002,mildwindow27
2026-09-18 08:04:04,day,culture,16,0x1387d145aaf01f6e33b66525dda6e1f51f6955f8,981.8473399711538,4033.9168629999995,Lucerys
2026-09-18 08:04:04,day,culture,17,0xe1a8e339fd424851eff353b690aaa7897c49a3d7,980.5437313679977,0.0,alienbid
2026-09-18 08:04:04,day,culture,18,0x09f653fc1f0ee37f9e4a562fefdc31e344eeb528,921.5560123379983,0.0,4moyears
2026-09-18 08:04:04,day,culture,19,0x392b5abcb6514e56f04d166b9cb535082ba9352a,868.1463511420006,0.0,0x392b5AbCb6514E56F04d166b9Cb535082BA9352a-1778103841807
2026-09-18 08:04:04,day,culture,20,0x30f67d821c57a54e25e5e521dbd3b5b18309004f,848.8581099830371,399.615321,shiifoo
2026-09-18 08:04:04,day,culture,21,0xfa3b4d18b821ff075d9290fea82434b3ae106900,844.9321259253866,10356.466096999999,xasd-440
2026-09-18 08:04:04,day,culture,22,0x748ac19f73c96312e98227f49f65699542943c56,750.0162572500003,0.0,1nvoker1
2026-09-18 08:04:04,day,culture,23,0x6d3fa0200fec1dbcf4dd7e4408aa1e53779ca942,740.9394279999979,0.0,stauffen
2026-09-18 08:04:04,day,culture,24,0xfbfd14dd4bb607373119de95f1d4b21c3b6c0029,720.1238083159988,0.0,XAE12Archangel
2026-09-18 08:04:04,day,culture,25,0x814712d94b00008c7fdd6c002b10418fa5694fbf,692.8860013560006,0.0,zuker14
2026-09-18 08:04:04,day,culture,26,0xf69553c59c303f254ec970a1cf4c4f39ad5c17ac,684.455664822879,35175.28,TexasOx
2026-09-18 08:04:04,day,culture,27,0x7b989f2563b048d1b3a1e19e175c029b419eb1be,672.0000087899971,0.0,0x7b989f2563b048d1b3a1e19e175c029B419EB1bE-1770843398790
2026-09-18 08:04:04,day,culture,28,0x9d8019321990b0e9d3947c74e7832f855b2afcaf,634.4085496456755,3719.52,CakeBake
2026-09-18 08:04:04,day,culture,29,0xb1ca909e848cc24ec4e220ce1c453bc290c51705,589.6899870191119,1343.6,InterestingUser
2026-09-18 08:04:04,day,culture,30,0xa829e599a27dfee252ba5294eb1fdecbed15691d,580.5239921680004,0.0,lifeswhatyoumakeit
2026-09-18 08:04:04,day,culture,31,0x5a223238b202d67c8bcf500cbb0e886813e917a6,559.2017875720002,0.0,QuarterlyComeback
2026-09-18 08:04:04,day,culture,32,0xac4a1fabdac2438d6afa2a9e8e83845310a0bf1e,541.5896700790211,3455.292952,HerrieDavis
2026-09-18 08:04:04,day,culture,33,0xa10c1ba5df9937ba4aea5b7edeadadb5d0b6b2de,536.3790666750001,0.0,segment3
2026-09-18 08:04:04,day,culture,34,0x12ed45d2b45259d27a7fb593e564cd269c4fc9b4,528.985547132681,5327.562557000001,sazzaa
2026-09-18 08:04:04,day,culture,35,0x913f5f691ce0a947cf60cd573cbdc7c66d8ec676,505.0077825617518,10540.074736999999,0x913f5F691Ce0a947CF60cD573CBdC7C66d8eC676-1774844074915
2026-09-18 08:04:04,day,culture,36,0x063327ee933b3edc688af2c4d74de730888fe789,497.99835724200057,0.0,V66
2026-09-18 08:04:04,day,culture,37,0xf769c6390f6d564fe4859effbddb682c62660114,477.3404840060001,5278.489999999999,MrMarket
2026-09-18 08:04:04,day,culture,38,0xc5187cb669690150643ba2f9aac6b7d98d212594,462.74434440322693,1013.5971239999999,mustbethewater
2026-09-18 08:04:04,day,culture,39,0x0d6fa8636eec21c43937fef5afd6ad2bea246292,417.0546499920001,0.0,0x0d6fA8636eeC21c43937fEF5AFd6AD2Bea246292-1780078703919
2026-09-18 08:04:04,day,culture,40,0x7056f248c5098cce2fb0a062cdd2ab0f8318c95c,411.248797629647,6678.013569000001,denzeldumfries
2026-09-18 08:04:04,day,culture,41,0x8e89462888e2a9ecbcb1dc9257696f483e26e735,408.89652881999973,0.0,ahidfikl
2026-09-18 08:04:04,day,culture,42,0xdaef2be2a19ad331737d06545f85615b094554e9,393.13465535949217,0.0,PEYZ-BIGGEST-FAN
2026-09-18 08:04:04,day,culture,43,0xb0e74df9430a089aa102e2207af5fde1967439d2,385.1648421470002,0.0,0xb0e74DF9430A089Aa102e2207Af5fde1967439D2-1789545517033
2026-09-18 08:04:04,day,culture,44,0x4b8ae011176b76888949476d7fb7a56985faf4a4,379.37884354577113,1522.922924,chessplayer
2026-09-18 08:04:04,day,culture,45,0x955c9661bf6e010beff0ba896a49f715a8c8990f,377.29472660003375,709.2,
2026-09-18 08:04:04,day,culture,46,0xaf367ca4035bb970f95ea1facf9968da8242fb53,374.765563554,0.0,hud1
2026-09-18 08:04:04,day,culture,47,0x590ed3d1a14ba08cad23f5c513bad6301772e43d,371.6859263483966,42859.259278,smalltimezzz
2026-09-18 08:04:04,day,culture,48,0x2884f98185d2005691d245f3e2e70b15d1e1d0c3,369.2343139005525,810.55,lottonakamoto
2026-09-18 08:04:04,day,culture,49,0x5eb0cd907aa0b7b4df11552e817570e265ea5012,353.74693086399566,0.0,arbandy
2026-09-18 08:04:04,day,culture,50,0x45a3935eda9a67180f95133b9ba2e83d150e23e6,348.53928651500064,0.0,KAU7
2026-09-18 08:04:04,day,culture,51,0xe168bb319a1388884dc4564d665e31a37a68805d,317.50999410000077,0.0,wantedDOA
2026-09-18 08:04:04,day,culture,52,0x850d81cf29cd29c218a6f1b4e57c80679495aae1,313.0080000000007,0.0,Shark13
2026-09-18 08:04:04,day,culture,53,0x7818687f1c2cda416877ab68d18d2c9c25f9d185,312.496991151,0.0,Zaratustra
2026-09-18 08:04:04,day,culture,54,0x671a326088dea34b79c51947e4a92c83545a2f1e,309.1707913213231,1181.965633,GingerMcKenna
2026-09-18 08:04:04,day,culture,55,0x12ab2393ce92be8153c7c4957dd4341f4ef7ef6a,307.63879599999996,0.0,Owl666
2026-09-18 08:04:04,day,culture,56,0x5a4b6ddcd3991af483d0017fbf62b13fd0f6238b,301.66589999999997,0.0,LarryXX
2026-09-18 08:04:04,day,culture,57,0xd670301420f6011e8136b07c50d7f4002bcee98f,301.3656315000012,0.0,Mrpitter
2026-09-18 08:04:04,day,culture,58,0xc7d02944a76b9f83b199e9090ecc92c82d241f8a,300.0242369880998,474.715919,0xc7D02944A76B9F83B199e9090ECC92C82d241F8a-1776944395495
2026-09-18 08:04:04,day,culture,59,0xffed687882ea20e77879f0cf0897060c49554706,296.46969577799973,0.0,dtomm
2026-09-18 08:04:04,day,culture,60,0xbbdcefe91e01e982c7b8532da6128f6ed7445d81,296.067952422492,0.0,Angeredbees
2026-09-18 08:04:04,day,culture,61,0xc591447fb21de233ff033d1260db3c28286b7085,288.1425516479994,0.0,0xc591447Fb21De233fF033d1260Db3c28286b7085-1768428276161
2026-09-18 08:04:04,day,culture,62,0x7e35a2a8cfd1eb1e69dacd043206db5a787f1a6c,277.9004031404911,0.0,buoys
2026-09-18 08:04:04,day,culture,63,0xb3557fb2f13149ffbee8f9580fe8cfb4e698f149,276.0865002235919,387.973336,kobrez
2026-09-18 08:04:04,day,culture,64,0x4457d45eebb737cf68e5f40f8a98cc76a785ee06,264.52962279999997,24.6,Cia44
2026-09-18 08:04:04,day,culture,65,0x186c18caabd40f2a9d5db1f0bcfc4bd509a11d32,258.61379215499977,0.0,zalozhen
2026-09-18 08:04:04,day,culture,66,0x08d95979739b2dd6cf2d928e1b5a4547f53580a4,241.48182536750028,0.0,XsiroX
2026-09-18 08:04:04,day,culture,67,0x0c18cf122dce8556302ff496affe379097aba04c,238.94736402500166,0.91,Lastworld13
2026-09-18 08:04:04,day,culture,68,0xaac2469db4c243a2931acc252967b171bd97e8ce,236.72200931825728,8592.020786000001,upont
2026-09-18 08:04:04,day,culture,69,0xfa21179f2cef2f61cb78e8340ae62b17f9271438,231.59629689101712,0.0,BABELCONSTEL
2026-09-18 08:04:04,day,culture,70,0x34f780c2a68d7bbe510250282baee7844a06d6a6,211.63010522999957,0.0,0x34F780c2A68D7BBE510250282BAee7844A06d6A6-1775559619358
2026-09-18 08:04:04,day,culture,71,0xb9d5d728e444395fc367b3186b2bec5d53b60c43,210.20432826600063,0.0,madfrog1
2026-09-18 08:04:04,day,culture,72,0xa9ea2f23772e0e374598b895194ec404bf7d1043,209.9446499999998,0.0,bifurcatio
2026-09-18 08:04:04,day,culture,73,0x04a2a7075963c86990e246e73e50f8023b79e16c,205.1916445557872,831.1428579999999,gordontradedc
2026-09-18 08:04:04,day,culture,74,0xfee149fafe22d89834c75f35a3fe9ecf1cd2746f,197.9409701124987,0.0,HappyPumba
2026-09-18 08:04:04,day,culture,75,0xd48fbb1cae18cf7d956277271ce4c712513e2132,196.9681233250003,0.0,Rocky0420
2026-09-18 08:04:04,day,culture,76,0xe5f0ae9cc9aef77ae3c2a64c9e69caa3f335dc1d,194.45779599999946,0.0,0xE5F0AE9cc9aeF77ae3c2A64c9E69caa3F335dc1d-1773531520731
2026-09-18 08:04:04,day,culture,77,0x9ca119b8cd7bdb890aecf1ff3b0f6e3a45cc13b5,193.74958312499894,0.0,JoeBlack01
2026-09-18 08:04:04,day,culture,78,0x8260f8a8bd498744d76279fe9112f4fd651ee77b,190.54443452400002,0.0,shabalaba
2026-09-18 08:04:04,day,culture,79,0x0034d833bbb5c954d9f67df90e027e327394bc36,185.79933312499998,0.0,oracle2027
2026-09-18 08:04:04,day,culture,80,0x1abc2b469b5ded495d6c8b21fc79dcb8d8f345e7,184.7343676272103,741.39,0x1aBc2b469b5dED495d6C8B21Fc79dcb8d8f345E7-1778811281023
2026-09-18 08:04:04,day,culture,81,0x8e725159e12e8db008f78ca96a1e0d4df146ea48,182.0147601288545,17853.221716,rw-mehtape
2026-09-18 08:04:04,day,culture,82,0x8ce6bc2c4641cbe50676422d1092d5d98bb626bd,178.60590828600016,0.0,Qomen
2026-09-18 08:04:04,day,culture,83,0x0f7f9903f46c24ba66900ceb4a427873129c6450,177.6377314338324,0.0,Elonurmom
2026-09-18 08:04:04,day,culture,84,0x215adbb63b47d0ca92f849fe2c2dc1adb0f6254c,177.4934484059968,333.33,BikesAreTheBikes
2026-09-18 08:04:04,day,culture,85,0x9199ba070c49a78d7b1eb029b5c03d0b2972dd2d,177.47503787151072,829.8676350000001,0x9199Ba070C49A78d7b1EB029B5c03
2026-09-18 08:04:04,day,culture,86,0x9db78804a79b3050fdea02d58e108eeac9b76cf1,175.09835999999996,0.0,T00mbst0ne
2026-09-18 08:04:04,day,culture,87,0x2254d788eaa439760f445118755a4334bce65ddf,175.07563165300053,1107.5,It3
2026-09-18 08:04:04,day,culture,88,0x99e67a80049d9c8addb6beddcbfbb002d732b79d,174.1675499999999,0.0,helloblockchain
2026-09-18 08:04:04,day,culture,89,0x15433540ca3794108e602bfd353189519af8baaf,173.66647982999984,0.0,DualDelta
2026-09-18 08:04:04,day,culture,90,0xfbd8c9c22ca76b3662d0e53a4f79719fdc684027,173.01626486000896,243.45,0xfBd8C9C22cA76B3662d0e53A4f79719FDC684027-1779347618060
2026-09-18 08:04:04,day,culture,91,0x6c104a31c105ab2573a42e0f178f961e4496df5c,168.6887733245003,299.0,Belgaron
2026-09-18 08:04:04,day,culture,92,0xa49b6ea0a604c581f2a9569db42c192b1c487054,168.08080480636272,0.0,387411007415611814092217897387
2026-09-18 08:04:04,day,culture,93,0x524db836890e08aceb3abcdee98d44240e324495,168.04236000000128,0.0,Mac-Gyver
2026-09-18 08:04:04,day,culture,94,0x6fd4e7920761623e4f2852bb60c0b59a709f4fa0,167.4209347599999,0.0,usurper55
2026-09-18 08:04:04,day,culture,95,0x2a9bc0fea4f5a3d02ced35e7f6dd66b7427b1fe0,166.66666665599996,0.0,EvilDemonSeed
2026-09-18 08:04:04,day,culture,96,0xf2d33b42844c825a8ee4322b217683ff048cdcbd,165.6857812240005,0.0,What.Could.Thing.7
2026-09-18 08:04:04,day,culture,97,0x3825180182703613f3619d4611890c5b655504e8,165.4716859979835,0.0,WhoseHouseRamsHouse
2026-09-18 08:04:04,day,culture,98,0xc11b6e188ebce61c4bc5372ab67f7427fc89a213,165.10553537500004,0.0,andrlol
2026-09-18 08:04:04,day,culture,99,0x89e0552b897baa5486a45ff257a39858a79a9412,163.82380154151724,0.0,Ross1212
2026-09-18 08:04:04,day,culture,100,0x63850ce907044eac77fba13d59f263ade68093f2,163.10301000000618,0.0,Waterfall
2026-09-18 08:04:04,day,mentions,1,0x38f50488b14a87769e0c5cd6c514b6c2e8ec6824,408.38093253500847,272.0,karachiking
2026-09-18 08:04:04,day,mentions,2,0x5415c298dde8c84f4ba726d36b411df6e9a72a6e,263.62195968808555,0.0,-Dominus-
2026-09-18 08:04:04,day,mentions,3,0x1e109e389fb9cc1fc37360ab796b42c12d4bbeee,235.16999999999993,0.0,ConfusedUngaBunga
2026-09-18 08:04:04,day,mentions,4,0x18406d7f7318b16a136c1f643e8842c685106798,139.66830000000004,0.0,
2026-09-18 08:04:04,day,mentions,5,0x5b42009a3309ff47127b626fb606e4f2c1ac8aae,136.80010000000001,0.0,leurop0
2026-09-18 08:04:04,day,mentions,6,0xcc3e87226912d35893b678eaa8a39d57b6fe37ef,132.38029999999708,0.0,LadyLuck2
2026-09-18 08:04:04,day,mentions,7,0xadf18a599d0c73e432d042ad6d922051ae796460,110.07470767677637,748.36,Kactus
2026-09-18 08:04:04,day,mentions,8,0x8673d3a19c559f43241312894bb82fc4fd8559a5,91.70500000000004,0.0,
2026-09-18 08:04:04,day,mentions,9,0x5f3ee9c40be255d1c18ca38bf4ab94b564c75337,88.31574870664599,151.287879,0x5F3ee9c40Be255D1C18cA38bf4Ab94b564C75337-1776862065527
2026-09-18 08:04:04,day,mentions,10,0xc9727ed498a58a9e8e8758d51c5a4eb0b752dcd9,78.56993500000499,0.0,catalanpaths
2026-09-18 08:04:04,day,mentions,11,0xc808e7855e3ff6baebcfe9aec6965d86eafefffe,64.22993993999998,347.55,spxtest
2026-09-18 08:04:04,day,mentions,12,0x17f4b0fe0b10bcb3b04cfe102a6bc2c8ae659d7f,59.467246759998716,51.0,justmeandme
2026-09-18 08:04:04,day,mentions,13,0x43372356634781eea88d61bbdd7824cdce958882,58.11116785499689,841.136985,Anjun
2026-09-18 08:04:04,day,mentions,14,0x0cb10c40b0776e9ee8cef970af85724654dda76c,51.39420803490793,1683.49,Quarrelsome-Branch
2026-09-18 08:04:04,day,mentions,15,0x38d5a13ef8e32d5e5a808ceba52d6ac78d4c063c,46.335199999999986,0.0,JonnyA
2026-09-18 08:04:04,day,mentions,16,0xf658449199d0bcf544de0ff928a3b66685f3dcfe,40.873399840000275,10.204082,QbertRules
2026-09-18 08:04:04,day,mentions,17,0xc8ab97a9089a9ff7e6ef0688e6e591a066946418,37.500141986005474,0.0,ArmageddonRewardsBilly
2026-09-18 08:04:04,day,mentions,18,0x30687f44db250f7d914acb4ddc9634c3400e083d,32.93196000000171,0.0,YoungMoziRPG
2026-09-18 08:04:04,day,mentions,19,0x20abbd7a2e25d9802cf2373fe8d402647dc99740,32.041143999999996,0.0,0x74C50B891f32B5942E8ceA319fd4E76e9fA94f62-1769947549024
2026-09-18 08:04:04,day,mentions,20,0xe6490ac0fde973fa67c32a0169d7cb6f4610304d,30.5505512000002,0.0,667766
2026-09-18 08:04:04,day,mentions,21,0x1964d019f4cae8dcc0f36cb80e0ec88084c15461,30.475093647866856,260.0,0xs55555
2026-09-18 08:04:04,day,mentions,22,0x8f3166b79a019a1f451d86513604ffa1f74a84a2,25.076559974999896,0.0,0x8F3166B79A019A1F451d86513604Ffa1F74A84A2-1785673333356
2026-09-18 08:04:04,day,mentions,23,0x355e5ae20cc1a3a2164f818e4bac8d22dd72a038,24.01500000001579,0.0,Olcan
2026-09-18 08:04:04,day,mentions,24,0x0fa9ba2fd8585033b93367bd1032f74d3efa22eb,23.452164000000067,0.0,arrrnay
2026-09-18 08:04:04,day,mentions,25,0x05c8cce6a8271a20a48babac2095c673676d2223,21.104999999999734,0.0,HeDidWearASuit
2026-09-18 08:04:04,day,mentions,26,0x309b39e4b81975412e3d1af913fb3328c1594d75,20.987499999999955,0.0,cosmic-kudure
2026-09-18 08:04:04,day,mentions,27,0x50396e4d9d11d38b0dcfd75280101a315f50946d,20.789999999997235,0.0,Barboncino
2026-09-18 08:04:04,day,mentions,28,0xef13bdcecd9c13e4a07bb20924657f3b110263d9,20.680824116778012,278.747778,johnashbough
2026-09-18 08:04:04,day,mentions,29,0x0c28d976bbfaad597a678f6fc3794d6ba56a9844,20.490293260000158,92.222223,youtube-trader
2026-09-18 08:04:04,day,mentions,30,0xeface9902242b0399856f981600b907dcc9bc9a1,16.43326230465391,577.95528,macrosteaks
2026-09-18 08:04:04,day,mentions,31,0x20b382be32a82d308fb9238f3c2a01756385d24c,16.00500000000011,0.0,Nowayfolding
2026-09-18 08:04:04,day,mentions,32,0x460a20d648c4601abfcd0c71ec37eb6dfd26d738,15.860323080000171,178.54000000000002,whispercatalyst
2026-09-18 08:04:04,day,mentions,33,0xacf94ae486ed4afed083acb9dc63406634f240a1,15.518700000000004,0.0,
2026-09-18 08:04:04,day,mentions,34,0x2762873b815644d5b13790aeed3fcaed7d222cf6,14.131439999999998,0.0,Milin-dc
2026-09-18 08:04:04,day,mentions,35,0x8a4ec9c5684b23599bb1dd827b8a5673c2fab38c,13.802250299999287,120.00999999999999,Jamieeee
2026-09-18 08:04:04,day,mentions,36,0xbea0922d263ae8ee61faae1fa642915691aae19d,13.499053968610994,589.746271,aliiz
2026-09-18 08:04:04,day,mentions,37,0x06435586a90213af210b8cd4303026cc8bde18c6,13.029000000000007,0.0,
2026-09-18 08:04:04,day,mentions,38,0x36935cff62f67aeaa5cac97f289ff65803ca3f75,13.029000000000005,0.0,
2026-09-18 08:04:04,day,mentions,38,0x84d8edcda79b776c2ed7f3d711e7dea228f230c6,13.029000000000005,0.0,
2026-09-18 08:04:04,day,mentions,40,0x4b25bc4c2bfec211fdee9b2cb6e19bc637597fda,13.029000000000003,0.0,
2026-09-18 08:04:04,day,mentions,40,0x4b25bc4c2bfec211fdee9b2cb6e19bc637597fda,13.029000000000003,0.0,
2026-09-18 08:04:04,day,mentions,40,0x6bf5f84afde162787ec44abe099f30af0e75c74b,13.029000000000003,0.0,
2026-09-18 08:04:04,day,mentions,40,0xd13658f9fad49653a5354796c3d7d2e4418bd811,13.029000000000003,0.0,
2026-09-18 08:04:04,day,mentions,40,0xdc1d02f650b3a5b9d59e9205e3e03b2b373fca83,13.029000000000003,0.0,
2026-09-18 08:04:04,day,mentions,45,0x07bb5a22e45b19c44c4e00112155610245f3aed7,13.0161,0.0,
2026-09-18 08:04:04,day,mentions,45,0xfd15910ac2c99a00304566de62f18a7a2d6759f4,13.0161,0.0,
2026-09-18 08:04:04,day,mentions,47,0x272ee4e633ea7f8882a57babf62f6cd2b3e96e99,12.959999999999999,0.0,Atenilson
2026-09-18 08:04:04,day,mentions,48,0xb3265ed7799fe1c1102b77ad50d20bf51a79d18b,12.925000000000011,0.0,MARW-2026-Piotr
2026-09-18 08:04:04,day,mentions,49,0xcaff28ab217406a961a1d5ff1a60dc799998e3ad,12.21200000000001,0.0,wallet-account-test
2026-09-18 08:04:04,day,mentions,50,0xcfb81e67b065ae43d3e4449f1f50f6dc10bbe602,11.887500000000045,0.0,johnsmith692106
2026-09-18 08:04:04,day,mentions,51,0xb1b18cc32d8c271e8a3d058a0b95b4b001f3bf17,11.726099999999988,0.0,
2026-09-18 08:04:04,day,mentions,52,0x2ecb34e1cb95b3c8d9d3e2905668d3eee03a7645,11.46794533000093,70.0,AlphaPengu1n
2026-09-18 08:04:04,day,mentions,53,0x098dda2af51f692ac3bcb6ffcfeb800a7043e354,10.423200000000005,0.0,
2026-09-18 08:04:04,day,mentions,53,0x34dfaf5490d5e78ef85fe62bff8b507611ddba27,10.423200000000005,0.0,
2026-09-18 08:04:04,day,mentions,55,0x9b1bf406206165d54839555d90a2a9ce46a76b18,9.984999999999996,0.0,lucianolss
2026-09-18 08:04:04,day,mentions,56,0x4e65c9cfd7e345cb6284e9016c28193fd78e7a19,9.212405,0.0,weather-vane
2026-09-18 08:04:04,day,mentions,57,0x2375550d3b98ce364476c81f663a0b878cb0691f,9.140014999982668,74.0,0x234
2026-09-18 08:04:04,day,mentions,58,0x87650b9f63563f7c456d9bbcceee5f9faf06ed81,8.917318419999901,0.0,2B9S
2026-09-18 08:04:04,day,mentions,59,0x8f83d9aee0904ee17a8a80857056db3b8cb888dd,8.80552792724599,11.49,0x8f83d9aeE0904Ee17A8a80857056dB3b8Cb888DD-1786436206033
2026-09-18 08:04:04,day,mentions,60,0xd182c0d2b29533afad70e59ec549feb328ff0783,8.742944000000001,19.4,suvorovv
2026-09-18 08:04:04,day,mentions,61,0x392d557de378926143df5f72d8ddaef3f0d221a1,8.542299999999841,0.0,DorTovim
2026-09-18 08:04:04,day,mentions,62,0x5fe5d9520518688fd3d08ad96229b5b6b9cfcd9a,8.199999999999989,0.0,ccxxoo22
2026-09-18 08:04:04,day,mentions,63,0x9dd483126ebe16f2d853d49060040b556a95a038,8.153160415000002,0.0,HyperboreanBryanCaplanFan
2026-09-18 08:04:04,day,mentions,64,0xf66ceb07affeed8b86737de32ef3fbec02bf4ab1,7.913155207999921,686.6708,Kulborg
2026-09-18 08:04:04,day,mentions,65,0x9ba43501360dcacaca09caa523401c7447d8f8c2,7.65063842098607,102.0,BipBop
2026-09-18 08:04:04,day,mentions,66,0xecef81de6dbc37a7f817a3a5113e5c964b8a4909,7.572500000000002,30.0,Flingflonger
2026-09-18 08:04:04,day,mentions,67,0x2583829535661016b85cea56eab41a2a5280261a,7.525652319999978,0.0,
2026-09-18 08:04:04,day,mentions,68,0x75978edaeed0b4aba863a73f7bcb4ab6205e5f01,7.510072068404497,90.85714300000001,ruletheworld
2026-09-18 08:04:04,day,mentions,69,0xb1960ae1c93811d21c9b3116f7eed2e193bcffe3,6.675323000000002,0.0,
2026-09-18 08:04:04,day,mentions,70,0x9c8eac1fd9f8cc31d68506bf10e901a52252a531,6.626718,0.0,
2026-09-18 08:04:04,day,mentions,71,0x78dbc35e06cca5c8ce61e00952a29ff8f42e722d,6.599999999999966,0.0,Bababooooey
2026-09-18 08:04:04,day,mentions,72,0x29a48df8a3442e4a9a0b7f4662ed7ae8bae8c1bb,6.514500000000002,0.0,
2026-09-18 08:04:04,day,mentions,72,0x6f198791a6194326473479c28805372f0275a6a6,6.514500000000002,0.0,
2026-09-18 08:04:04,day,mentions,74,0x3cc8b0387b135192925825c2a3e01d24daf8eb8b,6.514500000000001,0.0,
2026-09-18 08:04:04,day,mentions,75,0x16f95640dc035c9aa13576a0f815651c1e759cfa,6.514499999999998,0.0,
2026-09-18 08:04:04,day,mentions,76,0x696a641784219f1c9d152406001c8b08ed7c4715,6.234049999999996,0.0,ursula-iguaran
2026-09-18 08:04:04,day,mentions,77,0x47084c8677adbbe81b42036d6095ccb190da9580,6.116728854500252,104.97857300000001,AllyouneedisClaude
2026-09-18 08:04:04,day,mentions,78,0x33e5945c1f0843c3068d8418ba90c2accd081c91,6.040000000000077,0.0,PicklePredictor
2026-09-18 08:04:04,day,mentions,79,0x225827e4fcb863c43b150db161cf2f18e65e1451,5.8799999999999955,0.0,
2026-09-18 08:04:04,day,mentions,80,0x3e7cf2d5848967f1236390c9fab193729e315e90,5.644477376999999,0.0,0xBA4e0CB8b850e355
2026-09-18 08:04:04,day,mentions,81,0xb77778b0ed37ad61176519da34b24118c9593ff9,5.351309100000435,0.0,tiongbu
2026-09-18 08:04:04,day,mentions,82,0x4b427bd2b3a505fd0476fe1be46941f3144e8f10,5.263199999999999,0.0,
2026-09-18 08:04:04,day,mentions,83,0x051fdc0bffb215b013c4ddd7db56a40bd340bb37,5.198700000000002,0.0,
2026-09-18 08:04:04,day,mentions,84,0x30f67d821c57a54e25e5e521dbd3b5b18309004f,5.020195603996399,85.0,shiifoo
2026-09-18 08:04:04,day,mentions,85,0xb7606d0d3719c88f9b868a13015881af5222ccd7,5.012940000000015,0.0,theta-thunberg
2026-09-18 08:04:04,day,mentions,86,0xa0f595cc791e76435c4849a8b8eafebefdc057e2,5.007691857000005,0.0,EvilGranny
2026-09-18 08:04:04,day,mentions,87,0x4c8c376fdfc04444e8bc4a822ab222e95355b0bc,5.0,0.0,
2026-09-18 08:04:04,day,mentions,88,0x81c9c54750db2634fc16820840f5478288584a47,4.740068600000001,40.0,EliteBetter
2026-09-18 08:04:04,day,mentions,89,0x69d067d08f35780461d73174df3c97f7c463b0ca,4.582499999999996,0.0,BigSi-474
2026-09-18 08:04:04,day,mentions,90,0x961b2866b349bad732c6fce081af9090be4d2b00,4.491019311500025,0.0,erFiodena
2026-09-18 08:04:04,day,mentions,91,0xbd0d0c4bfc88dad382674c9d5ae483dae8261fb4,4.450000000000003,0.0,Perfectly-Spherical-Gum-Boat
2026-09-18 08:04:04,day,mentions,92,0xe0084a5ec897ad98e9d611f12de2406d82fdf7d3,4.303071020000004,0.0,Sam-AI
2026-09-18 08:04:04,day,mentions,93,0xf0acc505d85f9c520fef51017bb5f0a4f63780c0,4.1639099999999445,0.0,liverpoolfc
2026-09-18 08:04:04,day,mentions,94,0x0e5bd05888cc80453a4ac18f85c750bb4e434ef4,3.9599999999999955,0.0,nelsonc19
2026-09-18 08:04:04,day,mentions,95,0x5f0be9c7fe14be645745dedcaea095e65cc4ebd6,3.936829,0.0,Usdchf
2026-09-18 08:04:04,day,mentions,96,0x6b9d1d09c0464fbac5b9d16eca5971a46afc7fd6,3.9087000000000014,0.0,
2026-09-18 08:04:04,day,mentions,97,0x84de4debf5742ea6f0bb3584174ab220b0f2928e,3.9086999999999996,0.0,
2026-09-18 08:04:04,day,mentions,98,0xe19ae50a2e09f7a5bd37c180c6f631aae62679f0,3.9086999999999983,0.0,
2026-09-18 08:04:04,day,mentions,99,0x8474dfda21022ebd9c4b1162ebfaf7d9a1258a64,3.645872,0.0,
2026-09-18 08:04:04,day,mentions,100,0x6a5ac3d921df2a6bd999c304550157b82849ac7d,3.5987000000000364,0.0,lifeisahighway
2026-09-18 08:04:04,day,weather,1,0x5a218c7ad04135830a45c41aaed7294df7809318,2374.806753433586,9055.367423,balthazar
2026-09-18 08:04:04,day,weather,2,0x9506e646497107cabf2d5b941a8e6a60d0db1c4f,1772.3274428375844,4527.961431000001,
2026-09-18 08:04:04,day,weather,3,0xbf13934a1fec7d3211fc15c138d84ac2a691b91a,701.3288057589598,14775.104479000001,Bilberry
2026-09-18 08:04:04,day,weather,4,0x0d42cc5ff0526fbb8f0bb9eafa9ebba3f23df124,567.4915405983616,2248.759964,42021
2026-09-18 08:04:04,day,weather,5,0x180e62e6f035dbf69118a2306df25d28762129df,560.5285824738094,6153.980463999999,fildoro
2026-09-18 08:04:04,day,weather,6,0xf73bcf8d2a18cd0647c1b7c3dbaddf5015b910bf,516.2827806923729,270.515152,m7dk1
2026-09-18 08:04:04,day,weather,7,0x86b1d13d442471814d47218b1486cb364cc0c094,481.4687302734151,10942.568912,eskk
2026-09-18 08:04:04,day,weather,8,0xb40e89677d59665d5188541ad860450a6e2a7cc9,467.5578905795992,13868.123486,Poligarch
2026-09-18 08:04:04,day,weather,9,0x229c0a7d92977a9934e5ac2348d507988996b966,425.40492748365614,9170.934318000001,qqqppp-l1
2026-09-18 08:04:04,day,weather,10,0xb6fbce093cdd139858c44148a6598d8ec028c038,416.4983461199936,4892.84,Weather-Guru
2026-09-18 08:04:04,day,weather,11,0xd25156e222c9b907b128e27c36821fdb41db4d37,403.6787144737973,3885.685899,neo7777
2026-09-18 08:04:04,day,weather,12,0x9c95da0c1ec3394330998296582c2739cfa752db,393.889654066792,8169.173178999999,
2026-09-18 08:04:04,day,weather,13,0x7300833941f579802d58791eb1d0152c1b17e52c,381.37176889802186,1750.7472770000002,PontiusPilate
2026-09-18 08:04:04,day,weather,14,0x216050de6080fac3926226b2b8ce3d5544784c78,361.1944758688504,9371.784701,iWasEnough
2026-09-18 08:04:04,day,weather,15,0x77f069c3233901628c89d0e8ea5bb510a2822b1f,338.509369030231,6475.204492999999,cleaningLady
2026-09-18 08:04:04,day,weather,16,0xac576ec61a0cab7cdda46f4d6f7cbf43753065cc,302.91535064288604,202.02020199999998,bdc12
2026-09-18 08:04:04,day,weather,17,0x144a9575aef73dcd7f92338f4eccad76da6e2cca,302.339181926592,1483.6985399999999,
2026-09-18 08:04:04,day,weather,18,0x7bff96579b20fe3530e140d6a3c223c9f2127cd6,294.9777195199531,1301.2199999999998,KingZeManel
2026-09-18 08:04:04,day,weather,19,0x8b3bc43176e58a50e1643186c35be3b0184ab04d,290.3309479136476,7129.195538000001,112411
2026-09-18 08:04:04,day,weather,20,0xd864067e64874dbe51ea33566633d37b355801ea,271.78388671200247,3985.696772,bingkuai9
2026-09-18 08:04:04,day,weather,21,0x4ce3f17be91c3d0d6dbfed7bd4d326957dec4291,260.4201739127675,3164.729591,0x4CE3f17Be91C3d0D6dbFed7Bd4D326957dec4291-1768045938794
2026-09-18 08:04:04,day,weather,22,0xca1f9b9d67d947c8007d9814e8f9d6045cccd282,253.6300205800144,171.0,KickstandBot
2026-09-18 08:04:04,day,weather,23,0x36901eb0f21519cc9055662a6d2483e96da1e16f,245.46202038639694,803.474008,melchior1248
2026-09-18 08:04:04,day,weather,24,0x581e155fd66519d088302898212b857ff156a2f2,220.73237400249985,5479.7085130000005,boss.chen
2026-09-18 08:04:04,day,weather,25,0x8d88d51a302d3bfb8fc2f71abdfd5f676cbd1e28,216.62800119132112,1063.655252,rocky42016
2026-09-18 08:04:04,day,weather,26,0x2ef2f13f30e523197e9e66afa2f2620f02fbfaa5,216.3571671714617,3059.09393,goshopping
2026-09-18 08:04:04,day,weather,27,0xf73f7e9c6bd1f40dc045d2a93bec3dd4248aee53,210.7608799369208,457.516131,meteoblue
2026-09-18 08:04:04,day,weather,28,0xa45fd80cebd05390a9155c7f61b8b7b91890d6cb,207.42981195971197,2677.9908460000006,pykue
2026-09-18 08:04:04,day,weather,29,0x501c9ecce9236992794cd12e88d22355e6454d6d,190.38112684940234,2240.81554,haiwenxiang
2026-09-18 08:04:04,day,weather,30,0x5b6331e7ff0831a3fe2ed12004747db1a9c911a4,186.44406281888223,1372.7872719999998,neutralwave23
2026-09-18 08:04:04,day,weather,31,0x497be4bc10a6ccf5f443ddec0ff420e32468a32a,183.82151296454958,140.823325,0x610c40ff4c122046a
2026-09-18 08:04:04,day,weather,32,0x29a5082998f18e7f90dd1a7fe6ad4dd9a665a3c4,177.94453585618885,8464.490931,0xSPBB
2026-09-18 08:04:04,day,weather,33,0xd9f5d6ad0a70a8dbb3081033596ed6c17f192985,171.95233351284207,389.6,
2026-09-18 08:04:04,day,weather,34,0x931466553a14d86e05d5fe0afbb00ae488cddb74,170.27157567495215,2703.779074,nomoney-nohoney
2026-09-18 08:04:04,day,weather,35,0xc878c6a7ba8ad896a897fe82e48b93fb66dfa6f3,160.60442517000047,615.05,ZEEBRA-KY
2026-09-18 08:04:04,day,weather,36,0xcbbc5e035504421b084ad9248b660f6e9618b5d0,157.486986603265,18171.315284,VibeTrader
2026-09-18 08:04:04,day,weather,37,0x32d1f0159dd59c734deebfcbf91db7c924fae5c8,157.15824758501503,9771.077193000001,0x32d1F0159Dd59C734DeebfcBF91dB7c924FaE5C8-1764754497955
2026-09-18 08:04:04,day,weather,38,0xf72044fb3f98854411a069d9a682e54e4b824599,152.43691899500118,0.0,Gennedy
2026-09-18 08:04:04,day,weather,39,0x3b2ca1312bed6142f069090240b43d801aceecdc,142.62585339999987,366.2,Fatbbbb
2026-09-18 08:04:04,day,weather,40,0x44ecfb36d964ad61b8af59c8d35613357315082c,137.63902447000015,0.0,Helloitsmehere26374
2026-09-18 08:04:04,day,weather,41,0xb19a9f623a9df7e45eb4cf3a8304a1760bd97cb7,137.37673595100023,0.0,Transportlag
2026-09-18 08:04:04,day,weather,42,0xe987422a343f76702d8bf8e69c317f7ec21b81b7,136.63102496850024,0.0,0xe987422A343f76702d8bF8E69c317F7Ec21B81b7-1779804683914
2026-09-18 08:04:04,day,weather,43,0xa38744aa4c1e7a11b933dff1f7e24f57e8623d3c,132.80211093612897,466.222607,Bitdog77
2026-09-18 08:04:04,day,weather,44,0x6011655c4afb76f36dd1b08a137a1ba73466b31e,131.87710199999856,4770.84,HighTempTation
2026-09-18 08:04:04,day,weather,45,0x054605d9224ca48239edfb53260b1b319e3017a9,129.35512801000186,3158.57,princeyin02
2026-09-18 08:04:04,day,weather,46,0xeab61f1c7168138db3e0bb87acadfb77ce8dd4c6,128.57548439105813,643.751667,acc42020
2026-09-18 08:04:04,day,weather,47,0xbb8ef07b873ecdcad89f3e1761b491506e01c906,128.21803706461412,516.456634,notsogoodatprediction
2026-09-18 08:04:04,day,weather,48,0x4acafd21125d7e20e5c19406b9072b49d2b06977,124.86288365330506,672.528515,wilboo
2026-09-18 08:04:04,day,weather,49,0x774be121e9c8d5cfc4a27709a3d3e243b6be37c3,124.64887091999981,262.97,mrpuck
2026-09-18 08:04:04,day,weather,50,0x122cb94c437ea5e6f088c6c0c143c592ab8efbed,123.9973012300652,9084.509999999998,0x122Cb94C437EA5e6f088c6c0C143c592ab8EFBed-1782168978900
2026-09-18 08:04:04,day,weather,51,0xee08548f98b3b6e4cd16d14cd6a01904de34ca2e,122.84199325356997,26.0,Bettyblue369
2026-09-18 08:04:04,day,weather,52,0x7fc6e183e48e2f7658cd825ff4f40e44e9327306,121.6713089140012,0.0,tradingdecs
2026-09-18 08:04:04,day,weather,53,0x784aa99232ed0e1ff93588b794158bf0879e06c3,118.72676824565133,1805.352009,LeroysAndDings
2026-09-18 08:04:04,day,weather,54,0x33ab2bd0486f476d27e0e32349ef41f6f032149b,115.87351999999885,289.15000000000003,giuselon
2026-09-18 08:04:04,day,weather,55,0xc8ab97a9089a9ff7e6ef0688e6e591a066946418,114.79443886854278,0.0,ArmageddonRewardsBilly
2026-09-18 08:04:04,day,weather,56,0x044f334595a7fd42c143e11c8ec47f23c8d1d1f1,112.6463550202534,0.0,gghff
2026-09-18 08:04:04,day,weather,57,0x9f6a4549f14154a7f2c74d03efd8de903a61eb61,112.2780615751617,1031.892632,TheWildProject
2026-09-18 08:04:04,day,weather,58,0x2549f943f7c16ce4d2d282c93ce4156e303ec8b1,112.24951879800211,2287.0456569999997,nailongbaobao
2026-09-18 08:04:04,day,weather,59,0x06e8b7d7474f561130533455b0a9bdcc56339c25,109.31736291199559,254.016,6862584
2026-09-18 08:04:04,day,weather,60,0x80e13e563883a1a76314f401821dadc112af47a8,105.76058596464657,1230.311193,heyheyhey-
2026-09-18 08:04:04,day,weather,61,0xdce009215842ab4143c4befc1240c7bae0e41d75,105.74463987749914,0.0,saladcat
2026-09-18 08:04:04,day,weather,62,0x87650b9f63563f7c456d9bbcceee5f9faf06ed81,102.25516896876888,2175.753096,2B9S
2026-09-18 08:04:04,day,weather,63,0x14adccff0397f7ecf2776739f9b7d0ccd85669f5,101.35027760149978,448.388438,cvcvbvbvbMM
2026-09-18 08:04:04,day,weather,64,0xa7d2ec6680f4e5f6ab0da244d8006eec3e20f954,100.2937435917047,739.95,KiruaTrading
2026-09-18 08:04:04,day,weather,65,0x9e3ed7b661a903fc97afcf49e0f014ebe869f882,99.30535916800727,2746.120382,0x9e3ed7b661a903fc97afcf49e0f014ebe869f882-1783406009396
2026-09-18 08:04:04,day,weather,66,0xfd557e6db670c9704bc1d0d8e8b585c7d9c9f905,98.68982987495292,1595.358524,northdrawer
2026-09-18 08:04:04,day,weather,67,0x1e5e22c159a4c19aecc2d85671914b760def40fb,97.16235000000233,1592.0,
2026-09-18 08:04:04,day,weather,68,0xb7bf495534953090f443a9eb91a8653b1078f128,96.89954072414002,2053.440387,-Quacky-
2026-09-18 08:04:04,day,weather,69,0x164cb85e1718d0a8f95d588b08fbb52b34233e39,96.77341667898145,1450.0889459999999,windy-weather
2026-09-18 08:04:04,day,weather,70,0x3b22f9851d5e70162d8f66f096792b7ecdb56f69,94.75141335981061,1969.090059,m8x.gort
2026-09-18 08:04:04,day,weather,71,0xc059a3645a3f63c49156ebb1c2afc9076f829531,93.71160749323906,960.9509929999999,
2026-09-18 08:04:04,day,weather,72,0xe7123a5454f9be0a197d5909d2720a4d473c9a10,93.64151890855192,984.60871,alexbita
2026-09-18 08:04:04,day,weather,73,0xba9d9001d2e070623395ea84c500e09e2bb546ef,93.6013328201683,423.615668,cricket
2026-09-18 08:04:04,day,weather,74,0x7b842c1f82f598a654865d7a223cf2b52209a13e,93.32246879899975,0.0,memetal
2026-09-18 08:04:04,day,weather,75,0x1dda11b652905b9865379c19d9765492c3fa23bb,92.39904884023804,3864.36998,Liou-No2
2026-09-18 08:04:04,day,weather,76,0x6beefb1c8d4b91b9b6d437840c241e74e6997e78,91.37994204270944,769.3924430000001,poligami
2026-09-18 08:04:04,day,weather,77,0x4f1d5ae26fc31472966e951af3183308736d8de2,91.30100719620168,639.299124,e46m3
2026-09-18 08:04:04,day,weather,78,0xa9b73b68f02f26238e2fa948fe0b7dbeb5bff43c,90.52262539896856,601.665758,jensond
2026-09-18 08:04:04,day,weather,79,0x8f4294e41f37c6067fa727f1a0ce5df88879cd3c,89.78029500000002,0.0,TrillionKim
2026-09-18 08:04:04,day,weather,80,0xf15b5046ebec60613bf8d94535823ec53c878c10,89.00301425150013,636.8499999999999,crabrave
2026-09-18 08:04:04,day,weather,81,0x87104080d019273261c278a85bab93241b5ef9c7,87.39486727472558,1035.499266,yaoyan1976
2026-09-18 08:04:04,day,weather,82,0xf9712c6d06a0e6527ae7f85c9d540158e1a40a57,86.29000767134653,565.910329,rocky42013
2026-09-18 08:04:04,day,weather,83,0x7ab34ead62c51889ed6439eeef7f7e9cb343c4a1,85.74747530351374,1467.332665,GUZMANYGOMEZ
2026-09-18 08:04:04,day,weather,84,0x987f9b3e77fa04bd40dc08547304ea632c58b37d,85.62780415206134,1636.431782,elvanozein
2026-09-18 08:04:04,day,weather,85,0x3f41732df5afa542082d9878fa94a9f19e769979,85.44668102821106,20.294118,FrogCharts
2026-09-18 08:04:04,day,weather,86,0xfd368530e2d6b22677eeb90c89b29e232670a832,85.42092233097537,874.9462459999999,
2026-09-18 08:04:04,day,weather,87,0x5a83009fa6c4fcf4c0eef638b7f2bfb5dd27497d,85.30579981000938,895.834249,jixer01
2026-09-18 08:04:04,day,weather,88,0x686880eea810fa9141be46a1acec9eee41755198,84.61107366935903,6117.688324000001,opopv3
2026-09-18 08:04:04,day,weather,89,0xa33d25630fb8b779ea9744bc6dfab536272f3ef2,84.12501052149992,0.0,Altergora
2026-09-18 08:04:04,day,weather,90,0x35bc8b057201f0b787d8ffb7398b3df0831b70de,84.059174872987,3497.497958,0x35Bc8b057201F0B787d8FFB7398B3DF0831B70De-1789540936459
2026-09-18 08:04:04,day,weather,91,0xd33e2e08bc10de8c72261a62d451791acbfc8736,83.38699810999879,1201.1200000000001,oddsjack
2026-09-18 08:04:04,day,weather,92,0x1a81418ae297c76d7c67eabe4c3f790be0bc6cf9,81.66805370305156,1661.987395,donothackmeee
2026-09-18 08:04:04,day,weather,93,0x38a1b79cc3b9c1742ac047c8c6e39e2f8aaf3154,81.04646497001067,1927.58,wtrader2580
2026-09-18 08:04:04,day,weather,94,0x831d8fb6ea69b27959bfb9d444cfe7baea273893,79.68738972900059,1406.8946,just-for-w
2026-09-18 08:04:04,day,weather,95,0x39d9e7ec452309a3a08173e38e293cf4dad6ace6,79.58908925840069,4469.99,ueep0
2026-09-18 08:04:04,day,weather,96,0x8d5e7e32347212e53e57f7ea2c1a4fa35192c921,78.48090809054156,7250.491276,keyboard-politician
2026-09-18 08:04:04,day,weather,97,0x25f746d98d9e9af0cf45c83de04b915c334a9d55,75.0,210.0,pollerer
2026-09-18 08:04:04,day,weather,98,0xf9331b7193509df4bbc8550d913b8e64c19d4069,74.99992666199978,0.0,0xf9331b7193509df4BBc8550d913b8e64C19D4069-1776341491898
2026-09-18 08:04:04,day,weather,99,0x20f93368a727c02005545501a711076a39e59577,74.34587096650009,0.0,0x20F93368A727C02005545501a711076a39e59577-1777524515657
2026-09-18 08:04:04,day,weather,100,0xfdb5c85e742f05450ad954c24290dcb6f2276210,73.83499031200009,0.0,twentys2
2026-09-18 08:04:04,day,economics,1,0x1f9e15f39bbd5d163b0eacf0fbef647ced9e4f1a,817.7988761582674,12732.44,FollowedByParasites
2026-09-18 08:04:04,day,economics,2,0xf9f207b77137caa79c6c4516abdef3133db45cba,683.3495749890008,0.0,extractive-manatee
2026-09-18 08:04:04,day,economics,3,0xfbfd14dd4bb607373119de95f1d4b21c3b6c0029,336.0174725826364,1824.0100000000002,XAE12Archangel
2026-09-18 08:04:04,day,economics,4,0x21d0c129deb8a7f7e1569045200d20e23862ce91,325.71000341150057,28.17,DEGENKHAN
2026-09-18 08:04:04,day,economics,5,0x2ed8f7a10686dbb0fb15f5c3335f30e0043793d4,310.81961669317025,3063.303537,podairpod
2026-09-18 08:04:04,day,economics,6,0x052f4191cd324a348835a846d34df5b0061e53fb,297.74626911913583,143658.16285800003,chriszyy3
2026-09-18 08:04:04,day,economics,7,0x1cfc260bfa2b5ae89377863180ca3b4f5c862111,263.804497082936,0.0,lissartter
2026-09-18 08:04:04,day,economics,8,0xc0bff7089f8536447e3d963fcbaa2d07e3e12032,240.57180388000415,0.0,baran-ludoman
2026-09-18 08:04:04,day,economics,9,0x269ced0ede348b4b3f8fd8470b19f65508f79017,237.5497999999934,0.0,allen111
2026-09-18 08:04:04,day,economics,10,0xdf17f4a8dd01a4cfa6fc3da323a2baee5f8697d1,221.49245846999474,1767.88,Harluc
2026-09-18 08:04:04,day,economics,11,0xc3fca06e4c4eb130a46b38fb35fc0161ed54484a,210.76262030449925,0.0,wfsxfwetrdsf
2026-09-18 08:04:04,day,economics,12,0xe472ce6be1fb4673d6155de37e414ead8bace7eb,207.11432383990177,38111.93,TheRealWarMonger
2026-09-18 08:04:04,day,economics,13,0x6c104a31c105ab2573a42e0f178f961e4496df5c,205.3897900999982,0.0,Belgaron
2026-09-18 08:04:04,day,economics,14,0x7c30ee60b7f53f80211ca65df99d48cce53b7673,187.71145994250242,0.0,mazw8
2026-09-18 08:04:04,day,economics,15,0x3c918a8ef8c379304f744592120cbb4d76149af7,174.00001650000922,0.0,Vilgefortz
2026-09-18 08:04:04,day,economics,16,0xa56902ddb745968ad747f3a5a2a5f07ee68d96ec,170.1245916800035,0.0,pmcb
2026-09-18 08:04:04,day,economics,17,0xb7b8e9681f5c863dfbd3ac7ec66bac69fa0edb31,168.79155439457463,0.0,charlatta
2026-09-18 08:04:04,day,economics,18,0x5b9115312cb4fc2b2b57c65045e611092f222709,167.54494112999964,509.0,x26
2026-09-18 08:04:04,day,economics,19,0x854dd4db9230143f19bccfd6850aacb6facbdeb0,151.5626075600012,0.0,TheArchitect76
2026-09-18 08:04:04,day,economics,20,0x353c33595988322b954b7fa8ff71d9fb254a2af5,142.311666662501,0.0,MaxPowell
2026-09-18 08:04:04,day,economics,21,0x03805a13a0b3e058f55f6c6af95389d4f431073d,137.4128935182962,80.0,donthackme
2026-09-18 08:04:04,day,economics,22,0x460a20d648c4601abfcd0c71ec37eb6dfd26d738,133.22535595499915,452.22,whispercatalyst
2026-09-18 08:04:04,day,economics,23,0x1d5f88f1b97317cccad804374e5bd847512e634d,131.4686057580293,578.979025,firegold
2026-09-18 08:04:04,day,economics,24,0xc8cd72181faf60f6131a36a5680407875b447405,129.89316504499993,0.0,0xC8cd72181faF60f6131A36A5680407875B447405-1787021104605
2026-09-18 08:04:04,day,economics,25,0xcaab19659b995951a44cc992447cb2ad5be324dd,127.65153851060313,0.0,QMG-CORE
2026-09-18 08:04:04,day,economics,26,0x7cde9cc2fc1ff9556b5167aaaa6fc5b3ce0ab97d,123.65500000000247,0.0,allen114
2026-09-18 08:04:04,day,economics,27,0xfba638c083dcd88a6711a1ffba4352c5431a1fca,122.16295091732354,37341.0,Vladpoutino
2026-09-18 08:04:04,day,economics,28,0xd52b8dcb4b812c4056faf41164a6f6c73f4c5c72,120.56576719824079,4840.46,TBill1
2026-09-18 08:04:04,day,economics,29,0xf6eab31d96d24310f33f258bc48a01bd48bc0a00,116.93957057463513,2462.4539139999997,LA17
2026-09-18 08:04:04,day,economics,30,0x2a019dc0089ea8c6edbbafc8a7cc9ba77b4b6397,111.4776901959849,39160.6,aviato
2026-09-18 08:04:04,day,economics,31,0x0b0fca03617cf1b1d442c45852e34db991fc8cd9,110.45839674432682,100.0,pullthetrigger
2026-09-18 08:04:04,day,economics,32,0xa83a50bd49987854225384e3df1efbc276681e64,110.09182523299978,0.0,notlosecrypto
2026-09-18 08:04:04,day,economics,33,0x4fe26282f10c7903a1af09fa376af8d885ba87c5,108.70935878,0.0,lihpare
2026-09-18 08:04:04,day,economics,34,0xfbe66593e49c4e7a7180a2582f041158bfb800f8,108.47690000000875,0.0,gaven-willwin
2026-09-18 08:04:04,day,economics,35,0xe8c4d68aff65b38cac46987b9b65e01eb47d395d,105.82020944550095,585.64,JAMJAMJAM4
2026-09-18 08:04:04,day,economics,36,0x1d379e322ef813587a3e13ad79857c45edc7f4a4,103.70394595499602,0.0,OverlookHotel
2026-09-18 08:04:04,day,economics,37,0x849ccb5907938ce8be18ed5dbf583288e2da4009,101.57893147000004,0.0,Ondra
2026-09-18 08:04:04,day,economics,38,0xd1049158a102840ce595efc6ab683a0cb6fbacef,100.0,0.0,pilimili
2026-09-18 08:04:04,day,economics,39,0xf83ec0e37ac9eece71c064507270e9001a734663,98.6453256745499,387.15999999999997,JustClickeverywhere
2026-09-18 08:04:04,day,economics,40,0x65d1dfacd31f0a75083db245fefe1856603c0e74,95.026350000001,0.0,Cr4zyApe
2026-09-18 08:04:04,day,economics,41,0x50733d0627e4763d7d7e81a69abc345edf6416a7,93.15338636949946,0.0,MFS-000
2026-09-18 08:04:04,day,economics,42,0xc54ad215c349334060210b6e047ac68bd8be5a08,92.22418231399999,0.0,646Capital
2026-09-18 08:04:04,day,economics,43,0xf8871f87fbb32d5ce21e3f8902f70f4f0f266b54,92.05825526138415,2620.8699999999994,newbie77
2026-09-18 08:04:04,day,economics,44,0x844ef6cdd0a4d691b7a81429ee550f025aa64f41,89.31550713209072,0.0,flyfat88
2026-09-18 08:04:04,day,economics,45,0x75772c0fad8bb3eefb12bae32eef8a58e7ee8fb9,85.84748459999992,0.0,0x75772c0fad8BB3EeFb12bAe32EeF8a58e7EE8fB9-1771157190403
2026-09-18 08:04:04,day,economics,46,0xff1e352d5310eab17d1e9fd7e00ec33f16c05e2d,82.7523000000001,0.0,0xff1e352d5310eab17d1e9fd7e00ec33f16c05e2
2026-09-18 08:04:04,day,economics,47,0xcb894d56b6ed7f458e8534636a086b65e915a2e8,82.60658660299987,0.0,justme003
2026-09-18 08:04:04,day,economics,48,0x09e3835d39e097ec0011824fbf647ff032a748ac,81.1311086400001,0.0,imakebigbets
2026-09-18 08:04:04,day,economics,49,0x122cb94c437ea5e6f088c6c0c143c592ab8efbed,80.85874000000103,582.12,0x122Cb94C437EA5e6f088c6c0C143c592ab8EFBed-1782168978900
2026-09-18 08:04:04,day,economics,50,0x9e42308e7d732aa04209fdc070e8bd779d5e1b36,76.68014759500102,162.31,7418399
2026-09-18 08:04:04,day,economics,51,0x73d225c851df25d73b14846a370bdeef9434f9b7,73.88482797950013,207.12,Dapsy
2026-09-18 08:04:04,day,economics,52,0xf70e4057bd62fe2e78c0be7f720f9705bac097f0,71.45734259749986,0.0,spec-tater
2026-09-18 08:04:04,day,economics,53,0x4dfd481c16d9995b809780fd8a9808e8689f6e4a,70.128735100001,0.0,Magamyman
2026-09-18 08:04:04,day,economics,54,0x72f7b4aa5acaff9629917cf4ec34620a41c492f7,69.95759999999973,0.0,crypto-basenji
2026-09-18 08:04:04,day,economics,55,0xf0ed9e68e6cd3ee712260abeaec32de56a7d47d8,69.75231000000349,0.0,LinaBell
2026-09-18 08:04:04,day,economics,56,0x38f50488b14a87769e0c5cd6c514b6c2e8ec6824,69.18270755649974,586.5699999999999,karachiking
2026-09-18 08:04:04,day,economics,57,0x1ee9a5fc09665909c0cce297c581703bfbb9197f,67.64078096599587,0.0,vinii
2026-09-18 08:04:04,day,economics,58,0x08458f7e9d2858027de579e4c3ca305475496b6f,66.89648026698706,0.0,GollumGekko
2026-09-18 08:04:04,day,economics,59,0xfe2d0b7350141c8413da4ab3eb72b5d71026da35,66.8426311126077,351.980634,gmgmgmgmg
2026-09-18 08:04:04,day,economics,60,0x8debd189ffd74160f25e367bafaed61a9fea7062,65.75567788248009,786.3554339999998,taut-dogwood
2026-09-18 08:04:04,day,economics,61,0xb0fcea24160139269e0af107811e33d99d6ece0b,65.68521202500415,56.0,DancewithRisk
2026-09-18 08:04:04,day,economics,62,0xd5b97d08ec6098407bfbf66c2786ccc9967fe44e,61.5930697230001,0.0,Optimus-
2026-09-18 08:04:04,day,economics,63,0x33e27ac64a453337cfcea8345c705a407c573a1b,61.410800000000165,2500.0,gum123
2026-09-18 08:04:04,day,economics,64,0xa53ba9d683f68602ccd767512d5c862a43824021,59.72035224249976,200.0,Vagabund97
2026-09-18 08:04:04,day,economics,65,0x712433f69c169ebaaa67ce13f3f66f54575e70c1,58.494615219999105,0.0,S55
2026-09-18 08:04:04,day,economics,66,0xf501ffd866ccdaa8c09002b3167d532bfe668852,55.400000000000546,0.0,thebetter1234
2026-09-18 08:04:04,day,economics,67,0x39c3d7208946b664aab88797225a418f9d4e0c7e,54.119565525001235,0.0,sam52727482916
2026-09-18 08:04:04,day,economics,68,0xcdb1f1ef8213c06911e4ba6a884176c5571e276c,53.321548970496224,0.0,Ahpo
2026-09-18 08:04:04,day,economics,69,0xe60f07a844bd18448eb3b23818f94bec1589f4b4,50.0,0.0,cryptoincome
2026-09-18 08:04:04,day,economics,70,0x7e62222801e875c8b3fe56045a4d9d68a02d6cf7,49.69763286,0.0,0x7e62222801E875c8B3fe56045a4d9d68A02d6CF7-1781957984514
2026-09-18 08:04:04,day,economics,71,0x5ba89967f5d20c34ea79abe4c935aae9e4f02bdf,48.12740999999998,72.84,imagineall
2026-09-18 08:04:04,day,economics,72,0x71abe97b83eaba3f06cb04fd4d9a03ee37d2f015,48.11414999999397,0.0,groth
2026-09-18 08:04:04,day,economics,73,0x43372356634781eea88d61bbdd7824cdce958882,47.55352961222525,3562.897455,Anjun
2026-09-18 08:04:04,day,economics,74,0x9baebe30d1cefe0ac5be4be85189c9fa33e95d34,46.30249403899995,0.0,tinman2
2026-09-18 08:04:04,day,economics,75,0xe904443b4084bbda216e344353a44cd4324a2d9f,46.257091364999724,0.0,shovelingdigging
2026-09-18 08:04:04,day,economics,76,0x264d771891838edb443cb2d39fc4aa1bb58a6f2b,45.82931914100118,0.0,dnaghsa
2026-09-18 08:04:04,day,economics,77,0xac4a1fabdac2438d6afa2a9e8e83845310a0bf1e,45.49761910603411,82.4,HerrieDavis
2026-09-18 08:04:04,day,economics,78,0xaec718f7dd38e0c29c14a8472183a48fed6203ef,44.78862000000001,0.0,adfjo
2026-09-18 08:04:04,day,economics,79,0x4d1de0d8bf27bbb1f34545e974cfb794ac8e01ac,42.09256458550044,110.0,oneoftheppl
2026-09-18 08:04:04,day,economics,80,0xa66790e2b0075e73c3781ddaf1d0b875a3aaceb3,42.084170957001334,0.0,Elias.Thornwell
2026-09-18 08:04:04,day,economics,81,0x43cb4ae1f4ddc9e671486c79c9f40a6fd98b84df,40.54264061400113,2283.24,0x43cb4Ae1f4dDC9E671486C79c9F40A6fd98B84Df-1761656284271
2026-09-18 08:04:04,day,economics,82,0xc7fbc818c08e6984542749d351e73578038f8eb0,40.25368523800004,0.0,acuellarF
2026-09-18 08:04:04,day,economics,83,0xfdfca60e7aebfc50dfdc40c27987970aa9c1288c,40.18813863000105,0.0,Polyticks
2026-09-18 08:04:04,day,economics,84,0x4a9a9c28e929d354d5350a7f928893950a9681d5,39.834657119999974,0.0,jcal7
2026-09-18 08:04:04,day,economics,85,0x2fa8ba4d70dd622c255fb57f5dee12158aa9e1f5,39.48400000000004,0.0,JackMoneyEth
2026-09-18 08:04:04,day,economics,86,0xad95470e57284c664af12582a2e1d66b7f828e7f,38.98341463099996,0.0,Rickson83
2026-09-18 08:04:04,day,economics,87,0x40601b813190cee07d18c1a3c67ee3399bdfc1c4,37.73491818799994,0.0,CrazyCat-Kiwi
2026-09-18 08:04:04,day,economics,88,0xbdcb293dd41148a20895d0e818c0d96c0756e811,37.63268999999809,0.0,ourdemocracy2
2026-09-18 08:04:04,day,economics,89,0x4755072010b0a6963d5140b4c34ba6a544664338,36.25733331450101,0.0,QMG-MACRO
2026-09-18 08:04:04,day,economics,90,0xac7a15579dfb6f7da36e59ae6e8a75368976414f,35.34017189999997,0.0,BOOST250
2026-09-18 08:04:04,day,economics,91,0x172dd121e13fe79741fd519ddcf72ad157e0f864,34.09126644000001,0.0,System-Error404
2026-09-18 08:04:04,day,economics,92,0x1c865202529e466ed310ab3730c43689d3bfc427,32.5,200.0,SuAlteza
2026-09-18 08:04:04,day,economics,93,0x890d33f9c1620806a98341c243f782fa63b215ac,32.457973359997595,619.3399999999999,OrbitSugarFree
2026-09-18 08:04:04,day,economics,94,0xded8a46ee5fa25b550689176ab7c58c2d44eca0f,32.43765621633793,2274.0,yingxer
2026-09-18 08:04:04,day,economics,95,0x0e3412b36668dcb987582e6c96f7e15fea71f1a7,32.42202151999982,0.0,redpanda135
2026-09-18 08:04:04,day,economics,96,0xc30c0116e9a5c17f1c03240a0b02a819fe646509,32.015355539999405,0.0,Slowroasted
2026-09-18 08:04:04,day,economics,97,0xc785252b25901a591e9d962e09f4342468444ef2,31.882628316026967,1438.978177,dips.
2026-09-18 08:04:04,day,economics,98,0x80a4552cdcde3b861b8adc146ab1fbd4711022cc,31.3134528100054,0.0,puravida
2026-09-18 08:04:04,day,economics,99,0x87650b9f63563f7c456d9bbcceee5f9faf06ed81,31.29153277170417,421.72,2B9S
2026-09-18 08:04:04,day,economics,100,0xbfd8463ef064029a573bc6f3fb5a35500dd00fe9,31.018080000008922,0.0,apalebluedot
2026-09-18 08:04:04,day,tech,1,0x49f206f4fb2210a28af4795e4e0b6532cf0bd7b4,69636.14283700002,13081.9,0x49F206
2026-09-18 08:04:04,day,tech,2,0x4f1d5ae26fc31472966e951af3183308736d8de2,2764.1106675353076,905.8699999999999,e46m3
2026-09-18 08:04:04,day,tech,3,0xb0e74df9430a089aa102e2207af5fde1967439d2,2214.3891342268453,0.0,0xb0e74DF9430A089Aa102e2207Af5fde1967439D2-1789545517033
2026-09-18 08:04:04,day,tech,4,0x43372356634781eea88d61bbdd7824cdce958882,879.1461371131008,345.03888,Anjun
2026-09-18 08:04:04,day,tech,5,0xad5353afe30c2da57709e2704ef3ccdcf67eef24,793.1227536451456,10681.211692,AJSV
2026-09-18 08:04:04,day,tech,6,0x6bdc0efca8f1ae7a01cd44bf975b8fa4f9f16fcd,764.9889555599999,1417.96,mapleggg
2026-09-18 08:04:04,day,tech,7,0xad96914d7762dac84ebbabafe366ae8ff24dd498,615.4963674970058,9.3,0xAD96914D7762DAC84EbBABAfE366AE8ff24Dd49
2026-09-18 08:04:04,day,tech,8,0xeed8c2be411025120fb511ea2332dd0a1f6135f0,567.7589107041422,4607.925558,WarriorH
2026-09-18 08:04:04,day,tech,9,0x942e79166821f3f4e67872e44f1672fcccd2be27,557.3221993505031,198.822766,smallreceipt
2026-09-18 08:04:04,day,tech,10,0x1f9e15f39bbd5d163b0eacf0fbef647ced9e4f1a,465.8588354250005,2126.9,FollowedByParasites
2026-09-18 08:04:04,day,tech,11,0x1387d145aaf01f6e33b66525dda6e1f51f6955f8,465.0982235805059,978.03,Lucerys
2026-09-18 08:04:04,day,tech,12,0x75351af590a41c3bb03b1a4869dc34d18d81a699,458.83950190209197,12885.434844,cheddarCat
2026-09-18 08:04:04,day,tech,13,0x2b5920274740ca61745eeb077587bf5bb4ff9db6,425.7147865799998,1269.0300000000004,aHjCz
2026-09-18 08:04:04,day,tech,14,0xb0c85813a7a4428f1139ff91d3118a92c391fe7f,350.9120569245133,275.12,midturn.rekt
2026-09-18 08:04:04,day,tech,15,0xe040ffe586e21cb49449e8daf19b1cdff87a824f,328.231489142996,150.0,god83743894
2026-09-18 08:04:04,day,tech,16,0xe25b9180f5687aa85bd94ee309bb72a464320f1b,310.8683999999994,0.0,WordleAddict
2026-09-18 08:04:04,day,tech,17,0xf85fa31a58fcce6c00b5af806a598b1600329800,237.40902981499994,0.0,SiSi
2026-09-18 08:04:04,day,tech,18,0xb89f5425341719d298dc2f5b9a92374f5fde1c44,237.1317786800064,44.230000000000004,iutwpfal
2026-09-18 08:04:04,day,tech,19,0x564f22744b7941ade18d5e0e4f347c30e3057026,202.4914739795022,2249.17,molodoyy
2026-09-18 08:04:04,day,tech,20,0xff493a4474b009dc936a841a76a55ddc1ebf7536,199.69892502999983,0.0,bugonia
2026-09-18 08:04:04,day,tech,21,0xc74a96b8a834677cc2ab2dd579e525134d11f01b,199.5684128819994,5195.1,Popopolly
2026-09-18 08:04:04,day,tech,22,0x50b0de750ec7f757250d483ebb86e1e9e61e1640,187.81646643999994,0.0,mathrex
2026-09-18 08:04:04,day,tech,23,0xe39783f92ee0985f1ab5fe514030f946825abfcb,184.86111940799998,0.0,0xzipper
2026-09-18 08:04:04,day,tech,24,0xcc792a28d90f3c5d8fe91e48a184913a65031c2a,182.68829141500055,0.0,enrico-vasaio
2026-09-18 08:04:04,day,tech,25,0x3f3bfc6d754e416699793901ffb12ddeee9f1d77,180.49576498100214,0.0,eNakeVets
2026-09-18 08:04:04,day,tech,26,0xc62d2e08687954cadb91a5901dfcdde4b14674fc,169.15473585000018,0.0,wannatakemoney
2026-09-18 08:04:04,day,tech,27,0xe639e41094bbeae18f3e6d1790c17299183f082a,165.7437762449963,0.0,0xe639e41094bbeae18g3e6d1790c17299183f082a
2026-09-18 08:04:04,day,tech,28,0xad529df14c293d77984a0137990a1441b25211ac,162.8310959533046,594.48,CongoleseKevinWarsh
2026-09-18 08:04:04,day,tech,29,0x71abe97b83eaba3f06cb04fd4d9a03ee37d2f015,161.112080235,0.0,groth
2026-09-18 08:04:04,day,tech,30,0x814de45404c20dd9956737a83f7c8b0b039eb842,145.7172301999999,60.2,resfeber
2026-09-18 08:04:04,day,tech,31,0xe46a7d55f684287e1b60afa41a6b71aa94ce5c3c,138.377448,0.0,0xe46a7D55f684287E1b60aFA41a6B71AA94ce5c3c-1789659887971
2026-09-18 08:04:04,day,tech,32,0x4626ffc20b7314de1b6b804b9eded4b80850d40b,136.3998306,0.0,Wellv
2026-09-18 08:04:04,day,tech,33,0xfbedb045813457be883ad83dd1078e88a2a1a665,136.15031688228555,192.831429,SpringlyFawl
2026-09-18 08:04:04,day,tech,34,0x014c4e7ae2145992861c2d1b124af633a97f820c,135.52947000000003,0.0,Hyperlong
2026-09-18 08:04:04,day,tech,35,0xa3282d3e882501229c75d0caf134e62e3afb4977,132.29356437728347,240.0,korda77
2026-09-18 08:04:04,day,tech,36,0x1191fabce7781f4179ddd3c205ad665cba79c092,131.36264266000217,0.0,qmmar
2026-09-18 08:04:04,day,tech,37,0x45bbe85e001a1b1626e94349d45ad6a09f9241a7,128.44445736999995,825.94,QR1
2026-09-18 08:04:04,day,tech,38,0x4c4ed674fde7dc998036b3ae92445d00fcdb297b,128.38721430449186,0.0,SingletonFamilyFund
2026-09-18 08:04:04,day,tech,39,0x1cf169df887c8aca4d8afc83b1a37710b2756ca1,121.93890488250008,2378.69,qianyi2026
2026-09-18 08:04:04,day,tech,40,0x4cb5ec560735efca23f76f2dd152b74bc6a9b536,118.85372530999848,0.0,TheEmprah
2026-09-18 08:04:04,day,tech,41,0x60a92c8620846d81f5ea17b0564e0d4b7c545a71,110.6084895250001,0.0,paddaa
2026-09-18 08:04:04,day,tech,42,0xb4f2592e67c333e73c923547cfe05e768180e5fa,106.0819684750004,0.0,M2sx92kljs42
2026-09-18 08:04:04,day,tech,43,0x97f3f9f15c0063710c60d3ac9c40d17f4ba60eba,104.06122953750037,0.0,Investnow
2026-09-18 08:04:04,day,tech,44,0x8fe730b55cf3468c01a884cfcde79c2dfb4d6c1f,103.52446500000133,146.57,Hugin-og-Munin
2026-09-18 08:04:04,day,tech,45,0x7272c0d9478ef6447f48a20a7db2839a61a4a67d,103.2429799199989,0.0,0x7272c0D9478Ef6447f48A20a7Db2839A61A4a67d-1735227193318
2026-09-18 08:04:04,day,tech,46,0xbef037910e0410c572bd8bcc97724691370e86ef,100.90562029600005,0.0,ci4ga
2026-09-18 08:04:04,day,tech,47,0x652bff901f401f22b2da47ad1c5c4b5870b3f5c2,97.47685844099624,700.9810000000001,0x652bFf901f401Fdhsk342kdjfnfk029abks13
2026-09-18 08:04:04,day,tech,48,0xbe044d601fbe89c9e87eacfa57d813a31f783c60,96.90873530999943,0.0,0xbe044D601FBe89c9E87eACFa57d813A31F783C60-1767997097941
2026-09-18 08:04:04,day,tech,49,0x8dd8f566b50f54a7a8ec02412723974b40679a1c,94.1774581750002,591.0,pengu1n
2026-09-18 08:04:04,day,tech,50,0xb96a0102425dcb20a59814d5020702c03548000b,93.50840124000023,2020.58,Zhangmuzhiholy
2026-09-18 08:04:04,day,tech,51,0xf81ac01fc933a29500f1b2b55edb251ce2f6eba3,91.79825764499992,0.0,HippoMaro
2026-09-18 08:04:04,day,tech,52,0xac4a1fabdac2438d6afa2a9e8e83845310a0bf1e,90.85735888699037,101.5,HerrieDavis
2026-09-18 08:04:04,day,tech,53,0xaee811b7c7e5d961b545ac0e3f62f5f1cb181154,90.56237731394322,3190.251666,1in1000
2026-09-18 08:04:04,day,tech,54,0xe95e726d0ca927874f3998d815bfec51d19261f2,88.76777999999968,0.0,mewmew1
2026-09-18 08:04:04,day,tech,55,0xcb48f490d8579832e56954cb31dfee630d59be6d,86.42467938257187,989.0589479999999,NoTeacher
2026-09-18 08:04:04,day,tech,56,0xf0d5eb1cbe7350f1f896ade6c172e6700414c665,86.25028303000022,7481.33,yen4u
2026-09-18 08:04:04,day,tech,57,0x88419a2d3cf90ccfbbfffac0aa48abdffba8c2d3,85.142054615,0.0,pragmat1sm
2026-09-18 08:04:04,day,tech,58,0x44dabe09f4c0d31435be1df63ed299e5207fe225,84.63483568499998,0.0,M8880
2026-09-18 08:04:04,day,tech,59,0xe38ee6bef3ea40daac3e3adc2fca23ba456850c8,83.35486029321919,49.99,CryptoBizzi2
2026-09-18 08:04:04,day,tech,60,0xb8b1dc98add57580568f2d386bf79c7856ebac9a,83.29448391000005,0.0,Artyre
2026-09-18 08:04:04,day,tech,61,0xe1b361d6a6f237b9ed7534d19b232df8369e1426,82.60224661999928,0.0,tja
2026-09-18 08:04:04,day,tech,62,0x72f7b4aa5acaff9629917cf4ec34620a41c492f7,82.5,0.0,crypto-basenji
2026-09-18 08:04:04,day,tech,63,0xfbd8c9c22ca76b3662d0e53a4f79719fdc684027,82.39799780699832,269.4,0xfBd8C9C22cA76B3662d0e53A4f79719FDC684027-1779347618060
2026-09-18 08:04:04,day,tech,64,0xe8c4d68aff65b38cac46987b9b65e01eb47d395d,82.13512870550039,0.0,JAMJAMJAM4
2026-09-18 08:04:04,day,tech,65,0x75a27d0cc95b3586297c1e6b5417269332cd6992,81.41490455149324,0.0,BrownBees
2026-09-18 08:04:04,day,tech,66,0xce054a280345977fa81733f4cfdca141e8759176,80.05324999999993,0.0,kxkxkx
2026-09-18 08:04:04,day,tech,67,0xfc952d7bad5ef03ac6645a93de6c124b093f0b9c,79.19999999999999,0.0,LEGENDARY101
2026-09-18 08:04:04,day,tech,68,0xa815f590e64fa64d417df72c581a32f5ff449cbe,76.7189098526228,1218.6375950000001,Numitus1994
2026-09-18 08:04:04,day,tech,69,0xb7d54bf1d0a362beb916d9cb58a04c41d67e0789,75.68668093500001,20.0,marksman
2026-09-18 08:04:04,day,tech,70,0x3089e1a6e3e9122c328aebe47b86ff5e13b292f6,73.41956789999927,559.73,bonalddrunk
2026-09-18 08:04:04,day,tech,71,0xd6f2a8289a6854a5ec1c24dfa55f1efded4de013,72.05625278000008,0.0,coockroach1
2026-09-18 08:04:04,day,tech,72,0xd683538f1db5b2aafab63b8af6a47546cdf73c0c,72.0,0.0,Bananamennumberone
2026-09-18 08:04:04,day,tech,73,0x300c5e1ec9e4d6e8bd9617f0a44508170c5b6a92,67.5982503985374,3463.489061,BAO95889
2026-09-18 08:04:04,day,tech,74,0x530fba2d6750973accde7baa228a686e4e680f5d,64.94001,0.0,0x530FBA2D6750973aCCde7BaA228A686e4e680f5D-1721448194333
2026-09-18 08:04:04,day,tech,75,0xf123aea6c641b8a8a4f55daecf7bbfad1ec85bb7,62.99967793499991,0.0,wildsoul
2026-09-18 08:04:04,day,tech,76,0xeace539957dc19048c7be9bb64e1af6b517b38b9,62.91916447750004,480.16497000000004,VonVonagh
2026-09-18 08:04:04,day,tech,77,0xc1ab02a366bb858eec3ca683121eb500cf4c68f2,62.08778914049981,0.0,from00
2026-09-18 08:04:04,day,tech,78,0x9aeb534c42b58b21673d5e03e9da14fbd15b2729,60.16510288049176,0.0,The-Joker
2026-09-18 08:04:04,day,tech,79,0xbe7c0363ec2f0d12630fd48ac4c87ce84f418356,58.84056000000055,0.0,tescat
2026-09-18 08:04:04,day,tech,80,0xbf12f058a1c3406f11713e7170454481f490d3a4,58.19000000000001,0.0,JoGold
2026-09-18 08:04:04,day,tech,81,0xe0f1e7751df4035f78a5eb2f4296c98b4d5bc4bd,58.02459162000105,0.0,CompulsiveGambler
2026-09-18 08:04:04,day,tech,82,0xb2624498dd70b5dd50cb0552037f3fd61ebfe34c,56.60274307499998,0.0,Ladbad121
2026-09-18 08:04:04,day,tech,83,0x1d603dad31fac599c1de6b6002d066993460453d,54.85363903050029,0.0,Ru386
2026-09-18 08:04:04,day,tech,84,0x714f682e577a6892ee921290fd6ad213d11266d5,54.53616220399954,0.0,Poivre
2026-09-18 08:04:04,day,tech,85,0x4388640a35b4ecebc33f8c73b58a2b988c615050,53.34620000000007,0.0,Started-with-20-USD
2026-09-18 08:04:04,day,tech,86,0x30817864e203c8743ee266c30639a1fae7ffefed,51.754299180996895,0.0,py3-888
2026-09-18 08:04:04,day,tech,87,0xc682d7943aad07c246986a7aa2989cfcb17817bb,50.59754158999931,0.0,zthunderfury
2026-09-18 08:04:04,day,tech,88,0x7bf696536bef0363264dcfeea0c0423e2cfd5219,49.49955109000004,0.0,android84
2026-09-18 08:04:04,day,tech,89,0x834191a479261b32e522b738520b8d53a315de89,49.24943416999986,0.0,0x834191a479261b32e522b738520b8d53a315de8
2026-09-18 08:04:04,day,tech,90,0xcfff4295288ee29f75a38a7028611b7c1e93673d,47.714512586993806,90.0,graynotebook19
2026-09-18 08:04:04,day,tech,91,0x1ee9a5fc09665909c0cce297c581703bfbb9197f,47.69264100749842,0.0,vinii
2026-09-18 08:04:04,day,tech,92,0x7d5697c41094189fa3c99cf90cbe066160ad0ba5,46.19956275,0.0,gqqd
2026-09-18 08:04:04,day,tech,93,0xb8ad2849635c9ce413f1fdd2e7b364bbfafeff58,45.17224051399967,0.0,Rr55
2026-09-18 08:04:04,day,tech,94,0xfd74d4504299cce1c537464bdd932f8a0e6ba2a7,44.702334229999906,0.0,0xFD74d4504299cCE1c537464BdD932F8a0e6bA2a
2026-09-18 08:04:04,day,tech,95,0x87650b9f63563f7c456d9bbcceee5f9faf06ed81,44.13043321489931,312.351915,2B9S
2026-09-18 08:04:04,day,tech,96,0xfc404d785423d89fd862f6b3f2fc4bcb556756a3,43.95921957999985,0.0,1660S.eth
2026-09-18 08:04:04,day,tech,97,0xe2cfcf4be7202f33335678deca46a16846a84c49,43.54459226985699,878.071177,PaloresCutesco
2026-09-18 08:04:04,day,tech,98,0xb25d2d8100bb0ac29e886c526c74c0871386d127,42.90739299999973,4000.0,GammaSqueeze1234
2026-09-18 08:04:04,day,tech,99,0xe7fe17248aab26ed24935921fb81bf0a452624e5,42.85892174999981,0.0,Banditoes
2026-09-18 08:04:04,day,tech,100,0x524db836890e08aceb3abcdee98d44240e324495,42.60422625300271,0.0,Mac-Gyver
