timestamp,timeframe,category,rank,address,pnl,volume,userName
2026-07-07 06:49:52,day,overall,1,0x09b428f7c2b469786286214aa5c90dd9015f7320,3080184.060328992,0.0,DEEDDIT
2026-07-07 06:49:52,day,overall,2,0x7c1ee865a785de4c00ee90ed86a38489fb8bbab3,1344554.4012541927,560247.163267,CandleHammerDrums
2026-07-07 06:49:52,day,overall,3,0x640de3430e9a05e1b1fe04b42d651da1abe99a4c,858090.1800000016,0.0,coldsway
2026-07-07 06:49:52,day,overall,4,0x224a89dbe0db0d6124b335edabd15b3f877da3d5,842104.5433690362,692576.2891690001,wr0ngw4yb3tt0r
2026-07-07 06:49:52,day,overall,5,0x2c335066fe58fe9237c3d3dc7b275c2a034a0563,650251.9704755549,3025139.7281,0x2c335066FE58fe9237c3d3Dc7b275C2a034a0563-1759935795465
2026-07-07 06:49:52,day,overall,6,0xe9a6ed2e4d4ee8ce47cd47cac834746dc4cf627b,515612.52247744554,0.0,Oneger
2026-07-07 06:49:52,day,overall,7,0x83720820a8aa6c3f20ad71850e7a1a17d16c5223,403855.418570461,0.0,Jsram
2026-07-07 06:49:52,day,overall,8,0xc31d0a0d63d760d72a1236d16beaa6a71c854ebe,212660.71372898575,0.0,FootballFan98
2026-07-07 06:49:52,day,overall,9,0xe72bb501df5306c75c89383d48a1e81073fbb0a0,198946.9251238979,145263.5,norrisfan
2026-07-07 06:49:52,day,overall,10,0xa7b7505abe2fdcc497c00074534f7fbd7e07962e,172957.56315770745,0.0,gud.hl
2026-07-07 06:49:52,day,overall,11,0xc6a63ad5a788a576d4acc9911c50fef9fde49458,165577.967618,68907.072828,filthybetz
2026-07-07 06:49:52,day,overall,12,0x006cc834cc092684f1b56626e23bedb3835c16ea,162683.35323708583,0.0,0x006cc834Cc092684F1B56626E23BEdB3835c16ea-1729683673397
2026-07-07 06:49:52,day,overall,13,0xb809a4b78b5eadc71d84be43eda0491eedf72004,147789.69193883694,24999.989996999997,R88N
2026-07-07 06:49:52,day,overall,14,0x076daa87c4fe1a85402a9b6b8e0a866224388d4c,139439.47016589108,291605.6618439999,
2026-07-07 06:49:52,day,overall,15,0x56acab44cfca2e88bb9b3406890aea7bfa0cd77e,124598.13356776748,240314.95,dv-pm
2026-07-07 06:49:52,day,overall,16,0x412fe1a101554f0b382181c3af932e4b2d8030fa,118893.68847372296,177838.266552,GrizzliesSuck
2026-07-07 06:49:52,day,overall,17,0xb61b2079b95f6b7476fd3203e0274ffb93308a06,116422.25199580006,9864.412830000001,hot2trot
2026-07-07 06:49:52,day,overall,18,0x50f0a0fc7364d3c10fc4578b9b1d955368335355,114288.99062975998,0.0,bettguy
2026-07-07 06:49:52,day,overall,19,0xc430e5b17128df7ce78d69fa28bc7de038641ebf,109021.06143488642,0.0,Gourmet1
2026-07-07 06:49:52,day,overall,20,0x6157d529ae129fe08f22a27ed42e741d2eaa9fb4,108923.05436942494,227207.832829,DaBossHogg
2026-07-07 06:49:52,day,overall,21,0x5966db1fe50763c9e3c014d756369bad07e1f804,107000.0,0.0,0x5966Db1fE50763C9e3C014d756369BAd07E1F804-1777648534241
2026-07-07 06:49:52,day,overall,22,0x8d06b69858838de58452d964bbde54b33f6a7910,105074.77480683292,119758.08811299999,AlexMercerOne
2026-07-07 06:49:52,day,overall,23,0x8a260ebadf8ef07e693dd1b0be120b3330dd73c3,102674.99999999997,0.0,sinasinner
2026-07-07 06:49:52,day,overall,24,0x7dddf1968c14900b2d2ef9dada8465e82ac4c933,94595.54736022494,0.0,pingan123
2026-07-07 06:49:52,day,overall,25,0x5c3a1a602848565bb16165fcd460b00c3d43020b,93619.36325408448,0.0,Crystiano
2026-07-07 06:49:52,day,overall,26,0x160db9bb5bf012f21251a74737093bcdc36f5295,82295.20882657511,0.0,JESUSCHRISTISGOD
2026-07-07 06:49:52,day,overall,27,0x0d18e30e252008d83f51dae00d36873ddd9e24a6,79633.58516693997,24999.999999999996,MonsieurDimanche
2026-07-07 06:49:52,day,overall,28,0x492442eab586f242b53bda933fd5de859c8a3782,75815.60415000003,0.0,0x492442EaB586F242B53bDa933fD5dE859c8A3782-1766317541188
2026-07-07 06:49:52,day,overall,29,0x1a2f67124f12eaa88be0f6683a95abede555647a,70871.27522977989,411102.677071,uptime0724
2026-07-07 06:49:52,day,overall,30,0x5268527977f700f9bf9b6d5cd843859e4e70135d,70494.47243974579,864170.5972950005,HomeRunHazard
2026-07-07 06:49:52,day,overall,31,0x5257aa84944804bbb0c718814ebebeeafaca3e2a,69786.9650374814,167027.158157,NO-GOD-PLEASE-NO
2026-07-07 06:49:52,day,overall,32,0x45c3488fd5f78adb7cc59f3f87988e2bcbb859bf,65225.662879999996,98231.42,ultrahypedmike
2026-07-07 06:49:52,day,overall,33,0x60e4df0209c4c50f2d2fa46d60357208b8e5c771,62921.11093225599,61880.650796999995,0x60E4Df0209C4C50f2D2fA46d60357208b8E5C771-1781456338104
2026-07-07 06:49:52,day,overall,34,0x28059b3fb7af7ed76d83dc9121bbb72ec7cf76ed,62157.40346400705,147988.976798,RISK-IS-NEVER-OK
2026-07-07 06:49:52,day,overall,35,0xafb05355ed70b8e5646ff7fe8ed4f36bb17b8ee3,62073.727675,40593.833332,LukakuLukaku
2026-07-07 06:49:52,day,overall,36,0xbf6755d00d146b95374e6b950b274bd81d7bfe3d,59760.0,90000.0,kaharvaka
2026-07-07 06:49:52,day,overall,37,0xd1ed12197b7dc22dede923727e9b714024dbd7cb,57833.863930234686,575192.396864,curie
2026-07-07 06:49:52,day,overall,38,0x2e25b222e2080c377fc1fb2b9f926315f0f4d49e,57719.14601644501,0.0,Sparkling8899
2026-07-07 06:49:52,day,overall,39,0x8a8685a792c184e5c2ee8c7d4d4baba7c2c94998,55937.670828926675,0.0,BrotherObama
2026-07-07 06:49:52,day,overall,40,0x23d81ba9371e576015c1e562db09c689f56b0288,55834.495647790405,0.0,flawfence
2026-07-07 06:49:52,day,overall,41,0x3dfb153c197d4c19d3b31c1ecd2c7b6860eeabaf,48739.4297940277,697381.781074,0x3DFb153c197D4C19D3B31c1ecD2c7B6860eeabAf-1722957908185
2026-07-07 06:49:52,day,overall,42,0x09b540739cfa17ba6b61f4351000583cd6397e72,48660.32764040142,20078.294902999995,0x68234mjhgfvj8612543ytjsa6187235v81283
2026-07-07 06:49:52,day,overall,43,0xe558bb7b02ea489d772bd34f14cc845e391fdcd2,48467.3450971999,167940.112448,User1244322
2026-07-07 06:49:52,day,overall,44,0xd3e744fddde2d63588636434a1ce9b1dee3aea94,43848.67728105989,574057.9027280001,looloo8855
2026-07-07 06:49:52,day,overall,45,0xc41d736bded9ed1accd6a44235039266219774fd,41044.10665999749,336214.45760100003,0xC41D736bDed9ED1acCD6A44235039266219774fD-1777101352681
2026-07-07 06:49:52,day,overall,46,0x37e4728b3c4607fb2b3b205386bb1d1fb1a8c991,38295.49684368406,0.0,SemyonMarmeladov
2026-07-07 06:49:52,day,overall,47,0x8b3234f9027f4e994e949df4b48b90ab79015950,38185.00541772114,27999.45024499999,Gametheory-394
2026-07-07 06:49:52,day,overall,48,0xcfb69f94b3764e75228515ad9d169570d5f906da,37534.10787217086,0.0,athelstan
2026-07-07 06:49:52,day,overall,49,0xec445c8bee160281558ebb9b083ac0025006c92b,36803.82178124385,213198.18097499997,0xEC445C8BEE160281558EbB9B083AC0025006C92b-1769822891061
2026-07-07 06:49:52,day,overall,50,0xb1073a8dbd60330ecbb1b0e56b3db36f073b3046,36440.548037968765,115999.94315600001,bossanov
2026-07-07 06:49:52,day,overall,51,0xa3c52f48fad1b6888d58c7aa30a5d1cefe786930,36387.530570475006,0.0,bubanana
2026-07-07 06:49:52,day,overall,52,0x36a74fda8204b1e1680b8512613b0b520f7eb6e9,34250.00000000006,0.0,nerongod
2026-07-07 06:49:52,day,overall,53,0x5f659bccbc353dbf7bcdffdee73bee60bb482036,34220.00289210974,51807.29,0x5F659BcCBC353dBf7BcdffDEE73beE60bB482036-1780496231400
2026-07-07 06:49:52,day,overall,54,0x39d3c773be30fcc73161fc6768f46d563a779ef0,34048.784031633986,105655.72333000001,matanovik
2026-07-07 06:49:52,day,overall,55,0x355d6c74525020afa3edef10d1fa1630ba1065e0,33360.70710000003,60000.0,Cs2skin
2026-07-07 06:49:52,day,overall,56,0xa71093cafc0c099b4ccab24c3cb8018d817923c4,32384.42705748533,0.0,Talvez10
2026-07-07 06:49:52,day,overall,57,0x93fb8127a1b21a112b11af936361225df0563e4a,32301.40935082525,68619.25451,LlamaLoco0000
2026-07-07 06:49:52,day,overall,58,0xc65ca4755436f82d8eb461e65781584b8cadea39,32144.091669300047,4565.393508,yesmamaok
2026-07-07 06:49:52,day,overall,59,0x53515c8447275edfac486e6d70a6e3bf49c19b3c,30612.654090644995,0.0,Gambleguy123
2026-07-07 06:49:52,day,overall,60,0xf1528f12e645462c344799b62b1b421a6a4c64aa,30443.137211893452,110931.382224,phonesculptor
2026-07-07 06:49:52,day,overall,61,0xee00ba338c59557141789b127927a55f5cc5cea1,30365.15032142431,69260.57999500001,S-Works
2026-07-07 06:49:52,day,overall,62,0xab6a7da501eb0f53ab56f758e7c399f9249a2978,30268.682224674994,0.0,prostozero
2026-07-07 06:49:52,day,overall,63,0xfe5428c1b7fae9f29cc5ce3b393d9a77251541d6,29638.5561479006,45192.32973500001,0xFE5428C1B7faE9F29CC5cE3B393d9a77251541D6-1734980249939
2026-07-07 06:49:52,day,overall,64,0xe8c20fd0542de42dd53682c2d3bb58717b093048,29556.81139051519,6425.627557000001,evoi9
2026-07-07 06:49:52,day,overall,65,0xbddf61af533ff524d27154e589d2d7a81510c684,29313.38577187946,0.0,Countryside
2026-07-07 06:49:52,day,overall,66,0x51eafaca6a086a50c4ef49d4af23ddfb7bd2150f,28398.492114550725,61304.201195,qiqimao
2026-07-07 06:49:52,day,overall,67,0xc90240c20fa7f94672d77b8cad838c05b9e0cd14,28382.974319410467,3888.77,mini-man
2026-07-07 06:49:52,day,overall,68,0x8ab990e55143ef7f620960f06f1aca01d337d821,27962.339077840006,0.0,galaktika123
2026-07-07 06:49:52,day,overall,69,0x84dbb7103982e3617704a2ed7d5b39691952aeeb,26749.87397823087,0.0,Soarin22
2026-07-07 06:49:52,day,overall,70,0xc3656b313a7294600286ee3832ec2d6dc8e42e53,26710.81398186906,171806.932689,fueusus11
2026-07-07 06:49:52,day,overall,71,0xdd882a70680633a75516f6ed5fce443e2d96dadb,26605.754102800198,98594.08980300001,MeiGuNiuBi
2026-07-07 06:49:52,day,overall,72,0x71247dfabc5c2ee91e4f1bdf9ee8d6ead50ef0b5,25005.721627078194,77477.420831,Alirezawx
2026-07-07 06:49:52,day,overall,73,0x55e2436d747835c7e40b0c6cf92f632bf1215fc9,24157.563773426966,67219.51000000001,Rhabarberbarbarbar
2026-07-07 06:49:52,day,overall,74,0x7d9d476786b0c811d89fdeca2f9ee0e9fd3b3c52,24137.560159335,14000.0,mirotvorets
2026-07-07 06:49:52,day,overall,75,0x6d20c35f65d9899b6d6b74f8466e824580f9a165,22881.55055224069,1757.714283,Djdjdjekekek
2026-07-07 06:49:52,day,overall,76,0xa0c0b34875fd8b305231ceb0e7ef068d166f1bed,22707.62866959766,0.0,BLN030
2026-07-07 06:49:52,day,overall,77,0xf0b6a8ebfa3a626337cc45e8eed30eaafb182fef,22553.234041000018,42553.191488,retordedgremlin125
2026-07-07 06:49:52,day,overall,78,0xe16dbf6017ab3a9cbc4327626bd445b4d59d2cd5,22356.78349971,41865.345793,uguri
2026-07-07 06:49:52,day,overall,79,0xf5198df69e13937a40d1c76d6f72d9aa067d906b,21794.301855905003,321074.704175,sbimbg
2026-07-07 06:49:52,day,overall,80,0x59e5812376c95ba42d4360b25aa8110c88a37a2b,21557.82589813028,31955.299816,ManCangGangGanDaDanGan
2026-07-07 06:49:52,day,overall,81,0x2663daca3cecf3767ca1c3b126002a8578a8ed1f,21343.902412885684,1169946.910038,Q96s3kwozynxpau
2026-07-07 06:49:52,day,overall,82,0x46084b812a2d0cbafa1cf1f8593314648179d049,21151.70873368276,0.0,Polarize98
2026-07-07 06:49:52,day,overall,83,0x476e1322d1a412fa0325527b8c3bc5e707b1396d,20999.996107999978,0.0,asparagus2012
2026-07-07 06:49:52,day,overall,84,0xe6535d86446728d567f4929557c2c4eb3cdbc4a7,20925.000000000015,0.0,Kluivert9
2026-07-07 06:49:52,day,overall,85,0x870fd20e18211f72673560c8fc83bae38b3e6da1,20624.108247971362,793.030852,waterx-
2026-07-07 06:49:52,day,overall,86,0x41cf0bd33bbdab3509fc5f054b2dece97b566002,20384.566576035802,42019.785805,Alwayslose182
2026-07-07 06:49:52,day,overall,87,0x23c8a4c266d10ba5846837eac391fea89ed6f293,19184.04700146016,41322.61,Netrol
2026-07-07 06:49:52,day,overall,88,0x97860d01437050da6cf9552266a157b190344c55,18999.99999709142,0.0,Anonymous11267
2026-07-07 06:49:52,day,overall,89,0xa80e584e189865e8289403bd96ed52d67e816aa1,18831.10344491905,20999.750962000002,allegiant123
2026-07-07 06:49:52,day,overall,90,0xba6fc11f7e1c1a09839d8d85aeb73834e861fd5b,18711.24411585855,0.0,pyraxis
2026-07-07 06:49:52,day,overall,91,0xb272505077cc2c6bde5acca133ea6364152e5030,18241.33831654605,55354.882636,FifaFred
2026-07-07 06:49:52,day,overall,92,0xa2cced8bfae7d645f7f437fb76becf2fcbb70cbc,18181.63810612983,0.0,justwins
2026-07-07 06:49:52,day,overall,93,0xc2c89e23a69936da2991ddffdc7c99d4f0bd5471,17982.79280144279,105413.59774200001,MrDouche
2026-07-07 06:49:52,day,overall,94,0x99f0d31fdced5b3a0e5ee2867730a6644a6c9495,17667.994980615596,8250.467447,0x99F0d31fdced5B3A0e5Ee2867730A6644a6C9495-1779037126382
2026-07-07 06:49:52,day,overall,95,0x160bf4f27cdaaaed1408ccd1558ab30c210d4296,17581.914480006984,95381.545654,mortewfenloin
2026-07-07 06:49:52,day,overall,96,0xae2b0aaea325a32870f56ff19df3b87acaa190ea,17482.042752689653,0.0,TB14
2026-07-07 06:49:52,day,overall,97,0x8f8c0eb3c2450ae709c2369bb61dd1b049e9e275,17415.973362684992,0.0,timezonewarrior
2026-07-07 06:49:52,day,overall,98,0xc72d7dcdb23597d143a83536fb97b1d7db7efc21,17281.34553315831,0.0,HongYunX
2026-07-07 06:49:52,day,overall,99,0x005c7d76f6d76b9ca43dd2bb7d4414f205838cc2,16860.963962719994,70604.644241,anandotest
2026-07-07 06:49:52,day,overall,100,0x85e82665370ff64b5438fe51f713156052d3474a,16794.733161174998,0.0,0x85E82665370Ff64B5438FE51f713156052D3474A-1762177986093
2026-07-07 06:49:52,day,politics,1,0x560bec8a0e62a8f1d4ae80c7b76786f2b5fcaf09,19829.626732395445,0.0,Unconscious9485
2026-07-07 06:49:52,day,politics,2,0x03805a13a0b3e058f55f6c6af95389d4f431073d,15113.389913467283,14643.487011000001,donthackme
2026-07-07 06:49:52,day,politics,3,0xe0f3208b94bbd4d1a3dee319d4d574747297d82c,15032.631998,0.0,0xe0f3208b94bBD4D1a3dEe319D4d574747297D82
2026-07-07 06:49:52,day,politics,4,0x93fb8127a1b21a112b11af936361225df0563e4a,7528.531895933207,18300.802297,LlamaLoco0000
2026-07-07 06:49:52,day,politics,5,0x3cd63e65f3df4aaf8ebe9de56fe5f8f633b218e4,5953.850281060004,0.0,HerbertAppreciator
2026-07-07 06:49:52,day,politics,6,0xe567b0cb3d7a7264ed7e74c3ebc0601dc11032a5,4541.489465748001,0.0,
2026-07-07 06:49:52,day,politics,7,0xc83aa25fa5829c789df2ac5976b4a26d49c648ff,4320.845183774569,0.0,
2026-07-07 06:49:52,day,politics,8,0x9f208e85f326f865077fffa68b32d8b0e2bc12c3,3995.497897535155,4782.9798279999995,mildwindow27
2026-07-07 06:49:52,day,politics,9,0x19bcde88fb71b711e12cefc395f1d19abfa94834,3496.5768412069847,0.0,motherbear
2026-07-07 06:49:52,day,politics,10,0x430cb9225b04e393b2626ba689f7bfbe883d33a0,3216.4926105440427,0.0,3qed
2026-07-07 06:49:52,day,politics,11,0xd1a63a243042d864520512fbdbd2fd20e0ab1507,3031.2250084496154,4945.529999999999,DkOYL
2026-07-07 06:49:52,day,politics,12,0x0c0e270cf879583d6a0142fc817e05b768d0434e,2790.9589932789095,206285.657777,The Spirit of Ukraine>UMA
2026-07-07 06:49:52,day,politics,13,0x4a9a9c28e929d354d5350a7f928893950a9681d5,2679.139491883918,0.0,jcal7
2026-07-07 06:49:52,day,politics,14,0xe899b5ea69afb161da7a35597b6fe70398860899,2628.895892763394,0.0,SlavaUkraini
2026-07-07 06:49:52,day,politics,15,0x1ae26dfe2974ce44064f2a821cbdc71bb0cc496a,2410.389487904172,0.0,ugyhuijkl
2026-07-07 06:49:52,day,politics,16,0xd23f8c8aab13cfb2a35da40b67f8471faf9894a1,2270.877771916217,5413.1,Corlys
2026-07-07 06:49:52,day,politics,17,0x98ac23b264a9eb7fb0b50258086f11868a6240d9,2250.302105329003,382.0,Anon321321321
2026-07-07 06:49:52,day,politics,18,0xc8ab97a9089a9ff7e6ef0688e6e591a066946418,2151.3250059707643,66356.19669299999,ArmageddonRewardsBilly
2026-07-07 06:49:52,day,politics,19,0x40bd8cba0b55e4dfdfaa8b708c0baeae06a630c1,2097.172536,0.0,0x2d5405b7c72f2b53539ff8e127a9ef1999e37329
2026-07-07 06:49:52,day,politics,20,0x44c1dfe43260c94ed4f1d00de2e1f80fb113ebc1,2030.8445644660387,869.318743,aenews2
2026-07-07 06:49:52,day,politics,21,0xe027e4190284b02caef5adfe68566490894f400c,1999.9789745891362,0.0,hvggg
2026-07-07 06:49:52,day,politics,22,0x4cc3522b689a6bf1fb4a2444c523e7776db47552,1948.1798289924627,0.0,CrunchWrapoDeLaFuente
2026-07-07 06:49:52,day,politics,23,0x7f2de588e3d990d66fef63bf2378dacc87a139a8,1878.4366181634105,0.0,Q777
2026-07-07 06:49:52,day,politics,24,0x5d189e816b4149be00977c1a3c8840374aec4972,1844.0126359120186,101459.46713200002,gloriafoster
2026-07-07 06:49:52,day,politics,25,0x9592adb70397e9de67ba9abe6971e3f50fb7a7b8,1830.1732513011839,6294.1233090000005,trashpilot
2026-07-07 06:49:52,day,politics,26,0x0130afd6f3efddf1c3e16e01217b172dd9befb49,1529.0019490213963,7132.8778250000005,123987456
2026-07-07 06:49:52,day,politics,27,0x0891c7a1fe43c18c964b7313ba754bb208da508a,1434.427588822502,0.0,chickendilla
2026-07-07 06:49:52,day,politics,28,0x706ccabb8023add7fe4e773aaaab812eb2d6a94b,1361.150501539989,0.0,Amrosein
2026-07-07 06:49:52,day,politics,29,0x542aae10712e812bd71d792861ec5a570aa8a81b,1331.064407227017,1683.02,Blind Chicken
2026-07-07 06:49:52,day,politics,30,0x2e0b70d482e6b389e81dea528be57d825dd48070,1317.1237427399901,2258.04,Trump2028
2026-07-07 06:49:52,day,politics,31,0x3c593aeb73ebdadbc9ce76d4264a6a2af4011766,1231.7004160449724,0.0,eightpenguins
2026-07-07 06:49:52,day,politics,32,0x511f9c771449162349795d17becf8b37031acbe1,1172.2432624986395,11104.69,Bigggggggg
2026-07-07 06:49:52,day,politics,33,0x74471a007ddcc488f6d57b5e86dfb35a8d48a16d,1160.4159105320578,9061.61,tetrose
2026-07-07 06:49:52,day,politics,34,0xe4de861d59e174d3d153a5968bc122c66f30c949,1136.0705235375008,0.0,On.The.Spectrum
2026-07-07 06:49:52,day,politics,35,0xc0df71cee3d45ebfb6d187bd31c3d7316a758dad,1124.3980650000012,0.0,MSKW22222
2026-07-07 06:49:52,day,politics,36,0x134a63b764ac7b008356e8db1857db94e6b09e42,1123.3715793265728,1315.729398,Bertapotamous
2026-07-07 06:49:52,day,politics,37,0x217eac421dd9d7154646ac7e0d93a73f47f13a4c,1108.5926100000006,0.0,flamingfish
2026-07-07 06:49:52,day,politics,38,0x8d0328e8aeaa03bb13796c0eb31210f7f216fabf,1055.65738985822,0.0,CarolusRex
2026-07-07 06:49:52,day,politics,39,0xa0d0b3721170f18b33e026417d210fc7f9fa97d3,1019.337085,0.0,bettingisbad
2026-07-07 06:49:52,day,politics,40,0x90ed5bffbffbfc344aa1195572d89719a398b5bc,974.4892433010391,0.0,failstober
2026-07-07 06:49:52,day,politics,41,0xbb75bfcc5756164d0fa5925b0e3684aedccd1b98,973.8459056672461,0.0,LeakySink
2026-07-07 06:49:52,day,politics,42,0x6e82b93eb57b01a63027bd0c6d2f3f04934a752c,969.3572288475007,0.0,DLEK
2026-07-07 06:49:52,day,politics,43,0x8ad5a4a650183f9d214a09852eab0a100b93da26,927.72191992,0.0,Jdjdisosps
2026-07-07 06:49:52,day,politics,44,0xfbd8c9c22ca76b3662d0e53a4f79719fdc684027,919.72247823402,8038.1900000000005,0xfBd8C9C22cA76B3662d0e53A4f79719FDC684027-1779347618060
2026-07-07 06:49:52,day,politics,45,0x7059109385f47040db8629032d7cf8b5b50670a2,907.1296874605923,0.0,ChuChuTrain - 4918
2026-07-07 06:49:52,day,politics,46,0xdfe3fedc5c7679be42c3d393e99d4b55247b73c4,904.8165917749866,0.0,cqs
2026-07-07 06:49:52,day,politics,47,0x88bbeb3b6aad01614823f740c0b5d770da29c12b,890.3258118399983,0.0,randomaccount7
2026-07-07 06:49:52,day,politics,48,0x5a218c7ad04135830a45c41aaed7294df7809318,882.7306891293265,1210.917018,balthazar
2026-07-07 06:49:52,day,politics,49,0x17e313bb9173febb23c865a2ef8a4e8e0eaf9ba5,876.5014778239893,0.0,hymolu
2026-07-07 06:49:52,day,politics,50,0x7523cafcee7bcf2db9a79d80e0d79b88a9a54c4c,850.8625557715422,34212.0,DonaldinhoTrumpito
2026-07-07 06:49:52,day,politics,51,0xc2e98eb992cf48744c9761797497fada7b64e288,843.7861573200007,0.0,dreivierteljaeger
2026-07-07 06:49:52,day,politics,52,0x60a92c8620846d81f5ea17b0564e0d4b7c545a71,821.899528875103,12259.297912999999,paddaa
2026-07-07 06:49:52,day,politics,53,0x41eacf5aaa4c7fc883a098635b981050715d7a3d,818.7508614715043,5351.34,Chungvicular
2026-07-07 06:49:52,day,politics,54,0xb0c85813a7a4428f1139ff91d3118a92c391fe7f,808.2553387118678,6121.2911110000005,must.wear.prada
2026-07-07 06:49:52,day,politics,55,0x6d57da09ef86a327524853b36fbd2e39cf0cbfc5,805.979498137589,6128.948283,SitsToPee
2026-07-07 06:49:52,day,politics,56,0x53e55bc7cb3d67ad177c023ce891ad076a9d6177,798.217535390635,464.32,Arbguy
2026-07-07 06:49:52,day,politics,57,0x3069c1002bd0bb6aec054c7a27722919df95f8ef,795.872353320503,0.0,Orion96
2026-07-07 06:49:52,day,politics,58,0x22e4248bdb066f65c9f11cd66cdd3719a28eef1c,792.0325974821462,14911.099089,ProfessionalPunter
2026-07-07 06:49:52,day,politics,59,0xbd0477e08d82d35a855ff19644a88a9213d8fbb0,784.3370636800246,7755.62,yuhyuhyuhy352352
2026-07-07 06:49:52,day,politics,60,0x08458f7e9d2858027de579e4c3ca305475496b6f,748.372136290971,1654.9199760000001,GollumGekko
2026-07-07 06:49:52,day,politics,61,0x12d6cccfc7470a3f4bafc53599a4779cbf2cf2a8,741.5513292050455,0.0,classified
2026-07-07 06:49:52,day,politics,62,0x993c072519306017fe9a6b3ee6fa4a02b3056787,737.6564603738952,6344.816093,Jep-G
2026-07-07 06:49:52,day,politics,63,0x49d53d1e64b0bb41ccc0c51c2848f102e3bef280,725.0752380405156,0.0,MKPoly - 2836
2026-07-07 06:49:52,day,politics,64,0x000d257d2dc7616feaef4ae0f14600fdf50a758e,693.8777282577939,54105.89333,scottilicious
2026-07-07 06:49:52,day,politics,65,0xb8e32d575b8d360f90bcc95596e9a0bee444aaf2,687.2110271300044,0.0,Jan777
2026-07-07 06:49:52,day,politics,66,0xb866c60da64481442a678b68c66d4c0045d536d4,679.742499,0.0,BigDSlangin
2026-07-07 06:49:52,day,politics,67,0x3920dda30a16c4bcfc233033d4890d2497c832b0,679.6454000000012,0.0,Goodburger
2026-07-07 06:49:52,day,politics,68,0xa1eb17b183e4c634f251fe61c46a828d27a91c67,669.1211808824992,0.0,Mgmgigante
2026-07-07 06:49:52,day,politics,69,0xd44e974a3edb232aa4aedbdcc59792b76a5f67e2,662.8699021848734,0.0,KrackenSruster
2026-07-07 06:49:52,day,politics,70,0xb1ca909e848cc24ec4e220ce1c453bc290c51705,652.4962583794259,243.92000000000002,NonceChaser
2026-07-07 06:49:52,day,politics,71,0x508212fa8e10afce25025422161c15c68b8b049d,651.0987557350018,0.0,Rebecca-95
2026-07-07 06:49:52,day,politics,72,0x50f4e56a862c248f66690a2cfea33e7784375e6a,646.132457044002,0.0,mvp74
2026-07-07 06:49:52,day,politics,73,0xaab9f5e600a5dd88fe3a6f93313b180f6220a08d,629.6998846050119,2222.0,DirkDiggler67
2026-07-07 06:49:52,day,politics,74,0xa0fbec0ffc8881c3b20aeaaec02d584d3275e939,623.9708429999997,0.0,tjrickoriginal
2026-07-07 06:49:52,day,politics,75,0xd77ba3d17771e8eab33e062678e3580bcaf124ab,600.9371886584995,0.0,Billy2025
2026-07-07 06:49:52,day,politics,76,0x3f3bfc6d754e416699793901ffb12ddeee9f1d77,595.9182077874939,0.0,eNakeVets
2026-07-07 06:49:52,day,politics,77,0x182bd8bf2f11a572c4ec686aae3a0d919adcf3d3,591.2875268579955,0.0,peoplearestrange
2026-07-07 06:49:52,day,politics,78,0x52b74441def3510e1839eadac7875423c0b54597,585.2152192900103,0.0,MajidJavadi
2026-07-07 06:49:52,day,politics,79,0x94d6f6119c9d2897719e59e4ced31a212e749ab8,573.7481278249888,50.14,devin.lawson.77
2026-07-07 06:49:52,day,politics,80,0x0e8d61f16a2373931ffbfc2993f046e33286dfcc,567.7359300000098,0.0,GummiMummi
2026-07-07 06:49:52,day,politics,81,0x8a4c788f043023b8b28a762216d037e9f148532b,552.7977877397789,0.0,theo5
2026-07-07 06:49:52,day,politics,82,0xc5187cb669690150643ba2f9aac6b7d98d212594,552.3156059843095,4318.848847,mustbethewater
2026-07-07 06:49:52,day,politics,83,0x4a17eebcacbbc45913d067d3ee83211b38453acc,549.999653,0.0,EarthlingEd
2026-07-07 06:49:52,day,politics,84,0x0778fba3967bf6a631217058e577785747d273d1,540.2555716553552,14988.397842000002,lonehighway
2026-07-07 06:49:52,day,politics,85,0x671a326088dea34b79c51947e4a92c83545a2f1e,537.5159466406167,80.01162099999999,GingerMcKenna
2026-07-07 06:49:52,day,politics,86,0x1d945b7e9c183bec07f581f157cf64a29175ed73,522.0113778949999,0.0,KingKRool
2026-07-07 06:49:52,day,politics,87,0x9c987f84d18a4dd640909409b31212fbb805f4f4,522.0001140600089,0.0,Moonshot1019
2026-07-07 06:49:52,day,politics,88,0x011f2d377e56119fb09196dffb0948ae55711122,504.6509395741159,17016.357487,11122
2026-07-07 06:49:52,day,politics,89,0x707b7d58f60a790f633335c47f1e99c9bd7969f2,502.38650748000146,0.0,Rex
2026-07-07 06:49:52,day,politics,90,0x1e098a7a17517b8e936517d071f830b13f282a23,501.871507,0.0,bobe1
2026-07-07 06:49:52,day,politics,91,0x22dbd51e1a4e10fff072fa24300238c64033190f,501.8621174947766,1559.172497,SusanWarrenHR
2026-07-07 06:49:52,day,politics,92,0x7df00357d97916a5c7888b212a94535097790dfe,500.46602837250043,166.13,neverhackme
2026-07-07 06:49:52,day,politics,93,0x32e3742a6dd363c3dfdba700b77f845ec99ad066,499.9895919999981,0.0,zubbybadger
2026-07-07 06:49:52,day,politics,94,0x97ead83eb0e6b7f142e63284791882f05ddf3363,491.42704128858895,5555.0304719999995,Hakei.
2026-07-07 06:49:52,day,politics,95,0x38e59b36aae31b164200d0cad7c3fe5e0ee795e7,479.0293331689936,4305.0,cowcat
2026-07-07 06:49:52,day,politics,96,0xae7fceb5828ad56356283188b505939d057f31c9,478.63364162299877,0.0,0xAE7FcEb5828Ad56356283188B505939D057F31c9-1768585935728
2026-07-07 06:49:52,day,politics,97,0xeaa7b5a457e36189c86a377b713aec5badc2ff5f,470.03936647149976,0.0,FORZA-m
2026-07-07 06:49:52,day,politics,98,0xc10972c04ce8ad1ac5168821463e4a80a98f1ad2,455.60672516500927,0.0,ISMS2222
2026-07-07 06:49:52,day,politics,99,0xb4f2592e67c333e73c923547cfe05e768180e5fa,425.7292428064684,0.0,M2sx92kljs42
2026-07-07 06:49:52,day,politics,100,0x95bf944dd22691364154fb436ee922798566e00b,415.4363228340517,7574.987825,hideo
2026-07-07 06:49:52,day,sports,1,0x09b428f7c2b469786286214aa5c90dd9015f7320,3080184.060328992,0.0,DEEDDIT
2026-07-07 06:49:52,day,sports,2,0x7c1ee865a785de4c00ee90ed86a38489fb8bbab3,1344554.6112541927,560247.163267,CandleHammerDrums
2026-07-07 06:49:52,day,sports,3,0x640de3430e9a05e1b1fe04b42d651da1abe99a4c,858090.1799999997,0.0,coldsway
2026-07-07 06:49:52,day,sports,4,0x224a89dbe0db0d6124b335edabd15b3f877da3d5,842104.5433690362,692576.2891690001,wr0ngw4yb3tt0r
2026-07-07 06:49:52,day,sports,5,0x2c335066fe58fe9237c3d3dc7b275c2a034a0563,650197.7728406554,3025139.7281,0x2c335066FE58fe9237c3d3Dc7b275C2a034a0563-1759935795465
2026-07-07 06:49:52,day,sports,6,0xe9a6ed2e4d4ee8ce47cd47cac834746dc4cf627b,515612.52247744554,0.0,Oneger
2026-07-07 06:49:52,day,sports,7,0x83720820a8aa6c3f20ad71850e7a1a17d16c5223,405325.0497034184,0.0,Jsram
2026-07-07 06:49:52,day,sports,8,0xc31d0a0d63d760d72a1236d16beaa6a71c854ebe,212665.20008898573,0.0,FootballFan98
2026-07-07 06:49:52,day,sports,9,0xe72bb501df5306c75c89383d48a1e81073fbb0a0,198946.92512389785,145263.5,norrisfan
2026-07-07 06:49:52,day,sports,10,0xa7b7505abe2fdcc497c00074534f7fbd7e07962e,172957.56315770745,0.0,gud.hl
2026-07-07 06:49:52,day,sports,11,0xc6a63ad5a788a576d4acc9911c50fef9fde49458,165577.967618,68907.072828,filthybetz
2026-07-07 06:49:52,day,sports,12,0x006cc834cc092684f1b56626e23bedb3835c16ea,162421.16056375485,0.0,0x006cc834Cc092684F1B56626E23BEdB3835c16ea-1729683673397
2026-07-07 06:49:52,day,sports,13,0xb809a4b78b5eadc71d84be43eda0491eedf72004,147789.69193883694,24999.989996999997,R88N
2026-07-07 06:49:52,day,sports,14,0x076daa87c4fe1a85402a9b6b8e0a866224388d4c,139805.27763086883,291406.0832329999,
2026-07-07 06:49:52,day,sports,15,0x56acab44cfca2e88bb9b3406890aea7bfa0cd77e,124598.13356776748,240314.95,dv-pm
2026-07-07 06:49:52,day,sports,16,0x412fe1a101554f0b382181c3af932e4b2d8030fa,118893.68847372296,177838.266552,GrizzliesSuck
2026-07-07 06:49:52,day,sports,17,0xb61b2079b95f6b7476fd3203e0274ffb93308a06,116422.25199580006,9864.412830000001,hot2trot
2026-07-07 06:49:52,day,sports,18,0x50f0a0fc7364d3c10fc4578b9b1d955368335355,114288.99062975998,0.0,bettguy
2026-07-07 06:49:52,day,sports,19,0xc430e5b17128df7ce78d69fa28bc7de038641ebf,109021.06143488642,0.0,Gourmet1
2026-07-07 06:49:52,day,sports,20,0x6157d529ae129fe08f22a27ed42e741d2eaa9fb4,108923.05436942494,227207.832829,DaBossHogg
2026-07-07 06:49:52,day,sports,21,0x5966db1fe50763c9e3c014d756369bad07e1f804,107000.0,0.0,0x5966Db1fE50763C9e3C014d756369BAd07E1F804-1777648534241
2026-07-07 06:49:52,day,sports,22,0x8d06b69858838de58452d964bbde54b33f6a7910,105074.77480683294,119758.08811299999,AlexMercerOne
2026-07-07 06:49:52,day,sports,23,0x8a260ebadf8ef07e693dd1b0be120b3330dd73c3,102674.99999999997,0.0,sinasinner
2026-07-07 06:49:52,day,sports,24,0x7dddf1968c14900b2d2ef9dada8465e82ac4c933,94595.54736022494,0.0,pingan123
2026-07-07 06:49:52,day,sports,25,0x5c3a1a602848565bb16165fcd460b00c3d43020b,93619.36325408448,0.0,Crystiano
2026-07-07 06:49:52,day,sports,26,0x160db9bb5bf012f21251a74737093bcdc36f5295,82295.2095283551,0.0,JESUSCHRISTISGOD
2026-07-07 06:49:52,day,sports,27,0x0d18e30e252008d83f51dae00d36873ddd9e24a6,79633.58516694,24999.999999999996,MonsieurDimanche
2026-07-07 06:49:52,day,sports,28,0x492442eab586f242b53bda933fd5de859c8a3782,75815.60415000003,0.0,0x492442EaB586F242B53bDa933fD5dE859c8A3782-1766317541188
2026-07-07 06:49:52,day,sports,29,0x1a2f67124f12eaa88be0f6683a95abede555647a,70871.27522977989,411102.677071,uptime0724
2026-07-07 06:49:52,day,sports,30,0x5268527977f700f9bf9b6d5cd843859e4e70135d,70494.47243974207,864170.5972950001,HomeRunHazard
2026-07-07 06:49:52,day,sports,31,0x5257aa84944804bbb0c718814ebebeeafaca3e2a,69786.9650374814,167027.158157,NO-GOD-PLEASE-NO
2026-07-07 06:49:52,day,sports,32,0x45c3488fd5f78adb7cc59f3f87988e2bcbb859bf,65225.662879999996,98231.42,ultrahypedmike
2026-07-07 06:49:52,day,sports,33,0x60e4df0209c4c50f2d2fa46d60357208b8e5c771,62921.11093225599,61880.650796999995,0x60E4Df0209C4C50f2D2fA46d60357208b8E5C771-1781456338104
2026-07-07 06:49:52,day,sports,34,0x28059b3fb7af7ed76d83dc9121bbb72ec7cf76ed,62157.40346244746,147988.976798,RISK-IS-NEVER-OK
2026-07-07 06:49:52,day,sports,35,0xafb05355ed70b8e5646ff7fe8ed4f36bb17b8ee3,62073.727675,40593.833332,LukakuLukaku
2026-07-07 06:49:52,day,sports,36,0xbf6755d00d146b95374e6b950b274bd81d7bfe3d,59760.0,90000.0,kaharvaka
2026-07-07 06:49:52,day,sports,37,0xd1ed12197b7dc22dede923727e9b714024dbd7cb,57798.14175088005,575192.396864,curie
2026-07-07 06:49:52,day,sports,38,0x2e25b222e2080c377fc1fb2b9f926315f0f4d49e,57719.14601644501,0.0,Sparkling8899
2026-07-07 06:49:52,day,sports,39,0x8a8685a792c184e5c2ee8c7d4d4baba7c2c94998,55937.670828926675,0.0,BrotherObama
2026-07-07 06:49:52,day,sports,40,0x23d81ba9371e576015c1e562db09c689f56b0288,55431.027877273475,0.0,flawfence
2026-07-07 06:49:52,day,sports,41,0x3dfb153c197d4c19d3b31c1ecd2c7b6860eeabaf,48739.42979402747,697381.7810739999,0x3DFb153c197D4C19D3B31c1ecD2c7B6860eeabAf-1722957908185
2026-07-07 06:49:52,day,sports,42,0x09b540739cfa17ba6b61f4351000583cd6397e72,48660.32764040142,20078.294902999995,0x68234mjhgfvj8612543ytjsa6187235v81283
2026-07-07 06:49:52,day,sports,43,0xe558bb7b02ea489d772bd34f14cc845e391fdcd2,48467.3450971999,167940.112448,User1244322
2026-07-07 06:49:52,day,sports,44,0xd3e744fddde2d63588636434a1ce9b1dee3aea94,43848.677281059885,574057.9027280001,looloo8855
2026-07-07 06:49:52,day,sports,45,0xc41d736bded9ed1accd6a44235039266219774fd,41044.10665999749,336214.45760100003,0xC41D736bDed9ED1acCD6A44235039266219774fD-1777101352681
2026-07-07 06:49:52,day,sports,46,0x37e4728b3c4607fb2b3b205386bb1d1fb1a8c991,38295.496843684,0.0,SemyonMarmeladov
2026-07-07 06:49:52,day,sports,47,0x8b3234f9027f4e994e949df4b48b90ab79015950,38185.00673910114,27999.45024499999,Gametheory-394
2026-07-07 06:49:52,day,sports,48,0xcfb69f94b3764e75228515ad9d169570d5f906da,37534.10787217086,0.0,athelstan
2026-07-07 06:49:52,day,sports,49,0xec445c8bee160281558ebb9b083ac0025006c92b,36837.34926833585,213198.18097499997,0xEC445C8BEE160281558EbB9B083AC0025006C92b-1769822891061
2026-07-07 06:49:52,day,sports,50,0xb1073a8dbd60330ecbb1b0e56b3db36f073b3046,36440.548037968765,115999.94315600001,bossanov
2026-07-07 06:49:52,day,sports,51,0xa3c52f48fad1b6888d58c7aa30a5d1cefe786930,36387.530570475006,0.0,bubanana
2026-07-07 06:49:52,day,sports,52,0x36a74fda8204b1e1680b8512613b0b520f7eb6e9,34250.00000000006,0.0,nerongod
2026-07-07 06:49:52,day,sports,53,0x5f659bccbc353dbf7bcdffdee73bee60bb482036,34220.00289210974,51807.29,0x5F659BcCBC353dBf7BcdffDEE73beE60bB482036-1780496231400
2026-07-07 06:49:52,day,sports,54,0x39d3c773be30fcc73161fc6768f46d563a779ef0,34048.784031633986,105655.72333000001,matanovik
2026-07-07 06:49:52,day,sports,55,0x355d6c74525020afa3edef10d1fa1630ba1065e0,33360.70710000003,60000.0,Cs2skin
2026-07-07 06:49:52,day,sports,56,0xa71093cafc0c099b4ccab24c3cb8018d817923c4,32384.42705748533,0.0,Talvez10
2026-07-07 06:49:52,day,sports,57,0xc65ca4755436f82d8eb461e65781584b8cadea39,32100.0,0.0,yesmamaok
2026-07-07 06:49:52,day,sports,58,0x53515c8447275edfac486e6d70a6e3bf49c19b3c,30612.654090644995,0.0,Gambleguy123
2026-07-07 06:49:52,day,sports,59,0xf1528f12e645462c344799b62b1b421a6a4c64aa,30443.1372118938,110931.382224,phonesculptor
2026-07-07 06:49:52,day,sports,60,0xee00ba338c59557141789b127927a55f5cc5cea1,30365.150102035142,69260.57999500001,S-Works
2026-07-07 06:49:52,day,sports,61,0xab6a7da501eb0f53ab56f758e7c399f9249a2978,30268.682224674994,0.0,prostozero
2026-07-07 06:49:52,day,sports,62,0xfe5428c1b7fae9f29cc5ce3b393d9a77251541d6,29638.5561479006,45192.32973500001,0xFE5428C1B7faE9F29CC5cE3B393d9a77251541D6-1734980249939
2026-07-07 06:49:52,day,sports,63,0xe8c20fd0542de42dd53682c2d3bb58717b093048,29556.81139051519,6425.627557000001,evoi9
2026-07-07 06:49:52,day,sports,64,0xbddf61af533ff524d27154e589d2d7a81510c684,29313.38577187946,0.0,Countryside
2026-07-07 06:49:52,day,sports,65,0xc90240c20fa7f94672d77b8cad838c05b9e0cd14,29014.519933332467,195.12,mini-man
2026-07-07 06:49:52,day,sports,66,0x51eafaca6a086a50c4ef49d4af23ddfb7bd2150f,28398.492114550725,61304.201195,qiqimao
2026-07-07 06:49:52,day,sports,67,0x8ab990e55143ef7f620960f06f1aca01d337d821,27962.339077840006,0.0,galaktika123
2026-07-07 06:49:52,day,sports,68,0x84dbb7103982e3617704a2ed7d5b39691952aeeb,26749.873978230637,0.0,Soarin22
2026-07-07 06:49:52,day,sports,69,0xc3656b313a7294600286ee3832ec2d6dc8e42e53,26710.81398186906,171806.93268900004,fueusus11
2026-07-07 06:49:52,day,sports,70,0xdd882a70680633a75516f6ed5fce443e2d96dadb,26507.713329210645,64999.951415,MeiGuNiuBi
2026-07-07 06:49:52,day,sports,71,0x71247dfabc5c2ee91e4f1bdf9ee8d6ead50ef0b5,25005.721627078194,77477.420831,Alirezawx
2026-07-07 06:49:52,day,sports,72,0x55e2436d747835c7e40b0c6cf92f632bf1215fc9,24201.209273426965,67219.51000000001,Rhabarberbarbarbar
2026-07-07 06:49:52,day,sports,73,0x7d9d476786b0c811d89fdeca2f9ee0e9fd3b3c52,24137.560159335,14000.0,mirotvorets
2026-07-07 06:49:52,day,sports,74,0x6d20c35f65d9899b6d6b74f8466e824580f9a165,22881.55055224069,1757.714283,Djdjdjekekek
2026-07-07 06:49:52,day,sports,75,0xa0c0b34875fd8b305231ceb0e7ef068d166f1bed,22707.62866959766,0.0,BLN030
2026-07-07 06:49:52,day,sports,76,0xf0b6a8ebfa3a626337cc45e8eed30eaafb182fef,22553.234041000018,42553.191488,retordedgremlin125
2026-07-07 06:49:52,day,sports,77,0xe16dbf6017ab3a9cbc4327626bd445b4d59d2cd5,22356.06349971,41865.345793,uguri
2026-07-07 06:49:52,day,sports,78,0xf5198df69e13937a40d1c76d6f72d9aa067d906b,21794.301824654947,321074.704175,sbimbg
2026-07-07 06:49:52,day,sports,79,0x59e5812376c95ba42d4360b25aa8110c88a37a2b,21559.542582745897,31955.299816000002,ManCangGangGanDaDanGan
2026-07-07 06:49:52,day,sports,80,0x2663daca3cecf3767ca1c3b126002a8578a8ed1f,21339.996438632603,1149072.808075,Q96s3kwozynxpau
2026-07-07 06:49:52,day,sports,81,0x46084b812a2d0cbafa1cf1f8593314648179d049,21151.70873368276,0.0,Polarize98
2026-07-07 06:49:52,day,sports,82,0x476e1322d1a412fa0325527b8c3bc5e707b1396d,20999.996107999978,0.0,asparagus2012
2026-07-07 06:49:52,day,sports,83,0xe6535d86446728d567f4929557c2c4eb3cdbc4a7,20925.000000000015,0.0,Kluivert9
2026-07-07 06:49:52,day,sports,84,0x870fd20e18211f72673560c8fc83bae38b3e6da1,20624.108247971362,793.030852,waterx-
2026-07-07 06:49:52,day,sports,85,0x41cf0bd33bbdab3509fc5f054b2dece97b566002,20384.566576035802,42019.785805,Alwayslose182
2026-07-07 06:49:52,day,sports,86,0x93fb8127a1b21a112b11af936361225df0563e4a,20158.863727406508,0.0,LlamaLoco0000
2026-07-07 06:49:52,day,sports,87,0x23c8a4c266d10ba5846837eac391fea89ed6f293,19184.047001460167,41322.61,Netrol
2026-07-07 06:49:52,day,sports,88,0x97860d01437050da6cf9552266a157b190344c55,18999.99999709142,0.0,Anonymous11267
2026-07-07 06:49:52,day,sports,89,0xa80e584e189865e8289403bd96ed52d67e816aa1,18831.10344491905,20999.750962000002,allegiant123
2026-07-07 06:49:52,day,sports,90,0xba6fc11f7e1c1a09839d8d85aeb73834e861fd5b,18711.24411585855,0.0,pyraxis
2026-07-07 06:49:52,day,sports,91,0xb272505077cc2c6bde5acca133ea6364152e5030,18241.33831654605,55354.882636,FifaFred
2026-07-07 06:49:52,day,sports,92,0xa2cced8bfae7d645f7f437fb76becf2fcbb70cbc,18181.63810612983,0.0,justwins
2026-07-07 06:49:52,day,sports,93,0xc2c89e23a69936da2991ddffdc7c99d4f0bd5471,17982.79280144279,105413.597742,MrDouche
2026-07-07 06:49:52,day,sports,94,0x99f0d31fdced5b3a0e5ee2867730a6644a6c9495,17667.994980615593,8250.467447,0x99F0d31fdced5B3A0e5Ee2867730A6644a6C9495-1779037126382
2026-07-07 06:49:52,day,sports,95,0x160bf4f27cdaaaed1408ccd1558ab30c210d4296,17581.914480007057,95381.545654,mortewfenloin
2026-07-07 06:49:52,day,sports,96,0xae2b0aaea325a32870f56ff19df3b87acaa190ea,17461.882251594652,0.0,TB14
2026-07-07 06:49:52,day,sports,97,0x8f8c0eb3c2450ae709c2369bb61dd1b049e9e275,17387.47546268499,0.0,timezonewarrior
2026-07-07 06:49:52,day,sports,98,0xc72d7dcdb23597d143a83536fb97b1d7db7efc21,17281.34553315831,0.0,HongYunX
2026-07-07 06:49:52,day,sports,99,0xd48a81db62f742c4e42d86dfc23a7ee345366e90,16969.10390750927,0.0,NiFengFanPan
2026-07-07 06:49:52,day,sports,100,0x005c7d76f6d76b9ca43dd2bb7d4414f205838cc2,16860.963962719994,70604.644241,anandotest
2026-07-07 06:49:52,day,crypto,1,0x4ab9b54427ec4b7f3646b1a0ef1bed73bc708ebe,102266.86937,0.0,RWCS
2026-07-07 06:49:52,day,crypto,2,0x6c3aae17140c5e3cde62380daaa323e38575c459,100287.227136,0.0,AvrahamEisenberg - 10161
2026-07-07 06:49:52,day,crypto,3,0xa8cf2ed8751f4e58ad039e1b68a8b58b4395031f,85547.41699299996,0.0,
2026-07-07 06:49:52,day,crypto,4,0x3d8a89a20aa73fba0f30d080e8120de9f9555724,50766.935668000006,0.0,Poyo
2026-07-07 06:49:52,day,crypto,5,0x0d18e30e252008d83f51dae00d36873ddd9e24a6,29726.538637000092,0.0,MonsieurDimanche
2026-07-07 06:49:52,day,crypto,6,0x0f35109cc3ceaf729609c3109310791bd616c84a,27254.641564000005,0.0,
2026-07-07 06:49:52,day,crypto,7,0x782186952ef2ca75ea91c95aef25bbdcffb4bb1a,23607.800415098933,0.0,thif - 33063
2026-07-07 06:49:52,day,crypto,8,0x95b198f900d19a80d3d7e47b7b17708af254f9ac,18124.591877,0.0,thepicklebomber - 3805
2026-07-07 06:49:52,day,crypto,9,0x7fb23b0d330ea4ac4f3cecce1eb81fb0bfb3ed4b,14768.168524999995,0.0,
2026-07-07 06:49:52,day,crypto,10,0x4f70929ba287ac85dc2431c85382ccd9e6b0d185,14234.245540373951,0.0,Lance Uppercut
2026-07-07 06:49:52,day,crypto,11,0x15ae79d7cd60b2a7f06ae46eb4c7a0eb16096ffd,13228.384829999999,0.0,humiliating piglet
2026-07-07 06:49:52,day,crypto,12,0x903221b1098263779ae19486028c844e8c338717,11412.82380400002,0.0,0x903221b1
2026-07-07 06:49:52,day,crypto,13,0x322f041810cee536293dcb4c99fc23b3a766940a,10043.226767999999,0.0,Sports
2026-07-07 06:49:52,day,crypto,14,0xd76930596edbb8c784dcc48f52140875bcd4f90c,9697.008572484978,0.0,dodca
2026-07-07 06:49:52,day,crypto,15,0xe0eeb30d92eb2a995fc82b4e58def02c53e6fa3f,9426.288296831113,0.0,predictor - 3335
2026-07-07 06:49:52,day,crypto,16,0xf705fa045201391d9632b7f3cde06a5e24453ca7,9032.213590192609,20423.59,
2026-07-07 06:49:52,day,crypto,17,0x804371b65b9a9b1d9ce3cbd1e64ffdbaa64a121b,8972.178893879574,23391.643444,prop-y
2026-07-07 06:49:52,day,crypto,18,0x84898b583d56054b502c6564f3edfad43b54e211,8927.851561376445,0.0,JustLearning
2026-07-07 06:49:52,day,crypto,19,0xfefaf44054fb92d87882f2bd24bddbd163487bed,8476.656116999999,0.0,vivaFujimori - 33031
2026-07-07 06:49:52,day,crypto,20,0xae95a2fd8df6b5e621d583157d47412a6b066579,8274.744259,0.0,draintheswamp!
2026-07-07 06:49:52,day,crypto,21,0x09fb8ab5f70b2140511c366451e0f02c3c10d01c,7974.457056,0.0,mkiaz - 1025
2026-07-07 06:49:52,day,crypto,22,0x1f682adb9a5cf101bcf53a7cd00bc2c594f7c9b3,7677.93231,0.0,0x3177d25a95524e6d98843c78cd604b67fb1b92b9
2026-07-07 06:49:52,day,crypto,23,0xa01c0a5e4f8c1114e95c68ee97694bc95e51766c,7415.578172239184,138467.401164,0xa01c0A5E4F8c1114e95c68eE97694BC95E51766C-1782858480408
2026-07-07 06:49:52,day,crypto,24,0x7668efbca0df8195ba199d3e19cb768e8b3779ec,7415.563737,0.0,
2026-07-07 06:49:52,day,crypto,25,0x0393b7a4c1e4a72564bf8287c7d1471ac9a61130,6550.193144999999,0.0,
2026-07-07 06:49:52,day,crypto,26,0x7430669ff298f8dc78e3339448d4994e812d111f,6530.533578999999,0.0,zwe2edS1ms
2026-07-07 06:49:52,day,crypto,27,0xb254cd171eb8d5b4b60703f99fd13474504bb70a,6116.458664,0.0,maga - 97
2026-07-07 06:49:52,day,crypto,28,0x0af5f7ff9e6b4957e26d064b3218c38c59c87e3f,5982.980714,0.0,brian - 23314
2026-07-07 06:49:52,day,crypto,29,0xf1302aafc43aa3a69bcd8058fc7a0259dac246ab,5774.415381503107,0.0,TraderRed
2026-07-07 06:49:52,day,crypto,30,0xfcbe281f11f195423fdf458582e1215790b7aa8b,5171.8513930129675,0.0,igot
2026-07-07 06:49:52,day,crypto,31,0x93fb8127a1b21a112b11af936361225df0563e4a,5101.691182024835,318.5,LlamaLoco0000
2026-07-07 06:49:52,day,crypto,32,0x9950ee8a9cf72226eb1f6f02b086c17198074f87,5064.889840753716,0.0,inanity - 38305
2026-07-07 06:49:52,day,crypto,33,0x88186ddbea78ab3d65b7d08f0658b9c22037f265,4999.839805000004,0.0,
2026-07-07 06:49:52,day,crypto,34,0xef1d0c6244e7a8c9640b08758a8425b5d2a5bdcb,4744.460834,0.0,
2026-07-07 06:49:52,day,crypto,35,0x64310c79be3502dd17e88d9ca7df781700a66f1f,4403.783522999997,0.0,Sergeantx - 410
2026-07-07 06:49:52,day,crypto,36,0x730ae359e9441f836022f7ec14b941fdc942a0fe,3882.4374039999993,0.0,rippopsmoke - 56
2026-07-07 06:49:52,day,crypto,37,0x7789806c754eb0af4c3abeb026c218b4ba78f823,3870.9248069999876,0.0,VibesGreaterRules
2026-07-07 06:49:52,day,crypto,38,0x63f8eb9f5f902f6637f75f10fc185e77b0f660ac,3859.364997,0.0,hmm ok
2026-07-07 06:49:52,day,crypto,39,0x9b7ac362d911e3483bdf0fb95a423278bc54bc22,3736.645472392204,11085.929213,Sociopathy
2026-07-07 06:49:52,day,crypto,40,0xb5fc4d5388952dc7a798fe784fe659f9a20e5ca4,3468.848664999401,0.0,
2026-07-07 06:49:52,day,crypto,41,0x969419307b58b07bde882c96379f61aabbb7b16f,3415.2694248579246,13223.012569999999,0xb87EBFDE64B347f6da98B630137d0690B2488F26-1762132519723
2026-07-07 06:49:52,day,crypto,42,0x027e587a1086809d1a00f22216bef6a808f1c97f,3120.0955032572692,1612.3076919999999,AndreasSchm
2026-07-07 06:49:52,day,crypto,43,0x8b5a7da2fdf239b51b9c68a2a1a35bb156d200f2,3044.8101620000016,0.0,Joe-Biden
2026-07-07 06:49:52,day,crypto,44,0x06a738f379ab8a86ffbd4984032e2c2e194ab108,3029.9910019999998,17500.694581,terawdae
2026-07-07 06:49:52,day,crypto,45,0x533c789d479d445186ff8ec132fa7a27541c2658,2991.2478866560004,0.0,Winnnnnnning
2026-07-07 06:49:52,day,crypto,46,0xf5bcf155ece1d1b6ba008667e60e08bd8fe22c49,2967.454251008558,22044.304521,kangkang123
2026-07-07 06:49:52,day,crypto,47,0x687349b551df31c4a330bbaf1519458cb521d9e5,2966.8310484142407,0.0,ihatedmyself
2026-07-07 06:49:52,day,crypto,48,0x744c072005bde6ddab8764a7477f61d3d22ae37f,2932.2128108174948,0.0,Egozic86
2026-07-07 06:49:52,day,crypto,49,0xfab242aa69777dda9ab74b6a6aa878555f3feacd,2845.680646,0.0,Luxy - 6433
2026-07-07 06:49:52,day,crypto,50,0x7e5d2991c2647de2348287e2f499329fc6a6c4c3,2842.1770744905516,42380.841686,aswfadq1555
2026-07-07 06:49:52,day,crypto,51,0xc4c81a4e8e39d374b12e27a0373f6e2ccb4f8618,2757.9446579999994,0.0,mhonkasalo
2026-07-07 06:49:52,day,crypto,52,0xa8845b7cf1cdc5d63a226d7db2be64feb8119d7d,2537.449412,0.0,mbharus - 38295
2026-07-07 06:49:52,day,crypto,53,0xbb90ad2434c27716e987f6318df47285c6ddffbe,2473.6647920000005,0.0,AceBaby256
2026-07-07 06:49:52,day,crypto,54,0xae50d6935c736696a99c309a4dcabe1343b20354,2428.523338,0.0,dougiedigital - 11986
2026-07-07 06:49:52,day,crypto,55,0x2b71bc97507076a80bd0000cdb134e4fc3041359,2402.6987620001287,0.0,97507076a80bd0000cdb134e4fc304135
2026-07-07 06:49:52,day,crypto,56,0xee65685de42f8de9a03b4c53ee77d56a20d2cfc9,2402.294834979519,174014.77128500002,0x50f7
2026-07-07 06:49:52,day,crypto,57,0xfc7de69df147f0fd9f8378cbdf85716f4d5c1860,2401.5519151689573,0.0,crixuswu
2026-07-07 06:49:52,day,crypto,58,0x20d2309cd92b797ae7ca175ed828ed8a27fbe29d,2393.9080676442245,99468.2583,
2026-07-07 06:49:52,day,crypto,59,0x2117ae94a97d69b78cbc81b6680a62deb1955c26,2180.6093580000015,1819.0,Zzzz87
2026-07-07 06:49:52,day,crypto,60,0xf3531b23b504cf0aed4ff21325232b2a2d496685,2122.7994715395907,333266.92000000004,powerwinner
2026-07-07 06:49:52,day,crypto,61,0xed2f4c1a5b2ea42eb0fbc9c03adc267a04c39897,2104.253920000032,4596.92,didibaba5AE86
2026-07-07 06:49:52,day,crypto,62,0xb2d62e284ac9f13f09dcdd8accab61bfdd7af3bd,2076.737313,0.0,crystalfalls
2026-07-07 06:49:52,day,crypto,63,0x778f6b920f7b96b0a76b1711b495e429b932e2c3,2029.2884580009631,0.0,
2026-07-07 06:49:52,day,crypto,64,0x495b97dcdd8e3e4ae7788ca6a53156cd4907e3fc,1971.7628119890958,0.0,uuuuu
2026-07-07 06:49:52,day,crypto,65,0x5a9fa918bca3e2c55d5615e891f543231fd70485,1922.566682,0.0,Alex - 28
2026-07-07 06:49:52,day,crypto,66,0x30af50d04b9c1ddef67ae39996f9607c0f14aa32,1816.1796949583552,0.0,
2026-07-07 06:49:52,day,crypto,67,0xdf30b699d30424cad30eb3c7d6bbef998e725c23,1809.4352560493073,8994.745497,partageplus
2026-07-07 06:49:52,day,crypto,68,0x27091ce48a08a3e21d63c42d33428cf1e55d20f5,1808.6554239268226,360631.5760769999,dgcf
2026-07-07 06:49:52,day,crypto,69,0xa6a8aa0792dfb4d2aecd481ff6e926822c01a884,1796.6459240000002,0.0,Degens - 740
2026-07-07 06:49:52,day,crypto,70,0xa18c5cf2bc6eec389d2d512582ae14654b99d792,1784.339930440001,0.0,gmtrader
2026-07-07 06:49:52,day,crypto,71,0x5b6331e7ff0831a3fe2ed12004747db1a9c911a4,1766.837138491508,114589.27625499998,neutralwave23
2026-07-07 06:49:52,day,crypto,72,0x8ca6e59babbb4a02fd17ffd6f95973f5e8eb241e,1760.331299999998,0.0,lovelyt
2026-07-07 06:49:52,day,crypto,73,0xee292607d48ecee93afc0fe9994fbe316f59c56d,1739.240313000002,0.0,How do I claim prizes?
2026-07-07 06:49:52,day,crypto,74,0xc94171dab78729079b3eb6e14ad33ea60ab80a0b,1723.5970946048967,0.0,shangtr0n - 7868
2026-07-07 06:49:52,day,crypto,75,0xbf5fe8bfc9ec6e7ff7a311ea85cfc0d2901ac035,1702.6550864400015,0.0,trulyalya1
2026-07-07 06:49:52,day,crypto,76,0xb55fa1296e6ec55d0ce53d93b9237389f11764d4,1669.973456681124,143616.132185,0xb55fa1296E6ec55D0cE53d93B9237389f11764d4-1777575277609
2026-07-07 06:49:52,day,crypto,77,0xf1bb700a67e3e8a45dc8160a92f4e0405f41bf09,1668.968057000001,0.0,aenews-915
2026-07-07 06:49:52,day,crypto,78,0x13e0d447520ebe7f8eeaf7817211201b2c585204,1663.7353899101,125974.01150100003,
2026-07-07 06:49:52,day,crypto,79,0x647683f0e175a692e63f9d6934498144805bdb34,1617.8293519999995,0.0,manofwax0824 - 7483
2026-07-07 06:49:52,day,crypto,80,0x909a3abd5ec12fcaaccbb71ea27ff1410dfa7cd0,1603.81072,0.0,........
2026-07-07 06:49:52,day,crypto,81,0x25257a6a89dba93dd0c536b6279365632a4eb919,1589.4082084799988,0.0,Trading4Fridge
2026-07-07 06:49:52,day,crypto,82,0xce25e214d5cfe4f459cf67f08df581885aae7fdc,1583.0881773062865,97253.28244999998,0xcE25E214D5cfE4f459cf67F08DF581885AAE7Fdc-1777575398144
2026-07-07 06:49:52,day,crypto,83,0x861f4149171db053c73382c40d2c7e5408fd177d,1535.6275278199973,0.0,D7422D98eA0d5b6Dd942a8eEd1d2a61945bFd0
2026-07-07 06:49:52,day,crypto,84,0xf27b739f57212da6ad3b39c10e2cf22df5956104,1504.3651283060026,0.0,jacemaester
2026-07-07 06:49:52,day,crypto,85,0x51d8c16b487e3ef3bfa3daabf689fda2d26a2cab,1477.014933999999,0.0,
2026-07-07 06:49:52,day,crypto,86,0xcc500cbcc8b7cf5bd21975ebbea34f21b5644c82,1429.7810114002787,2802.9799999999996,justdance
2026-07-07 06:49:52,day,crypto,87,0x77cfb716811a03a83ced6ffcfc1d9b8281930e71,1410.940558101751,0.0,disko
2026-07-07 06:49:52,day,crypto,88,0xdbe73eaa9359dafe7d481297945c9636cc06fb86,1396.389825,0.0,mfiskeaux - 18826
2026-07-07 06:49:52,day,crypto,89,0xe567b0d5c9c0a9468b970ebe12e799248d3c75a4,1350.248397,0.0,
2026-07-07 06:49:52,day,crypto,90,0x3b7ed1242417f4b8f6992b5dd53aa9415a2c23eb,1336.9384689679937,0.0,phdcapital
2026-07-07 06:49:52,day,crypto,91,0x9d84ce0306f8551e02efef1680475fc0f1dc1344,1327.8366479999459,0.0,ImJustKen
2026-07-07 06:49:52,day,crypto,92,0x814da9245a05f2d9db142357a80d13784e6da04f,1327.145716,0.0,
2026-07-07 06:49:52,day,crypto,93,0xf2dd1e5eeb480149e0a4f3d3e34375e99ce0669e,1319.459736552461,19315.781473000003,0xF2dD1E5EEB480149e0a4f3D3e34375E99Ce0669E-1780044518741
2026-07-07 06:49:52,day,crypto,94,0x2f031d9d18d6f9c4f21725350ad9d00a256f9372,1304.1492339999998,3847.7798679999996,alexander-anold
2026-07-07 06:49:52,day,crypto,95,0xba5e052730edceb1258b1ca575f824eb975c6598,1284.276551,0.0,signme
2026-07-07 06:49:52,day,crypto,96,0xdc8923aa7d6b293af2974c521092d0026ac37ac3,1266.8092207836671,76443.64723300003,0xdC8923aA7D6B293AF2974c521092d0026ac37aC3-1781090401279
2026-07-07 06:49:52,day,crypto,97,0x8d1d5d1c6041b13fc708b5d9f668070e1724ed4a,1261.9617664843827,53602.45733399999,CERTova
2026-07-07 06:49:52,day,crypto,98,0xb8128d057e3b64d422af55e2f41b2c8cf832be01,1234.020243,0.0,UGLY-domer-HAHAHA
2026-07-07 06:49:52,day,crypto,99,0x0c0e270cf879583d6a0142fc817e05b768d0434e,1226.536522999988,0.0,The Spirit of Ukraine>UMA
2026-07-07 06:49:52,day,crypto,100,0xeebde7a0e019a63e6b476eb425505b7b3e6eba30,1214.6972022231203,199429.916353,Bonereaper
2026-07-07 06:49:52,day,finance,1,0xb47adfafc08e77ec77b03a6d1496066675ae6d60,2384.745383010013,0.0,0xfree-money
2026-07-07 06:49:52,day,finance,2,0x714a685b5454ea4d52979563bbafa77b8168ab2f,2003.6978922900016,0.0,pada
2026-07-07 06:49:52,day,finance,3,0xf0ca28d5b0141f0a8e7b251dea80fd881cb166ed,1609.267737822287,6996.285,Hauchn
2026-07-07 06:49:52,day,finance,4,0x5a218c7ad04135830a45c41aaed7294df7809318,1382.045108309423,300.0,balthazar
2026-07-07 06:49:52,day,finance,5,0x993c072519306017fe9a6b3ee6fa4a02b3056787,1376.5879345753347,3493.31,Jep-G
2026-07-07 06:49:52,day,finance,6,0xe734e7bf7cfb9e464681f71822f6c2f6be514f0c,1304.534441660042,537.45,boyau
2026-07-07 06:49:52,day,finance,7,0x9f208e85f326f865077fffa68b32d8b0e2bc12c3,1119.278729336591,1082.5047,mildwindow27
2026-07-07 06:49:52,day,finance,8,0xfbd8c9c22ca76b3662d0e53a4f79719fdc684027,998.3198701599649,760.0,0xfBd8C9C22cA76B3662d0e53A4f79719FDC684027-1779347618060
2026-07-07 06:49:52,day,finance,9,0xd23f8c8aab13cfb2a35da40b67f8471faf9894a1,981.3781379659849,1024.33,Corlys
2026-07-07 06:49:52,day,finance,10,0x7df00357d97916a5c7888b212a94535097790dfe,827.7199881855195,80.0,neverhackme
2026-07-07 06:49:52,day,finance,11,0x40604cb1f958c03bea0b18aa43e4cb0d62f33ec3,737.1980502300139,9468.89,C03B
2026-07-07 06:49:52,day,finance,12,0x38d812aff0b79f3bf5da2a477f780bcc163eea7c,554.3546675830439,8968.641823,thanksforplayin
2026-07-07 06:49:52,day,finance,13,0xae5b31e2ca93121383a914df2385af05e9150a8c,489.5501094499923,0.0,RexRegum
2026-07-07 06:49:52,day,finance,14,0x8a4c788f043023b8b28a762216d037e9f148532b,478.01495025451004,0.0,theo5
2026-07-07 06:49:52,day,finance,15,0x982a77e75498fa134607f598c861b8de9d0c6851,469.73603216843185,8312.598974999999,grasstoucher69
2026-07-07 06:49:52,day,finance,16,0xb187a6fae3d0b60108f13006359dded4d15944a9,457.125732871973,370.0,Cptrade
2026-07-07 06:49:52,day,finance,17,0x389a21fa2e2445c7f8b915b45b9b009bd641397d,352.8080064844835,2449.437409,SPY-KT
2026-07-07 06:49:52,day,finance,18,0x41f3b515c133850bc03e72b3bfaa42cf0962844e,340.1722257500005,4526.98,headsh0t
2026-07-07 06:49:52,day,finance,19,0x8c4465127b5278a5d7fd120b95b77e7fe292fcd4,334.0353939780016,0.0,nelbal8486
2026-07-07 06:49:52,day,finance,20,0xa540e7ff75ef4bf7ebc6c793cbabe87cee970b43,333.30884438049907,7156.963058,pennedreadful
2026-07-07 06:49:52,day,finance,21,0xb0c85813a7a4428f1139ff91d3118a92c391fe7f,320.53668969599676,264.23,must.wear.prada
2026-07-07 06:49:52,day,finance,22,0x090af6fd2aeb04202abc97370aa86c1b81d90fa6,319.51061774661866,360.0,VictorLudorum
2026-07-07 06:49:52,day,finance,23,0x998b3ad9fc8219f4a9ef374196ffbb690832db96,264.3196500000001,995.4,0x998B3AD9Fc8219F4A9EF374196fFbb690832Db96-1776201383464
2026-07-07 06:49:52,day,finance,24,0xbec7f8efc3724484c5d27271e6feb9924c515977,251.10598101499636,0.0,minionguy
2026-07-07 06:49:52,day,finance,25,0x4f80a5da109252eca37ad090c0f25a2796ecc19c,230.44294720499988,0.0,falloutmax
2026-07-07 06:49:52,day,finance,26,0x9826f49b68cc753032600fe40b9ca21ca410e7fe,223.75030373350023,0.0,FMANTENNA
2026-07-07 06:49:52,day,finance,27,0xc7b84afab9e144a258b98a1cb45e05df7aab0d21,220.4914000000117,2232.64,0xC7b84aFAB9e144A258b98a1cb45e05df7AAb0d21-1775840428414
2026-07-07 06:49:52,day,finance,28,0x1018fa33923d8b0f4b0f8a0822ee045d46027264,219.73177942867005,4143.118433000001,EgoVolae
2026-07-07 06:49:52,day,finance,29,0xd1eed20edd22a289839379e89e3470ea1742a8ae,210.00833089599973,0.0,chefradish
2026-07-07 06:49:52,day,finance,30,0xeae707a267b3d6a112167b5c93c3fa74e38c2800,199.9999999800002,0.0,destinyas
2026-07-07 06:49:52,day,finance,31,0x26a6d14ce0651ce43f7bc3d801dcd6469aa4333b,190.84579999999914,0.0,yung-macro
2026-07-07 06:49:52,day,finance,32,0xa40cc3bc1278bdefdf869c653a9281df80cb1bae,190.6574492499999,0.0,alphastrike10
2026-07-07 06:49:52,day,finance,33,0xc7d02944a76b9f83b199e9090ecc92c82d241f8a,189.60268953913692,610.2863600000001,0xc7D02944A76B9F83B199e9090ECC92C82d241F8a-1776944395495
2026-07-07 06:49:52,day,finance,34,0x57844e59259f8a06f66dc44eec87139ecbc734b8,186.80447086000015,6.54,
2026-07-07 06:49:52,day,finance,35,0xd311888b744cbc083a62c08df849690cd16561b4,181.40466461899996,0.0,0xEF5ceb6a31137E59E88caBFdf26368F973A47BAD-1777090256427
2026-07-07 06:49:52,day,finance,36,0xedc84058541b1ef3586be91fd56860c1de283296,178.92686883010174,3552.8229129999995,0xJasonSan
2026-07-07 06:49:52,day,finance,37,0xc97b0b2a2547bb3ed57167092ef8a6e816c347e5,178.40437172572638,5207.856379,0xC97b0b2A2547bB3eD57167092EF8a6e816C347E5-1770003388001
2026-07-07 06:49:52,day,finance,38,0xb6cae2a3084f02f691ff4ecaf61783335b2048a9,162.86767030199917,206.50555,baummark1
2026-07-07 06:49:52,day,finance,39,0x37283720e103c56b38d62755ad604117e0164288,161.49872062650016,0.0,prediction.addiction
2026-07-07 06:49:52,day,finance,40,0xd561abcd133d8277493fd8bd92637124ac9c9b7b,158.36283325000022,0.0,andrez
2026-07-07 06:49:52,day,finance,41,0xad5353afe30c2da57709e2704ef3ccdcf67eef24,155.35493638586058,372.739292,AJSV
2026-07-07 06:49:52,day,finance,42,0x74957ea27ac4fbdee46d861fdae357859ff67fcf,154.38038542807408,1548.873956,ultralisk
2026-07-07 06:49:52,day,finance,43,0x59506f839022561f48eec644d3460439bc508c48,151.28676205831925,3537.0907070000003,rip
2026-07-07 06:49:52,day,finance,44,0xa58d4f278d7953cd38eeb929f7e242bfc7c0b9b8,150.78460150353203,1482.98,AiBird
2026-07-07 06:49:52,day,finance,45,0xfec464f25ce66aaeb9bd4ecb94b7184520bccfc8,148.69473556300125,63.3838,0xfec464f25Ce66AaEb9Bd4Ecb94b7184520bCCFc8-1741783184737
2026-07-07 06:49:52,day,finance,46,0xf3ad8f80006d90a5ba90112a675d13bffd740724,147.0064429999984,0.0,
2026-07-07 06:49:52,day,finance,47,0x8b8b9c565c8dca43cfb767f0f2c20b2b323d2512,138.44485179999901,0.0,0x8B8b9c565C8dCA43cfb767F0F2C20B2B323d2512-1778811726293
2026-07-07 06:49:52,day,finance,48,0x5d634050ad89f172afb340437ed3170eaa2c9075,134.51387724019912,1790.0,PBot-10
2026-07-07 06:49:52,day,finance,49,0x15433540ca3794108e602bfd353189519af8baaf,134.00013706499897,0.0,DualDelta
2026-07-07 06:49:52,day,finance,50,0xbe4eac1e977cff2ecc7e0667f35d160fa974d0c6,127.697987523714,0.0,0xbE4eAc1e977cFF2eCC7E0667f35d160fa974d0c6-1773956533353
2026-07-07 06:49:52,day,finance,51,0x43440ab002eaac9fede6f9d21bea96d84228f90d,125.19014764799999,0.0,M888
2026-07-07 06:49:52,day,finance,52,0x4247c89f4a9236a6b5fb24502023bcc98ab1455f,122.10257993100095,242.46,09F911029D74
2026-07-07 06:49:52,day,finance,53,0xc2503d10efe737c0e81fea8f90105c7b69cc8d6e,117.16975000000002,0.0,Possums
2026-07-07 06:49:52,day,finance,54,0x48b7e95cef1270aa22760d069f8f0fe14be5f103,114.55297684149991,0.0,loafy
2026-07-07 06:49:52,day,finance,55,0xbace5a5a9e309d69164dc81788d353fed8d43429,111.9774499999985,0.0,kitten147
2026-07-07 06:49:52,day,finance,56,0x3c918a8ef8c379304f744592120cbb4d76149af7,110.0,0.0,Vilgefortz
2026-07-07 06:49:52,day,finance,57,0xe9076a87c5ed90ef16e6fe6529c943baeca0cff6,108.27003645738841,277.598887,suntori
2026-07-07 06:49:52,day,finance,58,0x74f1b8944c7b10f7239e3dda0de6b8ee42e816a8,106.63526786449802,0.0,probability
2026-07-07 06:49:52,day,finance,59,0xe3726a1b9c6ba2f06585d1c9e01d00afaedaeb38,100.41739932353812,0.0,cry.eth2
2026-07-07 06:49:52,day,finance,60,0x2c30375f81cdc047a0a1d602c2538395dabc37b7,99.56600126499995,0.0,augd
2026-07-07 06:49:52,day,finance,61,0xe904443b4084bbda216e344353a44cd4324a2d9f,98.8476002079999,0.0,shovelingdigging
2026-07-07 06:49:52,day,finance,62,0xdf828d6533b38bf2e2ca45bcdd2bcf5f00fba983,95.39999999999995,0.0,Ihavenomoneyleft.
2026-07-07 06:49:52,day,finance,63,0xfc50757cbbe26b2b77a29975ae2ebdf35080277b,95.2974877099989,0.0,0x478D9E24fDea478C0E74eF69F483A2A087140350-1775311916359
2026-07-07 06:49:52,day,finance,64,0xe3e4bded348f8608f322a598c19dbb3c42878d04,95.13741363999998,0.0,Machaon
2026-07-07 06:49:52,day,finance,65,0xf43ba9693cf0876b8cf28fa890d805e7d5907673,91.72763826100004,0.0,prince787
2026-07-07 06:49:52,day,finance,66,0xdaee998426ebc81d0a15d7c13b2bdddaf8e18559,91.45999999999981,661.0,alpha5ii-copybestbot
2026-07-07 06:49:52,day,finance,67,0xac4a1fabdac2438d6afa2a9e8e83845310a0bf1e,90.80787650571801,276.07,HerrieDavis
2026-07-07 06:49:52,day,finance,68,0x588ce22fb2bf698e5a3f61447a44b3afe0ad1bf4,88.04501151000024,0.0,Drunken-Mentat
2026-07-07 06:49:52,day,finance,69,0xa24d3122ecad883b0fe1ff7b9b2d9967e23d3065,87.84999999999988,405.0,Anatol50
2026-07-07 06:49:52,day,finance,70,0x5efb95741a391ca548768c63de87798dcac58392,86.74990523199995,0.0,HenryMainwaring
2026-07-07 06:49:52,day,finance,71,0x330cc0f6bc8c3e4746733f66ea7e08122dc8eaa8,85.93115764000004,0.0,JohnYesNot
2026-07-07 06:49:52,day,finance,72,0xefa5ab06e3252dd8f3174b64383252b5c55224a6,85.20943746000023,0.0,wwf123
2026-07-07 06:49:52,day,finance,73,0xd48a81db62f742c4e42d86dfc23a7ee345366e90,82.30406378999851,0.0,NiFengFanPan
2026-07-07 06:49:52,day,finance,74,0x9e455413b57a792dfd92032f9a7a9fb282803662,81.32848318044262,243.902438,Frieren68
2026-07-07 06:49:52,day,finance,75,0xbe3d34441e4fd5f3c69c5a00e694376e37964dc6,78.91051559049997,0.0,Ddonineteen
2026-07-07 06:49:52,day,finance,76,0x03805a13a0b3e058f55f6c6af95389d4f431073d,78.79484545439482,60.0,donthackme
2026-07-07 06:49:52,day,finance,77,0xf9e1aa52914cbc4e88274a04adea7f53248f0458,78.56017532400347,1715.723521,wagonwheel
2026-07-07 06:49:52,day,finance,78,0xa61ef8773ec2e821962306ca87d4b57e39ff0abd,77.77011721249983,17.63,risk-manager
2026-07-07 06:49:52,day,finance,79,0xb619f0c05b9ab19fca47ca84181dc9efd69bb8de,76.50019999999995,350.0,jk6889
2026-07-07 06:49:52,day,finance,80,0x51de66b7f3d10eceb99aab57622ca850655e9e4a,74.38973160415912,31.51,0x51dE66B7f3d10EceB99aaB57622cA850655e9E4A-1779581016815
2026-07-07 06:49:52,day,finance,81,0x8473b3cf4b2af4cfb5b8e7c61464bde829f470ef,72.61145941450013,0.0,jpurd17
2026-07-07 06:49:52,day,finance,82,0xbf5dfa33f94e80f7649fa94a81ab8465d65c6e7d,71.52542593500038,0.0,0xBF5DFa33F94e80F7649FA94a81Ab8465d65C6e7D-1765458383511
2026-07-07 06:49:52,day,finance,83,0x21b3d4f4375f97bc96d2b00985a6eae9ef53793d,70.9788573400001,0.0,Greenhug617
2026-07-07 06:49:52,day,finance,84,0x3d330d162ae4a339cb81d1cbefac6f95bb4a4aba,70.93119039999999,0.0,tattoomule3
2026-07-07 06:49:52,day,finance,85,0xd06f0f7719df1b3b75b607923536b3250825d4a6,70.90226920399618,2486.72,commeowder
2026-07-07 06:49:52,day,finance,86,0xbb5958e98ff3d7d151e1fd169e95cd41c4946ca3,70.38299913399965,0.0,Shijiebeiii
2026-07-07 06:49:52,day,finance,87,0xa037d9ae501a6830a8f37610e6bac4b721672fb3,70.27407886999981,0.0,0xa037d9Ae501a6830a8F37610e6baC4B721672fB3-1777131682067
2026-07-07 06:49:52,day,finance,88,0xe6055a224d277a3eb39df9ee5ea8201c55c4ac5f,69.91467544150032,0.0,CherryB16
2026-07-07 06:49:52,day,finance,89,0x8b8762de175b0c9c86453239e0dabbedd6d73e8d,69.54943916548018,836.7800000000001,MickyMauldib
2026-07-07 06:49:52,day,finance,90,0xa14750436b2e01aa76cebf831018857340a53fcc,69.14637331999984,0.0,polymarketbetter
2026-07-07 06:49:52,day,finance,91,0x961a3ebcc591e90255b590a1299c1fc4aba973ac,69.10949500499919,0.0,BridgeLake
2026-07-07 06:49:52,day,finance,92,0x736539924a5602b37a03a54fc12c1cc8f98964da,68.27380748549695,353.58,cqk
2026-07-07 06:49:52,day,finance,93,0x75772c0fad8bb3eefb12bae32eef8a58e7ee8fb9,66.29427343600022,0.0,0x75772c0fad8BB3EeFb12bAe32EeF8a58e7EE8fB9-1771157190403
2026-07-07 06:49:52,day,finance,94,0x5254f5c53c2f97c7964f106e870aa8307204891b,66.0555554,0.0,kymhmttt
2026-07-07 06:49:52,day,finance,95,0xa53ba9d683f68602ccd767512d5c862a43824021,65.13163948400143,1688.1,Vagabund97
2026-07-07 06:49:52,day,finance,96,0x5b6331e7ff0831a3fe2ed12004747db1a9c911a4,64.51069841778008,467.844969,neutralwave23
2026-07-07 06:49:52,day,finance,97,0x6d38b748fa7e7b0ef783a177a13a6ca181de382c,64.48799999999994,0.0,EvanCross
2026-07-07 06:49:52,day,finance,98,0x9f4b897e75cc6de3ea741d5c0ace40d3f56df9bf,63.630700945993965,58.097238,jijodebot
2026-07-07 06:49:52,day,finance,99,0x69b9a231e6d9e8a1be243e3db5174203a33f1284,62.872352919999685,0.0,Croesus1
2026-07-07 06:49:52,day,finance,100,0x4728d8377019661b41a2fdca0da55c1dd1e06426,62.50856500000009,0.0,Miracle007
2026-07-07 06:49:52,day,culture,1,0x02b4401ae7ead14477e944f79e9db07ce9ab7092,9779.392857750066,53611.75,alohaa
2026-07-07 06:49:52,day,culture,2,0x542aae10712e812bd71d792861ec5a570aa8a81b,5180.672687756999,1647.71,Blind Chicken
2026-07-07 06:49:52,day,culture,3,0x7e5972bfc25819775ee5a9d4f191919375487b8b,2550.7939879383225,1725.1811,Gaditima
2026-07-07 06:49:52,day,culture,4,0x2b670a311561dcaf741d8155451774d3fa7fb814,1888.09183755,0.0,0x2b670A311561DcAF741D8155451774D3Fa7fb814-1778467735876
2026-07-07 06:49:52,day,culture,5,0x1c863073305557d7271f750d9ca5c71f435fd8d6,935.67126104,0.0,Blazzin16
2026-07-07 06:49:52,day,culture,6,0x9f208e85f326f865077fffa68b32d8b0e2bc12c3,910.8427804639578,4075.684727,mildwindow27
2026-07-07 06:49:52,day,culture,7,0x03805a13a0b3e058f55f6c6af95389d4f431073d,864.323442589608,677.580199,donthackme
2026-07-07 06:49:52,day,culture,8,0x57d494d8aecd90fb4f48423974f7e48ec1f9ac0d,850.7210993869921,0.0,masnjr
2026-07-07 06:49:52,day,culture,9,0x0130afd6f3efddf1c3e16e01217b172dd9befb49,826.9620302117639,638.594065,123987456
2026-07-07 06:49:52,day,culture,10,0xda9f7647c58deb560ca7d85e2b7ea55ef489d7f6,791.155839744999,0.0,0xDA9F7647C58DEB560ca7d85e2b7eA55Ef489d7F6-1767825604088
2026-07-07 06:49:52,day,culture,11,0x16c7337106a0b3a06ff863a1c06d8e2cbf7322cd,738.6388728720003,98.494515,0x16c7337106A0B3a06fF863A1c06D8e2cbf7322cd-1778811943243
2026-07-07 06:49:52,day,culture,12,0xdf0a655b1f2961505df136ed25379a1d1daf08e8,719.2220625328046,4963.348332,yolol
2026-07-07 06:49:52,day,culture,13,0x74957ea27ac4fbdee46d861fdae357859ff67fcf,709.6809911884056,2383.106575,ultralisk
2026-07-07 06:49:52,day,culture,14,0x143732d8a06bd1596c694f7873cd493be80aacfe,669.1499999999999,0.0,frozenriver
2026-07-07 06:49:52,day,culture,15,0xac4a1fabdac2438d6afa2a9e8e83845310a0bf1e,646.7266237958938,3855.388973,HerrieDavis
2026-07-07 06:49:52,day,culture,16,0x0a6d26d31b28fd5a84c301f8b27296612f3b1d0a,615.2343659189646,1541.26,Bikesarethebest
2026-07-07 06:49:52,day,culture,17,0xeface9902242b0399856f981600b907dcc9bc9a1,472.8160932097362,378.607808,macrosteaks
2026-07-07 06:49:52,day,culture,18,0xaca23974e2b8131efbafaa1fe03ea9595ea0b9a1,466.41446500000893,0.0,ellio8989
2026-07-07 06:49:52,day,culture,19,0xe6055a224d277a3eb39df9ee5ea8201c55c4ac5f,464.22427113599997,0.0,CherryB16
2026-07-07 06:49:52,day,culture,20,0x511f9c771449162349795d17becf8b37031acbe1,457.5021380208491,2395.553075,Bigggggggg
2026-07-07 06:49:52,day,culture,21,0xf5e814660a5a5ac071390a36122e7bc7c1309fbd,419.2604133500008,5072.33,fiter
2026-07-07 06:49:52,day,culture,22,0x55ab6191d1d3609f6ffb12f17d56fe9453da4f88,414.94740876073956,191.92000000000002,pengu-n
2026-07-07 06:49:52,day,culture,23,0x12ed45d2b45259d27a7fb593e564cd269c4fc9b4,384.9398044240734,3916.781988,sazzaa
2026-07-07 06:49:52,day,culture,24,0x14522999f234b77b148185d17a5e2b4f2756449c,334.18370506749983,0.0,arbdiscovery
2026-07-07 06:49:52,day,culture,25,0x30802ddd7117da69c05b2eb6327e94474192337b,328.8560996245002,0.0,banestow
2026-07-07 06:49:52,day,culture,26,0x5a218c7ad04135830a45c41aaed7294df7809318,320.8516122420624,7310.460356999999,balthazar
2026-07-07 06:49:52,day,culture,27,0xbb9f224569285cb57f433bbe2e71f9b8a11b557b,317.0998900700779,2734.68,rocky42014
2026-07-07 06:49:52,day,culture,28,0x77c812f7735ad07e3ce58fd466a0e1b4346bbc8c,302.4999999999709,0.0,dudukos
2026-07-07 06:49:52,day,culture,29,0x46992d0e547e3822a9c28723f51bfa804ae4e03c,287.24689508999654,7296.2,anon.1980.123
2026-07-07 06:49:52,day,culture,30,0xe5cc003bd16400add59e65d642430614c6e556fe,279.9277169049983,0.0,0xE5cC003Bd16400AdD59e65D642430614c6E556fe-1768150000654
2026-07-07 06:49:52,day,culture,31,0x1b0eefc1915cdcd9a08f40b115f17cabf024b936,268.9886148225,0.0,0x7F74b5E7cCe670a6FF1b071eA656951Cd654768D-1774447399105
2026-07-07 06:49:52,day,culture,32,0xb89f5425341719d298dc2f5b9a92374f5fde1c44,254.37930334199882,15764.25,iutwpfal
2026-07-07 06:49:52,day,culture,33,0xc684828f6b03487759ced2ebdd975f91f3532228,224.6187476120267,0.0,oliman2
2026-07-07 06:49:52,day,culture,34,0xc5f57896d6790156b517d0b1af95db789bc7e714,222.112777,3701.88,abinfafafa
2026-07-07 06:49:52,day,culture,35,0xf44dcf50490507a44a6244dc07f50686e71060af,214.92029999999977,0.0,Certify0148
2026-07-07 06:49:52,day,culture,36,0xe32b46a28b649031939a78ee47fca260758a626e,209.90700956935018,3005.0008850000004,Contradict
2026-07-07 06:49:52,day,culture,37,0xc9727ed498a58a9e8e8758d51c5a4eb0b752dcd9,208.27892207818422,1805.651,dyckpaths
2026-07-07 06:49:52,day,culture,38,0xe8a2057abd53d285f7bea590b8f1dff1f04454c2,208.00000999999992,0.0,2017
2026-07-07 06:49:52,day,culture,39,0xa3a417e434923aeaf97afe9a61b10ff9364e5106,198.26028184424467,4134.697646,0xC03cE4d8Af842Ca6251Ac57228B3Ffb166ed50A
2026-07-07 06:49:52,day,culture,40,0x9a3fa403a6666eef75f92f181fcf13f9c051914a,197.38333093578876,7723.82,Rex416
2026-07-07 06:49:52,day,culture,41,0x564f22744b7941ade18d5e0e4f347c30e3057026,195.10739396359622,1413.99,molodoyy
2026-07-07 06:49:52,day,culture,42,0x0f7f9903f46c24ba66900ceb4a427873129c6450,190.84527984473607,1041.540415,Elonurmom
2026-07-07 06:49:52,day,culture,43,0xcba38f8e07955a5f45816753d7c4a6ae8af06055,187.24673522000012,3987.1399999999994,GoldenSpin
2026-07-07 06:49:52,day,culture,44,0x8a8a7f976d5c0e7559ca0e41defa474314ab4abd,171.43979463200003,0.0,0x8a8A7f976d5C0E7559ca0e41defA474314Ab4ABD-1783080129031
2026-07-07 06:49:52,day,culture,45,0x44fccfc4f7653fc79c386d1bcb2181d730a4ac29,170.84445000000005,0.0,darthgeek1338
2026-07-07 06:49:52,day,culture,46,0x038bca073c9aebb694028d70eec94116ed4bafc4,170.15432912500728,0.0,triple-purple
2026-07-07 06:49:52,day,culture,47,0xcb14f61711d913773f4b982af340fa7eae175358,169.99969334699927,41.12,ooops
2026-07-07 06:49:52,day,culture,48,0x0076fff3def0069380fe6b7361387a3e827b1f36,167.38897661500027,0.0,Gambastylr
2026-07-07 06:49:52,day,culture,49,0x831a62840676189dff9597901dd67603cbc7d532,156.38690655000005,0.0,3GG
2026-07-07 06:49:52,day,culture,50,0xf4f88a1e25ff5dfae68326eb62049d6a1b7c5bf1,153.04405483262155,50.659625,cosmicsteaks
2026-07-07 06:49:52,day,culture,51,0x5d5542eb677346a9744796582a31bbbea4717cba,149.71653065299972,9.55,MemeLoverOfficial
2026-07-07 06:49:52,day,culture,52,0xcb3695cf4a13a2a03f8084629874b0179b82a357,148.312173886,0.0,0xcb3695Cf4a13A2A03F8084629874b0179B82A357-1783206396630
2026-07-07 06:49:52,day,culture,53,0xb44b052a2bcc337158f241cd490752b9d3b63b96,144.93525176545495,2081.057731,WeatherPro42
2026-07-07 06:49:52,day,culture,54,0x6c7d9ce7d08fbe1bf872fa825916802866a8d6eb,144.78625756611655,349.346,VVKhqdMdKjEpLsDRwu
2026-07-07 06:49:52,day,culture,55,0x4ffe49ba2a4cae123536a8af4fda48faeb609f71,138.10632403463387,5733.59,planktonXD
2026-07-07 06:49:52,day,culture,56,0x5446fe5868e4e6da0ab784b005fe423df62218f6,137.59914828650017,0.0,asdasdasdasdasdasdasd
2026-07-07 06:49:52,day,culture,57,0xd23f8c8aab13cfb2a35da40b67f8471faf9894a1,134.07358297972314,8523.663853999999,Corlys
2026-07-07 06:49:52,day,culture,58,0x16226969fcaf48262a39f52fecc9990d3c6ba3fd,129.51920407500137,304.67,tamag
2026-07-07 06:49:52,day,culture,59,0x77a18f221083fdd5ca17aef29ff48aaaa669de3d,125.42674606561559,169.9661,wolfmoon
2026-07-07 06:49:52,day,culture,60,0xa43e62df799e00815f50e68dc31f3a8d7812ec90,122.6223103063021,5839.971242,Kreosan
2026-07-07 06:49:52,day,culture,61,0x69645cea639e7a19cbde6c126a197bc1abafef53,120.71716871706303,8821.717833,PredictionYogi
2026-07-07 06:49:52,day,culture,62,0x2946afc37ce5a8b1051b051f2fdb23f2be7d8eb4,117.85776904149998,0.0,rlaghksquf
2026-07-07 06:49:52,day,culture,63,0x28ca4e9a04531f2eac0c2770f95db4e1c6a65d19,117.51606346192784,12.0,DuneMentat
2026-07-07 06:49:52,day,culture,64,0xde0463ea7f611b065e8ab06bbfbddad75e6dfa37,117.06749569994827,0.0,mwenya
2026-07-07 06:49:52,day,culture,65,0x18510d997eba5b8a0102bad7307e70e32bc4ae47,116.71441498299993,0.0,Spirit-LT
2026-07-07 06:49:52,day,culture,66,0x541da9ce82ff2011c732cf97e093b738a83c502f,113.5444950000001,0.0,holarat
2026-07-07 06:49:52,day,culture,67,0x819f9aa2e4da899e185762e03690415ea758f3e7,113.09550410949993,0.0,donotthinktwice
2026-07-07 06:49:52,day,culture,68,0x3653235d75a0d5969c42f7514d4df8ea5f8cef74,112.96313274999937,279.26,0x3653235d75A0d5969C42f7514d4Df8eA5F8CEF74-1778811817579
2026-07-07 06:49:52,day,culture,69,0xf83ec0e37ac9eece71c064507270e9001a734663,107.81066425249901,0.0,JustClickeverywhere
2026-07-07 06:49:52,day,culture,70,0xc8ab97a9089a9ff7e6ef0688e6e591a066946418,107.42259651424683,727.79476,ArmageddonRewardsBilly
2026-07-07 06:49:52,day,culture,71,0x167a807987c8da3aea97bc36cb394fc04d3c91d5,106.96055390699993,0.0,longdated-poli
2026-07-07 06:49:52,day,culture,72,0x22dbd51e1a4e10fff072fa24300238c64033190f,106.25136660000044,0.0,SusanWarrenHR
2026-07-07 06:49:52,day,culture,73,0xe65b960189de07d620f6075be6249eb8b156271b,103.89999999999986,0.0,WallStreetGamer
2026-07-07 06:49:52,day,culture,74,0xc4fe817476491890086330a639ac417d51bf601f,103.825062105018,598.084419,poshposh
2026-07-07 06:49:52,day,culture,75,0x9d8019321990b0e9d3947c74e7832f855b2afcaf,103.18539249428613,4770.832856,Tough-
2026-07-07 06:49:52,day,culture,76,0x3bf9259b4ab230299d628641bb4047849bb62ebf,100.97413140499992,0.0,0x3bf9259B4aB230299D628641bb4047849bb62EBf-1769626115075
2026-07-07 06:49:52,day,culture,77,0x35f3f632e298b77df6acd316687169d15be3cfd0,100.61114999998244,0.0,RickRockRick
2026-07-07 06:49:52,day,culture,78,0x7e31a5e9c31638483614e9fd9f945bb34692454d,97.11293844299973,0.0,Odysseus7
2026-07-07 06:49:52,day,culture,79,0x4b3e2546b0cd99f7583340a16768a58b465acfae,96.96826919658601,367.242,helic0pter
2026-07-07 06:49:52,day,culture,80,0x215adbb63b47d0ca92f849fe2c2dc1adb0f6254c,96.22352048950063,200.0,BikesAreTheBikes
2026-07-07 06:49:52,day,culture,81,0x45b2cb2ae97f7dd81aa20058337a7a8b29b4cbc1,95.89480000000003,0.0,mocamoca
2026-07-07 06:49:52,day,culture,82,0x272c7b12c4b372b6d0931aed641b1e4eec0f7f07,95.54720582300001,291.95,Diplopia2
2026-07-07 06:49:52,day,culture,83,0x364bc63903abb04f943540334bce3d7274bfdfa5,94.27049021000016,0.0,0x364bc63903ABb04F943540334BCE3d7274bfDfa5-1763235623675
2026-07-07 06:49:52,day,culture,84,0x54096e86cac2d70d04fd98ee16f633c7e9d479db,93.00656499999968,0.0,Boss7
2026-07-07 06:49:52,day,culture,85,0x00d1bfdb216e363bdb1a04dc02865a4dd99ec8a4,92.29134075000002,0.0,placerv2
2026-07-07 06:49:52,day,culture,86,0x9d84ce0306f8551e02efef1680475fc0f1dc1344,91.687105987221,0.0,ImJustKen
2026-07-07 06:49:52,day,culture,87,0x300354d68fbf24c37cdb6c4ea86ef0e7aceeefa3,91.56135792650004,128.13,LargeChips
2026-07-07 06:49:52,day,culture,88,0x85dfe68799c81169482aad52aabd3d899404fb48,90.05589782693497,845.566694,FoolAndHisMoney
2026-07-07 06:49:52,day,culture,89,0xd71776a8d4fddeb3c150c4607b3f8bec31213b85,89.69528737328937,179.56,0xD71776A8d4FdDeb3c150C4607B3f8bec31213B85-1778810464493
2026-07-07 06:49:52,day,culture,90,0xd218e474776403a330142299f7796e8ba32eb5c9,88.31019670758542,0.0,cigarettes
2026-07-07 06:49:52,day,culture,91,0x93a93d84d44270b5b86dad5c28eff367a7d70b88,87.19133624999978,0.0,
2026-07-07 06:49:52,day,culture,92,0xa7a6cd5399040aa661ee595f4421337d80188117,86.5674377399996,0.0,KoloJones
2026-07-07 06:49:52,day,culture,93,0xe096e78c7b7756b4120a57d20f004be6786104f3,86.182133365,1249.0,Tu-Papa
2026-07-07 06:49:52,day,culture,94,0x090af6fd2aeb04202abc97370aa86c1b81d90fa6,83.59954131716131,1155.695191,VictorLudorum
2026-07-07 06:49:52,day,culture,95,0xb783c11c22f5f1df25d0c4261b6374e703611a78,83.20251519898557,5356.500044999999,x84729153
2026-07-07 06:49:52,day,culture,96,0xe25b9180f5687aa85bd94ee309bb72a464320f1b,81.15759842994157,0.0,WordleAddict
2026-07-07 06:49:52,day,culture,97,0x8dd8f566b50f54a7a8ec02412723974b40679a1c,79.29486459983241,5.0,pengu1n
2026-07-07 06:49:52,day,culture,98,0x1de496d92870d4b1b8af46c670e03ddc7d1b9f53,78.95794003449942,109.995382,sakuraaaa
2026-07-07 06:49:52,day,culture,99,0x37f8b617d9c575d2af96f095153aa7bb99922fa8,76.80051511500051,0.0,UkraineFisrt
2026-07-07 06:49:52,day,culture,100,0x82882d761b0d7f18b2cc286117d10cd8a15a5519,76.5300292733682,2878.243053,Sugarina
2026-07-07 06:49:52,day,mentions,1,0xbe74297ff19030f104ce1d538709f43b30eca70e,2130.445081393841,466.967054,title1
2026-07-07 06:49:52,day,mentions,2,0x2c3928af89565c352afe8e2a1b25deed77a056dc,1750.5565053650062,3000.0,Dragontree
2026-07-07 06:49:52,day,mentions,3,0x219dd0390c54a8f9850c56f4f9a7789eeae55812,1229.5245398499994,0.0,WCrty
2026-07-07 06:49:52,day,mentions,4,0x373a949d617e60cbb25ca6df3f68018d573bf4c1,1169.669394001141,228.69894599999998,funplayer-
2026-07-07 06:49:52,day,mentions,5,0x18113f74d50add32acbcec30106ace3cd574913b,1050.1325318081103,568.350121,DiddyTheDiddler
2026-07-07 06:49:52,day,mentions,6,0xf658449199d0bcf544de0ff928a3b66685f3dcfe,819.9917996900003,0.0,QbertRules
2026-07-07 06:49:52,day,mentions,7,0xc4b2930b0feb1c0fab13c0b75c9fef34fea09a9b,540.7418700000002,0.0,datajesse
2026-07-07 06:49:52,day,mentions,8,0xbdbc436a356827b5f22b98e99cc746f48dbde435,475.95536191007,382.34,bernardiii
2026-07-07 06:49:52,day,mentions,9,0x30f67d821c57a54e25e5e521dbd3b5b18309004f,463.8603100356986,2229.736461,shiifoo
2026-07-07 06:49:52,day,mentions,10,0xf4f88a1e25ff5dfae68326eb62049d6a1b7c5bf1,348.2974828130242,611.436456,cosmicsteaks
2026-07-07 06:49:52,day,mentions,11,0xee033c97496b0cf420fecd0ff2962c8606e66edb,206.48619278,197.64,taylordr
2026-07-07 06:49:52,day,mentions,12,0x2946afc37ce5a8b1051b051f2fdb23f2be7d8eb4,195.56305821838598,578.37,rlaghksquf
2026-07-07 06:49:52,day,mentions,13,0xdacf9f8d0341fa3770fae5c7ccd9dcfed23e3c74,194.505839999998,4291.275284,CosmicCedar
2026-07-07 06:49:52,day,mentions,14,0xc33d6aa3eb972639f31e46a6a02201cece380d40,149.803668346186,503.53210000000007,penguinec
2026-07-07 06:49:52,day,mentions,15,0x9ba43501360dcacaca09caa523401c7447d8f8c2,145.51734099997702,2227.82,BipBop
2026-07-07 06:49:52,day,mentions,16,0xd5555147366b7e5bfcea444f4a06a745c18be28a,132.94143538104322,467.0,mmmbop
2026-07-07 06:49:52,day,mentions,17,0xa7fea388f955a9517067111030eb771c6d911f3e,131.8249199999999,425.98,Faston
2026-07-07 06:49:52,day,mentions,18,0x299cb40195d270438f8950902f242d796457d85e,96.51019467999959,799.0,polopilo
2026-07-07 06:49:52,day,mentions,19,0xad5b037d10533e35ddc8ff2c00c864282adffadd,75.69825956999999,122.22,Splunksy-Hive
2026-07-07 06:49:52,day,mentions,20,0xb1df6a69eaa5aaf196257856dc240f25b45f309d,68.56617278499982,0.0,PFITZ
2026-07-07 06:49:52,day,mentions,21,0x7bff96579b20fe3530e140d6a3c223c9f2127cd6,68.08701000000042,0.0,KingZeManel
2026-07-07 06:49:52,day,mentions,22,0xf13353c9650f959aa79d37706c46ce96f66b928d,57.085800000000006,66.42,JulTrb
2026-07-07 06:49:52,day,mentions,23,0x94d854eac206d57e7e349262b79cbd573eab37e6,56.03499863257596,0.0,inno
2026-07-07 06:49:52,day,mentions,24,0xbe0e2ccaba04e1cff6328df819aba5648578d429,49.94186589000003,897.22825,hesure
2026-07-07 06:49:52,day,mentions,25,0x0dedae6a02ea2ff8018ba5f277632919ed1c9025,48.26676335499724,476.10333,jcharger
2026-07-07 06:49:52,day,mentions,26,0x0a8eee5cb1f039540abbbecc03571146048c05a4,46.539733727693054,118.59000000000002,
2026-07-07 06:49:52,day,mentions,27,0xb37aa8834f9baefc6fb3312f59df8ddf0348f1b1,44.87499999999977,0.0,Steve-Haines
2026-07-07 06:49:52,day,mentions,28,0xd8bf69e10ab25b10b7c5d43109c2d2dd8c358ece,41.52500000000012,0.0,redhaze
2026-07-07 06:49:52,day,mentions,29,0xb08223d6994cf79c10afc58653cbb8051ed55138,36.77901014450117,90.0,ChoiceMeteor2520
2026-07-07 06:49:52,day,mentions,30,0x6cb67f27911771eb23e1cfa43c0b9f15b109d647,30.773531224203985,277.773538,
2026-07-07 06:49:52,day,mentions,31,0x3fbf76bb0a626881dfbeaf77df98d706b50efbce,26.787199999999984,60.88,0x3FBf76BB0a626881DfBEAF77DF98d706b50EfBCe-1781302828025
2026-07-07 06:49:52,day,mentions,32,0x30fb41b5a08fff5d3dd983f6323e3343931a7db4,26.321049597827027,549.19587,tradetosurvive1
2026-07-07 06:49:52,day,mentions,33,0xbc2b11426abc01e11d9bbd75b398f9d1664cb91f,22.989978650000026,406.682466,trudrknight
2026-07-07 06:49:52,day,mentions,34,0xc9727ed498a58a9e8e8758d51c5a4eb0b752dcd9,20.78550999449817,1293.2,dyckpaths
2026-07-07 06:49:52,day,mentions,35,0xc88adcf407a63baa2e470998c24f6fc0d1867e26,19.09172000000001,82.94999999999999,hjhjhjhjhjhjhj
2026-07-07 06:49:52,day,mentions,36,0x83eba6748ef2edcf1e37adf2aeccac994b5683ce,18.600025357600003,104.99000000000001,therealchackyy
2026-07-07 06:49:52,day,mentions,37,0x0e935a8486b7e044b6b4195af7acd280163b6a82,17.983736513515964,76.74401499999999,0x0e935A8486B7e044b6b4195af7ACd280163b6A82-1778525694471
2026-07-07 06:49:52,day,mentions,38,0xa7244d0a2e32d866cee7bbb3e934df1dd605cb96,17.953251250000008,0.0,0xa7244d0a2E32D866ceE7Bbb3E934dF1Dd605cB96-1771768311253
2026-07-07 06:49:52,day,mentions,39,0x512343f9772ad169e4b1136a408f543095292f31,15.04205468487099,20.0,0x512343f9772Ad169E4B1136A408F543095292F31-1775503970515
2026-07-07 06:49:52,day,mentions,40,0x1d1aa3439835cc8dbb5e55d615bee3f39b0d324e,14.939600890000293,0.0,b14k
2026-07-07 06:49:52,day,mentions,41,0x0739beca79df745311196936eb2b768c6ccdaba8,14.453937550786804,38.514868,meow-123
2026-07-07 06:49:52,day,mentions,42,0x42528691b483d186dbf7054b87ce03bbc07e5db1,13.548811999999941,1302.8400000000001,CamaleonBizco
2026-07-07 06:49:52,day,mentions,43,0x724520ac6ab02cfa66010ef1e44b50b40232099d,12.768559999999908,0.0,0x724520Ac6AB02Cfa66010EF1e44b50B40232099d-1779094991006
2026-07-07 06:49:52,day,mentions,44,0xa3e22cd32aa9238ef7dbcfb4761e33b9eaa1fdf8,11.021569619995716,0.0,pootytherewardfarmer
2026-07-07 06:49:52,day,mentions,45,0xbd109b7fc486d2dd78c7bea143cdd101007bfcdf,10.894458510000732,0.0,0x...
2026-07-07 06:49:52,day,mentions,46,0x80ed3442ee13ca855d90cf78cede3ad3f66ece26,10.349590843000044,63.89,zerosixtynine
2026-07-07 06:49:52,day,mentions,47,0x194044a58ab7a66d461cdb9601a281f99ca50ea1,10.079999999999998,63.0,bondbondbond
2026-07-07 06:49:52,day,mentions,48,0xa66790e2b0075e73c3781ddaf1d0b875a3aaceb3,9.949119110000026,17.55,Elias.Thornwell
2026-07-07 06:49:52,day,mentions,49,0xc412fdbe9956c2e242e8b45fae131c3e8598592d,9.653204999995978,2139.27,BetterFish
2026-07-07 06:49:52,day,mentions,50,0xc9751b5f25e1ecd88ec4630d19422b58d0562c68,8.63792091177993,3973.782099000001,NeoSay10
2026-07-07 06:49:52,day,mentions,51,0x2849f88225b51b519b292c02fd07b3554b0a0329,7.98354916000001,0.0,dragonroar
2026-07-07 06:49:52,day,mentions,52,0x8833ed3241e0bcdb7052df5b3bf1af2816373ea1,7.597788017499852,0.0,Flashwhisky
2026-07-07 06:49:52,day,mentions,53,0x716934e59ade35d8c7469816542e368e744e3ca6,6.676904097369999,0.0,0xd0496d05595247dd3d1f8c66558e634d791269d
2026-07-07 06:49:52,day,mentions,54,0xcdbd24cbc7a3582137db5996c0aef7f1949ed0df,6.615000000000002,21.0,ttttttawft
2026-07-07 06:49:52,day,mentions,55,0x673a9f0ee5eb27cbb65e194cf138af76a3f2d354,6.56,0.0,alexxvives2
2026-07-07 06:49:52,day,mentions,56,0xca12d28728c46d3484395243f5f842f2c321ea03,6.494509000000008,1732.05,chaosj88
2026-07-07 06:49:52,day,mentions,57,0x1c0bb6056e4760cda3b76be160ba8f60b2d755e1,6.399700299999985,20.0,Whoknows69
2026-07-07 06:49:52,day,mentions,58,0x41e6de55cf3bd608b50952f681dfb562187466b7,6.1779482099999825,20.225351,POB-T
2026-07-07 06:49:52,day,mentions,59,0xf2cf3cf7863182c763bce60580a7d20e9333464b,6.014759889499771,122.976849,Mojito9
2026-07-07 06:49:52,day,mentions,60,0xba8c5fbcc5f58b0e4ae0c1413e0413f8c803e77d,5.86418900000001,651.5766649999999,Rock.San
2026-07-07 06:49:52,day,mentions,61,0x50b4ab8658dd8c9901c69208d275d81cdeaac879,5.806196999999997,1106.68,shugafa
2026-07-07 06:49:52,day,mentions,62,0xf2252e4aa8386e26cae9a778c9b9ec41fcedcc69,5.099999999999994,30.0,4fee-s3
2026-07-07 06:49:52,day,mentions,63,0x8c7199cc09a2c6658f38ab47419eeb842aad3f1a,4.8974400000000005,515.52,C6H6
2026-07-07 06:49:52,day,mentions,64,0x4247c89f4a9236a6b5fb24502023bcc98ab1455f,4.583433740000828,0.0,09F911029D74
2026-07-07 06:49:52,day,mentions,65,0x21b48e8e2daa01f531fff08b62f2b4df6cff1f06,4.539009999999877,2832.81,proposal123
2026-07-07 06:49:52,day,mentions,66,0x6049761986af66cd8e78997c940766bd69c7f14f,4.487140000000011,4487.14,shcc
2026-07-07 06:49:52,day,mentions,67,0x33ab58e55895f39619815d31dfc92d90d65f9523,4.487139999999997,4487.14,matchamission
2026-07-07 06:49:52,day,mentions,68,0x93cc64dceb9b1929f98d469501e0aa35d0ed6ffc,4.34961,4349.61,WhenYouFindMe
2026-07-07 06:49:52,day,mentions,69,0xdaee998426ebc81d0a15d7c13b2bdddaf8e18559,3.9480840589599993,0.0,alpha5ii-copybestbot
2026-07-07 06:49:52,day,mentions,70,0x225827e4fcb863c43b150db161cf2f18e65e1451,3.8987060000000042,64.99,
2026-07-07 06:49:52,day,mentions,71,0x87046cc15301a1eb23a62d5a53d44301c4963b94,3.7100839999999806,16.1308,0x87046CC15301a1EB23A62d5A53D44301c4963b94-1771603855483
2026-07-07 06:49:52,day,mentions,72,0x33739438875aee79e98a26f87320d984f0703716,3.623299999999986,38.14,ogi250
2026-07-07 06:49:52,day,mentions,73,0x9f16feb66b8a4355528fd9eb1f6fceb989337013,3.0168179100000145,585.083,empty-dog
2026-07-07 06:49:52,day,mentions,74,0x2d48c834897176269fddde6043e566f6bbc1678c,2.937249999999999,0.0,
2026-07-07 06:49:52,day,mentions,75,0x696a0f103aab2daa93f0c7124bdfbbf19851e23a,2.5621150000015405,178.38,0x696A0F103AAb2daa93f0C7124BdFBBf19851E23A-1765573480594
2026-07-07 06:49:52,day,mentions,76,0x60c8ad4853e43e2291e94f8fb87773424cf33d3d,2.442600000000006,0.0,carmelk
2026-07-07 06:49:52,day,mentions,77,0x3473514b07351173b4f97cd5be5d40c1a717e864,2.4224925308020007,17.14,jijie19960428
2026-07-07 06:49:52,day,mentions,78,0x41cb8653fd75ebf2a46741d224dc596e5a72a5df,2.3335000000006403,0.0,AnaFav
2026-07-07 06:49:52,day,mentions,79,0xbcd671efdc5dd18016e7577c8f05e2db8452f3c8,2.327699999999993,0.0,AutoOdds
2026-07-07 06:49:52,day,mentions,80,0xe576fbcc3c70b2b80d07e49f57662934e55adca2,2.311077553999998,0.0,0xE576FbCc3C70b2B80D07e49F57662934E55adca2-1765393732839
2026-07-07 06:49:52,day,mentions,81,0x229c0a7d92977a9934e5ac2348d507988996b966,2.207616342498852,0.0,qqqppp-l1
2026-07-07 06:49:52,day,mentions,82,0xa815f590e64fa64d417df72c581a32f5ff449cbe,2.1897895950000077,0.0,Numitus1994
2026-07-07 06:49:52,day,mentions,83,0xa5a4cd698037be8845d5785ebb637095323965a6,2.1433269782870035,11.242862,
2026-07-07 06:49:52,day,mentions,84,0x06abdf5d3fc0107989cc893e95d003e2002ee6a0,2.0143886695000006,0.0,Renski
2026-07-07 06:49:52,day,mentions,85,0xe8f71aafd51cbc67bb010575ee12afc776d87ead,1.810589809619131,18.53,0xe8F71aafd51cbC67BB010575EE12Afc776d87Ead-1771987822532
2026-07-07 06:49:52,day,mentions,86,0x504c039ae6b881e90aeb946cbf9b4bf65217e5d6,1.7465350000000006,0.0,HollyJets
2026-07-07 06:49:52,day,mentions,87,0x4252e05f884d7d63d33bab03e87aba84d420cfa9,1.743285000000009,0.0,qlivvo
2026-07-07 06:49:52,day,mentions,88,0x92a6294cd55b9c6ccd57efaffc365ad943118b84,1.6678099999996903,1667.81,Trustinghorse
2026-07-07 06:49:52,day,mentions,89,0x87c4502f149fd6e391a512dd4d3ff4428a0fb42b,1.6480139259199973,0.0,trader868
2026-07-07 06:49:52,day,mentions,90,0x6c817e15231f73a58ff3fb2e7dc74a85cea94c46,1.595510000000104,0.0,DeepMoneyValue
2026-07-07 06:49:52,day,mentions,91,0xfd8a21560c9bcfbf573179d97b7036f88fddf8e2,1.573296,0.0,aseoslon
2026-07-07 06:49:52,day,mentions,92,0xd48949838475266548051daa03402ce93e1261b8,1.4444734399999994,0.0,0xd48949838475266548051dAA03402Ce93e1261B8-1775421269151
2026-07-07 06:49:52,day,mentions,93,0xcbdada973aa438c640538c54654ec068870ed2c0,1.4218999999999582,0.0,Frontline
2026-07-07 06:49:52,day,mentions,94,0xc8ca4205453705fcb0dd947a311258d6813c0097,1.4208997199999978,3.278687,socksgreen3
2026-07-07 06:49:52,day,mentions,95,0x4452adc52b1fde911623020e4662b9d328c57ae7,1.2946819999999999,1250.153,
2026-07-07 06:49:52,day,mentions,96,0x2cd11eba25f17c86d8cd78bc0b2b3171c56b2931,1.27908,0.0,0x957b08Eb87e21974d2C050C6b0f898A540061369-1772742057222
2026-07-07 06:49:52,day,mentions,97,0xfa2535f7703b25c2531fe623d37814b4ca4708cf,1.2655999999999992,0.0,0xfa2535F7703b25C2531FE623D37814b4CA4708CF-1775678484227
2026-07-07 06:49:52,day,mentions,98,0xa3b48b1e1e3c44c2c8181092206f65f29bce88df,1.2551329999999998,5.705127,piggyramen
2026-07-07 06:49:52,day,mentions,99,0x52a88e0228578f7e354b943552654ac5b20b7843,1.2199092839999999,0.0,0x52A88e0228578F7e354B943552654ac5b20b7843-1775414618685
2026-07-07 06:49:52,day,mentions,100,0xfbd2a02c1fb3ea1bc0ac1c1376ff82ed1a8361f1,1.1961267074220001,0.0,Oslnl
2026-07-07 06:49:52,day,weather,1,0x4f1164d1531b8fb77919df285c576628318553b0,2340.599840438637,3570.7346589999997,yourthos
2026-07-07 06:49:52,day,weather,2,0x96489abcb9f583d6835c8ef95ffc923d05a86825,1988.4315465060063,0.0,anoin123
2026-07-07 06:49:52,day,weather,3,0x7c63520c2ca9b336af0c205b9ccf68217bb393d4,1986.258770065284,11182.346652000004,opopv.
2026-07-07 06:49:52,day,weather,4,0x91f83dd2e149d23bf2193275d3ec4c8c07abd951,1210.8568355294342,9739.75191,asplla
2026-07-07 06:49:52,day,weather,5,0xdc4dec0ccc55e0aac991a04dafbb66bf2ca3a4c6,1198.266527296821,31215.062726,1489hf
2026-07-07 06:49:52,day,weather,6,0xaf17116ae2b1476032785a67bd5b7c8c05905c20,959.5860821797978,184.66000000000003,huskyvs
2026-07-07 06:49:52,day,weather,7,0x4f74fd3694138c4bc93104ba61bd580409d98774,816.3378568664341,2709.726549,
2026-07-07 06:49:52,day,weather,8,0xd66196189fee25e395d55dcc966cdfc27e0d2750,815.9469158383909,10651.470855,NPC2026
2026-07-07 06:49:52,day,weather,9,0x6a8d1709bfb718d8555d315a983c4816278350f9,794.8324165493104,7313.938737000001,OnlyLuckNoBrain
2026-07-07 06:49:52,day,weather,10,0xc60bb547dbdf59c8d1746bc8a754accc3809d9f7,755.6887962500032,0.0,limitless00
2026-07-07 06:49:52,day,weather,11,0x9d3fd9a25960ca82bf02c83f37f70d5b96d0fde2,706.586578853934,5275.974007999999,punkk0503
2026-07-07 06:49:52,day,weather,12,0x15463d7c82ad6df69260a9def5e19c8ff838778b,676.7647645092129,14929.301698,meichuanneiku
2026-07-07 06:49:52,day,weather,13,0xdadbf9e1df1b8d7a184a0d6ab9c83b2337b61870,603.776704484635,6113.550331,Sorruby
2026-07-07 06:49:52,day,weather,14,0xc34f6b088bb9172625ee1ea2ee8da9ac4f037d2e,592.9843856776861,14429.660007,StayFreshCheeseBags
2026-07-07 06:49:52,day,weather,15,0xc9ded4d5f6eec0a75907ebb924c164a4aea381d9,572.9526584856976,16932.613537,LMVM
2026-07-07 06:49:52,day,weather,16,0xa2e0d285e4ce58852f1159a9b6d2b68c0bf9fd91,494.4301398409989,0.0,flovertaco
2026-07-07 06:49:52,day,weather,17,0x0ef552b3aa6247eb9d72e606de24e4b3979de92f,449.905298895,0.0,jnmtm
2026-07-07 06:49:52,day,weather,18,0xe25cdab15bc7a740ce1258b31f46e26831767908,425.0274930758847,8150.041813999999,0x492452EaB586F242ss333dffvvvvvbeerr4
2026-07-07 06:49:52,day,weather,19,0xdef6f7b147246e2bab5422c7363cdebbfd54f69a,389.16134464200877,0.0,bigbonder
2026-07-07 06:49:52,day,weather,20,0xf787b8a3a4c6990f48614a0b9af8422e3e7a1b63,371.34269262701855,4109.602919,0bot
2026-07-07 06:49:52,day,weather,21,0xec86a2d3f69015b1a9382e4dfa8695e1b48760e4,364.92769406986554,9858.095789,0xeC86a2d3f69015b1A9382e4dfA8695E1B48760E4-1770735132210
2026-07-07 06:49:52,day,weather,22,0xeb68675c06e0bb9f08ba510550912d77289ce362,356.4551716796591,6040.203960000001,0xeB68675C06E0bB9F08ba510550912d77289Ce362-1778811892036
2026-07-07 06:49:52,day,weather,23,0x0484bf76425db5021ce2d369f78fc125906d4830,356.14850169594865,2337.2648259999996,sleeper-service
2026-07-07 06:49:52,day,weather,24,0xb40e89677d59665d5188541ad860450a6e2a7cc9,332.62969855661504,72081.64852699998,Poligarch
2026-07-07 06:49:52,day,weather,25,0x777f5b4b59a11b35132f88a31aa7bc7b6465d8b2,331.61500537972006,2844.42,OttoTheKing
2026-07-07 06:49:52,day,weather,26,0xec47215b619a6704bd6179c7c4fdaca21ef70c22,331.23469117149966,90.63,ksdfjoih09240
2026-07-07 06:49:52,day,weather,27,0x6ff2cb14da8be7eb57541d250a0196c5f295f140,327.9043135887696,2399.8335389999997,0x6FF2CB14da8BE7Eb57541D250A0196C5F295f140-1779007910425
2026-07-07 06:49:52,day,weather,28,0xc8849a93e05a2ae1b49bb07787a9e0059bb4e17e,299.9987288400007,0.0,Clicker1
2026-07-07 06:49:52,day,weather,29,0xdfc408242ff9505dc40a64f339dbcfd51a684089,292.8540689080987,40660.41,0xdFc408242fF9505dc40a64F339DbcFD51a684089-1778956771527
2026-07-07 06:49:52,day,weather,30,0x21c7b8bba82da5faf6e951e38fd3db13bc740643,292.6998846655001,34.78,NotTheFace
2026-07-07 06:49:52,day,weather,31,0xf56ccbb9d8158ae1dda67207d1f76acf2f81ad84,268.7329078479306,18252.368518000003,LXJXLJ
2026-07-07 06:49:52,day,weather,32,0x006cc834cc092684f1b56626e23bedb3835c16ea,250.07334833100322,0.0,0x006cc834Cc092684F1B56626E23BEdB3835c16ea-1729683673397
2026-07-07 06:49:52,day,weather,33,0x2dd8c8f71a741ade1808b7053803fdcecd34f169,243.87101602399997,1277.8574649999998,heibenxiong
2026-07-07 06:49:52,day,weather,34,0x116db6298abcdefe06f9f5458c293c7de185fbf1,243.3440176110089,8601.11,opopv
2026-07-07 06:49:52,day,weather,35,0x2c576d00e8e76c133e33dbb82b70eb5de78f372d,241.64742133334403,8199.609099000001,duoyou1314
2026-07-07 06:49:52,day,weather,36,0xc682d7943aad07c246986a7aa2989cfcb17817bb,232.78129955699842,0.0,zthunderfury
2026-07-07 06:49:52,day,weather,37,0x93dd5294fbf8c35190c4616ecc63d9cf88e34ed5,230.14022610860115,2963.9743,Descubra
2026-07-07 06:49:52,day,weather,38,0x07295e8e3f1dc42a6bdcb5e8c93c954bd3885f54,225.20254774012938,5420.581809,Daaafa
2026-07-07 06:49:52,day,weather,39,0x99bce72fb855cc8eebe6c85683ede46da1784f35,223.16547483378417,8562.089229000001,
2026-07-07 06:49:52,day,weather,40,0xc6587b11a2209e46dfe3928b31c5514a8e33b784,222.42264000000432,0.0,Erasmus.
2026-07-07 06:49:52,day,weather,41,0x8a25f9c7d093089c808f514b161a1e40be44ba81,219.55243240003438,4274.250698,Yubing
2026-07-07 06:49:52,day,weather,42,0x3b2ca1312bed6142f069090240b43d801aceecdc,216.11573438801747,1350.8653479999998,Fatbbbb
2026-07-07 06:49:52,day,weather,43,0xb1df81b0494174b9c67576b533548509d59428b7,215.43592702999922,0.0,ktv.03
2026-07-07 06:49:52,day,weather,44,0x6a03e8615eda1733a0c6c0815567f35dc44b84af,215.32755285999997,1490.09,0x6a03E8615eDA1733a0c6c0815567f35Dc44b84AF-1773179025543
2026-07-07 06:49:52,day,weather,45,0x01ced860d8dca5d7987579d2a2635df8520d27a2,208.25480340730974,2311.584633,CreamCream1215
2026-07-07 06:49:52,day,weather,46,0xeb86980e553ec8aad01b98f0d0d68028608cfb51,203.44137407623134,3198.1303359999997,weatherrich
2026-07-07 06:49:52,day,weather,47,0x38e2f5d6d1693a365e22b7ca0c715f8d92da2909,203.43060189304924,1780.5124650000002,0x38E2f5d6d1693a365E22b7ca0c715f8d92Da2909-1774307530180
2026-07-07 06:49:52,day,weather,48,0x43cb4ae1f4ddc9e671486c79c9f40a6fd98b84df,200.67071974498322,17940.752785,0x43cb4Ae1f4dDC9E671486C79c9F40A6fd98B84Df-1761656284271
2026-07-07 06:49:52,day,weather,49,0x5eec1b59273669498cd2cbdda7947a46087ef4e2,200.0000978549989,10000.0,selador
2026-07-07 06:49:52,day,weather,50,0xabb7a85ed4f03c251583499b0ec7358329acdf91,198.1837110200031,1726.7807829999997,M1rey
2026-07-07 06:49:52,day,weather,51,0x1e1f17412069c0736adfaadf8ee7f46e5612c855,195.95789309399697,0.0,Brokie
2026-07-07 06:49:52,day,weather,52,0x2b8c0ed1252d1cf1ee4c47c8d3cf94d87aeb4406,195.62639971578653,160.17605700000001,opentrading
2026-07-07 06:49:52,day,weather,53,0xfb22fd4db24da7899af2a975afc28f96dd098186,182.81639839499985,233.97,kakdelapokaneradila
2026-07-07 06:49:52,day,weather,54,0x177500541ae20bb0d46ab0db3fd2559e2a7e85b0,180.55582114404024,1272.232165,bby123
2026-07-07 06:49:52,day,weather,55,0xd9264ccb6d83aafe5d38e36d3c57f1df401ee9ce,180.28019528349995,100.0,AF02.
2026-07-07 06:49:52,day,weather,56,0x919698b19427cbe6945b0dc823f2d9e126a4d934,176.2302929710986,3881.9152330000006,wuxiuming
2026-07-07 06:49:52,day,weather,57,0xc89f852e0af8bd2db76c2719f14e160776a614a9,175.06986713999999,104.46000000000001,wowETH
2026-07-07 06:49:52,day,weather,58,0x14db6124fd8d0a79c631e5c1f1c0e561037b7caf,173.2843999375002,0.0,0x14dB6124Fd8D0a79C631e5c1f1C0e561037b7CAF-1782606219540
2026-07-07 06:49:52,day,weather,59,0x9cefe51ca5380e8d66d25f9463900581a4ff8fa3,171.68047264753523,2357.5512759999997,shayu002
2026-07-07 06:49:52,day,weather,60,0x0130afd6f3efddf1c3e16e01217b172dd9befb49,169.562391942653,3009.8409819999997,123987456
2026-07-07 06:49:52,day,weather,61,0x5a218c7ad04135830a45c41aaed7294df7809318,167.2583900264799,14395.490687999996,balthazar
2026-07-07 06:49:52,day,weather,62,0x3fe8878f022c20615bde51d17bfbc4c40ea71fd3,166.8538002145001,396.467125,yyyykk
2026-07-07 06:49:52,day,weather,63,0x81653f25be375d2a7d13f6db0a6662508ea4561c,166.784570153564,34.105408,
2026-07-07 06:49:52,day,weather,64,0x550030c4674eb11847bcbc89c49d09739e68b4f6,164.95092992242326,6392.885623,suryakcs
2026-07-07 06:49:52,day,weather,65,0xdd7ace093254d347055cdfc95a94f0550b4b7bfb,164.20723242299255,4457.670993000001,jumabe
2026-07-07 06:49:52,day,weather,66,0xc5187cb669690150643ba2f9aac6b7d98d212594,156.71802042989748,2209.3004739999997,mustbethewater
2026-07-07 06:49:52,day,weather,67,0xa8e33b92fbabed7a80df0bf837ebcccc51b207bc,154.06859332073202,292.54448799999994,autopsss
2026-07-07 06:49:52,day,weather,68,0x990756bb079759888e16ae16cb6accad25c58a50,150.92144407000012,799.76,how851116
2026-07-07 06:49:52,day,weather,69,0x3653235d75a0d5969c42f7514d4df8ea5f8cef74,148.8133738529408,5683.560772000001,0x3653235d75A0d5969C42f7514d4Df8eA5F8CEF74-1778811817579
2026-07-07 06:49:52,day,weather,70,0x2ef2f13f30e523197e9e66afa2f2620f02fbfaa5,148.5054084913172,4060.350409,usmaga
2026-07-07 06:49:52,day,weather,71,0x3024712d12a75c911f8abf2a88ad44e3a4778ece,146.09094499674097,1391.218628,pmggd
2026-07-07 06:49:52,day,weather,72,0x9f208e85f326f865077fffa68b32d8b0e2bc12c3,142.80282815185637,35830.84399100001,mildwindow27
2026-07-07 06:49:52,day,weather,73,0x4989bfed5900ba096b08ba1f9b718464527c983e,140.58421709413187,4535.103817,weather.macau
2026-07-07 06:49:52,day,weather,74,0x285109735e915f14038a2f41322814e0d6b46b8c,138.87143259250115,2865.21,flipsss
2026-07-07 06:49:52,day,weather,75,0x1f85eb9c455c5bdef5d96c2739076678c7157b02,138.60329392376616,5376.71509,0x1F85EB9C455c5BDEF5D96C2739076678c7157B02-1778811447702
2026-07-07 06:49:52,day,weather,76,0xa493ef05d1e4722c0689547cef88f6e2ff821b55,138.53870778817918,644.2470490000001,ChooseAUsername3
2026-07-07 06:49:52,day,weather,77,0x94700fded82ba336a5c98fcfd006814a1368989d,134.8786875378671,3147.350347,fuccckSZ
2026-07-07 06:49:52,day,weather,78,0x6bab41a0dc40d6dd4c1a915b8c01969479fd1292,133.3317885150027,0.0,Dropper
2026-07-07 06:49:52,day,weather,79,0x16c7337106a0b3a06ff863a1c06d8e2cbf7322cd,132.1272538375065,6188.377524000002,0x16c7337106A0B3a06fF863A1c06D8e2cbf7322cd-1778811943243
2026-07-07 06:49:52,day,weather,80,0x1de92e091804c709f5e06bf1d132f946e673831d,130.66835319300162,0.0,gorovi
2026-07-07 06:49:52,day,weather,81,0xafde461fce5aa0fabdb7711c59db93b65e343e1d,130.66209340802743,3297.13,opopv2
2026-07-07 06:49:52,day,weather,82,0x1fc46eb3939bb1f77698d326609586e4daa17ae7,129.64018512999974,1611.4199999999998,0x1fC46eb3939bB1f77698D326609586E4DAA17AE7-1771437801102
2026-07-07 06:49:52,day,weather,83,0x43d19dced6d1b5eed62b9a97b629f6cb463ea942,129.59625978000014,1402.02,0x43D19DcEd6d1b5EED62B9A97b629F6CB463Ea942-1781265230901
2026-07-07 06:49:52,day,weather,84,0x6fb10c9908b68c82f5889f641fdc05ca59ee9319,128.17691296869998,589.35,Frog-Prince
2026-07-07 06:49:52,day,weather,85,0x7c7dada5175d45bf59e333d7a2d8419869f04dea,127.47026855971171,2945.449676,hkg1sam
2026-07-07 06:49:52,day,weather,86,0x7df00357d97916a5c7888b212a94535097790dfe,125.14472043261958,1019.5292460000001,neverhackme
2026-07-07 06:49:52,day,weather,87,0xf8dc8cd0fd55eccb5409ed99ed90a86bc7f0f31f,125.12344846249107,7385.887338,dingdingdangdang
2026-07-07 06:49:52,day,weather,88,0x9d8ac9598dce49bdcf1856a453a07f76fc0894cb,123.28837517332704,7036.469266,3pm
2026-07-07 06:49:52,day,weather,89,0x9dc5fa3f999f3f72863bc31626761fea8e03d6b7,122.99877624249994,421.0,maplesugars
2026-07-07 06:49:52,day,weather,90,0xdf17f4a8dd01a4cfa6fc3da323a2baee5f8697d1,122.3821594330002,0.0,bahibahibahi
2026-07-07 06:49:52,day,weather,91,0x88275bb9e312126d1ddb727782dc35d03a155d62,120.99881590061068,600.9795640000001,0x88275Bb9e312126d1DDb727782Dc35d03a155d62-1769110120988
2026-07-07 06:49:52,day,weather,92,0xcd154f053a291f46e550d5fbcd4cfa7ddbc4b352,120.64344048054136,16562.807711000005,antoniosporano
2026-07-07 06:49:52,day,weather,93,0x521fe6439c49e5dcab169dbc23cb4efa271880cd,118.82076331016395,1772.102128,0x521fe6439c49E5dcab169DBc23Cb4EFa271880cD-1775396758516
2026-07-07 06:49:52,day,weather,94,0x9e975eab339470a629df969bdbc789d6e33f7773,118.60712966945997,728.911654,
2026-07-07 06:49:52,day,weather,95,0x4f6a401443115b5ec2698966b48fc615f2d9f60c,118.24475837096293,262.490613,Runon
2026-07-07 06:49:52,day,weather,96,0x16ce1f954bfae560af862712fad9dd261f4ceba1,116.57942449045862,705.79165,36oldtiger
2026-07-07 06:49:52,day,weather,97,0xaa930fdc4caa3c0f6067404a7bd7899ca45f0bc7,116.3624560515018,638.39,Lex-tang
2026-07-07 06:49:52,day,weather,98,0x215b5242351e2a154111f8658a3d6bdef0548ec5,115.410650683218,688.3472380000001,huntertwo
2026-07-07 06:49:52,day,weather,99,0xe13b9103e90527084fdd726c089e6465b5126747,114.35143438399999,244.20799999999997,wildwake
2026-07-07 06:49:52,day,weather,100,0x5470a1aa0def7459aad672bdedb2211784a30af7,113.79252364555259,0.0,
2026-07-07 06:49:52,day,economics,1,0x134a63b764ac7b008356e8db1857db94e6b09e42,7449.207300220034,0.0,Bertapotamous
2026-07-07 06:49:52,day,economics,2,0x0c0e270cf879583d6a0142fc817e05b768d0434e,5734.036053849966,0.0,The Spirit of Ukraine>UMA
2026-07-07 06:49:52,day,economics,3,0xce1d15f4ab2e11cca6fefe4fe7d70889e6531b9b,3022.0110281951165,4791.55,armads
2026-07-07 06:49:52,day,economics,4,0x5235578efe24555b0c98e7dc10a902b09089c04a,2305.7498194999935,950.0,back-in-whack
2026-07-07 06:49:52,day,economics,5,0xe472ce6be1fb4673d6155de37e414ead8bace7eb,1990.0138204999948,0.0,TheRealWarMonger
2026-07-07 06:49:52,day,economics,6,0x3a8aa345d5db7ec5138298c8c4f4540259be7699,1972.0472814614477,0.0,TheReturnOfDarthMaul
2026-07-07 06:49:52,day,economics,7,0x859b4303ce5ae7d6fd43bc118d807a01b37f31b8,1816.5656044337375,14628.535394,ColdSoap2
2026-07-07 06:49:52,day,economics,8,0xc8ab97a9089a9ff7e6ef0688e6e591a066946418,1623.1681003946578,125720.241524,ArmageddonRewardsBilly
2026-07-07 06:49:52,day,economics,9,0x801dbe416065cfa8ecffeae526eeb37f393fd8e0,1519.99947694,0.0,Niseko
2026-07-07 06:49:52,day,economics,10,0x9c2617462567859fcf5764e03b9a687ebca274bc,1350.0001350599996,0.0,Tigerofthehood
2026-07-07 06:49:52,day,economics,11,0x246b6f2cf1eb3c74ab82b5d7288ef49baeed1196,1137.5633497399976,0.0,citra
2026-07-07 06:49:52,day,economics,12,0xe961babbccae0be01c2f6b5f28f8d002e332ef1b,1000.2152155600015,0.0,Kryptogram
2026-07-07 06:49:52,day,economics,13,0x1a3fb05e94caef23e28905767cd603eb574a6dea,939.9319309800048,0.0,alextalley
2026-07-07 06:49:52,day,economics,14,0x5739ddf8672627ce076eff5f444610a250075f1a,876.1210522800029,0.0,hopedieslast
2026-07-07 06:49:52,day,economics,15,0xd3ecb2aee0d65622da559ff356b00e8c2e626603,857.859199999999,0.0,sabsabinxz
2026-07-07 06:49:52,day,economics,16,0xe7387473b067235436884d16799777cf279edf65,857.3653488899581,0.0,Huludubu
2026-07-07 06:49:52,day,economics,17,0x56e777a0ac58b25be414f8f29866e99ad5737c0b,811.7908405400012,0.0,Mataty1
2026-07-07 06:49:52,day,economics,18,0x0cbaab2d3f6cc5998e78cc1969c6ee1f4d1392d3,800.8075897999997,0.0,Anomymous
2026-07-07 06:49:52,day,economics,19,0xecb14ac6e9ca447ce2f2912e6217b43d7b655da3,799.9999131399964,0.0,SaylorMoon
2026-07-07 06:49:52,day,economics,20,0x7b02b2bac2a30ed5e40b7094e734f4c3dc2a4991,671.3664263999963,0.0,foodenjoyer
2026-07-07 06:49:52,day,economics,21,0x626ecb3e147226e19aa6a14d99e6dfa02848fa46,632.8990356799986,0.0,NotTheSharpestTool
2026-07-07 06:49:52,day,economics,22,0xcaab19659b995951a44cc992447cb2ad5be324dd,612.2988590660025,0.0,QMG-CORE
2026-07-07 06:49:52,day,economics,23,0xa83e100324690ff83be3699a8e6cfd2ab3c5ee22,554.9996894699998,0.0,mofumofu
2026-07-07 06:49:52,day,economics,24,0x08458f7e9d2858027de579e4c3ca305475496b6f,549.1244553870129,0.0,GollumGekko
2026-07-07 06:49:52,day,economics,25,0xbbea56528e414e3a494c5bc23d93770cc91ae2b0,541.2260527800026,0.0,WindTakeMeNorth
2026-07-07 06:49:52,day,economics,26,0xbfde5c88517a0b806f27f046b90f19d5fd778267,522.2978295220007,0.0,Supersus555
2026-07-07 06:49:52,day,economics,27,0x709e3ea86a900aa3fb7a998d06e20d6ce68d027d,504.0001334520002,0.0,gin-huang
2026-07-07 06:49:52,day,economics,28,0x6519259c2b215ee3c958e57276ac9d679d3e611b,502.60660734000066,0.0,0x6519259C2B215EE3c958e57276Ac9D679D3E611B-1774564779376
2026-07-07 06:49:52,day,economics,29,0x8597ca63e722d6216bfc3057591fdc67ec49daee,501.42129995000096,0.0,Mr-Krabs
2026-07-07 06:49:52,day,economics,30,0xb8b44e3cc9e0962982e3c8bf444b6a7411f51f6e,483.70847113000127,0.0,MonacoLover
2026-07-07 06:49:52,day,economics,31,0x71abe97b83eaba3f06cb04fd4d9a03ee37d2f015,476.8412658199959,0.0,groth
2026-07-07 06:49:52,day,economics,32,0xbe68a17f676d6cdf36e391a08d6d7b3d721818ea,462.47095235000006,0.0,Medvedevv
2026-07-07 06:49:52,day,economics,33,0x7ee3651acc35c6fb7d15cf8aa1553458c8e7cbb1,448.2343750000018,13955.0,Tender-Series
2026-07-07 06:49:52,day,economics,34,0xaf458bee32b8f1d9ba39ee876f20c7e3ce62ec7d,440.63593940746796,0.0,fed26
2026-07-07 06:49:52,day,economics,35,0x248a27f29b96633b6f5f53c7e526791cf6674b4a,440.14586883000095,0.0,dedpepe
2026-07-07 06:49:52,day,economics,36,0x85a85805bcbdf2e629788adac1420b6b53949281,438.3631713400025,0.0,LJa7io23MCv954j
2026-07-07 06:49:52,day,economics,37,0x4194a1cd722f3c31c9935dd4595e03a67ef79809,432.2413272630002,0.0,Knicksin3
2026-07-07 06:49:52,day,economics,38,0xc6dd722558dbfbd8fa780efcbe819ed8c6604b9f,414.05383714260824,10000.0,tourists
2026-07-07 06:49:52,day,economics,39,0x2b9dd0a3ae93bf0d08ef733650bb9002160574f5,405.7173574030021,752.0,grinder456
2026-07-07 06:49:52,day,economics,40,0x8c66e28fbe7ede7f57ba6cbc70408dff442944f3,388.7380099599977,0.0,0x8c66E28FbE7Ede7F57bA6CBc70408DfF442944F3-1777220320442
2026-07-07 06:49:52,day,economics,41,0xb7b8e9681f5c863dfbd3ac7ec66bac69fa0edb31,387.2998713900006,0.0,charlatta
2026-07-07 06:49:52,day,economics,42,0x4e4203102fd7bde55ce1bcf9f1ef222e251949ed,376.6866831799998,0.0,shingoWAKAYAMA
2026-07-07 06:49:52,day,economics,43,0x9952d39fcc7a5baf664da51dd1b9c95f23ca9cba,370.00000937000004,2000.0,helpisontheway
2026-07-07 06:49:52,day,economics,44,0xe8c5827d987d9bf9e04102a2b84c7de426817a13,369.24605542000063,0.0,John-Silver
2026-07-07 06:49:52,day,economics,45,0x35ae86546d11ec53907e66c34287af1a89adeed2,360.04426072000024,0.0,9527886
2026-07-07 06:49:52,day,economics,46,0x9d736920e486176e7df7a76fa218f1ebd853216b,354.20091466325994,4000.0,AlAhmeda
2026-07-07 06:49:52,day,economics,47,0xbdef97b87ffa0bc676bc65b9d03fa1145790fa87,353.6563268339978,0.0,Jane85
2026-07-07 06:49:52,day,economics,48,0x6fc9e169785ba967602e7ea75ae0c7a666bc6126,333.4651777399995,0.0,DonnyTurtle
2026-07-07 06:49:52,day,economics,49,0x2c41d0ca2b4b2344912eead711f28cd4dcff133e,325.6630431200174,0.0,lineth
2026-07-07 06:49:52,day,economics,50,0x879752bca887bc247ba883a52bc45e9c6be6bbbe,305.978335480002,0.0,singularityman
2026-07-07 06:49:52,day,economics,51,0x6f1e944ad80c98d7035c9418ad6a49e7ef6fccb0,294.2666666640007,0.0,Tuiknbhauy78
2026-07-07 06:49:52,day,economics,52,0x80f1f634ae8f8c9b197279bfa66d5db296f73ccd,288.2802624300002,0.0,Specksalam
2026-07-07 06:49:52,day,economics,53,0x1cfbcb23b89a6d1d9009c9b43e7e376aaddf8e51,283.7027026800006,0.0,SDFKSJDF
2026-07-07 06:49:52,day,economics,54,0xfca73c8e6965e8d05a063edeae032605e05c5d82,274.83326704000046,0.0,degenerace
2026-07-07 06:49:52,day,economics,55,0x54a78f8c6e64572111c5683a9efeed25a04c881b,272.7579359175022,0.0,Laurenman
2026-07-07 06:49:52,day,economics,56,0xd34bf815245d5bcea098cb0ea17df360b5c50004,268.20706634000453,0.0,Jest55
2026-07-07 06:49:52,day,economics,57,0x49e94011df9060dcc367995892faeb193e348f85,263.15789470000163,0.0,MoonLambo1205
2026-07-07 06:49:52,day,economics,58,0xf1b29b5ad60ca3243e383d83dc4c8eeec40fa321,261.0000000000002,0.0,PolJim
2026-07-07 06:49:52,day,economics,59,0xaf2383b66194112d57ac196b00ab25f78c17aa95,260.86963304000164,0.0,apple-pi
2026-07-07 06:49:52,day,economics,60,0x0dccfae62418c61d2f9a642e88df39702d8bd87c,257.6259,0.0,0x0DccfaE62418c61D2F9A642e88Df39702D8Bd87c-1764932904403
2026-07-07 06:49:52,day,economics,61,0xa14750436b2e01aa76cebf831018857340a53fcc,249.70914542000082,0.0,polymarketbetter
2026-07-07 06:49:52,day,economics,62,0x328dc4b82869856f3e1a1eae904e67957641f7a9,239.7501331200001,0.0,apmt
2026-07-07 06:49:52,day,economics,63,0xae50f52fcb843a9b515fb61c52c08028627c0bed,237.34501974000068,0.0,
2026-07-07 06:49:52,day,economics,64,0x3c4c03892f47d3166ee049a48a73d4743a17dd95,232.95869999999923,0.0,RobertoRubio
2026-07-07 06:49:52,day,economics,65,0xcf070b9ed273abd6185a4253713ce8e64c0ec770,218.42312383674982,744.596,MaxEnt
2026-07-07 06:49:52,day,economics,66,0xbf4d202382ba5702721a8c43126f5f08163733ed,218.4166390600003,0.0,0xbF4d202382
2026-07-07 06:49:52,day,economics,67,0xb69b45222b1f77473d20c546dd0a96bf62a0aa30,215.95619033000003,0.0,0xB69B45222B1f77473D20c546dD0a96bf62a0aA30-1760836448088
2026-07-07 06:49:52,day,economics,68,0xa289b3324a891d5cab24c92adde4aba24989d95c,214.99966460000087,0.0,k00pa
2026-07-07 06:49:52,day,economics,69,0xd426adbc3c4461c86099c26221c877f20e42334a,211.82970453999587,0.0,881112
2026-07-07 06:49:52,day,economics,70,0xc6d0ff59ef83e7d6210c47d20408eb27b7844bad,211.26233026999762,0.0,strategy1.2
2026-07-07 06:49:52,day,economics,71,0x0b569c879f7d5dd7104c4ad0a1434bad4e953f6b,209.99979990000065,0.0,most8
2026-07-07 06:49:52,day,economics,72,0x9d660f81067ec29401574e3bc4f774fffa939670,202.8003904500008,0.0,xiangzunjiaobao
2026-07-07 06:49:52,day,economics,73,0xbf961d0c79db0bf55050cadc0995835f09c09942,202.01315994000106,0.0,browne
2026-07-07 06:49:52,day,economics,74,0x413f29bc7f5ce2a2d8d28fb3a8b5d75199d247f3,200.0,0.0,luckyfly
2026-07-07 06:49:52,day,economics,75,0xdf705353876ceb2549f0c03ffcb4cba33d785e92,199.9999332999996,0.0,AngryRhino
2026-07-07 06:49:52,day,economics,76,0xd52b8dcb4b812c4056faf41164a6f6c73f4c5c72,192.61590242500642,0.0,TBill1
2026-07-07 06:49:52,day,economics,77,0x5ddde3b22f24ae9bf2de418882437f84d1990014,189.23753159232024,200.0,0x5dDde3B22F24AE9bf2de418882437F84D1990014-1765425723126
2026-07-07 06:49:52,day,economics,78,0x2616d30081a1a1718b4568e92459370637798d3c,188.71639416000062,0.0,x0000
2026-07-07 06:49:52,day,economics,79,0x2e0b70d482e6b389e81dea528be57d825dd48070,188.0,0.0,Trump2028
2026-07-07 06:49:52,day,economics,80,0xcc033f89eb48f85ed62b727f0745bb651578d5c0,184.68479904250034,0.0,zhaoyk
2026-07-07 06:49:52,day,economics,81,0x3e0a8847c74b98a0d865e24ae399604ddf67b9cc,175.51942211000005,0.0,Melqui
2026-07-07 06:49:52,day,economics,82,0x993c072519306017fe9a6b3ee6fa4a02b3056787,173.42122943483582,9647.818021,Jep-G
2026-07-07 06:49:52,day,economics,83,0xec981ed70ae69c5cbcac08c1ba063e734f6bafcd,172.6975879799993,0.0,0xheavy888
2026-07-07 06:49:52,day,economics,84,0xb121f5786e0d26b411a0f8d900103d9b517db73c,172.49991405000037,0.0,0xB121F5786E0d26B411A0F8D900103D9B517Db73C-1776794927996
2026-07-07 06:49:52,day,economics,85,0xba62c8a60f8154be11a8e9bd1bce5617992458e9,170.3982724599996,0.0,DrNee
2026-07-07 06:49:52,day,economics,86,0x8e77537e059837d3c2ca5b4efe75e74e9498c4f3,166.9380832054958,0.0,dwpoker
2026-07-07 06:49:52,day,economics,87,0xed49defb36f77e74912c0ff38d2667317bad8783,164.71329960000094,0.0,EducatedGuess69420
2026-07-07 06:49:52,day,economics,88,0x15433540ca3794108e602bfd353189519af8baaf,163.68248885999947,0.0,DualDelta
2026-07-07 06:49:52,day,economics,89,0xa10b8c4f154fbbf1fda28563edf458914f798ec6,154.72098745999938,0.0,TheCornflakemerchant
2026-07-07 06:49:52,day,economics,90,0x3cafe19c407342bc7cea21424e861c37038c6d8a,151.09771468300005,0.0,FortunatelyFestive
2026-07-07 06:49:52,day,economics,91,0x4e4e965a833ceff9d0e447753346f347e69c8bd9,149.9995853700002,0.0,AyatollahDollar
2026-07-07 06:49:52,day,economics,92,0xa34429d549f23fe45a9ca5442b79b365cd2f8141,149.9979885600003,0.0,Roeman
2026-07-07 06:49:52,day,economics,93,0x4cd4c3690adc86de3b881ffbfb93a8c306335b25,149.97953317999963,0.0,Vvv
2026-07-07 06:49:52,day,economics,94,0xe87f2c8db31af60d9b8fb28bc390fd891cb67d85,146.6666666400015,0.0,0xE87F2c8DB31af60D9B8FB28bC390fD891cB67d85-1767548376380
2026-07-07 06:49:52,day,economics,95,0x5a1c1697c0d1756616faa712416e9d459e0f49c1,145.05584235999777,0.0,forgotmypasswordagain
2026-07-07 06:49:52,day,economics,96,0x492d4e7e97b93865b3dbf0f5d36b0cf8b8779487,141.0,0.0,CaboDeLaVela
2026-07-07 06:49:52,day,economics,97,0x42abb0c4c00b3ca9c0e5dea7f5c4459d23673e26,139.15159999999742,0.0,brainlag9000
2026-07-07 06:49:52,day,economics,98,0xc550e5ee1011afb6d37c7fbb18fea32e03f9272d,136.1826029999993,1000.0,alwaysOn
2026-07-07 06:49:52,day,economics,99,0xbdea1d79a2b530a5f23e5d7c2eb906a52ee720b1,136.0891164200002,0.0,05729834
2026-07-07 06:49:52,day,economics,100,0xdbf16bcffa41bd95faec2640daa2c95ab2bd86b5,134.07605098185923,126827.605508,UnderperformingForALiving
2026-07-07 06:49:52,day,tech,1,0x7131cb618fb195c70e8e629c45199096833c29cc,761.2405250000011,10541.17,0x7131cB618fb195C70E8e629C45199096833C29
2026-07-07 06:49:52,day,tech,2,0x2b670a311561dcaf741d8155451774d3fa7fb814,628.4371423647608,5655.034804,0x2b670A311561DcAF741D8155451774D3Fa7fb814-1778467735876
2026-07-07 06:49:52,day,tech,3,0x224089fcaa150575c35325d3bc6b40b3fe244409,561.6814335035033,0.0,kilerz
2026-07-07 06:49:52,day,tech,4,0x5a218c7ad04135830a45c41aaed7294df7809318,489.27621916168573,9564.186349,balthazar
2026-07-07 06:49:52,day,tech,5,0x3eae57986be5e0ca435102ffe1f14206ffa2e2ed,359.1162737132415,2966.6,thoodr
2026-07-07 06:49:52,day,tech,6,0x9521976da950b0134cd51ac07d3166b26c289e2b,345.5239722843248,149.087618,MooonWhisper
2026-07-07 06:49:52,day,tech,7,0x808db301f0b237020d1d877a743d6bf5f1cdebfd,340.3380738820008,0.0,Dios777
2026-07-07 06:49:52,day,tech,8,0x03805a13a0b3e058f55f6c6af95389d4f431073d,310.11932730077024,3848.286659000001,donthackme
2026-07-07 06:49:52,day,tech,9,0x1bfd792c102c75d3c41c954d058355a796ee40d0,290.53603091000014,0.0,4e2fbc2acf
2026-07-07 06:49:52,day,tech,10,0x43cb4ae1f4ddc9e671486c79c9f40a6fd98b84df,285.7575107500413,3057.8,0x43cb4Ae1f4dDC9E671486C79c9F40A6fd98B84Df-1761656284271
2026-07-07 06:49:52,day,tech,11,0xe53312c6c15af508e0c31e2cfadbefddd399ab29,222.42125204283002,4464.158455,WharfMan
2026-07-07 06:49:52,day,tech,12,0x7fd3fe6580b5b944e32701fdbba0c0ef4991e662,212.90619910000007,0.0,7153649820
2026-07-07 06:49:52,day,tech,13,0xacdfeeebdf8041fcccace40b8f991c0322f5251c,194.68389908149948,0.0,obeymesubjects
2026-07-07 06:49:52,day,tech,14,0xad96914d7762dac84ebbabafe366ae8ff24dd498,148.35172871337636,2262.3636330000004,0xAD96914D7762DAC84EbBABAfE366AE8ff24Dd49
2026-07-07 06:49:52,day,tech,15,0xbeb9d19f10274da29f21625a2c91fa5a00fd3870,143.9912000000004,0.0,AnonymousElephant69
2026-07-07 06:49:52,day,tech,16,0xc7d02944a76b9f83b199e9090ecc92c82d241f8a,140.99794828952622,2751.7471960000003,0xc7D02944A76B9F83B199e9090ECC92C82d241F8a-1776944395495
2026-07-07 06:49:52,day,tech,17,0x090af6fd2aeb04202abc97370aa86c1b81d90fa6,130.5160066649505,1535.0400000000002,VictorLudorum
2026-07-07 06:49:52,day,tech,18,0xc682d7943aad07c246986a7aa2989cfcb17817bb,127.72423694499957,0.0,zthunderfury
2026-07-07 06:49:52,day,tech,19,0xbcf96b9cf8335f23d6c0904dea605dd144179b13,120.57926664850015,2000.0,0xbCF96B9Cf8335F23D6c0904deA605dd144179b13-1761601516412
2026-07-07 06:49:52,day,tech,20,0x0bfb8009df6c46c1fdd79b65896cf224dc4526a7,118.79324886094037,782.526716,melganis
2026-07-07 06:49:52,day,tech,21,0xe639e41094bbeae18f3e6d1790c17299183f082a,115.56988431000082,0.0,0xe639e41094bbeae18g3e6d1790c17299183f082a
2026-07-07 06:49:52,day,tech,22,0x993f451b6d5c21996b1bf688493cea9c4c823ee3,114.9565642464986,10034.53222,hitjnn214
2026-07-07 06:49:52,day,tech,23,0xb687f00464e33934f5d591f224e71c3559ecaee5,114.57397764800044,1324.1999999999998,alwayslatetotheparty
2026-07-07 06:49:52,day,tech,24,0x9f208e85f326f865077fffa68b32d8b0e2bc12c3,114.48652096263277,1531.501593,mildwindow27
2026-07-07 06:49:52,day,tech,25,0x0556c5efe77f08f33e135ae9f1d71dd3597210f8,107.02948509700003,0.0,0x6747A6b3C3a26ecf5ba43ebB20441B856B829C35-1759601695968
2026-07-07 06:49:52,day,tech,26,0x4a2be7a7e6e3b41dc2de00706b4c09660ca9af20,106.74806255500062,0.0,troim
2026-07-07 06:49:52,day,tech,27,0x6630c34aa5836d4610fb6303d0ee9d966cd42f4e,102.30228812545602,2683.36,garlictrump
2026-07-07 06:49:52,day,tech,28,0x845e74d8be1b215f13f239bb3636b706d956d22b,100.99164972000042,5241.01525,PhysGuy
2026-07-07 06:49:52,day,tech,29,0x027a8fa82f61c70383c8b80388af568ef88d7de7,94.99839260000022,1820.483332,mayoshi
2026-07-07 06:49:52,day,tech,30,0x6e664f19ad287733e7eafe01e0e541826d45f4ea,91.09828249100036,0.0,lings.naidoo
2026-07-07 06:49:52,day,tech,31,0xb89f5425341719d298dc2f5b9a92374f5fde1c44,86.81064575798155,0.0,iutwpfal
2026-07-07 06:49:52,day,tech,32,0x844ef6cdd0a4d691b7a81429ee550f025aa64f41,80.16709626000011,0.0,flyfat88
2026-07-07 06:49:52,day,tech,33,0x9604b357e8307b0ccc8eb5812725d2b112c6fc1d,79.91960000000108,0.0,Batundi
2026-07-07 06:49:52,day,tech,34,0x1a3d83418c5fa02a0478e4f769649fda5e12fea1,79.77419479000008,0.0,betmandown
2026-07-07 06:49:52,day,tech,35,0xc8ab97a9089a9ff7e6ef0688e6e591a066946418,79.12738918162358,6131.533364999999,ArmageddonRewardsBilly
2026-07-07 06:49:52,day,tech,36,0x52071e89ed7f68478a428fd65aed5dc572be686b,68.33650499999953,260.0,StraddleSeller
2026-07-07 06:49:52,day,tech,37,0xc62d2e08687954cadb91a5901dfcdde4b14674fc,66.66527474699978,0.0,wannatakemoney
2026-07-07 06:49:52,day,tech,38,0xf44dcf50490507a44a6244dc07f50686e71060af,65.0614151879995,0.0,Certify0148
2026-07-07 06:49:52,day,tech,39,0x7e5246abed17a5cff43a17b55b30f982f45200f5,64.87803875,0.0,0x7E5246ABED17A5cFF43A17B55B30F982f45200f5-1771073039758
2026-07-07 06:49:52,day,tech,40,0x5999ebfa145490e0280dd246856a5b3605f7ae94,63.447675164999964,0.0,kl1v
2026-07-07 06:49:52,day,tech,41,0x279c5de35108afc30b99f09e595555b428e92b82,63.263010546186365,3415.3235019999997,0x279C5de35108AFC30b99f09e595555B428E92b82-1777882786715
2026-07-07 06:49:52,day,tech,42,0x141d096009b2a97238059cf7a826e466af6bfe86,59.19,0.0,liveMeta
2026-07-07 06:49:52,day,tech,43,0x0a3c73f8e790f2b1ab695a1bff17697ecf5c0511,57.99874200000002,0.0,
2026-07-07 06:49:52,day,tech,44,0x3594526e2a0aaf467038ee1799d6ded344aedc58,57.00459716500063,0.0,Linslav
2026-07-07 06:49:52,day,tech,45,0x241ff966f22080fbee3928e194763e575847e15a,56.95674490499971,0.0,0x241F...e15a
2026-07-07 06:49:52,day,tech,46,0x6908c91814ca4eb040b3db729a6b109e8a55725d,56.856380460000025,0.0,0xb91279d4828523027Be221e2E364f7DE5Fe559F5-1758271988621
2026-07-07 06:49:52,day,tech,47,0x24fbc286881b0c0e76bc7558c47c3fa5f71d973e,56.78538738599946,1237.99,wqujvj
2026-07-07 06:49:52,day,tech,48,0x07f4fddad629ca6f185db8a15da830ca66966fc1,56.405615000000125,281.47,Towelleafwater
2026-07-07 06:49:52,day,tech,49,0xe95e726d0ca927874f3998d815bfec51d19261f2,55.392520000000104,0.0,mewmew1
2026-07-07 06:49:52,day,tech,50,0xcd91a549956854fdc38efad7e80ff5da8f5432b8,54.426962949000426,0.0,Novus0rdoSeclorum
2026-07-07 06:49:52,day,tech,51,0x36901eb0f21519cc9055662a6d2483e96da1e16f,49.42974734000518,0.0,melchior1248
2026-07-07 06:49:52,day,tech,52,0x58c028e7c41ba7ef2bde2142cd371cf491661c8e,48.77385351900011,0.0,residual
2026-07-07 06:49:52,day,tech,53,0xce75be71218d71c20ae264fec85181106129588a,45.362289287500005,400.0,wqw23421
2026-07-07 06:49:52,day,tech,54,0x32e2f5340297f4fe844a8cbb65436bde573b6dbd,44.89019590800001,0.0,lucazx
2026-07-07 06:49:52,day,tech,55,0x5637b1fff39c1649f58b11d94180108ee8de7599,43.90631014199994,0.0,0x5637B1FFF39c1649F58b11D94180108EE8de7599-1749394783454
2026-07-07 06:49:52,day,tech,56,0xa9dad4e5d6a572fbfbada0f3b6f6c5c0b6bfaa1c,43.05071556176313,408.07,iwillfknmakeitt
2026-07-07 06:49:52,day,tech,57,0x652bff901f401f22b2da47ad1c5c4b5870b3f5c2,42.74440903655454,74.42922899999999,0x652bFf901f401F
2026-07-07 06:49:52,day,tech,58,0x64dbeb0a10678b1ff708320b19654c5d40a98c8e,41.88583725999888,0.0,Miojinho
2026-07-07 06:49:52,day,tech,59,0x29e0d77fc76cfc9aa1d213c6fd8c088c13289a86,41.011690980000026,0.0,lukahub
2026-07-07 06:49:52,day,tech,60,0xa3282d3e882501229c75d0caf134e62e3afb4977,41.008455425997454,465.634413,korda77
2026-07-07 06:49:52,day,tech,61,0xb120679099d26b0af04811c26c6077c587f9f2ff,40.6990198835,0.0,frizzizzi
2026-07-07 06:49:52,day,tech,62,0x2e1c6e971cff5c3259090d3dea7802a15e4edb61,39.680083738964186,582.434163,0x2E1C6E971cff5c3259090d3dEa7802A15e4eDB61-1779115991589
2026-07-07 06:49:52,day,tech,63,0x5cd5c8d7a17c78d7389d8b87b611aed83322ac33,38.13729366387088,260.3,nonkenny90
2026-07-07 06:49:52,day,tech,64,0xefddc1d3285d0fe1b9f2aa06e04901f527a08370,38.02156343999991,72.44,vino1234
2026-07-07 06:49:52,day,tech,65,0x57c02fb1189621fe9c0dbd97c7066920eeb260c5,37.76180000000022,0.0,0xhanxyz
2026-07-07 06:49:52,day,tech,66,0x7d1bb9f000e5fce13db3a0927b64aa38e69de75c,37.17219444613124,156.4,bmtr
2026-07-07 06:49:52,day,tech,67,0x21ffd2b7a212a6f277ed3eca1a9f8efcbca90d71,36.98444884212404,2715.323354,Haradwaith
2026-07-07 06:49:52,day,tech,68,0x4d86949e352449ab09706267910a0e8b6d4e1cb2,36.896582840000065,9578.24,Convex79
2026-07-07 06:49:52,day,tech,69,0xecc29824fdf1325f27c24e836ccdd1f43b7a3eb6,36.651723360000005,0.0,jony06
2026-07-07 06:49:52,day,tech,70,0x0745ade57d00df793ac60225d773126896c84a1b,36.43351338999999,0.0,0x0745aDE57D00dF793AC60225d773126896c84A1b-1781873624676
2026-07-07 06:49:52,day,tech,71,0x456fe5e75b6188782df0ba9b2c8260d541499430,36.22059324,0.0,SantoPellegrino
2026-07-07 06:49:52,day,tech,72,0x44c1dfe43260c94ed4f1d00de2e1f80fb113ebc1,35.659292865064344,0.0,aenews2
2026-07-07 06:49:52,day,tech,73,0xf27a9adeae472b4a36071fb2e130fec3736b7b4d,35.36841800135198,1100.0,simpton
2026-07-07 06:49:52,day,tech,74,0xf7cc69f628da05af3ad35b1478cda51fb2d9cb5d,34.505410355953074,372.66373799999997,TroSSmaNN
2026-07-07 06:49:52,day,tech,75,0xcc792a28d90f3c5d8fe91e48a184913a65031c2a,34.44957748500019,0.0,enrico-vasaio
2026-07-07 06:49:52,day,tech,76,0x73d225c851df25d73b14846a370bdeef9434f9b7,33.70060561950004,0.0,Dapsy
2026-07-07 06:49:52,day,tech,77,0x6204bad10670eede693eaaf96c039d751298421a,32.804272616500384,0.0,Jjgr
2026-07-07 06:49:52,day,tech,78,0x6b2e33718860076543d27680cb40b0c58a75b2fa,32.03819999999996,0.0,mohitshah9920
2026-07-07 06:49:52,day,tech,79,0x8cb56f8a6205b714d043b23443632d0374c4f15a,31.282703130000016,0.0,0x8cb56F8A6205B714D043B23443632d0374C4F15A-1782737401451
2026-07-07 06:49:52,day,tech,80,0x1726ba6536bf7f6b158b3bee7a27c3f28bb73986,30.81648456900001,0.0,vuvies
2026-07-07 06:49:52,day,tech,81,0x7018ba02d635bd8afc0fa8d0cb45d073cc7e98c2,30.644891164999535,0.0,cryptofund
2026-07-07 06:49:52,day,tech,82,0x0130afd6f3efddf1c3e16e01217b172dd9befb49,29.96436545500012,0.0,123987456
2026-07-07 06:49:52,day,tech,83,0x511f9c771449162349795d17becf8b37031acbe1,29.95698250939904,859.14,Bigggggggg
2026-07-07 06:49:52,day,tech,84,0x0bd0615e1b600723d3d9408130e4a9b870fd67b0,29.82662958460412,589.727618,narua
2026-07-07 06:49:52,day,tech,85,0x0c99e528d01b62a2ff9e9982e2913d2e935287cf,29.556867565000175,0.0,CloudCactus
2026-07-07 06:49:52,day,tech,86,0x75f460ec201d3ff97965b98b9ecc9d4fa69f974b,29.092671441094808,413.781118,0x75f460EC201D3FF97965B98b9ECC9d4fA69F974B-1780364801518
2026-07-07 06:49:52,day,tech,87,0xfa7aaecf01dda3da4b0c543ca28ef428e2c9d837,27.788392871000028,0.0,Yorteil
2026-07-07 06:49:52,day,tech,88,0xba41976a09367899ef785360b6f58016312a3976,27.29333569999983,0.0,gotab1026
2026-07-07 06:49:52,day,tech,89,0x80a4552cdcde3b861b8adc146ab1fbd4711022cc,27.136608712409384,199.99333199999998,puravida
2026-07-07 06:49:52,day,tech,90,0x21322b33abd6850ac01b7ede420c16a5b2967657,27.131449473781004,103.5485,0x21322b33abD6850aC01b7EDE42bigking011
2026-07-07 06:49:52,day,tech,91,0x9f790dc21319ad8fded7b8d2e0d71462cf655487,27.032013615000324,0.0,LShibalba
2026-07-07 06:49:52,day,tech,92,0x5cd7b4d4f0ef8c55bd9995e41c9e21285990f4d5,26.920310348499953,0.0,Gemini3.5pro
2026-07-07 06:49:52,day,tech,93,0xcd9607c4a676b7815f10bb8bc25355414e47cbdc,26.842595483999958,0.0,Artaius
2026-07-07 06:49:52,day,tech,94,0x027a422d069cde53d7ff6baf4ed3212d7a23ea13,26.4324782700005,0.0,LongBFIT
2026-07-07 06:49:52,day,tech,95,0xf83ec0e37ac9eece71c064507270e9001a734663,25.77337615000016,0.0,JustClickeverywhere
2026-07-07 06:49:52,day,tech,96,0xe2e2d098873d823181e32388b3f5c8282a2f38a0,25.318583302499945,0.0,insightrole
2026-07-07 06:49:52,day,tech,97,0xb2ed7f83c9ab634923c6147b449ecbb838212a85,25.05000000000001,0.0,road2100
2026-07-07 06:49:52,day,tech,98,0xd1091712f4ed0e17261feb174f5c080977506fa0,24.93906692099972,0.0,smallf
2026-07-07 06:49:52,day,tech,99,0xd32ce89f16509d3c8f8b5e9750305a5b2bc2a4c2,24.694275983216812,280.55,
2026-07-07 06:49:52,day,tech,100,0x08005e9dc4d8b989465b3a4d8a7a82564e63ceb0,24.04198358999996,0.0,FredericChopin
