timestamp,timeframe,category,rank,address,pnl,volume,userName
2026-05-16 05:57:16,day,overall,1,0x9f2fe025f84839ca81dd8e0338892605702d2ca8,269375.85090808204,149.02526,surfandturf
2026-05-16 05:57:16,day,overall,2,0x4bff30af91642dc7d2b19a8664378fe55c45fc26,147747.82588445023,193324.719799,Sassy-Bucket
2026-05-16 05:57:16,day,overall,3,0x5966db1fe50763c9e3c014d756369bad07e1f804,147367.97253421333,0.0,0x5966Db1fE50763C9e3C014d756369BAd07E1F804-1777648534241
2026-05-16 05:57:16,day,overall,4,0x6ade597c0e2b43c0bf3542cada8a5e330d73f5b0,146419.5143172294,78107.52558399999,TheOnlyHuman
2026-05-16 05:57:16,day,overall,5,0xf284ad6d607f777f34bc643cea587c33a886b9f9,102895.45228483593,410093.111403,strike123
2026-05-16 05:57:16,day,overall,6,0xbddf61af533ff524d27154e589d2d7a81510c684,94221.41516481433,167845.494418,Countryside
2026-05-16 05:57:16,day,overall,7,0xa8e089ade142c95538e06196e09c85681112ad50,80635.55455433881,0.0,Wannac
2026-05-16 05:57:16,day,overall,8,0xa5ea13a81d2b7e8e424b182bdc1db08e756bd96a,72293.29066964053,14835.597604999999,bossoskil1
2026-05-16 05:57:16,day,overall,9,0xb91aeb5accc33a5f9a8615b8ed6b2d352e913987,61760.2597,0.0,afghj2421
2026-05-16 05:57:16,day,overall,10,0x2d7be5170a8026c18709eaea1027c7f12e8ce2ce,56278.066418581235,288294.678791,caicai888888
2026-05-16 05:57:16,day,overall,11,0xb9c7d35d1f04d08624fabcfd3b6cee2d3c9baade,55916.23200701238,0.0,taylorsversion
2026-05-16 05:57:16,day,overall,12,0x1e7792acc779a6af8304bd7991ff31d16d468c33,51271.3391762001,0.0,THEdirkdiggler
2026-05-16 05:57:16,day,overall,13,0xc8ec6d4cef5c5fe8409ef69303c37f05b678e8f1,47261.35580671669,0.0,Hugewinner
2026-05-16 05:57:16,day,overall,14,0x2580d0e16709994f5b8a0206271ad14e2b911d56,46899.107181624735,50830.110979,Maxdaboss1
2026-05-16 05:57:16,day,overall,15,0xf1528f12e645462c344799b62b1b421a6a4c64aa,43387.97806471205,96093.155909,phonesculptor
2026-05-16 05:57:16,day,overall,16,0xef1bfe068ea3eb4c357d95805baf1050fd528697,43369.51818211517,196156.695893,devilbanker
2026-05-16 05:57:16,day,overall,17,0x5b4ec9c06b284ee52c41a761974d836992880232,42449.990112170024,0.0,ramadamaramadam
2026-05-16 05:57:16,day,overall,18,0x13414a77a4be48988851c73dfd824d0168e70853,34605.690489760986,29143.13676,PineBluff
2026-05-16 05:57:16,day,overall,19,0x6211f97a76ed5c4b1d658f637041ac5f293db89e,32213.722325418727,7720.609577,Tiger200
2026-05-16 05:57:16,day,overall,20,0x9b1e0334569aa1768a07705a859686aad58e82c9,30769.230768750014,0.0,FullPicks1
2026-05-16 05:57:16,day,overall,21,0xd48a81db62f742c4e42d86dfc23a7ee345366e90,28302.731859037856,51637.840124,NiFengFanPan
2026-05-16 05:57:16,day,overall,22,0x2dc13c6bda81b202281e796953a7323de675b33c,27408.637088000003,4504.64,xifutloong3
2026-05-16 05:57:16,day,overall,23,0xe5b70fd855af9258d9463992e4f1ed7987905ee3,26987.759332662146,44869.22,alwaysfade
2026-05-16 05:57:16,day,overall,24,0x2785e7022dc20757108204b13c08cea8613b70ae,26145.910709254615,0.0,poorsob
2026-05-16 05:57:16,day,overall,25,0x880b1fc5d3beb01c237f0848b249fd72b48fc98b,25896.089692040776,15326.770904,cruzNBA
2026-05-16 05:57:16,day,overall,26,0xe5efd6543002653b2eef940d8254911862ad9e7a,25034.273409421643,86934.73489600001,0xE5efD6543002653B2EEF940d8254911862aD9e7A-1729599643232
2026-05-16 05:57:16,day,overall,27,0x53757615de1c42b83f893b79d4241a009dc2aeea,22902.279440780185,832646.4238849999,0x53757615de1c42b83f893b79d4241a009dc2aeea
2026-05-16 05:57:16,day,overall,28,0x1136368d7f6728e94ed14c532ab95a932f710c2e,21181.59716099844,86476.577328,arlanta
2026-05-16 05:57:16,day,overall,29,0x36257cb65f199caa86f7d30625bbc1250a981187,20259.80650339625,0.0,0x36257cb65f199caa86f7d30625bbc1250a981187
2026-05-16 05:57:16,day,overall,30,0x8b887c9ad761b851d9e14510ea9aae04a01e8f33,20154.176249999997,0.0,lluucckkyy
2026-05-16 05:57:16,day,overall,31,0xf4ec03081af3116b77f0d52c109c6828ff0ec574,19253.01953355343,54223.226468,PS003
2026-05-16 05:57:16,day,overall,32,0x39d3c773be30fcc73161fc6768f46d563a779ef0,19224.475095560716,50852.0,matanovik
2026-05-16 05:57:16,day,overall,33,0x44c1dfe43260c94ed4f1d00de2e1f80fb113ebc1,18829.696550867444,21000.0,aenews2
2026-05-16 05:57:16,day,overall,34,0xaca23974e2b8131efbafaa1fe03ea9595ea0b9a1,17566.165192966,20855.854646,ellio8989
2026-05-16 05:57:16,day,overall,35,0x29b52d98ac9ef9414b04164246c95bc63d74cc6c,17347.876112869853,46806.606262,loitterer
2026-05-16 05:57:16,day,overall,36,0x0d7e9ddc0a0e6a7cd703ce8d1c0fd3b517a7cb13,17026.877940924205,0.0,CW1975
2026-05-16 05:57:16,day,overall,37,0x1bc0d88ca86b9049cf05d642e634836d5ddf4429,16847.67169232174,0.0,212121212121212121212
2026-05-16 05:57:16,day,overall,38,0x3dfb153c197d4c19d3b31c1ecd2c7b6860eeabaf,16781.74628582166,250934.143509,0x3DFb153c197D4C19D3B31c1ecD2c7B6860eeabAf-1722957908185
2026-05-16 05:57:16,day,overall,39,0x72f8d1926e0d25c5c519ddab424b8bc273618ea0,15678.142640744998,0.0,asapjoshy
2026-05-16 05:57:16,day,overall,40,0x70ffe7b3911e0a9474029a42ab8b2f57b799b65f,15138.831023691906,59729.533915,MtnMark
2026-05-16 05:57:16,day,overall,41,0xf28e42d20e4826f2b10a24bc952001697947cab2,14300.400666330475,33724.42,ethanaz
2026-05-16 05:57:16,day,overall,42,0x0979bad57d7a1403db89cbcd9c52bf43f2138d9b,13760.601251588378,27844.962263,askilika
2026-05-16 05:57:16,day,overall,43,0x0a6356d95e871f7288063d56a2db518ea004fc03,13573.282561954846,0.0,f3arless
2026-05-16 05:57:16,day,overall,44,0x92b5f14c68ccae0cd7d0ba52b098ffaab990fec6,13460.783477179968,25119.224677,Schnoodled
2026-05-16 05:57:16,day,overall,45,0xbc5b06a84ef421daf80b625eccefbc07d6153f6a,13242.879115999982,28907.09,jet2ro
2026-05-16 05:57:16,day,overall,46,0xbd14b65383c15e0b0f64944ca000f9a2bc5dd62a,13177.784112102818,0.0,0xbd14b65383c15e0b0f64944ca000f9a2bc5dd62a
2026-05-16 05:57:16,day,overall,47,0x6815040a7176c958e6ff8818bfe188e80dbd9edb,12558.203041556495,2924.463156,pilotbaby
2026-05-16 05:57:16,day,overall,48,0x33d30d00ea3812c99c75304159f721fd01b3bf38,12372.529029687501,2665.8541649999997,hexnvmbig
2026-05-16 05:57:16,day,overall,49,0x709e8dcb133555794decc598e07f2c923b8366f5,11964.899307020067,0.0,0xd4aa6f8e91cfea29b66a48ebff52814
2026-05-16 05:57:16,day,overall,50,0x41f434f6c3b5e7d4b40bf2304c8bc1efe8543eac,11661.468223999982,1999.9999999999998,0x41F434F6c3b5e7D4b40bf2304C8bc1efe8543EAC-1778386706538
2026-05-16 05:57:16,day,overall,51,0x204f72f35326db932158cba6adff0b9a1da95e14,11599.746313528158,853861.3367089998,swisstony
2026-05-16 05:57:16,day,overall,52,0x9c1c6b754bbe38ead37160ba42bf2f16b77f7980,11551.038258275657,0.0,exploitmaxxer
2026-05-16 05:57:16,day,overall,53,0x1eaf5d5f822dc5211c25b5839e5b7aa70f319bf0,11316.491755829979,0.0,LYnetLY
2026-05-16 05:57:16,day,overall,54,0x51ef3e5e7d5a3151c7caf165079270dbe905cda1,10888.09990019775,108944.594796,ndjjwobaq
2026-05-16 05:57:16,day,overall,55,0x3e5387342ecbd8c6a98c7e8f0ee7c4d17fbbbf9a,10815.825162479334,0.0,0x3e5387342EcBD8C6A98C7e8f0EE7C4D17fbBBf9a-1775435061346
2026-05-16 05:57:16,day,overall,56,0x67bb64fac5252df3f61ee2d91a4b1350e40eb6ef,10537.507425843867,0.0,Blueberry1337
2026-05-16 05:57:16,day,overall,57,0xa66d4f04d47c9a5726e559bf4290356385296daa,10502.569365788306,25257.862305,Lotomax
2026-05-16 05:57:16,day,overall,58,0xc408cf3d54aedccbb5c604fc887a1a8a8d93c1ef,10228.483482724976,80199.949068,GeorgeIII
2026-05-16 05:57:16,day,overall,59,0xd49b42bce7ea10bac53e2901c188cae20ea4bdf9,10191.42188044102,293515.43998400006,i18z
2026-05-16 05:57:16,day,overall,60,0x8056189d56833ce5b3945dea9149b62c5111b64d,10108.35930969381,12947.659801000002,csgod
2026-05-16 05:57:16,day,overall,61,0xf989bd9c62b1eae2c388515fcc766527a8b147cc,9950.542683785487,0.0,vovatoxic
2026-05-16 05:57:16,day,overall,62,0xe0dbdb7f005f233f4510e4ef7e53a2f76a8df44e,9789.789858629185,19999.981223,lug
2026-05-16 05:57:16,day,overall,63,0x0d16999d6ba24c2c2c8bff93f91014cc43fad24d,9703.496207514578,0.0,4gibg4i3o
2026-05-16 05:57:16,day,overall,64,0xa0a5078359dad63993a868f6d2db82d3a7b3606f,9661.065106141014,72462.10107199999,0xA0a5078359daD63993a868F6d2Db82D3a7b3606F-1778412797282
2026-05-16 05:57:16,day,overall,65,0x93abbc022ce98d6f45d4444b594791cc4b7a9723,9599.992264126986,334.784971,gatorr
2026-05-16 05:57:16,day,overall,66,0xdb83e85ffd22faa4009273034770f96ffc5b1e50,9540.857791462957,63200.519552000005,sentrio
2026-05-16 05:57:16,day,overall,67,0x0a854897a06d4999e5b2dde5693609f1428ffe9d,9412.056671546423,0.0,TheQuietRisk
2026-05-16 05:57:16,day,overall,68,0x26f8af9d49328e5fdae2c24e62e5c523bebd3452,9124.708682757853,33763.536448,Mr.Ape
2026-05-16 05:57:16,day,overall,69,0x6b44c48cfbc5ef89c3d05d9c70567c36cb2e3992,9043.4884206,7208.129999999999,mjjbb
2026-05-16 05:57:16,day,overall,70,0x6a32a31f2b28c31c016c6a222f2942240d8d0086,9023.72481885241,22018.284614,0x6A32A31F2B28c31c016C6A222f2942240d8D0086-1756820952447
2026-05-16 05:57:16,day,overall,71,0xcf609d3256f0f37f0595e5dc64012fa3a8fea6f5,8743.565707369846,106372.610409,0xcF609D3256f0f37f0595E5Dc64012Fa3a8fEa6f5-1771809916847
2026-05-16 05:57:16,day,overall,72,0x5234c8687fbc415e8c255b3a90afa8cf47de4c4f,8703.332400000072,0.0,0x5234c8687FbC415e8c255b3a90AFa8CF47de4c4F-1777743586273
2026-05-16 05:57:16,day,overall,73,0xe111610b649dc5207f90407d00df1dda76ac685a,8320.83233042225,0.0,BredoStrategy
2026-05-16 05:57:16,day,overall,74,0x8c80d213c0cbad777d06ee3f58f6ca4bc03102c3,8192.207677989965,0.0,SecondWindCapital
2026-05-16 05:57:16,day,overall,75,0x2c335066fe58fe9237c3d3dc7b275c2a034a0563,8150.388357780292,136769.84088099998,0x2c335066FE58fe9237c3d3Dc7b275C2a034a0563-1759935795465
2026-05-16 05:57:16,day,overall,76,0x7fc66b39e4008aedfad80dde175eea76020f5d88,8095.74645079016,32887.63545,KevinChe202605
2026-05-16 05:57:16,day,overall,77,0x9e8631d78bcf5c6e5b76a0c55cbc6fa39830fce6,7935.720384000003,10842.710619,BePhong
2026-05-16 05:57:16,day,overall,78,0x32ed517a571c01b6e9adecf61ba81ca48ff2f960,7738.327239245635,124150.62188599995,sportmaster777
2026-05-16 05:57:16,day,overall,79,0x9d84ce0306f8551e02efef1680475fc0f1dc1344,7724.332682736058,60246.64000000001,ImJustKen
2026-05-16 05:57:16,day,overall,80,0x82ff82838d26347b7188c8e3ddc9fb6f8306f0c4,7680.393517569504,0.0,lucio12z16
2026-05-16 05:57:16,day,overall,81,0x3da89a55cdd4b5c69f80e5cd3ef1782a3e0480c3,7429.867651565047,11767.250886,0x3DA89a55CdD4b5c69F80E5Cd3ef1782a3E0480c3-1777119032461
2026-05-16 05:57:16,day,overall,82,0x418d51e13d019913bb027db22ecc723fe1ad88a3,7176.5083880580205,166521.65640799998,0x418D51e13d019913BB027DB22ECc723fe1AD88A3-1720918577961
2026-05-16 05:57:16,day,overall,83,0xf5592765133941c40c77e52bc56bbe7ec167f462,7117.42459526026,0.0,0xf5592765133941c40C77e52Bc56bbe7EC167F462-1755612447740
2026-05-16 05:57:16,day,overall,84,0xb9e54e0e20a11f8add9cca41f9784bb41e6b1809,6855.908765883869,24038.934533,KevinChe202603
2026-05-16 05:57:16,day,overall,85,0x5b6331e7ff0831a3fe2ed12004747db1a9c911a4,6776.129786826748,78315.304329,neutralwave23
2026-05-16 05:57:16,day,overall,86,0xabb89972b21b304c1bed2bf26f35c8741ac9bba3,6677.4718955217395,80705.41711899999,Feromont
2026-05-16 05:57:16,day,overall,87,0x161eb16874e34f545991e774b4e1ac5b65f86ef0,6628.060429999954,1039392.3194909998,Countrysid
2026-05-16 05:57:16,day,overall,88,0x1e50e95700d59375be10cda4db16f87a80302473,6612.089574981685,29625.548452,ZCu005
2026-05-16 05:57:16,day,overall,89,0x823d57e3b9eb5a66d1f180eb994154970974189d,6524.487360660572,0.0,kjnnjlnnj
2026-05-16 05:57:16,day,overall,90,0x15433540ca3794108e602bfd353189519af8baaf,6484.822785243996,11973.786987,DualDelta
2026-05-16 05:57:16,day,overall,91,0x8f69269039b9a401de28a38c2f1c3001364b7df1,6417.190042776423,220.0,DumplingBMF
2026-05-16 05:57:16,day,overall,92,0x8fba2c29715c41dd87e781c23373aa1e0549d08a,6233.500000000058,13000.0,abura2025
2026-05-16 05:57:16,day,overall,93,0x05625ca25b4b289f3be889fecc9f160a6f0118a4,6217.181999999997,0.0,1117gudu231
2026-05-16 05:57:16,day,overall,94,0xce9fcb1c5d324c5e123d4b4ed96f8151843526e8,6189.790000000001,15400.0,POKE1
2026-05-16 05:57:16,day,overall,95,0x5d3431449c0c26d0cc423cefbafb04cb7ae07c8c,6090.1292000000685,9035.8,odifipa
2026-05-16 05:57:16,day,overall,96,0x602785cdf56a03221130d3d42a577ac6cf444320,5929.937954999885,2203.24,lpcapital1
2026-05-16 05:57:16,day,overall,97,0xd809c54478c5e50fe2aa20acccf0857baa0a6542,5770.424320956181,35770.33311,0xd809c54478c5e50fe2aa20acccf0857baa0a6542
2026-05-16 05:57:16,day,overall,98,0x47138dc1eef25f1ea91f3b2fda0e0f455c634d21,5701.8610154693015,6704.052579,dsknadkasnkfjs
2026-05-16 05:57:16,day,overall,99,0xafd492974cd531aae7786210438ae46b42047e61,5689.012359748158,10750.919818999999,TheMafiaa
2026-05-16 05:57:16,day,overall,100,0x424eb20fcd25113e3b98f42522a54580350b263b,5655.119389069274,25019.262486000003,0x424eb20Fcd25113e3b98f42522A54580350b263b-1774330621025
2026-05-16 05:57:16,day,politics,1,0x0a854897a06d4999e5b2dde5693609f1428ffe9d,9412.056671546423,0.0,TheQuietRisk
2026-05-16 05:57:16,day,politics,2,0x8c80d213c0cbad777d06ee3f58f6ca4bc03102c3,8192.207677989965,0.0,SecondWindCapital
2026-05-16 05:57:16,day,politics,3,0x96489abcb9f583d6835c8ef95ffc923d05a86825,7279.172055651434,37077.586362999995,anoin123
2026-05-16 05:57:16,day,politics,4,0x682db86f41a12d9292befded523564314c1f31ab,4652.656193003415,10038.605516,148572738484
2026-05-16 05:57:16,day,politics,5,0x5739ddf8672627ce076eff5f444610a250075f1a,4079.8109699548804,0.0,hopedieslast
2026-05-16 05:57:16,day,politics,6,0x950ea3d54a52dca7ec54e7a0338812450268f8e5,4000.00026772001,0.0,onepingonly
2026-05-16 05:57:16,day,politics,7,0x93511d72d294f1478739bc38f578bf0306fd9e4d,3651.597721731081,148727.75635799998,Dafu0715
2026-05-16 05:57:16,day,politics,8,0xf9c1190aa8184bcbe418e6f5321c53b0bfbc39e2,3637.9537906110345,0.0,AdrianCronauer
2026-05-16 05:57:16,day,politics,9,0xdc03d611e5bcc9f1c87edb95edeb91671471804c,3546.7591482495773,54079.77,jocpolitic
2026-05-16 05:57:16,day,politics,10,0xb886580698ede4b18de3e446b2d8da8bcedd81b3,3202.5603567733488,22333.333689000003,0xB886580698eDE4b18DE3E446b2D8Da8bCEdd81B3-1767532547794
2026-05-16 05:57:16,day,politics,11,0x6ae06eccd446342f96109e31eb7451383b511472,2407.496733998938,0.0,TraderSDG
2026-05-16 05:57:16,day,politics,12,0xa9fe4929d4ea1525ca03bd0ff68ea1fbf9e7f135,2046.7600851295065,0.0,novv25
2026-05-16 05:57:16,day,politics,13,0xfd691577dc6a9d21e9611b93ef9177d36738a2e1,2030.56895832374,4570.68,petanimal
2026-05-16 05:57:16,day,politics,14,0x5d0f03cf1243a3e21262d6cf844795afd9fff0ad,2001.2662907664198,0.0,EB99999
2026-05-16 05:57:16,day,politics,15,0x21064fd320bfd5a86f8c92a94d3209edf4154dea,1966.413976046868,14372.168118999998,rainbowlilies
2026-05-16 05:57:16,day,politics,16,0xdbade4c82fb72780a0db9a38f821d8671aba9c95,1908.985690690577,0.0,SwissMiss
2026-05-16 05:57:16,day,politics,17,0x1fee90f352fd362ea4bf13c6ed7cdd83a4d2ed5e,1850.9293877694727,1124.97,lomneivan
2026-05-16 05:57:16,day,politics,18,0xfaf98181c44636998a194aa7660bcae1b977f4c4,1751.5711248148946,53992.835554,onekey02
2026-05-16 05:57:16,day,politics,19,0xd576b9ee74c58fcb913675fd9c1d14c85312d5e3,1705.026410000035,0.0,inrock30
2026-05-16 05:57:16,day,politics,20,0x02d8495225a297157d25dbcf7ed9dd483bf80c91,1579.2150181600027,0.0,BlasTesla
2026-05-16 05:57:16,day,politics,21,0x34004f59431dc5b842679ddc1d827a7b61754832,1557.0399941181024,570.821838,VivaCristoRey
2026-05-16 05:57:16,day,politics,22,0xbf93328f8b69273453228a82c913207731822fd7,1534.1155722999974,0.0,hell0pia
2026-05-16 05:57:16,day,politics,23,0x293e8a645e8d3bc9bce417ae3c0015eebfc34717,1517.5952522800067,0.0,0x293E8A645e8D3BC9BCe417ae3c0015eeBfc34717-1772943653635
2026-05-16 05:57:16,day,politics,24,0xc4368bb22b77b2be880fabedb705ac7a703947a2,1458.9962353199953,0.0,user20267495
2026-05-16 05:57:16,day,politics,25,0xcf6087abd66e16b59a122d45bfcdc05d4b7247ce,1451.7539590914676,0.0,steeplejack
2026-05-16 05:57:16,day,politics,26,0xdd9ed02bb67b2ec504be24b98febd651fdac49b3,1430.0461546512379,70475.635946,Binotto
2026-05-16 05:57:16,day,politics,27,0x10e9d12ffbf23834cacc495ac0757cda41e833f3,1379.793703819967,0.0,llllllI
2026-05-16 05:57:16,day,politics,28,0xc03ce4d8af842ca6251ac57228b3ffb166ed50af,1322.4610899999898,24853.0,NyetRisk
2026-05-16 05:57:16,day,politics,29,0x0d15e2724df455f9e65b15104d21d76412a2c454,1321.7131648230134,0.0,e88888
2026-05-16 05:57:16,day,politics,30,0xf99f21209545865c45961f413b93b8a2c46b8742,1302.217913804987,0.0,unsx
2026-05-16 05:57:16,day,politics,31,0x182bd8bf2f11a572c4ec686aae3a0d919adcf3d3,1301.835761320006,0.0,peoplearestrange
2026-05-16 05:57:16,day,politics,32,0xb8b44e3cc9e0962982e3c8bf444b6a7411f51f6e,1219.2660576849985,0.0,MonacoLover
2026-05-16 05:57:16,day,politics,33,0xdfe3fedc5c7679be42c3d393e99d4b55247b73c4,1152.6194708920084,3255.4151699999998,cqs
2026-05-16 05:57:16,day,politics,34,0x80a0da00fbdc8440b0ef601341f14c3e24795708,1151.137800949,0.0,de5nuts
2026-05-16 05:57:16,day,politics,35,0x8b24a5e26873c9674fbb073b79941c29ca93c4be,1089.0318272924997,0.0,Lessgo123
2026-05-16 05:57:16,day,politics,36,0x2b76c1d12cd928b1d95a6d2c7f1e6f6e7f14edef,1084.9359591195316,0.0,idfinsider0228
2026-05-16 05:57:16,day,politics,37,0xee1706b93845d50ea60e49219be7311a2ebb6ea1,1070.190182670005,0.0,jwerhor
2026-05-16 05:57:16,day,politics,38,0x9f0968feb4ea38e9308a83ce227059458d932848,1037.622006900012,0.0,Achrimus101
2026-05-16 05:57:16,day,politics,39,0x4f1d5ae26fc31472966e951af3183308736d8de2,1024.3806089721384,10780.170816,e46m3
2026-05-16 05:57:16,day,politics,40,0x96f452cb979b24e4ad4af05338b7a34a60d7edc5,990.7461346545024,0.0,Nargili
2026-05-16 05:57:16,day,politics,41,0xb1a5a349a2d2900e082176cfe9bab817c8e7815d,975.8851952673908,150.0,0xad3Db8C370f1D42f7df3BDf53Cf050A95fE03c14-1777933933343
2026-05-16 05:57:16,day,politics,42,0x1057e7d3ddafc60a4aeb10a2bc5b543792449ea5,922.635000000002,0.0,Macks22
2026-05-16 05:57:16,day,politics,43,0x70d94a4ff67ed919a8480885cf0808afefe7a684,913.796677518636,5257.770832,naiiiiiii
2026-05-16 05:57:16,day,politics,44,0xb1ca909e848cc24ec4e220ce1c453bc290c51705,901.5419141313323,39401.590000000004,NonceChaser
2026-05-16 05:57:16,day,politics,45,0x53e55bc7cb3d67ad177c023ce891ad076a9d6177,896.1317497701384,0.0,Arbguy
2026-05-16 05:57:16,day,politics,46,0x74019d0b6978a9f4198af6983c25df40374187c5,892.5151987100035,0.0,freeman1337
2026-05-16 05:57:16,day,politics,47,0x4e4203102fd7bde55ce1bcf9f1ef222e251949ed,880.9558303375015,0.0,shingoWAKAYAMA
2026-05-16 05:57:16,day,politics,48,0xc8aef36d6178e9bb2f69f2890504cbb0aeee93ea,878.5186579125002,0.0,ade007
2026-05-16 05:57:16,day,politics,49,0x3af27d251a4d28f9202657eb4bc9f910da085212,849.0448700550004,0.0,N0stradumba55
2026-05-16 05:57:16,day,politics,50,0xe015b5a2a299167be835a2fd1e86f09c49e06ffd,844.9960465049999,0.0,TAIWANNUMBERONE
2026-05-16 05:57:16,day,politics,51,0xb082f3c9148a62fe848f800687de23dce978f55e,833.6184686424958,0.0,....................-
2026-05-16 05:57:16,day,politics,52,0xeae71b3df17b5c45e67b63cd271ac077657b1884,827.3659886107343,892.58,0xEae71b3DF17B5c45E67B63cd271aC077657B1884-1743486921653
2026-05-16 05:57:16,day,politics,53,0x7664aa7df89e2c02c01e3cd57e0abee078eb2e50,805.5638479495183,0.0,snols
2026-05-16 05:57:16,day,politics,54,0x8b4bca1d794779e66e023d44391b2a86c5ab541b,770.8776462489914,0.0,0x8B4bcA1D794779E66e023D44391B2A86C5ab541B-1769764313952
2026-05-16 05:57:16,day,politics,55,0x553ae22efb917b221f36d635a513334d87e493c8,769.3691207630001,0.0,yubafi
2026-05-16 05:57:16,day,politics,56,0x6d9fc316c3b8377060a44b852ba664adbfd59790,745.6898739882745,0.0,MEPP
2026-05-16 05:57:16,day,politics,57,0xf39651f0addaad0221806d828197064b97feed0d,735.5075867019987,27178.63,Pajamapants
2026-05-16 05:57:16,day,politics,58,0xd49b42bce7ea10bac53e2901c188cae20ea4bdf9,725.0714947497472,13439.412982000002,i18z
2026-05-16 05:57:16,day,politics,59,0xcc8e82773e67aa03994fbc252307c378e905d4bc,718.3016241799996,0.0,outsider-knowledge
2026-05-16 05:57:16,day,politics,60,0x6edfbe1379ac9e745824a70b37c31e20a0c11011,716.7946613699969,0.0,545963
2026-05-16 05:57:16,day,politics,61,0x776571cdb170a6999fb1d2b032f8f5011a08ccb8,710.128656880006,0.0,tesaiga1
2026-05-16 05:57:16,day,politics,62,0x34eef0ed7207bff76064dfe579036c3670ec7f1e,696.3108079344056,1684.5604850000002,Wewuzzy
2026-05-16 05:57:16,day,politics,63,0x64f38c96fa1c04b30f91364ed0f4f143fbac34b6,695.944558710913,170.0,parlia
2026-05-16 05:57:16,day,politics,64,0x41f99572e190a81a4da3dd011844012fbecadd2b,678.2711774749996,0.0,tkdy1
2026-05-16 05:57:16,day,politics,65,0xeed10490c38abdd3e6faaf69f9dec6f5d9efd782,668.3178028600014,0.0,luckyduck42
2026-05-16 05:57:16,day,politics,66,0xfe203e3bd8a4ce3e2689bd7281e41e5ae99667de,661.0041177290004,0.0,Yoriichi77
2026-05-16 05:57:16,day,politics,67,0xc3cd1d612bbf9fbf80da5a9bff0b0470cb46816c,657.3985526991019,7722.444541999998,UbuntuTrading
2026-05-16 05:57:16,day,politics,68,0xe47439f42819348023f15ca578ce766c1ee81508,647.1730296965034,0.0,shehues
2026-05-16 05:57:16,day,politics,69,0xfd8f5bba5b09d286b6d1db35cda8249bdd356f11,640.1148816418681,0.0,bitdady
2026-05-16 05:57:16,day,politics,70,0x7e31a5e9c31638483614e9fd9f945bb34692454d,637.983828564029,283.52392000000003,Odysseus7
2026-05-16 05:57:16,day,politics,71,0x9dd9e18b9dcc393705e73966bc79eccbbd9108bd,637.5762215180039,33.0,Glued
2026-05-16 05:57:16,day,politics,72,0x8f5d6cc02b06ec5e90f2c2bcb9a7c73e13bceab9,631.803627569996,0.0,0x8Fhu65
2026-05-16 05:57:16,day,politics,73,0xed107a85a4585a381e48c7f7ca4144909e7dd2e5,631.1622158038663,3992.7230000000027,bobe2
2026-05-16 05:57:16,day,politics,74,0xf1d97c40d2a04d98ff55c7beb738c594d5b3e65f,623.9735391200011,0.0,rubadubdub
2026-05-16 05:57:16,day,politics,75,0x521a8c20563ccc9e1c8ebfe5cfe6c8f9b2f8d12f,612.2309950445051,0.0,b4k9xj2wh
2026-05-16 05:57:16,day,politics,76,0x410aa391edffa58af64517ec579af5def62b2643,604.8015827330019,0.0,afdafdafdafdafd
2026-05-16 05:57:16,day,politics,77,0x3e0a8847c74b98a0d865e24ae399604ddf67b9cc,597.2411679564877,13916.5,Melqui
2026-05-16 05:57:16,day,politics,78,0xae2f4fd68dd278526f308613e6fb6e3d6592db23,590.9989847400029,0.0,bathon
2026-05-16 05:57:16,day,politics,79,0x46992d0e547e3822a9c28723f51bfa804ae4e03c,569.1289538569981,35551.299999999996,anon.1980.123
2026-05-16 05:57:16,day,politics,80,0x000d257d2dc7616feaef4ae0f14600fdf50a758e,556.1662753554992,0.0,scottilicious
2026-05-16 05:57:16,day,politics,81,0x1c72797cd4b9b83f42e287144e334c4de347dfb6,554.4518194283119,114.256726,peasant
2026-05-16 05:57:16,day,politics,82,0x0292664333884fe5c24b30f840b322fd1d284211,550.8450538100001,0.0,Patz3
2026-05-16 05:57:16,day,politics,83,0x6c104a31c105ab2573a42e0f178f961e4496df5c,545.0835128798044,1643.1299999999999,Belgaron
2026-05-16 05:57:16,day,politics,84,0x4b4bdc29a9ad4caedae5f1139ff8373dede0cbf7,535.9842321824999,0.0,DonaldPumpJr
2026-05-16 05:57:16,day,politics,85,0x15fdd6a159788bd7d382f5669a047ad0fcb2cc95,533.7756597439766,0.0,PolBandit
2026-05-16 05:57:16,day,politics,86,0xaf3909f0123a907b22d7add2cd1a59a072013101,533.632776408529,0.0,skylove
2026-05-16 05:57:16,day,politics,87,0xea7957606f259bcba522a4681494555547a7a9cc,529.731915284472,0.0,starbuck02
2026-05-16 05:57:16,day,politics,88,0x3eae57986be5e0ca435102ffe1f14206ffa2e2ed,520.074821382862,36399.41,thoodr
2026-05-16 05:57:16,day,politics,89,0x312ee6a5878a5582e8f96700e6268171bf9d8604,514.541062637989,0.0,0x312Ee6A5878a5582e8f96700E6268171BF9D8604-1773448361331
2026-05-16 05:57:16,day,politics,90,0x5011224f4848cb2cf2d87cf2b823551dfd0e220e,510.434881263267,1350.0,GCNO1
2026-05-16 05:57:16,day,politics,91,0xc00de9ccf3e3585732337970814533af52096cd3,503.9311524629993,0.0,0xC00De9ccf3E3585732337970814533Af52096CD3-1729266707235
2026-05-16 05:57:16,day,politics,92,0x29e46ce23a86bf67f877bf214808def1ad0d4982,503.46521592455974,1345.23,trumpishonest
2026-05-16 05:57:16,day,politics,93,0xc1b399b26020a4f689108e9640fd3dc8ffc8501c,500.46906046714867,0.0,CoffeeLover
2026-05-16 05:57:16,day,politics,94,0x0b219cf3d297991b58361dbebdbaa91e56b8deb6,495.86201787893515,4.99,TerreMoto
2026-05-16 05:57:16,day,politics,95,0xc9dcc3d90ad3e34fe4132eb8661ae728d6da9026,495.84183007311367,165.0,keribit
2026-05-16 05:57:16,day,politics,96,0x8245ea0d5a476678cb354b69e136908f0757ebed,489.88880276049895,4543.5,AZwater
2026-05-16 05:57:16,day,politics,97,0x69e7ad68b5f11e97927e4bd938baf7dfb60bd3b0,489.139000706371,0.0,InsiderrrZ
2026-05-16 05:57:16,day,politics,98,0x22e4248bdb066f65c9f11cd66cdd3719a28eef1c,486.75327565000043,0.0,ProfessionalPunter
2026-05-16 05:57:16,day,politics,99,0x09a5d3b75f908d780f2070ac270eabd6cf83caaa,480.299142377502,0.0,powangly
2026-05-16 05:57:16,day,politics,100,0x1f3018e34b610376cb06ee3ae0e0a072814fc65a,478.1741512899989,0.0,crazyrhino
2026-05-16 05:57:16,day,sports,1,0x9f2fe025f84839ca81dd8e0338892605702d2ca8,269376.12431508955,149.02526,surfandturf
2026-05-16 05:57:16,day,sports,2,0x4bff30af91642dc7d2b19a8664378fe55c45fc26,147747.82588445023,193324.719799,Sassy-Bucket
2026-05-16 05:57:16,day,sports,3,0x5966db1fe50763c9e3c014d756369bad07e1f804,147367.97253421333,0.0,0x5966Db1fE50763C9e3C014d756369BAd07E1F804-1777648534241
2026-05-16 05:57:16,day,sports,4,0x6ade597c0e2b43c0bf3542cada8a5e330d73f5b0,146419.5143172294,78107.52558399999,TheOnlyHuman
2026-05-16 05:57:16,day,sports,5,0xf284ad6d607f777f34bc643cea587c33a886b9f9,107528.38310685255,410093.111403,strike123
2026-05-16 05:57:16,day,sports,6,0xbddf61af533ff524d27154e589d2d7a81510c684,94221.41516481433,167845.49441800002,Countryside
2026-05-16 05:57:16,day,sports,7,0xa8e089ade142c95538e06196e09c85681112ad50,80635.55455433881,0.0,Wannac
2026-05-16 05:57:16,day,sports,8,0xa5ea13a81d2b7e8e424b182bdc1db08e756bd96a,72293.29066964099,14835.597604999999,bossoskil1
2026-05-16 05:57:16,day,sports,9,0xb91aeb5accc33a5f9a8615b8ed6b2d352e913987,61760.2597,0.0,afghj2421
2026-05-16 05:57:16,day,sports,10,0x2d7be5170a8026c18709eaea1027c7f12e8ce2ce,56278.06641858125,288294.678791,caicai888888
2026-05-16 05:57:16,day,sports,11,0xb9c7d35d1f04d08624fabcfd3b6cee2d3c9baade,55916.23200701235,0.0,taylorsversion
2026-05-16 05:57:16,day,sports,12,0x1e7792acc779a6af8304bd7991ff31d16d468c33,51271.3391762001,0.0,THEdirkdiggler
2026-05-16 05:57:16,day,sports,13,0xc8ec6d4cef5c5fe8409ef69303c37f05b678e8f1,47261.35580671669,0.0,Hugewinner
2026-05-16 05:57:16,day,sports,14,0x2580d0e16709994f5b8a0206271ad14e2b911d56,46899.107181624735,50830.110979,Maxdaboss1
2026-05-16 05:57:16,day,sports,15,0xf1528f12e645462c344799b62b1b421a6a4c64aa,43387.97806471198,96093.155909,phonesculptor
2026-05-16 05:57:16,day,sports,16,0xef1bfe068ea3eb4c357d95805baf1050fd528697,43369.51818211517,196156.695893,devilbanker
2026-05-16 05:57:16,day,sports,17,0x5b4ec9c06b284ee52c41a761974d836992880232,42449.990112170024,0.0,ramadamaramadam
2026-05-16 05:57:16,day,sports,18,0x13414a77a4be48988851c73dfd824d0168e70853,34682.24334972387,29143.13676,PineBluff
2026-05-16 05:57:16,day,sports,19,0x6211f97a76ed5c4b1d658f637041ac5f293db89e,32213.722325418494,7720.609577,Tiger200
2026-05-16 05:57:16,day,sports,20,0x9b1e0334569aa1768a07705a859686aad58e82c9,30769.230768750014,0.0,FullPicks1
2026-05-16 05:57:16,day,sports,21,0xd48a81db62f742c4e42d86dfc23a7ee345366e90,27960.48156394869,51637.840124,NiFengFanPan
2026-05-16 05:57:16,day,sports,22,0x2dc13c6bda81b202281e796953a7323de675b33c,27408.637088000018,4504.64,xifutloong3
2026-05-16 05:57:16,day,sports,23,0xe5b70fd855af9258d9463992e4f1ed7987905ee3,26937.780406209145,44869.22,alwaysfade
2026-05-16 05:57:16,day,sports,24,0x880b1fc5d3beb01c237f0848b249fd72b48fc98b,25896.089692040776,15326.770904,cruzNBA
2026-05-16 05:57:16,day,sports,25,0xe5efd6543002653b2eef940d8254911862ad9e7a,25034.273409421643,86934.73489600001,0xE5efD6543002653B2EEF940d8254911862aD9e7A-1729599643232
2026-05-16 05:57:16,day,sports,26,0x53757615de1c42b83f893b79d4241a009dc2aeea,22877.27953378018,829137.4238849999,0x53757615de1c42b83f893b79d4241a009dc2aeea
2026-05-16 05:57:16,day,sports,27,0x1136368d7f6728e94ed14c532ab95a932f710c2e,21181.59716099844,86476.577328,arlanta
2026-05-16 05:57:16,day,sports,28,0x36257cb65f199caa86f7d30625bbc1250a981187,20259.806503396132,0.0,0x36257cb65f199caa86f7d30625bbc1250a981187
2026-05-16 05:57:16,day,sports,29,0x8b887c9ad761b851d9e14510ea9aae04a01e8f33,20154.176249999997,0.0,lluucckkyy
2026-05-16 05:57:16,day,sports,30,0xf4ec03081af3116b77f0d52c109c6828ff0ec574,19253.019533553437,54223.226468,PS003
2026-05-16 05:57:16,day,sports,31,0x39d3c773be30fcc73161fc6768f46d563a779ef0,19224.475095560716,50852.0,matanovik
2026-05-16 05:57:16,day,sports,32,0x29b52d98ac9ef9414b04164246c95bc63d74cc6c,17347.876112869853,46806.606262,loitterer
2026-05-16 05:57:16,day,sports,33,0x1bc0d88ca86b9049cf05d642e634836d5ddf4429,16850.72919607174,0.0,212121212121212121212
2026-05-16 05:57:16,day,sports,34,0x3dfb153c197d4c19d3b31c1ecd2c7b6860eeabaf,16781.746285821573,250934.143509,0x3DFb153c197D4C19D3B31c1ecD2c7B6860eeabAf-1722957908185
2026-05-16 05:57:16,day,sports,35,0xaca23974e2b8131efbafaa1fe03ea9595ea0b9a1,16441.201093572214,18487.499996,ellio8989
2026-05-16 05:57:16,day,sports,36,0x72f8d1926e0d25c5c519ddab424b8bc273618ea0,15678.142640744998,0.0,asapjoshy
2026-05-16 05:57:16,day,sports,37,0xf28e42d20e4826f2b10a24bc952001697947cab2,14300.400666330475,33724.42,ethanaz
2026-05-16 05:57:16,day,sports,38,0x0979bad57d7a1403db89cbcd9c52bf43f2138d9b,13760.601251588203,27844.962263,askilika
2026-05-16 05:57:16,day,sports,39,0x0a6356d95e871f7288063d56a2db518ea004fc03,13572.872881954841,0.0,f3arless
2026-05-16 05:57:16,day,sports,40,0x92b5f14c68ccae0cd7d0ba52b098ffaab990fec6,13460.783477179968,25119.224677,Schnoodled
2026-05-16 05:57:16,day,sports,41,0xbc5b06a84ef421daf80b625eccefbc07d6153f6a,13242.879115999982,28907.09,jet2ro
2026-05-16 05:57:16,day,sports,42,0xbd14b65383c15e0b0f64944ca000f9a2bc5dd62a,13177.784112102585,0.0,0xbd14b65383c15e0b0f64944ca000f9a2bc5dd62a
2026-05-16 05:57:16,day,sports,43,0x6815040a7176c958e6ff8818bfe188e80dbd9edb,12558.203041556495,2924.463156,pilotbaby
2026-05-16 05:57:16,day,sports,44,0x33d30d00ea3812c99c75304159f721fd01b3bf38,12372.529029687501,2665.8541649999997,hexnvmbig
2026-05-16 05:57:16,day,sports,45,0x709e8dcb133555794decc598e07f2c923b8366f5,11964.899307020125,0.0,0xd4aa6f8e91cfea29b66a48ebff52814
2026-05-16 05:57:16,day,sports,46,0x41f434f6c3b5e7d4b40bf2304c8bc1efe8543eac,11661.46822399999,1999.9999999999998,0x41F434F6c3b5e7D4b40bf2304C8bc1efe8543EAC-1778386706538
2026-05-16 05:57:16,day,sports,47,0x204f72f35326db932158cba6adff0b9a1da95e14,11599.746313513257,853861.3367089998,swisstony
2026-05-16 05:57:16,day,sports,48,0x9c1c6b754bbe38ead37160ba42bf2f16b77f7980,11551.038258275643,0.0,exploitmaxxer
2026-05-16 05:57:16,day,sports,49,0x1eaf5d5f822dc5211c25b5839e5b7aa70f319bf0,11316.491755830051,0.0,LYnetLY
2026-05-16 05:57:16,day,sports,50,0x3e5387342ecbd8c6a98c7e8f0ee7c4d17fbbbf9a,10815.825162479334,0.0,0x3e5387342EcBD8C6A98C7e8f0EE7C4D17fbBBf9a-1775435061346
2026-05-16 05:57:16,day,sports,51,0x67bb64fac5252df3f61ee2d91a4b1350e40eb6ef,10537.507337500352,0.0,Blueberry1337
2026-05-16 05:57:16,day,sports,52,0xa66d4f04d47c9a5726e559bf4290356385296daa,10502.569365788304,25257.862305,Lotomax
2026-05-16 05:57:16,day,sports,53,0xe0dbdb7f005f233f4510e4ef7e53a2f76a8df44e,10437.000000000015,18000.0,lug
2026-05-16 05:57:16,day,sports,54,0xc408cf3d54aedccbb5c604fc887a1a8a8d93c1ef,10228.483482724976,80199.949068,GeorgeIII
2026-05-16 05:57:16,day,sports,55,0x8056189d56833ce5b3945dea9149b62c5111b64d,10108.360499759372,12947.659801000002,csgod
2026-05-16 05:57:16,day,sports,56,0xf989bd9c62b1eae2c388515fcc766527a8b147cc,9817.264421659998,0.0,vovatoxic
2026-05-16 05:57:16,day,sports,57,0x0d16999d6ba24c2c2c8bff93f91014cc43fad24d,9703.496186579578,0.0,4gibg4i3o
2026-05-16 05:57:16,day,sports,58,0x93abbc022ce98d6f45d4444b594791cc4b7a9723,9598.48467203416,242.181817,gatorr
2026-05-16 05:57:16,day,sports,59,0xdb83e85ffd22faa4009273034770f96ffc5b1e50,9540.857791463102,63200.519552,sentrio
2026-05-16 05:57:16,day,sports,60,0x26f8af9d49328e5fdae2c24e62e5c523bebd3452,9124.708682757853,33763.536448,Mr.Ape
2026-05-16 05:57:16,day,sports,61,0x6b44c48cfbc5ef89c3d05d9c70567c36cb2e3992,9043.488420599999,7208.129999999999,mjjbb
2026-05-16 05:57:16,day,sports,62,0x6a32a31f2b28c31c016c6a222f2942240d8d0086,9023.72481885241,22018.284614,0x6A32A31F2B28c31c016C6A222f2942240d8D0086-1756820952447
2026-05-16 05:57:16,day,sports,63,0x5234c8687fbc415e8c255b3a90afa8cf47de4c4f,8703.332400000072,0.0,0x5234c8687FbC415e8c255b3a90AFa8CF47de4c4F-1777743586273
2026-05-16 05:57:16,day,sports,64,0xcf609d3256f0f37f0595e5dc64012fa3a8fea6f5,8607.40521272985,106372.61040900002,0xcF609D3256f0f37f0595E5Dc64012Fa3a8fEa6f5-1771809916847
2026-05-16 05:57:16,day,sports,65,0xe111610b649dc5207f90407d00df1dda76ac685a,8320.83233042225,0.0,BredoStrategy
2026-05-16 05:57:16,day,sports,66,0x2c335066fe58fe9237c3d3dc7b275c2a034a0563,8150.388357780292,136769.84088099998,0x2c335066FE58fe9237c3d3Dc7b275C2a034a0563-1759935795465
2026-05-16 05:57:16,day,sports,67,0x7fc66b39e4008aedfad80dde175eea76020f5d88,8095.74645079016,32887.63545,KevinChe202605
2026-05-16 05:57:16,day,sports,68,0x32ed517a571c01b6e9adecf61ba81ca48ff2f960,7738.617172245635,124150.62188599995,sportmaster777
2026-05-16 05:57:16,day,sports,69,0x82ff82838d26347b7188c8e3ddc9fb6f8306f0c4,7680.393517569504,0.0,lucio12z16
2026-05-16 05:57:16,day,sports,70,0x3da89a55cdd4b5c69f80e5cd3ef1782a3e0480c3,7344.685169565045,11082.069117,0x3DA89a55CdD4b5c69F80E5Cd3ef1782a3E0480c3-1777119032461
2026-05-16 05:57:16,day,sports,71,0x418d51e13d019913bb027db22ecc723fe1ad88a3,7176.5083880580205,166521.65640799998,0x418D51e13d019913BB027DB22ECc723fe1AD88A3-1720918577961
2026-05-16 05:57:16,day,sports,72,0xf5592765133941c40c77e52bc56bbe7ec167f462,7117.424560557762,0.0,0xf5592765133941c40C77e52Bc56bbe7EC167F462-1755612447740
2026-05-16 05:57:16,day,sports,73,0x15433540ca3794108e602bfd353189519af8baaf,7106.899913449997,11891.286987,DualDelta
2026-05-16 05:57:16,day,sports,74,0xb9e54e0e20a11f8add9cca41f9784bb41e6b1809,6855.908765883869,24038.934533,KevinChe202603
2026-05-16 05:57:16,day,sports,75,0x8f69269039b9a401de28a38c2f1c3001364b7df1,6783.5786007558345,220.0,DumplingBMF
2026-05-16 05:57:16,day,sports,76,0xabb89972b21b304c1bed2bf26f35c8741ac9bba3,6677.471895521972,80705.41711899999,Feromont
2026-05-16 05:57:16,day,sports,77,0x161eb16874e34f545991e774b4e1ac5b65f86ef0,6628.060430000187,1039392.3194909998,Countrysid
2026-05-16 05:57:16,day,sports,78,0x823d57e3b9eb5a66d1f180eb994154970974189d,6524.487360660571,0.0,kjnnjlnnj
2026-05-16 05:57:16,day,sports,79,0x8fba2c29715c41dd87e781c23373aa1e0549d08a,6233.500000000073,13000.0,abura2025
2026-05-16 05:57:16,day,sports,80,0x05625ca25b4b289f3be889fecc9f160a6f0118a4,6217.182000000001,0.0,1117gudu231
2026-05-16 05:57:16,day,sports,81,0xce9fcb1c5d324c5e123d4b4ed96f8151843526e8,6189.790000000001,15400.0,POKE1
2026-05-16 05:57:16,day,sports,82,0x5d3431449c0c26d0cc423cefbafb04cb7ae07c8c,6090.129200000076,9035.8,odifipa
2026-05-16 05:57:16,day,sports,83,0x602785cdf56a03221130d3d42a577ac6cf444320,5929.937954999885,2203.24,lpcapital1
2026-05-16 05:57:16,day,sports,84,0x424eb20fcd25113e3b98f42522a54580350b263b,5908.771855893003,10918.813886,0x424eb20Fcd25113e3b98f42522A54580350b263b-1774330621025
2026-05-16 05:57:16,day,sports,85,0xd809c54478c5e50fe2aa20acccf0857baa0a6542,5770.422748768149,35770.33311,0xd809c54478c5e50fe2aa20acccf0857baa0a6542
2026-05-16 05:57:16,day,sports,86,0x47138dc1eef25f1ea91f3b2fda0e0f455c634d21,5701.861015469185,6704.052579,dsknadkasnkfjs
2026-05-16 05:57:16,day,sports,87,0xafd492974cd531aae7786210438ae46b42047e61,5689.012359748187,10750.919818999999,TheMafiaa
2026-05-16 05:57:16,day,sports,88,0xd106952ebf30a3125affd8a23b6c1f30c35fc79c,5384.667178219417,20542.583652,Herdonia
2026-05-16 05:57:16,day,sports,89,0xc33a100b8362bc732e78cce28c99739f173b3da3,5261.939376877315,4823.601824,0xc33a100b8362bc732e78cce28c99739f173b3da3
2026-05-16 05:57:16,day,sports,90,0x228b8d11eba89bf1c554f8879a9293b7106daf4c,5216.676362034355,393072.75879899994,0x228B8d11EBa89BF1c554f8879a9293B7106DaF4c-1765442354872
2026-05-16 05:57:16,day,sports,91,0xd88871e6dfd85946a38f1015d8174604bcc93c9f,5122.915229379985,0.0,nbesports
2026-05-16 05:57:16,day,sports,92,0xdc6f7c47e8a71365223a2a14c4b9849abce5959a,5070.440735224348,7522.9,koikoikoikoi
2026-05-16 05:57:16,day,sports,93,0xa538af775227c7add77418ba079ea3ae6a9212c3,5037.049928050899,12690.386197,WinsonEnterpriseCorp
2026-05-16 05:57:16,day,sports,94,0xdb250854cb0a4c1784fe2d1179f5c3c4577feb12,4938.035752810147,66501.63992900001,0xdb250854cb0A4C1784fE2D1179f5c3C4577fEb12-1778517347042
2026-05-16 05:57:16,day,sports,95,0xb7f55b6d32c2ee3768192d676cd66354f51fc669,4933.380487506176,37554.213594999994,cassiuswinston
2026-05-16 05:57:16,day,sports,96,0xfecb4ea0fe370705d0229aaf81c4300fa5ba19ba,4909.335750000038,9828.5,slvl6
2026-05-16 05:57:16,day,sports,97,0x2cad53bb58c266ea91eea0d7ca54303a10bceb66,4892.203823457996,43540.730813,LadyLuckPLZ
2026-05-16 05:57:16,day,sports,98,0xe5047b7b7eb66eafdc80540048c31227f641600e,4843.357804551379,24039.91735,050005000500
2026-05-16 05:57:16,day,sports,99,0x6157d529ae129fe08f22a27ed42e741d2eaa9fb4,4799.02941048146,9803.921567,xxyyxxzz
2026-05-16 05:57:16,day,sports,100,0x032578850831935d337af0a54b31fe88ee5201bc,4741.267324360018,67744.673035,yhii
2026-05-16 05:57:16,day,crypto,1,0x51ef3e5e7d5a3151c7caf165079270dbe905cda1,10888.09990019775,108944.594796,ndjjwobaq
2026-05-16 05:57:16,day,crypto,2,0xa0a5078359dad63993a868f6d2db82d3a7b3606f,9661.065106141014,72462.10107199999,0xA0a5078359daD63993a868F6d2Db82D3a7b3606F-1778412797282
2026-05-16 05:57:16,day,crypto,3,0x9e8631d78bcf5c6e5b76a0c55cbc6fa39830fce6,7935.720384000001,10842.710619,BePhong
2026-05-16 05:57:16,day,crypto,4,0x1e50e95700d59375be10cda4db16f87a80302473,6612.089574981685,29625.548452,ZCu005
2026-05-16 05:57:16,day,crypto,5,0xb55fa1296e6ec55d0ce53d93b9237389f11764d4,3478.574596161954,126424.33185800002,0xb55fa1296E6ec55D0cE53d93B9237389f11764d4-1777575277609
2026-05-16 05:57:16,day,crypto,6,0xe9ba96828e513a6cc35fb196297716f558e2f626,3345.6672693093615,27208.225727999998,0xE9Ba96828e513a6CC35fB196297716f558E2f626-1778412677122
2026-05-16 05:57:16,day,crypto,7,0x9dae874a2e804349e3004ccc98107799f15f97a2,3161.372153839997,49278.201002,Prgovindu1
2026-05-16 05:57:16,day,crypto,8,0xb623ca89bc6e19f24a0e2d5d6013d0db4a034203,2713.016415249993,0.0,viberefllex
2026-05-16 05:57:16,day,crypto,9,0xb3232cf73dff177df9ce70818276b90d3c4427df,2370.9449927745045,0.0,thelastrabbit
2026-05-16 05:57:16,day,crypto,10,0x04a162e06d1e82745a08b95e247bf3a965693527,2364.0128881850724,23265.265135999998,Agreements
2026-05-16 05:57:16,day,crypto,11,0xee4ecafc71c980417249e1a3b32f23248fc9e2cc,2361.5035894610082,19019.952535,ddssaaas6
2026-05-16 05:57:16,day,crypto,12,0x6f9028b489aac9f7c205e4c4d12388906633bb0a,2355.3226579999973,2760.0974499999998,brakoutT0410
2026-05-16 05:57:16,day,crypto,13,0xbadb9af986ee66437bd39e6cd3d3036cbbdc31a7,2341.4642419964803,93010.70129000003,0xBadB9af986EE66437BD39E6cd3D3036CbbDc31a7-1778744935223
2026-05-16 05:57:16,day,crypto,14,0x32a273090f38e98d9f3d2a85b7072fa11bf3505c,2259.5749290000895,56258.07000000001,0x32A27
2026-05-16 05:57:16,day,crypto,15,0x2a0ebb3a39a0109433d7140fd959545c3cd7a6fc,2186.5214623600023,0.0,Goliath-Online
2026-05-16 05:57:16,day,crypto,16,0xea910f1a5e7dbdc1548603216db821909824bea2,2065.280807600002,6845.862322999999,yes-yes-no
2026-05-16 05:57:16,day,crypto,17,0x45efb98c06ac9491c4a26bb72500631a58223bcf,2005.7716800093185,24979.693238,0x45efb98c06AC9491C4a26bB72500631A58223bCf-1767828690104
2026-05-16 05:57:16,day,crypto,18,0xa6d9b55a6a3a54a9d50ca94c64f00af69c50fd2f,1965.3429063151125,1624.645947,kinderSman
2026-05-16 05:57:16,day,crypto,19,0x14f66f7e5ca69e756cac1bfd4c7c8ac3a7fd15c4,1963.9706000000006,0.0,peal
2026-05-16 05:57:16,day,crypto,20,0x53208bf2aac48b8253b2bdf6d92496df789df3b2,1894.4209794376075,22311.346954,Cuhling
2026-05-16 05:57:16,day,crypto,21,0x823d73ef41bb2570ee7fbcd5a97d73216ea40dba,1880.4449331257983,26329.652967,0x823D73ef41bb2570eE7FbCD5A97D73216ea40DBA-1778412755690
2026-05-16 05:57:16,day,crypto,22,0xaf1d5acd26093637ccae998c64c06d872e7f27c3,1855.8826330427198,18237.870718000002,tradeshuo02
2026-05-16 05:57:16,day,crypto,23,0xba2c759c7b2cf66484c7e1dc1c211390f709fdda,1853.5709299998618,27321.86,Donquixote.Doflamingo
2026-05-16 05:57:16,day,crypto,24,0x2c251b8671ad830c7caa1ae01f3ae9d6745aa86f,1825.9620174800002,0.0,mamagoto
2026-05-16 05:57:16,day,crypto,25,0x93b1b0e6c5decfba6775bdb7947fc79c3e057c90,1741.7030732217863,14701.007156,buenos-dias
2026-05-16 05:57:16,day,crypto,26,0x3d8a7b9d0a634d3a8f35651d7aca8bbd10dd8eab,1696.1806550000001,5045.046093,hot1234
2026-05-16 05:57:16,day,crypto,27,0x5652090d21c85a9d1ca5b6a41fe07f3099fb00c9,1671.2433979475027,0.0,AlphaBetaGamma2357
2026-05-16 05:57:16,day,crypto,28,0xb305d384400e3d7a15780216a55368ea677eca4e,1512.170917108073,44547.55821300001,Brief-Fowls
2026-05-16 05:57:16,day,crypto,29,0xe89b2ad092a1a78789305423632b6e56c0eb701f,1458.1027371682517,3595.5885689999996,0xe89b2ad092a1a78789305423632b6e56c0eb701f
2026-05-16 05:57:16,day,crypto,30,0x5d551a0c690e58bc4e756a5d0a80c387748d3953,1422.0081981682888,4447.675348,0x5d551a0c690e58bc4e756a5d0a80c387748d3953
2026-05-16 05:57:16,day,crypto,31,0x56e91151755bb02eba36a37d50cdbcc8923fea02,1375.2633024343054,32626.662954999996,ClaudeOpus6.4
2026-05-16 05:57:16,day,crypto,32,0x670b446416bdcae392d2f99e4ac4b33af26fd4ce,1360.3136105974409,24991.606008000006,Shidrdx
2026-05-16 05:57:16,day,crypto,33,0xa1d57d329227c75b12b09f927fb3d6d6ef8f1343,1345.988934795092,19585.755214,1kto1m
2026-05-16 05:57:16,day,crypto,34,0x06dc51826bc524d9a83770e7de9dd7e005b04524,1340.9534170204424,13954.367972,0x06dc51826bc524d9a83770e7de9dd7e005b0452
2026-05-16 05:57:16,day,crypto,35,0xf455a69deccc1b7afc38cf3420f02b3b6ae29d55,1339.9853377014097,9252.142802,0xf455a69deccC1B7aFC38cF3420f02B3B6AE29D55-1766347078747
2026-05-16 05:57:16,day,crypto,36,0x1e9611c3bde3aa2ea36eb3f063834b1a23c6e72a,1270.5992339999211,47365.08,pppppppppo65
2026-05-16 05:57:16,day,crypto,37,0xa0c37cb0587b0dd1542f794bcfa345762bba5b9a,1254.7661188609054,411.889135,kukubaja
2026-05-16 05:57:16,day,crypto,38,0x01a4308b405f38f6df4d00d25b2a718d616e8924,1253.9505410342308,20864.226149,ksi0987kk
2026-05-16 05:57:16,day,crypto,39,0xa64d76d112e7b47e5ca3f8fbc5485ae41a91cad1,1251.0070622518306,11248.281882000001,vedaresearch.eth
2026-05-16 05:57:16,day,crypto,40,0x686f9931439c59909712b2b70368c24f2a1503a5,1247.9938245508115,16672.666136999997,MAY18765559
2026-05-16 05:57:16,day,crypto,41,0x0b5256053917201a64e1c7f8c279e8ef105ef3c4,1242.5516764080053,7704.121808,wanzitb11
2026-05-16 05:57:16,day,crypto,42,0xeccd894076b09937742476b9aa442a646f29d100,1223.90717753046,5547.417125,Jitobundle
2026-05-16 05:57:16,day,crypto,43,0x460563d4d4f01f2ac5fb20da1b12af6f9321b773,1189.0523232761043,179928.773842,0x460563D4d4F01F2ac5Fb20da1b12AF6f9321b773-1774926494800
2026-05-16 05:57:16,day,crypto,44,0xbd0f6c867e2a852807ef8fcdd76d696053da48fd,1184.568936314965,10178.692454,FatSlag
2026-05-16 05:57:16,day,crypto,45,0xc23726c5dd1e9d1aa212700518dd4512c1963bff,1174.468354999999,1374.4670569999998,lucaspk
2026-05-16 05:57:16,day,crypto,46,0xd32c2cec7cdc9ad6fff14f9b0fb348962cc7f93a,1170.6145317780101,64629.59935800001,0xd32C2cEc7Cdc9ad6fFF14F9B0FB388962CC8f93a-1778293374838
2026-05-16 05:57:16,day,crypto,47,0x2424814c59ba3496baae640cc0c18432ee593b61,1144.0688555759953,0.0,MCHundo111
2026-05-16 05:57:16,day,crypto,48,0xb8686d1916a2c4d075c5ff8c86dc3d16503b41f2,1141.4931978608931,27696.615777,ksjdjfjf
2026-05-16 05:57:16,day,crypto,49,0xf1bc5f103a4edca3eefa79a15c6f7eda37913fd5,1137.0595900812516,3003.505915,Lltetoll
2026-05-16 05:57:16,day,crypto,50,0xe32f0d8b087faa6cce0f6fdacb3264dece06ce26,1111.5542300600027,0.0,0xE32F0D8B087FAa6cCe0f6FDacB3264dECE06cE26-1778504157215
2026-05-16 05:57:16,day,crypto,51,0x885278f0e304bc2d53f805af2ab779cb6011c569,1108.1393359735375,52646.67562299999,gabigol
2026-05-16 05:57:16,day,crypto,52,0xce25e214d5cfe4f459cf67f08df581885aae7fdc,1079.6031693706318,57958.722379,0xcE25E214D5cfE4f459cf67F08DF581885AAE7Fdc-1777575398144
2026-05-16 05:57:16,day,crypto,53,0x4fadc7d69f5b72ff8031f7b7bbfc5357937b2c06,1074.4643079699963,11256.268302999999,chongxian
2026-05-16 05:57:16,day,crypto,54,0xddb0629096a8a03f490b6572c06f2ee76465f95a,1062.3076012300735,59170.586583,IVY56
2026-05-16 05:57:16,day,crypto,55,0x16e5d2e3af3b49bd62b85f9c343db1314ebe81cb,1032.7635053521892,5965.863712999999,Mugaspar
2026-05-16 05:57:16,day,crypto,56,0x7faf046f0abf00f67660dda8fe926c069b3e26e7,999.9998,1999.9996,0x7faf046F0ABf00F67660Dda8fe926C069b3E26E7-1776681849570
2026-05-16 05:57:16,day,crypto,57,0x5b6331e7ff0831a3fe2ed12004747db1a9c911a4,994.0936974080978,19796.00827,neutralwave23
2026-05-16 05:57:16,day,crypto,58,0x002217232504477043ab14d6ca12d45b95085f11,991.1073855205977,9091.921584000002,0xaabec10ff5ac051534b50cfd04f9ef3dc1e8abe
2026-05-16 05:57:16,day,crypto,59,0x1f2a7151d557fb657677c6446503750ccd8358af,989.2080195439994,5195.276705,junglelionking
2026-05-16 05:57:16,day,crypto,60,0xee65685de42f8de9a03b4c53ee77d56a20d2cfc9,978.7068367211032,101541.39125399999,0x50f7
2026-05-16 05:57:16,day,crypto,61,0xe9c6312464b52aa3eff13d822b003282075995c9,970.9006782094948,22395.013395,kingofcoinflips
2026-05-16 05:57:16,day,crypto,62,0x79a67a08cba29ab262025124f4b43ba3e1bb7477,958.8598114728302,2942.765327,purpledeer
2026-05-16 05:57:16,day,crypto,63,0xc0bd6230884e4aa733cab2050495bf4a0a7d939a,956.5459109763558,6769.235755,wanzitb1
2026-05-16 05:57:16,day,crypto,64,0x659a4536cc0fea935fa06d32cb50f61abb2f5ef1,943.3554000000022,54399.0,0x659a4536cc0fea935fa06d32cb50f61abb2f5ef1
2026-05-16 05:57:16,day,crypto,65,0x751a2b86cab503496efd325c8344e10159349ea1,939.3476101484848,26618.030000000002,Sharky6999
2026-05-16 05:57:16,day,crypto,66,0xd8d83d7a90aeef514406cc16ec224cb02440bcbe,927.4585453048567,35296.379781999996,dicksucks
2026-05-16 05:57:16,day,crypto,67,0x437e6772a96bd8e0c33bf58b89e11984892b3013,912.9735300000011,1359.926149,cagbado
2026-05-16 05:57:16,day,crypto,68,0x5947c51069f1416f3825a2485856a3460101cc22,912.8497538824486,13633.643617000003,0x5947C51069f1416f3825A2485856A3460101CC22-1777923171176
2026-05-16 05:57:16,day,crypto,69,0xf17add1f7ac10b0078a5a3b016218c8b05237b1f,885.9506551892591,448.427578,lifehack
2026-05-16 05:57:16,day,crypto,70,0x3024821d3a7a3ffa5f1258bab54bd906d9e6b996,885.6303527047135,5035.313483000001,0x3024821d3a7a3fFa5f1258Bab54BD906D9e6B996-1777812964640
2026-05-16 05:57:16,day,crypto,71,0x28baeb3bbb3de6ceb76372726288e426d92d40cd,872.272024880427,17488.958839999996,Faahhhh3
2026-05-16 05:57:16,day,crypto,72,0x9def9524630e31ff90f884eed32c3eecfbf8d1a5,865.9901426880169,0.0,pbshine
2026-05-16 05:57:16,day,crypto,73,0xfcd4c8ea19b9ecb4bc3d20142f0f853955a284dd,830.6343470399952,0.0,Leebbc
2026-05-16 05:57:16,day,crypto,74,0x164f57c1e300874fd8caa2e92bfa5674a5741ce0,814.0890725175907,6940.622918,BorregoPunk
2026-05-16 05:57:16,day,crypto,75,0xdd3c4d67bbeef8f8da6171a912a09f01933c35cf,812.1975007023902,5248.099698,stcharlos2
2026-05-16 05:57:16,day,crypto,76,0xd850ba1fbcc01d31bc9ce38ef2c1bc3d3ccf06d2,810.8754447172964,15872.043895000003,bulber
2026-05-16 05:57:16,day,crypto,77,0x1fb57de3211209b6046296330337b0520028d4d6,809.7118078228189,1557.48623,HHHK
2026-05-16 05:57:16,day,crypto,78,0xf705fa045201391d9632b7f3cde06a5e24453ca7,805.5971407673787,896.81,0xf705fa045201391d9632b7f3cde06a5e24453ca7
2026-05-16 05:57:16,day,crypto,79,0x0bf96a1c55e6f47ea84335bc3fc08a89653efd90,800.9924000000224,4399.9828,alboto
2026-05-16 05:57:16,day,crypto,80,0x7ab480c23d8a0d5a6e95c2b10a5b82bf55aa716b,795.4527262975025,0.0,glueeater
2026-05-16 05:57:16,day,crypto,81,0xb70583c96485baf237bf63b00d842be8bbb551a4,792.0286821779991,0.0,ebeggar
2026-05-16 05:57:16,day,crypto,82,0xff0d2daa78d027b4e0636d18367d9180b506802c,789.8639410000142,16591.96,0xff0d2daa78d027b4e0636d18367d9180b506802c
2026-05-16 05:57:16,day,crypto,83,0xa4a75f62dd9fe413fb7024cb619626611ab82d9f,775.9122013015349,12461.816116,RSD4
2026-05-16 05:57:16,day,crypto,84,0xd344e7b917e470fc69d563b8b4ce4913e92ee41b,770.6932635443511,12530.785807,0xd344e7b917e470fc69d563b8b4ce4913e92ee41b
2026-05-16 05:57:16,day,crypto,85,0x0a6c99d88523d328f6a8edf7db851796dc7f7e41,758.7031990000141,5259.983082,uord
2026-05-16 05:57:16,day,crypto,86,0x3761d5b043813862d8378c8f321a11e92fb0c482,748.1217180000126,16470.120364,0x3761d5b043813862d8378c8f321a11e92fb0c482
2026-05-16 05:57:16,day,crypto,87,0x353b5bcb005349579843a3b1351861ae6cbba70d,744.0630676145224,13007.898237,wanzicqg2
2026-05-16 05:57:16,day,crypto,88,0x9412cdfc1e3171e1aabb013d0f494986445d0cd0,741.2148929793839,116058.31851900001,gansinimen
2026-05-16 05:57:16,day,crypto,89,0xd541994b350cdc836fb383e5d39a50bc1fede026,739.25650816807,2440.8737849999998,Jkim123
2026-05-16 05:57:16,day,crypto,90,0x8d1d5d1c6041b13fc708b5d9f668070e1724ed4a,737.558411959646,58574.173148,CERTova
2026-05-16 05:57:16,day,crypto,91,0x92a6854748bfc9f34f72d24159e23a3b8d81d6af,718.0451314508417,7820.429887,0x92A6784748bfC9F34f42D24159E23A3b8d81D6sd
2026-05-16 05:57:16,day,crypto,92,0xd189664c5308903476f9f079820431e4fd7d06f4,701.6536437267205,40678.619426000005,rwo
2026-05-16 05:57:16,day,crypto,93,0x3dcea528f8179c175341e06b60b9eb695e5d0510,695.4492253193571,4272.994315,LuiaLeQuartier
2026-05-16 05:57:16,day,crypto,94,0x90add59c2bc6fab791c5c7b105f48529436a18f4,687.7749496259985,0.0,john-wayne02
2026-05-16 05:57:16,day,crypto,95,0x16351b85a6160e7a3759ec20603e7c14e4245624,686.4036629912423,54.13,Betmaker11
2026-05-16 05:57:16,day,crypto,96,0x6e14a729cdfca0ce93ca9b2b5b89f57a9e5a3003,685.9444247983993,7499.138024,WhitneyHouston
2026-05-16 05:57:16,day,crypto,97,0x06303853c41d60fe7af3fc3edabfb695c0d5ae2e,671.0661110019685,87.78,cryptohistory
2026-05-16 05:57:16,day,crypto,98,0xed00cd88b3a3b75e51da1916748d612a70550729,657.2784326130227,3349.2196240000003,0xEd00CD88B3a3B75e51DA1916748D612A70550729-1777599877823
2026-05-16 05:57:16,day,crypto,99,0x79adef6023d276b14a81ee651855d975ca9435d8,652.148199845,3604.926026,ghrsdgvsese
2026-05-16 05:57:16,day,crypto,100,0x315ab1b206d429aa15e611a5eef70ff69817222e,632.6808049999979,2650.928408,JosteinFlo
2026-05-16 05:57:16,day,finance,1,0xd49b42bce7ea10bac53e2901c188cae20ea4bdf9,5054.812941571268,53608.680722,i18z
2026-05-16 05:57:16,day,finance,2,0x72a0d79b4325638bc2bcfc9a2b8a380c2d81c059,4922.454279618523,0.0,0x72a0d79b4325638bc2bcfc9a2b8a380c2d81c059
2026-05-16 05:57:16,day,finance,3,0xa80e3fe5e7a445fa047fe6de1e27f9a15217b94b,4366.572384773113,0.0,bin8888
2026-05-16 05:57:16,day,finance,4,0x6adcccb0ea0b93a66e67f0d7b2b625b135a8beba,4034.94299999997,0.0,pikachusplace
2026-05-16 05:57:16,day,finance,5,0xe734e7bf7cfb9e464681f71822f6c2f6be514f0c,2728.163952301402,7771.103735999999,boyau
2026-05-16 05:57:16,day,finance,6,0x448861155279dbf833d041b963e3ac854599e319,2500.003239000002,0.0,Flipadelphia
2026-05-16 05:57:16,day,finance,7,0xbfb3b7bd96f923fc22ecc8fb416d4dc5d3b24b43,2429.104987288998,0.0,borchi
2026-05-16 05:57:16,day,finance,8,0xaaddfa107f870155547ed77d11b540b70dc2d3f1,2386.829813799999,0.0,yxj425
2026-05-16 05:57:16,day,finance,9,0x40604cb1f958c03bea0b18aa43e4cb0d62f33ec3,2334.812666996513,0.0,C03B
2026-05-16 05:57:16,day,finance,10,0x004c495a64eed1c9d595f69131443032d5f05201,2076.173093378654,1595.515872,0x004c495a64eed1c9d595f69131443032d5f05201
2026-05-16 05:57:16,day,finance,11,0x1a29b75d4bfb5d62b343e4abdd10b60c0ce19b2e,1797.8247385499853,0.0,Casablanca10
2026-05-16 05:57:16,day,finance,12,0x4f1d5ae26fc31472966e951af3183308736d8de2,1796.0857471953768,17182.692768999997,e46m3
2026-05-16 05:57:16,day,finance,13,0x777fae71d2ff9ec48a1213d48ba1d9d91024a1bb,1616.970591040008,0.0,Albert 1953
2026-05-16 05:57:16,day,finance,14,0x74471a007ddcc488f6d57b5e86dfb35a8d48a16d,1295.286477264326,13471.797829,tetrose
2026-05-16 05:57:16,day,finance,15,0xfb593511b24df1edff63c35de81c72d5733683f9,1279.2355706004982,0.0,0xFB593511b24DF1EdfF63c35de81C72d5733683f9-1772989578742
2026-05-16 05:57:16,day,finance,16,0x09c02e58f79dc2fc1e42c7c14d43e4a142326f73,1267.9285016540016,0.0,klinxiowl
2026-05-16 05:57:16,day,finance,17,0x7057a34ac1d394df61d5a6d62b3291d2288ff998,1183.8399400000008,0.0,Ant86
2026-05-16 05:57:16,day,finance,18,0x4d3e6f882536f5bde89d20a64e2198b1c1e8783b,1128.145017957002,0.0,bitcoinmafia
2026-05-16 05:57:16,day,finance,19,0xc8ab97a9089a9ff7e6ef0688e6e591a066946418,1076.9809381995874,15725.149159,ArmageddonRewardsBilly
2026-05-16 05:57:16,day,finance,20,0x1e82e3eb816aaf755ac9b44bc9d98f01b08aaf92,790.9184936568854,9016.24,0x1E82E3Eb816aAf755AC9b44BC9d98F01b08AAF92-1772042958755
2026-05-16 05:57:16,day,finance,21,0x1cd24cc49782240413903b4b7e7694779f917f85,654.0009829400005,0.0,bitterfish
2026-05-16 05:57:16,day,finance,22,0x2f63dbd36cfff1952a88d9f704bd58bcb78cf247,567.1696682785023,284.85,esports097
2026-05-16 05:57:16,day,finance,23,0x4e25605fd905e9972efc0f4d8814530c655cd7a7,563.5949234755244,0.0,0x4e25605fd905e9972efc0f4d8814530c655cd7a7
2026-05-16 05:57:16,day,finance,24,0x48ecc049f171a8c7758e5d351e5f6c3c6df58f36,517.6527267220526,1295.2791860000002,machiavelia
2026-05-16 05:57:16,day,finance,25,0x6ffdf781b9fabc368137c1d835644f12b9a6a637,511.9626036541249,126.48000000000002,ng6000
2026-05-16 05:57:16,day,finance,26,0x36901eb0f21519cc9055662a6d2483e96da1e16f,510.6543170690129,4641.675325,melchior1248
2026-05-16 05:57:16,day,finance,27,0x5edc7bba7516cd28dc886ad576ba197bb114bbad,509.61112813079126,3960.6,Tee1000
2026-05-16 05:57:16,day,finance,28,0x27abdfc9393c72a6330a3be987da4b46c726e521,505.70837208547164,4199.79,pd.unique
2026-05-16 05:57:16,day,finance,29,0xb52fdee5d5001f93784c5314699ecc6a2e913c2d,469.4891752505973,86.774284,mamba
2026-05-16 05:57:16,day,finance,30,0xe2b1fc269d0c2e27da11fadd1d9596fe28227d2a,460.28923955650134,0.0,New.Jeans
2026-05-16 05:57:16,day,finance,31,0xa8b37cec5fa0b1b8cc3363e4f10a21a4049e4484,454.9487309047481,27.0,pechenka2311
2026-05-16 05:57:16,day,finance,32,0x1b549ce3385c59ca7c77ecf300bf54a921d32ada,448.9568644080009,0.0,tothemarsandbeyond
2026-05-16 05:57:16,day,finance,33,0xacbca1cf43bd198e734089f198f3725281577cc3,443.93346384999995,0.0,l7vznt3mcgyhoerusnp7veayprtcogn64wvznuykch
2026-05-16 05:57:16,day,finance,34,0xf66f1f8f742b301e03eed9480956373a6ef98e0c,431.30505043000085,0.0,ronm238
2026-05-16 05:57:16,day,finance,35,0x853c37a959a5791b849e3f3225c7f5963746bd03,427.99619086799976,0.0,WarriorPooh
2026-05-16 05:57:16,day,finance,36,0x3a8aa345d5db7ec5138298c8c4f4540259be7699,420.8389423500007,2520.67,TheReturnOfDarthMaul
2026-05-16 05:57:16,day,finance,37,0x97f3f9f15c0063710c60d3ac9c40d17f4ba60eba,410.1875932870025,0.0,Investnow
2026-05-16 05:57:16,day,finance,38,0x5a218c7ad04135830a45c41aaed7294df7809318,409.5744098488576,6221.819837,balthazar
2026-05-16 05:57:16,day,finance,39,0x9aea85d0b70bff6cb980cbb22d2e70b141e6b686,399.25373358500076,0.0,POLO
2026-05-16 05:57:16,day,finance,40,0xb10047d6a254b2ebb306d7a7d13bf59171ab6461,396.97810242752894,0.0,Parz1vaI
2026-05-16 05:57:16,day,finance,41,0x844ef6cdd0a4d691b7a81429ee550f025aa64f41,395.731269983502,0.0,flyfat88
2026-05-16 05:57:16,day,finance,42,0xd5b97d08ec6098407bfbf66c2786ccc9967fe44e,395.68724031662714,1211.4226,Optimus-
2026-05-16 05:57:16,day,finance,43,0x21b48e8e2daa01f531fff08b62f2b4df6cff1f06,372.9449399999998,735.0,proposal123
2026-05-16 05:57:16,day,finance,44,0xd1a63a243042d864520512fbdbd2fd20e0ab1507,372.3688793770707,3194.8200000000006,DkOYL
2026-05-16 05:57:16,day,finance,45,0x40471b34671887546013ceb58740625c2efe7293,366.18723217250226,0.0,esports095
2026-05-16 05:57:16,day,finance,46,0x1c335c7361bb791e180c3e17ad1308b1eebfab72,361.16343722600004,0.0,0x1C335c7361bb791e180C3E17aD1308B1eEBfAb72-1771383663138
2026-05-16 05:57:16,day,finance,47,0x80b88ab584cb3e34e834fc790cfeb00375aa55ce,349.95465200499984,0.0,BigRedDogFight
2026-05-16 05:57:16,day,finance,48,0xc3c3b3ef304ddbea39fa2246e683a71da5d0eec8,347.2938314375024,0.0,comon119
2026-05-16 05:57:16,day,finance,49,0xf5198df69e13937a40d1c76d6f72d9aa067d906b,344.7771964449985,0.0,sbimbg
2026-05-16 05:57:16,day,finance,50,0xe6521f57e437ad4985b77f5ddd2146239d0bd114,337.5102315204665,3788.947367,thisguymen
2026-05-16 05:57:16,day,finance,51,0x030a01fff8762c0747b6dbc589b28ee6cea8acfc,336.8034453630005,0.0,Qbquzveuqe
2026-05-16 05:57:16,day,finance,52,0x563ea80ce1962ce0d1684fd38472eaef6b15a157,334.79914760999964,0.0,Vorian
2026-05-16 05:57:16,day,finance,53,0xa540e7ff75ef4bf7ebc6c793cbabe87cee970b43,332.97388576113735,39.376621,pennedreadful
2026-05-16 05:57:16,day,finance,54,0x0a6d26d31b28fd5a84c301f8b27296612f3b1d0a,326.79903809960524,1517.752298,Bikesarethebest
2026-05-16 05:57:16,day,finance,55,0xe94bf89e66b852d60866667bddf7bff9dad65abe,319.26529399001265,0.0,PhongLeXBT
2026-05-16 05:57:16,day,finance,56,0xbfe2ca560e558fa0d6868319e88cf84a076c8c49,318.96490497329455,0.0,Ceoooq
2026-05-16 05:57:16,day,finance,57,0x9619fd731838e52f8f454fc915b749ce6a790591,311.4955000000001,0.0,0x9619Fd731838e52F8f454FC915b749CE6A790591-1775353996155
2026-05-16 05:57:16,day,finance,58,0x70812541b44b2d1db290511e5bab00ca4c05818b,311.1059722590601,19.75,diterpene
2026-05-16 05:57:16,day,finance,59,0x589870236e2e81cd47b267075e9c11f4601d211c,304.6285298300001,0.0,sourav203
2026-05-16 05:57:16,day,finance,60,0x714b8a6e115fe36061a2b5922964b654b82a6c2f,303.4865865270003,0.0,benj002
2026-05-16 05:57:16,day,finance,61,0x8b6a5e1912508a3a27e5f06cd60f5461e5c9a086,299.99960396999995,0.0,0x8b6a5e1912508a3a27E5f06cd60f5461e5c9A086-1777243137610
2026-05-16 05:57:16,day,finance,62,0xecb5271853d083c561792d1bc4be8a555ce672d7,288.57981649000016,1147.95,pkcccc
2026-05-16 05:57:16,day,finance,63,0x9dfe2f73d3c988a9d69df8fa0beb85651340b3dd,288.3261488999994,0.0,Moond
2026-05-16 05:57:16,day,finance,64,0xb48ef6deecd526c0974c35e1f7b5c3bbd12fa144,284.8530635549978,0.0,100x
2026-05-16 05:57:16,day,finance,65,0x842b82e773264005a8efcc2fac1f05335338b366,282.36108160299955,3302.6800000000003,TODAYI
2026-05-16 05:57:16,day,finance,66,0xfd557e6db670c9704bc1d0d8e8b585c7d9c9f905,279.1364583124978,722.74,northdrawer
2026-05-16 05:57:16,day,finance,67,0x94daa3bf531255d6565e937c7249d3918fa12bf1,278.99723519999907,0.0,SaracensCapital2
2026-05-16 05:57:16,day,finance,68,0x2eeca9a9b49000a1b75b9903daf458c86a15c999,271.20664587756573,1083.8899999999999,btczahar
2026-05-16 05:57:16,day,finance,69,0xf3505345381358c2311ef9bc8096ace10165f3ff,253.31368228502652,0.0,BettingQuant
2026-05-16 05:57:16,day,finance,70,0xd48a81db62f742c4e42d86dfc23a7ee345366e90,249.6932948204976,0.0,NiFengFanPan
2026-05-16 05:57:16,day,finance,71,0xb971e5628a282d6bd42b96cf3a9bd1a12f16e7ae,247.7755042850344,3089.275,Freeze-Corleone
2026-05-16 05:57:16,day,finance,72,0x657bbe664d7b565baf4a4d6aff19e4cac14e3992,241.62485259999812,0.0,doe.john
2026-05-16 05:57:16,day,finance,73,0x058ef5443868d743f9745f4d159968f75afae0a8,240.87493782399997,0.0,muskfan
2026-05-16 05:57:16,day,finance,74,0x0734c11843686311bfac674c319fcd9f98c518df,239.86578540999926,0.0,hail-markets
2026-05-16 05:57:16,day,finance,75,0xcd1ebe44b3d6872987f3e41af8c3ca1e86e36c7b,238.73287474400001,0.0,Miladtrader
2026-05-16 05:57:16,day,finance,76,0x50782570490721eb83510629adc4b448909e99b1,228.4564497199999,0.0,magnesium
2026-05-16 05:57:16,day,finance,77,0x81f06a45509d0daad35ef6587bcad9652a3971ed,217.6246362765002,0.0,Dynvest
2026-05-16 05:57:16,day,finance,78,0x1d603dad31fac599c1de6b6002d066993460453d,215.69028463699942,0.0,Ru386
2026-05-16 05:57:16,day,finance,79,0xd32ce89f16509d3c8f8b5e9750305a5b2bc2a4c2,214.77886140483452,2313.7546650000004,0xd32ce89f16509d3c8f8b5e9750305a5b2bc2a4c2
2026-05-16 05:57:16,day,finance,80,0xc427980d20632c60c5a43fb689540c7f6f776f4d,214.38884590000026,0.0,kastetem
2026-05-16 05:57:16,day,finance,81,0x87684f29d70994464c6f533bc52eb693b4f4dd9b,210.70674612499897,0.0,10000Bets
2026-05-16 05:57:16,day,finance,82,0x3f73b7ace2bb5c65705bf0b7ec5f40693ae8acef,202.39807312499988,0.0,0x3F73B7Ace2BB5C65705bF0B7EC5f40693Ae8acEF-1776633856762
2026-05-16 05:57:16,day,finance,83,0xbf5dfa33f94e80f7649fa94a81ab8465d65c6e7d,200.40534868000054,0.0,0xBF5DFa33F94e80F7649FA94a81Ab8465d65C6e7D-1765458383511
2026-05-16 05:57:16,day,finance,84,0xf44dcf50490507a44a6244dc07f50686e71060af,196.2494383039998,0.0,Certify0148
2026-05-16 05:57:16,day,finance,85,0x7b02b2bac2a30ed5e40b7094e734f4c3dc2a4991,194.63112000000183,0.0,foodenjoyer
2026-05-16 05:57:16,day,finance,86,0x0a7ed19909e9b4c6cd0fc1d59c1d481415a1fce4,194.1074130891502,14933.935825,LEONIDOVITCH1983
2026-05-16 05:57:16,day,finance,87,0x0eac23578a5066ad4885e3c40161746df2ed140a,189.71846981999988,0.0,ocene
2026-05-16 05:57:16,day,finance,88,0x9efda3d6354152901fc4706c3b1a9ce50b45ad00,186.66604923549494,0.0,Istaroth
2026-05-16 05:57:16,day,finance,89,0x5d915de71f7a72e70823995e7cf5c4e5488635b8,184.9619570314992,0.0,imthetrueghost
2026-05-16 05:57:16,day,finance,90,0xcbefb876789cc63b46b030af3cfe20b986f29ab0,177.22797160549953,0.0,AlwaysRegressing
2026-05-16 05:57:16,day,finance,91,0x74b4f9447b14b12308963fc048ae363eb0756bea,176.41698118700242,193.97,0x74B4F9447B14b12308963FC048Ae363EB0756bEA-1769170826159
2026-05-16 05:57:16,day,finance,92,0x5f4505f23e8f94d65291c8e3c764d61f1d22cabc,176.27546285699987,0.0,0x5f4505F23e8f94D65291C8E3c764d61f1D22cAbc-1733732329692
2026-05-16 05:57:16,day,finance,93,0x0a8753176b47c23b700858ebe7cfc470a8206548,174.84999999999968,0.0,0x0A8753176B47C23b700858ebe7CFC470A8206548-1762614050852
2026-05-16 05:57:16,day,finance,94,0x4a2be7a7e6e3b41dc2de00706b4c09660ca9af20,171.3467364283806,4006.5675,troim
2026-05-16 05:57:16,day,finance,95,0xb187a6fae3d0b60108f13006359dded4d15944a9,168.4656916289996,0.0,Cptrade
2026-05-16 05:57:16,day,finance,96,0xc4b2573a07e223bbb0adf86cf7f4e61dc1a1c5cd,165.05689709999842,284.65,OswaldTheBrave
2026-05-16 05:57:16,day,finance,97,0xeae707a267b3d6a112167b5c93c3fa74e38c2800,164.5064563099986,0.0,destinyas
2026-05-16 05:57:16,day,finance,98,0xcb4b1380637417f5f36a9f02d6f7de7ef240b3f4,163.94457449149922,0.0,4tigers
2026-05-16 05:57:16,day,finance,99,0xdc8d49e3317dab913726f10c75a6dff742c784bc,161.54204072000084,0.0,TheAugur
2026-05-16 05:57:16,day,finance,100,0xf9f207b77137caa79c6c4516abdef3133db45cba,158.97173599596135,0.0,extractive-manatee
2026-05-16 05:57:16,day,culture,1,0xfa21179f2cef2f61cb78e8340ae62b17f9271438,3687.035568916006,0.0,BABELCONSTEL
2026-05-16 05:57:16,day,culture,2,0x70d94a4ff67ed919a8480885cf0808afefe7a684,2342.0825689526173,70356.71988199999,naiiiiiii
2026-05-16 05:57:16,day,culture,3,0xd49b42bce7ea10bac53e2901c188cae20ea4bdf9,1814.435575118563,146663.240406,i18z
2026-05-16 05:57:16,day,culture,4,0xc33524280f96207900a18a83f024f6c3e9159fae,1493.2651091959997,0.0,volkanasil
2026-05-16 05:57:16,day,culture,5,0x5095e97281f28d4d8549fd3834802c24cbb793ee,1463.855260940676,1697.38,0x5095e97281f28d4d8549fd3834802c24cbb793e
2026-05-16 05:57:16,day,culture,6,0xdeac8d42a5400b2037d85317afde2765bb8b0216,1424.4435901795023,0.0,0xdeac8D42A5400b2037d85317Afde2765bB8b0216-1767901914988
2026-05-16 05:57:16,day,culture,7,0xc4d1a863e9cc45d02ba22d3a1ae9ba7822018ce8,1208.6365492809855,0.0,rdba
2026-05-16 05:57:16,day,culture,8,0x9c660d56752ef267126a29b40d35031a8b2321eb,1198.6727019499394,1030.72,cityBoiii
2026-05-16 05:57:16,day,culture,9,0xad26ed572b684589dda70cc5a2c7aed665657310,1184.757224985,0.0,0xad26ed572b684589dda70cc5a2c7aed665657310
2026-05-16 05:57:16,day,culture,10,0x44a1159b925c145e70f746bb3f0f58380553bd21,1143.6018139200241,12258.272016,yupiiiiiiiii
2026-05-16 05:57:16,day,culture,11,0xaca23974e2b8131efbafaa1fe03ea9595ea0b9a1,1124.964099393721,2368.35465,ellio8989
2026-05-16 05:57:16,day,culture,12,0xde0463ea7f611b065e8ab06bbfbddad75e6dfa37,1097.8564580027596,4817.10154,mwenya
2026-05-16 05:57:16,day,culture,13,0xc9174e8416aa2c395e9d6b7d24b55a15a9c1c359,1001.3970658574976,0.0,ec260
2026-05-16 05:57:16,day,culture,14,0x44fd6c291a43287728329b9b59c0a75c02c9b634,998.9750943419986,0.0,quiteimprobable
2026-05-16 05:57:16,day,culture,15,0x33f832b83b52aa61967fb8ecb2e753734767c5e4,968.1918195000017,0.0,fanat12
2026-05-16 05:57:16,day,culture,16,0xfb3ea19e8d80c3f39e68570f9b67a4c4f415e4bf,895.5137487744987,0.0,gosei
2026-05-16 05:57:16,day,culture,17,0x6979b1a23c14e5cf0c6d29310080841d19d4c2a3,850.5502886219992,0.0,CryptoVagabond
2026-05-16 05:57:16,day,culture,18,0x1e82e3eb816aaf755ac9b44bc9d98f01b08aaf92,796.7898338413906,54473.46750099999,0x1E82E3Eb816aAf755AC9b44BC9d98F01b08AAF92-1772042958755
2026-05-16 05:57:16,day,culture,19,0x594edb9112f526fa6a80b8f858a6379c8a2c1c11,744.3923728484983,0.0,ColdMath
2026-05-16 05:57:16,day,culture,20,0x51c7cc53f995e30544d7357dfd271eea77616dcd,729.7368491999999,0.0,username7890
2026-05-16 05:57:16,day,culture,21,0x6db983ff1cbc85249e64e6ccd101aaa613ba4ab5,695.2067178804064,93492.35,tsihkodiives
2026-05-16 05:57:16,day,culture,22,0x8adb83cfbfa7095809221a75aeadd1ad48a6e4f6,634.1424934850002,0.0,nobody2somebody
2026-05-16 05:57:16,day,culture,23,0x7b174f852722db65501bc534de12e231f59451b1,617.7863155179975,0.0,cryplor
2026-05-16 05:57:16,day,culture,24,0xc15b833b6991e5dbcaca029f7d0f951e5db238af,532.2605659382534,73.519665,tooy5245
2026-05-16 05:57:16,day,culture,25,0xb57a6e67c1d397cddd68845a4c01b4860cfbb8c3,531.9649999999999,0.0,PikaCHU448
2026-05-16 05:57:16,day,culture,26,0x36901eb0f21519cc9055662a6d2483e96da1e16f,488.0631548317833,38931.208804,melchior1248
2026-05-16 05:57:16,day,culture,27,0x44477de6e7db675291c8b5bcce6b938d178ce040,483.1581268019993,0.0,Thor.777
2026-05-16 05:57:16,day,culture,28,0x765fa4c18dd7c3607cdcee7a87681747c2d51508,476.8793760289982,0.0,0x765fa4c18dd7c3607cdcee7a87681747c2d51508
2026-05-16 05:57:16,day,culture,29,0x2e4818113b183641c2b3f25ca6b4c962c57a95c7,476.6031597304957,0.0,EfygeEfyge
2026-05-16 05:57:16,day,culture,30,0x8565b21d736741147592264d75cc26ccf2040c43,458.76230000002397,0.0,dddtrips
2026-05-16 05:57:16,day,culture,31,0x5d5a68ba12cf0264ea2dab626d99abb9a71c4289,455.0772468218799,54.88,arongarongarong
2026-05-16 05:57:16,day,culture,32,0xaae9b2c5ad90e82b5068c7f8a4b491997633d661,441.76647880946155,774.597555,ZorroDeLaVega
2026-05-16 05:57:16,day,culture,33,0x62ad81eddc36cc1e26234c908a69277bce9779fc,436.98852111299743,27246.923635999992,win-at-all-cost
2026-05-16 05:57:16,day,culture,34,0x0957bf4725f6d0c62428f356d40d5cf7eeb977e8,430.4125324678322,16200.180902999999,Daniel.Wang
2026-05-16 05:57:16,day,culture,35,0x3327d77e10d42e6631781620706530880f99d03b,425.8857397116317,441.99394600000005,0x3327D77e10D42e6631781620706530880f99d03B-1771463443842
2026-05-16 05:57:16,day,culture,36,0xbe78735039230635d5debcdc11400619d7e2c533,424.65588932600804,1098.38,splatloud
2026-05-16 05:57:16,day,culture,37,0xe72bb501df5306c75c89383d48a1e81073fbb0a0,396.3551677918349,26775.200508,norrisfan
2026-05-16 05:57:16,day,culture,38,0x22d3f8a94992261392eed316429b466d72895e3a,338.6212459222761,4896.193686,tiburon
2026-05-16 05:57:16,day,culture,39,0x81f58b61c1df6dabf5b4141bba2168f4240fc44e,338.2086033160001,0.0,Sparatokos
2026-05-16 05:57:16,day,culture,40,0x6a9743e7872cb5e321ca2eb97edc907bc6c14800,338.10337201627226,8261.67,Losingedge
2026-05-16 05:57:16,day,culture,41,0x5188fa0e8a77e87bc6a58e6781fdfc4e165cc804,324.95117164400654,0.0,AllByMyseIf
2026-05-16 05:57:16,day,culture,42,0x2136af6ba9332e2947d5c477aa8ab807f64cee56,319.07924986500075,0.0,agagyu
2026-05-16 05:57:16,day,culture,43,0xb10047d6a254b2ebb306d7a7d13bf59171ab6461,313.32964820713096,0.0,Parz1vaI
2026-05-16 05:57:16,day,culture,44,0xf2938afd7a299b30b128af2da9f8aa549f7165ee,305.0785718,0.0,0xf2938afD7a299b30b128aF2da9F8AA549f7165Ee-1774799639099
2026-05-16 05:57:16,day,culture,45,0x683746bf62f31853308f2b0ff06cee75e40e15e1,290.3168788799958,141.48,golfpro2025
2026-05-16 05:57:16,day,culture,46,0x197040709ae61627d3685a8d6ce1f9e82e6b398d,283.20295979178786,4968.453299999999,HerlihyM92
2026-05-16 05:57:16,day,culture,47,0xf02105d60083d7d74d7e0f9785d79e06137cdf56,278.6364868089968,0.0,MollyParkets
2026-05-16 05:57:16,day,culture,48,0x41f095a4232b57558a6db41ffa2a4819e0443eeb,275.73823700349885,0.0,irmants
2026-05-16 05:57:16,day,culture,49,0x36b0df162014272f49f60e717aab146119dc9cb3,274.24721472412966,3843.074821,onnii
2026-05-16 05:57:16,day,culture,50,0x5576a27982ec9dee5296ab59d075868384370a66,274.0066648,0.0,poolyking
2026-05-16 05:57:16,day,culture,51,0x7c2c96af5bdadc1818360ac33ba77718c5a3407e,271.92224899449866,6030.111481,0xMitsuki
2026-05-16 05:57:16,day,culture,52,0xf595b90157f56cf652fdcd2d27c83b70beebbfb5,271.89047125632203,25513.070053000003,freedl21
2026-05-16 05:57:16,day,culture,53,0x5edc7bba7516cd28dc886ad576ba197bb114bbad,271.12972265056135,12170.10528,Tee1000
2026-05-16 05:57:16,day,culture,54,0xe7258d16da3a2393442d0ebccb7ef5879f11e5b9,267.59772449999946,0.0,Romo99
2026-05-16 05:57:16,day,culture,55,0x52e3ddefd4d851adf4c181bfe496dd99d66782d2,265.7386596830029,0.0,0x52e3dDefd4D851aDF4c181bFe496dD99d66782D2-1774177146439
2026-05-16 05:57:16,day,culture,56,0x9186257f5881a068874a329efeabd542085a9220,256.41062801849876,0.0,TomTurbo
2026-05-16 05:57:16,day,culture,57,0xfffadf38a520cd5a0035ff52d7fceb436a08864b,252.39047823449073,0.0,GoriIIa
2026-05-16 05:57:16,day,culture,58,0x3ab5ad27c676c4be1218397912eab5396e6de56f,241.2247179735,0.0,Obamnna
2026-05-16 05:57:16,day,culture,59,0x23ed02fdee555e7a7790f9ce79efccebf9dfaebc,232.74966200255682,3760.9110669999995,niglette
2026-05-16 05:57:16,day,culture,60,0x2c8d4bed2950e9238137a6ec3dc1ad486a4165e7,232.64655925499898,3920.0,Fund01
2026-05-16 05:57:16,day,culture,61,0x38e59b36aae31b164200d0cad7c3fe5e0ee795e7,229.8921574849992,10723.11,cowcat
2026-05-16 05:57:16,day,culture,62,0x3f80b0b67bbafe58017c72d8b7f44b9723812804,224.95823631949997,0.0,ace901212
2026-05-16 05:57:16,day,culture,63,0x2301fd5f64589eb5110d54abfd92b41acb767fa8,223.79210110999998,1300.5,sundaylines
2026-05-16 05:57:16,day,culture,64,0x161266ecc74ef88b600c35d468a3ac4c01d47287,217.92659931000026,789.96,zhau3
2026-05-16 05:57:16,day,culture,65,0xbac4990827365cd6458abd90c4c42cd41dc51ab2,213.98596688199905,206.029,LazyWanker
2026-05-16 05:57:16,day,culture,66,0x4c5f5e124eb0a79a7e12eb8a35c8a9b08253356a,212.15857607399994,0.0,c76A
2026-05-16 05:57:16,day,culture,67,0x70a795a52d0d6c5d6b5b670a9eca300c66d1b884,206.33760000000166,0.0,troxa
2026-05-16 05:57:16,day,culture,68,0x4a2be7a7e6e3b41dc2de00706b4c09660ca9af20,206.13217651849982,0.0,troim
2026-05-16 05:57:16,day,culture,69,0x05e2f520faf6e7b9e8a6f34f723ceb5eea3dea88,206.11187850700662,0.0,cledisidiot
2026-05-16 05:57:16,day,culture,70,0xe542afd3881c4c330ba0ebbb603bb470b2ba0a37,202.76158234349896,12400.377531,leegunner
2026-05-16 05:57:16,day,culture,71,0x8ad87895baa9bdaaf4036beda6db007a724dcd62,202.26817142650134,0.0,PERASTIKOS
2026-05-16 05:57:16,day,culture,72,0x99e135f3d9c3244ad3b8502fa2b974cf3e5065c8,200.99383324300288,0.0,igibliq
2026-05-16 05:57:16,day,culture,73,0x37f8b617d9c575d2af96f095153aa7bb99922fa8,200.96884972499947,0.0,UkraineFisrt
2026-05-16 05:57:16,day,culture,74,0x0be288d594aebb705baee6e70bfd0b4151bb9919,199.0412826219972,0.0,cuteB
2026-05-16 05:57:16,day,culture,75,0x6770bf688b8121331b1c5cfd7723ebd4152545fb,195.64237932879405,46796.194377,TheGreekTraderPM
2026-05-16 05:57:16,day,culture,76,0x33dc94213f8b03d7cca8e80639b722f160425051,190.93087554219724,1080.412589,0x33dc94213F8b03D7Cca8e80639B722f160425051-1776069524824
2026-05-16 05:57:16,day,culture,77,0x28ca4e9a04531f2eac0c2770f95db4e1c6a65d19,182.05133783349993,0.0,DuneMentat
2026-05-16 05:57:16,day,culture,78,0x5136541bced26e7c2bc20550cc26345f7d4a0e4f,181.1773529991176,6289.062668,JordanMooney
2026-05-16 05:57:16,day,culture,79,0x0562e01b3c3e65bb93bf0de32f02cec238a79d66,180.83957658500003,0.0,iForgor
2026-05-16 05:57:16,day,culture,80,0x817997d188ab6a5bc85180d561b727401b044403,178.39120099600007,0.0,politickler
2026-05-16 05:57:16,day,culture,81,0x3a8aa345d5db7ec5138298c8c4f4540259be7699,174.99963156050217,0.0,TheReturnOfDarthMaul
2026-05-16 05:57:16,day,culture,82,0xbab61261c15b53e6a0caa2cd21e0098c725650a2,173.54832076499997,0.0,sanalid
2026-05-16 05:57:16,day,culture,83,0x47333947e52c38129b9598005e9260c96b8b93a2,171.24385000000007,0.0,nascoo
2026-05-16 05:57:16,day,culture,84,0x998154d8eb4ba7c4b34b10d76b9742d922d7dec4,170.62277415442804,327.909089,EscalateFund
2026-05-16 05:57:16,day,culture,85,0xa45cdb0a5ba4629b5c7860dc3f310978a4dd1d10,168.90654182700382,0.0,lnkybtc
2026-05-16 05:57:16,day,culture,86,0x7dcf235766e6b09c8869468a75d5495cf171a7bd,168.0626657859999,1209.8161890000001,godblessme2026
2026-05-16 05:57:16,day,culture,87,0xd1c769317bd15de7768a70d0214cf0bbcc531d2b,165.637770000023,31275.54,033033033
2026-05-16 05:57:16,day,culture,88,0x671a326088dea34b79c51947e4a92c83545a2f1e,161.7024215693641,4926.740965,GingerMcKenna
2026-05-16 05:57:16,day,culture,89,0x2924d14ef7fb302d7d520c2394310409fce5dcde,158.06219359369425,3884.1297490000006,fuuufu
2026-05-16 05:57:16,day,culture,90,0xf344ef6e63c9bc50ce232c32e14b909e2e19390b,157.51316840000027,0.0,0xf344eF6e63c9BC50Ce232C32E14b909e2e19390b-1771200259702
2026-05-16 05:57:16,day,culture,91,0x40c78f560579f593f2412fb8559ecdf944791d56,156.29833296099997,0.0,0x40c78F560579F593f2412fb8559ECdf944791d56-1778879520302
2026-05-16 05:57:16,day,culture,92,0x42477970683d4d0a52ec7082fee5d760cc5591c4,156.05877666256492,2245.881282,0x42477970683d4d0a52ec7082fee5d760cc5591c4
2026-05-16 05:57:16,day,culture,93,0x955c9661bf6e010beff0ba896a49f715a8c8990f,153.84090810003545,1335.9,0x955c9661bf6e010beff0ba896a49f715a8c8990f
2026-05-16 05:57:16,day,culture,94,0x56c950d29fbc829f4633c8b440d6891cfa5eafe7,152.92391818000033,0.0,Yalokin
2026-05-16 05:57:16,day,culture,95,0x8bfe1a051ca40ec2e0ba5b842e2818496cf7c44d,152.41103859549958,0.0,Artems
2026-05-16 05:57:16,day,culture,96,0x942e79166821f3f4e67872e44f1672fcccd2be27,147.46740821654748,9685.899049,smallreceipt
2026-05-16 05:57:16,day,culture,97,0x07557e7e543c7e5d808a1ba8d7ecb8188318117b,145.28314999999986,0.0,0x07557E7E543c7e5D808a1ba8D7ecB8188318117b-1776005366381
2026-05-16 05:57:16,day,culture,98,0x52565245255df6b4a086cd75ba62fe941ced304c,144.851812095,0.0,warmaPerus
2026-05-16 05:57:16,day,culture,99,0x645a91730f588c5586e8860936a7e3554303fd84,144.817073372356,39.158587,nobtc
2026-05-16 05:57:16,day,culture,100,0xff4b1f20ab269d3f82287428537f8b533cbfd019,144.42241667548205,1144.5134,Hjklm
2026-05-16 05:57:16,day,mentions,1,0x2785e7022dc20757108204b13c08cea8613b70ae,26145.910709255022,0.0,poorsob
2026-05-16 05:57:16,day,mentions,2,0xc8ab97a9089a9ff7e6ef0688e6e591a066946418,5990.074354255521,8454.053852,ArmageddonRewardsBilly
2026-05-16 05:57:16,day,mentions,3,0x92a6294cd55b9c6ccd57efaffc365ad943118b84,2256.146216131704,1.0886,Trustinghorse
2026-05-16 05:57:16,day,mentions,4,0x134a63b764ac7b008356e8db1857db94e6b09e42,1879.9613599664299,0.0,Bertapotamous
2026-05-16 05:57:16,day,mentions,5,0xbacd00c9080a82ded56f504ee8810af732b0ab35,1678.0748384414983,0.0,ScottyNooo
2026-05-16 05:57:16,day,mentions,6,0xb9d33c40da4707ec8f153c5886d2a67d6f584101,1587.0471933125045,0.0,silenceOfTheLambs
2026-05-16 05:57:16,day,mentions,7,0x7e30c3a56d89edac738d788dd218a9e64fb91e50,1480.9419633049974,0.0,Debosnys
2026-05-16 05:57:16,day,mentions,8,0x1cc16713196d456f86fa9c7387dd326a7f73b8df,1399.56268719754,0.0,Wickier
2026-05-16 05:57:16,day,mentions,9,0x8c76c4787bf236398d2d1a42dd3e8af1393206ac,863.5079406101951,21129.036988,MajoriT
2026-05-16 05:57:16,day,mentions,10,0x560259988aa71630f4f7cc702008602391e41480,856.6526598980025,0.0,TwoTierKeir
2026-05-16 05:57:16,day,mentions,11,0x3c593aeb73ebdadbc9ce76d4264a6a2af4011766,751.0127788649697,0.0,eightpenguins
2026-05-16 05:57:16,day,mentions,12,0x4a2be7a7e6e3b41dc2de00706b4c09660ca9af20,544.1874809098645,19640.649008000004,troim
2026-05-16 05:57:16,day,mentions,13,0x63d43bbb87f85af03b8f2f9e2fad7b54334fa2f1,506.60738795999714,0.0,wokerjoesleeper
2026-05-16 05:57:16,day,mentions,14,0xd43fc4ecfaf5a3d75d79c4d046d2dced9e9ef1fc,342.1162499999991,0.0,zine13
2026-05-16 05:57:16,day,mentions,15,0xcb59ea1babf3b26ea50088057e427ab0ed8f0a22,271.3986058933624,6492.629999999999,BeneGesseritVoice
2026-05-16 05:57:16,day,mentions,16,0xb10047d6a254b2ebb306d7a7d13bf59171ab6461,246.49147359518975,14425.235,Parz1vaI
2026-05-16 05:57:16,day,mentions,17,0x178d913891fee26e0380817f7689d41d33e474ed,244.50300521000008,0.0,texture
2026-05-16 05:57:16,day,mentions,18,0x0562e01b3c3e65bb93bf0de32f02cec238a79d66,231.75220256800458,0.0,iForgor
2026-05-16 05:57:16,day,mentions,19,0xc0cdf9dd4d1c688f648d31636242537a37ac0aa9,219.4954311030001,0.0,thanksmom
2026-05-16 05:57:16,day,mentions,20,0x995937f2b90f0235b9773baa4bc83455ada8d99b,217.2179899570001,0.0,37ordinary
2026-05-16 05:57:16,day,mentions,21,0x9bac9cc44f57fbd31a02f4fe08545ccdc8958684,195.92215249999754,0.0,mumps
2026-05-16 05:57:16,day,mentions,22,0x7523cafcee7bcf2db9a79d80e0d79b88a9a54c4c,184.4906348749937,5128.04975,DonaldinhoTrumpito
2026-05-16 05:57:16,day,mentions,23,0x68722f6d6e51947c88724c3f382b60f4f8cc876f,180.4403777598418,10891.77333,Pycckue-Ha-Mecme
2026-05-16 05:57:16,day,mentions,24,0xdfe3fedc5c7679be42c3d393e99d4b55247b73c4,169.99896803199954,0.0,cqs
2026-05-16 05:57:16,day,mentions,25,0x23d96a68eeb7b5d64a086a3ce2e4f242d6fa3a2e,166.17688499999986,0.0,uhhh
2026-05-16 05:57:16,day,mentions,26,0x1c144e30f405a25f991cbd8baa15d40599090869,159.01529151898285,0.0,bernardbulletin
2026-05-16 05:57:16,day,mentions,27,0xa5e3044fd953605f9407d58c76e48fd75a394d7e,148.15277017437438,992.540625,peepeepooppoop
2026-05-16 05:57:16,day,mentions,28,0x66c1a6fe836ff555ca32848646acedbbe93bfa3f,144.13666899997042,0.0,Barkbishop
2026-05-16 05:57:16,day,mentions,29,0x78048aa26ac1967566b8ed11910b529e5f2d7025,136.00288999999793,0.0,HorribleWork
2026-05-16 05:57:16,day,mentions,30,0x44c1dfe43260c94ed4f1d00de2e1f80fb113ebc1,133.69292735630006,10000.0,aenews2
2026-05-16 05:57:16,day,mentions,31,0x6df6e2a9ba1e8d7609daada0a83138817f4a8458,131.5777810690015,0.0,AvishaiBass
2026-05-16 05:57:16,day,mentions,32,0x9a3fa403a6666eef75f92f181fcf13f9c051914a,121.90050309747858,450.0,Rex416
2026-05-16 05:57:16,day,mentions,33,0x95074f700f93bdf6e62fc965e0832064c0877b04,101.98159951611251,1636.363632,Ox95074f700f93bdf6e62fc965e0832064c0877b04
2026-05-16 05:57:16,day,mentions,34,0xbd0477e08d82d35a855ff19644a88a9213d8fbb0,98.17267718999938,0.0,yuhyuhyuhy352352
2026-05-16 05:57:16,day,mentions,35,0x2c3928af89565c352afe8e2a1b25deed77a056dc,94.48618660549982,0.0,Dragontree
2026-05-16 05:57:16,day,mentions,36,0x02988e03673a3f31d269c8ae735971dcd7a993c4,92.85419782299778,0.0,maye2000
2026-05-16 05:57:16,day,mentions,37,0xa8c63f775ddbbe66b56614191747def3021444e8,90.69964424098907,0.0,Tenebrus7
2026-05-16 05:57:16,day,mentions,38,0x002dcd37b0b8fa8db98236e599fe1b90d6272561,89.03663265185241,4999.999284,ThePortrait
2026-05-16 05:57:16,day,mentions,39,0xac4a1fabdac2438d6afa2a9e8e83845310a0bf1e,86.11948260339432,569.115159,HerrieDavis
2026-05-16 05:57:16,day,mentions,40,0x368ba69507fd67972059fa178af5e459b72f2458,77.62332914499984,0.0,RockyZet
2026-05-16 05:57:16,day,mentions,41,0x22dbd51e1a4e10fff072fa24300238c64033190f,76.26331841402134,0.0,SusanWarrenHR
2026-05-16 05:57:16,day,mentions,42,0xdaef2be2a19ad331737d06545f85615b094554e9,75.54778603799787,0.0,UCF-BIGGEST-FAN
2026-05-16 05:57:16,day,mentions,43,0xecef29d3d91b251c9e24dcd84ac242cb1702b593,74.05823602147188,1030.945713,Dargdarg
2026-05-16 05:57:16,day,mentions,44,0x7c3db723f1d4d8cb9c550095203b686cb11e5c6b,73.05261603945837,0.0,Car
2026-05-16 05:57:16,day,mentions,45,0xb17d4706e45bf0935acc338162bd40af837e59ae,71.85019629499993,0.0,Mithrandir.
2026-05-16 05:57:16,day,mentions,46,0xf797d4d1c038d1eb0593edae0e66bf8e4b2e0bf2,69.4611358070033,0.0,DerDon
2026-05-16 05:57:16,day,mentions,47,0xb39adcc8220bb8f947591a09ba11517de2a5abed,68.1867752390001,0.0,Monitor4ALiving
2026-05-16 05:57:16,day,mentions,48,0xc781e8dd03946230f2f32ab36077998bcb4a59d7,64.56837105842357,12549.989024,Alphax
2026-05-16 05:57:16,day,mentions,49,0xfeed9e76553897c6212751e7965271463e431d71,63.241357358651996,19943.862108999998,0xfeEd9e76553897c6212751E7965271463E431d71-1778823162792
2026-05-16 05:57:16,day,mentions,50,0x2d5bf7fe9ea443f63efa2e03afd9ea05d8375d41,58.90257837500019,0.0,RPhil2012
2026-05-16 05:57:16,day,mentions,51,0x99518fa0d201e7542ea2b852809da5a5c8d811bd,58.33872999999994,0.0,imnice
2026-05-16 05:57:16,day,mentions,52,0xb37f3f453a78aebc6f39bf577f2d53708dadfdcf,56.6682298369999,2.631577,Wwx
2026-05-16 05:57:16,day,mentions,53,0xdacf9f8d0341fa3770fae5c7ccd9dcfed23e3c74,55.05330734799645,0.0,CosmicCedar
2026-05-16 05:57:16,day,mentions,54,0xd1091712f4ed0e17261feb174f5c080977506fa0,54.78116999500071,300.0,smallf
2026-05-16 05:57:16,day,mentions,55,0x3f5e36cc4b759df96507d87718881118c5b4ddaa,52.61173653799983,0.0,WinnieTheDog
2026-05-16 05:57:16,day,mentions,56,0xc7d02944a76b9f83b199e9090ecc92c82d241f8a,50.65174820399989,0.0,0xc7D02944A76B9F83B199e9090ECC92C82d241F8a-1776944395495
2026-05-16 05:57:16,day,mentions,57,0x0cb10c40b0776e9ee8cef970af85724654dda76c,49.34866999647056,0.0,ninjaslashed
2026-05-16 05:57:16,day,mentions,58,0x277989790d4a8c782d7a4992e13c2dcaa031239a,45.64006957600941,6352.320656,bigbond
2026-05-16 05:57:16,day,mentions,59,0x6e881e6e5035cdbb7c2208013af4db2793b2bd30,45.10000000000127,0.0,alligator.
2026-05-16 05:57:16,day,mentions,60,0xecf4d3d0a960f0f4460761fe4672a14479799979,44.20078394349957,0.0,ITHINKTHISISGODLOVER
2026-05-16 05:57:16,day,mentions,61,0x165ed327dd594bfe95a5a9836cad385813cff5aa,41.50981793199571,0.0,lidocaine
2026-05-16 05:57:16,day,mentions,62,0xd1c769317bd15de7768a70d0214cf0bbcc531d2b,41.14162324660538,20372.221194,033033033
2026-05-16 05:57:16,day,mentions,63,0x04f6dab1a3d35fc9ad828536cd0f493013fd311a,40.091952959999986,0.0,LineEditor
2026-05-16 05:57:16,day,mentions,64,0xc3d7b1c8278671c9d4dc00fc539b4c9eabdff076,39.93741999999975,0.0,tableaux
2026-05-16 05:57:16,day,mentions,65,0x77266604e63f5caf08d19caebae0c563ce064aee,39.83895149199998,0.0,strider2
2026-05-16 05:57:16,day,mentions,66,0x08141e126e884d921342bdb8618c5e44fe89e35e,39.20380120300001,0.0,bowen-nb
2026-05-16 05:57:16,day,mentions,67,0x3c4c03892f47d3166ee049a48a73d4743a17dd95,38.12126500000042,8232.14,RobertoRubio
2026-05-16 05:57:16,day,mentions,68,0xeba4f0b5eea60bfe6df14e2297e58d8c152a69fb,37.318104600000424,0.0,Lukasburner
2026-05-16 05:57:16,day,mentions,69,0x927ffeba73eb63ffb7e576aca7d32f78e54be7e7,36.437690174007,0.0,ClydeCash
2026-05-16 05:57:16,day,mentions,70,0x75003de792a09a4d0345913baf9c63d08faa567f,36.127979770000366,0.0,0x75003de792a09a4D0345913BaF9C63d08Faa567f-1763836802268
2026-05-16 05:57:16,day,mentions,71,0x68c24bf4a8ad4d79a6fe4b8eec6f93a02dfd1711,35.77028999999311,0.0,mombil
2026-05-16 05:57:16,day,mentions,72,0xa72aa09e0377b68615e00b6dd1db0c3edb0193fd,35.69965889499986,0.0,Rituximab
2026-05-16 05:57:16,day,mentions,73,0xd75af87133fc14de68cd83a9e8c5d999fa49fdec,31.22957954399999,0.0,fantastic55
2026-05-16 05:57:16,day,mentions,74,0xe562cfbf7b3292e0deb29a5b8fd3c38af4794fa9,29.771686013499902,0.0,Flnx
2026-05-16 05:57:16,day,mentions,75,0xcbff940cfb4d3a91a9dc1012d513c6046b16e8e7,28.557045722999774,0.0,Chicken14
2026-05-16 05:57:16,day,mentions,76,0xb51b3beffd13cde071ed799e70a7b0b598e8b4d9,28.21303936450022,0.0,cambridgeisaac
2026-05-16 05:57:16,day,mentions,77,0xb2c176d18e8582a16e9219856fd29f5d0f384cf3,27.32154999999989,0.0,0xb2C176d18e8582A16e9219856FD29F5d0f384cF3-1778748627296
2026-05-16 05:57:16,day,mentions,78,0x77c637c33e4cba1469690c9893633082ae480d2e,27.283281160575,118.679055,trsbt
2026-05-16 05:57:16,day,mentions,79,0x77fa7e303f7a8017016a8388ef7eba40a4a31a63,27.010818770221007,8799.943351,0x77Fa7e303F7a8017016A8388EF7ebA40a4a31A63-1764354685885
2026-05-16 05:57:16,day,mentions,80,0xb4c37670b8b6b9978467c183147fa620a6b70172,25.82044619200019,0.0,0xb4c37670b8b6b9978467c183147fa620a6b70172
2026-05-16 05:57:16,day,mentions,81,0xd5e2ac8c91c50e31157bcf1f9ad691bc7ad1c1a7,24.74981662999994,0.0,.chumpo
2026-05-16 05:57:16,day,mentions,82,0xc33d6aa3eb972639f31e46a6a02201cece380d40,24.430975063870505,200.0,penguinec
2026-05-16 05:57:16,day,mentions,83,0x35e36faa4cf1488d120580302ed1d149be749188,24.400420253999926,918.27,0x35e36FaA4cf1488D120580302Ed1d149bE749188-1775509899044
2026-05-16 05:57:16,day,mentions,84,0xbd3159fee50dcd5b3efe437879b3eaef2e998004,23.953339999996388,0.0,govalorant
2026-05-16 05:57:16,day,mentions,85,0xc31516291191961a882c5b6e22fe9ba8035afe18,23.250266134999976,500.0,Noooooooop
2026-05-16 05:57:16,day,mentions,86,0x0b652d3e55be0e1d50c2f7be39358585c415293e,23.250119028999947,0.0,Bromley86
2026-05-16 05:57:16,day,mentions,87,0x2d99e29c4f066ba32098c65e4c7454b277d94ca3,23.249828794001587,0.0,scout
2026-05-16 05:57:16,day,mentions,88,0x57b00c3ccef1b6bd6962fb9ca463c4e0b38e76f4,22.890981049000402,0.0,tkou
2026-05-16 05:57:16,day,mentions,89,0x0b97c6b3e2eedcf896b0d2c8d9b8a9caa0390efe,21.77831647700077,0.0,winner123
2026-05-16 05:57:16,day,mentions,90,0x4f9d7f749752e8084cff681c70596231d17d9854,20.548898239349796,149.38895,chanting
2026-05-16 05:57:16,day,mentions,91,0xc13bcbbdbad135c3a325771f0d49336b099ef908,19.99336634700012,11.84,volaris
2026-05-16 05:57:16,day,mentions,92,0x1008ff774c94532972f523298c79dc67bf106a65,19.735614999999825,0.0,0x1008ff774c94532972F523298c79DC67BF106A65-1777637606821
2026-05-16 05:57:16,day,mentions,93,0x94bbb8f7632d11dead6b8970646ad5655a5fc320,19.4855377399997,0.0,Praescientia
2026-05-16 05:57:16,day,mentions,94,0x6e532e0dc877f0da4b8b9022e287b760914222ed,18.879003947604048,5.142856,Should.have.vwaped.it
2026-05-16 05:57:16,day,mentions,95,0x53e55bc7cb3d67ad177c023ce891ad076a9d6177,18.72465000000375,0.0,Arbguy
2026-05-16 05:57:16,day,mentions,96,0xd8d5289c35124b5353f5a10a28b8cc29aec38935,18.15862043750076,0.0,D8D5289c35124b5353f5A10A28B8cC29aEC38935
2026-05-16 05:57:16,day,mentions,97,0xe8f71aafd51cbc67bb010575ee12afc776d87ead,18.039144300000032,0.0,0xe8F71aafd51cbC67BB010575EE12Afc776d87Ead-1771987822532
2026-05-16 05:57:16,day,mentions,98,0x6bab41a0dc40d6dd4c1a915b8c01969479fd1292,17.77949999991688,0.0,Dropper
2026-05-16 05:57:16,day,mentions,99,0xf1f81d40ae910099e1a65addb54942e76ca0f4cb,17.430634870000006,2299.81,kamikazetrading
2026-05-16 05:57:16,day,mentions,100,0x705d3110b0b4d33fba025f6b36adb2d35c2bf3a9,17.098757257001125,0.0,HugeSilver
2026-05-16 05:57:16,day,weather,1,0x44c1dfe43260c94ed4f1d00de2e1f80fb113ebc1,25787.65667310718,11000.0,aenews2
2026-05-16 05:57:16,day,weather,2,0x0d7e9ddc0a0e6a7cd703ce8d1c0fd3b517a7cb13,17026.048647647203,0.0,CW1975
2026-05-16 05:57:16,day,weather,3,0x70ffe7b3911e0a9474029a42ab8b2f57b799b65f,15030.610083671656,34165.076025999995,MtnMark
2026-05-16 05:57:16,day,weather,4,0x5b6331e7ff0831a3fe2ed12004747db1a9c911a4,9174.126216357248,13.342856,neutralwave23
2026-05-16 05:57:16,day,weather,5,0xc4a0b4e733bd27a9395527f7d9b5e392ffe6bc3c,4676.8040337502,9152.22556,dmatthew05
2026-05-16 05:57:16,day,weather,6,0x4a2be7a7e6e3b41dc2de00706b4c09660ca9af20,4454.583540914631,19292.937506000002,troim
2026-05-16 05:57:16,day,weather,7,0x13325d9b757264ba28c0195d95b06ad08df42b23,4254.325711928001,0.0,Tyler.Durden13
2026-05-16 05:57:16,day,weather,8,0x2b670a311561dcaf741d8155451774d3fa7fb814,2851.8471921229248,17413.165198,0x2b670A311561DcAF741D8155451774D3Fa7fb814-1778467735876
2026-05-16 05:57:16,day,weather,9,0xf9b71663d723d28fa455db659098e1dacde860a4,2343.313647507335,0.0,siick
2026-05-16 05:57:16,day,weather,10,0x375d4a9d3933eb2449e9975dd4004297ce90983e,2143.553745,0.0,kaaazz
2026-05-16 05:57:16,day,weather,11,0x0c158a0ffd934322d3a247613dd3fac9e987944d,2138.796584344496,0.0,etar
2026-05-16 05:57:16,day,weather,12,0xda8ec0db5b2e1b6d22516dd9bc6e139a6c9e3edf,1980.87525171063,0.0,Jamesb78
2026-05-16 05:57:16,day,weather,13,0xce0ceeb1d84a95e60a4a28ea19ed3efb58092945,1933.9770498019998,2022.98,0xcE0cEEb1D84A95e60A4a28Ea19eD3EfB58092945-1767950962360
2026-05-16 05:57:16,day,weather,14,0x7d490dbf97e703d01da643b1674c595261244f7c,1921.9902228004999,0.0,maria.masullo
2026-05-16 05:57:16,day,weather,15,0x31c518f864d1394361fec967b3daa9093a86ede4,1825.880153428,0.0,BTCGambler247
2026-05-16 05:57:16,day,weather,16,0x8a98109fb0f1d87d9bfcb4486ba3587b95c51b92,1782.91582667,7599.07,0xd8dA6BF26964aF9D7eEd9e03E53415D37aA9604
2026-05-16 05:57:16,day,weather,17,0x80cf0749b26556cb2ce5bad513388309865d614d,1729.7906091080001,0.0,TRADER420
2026-05-16 05:57:16,day,weather,18,0xc9c745d6081005d4a14e6b6965fa0d697a114e5b,1706.4906060267201,0.0,TPW1
2026-05-16 05:57:16,day,weather,19,0xd5b97d08ec6098407bfbf66c2786ccc9967fe44e,1538.4841161560003,0.0,Optimus-
2026-05-16 05:57:16,day,weather,20,0x9cc9d7766000d621e39dc9865a9920b1f224ac05,1508.88722228,1579.98,Opium-
2026-05-16 05:57:16,day,weather,21,0xbcf7294daaeecaa979fa4589704a667eb34d6403,1479.4661454612478,0.0,0xBCf7294daAEeCaA979fa4589704a667eb34D6403-1777703838628
2026-05-16 05:57:16,day,weather,22,0x14af785c657ec6c0f043fe89aba2a6c1a0a48acb,1451.196771573,0.0,Hantaman
2026-05-16 05:57:16,day,weather,23,0x0886b39e5ef38fd23c070e214f739e730282b3a6,1446.981257458298,0.0,cyberhei
2026-05-16 05:57:16,day,weather,24,0xcc2620f9e3cb4498e8aea556764ec341357932ca,1410.605888,24207.531059,0xacd00c9080a82ded56f504ee8810af732b0ab35
2026-05-16 05:57:16,day,weather,25,0xa6b7ebd5ce137c3b5d56f896a52eba71702bd5f3,1355.7888522910998,3859.013589,Relaccsed
2026-05-16 05:57:16,day,weather,26,0x03710baffa9885597676ed34778136ea36e170c3,1352.2542133360002,0.0,J4RL3M
2026-05-16 05:57:16,day,weather,27,0x6c4c57c93529c8d223b9b7571611a12c6855ea0c,1339.5417558230001,1401.19,mylee31
2026-05-16 05:57:16,day,weather,28,0x3dd3035809b0969b8d14dcbf2be8b3e7324dccac,1273.1349910027761,11752.4472,Maskache3
2026-05-16 05:57:16,day,weather,29,0xdf17f4a8dd01a4cfa6fc3da323a2baee5f8697d1,1214.4128776292273,12395.356283000003,Bright-Vault
2026-05-16 05:57:16,day,weather,30,0x3b5ba62bdbc408fe7800513c07db6b40a8b526fa,1201.934976775,0.0,herewe
2026-05-16 05:57:16,day,weather,31,0xf464a56b9717c518a34433df614295235f556983,1015.181427858,1079.98,simvan
2026-05-16 05:57:16,day,weather,32,0x8454f39e7fa6957dfbf1ecc574820ada1c92331a,961.0,0.0,cripes3
2026-05-16 05:57:16,day,weather,33,0xdcf85d11be9d97084765d7b76db8989c78e693c6,960.9975975000001,0.0,f2kus
2026-05-16 05:57:16,day,weather,34,0x65bf3bfd2cd0506e8e41752a01e7af7817c94b91,916.769824185,1006.3299999999999,MagicEightBall
2026-05-16 05:57:16,day,weather,35,0x168205abe04b2bbc665fada09297e284edec26ca,882.390651,3362.7799999999997,wrewerwrwrw
2026-05-16 05:57:16,day,weather,36,0xb2ef91409df27ba0f582284f23f7b47d00ed90e2,875.1126106743511,2350.666163,gambler-666
2026-05-16 05:57:16,day,weather,37,0x745dd57d850aed219333c543f8216651d6b3e109,858.0918566026999,0.0,ThomArthur
2026-05-16 05:57:16,day,weather,38,0xae2e04fe9d8ccba5e45ba17ddf9dfbef498c40ad,856.378157187748,8247.6846,0xa5Ed1Fa8CC5bA17DbF9dgS2c40aB8sC9e04fE9
2026-05-16 05:57:16,day,weather,39,0x614ef98a8be021de3a974942b2fb98794ff34f1b,841.836000000003,0.0,cookiejar
2026-05-16 05:57:16,day,weather,40,0x1cd1c161ed1d7d723970982e903d0899f3d753ab,840.631757541649,0.0,homewrecker
2026-05-16 05:57:16,day,weather,41,0x54a78f8c6e64572111c5683a9efeed25a04c881b,829.345944224,0.0,Laurenman
2026-05-16 05:57:16,day,weather,42,0x867149d900abf49270d9194900efc5e13e3ad4b7,808.5784021699998,450.47,MiserMaxxing
2026-05-16 05:57:16,day,weather,43,0xff72a6a01da59f9a8656e0ad39cdb048d0a4cdaa,803.7629023788795,5314.990000000001,SheepToken
2026-05-16 05:57:16,day,weather,44,0x6e306b34e0a1ad3443a1b0655b6472d448f352e3,803.628887057457,0.0,lizabetqueen322
2026-05-16 05:57:16,day,weather,45,0xedb28ad5259c13a30e5cbf6cfb85aa7c303dccf3,738.4715479818,0.0,cornz
2026-05-16 05:57:16,day,weather,46,0xdf8569815056da9653a721a44013b9150667eb4f,686.592287114,0.0,0xdf8569815056DA9653A721a44013b9150667eb4F-1773190744595
2026-05-16 05:57:16,day,weather,47,0x832bce13fa76d504c2b747587c274c996b423ae1,672.6949212149999,0.0,EscapeVelocity
2026-05-16 05:57:16,day,weather,48,0x927ffeba73eb63ffb7e576aca7d32f78e54be7e7,672.689647660316,0.0,ClydeCash
2026-05-16 05:57:16,day,weather,49,0xa3b4561a9ea060594f61a04b1803c77b31c28bf7,630.3835997599999,0.0,dylanknows
2026-05-16 05:57:16,day,weather,50,0x3b2ca1312bed6142f069090240b43d801aceecdc,626.0623243612479,1089.4254839999999,Fatbbbb
2026-05-16 05:57:16,day,weather,51,0xc7d02944a76b9f83b199e9090ecc92c82d241f8a,621.0905073581907,5627.182231999999,0xc7D02944A76B9F83B199e9090ECC92C82d241F8a-1776944395495
2026-05-16 05:57:16,day,weather,52,0x8d0930676d559cc8fb7d8af0c555791c1820143f,602.8898169071635,14314.900363000002,vip68
2026-05-16 05:57:16,day,weather,53,0x42477970683d4d0a52ec7082fee5d760cc5591c4,591.7619285534719,0.0,0x42477970683d4d0a52ec7082fee5d760cc5591c4
2026-05-16 05:57:16,day,weather,54,0x97f3f9f15c0063710c60d3ac9c40d17f4ba60eba,582.736898911,0.0,Investnow
2026-05-16 05:57:16,day,weather,55,0xaf17116ae2b1476032785a67bd5b7c8c05905c20,574.607545279554,1066.151913,huskyvs
2026-05-16 05:57:16,day,weather,56,0x5ee469962356413457dc488840845c5a33399904,564.232480589,0.0,0x5ee469962356413457dc488840845c5a33399904
2026-05-16 05:57:16,day,weather,57,0xf1ee2bbba039abd297a01dcb3f42b554171e5381,562.060710026,0.0,Mackler
2026-05-16 05:57:16,day,weather,58,0xf28fe54027fb3ef6a27b3989d360f002796a841a,551.373296495949,0.0,marki01
2026-05-16 05:57:16,day,weather,59,0x7fc0d609567e4f2cfe4939339f3a94b6f9b68e67,544.7802204069999,0.0,julienaldon
2026-05-16 05:57:16,day,weather,60,0x74957ea27ac4fbdee46d861fdae357859ff67fcf,533.8609871752687,3592.289274,ultralisk
2026-05-16 05:57:16,day,weather,61,0x2843e56657e712982ae4d933d14d339f3c200ac5,499.22077571548397,0.0,0x2843e56657E712982Ae4D933D14d339f3c200Ac5-1765968153966
2026-05-16 05:57:16,day,weather,62,0xe3e37bb1b17a0d2a986fa70ab3b1d8d3a11721d5,489.88750000000005,520.0,Bet63
2026-05-16 05:57:16,day,weather,63,0x4ce3f17be91c3d0d6dbfed7bd4d326957dec4291,485.3254545994296,2668.1800000000003,0x4CE3f17Be91C3d0D6dbFed7Bd4D326957dec4291-1768045938794
2026-05-16 05:57:16,day,weather,64,0x538d0b01de0a10e541c1c00429ac46c110c3b192,480.497252501,0.0,Dubbyd
2026-05-16 05:57:16,day,weather,65,0x2673145df81eb27a235be5bb58e6a2b711d27965,472.19696,0.0,0x2673145Df81eb27A235bE5bb58E6a2B711D27965-1775169243371
2026-05-16 05:57:16,day,weather,66,0xe1e7a9195bd148eb638e5f48648bed1773998a71,468.00824199140004,419.007142,Serg.Kar
2026-05-16 05:57:16,day,weather,67,0x044f334595a7fd42c143e11c8ec47f23c8d1d1f1,466.94925482548024,3432.039377,gghff
2026-05-16 05:57:16,day,weather,68,0xe1b361d6a6f237b9ed7534d19b232df8369e1426,435.83861588914596,0.0,tja
2026-05-16 05:57:16,day,weather,69,0xcbbc5e035504421b084ad9248b660f6e9618b5d0,435.464861215627,4109.7322859999995,VibeTrader
2026-05-16 05:57:16,day,weather,70,0x360d3cbee47573eb5700b550b5399cc230d8ca64,435.251827,4259.907875000001,0x360d3cbeE47573EB5700B550b5399cC230D8Ca64-1776701670290
2026-05-16 05:57:16,day,weather,71,0xe7387473b067235436884d16799777cf279edf65,434.1091403193409,2593.98,Huludubu
2026-05-16 05:57:16,day,weather,72,0xad529df14c293d77984a0137990a1441b25211ac,427.0672,2101.2,windtree
2026-05-16 05:57:16,day,weather,73,0x035909645bcec546a6814956c2be7f82c080a079,394.89412000000004,0.0,JMalloc
2026-05-16 05:57:16,day,weather,74,0xfd368530e2d6b22677eeb90c89b29e232670a832,391.85062183920354,2232.610987,0xfd368530e2d6b22677eeb90c89b29e232670a832
2026-05-16 05:57:16,day,weather,75,0xf56ccbb9d8158ae1dda67207d1f76acf2f81ad84,386.85483484298584,13555.927102999998,LXJXLJ
2026-05-16 05:57:16,day,weather,76,0x2bc8ba8fe0b8b8913ea4f6b53eb5369c8cbab4da,385.309536442212,412.974241,helvetic-samba
2026-05-16 05:57:16,day,weather,77,0x88f0c6e549fa75856b5c91f55f441a33b9e196de,384.4,0.0,0x88f0c6e549fa75856b5c91f55f441a33b9e196de
2026-05-16 05:57:16,day,weather,78,0x6faf1cd3e7e07ce5049c817c7d1dee924482de48,382.4130545966,1054.0619,a5wr7smt3aze
2026-05-16 05:57:16,day,weather,79,0x6b133170edaaae9d61c296ae8c7b9f43bb3bf125,379.6253901,500.0,Shevcov
2026-05-16 05:57:16,day,weather,80,0xbd066d8786e114caa6f663822e03609ea2fe29d2,364.3239747916864,517.0650750000001,0xbd066D8786E114CAa6f663822E03609EA2Fe29D2-1778848934597
2026-05-16 05:57:16,day,weather,81,0x38f50488b14a87769e0c5cd6c514b6c2e8ec6824,362.82864045439106,2619.9056170000003,neffff1
2026-05-16 05:57:16,day,weather,82,0xdc40bed433ca678b07083bd93537b66cb8d04ce9,362.26176163126,0.0,Majical
2026-05-16 05:57:16,day,weather,83,0x347811326b0c067544625c63019ff80c77fe211c,351.865071955,0.0,LilNan
2026-05-16 05:57:16,day,weather,84,0x034a286376436f5b03da07975f6180621bda9ddc,350.345022062,1891.05,0x034a286376436F5b03da07975f6180621bDa9Ddc-1774656201272
2026-05-16 05:57:16,day,weather,85,0x03eddadedcf74c1ade9b804e48bd1a3cc41f8f34,326.403233279,576.47,Domino2026
2026-05-16 05:57:16,day,weather,86,0x5be33cbfe9174bc7d29e40c12b02098fcb1327a5,314.06368639479285,1202.847988,Holyaurafarmer
2026-05-16 05:57:16,day,weather,87,0x420e8deb590ad77ff5b2f6776cea2b1fc6dee3c9,303.2034014399999,1722.5900000000001,moneymakingmachine
2026-05-16 05:57:16,day,weather,88,0x104171232971a6db8cf938f76fdbebbb81c5f452,298.4418721707557,10829.46,aapang
2026-05-16 05:57:16,day,weather,89,0x9d1c8bf2b4c0631f7c425bccfd792e019ad2595d,281.43845922,0.0,TradeKlo
2026-05-16 05:57:16,day,weather,90,0x9ad091ca2e8f1bd69f27662edcb49dceeaa5bf3d,280.4471593490175,9026.928179,PaddyAlpha
2026-05-16 05:57:16,day,weather,91,0x477a61403c6a8b783e02c9430f85f9c33311851e,275.807,0.0,chickenight
2026-05-16 05:57:16,day,weather,92,0x6d149b700e7011ab285ec17a1b8211dc7cb43481,265.47625,0.0,DrakeBiggs
2026-05-16 05:57:16,day,weather,93,0xc4c3c42ba5460c8d1309aed95e703f0420db2e3f,264.2365599999998,0.0,0xc4C3C42bA5460C8d1309AEd95e703f0420DB2E3f-1775819182898
2026-05-16 05:57:16,day,weather,94,0x300354d68fbf24c37cdb6c4ea86ef0e7aceeefa3,260.880828724,0.0,LargeChips
2026-05-16 05:57:16,day,weather,95,0x04dcf8d1328b2bf5fa6e7aa8a200df95751cd572,260.3516006499199,3409.9360670000005,tinylonglong
2026-05-16 05:57:16,day,weather,96,0xde56e62e782cd7953f596529df9e074baec40ad0,256.26666410400003,0.0,MikeBower1
2026-05-16 05:57:16,day,weather,97,0xcfe4aec99d24fc53ec49875740ece4c0fd9b4841,255.50882045357804,194.24792599999998,0xCfe4Aec99D24Fc53EC49875740eCE4C0Fd9B4841-1775551726636
2026-05-16 05:57:16,day,weather,98,0x252c021530095b9801e940dbec45d2529e84d5b4,252.89473517300002,0.0,gazinnit
2026-05-16 05:57:16,day,weather,99,0x21bac188598c79a827cd54c2db710775a49f408f,250.95181227399985,0.0,PedroGonzales
2026-05-16 05:57:16,day,weather,100,0x662e8b1d8b5ccefff22e8799306ae4f4110a4b20,248.10370459923888,156.892221,0x662E8B1d8b5cCEFFf22E8799306aE4f4110a4B20-1773318981383
2026-05-16 05:57:16,day,economics,1,0x9d84ce0306f8551e02efef1680475fc0f1dc1344,11293.262652003206,60175.380000000005,ImJustKen
2026-05-16 05:57:16,day,economics,2,0x4e4203102fd7bde55ce1bcf9f1ef222e251949ed,4599.974443515748,0.0,shingoWAKAYAMA
2026-05-16 05:57:16,day,economics,3,0x12d51de654df441c57e97c81156613681114f0eb,3452.39636936,0.0,drakelong
2026-05-16 05:57:16,day,economics,4,0xb1ca909e848cc24ec4e220ce1c453bc290c51705,3373.369832671744,0.0,NonceChaser
2026-05-16 05:57:16,day,economics,5,0xaf458bee32b8f1d9ba39ee876f20c7e3ce62ec7d,2671.544148867484,0.0,fed26
2026-05-16 05:57:16,day,economics,6,0x53e55bc7cb3d67ad177c023ce891ad076a9d6177,2657.4767074331394,0.0,Arbguy
2026-05-16 05:57:16,day,economics,7,0xb43699cbbb52520952833c10737bc43e7625bb3c,2616.6336048706808,4082.63,DOJ
2026-05-16 05:57:16,day,economics,8,0xfd9c1aa7a2b8410f7ead907a7353fe3d6abfe0b2,2427.663706899999,11034.83,0xFd9c1AA7A2b8410F7Ead907A7353fe3D6AbFe0B2-1763677501277
2026-05-16 05:57:16,day,economics,9,0xd4140031e313f8d850740a80d2ee6653c925a4db,1783.0206651908265,7373.12,AishahSofey
2026-05-16 05:57:16,day,economics,10,0xb9d33c40da4707ec8f153c5886d2a67d6f584101,1533.3400016599994,0.0,silenceOfTheLambs
2026-05-16 05:57:16,day,economics,11,0x9bac9cc44f57fbd31a02f4fe08545ccdc8958684,1394.04379908,0.0,mumps
2026-05-16 05:57:16,day,economics,12,0x542aae10712e812bd71d792861ec5a570aa8a81b,1150.0967006699998,0.0,Blind Chicken
2026-05-16 05:57:16,day,economics,13,0xa1890dd567befe26bf75b5d0def459e3a3e0a2d5,1137.254225776,7191.93,Test669
2026-05-16 05:57:16,day,economics,14,0xdf17f4a8dd01a4cfa6fc3da323a2baee5f8697d1,1114.0068242666093,0.0,Bright-Vault
2026-05-16 05:57:16,day,economics,15,0x9453a389c73df7991249d9f2c6e2c854157b1a48,1107.8858708650005,4837.93,Arman2
2026-05-16 05:57:16,day,economics,16,0x43440ab002eaac9fede6f9d21bea96d84228f90d,1062.7573398239983,0.0,M888
2026-05-16 05:57:16,day,economics,17,0xc84f7e76ec28ef20e7773b7b4926bfb7378be0c5,1028.9958288326393,0.0,BrightStars
2026-05-16 05:57:16,day,economics,18,0xb10047d6a254b2ebb306d7a7d13bf59171ab6461,801.0854877599995,0.0,Parz1vaI
2026-05-16 05:57:16,day,economics,19,0x1d379e322ef813587a3e13ad79857c45edc7f4a4,748.26402332,0.0,OverlookHotel
2026-05-16 05:57:16,day,economics,20,0xdd9c961288a032098076267bd665d407dac231a0,636.7202961884832,0.0,hippoka
2026-05-16 05:57:16,day,economics,21,0xb51b3beffd13cde071ed799e70a7b0b598e8b4d9,616.7701839670001,0.0,cambridgeisaac
2026-05-16 05:57:16,day,economics,22,0x9e7e57fbc4dd03dc7b0eea98f1f01bc100083e1d,604.6687721133858,296.07,mcorleone
2026-05-16 05:57:16,day,economics,23,0x44c7d94ba2f535bce31cbe0f46c326bee58c62da,591.1192376987199,3025.0795129999997,mmmreap
2026-05-16 05:57:16,day,economics,24,0x420e8deb590ad77ff5b2f6776cea2b1fc6dee3c9,576.6514528726002,0.0,moneymakingmachine
2026-05-16 05:57:16,day,economics,25,0x2a019dc0089ea8c6edbbafc8a7cc9ba77b4b6397,572.9974976156336,0.0,aviato
2026-05-16 05:57:16,day,economics,26,0xf4c7a145c2266c13eb7f3c12928d3becd989def7,553.0092324754997,0.0,Sunbe
2026-05-16 05:57:16,day,economics,27,0xc6d0ff59ef83e7d6210c47d20408eb27b7844bad,531.5689367099985,0.0,strategy1.2
2026-05-16 05:57:16,day,economics,28,0xef9fb7322631ecb96f40c7210006ccb4066d8924,522.9395198199998,2282.51,QuorvexBlint
2026-05-16 05:57:16,day,economics,29,0xc4c3c42ba5460c8d1309aed95e703f0420db2e3f,513.8796998500002,0.0,0xc4C3C42bA5460C8d1309AEd95e703f0420DB2E3f-1775819182898
2026-05-16 05:57:16,day,economics,30,0xddef938e05553aef2f6caee46b6dbe2c41ded52b,513.3982241751196,2241.91,Pandemoniumm
2026-05-16 05:57:16,day,economics,31,0xfbd48c98f9e698fea5dd3b3f4f09547bcef1194b,465.14079090200005,2031.16,discombobulated-chicken
2026-05-16 05:57:16,day,economics,32,0xf0d5eb1cbe7350f1f896ade6c172e6700414c665,447.8937562910646,14.99,yen4u
2026-05-16 05:57:16,day,economics,33,0xa309f903dbbd559e87d8d368834b8e41355c4cf2,440.76332256649675,0.0,dlkf
2026-05-16 05:57:16,day,economics,34,0xaf2383b66194112d57ac196b00ab25f78c17aa95,419.32195475544904,502.06,apple-pi
2026-05-16 05:57:16,day,economics,35,0x5011224f4848cb2cf2d87cf2b823551dfd0e220e,399.6416180790002,0.0,GCNO1
2026-05-16 05:57:16,day,economics,36,0xc6dd722558dbfbd8fa780efcbe819ed8c6604b9f,396.1244493999984,0.0,tourists
2026-05-16 05:57:16,day,economics,37,0xf4f3476be6e5b2de3a7e1bc849ff4b047bef330d,365.52424580450315,0.0,nada
2026-05-16 05:57:16,day,economics,38,0x939252e684cbf88736f1d6ffb3ac478377b8c94d,351.43448264357227,0.0,GoodDogGoodDog
2026-05-16 05:57:16,day,economics,39,0x4d1bcbaeed22c6da173b1a356c3c6d2270081419,311.26661610100007,3926.4700000000003,RolandChang
2026-05-16 05:57:16,day,economics,40,0x7f7b87578fb5625d0ef3d5521ffb3abb7b9568f3,305.76910749199993,0.0,msrcap
2026-05-16 05:57:16,day,economics,41,0xf9151529abce6aa8357b99707ec06607cf238720,302.40858399999877,0.0,tphhh
2026-05-16 05:57:16,day,economics,42,0xb661ed6e6d3f76f1db9d0a6acf80b4bbe6ebaa83,298.1233999874985,0.0,lolilolkikoo
2026-05-16 05:57:16,day,economics,43,0x1295269296e51cd28a3db85fa6728c0e352b5cfd,287.6352949999964,0.0,FlyingPlaty
2026-05-16 05:57:16,day,economics,44,0x6bab41a0dc40d6dd4c1a915b8c01969479fd1292,287.02310000000216,0.0,Dropper
2026-05-16 05:57:16,day,economics,45,0x26572868adcee0e5136dc8d33756e9879d0d42e6,286.42017477149966,0.0,0x26572868AdCeE0E5136dC8d33756e9879d0D42E6-1771354638297
2026-05-16 05:57:16,day,economics,46,0xecef29d3d91b251c9e24dcd84ac242cb1702b593,266.20866171999955,1157.42,Dargdarg
2026-05-16 05:57:16,day,economics,47,0xc37e45b04525711081b6c53de27c30c71e1d9e64,264.4882575329,0.0,thegreath0udini
2026-05-16 05:57:16,day,economics,48,0x38f50488b14a87769e0c5cd6c514b6c2e8ec6824,255.31407113399973,0.0,neffff1
2026-05-16 05:57:16,day,economics,49,0xed107a85a4585a381e48c7f7ca4144909e7dd2e5,252.25829291006085,0.0,bobe2
2026-05-16 05:57:16,day,economics,50,0x8d9224aa66501da7cb258eb3d27ffab5ab75d269,244.11125851500006,0.0,Vincii2x
2026-05-16 05:57:16,day,economics,51,0x78048aa26ac1967566b8ed11910b529e5f2d7025,238.46516914998938,149981.36,HorribleWork
2026-05-16 05:57:16,day,economics,52,0xf85fa31a58fcce6c00b5af806a598b1600329800,230.35127730699924,0.0,SiSi
2026-05-16 05:57:16,day,economics,53,0xeca0c0888e34df59589c67fbe53dc7f298b5e8f8,228.9048331949989,1001.82,StarMaster
2026-05-16 05:57:16,day,economics,54,0x70a9e5e6c57c3cb20f52523ccb49a1145bcc6a74,225.89739999999802,0.0,unco
2026-05-16 05:57:16,day,economics,55,0x7b02b2bac2a30ed5e40b7094e734f4c3dc2a4991,220.55485000000044,0.0,foodenjoyer
2026-05-16 05:57:16,day,economics,56,0x66a1db98713015330a82f08273b682bee77e80d9,217.07623374427214,359.45,thecaricature
2026-05-16 05:57:16,day,economics,57,0x5ef406737d38d8f3b19c172c6c1c3c3cb0082631,215.900506464,0.0,rew2
2026-05-16 05:57:16,day,economics,58,0x41e8266341517750bec28829015b5289fe00b994,208.8422998999995,0.0,0x41E8266341517750bec28829015b5289FE00b994-1766188710954
2026-05-16 05:57:16,day,economics,59,0xe639e41094bbeae18f3e6d1790c17299183f082a,190.667404689244,0.0,0xe639e41094bbeae18g3e6d1790c17299183f082a
2026-05-16 05:57:16,day,economics,60,0xc4b2930b0feb1c0fab13c0b75c9fef34fea09a9b,189.40514950000028,0.0,datajesse
2026-05-16 05:57:16,day,economics,61,0x95074f700f93bdf6e62fc965e0832064c0877b04,188.4508571431852,195394.87,Ox95074f700f93bdf6e62fc965e0832064c0877b04
2026-05-16 05:57:16,day,economics,62,0x35e4f89223ab2372477479016589226e0db45bbc,186.15493347400025,0.0,ebobc
2026-05-16 05:57:16,day,economics,63,0x4fff3c11a5d9b77822e01792f933cdb28557be78,184.0,0.0,turtle123
2026-05-16 05:57:16,day,economics,64,0x4dd12850026e7cd534dee7a38274df69102b7918,180.32690000000002,0.0,Adollf
2026-05-16 05:57:16,day,economics,65,0x1d5f88f1b97317cccad804374e5bd847512e634d,179.00944328339028,129.71,firegold
2026-05-16 05:57:16,day,economics,66,0xc851cd9bee7d262afd78674f861f9f576a12cd2a,178.2111068410013,0.0,betwick
2026-05-16 05:57:16,day,economics,67,0xbe68a17f676d6cdf36e391a08d6d7b3d721818ea,168.0008256989994,0.0,Medvedevv
2026-05-16 05:57:16,day,economics,68,0x24c8cf69a0e0a17eee21f69d29752bfa32e823e1,162.44335269468138,12005.505046,debased
2026-05-16 05:57:16,day,economics,69,0xcf070b9ed273abd6185a4253713ce8e64c0ec770,161.6551538595004,0.0,MaxEnt
2026-05-16 05:57:16,day,economics,70,0x74e6c1260ac5448c00eb63e1f6894ecd090c99e8,156.05222153050002,0.0,manchot
2026-05-16 05:57:16,day,economics,71,0xdceecdb83fcbcc37d381f90ad0c7516824e3bda5,154.5538041949967,0.0,rspa
2026-05-16 05:57:16,day,economics,72,0x23ed02fdee555e7a7790f9ce79efccebf9dfaebc,153.9220909499998,30.939098,niglette
2026-05-16 05:57:16,day,economics,73,0xe3e4bded348f8608f322a598c19dbb3c42878d04,153.34357484999998,0.0,Machaon
2026-05-16 05:57:16,day,economics,74,0x5927a00e9b7669f80e358535b8036f0cb47193dd,151.30803537000065,0.0,Choke-Point
2026-05-16 05:57:16,day,economics,75,0x80e55a4352eee3b7bbe3467d6fab1dda09327134,147.0,0.0,Vykdom
2026-05-16 05:57:16,day,economics,76,0xb1fea3922a1998248cf2ae51f740b9be2bb7423a,140.15576277500054,0.0,Mr.Frog🐸
2026-05-16 05:57:16,day,economics,77,0x74957ea27ac4fbdee46d861fdae357859ff67fcf,139.45801594111936,565.6023990000001,ultralisk
2026-05-16 05:57:16,day,economics,78,0x60567382d04d7af8776eea04468a918519ebc27c,139.15027343183215,0.0,akimbogod
2026-05-16 05:57:16,day,economics,79,0x4310af9b5962303768de4f432d06e8ea3d2c37e1,137.50376499999993,0.0,aoidwa
2026-05-16 05:57:16,day,economics,80,0xc412fdbe9956c2e242e8b45fae131c3e8598592d,135.0919248507803,7990.0,BetterFish
2026-05-16 05:57:16,day,economics,81,0x510904c9a58f5c5ad799a1b44947077564175e9c,134.0163953310148,0.0,Logan.
2026-05-16 05:57:16,day,economics,82,0x709a4b4932cffc2d137fdb31c75d9a95842b7e39,125.65431089999947,0.0,Scoofy-Bubik
2026-05-16 05:57:16,day,economics,83,0x4f90a3eafe60584418cb3fc9134785cbe2bf517d,125.62437277499998,0.0,Sdfghji
2026-05-16 05:57:16,day,economics,84,0x8e77537e059837d3c2ca5b4efe75e74e9498c4f3,123.10778574550204,0.0,dwpoker
2026-05-16 05:57:16,day,economics,85,0x8a554ec10e6fd05bba36215d17398e57d53e5126,122.95098753699995,0.0,jdbuffet
2026-05-16 05:57:16,day,economics,86,0x80a4552cdcde3b861b8adc146ab1fbd4711022cc,122.85842721449444,0.0,puravida
2026-05-16 05:57:16,day,economics,87,0xbf8ca056b52d9263f22e82e4dc25797c2f1918fd,122.50969356000041,0.0,na6141mi3231bi321321a3213
2026-05-16 05:57:16,day,economics,88,0xc3196c92f4b18cb13efbc16871d722a93ed90e0c,117.99743899999999,660.0,cosg10
2026-05-16 05:57:16,day,economics,89,0xd1091712f4ed0e17261feb174f5c080977506fa0,117.30000000000007,0.0,smallf
2026-05-16 05:57:16,day,economics,90,0x91a65c66c367d569868b5caf50d07c64be3e554c,116.6280903,438.93,ilovemiami55
2026-05-16 05:57:16,day,economics,91,0x585bef2dc5b122bb8b93dd421f32dd1ca2f4753f,116.05416720399808,0.0,Flaner
2026-05-16 05:57:16,day,economics,92,0x978e7fb29354ef2468eb373076fd52ffcdc380bc,114.73431892500048,0.0,BornAgain26
2026-05-16 05:57:16,day,economics,93,0xf769c6390f6d564fe4859effbddb682c62660114,113.79963132250032,0.0,MrMarket
2026-05-16 05:57:16,day,economics,94,0xe53312c6c15af508e0c31e2cfadbefddd399ab29,113.4890519019973,0.0,WharfMan
2026-05-16 05:57:16,day,economics,95,0xbad26fe5458e6219cec3e40272760e275e835296,111.93169391776746,0.0,cocococococo
2026-05-16 05:57:16,day,economics,96,0x264d771891838edb443cb2d39fc4aa1bb58a6f2b,111.82230635649921,0.0,dnaghsa
2026-05-16 05:57:16,day,economics,97,0xfc915907cf315161de19dbd0390787bdb84931eb,111.03008499999942,0.0,0xfc915907cf315161de19dbd0390787bdb84931eb
2026-05-16 05:57:16,day,economics,98,0x6ae4160c7507f4e9634144178dcf4e4c36d7d4ce,110.54223799999954,534.0,VOrban
2026-05-16 05:57:16,day,economics,99,0x57302064dff25504eab1b71567e3d54bd47d891e,107.11360000000002,486.88,0x57302064dFf25504EAb1b71567e3d54bd47D891E-1771050303665
2026-05-16 05:57:16,day,economics,100,0xb39adcc8220bb8f947591a09ba11517de2a5abed,106.93480229999989,0.0,Monitor4ALiving
2026-05-16 05:57:16,day,tech,1,0xa6e4d6da7e3ba05550437db4475eacb1cc21369f,647.0692105800022,1478.5700000000002,phsr
2026-05-16 05:57:16,day,tech,2,0x9690d9f51b618222c29567c3b39aac2935a5f2d5,451.7368499999975,0.0,Djibooty
2026-05-16 05:57:16,day,tech,3,0xacbca1cf43bd198e734089f198f3725281577cc3,312.8543700000006,0.0,l7vznt3mcgyhoerusnp7veayprtcogn64wvznuykch
2026-05-16 05:57:16,day,tech,4,0x41f34763a4cca3681d05024b8a23ec883b3b6202,230.45963286000006,0.0,grapygroyp
2026-05-16 05:57:16,day,tech,5,0xc8ab97a9089a9ff7e6ef0688e6e591a066946418,175.66612049735704,801.813683,ArmageddonRewardsBilly
2026-05-16 05:57:16,day,tech,6,0xbbaaf5c98a1ed5d24c32a64426f8a79b1f84cbea,165.46940436000023,0.0,SST-148
2026-05-16 05:57:16,day,tech,7,0xff9152ac8cb6260419ea8940248177083aceab3a,147.32080368500056,0.0,doubleone2
2026-05-16 05:57:16,day,tech,8,0x61b36d11209b5f58a642bda3d8f3148b4b919d22,145.40928006999957,1000.0,rkassandra
2026-05-16 05:57:16,day,tech,9,0xc6dd722558dbfbd8fa780efcbe819ed8c6604b9f,136.4862849449928,0.0,tourists
2026-05-16 05:57:16,day,tech,10,0x00425c692a667981118f679ef68fdc775257321e,125.27304416699553,0.0,99problems123
2026-05-16 05:57:16,day,tech,11,0x3d50d49babadb8fb3e44485fa05c2604c90e713d,114.67039755499991,0.0,hkimcont
2026-05-16 05:57:16,day,tech,12,0x9c660d56752ef267126a29b40d35031a8b2321eb,101.97861796000007,0.0,cityBoiii
2026-05-16 05:57:16,day,tech,13,0xd416d3309f75426c82a5158cdcb209780af2d9e2,89.30837744999997,0.0,Annihilation
2026-05-16 05:57:16,day,tech,14,0xfbd48c98f9e698fea5dd3b3f4f09547bcef1194b,87.99435,0.0,discombobulated-chicken
2026-05-16 05:57:16,day,tech,15,0x1c0227bc2f91f70f0982db198d00ad3345e5e658,82.67814142999987,0.0,kc06fpkxdpks
2026-05-16 05:57:16,day,tech,16,0xd49b42bce7ea10bac53e2901c188cae20ea4bdf9,80.18620436008314,1536.940583,i18z
2026-05-16 05:57:16,day,tech,17,0x562bc8068347268d9a69b8dd464d00eed0f9dc09,77.4585734100001,1941.99,SweetChariot
2026-05-16 05:57:16,day,tech,18,0x731c34cd5ea5a7ba7c8101b9978724cbb57a637d,69.54393775450006,0.0,RiskyyLemon
2026-05-16 05:57:16,day,tech,19,0xa75cb55885d667de343b241d26268ef45981895e,65.43057769499995,0.0,andy29
2026-05-16 05:57:16,day,tech,20,0xeca0c0888e34df59589c67fbe53dc7f298b5e8f8,60.27736352500028,100.0,StarMaster
2026-05-16 05:57:16,day,tech,21,0x24251d61e31d87c1fc2d88c39d7dc1d1e3ef8442,58.233174940000026,0.0,Yobitnet
2026-05-16 05:57:16,day,tech,22,0x612f07e76abb9d4d1804264a088a37a666ecaa53,50.75000000000006,0.0,J-E-R
2026-05-16 05:57:16,day,tech,23,0x14619de097b1fbe058d6d36282662c20958a30a1,50.433121159999985,0.0,fwed33
2026-05-16 05:57:16,day,tech,24,0x5b6331e7ff0831a3fe2ed12004747db1a9c911a4,44.659445105695795,45.083631,neutralwave23
2026-05-16 05:57:16,day,tech,25,0x12d51de654df441c57e97c81156613681114f0eb,43.0877300000011,0.0,drakelong
2026-05-16 05:57:16,day,tech,26,0xd8af7b4404f0b2fc74e6c6e9003df661cae604e7,42.33046225550014,1816.3400000000001,0x12345
2026-05-16 05:57:16,day,tech,27,0x0e65acd3fccbdf60e7ac42afaad32bf1c940e33f,40.0,0.0,lEGLeGDaNDAnYah.
2026-05-16 05:57:16,day,tech,28,0xe80e8498ed55be13f85d9713b73c622e54659211,39.119646420000095,0.0,gagagagagaga
2026-05-16 05:57:16,day,tech,29,0x1e7185cf6146233b4ce8f2041755e0b54b1f01bf,39.067798712999775,0.0,Senritsu
2026-05-16 05:57:16,day,tech,30,0x38f50488b14a87769e0c5cd6c514b6c2e8ec6824,37.388267550999785,0.0,neffff1
2026-05-16 05:57:16,day,tech,31,0x8a7b576b7a53ef54876f9eca18bcd84f12d8782f,37.27722000000011,0.0,0xB16B00B5
2026-05-16 05:57:16,day,tech,32,0xacb18dd5604cac86ed3108453aca68f109d01b1d,36.96032462000005,0.0,Tpezaske
2026-05-16 05:57:16,day,tech,33,0xc04419870a0ff821fc8ec6386c221eecf333f2cf,36.63929737549998,0.0,Agux926
2026-05-16 05:57:16,day,tech,34,0xc974c6ab4032e89aef89bf2489709905ef41eb16,36.59485742200059,2000.0,d1namiiit
2026-05-16 05:57:16,day,tech,35,0x07d4245464dc4fa05d0b3f084d82482462dc8991,33.3611569623863,2204.475198,Wojtek
2026-05-16 05:57:16,day,tech,36,0x9453a389c73df7991249d9f2c6e2c854157b1a48,30.34550821500011,0.0,Arman2
2026-05-16 05:57:16,day,tech,37,0x99518fa0d201e7542ea2b852809da5a5c8d811bd,29.83637999999985,0.0,imnice
2026-05-16 05:57:16,day,tech,38,0x4a2be7a7e6e3b41dc2de00706b4c09660ca9af20,25.837218377499767,97.59,troim
2026-05-16 05:57:16,day,tech,39,0x3606f455cf588c84453f56e749cd15bca4f14e08,24.776040093500015,6.93,0x3606F455cF588C84453f56E749cd15BCa4f14e08-1760889589657
2026-05-16 05:57:16,day,tech,40,0xa4d6c2bafa8cedb4ae98bd19d46dce8d775f9357,23.83043462500001,0.0,Dantus
2026-05-16 05:57:16,day,tech,41,0xb37aa8834f9baefc6fb3312f59df8ddf0348f1b1,22.99258439999994,0.0,NROL-39
2026-05-16 05:57:16,day,tech,42,0x6480542954b70a674a74bd1a6015dec362dc8dc5,22.2200775000001,0.0,tripping
2026-05-16 05:57:16,day,tech,43,0x728b2892b251d0c9d07d8583bdfc8637e40efd3e,21.91868377299943,0.0,obamaosama
2026-05-16 05:57:16,day,tech,44,0xe65b960189de07d620f6075be6249eb8b156271b,21.025000000000006,0.0,WallStreetGamer
2026-05-16 05:57:16,day,tech,45,0x1bfd792c102c75d3c41c954d058355a796ee40d0,18.17281164800079,0.0,4e2fbc2acf
2026-05-16 05:57:16,day,tech,46,0x048215305cbcf7cc790735bf00119551d75c6b0a,17.37260634550148,2221.18,dumbfuqLIQUIDITYprovider
2026-05-16 05:57:16,day,tech,47,0x1d603dad31fac599c1de6b6002d066993460453d,17.013909600000062,0.0,Ru386
2026-05-16 05:57:16,day,tech,48,0xc5c396b2ec52cbb087a4678965c98fd60eab9792,16.515150000000006,0.0,HardWorkerHoward
2026-05-16 05:57:16,day,tech,49,0x36901eb0f21519cc9055662a6d2483e96da1e16f,16.344086157688253,818.567837,melchior1248
2026-05-16 05:57:16,day,tech,50,0x3826090d3bec290b0952425492a79d6fa17484ef,15.999933279999993,0.0,Parasite
2026-05-16 05:57:16,day,tech,51,0x8eea0a80d3a1e13731e7329cba1636fcc36722cb,15.211718159999982,14.0,rombr
2026-05-16 05:57:16,day,tech,52,0x510f4963b66b1b18505faab74b0bb943d1dda43c,15.144129779662023,253.893079,PPMT
2026-05-16 05:57:16,day,tech,53,0xf25c3520c8cea885e4da9bd88e0aadd9d8a4732c,14.999985200000026,0.0,5dec
2026-05-16 05:57:16,day,tech,54,0xad5353afe30c2da57709e2704ef3ccdcf67eef24,14.449516122889236,107.031585,AJSV
2026-05-16 05:57:16,day,tech,55,0xf66e16c392277de6d13b95e32fe843f50cf27dcc,14.3724,0.0,madd1s0n
2026-05-16 05:57:16,day,tech,56,0x8454f39e7fa6957dfbf1ecc574820ada1c92331a,14.1998999999999,0.0,cripes3
2026-05-16 05:57:16,day,tech,57,0xadec0c1c1991e9dd0bdcf9401479614b65b43c7b,14.033349999999984,0.0,DoubleDip
2026-05-16 05:57:16,day,tech,58,0x8fe730b55cf3468c01a884cfcde79c2dfb4d6c1f,13.91191500000005,0.0,Hugin-og-Munin
2026-05-16 05:57:16,day,tech,59,0x8db4f2bcb37078763c70dac5d99c285995479c07,13.530260748499757,50.0,cwc909
2026-05-16 05:57:16,day,tech,60,0x726c8ac2f2a69e007b3f309074fb12b4ce082558,13.451515188000485,0.0,NCW
2026-05-16 05:57:16,day,tech,61,0xbb2e0a8b8f326f0d1f95c4257a084d84056d8895,13.431704999999965,0.0,RasUmSid
2026-05-16 05:57:16,day,tech,62,0xd167e6902558d89b814a049263c773f51b7e38c7,13.197818720000015,0.0,JohnAndrewOwen
2026-05-16 05:57:16,day,tech,63,0x06b6872ce4b3cdb90049657cd2937a518a38eba6,12.761600000000044,0.0,123pocky
2026-05-16 05:57:16,day,tech,64,0x45dbbf4fed6c845f4e857edc6e744236501c8f65,12.5,0.0,orzanovn
2026-05-16 05:57:16,day,tech,65,0xec4e50aa671c99aa408bfe7115ca4ff763a1a472,12.33686400000002,0.0,0xEc4E50Aa671C99AA408bfe7115CA4FF763a1a472-1772056326336
2026-05-16 05:57:16,day,tech,66,0x7a8048a6618824bb607b293bf03cb62b7174729c,12.239971904999948,0.0,atomicannie
2026-05-16 05:57:16,day,tech,67,0xeb35c350c44f52ccd5eb6262440f4c7d23694af4,12.0,0.0,pasportu
2026-05-16 05:57:16,day,tech,68,0x45746cf20077faef288188c9e0e31228f63fab3e,11.993227100000013,0.0,pollution
2026-05-16 05:57:16,day,tech,69,0x88daaaf578742d4a6c5440afc6c6cb3e25f715c6,11.912592240000013,0.0,0x88daaaf578742d4a6c5440afc6c6cb3e25f715c6
2026-05-16 05:57:16,day,tech,70,0x468aed09d6a33d2d4350226096851517849d1a82,11.757069200000004,0.0,Danielsan03
2026-05-16 05:57:16,day,tech,71,0x79dcb362c47ba851d75cf5873735391b2c81ca77,11.62634183110503,66.163635,rocky42008
2026-05-16 05:57:16,day,tech,72,0x55c8a70026408325a2719c065346393be6e6b44e,11.612200000000001,0.0,raymond2027
2026-05-16 05:57:16,day,tech,73,0xb528a976ca7d476602f8040c3d1a49e5145a5039,11.32680500000015,0.0,HelloKitty333
2026-05-16 05:57:16,day,tech,74,0xec15d02c1f792a07a00f27e056d50a801f01403c,11.312727240000044,0.0,Mahurm
2026-05-16 05:57:16,day,tech,75,0x94e4639e9aef0eab61533ecafe74c5f15662534a,11.297828127000031,0.0,xlefgerx
2026-05-16 05:57:16,day,tech,76,0x2ecd6bb9f9ec6214332460c3fcaf6dffe7957a2f,10.726587200000012,0.0,0x2eCd6BB9f9Ec6214332460C3FCAF6dffE7957a2f-1767877016321
2026-05-16 05:57:16,day,tech,77,0x9682bbc129fb403e236dd542ad432126f0e2b07a,10.62005830000001,0.0,dworak.dev
2026-05-16 05:57:16,day,tech,78,0x30f91b6df5a62ab2e504045e25fd449a23affbfc,10.51714647649942,0.0,taerv534
2026-05-16 05:57:16,day,tech,79,0x15ec11743877920e94f333fa2feb1c68685b267d,10.178020000000004,0.0,Xxxx123
2026-05-16 05:57:16,day,tech,80,0x4fd237e78ef8660f2b47e13924ebcbf9302748e6,10.098302925000041,0.0,ikerv
2026-05-16 05:57:16,day,tech,81,0xe3e4bded348f8608f322a598c19dbb3c42878d04,10.001513279999926,0.0,Machaon
2026-05-16 05:57:16,day,tech,82,0x714f682e577a6892ee921290fd6ad213d11266d5,9.979721729999937,0.0,Poivre
2026-05-16 05:57:16,day,tech,83,0xd1308a458a2d3aa4bd65821062e6277204a62a7c,9.945608780000015,0.0,Bergman777
2026-05-16 05:57:16,day,tech,84,0x30cbdba1769feca07c20098cfb7132416cfd9022,9.886054520000016,0.0,SvenBanan
2026-05-16 05:57:16,day,tech,85,0xc5187cb669690150643ba2f9aac6b7d98d212594,9.856157811913015,220.92007199999998,mustbethewater
2026-05-16 05:57:16,day,tech,86,0x759b8e57d9e716fa12f82e3ce48a8b954b243695,9.553794260000018,0.0,0x759B8e57d9E716fA12f82E3Ce48A8B954B243695-1768939064065
2026-05-16 05:57:16,day,tech,87,0xe9076a87c5ed90ef16e6fe6529c943baeca0cff6,9.405658186999915,0.0,0xe9076a87c5ed90ef16e6fe6529c943baeca0cff6
2026-05-16 05:57:16,day,tech,88,0xe4419e8da94a8e7c619d599d0802a96969dad0b2,9.319310860000016,0.0,ForaPT26
2026-05-16 05:57:16,day,tech,89,0xb19a6ff4c6027c72aadbffac80939735ac38d054,9.216345360000005,0.0,0xb19a6fF4C6027C72AaDbFfaC80939735ac38d054-1774465214056
2026-05-16 05:57:16,day,tech,90,0x9de768f8daeb0ec2bdfd88311ec8592af68f73a5,9.202427264999983,0.0,Isasgec
2026-05-16 05:57:16,day,tech,91,0x86cd93526a4e7ad201ed3d1c6f2647b61837504c,9.169971409000027,0.0,IlIIllIIIllIIl
2026-05-16 05:57:16,day,tech,92,0x808db301f0b237020d1d877a743d6bf5f1cdebfd,8.904405600000018,0.0,Dios777
2026-05-16 05:57:16,day,tech,93,0x771293a34f18f936023bbaa37db010a232030c28,8.849940520000018,0.0,arise23
2026-05-16 05:57:16,day,tech,94,0x958d9cd4068fa578781073c2d66099865e543501,8.805701200000385,0.0,KennyM
2026-05-16 05:57:16,day,tech,95,0xda9d6738053e2af1b7118c58b8c0d238f137226c,8.780000000000015,0.0,xiaoyaozi
2026-05-16 05:57:16,day,tech,96,0x3a69e66ce3411143043741768ef5b47e239aa466,8.588971400000009,0.0,OriginalGeezer
2026-05-16 05:57:16,day,tech,97,0xdf8103a369799de9f938a6ffcfca446e1c3e697d,8.579999999999984,0.0,gummy-usb
2026-05-16 05:57:16,day,tech,98,0xcbf572d3efd12d26239f3cd036ed4d4bf8ef53c9,8.555,0.0,0xCbF572d3eFD12d26239F3cD036ed4d4BF8eF53C9-1768653162005
2026-05-16 05:57:16,day,tech,99,0x1d9a2c92bf630cc92b1b20a950008e84aa56db3f,8.38760000000002,0.0,REAL.BADMAN
2026-05-16 05:57:16,day,tech,100,0x2d1b894074fa4c26f5afc0b8b7405a35c758f055,8.285844540000028,0.0,butronmrx
