timestamp,timeframe,category,rank,address,pnl,volume,userName
2026-07-28 05:50:08,day,overall,1,0xa71093cafc0c099b4ccab24c3cb8018d817923c4,132929.64065999002,2906.155475,Talvez10
2026-07-28 05:50:08,day,overall,2,0x27c5c1eee404a07f39fe70078aff815e5a656d61,130452.55323477558,327164.331618,0x27c5C1EEE404a07F39FE70078AFf815E5a656D61-1763107503028
2026-07-28 05:50:08,day,overall,3,0x684baa57c338c2549aec0aa3f034f695d72a8409,126405.30106582848,39138.615773,monkeymashingkeyboard
2026-07-28 05:50:08,day,overall,4,0x7d6d24d5d9393cc2dd566a95a1cccbe0aa882654,112385.51725582615,168555.535141,0xe11Ff8cd2718F51a4d9403D166c20eaAAbE253F4-1777047101622
2026-07-28 05:50:08,day,overall,5,0x1b20a00709dfe648afd26b326394b5e031f83ab0,102904.5655851596,139883.864195,0x1b20a00709DfE648AFd26b326394b5e031f83ab0-1785189457930
2026-07-28 05:50:08,day,overall,6,0x84dbb7103982e3617704a2ed7d5b39691952aeeb,47162.08975899592,5421.083923,Soarin22
2026-07-28 05:50:08,day,overall,7,0x224a89dbe0db0d6124b335edabd15b3f877da3d5,46985.55051761214,125025.53845500002,wr0ngw4yb3tt0r
2026-07-28 05:50:08,day,overall,8,0x187a72bac379e9ba14a8c40dd3b44fa16e67a22b,46606.06846430572,165400.958364,THEBIGBETS
2026-07-28 05:50:08,day,overall,9,0xbb5fbe810633ab08d106b82db84418a0e2ca2e21,42731.67015699996,75185.22000000002,highnetworth
2026-07-28 05:50:08,day,overall,10,0xbca08c1bc204a34f2fddbe47b438b9bd42ac9705,34051.24160676263,218953.29944699997,1winstreak1
2026-07-28 05:50:08,day,overall,11,0x6f3e7f25baa7d2d49e15e2d2957ff3dec62cbcf8,32816.866773499765,31050.160945,fRibrenlc
2026-07-28 05:50:08,day,overall,12,0x7ad71d79a3bb90d0a87a06500fa0fe11663842aa,31646.653683455006,0.0,theowalcott
2026-07-28 05:50:08,day,overall,13,0x714a685b5454ea4d52979563bbafa77b8168ab2f,31322.50219565397,0.0,pada
2026-07-28 05:50:08,day,overall,14,0x93fb8127a1b21a112b11af936361225df0563e4a,30735.37609088797,1361.779596,LlamaLoco0000
2026-07-28 05:50:08,day,overall,15,0x65c18d740c8246af3353741c0b32e4b6da552988,28644.216514369997,0.0,neurodivergentBet
2026-07-28 05:50:08,day,overall,16,0x02b4401ae7ead14477e944f79e9db07ce9ab7092,28103.75333941007,41756.229999999996,alohaa
2026-07-28 05:50:08,day,overall,17,0xb272505077cc2c6bde5acca133ea6364152e5030,25882.78960762269,40655.163501,BaseballBill
2026-07-28 05:50:08,day,overall,18,0xf0ca28d5b0141f0a8e7b251dea80fd881cb166ed,21988.467883439233,1092.198604,Hauchn
2026-07-28 05:50:08,day,overall,19,0xd1ed12197b7dc22dede923727e9b714024dbd7cb,21122.059534556716,399734.564477,curie
2026-07-28 05:50:08,day,overall,20,0x1b47e9b128e6b671edebfb2cac23dd3efc40d814,17155.5034403377,54777.134721999995,sbsigner
2026-07-28 05:50:08,day,overall,21,0x84cfffc3f16dcc353094de30d4a45226eccd2f63,16936.48271499941,115385.45351799998,mooseborzoi
2026-07-28 05:50:08,day,overall,22,0x42c99f38d2b951b0dc8e8bd5371fa80c9dd19623,14215.871539550135,23353.865381999996,TRCM
2026-07-28 05:50:08,day,overall,23,0x6982049c65e98606f65a0ce71fdb9b61296da165,13465.831875694785,54077.511232,0x6982049c65e98606f65A0CE71fDb9b61296dA165-1777135114945
2026-07-28 05:50:08,day,overall,24,0x5a218c7ad04135830a45c41aaed7294df7809318,13311.651038878832,23340.453309,balthazar
2026-07-28 05:50:08,day,overall,25,0x924379a79c64b77ad5816ad362122a5f6228658e,13094.976019006572,0.0,Kch-Temp
2026-07-28 05:50:08,day,overall,26,0x547f2917d51f2e63ab382dcf641d4e0240162937,13079.686639695654,14336.67,0x547f2917D51F2e63ab382DCF641d4E0240162937-1782667852436
2026-07-28 05:50:08,day,overall,27,0xe55aab114e95fff2fa267313916381d79323ecf7,12249.348887929986,0.0,steevenseakael
2026-07-28 05:50:08,day,overall,28,0xdb83e85ffd22faa4009273034770f96ffc5b1e50,11553.024959586084,41925.47941000001,sentrio
2026-07-28 05:50:08,day,overall,29,0xde9f7f4e77a1595623ceb58e469f776257ccd43c,11044.887842518394,27496.734760000003,tradecraft
2026-07-28 05:50:08,day,overall,30,0xef2684030d14a67c2a30a3e4fc00eed7a99505ba,11020.312697168454,10665.827071,LOBODAFL
2026-07-28 05:50:08,day,overall,31,0x01e6e3c5cfe50943e7721398054cb1e22032e7e0,10721.969191418597,44122.530687000006,BirdMan.
2026-07-28 05:50:08,day,overall,32,0x88c4919de76e526d55a32c1f8afb439dd1f1129a,9893.910322749965,0.0,QuietRiskisWrong
2026-07-28 05:50:08,day,overall,33,0x1a2f67124f12eaa88be0f6683a95abede555647a,9232.430323066015,81747.18344,uptime0724
2026-07-28 05:50:08,day,overall,34,0xd23f8c8aab13cfb2a35da40b67f8471faf9894a1,9143.586239305438,37749.58129900001,Corlys
2026-07-28 05:50:08,day,overall,35,0x6485f47d0344c03eb4340f985159f6eb2dcba265,8957.515312741069,19365.739999999998,flatbarrel
2026-07-28 05:50:08,day,overall,36,0xc3c3b3ef304ddbea39fa2246e683a71da5d0eec8,8932.925749980634,76481.71054500001,comon119
2026-07-28 05:50:08,day,overall,37,0x1b8ffdb4ff99b4622f099465c486e4f75751cca7,8849.870369224998,16834.788155000002,0x1B8FfDb4FF99B4622F099465C486E4F75751cca7-1779298477893
2026-07-28 05:50:08,day,overall,38,0x27f738fe203827445690339104aae35b20bc44b0,8792.814552300282,3099.260788,ic4cream
2026-07-28 05:50:08,day,overall,39,0xf43842aca68209bd8bd3b4cfae00a32053769559,8789.953883704497,0.0,PendulumExchange
2026-07-28 05:50:08,day,overall,40,0xbddf61af533ff524d27154e589d2d7a81510c684,8486.29472087347,0.0,Countryside
2026-07-28 05:50:08,day,overall,41,0xbc75cabb772f1da1c1772430620da0174c453f69,8399.369053546005,0.0,unknwnfnd
2026-07-28 05:50:08,day,overall,42,0xf95846967c9093e4881506162077ec8f7049db13,8372.272911000007,20000.0,thecomplicatedguy
2026-07-28 05:50:08,day,overall,43,0x511f9c771449162349795d17becf8b37031acbe1,8149.801224017562,15998.343585,Bigggggggg
2026-07-28 05:50:08,day,overall,44,0x9a3fa403a6666eef75f92f181fcf13f9c051914a,8080.159711414603,27181.218963000003,Rex416
2026-07-28 05:50:08,day,overall,45,0x8c0b024c17831a0dde038547b7e791ae6a0d7aa5,7650.023621477099,5466.46086,PASSTHEMONEY
2026-07-28 05:50:08,day,overall,46,0x6f1bc01b7508f25fca0df22ecd02a82dd767f28a,7098.254800000001,15600.56,HONGKONGPOWER
2026-07-28 05:50:08,day,overall,47,0x62369b3567ab1dca267602374f1233ed015e08d2,6951.091054959812,0.0,Chensang7
2026-07-28 05:50:08,day,overall,48,0x03805a13a0b3e058f55f6c6af95389d4f431073d,6865.578125724664,16716.576941000003,donthackme
2026-07-28 05:50:08,day,overall,49,0x3663ed135115e034de3a9ad8cdca8493e8d68950,6859.479400586075,17389.870000000003,Nikos888
2026-07-28 05:50:08,day,overall,50,0x54bab0bc94667af224e21528804d49c1b87e04e4,6807.247358468216,52506.00793100001,0x54baB0BC94667Af224E21528804D49C1b87e04e4-1776237217344
2026-07-28 05:50:08,day,overall,51,0x2f7709800bdd3cf81b1c89c4f8b94b36caf59da4,6695.326231710007,0.0,Nz2027
2026-07-28 05:50:08,day,overall,52,0x7f9e2d1df78614564a70becc7fa14aa9a6623a0e,6617.287831004942,39788.355309,nojnn
2026-07-28 05:50:08,day,overall,53,0xc2930286341961a77363298e5b63271530f5fac3,6540.112184044037,77593.517957,RDXR
2026-07-28 05:50:08,day,overall,54,0x5caec2331059ed7bbead580c8bc56e2d1896a00a,6224.999999999978,0.0,halomango
2026-07-28 05:50:08,day,overall,55,0x22da1a1fc2b14f5c76b0e179048734c015ef2866,6063.319244778939,27651.194608000005,BlessedSunshine888
2026-07-28 05:50:08,day,overall,56,0xe8c4d68aff65b38cac46987b9b65e01eb47d395d,6024.219965705119,4674.327003,JAMJAMJAM4
2026-07-28 05:50:08,day,overall,57,0xc5187cb669690150643ba2f9aac6b7d98d212594,5935.446514356095,6224.330022,mustbethewater
2026-07-28 05:50:08,day,overall,58,0x5811c8ad5dc5990528357ecf1a6d03311d6c0976,5768.384358709598,6709.106419,0x5811c8AD5DC5990528357ecf1A6D03311D6c0976-1782550886071
2026-07-28 05:50:08,day,overall,59,0x54559f4eeefb88a2b4be81ca680901f6bfa98b2a,5724.9605477095,48596.927171,vgybhu
2026-07-28 05:50:08,day,overall,60,0x608fef4f4fa3b113fd3296dbd8c68b5611ab06c3,5662.935396,14683.546181000002,0x608feF4f4FA3B113fd3296dBD8c68b5611Ab06C3-1785056066535
2026-07-28 05:50:08,day,overall,61,0x50d07d6744afc48905e7c947e91d7f4bec54a6fc,5411.687287219998,36035.397775,TheMathGod
2026-07-28 05:50:08,day,overall,62,0xa4b7b1814b0da33f2b61be4939976898aa476008,5410.8068718853465,6481.276266999999,midwicket72
2026-07-28 05:50:08,day,overall,63,0xf68a281980f8c13828e84e147e3822381d6e5b1b,5343.356598212445,9947.717835000001,WHYWHYWHYWHYWHYWHY
2026-07-28 05:50:08,day,overall,64,0xa3c2ec158f222f3f4f5f4f57b113d761a4d3df3d,5262.235668908036,18351.242616,0xA3c2EC158F222F3F4f5F4f57b113d761a4D3df3d-1774679893278
2026-07-28 05:50:08,day,overall,65,0x0cb038487586d1119b165466072e9baf666f3a90,5214.450692094964,264600.836452,
2026-07-28 05:50:08,day,overall,66,0x2974bd0059e48f215c391882976e0f1b4c8c9c23,5205.693167568341,203.83647000000002,65765757
2026-07-28 05:50:08,day,overall,67,0x96489abcb9f583d6835c8ef95ffc923d05a86825,4853.378351365282,35809.796804000005,anoin123
2026-07-28 05:50:08,day,overall,68,0x71389d69bb86385f122e18bb427578f1d70e8c89,4635.153405059263,47881.885042,247525
2026-07-28 05:50:08,day,overall,69,0x79c2780bc097caa1fa94685fe267d208e3a100d3,4597.8947364549995,7368.42,
2026-07-28 05:50:08,day,overall,70,0xb55fa1296e6ec55d0ce53d93b9237389f11764d4,4490.3625803577015,258825.56893599988,0xb55fa1296E6ec55D0cE53d93B9237389f11764d4-1777575277609
2026-07-28 05:50:08,day,overall,71,0xeafc018ccbca46db203ba57c3e798ce0e84fe4c4,4483.369570112001,30378.5595,coltsmildx
2026-07-28 05:50:08,day,overall,72,0x3a8aa345d5db7ec5138298c8c4f4540259be7699,4310.119578772443,0.0,TheReturnOfDarthMaul
2026-07-28 05:50:08,day,overall,73,0xa2a07a7d25cdfdd6e519f18497bf1f4675e7b16b,4167.839340834031,82718.368517,chinamax
2026-07-28 05:50:08,day,overall,74,0xf6683d202f76fc9b79e5be716ce8519dab5b5c69,3908.565907105047,0.0,0xf6683D202f76FC9B79E5BE716CE8519DAb5b5c69-1765800503123
2026-07-28 05:50:08,day,overall,75,0x0eb540b0e83803cf2b00b02eb2ec3a6a88dfd57a,3892.3875423599816,0.0,spivers
2026-07-28 05:50:08,day,overall,76,0x0bcde02e0d053ed30532b77983a7e9bceffe811b,3883.4700355770005,170079.95395599998,0x0Bcde02E0D053ed30532B77983A7e9bcEffE811B-1781669659052
2026-07-28 05:50:08,day,overall,77,0x2ed17c5026b12cac4570e30d6543f7471939caa2,3759.1872329,7291.766665,RCHUP2
2026-07-28 05:50:08,day,overall,78,0xb0c85813a7a4428f1139ff91d3118a92c391fe7f,3753.0133004563936,15595.585914000003,FingerLickinGood
2026-07-28 05:50:08,day,overall,79,0x69c5c6f6a4dda665991c203bc8d5df3e006b1e01,3711.386137574882,0.0,Themsnw
2026-07-28 05:50:08,day,overall,80,0x7b88161f737e26b60bc86a3adf9089aaf1285d08,3647.9463317253976,18481.756512,Ajwritescrypt0
2026-07-28 05:50:08,day,overall,81,0x21f52494cdecc2b9ba03aad69f57c87ae798c161,3627.735425359979,8762.64,nikson8
2026-07-28 05:50:08,day,overall,82,0xe3cb28f7c62ac636f407014005499d2687b5ac21,3475.91808441351,0.0,odsowner
2026-07-28 05:50:08,day,overall,83,0x61f621ed129a8b64f0d2abbef50d23cd52d1e497,3471.327249654183,68815.470934,chaeri
2026-07-28 05:50:08,day,overall,84,0xbaa2bcb5439e985ce4ccf815b4700027d1b92c73,3429.4871035949764,995.076055,denizz
2026-07-28 05:50:08,day,overall,85,0xff81cc85838ce8f91a7d4ae2eeddadfa3f8444c9,3376.3694769230615,3394.674034,eokho
2026-07-28 05:50:08,day,overall,86,0xb8c842bc049bf208f73354c7b037b811d741d8a4,3301.7428359679616,0.0,0xb8C842Bc049BF208F73354c7B037B811d741D8A4-1766967229992
2026-07-28 05:50:08,day,overall,87,0x58b920e683324d2371bd8c788ecc5eaa73a5ee8b,3244.199316856997,2999.984996,0x58b920e683324D2371BD8C788eCc5EaA73a5EE8b-1722040682983
2026-07-28 05:50:08,day,overall,88,0xfb20c7b499b536121fc3cbe8aa6256cbf2ca3b5c,3232.6041154925,4995.974575,Erickaguilar
2026-07-28 05:50:08,day,overall,89,0xfd672b99a7cc7835bf931f0cea09bf7f7680ef90,3220.2292417925055,0.0,N34
2026-07-28 05:50:08,day,overall,90,0xfa8fc6a3e706bc4aa7556d060564c154322ad61b,3199.925954458993,0.0,singaporesling
2026-07-28 05:50:08,day,overall,91,0x228b8d11eba89bf1c554f8879a9293b7106daf4c,3191.148494794732,117771.847612,0x228B8d11EBa89BF1c554f8879a9293B7106DaF4c-1765442354872
2026-07-28 05:50:08,day,overall,92,0xbacd00c9080a82ded56f504ee8810af732b0ab35,3182.8433838968062,75928.99677,ScottyNooo
2026-07-28 05:50:08,day,overall,93,0xb754f7d2dd6cf81a8bfdab64580ffcaf0a4a96df,3153.09422054224,0.0,gogoo
2026-07-28 05:50:08,day,overall,94,0x4c8fbd365ead9c3647f1207e714d78caf8390942,3107.038792038562,29087.520718000007,NinjaSquirtle
2026-07-28 05:50:08,day,overall,95,0x06dc51826bc524d9a83770e7de9dd7e005b04524,3014.132508646173,212176.37319699992,0x06dc51826bc524d9a83770e7de9dd7e005b0452
2026-07-28 05:50:08,day,overall,96,0x73f6e37f1d9196770337567330b4341aecaca10a,2942.868696935,0.0,pan332
2026-07-28 05:50:08,day,overall,97,0xf12dbd6332cb0ef7e2298559c8a7c4d083e10272,2820.581274952625,29806.10251,0xf12Dbd6332Cb0Ef7e2298559C8A7c4D083e10272-1779599007737
2026-07-28 05:50:08,day,overall,98,0x6b23c73159b753c96d3c1ed94413f113300c04a3,2732.9024553791805,19995.819731000007,pauleta23
2026-07-28 05:50:08,day,overall,99,0x0feb1bf966bc7f954c2da0293ae2fdc572c5db5d,2728.465434778147,74745.30658799999,YungFelon
2026-07-28 05:50:08,day,overall,100,0xf705fa045201391d9632b7f3cde06a5e24453ca7,2725.267671913607,64964.86327000001,
2026-07-28 05:50:08,day,politics,1,0x560bec8a0e62a8f1d4ae80c7b76786f2b5fcaf09,19829.626732395445,0.0,Unconscious9485
2026-07-28 05:50:08,day,politics,2,0xe0f3208b94bbd4d1a3dee319d4d574747297d82c,15032.631998,0.0,0xe0f3208b94bBD4D1a3dEe319D4d574747297D82
2026-07-28 05:50:08,day,politics,3,0x88c4919de76e526d55a32c1f8afb439dd1f1129a,9212.046391295968,0.0,QuietRiskisWrong
2026-07-28 05:50:08,day,politics,4,0xbc75cabb772f1da1c1772430620da0174c453f69,8399.369053546005,0.0,unknwnfnd
2026-07-28 05:50:08,day,politics,5,0x7f9e2d1df78614564a70becc7fa14aa9a6623a0e,4833.161539538181,25530.73632,nojnn
2026-07-28 05:50:08,day,politics,6,0xe567b0cb3d7a7264ed7e74c3ebc0601dc11032a5,4541.489465748001,0.0,
2026-07-28 05:50:08,day,politics,7,0xc83aa25fa5829c789df2ac5976b4a26d49c648ff,4320.845183774569,0.0,
2026-07-28 05:50:08,day,politics,8,0x8b4bca1d794779e66e023d44391b2a86c5ab541b,4107.535012840148,0.0,0x8B4bcA1D794779E66e023D44391B2A86C5ab541B-1769764313952
2026-07-28 05:50:08,day,politics,9,0x96489abcb9f583d6835c8ef95ffc923d05a86825,4015.309226412326,34902.434586,anoin123
2026-07-28 05:50:08,day,politics,10,0x2974bd0059e48f215c391882976e0f1b4c8c9c23,3839.594283840939,97.78,65765757
2026-07-28 05:50:08,day,politics,11,0x69c5c6f6a4dda665991c203bc8d5df3e006b1e01,3711.3861375749984,0.0,Themsnw
2026-07-28 05:50:08,day,politics,12,0x19bcde88fb71b711e12cefc395f1d19abfa94834,3496.5768412069847,0.0,motherbear
2026-07-28 05:50:08,day,politics,13,0xbacd00c9080a82ded56f504ee8810af732b0ab35,3492.8868486620486,20765.546769999997,ScottyNooo
2026-07-28 05:50:08,day,politics,14,0xbaa2bcb5439e985ce4ccf815b4700027d1b92c73,3238.4640354099683,995.076055,denizz
2026-07-28 05:50:08,day,politics,15,0x430cb9225b04e393b2626ba689f7bfbe883d33a0,3216.4926105440427,0.0,3qed
2026-07-28 05:50:08,day,politics,16,0x162f6fff88a52864f2ecc9833e58089d5254798d,2733.800007030077,0.0,Valen9
2026-07-28 05:50:08,day,politics,17,0x4a9a9c28e929d354d5350a7f928893950a9681d5,2679.139491883918,0.0,jcal7
2026-07-28 05:50:08,day,politics,18,0x1ae26dfe2974ce44064f2a821cbdc71bb0cc496a,2410.389487904172,0.0,ugyhuijkl
2026-07-28 05:50:08,day,politics,19,0xc8ab97a9089a9ff7e6ef0688e6e591a066946418,2311.884001431841,45969.44068299999,ArmageddonRewardsBilly
2026-07-28 05:50:08,day,politics,20,0x40bd8cba0b55e4dfdfaa8b708c0baeae06a630c1,2097.172536,0.0,0x2d5405b7c72f2b53539ff8e127a9ef1999e37329
2026-07-28 05:50:08,day,politics,21,0xe027e4190284b02caef5adfe68566490894f400c,1999.9789745891362,0.0,hvggg
2026-07-28 05:50:08,day,politics,22,0x4cc3522b689a6bf1fb4a2444c523e7776db47552,1948.1798289922008,0.0,CrunchWrapoDeLaFuente
2026-07-28 05:50:08,day,politics,23,0x7f2de588e3d990d66fef63bf2378dacc87a139a8,1878.4366181634105,0.0,Q777
2026-07-28 05:50:08,day,politics,24,0x7c3db723f1d4d8cb9c550095203b686cb11e5c6b,1824.0603679844644,258011.339251,Car
2026-07-28 05:50:08,day,politics,25,0xc02147dee42356b7a4edbb1c35ac4ffa95f61fa8,1775.4714129028143,7913.670441,Eatpraylove
2026-07-28 05:50:08,day,politics,26,0xb66582886125a2a2ea966f1ea60ea60b6ecabf8f,1723.1300115700287,0.0,Aeglos
2026-07-28 05:50:08,day,politics,27,0x4d0e9b029700163625c551a0073636f3dc5ec45b,1672.0334930700192,204353.1,yougotme
2026-07-28 05:50:08,day,politics,28,0x3c918a8ef8c379304f744592120cbb4d76149af7,1528.9999922645038,0.0,Vilgefortz
2026-07-28 05:50:08,day,politics,29,0xbe482cd6e5183be8767f03b48ebc3ff35769683f,1420.3584246710034,0.0,0xBE482CD6e5183BE8767f03b48EBc3FF35769683f-1768081000582
2026-07-28 05:50:08,day,politics,30,0xdf17f4a8dd01a4cfa6fc3da323a2baee5f8697d1,1396.4502441999502,2137.0634,bahibahibahi
2026-07-28 05:50:08,day,politics,31,0x542aae10712e812bd71d792861ec5a570aa8a81b,1380.9682818459983,0.0,Blind Chicken
2026-07-28 05:50:08,day,politics,32,0xc84f7e76ec28ef20e7773b7b4926bfb7378be0c5,1371.5594269833528,267090.615845,BrightStars
2026-07-28 05:50:08,day,politics,33,0x2d99e29c4f066ba32098c65e4c7454b277d94ca3,1355.8676632630231,0.0,scout
2026-07-28 05:50:08,day,politics,34,0x3eae57986be5e0ca435102ffe1f14206ffa2e2ed,1309.7794112835036,0.0,thoodr
2026-07-28 05:50:08,day,politics,35,0xb72358735315fdbb9e43d7146b8133e203f60065,1273.6321947310023,0.0,bysittingnottrading
2026-07-28 05:50:08,day,politics,36,0x1cc16713196d456f86fa9c7387dd326a7f73b8df,1249.5224752521608,0.0,Wickier
2026-07-28 05:50:08,day,politics,37,0x636cd3e5750597c165796701e30339d856d8a2cf,1125.6490154899948,0.0,0x636cd3e5750597c165796701e30339D856D8a2cF-1729340044075
2026-07-28 05:50:08,day,politics,38,0x217eac421dd9d7154646ac7e0d93a73f47f13a4c,1109.4206100000006,0.0,flamingfish
2026-07-28 05:50:08,day,politics,39,0x267e95cf3cdfc3aa1d8a8e2795b43c4b45fcb526,1081.1661543699884,0.0,hideki.hirata
2026-07-28 05:50:08,day,politics,40,0x8d0328e8aeaa03bb13796c0eb31210f7f216fabf,1055.65738985822,0.0,CarolusRex
2026-07-28 05:50:08,day,politics,41,0xa0d0b3721170f18b33e026417d210fc7f9fa97d3,1019.337085,0.0,bettingisbad
2026-07-28 05:50:08,day,politics,42,0xe25b9180f5687aa85bd94ee309bb72a464320f1b,1002.5461283035693,0.0,WordleAddict
2026-07-28 05:50:08,day,politics,43,0xb1ca909e848cc24ec4e220ce1c453bc290c51705,986.0662579238415,23668.779557,R79dgahr
2026-07-28 05:50:08,day,politics,44,0xe9cf1a43a1c2091b99d6ec1209e29a05d545dbad,975.0000114310023,0.0,mostlywrong
2026-07-28 05:50:08,day,politics,45,0xbb75bfcc5756164d0fa5925b0e3684aedccd1b98,973.8459056672461,0.0,LeakySink
2026-07-28 05:50:08,day,politics,46,0x96f452cb979b24e4ad4af05338b7a34a60d7edc5,954.8721515159777,0.0,Nargili
2026-07-28 05:50:08,day,politics,47,0x8ad5a4a650183f9d214a09852eab0a100b93da26,927.72191992,0.0,Jdjdisosps
2026-07-28 05:50:08,day,politics,48,0x879752bca887bc247ba883a52bc45e9c6be6bbbe,923.4711752100031,2167.42,singularityman
2026-07-28 05:50:08,day,politics,49,0x7059109385f47040db8629032d7cf8b5b50670a2,907.1296874605923,0.0,ChuChuTrain - 4918
2026-07-28 05:50:08,day,politics,50,0x5cd5c8d7a17c78d7389d8b87b611aed83322ac33,905.5806283129969,0.0,nonkenny90
2026-07-28 05:50:08,day,politics,51,0x44c1dfe43260c94ed4f1d00de2e1f80fb113ebc1,905.3202068994287,411400.57,aenews2
2026-07-28 05:50:08,day,politics,52,0x21064fd320bfd5a86f8c92a94d3209edf4154dea,850.5702115211461,7857.5380319999995,rainbowlilies
2026-07-28 05:50:08,day,politics,53,0x3069c1002bd0bb6aec054c7a27722919df95f8ef,789.5321992509998,0.0,Orion96
2026-07-28 05:50:08,day,politics,54,0xf81c4580fa778a3a2560259b65909618bfe5ccea,788.9339103500024,0.0,abed1
2026-07-28 05:50:08,day,politics,55,0xbfdd2fb3f69cd098b395eb7390fe973a2158e70e,788.2442043454957,0.0,khonikdev
2026-07-28 05:50:08,day,politics,56,0x6ac0caf622798132614a5972f81d86ff23fc55f3,773.6475472695201,0.0,LeRoiSoleil
2026-07-28 05:50:08,day,politics,57,0xcd71fd5370880f3d92bb941e628c05840fe0d127,766.0352017390542,0.0,Kevindoto
2026-07-28 05:50:08,day,politics,58,0xb51b3beffd13cde071ed799e70a7b0b598e8b4d9,748.0112268159864,7206.867799,cambridgeisaac
2026-07-28 05:50:08,day,politics,59,0xf5592765133941c40c77e52bc56bbe7ec167f462,746.0234562204932,0.0,0xf5592765133941c40C77e52Bc56bbe7EC167F462-1755612447740
2026-07-28 05:50:08,day,politics,60,0x62cf46cd4c3af254dccfc37a7f93de265b4b5826,726.4396881043394,2173.021371,eCash
2026-07-28 05:50:08,day,politics,61,0x49d53d1e64b0bb41ccc0c51c2848f102e3bef280,725.0752380405156,0.0,MKPoly - 2836
2026-07-28 05:50:08,day,politics,62,0x64c8ec47e1f5a367f234a74f8176d805e87173ce,706.2119386099803,0.0,0xfcb034ffesa540c81ad37321212f6e0c762feac8
2026-07-28 05:50:08,day,politics,63,0x30b6fe3508ac9c2ec69c7967452a26cea97f0bb7,702.3035718700048,0.0,sassy31535
2026-07-28 05:50:08,day,politics,64,0x614dc8d3542c12103d2c6a3553fd761e391d1546,701.9364351498662,647.1685699999999,mr.ozi
2026-07-28 05:50:08,day,politics,65,0x5b721da0811d071808f129537b7052b819b8bedd,684.1354359300002,0.0,BeezoDokiDoki
2026-07-28 05:50:08,day,politics,66,0x03805a13a0b3e058f55f6c6af95389d4f431073d,681.77848930849,6001.078976000001,donthackme
2026-07-28 05:50:08,day,politics,67,0xb866c60da64481442a678b68c66d4c0045d536d4,679.7424989999981,0.0,BigDSlangin
2026-07-28 05:50:08,day,politics,68,0x35bbbad2415fe5e39b12da9a316cdc80b022009b,665.6874301769712,265.3,MisTKy
2026-07-28 05:50:08,day,politics,69,0x9c987f84d18a4dd640909409b31212fbb805f4f4,649.5898681090039,0.0,Moonshot1019
2026-07-28 05:50:08,day,politics,70,0x23d81ba9371e576015c1e562db09c689f56b0288,647.05366120697,0.0,flawfence
2026-07-28 05:50:08,day,politics,71,0x4930ce3ef76a18074a338d6888408b4ec3abd78d,639.2516614599972,0.0,BitcoinerRetired
2026-07-28 05:50:08,day,politics,72,0xa0926fbc4a90e29e479b459ef92a147ebe5b11e3,625.5576420895923,300.0,G.laila
2026-07-28 05:50:08,day,politics,73,0xa0fbec0ffc8881c3b20aeaaec02d584d3275e939,623.9708429999997,0.0,tjrickoriginal
2026-07-28 05:50:08,day,politics,74,0x9c2617462567859fcf5764e03b9a687ebca274bc,615.4054809904483,0.0,Tigerofthehood
2026-07-28 05:50:08,day,politics,75,0xc851cd9bee7d262afd78674f861f9f576a12cd2a,612.5314628734486,2010.439997,betwick
2026-07-28 05:50:08,day,politics,76,0x52071e89ed7f68478a428fd65aed5dc572be686b,605.1240416972923,1525.335065,StraddleSeller
2026-07-28 05:50:08,day,politics,77,0xd1049158a102840ce595efc6ab683a0cb6fbacef,597.5208609515093,2000.0,pilimili
2026-07-28 05:50:08,day,politics,78,0x6806d2ab8efb9c41baa28c72e44fdfc4b3293a05,592.1216089000009,0.0,Aurelian9
2026-07-28 05:50:08,day,politics,79,0xe77064fcfc9bf8a565b5e0683a33c04281290a66,578.5894283800008,0.0,whyhealwayswinning
2026-07-28 05:50:08,day,politics,80,0xe8ff0a56d848954b60e8e8ed99637e3c50ddc93b,577.1455398455,0.0,BlindGibbon
2026-07-28 05:50:08,day,politics,81,0x7c3b272918206068f4f989567d7f042ac0bc0cad,570.8999467929998,11698.296151999999,0x7c3b272918206068F4f989567D7F042Ac0bc0CAD-1782647837772
2026-07-28 05:50:08,day,politics,82,0x0e8d61f16a2373931ffbfc2993f046e33286dfcc,567.7359299999953,0.0,GummiMummi
2026-07-28 05:50:08,day,politics,83,0xe5c215ac428d4143f9ebc817c9ac6e717a2e2ab0,557.7439500000037,0.0,dwFqcd4Z
2026-07-28 05:50:08,day,politics,84,0x17e313bb9173febb23c865a2ef8a4e8e0eaf9ba5,555.0832310576952,6923.138428,hymolu
2026-07-28 05:50:08,day,politics,85,0x4a17eebcacbbc45913d067d3ee83211b38453acc,549.999653,0.0,EarthlingEd
2026-07-28 05:50:08,day,politics,86,0x1ee9a5fc09665909c0cce297c581703bfbb9197f,549.5994112186236,6849.670908,vinii
2026-07-28 05:50:08,day,politics,87,0xe3cb28f7c62ac636f407014005499d2687b5ac21,526.6115995050015,0.0,odsowner
2026-07-28 05:50:08,day,politics,88,0xc96e5287ab294ac0388c2ddb00180fc464cff1f9,518.1958690695069,0.0,wigglew
2026-07-28 05:50:08,day,politics,89,0xb37aa8834f9baefc6fb3312f59df8ddf0348f1b1,511.36292403550397,8065.64,Steve-Haines
2026-07-28 05:50:08,day,politics,90,0xa8c63f775ddbbe66b56614191747def3021444e8,508.52782011634554,17619.65965,Tenebrus7
2026-07-28 05:50:08,day,politics,91,0xf811ef0712a03925ce67ae2af5318cfeb86b1792,504.7834744520369,0.0,krikcrok
2026-07-28 05:50:08,day,politics,92,0xb0c85813a7a4428f1139ff91d3118a92c391fe7f,503.9622624822805,946.068655,FingerLickinGood
2026-07-28 05:50:08,day,politics,93,0x5ecde7348ea5100af4360dd7a6e0a3fb1d420787,501.97782546388044,0.0,0xdc3E831cad
2026-07-28 05:50:08,day,politics,94,0x1e098a7a17517b8e936517d071f830b13f282a23,501.871507,0.0,bobe1
2026-07-28 05:50:08,day,politics,95,0xf0d5eb1cbe7350f1f896ade6c172e6700414c665,501.852490129535,2535.62,yen4u
2026-07-28 05:50:08,day,politics,96,0x32e3742a6dd363c3dfdba700b77f845ec99ad066,499.9895919999981,0.0,zubbybadger
2026-07-28 05:50:08,day,politics,97,0x97ead83eb0e6b7f142e63284791882f05ddf3363,499.3647001464924,324.03,Hakei.
2026-07-28 05:50:08,day,politics,98,0xd426adbc3c4461c86099c26221c877f20e42334a,497.77988571394235,18.0,881112
2026-07-28 05:50:08,day,politics,99,0xf1ef8705e9f63c790c6fffd6329aea7011718cd6,491.69538960800855,7484.530000000001,Outsid3rTrading
2026-07-28 05:50:08,day,politics,100,0x0d15e2724df455f9e65b15104d21d76412a2c454,491.1906821949815,0.0,e88888
2026-07-28 05:50:08,day,sports,1,0xa71093cafc0c099b4ccab24c3cb8018d817923c4,132929.64065999002,2906.155475,Talvez10
2026-07-28 05:50:08,day,sports,2,0x27c5c1eee404a07f39fe70078aff815e5a656d61,130452.55323477558,327164.331618,0x27c5C1EEE404a07F39FE70078AFf815E5a656D61-1763107503028
2026-07-28 05:50:08,day,sports,3,0x684baa57c338c2549aec0aa3f034f695d72a8409,126405.30106582845,39138.615773,monkeymashingkeyboard
2026-07-28 05:50:08,day,sports,4,0x7d6d24d5d9393cc2dd566a95a1cccbe0aa882654,112385.51725582615,168555.535141,0xe11Ff8cd2718F51a4d9403D166c20eaAAbE253F4-1777047101622
2026-07-28 05:50:08,day,sports,5,0x1b20a00709dfe648afd26b326394b5e031f83ab0,102905.5123601596,139883.864195,0x1b20a00709DfE648AFd26b326394b5e031f83ab0-1785189457930
2026-07-28 05:50:08,day,sports,6,0x84dbb7103982e3617704a2ed7d5b39691952aeeb,47162.08975899592,5421.083923,Soarin22
2026-07-28 05:50:08,day,sports,7,0x224a89dbe0db0d6124b335edabd15b3f877da3d5,46985.55051761214,125025.53845500002,wr0ngw4yb3tt0r
2026-07-28 05:50:08,day,sports,8,0x187a72bac379e9ba14a8c40dd3b44fa16e67a22b,46606.06846430572,165400.958364,THEBIGBETS
2026-07-28 05:50:08,day,sports,9,0xbb5fbe810633ab08d106b82db84418a0e2ca2e21,42731.67015699996,75185.22000000002,highnetworth
2026-07-28 05:50:08,day,sports,10,0xbca08c1bc204a34f2fddbe47b438b9bd42ac9705,34051.2416067631,218953.29944699997,1winstreak1
2026-07-28 05:50:08,day,sports,11,0x6f3e7f25baa7d2d49e15e2d2957ff3dec62cbcf8,32816.866773499765,31050.160945,fRibrenlc
2026-07-28 05:50:08,day,sports,12,0x7ad71d79a3bb90d0a87a06500fa0fe11663842aa,31646.653683455006,0.0,theowalcott
2026-07-28 05:50:08,day,sports,13,0x65c18d740c8246af3353741c0b32e4b6da552988,28644.216514369997,0.0,neurodivergentBet
2026-07-28 05:50:08,day,sports,14,0xb272505077cc2c6bde5acca133ea6364152e5030,25882.78960762266,40655.163501,BaseballBill
2026-07-28 05:50:08,day,sports,15,0xd1ed12197b7dc22dede923727e9b714024dbd7cb,21147.317989072297,371946.874511,curie
2026-07-28 05:50:08,day,sports,16,0x1b47e9b128e6b671edebfb2cac23dd3efc40d814,17157.998980337696,54648.034722,sbsigner
2026-07-28 05:50:08,day,sports,17,0x84cfffc3f16dcc353094de30d4a45226eccd2f63,16936.482714999467,115385.45351799998,mooseborzoi
2026-07-28 05:50:08,day,sports,18,0x42c99f38d2b951b0dc8e8bd5371fa80c9dd19623,14215.871539550135,23353.865381999996,TRCM
2026-07-28 05:50:08,day,sports,19,0x6982049c65e98606f65a0ce71fdb9b61296da165,13465.831875694756,54077.511232,0x6982049c65e98606f65A0CE71fDb9b61296dA165-1777135114945
2026-07-28 05:50:08,day,sports,20,0x924379a79c64b77ad5816ad362122a5f6228658e,13094.976019006572,0.0,Kch-Temp
2026-07-28 05:50:08,day,sports,21,0x547f2917d51f2e63ab382dcf641d4e0240162937,13079.686639695654,14336.67,0x547f2917D51F2e63ab382DCF641d4E0240162937-1782667852436
2026-07-28 05:50:08,day,sports,22,0xe55aab114e95fff2fa267313916381d79323ecf7,12249.348887929986,0.0,steevenseakael
2026-07-28 05:50:08,day,sports,23,0xdb83e85ffd22faa4009273034770f96ffc5b1e50,11564.127547318261,41925.47941000001,sentrio
2026-07-28 05:50:08,day,sports,24,0xde9f7f4e77a1595623ceb58e469f776257ccd43c,11044.887842518394,27496.734760000007,tradecraft
2026-07-28 05:50:08,day,sports,25,0xef2684030d14a67c2a30a3e4fc00eed7a99505ba,11027.273364454997,10665.827071,LOBODAFL
2026-07-28 05:50:08,day,sports,26,0x01e6e3c5cfe50943e7721398054cb1e22032e7e0,10721.969191418517,44122.530687000006,BirdMan.
2026-07-28 05:50:08,day,sports,27,0x1a2f67124f12eaa88be0f6683a95abede555647a,9232.430323065957,81747.18344,uptime0724
2026-07-28 05:50:08,day,sports,28,0x9a3fa403a6666eef75f92f181fcf13f9c051914a,9170.665451241002,26962.158963,Rex416
2026-07-28 05:50:08,day,sports,29,0x6485f47d0344c03eb4340f985159f6eb2dcba265,8958.515301529958,19365.739999999998,flatbarrel
2026-07-28 05:50:08,day,sports,30,0xc3c3b3ef304ddbea39fa2246e683a71da5d0eec8,8933.154648850672,76481.71054500001,comon119
2026-07-28 05:50:08,day,sports,31,0x1b8ffdb4ff99b4622f099465c486e4f75751cca7,8849.87036922498,16834.788155000002,0x1B8FfDb4FF99B4622F099465C486E4F75751cca7-1779298477893
2026-07-28 05:50:08,day,sports,32,0x27f738fe203827445690339104aae35b20bc44b0,8792.814552300282,3099.260788,ic4cream
2026-07-28 05:50:08,day,sports,33,0xf43842aca68209bd8bd3b4cfae00a32053769559,8789.953883704497,0.0,PendulumExchange
2026-07-28 05:50:08,day,sports,34,0xf95846967c9093e4881506162077ec8f7049db13,8537.505000000005,5000.0,thecomplicatedguy
2026-07-28 05:50:08,day,sports,35,0xbddf61af533ff524d27154e589d2d7a81510c684,8486.29472087347,0.0,Countryside
2026-07-28 05:50:08,day,sports,36,0x8c0b024c17831a0dde038547b7e791ae6a0d7aa5,7654.99618892002,12.19512,PASSTHEMONEY
2026-07-28 05:50:08,day,sports,37,0x6f1bc01b7508f25fca0df22ecd02a82dd767f28a,7098.254800000001,15600.56,HONGKONGPOWER
2026-07-28 05:50:08,day,sports,38,0x62369b3567ab1dca267602374f1233ed015e08d2,6951.091054959805,0.0,Chensang7
2026-07-28 05:50:08,day,sports,39,0x3663ed135115e034de3a9ad8cdca8493e8d68950,6859.479400586075,17389.870000000003,Nikos888
2026-07-28 05:50:08,day,sports,40,0x54bab0bc94667af224e21528804d49c1b87e04e4,6807.247358468201,52506.00793100001,0x54baB0BC94667Af224E21528804D49C1b87e04e4-1776237217344
2026-07-28 05:50:08,day,sports,41,0xc2930286341961a77363298e5b63271530f5fac3,6540.112184044037,77593.517957,RDXR
2026-07-28 05:50:08,day,sports,42,0x5caec2331059ed7bbead580c8bc56e2d1896a00a,6224.999999999978,0.0,halomango
2026-07-28 05:50:08,day,sports,43,0x22da1a1fc2b14f5c76b0e179048734c015ef2866,6063.319244778937,27651.194608000005,BlessedSunshine888
2026-07-28 05:50:08,day,sports,44,0x54559f4eeefb88a2b4be81ca680901f6bfa98b2a,6044.007065265505,48596.927170999996,vgybhu
2026-07-28 05:50:08,day,sports,45,0x214039968998abdcdbd998d15d699296f3570e12,5926.441068,15826.76,q136084
2026-07-28 05:50:08,day,sports,46,0xe8c4d68aff65b38cac46987b9b65e01eb47d395d,5860.325622000382,1064.792136,JAMJAMJAM4
2026-07-28 05:50:08,day,sports,47,0x5811c8ad5dc5990528357ecf1a6d03311d6c0976,5768.384358709594,6709.106419,0x5811c8AD5DC5990528357ecf1A6D03311D6c0976-1782550886071
2026-07-28 05:50:08,day,sports,48,0x50d07d6744afc48905e7c947e91d7f4bec54a6fc,5411.532643219998,36035.397775,TheMathGod
2026-07-28 05:50:08,day,sports,49,0xa4b7b1814b0da33f2b61be4939976898aa476008,5410.8068718853465,6481.276266999999,midwicket72
2026-07-28 05:50:08,day,sports,50,0xf68a281980f8c13828e84e147e3822381d6e5b1b,5287.564729510632,352.03,WHYWHYWHYWHYWHYWHY
2026-07-28 05:50:08,day,sports,51,0xa3c2ec158f222f3f4f5f4f57b113d761a4d3df3d,5227.189100934949,13887.353948,0xA3c2EC158F222F3F4f5F4f57b113d761a4D3df3d-1774679893278
2026-07-28 05:50:08,day,sports,52,0x71389d69bb86385f122e18bb427578f1d70e8c89,4621.033093184247,42052.930667,247525
2026-07-28 05:50:08,day,sports,53,0x79c2780bc097caa1fa94685fe267d208e3a100d3,4597.8947364549995,7368.42,
2026-07-28 05:50:08,day,sports,54,0xeafc018ccbca46db203ba57c3e798ce0e84fe4c4,4483.369570112001,30378.5595,coltsmildx
2026-07-28 05:50:08,day,sports,55,0xa2a07a7d25cdfdd6e519f18497bf1f4675e7b16b,4167.839340834013,82718.368517,chinamax
2026-07-28 05:50:08,day,sports,56,0xf6683d202f76fc9b79e5be716ce8519dab5b5c69,3908.565907105047,0.0,0xf6683D202f76FC9B79E5BE716CE8519DAb5b5c69-1765800503123
2026-07-28 05:50:08,day,sports,57,0x0eb540b0e83803cf2b00b02eb2ec3a6a88dfd57a,3892.6800423599816,0.0,spivers
2026-07-28 05:50:08,day,sports,58,0x0bcde02e0d053ed30532b77983a7e9bceffe811b,3891.4700355770005,170079.953956,0x0Bcde02E0D053ed30532B77983A7e9bcEffE811B-1781669659052
2026-07-28 05:50:08,day,sports,59,0x7523cafcee7bcf2db9a79d80e0d79b88a9a54c4c,3858.3088086452335,11805.739973,DonaldinhoTrumpito
2026-07-28 05:50:08,day,sports,60,0x2ed17c5026b12cac4570e30d6543f7471939caa2,3759.1872329,7291.766665,RCHUP2
2026-07-28 05:50:08,day,sports,61,0x7b88161f737e26b60bc86a3adf9089aaf1285d08,3647.9463317253976,18481.756512,Ajwritescrypt0
2026-07-28 05:50:08,day,sports,62,0x21f52494cdecc2b9ba03aad69f57c87ae798c161,3627.7354253599788,8762.64,nikson8
2026-07-28 05:50:08,day,sports,63,0x61f621ed129a8b64f0d2abbef50d23cd52d1e497,3452.4475791227705,66945.430934,chaeri
2026-07-28 05:50:08,day,sports,64,0xff81cc85838ce8f91a7d4ae2eeddadfa3f8444c9,3376.3694769230615,3394.674034,eokho
2026-07-28 05:50:08,day,sports,65,0xb8c842bc049bf208f73354c7b037b811d741d8a4,3301.7428359679616,0.0,0xb8C842Bc049BF208F73354c7B037B811d741D8A4-1766967229992
2026-07-28 05:50:08,day,sports,66,0x58b920e683324d2371bd8c788ecc5eaa73a5ee8b,3244.199316856997,2999.984996,0x58b920e683324D2371BD8C788eCc5EaA73a5EE8b-1722040682983
2026-07-28 05:50:08,day,sports,67,0xfb20c7b499b536121fc3cbe8aa6256cbf2ca3b5c,3232.4137846424983,4995.974575,Erickaguilar
2026-07-28 05:50:08,day,sports,68,0xfd672b99a7cc7835bf931f0cea09bf7f7680ef90,3220.2292417925055,0.0,N34
2026-07-28 05:50:08,day,sports,69,0x228b8d11eba89bf1c554f8879a9293b7106daf4c,3191.1484947946155,117771.847612,0x228B8d11EBa89BF1c554f8879a9293B7106DaF4c-1765442354872
2026-07-28 05:50:08,day,sports,70,0xb754f7d2dd6cf81a8bfdab64580ffcaf0a4a96df,3153.09422054224,0.0,gogoo
2026-07-28 05:50:08,day,sports,71,0x4c8fbd365ead9c3647f1207e714d78caf8390942,3108.038779638562,29087.520718000007,NinjaSquirtle
2026-07-28 05:50:08,day,sports,72,0x73f6e37f1d9196770337567330b4341aecaca10a,2942.868696935,0.0,pan332
2026-07-28 05:50:08,day,sports,73,0xc6d2a731a26644ac61aaa23372379ea10dd6d00f,2687.7105439060288,7019.095001,corkk345co
2026-07-28 05:50:08,day,sports,74,0x6b23c73159b753c96d3c1ed94413f113300c04a3,2656.6457669465162,19148.164745000002,pauleta23
2026-07-28 05:50:08,day,sports,75,0xe2d0f0580716e47979206dcff5220695e7967bbf,2520.0,7000.0,0xe2D0f0580716E47979206dcFF5220695e7967BbF-1763023416239
2026-07-28 05:50:08,day,sports,76,0x160bf4f27cdaaaed1408ccd1558ab30c210d4296,2448.024291834765,49.808505999999994,mortewfenloin
2026-07-28 05:50:08,day,sports,77,0xd4ba0c13df16148dba6f74296f3ead53e2c6f893,2414.325481285,0.0,BORIS-531
2026-07-28 05:50:08,day,sports,78,0x477ea89a0d62936af2130e5fbbde86a6973af63e,2411.2325488200004,0.0,driversa
2026-07-28 05:50:08,day,sports,79,0x2ad531734533078236780a5acda36d91037a62ff,2380.505969999467,3876.864257,Wgod3
2026-07-28 05:50:08,day,sports,80,0xd58d55a49ff554b57ce5706b87ef5c776ad3c2d6,2364.8633704199983,2291.66,zeus-301
2026-07-28 05:50:08,day,sports,81,0x224f7ef690d952cf551a471846d5afb4892e514a,2323.1769834534934,0.0,WeBuyHighWeSelllow
2026-07-28 05:50:08,day,sports,82,0xe988cd54dffb6a5a78d4d8ac36a60df2c0308343,2296.4260666979626,0.0,qaz520
2026-07-28 05:50:08,day,sports,83,0x2d6ac4f70307102ac46e9e6ded67f3838ddf8add,2192.530250653901,20097.476952999998,GC-P
2026-07-28 05:50:08,day,sports,84,0x974cf2b1a7b1850554f1955a924bb6b3e86b3269,2164.69305,0.0,0x974cf2b1a7b1850554F1955A924Bb6B3e86B3269-1783236905819
2026-07-28 05:50:08,day,sports,85,0x6db568e61e5e3de7d87f831431b673f38ce2e279,2156.6491550800856,4886.27,
2026-07-28 05:50:08,day,sports,86,0x3b62c64ebaee15478e8b21765b9f940458655cc8,2132.490098862705,0.0,rollobravado
2026-07-28 05:50:08,day,sports,87,0xadfb6cba33cebca02eab6111ace1e3924b9cc2ef,2097.0373169088707,30569.263596000008,KnightDasCapital
2026-07-28 05:50:08,day,sports,88,0xc949b287f5f6b616034ffeafa286d17aa936fa93,2079.0006490000014,4423.396225,undying
2026-07-28 05:50:08,day,sports,89,0xa3b5da76ffbbe3325bb1b40a30f6a4634962941a,2033.347471904999,1559.617906,0xa3B5dA76FfBBE3325BB1b40A30f6A4634962941a-1777921240736
2026-07-28 05:50:08,day,sports,90,0x8718865882e085b764825b637788043c16185040,2021.7459809196298,91862.218156,hurrican
2026-07-28 05:50:08,day,sports,91,0xd47dda34a3f41f39e5d3c1c98260a0dd7c0a322b,1997.2647756200022,0.0,MymanIvan
2026-07-28 05:50:08,day,sports,92,0xc34b4901be324718c176100e350211d97b199296,1935.6918315026778,1632.66,ForAndWithYou
2026-07-28 05:50:08,day,sports,93,0xabf543512f33e2d754ada028a689610139cccfeb,1920.8087677720114,0.0,0xAbF543512f33E2D754ada028a689610139Cccfeb-1760974401494
2026-07-28 05:50:08,day,sports,94,0xc46368a3374e87566eff1ffae7e6ec0163509a2f,1895.3944710021897,6447.117611,NewTeamSosed2
2026-07-28 05:50:08,day,sports,95,0xe91171f655be1568e4c63f29663c0028649e3d4e,1883.114079301813,22739.398161999998,0xE91171f655bE1568e4c63f29663c0028649e3d4e-1765651946286
2026-07-28 05:50:08,day,sports,96,0x46996fc536f8828aadbb6bd7f9065b4e10175051,1825.8129194802714,23336.258267999998,Bigr100
2026-07-28 05:50:08,day,sports,97,0xce99401bc919eb5bac569f41462bbbb9754e637e,1792.7529023449943,841.0,Righs
2026-07-28 05:50:08,day,sports,98,0xd9e0aaca471f489be338fd0f91a26e8669a805f2,1743.2894400863443,143191.51186199998,0xD9E0AACa471f48F91A26E8669A805f2
2026-07-28 05:50:08,day,sports,99,0x30c16e063c3be66d93acf14c06e2741e348f9f91,1736.1164865115134,19.746264,Ditto321
2026-07-28 05:50:08,day,sports,100,0x1420b746dea30e05b387ab880f9d3ec5bc579daa,1700.9882460000226,2810.983978,djokowin
2026-07-28 05:50:08,day,crypto,1,0x4ab9b54427ec4b7f3646b1a0ef1bed73bc708ebe,102266.86937,0.0,RWCS
2026-07-28 05:50:08,day,crypto,2,0x6c3aae17140c5e3cde62380daaa323e38575c459,100287.227136,0.0,AvrahamEisenberg - 10161
2026-07-28 05:50:08,day,crypto,3,0xa8cf2ed8751f4e58ad039e1b68a8b58b4395031f,85547.41699299996,0.0,
2026-07-28 05:50:08,day,crypto,4,0x3d8a89a20aa73fba0f30d080e8120de9f9555724,50766.935668000006,0.0,Poyo
2026-07-28 05:50:08,day,crypto,5,0x93fb8127a1b21a112b11af936361225df0563e4a,32770.80972792598,0.0,LlamaLoco0000
2026-07-28 05:50:08,day,crypto,6,0x0d18e30e252008d83f51dae00d36873ddd9e24a6,29726.53863699996,0.0,MonsieurDimanche
2026-07-28 05:50:08,day,crypto,7,0x0f35109cc3ceaf729609c3109310791bd616c84a,27254.641564000005,0.0,
2026-07-28 05:50:08,day,crypto,8,0x782186952ef2ca75ea91c95aef25bbdcffb4bb1a,23607.800415098933,0.0,thif - 33063
2026-07-28 05:50:08,day,crypto,9,0x95b198f900d19a80d3d7e47b7b17708af254f9ac,18124.591877,0.0,thepicklebomber - 3805
2026-07-28 05:50:08,day,crypto,10,0x7fb23b0d330ea4ac4f3cecce1eb81fb0bfb3ed4b,14768.168524999995,0.0,
2026-07-28 05:50:08,day,crypto,11,0x4f70929ba287ac85dc2431c85382ccd9e6b0d185,14234.245540373951,0.0,Lance Uppercut
2026-07-28 05:50:08,day,crypto,12,0x15ae79d7cd60b2a7f06ae46eb4c7a0eb16096ffd,13228.384829999999,0.0,humiliating piglet
2026-07-28 05:50:08,day,crypto,13,0x903221b1098263779ae19486028c844e8c338717,11412.82380400002,0.0,0x903221b1
2026-07-28 05:50:08,day,crypto,14,0x322f041810cee536293dcb4c99fc23b3a766940a,10043.226767999999,0.0,Sports
2026-07-28 05:50:08,day,crypto,15,0xe0eeb30d92eb2a995fc82b4e58def02c53e6fa3f,9426.288296831113,0.0,predictor - 3335
2026-07-28 05:50:08,day,crypto,16,0x84898b583d56054b502c6564f3edfad43b54e211,8927.851561376445,0.0,JustLearning
2026-07-28 05:50:08,day,crypto,17,0xfefaf44054fb92d87882f2bd24bddbd163487bed,8476.656116999999,0.0,vivaFujimori - 33031
2026-07-28 05:50:08,day,crypto,18,0xae95a2fd8df6b5e621d583157d47412a6b066579,8274.744259,0.0,draintheswamp!
2026-07-28 05:50:08,day,crypto,19,0x09fb8ab5f70b2140511c366451e0f02c3c10d01c,7974.457056,0.0,mkiaz - 1025
2026-07-28 05:50:08,day,crypto,20,0x1f682adb9a5cf101bcf53a7cd00bc2c594f7c9b3,7677.93231,0.0,0x3177d25a95524e6d98843c78cd604b67fb1b92b9
2026-07-28 05:50:08,day,crypto,21,0x7668efbca0df8195ba199d3e19cb768e8b3779ec,7415.563737000004,0.0,
2026-07-28 05:50:08,day,crypto,22,0x0393b7a4c1e4a72564bf8287c7d1471ac9a61130,6550.193144999999,0.0,
2026-07-28 05:50:08,day,crypto,23,0x7430669ff298f8dc78e3339448d4994e812d111f,6530.533578999999,0.0,zwe2edS1ms
2026-07-28 05:50:08,day,crypto,24,0xb254cd171eb8d5b4b60703f99fd13474504bb70a,6116.458664,0.0,maga - 97
2026-07-28 05:50:08,day,crypto,25,0x0af5f7ff9e6b4957e26d064b3218c38c59c87e3f,5982.980714,0.0,brian - 23314
2026-07-28 05:50:08,day,crypto,26,0xf1302aafc43aa3a69bcd8058fc7a0259dac246ab,5774.41538150318,0.0,TraderRed
2026-07-28 05:50:08,day,crypto,27,0x608fef4f4fa3b113fd3296dbd8c68b5611ab06c3,5662.935396,14683.546181000002,0x608feF4f4FA3B113fd3296dBD8c68b5611Ab06C3-1785056066535
2026-07-28 05:50:08,day,crypto,28,0x0cb038487586d1119b165466072e9baf666f3a90,5214.450692094964,264600.836452,
2026-07-28 05:50:08,day,crypto,29,0xfcbe281f11f195423fdf458582e1215790b7aa8b,5171.851393012967,0.0,igot
2026-07-28 05:50:08,day,crypto,30,0x9950ee8a9cf72226eb1f6f02b086c17198074f87,5064.889840753716,0.0,inanity - 38305
2026-07-28 05:50:08,day,crypto,31,0xe734e7bf7cfb9e464681f71822f6c2f6be514f0c,5012.348552038111,52697.996318000005,boyau
2026-07-28 05:50:08,day,crypto,32,0x88186ddbea78ab3d65b7d08f0658b9c22037f265,4999.839805000004,0.0,
2026-07-28 05:50:08,day,crypto,33,0xef1d0c6244e7a8c9640b08758a8425b5d2a5bdcb,4744.460834,0.0,
2026-07-28 05:50:08,day,crypto,34,0xb55fa1296e6ec55d0ce53d93b9237389f11764d4,4490.362580356072,258825.56893599988,0xb55fa1296E6ec55D0cE53d93B9237389f11764d4-1777575277609
2026-07-28 05:50:08,day,crypto,35,0x64310c79be3502dd17e88d9ca7df781700a66f1f,4403.783522999997,0.0,Sergeantx - 410
2026-07-28 05:50:08,day,crypto,36,0x730ae359e9441f836022f7ec14b941fdc942a0fe,3882.4374039999993,0.0,rippopsmoke - 56
2026-07-28 05:50:08,day,crypto,37,0x7789806c754eb0af4c3abeb026c218b4ba78f823,3870.9248070000003,0.0,VibesGreaterRules
2026-07-28 05:50:08,day,crypto,38,0x63f8eb9f5f902f6637f75f10fc185e77b0f660ac,3859.364997,0.0,hmm ok
2026-07-28 05:50:08,day,crypto,39,0xb5fc4d5388952dc7a798fe784fe659f9a20e5ca4,3468.848614999384,0.0,
2026-07-28 05:50:08,day,crypto,40,0xfa8fc6a3e706bc4aa7556d060564c154322ad61b,3347.6492009809913,0.0,singaporesling
2026-07-28 05:50:08,day,crypto,41,0x8b5a7da2fdf239b51b9c68a2a1a35bb156d200f2,3044.8101620000016,0.0,Joe-Biden
2026-07-28 05:50:08,day,crypto,42,0x06dc51826bc524d9a83770e7de9dd7e005b04524,3014.132508646231,212176.3731969999,0x06dc51826bc524d9a83770e7de9dd7e005b0452
2026-07-28 05:50:08,day,crypto,43,0x687349b551df31c4a330bbaf1519458cb521d9e5,2966.8310484142407,0.0,ihatedmyself
2026-07-28 05:50:08,day,crypto,44,0xfab242aa69777dda9ab74b6a6aa878555f3feacd,2845.680646,0.0,Luxy - 6433
2026-07-28 05:50:08,day,crypto,45,0xf12dbd6332cb0ef7e2298559c8a7c4d083e10272,2820.581274952625,29806.10251,0xf12Dbd6332Cb0Ef7e2298559C8A7c4D083e10272-1779599007737
2026-07-28 05:50:08,day,crypto,46,0xc4c81a4e8e39d374b12e27a0373f6e2ccb4f8618,2757.9446579999994,0.0,mhonkasalo
2026-07-28 05:50:08,day,crypto,47,0xf705fa045201391d9632b7f3cde06a5e24453ca7,2725.267671913607,64964.86327000001,
2026-07-28 05:50:08,day,crypto,48,0xd972acefb74470cd60107b523783b5454675017e,2706.6317594326483,9900.140754999999,0xd972ACeFb74470CD60107B523783b5454675017E-1784762048153
2026-07-28 05:50:08,day,crypto,49,0xa8845b7cf1cdc5d63a226d7db2be64feb8119d7d,2537.449412,0.0,mbharus - 38295
2026-07-28 05:50:08,day,crypto,50,0xeee92f1cc6d6e0ad0b4ffda20b01cf3678e27ecb,2518.569915870088,59502.774693,ComTruise
2026-07-28 05:50:08,day,crypto,51,0xbb90ad2434c27716e987f6318df47285c6ddffbe,2473.6647920000005,0.0,AceBaby256
2026-07-28 05:50:08,day,crypto,52,0xae50d6935c736696a99c309a4dcabe1343b20354,2428.523338,0.0,dougiedigital - 11986
2026-07-28 05:50:08,day,crypto,53,0x2b71bc97507076a80bd0000cdb134e4fc3041359,2402.6987620001287,0.0,97507076a80bd0000cdb134e4fc304135
2026-07-28 05:50:08,day,crypto,54,0xfd326d28f55e429ebf7ecba4eddc487ff410c9c1,2213.9126504899987,0.0,KhanKluay
2026-07-28 05:50:08,day,crypto,55,0xb2d62e284ac9f13f09dcdd8accab61bfdd7af3bd,2076.737313,0.0,crystalfalls
2026-07-28 05:50:08,day,crypto,56,0x778f6b920f7b96b0a76b1711b495e429b932e2c3,2029.2884580009486,0.0,
2026-07-28 05:50:08,day,crypto,57,0x32ed2e546b187ca15e2841edc82b22c713cf8ec3,1985.5652081746375,41428.33792000001,mo-money
2026-07-28 05:50:08,day,crypto,58,0x48ac40fc545cf327edd5365435c3a9f385614a7e,1975.6440162658691,107560.06988699999,BoneOhio
2026-07-28 05:50:08,day,crypto,59,0x495b97dcdd8e3e4ae7788ca6a53156cd4907e3fc,1971.7628119890956,0.0,uuuuu
2026-07-28 05:50:08,day,crypto,60,0x5a9fa918bca3e2c55d5615e891f543231fd70485,1922.566682,0.0,Alex - 28
2026-07-28 05:50:08,day,crypto,61,0xd68960807da73e86457c751ebc9d4d1ee2236ec7,1915.43243171618,17475.318765999997,noeides.c
2026-07-28 05:50:08,day,crypto,62,0x55e2436d747835c7e40b0c6cf92f632bf1215fc9,1897.4991349999982,0.0,Rhabarberbarbarbar
2026-07-28 05:50:08,day,crypto,63,0xb1cab0980a363688dfc674dc7f5288ed9acab14f,1843.9829110104447,4931.021456,0xB1CAb0980A363688DFc674Dc7f5288Ed9acAB14F-1773546777581
2026-07-28 05:50:08,day,crypto,64,0xeebde7a0e019a63e6b476eb425505b7b3e6eba30,1836.2083798204549,148137.27918699998,Bonereaper
2026-07-28 05:50:08,day,crypto,65,0xcfb9c767e9a1e8f89ea720d7574fec5d186d23f0,1819.2030026297582,19442.979425999998,Stolsitt
2026-07-28 05:50:08,day,crypto,66,0x78148d1fbb857a7267b4a7c5f41b33c52b95326c,1818.6104029585895,47549.24246599999,yujian000
2026-07-28 05:50:08,day,crypto,67,0x30af50d04b9c1ddef67ae39996f9607c0f14aa32,1816.1796949583552,0.0,
2026-07-28 05:50:08,day,crypto,68,0xef104cc70851a4246e8e06790d7fad9708190b43,1809.6609218123485,4203.65,fiankee
2026-07-28 05:50:08,day,crypto,69,0xe392d6cc6a012f306cef646f79114eb6f351c023,1799.9801932787955,2962.8087,ssddssd
2026-07-28 05:50:08,day,crypto,70,0xa6a8aa0792dfb4d2aecd481ff6e926822c01a884,1796.6459240000002,0.0,Degens - 740
2026-07-28 05:50:08,day,crypto,71,0xd76930596edbb8c784dcc48f52140875bcd4f90c,1768.6033982905792,0.0,dodca
2026-07-28 05:50:08,day,crypto,72,0xee292607d48ecee93afc0fe9994fbe316f59c56d,1739.240313000002,0.0,How do I claim prizes?
2026-07-28 05:50:08,day,crypto,73,0xb7b42aafea9c3b4015bfefddbff084bf8e6fea9d,1727.2936557719986,0.0,
2026-07-28 05:50:08,day,crypto,74,0xc94171dab78729079b3eb6e14ad33ea60ab80a0b,1723.5970946048967,0.0,shangtr0n - 7868
2026-07-28 05:50:08,day,crypto,75,0xa19cbababc312f9df185e49d7004c249ed1ade6b,1704.4297436850065,0.0,Tokor
2026-07-28 05:50:08,day,crypto,76,0x9d84ce0306f8551e02efef1680475fc0f1dc1344,1690.636341779973,0.0,ImJustKen
2026-07-28 05:50:08,day,crypto,77,0xf1bb700a67e3e8a45dc8160a92f4e0405f41bf09,1668.968057000001,0.0,aenews-915
2026-07-28 05:50:08,day,crypto,78,0xa0e72d5575095199ae08ce0dce447f21b7249461,1633.0114051423443,116190.701773,uninformedfloww
2026-07-28 05:50:08,day,crypto,79,0x5a656e4948e93b9493a9de1173a23a9bdce259c7,1633.0109674900013,0.0,321cba
2026-07-28 05:50:08,day,crypto,80,0xdcc8da150e6d5c4eb27b9c12c98d81a0ee9c6ae1,1621.63537299999,4590.385,wniubikelasi
2026-07-28 05:50:08,day,crypto,81,0x647683f0e175a692e63f9d6934498144805bdb34,1617.8293519999995,0.0,manofwax0824 - 7483
2026-07-28 05:50:08,day,crypto,82,0x909a3abd5ec12fcaaccbb71ea27ff1410dfa7cd0,1603.81072,0.0,........
2026-07-28 05:50:08,day,crypto,83,0x7414f45556173de2b8853c80258314422e118c11,1599.5352577761118,42225.754518,0x7414F45556173dE2B8853C80258314422e118C11-1782254945529
2026-07-28 05:50:08,day,crypto,84,0xb27bc932bf8110d8f78e55da7d5f0497a18b5b82,1562.2181223008083,215346.143794,
2026-07-28 05:50:08,day,crypto,85,0xabe78c9711802ea03af9b0fcb7f3f82853fad623,1535.3713060399896,0.0,BearKingdom
2026-07-28 05:50:08,day,crypto,86,0x94d0e41f0c13e54baa2eaec0ec7af18dcc354177,1525.2306477600005,0.0,0x94D0E41f0c13e54BAa2eAeC0eC7AF18Dcc354177-1769769612478
2026-07-28 05:50:08,day,crypto,87,0x51d8c16b487e3ef3bfa3daabf689fda2d26a2cab,1477.014933999999,0.0,
2026-07-28 05:50:08,day,crypto,88,0xd02b6d910a38479c3125308fc4737a46509cd6df,1473.4701542120602,10892.76145,wowitsamazing
2026-07-28 05:50:08,day,crypto,89,0xf418d3a1a941292f9c8707d62a14980c5beb95a3,1473.3528450003214,124444.14263,TAKERNER
2026-07-28 05:50:08,day,crypto,90,0x19557e938337f6d9f8103b47262dcf8504ad9865,1469.9085160915092,5006.7846819999995,183xx
2026-07-28 05:50:08,day,crypto,91,0x861f4149171db053c73382c40d2c7e5408fd177d,1454.7649130099962,0.0,D7422D98eA0d5b6Dd942a8eEd1d2a61945bFd0
2026-07-28 05:50:08,day,crypto,92,0x77cfb716811a03a83ced6ffcfc1d9b8281930e71,1410.9405581017509,0.0,disko
2026-07-28 05:50:08,day,crypto,93,0xdbe73eaa9359dafe7d481297945c9636cc06fb86,1396.389825,0.0,mfiskeaux - 18826
2026-07-28 05:50:08,day,crypto,94,0x0484e64092ba4108c2786b61e6fc052d3bf41b1a,1371.7150070002535,125849.83,DoggyStyIe
2026-07-28 05:50:08,day,crypto,95,0xe567b0d5c9c0a9468b970ebe12e799248d3c75a4,1350.248397,0.0,
2026-07-28 05:50:08,day,crypto,96,0x6916cc00aa1c3e75ecf4081df7cae7d2f3592fd4,1327.4193414439796,96435.51415799999,x6916Cc00AA1c3e75ECf4081DF7caE7D2f3592fd4
2026-07-28 05:50:08,day,crypto,97,0x814da9245a05f2d9db142357a80d13784e6da04f,1327.145716,0.0,
2026-07-28 05:50:08,day,crypto,98,0xee65685de42f8de9a03b4c53ee77d56a20d2cfc9,1309.2091876968625,90645.79735600002,0x50f7
2026-07-28 05:50:08,day,crypto,99,0x825a96fbae9189ea41bb2aa70e7572970f408835,1305.7846442500013,0.0,noman2026
2026-07-28 05:50:08,day,crypto,100,0x6448dd70157132f2abad52dcd9367dd761a9a8c1,1300.95504857254,31707.683208000002,keshil
2026-07-28 05:50:08,day,finance,1,0x714a685b5454ea4d52979563bbafa77b8168ab2f,27583.96482958598,0.0,pada
2026-07-28 05:50:08,day,finance,2,0xf0ca28d5b0141f0a8e7b251dea80fd881cb166ed,21988.558091840765,1092.1986040000002,Hauchn
2026-07-28 05:50:08,day,finance,3,0x5a218c7ad04135830a45c41aaed7294df7809318,10568.76166040107,3622.0713530000003,balthazar
2026-07-28 05:50:08,day,finance,4,0xd23f8c8aab13cfb2a35da40b67f8471faf9894a1,8309.782241245062,2899.6,Corlys
2026-07-28 05:50:08,day,finance,5,0x2f7709800bdd3cf81b1c89c4f8b94b36caf59da4,6755.326752800007,0.0,Nz2027
2026-07-28 05:50:08,day,finance,6,0x511f9c771449162349795d17becf8b37031acbe1,6087.2908266893355,1764.45,Bigggggggg
2026-07-28 05:50:08,day,finance,7,0x03805a13a0b3e058f55f6c6af95389d4f431073d,5425.92000568239,2000.0,donthackme
2026-07-28 05:50:08,day,finance,8,0xc5187cb669690150643ba2f9aac6b7d98d212594,4935.585107938212,1943.0539319999998,mustbethewater
2026-07-28 05:50:08,day,finance,9,0x7e7828345a445ccc049cdd6e5df312ec844e3945,3230.7832472911905,319.32773399999996,Jdhd38483
2026-07-28 05:50:08,day,finance,10,0xb0c85813a7a4428f1139ff91d3118a92c391fe7f,2439.595703635452,848.79,FingerLickinGood
2026-07-28 05:50:08,day,finance,11,0xd32ce89f16509d3c8f8b5e9750305a5b2bc2a4c2,2391.6970034326805,1027.556207,
2026-07-28 05:50:08,day,finance,12,0x942e79166821f3f4e67872e44f1672fcccd2be27,2235.6434964973305,221.41471,smallreceipt
2026-07-28 05:50:08,day,finance,13,0xc6e956068048c1cf98d8f0b3a495edc9da130741,2180.5211896254914,0.0,luck00004
2026-07-28 05:50:08,day,finance,14,0xecaa8806a9a05049d7d5260a33dc924220e377a9,1894.738689861988,0.0,Melody626
2026-07-28 05:50:08,day,finance,15,0x7f9e2d1df78614564a70becc7fa14aa9a6623a0e,1784.1262914667604,14257.618989,nojnn
2026-07-28 05:50:08,day,finance,16,0xeb490d0534bb68b4c2ce139b219a728cd2c3693e,1748.7972569585181,7116.587802,78979879879879
2026-07-28 05:50:08,day,finance,17,0xfbd8c9c22ca76b3662d0e53a4f79719fdc684027,1630.1204699999798,620.0,0xfBd8C9C22cA76B3662d0e53A4f79719FDC684027-1779347618060
2026-07-28 05:50:08,day,finance,18,0x2974bd0059e48f215c391882976e0f1b4c8c9c23,1366.0988837274017,106.05647,65765757
2026-07-28 05:50:08,day,finance,19,0x83733b87090cf97aee473b1000beb9bfab7af0bc,1162.964378303148,886.0600000000002,merod
2026-07-28 05:50:08,day,finance,20,0x969fae0a3a93778adc42178f72c612ed8c4e4d55,1088.0678438615869,22479.249520999998,superstonksbro
2026-07-28 05:50:08,day,finance,21,0x28bf066c6cb952da62d6d182c16ad173ada64a4e,1067.4445523469985,597.0,plainfolder
2026-07-28 05:50:08,day,finance,22,0xeae707a267b3d6a112167b5c93c3fa74e38c2800,1066.6666665600023,0.0,destinyas
2026-07-28 05:50:08,day,finance,23,0x138b1b19b71472e3c1a89f076927edd974cd0467,1003.3579477799999,0.0,bZk0Uo
2026-07-28 05:50:08,day,finance,24,0x764b305694b026c1acce7bf862c3b5456a146bad,959.1158009520041,362.0,quietparcel
2026-07-28 05:50:08,day,finance,25,0x86e99faea12fccd8925de5d9f052471baf7a4cdf,940.4515872679976,0.0,junifund1
2026-07-28 05:50:08,day,finance,26,0x42f01b7c5c20570db68e0127675b3f5d2af6fc65,912.7921157517258,7363.483325000001,0x42f01b7c5c20570Db68E0127675B3f5D2aF6fc65-1768338366856
2026-07-28 05:50:08,day,finance,27,0x090af6fd2aeb04202abc97370aa86c1b81d90fa6,856.7310280067468,644.0411089999999,VictorLudorum
2026-07-28 05:50:08,day,finance,28,0x06ac70013cd0c7992ec830ad5df9f7f66d5b79ec,816.2662881988017,3647.9700000000003,eastpak
2026-07-28 05:50:08,day,finance,29,0xd311888b744cbc083a62c08df849690cd16561b4,813.0915321235125,16049.029999999999,0xEF5ceb6a31137E59E88caBFdf26368F973A47BAD-1777090256427
2026-07-28 05:50:08,day,finance,30,0x8a4c788f043023b8b28a762216d037e9f148532b,808.0247082439892,1010.0,theo5
2026-07-28 05:50:08,day,finance,31,0xf66f1f8f742b301e03eed9480956373a6ef98e0c,762.4296665260063,0.0,ronm238
2026-07-28 05:50:08,day,finance,32,0xe904443b4084bbda216e344353a44cd4324a2d9f,753.4756550599996,0.0,shovelingdigging
2026-07-28 05:50:08,day,finance,33,0xc50c1b56a4bd62577faaec0d4cc2fd72af4e8d41,744.8439618153154,211.38041500000003,gamblingbling
2026-07-28 05:50:08,day,finance,34,0x9e88f359b9803e41420fbb13385c5ae1765c301c,723.8536999490752,1526.4745850000002,YoungAlphaGoat
2026-07-28 05:50:08,day,finance,35,0xfd557e6db670c9704bc1d0d8e8b585c7d9c9f905,717.5750962134916,375.0,northdrawer
2026-07-28 05:50:08,day,finance,36,0x88c4919de76e526d55a32c1f8afb439dd1f1129a,681.8639314539978,0.0,QuietRiskisWrong
2026-07-28 05:50:08,day,finance,37,0xae5b31e2ca93121383a914df2385af05e9150a8c,679.628147760006,0.0,RexRegum
2026-07-28 05:50:08,day,finance,38,0xa540e7ff75ef4bf7ebc6c793cbabe87cee970b43,652.0410530821282,15194.533770000002,pennedreadful
2026-07-28 05:50:08,day,finance,39,0xe32b46a28b649031939a78ee47fca260758a626e,652.0,0.0,Contradict
2026-07-28 05:50:08,day,finance,40,0xac4a1fabdac2438d6afa2a9e8e83845310a0bf1e,575.7359292104738,1400.3400000000001,HerrieDavis
2026-07-28 05:50:08,day,finance,41,0xaec718f7dd38e0c29c14a8472183a48fed6203ef,574.5312134400003,0.0,adfjo
2026-07-28 05:50:08,day,finance,42,0xc97b0b2a2547bb3ed57167092ef8a6e816c347e5,568.0100934537841,1456.253465,0xC97b0b2A2547bB3eD57167092EF8a6e816C347E5-1770003388001
2026-07-28 05:50:08,day,finance,43,0x37283720e103c56b38d62755ad604117e0164288,551.4873113919994,0.0,prediction.addiction
2026-07-28 05:50:08,day,finance,44,0x389a21fa2e2445c7f8b915b45b9b009bd641397d,541.2048181352038,1659.158357,SPY-KT
2026-07-28 05:50:08,day,finance,45,0x74b4f9447b14b12308963fc048ae363eb0756bea,540.7089039354942,26.09,0x74B4F9447B14b12308963FC048Ae363EB0756bEA-1769170826159
2026-07-28 05:50:08,day,finance,46,0x38d812aff0b79f3bf5da2a477f780bcc163eea7c,517.4028521463915,1956.9061500000003,thanksforplayin
2026-07-28 05:50:08,day,finance,47,0x4a2be7a7e6e3b41dc2de00706b4c09660ca9af20,498.8173229888471,1999.9245930000002,troim
2026-07-28 05:50:08,day,finance,48,0xe3e4bded348f8608f322a598c19dbb3c42878d04,484.0713827265081,1385.9870409999999,Machaon
2026-07-28 05:50:08,day,finance,49,0x998154d8eb4ba7c4b34b10d76b9742d922d7dec4,465.4986817284989,0.0,EscalateFund
2026-07-28 05:50:08,day,finance,50,0x8d234186d9c9228cecb430a3436da1ff95af28d4,432.49892427,0.0,kilroywuzhere
2026-07-28 05:50:08,day,finance,51,0xd1eed20edd22a289839379e89e3470ea1742a8ae,425.14796914032195,34109.535753000004,chefradish
2026-07-28 05:50:08,day,finance,52,0x43cb4ae1f4ddc9e671486c79c9f40a6fd98b84df,424.5572149114005,600.0,0x43cb4Ae1f4dDC9E671486C79c9F40A6fd98B84Df-1761656284271
2026-07-28 05:50:08,day,finance,53,0xdc9e0ee3d430b799b3f929505f23e25fa1a0ba88,418.8743400000003,0.0,Dr.Damnboy
2026-07-28 05:50:08,day,finance,54,0x3afe4fb59e5f299cae6acb47a51b955b22fafd59,416.94408000000016,0.0,falaffel3
2026-07-28 05:50:08,day,finance,55,0xc62d2e08687954cadb91a5901dfcdde4b14674fc,415.94836759599957,0.0,wannatakemoney
2026-07-28 05:50:08,day,finance,56,0xf1ff40f082633619cd012bb96affb4ac7a645b03,408.9282699999999,0.0,ithinkthisisgod
2026-07-28 05:50:08,day,finance,57,0x97f3f9f15c0063710c60d3ac9c40d17f4ba60eba,382.01661004297785,0.0,Investnow
2026-07-28 05:50:08,day,finance,58,0x6ffdf781b9fabc368137c1d835644f12b9a6a637,381.96189734102154,0.0,ng6000
2026-07-28 05:50:08,day,finance,59,0x403f2471f8aaa1e8a224f1338b073bfa3fdb94f1,356.64520472846743,9772.715228999996,PollProponent
2026-07-28 05:50:08,day,finance,60,0xa047582335186507d864064411f66492eb454ffa,314.73284982186016,192.616895,tuterw
2026-07-28 05:50:08,day,finance,61,0x04cf3a55f559bd617163a73cfc460e8954a75224,310.30075944100145,0.0,lagex333
2026-07-28 05:50:08,day,finance,62,0xbace5a5a9e309d69164dc81788d353fed8d43429,309.22264739421007,518.076922,antoinelegwr
2026-07-28 05:50:08,day,finance,63,0x64d9c4c9994321dc660efe7ddbf457c49f7846e6,304.1285399269909,0.0,Pokemon001
2026-07-28 05:50:08,day,finance,64,0xcb894d56b6ed7f458e8534636a086b65e915a2e8,287.764254169002,0.0,justme003
2026-07-28 05:50:08,day,finance,65,0x36dafd0ed99d902f8bdfe9e090ecdc48b053907b,270.9829800000025,0.0,0x36dAfd0ed99D902F8bDfe9e090ecDc48b053907B-1762688421136
2026-07-28 05:50:08,day,finance,66,0x2e4d05beafd81a6e85bc0c6a94820d61ef34f703,268.5479152270127,0.0,woshiLimpeh
2026-07-28 05:50:08,day,finance,67,0x6d40f3719734403d22af47529be609f4a611335e,267.1234516817517,333.0,pmBigg
2026-07-28 05:50:08,day,finance,68,0x74957ea27ac4fbdee46d861fdae357859ff67fcf,264.3066111067419,1827.5977070000001,LornaPredicts
2026-07-28 05:50:08,day,finance,69,0xf4677fde7b20f3ac4f573355678de3a0f610935f,258.2823752790082,0.0,wntsang41
2026-07-28 05:50:08,day,finance,70,0xa19cbababc312f9df185e49d7004c249ed1ade6b,250.9554710780002,0.0,Tokor
2026-07-28 05:50:08,day,finance,71,0xaee811b7c7e5d961b545ac0e3f62f5f1cb181154,250.37896971148166,3823.901194000001,1in1000
2026-07-28 05:50:08,day,finance,72,0xa0926fbc4a90e29e479b459ef92a147ebe5b11e3,239.63837743649492,0.0,G.laila
2026-07-28 05:50:08,day,finance,73,0x00425c692a667981118f679ef68fdc775257321e,236.30560903998958,0.0,99problems123
2026-07-28 05:50:08,day,finance,74,0x2aeb2f8070e681b3e9562c14f3fb697a1e231ecb,235.84845793,0.0,GBweb
2026-07-28 05:50:08,day,finance,75,0x31436bde35c25c3714e0c3e7fbd14a22107581b1,226.37312575300894,0.0,yyyyyyy
2026-07-28 05:50:08,day,finance,76,0x0c01c214a2ea1725ba1bd8a67f0f17283171797d,225.42560000000003,0.0,AAA1110
2026-07-28 05:50:08,day,finance,77,0xe154165732b79548f7533fc45168b102dd7a0b7f,215.9847554050939,273.18,Nadmi
2026-07-28 05:50:08,day,finance,78,0xa0a18aa3594b95281268c05e8e3ce894fb0631e3,209.99999999999977,0.0,SwingXBT
2026-07-28 05:50:08,day,finance,79,0x7aedab2480df49ee3c1983ec29fc9aec742cdf39,202.72099797199996,0.0,rhinogiraffe
2026-07-28 05:50:08,day,finance,80,0x8964b58c08b784ecfe1d9344223692263d130bec,197.3932397464996,0.0,DegenerateJanet
2026-07-28 05:50:08,day,finance,81,0x0d3d76e6836943ad3e7f04423c63fd80abd91e79,193.82122803000001,1538.03,keleyayaz
2026-07-28 05:50:08,day,finance,82,0xc7b84afab9e144a258b98a1cb45e05df7aab0d21,191.1063000000031,3839.0,0xC7b84aFAB9e144A258b98a1cb45e05df7AAb0d21-1775840428414
2026-07-28 05:50:08,day,finance,83,0x1b625b8fcdc3b3f176f483e3bbcc0309d55d4527,189.08427771412704,2762.5501019999997,
2026-07-28 05:50:08,day,finance,84,0x6a5121acdc5e4fc2980d177a0aa729315ce6006e,188.2250058259997,0.0,Bizzzhh
2026-07-28 05:50:08,day,finance,85,0x72f13795baf0bfc6714c3566fdf03ff95611595e,185.27024153349885,0.0,pmwinner
2026-07-28 05:50:08,day,finance,86,0x736539924a5602b37a03a54fc12c1cc8f98964da,181.96780794201186,0.0,cqk
2026-07-28 05:50:08,day,finance,87,0xdcddf0c728624b76b2955c04cde35cc38f5173a5,179.33734015599975,0.0,0xdCDdf0C728624b76B2955c04cDe35cC38f5173A5-1772781776054
2026-07-28 05:50:08,day,finance,88,0xd26935092ce94d6393540974ce734ad798c96b9a,177.02235566749914,0.0,
2026-07-28 05:50:08,day,finance,89,0x4c4ed674fde7dc998036b3ae92445d00fcdb297b,174.27263913000024,1860.57,SingletonFamilyFund
2026-07-28 05:50:08,day,finance,90,0xeda518d215efc368c02bf10532ce24fcab02e16d,166.39445586706006,2759.835274999999,PK2H
2026-07-28 05:50:08,day,finance,91,0xec4ddb228b18c52b1093cf43b1b834584450be21,166.0900033549999,0.0,
2026-07-28 05:50:08,day,finance,92,0xb43787991f8bf7fa86295ed514c54d7fd606cfb3,165.73132382950007,0.0,fifaunderdog1
2026-07-28 05:50:08,day,finance,93,0x6bedb65d4bec63a0fef84cd0f19a54f64029b1fe,165.01424006599973,0.0,blindmaninanorgy
2026-07-28 05:50:08,day,finance,94,0x5c7b19186fc8752a90150692b6b09717efce88e7,164.598566903,0.0,0x5c7b19186fC8752A90150692b6b09717eFcE88E7-1783244439691
2026-07-28 05:50:08,day,finance,95,0xc1a58674dbcc1d3208f7e61a0a8b252162caf290,158.64421281250543,0.0,amis
2026-07-28 05:50:08,day,finance,96,0x0dedae6a02ea2ff8018ba5f277632919ed1c9025,157.02734464870468,1963.1829149999999,jcharger
2026-07-28 05:50:08,day,finance,97,0x3b00d13e8890edd3dc447c0ee51c4ce9bc86d78b,155.3466209749999,0.0,Hocz54
2026-07-28 05:50:08,day,finance,98,0x6f2a0d4ff16a3ef378a65c62d20cde974578de7d,150.75324376000208,0.0,KOMZY
2026-07-28 05:50:08,day,finance,99,0x1cd24cc49782240413903b4b7e7694779f917f85,150.47155102049874,0.0,bitterfish
2026-07-28 05:50:08,day,finance,100,0x5d634050ad89f172afb340437ed3170eaa2c9075,150.11786870605192,1310.991236,PBot-10
2026-07-28 05:50:08,day,culture,1,0x02b4401ae7ead14477e944f79e9db07ce9ab7092,28103.75333941012,41756.229999999996,alohaa
2026-07-28 05:50:08,day,culture,2,0x511f9c771449162349795d17becf8b37031acbe1,1987.4149562168313,3644.3531559999997,Bigggggggg
2026-07-28 05:50:08,day,culture,3,0x5a218c7ad04135830a45c41aaed7294df7809318,1412.3517519862799,3485.581364,balthazar
2026-07-28 05:50:08,day,culture,4,0xb04895b46d744a55e399dd09a78ce8ef215e7f07,986.6658200000002,0.0,0xb04895b46d744a55e399dd09A78CE8Ef215e7F07-1781456815311
2026-07-28 05:50:08,day,culture,5,0xda737a656dd487c3ba95d6577d1fec2c61414d41,896.9679751279973,0.0,pretzel
2026-07-28 05:50:08,day,culture,6,0x3eae57986be5e0ca435102ffe1f14206ffa2e2ed,870.8129899999985,0.0,thoodr
2026-07-28 05:50:08,day,culture,7,0xa3282d3e882501229c75d0caf134e62e3afb4977,678.1822019299971,347.104333,korda77
2026-07-28 05:50:08,day,culture,8,0xc5187cb669690150643ba2f9aac6b7d98d212594,609.6099670791502,1031.91948,mustbethewater
2026-07-28 05:50:08,day,culture,9,0x0076fff3def0069380fe6b7361387a3e827b1f36,589.3079523300003,0.0,Gambastylr
2026-07-28 05:50:08,day,culture,10,0x37f8b617d9c575d2af96f095153aa7bb99922fa8,416.65404725999997,0.0,UkraineFisrt
2026-07-28 05:50:08,day,culture,11,0xcfff4295288ee29f75a38a7028611b7c1e93673d,354.8415983045079,956.825294,graynotebook19
2026-07-28 05:50:08,day,culture,12,0x541da9ce82ff2011c732cf97e093b738a83c502f,340.63348500000006,0.0,holarat
2026-07-28 05:50:08,day,culture,13,0x4b042c898eba6db6ec8e94957e2baf7c316bcf8b,339.90413583,0.0,cat-apple
2026-07-28 05:50:08,day,culture,14,0x63850ce907044eac77fba13d59f263ade68093f2,333.0032150395018,1655.9,Waterfall
2026-07-28 05:50:08,day,culture,15,0xe2b1fc269d0c2e27da11fadd1d9596fe28227d2a,327.33987624995643,1902.5900000000001,New.Jeans
2026-07-28 05:50:08,day,culture,16,0xe089e5e74fb21bb106a7fffe1201f0bf82f4ad3a,322.6635648489719,348.74,lox97
2026-07-28 05:50:08,day,culture,17,0x364bc63903abb04f943540334bce3d7274bfdfa5,297.2695956300001,0.0,0x364bc63903ABb04F943540334BCE3d7274bfDfa5-1763235623675
2026-07-28 05:50:08,day,culture,18,0x44c1dfe43260c94ed4f1d00de2e1f80fb113ebc1,275.6493167351582,1447.77,aenews2
2026-07-28 05:50:08,day,culture,19,0x128cd861e622eb5951c55b730ec60115a46bad12,272.70382665000216,0.0,zhangyu1377
2026-07-28 05:50:08,day,culture,20,0xecaa8806a9a05049d7d5260a33dc924220e377a9,268.40001599992684,0.0,Melody626
2026-07-28 05:50:08,day,culture,21,0xb0c85813a7a4428f1139ff91d3118a92c391fe7f,246.95476350550234,1524.558978,FingerLickinGood
2026-07-28 05:50:08,day,culture,22,0x524db836890e08aceb3abcdee98d44240e324495,235.41752159000316,5321.469999999999,Mac-Gyver
2026-07-28 05:50:08,day,culture,23,0xef0d80a3431ec2fd3357a11442ea90256fb78733,227.06909653750307,0.0,0x146fb4c5
2026-07-28 05:50:08,day,culture,24,0x40672269263fe09685e07fd99042fd58956f6ffa,222.20781341999827,0.0,66666666666666666666
2026-07-28 05:50:08,day,culture,25,0x6a70050e907b6be5457d9681a14e4d2f4a3a18f0,220.80921903000012,0.0,ToastGato
2026-07-28 05:50:08,day,culture,26,0x7e07b3b0b65535ae0c879fb06ac46874bafa51e6,220.61688921000007,0.0,0x7E07B3B0b65535AE0c879fb06ac46874bAFA51E6-1769270016982
2026-07-28 05:50:08,day,culture,27,0x114aa2a5a68a70387ba041faca00b937ca98f1d1,215.1255127479999,0.0,Topman1031
2026-07-28 05:50:08,day,culture,28,0xf257e1b8cd2ab5c55ee05c20c560202544441950,208.48936572217553,811.1359130000001,
2026-07-28 05:50:08,day,culture,29,0xaca23974e2b8131efbafaa1fe03ea9595ea0b9a1,201.88075311449938,0.0,ellio8989
2026-07-28 05:50:08,day,culture,30,0x590ed3d1a14ba08cad23f5c513bad6301772e43d,181.43974287223318,33931.855646,smalltimezzz
2026-07-28 05:50:08,day,culture,31,0x743d681bb4bba8743cdfc21aa5100fc79c69f77e,175.06689250999966,443.1,Suirenzirou
2026-07-28 05:50:08,day,culture,32,0x7e5972bfc25819775ee5a9d4f191919375487b8b,163.65705025471107,1606.2655000000002,Gaditima
2026-07-28 05:50:08,day,culture,33,0x6864204009ba1e137989983eafee8644cb3f294b,158.32896107465785,3571.5778889999997,hetacz
2026-07-28 05:50:08,day,culture,34,0x82882d761b0d7f18b2cc286117d10cd8a15a5519,157.80618944996422,211.47,Sugarina
2026-07-28 05:50:08,day,culture,35,0x564f22744b7941ade18d5e0e4f347c30e3057026,155.3971941800064,39.82,molodoyy
2026-07-28 05:50:08,day,culture,36,0x4a2be7a7e6e3b41dc2de00706b4c09660ca9af20,155.08379984000203,0.0,troim
2026-07-28 05:50:08,day,culture,37,0x9199ba070c49a78d7b1eb029b5c03d0b2972dd2d,149.49880240462517,1400.1899999999998,0x9199Ba070C49A78d7b1EB029B5c03
2026-07-28 05:50:08,day,culture,38,0x88b6e6704a2c3bdff2a7b21ce6b1b2e8f3343cff,141.93451917500352,0.0,h038596027355
2026-07-28 05:50:08,day,culture,39,0xac4a1fabdac2438d6afa2a9e8e83845310a0bf1e,140.3459995893063,1793.2819049999998,HerrieDavis
2026-07-28 05:50:08,day,culture,40,0x8eab0c46127830072631db88e9dbaeb0b953a56d,139.93796055515122,2028.13,LinaBell🦊
2026-07-28 05:50:08,day,culture,41,0x229c0a7d92977a9934e5ac2348d507988996b966,136.74191284507629,468.2135899999997,qqqppp-l1
2026-07-28 05:50:08,day,culture,42,0xeba4f0b5eea60bfe6df14e2297e58d8c152a69fb,131.20434999999975,0.0,Lukasburner
2026-07-28 05:50:08,day,culture,43,0x5b6331e7ff0831a3fe2ed12004747db1a9c911a4,128.35666135042993,234.745426,neutralwave23
2026-07-28 05:50:08,day,culture,44,0xa49b6ea0a604c581f2a9569db42c192b1c487054,122.7104143800243,0.0,387411007415611814092217897387
2026-07-28 05:50:08,day,culture,45,0x03805a13a0b3e058f55f6c6af95389d4f431073d,119.03235044217945,91.016602,donthackme
2026-07-28 05:50:08,day,culture,46,0x2a793085e8e54271b140c6168ebee6241159e2af,112.02959517705949,500.0,lleBaniL
2026-07-28 05:50:08,day,culture,47,0x2ea825a7eaafa49b59b61af8f376923dc1e4ffcf,109.09627842214468,5265.955,0xaea825a7eaafa49b59b61af8f376923dc1e4ff
2026-07-28 05:50:08,day,culture,48,0xb89f5425341719d298dc2f5b9a92374f5fde1c44,106.19805023600202,0.0,iutwpfal
2026-07-28 05:50:08,day,culture,49,0x52ebca459280966f4a56240a05e38df8527067ac,104.75525885000008,496.0,AMAM13
2026-07-28 05:50:08,day,culture,50,0xdaad6f960d507dba148c1ff908db5a28743169cc,103.90794999999707,0.0,junkbonds
2026-07-28 05:50:08,day,culture,51,0xfae264c49df08f188c5fb9fddefb4585ca73c12f,102.12949500000013,0.0,FireMage31
2026-07-28 05:50:08,day,culture,52,0xd3cefe7e72df529dd0bb737d7209a3a9a6b1b432,99.93831999999702,0.0,MilkTeaa
2026-07-28 05:50:08,day,culture,53,0xd799f86047f37d28d69a177709f6d132561024b2,99.84047970599897,192.307691,0xd799F86047F37D28D69a177709F6D132561024B2-1772888968913
2026-07-28 05:50:08,day,culture,54,0x59a1799a1a276a35def6d6ef817b67756dd4a8d1,99.67454259200963,0.0,LuckyMANNN
2026-07-28 05:50:08,day,culture,55,0x16226969fcaf48262a39f52fecc9990d3c6ba3fd,91.22795718999959,309.03,tamag
2026-07-28 05:50:08,day,culture,56,0x616757230cfe930b016c4cde0620f58f6ede4447,90.99885009999997,200.1,0x616757230CFe930B016C4cde0620f58F6edE4447-1777974223801
2026-07-28 05:50:08,day,culture,57,0xf93575a05e88e35c1626ec5bbcb336a6f65abc1c,89.57070755000007,0.0,Thaisreiscardosobrasil
2026-07-28 05:50:08,day,culture,58,0x35f3f632e298b77df6acd316687169d15be3cfd0,89.56140029398375,6238.69,RickRockRick
2026-07-28 05:50:08,day,culture,59,0x50f3260896efffffb778de8ffaa13713f097c137,88.95540439599995,0.0,BufferHarvest
2026-07-28 05:50:08,day,culture,60,0xa37a2bd25e985179d20b2e5add2a9ada5edca9e7,87.74531037999998,4547.97,NewNameWhoThis
2026-07-28 05:50:08,day,culture,61,0xe83c02ddb322e408b686fe133b509235f46b04ce,87.56933645603272,3231.258296,0xD0f99f553bC376E8b86246295d679dC86334d400-1775513252892
2026-07-28 05:50:08,day,culture,62,0xe9076a87c5ed90ef16e6fe6529c943baeca0cff6,86.85643782929401,461.92151999999993,suntori
2026-07-28 05:50:08,day,culture,63,0x696ec44545bf155a87217345a7edb64072821c38,85.10404573454798,3679.975018,IranAnalytic
2026-07-28 05:50:08,day,culture,64,0x2b3d1e9bdf941d435dc91a8b974b86f7064c8db7,84.5372013264714,3245.7599999999993,crckr
2026-07-28 05:50:08,day,culture,65,0x51b11a18e75d0f4c3f8e8e360f89eb911d727865,83.63461154000015,0.0,PCMTest
2026-07-28 05:50:08,day,culture,66,0x35f433ee52c5dd2c883bf03e83c75695e6e54a97,83.47338152999998,0.0,DenverPolta
2026-07-28 05:50:08,day,culture,67,0xb7465a3e88685b70ec35a3eed6f1498a1253c8bb,82.94588286000004,0.0,SanksionZe
2026-07-28 05:50:08,day,culture,68,0x8565b21d736741147592264d75cc26ccf2040c43,82.65776499999629,0.0,dddtrips
2026-07-28 05:50:08,day,culture,69,0x91adb56d113fe26fd335058e7ccde92d55f71ee5,79.46373427999993,0.0,FernandoVII
2026-07-28 05:50:08,day,culture,70,0x8b341723a843eec164f41c1e54ebef09e6b53bda,79.33481424000007,0.0,0x8B341723A843Eec164F41C1e54ebEF09E6b53BDa-1778503271735
2026-07-28 05:50:08,day,culture,71,0xb45094e06be11ffc6f1946e07f59eeee69161c12,78.46737138000003,0.0,FutureRap
2026-07-28 05:50:08,day,culture,72,0x237b23c184060faf9af79e355e05eaa29e31cdec,77.42496276499696,0.0,kyliandictador
2026-07-28 05:50:08,day,culture,73,0x1e1aed3928a9617e7c7ae674c4fa7aebbd9d7690,75.87542925376329,2449.729321,Bitgod
2026-07-28 05:50:08,day,culture,74,0x39edb387ffe36c3de927447f6309c3d05900df8d,75.44041071000004,0.0,0x39EDb387ffE36c3DE927447F6309c3d05900Df8D-1777100716859
2026-07-28 05:50:08,day,culture,75,0x2cfe7302d69d3eaec0b39a0da170c20740b0e4de,75.0979930000019,50.0,algo168
2026-07-28 05:50:08,day,culture,76,0x162f6fff88a52864f2ecc9833e58089d5254798d,72.2711626700002,0.0,Valen9
2026-07-28 05:50:08,day,culture,77,0xdd68a66b0f111035c5d698d2c7751314b14f0261,72.04983042000094,900.0,dukies
2026-07-28 05:50:08,day,culture,78,0x9d84ce0306f8551e02efef1680475fc0f1dc1344,71.21089530305471,0.0,ImJustKen
2026-07-28 05:50:08,day,culture,79,0xc602e34792d9a5e129f3404daef2df43d1d37fc1,70.74476951670295,1736.726984,Dr.PNL
2026-07-28 05:50:08,day,culture,80,0x55338c4b64daac712203ff9c23c1b55c7d1b8220,70.74160343799986,0.0,0x55338c4B64DaaC712203ff9c23c1b55C7d1b8220-1773668900189
2026-07-28 05:50:08,day,culture,81,0xaaf7948cec26d8b164934b9da65f8ff15a5c2e27,69.14854568500027,0.0,alexkrg
2026-07-28 05:50:08,day,culture,82,0x732f92a77d0d7d9f3a2bca0ed6b5dd5b52b3201e,67.58085501788923,749.988332,Mr-Ferrari
2026-07-28 05:50:08,day,culture,83,0x4d62b95e963b354d75ba8f6a020cca1348cda1f0,66.47071999999753,0.0,peso
2026-07-28 05:50:08,day,culture,84,0x93724b0fd9dcb2c475cf6e74964b2214ea6eb267,65.04026239999962,1000.0,Destim
2026-07-28 05:50:08,day,culture,85,0xdc36e99e2ddb2291286fe0a7d5317044b11c8542,64.95990905627968,1437.692956,Mommy007
2026-07-28 05:50:08,day,culture,86,0x45bf79563bf51674c00d7f0212d6100f99939563,64.91326864750022,140.55,OxVooDoo
2026-07-28 05:50:08,day,culture,87,0xbecfd7109e3b0598e3e69849e360f6d073b60f51,63.99055995000003,0.0,tunemahpeak
2026-07-28 05:50:08,day,culture,88,0x186dfa29edac05044cf7ee4224d2ab01eacd7197,63.40723842000005,0.0,cwexofyoursol
2026-07-28 05:50:08,day,culture,89,0x638dc9ee7760a35c304afaec7acb2bb7600c3d87,63.33729500000004,0.0,johnnnnnnn
2026-07-28 05:50:08,day,culture,90,0x03f8ad75595bf32f6bffd0babd2f2b2d48876f81,61.980452490000005,0.0,0x03F8Ad75595BF32F6BFFd0bAbD2F2B2D48876F81-1774891950586
2026-07-28 05:50:08,day,culture,91,0x1aed612258dde731e46441d3a3639bed2e520b9d,60.774562759999895,0.0,0x1AeD612258dDe731e46441D3a3639beD2E520B9d-1775986741357
2026-07-28 05:50:08,day,culture,92,0xb26312b4e42b7ee92186ca4d412374c2ea056484,59.999985330000044,0.0,pp2223
2026-07-28 05:50:08,day,culture,93,0x64b47229f7b9340ccbd52768959fb55ac148b21e,59.4150726995,0.0,AmericanIsraelPublicAffairsCommittee
2026-07-28 05:50:08,day,culture,94,0x5cc124beb5592f633e32c40098647f68271c480a,59.37092491150827,0.0,shotsr
2026-07-28 05:50:08,day,culture,95,0xc4d5a24a240ec9f52669e3251e0473fd0c5687cf,59.165580351807876,12256.303179,bipbipbop
2026-07-28 05:50:08,day,culture,96,0xf294919e16868d927b0247891543b9187d6e7967,56.991824897164406,1012.7457100000001,doil
2026-07-28 05:50:08,day,culture,97,0xb260e618bd5b0351f54cbb6b2370def471af715a,56.71521070500967,325.0,Hit-man
2026-07-28 05:50:08,day,culture,98,0x4ec5e0b1bb3f60a7094ad4b363146f2288713193,56.223074999999994,0.0,HendrixPlu
2026-07-28 05:50:08,day,culture,99,0xa3e22cd32aa9238ef7dbcfb4761e33b9eaa1fdf8,51.65518941200935,237.08999999999997,pootytherewardfarmer
2026-07-28 05:50:08,day,culture,100,0x3314241c37a296e9aece7e7dfb5898652b4aa8c7,51.37532496000006,0.0,0x3314241c37A296e9AeCe7E7DFB5898652b4aa8c7-1767968276778
2026-07-28 05:50:08,day,mentions,1,0xbc8c61c1de7c31a8ff68aebf55256c028db9273f,434.034592625974,125.358332,yesworld28
2026-07-28 05:50:08,day,mentions,2,0x9e8ecc4cb3c4e48f544cba2fbbb252a6a65e8db8,394.6831775362516,2792.4,DREAMBIG.
2026-07-28 05:50:08,day,mentions,3,0x66c1a6fe836ff555ca32848646acedbbe93bfa3f,297.80860625700734,150.34,Tian-Wen
2026-07-28 05:50:08,day,mentions,4,0x0cb10c40b0776e9ee8cef970af85724654dda76c,231.52814587498142,2063.99,ninjaslashed
2026-07-28 05:50:08,day,mentions,5,0x1a3ba12badfe79548d6fb69f0833ca2b4eb971e2,204.17449284000003,1633.3000000000002,gtrsgerts
2026-07-28 05:50:08,day,mentions,6,0x74957ea27ac4fbdee46d861fdae357859ff67fcf,122.19919851004988,259.51649999999995,LornaPredicts
2026-07-28 05:50:08,day,mentions,7,0x38f50488b14a87769e0c5cd6c514b6c2e8ec6824,105.90168950000407,0.0,canadastan
2026-07-28 05:50:08,day,mentions,8,0x17f4b0fe0b10bcb3b04cfe102a6bc2c8ae659d7f,105.42060782700014,31.0,getmetoskii
2026-07-28 05:50:08,day,mentions,9,0x564f22744b7941ade18d5e0e4f347c30e3057026,78.73900000000003,0.0,molodoyy
2026-07-28 05:50:08,day,mentions,10,0x0f214043fe6d32f8692a302270e2ce460a523d6e,76.85555380533924,48.972367,KawaiKGIRL
2026-07-28 05:50:08,day,mentions,11,0xe38144dd45632a9f59fe210038f8c0e99de13ba9,61.63808222149976,300.0,hr26g2re62de
2026-07-28 05:50:08,day,mentions,12,0x85dfe68799c81169482aad52aabd3d899404fb48,48.96493534499996,0.0,FoolAndHisMoney
2026-07-28 05:50:08,day,mentions,13,0xcf4a61ce4ba0791125801a7c5c5e1e50762381a9,47.92319899999999,0.0,0xa066af596
2026-07-28 05:50:08,day,mentions,14,0x1544f6e8f45c916fb19fa5e154bfb97084fa4f84,43.5,0.0,ggbond388
2026-07-28 05:50:08,day,mentions,15,0xa24d3122ecad883b0fe1ff7b9b2d9967e23d3065,42.10300517499786,0.0,Anatol50
2026-07-28 05:50:08,day,mentions,16,0x9ba43501360dcacaca09caa523401c7447d8f8c2,37.90386999999464,0.0,BipBop
2026-07-28 05:50:08,day,mentions,17,0xa58d4f278d7953cd38eeb929f7e242bfc7c0b9b8,35.55015998455656,2860.3269549999995,AiBird
2026-07-28 05:50:08,day,mentions,18,0xd850eee235ec87b06d675af9901acc13eec8e26c,32.68009914999993,576.65,
2026-07-28 05:50:08,day,mentions,19,0xdb472f4c2275b9f321340b6707d7944de97f5d20,32.5083,0.0,yudi4545
2026-07-28 05:50:08,day,mentions,20,0xc9727ed498a58a9e8e8758d51c5a4eb0b752dcd9,28.511684905000948,1006.07,dyckpaths
2026-07-28 05:50:08,day,mentions,21,0xe5f0ae9cc9aef77ae3c2a64c9e69caa3f335dc1d,24.942549999997937,152.5,0xE5F0AE9cc9aeF77ae3c2A64c9E69caa3F335dc1d-1773531520731
2026-07-28 05:50:08,day,mentions,22,0x013766eca4989a09dab19ce4308420f12951b186,23.743604219999995,0.0,vludik
2026-07-28 05:50:08,day,mentions,23,0x229c0a7d92977a9934e5ac2348d507988996b966,23.5215232777839,71.776718,qqqppp-l1
2026-07-28 05:50:08,day,mentions,24,0xac4a1fabdac2438d6afa2a9e8e83845310a0bf1e,23.25318580000203,0.0,HerrieDavis
2026-07-28 05:50:08,day,mentions,25,0x765c3441b5161683541bbbf7c0bc7d71b3d9dbb6,18.943735852514024,0.0,nc3iceibvtvetvbt
2026-07-28 05:50:08,day,mentions,26,0x63850ce907044eac77fba13d59f263ade68093f2,18.655479999998533,0.0,Waterfall
2026-07-28 05:50:08,day,mentions,27,0x6ca0cfe4ed627cb4ebe0193e69de9823a007e59d,18.3599999999999,0.0,Forch
2026-07-28 05:50:08,day,mentions,28,0xffc5c213e7601c820f1c582d42b2d06e0bfb67a5,17.757999999999996,201.98,dfgh123
2026-07-28 05:50:08,day,mentions,29,0xa815f590e64fa64d417df72c581a32f5ff449cbe,17.739516164999998,21.0,Numitus1994
2026-07-28 05:50:08,day,mentions,30,0x37bd787f88e5b7b1bd6072c0cd73ff42afc1ed2a,16.91500000000005,0.0,ZhengYing333
2026-07-28 05:50:08,day,mentions,31,0xcb59c3db857bae4b9dd41385b152c5d607aee21d,15.832249999999476,0.0,lakemichigan
2026-07-28 05:50:08,day,mentions,32,0x8ead02ce460b8173074db5f350a7d4d39ee5f333,15.296949999999995,347.0,LastOrder
2026-07-28 05:50:08,day,mentions,33,0xcaf59289145789242a4af6b975997344229841ab,14.945913214999791,423.23162,0xcAF59289145789242A4Af6b975997344229841ab-1772187322857
2026-07-28 05:50:08,day,mentions,34,0xb3265ed7799fe1c1102b77ad50d20bf51a79d18b,14.910000000000004,0.0,MARW-2026-Piotr
2026-07-28 05:50:08,day,mentions,35,0x1ea3c1c649c2c67d90e1a45f837d1115faf30e3b,13.500032793331998,0.0,
2026-07-28 05:50:08,day,mentions,36,0xf4f081600830392b761b8d5930393f33efb08646,13.339999999999918,0.0,Artyos
2026-07-28 05:50:08,day,mentions,37,0xd056d2e765630ee61850a7c743a30e20d2e2f1be,12.584013303613233,1749.5812259999998,0xD056D2E765630Ee61850a7c743A30E20D2E2F1be-1764512770031
2026-07-28 05:50:08,day,mentions,38,0xda08e030b44b0f51f2154b853a8da60704d30e21,12.481666739999962,0.0,ZimmaBlue
2026-07-28 05:50:08,day,mentions,39,0xb79fadaa593335ee1a1ccb4506c9c89ac3b2d749,12.072368500000039,120.7195,mountaingreen
2026-07-28 05:50:08,day,mentions,40,0xd8d5289c35124b5353f5a10a28b8cc29aec38935,11.850000000002183,200.0,D8D5289c35124b5353f5A10A28B8cC29aEC38935
2026-07-28 05:50:08,day,mentions,41,0x1f0134411be4df9d5003ca286f3dd9fea262548c,11.691793714999989,408.65999999999997,0xkinny
2026-07-28 05:50:08,day,mentions,42,0x225827e4fcb863c43b150db161cf2f18e65e1451,11.092790000000008,0.0,
2026-07-28 05:50:08,day,mentions,43,0xb598a4c291705dba74a80ec9e2978577342814fc,10.208762737875986,0.0,eth5-jamz
2026-07-28 05:50:08,day,mentions,44,0x6b0ebbef2630b9a0da35594bf7ddd1911246e3ea,10.108890668752196,86.547618,
2026-07-28 05:50:08,day,mentions,45,0x86464ae1bc125bd9de8d3569f8d4f0ca56aa69db,10.029232099999998,0.0,
2026-07-28 05:50:08,day,mentions,46,0x9fc3008979bad97e6ea01a7062bbf7f3edf212af,9.745212570000035,0.0,keynesian.multiplier
2026-07-28 05:50:08,day,mentions,47,0x75978edaeed0b4aba863a73f7bcb4ab6205e5f01,9.108307024995838,86.773332,ruletheworld
2026-07-28 05:50:08,day,mentions,48,0x8d0c3509c152e1b4abfa470b0868ec3cce26e1ce,8.340424999999982,0.0,romanew-7-spread05
2026-07-28 05:50:08,day,mentions,49,0xeface9902242b0399856f981600b907dcc9bc9a1,7.846537309993437,0.0,macrosteaks
2026-07-28 05:50:08,day,mentions,50,0x401ee31e9ebf9ab9f6315cd95faca5f950436fc9,7.608675700928188,63.405,Lolakis
2026-07-28 05:50:08,day,mentions,51,0x46992d0e547e3822a9c28723f51bfa804ae4e03c,7.552239999999983,0.0,anon.1980.123
2026-07-28 05:50:08,day,mentions,52,0x7e5972bfc25819775ee5a9d4f191919375487b8b,7.509015109322036,105.63,Gaditima
2026-07-28 05:50:08,day,mentions,53,0x347b13dbf510484f2c7d0ced7e3e2c40f4f1c9bc,7.46500000000043,93.0,mehanizator
2026-07-28 05:50:08,day,mentions,54,0xb1198968d144997367fe23c14f3730348075680b,7.381257329999995,0.0,jdkfbsbdskjbfjksq
2026-07-28 05:50:08,day,mentions,55,0x724520ac6ab02cfa66010ef1e44b50b40232099d,7.1580000000000155,0.0,0x724520Ac6AB02Cfa66010EF1e44b50B40232099d-1779094991006
2026-07-28 05:50:08,day,mentions,56,0xf797d4d1c038d1eb0593edae0e66bf8e4b2e0bf2,7.025056608545128,975.825929,DerDon
2026-07-28 05:50:08,day,mentions,57,0x9129619d97c7c9bbb8c5b6a997dc30dcc275dd8e,6.957594999999998,28.91,CustomTrader
2026-07-28 05:50:08,day,mentions,58,0x303e9433d21f045ad6d411bfe9d5090c89e42dc5,6.506479612110999,37.318179,JoinOurDiscord
2026-07-28 05:50:08,day,mentions,59,0x72cd7aea7a73cec00ee027dc844d29ee5033ba23,6.400000000000002,0.0,rovim-plymkt
2026-07-28 05:50:08,day,mentions,60,0xcc7c1f044ddb2e002345f9f05b4e941e54a11d18,5.929826040999956,0.0,Freedom-BY
2026-07-28 05:50:08,day,mentions,61,0x6936431c93a525f454d1bb914c107f926c86a45e,5.699698890500258,42.22,OnlyPhan
2026-07-28 05:50:08,day,mentions,62,0x9b09abd59199df55aa110b5485fae7dcfb314f51,5.695258187500087,15.0,LynBean
2026-07-28 05:50:08,day,mentions,63,0x4aa87d513621c74a091f514e9c14b52377f46531,5.429138514560009,0.0,0x4aa87D513621C74A091f514E9c14B52377F46531-1779355201172
2026-07-28 05:50:08,day,mentions,64,0x94bbb8f7632d11dead6b8970646ad5655a5fc320,4.827025405000768,119.63,Praescientia
2026-07-28 05:50:08,day,mentions,65,0xd035fd5f4d6bec4a73dc2fc11fe35c13c3acf165,4.719357493000018,3.717471,rocky42023
2026-07-28 05:50:08,day,mentions,66,0xcb53e8d4381ca6f716ff4fc705d558c1e78f2860,4.633880711,0.0,0xcB53e8D4381CA6f716fF4fc705d558C1e78F2860-1764592271039
2026-07-28 05:50:08,day,mentions,67,0xe2507e0c1c9fd8435c1f426479c7eb1bfdaabc91,4.611230639066001,0.0,shpagat
2026-07-28 05:50:08,day,mentions,68,0x761bf62a9c351ba41b483f108463d31560ace8f7,4.495000000000019,50.0,Useraxe
2026-07-28 05:50:08,day,mentions,69,0xefde9ff487fae209ab6e3157a8acb4276f9c783d,4.374873945971785,919.8782570000001,Umaroth
2026-07-28 05:50:08,day,mentions,70,0x8226d21b6aee8bb905f7f8268fd8762b01767a58,4.07,0.0,Phanta
2026-07-28 05:50:08,day,mentions,71,0x277989790d4a8c782d7a4992e13c2dcaa031239a,4.030000000000655,31.0,balabalababalabala
2026-07-28 05:50:08,day,mentions,72,0x6dbdf125026bc0f41fd7d0b8c32190e20762ceea,4.0,0.0,patocojo
2026-07-28 05:50:08,day,mentions,73,0x1ca59b4088339065440836b425c586f02c9480f5,3.8531699004999993,0.0,0x1Ca59B4088339065440836b425c586F02C9480F5-1769958266039
2026-07-28 05:50:08,day,mentions,74,0x5e2c9027e13db8cc4d3281c88acf7d7b824c5dc1,3.846004085000004,0.0,orbiterix
2026-07-28 05:50:08,day,mentions,75,0xfaa0a45d9fd7cb65a73e83a97a817a457bbc4b30,3.7350000000000065,393.0,JackLuckyMalone
2026-07-28 05:50:08,day,mentions,76,0x0a069d155fca3907d7615bac99ab97712321921a,3.5999999999999943,0.0,0x0a069
2026-07-28 05:50:08,day,mentions,77,0xb1a1985278c50a25758e2e25a217d084706add34,3.5118000000001075,0.0,.brain.
2026-07-28 05:50:08,day,mentions,78,0x86538f8f4a2e614f897dbe6460c75c80f8470d6b,3.4494180791519997,0.0,smith-dom
2026-07-28 05:50:08,day,mentions,79,0xaa98a97f71cbe19348798775b23696c9baa290bb,3.0828930305751783,0.0,Hexagon555
2026-07-28 05:50:08,day,mentions,80,0x2191cff859ea265b2e8c8c87a012aff24bd4628e,3.0725999999999942,0.0,maurice45
2026-07-28 05:50:08,day,mentions,81,0xb249ef85eb9760b069b7fd105730a8442dec70b5,2.949999479999999,0.0,dimby
2026-07-28 05:50:08,day,mentions,82,0x53d395d95538d7b0a6346770378c79001e2360ee,2.9468089999999734,49.918204,jjrd
2026-07-28 05:50:08,day,mentions,83,0x533d6884ee2aff259b81a809568fc4e1d6a12a77,2.891700000000003,65.17,crazymethodmaker
2026-07-28 05:50:08,day,mentions,84,0xbc1f091426c74f0336c8ed92fc46154c77528f78,2.7841145370479996,16.377048,walkwithyourboy
2026-07-28 05:50:08,day,mentions,85,0x1e934f01216bf34b277eaeebe2c81183bed278bc,2.7750000000005457,0.0,kennedywithautism
2026-07-28 05:50:08,day,mentions,86,0x28ca4e9a04531f2eac0c2770f95db4e1c6a65d19,2.6961799999953655,259.0,DuneMentat
2026-07-28 05:50:08,day,mentions,87,0xb22682e5efaaa5ae3f48c3b727cf78ae57c04163,2.692307557896001,0.0,sbel
2026-07-28 05:50:08,day,mentions,88,0x1e109e389fb9cc1fc37360ab796b42c12d4bbeee,2.6674999999999187,890.0,ConfusedUngaBunga
2026-07-28 05:50:08,day,mentions,89,0xf95ee4c4b6902621efe74aea766af4a811f24a51,2.586486409869991,10.810809,pikanou
2026-07-28 05:50:08,day,mentions,90,0xcbdada973aa438c640538c54654ec068870ed2c0,2.539154999999937,0.0,Frontline
2026-07-28 05:50:08,day,mentions,91,0x6ef6c0a9dbc8ddd78554c70ce5e86633f5e792e4,2.4801526777849974,0.0,alessi2008
2026-07-28 05:50:08,day,mentions,92,0xc1e4d534b94fb3fa1bbefe8efa3d1663e8fe1377,2.4749997299999933,0.0,janeztrader
2026-07-28 05:50:08,day,mentions,93,0x0a8eee5cb1f039540abbbecc03571146048c05a4,2.447309999999959,0.0,
2026-07-28 05:50:08,day,mentions,94,0xa5ffa6df399cea0a5794a5d4628d1eac29d3d69f,2.424999999999997,42.676922,
2026-07-28 05:50:08,day,mentions,95,0x38b821b8f23f3ba6aba2d0489627e68f6a6e6219,2.160542128059,0.0,
2026-07-28 05:50:08,day,mentions,96,0x6ffb4354cbe6e0f9989e3b55564ec5fb8646a834,2.0995000000693835,0.0,AgricultureSecretary
2026-07-28 05:50:08,day,mentions,97,0x184b4b04ea85411bd81eaca8b29c22df1fd367b2,2.083522398699002,58.407059,trrr12
2026-07-28 05:50:08,day,mentions,98,0xbd0477e08d82d35a855ff19644a88a9213d8fbb0,2.0497749499918427,0.0,yuhyuhyuhy352352
2026-07-28 05:50:08,day,mentions,99,0x927ffeba73eb63ffb7e576aca7d32f78e54be7e7,2.048699459995987,0.0,ClydeCash
2026-07-28 05:50:08,day,mentions,100,0xdec2a6879cf654e6bc2c0e125f65b2fa3e27b015,1.9998999999999967,99.99499999999999,wisechinaman
2026-07-28 05:50:08,day,weather,1,0x8fbd7cf5f806f563080864694415829f7229a959,2277.3298270608066,9260.512969000001,badatmath.
2026-07-28 05:50:08,day,weather,2,0xafde461fce5aa0fabdb7711c59db93b65e343e1d,1845.2485976891112,20222.085713,opopv2
2026-07-28 05:50:08,day,weather,3,0x52ebca459280966f4a56240a05e38df8527067ac,787.0435773866411,1613.547744,AMAM13
2026-07-28 05:50:08,day,weather,4,0x9807813cfc7c5c650b06d6894338e6d564fc5668,679.5274415282236,4409.952833,Sailor94
2026-07-28 05:50:08,day,weather,5,0x7c63520c2ca9b336af0c205b9ccf68217bb393d4,625.2371479204812,16393.692611000002,opopv.
2026-07-28 05:50:08,day,weather,6,0xdadbf9e1df1b8d7a184a0d6ab9c83b2337b61870,566.3108445960424,4330.934699,WeatherHK2
2026-07-28 05:50:08,day,weather,7,0xcbbc5e035504421b084ad9248b660f6e9618b5d0,547.8515456826963,6018.667594,VibeTrader
2026-07-28 05:50:08,day,weather,8,0xfa8cbc8ea1d02e5ce5df2948ed5c3ec1591d9169,456.6362608706859,1982.2697170000001,0xfA8cBC8ea1d02E5CE5dF2948Ed5c3ec1591D9169-1779235867284
2026-07-28 05:50:08,day,weather,9,0x23d18416645924e097c453e8ceadd4bfeb6a353f,442.0200000003142,0.0,fcomp3
2026-07-28 05:50:08,day,weather,10,0x6f46063eadcd9eb8cc1ef6e0b3d329af87e777e8,437.13906628900065,0.0,0x6F46063eaDCd9Eb8cc1ef6E0B3D329aF87e777e8-1773225290572
2026-07-28 05:50:08,day,weather,11,0xa1d7b61c9f9f4888b3339f5316f9aa57e575a338,433.97431290875716,8884.913046999998,okkokok
2026-07-28 05:50:08,day,weather,12,0xaf17116ae2b1476032785a67bd5b7c8c05905c20,406.6424693654626,54.86,huskyvs
2026-07-28 05:50:08,day,weather,13,0xcbcec5baf863f3ae752725e5c94b039dcec0507d,393.470196925,1057.1999999999998,jvr27
2026-07-28 05:50:08,day,weather,14,0x2c576d00e8e76c133e33dbb82b70eb5de78f372d,366.51526427772296,5516.331569,Bertrame686
2026-07-28 05:50:08,day,weather,15,0xb9e9e6d0e747202bd9575602701d5bc7641bf1cc,355.5995451507803,1971.7649919999997,Senaxx
2026-07-28 05:50:08,day,weather,16,0xc5f5cc827040db81cdebe637d815722a6f195d54,319.9902875105927,1233.5000000000002,1111416
2026-07-28 05:50:08,day,weather,17,0x8847ab6503185c9d461db231d718f22bc3a5262d,304.3352397821509,4586.233285,0x.ALJJ
2026-07-28 05:50:08,day,weather,18,0x4989bfed5900ba096b08ba1f9b718464527c983e,286.2363841099741,2822.4502350000002,macau.weather
2026-07-28 05:50:08,day,weather,19,0x9506e646497107cabf2d5b941a8e6a60d0db1c4f,284.5053593786033,807.965915,
2026-07-28 05:50:08,day,weather,20,0x6ff2cb14da8be7eb57541d250a0196c5f295f140,283.86794924872083,4966.307311,0x6FF2CB14da8BE7Eb57541D250A0196C5F295f140-1779007910425
2026-07-28 05:50:08,day,weather,21,0x0e70a85f3f07962061592f4e966c3e5e9904bb75,277.7208084203591,1909.443904,Dexterbot1
2026-07-28 05:50:08,day,weather,22,0x6fb10c9908b68c82f5889f641fdc05ca59ee9319,247.08427077416673,1451.091649,Frog-Prince
2026-07-28 05:50:08,day,weather,23,0x229c0a7d92977a9934e5ac2348d507988996b966,237.03001492959083,2350.222644,qqqppp-l1
2026-07-28 05:50:08,day,weather,24,0x8383a695e82d69bff00d4032c7037b3eba01cb59,232.9418789731659,3261.085285,DollarStoreQuant
2026-07-28 05:50:08,day,weather,25,0x0335cb69dd7498a24c39edea33c925ce51d36eca,231.41266182341496,5208.174206,LittleBitBadBoy
2026-07-28 05:50:08,day,weather,26,0x4f1164d1531b8fb77919df285c576628318553b0,230.24844551000024,2778.5299999999997,yourthos
2026-07-28 05:50:08,day,weather,27,0xa83442a8100c004744e532fc2d259a4977241c25,211.02454976241575,973.042974,0xA83442A8100C004744e532FC2D259A4977241C25-1783672139388
2026-07-28 05:50:08,day,weather,28,0x4a2f4fc2f1e15e40b12348c5a7cbd9ca2d63e889,195.02962232144,922.4518190000001,kysun72966
2026-07-28 05:50:08,day,weather,29,0x16ce1f954bfae560af862712fad9dd261f4ceba1,187.10058092600104,173.53,36oldtiger
2026-07-28 05:50:08,day,weather,30,0xd3b44affa9028e2b72f66ce277256f8ad53b73cd,185.74434800000063,644.0,axebobby
2026-07-28 05:50:08,day,weather,31,0xaa930fdc4caa3c0f6067404a7bd7899ca45f0bc7,183.53262725064633,1287.611138,Lex-tang
2026-07-28 05:50:08,day,weather,32,0x51b11a18e75d0f4c3f8e8e360f89eb911d727865,179.33127848000038,0.0,PCMTest
2026-07-28 05:50:08,day,weather,33,0xe7c65c210add40c321c0da2a1d9fed4587142b25,170.48370656640736,272.885881,0xE7c65c210ADd40c321c0DA2A1D9FED4587142b25-1776344908724
2026-07-28 05:50:08,day,weather,34,0x19f45a25608cbf60f63a6bad50354b74e83bc772,164.94573462054888,1564.9237520000001,0x19f45a25608CBF60F63a6BAD50354B74E83BC772-1775501223753
2026-07-28 05:50:08,day,weather,35,0xb18552d89dea6caf6f97fdd673963e0f564948c1,163.97466537999946,65.72686399999999,maS1616
2026-07-28 05:50:08,day,weather,36,0x93cc20e41358e7a2f00f19306afac2f45391454e,163.807826255669,3318.2256420000003,ygyhw
2026-07-28 05:50:08,day,weather,37,0x1941ca5d7f587827da004b1b1551b0bd6429deea,156.8659221806447,2228.993122,0x8e7a8d72Bdx10a8H37R6bsF568dFa52E
2026-07-28 05:50:08,day,weather,38,0xc34f6b088bb9172625ee1ea2ee8da9ac4f037d2e,153.8657443587599,3132.928712,StayFreshCheeseBags
2026-07-28 05:50:08,day,weather,39,0x8ec68d84d28c28236ff54821a6937f551bc6b459,152.69666653379034,1772.2394530000001,johy001
2026-07-28 05:50:08,day,weather,40,0x5e71d59168257fb5b2c1a8c3037c53084435afe6,151.68460246101085,443.59496,weatheringwithI
2026-07-28 05:50:08,day,weather,41,0xf3618ba9f63638ab77e85553c67dbb9aaeba783a,145.79694452000012,10646.54,Bakuskyvs
2026-07-28 05:50:08,day,weather,42,0xbe4466da456ef0d48627cf3c1e4611bce1eaaf27,143.97488988000018,138.61,MotorTu
2026-07-28 05:50:08,day,weather,43,0x6c2be10fb07747a3c751c77774938a15fbcf36f4,142.13918476000015,948.5099999999999,lmcaimiku
2026-07-28 05:50:08,day,weather,44,0x3d02d37e9fd377788e6370c95208dd3177b1d900,141.465090648,4197.233,bhenchod-og
2026-07-28 05:50:08,day,weather,45,0x5ffea747575581e8d2dc5e23c47ab98c1638e48b,139.16400405150398,4557.0,0x5FfeA747575581E8d2Dc5E23C47aB98C1638e48b-1777529589397
2026-07-28 05:50:08,day,weather,46,0x517943a46ab0c3f04939a7567001826850e5136e,138.74909242491452,3181.624914,Sangteng
2026-07-28 05:50:08,day,weather,47,0xde67f82632981d2fce01c6fd239e466deb1ec144,138.55685582843796,1511.8814269999998,0xdE67F82632981d2fce01C6FD239E466deb1Ec144-1780533793532
2026-07-28 05:50:08,day,weather,48,0xbd71233ab7a25bc420929cd67476219762f31281,136.56825101110098,2278.775254,
2026-07-28 05:50:08,day,weather,49,0x4e5c2d65703d9f4c155c716774ebcc181cf5d892,136.5295433458159,2310.353997,NullHyper
2026-07-28 05:50:08,day,weather,50,0xdfbdca978053bf05b23c9dec9cd4f22ca6035a6c,136.5190416087189,1601.2432469999999,tradeeeee
2026-07-28 05:50:08,day,weather,51,0xbf21c5f53f7e875563720d008c62170ad233e0c1,133.27623416900224,0.0,whatsmoney
2026-07-28 05:50:08,day,weather,52,0x1e109e389fb9cc1fc37360ab796b42c12d4bbeee,130.58306299999978,1292.9511,ConfusedUngaBunga
2026-07-28 05:50:08,day,weather,53,0xc9ded4d5f6eec0a75907ebb924c164a4aea381d9,130.22276864092055,4087.532852,LMVM
2026-07-28 05:50:08,day,weather,54,0xd2fc6b174da1f6f8b8400636475cbe3034da5bd4,130.03923724700007,0.0,HalcyonTime
2026-07-28 05:50:08,day,weather,55,0xf3253c1c54781ad2c75f8d50f7148c84ebc0f8e0,129.05272335849895,1345.8931499999999,whackyy
2026-07-28 05:50:08,day,weather,56,0xf2f6af4f27ec2dcf4072095ab804016e14cd5817,127.05402457702439,933.573333,gopfan2
2026-07-28 05:50:08,day,weather,57,0x7f614df83c50a5d7c3bbd24a228595fa5a038554,126.80658136999955,0.0,kongehund
2026-07-28 05:50:08,day,weather,58,0x2f400c246ae91a94d38a99abf0dc74977093887c,123.41175337580007,129.9874,Savolchok89
2026-07-28 05:50:08,day,weather,59,0xd57164c663293c9db383305c19d9a044b6919a4e,122.21831217899978,0.0,Lodyesushy
2026-07-28 05:50:08,day,weather,60,0xb902c1344e37515112340adc929154563e8206d8,119.93150341820035,0.0,Qress
2026-07-28 05:50:08,day,weather,61,0xfeccdc127f399b4f5222386922c58ff634ca77da,118.72677071189719,2171.543592,viksha11
2026-07-28 05:50:08,day,weather,62,0xf56ccbb9d8158ae1dda67207d1f76acf2f81ad84,118.59270737253792,4912.235861,LXJXLJ
2026-07-28 05:50:08,day,weather,63,0x4a3f08088fbecbf830ee664ad6196340db488af6,115.76688574999957,2022.9915139999998,cfoo
2026-07-28 05:50:08,day,weather,64,0x496f76bd5cf4c2819c710ae90ed1c84b2dc6fa5d,114.90350455648513,8799.027590999998,0x496f76BD5Cf4c2819C710aE90Ed1C84B2dc6FA5D-1773782287927
2026-07-28 05:50:08,day,weather,65,0x4f6a401443115b5ec2698966b48fc615f2d9f60c,114.07708366277075,1870.4551229999997,Runon
2026-07-28 05:50:08,day,weather,66,0xf51b1d560e33b1c56f8a9a4e8fec3d4800c0ca1b,113.66805223676147,1982.6562040000001,
2026-07-28 05:50:08,day,weather,67,0x3b2ca1312bed6142f069090240b43d801aceecdc,111.9943026109986,755.57,Fatbbbb
2026-07-28 05:50:08,day,weather,68,0xec86a2d3f69015b1a9382e4dfa8695e1b48760e4,111.70354472258259,1041.539564,0xeC86a2d3f69015b1A9382e4dfA8695E1B48760E4-1770735132210
2026-07-28 05:50:08,day,weather,69,0xfd557e6db670c9704bc1d0d8e8b585c7d9c9f905,106.72138857230675,4286.339023,northdrawer
2026-07-28 05:50:08,day,weather,70,0x15463d7c82ad6df69260a9def5e19c8ff838778b,105.1272033108653,3892.645541,ssstarboyyy
2026-07-28 05:50:08,day,weather,71,0xb3476e21d2505bd523c3193f6feac01fda0aa115,103.64209952792498,7556.184735,BUYJUSTNO
2026-07-28 05:50:08,day,weather,72,0x4e25605fd905e9972efc0f4d8814530c655cd7a7,102.98644045249966,0.0,
2026-07-28 05:50:08,day,weather,73,0x497be4bc10a6ccf5f443ddec0ff420e32468a32a,102.51186245168003,327.241552,yySM22
2026-07-28 05:50:08,day,weather,74,0x054605d9224ca48239edfb53260b1b319e3017a9,101.12091956690483,3660.91294,princeyin02
2026-07-28 05:50:08,day,weather,75,0xf9e99a728e102ad96e0efea8b3ff76e3b4348070,94.93302123000001,313.7025,
2026-07-28 05:50:08,day,weather,76,0xe7123a5454f9be0a197d5909d2720a4d473c9a10,94.16193822999594,401.86,alexbita
2026-07-28 05:50:08,day,weather,77,0x1ba75514fa9dcd48d5eea3a2ae7c1fb990353d88,93.21549499999975,326.0,mahmed-abula-ibn-mahmud
2026-07-28 05:50:08,day,weather,78,0xe60573bda8c4fa8cc3d34233ef216b90f53e914f,93.19030656000007,0.0,zorostan
2026-07-28 05:50:08,day,weather,79,0x93dd5294fbf8c35190c4616ecc63d9cf88e34ed5,92.64965221519788,2463.521246999999,Descubra
2026-07-28 05:50:08,day,weather,80,0x438ae660f4236553c74c776c8fdcf394912061c4,92.33434932,1827.94,whatthedogdoing666
2026-07-28 05:50:08,day,weather,81,0xbf57e5e4cf4605db0b4b7d2b76da735249ab588e,92.29999999999995,0.0,EdwardBryant6165
2026-07-28 05:50:08,day,weather,82,0x21d0c129deb8a7f7e1569045200d20e23862ce91,92.10754999047185,56.0,DEGENKHAN
2026-07-28 05:50:08,day,weather,83,0xfd48544efea39e627c34bfa81dda6f4e37411e93,91.56317867540324,921.265283,satc1014
2026-07-28 05:50:08,day,weather,84,0x496d65519e0b65ca8981e95c9d2b56d89793a2f2,90.78913013798524,850.25837,chasinbands
2026-07-28 05:50:08,day,weather,85,0x710bbc6420751967f073deff2d306b746f34a42d,90.73145804071305,620.6678929999999,NB-03B15
2026-07-28 05:50:08,day,weather,86,0x03805a13a0b3e058f55f6c6af95389d4f431073d,90.35323852421789,1860.3876630000004,donthackme
2026-07-28 05:50:08,day,weather,87,0x2dbee9eacc1acbd34910ab7eaadf668be3de4f51,87.74176796399968,147.3,kobykarp
2026-07-28 05:50:08,day,weather,88,0x361a7c2886b2c0957374436fb0a8a62a310e9b39,87.2832633015,0.0,0x361A7C2886B2c0957374436fB0A8a62a310e9b39-1782950987661
2026-07-28 05:50:08,day,weather,89,0x7b6620de09a20e033b736dff8b242ff8f05b676f,85.84847,0.0,tulga870911
2026-07-28 05:50:08,day,weather,90,0x43cb4ae1f4ddc9e671486c79c9f40a6fd98b84df,84.88709999352068,7012.666535,0x43cb4Ae1f4dDC9E671486C79c9F40A6fd98B84Df-1761656284271
2026-07-28 05:50:08,day,weather,91,0xd218e474776403a330142299f7796e8ba32eb5c9,83.9541137726801,0.0,cigarettes
2026-07-28 05:50:08,day,weather,92,0x885f5610bc4a433a0bf6b360e098ebefa7227bf9,81.83859864800047,135.316664,paipai6
2026-07-28 05:50:08,day,weather,93,0x73c9447324be4801dd1da1198e9f0edee9e65eb1,80.82355137999991,0.0,randomUser413321
2026-07-28 05:50:08,day,weather,94,0x62d377f10f1f1479c295b9fb932a36f41bd6e694,80.06465791001011,620.196664,f00000
2026-07-28 05:50:08,day,weather,95,0xadb953e66ff2573ce9ba2104f86e7c8ccb258326,78.56427581000011,234.03285599999998,
2026-07-28 05:50:08,day,weather,96,0x6bedb65d4bec63a0fef84cd0f19a54f64029b1fe,77.72399491611486,199.996665,blindmaninanorgy
2026-07-28 05:50:08,day,weather,97,0x54254a4b9dc1250179b3bdb71b14627bc3164c65,77.52432589000045,703.42,Darksky988
2026-07-28 05:50:08,day,weather,98,0xf9f2fadb03a828f3024227034283e638bb73771f,77.46499999999924,0.0,api3799
2026-07-28 05:50:08,day,weather,99,0x96e60b753df1367cb3ee81fbb02df92bc61afece,75.70569525563951,265.984502,nxkhjaouh
2026-07-28 05:50:08,day,weather,100,0x9e42994df82c383c1b128069280c0e3f65184938,74.01115511542221,1953.952112,womenzhijiangeyiban
2026-07-28 05:50:08,day,economics,1,0x3a8aa345d5db7ec5138298c8c4f4540259be7699,4587.45077346242,0.0,TheReturnOfDarthMaul
2026-07-28 05:50:08,day,economics,2,0x714a685b5454ea4d52979563bbafa77b8168ab2f,3738.5373660679907,0.0,pada
2026-07-28 05:50:08,day,economics,3,0xe3cb28f7c62ac636f407014005499d2687b5ac21,2949.3064849085013,0.0,odsowner
2026-07-28 05:50:08,day,economics,4,0x0feb1bf966bc7f954c2da0293ae2fdc572c5db5d,2389.4340694382554,74712.888408,YungFelon
2026-07-28 05:50:08,day,economics,5,0xeb6f0a13ea8c5a7a0514c25495adbe815c1025f0,2256.4869375960116,1564.12,87879809837209837982
2026-07-28 05:50:08,day,economics,6,0xe033e9d4a0e8b30c417f3f7abcb029bc695940a5,1947.7845508822647,15595.0114,CDAP1
2026-07-28 05:50:08,day,economics,7,0xe7387473b067235436884d16799777cf279edf65,1741.4287576630013,0.0,Huludubu
2026-07-28 05:50:08,day,economics,8,0x7bc14171ccb0d3e6bac219ec6a76211826e28db4,1524.5472250000093,0.0,coali10
2026-07-28 05:50:08,day,economics,9,0x26efdfbf3f20b86e5cf631136fb5ae598e0fa308,1402.7434350000003,0.0,soapbubbles
2026-07-28 05:50:08,day,economics,10,0xce1d15f4ab2e11cca6fefe4fe7d70889e6531b9b,1149.999877770002,0.0,armads
2026-07-28 05:50:08,day,economics,11,0x05f6cb63d4ffdfaecd7ad8acd0765b6f6a5a25a1,1098.2173736524992,0.0,ethBELIVER
2026-07-28 05:50:08,day,economics,12,0x0c689c8e78588fd3d02e56a6e787e7f9e9b09e76,1006.7044104000088,269532.64,monkeyking42
2026-07-28 05:50:08,day,economics,13,0x652fd12eb70599ccf9030ef3cda32ae69e70eb3d,970.2101094769982,0.0,English-learner
2026-07-28 05:50:08,day,economics,14,0x57e7c7ef2a44ff08d724d0054fa2b648f93db491,924.1483000000007,0.0,Marks1000
2026-07-28 05:50:08,day,economics,15,0x8b4bca1d794779e66e023d44391b2a86c5ab541b,833.1496553055188,0.0,0x8B4bcA1D794779E66e023D44391B2A86C5ab541B-1769764313952
2026-07-28 05:50:08,day,economics,16,0x96489abcb9f583d6835c8ef95ffc923d05a86825,746.0318752080493,0.0,anoin123
2026-07-28 05:50:08,day,economics,17,0xaf2830f2dd4dfa32e3dffac60531bb4ba5147f92,737.6099813820001,0.0,infolitio
2026-07-28 05:50:08,day,economics,18,0xe25b9180f5687aa85bd94ee309bb72a464320f1b,718.1576867615222,0.0,WordleAddict
2026-07-28 05:50:08,day,economics,19,0xd5eb2846e5f41e76fd1a607320ae1ec45af0b9d6,656.7684979304977,0.0,Burgil
2026-07-28 05:50:08,day,economics,20,0xac4a1fabdac2438d6afa2a9e8e83845310a0bf1e,646.2858214913067,10124.08,HerrieDavis
2026-07-28 05:50:08,day,economics,21,0x4097b449b30f8bcf9834ea1e976f235f689c88f2,639.7211144085013,0.0,howesr1970
2026-07-28 05:50:08,day,economics,22,0x801dbe416065cfa8ecffeae526eeb37f393fd8e0,609.4747853620065,0.0,Niseko
2026-07-28 05:50:08,day,economics,23,0x35926f7f63d7478a665890c58870e567f6bec68c,577.6737490149999,0.0,8014a3d96c
2026-07-28 05:50:08,day,economics,24,0x29c3f73dd1e62914809ad93b5c55af7a27ddcd63,565.24911294,0.0,porkbun
2026-07-28 05:50:08,day,economics,25,0x9c2617462567859fcf5764e03b9a687ebca274bc,541.9173658050204,0.0,Tigerofthehood
2026-07-28 05:50:08,day,economics,26,0x5d2f49295387e01a49f0a3e59449ceed791c4adb,539.9999914299997,0.0,MikeMoore
2026-07-28 05:50:08,day,economics,27,0xa4b366ad22fc0d06f1e934ff468e8922431a87b8,537.589542899972,876.97,HolyMoses7
2026-07-28 05:50:08,day,economics,28,0xd0a042d1da4cab5293f6a758a0082234b05d2760,534.4980238349999,0.0,drde
2026-07-28 05:50:08,day,economics,29,0xb528a976ca7d476602f8040c3d1a49e5145a5039,533.8227874999975,0.0,HelloKitty333
2026-07-28 05:50:08,day,economics,30,0x9bcada74fbcaa331afecdf7e861fbc9532ecca1f,516.140342887491,20153.134996999997,rooivalk
2026-07-28 05:50:08,day,economics,31,0xd905e9d1f8e8848b9aa1d5383a6efb573c6dad7c,469.8015631999988,0.0,Da-Joker
2026-07-28 05:50:08,day,economics,32,0xf6c9bf136dd67afb78942ce6f5e9ff64ef031c13,468.89185812999995,2073.77,6idontknow123451334
2026-07-28 05:50:08,day,economics,33,0xfb57f8670d2f51a76b0ce40c533ed7d7328c0a46,468.14661420200173,0.0,ppxtu
2026-07-28 05:50:08,day,economics,34,0x19580c442085fb520ac9c56edc1a7a97fdf4310b,420.3147228139969,0.0,Election2024
2026-07-28 05:50:08,day,economics,35,0x60ab628a82cdf7b9274ff1587f1b30211b763206,416.45609813698684,0.0,Odysseus.
2026-07-28 05:50:08,day,economics,36,0xed107a85a4585a381e48c7f7ca4144909e7dd2e5,408.86804778012447,64773.729999999996,elmcap2
2026-07-28 05:50:08,day,economics,37,0x8ce90a2cc0d57a2a88c91839a427a7e466edea32,405.0903649999998,0.0,santaclaws
2026-07-28 05:50:08,day,economics,38,0x89cd944aa9cf528142e3557099c6992eb7ce4d7d,403.1641371239966,0.0,
2026-07-28 05:50:08,day,economics,39,0xa61ef8773ec2e821962306ca87d4b57e39ff0abd,395.95892496948727,931917.5699999998,risk-manager
2026-07-28 05:50:08,day,economics,40,0x08458f7e9d2858027de579e4c3ca305475496b6f,380.28318358528486,300.0,GollumGekko
2026-07-28 05:50:08,day,economics,41,0xa9fe4929d4ea1525ca03bd0ff68ea1fbf9e7f135,369.36347165869665,12533.950975000002,novv25
2026-07-28 05:50:08,day,economics,42,0xadec0c1c1991e9dd0bdcf9401479614b65b43c7b,368.3901199999964,0.0,DoubleDip
2026-07-28 05:50:08,day,economics,43,0x1cfc260bfa2b5ae89377863180ca3b4f5c862111,359.0426068914767,12052.605038999998,lissartter
2026-07-28 05:50:08,day,economics,44,0xdc4f08727c65afc4731b75cf1ed265666b7b4652,356.2437984669523,0.0,third-eye
2026-07-28 05:50:08,day,economics,45,0x791976e861822c1f6d13f719d2c80e8deb9b72b2,349.53394000000105,0.0,HongKongMenace
2026-07-28 05:50:08,day,economics,46,0x1f9e15f39bbd5d163b0eacf0fbef647ced9e4f1a,343.60458591450333,10431.829999999998,SweetHomeAL
2026-07-28 05:50:08,day,economics,47,0x82d9e40b217ecad54da43afb12b12fb79fd0eaf8,342.4140676820018,0.0,Useerna
2026-07-28 05:50:08,day,economics,48,0x51fd8f0358cc9e8a1ee5f87a0c7e3b07ed634272,340.6108160409931,0.0,TimeTraveler
2026-07-28 05:50:08,day,economics,49,0x9952d39fcc7a5baf664da51dd1b9c95f23ca9cba,337.9998657759993,0.0,helpisontheway
2026-07-28 05:50:08,day,economics,50,0x26165df18c4dae74bfc20b8f266f0887fedbc6aa,337.5,25000.0,ivantoney
2026-07-28 05:50:08,day,economics,51,0x8e91643b94b5a41564d9a7a302bc7c576f463335,332.0853685870003,0.0,phantasys
2026-07-28 05:50:08,day,economics,52,0x5f176a980de5b25f89f17473e5e8adef565c519e,304.3210495400017,0.0,cezarn132
2026-07-28 05:50:08,day,economics,53,0x05cb160afe78a908a9db795c86774a73dd3b0b0b,302.70109865999257,0.0,takepr0fit
2026-07-28 05:50:08,day,economics,54,0xe52c0a1327a12edc7bd54ea6f37ce00a4ca96924,289.4095199999865,0.0,aff3
2026-07-28 05:50:08,day,economics,55,0x442e3b1b718eb15265c5967270789024041253d1,286.539294565,0.0,YasZoso
2026-07-28 05:50:08,day,economics,56,0xf579036e211211ab1d5d944f1665c394d5959989,283.0557861620009,0.0,newguy666
2026-07-28 05:50:08,day,economics,57,0x0cbaab2d3f6cc5998e78cc1969c6ee1f4d1392d3,276.98256501300057,0.0,Anomymous
2026-07-28 05:50:08,day,economics,58,0xc4f8cb329ea0637fd26ca0d600392c50a5ac8a4a,260.4414239075013,0.0,0xcd4313426311739ffee5aced9e352f209f801b46
2026-07-28 05:50:08,day,economics,59,0x4b2995b6c8cc2cf56899ad62ee87c3f70c97716f,255.0,0.0,f2hf84hg52h5
2026-07-28 05:50:08,day,economics,60,0x94daa3bf531255d6565e937c7249d3918fa12bf1,252.9014074056861,15107.128955,SaracensCapital2
2026-07-28 05:50:08,day,economics,61,0x2458489f779c836fc773135d81b08ead95ccf8e7,248.21123449350125,0.0,neuroplasticompany
2026-07-28 05:50:08,day,economics,62,0x21ff16230285273f6097846437b46d35e97f5e2a,242.7806024695101,489.0,predictgeek
2026-07-28 05:50:08,day,economics,63,0xe1e105257812992f0b9aba92a17e33f36e89d250,241.69904953899095,0.0,loliti
2026-07-28 05:50:08,day,economics,64,0xe472ce6be1fb4673d6155de37e414ead8bace7eb,238.0189763520102,0.0,TheRealWarMonger
2026-07-28 05:50:08,day,economics,65,0x78dc02c1d0e257128d664225bed583a63ddeb46d,232.83422453100013,0.0,WolfCharge
2026-07-28 05:50:08,day,economics,66,0xb9cfb65e4ed4a953a72a6ea23d834a41daba75d1,225.00291236449993,0.0,Joebama
2026-07-28 05:50:08,day,economics,67,0x65c5b6df857821d640fd720ec78a26c236212862,219.4483500000024,39899.7,Bb2de66666
2026-07-28 05:50:08,day,economics,68,0x248a27f29b96633b6f5f53c7e526791cf6674b4a,216.00106357999948,0.0,dedpepe
2026-07-28 05:50:08,day,economics,69,0xdf705353876ceb2549f0c03ffcb4cba33d785e92,215.79488940499868,0.0,AngryRhino
2026-07-28 05:50:08,day,economics,70,0x027e587a1086809d1a00f22216bef6a808f1c97f,211.92203007850185,0.0,AndreasSchm
2026-07-28 05:50:08,day,economics,71,0x3eedf40fc4b73cf145b6e5e35d7c6ca645e4cb2a,209.37371612150082,0.0,RewardsMafia
2026-07-28 05:50:08,day,economics,72,0xa83e100324690ff83be3699a8e6cfd2ab3c5ee22,204.0732782490013,0.0,mofumofu
2026-07-28 05:50:08,day,economics,73,0x9f086ae32344b489a004109f06fced08154273a8,201.2819939639997,0.0,Copezilla
2026-07-28 05:50:08,day,economics,74,0x8390808cefaf138f02b7fb0beff93148ce0809f1,200.00002188799772,0.0,miskulinac
2026-07-28 05:50:08,day,economics,75,0x032eb1bc893940263ad0b01889f262fc232f2a9e,198.12293360000308,1691.0,purplegatto
2026-07-28 05:50:08,day,economics,76,0xfac1619ddd9786accb518fa2570e6b9429134915,193.22008158199986,0.0,freedomjijin
2026-07-28 05:50:08,day,economics,77,0xbaa2bcb5439e985ce4ccf815b4700027d1b92c73,191.02306818500801,0.0,denizz
2026-07-28 05:50:08,day,economics,78,0x6519259c2b215ee3c958e57276ac9d679d3e611b,190.3665525760007,0.0,0x6519259C2B215EE3c958e57276Ac9D679D3E611B-1774564779376
2026-07-28 05:50:08,day,economics,79,0x449c7483aade15b5c4772fab7becc60a1c20879e,187.94490000000042,0.0,wbxxx
2026-07-28 05:50:08,day,economics,80,0x4478d7bd8a295691ac84f60a5ec2b47e122102a4,187.00019231799524,0.0,Warren-Buffett
2026-07-28 05:50:08,day,economics,81,0x60567382d04d7af8776eea04468a918519ebc27c,185.53905355200186,0.0,akimbogod
2026-07-28 05:50:08,day,economics,82,0x7f6a11e414d0f5d1372791568030da60e962fcad,176.79779999999664,0.0,
2026-07-28 05:50:08,day,economics,83,0x45e1535c178dcafb136aec8b7058f2129b695934,173.1364981127913,6075.373474999999,dex53
2026-07-28 05:50:08,day,economics,84,0x760907c8840491c8c86fddb843d3f1d801786c4e,173.00109201200007,0.0,0x760907C8840491c8C86fdDB843D3f1d801786C4e-1771959662080
2026-07-28 05:50:08,day,economics,85,0xa8b7f8b34185e9cc62c471e1d353595148a3ee3c,170.97470141349868,0.0,anciano
2026-07-28 05:50:08,day,economics,86,0x9ffe14d8b1e05c23430c8592cd8ec30f70658edd,170.78693128169834,25574.250505,tfg50
2026-07-28 05:50:08,day,economics,87,0xfaf98181c44636998a194aa7660bcae1b977f4c4,169.99990045650156,0.0,onekey02
2026-07-28 05:50:08,day,economics,88,0x215adbb63b47d0ca92f849fe2c2dc1adb0f6254c,166.29122110100343,0.0,BikesAreTheBikes
2026-07-28 05:50:08,day,economics,89,0x74cf52529928add9cbae303f8a220f9164d23e24,159.9990005799973,0.0,0x74cf52529928ADD9CbaE303f8A220f9164d23E24-1783680902432
2026-07-28 05:50:08,day,economics,90,0x160df84695ed42f620a1b2fa4cb69a5f69986f25,159.5362187327687,100.0,Albedo00
2026-07-28 05:50:08,day,economics,91,0x0c21661b7b1f474914d3e77df65700b341aa2a53,155.09913455700007,0.0,0x0c21661b7b1F474914d3E77DF65700B341aA2A53-1726558601666
2026-07-28 05:50:08,day,economics,92,0x2e0b70d482e6b389e81dea528be57d825dd48070,153.59682201998658,0.0,Trump2028
2026-07-28 05:50:08,day,economics,93,0x79c57d19c53ba0efd881b2fd1f45cf4ee30ba78e,153.42012235500079,0.0,chinesedushen
2026-07-28 05:50:08,day,economics,94,0xaf2383b66194112d57ac196b00ab25f78c17aa95,152.28971215099864,0.0,apple-pi
2026-07-28 05:50:08,day,economics,95,0x8fc04319073e4b4ed9945afbd3f35fe41ecdd2ce,149.99999999999636,0.0,jayzee77337
2026-07-28 05:50:08,day,economics,96,0x758b87dd3b6491bb122634be5d465d180a120a1c,145.72836872299956,0.0,dropmeplease
2026-07-28 05:50:08,day,economics,97,0x95da21d16f5fb1a3ec27a7ad359b0a678811b238,137.499978529,0.0,wzp1985
2026-07-28 05:50:08,day,economics,98,0x40a75b220015685d7c9f67f3f25836fe359091c9,136.38915940200016,0.0,rosyprosperity
2026-07-28 05:50:08,day,economics,99,0x58b3380f71bd6c706dd398a5e60bde55fa3a653c,134.61478912908478,66197.921554,timetowander
2026-07-28 05:50:08,day,economics,100,0x24816c037cdc2c9bd979e69d777541cf560a9b79,133.64621085200088,0.0,0x24816C037CDc2c9BD979e69d777541cF560A9b79-1765846983430
2026-07-28 05:50:08,day,tech,1,0xc7d02944a76b9f83b199e9090ecc92c82d241f8a,1770.7484687203714,1090.24,0xc7D02944A76B9F83B199e9090ECC92C82d241F8a-1776944395495
2026-07-28 05:50:08,day,tech,2,0x28bf066c6cb952da62d6d182c16ad173ada64a4e,1139.760150064003,1947.25,plainfolder
2026-07-28 05:50:08,day,tech,3,0x5a218c7ad04135830a45c41aaed7294df7809318,1046.1666257511533,149.996407,balthazar
2026-07-28 05:50:08,day,tech,4,0xd23f8c8aab13cfb2a35da40b67f8471faf9894a1,545.5547399345014,583.26,Corlys
2026-07-28 05:50:08,day,tech,5,0x03805a13a0b3e058f55f6c6af95389d4f431073d,523.4219956247398,573.115531,donthackme
2026-07-28 05:50:08,day,tech,6,0xb0c85813a7a4428f1139ff91d3118a92c391fe7f,500.9792360201209,876.669182,FingerLickinGood
2026-07-28 05:50:08,day,tech,7,0x942e79166821f3f4e67872e44f1672fcccd2be27,286.5633289159987,400.0,smallreceipt
2026-07-28 05:50:08,day,tech,8,0xf920812a747ec629158d06cae571167fa2149dff,249.46899999999914,0.0,Fderer
2026-07-28 05:50:08,day,tech,9,0xfbd8c9c22ca76b3662d0e53a4f79719fdc684027,202.6810580000074,434.0,0xfBd8C9C22cA76B3662d0e53A4f79719FDC684027-1779347618060
2026-07-28 05:50:08,day,tech,10,0xd59bc663f0825384724f4e858115769e6b9697c2,161.40809999999965,0.0,alabab
2026-07-28 05:50:08,day,tech,11,0x477a7d28ed844984088129207c0afcb2459e2d8e,157.05091952600196,0.0,Bot9735
2026-07-28 05:50:08,day,tech,12,0xbeb9d19f10274da29f21625a2c91fa5a00fd3870,121.64015021700015,0.0,AnonymousElephant69
2026-07-28 05:50:08,day,tech,13,0x5999ebfa145490e0280dd246856a5b3605f7ae94,108.18530457624001,202.061854,kl1v
2026-07-28 05:50:08,day,tech,14,0x876bb030ddd424ef505ae02914024cf18c6a1703,101.0778926844996,387.90000000000003,rewardbots
2026-07-28 05:50:08,day,tech,15,0xad5353afe30c2da57709e2704ef3ccdcf67eef24,94.82330062113897,184.657196,AJSV
2026-07-28 05:50:08,day,tech,16,0xefddc1d3285d0fe1b9f2aa06e04901f527a08370,92.70316667500015,0.0,vino1234
2026-07-28 05:50:08,day,tech,17,0x96489abcb9f583d6835c8ef95ffc923d05a86825,92.03724974490615,907.3622180000001,anoin123
2026-07-28 05:50:08,day,tech,18,0x81ca49ad9806de2d92782b873bfa7fe051943b87,73.70476997550031,0.0,da4c07
2026-07-28 05:50:08,day,tech,19,0x7dcf235766e6b09c8869468a75d5495cf171a7bd,71.22797090550011,110.0,godblessme2026
2026-07-28 05:50:08,day,tech,20,0xa047582335186507d864064411f66492eb454ffa,70.05771254534498,159.977037,tuterw
2026-07-28 05:50:08,day,tech,21,0x662d2de7b6eb00f8361fd6b1bda6c691840015d7,67.26285279649994,411.83,0xf49E055B56D2797319CaB6Bc71D5D17E3fd806D9-1768986344586
2026-07-28 05:50:08,day,tech,22,0x9ef86d541b70dd61582f3ba7fe0d9dc5c9741423,66.26247348600009,0.0,Luckyculo
2026-07-28 05:50:08,day,tech,23,0x7b75e76b13a8d792bd4ce25d76a50be61ced3fd1,66.11974000000555,0.0,Xeny
2026-07-28 05:50:08,day,tech,24,0x3eae57986be5e0ca435102ffe1f14206ffa2e2ed,65.69981071799884,0.0,thoodr
2026-07-28 05:50:08,day,tech,25,0xfd557e6db670c9704bc1d0d8e8b585c7d9c9f905,65.24531965802953,507.0,northdrawer
2026-07-28 05:50:08,day,tech,26,0x736539924a5602b37a03a54fc12c1cc8f98964da,58.81078982049439,151.59,cqk
2026-07-28 05:50:08,day,tech,27,0x43cb4ae1f4ddc9e671486c79c9f40a6fd98b84df,53.38404422544727,2.29,0x43cb4Ae1f4dDC9E671486C79c9F40A6fd98B84Df-1761656284271
2026-07-28 05:50:08,day,tech,28,0xc5187cb669690150643ba2f9aac6b7d98d212594,51.97123397563337,25.947451,mustbethewater
2026-07-28 05:50:08,day,tech,29,0xee6712ea09d6a9c86793bb6dde10ea59040e67a6,42.472314618923065,3374.9014270000002,
2026-07-28 05:50:08,day,tech,30,0xbbd8880dd308ce524ebf8ecd50338de1029e07fe,42.458939999999984,0.0,
2026-07-28 05:50:08,day,tech,31,0xc74a96b8a834677cc2ab2dd579e525134d11f01b,41.92042744349965,0.0,Popopolly
2026-07-28 05:50:08,day,tech,32,0x4e4203102fd7bde55ce1bcf9f1ef222e251949ed,33.65595795099762,0.0,shingoWAKAYAMA
2026-07-28 05:50:08,day,tech,33,0xbadaf319415c17f28824a43ae0cd912b9d84d874,33.58474691200013,0.0,
2026-07-28 05:50:08,day,tech,34,0x2110ba2a1e18840109482ff4ddc547baeff45850,32.48993566000354,0.0,George.Smiley
2026-07-28 05:50:08,day,tech,35,0x5ce3c43f2b2be1b51ec5f4920acbf7340733f779,31.203599999999824,0.0,WineDarkC
2026-07-28 05:50:08,day,tech,36,0x90c156ab99cd5bf2e55e9eb6a36706bda565f6be,29.660519322000027,0.0,PMPD
2026-07-28 05:50:08,day,tech,37,0xb12443e1d07ebab99c083eae7a83d39e8df36cda,28.898998861999985,0.0,fghjvvn
2026-07-28 05:50:08,day,tech,38,0xf186449663da29a6eb7e2a14a62d2c5fc2ac09b0,27.630749577248004,985.392388,Computerdude111
2026-07-28 05:50:08,day,tech,39,0x3b7453a136ced6097553907743a403b86b846407,27.299259552999956,0.0,Brokedegend
2026-07-28 05:50:08,day,tech,40,0x764b305694b026c1acce7bf862c3b5456a146bad,26.644883784249032,352.91263299999997,quietparcel
2026-07-28 05:50:08,day,tech,41,0x74957ea27ac4fbdee46d861fdae357859ff67fcf,26.149227514777067,1014.4,LornaPredicts
2026-07-28 05:50:08,day,tech,42,0xba38f6073ca6434b91e9969d66d2a17d6075f74d,25.99910020500002,0.0,ImAdUmDuM
2026-07-28 05:50:08,day,tech,43,0xe9076a87c5ed90ef16e6fe6529c943baeca0cff6,25.60153208462316,48.651528000000006,suntori
2026-07-28 05:50:08,day,tech,44,0xbda53af9c6590c2a96634749844c8b471ad8ee3a,23.14699999999948,0.0,rttbrtbtbtbbt
2026-07-28 05:50:08,day,tech,45,0xbbeefcd946ce22f62f58ae911514ec3ca580fe47,22.37529325,0.0,SoccerIsCool
2026-07-28 05:50:08,day,tech,46,0xa1dfb14bc7ddcf6342fe6fb107ecfb7ad02d1d2f,21.450310148000028,0.0,ThomasStreet
2026-07-28 05:50:08,day,tech,47,0xcdf82242c9984bd8d274085ab54165633c54b8ea,21.43890650000003,2166.2,momo513
2026-07-28 05:50:08,day,tech,48,0xa282ea3d9d923025697c0789baf7785ff6388700,21.365378005000025,0.0,FDSft
2026-07-28 05:50:08,day,tech,49,0x765c3441b5161683541bbbf7c0bc7d71b3d9dbb6,20.922670996000022,0.0,nc3iceibvtvetvbt
2026-07-28 05:50:08,day,tech,50,0x4482d9f9daa590f8ffe3ccca6e90276a0ff15e9b,20.891250000000014,0.0,selina12
2026-07-28 05:50:08,day,tech,51,0x4ffe49ba2a4cae123536a8af4fda48faeb609f71,20.3030222899813,438.0,planktonXD
2026-07-28 05:50:08,day,tech,52,0x00497937c03436c8b1c033123d282688c7976034,20.234855553999978,0.0,zk1984
2026-07-28 05:50:08,day,tech,53,0x86d5a471554dc00f21c28991608f96c69bdbd80a,19.37265730200005,0.0,bigli
2026-07-28 05:50:08,day,tech,54,0x32d6379feb93d541a1ee97e5250a20c5031fa8f5,18.148140000000012,0.0,Winbigtogether
2026-07-28 05:50:08,day,tech,55,0x04fc47f282f7ebbaafa849e787f81b43a6720e31,17.677589995499147,0.0,jbr
2026-07-28 05:50:08,day,tech,56,0x241ff966f22080fbee3928e194763e575847e15a,17.596117558999367,0.0,0x241F...e15a
2026-07-28 05:50:08,day,tech,57,0xb52245e13bb87b4f2db64c13a9f761222e323ebb,17.307078997499048,0.0,0xB52245e13Bb87b4f2db64c13A9F761222E323eBb-1772155836970
2026-07-28 05:50:08,day,tech,58,0x2f9b8638f03af7d6053c512cc054ac733489a68c,17.136647244000073,0.0,fgfkjytyjt
2026-07-28 05:50:08,day,tech,59,0x1b77e2abb6e5f70da5f51a4985b366af5833f234,17.0,0.0,wenzhubielang
2026-07-28 05:50:08,day,tech,60,0xb619ed5b378053f8309c307d2f7adf9c13665068,16.66649999999936,0.0,tnl
2026-07-28 05:50:08,day,tech,61,0xa22ba9ab6cbb26d260e1803dc02f8b717c5c0673,16.64765236800008,0.0,0xA22bA9ab6cBB26D260e1803Dc02F8b717C5c0673-1781016956760
2026-07-28 05:50:08,day,tech,62,0xf7bbfd4588f578697c0051e855d5d1a8838ba9f7,16.5,0.0,PiMaak
2026-07-28 05:50:08,day,tech,63,0x9f52dcbbf28877d89f909b0b7b4393eb9b4b6f28,15.603975000000219,0.0,Maidez
2026-07-28 05:50:08,day,tech,64,0x0a3c73f8e790f2b1ab695a1bff17697ecf5c0511,14.499685500000027,0.0,
2026-07-28 05:50:08,day,tech,65,0x4b72b21f7e9999d568d9b93f0be110257d9938d5,13.505165980000129,0.0,fountaim
2026-07-28 05:50:08,day,tech,66,0xaad6fa3d82b037e174cd2cdb054082044ab0d42a,13.387905638999996,0.0,0x29Af454355ED87bF3E764Ba58Ea3Be224012360F-1770021472028
2026-07-28 05:50:08,day,tech,67,0xd905e9d1f8e8848b9aa1d5383a6efb573c6dad7c,13.19431820400132,0.0,Da-Joker
2026-07-28 05:50:08,day,tech,68,0xa7d2ec6680f4e5f6ab0da244d8006eec3e20f954,13.06952591100071,0.0,KiruaTrading
2026-07-28 05:50:08,day,tech,69,0xbd81954a4ebce3a843feb3fc6ebf439cf1c6006d,13.001460000000066,0.0,2Sherlock
2026-07-28 05:50:08,day,tech,70,0x5004213415863da95aa87c364cfa90eeb7f29999,12.80182125750025,0.0,
2026-07-28 05:50:08,day,tech,71,0x4062e7a68f71aa50b5e9701c4c109112f1a76952,12.399269999998978,0.0,wsbwxf
2026-07-28 05:50:08,day,tech,72,0x7afb239dabdd549d09ccd3e6cc910958894b61ea,12.37700000000001,0.0,buyaoshangtou1
2026-07-28 05:50:08,day,tech,73,0xd3951ade57030ab76c908090562ad75b23f11c3a,12.32676768600001,0.0,Scaven9er
2026-07-28 05:50:08,day,tech,74,0xec9e4f5f627812cb4bcca217151661b7e2c20bed,11.920530000000042,0.0,tomtoke
2026-07-28 05:50:08,day,tech,75,0x5e84743ad0515699b7adf2588de4c3032d538e88,11.899857706000034,0.0,Cbb.
2026-07-28 05:50:08,day,tech,76,0xe38ee6bef3ea40daac3e3adc2fca23ba456850c8,11.796281994999617,0.0,CryptoBizzi2
2026-07-28 05:50:08,day,tech,77,0x4b8ae011176b76888949476d7fb7a56985faf4a4,11.650322319999951,40.0,chessplayer
2026-07-28 05:50:08,day,tech,78,0x0dde1b35552efae5aa3759aedb6fa7b2d6f594c3,11.582888040000398,0.0,DFK
2026-07-28 05:50:08,day,tech,79,0x49e94011df9060dcc367995892faeb193e348f85,11.526329999999689,0.0,MoonLambo1205
2026-07-28 05:50:08,day,tech,80,0xce160a70a209d267c86b0f949daadd0130459543,11.309939986499565,0.0,soyo15
2026-07-28 05:50:08,day,tech,81,0xb2ca88cd9c431a0f1223029088beb0cf4f035fb0,11.196713232500088,0.0,IceFrosst
2026-07-28 05:50:08,day,tech,82,0x4be8b5302ff5ed4c6d2dd84723f2000fd1e53daf,10.960478379000023,0.0,chainpit
2026-07-28 05:50:08,day,tech,83,0x4266d3aeedfb1a99f8a79406d97e2b230c725305,10.55120500049918,0.0,hulinali
2026-07-28 05:50:08,day,tech,84,0xa3e22cd32aa9238ef7dbcfb4761e33b9eaa1fdf8,10.435467435001556,0.0,pootytherewardfarmer
2026-07-28 05:50:08,day,tech,85,0xd0de227553db9a748cb6265820df346452672ef6,10.195299166500035,0.0,ab54545ba
2026-07-28 05:50:08,day,tech,86,0xb120679099d26b0af04811c26c6077c587f9f2ff,10.174749999999989,0.0,frizzizzi
2026-07-28 05:50:08,day,tech,87,0x215adbb63b47d0ca92f849fe2c2dc1adb0f6254c,10.05188999999882,0.0,BikesAreTheBikes
2026-07-28 05:50:08,day,tech,88,0xa5d833a23bc19b7d38adcbee7c117a8f421eff3a,10.004892365500098,0.0,0xA5d833A23bC19B7D38ADcBEE7c117A8F421EFF3A-1779306353525
2026-07-28 05:50:08,day,tech,89,0x50b0de750ec7f757250d483ebb86e1e9e61e1640,9.97052283300036,0.0,mathrex
2026-07-28 05:50:08,day,tech,90,0x56e3d9a06d455e0eac8a60a639451ad3252281cc,9.9191550000005,0.0,bartholomew31
2026-07-28 05:50:08,day,tech,91,0x289663ec90f559691cdf6d31a528e1e34c152e00,9.833093523000002,0.0,69anon69
2026-07-28 05:50:08,day,tech,92,0xb357437166e9dc62a8c5aef1f5a8fb78bbeca4ae,9.757715899999994,0.0,MercyandGrace
2026-07-28 05:50:08,day,tech,93,0x4ea39e5cf80358d828090cf514eaf515e16236d2,9.59441788800001,0.0,ZorroEP
2026-07-28 05:50:08,day,tech,94,0xea0d70b12e2fdbb32353c9675fa9a81ff3515866,8.999893322999995,0.0,0xEA0D70b12e2fDBB32353C9675fA9A81FF3515866-1773703901674
2026-07-28 05:50:08,day,tech,95,0x1aa0a214410e3961859dfa3eb4ddb4d34f9de6c3,8.900470530000007,0.0,devpixelshot
2026-07-28 05:50:08,day,tech,96,0x090af6fd2aeb04202abc97370aa86c1b81d90fa6,8.534776486483679,59.84,VictorLudorum
2026-07-28 05:50:08,day,tech,97,0xd7e71ee9dce802caff3756cb4fbf959fc6044069,8.414445744000005,0.0,aka8274123
2026-07-28 05:50:08,day,tech,98,0xa58d4f278d7953cd38eeb929f7e242bfc7c0b9b8,8.397886318820156,929.48818,AiBird
2026-07-28 05:50:08,day,tech,99,0xb51b3beffd13cde071ed799e70a7b0b598e8b4d9,8.249999999996362,0.0,cambridgeisaac
2026-07-28 05:50:08,day,tech,100,0xda9126becc96be3598ddd05c4fc06f4093759ffd,8.158219999999972,0.0,98Ddd05Cde45d05C4fC06f4093759FFDDFSFFSDDVF
