timestamp,timeframe,category,rank,address,pnl,volume,userName
2026-08-18 03:47:34,day,overall,1,0x2c335066fe58fe9237c3d3dc7b275c2a034a0563,215784.79462640212,429729.5047269999,0x2c335066FE58fe9237c3d3Dc7b275C2a034a0563-1759935795465
2026-08-18 03:47:34,day,overall,2,0x4ab9b54427ec4b7f3646b1a0ef1bed73bc708ebe,102266.86937,0.0,RWCS
2026-08-18 03:47:34,day,overall,3,0x6c3aae17140c5e3cde62380daaa323e38575c459,100287.227136,0.0,AvrahamEisenberg - 10161
2026-08-18 03:47:34,day,overall,4,0x224a89dbe0db0d6124b335edabd15b3f877da3d5,98500.99569903407,219495.44764600004,wr0ngw4yb3tt0r
2026-08-18 03:47:34,day,overall,5,0xa8cf2ed8751f4e58ad039e1b68a8b58b4395031f,85547.41699299996,0.0,
2026-08-18 03:47:34,day,overall,6,0x5268527977f700f9bf9b6d5cd843859e4e70135d,82089.3085567879,842894.9928760002,HomeRunHazard
2026-08-18 03:47:34,day,overall,7,0xfe787d2da716d60e8acff57fb87eb13cd4d10319,68739.98445615155,1157305.46367,ferrariChampions2026
2026-08-18 03:47:34,day,overall,8,0x16bb9951a36fce71e2ef57890b786145e0ba8492,50820.787100000074,0.0,SDTrading
2026-08-18 03:47:34,day,overall,9,0xdc41c39b95453c943174f369926018f6963bdd7e,45675.18573510391,140345.147442,quavoo
2026-08-18 03:47:34,day,overall,10,0x5e9458202b5817a72cf81105ec8a30e6f3705ba1,42315.8859606504,0.0,pleaseplease123
2026-08-18 03:47:34,day,overall,11,0xe76f0a36d05d215a69f1f84466c8922702a1d40c,36016.92097626501,0.0,Kulilun
2026-08-18 03:47:34,day,overall,12,0x0346afae2603313d2bbee96b628536c8cbe352a5,35309.37856993172,195379.27037099993,GoalLineGhost
2026-08-18 03:47:34,day,overall,13,0x0d18e30e252008d83f51dae00d36873ddd9e24a6,29726.538636999714,0.0,MonsieurDimanche
2026-08-18 03:47:34,day,overall,14,0x0f35109cc3ceaf729609c3109310791bd616c84a,27254.641564000005,0.0,
2026-08-18 03:47:34,day,overall,15,0x684baa57c338c2549aec0aa3f034f695d72a8409,25110.470504063414,13049.919151999999,monkeymashingkeyboard
2026-08-18 03:47:34,day,overall,16,0xc8075693f48668a264b9fa313b47f52712fcc12b,25030.15283239422,5055.437362999999,texaskid
2026-08-18 03:47:34,day,overall,17,0xe954ddb021c19495f1c556f59dadbd1494821ef1,23995.548154187127,15925.506664999999,kingflop
2026-08-18 03:47:34,day,overall,18,0x782186952ef2ca75ea91c95aef25bbdcffb4bb1a,23607.800415098816,0.0,thif - 33063
2026-08-18 03:47:34,day,overall,19,0xabb89972b21b304c1bed2bf26f35c8741ac9bba3,23334.441850000156,20999.394390999998,Feromont
2026-08-18 03:47:34,day,overall,20,0xa71093cafc0c099b4ccab24c3cb8018d817923c4,20207.534913365496,6755.036036,Talvez10
2026-08-18 03:47:34,day,overall,21,0x682005011dd19c1e986cb060ed6ab83845f21c19,18900.000000000004,0.0,winwin518168
2026-08-18 03:47:34,day,overall,22,0x95b198f900d19a80d3d7e47b7b17708af254f9ac,18124.591877,0.0,thepicklebomber - 3805
2026-08-18 03:47:34,day,overall,23,0xf5592765133941c40c77e52bc56bbe7ec167f462,17664.08161567543,0.0,0xf5592765133941c40C77e52Bc56bbe7EC167F462-1755612447740
2026-08-18 03:47:34,day,overall,24,0xdb83e85ffd22faa4009273034770f96ffc5b1e50,17615.475556191857,31916.980791,sentrio
2026-08-18 03:47:34,day,overall,25,0x689f7d0a49d2646dc199848ffbdb4757242e259c,16682.17550603779,0.0,ROI-Value
2026-08-18 03:47:34,day,overall,26,0xccd81fbd3395dc43a0531f8484b21c2462daf4de,16513.982347296027,75041.07691999999,0F62
2026-08-18 03:47:34,day,overall,27,0xf6683d202f76fc9b79e5be716ce8519dab5b5c69,16142.35891000001,0.0,0xf6683D202f76FC9B79E5BE716CE8519DAb5b5c69-1765800503123
2026-08-18 03:47:34,day,overall,28,0x2005d16a84ceefa912d4e380cd32e7ff827875ea,15737.260706131929,640990.54269,RN1
2026-08-18 03:47:34,day,overall,29,0x927cf2bb94d15707993f954552e56c74eb6d6633,15386.724861969982,78549.093876,jarosbill
2026-08-18 03:47:34,day,overall,30,0x7fb23b0d330ea4ac4f3cecce1eb81fb0bfb3ed4b,14768.168524999995,0.0,
2026-08-18 03:47:34,day,overall,31,0x4f70929ba287ac85dc2431c85382ccd9e6b0d185,14234.245540373951,0.0,Lance Uppercut
2026-08-18 03:47:34,day,overall,32,0x1ab3580b6d258e31ca0a3efdb93173d081dd64af,13738.0376062,0.0,Satisfied
2026-08-18 03:47:34,day,overall,33,0x4f29e103339919c4baaea2a60195cf1c8bb27a7e,11531.338105145027,561550.777275,0x4f2
2026-08-18 03:47:34,day,overall,34,0xf5fe759cece500f58a431ef8dacea321f6e3e23d,11073.141043050011,41034.57,Stavenson
2026-08-18 03:47:34,day,overall,35,0xfbe66593e49c4e7a7180a2582f041158bfb800f8,10529.516843609978,0.0,gaven-willwin
2026-08-18 03:47:34,day,overall,36,0x322f041810cee536293dcb4c99fc23b3a766940a,10043.226767999999,0.0,Sports
2026-08-18 03:47:34,day,overall,37,0x511f9c771449162349795d17becf8b37031acbe1,9711.644231784752,180015.73083600003,Bigggggggg
2026-08-18 03:47:34,day,overall,38,0x3f3aa7005f8006bfcc367d43a25cde25509fe8fd,9609.918588692555,0.0,us391
2026-08-18 03:47:34,day,overall,39,0xe0eeb30d92eb2a995fc82b4e58def02c53e6fa3f,9426.288296831113,0.0,predictor - 3335
2026-08-18 03:47:34,day,overall,40,0x41b4cd880a61de2f5728594decf7f2cbfc2a10da,9425.026888900013,0.0,zagzig123
2026-08-18 03:47:34,day,overall,41,0x792f8e8bae0323abf8927c6820863fbe8a98328a,9189.560723430033,85683.45,owenliang666
2026-08-18 03:47:34,day,overall,42,0x032eb1bc893940263ad0b01889f262fc232f2a9e,8927.43489456637,28303.060000000005,purplegatto
2026-08-18 03:47:34,day,overall,43,0x86e99faea12fccd8925de5d9f052471baf7a4cdf,8914.569975498107,67672.092126,JUSTINHERBERTMVP
2026-08-18 03:47:34,day,overall,44,0xf1528f12e645462c344799b62b1b421a6a4c64aa,8874.093421108031,7324.038947999999,phonesculptor
2026-08-18 03:47:34,day,overall,45,0xfefaf44054fb92d87882f2bd24bddbd163487bed,8476.656116999999,0.0,vivaFujimori - 33031
2026-08-18 03:47:34,day,overall,46,0xe40aaa5ce1dac0b7dc24c9d0284f27e17c3fe4a2,8452.276739865803,67575.46711400003,Mysaria
2026-08-18 03:47:34,day,overall,47,0xae95a2fd8df6b5e621d583157d47412a6b066579,8274.744259,0.0,draintheswamp!
2026-08-18 03:47:34,day,overall,48,0x09fb8ab5f70b2140511c366451e0f02c3c10d01c,7974.457056,0.0,mkiaz - 1025
2026-08-18 03:47:34,day,overall,49,0xf1ef8705e9f63c790c6fffd6329aea7011718cd6,7971.579058707029,7774.784115,Outsid3rTrading
2026-08-18 03:47:34,day,overall,50,0x1f682adb9a5cf101bcf53a7cd00bc2c594f7c9b3,7677.93231,0.0,0x3177d25a95524e6d98843c78cd604b67fb1b92b9
2026-08-18 03:47:34,day,overall,51,0x8002f0f179219531566886c539aaf83967a58b6c,7601.1430596105165,19662.253029,Vladooos
2026-08-18 03:47:34,day,overall,52,0x3a8aa345d5db7ec5138298c8c4f4540259be7699,7444.582998738012,37914.612191,TheReturnOfDarthMaul
2026-08-18 03:47:34,day,overall,53,0xc8ab97a9089a9ff7e6ef0688e6e591a066946418,7431.754688557251,31836.50685299999,ArmageddonRewardsBilly
2026-08-18 03:47:34,day,overall,54,0x7668efbca0df8195ba199d3e19cb768e8b3779ec,7415.563736999829,0.0,
2026-08-18 03:47:34,day,overall,55,0x88d17ad6bf91ca0935f6e70b37ebe3db92b618da,7337.599112591655,13541.666665,kahe
2026-08-18 03:47:34,day,overall,56,0xaa7789219c17e180dcb5933099c90d885f1d15a5,6807.056736017628,64801.498008999995,alaskabaked
2026-08-18 03:47:34,day,overall,57,0x7414f47e227846765c8abb1048606003a57072a3,6737.0721309999935,33182.571288,hamlo
2026-08-18 03:47:34,day,overall,58,0x934a375567da25fb5b8989b870d62087fd4ca684,6732.904877966517,0.0,Richidd
2026-08-18 03:47:34,day,overall,59,0xe3d4dee2427b98042822543f8e1e8ab7bafb2bac,6653.303063750003,11612.0,swy01
2026-08-18 03:47:34,day,overall,60,0x45e40dbee6f546c7b318498f8c9778560f5a7e20,6643.611305979968,5041.167887999999,fastball67
2026-08-18 03:47:34,day,overall,61,0x0393b7a4c1e4a72564bf8287c7d1471ac9a61130,6550.193144999999,0.0,
2026-08-18 03:47:34,day,overall,62,0x7430669ff298f8dc78e3339448d4994e812d111f,6530.533578999999,0.0,zwe2edS1ms
2026-08-18 03:47:34,day,overall,63,0xa4b366ad22fc0d06f1e934ff468e8922431a87b8,6461.908238491419,3742.9327540000004,HolyMoses7
2026-08-18 03:47:34,day,overall,64,0x6a0385ed55ebd20067a1a59e908267310f5592d3,6260.61041171651,6895.79,jerall
2026-08-18 03:47:34,day,overall,65,0x6f3e7f25baa7d2d49e15e2d2957ff3dec62cbcf8,6253.579121750954,92782.83464100001,fRibrenlc
2026-08-18 03:47:34,day,overall,66,0xbca08c1bc204a34f2fddbe47b438b9bd42ac9705,6162.499641191913,142555.57827400003,1winstreak1
2026-08-18 03:47:34,day,overall,67,0x8fba2c29715c41dd87e781c23373aa1e0549d08a,6149.053922638865,189.544115,abura2025
2026-08-18 03:47:34,day,overall,68,0xb254cd171eb8d5b4b60703f99fd13474504bb70a,6116.458664,0.0,maga - 97
2026-08-18 03:47:34,day,overall,69,0x0af5f7ff9e6b4957e26d064b3218c38c59c87e3f,5982.980714,0.0,brian - 23314
2026-08-18 03:47:34,day,overall,70,0x772f8865fb93e6d0eb1d41dda3711589114a8145,5659.51332266684,67679.409871,0x772f8865fB93e6D0EB1D41DDa3711589114A8145-1781445006719
2026-08-18 03:47:34,day,overall,71,0xc487a65e48552b964a46df520eed1029aec8b127,5607.1123000000025,0.0,KyeZX
2026-08-18 03:47:34,day,overall,72,0x59018ff1f4300838f635386ab5e0b8b353ce63a2,5528.759113452012,71607.565923,kamloic
2026-08-18 03:47:34,day,overall,73,0x6d57da09ef86a327524853b36fbd2e39cf0cbfc5,5505.0122704284995,27246.351749,SitsToPee
2026-08-18 03:47:34,day,overall,74,0x664a25f165a0150ce687410470f3352f5783fc5f,5482.32773669197,26103.805212000003,itsonlyamatteroftime
2026-08-18 03:47:34,day,overall,75,0xff80bb23621f03fc6300808730316c78abe09b4d,5389.059587714397,20012.368879,Zenhack
2026-08-18 03:47:34,day,overall,76,0x057000dd171fc8acfc16464feb91a1b31b2e465e,5207.828737793239,5709.228137,dannyvermeulen
2026-08-18 03:47:34,day,overall,77,0x4f1d5ae26fc31472966e951af3183308736d8de2,5183.52763240838,14959.168868999996,e46m3
2026-08-18 03:47:34,day,overall,78,0xfcbe281f11f195423fdf458582e1215790b7aa8b,5171.851393012841,0.0,igot
2026-08-18 03:47:34,day,overall,79,0xf5198df69e13937a40d1c76d6f72d9aa067d906b,5069.5321010483685,738.109406,sbimbg
2026-08-18 03:47:34,day,overall,80,0x9950ee8a9cf72226eb1f6f02b086c17198074f87,5064.889840753716,0.0,inanity - 38305
2026-08-18 03:47:34,day,overall,81,0xb7271c112cbd83eb4c1ef1b554ff963604ae2a9d,5022.902534604993,0.0,Elaran1993
2026-08-18 03:47:34,day,overall,82,0x88186ddbea78ab3d65b7d08f0658b9c22037f265,4999.839805000048,0.0,
2026-08-18 03:47:34,day,overall,83,0x8b94313718bbc3a0ff94750e184cc76678458cda,4774.808999999999,7092.24,Gspxz
2026-08-18 03:47:34,day,overall,84,0x9f2fe025f84839ca81dd8e0338892605702d2ca8,4754.4497509361245,0.0,surfandturf
2026-08-18 03:47:34,day,overall,85,0xef1d0c6244e7a8c9640b08758a8425b5d2a5bdcb,4744.460834,0.0,
2026-08-18 03:47:34,day,overall,86,0xeba0dcefbb0f450dc22a51e0632639a0c0b24586,4676.062874041408,6396.999555,attempt-most
2026-08-18 03:47:34,day,overall,87,0xae825b67fac24b92f328f25b5d2530567605faf0,4585.0,0.0,0xAE825B67FAc24B92f328f25b5d2530567605FAF0-1757008313024
2026-08-18 03:47:34,day,overall,88,0xf377b9fb12a4b7507a4f997461a73eb30b564159,4417.902107231115,84467.6075,danielwolfmorales3pddb6dl6
2026-08-18 03:47:34,day,overall,89,0x64310c79be3502dd17e88d9ca7df781700a66f1f,4403.783522999997,0.0,Sergeantx - 410
2026-08-18 03:47:34,day,overall,90,0xa0e72d5575095199ae08ce0dce447f21b7249461,4372.972654017562,65080.839486999976,uninformedfloww
2026-08-18 03:47:34,day,overall,91,0xa3282d3e882501229c75d0caf134e62e3afb4977,4268.898152608961,7805.107969,korda77
2026-08-18 03:47:34,day,overall,92,0x71971342cb4c2555f60366ac62abdcdd1a1d14c8,4141.383752196052,38472.515216,RawrRawr
2026-08-18 03:47:34,day,overall,93,0x99e42eb9038705165b22f821e27659c1dc41e4c4,4077.488688779922,16031.160832,acorp
2026-08-18 03:47:34,day,overall,94,0x53ecc53e7a69aad0e6dda60264cc2e363092df91,4031.549882991636,0.0,0x53eCc53E7
2026-08-18 03:47:34,day,overall,95,0x730ae359e9441f836022f7ec14b941fdc942a0fe,3882.4374039999993,0.0,rippopsmoke - 56
2026-08-18 03:47:34,day,overall,96,0xf43842aca68209bd8bd3b4cfae00a32053769559,3879.1361546149365,0.0,PendulumExchange
2026-08-18 03:47:34,day,overall,97,0x2de2237e3ac4784425575ea5a09d3652d0b811a9,3702.0708903658515,1176.470587,bei88688
2026-08-18 03:47:34,day,overall,98,0xb915070c8007b1bdf4b1ef04e56b066a022e8da5,3648.814438360001,12503.26,Kingdmandan
2026-08-18 03:47:34,day,overall,99,0xe3479950ef6e8984df109ec5c9be40630f9fb438,3534.748320417242,1932.479762,Anon321321
2026-08-18 03:47:34,day,overall,100,0x4b4071d1456249cd8d7272d533a3efe191aa2f6a,3495.829777393501,0.0,SebastianAde1996
2026-08-18 03:47:34,day,politics,1,0x511f9c771449162349795d17becf8b37031acbe1,7929.920828846982,143656.634347,Bigggggggg
2026-08-18 03:47:34,day,politics,2,0xa4b366ad22fc0d06f1e934ff468e8922431a87b8,6535.3863662009535,3742.9327540000004,HolyMoses7
2026-08-18 03:47:34,day,politics,3,0xe40aaa5ce1dac0b7dc24c9d0284f27e17c3fe4a2,6460.328085111483,51308.54451900001,Mysaria
2026-08-18 03:47:34,day,politics,4,0x6d57da09ef86a327524853b36fbd2e39cf0cbfc5,5505.2935240052175,27207.404382,SitsToPee
2026-08-18 03:47:34,day,politics,5,0x4f1d5ae26fc31472966e951af3183308736d8de2,4978.190717835561,14604.919584999996,e46m3
2026-08-18 03:47:34,day,politics,6,0xe3479950ef6e8984df109ec5c9be40630f9fb438,3523.843283096445,1664.556913,Anon321321
2026-08-18 03:47:34,day,politics,7,0xfd557e6db670c9704bc1d0d8e8b585c7d9c9f905,3369.081548385824,11272.992487,northdrawer
2026-08-18 03:47:34,day,politics,8,0x83733b87090cf97aee473b1000beb9bfab7af0bc,2955.273734335875,5859.854249,merod
2026-08-18 03:47:34,day,politics,9,0x1d8c256b15d3cd1f5db221e70c77f552eb8d757a,2748.1454723983843,47205.072734,Hourglass
2026-08-18 03:47:34,day,politics,10,0x7d56d84778fc6caa66f517be0ebe1df5d9f54950,2535.9368467064924,0.0,AF2028
2026-08-18 03:47:34,day,politics,11,0xee1706b93845d50ea60e49219be7311a2ebb6ea1,2450.3660519895056,0.0,jwerhor
2026-08-18 03:47:34,day,politics,12,0xc5187cb669690150643ba2f9aac6b7d98d212594,2395.386716782363,16607.344888,mustbethewater
2026-08-18 03:47:34,day,politics,13,0xa3282d3e882501229c75d0caf134e62e3afb4977,2390.5478160002967,5425.317969,korda77
2026-08-18 03:47:34,day,politics,14,0x7744bfd749a70020d16a1fcbac1d064761c9999e,2361.609713339887,0.0,chungguskhan
2026-08-18 03:47:34,day,politics,15,0xbacd00c9080a82ded56f504ee8810af732b0ab35,2262.7471940023825,11864.976661,ScottyNooo
2026-08-18 03:47:34,day,politics,16,0x5a218c7ad04135830a45c41aaed7294df7809318,2234.9673434565775,18140.400329,balthazar
2026-08-18 03:47:34,day,politics,17,0x090af6fd2aeb04202abc97370aa86c1b81d90fa6,2140.0612801033567,44553.392743,VictorLudorum
2026-08-18 03:47:34,day,politics,18,0x03805a13a0b3e058f55f6c6af95389d4f431073d,2099.0796638184693,16884.17864,donthackme
2026-08-18 03:47:34,day,politics,19,0x28bf066c6cb952da62d6d182c16ad173ada64a4e,2046.8923661697045,4685.07,plainfolder
2026-08-18 03:47:34,day,politics,20,0x96489abcb9f583d6835c8ef95ffc923d05a86825,2030.996686520055,28770.107223000003,anoin123
2026-08-18 03:47:34,day,politics,21,0x8aa739ef6613b1e647fc992b06cf569f5b540d94,2012.8802701500026,0.0,Rafifa
2026-08-18 03:47:34,day,politics,22,0xb1ca909e848cc24ec4e220ce1c453bc290c51705,1887.8223442674207,4563.360000000001,abdkxrhxr
2026-08-18 03:47:34,day,politics,23,0x5d189e816b4149be00977c1a3c8840374aec4972,1531.6695984889957,0.0,gloriafoster
2026-08-18 03:47:34,day,politics,24,0xfb5148fc7223630e0967dbfa8cd920d83ab4742d,1486.0639097523308,31.25,StudentMoney
2026-08-18 03:47:34,day,politics,25,0x23d81ba9371e576015c1e562db09c689f56b0288,1419.5965519569,20697.458082,flawfence
2026-08-18 03:47:34,day,politics,26,0x7dcf235766e6b09c8869468a75d5495cf171a7bd,1353.515304698958,1275.53,godblessme2026
2026-08-18 03:47:34,day,politics,27,0xcfff4295288ee29f75a38a7028611b7c1e93673d,1316.8772081560237,3663.639343,graynotebook19
2026-08-18 03:47:34,day,politics,28,0xfbd8c9c22ca76b3662d0e53a4f79719fdc684027,1265.327859063982,942.0,0xfBd8C9C22cA76B3662d0e53A4f79719FDC684027-1779347618060
2026-08-18 03:47:34,day,politics,29,0xb4d250f58c26840e09723a83ce9c8149aa32ce99,1199.8675259280058,0.0,alpheclabs
2026-08-18 03:47:34,day,politics,30,0x558f2f82cf0394c28ce3c8e117ee747aeab51a56,1188.1525217976578,2548.134669,LesterDiamond
2026-08-18 03:47:34,day,politics,31,0xfe203e3bd8a4ce3e2689bd7281e41e5ae99667de,1185.4660872105014,0.0,Yoriichi77
2026-08-18 03:47:34,day,politics,32,0xc29ecedb1f9c40aade3afee50a7bd9ea433c3068,1172.5192765974862,0.0,
2026-08-18 03:47:34,day,politics,33,0x44c1dfe43260c94ed4f1d00de2e1f80fb113ebc1,1169.742896058131,1458.34,aenews2
2026-08-18 03:47:34,day,politics,34,0xc4c8983df5c71c6e7329e1a78ccbdde7ca10cabb,1159.661638723992,0.0,CARBEACH
2026-08-18 03:47:34,day,politics,35,0xc84f7e76ec28ef20e7773b7b4926bfb7378be0c5,1140.164112629369,0.0,BrightStars
2026-08-18 03:47:34,day,politics,36,0xb0c85813a7a4428f1139ff91d3118a92c391fe7f,1128.517043396976,24899.600989,starsirens2....--
2026-08-18 03:47:34,day,politics,37,0xde7be6d489bce070a959e0cb813128ae659b5f4b,1092.8936677167658,0.0,wan123
2026-08-18 03:47:34,day,politics,38,0x30fb41b5a08fff5d3dd983f6323e3343931a7db4,1068.0647645106383,2395.548549,tradetosurvive1
2026-08-18 03:47:34,day,politics,39,0xa18c5cf2bc6eec389d2d512582ae14654b99d792,1033.5834813174533,25729.71,gmtrader
2026-08-18 03:47:34,day,politics,40,0x6e2dec88d242d97b3661508ec57481349ccd6130,968.8636363674996,0.0,schlomosgoy
2026-08-18 03:47:34,day,politics,41,0xd1a63a243042d864520512fbdbd2fd20e0ab1507,955.306452850069,1570.5699999999997,DkOYL
2026-08-18 03:47:34,day,politics,42,0xfde6d3106320cf7d22fa64822fdec909fa3f7ed6,944.2198338544963,3.6899999999999995,bogdanc1
2026-08-18 03:47:34,day,politics,43,0x13fa4ce1b8a27dd0b7a72db6205a50ee6ff0954c,863.5703752052359,19255.932819,betterfasterstronger
2026-08-18 03:47:34,day,politics,44,0x49b306b0c083ebf5230dce5b151ecfaf63f06486,843.4284332600218,0.0,xyz9999
2026-08-18 03:47:34,day,politics,45,0xcf9efbdb300d03a6c462eda8840dcc3ab9b1518e,843.2911782600022,0.0,viktorurolog16
2026-08-18 03:47:34,day,politics,46,0xcb25c43d98019b6acf4d6912a231bbb689a45ab5,824.0651781699999,0.0,Nicklashark13
2026-08-18 03:47:34,day,politics,47,0xfa87a158110370eb6dbe678843c055a6b144c2a0,802.6842369054939,0.0,asdfadfasdf1
2026-08-18 03:47:34,day,politics,48,0xc02147dee42356b7a4edbb1c35ac4ffa95f61fa8,797.9055240176967,8009.0,Eatpraylove
2026-08-18 03:47:34,day,politics,49,0x5d0f03cf1243a3e21262d6cf844795afd9fff0ad,777.7173030949198,0.0,EB99999
2026-08-18 03:47:34,day,politics,50,0x264cbb7263b0c336c58fb5a5de1773896e6bbaca,762.2458971857532,10047.347017,sdhyky
2026-08-18 03:47:34,day,politics,51,0x9771bbd2a6226a2213a283649e3bc04bc8945a0a,758.5317093699987,0.0,0x9771bbD2A6226A2213a283649E3bC04bc8945a0A-1764589379691
2026-08-18 03:47:34,day,politics,52,0x9b97d2ef4f2ec90d34337d1f94db3dedb6386a09,748.1626829199993,0.0,Lula.desistiu
2026-08-18 03:47:34,day,politics,53,0x551e72eda42a5ab39d6d78239a1d9bbb5db6b0e0,731.8377437873278,1000.0,GayPride
2026-08-18 03:47:34,day,politics,54,0x30e443872ddf63b2908a49f92cd690c304a55102,725.5463949894402,12199.662,truthteller
2026-08-18 03:47:34,day,politics,55,0xfbedb045813457be883ad83dd1078e88a2a1a665,716.0523895025003,176.99,SpringlyFawl
2026-08-18 03:47:34,day,politics,56,0x8b3689e5ab85936e3e82aadb683f8b45703da393,684.0533470020036,0.0,Scalpoor
2026-08-18 03:47:34,day,politics,57,0xb8e32d575b8d360f90bcc95596e9a0bee444aaf2,682.9487471299963,0.0,Jan777
2026-08-18 03:47:34,day,politics,58,0xc1b399b26020a4f689108e9640fd3dc8ffc8501c,682.6441010569397,0.0,CoffeeLover
2026-08-18 03:47:34,day,politics,59,0x875c140813ad9caad2aae1ae26239ec83b49bdec,631.9550883000011,0.0,symplya36
2026-08-18 03:47:34,day,politics,60,0xa1ed2ae1eaaa057b6d09204cbb0808ef78a4e774,623.4036245299994,0.0,NefariousX
2026-08-18 03:47:34,day,politics,61,0x140bf98890afb219ac9dc118467c946730918030,569.4560752629986,0.0,Mr.E6yn
2026-08-18 03:47:34,day,politics,62,0x00425c692a667981118f679ef68fdc775257321e,568.7805000000008,0.0,99problems123
2026-08-18 03:47:34,day,politics,63,0xd107fe3fcbcaa66717a8d643f910b5d31eaa3711,539.853750000002,0.0,abf99
2026-08-18 03:47:34,day,politics,64,0xcd71fd5370880f3d92bb941e628c05840fe0d127,536.7640491735074,0.0,Kevindoto
2026-08-18 03:47:34,day,politics,65,0x168599433a6c088ce56859a93828b59e7e32cb4e,535.3626588800016,0.0,0x168599433A6c088ce56859A93828b59E7E32cb4E-1778351977987
2026-08-18 03:47:34,day,politics,66,0x251682c72ac33c4519d6b108532f6834e7a0d95f,510.12337545000264,0.0,9797979797997
2026-08-18 03:47:34,day,politics,67,0xf81c4580fa778a3a2560259b65909618bfe5ccea,508.887961729999,0.0,abed1
2026-08-18 03:47:34,day,politics,68,0x037cfed895c0557367e6b0b73fd3f4d34d2b4d62,503.7695899600003,0.0,pianomaster
2026-08-18 03:47:34,day,politics,69,0x095dcfb123a4bc035ee6b0d624bab0cc964352cf,489.27820576459635,0.0,Contrarian - 7451
2026-08-18 03:47:34,day,politics,70,0xeed8c2be411025120fb511ea2332dd0a1f6135f0,482.1663772567863,19780.741700000002,WarriorH
2026-08-18 03:47:34,day,politics,71,0xbace5a5a9e309d69164dc81788d353fed8d43429,478.62790070999654,0.0,ThanksGivingTurkey1001
2026-08-18 03:47:34,day,politics,72,0xc3db6a07351313cc684759dee1722d2bb1e90f98,473.8717077554902,0.0,0xC3Db6a07351313cc684759Dee1722D2bB1e90F98-1768247047455
2026-08-18 03:47:34,day,politics,73,0x0c0e270cf879583d6a0142fc817e05b768d0434e,470.7885091449134,17018.38,The Spirit of Ukraine>UMA
2026-08-18 03:47:34,day,politics,74,0xdd24e9d89bc98498059bf0c00d2446fe5ee222f3,469.6114433484995,0.0,random00200
2026-08-18 03:47:34,day,politics,75,0xc8ab97a9089a9ff7e6ef0688e6e591a066946418,467.24495651145116,26219.386051999998,ArmageddonRewardsBilly
2026-08-18 03:47:34,day,politics,76,0x1651f27eb14f89d614352db9a86070813105d26c,466.43437964000077,0.0,0x1651F27eb14F89D614352db9a86070813105d26C-1765048324338
2026-08-18 03:47:34,day,politics,77,0x7c873c11e40ceaaba6385322d49f565b66659bd4,450.47317055999883,0.0,jaja5050
2026-08-18 03:47:34,day,politics,78,0xbf0169dff4dc76b25846c2d5a4e4095e56e7859e,436.4775726479993,0.0,Nanata01
2026-08-18 03:47:34,day,politics,79,0xc3cd1d612bbf9fbf80da5a9bff0b0470cb46816c,434.39017352364317,6293.055597999999,UbuntuTrading
2026-08-18 03:47:34,day,politics,80,0xeb490d0534bb68b4c2ce139b219a728cd2c3693e,420.72341379048885,1284.0,78979879879879
2026-08-18 03:47:34,day,politics,81,0xbd0477e08d82d35a855ff19644a88a9213d8fbb0,420.6108183240576,0.0,yuhyuhyuhy352352
2026-08-18 03:47:34,day,politics,82,0x32b4e7a03362c04ceae28cbb8c359b2bd23d7f09,419.6728113850004,0.0,WzapS
2026-08-18 03:47:34,day,politics,83,0xc70128eea6f9fe8f684a35fe9af285fb24c0920e,415.63340950000065,0.0,God
2026-08-18 03:47:34,day,politics,84,0xe0f1e7751df4035f78a5eb2f4296c98b4d5bc4bd,409.5036253409853,14.67,CompulsiveGambler
2026-08-18 03:47:34,day,politics,85,0x052f4191cd324a348835a846d34df5b0061e53fb,407.2872723970031,0.0,chriszyy3
2026-08-18 03:47:34,day,politics,86,0xe0a521d92b6b7d2b45e9d55f05e3a8be1c41f6a4,403.9746526900053,0.0,efghvcdbjkpqwo
2026-08-18 03:47:34,day,politics,87,0x5b424ff92f60c7f107f1d0b9fe39f53edd0aae63,403.6785036700003,0.0,Samba-Sharpshooter
2026-08-18 03:47:34,day,politics,88,0x7bd9019211677f5db6e221d6a6da030ebcd0bd75,394.7174979400002,0.0,fElon
2026-08-18 03:47:34,day,politics,89,0x6139c42e48cf190e67a0a85d492413b499336b7a,391.6585233020596,5700.12,RememberAmalek
2026-08-18 03:47:34,day,politics,90,0x38e59b36aae31b164200d0cad7c3fe5e0ee795e7,389.30256654822006,0.0,cowcat
2026-08-18 03:47:34,day,politics,91,0xa53e8fc4c2f9910e584de69d8b40a502a638218d,384.6363201799686,0.0,VladimirPooper
2026-08-18 03:47:34,day,politics,92,0xd79af9cca8541d9fb7eb39935b0586d7a3667e51,381.9461213199529,1858.647056,OswaldMcFurther
2026-08-18 03:47:34,day,politics,93,0xfdfca60e7aebfc50dfdc40c27987970aa9c1288c,380.72692186000495,0.0,Polyticks
2026-08-18 03:47:34,day,politics,94,0x97ead83eb0e6b7f142e63284791882f05ddf3363,377.9174664840393,0.0,Hakei.
2026-08-18 03:47:34,day,politics,95,0xdaef2be2a19ad331737d06545f85615b094554e9,377.07642973496695,0.0,PEYZ-BIGGEST-FAN
2026-08-18 03:47:34,day,politics,96,0x134a63b764ac7b008356e8db1857db94e6b09e42,375.51005682582036,0.0,Bertapotamous
2026-08-18 03:47:34,day,politics,97,0xcb14ea66fe71f23b5426d05b6db4b86dc34cbd17,369.4534034619901,0.0,
2026-08-18 03:47:34,day,politics,98,0x524c0e30d0e336e6186c201e7573576a4dae6b4f,367.03958720750234,0.0,dfdvbjgdhbh
2026-08-18 03:47:34,day,politics,99,0x8597ca63e722d6216bfc3057591fdc67ec49daee,362.25984883122146,5152.12,Mr-Krabs
2026-08-18 03:47:34,day,politics,100,0xff09682d0e3fce4eb0782bb5a986782a5ebe1347,357.07356161999996,0.0,anonvt
2026-08-18 03:47:34,day,sports,1,0x2c335066fe58fe9237c3d3dc7b275c2a034a0563,215784.794626398,429729.5047269999,0x2c335066FE58fe9237c3d3Dc7b275C2a034a0563-1759935795465
2026-08-18 03:47:34,day,sports,2,0x224a89dbe0db0d6124b335edabd15b3f877da3d5,98500.99569903407,219495.44764600004,wr0ngw4yb3tt0r
2026-08-18 03:47:34,day,sports,3,0x5268527977f700f9bf9b6d5cd843859e4e70135d,82089.3085567879,842894.9928760002,HomeRunHazard
2026-08-18 03:47:34,day,sports,4,0xfe787d2da716d60e8acff57fb87eb13cd4d10319,68226.06920943595,1142923.617315,ferrariChampions2026
2026-08-18 03:47:34,day,sports,5,0x16bb9951a36fce71e2ef57890b786145e0ba8492,50820.787100000074,0.0,SDTrading
2026-08-18 03:47:34,day,sports,6,0xdc41c39b95453c943174f369926018f6963bdd7e,45664.40311594936,136220.147442,quavoo
2026-08-18 03:47:34,day,sports,7,0x5e9458202b5817a72cf81105ec8a30e6f3705ba1,42315.8859606504,0.0,pleaseplease123
2026-08-18 03:47:34,day,sports,8,0xe76f0a36d05d215a69f1f84466c8922702a1d40c,36016.92097626501,0.0,Kulilun
2026-08-18 03:47:34,day,sports,9,0x0346afae2603313d2bbee96b628536c8cbe352a5,35309.37856993172,195379.27037099993,GoalLineGhost
2026-08-18 03:47:34,day,sports,10,0x684baa57c338c2549aec0aa3f034f695d72a8409,25110.470504063414,13049.919151999999,monkeymashingkeyboard
2026-08-18 03:47:34,day,sports,11,0xc8075693f48668a264b9fa313b47f52712fcc12b,25030.15283239422,5055.437362999999,texaskid
2026-08-18 03:47:34,day,sports,12,0xe954ddb021c19495f1c556f59dadbd1494821ef1,23995.548154187127,15925.506664999999,kingflop
2026-08-18 03:47:34,day,sports,13,0xabb89972b21b304c1bed2bf26f35c8741ac9bba3,23333.541850000154,19416.67,Feromont
2026-08-18 03:47:34,day,sports,14,0xa71093cafc0c099b4ccab24c3cb8018d817923c4,20207.534913365496,6755.036036,Talvez10
2026-08-18 03:47:34,day,sports,15,0x682005011dd19c1e986cb060ed6ab83845f21c19,18900.000000000004,0.0,winwin518168
2026-08-18 03:47:34,day,sports,16,0xdb83e85ffd22faa4009273034770f96ffc5b1e50,17615.75860083819,31744.914126000003,sentrio
2026-08-18 03:47:34,day,sports,17,0xf5592765133941c40c77e52bc56bbe7ec167f462,17031.49265944594,0.0,0xf5592765133941c40C77e52Bc56bbe7EC167F462-1755612447740
2026-08-18 03:47:34,day,sports,18,0x689f7d0a49d2646dc199848ffbdb4757242e259c,16682.175506037776,0.0,ROI-Value
2026-08-18 03:47:34,day,sports,19,0xccd81fbd3395dc43a0531f8484b21c2462daf4de,16513.982347296027,75041.07691999999,0F62
2026-08-18 03:47:34,day,sports,20,0xf6683d202f76fc9b79e5be716ce8519dab5b5c69,16142.35891000001,0.0,0xf6683D202f76FC9B79E5BE716CE8519DAb5b5c69-1765800503123
2026-08-18 03:47:34,day,sports,21,0x2005d16a84ceefa912d4e380cd32e7ff827875ea,15737.260706136003,640990.54269,RN1
2026-08-18 03:47:34,day,sports,22,0x927cf2bb94d15707993f954552e56c74eb6d6633,15386.724861969982,78549.093876,jarosbill
2026-08-18 03:47:34,day,sports,23,0x1ab3580b6d258e31ca0a3efdb93173d081dd64af,13738.0376062,0.0,Satisfied
2026-08-18 03:47:34,day,sports,24,0x4f29e103339919c4baaea2a60195cf1c8bb27a7e,11531.338105145027,561550.777275,0x4f2
2026-08-18 03:47:34,day,sports,25,0xf5fe759cece500f58a431ef8dacea321f6e3e23d,11073.141043050011,41034.57,Stavenson
2026-08-18 03:47:34,day,sports,26,0x86e99faea12fccd8925de5d9f052471baf7a4cdf,9686.769497399422,48512.090476,JUSTINHERBERTMVP
2026-08-18 03:47:34,day,sports,27,0x3f3aa7005f8006bfcc367d43a25cde25509fe8fd,9609.918588692555,0.0,us391
2026-08-18 03:47:34,day,sports,28,0x41b4cd880a61de2f5728594decf7f2cbfc2a10da,9424.935000000012,0.0,zagzig123
2026-08-18 03:47:34,day,sports,29,0x792f8e8bae0323abf8927c6820863fbe8a98328a,9189.560723430033,85683.45,owenliang666
2026-08-18 03:47:34,day,sports,30,0x032eb1bc893940263ad0b01889f262fc232f2a9e,8882.1726605664,26594.060000000005,purplegatto
2026-08-18 03:47:34,day,sports,31,0xf1528f12e645462c344799b62b1b421a6a4c64aa,8874.093421108031,7324.038947999999,phonesculptor
2026-08-18 03:47:34,day,sports,32,0x8002f0f179219531566886c539aaf83967a58b6c,7601.1430596105165,19662.253029,Vladooos
2026-08-18 03:47:34,day,sports,33,0xf1ef8705e9f63c790c6fffd6329aea7011718cd6,7442.954743739014,590.160489,Outsid3rTrading
2026-08-18 03:47:34,day,sports,34,0x88d17ad6bf91ca0935f6e70b37ebe3db92b618da,7337.599112591655,13541.666665,kahe
2026-08-18 03:47:34,day,sports,35,0xaa7789219c17e180dcb5933099c90d885f1d15a5,6807.056736017628,64801.498008999995,alaskabaked
2026-08-18 03:47:34,day,sports,36,0x7414f47e227846765c8abb1048606003a57072a3,6736.347130999995,33069.571288,hamlo
2026-08-18 03:47:34,day,sports,37,0xe3d4dee2427b98042822543f8e1e8ab7bafb2bac,6653.303063749945,11612.0,swy01
2026-08-18 03:47:34,day,sports,38,0x45e40dbee6f546c7b318498f8c9778560f5a7e20,6643.611305979968,5041.167887999999,fastball67
2026-08-18 03:47:34,day,sports,39,0x934a375567da25fb5b8989b870d62087fd4ca684,6630.285735973017,0.0,Richidd
2026-08-18 03:47:34,day,sports,40,0x6a0385ed55ebd20067a1a59e908267310f5592d3,6260.610411716509,6895.79,jerall
2026-08-18 03:47:34,day,sports,41,0x6f3e7f25baa7d2d49e15e2d2957ff3dec62cbcf8,6253.5791217509395,92782.83464100001,fRibrenlc
2026-08-18 03:47:34,day,sports,42,0xbca08c1bc204a34f2fddbe47b438b9bd42ac9705,6162.499641191913,142555.57827400003,1winstreak1
2026-08-18 03:47:34,day,sports,43,0x8fba2c29715c41dd87e781c23373aa1e0549d08a,6149.053922638865,189.544115,abura2025
2026-08-18 03:47:34,day,sports,44,0x772f8865fb93e6d0eb1d41dda3711589114a8145,5659.51332266684,67679.409871,0x772f8865fB93e6D0EB1D41DDa3711589114A8145-1781445006719
2026-08-18 03:47:34,day,sports,45,0x59018ff1f4300838f635386ab5e0b8b353ce63a2,5528.759113452012,71607.565923,kamloic
2026-08-18 03:47:34,day,sports,46,0x057000dd171fc8acfc16464feb91a1b31b2e465e,5207.828737793239,5709.228137,dannyvermeulen
2026-08-18 03:47:34,day,sports,47,0xff80bb23621f03fc6300808730316c78abe09b4d,5203.847449999987,0.0,Zenhack
2026-08-18 03:47:34,day,sports,48,0xf5198df69e13937a40d1c76d6f72d9aa067d906b,5069.070618040918,738.109406,sbimbg
2026-08-18 03:47:34,day,sports,49,0xb7271c112cbd83eb4c1ef1b554ff963604ae2a9d,5022.902534604997,0.0,Elaran1993
2026-08-18 03:47:34,day,sports,50,0x8b94313718bbc3a0ff94750e184cc76678458cda,4774.808999999999,7092.24,Gspxz
2026-08-18 03:47:34,day,sports,51,0x9f2fe025f84839ca81dd8e0338892605702d2ca8,4754.4497509361245,0.0,surfandturf
2026-08-18 03:47:34,day,sports,52,0xeba0dcefbb0f450dc22a51e0632639a0c0b24586,4689.793782153407,6396.999555,attempt-most
2026-08-18 03:47:34,day,sports,53,0xae825b67fac24b92f328f25b5d2530567605faf0,4585.0,0.0,0xAE825B67FAc24B92f328f25b5d2530567605FAF0-1757008313024
2026-08-18 03:47:34,day,sports,54,0xf377b9fb12a4b7507a4f997461a73eb30b564159,4417.902107231101,84467.6075,danielwolfmorales3pddb6dl6
2026-08-18 03:47:34,day,sports,55,0x71971342cb4c2555f60366ac62abdcdd1a1d14c8,4141.383752196052,38472.515216,RawrRawr
2026-08-18 03:47:34,day,sports,56,0x99e42eb9038705165b22f821e27659c1dc41e4c4,4074.7978221201047,15264.9875,acorp
2026-08-18 03:47:34,day,sports,57,0x53ecc53e7a69aad0e6dda60264cc2e363092df91,4031.549882991636,0.0,0x53eCc53E7
2026-08-18 03:47:34,day,sports,58,0xf43842aca68209bd8bd3b4cfae00a32053769559,3878.414549614943,0.0,PendulumExchange
2026-08-18 03:47:34,day,sports,59,0x2de2237e3ac4784425575ea5a09d3652d0b811a9,3702.0708903658515,1176.470587,bei88688
2026-08-18 03:47:34,day,sports,60,0xb915070c8007b1bdf4b1ef04e56b066a022e8da5,3648.814438360001,12503.26,Kingdmandan
2026-08-18 03:47:34,day,sports,61,0x4b4071d1456249cd8d7272d533a3efe191aa2f6a,3495.829777393501,0.0,SebastianAde1996
2026-08-18 03:47:34,day,sports,62,0x3e04fbc51adb75418129f6ce2091ae633070564d,3357.9594870477013,4443.945539,roldy
2026-08-18 03:47:34,day,sports,63,0x82398835fe16616214d928ba87127e28fc1cd9a3,3217.912107410986,0.0,Kosherlocks
2026-08-18 03:47:34,day,sports,64,0x55b9e6a1dcca2defb01636ba41e9f76a0883a814,3197.3179657770497,28360.008621,ghostorder
2026-08-18 03:47:34,day,sports,65,0xdd5ef115f801999575b03d78d0115ad8b2d59040,3180.9551196905377,16697.097797,Forecastication2
2026-08-18 03:47:34,day,sports,66,0xc3c3b3ef304ddbea39fa2246e683a71da5d0eec8,3040.74819467403,0.0,comon119
2026-08-18 03:47:34,day,sports,67,0x851b1719f70a23f081427a5ded1e534de699961e,3024.753749058995,34929.237895,Ramdan
2026-08-18 03:47:34,day,sports,68,0xc2c8ffdd03b96e1787e6e730083efa5afafe142b,2999.169560950887,6205.358921999999,egebar
2026-08-18 03:47:34,day,sports,69,0xe6bff499390d0988f81967d095925b44aad38380,2864.320608342008,4000.0,CHACHA125655
2026-08-18 03:47:34,day,sports,70,0x126266f57f9812c42daaf69767f622ad36ce056f,2748.117530450738,2377.962759,0x87GTa8tyH1946Bhjb674g3fuyUIGYUi4uhflks
2026-08-18 03:47:34,day,sports,71,0x746e936f43ff75bf508cf8375b7a8e2515ef68ca,2679.590213874999,0.0,tomb2456
2026-08-18 03:47:34,day,sports,72,0x6e82b93eb57b01a63027bd0c6d2f3f04934a752c,2596.6887139179744,0.0,DLEK
2026-08-18 03:47:34,day,sports,73,0xcdfb7564a5731d30713c91943ae395d5f815980c,2553.67284,9528.63,ImSmart
2026-08-18 03:47:34,day,sports,74,0x9166ec6b0d48b8a046f520c6f71e73914d8c5bd5,2552.500625,17499.995,aaaalesshaaa
2026-08-18 03:47:34,day,sports,75,0x895d3ce8e2650dfdda5fb5e7425339729c5ef2a3,2550.192726659998,0.0,fo4
2026-08-18 03:47:34,day,sports,76,0x160bf4f27cdaaaed1408ccd1558ab30c210d4296,2518.682960394217,703.36,mortewfenloin
2026-08-18 03:47:34,day,sports,77,0x26b46988d027c6c03cfa12a7c0c6d778be49b8a9,2517.753638208669,66679.813761,kkookkoo
2026-08-18 03:47:34,day,sports,78,0xcb016f2b417f98c88fc91fffe7e69d4a6b1c7dfb,2470.6510299999973,0.0,0x7e1f9c90800E42806e242ABC5fcf26B571c79C27-1775842903107
2026-08-18 03:47:34,day,sports,79,0x27e43aad2471b41a8cee10a20920d948c2304803,2422.572675000002,0.0,fastbet
2026-08-18 03:47:34,day,sports,80,0x6d3c5bd13984b2de47c3a88ddc455309aab3d294,2398.9348587235436,75057.63304999996,VeryLucky888
2026-08-18 03:47:34,day,sports,81,0x0a77bc0638f13892c8b1d1d2c13ba178540f9d74,2395.925293715314,0.0,0x0A77exmm
2026-08-18 03:47:34,day,sports,82,0x2396babfc88a7a7dcc0390262ab747d7cbad9485,2394.1508091400037,813.98,kabina-
2026-08-18 03:47:34,day,sports,83,0xb8c4482802bbc9256926cde54b3daa03ee8e7385,2381.5067949993536,0.0,HAGIII
2026-08-18 03:47:34,day,sports,84,0x8718865882e085b764825b637788043c16185040,2343.992699999959,0.0,hurrican
2026-08-18 03:47:34,day,sports,85,0x7e5972bfc25819775ee5a9d4f191919375487b8b,2331.740901506593,75941.753222,Gaditima
2026-08-18 03:47:34,day,sports,86,0x081e14554b92ee3dc53a21bd5b01f306692ef76e,2304.55322477757,6057.163632,RebornAthena
2026-08-18 03:47:34,day,sports,87,0x8717513a2f3936b09dde0a7da636a4da1b0b32c2,2246.226015305009,2889.423327,92221
2026-08-18 03:47:34,day,sports,88,0xa38a455bbdd4b68486548b7e19da99903f4f821d,2210.0198156257466,15781.701211,takeormake
2026-08-18 03:47:34,day,sports,89,0xdebbe89ceb32828a99648bca497684f5209ceedb,2198.369283816166,4547.59,Lexington
2026-08-18 03:47:34,day,sports,90,0x986b121c40e715167dde178b8520bf132a57bdc6,2145.512447660585,164838.0088,hd777
2026-08-18 03:47:34,day,sports,91,0x6368762641f182e0332713d7992bb0948e696dc8,2093.650932583041,6441.983048,Takeshirosoku
2026-08-18 03:47:34,day,sports,92,0x04677c0cd4b904b50f0f829586824b773feefb2e,2085.215527649183,13897.306341,shxbyron1
2026-08-18 03:47:34,day,sports,93,0x4ffd3cab000b04574ec094a3b16310d321de7821,2080.8892745799894,4907.32,barabasKarabas
2026-08-18 03:47:34,day,sports,94,0xd8fd52ecd0f53cd0891e9c1e4d852b39cf81442f,2073.7734753870004,7602.307406,UKRAINEPOWER
2026-08-18 03:47:34,day,sports,95,0xdc767c90ec054dd8250cf27cb4b2f675c9807842,2042.5007862979983,0.0,v1101
2026-08-18 03:47:34,day,sports,96,0x911b788bf209579f9bc47dd3de43cbb81a08344f,1956.1350990991232,6233.124087,psgwin666
2026-08-18 03:47:34,day,sports,97,0x1a932ae57479644e1aeb14bb0a01a2995c00c3ea,1949.8584231164914,5246.691665,CLAUDEPOL
2026-08-18 03:47:34,day,sports,98,0x22da1a1fc2b14f5c76b0e179048734c015ef2866,1861.5032787295459,13191.650201,BlessedSunshine888
2026-08-18 03:47:34,day,sports,99,0x84cfffc3f16dcc353094de30d4a45226eccd2f63,1833.5384537382051,13779.419999999998,mooseborzoi
2026-08-18 03:47:34,day,sports,100,0xe40aaa5ce1dac0b7dc24c9d0284f27e17c3fe4a2,1822.6251225618253,3280.7999999999997,Mysaria
2026-08-18 03:47:34,day,crypto,1,0x664a25f165a0150ce687410470f3352f5783fc5f,5649.232593667251,25465.710527000003,itsonlyamatteroftime
2026-08-18 03:47:34,day,crypto,2,0xc487a65e48552b964a46df520eed1029aec8b127,5607.1123000000025,0.0,KyeZX
2026-08-18 03:47:34,day,crypto,3,0xa0e72d5575095199ae08ce0dce447f21b7249461,4372.972654017562,65080.83948699998,uninformedfloww
2026-08-18 03:47:34,day,crypto,4,0x93fb8127a1b21a112b11af936361225df0563e4a,4130.150664473011,0.0,LlamaLoco0000
2026-08-18 03:47:34,day,crypto,5,0x0cb038487586d1119b165466072e9baf666f3a90,3143.398137144686,103735.99266999998,
2026-08-18 03:47:34,day,crypto,6,0x06dc51826bc524d9a83770e7de9dd7e005b04524,3053.4682757426053,27260.175519,0x06dc51826bc524d9a83770e7de9dd7e005b0452
2026-08-18 03:47:34,day,crypto,7,0x744c072005bde6ddab8764a7477f61d3d22ae37f,2503.172248000992,0.0,Egozic86
2026-08-18 03:47:34,day,crypto,8,0x027e587a1086809d1a00f22216bef6a808f1c97f,2399.298189909012,0.0,AndreasSchm
2026-08-18 03:47:34,day,crypto,9,0x56ad6bd05999e0f33ea9c05a48ccb1364a46f13e,2398.582567528705,104.628204,Mpire1
2026-08-18 03:47:34,day,crypto,10,0x354650849f540be65d169ee6657d8b361db3c697,2202.0307363899974,0.0,Tonzie
2026-08-18 03:47:34,day,crypto,11,0xa2c97a854993d3f4935334f89d7dada6a6269c10,2120.2048096904764,1200.0,shizzle99
2026-08-18 03:47:34,day,crypto,12,0x5188fa0e8a77e87bc6a58e6781fdfc4e165cc804,1843.1844967150028,0.0,AllByMyseIf
2026-08-18 03:47:34,day,crypto,13,0xdc3f46236700a2c7e89e2b952a123cd757ad4fa0,1607.6718973063507,17726.309762,rabadabadoo
2026-08-18 03:47:34,day,crypto,14,0x3c58ef422754ff22c7e806336feba0064d8b776b,1586.7915677200945,16511.05339499999,antsaslyku
2026-08-18 03:47:34,day,crypto,15,0xeebde7a0e019a63e6b476eb425505b7b3e6eba30,1496.8761989064515,71989.09280400001,Bonereaper
2026-08-18 03:47:34,day,crypto,16,0xaabbd33103b0664da203a438efff634a04330ac6,1279.6835249050018,0.0,KKreturn
2026-08-18 03:47:34,day,crypto,17,0x502b532f55778c0985846dc53a9bc71eb4f33b15,1266.368162171646,25236.810617,0x502b532F55778c0985846Dc53a9bc71eB4F33b15-1761320484518
2026-08-18 03:47:34,day,crypto,18,0xc2ad03f79ca3f3c17d8c7de2612ce0c89b7d40ed,1265.8254941431514,17788.133924,bosona
2026-08-18 03:47:34,day,crypto,19,0xb945945d5bcaf7b56834d4da8cdf8f8f94b2db68,1221.911309277668,85596.652112,l5Zn1bWoM8eTsK
2026-08-18 03:47:34,day,crypto,20,0x3725d52f3c252e8374999cc8617292ea2608ad88,1182.1013821931847,18230.53946500001,almach
2026-08-18 03:47:34,day,crypto,21,0x32ed2e546b187ca15e2841edc82b22c713cf8ec3,1134.2537739057443,22834.050800000005,mo-money
2026-08-18 03:47:34,day,crypto,22,0xfd8e68736d00aa203c8ce6b453f25eafe8acbb98,1057.975978560009,0.0,
2026-08-18 03:47:34,day,crypto,23,0x388537259dc9e693c1c9b96fdf07a63f6b7aca77,971.1052632175852,0.0,easypredict
2026-08-18 03:47:34,day,crypto,24,0x48ac40fc545cf327edd5365435c3a9f385614a7e,950.2368959492305,49173.316183999996,BoneOhio
2026-08-18 03:47:34,day,crypto,25,0x5e3038ffeada3119a345dcb3bd31d49c077d1613,948.425276283815,9522.899956000001,ROBERTSIMON1987
2026-08-18 03:47:34,day,crypto,26,0x0b4c08cc6017119e98479629c17b1445c41f0f79,933.4826159241416,4427.723634999999,
2026-08-18 03:47:34,day,crypto,27,0x44832d0d2ec11187c1e77d786feb15f6a50254c6,901.434244,8211.623804,0x44832D0d2ec11187c1e77D786feb15f6a50254C6-1781798662342
2026-08-18 03:47:34,day,crypto,28,0xb72b92ea6f21a64bc5ec0a070c9b89346a7b989a,850.0164999999979,0.0,ZHAOCHANGPENG
2026-08-18 03:47:34,day,crypto,29,0xfdc072df1e4c7d91334cf622d0520d51aef5e6a1,815.359999999997,0.0,0xfdc072df1e4c7d91334cf622d0520d51aef5e6a
2026-08-18 03:47:34,day,crypto,30,0xc5c22611895468b4a32e7cde994f163f8127369e,814.6219014500039,0.0,hypno
2026-08-18 03:47:34,day,crypto,31,0xa453d2c6f687fec8a5cd1519c1a387f28677b665,808.5206257499976,0.0,BossuSmekeru
2026-08-18 03:47:34,day,crypto,32,0xe17b38c108d2af65acdcc141b64b210b976b5f8a,800.0108173476729,4678.283968,alioli
2026-08-18 03:47:34,day,crypto,33,0x6ec52e9c24ff63c7280590ce4348c26d3337465a,779.0743427320376,29327.079873000002,pollo200000
2026-08-18 03:47:34,day,crypto,34,0x344f3b43711f48770930ce731d934df3b2999dec,773.1038299999454,2940.0,randomuseris123
2026-08-18 03:47:34,day,crypto,35,0x9aea85d0b70bff6cb980cbb22d2e70b141e6b686,753.2651737960005,0.0,POLO
2026-08-18 03:47:34,day,crypto,36,0xe8d68fd271ad704a55f9bb0e4fc6276ee9adc964,742.7249555685412,7538.082809,Little-big
2026-08-18 03:47:34,day,crypto,37,0xf418d3a1a941292f9c8707d62a14980c5beb95a3,732.9043619998993,40451.97,TAKERNER
2026-08-18 03:47:34,day,crypto,38,0x239e726f1f4131ca78a7e5abf1fec86bfc151c10,732.8047719999677,6449.096302,0x239E726F1f4131cA78a7E5abf1fEc86bfc151C10-1781399773263
2026-08-18 03:47:34,day,crypto,39,0x57dec8fbcee28136910a5cebb54dac89902b20cb,724.2163730000466,3924.2087800000004,0x57dec8fbCEE28136910A5cebB54DAC89902B20cb-1772711254480
2026-08-18 03:47:34,day,crypto,40,0xd04e0676ea998bb7d5ef405960edd9b273cb41b8,703.2838966294994,250.0,coconutsteaksauce
2026-08-18 03:47:34,day,crypto,41,0x2117ae94a97d69b78cbc81b6680a62deb1955c26,667.0689330550028,3205.0199999999995,Zzzz87
2026-08-18 03:47:34,day,crypto,42,0xc0e4eac75334ce2686391feeeb1df182ae7e4ec7,656.7986817999995,0.0,Mewpa
2026-08-18 03:47:34,day,crypto,43,0x931cd2259731f65ff31faa5233f446b9f50ca002,643.5036625600187,13993.404573,StayFocusLuia
2026-08-18 03:47:34,day,crypto,44,0x6e826364ca3979b35e11f681e2610f7c8056091f,621.93659404,0.0,Bighouse
2026-08-18 03:47:34,day,crypto,45,0x0a2b4fb05253a57cf4123c3e1dcc6950bf774f98,606.5797499999999,0.0,Jekamybeka
2026-08-18 03:47:34,day,crypto,46,0x3dcea528f8179c175341e06b60b9eb695e5d0510,587.60336081882,8039.366777000001,LuiaLeQuartier
2026-08-18 03:47:34,day,crypto,47,0xce50c96b976203b53342a0a801067d2cdcfcf46e,583.9557977464865,8107.625179,honey-spot
2026-08-18 03:47:34,day,crypto,48,0xe9c6312464b52aa3eff13d822b003282075995c9,573.6306118989596,1176.93857,kingofcoinflips
2026-08-18 03:47:34,day,crypto,49,0x11a1e9de18c36eb0991c9c3797aaaefc7ebe7afe,570.6425620414993,60.0,FrankA
2026-08-18 03:47:34,day,crypto,50,0x49910ab89241b9e2c95b2dc9e7e9d5687a79271c,553.592454331591,3045.0536890000003,RMS97
2026-08-18 03:47:34,day,crypto,51,0x909503aed1e740374ea2aefe2f98d9dce99896f7,542.4609761800075,100.0,strengthinnumbers
2026-08-18 03:47:34,day,crypto,52,0xaea580fb19bfe70c56f4d9eace7a4236b04b6163,541.8107369629633,3648.2911169999998,wxgw
2026-08-18 03:47:34,day,crypto,53,0x9a48de0798131148fa865a2434f0a8a3890dba21,538.3962309575018,0.0,BipTheDip
2026-08-18 03:47:34,day,crypto,54,0x097080e9d124d2412ef7bbb379b475022f41e369,537.3827031640621,4182.682409999999,soswald1
2026-08-18 03:47:34,day,crypto,55,0xae3db1cc155e1b2a5420e256c42cd1649b5a6b95,531.754785000041,5925.485783,suspiciouslyLucky
2026-08-18 03:47:34,day,crypto,56,0xe27c1f399b451496845eef2a8cfd2c25715f51db,504.15474556749996,0.0,Peerusdenarus
2026-08-18 03:47:34,day,crypto,57,0x67ae544746f94f6787878eaaa9c60b5804490f0a,497.03531076000036,0.0,Baderbet
2026-08-18 03:47:34,day,crypto,58,0xbdac93eab965a03990caf9f803ceac9403035f12,493.89900957562895,2782.9401519999997,aagz
2026-08-18 03:47:34,day,crypto,59,0x82c857cb4d18e919c1b7d3c6865be4debe50da77,490.05965491788083,56181.37473000001,wolf9478
2026-08-18 03:47:34,day,crypto,60,0x20d2309cd92b797ae7ca175ed828ed8a27fbe29d,476.2148899305612,18540.760313000002,
2026-08-18 03:47:34,day,crypto,61,0x7e3471906a6a168f57a4a2ba7ed27206b1b34cc1,476.08433884499755,0.0,Lecsoman
2026-08-18 03:47:34,day,crypto,62,0x75cc3b63a2f2423085e10706c78b494017b93ce1,468.0639085371804,7576.927260999997,
2026-08-18 03:47:34,day,crypto,63,0x0e11cc0b89fe06832d02892791211fa3a4611b07,463.90323629607155,14818.426374000006,krakaza
2026-08-18 03:47:34,day,crypto,64,0xc5e6250906f3a43348374632092a64ee2cf22d79,463.2348513894067,7050.472352,peipeipei
2026-08-18 03:47:34,day,crypto,65,0xee67f4f549180f564dd5910b1024b8c6729cef38,456.1087528049975,0.0,keasiyo
2026-08-18 03:47:34,day,crypto,66,0x0a76307e587a5d486ee600a56421be9dda69f8f9,449.3960772399987,0.0,stokcoldbrew
2026-08-18 03:47:34,day,crypto,67,0xee65685de42f8de9a03b4c53ee77d56a20d2cfc9,449.29787199996645,40545.13999999999,0x50f7
2026-08-18 03:47:34,day,crypto,68,0x5371f1b6954e31c502064614649cea3568cb76eb,446.58460915966134,794.44,oegdatam
2026-08-18 03:47:34,day,crypto,69,0x251c1a283703beed41590b0875a8dcb8ddd1541f,445.16278255014913,106439.87000000001,0xAAAAA
2026-08-18 03:47:34,day,crypto,70,0xb8fe6ca820527f87815b03d8faef93e3e0399c93,430.5221648785,4057.845148,momenv4
2026-08-18 03:47:34,day,crypto,71,0xd093a6cddcd9db272d47d45125c836729c18767e,420.8120524778351,31338.373452000007,clue-rice-forum
2026-08-18 03:47:34,day,crypto,72,0x828b32d58d6624b0716f8f8661cbef5529cba12b,418.2968720674662,4665.395762999999,devonpoll
2026-08-18 03:47:34,day,crypto,73,0x891ac88d5bb375b7ef5d4a0b25807980eac67cc8,416.049810260351,2622.5353700000005,HoPa45
2026-08-18 03:47:34,day,crypto,74,0xd03bc280ca482ee48826b72aa435a331a04e042b,408.95358657699853,0.0,3iron
2026-08-18 03:47:34,day,crypto,75,0xf6ab262d360c85f98782b84a04db35c6e18d3579,406.14613442301925,72199.995233,Jarvisen
2026-08-18 03:47:34,day,crypto,76,0x2277c18fb73d4cfbd61384be80ef9339a9496604,389.70681390446225,10831.280101999997,EVPLUS.AI
2026-08-18 03:47:34,day,crypto,77,0xef3666eef85f52c35eb68043c236b708d3a985e6,387.4942511923511,2781.662229,FMC1
2026-08-18 03:47:34,day,crypto,78,0x9cbb1a5c3352691f07e2e26209193ce5a2c433d0,372.28000499999416,810.5790319999999,0x9CBB1a5C3352691F07E2e26209193Ce5a2C433d0-1777993226700
2026-08-18 03:47:34,day,crypto,79,0x20c93453ab5da9386892140e83638a46b8b6e915,370.10592083031406,4080.356572,apolimatos
2026-08-18 03:47:34,day,crypto,80,0x51ff33b3c2d9ea0307572d33ac8df8722eeecf90,367.8393904750095,2225.22714,chacamariano
2026-08-18 03:47:34,day,crypto,81,0x8421e3aab1b2d70a4ee289f7d3304a1772fff3d8,363.9806022379789,1738.847011,0xpolisai
2026-08-18 03:47:34,day,crypto,82,0x7b32b6372709f19360d22271643f4e2a32a1377d,362.8764138128281,2364.408136,devonpoll2
2026-08-18 03:47:34,day,crypto,83,0x55e2436d747835c7e40b0c6cf92f632bf1215fc9,356.67084999999497,0.0,Rhabarberbarbarbar
2026-08-18 03:47:34,day,crypto,84,0x880bc1ad15f035c69fdacd4a0efd5429fa3190a8,354.7514569315408,7562.101422000001,ppppppmmmmee
2026-08-18 03:47:34,day,crypto,85,0xafa5b89eb51f98fbaca756915a236bd5d2fe7723,348.5555000000006,0.0,mintyo
2026-08-18 03:47:34,day,crypto,86,0x0e60ee406276b1bf470de24257b5c16ed8d8cb75,347.4775058201294,3319.555561,FabioCarp
2026-08-18 03:47:34,day,crypto,87,0xb1cab0980a363688dfc674dc7f5288ed9acab14f,342.99194504321986,2557.031421,0xB1CAb0980A363688DFc674Dc7f5288Ed9acAB14F-1773546777581
2026-08-18 03:47:34,day,crypto,88,0x61ee455e5da4a8ca06588a728a5548ce758c932c,338.6997384385031,0.0,pabon
2026-08-18 03:47:34,day,crypto,89,0x021063e2a27312fd95a43f189699d9424ebd5db2,338.65465572933397,1759.607536,LunarLeaf
2026-08-18 03:47:34,day,crypto,90,0xa3fac5b50a5fcb5d9d53ce3fc392d148d740af3a,336.8708931380006,0.0,leapoffaith
2026-08-18 03:47:34,day,crypto,91,0xb3b0780f2877882047a22ef99c7ea0f195fb8501,335.49684552733197,4251.306154,PRESET10k
2026-08-18 03:47:34,day,crypto,92,0xc387c2a40d389f17b723b6bba9b18b7dbd2de4f4,334.74461737489037,19623.487816,flippingsharks
2026-08-18 03:47:34,day,crypto,93,0xcf070b9ed273abd6185a4253713ce8e64c0ec770,332.82205668777897,44.303796,MaxEnt
2026-08-18 03:47:34,day,crypto,94,0x0ca4e9d27ff826a109ecbf74754fb66b93f277a6,328.75951195379093,20842.388318,GoodFallen
2026-08-18 03:47:34,day,crypto,95,0x5e2b9261b0c4f697b55bf921ff2bc227183d9101,327.30556424256065,7177.039598,
2026-08-18 03:47:34,day,crypto,96,0xd0f1c48f7eb486764bd48eff644f7e66a73a6712,325.336343755509,0.0,XRPisSH8T
2026-08-18 03:47:34,day,crypto,97,0x361528e242bc6cc789ac8da6fd5cb98046178fdf,324.858390663052,1832.7277319999994,ohioism
2026-08-18 03:47:34,day,crypto,98,0xafee5a9590176b684a9ce6c39de15ab597b1881e,309.5715297416418,1690.383332,LimaTAUFIK
2026-08-18 03:47:34,day,crypto,99,0x36507c60823603f7fffeffaf15dbd5ed6d61d17c,306.88206205348206,1929.312246,NotSAFEKelly
2026-08-18 03:47:34,day,crypto,100,0x545a29d81c68b927b9dc2e076e18faf91d2f1fa3,304.975250037893,2279.3702519999997,Tnmhh1
2026-08-18 03:47:34,day,finance,1,0x560bec8a0e62a8f1d4ae80c7b76786f2b5fcaf09,19829.626732395453,0.0,Unconscious9485
2026-08-18 03:47:34,day,finance,2,0x430cb9225b04e393b2626ba689f7bfbe883d33a0,3216.4926105440422,0.0,3qed
2026-08-18 03:47:34,day,finance,3,0xa9fe4929d4ea1525ca03bd0ff68ea1fbf9e7f135,2413.142843369999,0.0,novv25
2026-08-18 03:47:34,day,finance,4,0x3a8aa345d5db7ec5138298c8c4f4540259be7699,1998.3638066400163,0.0,TheReturnOfDarthMaul
2026-08-18 03:47:34,day,finance,5,0x4cc3522b689a6bf1fb4a2444c523e7776db47552,1948.179828992304,0.0,CrunchWrapoDeLaFuente
2026-08-18 03:47:34,day,finance,6,0xe734e7bf7cfb9e464681f71822f6c2f6be514f0c,1948.0238071575295,13027.180642,boyau
2026-08-18 03:47:34,day,finance,7,0xffbbf885454e6930e54b720ad5224175b8ae36e9,1741.2533624929783,0.0,0xffBbF885454E6930e54b720ad5224175b8AE36e9-1720913580384
2026-08-18 03:47:34,day,finance,8,0x74471a007ddcc488f6d57b5e86dfb35a8d48a16d,1497.9552046629979,0.0,tetrose
2026-08-18 03:47:34,day,finance,9,0x542aae10712e812bd71d792861ec5a570aa8a81b,1382.774062,0.0,Blind Chicken
2026-08-18 03:47:34,day,finance,10,0x53c48faa2373f597b693567f79c3782c6ce7740b,1294.6019146949984,0.0,uma003
2026-08-18 03:47:34,day,finance,11,0x217eac421dd9d7154646ac7e0d93a73f47f13a4c,1108.5926099999997,0.0,flamingfish
2026-08-18 03:47:34,day,finance,12,0xbb75bfcc5756164d0fa5925b0e3684aedccd1b98,973.8459056672461,0.0,LeakySink
2026-08-18 03:47:34,day,finance,13,0xf3ad8f80006d90a5ba90112a675d13bffd740724,893.3450660550043,0.0,
2026-08-18 03:47:34,day,finance,14,0x3069c1002bd0bb6aec054c7a27722919df95f8ef,799.9995890000009,0.0,Orion96
2026-08-18 03:47:34,day,finance,15,0xeed8c2be411025120fb511ea2332dd0a1f6135f0,716.1304882535005,1163.0,WarriorH
2026-08-18 03:47:34,day,finance,16,0x074929877dc305333ca363270c78b94a2e616de9,651.9838657300015,0.0,namarian999
2026-08-18 03:47:34,day,finance,17,0x204b382df532a8106768ccceaf699a89c4ed8ca3,640.0705049267826,1679.3802899999996,capib
2026-08-18 03:47:34,day,finance,18,0x25db6ca5935ae858a5c1f2dcd5c62939805328de,632.620348291015,1082.585114,0x25db6cA5935ae858A5c1F2dCD5c62939805328dE-1770665598557
2026-08-18 03:47:34,day,finance,19,0x403f2471f8aaa1e8a224f1338b073bfa3fdb94f1,573.2894132462534,11345.927754,PippiTrader
2026-08-18 03:47:34,day,finance,20,0xa61ef8773ec2e821962306ca87d4b57e39ff0abd,569.9992414499968,0.0,risk-manager
2026-08-18 03:47:34,day,finance,21,0x0e8d61f16a2373931ffbfc2993f046e33286dfcc,567.7359300000026,0.0,GummiMummi
2026-08-18 03:47:34,day,finance,22,0x32e3742a6dd363c3dfdba700b77f845ec99ad066,499.989592,0.0,zubbybadger
2026-08-18 03:47:34,day,finance,23,0xc8ab97a9089a9ff7e6ef0688e6e591a066946418,490.03997514606453,1868.21665,ArmageddonRewardsBilly
2026-08-18 03:47:34,day,finance,24,0x6936431c93a525f454d1bb914c107f926c86a45e,484.68619500000034,0.0,OnlyPhan
2026-08-18 03:47:34,day,finance,25,0x50c80ae7a66e49701dc9388bd13574ba03e0caa2,473.4597195253082,12691.794151,flipforchanel
2026-08-18 03:47:34,day,finance,26,0x843e32a367156a1e1e0193a36a04e41ae1b4d2f3,432.8215329799996,0.0,Bursted
2026-08-18 03:47:34,day,finance,27,0x9840171734b8723bbd60ecfb19639557bf695a69,399.967588,0.0,ivshti - 1360
2026-08-18 03:47:34,day,finance,28,0x4247c89f4a9236a6b5fb24502023bcc98ab1455f,385.00258181150093,0.0,09F911029D74
2026-08-18 03:47:34,day,finance,29,0x0c85760791e558476120905685a84a4aaa09d5de,377.34255599999995,0.0,BABY FARK MCGEEZAX
2026-08-18 03:47:34,day,finance,30,0x4518b0847bdf19e357e818575cced1ff024a7180,371.79818899999964,0.0,MegaPump
2026-08-18 03:47:34,day,finance,31,0x4b240719ecf95e528d3327388ed34a5b9200d7e9,339.92426700000004,0.0,km11
2026-08-18 03:47:34,day,finance,32,0xde0463ea7f611b065e8ab06bbfbddad75e6dfa37,333.31182104000163,0.0,mwenya
2026-08-18 03:47:34,day,finance,33,0xeb22f4735df6bd5d14e1b5fd10faefa7757d808a,321.33974812999986,0.0,BigRabbit
2026-08-18 03:47:34,day,finance,34,0x9baebe30d1cefe0ac5be4be85189c9fa33e95d34,316.91609306500004,0.0,tinman2
2026-08-18 03:47:34,day,finance,35,0xf13822c0822be86bca748152c68f0733084160a4,314.47124734,0.0,nimei
2026-08-18 03:47:34,day,finance,36,0xa139daa9e38c0b6d24443bede2d34bcdc4256f00,305.0025464400005,0.0,Kris-Future
2026-08-18 03:47:34,day,finance,37,0x03805a13a0b3e058f55f6c6af95389d4f431073d,292.61097396194236,270.0,donthackme
2026-08-18 03:47:34,day,finance,38,0x34b59af2237da8944f530e351746d1ff7da28ada,284.41595177,0.0,
2026-08-18 03:47:34,day,finance,39,0xe392d6cc6a012f306cef646f79114eb6f351c023,281.05242747276407,638.88,ssddssd
2026-08-18 03:47:34,day,finance,40,0x0826042fb1f3f5ff4325ed7237ebc87468070b32,280.7868360125003,0.0,deltasniper
2026-08-18 03:47:34,day,finance,41,0xb1ca909e848cc24ec4e220ce1c453bc290c51705,276.8301727119979,7302.2300000000005,abdkxrhxr
2026-08-18 03:47:34,day,finance,42,0x61ee455e5da4a8ca06588a728a5548ce758c932c,267.77066704000026,0.0,pabon
2026-08-18 03:47:34,day,finance,43,0x57c02fb1189621fe9c0dbd97c7066920eeb260c5,263.6603547200002,0.0,0xhanxyz
2026-08-18 03:47:34,day,finance,44,0x389a21fa2e2445c7f8b915b45b9b009bd641397d,258.2629232317431,99.634544,SPY-KT
2026-08-18 03:47:34,day,finance,45,0xb9620eb0f69184f14e3956966c3783c22666055e,257.0955,8569.85,0xb9620Eb0F69184f14e3956966c3783C22666055e-1750790533135
2026-08-18 03:47:34,day,finance,46,0x1a8f140bd9d17d9d1dc7d418a0c29b822a9eccd1,252.93462981000062,0.0,TrickyWicky1469
2026-08-18 03:47:34,day,finance,47,0x8bf6ecb9cf49f55a682cda18b24e5ea6bea66c2f,250.75381901000037,0.0,AvidMound2949
2026-08-18 03:47:34,day,finance,48,0xeeb1ede6052eef8c829b8e30309441fba3febf68,250.42320200000003,0.0,GTFKY
2026-08-18 03:47:34,day,finance,49,0x1018fa33923d8b0f4b0f8a0822ee045d46027264,244.3808860279969,0.0,EgoVolae
2026-08-18 03:47:34,day,finance,50,0xf66f9cec532f861e78c095eb3d42097094f7352c,242.9727586262801,1331.529301,zyxhzz
2026-08-18 03:47:34,day,finance,51,0x3afe4fb59e5f299cae6acb47a51b955b22fafd59,231.85668299999998,0.0,falaffel3
2026-08-18 03:47:34,day,finance,52,0xf9e1aa52914cbc4e88274a04adea7f53248f0458,229.9675021464118,2352.4847489999997,wagonwheel
2026-08-18 03:47:34,day,finance,53,0x80a0da00fbdc8440b0ef601341f14c3e24795708,224.97484384000018,0.0,de5nuts
2026-08-18 03:47:34,day,finance,54,0x95060d8644127a5f06f158102f21e87b18271cd8,216.91396600000007,0.0,just read the instructions
2026-08-18 03:47:34,day,finance,55,0x4ef164fc32dabb94face942a27ba5723167fd36f,211.0368000000003,0.0,jaybd
2026-08-18 03:47:34,day,finance,56,0x1beb979bac2bd95fd659627518b87f37fac0c6f3,202.33018631999994,0.0,stranger6633
2026-08-18 03:47:34,day,finance,57,0xc5535e6419e52074dc13dd2a23d10f3c501e07f3,200.48950993000108,0.0,0xc5535E6419e52074dc13Dd2a23D10f3C501e07f3-1776917647437
2026-08-18 03:47:34,day,finance,58,0xaac1f92692d5ab69eadcb8c7245d3582204f93c7,199.999773,0.0,eth42069 - 30099
2026-08-18 03:47:34,day,finance,59,0xa962aed1a1c74dca6c6fda71f57bce7ed1865860,194.08752529999998,0.0,keyer
2026-08-18 03:47:34,day,finance,60,0x832bbb891caf3a24c7d1915d9f6369c4949b5c91,190.8201998774989,1.14,yoyobb2018
2026-08-18 03:47:34,day,finance,61,0xda68a76eb2575456af9c65d375fa2cba049b6b7b,189.98027238000032,0.0,0xda68A76EB2575456AF9C65d375FA2cBA049b6b7B-1786413516710
2026-08-18 03:47:34,day,finance,62,0x4bbe10ba5b7f6df147c0dae17b46c44a6e562cf3,187.06880662002368,0.0,How.Dare.You
2026-08-18 03:47:34,day,finance,63,0x7057a34ac1d394df61d5a6d62b3291d2288ff998,178.1198669000005,0.0,Ant86
2026-08-18 03:47:34,day,finance,64,0xb5b657ccc19b3626b34589c38a4f9240c3a01fda,178.09178296649975,0.0,rkreddyzoomin
2026-08-18 03:47:34,day,finance,65,0x7c30ee60b7f53f80211ca65df99d48cce53b7673,176.7517581885004,0.0,mazw8
2026-08-18 03:47:34,day,finance,66,0x29bb1aeb34e2cd7e5b1882fd388c7f91212ef0f4,176.71470732900002,0.0,suoha518
2026-08-18 03:47:34,day,finance,67,0xefddc1d3285d0fe1b9f2aa06e04901f527a08370,165.3495499825001,0.0,vino1234
2026-08-18 03:47:34,day,finance,68,0xbc605ab11e44f0b09762313f2cdfb6b25514af79,164.93946884999968,0.0,spacegliderr
2026-08-18 03:47:34,day,finance,69,0x5e84743ad0515699b7adf2588de4c3032d538e88,164.67932736196963,0.0,Cbb.
2026-08-18 03:47:34,day,finance,70,0x8df73e2962d0184ea1f71621784d46ca6b5936c4,160.13643146250251,0.0,End123
2026-08-18 03:47:34,day,finance,71,0x569e37de70cfc302405dc0577ae46f3140bc67db,155.31013900000016,0.0,datNiqqa
2026-08-18 03:47:34,day,finance,72,0xff7ca9cd180d33119e653e3eb50555a3e2ccb233,154.9178429575004,0.0,NoSteinNoGate
2026-08-18 03:47:34,day,finance,73,0x21ffd2b7a212a6f277ed3eca1a9f8efcbca90d71,148.148789908686,2605.6195789999997,Haradwaith
2026-08-18 03:47:34,day,finance,74,0x52268b0618c21a3c1ccbec2b110b1ba6c8338554,147.760321664,0.0,west77
2026-08-18 03:47:34,day,finance,75,0xd5dc16a421717a6e2499818b76a76880874ad1df,146.68311830499988,0.0,caishiopt
2026-08-18 03:47:34,day,finance,76,0x654716c3f1d98e152365627538f3e60668d082b3,141.18093053999974,0.0,CityJay
2026-08-18 03:47:34,day,finance,77,0xc087ebba9951ae91d4e63cc956279ede7b26fed5,140.90889500000003,0.0,ptixgotoit - 10078
2026-08-18 03:47:34,day,finance,78,0xf1899a30a2c016941bf4abd77b900ecacd768e47,140.42547841599662,0.0,Alicia
2026-08-18 03:47:34,day,finance,79,0xe7bd61ac59883bd4abda5c63865430452ecfebce,139.15845362000073,3830.0,Gleaming-Pear
2026-08-18 03:47:34,day,finance,80,0xac29dd1fdcd974bc1bbd62f5859418ea5aab36c7,131.60366099050003,0.0,OnYesYes
2026-08-18 03:47:34,day,finance,81,0xf23d6935eed2a8e52899342c1195f19471efb77a,129.44043710000028,0.0,fedparodi
2026-08-18 03:47:34,day,finance,82,0xa18effd53c9fc23574415b9bac8655e1be97c8c7,127.6708840767881,1207.918432,Webwaffle420
2026-08-18 03:47:34,day,finance,83,0x72f13795baf0bfc6714c3566fdf03ff95611595e,123.06161774900465,0.0,pmwinner
2026-08-18 03:47:34,day,finance,84,0xcfca142138af18226c8c0462216c420370829722,122.5441021100014,0.0,hnwdgf
2026-08-18 03:47:34,day,finance,85,0x96f91943667762bbce634653e01e1a4745611d08,121.3381,0.0,PoppingChairman
2026-08-18 03:47:34,day,finance,86,0xe097659eebf1fdb92cb644ea39d6436cc45b3f2f,119.99969300000001,0.0,0x000000000000000000000000000000000000000
2026-08-18 03:47:34,day,finance,87,0x0143de84c92b9cdfcb5edb594db991d07f2f239a,118.06780062600046,0.0,
2026-08-18 03:47:34,day,finance,88,0x4f23a0976493be385412ce9a6b93841ee2c090db,116.37938103000033,0.0,Hiworld.
2026-08-18 03:47:34,day,finance,89,0xfd557e6db670c9704bc1d0d8e8b585c7d9c9f905,115.39157940850419,50.0,northdrawer
2026-08-18 03:47:34,day,finance,90,0x21f701a6d8febfd948f899114f2b9d9a8ef7e19f,113.1052602084992,0.0,0x21F701A6d8febFd948F899114f2B9D9a8ef7e19F-1760280914378
2026-08-18 03:47:34,day,finance,91,0xfc2f4f50ce2f6045d35558a5e2d8d4b2ac6610c7,110.41192309599865,0.0,0xFc2F4f50ce2F6045d35558A5E2D8d4b2aC6610c7-1769097007451
2026-08-18 03:47:34,day,finance,92,0x11a1e9de18c36eb0991c9c3797aaaefc7ebe7afe,109.46210267499998,0.0,FrankA
2026-08-18 03:47:34,day,finance,93,0xa8ae9f8f2a92cb27a73791bb816e65071ca38eb7,109.10500000000002,0.0,nellojello
2026-08-18 03:47:34,day,finance,94,0x4ccef3fc2fa7fd489bfbd7b46b795ee10a580c5f,109.0499450000001,0.0,iloveleo
2026-08-18 03:47:34,day,finance,95,0x83b4cedd1a90e8e071d77b0c2e12a69916c4c903,108.30151000000001,0.0,leotinker
2026-08-18 03:47:34,day,finance,96,0x6bd3561530e94da23d44bf19a78c8970f5363e23,106.14319036499995,0.0,
2026-08-18 03:47:34,day,finance,97,0x4b8ae011176b76888949476d7fb7a56985faf4a4,105.610928787499,0.0,chessplayer
2026-08-18 03:47:34,day,finance,98,0x0bdbe2e7518338a7ef8e2c9f7e3eb7028b63d5fd,103.76070940000045,0.0,bigheadL
2026-08-18 03:47:34,day,finance,99,0x97e6b74dcf6b53bb180d994ec6c0aa6b411eb085,103.67839636999997,0.0,DragonSlayer13
2026-08-18 03:47:34,day,finance,100,0x0a26054fe174697bf6be759c4b600fdb830d1851,103.44902125500084,0.0,BrevanHoward
2026-08-18 03:47:34,day,culture,1,0xeff9837de49ff99f1a2e5f7fa03e27a07b3c05fd,1527.9348330960129,0.0,Archeroon
2026-08-18 03:47:34,day,culture,2,0xe2b1fc269d0c2e27da11fadd1d9596fe28227d2a,893.8289817857294,300.33000000000004,New.Jeans
2026-08-18 03:47:34,day,culture,3,0x44c1dfe43260c94ed4f1d00de2e1f80fb113ebc1,833.5322499998729,0.0,aenews2
2026-08-18 03:47:34,day,culture,4,0x96489abcb9f583d6835c8ef95ffc923d05a86825,579.6481024992099,390.86,anoin123
2026-08-18 03:47:34,day,culture,5,0x12ed45d2b45259d27a7fb593e564cd269c4fc9b4,563.3612881346053,369.0,sazzaa
2026-08-18 03:47:34,day,culture,6,0x9aeb534c42b58b21673d5e03e9da14fbd15b2729,442.807015810984,828.02,The-Joker
2026-08-18 03:47:34,day,culture,7,0x0f7f9903f46c24ba66900ceb4a427873129c6450,344.0320416649811,0.0,Elonurmom
2026-08-18 03:47:34,day,culture,8,0xf7bbfd4588f578697c0051e855d5d1a8838ba9f7,342.41421204599465,0.0,PiMaak
2026-08-18 03:47:34,day,culture,9,0x99518fa0d201e7542ea2b852809da5a5c8d811bd,312.3852890495,0.0,imnice
2026-08-18 03:47:34,day,culture,10,0x5ccc29d31afb02b07462114349b9bda1b612edb7,297.24599999999896,0.0,KingOdysseus
2026-08-18 03:47:34,day,culture,11,0x4262c6daf3103188f5b0ade4b61326f09cbb0ef2,294.062815568499,0.0,patouossa
2026-08-18 03:47:34,day,culture,12,0x33f832b83b52aa61967fb8ecb2e753734767c5e4,283.91672597253637,638.94,fanat12
2026-08-18 03:47:34,day,culture,13,0x146ddbae0a17c93df342680d878afa804d8317c7,269.4028468954657,1682.648621,Romeo005
2026-08-18 03:47:34,day,culture,14,0xfa21179f2cef2f61cb78e8340ae62b17f9271438,231.59629689100257,0.0,BABELCONSTEL
2026-08-18 03:47:34,day,culture,15,0x6864204009ba1e137989983eafee8644cb3f294b,227.0152407531932,8302.478475,hetacz
2026-08-18 03:47:34,day,culture,16,0x0619dafd91786867631d0546917aa35c244ed801,220.06580222400044,0.0,Kinganibus
2026-08-18 03:47:34,day,culture,17,0x2ef2887692386bebad6ef3df9fd3d0e223047f72,208.97861590998855,4027.31,fghsrthrhrshrsth
2026-08-18 03:47:34,day,culture,18,0xe9a852921cdc2d59527c48feb4fd7582620f60c5,205.45957629500003,0.0,funinvestor
2026-08-18 03:47:34,day,culture,19,0xe5bd42e02dc8c05b31514c1596eaf82d3e52339a,200.3296567314037,1320.266325,Kaiji123
2026-08-18 03:47:34,day,culture,20,0x590ed3d1a14ba08cad23f5c513bad6301772e43d,193.14181284025835,21627.371044000007,smalltimezzz
2026-08-18 03:47:34,day,culture,21,0xe38144dd45632a9f59fe210038f8c0e99de13ba9,190.73698675599826,3566.7799999999997,hr26g2re62de
2026-08-18 03:47:34,day,culture,22,0x2ea825a7eaafa49b59b61af8f376923dc1e4ffcf,173.80422190000763,9354.39,0xaea825a7eaafa49b59b61af8f376923dc1e4ff
2026-08-18 03:47:34,day,culture,23,0x616757230cfe930b016c4cde0620f58f6ede4447,173.4726155900015,7686.1900000000005,0x616757230CFe930B016C4cde0620f58F6edE4447-1777974223801
2026-08-18 03:47:34,day,culture,24,0x84eeecd1b7e901ca0f3c36842f9f7a44301564b4,161.23635977899994,0.0,BERICHING
2026-08-18 03:47:34,day,culture,25,0x4755188644460fc8140a18ccefc1e80b6a5e4158,158.21938717499734,0.0,schizohedgehog
2026-08-18 03:47:34,day,culture,26,0xd676535f347c3be8a531bf08ff1bd417c530a859,146.37680582000212,8139.620000000001,0xd676535f347C3Be8A531bf08Ff1Bd417c530A859-1777974700203
2026-08-18 03:47:34,day,culture,27,0x0d6ec6b50d943aa477d4cd88e0b28b91a03054cf,136.64576604999854,0.0,YourLostMojo
2026-08-18 03:47:34,day,culture,28,0xeae43e9ba1c5d833adc1c99a3aa5c0fcc596ad95,135.6896822005,0.0,0xEaE43E9ba1C5d833ADc1C99A3aA5c0FCc596Ad95-1779195166156
2026-08-18 03:47:34,day,culture,29,0xeb50f95c6b56caf1a182ef55d1f9576ba007f025,134.61673792950592,32108.439787,0xeb50F95c6b56cAf1A182ef55D1f9576bA007f025-1781921391053
2026-08-18 03:47:34,day,culture,30,0x74ff920ae2c6314627395eaf42b10fbb0604be5b,115.94791936685942,2546.194969,WanderingPanda
2026-08-18 03:47:34,day,culture,31,0x13e1f69df75b78372182ebe64bd8dcea1c700805,111.62189036599966,60.0,runes-leo
2026-08-18 03:47:34,day,culture,32,0x82882d761b0d7f18b2cc286117d10cd8a15a5519,111.00000076294782,0.0,Sugarina
2026-08-18 03:47:34,day,culture,33,0xf17cd97d0316fd7c57b38db85a35548fd8a70c29,107.93732747999826,0.0,Natstar777
2026-08-18 03:47:34,day,culture,34,0xf257e1b8cd2ab5c55ee05c20c560202544441950,105.36560989917052,744.9023250000001,
2026-08-18 03:47:34,day,culture,35,0x7e35a2a8cfd1eb1e69dacd043206db5a787f1a6c,105.08247104049588,0.0,buoys
2026-08-18 03:47:34,day,culture,36,0x75d4c19708ad084c1cf6a10cfdf528c76fd94027,104.66436359999352,0.0,whodet
2026-08-18 03:47:34,day,culture,37,0x21d3608ce1c305352a5d3c808fd6255a10ea8d3f,101.10372891700001,0.0,
2026-08-18 03:47:34,day,culture,38,0xa49b6ea0a604c581f2a9569db42c192b1c487054,96.70301172861946,861.373416,387411007415611814092217897387
2026-08-18 03:47:34,day,culture,39,0x52ca8cad990148ffad046766efae6dd87ffe523f,96.57613900299953,0.0,tumbra
2026-08-18 03:47:34,day,culture,40,0xdb9888d138d0296878883fc8f0ff57d5d19f0f80,92.61839999999995,0.0,0xdb9888d138d0296878883FC8F0Ff57d5d19F0F80-1731777897623
2026-08-18 03:47:34,day,culture,41,0x7e5972bfc25819775ee5a9d4f191919375487b8b,91.06668972641637,1163.146,Gaditima
2026-08-18 03:47:34,day,culture,42,0x6df766e3e23ecf297342f37b5783ac066fb8afb0,90.67024902101912,0.0,Poiuztrewq
2026-08-18 03:47:34,day,culture,43,0xe1b361d6a6f237b9ed7534d19b232df8369e1426,89.79525138100144,0.0,tja
2026-08-18 03:47:34,day,culture,44,0x676b8afe6caec68a8f8ff9acf622eb1e448fabc2,87.8389040689998,0.0,0gfe5frt66
2026-08-18 03:47:34,day,culture,45,0xe089e5e74fb21bb106a7fffe1201f0bf82f4ad3a,87.14662547599801,0.0,lox97
2026-08-18 03:47:34,day,culture,46,0x8eab0c46127830072631db88e9dbaeb0b953a56d,86.40657194999949,1477.69,LinaBell🦊
2026-08-18 03:47:34,day,culture,47,0x895838e426ad0458a4938f7f2580b62c3a5d656d,82.79533999999967,0.0,0x895838e426aD0458a4938F7f2580b62c3A5d656D-1786560619940
2026-08-18 03:47:34,day,culture,48,0xc2ca690de86f153bdb1713b8c4fa6519efb9b6ad,79.7585047049999,0.0,Typhooey
2026-08-18 03:47:34,day,culture,49,0x7e88fdd5049c94ea0fb517178e202adac42fb898,78.8325759,0.0,MounirHolding
2026-08-18 03:47:34,day,culture,50,0x277989790d4a8c782d7a4992e13c2dcaa031239a,78.45431464549893,3025.95,balabalababalabala
2026-08-18 03:47:34,day,culture,51,0x2924d14ef7fb302d7d520c2394310409fce5dcde,77.04923627399512,1780.0,0x9b257ead1a6240d4ab5c2ae0253
2026-08-18 03:47:34,day,culture,52,0xe962dfbaed113be79c38e122e67a431231a9663a,76.03391406249875,0.0,Maanimo
2026-08-18 03:47:34,day,culture,53,0xdbba36ff6b9f26eb7e0208c20813d886f905e651,74.53866224000001,74.06,0xDBbA36ff6b9f26eb7e0208C20813d886f905e651-1765815432160
2026-08-18 03:47:34,day,culture,54,0x8c0b637b43ccbd2069b0f789b8439777fdb4f0fb,74.35000217511197,1695.866152,Mustafalafel
2026-08-18 03:47:34,day,culture,55,0xa59c570a9eca148da55f6e1f47a538c0c600bb62,73.46338061403367,135.96,Prexpect
2026-08-18 03:47:34,day,culture,56,0xf02105d60083d7d74d7e0f9785d79e06137cdf56,71.37974999999642,0.0,MollyParkets
2026-08-18 03:47:34,day,culture,57,0xd7f7dd64c728771365f3aacb638e3936ead29ed6,70.31332501200171,1500.0,0xFd67277Fa638e39eaE6
2026-08-18 03:47:34,day,culture,58,0x9e3ed7b661a903fc97afcf49e0f014ebe869f882,69.8843990707403,450.42239099999995,0x9e3ed7b661a903fc97afcf49e0f014ebe869f882-1783406009396
2026-08-18 03:47:34,day,culture,59,0x3de69fd6347a62a618656371e30a17b0c490e560,68.79804794287762,4.553071,Trader120
2026-08-18 03:47:34,day,culture,60,0x04a2a7075963c86990e246e73e50f8023b79e16c,68.3879075719633,2365.8916310000004,gordontradedc
2026-08-18 03:47:34,day,culture,61,0x44a0152818fcf1aca60f70fb822774d27adf76e5,68.04836999999952,0.0,Nostrafakus
2026-08-18 03:47:34,day,culture,62,0xf767fa803ef11754c87175515f071eb487b261df,67.3112699999997,0.0,poli.monaco
2026-08-18 03:47:34,day,culture,63,0x913f5f691ce0a947cf60cd573cbdc7c66d8ec676,65.93331261740423,1227.0,0x913f5F691Ce0a947CF60cD573CBdC7C66d8eC676-1774844074915
2026-08-18 03:47:34,day,culture,64,0xe562cfbf7b3292e0deb29a5b8fd3c38af4794fa9,63.822329878502615,0.0,Hyp3rion
2026-08-18 03:47:34,day,culture,65,0x58a597330d28aa2d18ea923f01de13b1f799ec93,63.72192499999994,0.0,fizoro
2026-08-18 03:47:34,day,culture,66,0x6c7d9ce7d08fbe1bf872fa825916802866a8d6eb,62.26915856619962,244.31199999999998,VVKhqdMdKjEpLsDRwu
2026-08-18 03:47:34,day,culture,67,0x684592063acf613e2d0d5887256a0c16cb48c125,61.3267141529941,1325.5,yuyang
2026-08-18 03:47:34,day,culture,68,0x471abf0558dcd381dcea2fdf54390760c9a30328,60.14537920684961,62.768658,Gustav4
2026-08-18 03:47:34,day,culture,69,0x441909510a0b18a7df9f5ea588314a53d5bcfcf4,59.97477020099973,0.0,Gambler661
2026-08-18 03:47:34,day,culture,70,0x6d3fa0200fec1dbcf4dd7e4408aa1e53779ca942,59.85581052050111,0.0,stauffen
2026-08-18 03:47:34,day,culture,71,0x8e8d8163c34d90ce063c7438637a0e5c3ffa5a27,59.45417733000636,0.0,Geromi
2026-08-18 03:47:34,day,culture,72,0x4f250b86e8eaf49b9aaa7dc0f936bfe3d60b8a2f,56.95301625599993,0.0,BublaDaGoat
2026-08-18 03:47:34,day,culture,73,0x9cdda449d7cedf1072d74982a5dc2349df3d3e97,55.77043764400105,0.0,Robbb
2026-08-18 03:47:34,day,culture,74,0xe2cd2aea8e0b02d04d0733868c88273278b73897,54.94072051495368,166.13793,12345432
2026-08-18 03:47:34,day,culture,75,0x237b23c184060faf9af79e355e05eaa29e31cdec,54.46480365899515,0.0,kyliandictador
2026-08-18 03:47:34,day,culture,76,0xa7a6cd5399040aa661ee595f4421337d80188117,52.579578859999856,0.0,KoloJones
2026-08-18 03:47:34,day,culture,77,0x0e53a3460d579a318560efcc46ad7fb940b35c9d,52.217171577000045,42.0,daibog
2026-08-18 03:47:34,day,culture,78,0x1cd147d1dfd1f129409bdaca9a543b217ea39c20,52.06151816199781,0.0,0x1Cd147D1dFD1f129409BDaCa9A543B217ea39c20-1730764125093
2026-08-18 03:47:34,day,culture,79,0xa2d71813dc3857e582130015bd60e5edb61ee3b7,51.514936013499394,26.72222,exponentially
2026-08-18 03:47:34,day,culture,80,0x1e1aed3928a9617e7c7ae674c4fa7aebbd9d7690,51.3714328615024,640.101,Bitgod
2026-08-18 03:47:34,day,culture,81,0x5a45565906b8478fe456a0d313ce8839b3e7f628,50.65951736700663,708.13,FFIE.
2026-08-18 03:47:34,day,culture,82,0x6be949e0f7f46dbb2ba04da0efadc23dfd2c3493,50.62668109849619,9240.934152,Brotherinchrist
2026-08-18 03:47:34,day,culture,83,0x1f99e6a9a9c64ca5076917018cf2dbb06654ee76,48.63240452398412,230.22133200000002,ERA84
2026-08-18 03:47:34,day,culture,84,0xe7c035ee5136d6c213160a6f760392e2eb1ed656,48.62796067641557,925.144129,0xe7C035eE5136D6c213160a6F760392e2Eb1eD656-1767789082519
2026-08-18 03:47:34,day,culture,85,0x7db5452784044466615b3542703fd95c9696cf18,48.46403125100005,0.0,wakuwaku3
2026-08-18 03:47:34,day,culture,86,0x35f3f632e298b77df6acd316687169d15be3cfd0,48.000000000061846,0.0,RickRockRick
2026-08-18 03:47:34,day,culture,87,0x4f1d5ae26fc31472966e951af3183308736d8de2,47.81746474299052,20.0,e46m3
2026-08-18 03:47:34,day,culture,88,0xdc36e99e2ddb2291286fe0a7d5317044b11c8542,47.070530124176,113.350287,Mommy007
2026-08-18 03:47:34,day,culture,89,0xbe74297ff19030f104ce1d538709f43b30eca70e,45.49265586899969,2696.01,title1
2026-08-18 03:47:34,day,culture,90,0xcb14f61711d913773f4b982af340fa7eae175358,45.32173426952431,0.0,ooops
2026-08-18 03:47:34,day,culture,91,0x4a2be7a7e6e3b41dc2de00706b4c09660ca9af20,44.47944497399658,0.0,troim
2026-08-18 03:47:34,day,culture,92,0xc684828f6b03487759ced2ebdd975f91f3532228,44.04611163350273,9.0,oliman2
2026-08-18 03:47:34,day,culture,93,0x59a1799a1a276a35def6d6ef817b67756dd4a8d1,43.783114738785116,341.46000000000004,LuckyMANNN
2026-08-18 03:47:34,day,culture,94,0x44b0a564260008b65a111286e45079f2cf360822,43.58192394700018,0.0,0x44b0A564260008b65A111286e45079F2CF360822-1779794130690
2026-08-18 03:47:34,day,culture,95,0x0df46cd4065c0706bba1cbf771b6e69e2caec7cb,43.07660999999939,0.0,0xbFfcF3C634B368F277adC26dF75E4560d72156AD-1777985220216
2026-08-18 03:47:34,day,culture,96,0xb08223d6994cf79c10afc58653cbb8051ed55138,43.00086650000037,50.0,ChoiceMeteor2520
2026-08-18 03:47:34,day,culture,97,0x6e6ceb124dbda7711e09de01775ed8329ed7e358,42.67276507499969,0.0,polmar001
2026-08-18 03:47:34,day,culture,98,0xa2301658bef5d1c550bc4d5a6b4b8bde87a61cdb,42.6077570062771,219.98333100000002,Destinybeats
2026-08-18 03:47:34,day,culture,99,0xc5e82bcc29122a2ec9d912b6784235878c368354,42.078376584721724,80.264787,ihrekunst
2026-08-18 03:47:34,day,culture,100,0x43cb4ae1f4ddc9e671486c79c9f40a6fd98b84df,39.94004658213453,713.020475,0x43cb4Ae1f4dDC9E671486C79c9F40A6fd98B84Df-1761656284271
2026-08-18 03:47:34,day,mentions,1,0x6936431c93a525f454d1bb914c107f926c86a45e,198.44161745199983,0.0,OnlyPhan
2026-08-18 03:47:34,day,mentions,2,0xdd574188334300a925465d035c89f76866ede0c4,194.8338248859999,0.0,JoneyB
2026-08-18 03:47:34,day,mentions,3,0x66c1a6fe836ff555ca32848646acedbbe93bfa3f,84.83523999994213,230.0,TrashTrades
2026-08-18 03:47:34,day,mentions,4,0x1c144e30f405a25f991cbd8baa15d40599090869,60.31084999998711,0.0,bernardbulletin
2026-08-18 03:47:34,day,mentions,5,0x30687f44db250f7d914acb4ddc9634c3400e083d,57.88595154000177,0.0,YoungMoziRPG
2026-08-18 03:47:34,day,mentions,6,0x56e772f5083ffeff8518ba4dc6e809c60ca6cf24,35.44269999999999,0.0,goatboss
2026-08-18 03:47:34,day,mentions,7,0x97ead83eb0e6b7f142e63284791882f05ddf3363,31.93750000000051,0.0,Hakei.
2026-08-18 03:47:34,day,mentions,8,0x619dc40631c5f78606d17ed1528d62898096b31c,25.454152604999997,0.0,0x619DC40631C5f78606d17Ed1528d62898096B31C-1767915763461
2026-08-18 03:47:34,day,mentions,9,0xc9727ed498a58a9e8e8758d51c5a4eb0b752dcd9,20.83501670000078,0.0,catalanpaths
2026-08-18 03:47:34,day,mentions,10,0x0ad7f3411bc87f0b5362155e638f04ef05700971,18.25979850000016,337.048,NFLandChill
2026-08-18 03:47:34,day,mentions,11,0x52ebca459280966f4a56240a05e38df8527067ac,13.849500000000944,0.0,AMAM13
2026-08-18 03:47:34,day,mentions,12,0xa3e22cd32aa9238ef7dbcfb4761e33b9eaa1fdf8,11.662128984997253,0.0,pootytherewardfarmer
2026-08-18 03:47:34,day,mentions,13,0x7bff96579b20fe3530e140d6a3c223c9f2127cd6,11.375000000000455,82.5,KingZeManel
2026-08-18 03:47:34,day,mentions,14,0xd63cd7061c651b386e629fbbd348f8d37f1bfad2,11.0,0.0,0xD63CD7061c651b386e629FbbD348f8d37F1bFAD2-1786808005215
2026-08-18 03:47:34,day,mentions,15,0xbad6ead16f3283f58e7c63f1a1b7628ca4609963,7.75,50.0,name505
2026-08-18 03:47:34,day,mentions,16,0x229c0a7d92977a9934e5ac2348d507988996b966,7.651051220634827,0.0,qqqppp-l1
2026-08-18 03:47:34,day,mentions,17,0x961b2866b349bad732c6fce081af9090be4d2b00,7.572848669999987,0.0,erFiodena
2026-08-18 03:47:34,day,mentions,18,0x22dbd51e1a4e10fff072fa24300238c64033190f,7.570664155009581,82.5,SusanWarrenHR
2026-08-18 03:47:34,day,mentions,19,0x2b340fca886b3c7a2cc928c4a89162133fe4b202,7.283320140000342,0.0,Fluo
2026-08-18 03:47:34,day,mentions,20,0x38d5a13ef8e32d5e5a808ceba52d6ac78d4c063c,6.469350000000077,0.0,JonnyA
2026-08-18 03:47:34,day,mentions,21,0x299cb40195d270438f8950902f242d796457d85e,5.525134999999864,0.0,0x93718462075596-836100846371
2026-08-18 03:47:34,day,mentions,22,0xd2f6bb804d63c38d7f6d724298a9bc7c013f5108,5.2083332999999925,0.0,5d5637066a320c
2026-08-18 03:47:34,day,mentions,23,0x75978edaeed0b4aba863a73f7bcb4ab6205e5f01,5.2000000000000455,0.0,ruletheworld
2026-08-18 03:47:34,day,mentions,24,0x30fb41b5a08fff5d3dd983f6323e3343931a7db4,4.610527320001438,0.0,tradetosurvive1
2026-08-18 03:47:34,day,mentions,25,0x81a994924efdbed20c3d360bbea3913b0b6bdf08,4.439999999999969,0.0,zishuai
2026-08-18 03:47:34,day,mentions,26,0x7fa1507e1803272c26d91fb263c507b995d3deeb,4.3499263399996835,30.0,dekivagyok
2026-08-18 03:47:34,day,mentions,27,0x489a6942253203fd0c5e786c230419a02840fff2,4.00674901,0.0,0x489A6942253203fD0c5e786c230419a02840FfF2-1782011056329
2026-08-18 03:47:34,day,mentions,28,0x5f3ee9c40be255d1c18ca38bf4ab94b564c75337,3.7983499999998003,0.0,0x5F3ee9c40Be255D1C18cA38bf4Ab94b564C75337-1776862065527
2026-08-18 03:47:34,day,mentions,29,0xfa2d20deeb873022a82aa781bcaea93cf4ee9a97,3.5214013600000555,30.0,jozeff
2026-08-18 03:47:34,day,mentions,30,0xfc6c19a26cd01b7605db89644ebfdecdb255919a,3.15,0.0,0x80e9F3b8e34027A7f4C7517d7E3d56A5A5B438A8-1728423274773
2026-08-18 03:47:34,day,mentions,31,0x9422f0e5a2c4358bdd2a901aa2a31f58e04ef273,3.0687178000000017,0.0,flexer78
2026-08-18 03:47:34,day,mentions,32,0x80ed3442ee13ca855d90cf78cede3ad3f66ece26,2.808124999999883,0.0,zerosixtynine
2026-08-18 03:47:34,day,mentions,33,0x30088d72c826065532ca9d0b25c66ccaa1c63c76,2.6000000000000014,0.0,bullbull88
2026-08-18 03:47:34,day,mentions,34,0x77fe1c872681e67513ac25137fdfa6eacdc1c253,2.3999999999999915,0.0,xd.kwok
2026-08-18 03:47:34,day,mentions,35,0x126ed8e132ba2005b3b7053bf7dd62febe5fc360,2.054102659999998,15.81,TeenagePanda
2026-08-18 03:47:34,day,mentions,36,0x929a8eb9be3dc9fa54970f10b8195766f1095ab4,1.9732389999999498,0.0,0x929a8Eb9bE3Dc9Fa54970F10b8195766F1095ab4-1774939223503
2026-08-18 03:47:34,day,mentions,37,0xfe9339e4eca140c1a16f94a52b5cde4d29768d0e,1.94600000000014,30.0,winexecutescale
2026-08-18 03:47:34,day,mentions,38,0x2583829535661016b85cea56eab41a2a5280261a,1.937769395000032,0.0,
2026-08-18 03:47:34,day,mentions,39,0xb01e5bc36cc28f00b631f2ba7b1043fad0060c20,1.5701655949920044,0.0,0xb01e5BC36CC28f00b631F2BA7b1043FaD0060c20-1775519081977
2026-08-18 03:47:34,day,mentions,40,0x4a86051b0a7ac1530b70d4e6fc361a5fb755cfda,1.498199999999997,0.0,Markizzz
2026-08-18 03:47:34,day,mentions,41,0xa66790e2b0075e73c3781ddaf1d0b875a3aaceb3,1.4759600000001,0.0,Elias.Thornwell
2026-08-18 03:47:34,day,mentions,42,0x993c95f836ea033d97a08985060869270e208f7a,1.3085356599999614,0.0,lekkerweertje
2026-08-18 03:47:34,day,mentions,43,0x2b9d677d75d42c4f08624816e298d251e8c795f4,1.2250000000003638,0.0,GuyFromTinder
2026-08-18 03:47:34,day,mentions,44,0xbe60cf62f6d3f78ce67d248a5a775ef57fc6c2f7,1.0691497300000066,0.0,IntaSewer
2026-08-18 03:47:34,day,mentions,45,0x9e8ecc4cb3c4e48f544cba2fbbb252a6a65e8db8,1.0498999998089857,0.0,DREAMBIG.
2026-08-18 03:47:34,day,mentions,46,0x50b977391c4b3dd88b0a0bef03c3434fe4284298,1.0475000000008663,15.0,rocketcrypto
2026-08-18 03:47:34,day,mentions,47,0xd4ce0a7ae5c0f1df855ffcb2d37aa26b66d496e8,1.0298456499999915,0.0,l1v3
2026-08-18 03:47:34,day,mentions,48,0xd5527c2bdf2bc4855b4b55b6aabe3b308371ec26,0.9999999999999991,0.0,ElaraVasiliev
2026-08-18 03:47:34,day,mentions,49,0x78db05b03fcd5f0734fffe0365bd5414862eec04,0.9999990000000001,0.0,kira-LP
2026-08-18 03:47:34,day,mentions,50,0x42e7f0c1f45ccc07a2755489789d700e344143bd,0.999999,0.0,betlife-619
2026-08-18 03:47:34,day,mentions,50,0x4ab7625cacd4ec2c8804149ddba6d232fe645f17,0.999999,0.0,yenistriga
2026-08-18 03:47:34,day,mentions,50,0x58f8f1138be2192696378629fc9aa23c7910dc70,0.999999,0.0,bloodmaster
2026-08-18 03:47:34,day,mentions,50,0x96b542bf4bfbba3801f1304dd611f34199600821,0.999999,0.0,secondarycolor
2026-08-18 03:47:34,day,mentions,50,0x8641736a39a229e091eff6fd0c040ad1db192927,0.999999,0.0,
2026-08-18 03:47:34,day,mentions,50,0xdb82fe0d2ea3b3c4466a245ba26d29b2031c46cb,0.999999,0.0,NortheastTiger
2026-08-18 03:47:34,day,mentions,56,0xb5836c39622aa685fcda6d0ef52b45c8802f939e,0.999996,0.0,chilly99
2026-08-18 03:47:34,day,mentions,57,0xeec913dc394341eb97c2264231876b20fef02c45,0.999995,0.0,pepe11
2026-08-18 03:47:34,day,mentions,58,0x6e8d843cc031c1ba0c6dd1d3db0e2cd1adddcc23,0.9999920385769999,0.0,alvarito
2026-08-18 03:47:34,day,mentions,59,0x9257623ec1ef067eb1756f40349e3ff81246cfb0,0.9994995,0.0,Withia
2026-08-18 03:47:34,day,mentions,60,0x74b4d17af9032fc53ec83e8fe17d37344022b283,0.9994559999999995,0.0,strwr
2026-08-18 03:47:34,day,mentions,61,0xdb29faefbac63c791fcdec9a39f4a8c3137f4b3a,0.9994,0.0,
2026-08-18 03:47:34,day,mentions,62,0xd835d39842fe1dd5ad541e6b620c991ca6d91d5e,0.99937785,0.0,kjhgfvghjmk
2026-08-18 03:47:34,day,mentions,63,0xef03567fc5a30b665efca7e9ef2e9e3fe6031fbf,0.9991199999999999,0.0,0xef03567fC5a30B665efca7e9eF2e9e3fe6031FbF-1759574216489
2026-08-18 03:47:34,day,mentions,64,0x61c8abd32c9a3792c8196caaf9c2d3ce31d572ac,0.9990563900000001,0.0,cswrth
2026-08-18 03:47:34,day,mentions,65,0x0adba53d927755feb4d4aca0c3a7e75b7868f95e,0.999,0.0,milfwithnokid
2026-08-18 03:47:34,day,mentions,65,0x3445189bbd762b4cfbd476d1f01092a8f0a8f9fa,0.999,0.0,Batyok
2026-08-18 03:47:34,day,mentions,67,0x4516d2180a80d5b1d46a646cb67ef85ee747ff25,0.998999,0.0,jiton
2026-08-18 03:47:34,day,mentions,68,0xae1223b0240104c7a5f7d305c3888bb329cbcfc1,0.99899436,0.0,0xaE1223b0240104C7a5F7D305c3888BB329cBCfC1-1766964422803
2026-08-18 03:47:34,day,mentions,69,0x7c483d26ccc647422a6e560ec59defe13879f2da,0.998971842662,0.0,0x7C483D26ccC647422a6E560eC59DEFE13879f2Da-1744885137007
2026-08-18 03:47:34,day,mentions,70,0x01636baaefd490d5df43ae3d0c7da2e67699f7c9,0.9989691744239999,0.0,TheRedBear
2026-08-18 03:47:34,day,mentions,71,0x3f05a61b747b292790eff03213760513f85d9524,0.9987577231560001,0.0,Xeiroo
2026-08-18 03:47:34,day,mentions,72,0xce89fa90f3e288ed62a44def95a921755e140089,0.9984662201600001,0.0,ArneFS
2026-08-18 03:47:34,day,mentions,73,0x767d9872cbaa924e3c3e05f94b43a4e3cce6d1b3,0.997748,0.0,changchang1
2026-08-18 03:47:34,day,mentions,74,0xd7bf18e530803a2951cc3e80e9fd805e638f2368,0.9975000000000002,0.0,anonklarol1986
2026-08-18 03:47:34,day,mentions,75,0x8e5004f193584811bae06a350b34c8e2441aded9,0.9972920000000001,0.0,0x8e5004F193584811bAe06a350b34C8e2441AdeD9-1768909790132
2026-08-18 03:47:34,day,mentions,76,0xd87d0e30dddef02cd917dae54e8cf14eae2052f9,0.9972683,0.0,XgangX
2026-08-18 03:47:34,day,mentions,77,0x12de044549c5b11d124c4f82d79cef033d01d155,0.997175272601,0.0,victoriayoung
2026-08-18 03:47:34,day,mentions,78,0x4637b9f28a259a915392ae3ddeb15265196894e3,0.9969669999999999,0.0,0x4637B9f28A259a915392Ae3DDEb15265196894E3-1777325507740
2026-08-18 03:47:34,day,mentions,79,0xdbcd710b921c58493620dcacae92ba0bd79e4036,0.996950592216,0.0,trader000017
2026-08-18 03:47:34,day,mentions,80,0xcfbf6f4525e7d348759f24341ece7901ae40df3a,0.9969009999999999,0.0,
2026-08-18 03:47:34,day,mentions,81,0x44d120043d23cd5db89b1299f56d3ff3f34f9936,0.9968670000000001,0.0,0x44d120043d23cD5DB89b1299f56D3Ff3f34f9936-1764865552907
2026-08-18 03:47:34,day,mentions,82,0x54e4f1a5b059a7ffb2dad83037dbeb18382d4300,0.9966804924099999,0.0,Come4Capital
2026-08-18 03:47:34,day,mentions,83,0x74616f2238deee871e8cd4b6713eb32ed5d332ab,0.9961715557000002,0.0,Doremi4pf
2026-08-18 03:47:34,day,mentions,84,0xa02304e9f72e3866295c790af3590b95f77832bb,0.9960283824680001,0.0,lauratorre
2026-08-18 03:47:34,day,mentions,85,0x715b76415c9eab21a9d633011d0e0031f46418dc,0.9960043261520001,0.0,Valix420
2026-08-18 03:47:34,day,mentions,86,0xa26812e4c396a95c7a4b26d66934f936a7b177dd,0.995982649959,0.0,
2026-08-18 03:47:34,day,mentions,87,0x63ceb541eb422a78d76912bbe066c7959b51d59a,0.99584047,0.0,3c3b
2026-08-18 03:47:34,day,mentions,88,0x6d68f747ffa870bdd95b670bdb5cf2fb232f0237,0.9955980000000011,0.0,TristanWaverly
2026-08-18 03:47:34,day,mentions,89,0xa64bb56817fa45f2cf8419a1107a95a130601b46,0.995597912306,0.0,ceoofpol
2026-08-18 03:47:34,day,mentions,90,0x877e18590b34c0a314f7d2fb8f3c43f42e96dcb2,0.995232256665,0.0,Mojanic
2026-08-18 03:47:34,day,mentions,91,0x73e2a14dc9480a09c8503aedb1c33b291df9e05e,0.995183,0.0,btcrocks
2026-08-18 03:47:34,day,mentions,92,0x2bc03661c5462e2498fd3bb9fb78f5eb17bbac69,0.9950110000000001,0.0,0x2BC03661C5462E2498Fd3bb9FB78F5eb17bbac69-1771495316677
2026-08-18 03:47:34,day,mentions,93,0x09fc877d0f2065b37c5cb5aafc0e66602c7d4cd4,0.9949,0.0,vikkS
2026-08-18 03:47:34,day,mentions,94,0x42f19ff3dce72183f90efed9ff18b061fcac67b9,0.994652,0.0,figurettipy
2026-08-18 03:47:34,day,mentions,95,0xefd7c07709560e8ba1fcd81aa25e070aee09cf7a,0.9946204393829999,0.0,zroller
2026-08-18 03:47:34,day,mentions,96,0x2917ecb9857bb0e204cd54899c0277c07c94e7ac,0.9942050000000001,0.0,arbitrade.pro
2026-08-18 03:47:34,day,mentions,97,0x4ced30a0a5daeb7ddf7248ba10dbe53b51fffc92,0.993929,0.0,linekcer
2026-08-18 03:47:34,day,mentions,98,0xfaf14335872eecad038d336423843a9abb70e8c8,0.993912,0.0,melaniepitts
2026-08-18 03:47:34,day,mentions,99,0xe7b91906bc5349e046ba16f2d25355479344b04f,0.993827,0.0,JLTY
2026-08-18 03:47:34,day,mentions,100,0xab5c6087aaa59e8856ced882d0cac3dac9971fc8,0.993335,0.0,
2026-08-18 03:47:34,day,weather,1,0x23d18416645924e097c453e8ceadd4bfeb6a353f,679.4999999992469,0.0,fcomp3
2026-08-18 03:47:34,day,weather,2,0x104171232971a6db8cf938f76fdbebbb81c5f452,410.6750008294812,821.87,aapang
2026-08-18 03:47:34,day,weather,3,0x30fb41b5a08fff5d3dd983f6323e3343931a7db4,307.2072874419464,6653.752704,tradetosurvive1
2026-08-18 03:47:34,day,weather,4,0xb6fbce093cdd139858c44148a6598d8ec028c038,290.0850218404653,739.996275,Weather-Guru
2026-08-18 03:47:34,day,weather,5,0x0484bf76425db5021ce2d369f78fc125906d4830,282.35245795400624,2267.466965,sleeper-service
2026-08-18 03:47:34,day,weather,6,0x180e62e6f035dbf69118a2306df25d28762129df,272.32342875700215,638.95,fildoro
2026-08-18 03:47:34,day,weather,7,0xf73f7e9c6bd1f40dc045d2a93bec3dd4248aee53,266.5792468187435,1591.172478,meteoblue
2026-08-18 03:47:34,day,weather,8,0x441ad4887046db7732623c72bb6edb72652be9c7,225.1968032199975,262.13356100000004,betting-dog-capital
2026-08-18 03:47:34,day,weather,9,0x7c63520c2ca9b336af0c205b9ccf68217bb393d4,187.57485307360184,5156.7332369999995,opopv.
2026-08-18 03:47:34,day,weather,10,0x741ea111fb6f1b53115986941f1974ecc38671b6,175.5010084200003,0.0,zin51p
2026-08-18 03:47:34,day,weather,11,0x044f334595a7fd42c143e11c8ec47f23c8d1d1f1,161.80976733157877,1496.995541,gghff
2026-08-18 03:47:34,day,weather,12,0x496f76bd5cf4c2819c710ae90ed1c84b2dc6fa5d,158.24432574271123,6583.097374999998,0x496f76BD5Cf4c2819C710aE90Ed1C84B2dc6FA5D-1773782287927
2026-08-18 03:47:34,day,weather,13,0x77f069c3233901628c89d0e8ea5bb510a2822b1f,147.82945249100612,3517.227533,cleaningLady
2026-08-18 03:47:34,day,weather,14,0x7bd9019211677f5db6e221d6a6da030ebcd0bd75,132.1276878535009,0.0,fElon
2026-08-18 03:47:34,day,weather,15,0xb1fe8e3bacce4829bc4a434decbc6faefb4dcafe,119.87870073054023,1131.075642,zQ5da3x9V9ErKAPO
2026-08-18 03:47:34,day,weather,16,0xd218e474776403a330142299f7796e8ba32eb5c9,109.50689604452646,40.0,cigarettes
2026-08-18 03:47:34,day,weather,17,0x66d609dbda9df641eff684190a01182f6de450c7,105.86428378649907,199.963332,LieutenantMiloMinderbinder
2026-08-18 03:47:34,day,weather,18,0x9c90cad21cb08320fb224eab032ddae311c017ef,105.83761572200046,0.0,ytchg
2026-08-18 03:47:34,day,weather,19,0x58a34d556ac676b6aa1a7d5a8cbb169b99fec5ce,99.99563785999953,1357.3500000000001,0x58...c5CE
2026-08-18 03:47:34,day,weather,20,0xaa930fdc4caa3c0f6067404a7bd7899ca45f0bc7,99.4054854034257,1164.2651130000002,Lex-tang
2026-08-18 03:47:34,day,weather,21,0x4351359bb3d8bcab2586723f17f0ee0e2ad05463,96.23183287499955,235.750587,1783323132156
2026-08-18 03:47:34,day,weather,22,0xc24fc1414aedfdc5406fa31e85cfed26704d087f,95.07824839999967,1073.4,shyu5000
2026-08-18 03:47:34,day,weather,23,0xfeccdc127f399b4f5222386922c58ff634ca77da,94.36951811598828,7.16,viksha11
2026-08-18 03:47:34,day,weather,24,0xcb32934773126ed9267babaee1e68f0c375779aa,88.85447523518724,1594.9923399999998,NewBuildingX
2026-08-18 03:47:34,day,weather,25,0xe34dc49497e9187de6d8da4e81f072df89f441f0,87.37729802274453,427.7841609999999,feiniao88
2026-08-18 03:47:34,day,weather,26,0x95d381e71dba6f1c3199fd9bc040383d6fae6eff,82.41989619849991,461.73447799999997,TunSahur
2026-08-18 03:47:34,day,weather,27,0xd1ed12197b7dc22dede923727e9b714024dbd7cb,81.36890675811401,7216.596866999999,curie
2026-08-18 03:47:34,day,weather,28,0xc34f6b088bb9172625ee1ea2ee8da9ac4f037d2e,78.92437988032543,3632.859614,StayFreshCheeseBags
2026-08-18 03:47:34,day,weather,29,0xb1c8a5d48a69aa726e261d48092639329763dd8e,78.15065594178864,3545.0425069999997,tgshduxvs
2026-08-18 03:47:34,day,weather,30,0xb8ad2849635c9ce413f1fdd2e7b364bbfafeff58,77.48898642999984,0.0,Rr55
2026-08-18 03:47:34,day,weather,31,0x56aba5026bf574aea25d731cb6b7d8a8c325784e,75.8529601500004,6504.21,Poortorich
2026-08-18 03:47:34,day,weather,32,0xe6307b98bceee038834a68358e17804999c6ef20,73.87281013831671,3546.8469920000007,anonymous5474495
2026-08-18 03:47:34,day,weather,33,0x28b900953fbbad5e58455c23c994b6f3c283427c,73.54300000000012,0.0,0x28B900953FbBAD5e58455C23C994B6f3C283427c-1756861089748
2026-08-18 03:47:34,day,weather,34,0x3069c1002bd0bb6aec054c7a27722919df95f8ef,72.42056984499868,0.0,Orion96
2026-08-18 03:47:34,day,weather,35,0xeb68675c06e0bb9f08ba510550912d77289ce362,70.64994546384787,1609.3759260000002,0xeB68675C06E0bB9F08ba510550912d77289Ce362-1778811892036
2026-08-18 03:47:34,day,weather,36,0xacf9f185b9d99a1dac682912e60c023987c3a129,70.24578039999997,0.0,6015c508
2026-08-18 03:47:34,day,weather,37,0x5e80473208f4021eeb16ac9a9b5727b7dfc622b8,68.34205050000021,0.0,kely77
2026-08-18 03:47:34,day,weather,38,0x38e2f5d6d1693a365e22b7ca0c715f8d92da2909,68.14756459107684,155.687275,0x38E2f5d6d1693a365E22b7ca0c715f8d92Da2909-1774307530180
2026-08-18 03:47:34,day,weather,39,0x28ea699eb39f3ddc0f6fc087b11e3a0ea2797367,64.32761202326958,357.218411,mryeth
2026-08-18 03:47:34,day,weather,40,0xfc17946b7bedc82eb11329e67d0f2d3a76c1886a,64.1239999999998,0.0,0xfC17946B7BedC82EB11329E67D0f2D3A76C1886A-1783026995151
2026-08-18 03:47:34,day,weather,41,0x63b054851ee0b6915b3218a56cb36e21bf644cf2,61.95525931650002,0.0,WallStreetKlller
2026-08-18 03:47:34,day,weather,42,0x7300833941f579802d58791eb1d0152c1b17e52c,59.73878675849983,798.0501549999999,PontiusPilate
2026-08-18 03:47:34,day,weather,43,0x91f83dd2e149d23bf2193275d3ec4c8c07abd951,57.70021865361946,1172.827068,asplla
2026-08-18 03:47:34,day,weather,44,0xf56ccbb9d8158ae1dda67207d1f76acf2f81ad84,57.552284433315435,2887.0161159999993,LXJXLJ
2026-08-18 03:47:34,day,weather,45,0x671558412687de6dac0558f320ba9f9599c89365,57.50833246500042,0.0,Hassoh
2026-08-18 03:47:34,day,weather,46,0xd7c2d0eeb94d61a822f90a09504feaae61f9e1e0,57.329645818780534,133.535457,wfffkkl
2026-08-18 03:47:34,day,weather,47,0x2c1a7a67e6f71bd61a616841f54ae0df8e8d42d8,56.932462076117474,1399.735616,rocky42015
2026-08-18 03:47:34,day,weather,48,0x7112d3461bb535c71b9a78264944949f1ee36d11,56.135726669798714,507.52359,CV.UNTUNG.RAYA.MAKMUR.ABADI
2026-08-18 03:47:34,day,weather,49,0x4388640a35b4ecebc33f8c73b58a2b988c615050,55.861504110000055,0.0,Started-with-20-USD
2026-08-18 03:47:34,day,weather,50,0x6a8d1709bfb718d8555d315a983c4816278350f9,55.84995422335123,1457.6121280000002,OnlyLuckNoBrain
2026-08-18 03:47:34,day,weather,51,0x4ce3f17be91c3d0d6dbfed7bd4d326957dec4291,55.46432700004152,7044.239999999999,0x4CE3f17Be91C3d0D6dbFed7Bd4D326957dec4291-1768045938794
2026-08-18 03:47:34,day,weather,52,0x74957ea27ac4fbdee46d861fdae357859ff67fcf,55.117434678982136,684.4899499999999,LornaPredicts
2026-08-18 03:47:34,day,weather,53,0x9c2f28448fff2e59179524a287cb70c142ca07d3,53.99909955000007,199.996665,wetarded
2026-08-18 03:47:34,day,weather,54,0xfd368530e2d6b22677eeb90c89b29e232670a832,53.71980727567279,1480.4251450000002,
2026-08-18 03:47:34,day,weather,55,0x7de7cbeba7e2ea14c6445be39d4d46a3cf14a9c8,53.52167642999984,0.0,inventive
2026-08-18 03:47:34,day,weather,56,0x58f943c62336082b66d60c8d552b1b5d500138a7,53.34427915999994,4095.3799999999997,poweragain
2026-08-18 03:47:34,day,weather,57,0x8bdce637780b2d6555b6577433e0320507c3a0ba,51.88246734066689,1171.085106,Benjaminfjp
2026-08-18 03:47:34,day,weather,58,0xb87fb360cb36b252a237b11b18d9a4127ee3f7d4,51.20414727099933,35.745216,yueyueyn
2026-08-18 03:47:34,day,weather,59,0xec86a2d3f69015b1a9382e4dfa8695e1b48760e4,50.701172528919415,33.773938,0xeC86a2d3f69015b1A9382e4dfA8695E1B48760E4-1770735132210
2026-08-18 03:47:34,day,weather,60,0xec90559da74058860027222d15d7189d8166fd41,50.55754601900006,934.8414,kous711
2026-08-18 03:47:34,day,weather,61,0x3f0b450ec6b45633f60c16bbaabed9fdbd1ad571,50.470030525389575,408.01727500000004,0x3f0B450Ec6B45633f60C16bBaABeD9fDbD1AD571-1773606770537
2026-08-18 03:47:34,day,weather,62,0xfd37c3c95979a46195ec5152439f820ca2d19135,48.408849278765956,4483.125215,shamu14
2026-08-18 03:47:34,day,weather,63,0xeb86980e553ec8aad01b98f0d0d68028608cfb51,46.85719589089547,2671.700690999999,weatherrich
2026-08-18 03:47:34,day,weather,64,0xeb583aec55e27ba08ca9398754ca128cc15a407a,46.092201435995776,0.0,dpndv2
2026-08-18 03:47:34,day,weather,65,0x8dcf7e03c1e09d0c25e7b6fecc9825bce6215668,45.8434126799998,0.0,semantics
2026-08-18 03:47:34,day,weather,66,0x73534402899084573c0f0ddc003674eba01cb6c5,45.55532567400223,520.1,newbie147
2026-08-18 03:47:34,day,weather,67,0x122cb94c437ea5e6f088c6c0c143c592ab8efbed,44.01416858999346,3484.7700000000004,0x122Cb94C437EA5e6f088c6c0C143c592ab8EFBed-1782168978900
2026-08-18 03:47:34,day,weather,68,0x6fd4e7920761623e4f2852bb60c0b59a709f4fa0,43.62760242000013,0.0,usurper55
2026-08-18 03:47:34,day,weather,69,0x95bf944dd22691364154fb436ee922798566e00b,42.104399999999714,0.0,hideo
2026-08-18 03:47:34,day,weather,70,0x7076cb961e87bd22199445d02fe22973510cd0d9,40.71379872801617,3691.1393500000004,5a82666suyuchen
2026-08-18 03:47:34,day,weather,71,0xbbb72a812cfbc5217d77c0a0018c71f174d3a11a,40.13918553203257,0.0,sailor82
2026-08-18 03:47:34,day,weather,72,0x5c8b594d429fa4b850b298f1507975a1ba6eeb78,40.09943389033191,263.564076,0x5C8B594d429Fa4B850B298F1507975A1Ba6eEB78-1771937156142
2026-08-18 03:47:34,day,weather,73,0x29863c41d339ba0710b7b023cb5a2e2d70c3b3a9,39.6849421134757,36.0,lonyc
2026-08-18 03:47:34,day,weather,74,0x56b381017b589fb0afb049137c8d4af2e7233fa2,39.62759164549789,0.0,0x56b381017b589FB0AFB049137c8D4Af2E7233fA2-1769535581188
2026-08-18 03:47:34,day,weather,75,0x418486141e02b05ed1a669be9252f74c26dac863,39.23617534105483,1420.2944009999999,ew.2
2026-08-18 03:47:34,day,weather,76,0x25d66f68ec804e9e3949127fa0cac62f155fdbd7,38.615138497022144,3518.9452659999997,suyuchen888
2026-08-18 03:47:34,day,weather,77,0x157069267d199d5e275cc99ce5e793361bedde29,37.49666466750023,265.93,reason.77
2026-08-18 03:47:34,day,weather,78,0xd1156233fca80629cbf6ce80d86a019e04e74906,36.74985995800307,0.0,ducky77
2026-08-18 03:47:34,day,weather,79,0x52033b0138db511641c2a9e181bf5e93b8ddb975,36.63083485000004,0.0,ramboo17
2026-08-18 03:47:34,day,weather,80,0x3c99a9dea75b69fe804deecdcc9a9c0fd2c63cc4,36.41692497079953,644.570321,0x3C99A9DEA75b69FE804DEECDcc9A9c0fD2c63cc4-1767809137123
2026-08-18 03:47:34,day,weather,81,0xf9f2c4bb33c907a5ad695e3da747e10bafc6c27c,36.37973045400054,0.0,PragMax
2026-08-18 03:47:34,day,weather,82,0xf9712c6d06a0e6527ae7f85c9d540158e1a40a57,36.07186808408642,264.954983,rocky42013
2026-08-18 03:47:34,day,weather,83,0x6f744ffd7ae68ad2a53ca4283414c4a19345a597,36.002384897000084,0.0,0x6F744ffd7AE68Ad2A53Ca4283414C4a19345A597-1766405827425
2026-08-18 03:47:34,day,weather,84,0x607c221d1fca1747501fe0b605991ed540fd8e7e,35.76475393786677,3341.6591050000006,maker188
2026-08-18 03:47:34,day,weather,85,0x73749db0d73fdf2bc74e56edcf30dd98180a38ff,35.58354499999996,42.0,ex-webanker
2026-08-18 03:47:34,day,weather,86,0x371beb8942250916c0d2610e080f2b1f6fa88786,35.417599999999936,40.0,goldddddddd
2026-08-18 03:47:34,day,weather,87,0xfd8d4130d037d38ba3d1e7e4d89c8f65fe99038b,35.35402979900027,214.04,cryptotradernpc
2026-08-18 03:47:34,day,weather,88,0x297a0f3a577d5e557d50dc23746ec5fc053b3dd8,34.79492657549986,0.0,boardofvices
2026-08-18 03:47:34,day,weather,89,0xf3a74222fbbab51557eae5005aca0698b2de2657,34.77627233051582,2009.9191939999998,mashuuu
2026-08-18 03:47:34,day,weather,90,0xc1dcdf61c1ddceaede8429b513802161849448fa,34.70346126000004,74.94,mlrbt
2026-08-18 03:47:34,day,weather,91,0x4e82a69f00e361c2b0e54ea29ce08191b68a10ef,34.3250000000001,109.0,Spotless-Godfather
2026-08-18 03:47:34,day,weather,92,0x5556d0148b82f99c1e5990c91f7db7fb60eed729,34.04028247781798,313.051514,wenzhushouyi
2026-08-18 03:47:34,day,weather,93,0xed229d040eac1bb1cdada3c7fc6009f5c0426450,33.823425379999435,847.6500000000001,milkai26
2026-08-18 03:47:34,day,weather,94,0x012f7e64c0e2ce3d1629f79a4a3b5fd69d96400d,33.54192694084685,1504.0055889999999,slowboring
2026-08-18 03:47:34,day,weather,95,0x52ebca459280966f4a56240a05e38df8527067ac,33.474092753458535,1995.07245,AMAM13
2026-08-18 03:47:34,day,weather,96,0x194d562b330832a4e4324096d25804b5fe0e85c0,33.24867000000008,0.0,ccloughley
2026-08-18 03:47:34,day,weather,97,0x8593f09c283080b1c0510c8fc0d04832bb2382f5,33.13089915162209,61.026441,0x8593F09C283080b1c0510c8FC0d04832Bb2382F5-1782741281510
2026-08-18 03:47:34,day,weather,98,0x4167933f6c0f059765b5c8898d44cc342af6f99a,32.59743421999991,0.0,castle.j.soul1
2026-08-18 03:47:34,day,weather,99,0xbe03c2e16256a056b533e5d392ab68419e5a394d,32.0616,0.0,0xbe03c2E16256A056b533e5d392ab68419e5a394D-1735500200039
2026-08-18 03:47:34,day,weather,100,0xfc7b11e443d5a0d8ff5adb1ec359e3d94cb27a75,32.023185669402665,624.4994810000001,caishen8888
2026-08-18 03:47:34,day,economics,1,0xfbe66593e49c4e7a7180a2582f041158bfb800f8,10529.516843609978,0.0,gaven-willwin
2026-08-18 03:47:34,day,economics,2,0xc8ab97a9089a9ff7e6ef0688e6e591a066946418,6427.330584685144,2613.155,ArmageddonRewardsBilly
2026-08-18 03:47:34,day,economics,3,0x3a8aa345d5db7ec5138298c8c4f4540259be7699,5418.796061370056,4694.78,TheReturnOfDarthMaul
2026-08-18 03:47:34,day,economics,4,0x1058f156b207cafe61d102e97bf6796931d301c1,3347.7088149699885,9.09,TheyAreTakingTheHobitsToIsengard
2026-08-18 03:47:34,day,economics,5,0x7b02b2bac2a30ed5e40b7094e734f4c3dc2a4991,3152.7989823999233,0.0,foodenjoyer
2026-08-18 03:47:34,day,economics,6,0x2b2dbd6524cd314a9b1651ec46f7bb1dfa461031,3097.812580629994,871.57,jsmythyson
2026-08-18 03:47:34,day,economics,7,0x71edffd0d70a1da823ff07a3c6fc81457294d338,2811.662429234013,0.0,pako
2026-08-18 03:47:34,day,economics,8,0xc3ca1a42fd9217b2d02fb05980c1803af462688e,2714.0785422699846,0.0,ThePrinceThatWasPromised
2026-08-18 03:47:34,day,economics,9,0xa309f903dbbd559e87d8d368834b8e41355c4cf2,2161.254910509946,0.0,ratehikes
2026-08-18 03:47:34,day,economics,10,0xe7387473b067235436884d16799777cf279edf65,2090.5723949074745,650.52,Huludubu
2026-08-18 03:47:34,day,economics,11,0xc3daa1bb9ce85866fb1a7c3a5d02816798e641fe,2071.5532625499764,0.0,harishjindal
2026-08-18 03:47:34,day,economics,12,0xcaab19659b995951a44cc992447cb2ad5be324dd,1557.7616017875553,0.0,QMG-CORE
2026-08-18 03:47:34,day,economics,13,0xeee1b757ce93e076fdb4c1f4ff183dc302c53e28,1393.1448708899916,0.0,Dreamlawn
2026-08-18 03:47:34,day,economics,14,0x011175c87089797b1c5bebcfb6d501b4c51d60f7,1209.4860188180173,21881.48,hhhhhhhhhhhhhhhhhhhhhhhhhhhhhhhhh
2026-08-18 03:47:34,day,economics,15,0x614dc8d3542c12103d2c6a3553fd761e391d1546,1200.0024873599905,0.0,mr.ozi
2026-08-18 03:47:34,day,economics,16,0xce1d15f4ab2e11cca6fefe4fe7d70889e6531b9b,1149.9998820499895,0.0,armads
2026-08-18 03:47:34,day,economics,17,0x43405b1b3dee23baf8284b3bcfd79930600b64c4,1129.999976379997,0.0,-nkt-
2026-08-18 03:47:34,day,economics,18,0xf5592765133941c40c77e52bc56bbe7ec167f462,1084.8690798899988,0.0,0xf5592765133941c40C77e52Bc56bbe7EC167F462-1755612447740
2026-08-18 03:47:34,day,economics,19,0xe4cb2a8296c45428bbbd699c5dea834b424f4f32,937.1328759520111,0.0,telsaspace
2026-08-18 03:47:34,day,economics,20,0x57e7c7ef2a44ff08d724d0054fa2b648f93db491,924.1482999999935,0.0,Marks1000
2026-08-18 03:47:34,day,economics,21,0x7bc14171ccb0d3e6bac219ec6a76211826e28db4,883.642487370018,0.0,coali10
2026-08-18 03:47:34,day,economics,22,0xdb38fc28f56b059124e324a65461cd0db50ece37,849.0346040300064,0.0,Kainvest
2026-08-18 03:47:34,day,economics,23,0x279586b44e055dfe58bd21fff9d67a675043acd0,802.1475000000064,0.0,0x279586b44E055dfE58BD21Fff9D67A675043Acd0-1763372677832
2026-08-18 03:47:34,day,economics,24,0xe472ce6be1fb4673d6155de37e414ead8bace7eb,720.4503868000029,0.0,TheRealWarMonger
2026-08-18 03:47:34,day,economics,25,0x1d379e322ef813587a3e13ad79857c45edc7f4a4,664.9042475125025,0.0,OverlookHotel
2026-08-18 03:47:34,day,economics,26,0xbaa2bcb5439e985ce4ccf815b4700027d1b92c73,662.4606535099883,0.0,denizz
2026-08-18 03:47:34,day,economics,27,0xb1a279adb096d316b1b168993e8ed976d3cd372a,648.905499919958,0.0,TwoEyes
2026-08-18 03:47:34,day,economics,28,0x801dbe416065cfa8ecffeae526eeb37f393fd8e0,629.9984453499928,0.0,Niseko
2026-08-18 03:47:34,day,economics,29,0xa91edabae0eae478c830a6d5dfd3acc0571709e0,620.8383252019676,6648.635266,enri.hl
2026-08-18 03:47:34,day,economics,30,0xdf17f4a8dd01a4cfa6fc3da323a2baee5f8697d1,613.4424062499966,4900.6,iguana7
2026-08-18 03:47:34,day,economics,31,0x5b6331e7ff0831a3fe2ed12004747db1a9c911a4,611.292373622995,0.0,neutralwave23
2026-08-18 03:47:34,day,economics,32,0xe53312c6c15af508e0c31e2cfadbefddd399ab29,598.7219943599994,0.0,WharfMan
2026-08-18 03:47:34,day,economics,33,0xa022ba0a68e11a78348382ff168601012d4d77f8,593.403953150002,0.0,yungstalin
2026-08-18 03:47:34,day,economics,34,0x7c6ad2c1e9a6a86c663cb95cc328330576f20b8c,577.2287575199953,0.0,Imo7o
2026-08-18 03:47:34,day,economics,35,0x67a3372b546dfb576976ee8d26e15c87f4527eec,570.4572000000044,0.0,Ahufu
2026-08-18 03:47:34,day,economics,36,0xcf19c420814435ffb1c459588208ed23a7ee6402,499.9997413300043,0.0,PantheraUncia
2026-08-18 03:47:34,day,economics,37,0x5ccc29d31afb02b07462114349b9bda1b612edb7,489.3757724799998,0.0,KingOdysseus
2026-08-18 03:47:34,day,economics,38,0xbe89905ca9a689f5129621b62fcf715b5a45b88c,478.4483525794931,0.0,simpleman
2026-08-18 03:47:34,day,economics,39,0xf1ef8705e9f63c790c6fffd6329aea7011718cd6,469.48117076999733,0.0,Outsid3rTrading
2026-08-18 03:47:34,day,economics,40,0x5e73afb20c2b27caccdaad9e49b97fd336576697,449.9265227100004,0.0,Newshound
2026-08-18 03:47:34,day,economics,41,0xbacd00c9080a82ded56f504ee8810af732b0ab35,449.7194759899576,6890.49,ScottyNooo
2026-08-18 03:47:34,day,economics,42,0x162f6fff88a52864f2ecc9833e58089d5254798d,439.99966597999446,0.0,Valen9
2026-08-18 03:47:34,day,economics,43,0xae89da6594bb0d421c8d807d74e213f8729e90b8,415.09241934200145,0.0,Ume-Chang
2026-08-18 03:47:34,day,economics,44,0xc02147dee42356b7a4edbb1c35ac4ffa95f61fa8,411.4964338790014,0.0,Eatpraylove
2026-08-18 03:47:34,day,economics,45,0x5f176a980de5b25f89f17473e5e8adef565c519e,393.6067638099976,0.0,cezarn132
2026-08-18 03:47:34,day,economics,46,0x53e55bc7cb3d67ad177c023ce891ad076a9d6177,388.79993765999825,0.0,Arbguy
2026-08-18 03:47:34,day,economics,47,0x1ea77a5e8191db9f2c0a18f2692feccd0c47bcd9,387.96249690999684,0.0,ps5
2026-08-18 03:47:34,day,economics,48,0x2cea147625e653974b96182a5cbcc1c4911b4ecc,385.3799033500036,0.0,SSCCAAMM
2026-08-18 03:47:34,day,economics,49,0x35bbbad2415fe5e39b12da9a316cdc80b022009b,380.9864089399998,0.0,MisTKy
2026-08-18 03:47:34,day,economics,50,0x4755072010b0a6963d5140b4c34ba6a544664338,376.2378101930017,0.0,QMG-MACRO
2026-08-18 03:47:34,day,economics,51,0xde5a8b92f34439ac875ed1e9081a46f5e8a22251,359.9994000000006,0.0,krill810
2026-08-18 03:47:34,day,economics,52,0x248a27f29b96633b6f5f53c7e526791cf6674b4a,346.74935552999887,0.0,dedpepe
2026-08-18 03:47:34,day,economics,53,0xb0fcea24160139269e0af107811e33d99d6ece0b,343.89740455149513,0.0,DancewithRisk
2026-08-18 03:47:34,day,economics,54,0xfb416335dbe6d84eb0cab94d7042ad20b5ad1fff,343.00178499999856,0.0,cookie96
2026-08-18 03:47:34,day,economics,55,0x9952d39fcc7a5baf664da51dd1b9c95f23ca9cba,337.9998629799975,0.0,helpisontheway
2026-08-18 03:47:34,day,economics,56,0xa8c63f775ddbbe66b56614191747def3021444e8,318.48621883296073,4000.0,Tenebrus7
2026-08-18 03:47:34,day,economics,57,0xdb1b125189913bf03405e74cbf47273b4466efb5,300.700861440002,0.0,hack-vc
2026-08-18 03:47:34,day,economics,58,0x54b56146656e7eef9da02b3a030c18e06e924b31,300.00256260249444,0.0,pup1
2026-08-18 03:47:34,day,economics,59,0x1d620ed68c4fd00b189207ed1f8c13222766d76b,299.99944399999913,0.0,QMG-SCALAR
2026-08-18 03:47:34,day,economics,60,0x91b13b0a8598d55b43e83cadd0e3cd5d66e6cee1,299.9981999999982,0.0,idkwid
2026-08-18 03:47:34,day,economics,61,0x24c8cf69a0e0a17eee21f69d29752bfa32e823e1,298.0402670785552,0.0,debased
2026-08-18 03:47:34,day,economics,62,0xd1eed20edd22a289839379e89e3470ea1742a8ae,293.41991796,0.0,chefradish
2026-08-18 03:47:34,day,economics,63,0xd5eb2846e5f41e76fd1a607320ae1ec45af0b9d6,290.0093596199986,0.0,Burgil
2026-08-18 03:47:34,day,economics,64,0xc2e5359b204c4296b7e1a07603fe0b657486b3a5,289.92869999999857,0.0,euro-catcher
2026-08-18 03:47:34,day,economics,65,0xdc41c39b95453c943174f369926018f6963bdd7e,289.1656428700153,0.0,quavoo
2026-08-18 03:47:34,day,economics,66,0xd218e474776403a330142299f7796e8ba32eb5c9,277.7305457104085,0.0,cigarettes
2026-08-18 03:47:34,day,economics,67,0x9d84ce0306f8551e02efef1680475fc0f1dc1344,277.12325855495874,421.0,ImJustKen
2026-08-18 03:47:34,day,economics,68,0x9e9fb94f518d488787df47787181a01daec81d38,274.9579744399998,0.0,AMike
2026-08-18 03:47:34,day,economics,69,0x5375c751dd5a03a0395f77489d8afa24ce62c1a1,272.24266665000323,0.0,thiswaysir
2026-08-18 03:47:34,day,economics,70,0x8ffc0893f66f69aecce344d05f02fd48347c9529,269.86252663000005,0.0,luck518
2026-08-18 03:47:34,day,economics,71,0x0826042fb1f3f5ff4325ed7237ebc87468070b32,261.52383332000045,2838.55,deltasniper
2026-08-18 03:47:34,day,economics,72,0xd353c5971f18b51941a1d29ffdc2e63ca7fcf6ac,249.99999999999818,0.0,Gold.Mansacks
2026-08-18 03:47:34,day,economics,73,0x1655eac53ec852b6c3785d15feea40035f71a669,247.99984097999914,0.0,PolyOG
2026-08-18 03:47:34,day,economics,74,0x0cbaab2d3f6cc5998e78cc1969c6ee1f4d1392d3,244.95191297999736,182.12,Anomymous
2026-08-18 03:47:34,day,economics,75,0x4e56f1ddaa8f5328036c449b89e731ec748cdee1,243.64296160999947,0.0,BreadGet
2026-08-18 03:47:34,day,economics,76,0x7c9df67aec7b97d6f6ed1b433dedb9a03093acff,238.0358816400003,0.0,Tanjirooo
2026-08-18 03:47:34,day,economics,77,0x70a9e5e6c57c3cb20f52523ccb49a1145bcc6a74,231.94184999999925,0.0,unco
2026-08-18 03:47:34,day,economics,78,0x6fc9e169785ba967602e7ea75ae0c7a666bc6126,224.1250999999993,0.0,DonnyTurtle
2026-08-18 03:47:34,day,economics,79,0x5f8ec8b9c07547d93ac7206ef75c1b625e6021b7,220.07215469299263,0.0,1234ab
2026-08-18 03:47:34,day,economics,80,0xa0c37cb0587b0dd1542f794bcfa345762bba5b9a,217.99984811000013,0.0,kukubaja
2026-08-18 03:47:34,day,economics,81,0x68c24bf4a8ad4d79a6fe4b8eec6f93a02dfd1711,207.61111890999018,14.85,mombil
2026-08-18 03:47:34,day,economics,82,0x0d7e9ddc0a0e6a7cd703ce8d1c0fd3b517a7cb13,205.04947182999922,1000.0,CW1975
2026-08-18 03:47:34,day,economics,83,0x8390808cefaf138f02b7fb0beff93148ce0809f1,200.00002721999772,0.0,miskulinac
2026-08-18 03:47:34,day,economics,84,0x269ced0ede348b4b3f8fd8470b19f65508f79017,200.0,0.0,allen111
2026-08-18 03:47:34,day,economics,85,0xb619ed5b378053f8309c307d2f7adf9c13665068,199.99993106300053,0.0,tnl
2026-08-18 03:47:34,day,economics,86,0x449c7483aade15b5c4772fab7becc60a1c20879e,199.9989999999998,0.0,wbxxx
2026-08-18 03:47:34,day,economics,87,0xc3d5032e16eaa4e50b9f142a6906a3d41614ff2d,187.37890800999958,0.0,bolorini99
2026-08-18 03:47:34,day,economics,88,0xf579036e211211ab1d5d944f1665c394d5959989,182.60321604500132,0.0,newguy666
2026-08-18 03:47:34,day,economics,89,0xb7b8e9681f5c863dfbd3ac7ec66bac69fa0edb31,182.37217535199943,0.0,charlatta
2026-08-18 03:47:34,day,economics,90,0x94daa3bf531255d6565e937c7249d3918fa12bf1,181.27038715000526,0.0,SaracensCapital2
2026-08-18 03:47:34,day,economics,91,0xfbfd14dd4bb607373119de95f1d4b21c3b6c0029,179.32142864941852,0.0,XAE12Archangel
2026-08-18 03:47:34,day,economics,92,0x6db983ff1cbc85249e64e6ccd101aaa613ba4ab5,175.0,0.0,tsihkodiives
2026-08-18 03:47:34,day,economics,93,0xbf5dfa33f94e80f7649fa94a81ab8465d65c6e7d,173.70282072499992,0.0,0xBF5DFa33F94e80F7649FA94a81Ab8465d65C6e7D-1765458383511
2026-08-18 03:47:34,day,economics,94,0xa96c14b37ac162284e1b45eb22052aa1bf3dd1c7,171.60994151999876,0.0,danielleggerman
2026-08-18 03:47:34,day,economics,95,0x8faabef68d5951d3e06ca511dfc778ed6f54deb5,164.82498799999848,0.0,747281
2026-08-18 03:47:34,day,economics,96,0x90bf2dbb1ab3b3c1bdd76d73848afcb19b5799eb,164.1895270800087,0.0,0x90Bf2dbB1ab3b3C1bDd76D73848AFCb19b5799EB-1757018988089
2026-08-18 03:47:34,day,economics,97,0xa3e9a711841e655def080044768452b60f4263d0,160.00154304000034,0.0,alanhutton
2026-08-18 03:47:34,day,economics,98,0xe7bd61ac59883bd4abda5c63865430452ecfebce,159.9958671500026,0.0,Gleaming-Pear
2026-08-18 03:47:34,day,economics,99,0x1ed4da56bf8573634400a4ab7ee779691766ff24,157.56867205999902,0.0,GKK2
2026-08-18 03:47:34,day,economics,100,0x79c57d19c53ba0efd881b2fd1f45cf4ee30ba78e,153.42012651999903,0.0,chinesedushen
2026-08-18 03:47:34,day,tech,1,0xd32ce89f16509d3c8f8b5e9750305a5b2bc2a4c2,2086.266775836557,2432.0,
2026-08-18 03:47:34,day,tech,2,0xa3282d3e882501229c75d0caf134e62e3afb4977,1107.0798172985687,1105.0,korda77
2026-08-18 03:47:34,day,tech,3,0x03805a13a0b3e058f55f6c6af95389d4f431073d,609.6544102178013,2444.614066,donthackme
2026-08-18 03:47:34,day,tech,4,0x28bf066c6cb952da62d6d182c16ad173ada64a4e,201.60848993199033,276.125487,plainfolder
2026-08-18 03:47:34,day,tech,5,0x38e59b36aae31b164200d0cad7c3fe5e0ee795e7,170.55994817149622,0.0,cowcat
2026-08-18 03:47:34,day,tech,6,0x83733b87090cf97aee473b1000beb9bfab7af0bc,161.30580476120485,253.51454400000003,merod
2026-08-18 03:47:34,day,tech,7,0x00425c692a667981118f679ef68fdc775257321e,152.81127499999639,0.0,99problems123
2026-08-18 03:47:34,day,tech,8,0x8557cd0fde0d931652e52fe2422627733c0e6f88,138.59986341299998,0.0,rngmushroom
2026-08-18 03:47:34,day,tech,9,0x69788e136500902559a2fb21883ab9baacbd08d8,135.77327917999992,507.06348,TruongMyLan
2026-08-18 03:47:34,day,tech,10,0xf68aa066c657b1ffc4da0525169084bb303763a3,130.979943303,0.0,RooksD000
2026-08-18 03:47:34,day,tech,11,0xc7d02944a76b9f83b199e9090ecc92c82d241f8a,127.30992658200375,40.0,0xc7D02944A76B9F83B199e9090ECC92C82d241F8a-1776944395495
2026-08-18 03:47:34,day,tech,12,0x74957ea27ac4fbdee46d861fdae357859ff67fcf,126.11680871900171,151.0,LornaPredicts
2026-08-18 03:47:34,day,tech,13,0xa58d4f278d7953cd38eeb929f7e242bfc7c0b9b8,122.59582507660025,2623.54,AiBird
2026-08-18 03:47:34,day,tech,14,0x537263fdfc15e4e967e63c0c783f22f549e74b1f,121.01072677999969,0.0,xiaojiren
2026-08-18 03:47:34,day,tech,15,0xed71335ec71385e5b7553aa180dd68fbb379d7ce,111.45972000000023,0.0,6F456F7474666A7479
2026-08-18 03:47:34,day,tech,16,0x5a7b3328e8756579bfd364ba92c5c589c7bae9eb,103.18584306549928,0.0,notssf3
2026-08-18 03:47:34,day,tech,17,0xb89f5425341719d298dc2f5b9a92374f5fde1c44,96.8709368843447,1608.99,iutwpfal
2026-08-18 03:47:34,day,tech,18,0x1ee9a5fc09665909c0cce297c581703bfbb9197f,94.41278329198713,585.160856,vinii
2026-08-18 03:47:34,day,tech,19,0xad5353afe30c2da57709e2704ef3ccdcf67eef24,93.42281947019592,688.1344389999999,AJSV
2026-08-18 03:47:34,day,tech,20,0x1d38541906e1f4e23774f27d2b82b41552d12078,93.41252399999996,0.0,Donintello
2026-08-18 03:47:34,day,tech,21,0xa815f590e64fa64d417df72c581a32f5ff449cbe,82.675909374502,129.28368,Numitus1994
2026-08-18 03:47:34,day,tech,22,0x44725c4dfdcb50e91188285029580086d08ba648,68.28279255600003,0.0,macrobody
2026-08-18 03:47:34,day,tech,23,0x8633914ff98cbb83e95344da0d25015753458c5f,67.92230300000008,372.0,0x8633914ff98CbB83e95344da0D25015753458c5F-1782962354787
2026-08-18 03:47:34,day,tech,24,0xb2ca88cd9c431a0f1223029088beb0cf4f035fb0,65.87985076300015,0.0,IceFrosst
2026-08-18 03:47:34,day,tech,25,0x124a73f09f38910fe1f7638f22a0f223c3723741,65.80752999999982,0.0,beary65
2026-08-18 03:47:34,day,tech,26,0x2b9dbf4b6e0e11309a9d6d2a09b72f65f652adc0,63.923869999998715,0.0,seal7
2026-08-18 03:47:34,day,tech,27,0xca903676c5f5561885a38a75109ba10d05a8813a,55.935582018000005,0.0,tonton69
2026-08-18 03:47:34,day,tech,28,0x9bc8fdff3d91cc7732f7cb5a1fe90cbc13ee3627,55.24739643000015,0.0,noddd
2026-08-18 03:47:34,day,tech,29,0x5c0ecd812d9c58b5bcc0b1fa2f66d07b8407c9b3,50.99946115500006,0.0,0x5c0eCD812d9C58b5BCC0b1FA2F66d07B8407C9b3-1761307157052
2026-08-18 03:47:34,day,tech,30,0x09e27c2cbcd98c7e821ef66b309506701dcf29de,46.58216706800022,0.0,ronaldk
2026-08-18 03:47:34,day,tech,31,0xb1fea3922a1998248cf2ae51f740b9be2bb7423a,45.51797136699952,0.0,Mr.Frog🐸
2026-08-18 03:47:34,day,tech,32,0xe6d7c21097f400573e8d4538dd123a001544f810,42.00618467100001,0.0,asdasdasdwow123
2026-08-18 03:47:34,day,tech,33,0x4d1bcbaeed22c6da173b1a356c3c6d2270081419,41.36650000000009,0.0,RolandChang
2026-08-18 03:47:34,day,tech,34,0x52ebca459280966f4a56240a05e38df8527067ac,40.06275419500014,0.0,AMAM13
2026-08-18 03:47:34,day,tech,35,0x5a218c7ad04135830a45c41aaed7294df7809318,39.57533301145304,0.0,balthazar
2026-08-18 03:47:34,day,tech,36,0x4a2be7a7e6e3b41dc2de00706b4c09660ca9af20,39.18237921600121,0.0,troim
2026-08-18 03:47:34,day,tech,37,0x3d7a3f885fde220763aba4a0db32439611bab2e4,35.78483419499999,0.0,Chrismactom
2026-08-18 03:47:34,day,tech,38,0x5efe3c04dbc8e0f63260d3984db311128ceb5f55,34.301379965999956,0.0,ammarb
2026-08-18 03:47:34,day,tech,39,0xbd81954a4ebce3a843feb3fc6ebf439cf1c6006d,32.665999999999826,0.0,2Sherlock
2026-08-18 03:47:34,day,tech,40,0x7afb239dabdd549d09ccd3e6cc910958894b61ea,32.40099999999984,0.0,buyaoshangtou1
2026-08-18 03:47:34,day,tech,41,0x7dd0ef80b582891d0961ec9cfc65a4d8cae12b4b,31.75864108499809,0.0,horatio
2026-08-18 03:47:34,day,tech,42,0xe7fe17248aab26ed24935921fb81bf0a452624e5,30.278025985,0.0,Banditoes
2026-08-18 03:47:34,day,tech,43,0x85d575c99b977e9e39543747c859c83b727aaece,29.530799999999545,0.0,warlasfutpro
2026-08-18 03:47:34,day,tech,44,0xc8ab97a9089a9ff7e6ef0688e6e591a066946418,29.490388511156198,476.262486,ArmageddonRewardsBilly
2026-08-18 03:47:34,day,tech,45,0x9578af80708f271f705e27867dcf6ec653acf066,27.967119999999795,433.18,KimchiCapital
2026-08-18 03:47:34,day,tech,46,0xd1a63a243042d864520512fbdbd2fd20e0ab1507,27.65489500000149,40.0,DkOYL
2026-08-18 03:47:34,day,tech,47,0xcfff4295288ee29f75a38a7028611b7c1e93673d,27.61012015160304,508.933332,graynotebook19
2026-08-18 03:47:34,day,tech,48,0x0be4c9e1beb1289d3602e4553424fcb3dfa2b548,25.670169999999928,0.0,a5DYXQMGEE
2026-08-18 03:47:34,day,tech,49,0xf903c4cd098184e67a06a04f9b8fdb36e7bbe028,25.204605000000036,0.0,Viserys
2026-08-18 03:47:34,day,tech,50,0x4ffe49ba2a4cae123536a8af4fda48faeb609f71,24.0592797972879,168.28337100000002,planktonXD
2026-08-18 03:47:34,day,tech,51,0x764b305694b026c1acce7bf862c3b5456a146bad,24.024460016000376,102.05554000000001,quietparcel
2026-08-18 03:47:34,day,tech,52,0x2b9d677d75d42c4f08624816e298d251e8c795f4,23.604600703421966,348.41285600000003,GuyFromTinder
2026-08-18 03:47:34,day,tech,53,0x09e672e5993de19f84fbd9a1cc2e298fdc5b24a1,22.373199999999997,0.0,RIC25
2026-08-18 03:47:34,day,tech,54,0x1c443f3c818321b17cbd866fa2dce067b7856021,22.09983790399999,0.0,0x1C443f3c818321b17cBd866FA2Dce067b7856021-1771508334725
2026-08-18 03:47:34,day,tech,55,0xf186449663da29a6eb7e2a14a62d2c5fc2ac09b0,21.91355473499999,108.0,Computerdude111
2026-08-18 03:47:34,day,tech,56,0x08005e9dc4d8b989465b3a4d8a7a82564e63ceb0,21.747467194999974,0.0,FredericChopin
2026-08-18 03:47:34,day,tech,57,0xdf59c7f09a1f0fe407a9fb48f7282012398adeb0,20.959795699999972,0.0,variant1.meta
2026-08-18 03:47:34,day,tech,58,0x84d4f0a864c647b88635c0e299da30d7606377a9,20.82555769300012,0.0,
2026-08-18 03:47:34,day,tech,59,0x215adbb63b47d0ca92f849fe2c2dc1adb0f6254c,20.43008292500008,0.0,BikesAreTheBikes
2026-08-18 03:47:34,day,tech,60,0x97ead83eb0e6b7f142e63284791882f05ddf3363,19.75960002000079,0.0,Hakei.
2026-08-18 03:47:34,day,tech,61,0x5db5d2c1959f96ffda166d84ac2142bfaecf9978,19.468913588624996,0.0,26xyz
2026-08-18 03:47:34,day,tech,62,0xe732156a2d84cdfb4de831d3f11a22899e49898f,19.29486510149968,0.0,Nostdam
2026-08-18 03:47:34,day,tech,63,0x740f246fc04bddcb4b98061dddfdd20cdabea87e,19.036119379999974,0.0,ahmedxa
2026-08-18 03:47:34,day,tech,64,0xa3e22cd32aa9238ef7dbcfb4761e33b9eaa1fdf8,19.00128615064932,210.0,pootytherewardfarmer
2026-08-18 03:47:34,day,tech,65,0x2e1c6e971cff5c3259090d3dea7802a15e4edb61,18.91864383749987,327.0,0x2E1C6E971cff5c3259090d3dEa7802A15e4eDB61-1779115991589
2026-08-18 03:47:34,day,tech,66,0xc2099da50414940eb127d88db78b223b01d63de3,18.185096450000003,2.602,DARLAMARLA
2026-08-18 03:47:34,day,tech,67,0xd7d8677f469adef42c6499e554bc6c4085b519e6,17.990939999999995,0.0,scottylee
2026-08-18 03:47:34,day,tech,68,0xf3fa24ccca4b2eb320eed99828cdec812eb87be3,17.356566856000086,204.0,SuperTests
2026-08-18 03:47:34,day,tech,69,0x8c0b637b43ccbd2069b0f789b8439777fdb4f0fb,17.245470676500048,296.53999999999996,Mustafalafel
2026-08-18 03:47:34,day,tech,70,0x34cb173d34b6c8de809399dae2a595a525827588,16.74318999999997,0.0,richardd
2026-08-18 03:47:34,day,tech,71,0x88b6e6704a2c3bdff2a7b21ce6b1b2e8f3343cff,16.54794999999922,0.0,h038596027355
2026-08-18 03:47:34,day,tech,72,0xe8fcb5f37ef114be04c7e54ff601730117340d3b,16.41906865550004,165.77,Fihdrzgdd
2026-08-18 03:47:34,day,tech,73,0x23e9fdf55ba8baddbae45f375eadd4f2bb23e821,15.80134612500001,0.0,v0000nd3r
2026-08-18 03:47:34,day,tech,74,0xd8d5289c35124b5353f5a10a28b8cc29aec38935,15.68049530399935,16.060000000000002,D8D5289c35124b5353f5A10A28B8cC29aEC38935
2026-08-18 03:47:34,day,tech,75,0xfb8f2d1cd6636fbe404d671a7350f571f42d842b,15.319375721999677,0.0,vvyvv
2026-08-18 03:47:34,day,tech,76,0xe1b361d6a6f237b9ed7534d19b232df8369e1426,15.14649499999905,0.0,tja
2026-08-18 03:47:34,day,tech,77,0x5b6331e7ff0831a3fe2ed12004747db1a9c911a4,15.124515400500968,0.0,neutralwave23
2026-08-18 03:47:34,day,tech,78,0x173314380de52766200850634f85a1b7a88b9411,15.0,0.0,cmarx
2026-08-18 03:47:34,day,tech,78,0xae2292210546c627e1ac69948280ff07516e8794,15.0,0.0,cooljiang
2026-08-18 03:47:34,day,tech,80,0x7dcf67e41483ca38a6db54924ec5e5edbfcba4e5,14.399999999999977,0.0,0x7dcF67e41483cA38A6Db54924EC5E5EDBfCBA4E5-1782112732655
2026-08-18 03:47:34,day,tech,81,0xfd557e6db670c9704bc1d0d8e8b585c7d9c9f905,14.350318665496161,99.0,northdrawer
2026-08-18 03:47:34,day,tech,82,0x43372356634781eea88d61bbdd7824cdce958882,13.621995199995581,0.0,Anjun
2026-08-18 03:47:34,day,tech,83,0xa92729a8d9a672f5e734a413ce92bba42abf4847,13.542391275,0.0,lufei88888
2026-08-18 03:47:34,day,tech,84,0xa65ccb877d2cb355dc74ad3be7134de30ac732fb,13.409854394999968,0.0,Metusalem
2026-08-18 03:47:34,day,tech,85,0xc4ec9e490c00de7145234b1c4a2b81c7d28762af,13.215900000000005,0.0,fwfwf252
2026-08-18 03:47:34,day,tech,86,0x51a86fe763d28695ff8c1d0cf6670161c6dbd398,13.17578335600001,0.0,0x51A86fE763D28695FF8c1D0cf6670161c6dBd398-1759932029835
2026-08-18 03:47:34,day,tech,87,0x17e42a96d19502f341e5657b57bd2309f5ef4d33,12.966059913499947,409.99,SlayerH
2026-08-18 03:47:34,day,tech,88,0x55332464a4d4fae19956d740dddff103918251ba,12.930325745000005,117.0,
2026-08-18 03:47:34,day,tech,89,0x4f1d5ae26fc31472966e951af3183308736d8de2,12.62006055546226,32.0,e46m3
2026-08-18 03:47:34,day,tech,90,0xf2ddbbff7bc5193c5a17c9320886965b478482d3,12.519462161000035,0.0,418Imateapot
2026-08-18 03:47:34,day,tech,91,0xa2770432a5e6bd24c347c976b0d815db1f2c1182,12.311533102499993,0.0,0xA2770432A5E6Bd24c347c976b0D815db1f2C1182-1760945846787
2026-08-18 03:47:34,day,tech,92,0x1e524ff2123d380a690dbdf2245de2a9428e91d6,12.096501232500259,0.0,rocky42002
2026-08-18 03:47:34,day,tech,93,0x7f880b36cbb984ce312e57dd263642bfc52ec6e8,11.863304999999997,0.0,zoro12123123
2026-08-18 03:47:34,day,tech,94,0xd8f858c3fee9d0642879bdb1646341c14bda63fe,11.714662377,0.0,Anon9283764
2026-08-18 03:47:34,day,tech,95,0x9542ff7d244ecef30e0d15c584f427abc82a888b,11.686927055000012,418.0361,ohex56
2026-08-18 03:47:34,day,tech,96,0xb2efc543bd9364f5dcb1d702a79ec8fa7d2cda30,11.606664690415926,1200.0,Brovadana
2026-08-18 03:47:34,day,tech,97,0xeace539957dc19048c7be9bb64e1af6b517b38b9,11.294310406500053,0.0,VonVonagh
2026-08-18 03:47:34,day,tech,98,0xa58f1b12615a81473f8668bed71019ea6650fd67,11.218303364000008,0.0,telaviv
2026-08-18 03:47:34,day,tech,99,0x4807a18cd70a7108366660aa08d94600d8ef70ab,11.206448111999634,0.0,0x4807a18cd0a7108366660aa08d94600d8ef70ab
2026-08-18 03:47:34,day,tech,100,0xe8c4d68aff65b38cac46987b9b65e01eb47d395d,11.200808466500462,797.61,JAMJAMJAM4
