timestamp,timeframe,category,rank,address,pnl,volume,userName
2026-07-12 06:07:14,day,overall,1,0x09b428f7c2b469786286214aa5c90dd9015f7320,1639887.6456009743,3055563.8066609995,DEEDDIT
2026-07-12 06:07:14,day,overall,2,0xd1c537b2a7cba8d365e111bffb9de7b205e2cbd0,1093995.335115037,1921573.0658490001,weatherman12
2026-07-12 06:07:14,day,overall,3,0x5b4ec9c06b284ee52c41a761974d836992880232,835865.3527002429,0.0,ramadamaramadam
2026-07-12 06:07:14,day,overall,4,0x2e25b222e2080c377fc1fb2b9f926315f0f4d49e,762420.3495338995,394298.95079500007,Sparkling8899
2026-07-12 06:07:14,day,overall,5,0x2cff41636fe21fad120fed603d54d4fdd96259db,677889.1281117733,1672036.0168489998,ThisAgain
2026-07-12 06:07:14,day,overall,6,0xc6a63ad5a788a576d4acc9911c50fef9fde49458,591903.1922826697,631408.1808239999,filthybetz
2026-07-12 06:07:14,day,overall,7,0x204f72f35326db932158cba6adff0b9a1da95e14,491280.326861158,9888523.088645004,swisstony
2026-07-12 06:07:14,day,overall,8,0x83720820a8aa6c3f20ad71850e7a1a17d16c5223,442721.61236572335,1777352.6737239999,Jsram
2026-07-12 06:07:14,day,overall,9,0xa7b7505abe2fdcc497c00074534f7fbd7e07962e,364446.2937965989,0.0,gud.hl
2026-07-12 06:07:14,day,overall,10,0x50f0a0fc7364d3c10fc4578b9b1d955368335355,307775.5396906624,434997.88073500013,bettguy
2026-07-12 06:07:14,day,overall,11,0x85f031d069de300055900c4055c1baeb6bde3f67,252935.18961126124,37229.475510000004,RJW1
2026-07-12 06:07:14,day,overall,12,0x2c335066fe58fe9237c3d3dc7b275c2a034a0563,235621.40963900788,11087669.454872001,0x2c335066FE58fe9237c3d3Dc7b275C2a034a0563-1759935795465
2026-07-12 06:07:14,day,overall,13,0xf0318c32136c2db7fec88b84869aee6a1106c80c,225555.11257536663,2434930.493012,BreakTheBank
2026-07-12 06:07:14,day,overall,14,0xe549581668a5751c1972d3ad2d1991d900bd2d54,223349.41840510955,0.0,Allezpapa
2026-07-12 06:07:14,day,overall,15,0xfe787d2da716d60e8acff57fb87eb13cd4d10319,184816.02223277057,2467570.0677819997,ferrariChampions2026
2026-07-12 06:07:14,day,overall,16,0x0af037c59ede5b3b2a6625f23923057d8296d425,171383.58429818644,0.0,Protruder
2026-07-12 06:07:14,day,overall,17,0xe221be3b45dfe5ed562ee9dc16f47205728e06f6,158509.8091262599,477776.870904,Jokerxing7
2026-07-12 06:07:14,day,overall,18,0xa2cd4ccda9a1f95949df7a3355c4c2daa0642ba0,142750.0,350000.0,0xA2cd4CcdA9A1f95949DF7A3355C4c2DAa0642Ba0-1729178570395
2026-07-12 06:07:14,day,overall,19,0x10a6fadcbacd66330862206f6199b197e3ad4d8b,130992.55956524471,126810.824085,rabbitfoot1
2026-07-12 06:07:14,day,overall,20,0xbc1b1e935cf5a06f9378fe2b249338649dc29d59,120628.93893510557,260008.0,shijiebeifacai
2026-07-12 06:07:14,day,overall,21,0xc03ce4d8af842ca6251ac57228b3ffb166ed50af,110585.55732970059,11135.140000000001,NyetRisk
2026-07-12 06:07:14,day,overall,22,0x412fe1a101554f0b382181c3af932e4b2d8030fa,105341.17970214575,242954.55212399986,GrizzliesSuck
2026-07-12 06:07:14,day,overall,23,0x45c3488fd5f78adb7cc59f3f87988e2bcbb859bf,100426.19432946871,119507.29745099999,ultrahypedmike
2026-07-12 06:07:14,day,overall,24,0x6c3aae17140c5e3cde62380daaa323e38575c459,100287.22713600044,0.0,AvrahamEisenberg - 10161
2026-07-12 06:07:14,day,overall,25,0xbf6755d00d146b95374e6b950b274bd81d7bfe3d,99896.89699913125,395999.146906,kaharvaka
2026-07-12 06:07:14,day,overall,26,0x65018f9fc473f6e920b8929a375d39c26a461220,99361.46175557259,0.0,cnyek
2026-07-12 06:07:14,day,overall,27,0xc6587b11a2209e46dfe3928b31c5514a8e33b784,96007.50648442314,142452.59,Erasmus.
2026-07-12 06:07:14,day,overall,28,0x9ee8bbc36d378af72e5f6b8e2ea2eb67c05a89de,95413.95103255776,6551.105170000001,Qpkwks
2026-07-12 06:07:14,day,overall,29,0x1057e7d3ddafc60a4aeb10a2bc5b543792449ea5,90479.2356055061,0.0,Macks22
2026-07-12 06:07:14,day,overall,30,0xc29198ad764bd6adaf7bb971a3757a689ece5d74,87650.87049512955,851410.4421730004,SnakeBall
2026-07-12 06:07:14,day,overall,31,0xa8cf2ed8751f4e58ad039e1b68a8b58b4395031f,85547.41699299996,0.0,
2026-07-12 06:07:14,day,overall,32,0x076daa87c4fe1a85402a9b6b8e0a866224388d4c,84023.25642918871,293923.962614,
2026-07-12 06:07:14,day,overall,33,0xa49becb692927d455924583b5e3e5788246f4c40,81413.33539953292,491341.04000000004,sleepy-panda
2026-07-12 06:07:14,day,overall,34,0xc3c3b3ef304ddbea39fa2246e683a71da5d0eec8,81255.968373518,468928.70698599995,comon119
2026-07-12 06:07:14,day,overall,35,0x408fe71e6b5401ecd6733970cb6f1a25e984b2f4,77504.62814100634,245492.935835,Winnerdinnerchickenjr
2026-07-12 06:07:14,day,overall,36,0xabb89972b21b304c1bed2bf26f35c8741ac9bba3,74069.54880669582,76353.400175,Feromont
2026-07-12 06:07:14,day,overall,37,0x83255595ba1fadd2e734cb30a0fb8110301a19cc,70710.73582671769,1484723.508895,Mind.The.Gap
2026-07-12 06:07:14,day,overall,38,0x533c789d479d445186ff8ec132fa7a27541c2658,68010.48027508399,87518.085403,Winnnnnnning
2026-07-12 06:07:14,day,overall,39,0x7d83c905cb7b0e790499392ce641bb867bd7be92,63081.608963994484,0.0,Sunguyen86
2026-07-12 06:07:14,day,overall,40,0xc660ae71765d0d9eaf5fa8328c1c959841d2bd28,59722.55092757993,204840.27497500004,BoggsFromShawshank
2026-07-12 06:07:14,day,overall,41,0x5d7639ed5fd3c5ebf0fc69d548e1046acd0f9168,56427.13035904025,0.0,PrinceofPol
2026-07-12 06:07:14,day,overall,42,0xc65ca4755436f82d8eb461e65781584b8cadea39,56385.15781632571,84563.72284799999,yesmamaok
2026-07-12 06:07:14,day,overall,43,0xc4ecc62dcba4b855b6e6de09f4eb39385eb62493,55000.00000667601,0.0,BrazilianMemer
2026-07-12 06:07:14,day,overall,44,0x1b47e9b128e6b671edebfb2cac23dd3efc40d814,54785.29647399932,285048.61980900005,sbsigner
2026-07-12 06:07:14,day,overall,45,0x86d2d490bcac9fccea02a44c48272008e0c4731d,53798.77428289619,0.0,umeax
2026-07-12 06:07:14,day,overall,46,0x0288846e8ac11d82dbf56c1565c95bc93c0ce926,50593.850162397735,156334.302726,jack4m
2026-07-12 06:07:14,day,overall,47,0xc430e5b17128df7ce78d69fa28bc7de038641ebf,47994.93262861518,0.0,Gourmet1
2026-07-12 06:07:14,day,overall,48,0xd44f4dcf4bbb6b20db270c478261e2d799f37842,47991.105026902515,95165.553353,Aleosx8
2026-07-12 06:07:14,day,overall,49,0x13414a77a4be48988851c73dfd824d0168e70853,41155.7272034021,145625.09058599998,ROBBATTISTAFANDUELRETARD
2026-07-12 06:07:14,day,overall,50,0x8b5a7da2fdf239b51b9c68a2a1a35bb156d200f2,40744.44647435484,120305.40060499997,Joe-Biden
2026-07-12 06:07:14,day,overall,51,0xa804390f80019699ab34a282c0df7528fba82a75,40723.92646190687,26321.509699,riverskew
2026-07-12 06:07:14,day,overall,52,0xf1528f12e645462c344799b62b1b421a6a4c64aa,40206.21118217078,65512.084459000005,phonesculptor
2026-07-12 06:07:14,day,overall,53,0x2005d16a84ceefa912d4e380cd32e7ff827875ea,40053.97112658818,2057679.671031,RN1
2026-07-12 06:07:14,day,overall,54,0x3f3aa7005f8006bfcc367d43a25cde25509fe8fd,39034.651115052635,104964.213363,us391
2026-07-12 06:07:14,day,overall,55,0xc3ed109b65de5026da25cf80ce91779dfc2c9f79,38002.131553770116,264189.49008799996,
2026-07-12 06:07:14,day,overall,56,0xec8d7bf83a1db5f06b9535985e58ffd17708dd71,37082.77193685991,0.0,gardiner
2026-07-12 06:07:14,day,overall,57,0x73bcd24d510ff4e4d5feac6aec763c5511e246ce,35128.1289736504,102189.575932,0x73bcd24d510Ff4e4D5FEac6aec763C5511E246CE-1767607363396
2026-07-12 06:07:14,day,overall,58,0xf4baccff188321440a1ed01a5d5fd89c3e1f5933,33627.21424865335,118013.42615099999,Treadmilled
2026-07-12 06:07:14,day,overall,59,0x9703676286b93c2eca71ca96e8757104519a69c2,32411.524015887095,71890.273084,AnonymousUsername
2026-07-12 06:07:14,day,overall,60,0x1136368d7f6728e94ed14c532ab95a932f710c2e,31804.061370344367,30000.0,arlanta
2026-07-12 06:07:14,day,overall,61,0xd6966eb1ae7b52320ba7ab1016680198c9e08a49,31438.906253422836,132239.942287,EIf
2026-07-12 06:07:14,day,overall,62,0x7c1ee865a785de4c00ee90ed86a38489fb8bbab3,31134.799331475944,117938.63024299996,CandleHammerDrums
2026-07-12 06:07:14,day,overall,63,0xb87b5c3cf36ab3c5afcc81cd33de4b2fda203626,29582.361355388195,502141.997745,stockpicks
2026-07-12 06:07:14,day,overall,64,0x02afdf21fc7d1f43bd29a71d43bb1be69a6daaa9,29198.980650316662,95678.974199,minhui7788
2026-07-12 06:07:14,day,overall,65,0xfd2b117412a698f322b0cd18d6827dad262b8e50,29012.74212770011,99999.813274,surf
2026-07-12 06:07:14,day,overall,66,0x67ac9e1ad7d7e74ef0215d14fc8edb538e4fedf1,27924.252552887585,153190.01143100002,fkcvffcjt
2026-07-12 06:07:14,day,overall,67,0x07a9bf6d9a913df0e149bb2d652998b57fd832c8,27218.675801151396,0.0,ReedUpdatee
2026-07-12 06:07:14,day,overall,68,0x23d81ba9371e576015c1e562db09c689f56b0288,26619.348506454757,706.9417639999999,flawfence
2026-07-12 06:07:14,day,overall,69,0x580d9dcca035b1de4155be73c1804aef74ebeb6d,26166.885886673408,181755.101318,warluigi
2026-07-12 06:07:14,day,overall,70,0x4f1af091d122e76fa5b1a8ec115c554ec481bc89,25793.50702146459,66582.555,johndegen
2026-07-12 06:07:14,day,overall,71,0x8f8c0eb3c2450ae709c2369bb61dd1b049e9e275,25577.535665342642,0.0,timezonewarrior
2026-07-12 06:07:14,day,overall,72,0xd48a81db62f742c4e42d86dfc23a7ee345366e90,25463.47223783952,0.0,NiFengFanPan
2026-07-12 06:07:14,day,overall,73,0xa80e584e189865e8289403bd96ed52d67e816aa1,25295.505077986425,367.11,allegiant123
2026-07-12 06:07:14,day,overall,74,0x54525ee78bd513b0bf75f94e560158f6fc35d448,24296.103561071126,79973.24193699998,DavidShekel
2026-07-12 06:07:14,day,overall,75,0xccd81fbd3395dc43a0531f8484b21c2462daf4de,24096.005477880004,560682.925055,0F62
2026-07-12 06:07:14,day,overall,76,0x866056133a70de9282a080758858d1a0c8b393ed,23622.327072826534,0.0,0x30353403430dadnm76fes8ma3
2026-07-12 06:07:14,day,overall,77,0xa080dadd87036ad01dbf5e9c254b0c3dbdba234f,23484.56336951896,100920.25504899998,bands1
2026-07-12 06:07:14,day,overall,78,0x8d06b69858838de58452d964bbde54b33f6a7910,22645.70467579385,264495.433461,AlexMercerOne
2026-07-12 06:07:14,day,overall,79,0x0d2d845a6ff64e31e04a70afce8a573940767ff5,21783.819834507307,1170236.2838309999,38791873984189
2026-07-12 06:07:14,day,overall,80,0x2dc13c6bda81b202281e796953a7323de675b33c,21506.62499999994,0.0,xifutloong3
2026-07-12 06:07:14,day,overall,81,0x6046cd5f7fbb585eb088b18071a5007677e287f8,21106.080242,37527.324365,jnbjn
2026-07-12 06:07:14,day,overall,82,0x3b21433b0407e45d683cad1fcb6ba0a6b33ba230,20911.899161999987,135124.687494,steven911
2026-07-12 06:07:14,day,overall,83,0xa18d2ec785c1fa0b0d12aca986eed3e9cd8d9b51,20908.852121555003,0.0,bijiben3
2026-07-12 06:07:14,day,overall,84,0x20b9e670046f1f7677568a674491b4fc8db24aff,20747.594893256595,40000.0,philleotardo
2026-07-12 06:07:14,day,overall,85,0x6e82b93eb57b01a63027bd0c6d2f3f04934a752c,20698.8634399994,0.0,DLEK
2026-07-12 06:07:14,day,overall,86,0x45721362269008ac5988bec2e5c22ca463af5e86,20585.336629339774,61842.073234999996,maksimsoldout
2026-07-12 06:07:14,day,overall,87,0x7cc6c84812b13b164b00284b2d32e035d8209c5c,20478.562989999995,49138.649020000004,amo2016
2026-07-12 06:07:14,day,overall,88,0x565ca59275f81991bd9877d7fa8404c5ecf6519e,20133.849107999995,92696.341,bbwlover
2026-07-12 06:07:14,day,overall,89,0xf2f6af4f27ec2dcf4072095ab804016e14cd5817,19953.20935109607,0.0,gopfan2
2026-07-12 06:07:14,day,overall,90,0xe92d80449a36850ffffc55258a6dd6aba752ebe2,19651.03020558,8169.4339230000005,zkx0808
2026-07-12 06:07:14,day,overall,91,0x83b4456a3e480b94fea044253aa9796d467a23fe,19536.996811291254,47077.628067,lxj02
2026-07-12 06:07:14,day,overall,92,0x6d3c5bd13984b2de47c3a88ddc455309aab3d294,19408.74645837811,598052.0199940001,VeryLucky888
2026-07-12 06:07:14,day,overall,93,0x9f15613ebf1f36d4bc679e1211d1fc567cf9bdb3,19121.761738899586,20062.157761,0x9f15613ebf1f36d4bc679e1211d1fc567cf9bdb3
2026-07-12 06:07:14,day,overall,94,0xb5b60d821300cef591b7c2a7647fd38e5ecaca29,19094.15,46010.0,hgawx
2026-07-12 06:07:14,day,overall,95,0x8ad1455966d1a54150542beaf897df8cc40a9198,19078.430352709813,41999.941264,0x8AD1455966d1a54150542BEaF897DF8cC40A9198-1782227473973
2026-07-12 06:07:14,day,overall,96,0xa022ba0a68e11a78348382ff168601012d4d77f8,19064.840444288773,38936.886537,yungstalin
2026-07-12 06:07:14,day,overall,97,0xd84949634cf9aac74cab066cb978ac33ac676ac7,18848.72061464547,0.0,angelat0
2026-07-12 06:07:14,day,overall,98,0xfe9455e2cad5257b26547af62cbbfd75c8968a3d,18822.22508702369,515057.328623,lovedudley
2026-07-12 06:07:14,day,overall,99,0xd47107e357c4688bffc76504541f5280760bedf8,18766.214999999997,0.0,Jittz
2026-07-12 06:07:14,day,overall,100,0xdef45c24215b67398d984d4670807c9bd04a71e0,18517.626857229574,36500.0,huazi099
2026-07-12 06:07:14,day,politics,1,0xc03ce4d8af842ca6251ac57228b3ffb166ed50af,110259.5787305815,11135.140000000001,NyetRisk
2026-07-12 06:07:14,day,politics,2,0x8c80d213c0cbad777d06ee3f58f6ca4bc03102c3,12121.173516938929,0.0,SecondWindCapital
2026-07-12 06:07:14,day,politics,3,0x0a854897a06d4999e5b2dde5693609f1428ffe9d,10563.789893520065,0.0,TheQuietRisk
2026-07-12 06:07:14,day,politics,4,0x93fb8127a1b21a112b11af936361225df0563e4a,6952.525168724955,0.0,LlamaLoco0000
2026-07-12 06:07:14,day,politics,5,0x9592adb70397e9de67ba9abe6971e3f50fb7a7b8,6758.7137149971095,87141.44988,trashpilot
2026-07-12 06:07:14,day,politics,6,0xfc2f4f50ce2f6045d35558a5e2d8d4b2ac6610c7,5481.6410484894295,78433.32,0xFc2F4f50ce2F6045d35558A5E2D8d4b2aC6610c7-1769097007451
2026-07-12 06:07:14,day,politics,7,0xbacd00c9080a82ded56f504ee8810af732b0ab35,5058.752956200857,993.8390969999999,ScottyNooo
2026-07-12 06:07:14,day,politics,8,0x706ccabb8023add7fe4e773aaaab812eb2d6a94b,4083.4515046199886,0.0,Amrosein
2026-07-12 06:07:14,day,politics,9,0x950ea3d54a52dca7ec54e7a0338812450268f8e5,4000.0002677199955,0.0,onepingonly
2026-07-12 06:07:14,day,politics,10,0xfaf98181c44636998a194aa7660bcae1b977f4c4,3883.4001736860446,0.0,onekey02
2026-07-12 06:07:14,day,politics,11,0xa2f1fecf1cc7db65a46588f764b6691533052d22,3838.791423646966,18973.39,elPolloLoco
2026-07-12 06:07:14,day,politics,12,0x96f452cb979b24e4ad4af05338b7a34a60d7edc5,3476.025294785977,0.0,Nargili
2026-07-12 06:07:14,day,politics,13,0xf2f6af4f27ec2dcf4072095ab804016e14cd5817,3271.3159765205346,0.0,gopfan2
2026-07-12 06:07:14,day,politics,14,0xa9fe4929d4ea1525ca03bd0ff68ea1fbf9e7f135,3134.9316139000002,0.0,novv25
2026-07-12 06:07:14,day,politics,15,0xb8e32d575b8d360f90bcc95596e9a0bee444aaf2,3134.4378451079997,0.0,Jan777
2026-07-12 06:07:14,day,politics,16,0x03805a13a0b3e058f55f6c6af95389d4f431073d,2605.585234657163,5509.7956509999985,donthackme
2026-07-12 06:07:14,day,politics,17,0xae7c98235d5dc797edfa3d3af2e0334238a4487e,2484.164387862009,0.0,ProfitMuhammedPBUH
2026-07-12 06:07:14,day,politics,18,0xfe203e3bd8a4ce3e2689bd7281e41e5ae99667de,2233.145355715999,0.0,Yoriichi77
2026-07-12 06:07:14,day,politics,19,0x19efeeeed6ae7c77f2dea0363c756841e4382115,2168.9676186279994,0.0,0x58a049263e0754cb51a63248c34ffe07e8434899
2026-07-12 06:07:14,day,politics,20,0x4cbe5306af0473ae7499096fece9e8c7689f100a,2078.2071008849525,2736.1,bigbluejay
2026-07-12 06:07:14,day,politics,21,0x1e1f17412069c0736adfaadf8ee7f46e5612c855,2960.0026594044757,0.0,Brokie
2026-07-12 06:07:14,day,politics,22,0x6062a52aa0bbd83a1ca11af2e950d506906a92dc,2803.160537760999,0.0,JosephofEgypt
2026-07-12 06:07:14,day,politics,23,0x03805a13a0b3e058f55f6c6af95389d4f431073d,2584.266409977514,5684.813470999999,donthackme
2026-07-12 06:07:14,day,politics,24,0x6e4b8009426dd540f27797ffc326188c223b3c6d,2525.526675938894,20.454544,Phantom69
2026-07-12 06:07:14,day,politics,25,0xae7c98235d5dc797edfa3d3af2e0334238a4487e,2381.112997895514,0.0,ProfitMuhammedPBUH
2026-07-12 06:07:14,day,politics,26,0x83720820a8aa6c3f20ad71850e7a1a17d16c5223,2204.446701990497,0.0,Jsram
2026-07-12 06:07:14,day,politics,27,0xed107a85a4585a381e48c7f7ca4144909e7dd2e5,2174.0937715107575,11291.930473,elmcap2
2026-07-12 06:07:14,day,politics,28,0x19efeeeed6ae7c77f2dea0363c756841e4382115,2168.9676186279994,0.0,0x58a049263e0754cb51a63248c34ffe07e8434899
2026-07-12 06:07:14,day,politics,29,0x453ae5e896ea243f332ed97c1c77bf2888ce81d2,2040.2468371119994,0.0,5038813185
2026-07-12 06:07:14,day,politics,30,0x44bb9b6af128bdcdac143f9fe845a8a9a105c186,2030.3840380870024,0.0,YOU-CAN-RUN-BUT-YOU-CANT-HIDE
2026-07-12 06:07:14,day,politics,31,0xfe203e3bd8a4ce3e2689bd7281e41e5ae99667de,2030.1321415599996,0.0,Yoriichi77
2026-07-12 06:07:14,day,politics,32,0x9703676286b93c2eca71ca96e8757104519a69c2,2022.1382369389466,13346.28653,AnonymousUsername
2026-07-12 06:07:14,day,politics,33,0x8b4bca1d794779e66e023d44391b2a86c5ab541b,1837.8378424515322,0.0,0x8B4bcA1D794779E66e023D44391B2A86C5ab541B-1769764313952
2026-07-12 06:07:14,day,politics,34,0x1fee90f352fd362ea4bf13c6ed7cdd83a4d2ed5e,1835.1543957110262,0.0,lomneivan
2026-07-12 06:07:14,day,politics,35,0x43bb3b8ce534efa65c1e80a663d8a1bf882726db,1834.2639254635842,18437.79,asdsdfdgfh
2026-07-12 06:07:14,day,politics,36,0x12d6cccfc7470a3f4bafc53599a4779cbf2cf2a8,1681.9173594274325,0.0,classified
2026-07-12 06:07:14,day,politics,37,0x0c2619b92cd24c8d7f347244cba2af3275f1d223,1681.833841388012,3598.46,tugator
2026-07-12 06:07:14,day,politics,38,0x3437e72e870fb6127340164fccdb2fee0ae80335,1670.3148948639637,39771.615022,EdwardVera
2026-07-12 06:07:14,day,politics,39,0x6fe403e59634efe75f338b7b69585ab54d9d5781,1624.9999969644996,0.0,Chp420
2026-07-12 06:07:14,day,politics,40,0x0d15e2724df455f9e65b15104d21d76412a2c454,1616.011511138,0.0,e88888
2026-07-12 06:07:14,day,politics,41,0x52c2143f69dd3dcd249f688623c64ab5f7900556,1537.034564834874,8378.411704,0xcdlambjrrt0lk1en0js1mps0nipda1lyjfk
2026-07-12 06:07:14,day,politics,42,0x4cbe5306af0473ae7499096fece9e8c7689f100a,1530.7251977899505,2736.1,bigbluejay
2026-07-12 06:07:14,day,politics,43,0x1cc16713196d456f86fa9c7387dd326a7f73b8df,1526.659271510085,0.0,Wickier
2026-07-12 06:07:14,day,politics,44,0x6ae06eccd446342f96109e31eb7451383b511472,1519.9984978190332,0.0,TraderSDG
2026-07-12 06:07:14,day,politics,45,0x07a9bf6d9a913df0e149bb2d652998b57fd832c8,1491.3216862950103,0.0,ReedUpdatee
2026-07-12 06:07:14,day,politics,46,0xeeff18351334a1ed2cce2224f57950a2f77f9b38,1441.4745537599988,0.0,SadMax1
2026-07-12 06:07:14,day,politics,47,0xd7856ecb74072b0340b3db5a66f62b900a95b5b7,1434.1715225653961,85.36,Ninalinda
2026-07-12 06:07:14,day,politics,48,0x0c0e270cf879583d6a0142fc817e05b768d0434e,1408.503124914132,250758.35000000003,The Spirit of Ukraine>UMA
2026-07-12 06:07:14,day,politics,49,0x01d17b8f5b8559b7577e3cd6b059c72b4e7d12a4,1350.7621016549965,0.0,BwTrump
2026-07-12 06:07:14,day,politics,50,0xc851cd9bee7d262afd78674f861f9f576a12cd2a,1347.822122943995,11567.747864,betwick
2026-07-12 06:07:14,day,politics,51,0x011f2d377e56119fb09196dffb0948ae55711122,1342.6805161275552,17344.767893,11122
2026-07-12 06:07:14,day,politics,52,0xb9f11a71b90b030d91f9a37f7fa8d514ac97a6a0,1318.74912967,0.0,0xB9F11A71b90b030D91F9a37F7fA8D514Ac97a6a0-1769192572771
2026-07-12 06:07:14,day,politics,53,0x74471a007ddcc488f6d57b5e86dfb35a8d48a16d,1318.5310227723094,122484.81142600001,tetrose
2026-07-12 06:07:14,day,politics,54,0x10862813f78fce64c8a2128624f05a946f7227d2,1294.8660587665008,0.0,gods-eye
2026-07-12 06:07:14,day,politics,55,0x3353237a4e7b6232b974d12c42ee652709868a8e,1273.5501152145,0.0,SmartEagle123
2026-07-12 06:07:14,day,politics,56,0xf56710c938232eb3a18f4116519f02c12fa5d3ef,1238.7458221000013,0.0,simpleinvestor
2026-07-12 06:07:14,day,politics,57,0xce71bed9dd1418abc34d244730879d795e8683bc,1236.6198000570294,0.0,tutrucks
2026-07-12 06:07:14,day,politics,58,0x0bd673272d259ab1de3d9b87052b23877e9063e0,1219.3673534100008,0.0,fractal.cucumber
2026-07-12 06:07:14,day,politics,59,0x3c8ac6a99d9c7a41860aec2ae7520c7aaa68b45a,1217.509244752,0.0,momom
2026-07-12 06:07:14,day,politics,60,0x485a2e9ad89d9109bb4d37b925ba60f6350421cb,1210.1477726399899,0.0,0x485a2E9AD89D9109BB4d37b925bA60f6350421cB-1768423550172
2026-07-12 06:07:14,day,politics,61,0x8aa739ef6613b1e647fc992b06cf569f5b540d94,1207.728162090003,0.0,Rafifa
2026-07-12 06:07:14,day,politics,62,0x746fb1be8434cfa4398c124aeff69f034e3e566d,1197.8502095985095,0.0,FarseerProphecies
2026-07-12 06:07:14,day,politics,63,0x7e5972bfc25819775ee5a9d4f191919375487b8b,1190.068921640479,101.0,Gaditima
2026-07-12 06:07:14,day,politics,64,0x42477970683d4d0a52ec7082fee5d760cc5591c4,1167.8522585986066,0.0,
2026-07-12 06:07:14,day,politics,65,0x863176c50b2039c67811cdf0a28da82c854f9a73,1144.380672874002,0.0,Azrarn
2026-07-12 06:07:14,day,politics,66,0x5739ddf8672627ce076eff5f444610a250075f1a,1137.929438781517,3744.9,hopedieslast
2026-07-12 06:07:14,day,politics,67,0xe8ff0a56d848954b60e8e8ed99637e3c50ddc93b,1101.7152712299867,0.0,BlindGibbon
2026-07-12 06:07:14,day,politics,68,0xf9b71663d723d28fa455db659098e1dacde860a4,1089.772313251,0.0,siick
2026-07-12 06:07:14,day,politics,69,0x129d24a94293cc554fdfef07eba4912cbc277d2d,1084.1294736170003,0.0,CryptoGo
2026-07-12 06:07:14,day,politics,70,0x9a3fa403a6666eef75f92f181fcf13f9c051914a,1064.1613759585161,5.379999999999999,Rex416
2026-07-12 06:07:14,day,politics,71,0xbb59f0ab1db03500f0596f6700be396aa2dc9ecd,1055.0631349965001,0.0,FutureGenius
2026-07-12 06:07:14,day,politics,72,0xd2cb73053a9858deaf8cda1bf78d20307e95b9ea,999.9994000000006,0.0,DOF2
2026-07-12 06:07:14,day,politics,73,0x1c144e30f405a25f991cbd8baa15d40599090869,991.7449424872611,760.372618,bernardbulletin
2026-07-12 06:07:14,day,politics,74,0x0a26054fe174697bf6be759c4b600fdb830d1851,988.7344548240035,0.0,BrevanHoward
2026-07-12 06:07:14,day,politics,75,0xe1b361d6a6f237b9ed7534d19b232df8369e1426,985.4313564488766,4939.20635,tja
2026-07-12 06:07:14,day,politics,76,0x8c66e28fbe7ede7f57ba6cbc70408dff442944f3,984.776885920001,0.0,0x8c66E28FbE7Ede7F57bA6CBc70408DfF442944F3-1777220320442
2026-07-12 06:07:14,day,politics,77,0xe3ae7670827d2100beee9223a9a38dd16bfa440e,962.5200944954995,0.0,BabyKangroo
2026-07-12 06:07:14,day,politics,78,0x4b4bdc29a9ad4caedae5f1139ff8373dede0cbf7,951.9124528639968,0.0,DonaldPumpJr
2026-07-12 06:07:14,day,politics,79,0xaa6ea932c91ae1dc43bb5b9723b6953c728b04fe,944.8497612319998,0.0,thanks4playing
2026-07-12 06:07:14,day,politics,80,0x11fcbba836d927c5fe6e6a6a64c9c0461e33dc48,940.8617677949951,0.0,NeH
2026-07-12 06:07:14,day,politics,81,0x0e8f1b7cf3f5cac3c6d7611b2d85190ea988a6bb,936.834026901,0.0,justaguy25
2026-07-12 06:07:14,day,politics,82,0xc7e53ac4a7c76d6df8b794de2e7d0794265d2d3a,926.7404417629004,12517.800276000002,LiquidatedDegen
2026-07-12 06:07:14,day,politics,83,0xc7d02944a76b9f83b199e9090ecc92c82d241f8a,921.115977698355,28012.436495,0xc7D02944A76B9F83B199e9090ECC92C82d241F8a-1776944395495
2026-07-12 06:07:14,day,politics,84,0xc8ab97a9089a9ff7e6ef0688e6e591a066946418,903.3744246535789,102924.46042000002,ArmageddonRewardsBilly
2026-07-12 06:07:14,day,politics,85,0x74019d0b6978a9f4198af6983c25df40374187c5,892.5151987099962,0.0,freeman1337
2026-07-12 06:07:14,day,politics,86,0x5c14eb6a6d5083c003daa8241ed559d2dc82cc49,886.8130786035035,0.0,forinnerpsandr1x11222
2026-07-12 06:07:14,day,politics,87,0xe7387473b067235436884d16799777cf279edf65,860.6202289649518,0.0,Huludubu
2026-07-12 06:07:14,day,politics,88,0xd4281e4ed3c38413e4333b960c17bc516e456368,852.1976188487761,7717.0,YuliaKyiv
2026-07-12 06:07:14,day,politics,89,0xf678d01ce19bd505351412504cfa66774d23a255,843.211458913499,0.0,0xF678D01Ce19Bd505351412504cFA66774d23A255-1775517236669
2026-07-12 06:07:14,day,politics,90,0x5d189e816b4149be00977c1a3c8840374aec4972,819.7030748134857,58021.895395,gloriafoster
2026-07-12 06:07:14,day,politics,91,0xd849fbe04a3b6d4861ad1b0bd6be7b75679459d6,811.2106763550003,8348.49,Strarper
2026-07-12 06:07:14,day,politics,92,0x3ac4443fec5d95795d6857c52c0c6884c3200e8b,801.1259140000002,0.0,0x3Ac4443Fec5D95795D6857C52C0C6884C3200E8B-1773197078829
2026-07-12 06:07:14,day,politics,93,0xcc2982e3fbbcaf9af9fa373fa3ae392fd9457774,798.7827991390477,17781.394052,hose
2026-07-12 06:07:14,day,politics,94,0x5c1b2689be4b6d3a7917a9c76c778fe191364b4f,797.6241535605016,0.0,stephansmith2004
2026-07-12 06:07:14,day,politics,95,0x410aa391edffa58af64517ec579af5def62b2643,792.4796261399897,0.0,afdafdafdafdafd
2026-07-12 06:07:14,day,politics,96,0xfbd8c9c22ca76b3662d0e53a4f79719fdc684027,789.7952152672806,1681.0,0xfBd8C9C22cA76B3662d0e53A4f79719FDC684027-1779347618060
2026-07-12 06:07:14,day,politics,97,0xc13ad72937dbe8b4f31e5ae1aafd486ca8ac6471,785.4191666499992,0.0,kenzok
2026-07-12 06:07:14,day,politics,98,0x5a560d135484258aa509f6720d31c4ed24f0adab,772.3433562144983,0.0,Anon5566
2026-07-12 06:07:14,day,politics,99,0xc6dd722558dbfbd8fa780efcbe819ed8c6604b9f,765.8451473284513,0.0,tourists
2026-07-12 06:07:14,day,politics,100,0x9771bbd2a6226a2213a283649e3bc04bc8945a0a,761.2982514724918,0.0,0x9771bbD2A6226A2213a283649E3bC04bc8945a0A-1764589379691
2026-07-12 06:07:14,day,sports,1,0x09b428f7c2b469786286214aa5c90dd9015f7320,1639887.6456009753,3055563.8066609995,DEEDDIT
2026-07-12 06:07:14,day,sports,2,0xd1c537b2a7cba8d365e111bffb9de7b205e2cbd0,1093995.335115037,1921573.0658490001,weatherman12
2026-07-12 06:07:14,day,sports,3,0x5b4ec9c06b284ee52c41a761974d836992880232,835865.3527002429,0.0,ramadamaramadam
2026-07-12 06:07:14,day,sports,4,0x2e25b222e2080c377fc1fb2b9f926315f0f4d49e,762420.3495338995,394298.95079500007,Sparkling8899
2026-07-12 06:07:14,day,sports,5,0x2cff41636fe21fad120fed603d54d4fdd96259db,677889.1281117734,1672036.016849,ThisAgain
2026-07-12 06:07:14,day,sports,6,0xc6a63ad5a788a576d4acc9911c50fef9fde49458,591903.1922826697,631408.1808239999,filthybetz
2026-07-12 06:07:14,day,sports,7,0x204f72f35326db932158cba6adff0b9a1da95e14,491280.32686118037,9888523.088645004,swisstony
2026-07-12 06:07:14,day,sports,8,0x83720820a8aa6c3f20ad71850e7a1a17d16c5223,442721.61236470134,1777352.6737239999,Jsram
2026-07-12 06:07:14,day,sports,9,0xa7b7505abe2fdcc497c00074534f7fbd7e07962e,364446.2937965989,0.0,gud.hl
2026-07-12 06:07:14,day,sports,10,0x50f0a0fc7364d3c10fc4578b9b1d955368335355,307775.5396906624,434997.88073500013,bettguy
2026-07-12 06:07:14,day,sports,11,0x85f031d069de300055900c4055c1baeb6bde3f67,252935.18961126194,37229.47551,RJW1
2026-07-12 06:07:14,day,sports,12,0x2c335066fe58fe9237c3d3dc7b275c2a034a0563,234157.54139395803,11027669.454872,0x2c335066FE58fe9237c3d3Dc7b275C2a034a0563-1759935795465
2026-07-12 06:07:14,day,sports,13,0xf0318c32136c2db7fec88b84869aee6a1106c80c,225555.11257536663,2434930.493012,BreakTheBank
2026-07-12 06:07:14,day,sports,14,0xe549581668a5751c1972d3ad2d1991d900bd2d54,223349.41840510955,0.0,Allezpapa
2026-07-12 06:07:14,day,sports,15,0xfe787d2da716d60e8acff57fb87eb13cd4d10319,180663.27204250544,2447010.2517409995,ferrariChampions2026
2026-07-12 06:07:14,day,sports,16,0x0af037c59ede5b3b2a6625f23923057d8296d425,171657.15913318645,0.0,Protruder
2026-07-12 06:07:14,day,sports,17,0xe221be3b45dfe5ed562ee9dc16f47205728e06f6,158509.8091262599,477776.870904,Jokerxing7
2026-07-12 06:07:14,day,sports,18,0xa2cd4ccda9a1f95949df7a3355c4c2daa0642ba0,142750.0,350000.0,0xA2cd4CcdA9A1f95949DF7A3355C4c2DAa0642Ba0-1729178570395
2026-07-12 06:07:14,day,sports,19,0x10a6fadcbacd66330862206f6199b197e3ad4d8b,130992.55956524471,126810.824085,rabbitfoot1
2026-07-12 06:07:14,day,sports,20,0xbc1b1e935cf5a06f9378fe2b249338649dc29d59,120628.93893510557,260008.0,shijiebeifacai
2026-07-12 06:07:14,day,sports,21,0x412fe1a101554f0b382181c3af932e4b2d8030fa,105341.17970214575,242954.55212399986,GrizzliesSuck
2026-07-12 06:07:14,day,sports,22,0x65018f9fc473f6e920b8929a375d39c26a461220,100599.11137361848,0.0,cnyek
2026-07-12 06:07:14,day,sports,23,0x45c3488fd5f78adb7cc59f3f87988e2bcbb859bf,100426.19432946871,119507.29745099999,ultrahypedmike
2026-07-12 06:07:14,day,sports,24,0xbf6755d00d146b95374e6b950b274bd81d7bfe3d,99896.89699913125,395999.146906,kaharvaka
2026-07-12 06:07:14,day,sports,25,0xc6587b11a2209e46dfe3928b31c5514a8e33b784,98142.75416781312,142452.59,Erasmus.
2026-07-12 06:07:14,day,sports,26,0x9ee8bbc36d378af72e5f6b8e2ea2eb67c05a89de,95413.95103255776,6551.105170000001,Qpkwks
2026-07-12 06:07:14,day,sports,27,0x1057e7d3ddafc60a4aeb10a2bc5b543792449ea5,90069.9545675061,0.0,Macks22
2026-07-12 06:07:14,day,sports,28,0xc29198ad764bd6adaf7bb971a3757a689ece5d74,87650.7354951296,851410.4421730004,SnakeBall
2026-07-12 06:07:14,day,sports,29,0x076daa87c4fe1a85402a9b6b8e0a866224388d4c,86409.47674412001,292444.75128900004,
2026-07-12 06:07:14,day,sports,30,0xc3c3b3ef304ddbea39fa2246e683a71da5d0eec8,82583.71905892785,468928.70698599995,comon119
2026-07-12 06:07:14,day,sports,31,0xa49becb692927d455924583b5e3e5788246f4c40,81005.53578953288,491341.04000000004,sleepy-panda
2026-07-12 06:07:14,day,sports,32,0x408fe71e6b5401ecd6733970cb6f1a25e984b2f4,77504.62814100631,245492.935835,Winnerdinnerchickenjr
2026-07-12 06:07:14,day,sports,33,0xabb89972b21b304c1bed2bf26f35c8741ac9bba3,74068.64880669536,76353.400175,Feromont
2026-07-12 06:07:14,day,sports,34,0x83255595ba1fadd2e734cb30a0fb8110301a19cc,70710.73582671769,1484723.508895,Mind.The.Gap
2026-07-12 06:07:14,day,sports,35,0x7d83c905cb7b0e790499392ce641bb867bd7be92,70222.9231863335,0.0,Sunguyen86
2026-07-12 06:07:14,day,sports,36,0x533c789d479d445186ff8ec132fa7a27541c2658,68000.56552814801,87518.085403,Winnnnnnning
2026-07-12 06:07:14,day,sports,37,0xc660ae71765d0d9eaf5fa8328c1c959841d2bd28,59722.550927578995,204840.27497500004,BoggsFromShawshank
2026-07-12 06:07:14,day,sports,38,0x7d2f82da7ae8c910bd1e89475be705d313daef1a,59619.71518837245,6199.139804,TheOpportunist
2026-07-12 06:07:14,day,sports,39,0x2a69660046d7acc4ab204d7cc5ba78b0776cd2f7,58210.289951115206,273942.420961,UpTheBlues
2026-07-12 06:07:14,day,sports,40,0x5d7639ed5fd3c5ebf0fc69d548e1046acd0f9168,56427.13035904025,0.0,PrinceofPol
2026-07-12 06:07:14,day,sports,41,0xc65ca4755436f82d8eb461e65781584b8cadea39,56381.90150208562,83912.45999999999,yesmamaok
2026-07-12 06:07:14,day,sports,42,0xc4ecc62dcba4b855b6e6de09f4eb39385eb62493,55000.0,0.0,BrazilianMemer
2026-07-12 06:07:14,day,sports,43,0x1b47e9b128e6b671edebfb2cac23dd3efc40d814,54813.45346828505,303098.954213,sbsigner
2026-07-12 06:07:14,day,sports,44,0x86d2d490bcac9fccea02a44c48272008e0c4731d,53798.77428289619,0.0,umeax
2026-07-12 06:07:14,day,sports,45,0x0288846e8ac11d82dbf56c1565c95bc93c0ce926,50593.850162397735,156334.302726,jack4m
2026-07-12 06:07:14,day,sports,46,0xc430e5b17128df7ce78d69fa28bc7de038641ebf,47994.78915806324,0.0,Gourmet1
2026-07-12 06:07:14,day,sports,47,0xd44f4dcf4bbb6b20db270c478261e2d799f37842,47991.105026902515,95165.553353,Aleosx8
2026-07-12 06:07:14,day,sports,48,0x13414a77a4be48988851c73dfd824d0168e70853,40909.84366004483,146393.278475,ROBBATTISTAFANDUELRETARD
2026-07-12 06:07:14,day,sports,49,0xa804390f80019699ab34a282c0df7528fba82a75,40728.598966326856,27665.439699,riverskew
2026-07-12 06:07:14,day,sports,50,0xf1528f12e645462c344799b62b1b421a6a4c64aa,40206.21118216985,65512.084459000005,phonesculptor
2026-07-12 06:07:14,day,sports,51,0x2005d16a84ceefa912d4e380cd32e7ff827875ea,40022.4580265861,2057679.671031,RN1
2026-07-12 06:07:14,day,sports,52,0x3f3aa7005f8006bfcc367d43a25cde25509fe8fd,39034.65111505258,104964.213363,us391
2026-07-12 06:07:14,day,sports,53,0xc3ed109b65de5026da25cf80ce91779dfc2c9f79,38002.131553770116,264189.49008799996,
2026-07-12 06:07:14,day,sports,54,0xec8d7bf83a1db5f06b9535985e58ffd17708dd71,37082.77193685991,0.0,gardiner
2026-07-12 06:07:14,day,sports,55,0x73bcd24d510ff4e4d5feac6aec763c5511e246ce,35128.12897365034,102189.575932,0x73bcd24d510Ff4e4D5FEac6aec763C5511E246CE-1767607363396
2026-07-12 06:07:14,day,sports,56,0xf4baccff188321440a1ed01a5d5fd89c3e1f5933,34219.575483,117998.536151,Treadmilled
2026-07-12 06:07:14,day,sports,57,0x8b5a7da2fdf239b51b9c68a2a1a35bb156d200f2,33965.770045650774,120305.40060499997,Joe-Biden
2026-07-12 06:07:14,day,sports,58,0x1136368d7f6728e94ed14c532ab95a932f710c2e,31804.061370344367,30000.0,arlanta
2026-07-12 06:07:14,day,sports,59,0x9703676286b93c2eca71ca96e8757104519a69c2,31531.63551474607,87411.56371599999,AnonymousUsername
2026-07-12 06:07:14,day,sports,60,0xd6966eb1ae7b52320ba7ab1016680198c9e08a49,31460.34205342218,132239.942287,EIf
2026-07-12 06:07:14,day,sports,61,0x7c1ee865a785de4c00ee90ed86a38489fb8bbab3,31135.027849989943,117938.63024299996,CandleHammerDrums
2026-07-12 06:07:14,day,sports,62,0xfd2b117412a698f322b0cd18d6827dad262b8e50,30000.473982200023,99999.813274,surf
2026-07-12 06:07:14,day,sports,63,0xb87b5c3cf36ab3c5afcc81cd33de4b2fda203626,29520.575382528197,502141.997745,stockpicks
2026-07-12 06:07:14,day,sports,64,0x02afdf21fc7d1f43bd29a71d43bb1be69a6daaa9,29198.980650316662,95678.974199,minhui7788
2026-07-12 06:07:14,day,sports,65,0x67ac9e1ad7d7e74ef0215d14fc8edb538e4fedf1,27840.160798897574,153190.01143100002,fkcvffcjt
2026-07-12 06:07:14,day,sports,66,0x23d81ba9371e576015c1e562db09c689f56b0288,27621.10956094024,0.0,flawfence
2026-07-12 06:07:14,day,sports,67,0x580d9dcca035b1de4155be73c1804aef74ebeb6d,26166.885886673466,181755.101318,warluigi
2026-07-12 06:07:14,day,sports,68,0x4f1af091d122e76fa5b1a8ec115c554ec481bc89,25793.274578692603,66582.555,johndegen
2026-07-12 06:07:14,day,sports,69,0x8f8c0eb3c2450ae709c2369bb61dd1b049e9e275,25653.469529947673,0.0,timezonewarrior
2026-07-12 06:07:14,day,sports,70,0xd48a81db62f742c4e42d86dfc23a7ee345366e90,25542.73410429484,0.0,NiFengFanPan
2026-07-12 06:07:14,day,sports,71,0x07a9bf6d9a913df0e149bb2d652998b57fd832c8,25168.681000995384,0.0,ReedUpdatee
2026-07-12 06:07:14,day,sports,72,0xa80e584e189865e8289403bd96ed52d67e816aa1,25061.184518419468,8814.713433,allegiant123
2026-07-12 06:07:14,day,sports,73,0x54525ee78bd513b0bf75f94e560158f6fc35d448,24245.622361592163,79973.241937,DavidShekel
2026-07-12 06:07:14,day,sports,74,0x866056133a70de9282a080758858d1a0c8b393ed,23734.880000000005,0.0,0x30353403430dadnm76fes8ma3
2026-07-12 06:07:14,day,sports,75,0xa080dadd87036ad01dbf5e9c254b0c3dbdba234f,23484.56336951896,100920.25504899998,bands1
2026-07-12 06:07:14,day,sports,76,0x8d06b69858838de58452d964bbde54b33f6a7910,22645.70467579385,264495.433461,AlexMercerOne
2026-07-12 06:07:14,day,sports,77,0xccd81fbd3395dc43a0531f8484b21c2462daf4de,22004.46442788001,560682.925055,0F62
2026-07-12 06:07:14,day,sports,78,0x2dc13c6bda81b202281e796953a7323de675b33c,21506.62499999994,0.0,xifutloong3
2026-07-12 06:07:14,day,sports,79,0x0d2d845a6ff64e31e04a70afce8a573940767ff5,21498.297143287782,1166060.3276809999,38791873984189
2026-07-12 06:07:14,day,sports,80,0x6046cd5f7fbb585eb088b18071a5007677e287f8,21106.080242,37527.324365,jnbjn
2026-07-12 06:07:14,day,sports,81,0xa022ba0a68e11a78348382ff168601012d4d77f8,21031.636509855005,38936.886537,yungstalin
2026-07-12 06:07:14,day,sports,82,0x3b21433b0407e45d683cad1fcb6ba0a6b33ba230,20911.899161999987,135124.687494,steven911
2026-07-12 06:07:14,day,sports,83,0xa18d2ec785c1fa0b0d12aca986eed3e9cd8d9b51,20908.85216719,0.0,bijiben3
2026-07-12 06:07:14,day,sports,84,0x6e82b93eb57b01a63027bd0c6d2f3f04934a752c,20859.4773250001,0.0,DLEK
2026-07-12 06:07:14,day,sports,85,0x20b9e670046f1f7677568a674491b4fc8db24aff,20747.594893256595,40000.0,philleotardo
2026-07-12 06:07:14,day,sports,86,0x45721362269008ac5988bec2e5c22ca463af5e86,20632.21150670378,61842.073234999996,maksimsoldout
2026-07-12 06:07:14,day,sports,87,0x7cc6c84812b13b164b00284b2d32e035d8209c5c,20478.562989999995,49138.649020000004,amo2016
2026-07-12 06:07:14,day,sports,88,0xde7be6d489bce070a959e0cb813128ae659b5f4b,19683.902983979613,114639.590363,wan123
2026-07-12 06:07:14,day,sports,89,0xe92d80449a36850ffffc55258a6dd6aba752ebe2,19651.03020558,8169.4339230000005,zkx0808
2026-07-12 06:07:14,day,sports,90,0x83b4456a3e480b94fea044253aa9796d467a23fe,19536.996811291257,47077.628067,lxj02
2026-07-12 06:07:14,day,sports,91,0x9f15613ebf1f36d4bc679e1211d1fc567cf9bdb3,19469.243710866882,20145.098856999997,0x9f15613ebf1f36d4bc679e1211d1fc567cf9bdb3
2026-07-12 06:07:14,day,sports,92,0x6d3c5bd13984b2de47c3a88ddc455309aab3d294,19339.294262943207,611115.7759789998,VeryLucky888
2026-07-12 06:07:14,day,sports,93,0xfe9455e2cad5257b26547af62cbbfd75c8968a3d,19243.18373550079,559652.360416,lovedudley
2026-07-12 06:07:14,day,sports,94,0xd84949634cf9aac74cab066cb978ac33ac676ac7,19154.612600043285,0.0,angelat0
2026-07-12 06:07:14,day,sports,95,0xb5b60d821300cef591b7c2a7647fd38e5ecaca29,19094.15,46010.0,hgawx
2026-07-12 06:07:14,day,sports,96,0x8ad1455966d1a54150542beaf897df8cc40a9198,19053.430646389806,37000.0,0x8AD1455966d1a54150542BEaF897DF8cC40A9198-1782227473973
2026-07-12 06:07:14,day,sports,97,0xd47107e357c4688bffc76504541f5280760bedf8,18766.214999999997,0.0,Jittz
2026-07-12 06:07:14,day,sports,98,0xdef45c24215b67398d984d4670807c9bd04a71e0,18517.626857229574,36500.0,huazi099
2026-07-12 06:07:14,day,sports,99,0x21f333307ac6d2e65ac82f014b3dd2b64cbc35e3,18377.54079039066,80682.833641,hi774c
2026-07-12 06:07:14,day,sports,100,0x9b12e00626d7dd10fdae0121a0d944f3e76e5ee4,18111.26423180842,2700.0,boomingtest
2026-07-12 06:07:14,day,crypto,1,0x565ca59275f81991bd9877d7fa8404c5ecf6519e,20133.849107999995,92696.341,bbwlover
2026-07-12 06:07:14,day,crypto,2,0x7fb09cd817a0b4b653d322ee1f0318bab5b61da2,11575.218426349995,77643.008774,sdfsdfsdfs3332
2026-07-12 06:07:14,day,crypto,3,0x13f0bcec1e2e60ec9acc3bee4d2da2fe9694a50f,5069.938665999976,70029.989,0x13F0Bcec1e2E60EC9acc3bEE4D2da2FE9694A50f-1774334442364
2026-07-12 06:07:14,day,crypto,4,0xa01c0a5e4f8c1114e95c68ee97694bc95e51766c,4972.628133000049,5022.856699999999,0xa01c0A5E4F8c1114e95c68eE97694BC95E51766C-1782858480408
2026-07-12 06:07:14,day,crypto,5,0x7049557c76a0b416d52b14903cde08be14480eed,4595.288559555191,15475.712537,0x7049557c76A0b416D52B14903cdE08Be14480eED-1781947947917
2026-07-12 06:07:14,day,crypto,6,0xdf22006f892a66491bea07844f0dab5dcf83541c,3939.338326918132,24539.344644000004,Sunries
2026-07-12 06:07:14,day,crypto,7,0xa07c3cec36048dc060bb001339410603a30393be,3698.443442668111,13778.692144,0xa07C3Cec36048dC060Bb001339410603a30393bE-1781948152431
2026-07-12 06:07:14,day,crypto,8,0x043c7c3b76e404d1d208f70ecd1248f34dba80dc,3689.357832000016,5164.0,0x043c7C3b76e404D1D208F70ecd1248f34dbA80dc-1774732011818
2026-07-12 06:07:14,day,crypto,9,0x4a19d30608fcc1dee839f07521350ebcf088a961,3186.8052172646994,18518.200353,020fb76cca98f01b3c48c8938a
2026-07-12 06:07:14,day,crypto,10,0x92ebd6f3193097dfbe10819e4771d1f654ea04c0,3174.805541603788,12567.580903000002,0x92EBD6f3193097DfBe10819e4771D1f654EA04C0-1781948328648
2026-07-12 06:07:14,day,crypto,11,0xe8a0243f2dbd6a63c6fc1390e95f97883e7eca3c,3092.399999999998,5154.0,0xe8a0243F2DBD6A63c6fC1390e95F97883E7ECa3C-1774738183905
2026-07-12 06:07:14,day,crypto,12,0x530ec1ce8fc13d302dccad70c43a60f6ada7f420,3024.5209091850484,11089.356496,0x530EC1cE8fC13D302DcCAd70C43A60f6aDa7F420-1781948583759
2026-07-12 06:07:14,day,crypto,13,0x666924bd065fe153c77cbc45d04e1ab0f8c142b5,2645.7039583455376,13910.199449,0x666924BD065fe153c77CBC45d04e1AB0F8C142B5-1783622409511
2026-07-12 06:07:14,day,crypto,14,0xf1a437dc0ac31303fbc288d1b1dbaf7e7f4c9779,2566.2652179953648,49830.060144,0xd0C09b7e25f88eFfde2
2026-07-12 06:07:14,day,crypto,15,0xd189664c5308903476f9f079820431e4fd7d06f4,2494.697035000194,29587.651308000004,rwo
2026-07-12 06:07:14,day,crypto,16,0x170cd9a17ad1ba30f500b1a706ce1e366aa8df86,2391.0627452551016,7558.427911,0x170cd9A17AD1bA30F500B1A706Ce1E366Aa8DF86-1782095004639
2026-07-12 06:07:14,day,crypto,17,0xf6d2f340298aaa0107d180b73aa93069f80686e7,2298.1112793993234,13268.788306999999,stripedmoon
2026-07-12 06:07:14,day,crypto,18,0x91aab8d0ae5c7dde7d9ea7ca49aeb985e09819b8,2296.0689039999415,20808.981094,0xfifr4t0g0vkdkefj
2026-07-12 06:07:14,day,crypto,19,0xd3400c28aa2c2b95eb1fd47b4e2b4810c604ff6f,2254.212522181182,7218.108571,0xD3400c28aa2C2B95Eb1fd47B4E2B4810C604ff6F-1782095141609
2026-07-12 06:07:14,day,crypto,20,0x2d8553bfc7dfdea6a87aec0d2c0c7d53ca18c543,2249.5954243900114,0.0,ToldYouSo10
2026-07-12 06:07:14,day,crypto,21,0x12c2782b74d3b2a051b55be2e5167970ace01381,2232.8235864349517,14506.48328,gta6wen
2026-07-12 06:07:14,day,crypto,22,0x4228048ea2f8f571ff2777cc32baee584c5134cb,2222.2546868102654,19550.027239,trinity42
2026-07-12 06:07:14,day,crypto,23,0x85d379d0ed5ae9077e96fd97938e38a245816be3,2206.754710847269,9128.06264,hellow111
2026-07-12 06:07:14,day,crypto,24,0xd1cd3b16bae9490c07dfa2d6aee4e558d065afe7,2149.3306429716195,6978.254427999999,0xd1cd3B16BaE9490C07dfa2d6aEe4E558D065AFE7-1782095513346
2026-07-12 06:07:14,day,crypto,25,0xdef838598b8227d6ef199bd1a30559506fcfce5d,2145.328918432844,9995.352133999999,0xdEF838598b8227d6eF199Bd1a30559506Fcfce5d-1781948791432
2026-07-12 06:07:14,day,crypto,26,0xc000be648edd00add372906b358acb4d22338c36,2134.401594138226,9725.441619,0xc000bE648edd00ADd372906B358Acb4d22338C36-1781949312017
2026-07-12 06:07:14,day,crypto,27,0x946769f131a690e168efb9e26e6628f4152ed15f,2132.498506000007,44659.92999999999,cereals155970
2026-07-12 06:07:14,day,crypto,28,0x37c6590cfa826a6534c68ecc361b162fc5c9c970,2000.0790238148693,7060.966448,0x37c6590cfA826A6534C68ecc361B162Fc5c9C970-1782095778842
2026-07-12 06:07:14,day,crypto,29,0x1bd7262bbe4977f5bcbbb84c764e655396b4be5b,1943.8371298527636,7010.999518999999,0x1Bd7262BbE4977f5BcBBB84C764E655396b4BE5b-1782096014060
2026-07-12 06:07:14,day,crypto,30,0xa2a07a7d25cdfdd6e519f18497bf1f4675e7b16b,1918.068334357415,46852.01536799999,chinamax
2026-07-12 06:07:14,day,crypto,31,0x5078d0586b66aa1a328f95103be302e008ed420f,1871.5006290000056,4138.03651,
2026-07-12 06:07:14,day,crypto,32,0x575b2fba39882d7258273de79b0cd2b9ad1d8e6f,1845.146412,4230.716350000001,0x575b2FbA39882D7258273De79B0Cd2B9ad1d8E6f-1776781945633
2026-07-12 06:07:14,day,crypto,33,0xee65685de42f8de9a03b4c53ee77d56a20d2cfc9,1833.4802938550129,161672.82798099995,0x50f7
2026-07-12 06:07:14,day,crypto,34,0xc8d27d1946f7f4511d1ef5f9144db21f67bca0e2,1758.0552834149992,7139.567921,Negranathos
2026-07-12 06:07:14,day,crypto,35,0x3c58ef422754ff22c7e806336feba0064d8b776b,1751.733399076853,26228.175714000005,antsaslyku
2026-07-12 06:07:14,day,crypto,36,0xb9f20c5de6b52fcfa21767beda11b196205a7c6f,1741.2673925025683,8862.703563,0xB9F20C5dE6b52fcFa21767beda11B196205A7c6F-1781949509978
2026-07-12 06:07:14,day,crypto,37,0x0fe40e887acbd0022f89d996acce26ab428501b7,1725.2037344663986,7209.157052999999,gobblewobble
2026-07-12 06:07:14,day,crypto,38,0x0be5439e059468843063e7eb76ada869a249cf29,1721.1787980000008,3999.9879039999996,0x0BE5439E059468843063e7EB76Ada869A249cF29-1773735097041
2026-07-12 06:07:14,day,crypto,39,0xee01a81b4410e4341db0e15550c7d3b6f9f2bb53,1708.0925848139523,12686.56969,ekans1
2026-07-12 06:07:14,day,crypto,40,0x612a9f026fb5e808f2edab30a456aa7078beae06,1706.406551036086,8492.266588,0x612a9F026FB5E808f2edab30a456Aa7078BeaE06-1781950521572
2026-07-12 06:07:14,day,crypto,41,0x711fb49b825ca370fc125ab3c823451e16226abf,1701.6773489190055,8936.6145,0x711FB49B825ca370fc125AB3c823451e16226Abf-1781949707664
2026-07-12 06:07:14,day,crypto,42,0x1cf2e4da29a2407c8674391e1f85fdf1eff2c01d,1688.0423657764786,6271.109289,0x1Cf2E4DA29a2407C8674391E1f85Fdf1efF2c01D-1782096787640
2026-07-12 06:07:14,day,crypto,43,0xae3784366c22f57332bb8d5aa61984e900c04888,1683.7875930121008,22214.443251999997,0xae3784366c22f57332Bb8D5Aa61984e900c0488
2026-07-12 06:07:14,day,crypto,44,0x252d7bae5ec87553dcafb23e275c202ac0d3c456,1682.4290142604186,5898.020021,getbipped
2026-07-12 06:07:14,day,crypto,45,0xe70e4ff3484f018b203646179866ad285ba1fd6c,1671.8388248038723,19168.476798999996,qy5pvivgoho1
2026-07-12 06:07:14,day,crypto,46,0xaaa02bd724a4361d39b95bdbbf9be514416a06e9,1661.272903625697,8628.849908,0xaAa02bD724a4361D39b95BDBBf9bE514416a06E9-1781949131320
2026-07-12 06:07:14,day,crypto,47,0x4b47728f828ad32edaeb2dc62e1f071de260e87c,1638.978167688947,6752.634083000001,0x4b47728F828AD32EDAeb2dc62e1F071dE260e87C-1782096321954
2026-07-12 06:07:14,day,crypto,48,0xf544d214ba6345865ef15ac3d3687156d03f335e,1636.5721416604902,6181.025661000001,0xF544D214ba6345865EF15Ac3D3687156d03F335e-1782097150590
2026-07-12 06:07:14,day,crypto,49,0x5f9e75d266702a8e64760b2e393445076dd60254,1635.1671493417243,6174.210718000001,0x5f9e75d266702a8e64760b2E393445076dD60254-1782096957459
2026-07-12 06:07:14,day,crypto,50,0xb4364b0d6c518ef733efaa7ca301ef447b472728,1632.334763999992,17828.539872,mmm281
2026-07-12 06:07:14,day,crypto,51,0xa73f07c0ee60f0758d782a3bec513aa3ed077bb7,1592.2470174275186,7538.008,0xa73f07c0Ee60F0758D782a3beC513aa3Ed077bb7-1781949907294
2026-07-12 06:07:14,day,crypto,52,0x43cf21bf9393e82fc5ff08ff2c5e330fe6ef3e08,1576.4989498169698,5913.880582999999,0x43Cf21Bf9393E82fc5ff08FF2c5e330Fe6eF3E08-1782097483073
2026-07-12 06:07:14,day,crypto,53,0x943cea746e701823b6902a6f4eaeed58207e77c2,1562.5661054567936,14027.279651000003,gdsf5dfg3rt3
2026-07-12 06:07:14,day,crypto,54,0x02e48901d1640bc39322e37cd3c027e49216fb3b,1558.9528496763435,18965.294868999998,rippler321
2026-07-12 06:07:14,day,crypto,55,0xba0d049aa32383efdcb1b5e6535dcd984c369a6e,1522.9192838550043,0.0,fleeth
2026-07-12 06:07:14,day,crypto,56,0xba8c5fbcc5f58b0e4ae0c1413e0413f8c803e77d,1517.089183529999,35099.092195,Rock.San
2026-07-12 06:07:14,day,crypto,57,0xc80df176c03b2a6dc7f804ebd017e2fb9af0fd53,1486.3631310400033,0.0,Jeffhk
2026-07-12 06:07:14,day,crypto,58,0x138bc946d581dc3ca4a15f8c21c47c3ed2f190b9,1468.3053979208626,6087.309673999998,0x138Bc946D581Dc3ca4A15f8c21C47C3ed2f190b9-1782097646082
2026-07-12 06:07:14,day,crypto,59,0xcd7d599c46aa1e57a0dcbb1fe09c87428c0aedea,1444.2285223209892,6838.008677999999,0xcd7D599c46aa1E57a0DcBB1FE09c87428c0aEdEa-1781950302356
2026-07-12 06:07:14,day,crypto,60,0xfb1c3c1ab4fb2d0cbcbb9538c8d4d357dd95963e,1395.2650857737754,9183.46569,
2026-07-12 06:07:14,day,crypto,61,0x6aaefc5813c28afcf7c984e8aa0e8d67bde191c6,1378.6155522290956,9490.607566,MBF888888
2026-07-12 06:07:14,day,crypto,62,0x343e66f04b17945afa98d390570e1e572ff950e3,1367.9098646233888,5634.016249,0x343E66F04b17945AfA98D390570E1E572FF950e3-1782097788501
2026-07-12 06:07:14,day,crypto,63,0x3375550a4d4c4b68d5b2de7fe9d02a352455a69c,1347.6780602521687,13828.498343,bitcoinlight
2026-07-12 06:07:14,day,crypto,64,0xfcefc196f9c260705ae2434333061cc2ca43ed6c,1347.2291569999888,1808.1615729999999,0xFceFC196F9C2607adff434312061Cc2cA43ED6c
2026-07-12 06:07:14,day,crypto,65,0x1bb6ff2799b2425ebe14d74d321643cfa68c2454,1334.5714507999946,0.0,r1ch4rd
2026-07-12 06:07:14,day,crypto,66,0x6c83ff8ca330b97a39c34c705edd1cb4ba0d25d4,1321.4261810000007,2821.420037,Winorwinorwin
2026-07-12 06:07:14,day,crypto,67,0x23d01f0a0fc16ae248a905345edd675cffbc8108,1294.6503528749963,0.0,X10DED
2026-07-12 06:07:14,day,crypto,68,0x872149fd236dee03aace99f5b385f9eafae278f5,1285.0000008156821,4499.9836,0x872149fD236DeE03aACe99f5B385F9EAfae278f5-1779256506920
2026-07-12 06:07:14,day,crypto,69,0x58eb15addb5ac10f35118bf0aa71811fed0aded8,1241.7683432622034,9324.106318000002,GotSnoked
2026-07-12 06:07:14,day,crypto,70,0xa69611ada56a5a49d8d3a076f86484f47f92d40e,1217.4518738851039,4413.249394,IAMTHEHUNTER
2026-07-12 06:07:14,day,crypto,71,0x344ac3c4c75ec465ce573536d5ee979504d1b394,1216.7922990389307,5738.710747000001,agree-to-disagree
2026-07-12 06:07:14,day,crypto,72,0xf4563b122bfd2f6ecb3d1953f2dec5f27f3ce67d,1173.2720226628508,20546.921036,
2026-07-12 06:07:14,day,crypto,73,0x98f5d88798331947dc2a0f9087308a17c41f754f,1170.704625000013,1701.766019,gardenerCx
2026-07-12 06:07:14,day,crypto,74,0x0cf28d9092a7e5b00aeadd1d9b76200f3f59ba52,1168.679897150596,13889.545641,Arbok1
2026-07-12 06:07:14,day,crypto,75,0x189a7f2033fa3cd746aec4a5ca5019507e6b05e3,1160.5853145795772,5399.690306,jhrjdhser
2026-07-12 06:07:14,day,crypto,76,0xb26aee1339a366f18f6c8401da44c4c60afba88d,1137.2809700468333,4888.948246,0xB26aee1339A366F18f6C8401da44C4c60aFBA88d-1781951460024
2026-07-12 06:07:14,day,crypto,77,0x2d06d7867216a24596164faf8fa78bc4da641785,1136.02715078222,5068.707919,0x2d06d7867216a24596164fAF8FA78bc4DA641785-1782098083721
2026-07-12 06:07:14,day,crypto,78,0xba083b5a3fa26a03f403a77782825a7f0857528f,1134.8902599999992,1905.1066039999998,
2026-07-12 06:07:14,day,crypto,79,0x37bbbf83390d0bcc246fd588f4080bd1aea12ffa,1130.7626312846724,4331.945917999999,0x37bBBf83390d0bcc246fd588F4080bD1AEa12ffa-1781950917436
2026-07-12 06:07:14,day,crypto,80,0xf1a422cefa639388cd823695c4a4c74d237891c7,1125.96379988,3844.023129,0xF1A422cEFA639388Cd823695C4a4C74D237891c7-1781952234017
2026-07-12 06:07:14,day,crypto,81,0x08e459e56e8cc0c3776a4d61c7c14c980e67ef71,1120.6628573565365,5901.783263,worldcpu
2026-07-12 06:07:14,day,crypto,82,0x06dc51826bc524d9a83770e7de9dd7e005b04524,1120.068341324455,63143.413604999994,0x06dc51826bc524d9a83770e7de9dd7e005b0452
2026-07-12 06:07:14,day,crypto,83,0x213302e52d67a8e39657c93298180a14fdf33f90,1114.687081398204,5263.487685000001,0x213302E52D67A8e39657c93298180A14FDF33f90-1782097942652
2026-07-12 06:07:14,day,crypto,84,0xb207f14407c1087fadac180b6860a873200ec751,1075.4338203020052,9616.208271,Professor-.-.
2026-07-12 06:07:14,day,crypto,85,0x980afcf6b6549e3422a7be9798515d063167f238,1061.909598643198,5711.763180999999,0x980aFCf6B6549e3422A7Be9798515D063167f238-1781950721715
2026-07-12 06:07:14,day,crypto,86,0xfa8fc6a3e706bc4aa7556d060564c154322ad61b,1043.2468717364973,0.0,singaporesling
2026-07-12 06:07:14,day,crypto,87,0x04454d6a686c5909724dc6a27555875eb86ebbf9,1041.4809903240234,14626.380074,zxodu19ufme4
2026-07-12 06:07:14,day,crypto,88,0xdccf58e54674cb2a8c0e6254f86f88e8973417cc,1029.3845484167935,8725.499944,gs5t3
2026-07-12 06:07:14,day,crypto,89,0x2bfaf4fccc1546667e99ddd0ca6e1af48ac52f31,1016.7563593877312,5835.74875,ichibancho
2026-07-12 06:07:14,day,crypto,90,0xf2fc8df110ac2ad78ef7235348ae8b4a7f9798d2,1015.4427467770574,4779.460359000001,0xF2FC8DF110ac2aD78EF7235348aE8b4A7F9798d2-1782098643527
2026-07-12 06:07:14,day,crypto,91,0xeaf44610df976ef3ecd15de4059839767cd6a519,998.9506678745995,8683.354746,0xeaf44610dF976eF3EcD15De4059839767cD6A519-1777082918668
2026-07-12 06:07:14,day,crypto,92,0x83e3d0550af80ec687c73bcd55594fedf28e5652,994.3969077584852,9074.598752000002,Aurora148
2026-07-12 06:07:14,day,crypto,93,0xc2f5cd97c6f1c3d85ffaf783d70d2d8144947ef9,989.1613762122759,8683.655589,sway3
2026-07-12 06:07:14,day,crypto,94,0x53e55bc7cb3d67ad177c023ce891ad076a9d6177,975.5932216800065,0.0,Arbguy
2026-07-12 06:07:14,day,crypto,95,0x7ab480c23d8a0d5a6e95c2b10a5b82bf55aa716b,975.5541408400022,0.0,glueeater
2026-07-12 06:07:14,day,crypto,96,0xf92ce8405574404f0c050f6945b5f8b89428fb6d,968.6347410000017,1980.0704,Relkh
2026-07-12 06:07:14,day,crypto,97,0xe99bff369feb5bf1ffcb18a6cdef0bc435c03e76,959.9993803200014,0.0,dzagvadgfsad
2026-07-12 06:07:14,day,crypto,98,0xf705fa045201391d9632b7f3cde06a5e24453ca7,953.2254175625276,2671.0,
2026-07-12 06:07:14,day,crypto,99,0xb10b84591ddc8eabb115ada4adcdd8d8461f5102,942.2453839999998,1675.361309,JStink
2026-07-12 06:07:14,day,crypto,100,0x3048d65321be3497164cdfc2996f94f98a2e7537,941.8971637809809,51104.94991499999,BadFallen
2026-07-12 06:07:14,day,finance,1,0xa14750436b2e01aa76cebf831018857340a53fcc,2214.406877244999,0.0,polymarketbetter
2026-07-12 06:07:14,day,finance,2,0x993c072519306017fe9a6b3ee6fa4a02b3056787,2139.490977722533,14125.301537,Jep-G
2026-07-12 06:07:14,day,finance,3,0x25db6ca5935ae858a5c1f2dcd5c62939805328de,1953.2541819099988,0.0,0x25db6cA5935ae858A5c1F2dCD5c62939805328dE-1770665598557
2026-07-12 06:07:14,day,finance,4,0x4207c4f53b785c6d0d48512a497ebd845c29b81b,1914.208114514593,447.52,0x4207c4f53b785c6dOd48512a497ebd845c29b81b
2026-07-12 06:07:14,day,finance,5,0x16c7337106a0b3a06ff863a1c06d8e2cbf7322cd,1679.6020339999995,5.1,0x16c7337106A0B3a06fF863A1c06D8e2cbf7322cd-1778811943243
2026-07-12 06:07:14,day,finance,6,0xf8f51be8e6a748fbb63d308f4b588b8754743766,1557.7422817999995,0.0,Cyphercapital
2026-07-12 06:07:14,day,finance,7,0xf3ad8f80006d90a5ba90112a675d13bffd740724,1526.1952628199992,0.0,
2026-07-12 06:07:14,day,finance,8,0x03805a13a0b3e058f55f6c6af95389d4f431073d,1408.364582261711,539.937,donthackme
2026-07-12 06:07:14,day,finance,9,0x26a6d14ce0651ce43f7bc3d801dcd6469aa4333b,1238.1537000000026,0.0,yung-macro
2026-07-12 06:07:14,day,finance,10,0x5a7b3328e8756579bfd364ba92c5c589c7bae9eb,1180.0461190350015,0.0,notssf3
2026-07-12 06:07:14,day,finance,11,0xb2e42d29690b7b63335a03c0fd5e64df0681b7f1,1117.6187476800005,5.13,0xb2e42D29690B7B63335a03C0Fd5E64Df0681B7f1-1778811987251
2026-07-12 06:07:14,day,finance,12,0x7bbf09fc724e3ca90332e17d4f352b3cbc0f7ce5,1050.7428923600064,110.82,pestanimal
2026-07-12 06:07:14,day,finance,13,0xa5fda0340959e67ef9de8bc5caf1c502c6f736d1,1013.5823094594989,0.0,88blitzcrank
2026-07-12 06:07:14,day,finance,14,0x4bbe10ba5b7f6df147c0dae17b46c44a6e562cf3,797.1506537600071,0.0,How.Dare.You
2026-07-12 06:07:14,day,finance,15,0x9e88f359b9803e41420fbb13385c5ae1765c301c,766.4121635815609,341.035613,apofett
2026-07-12 06:07:14,day,finance,16,0x4d417fb3c36b435dd5ba5f038c42ca70890b6aca,760.725692248001,0.0,slobber
2026-07-12 06:07:14,day,finance,17,0x714a685b5454ea4d52979563bbafa77b8168ab2f,627.4463305671234,8633.707375,pada
2026-07-12 06:07:14,day,finance,18,0x3a8aa345d5db7ec5138298c8c4f4540259be7699,595.4470245700068,0.0,TheReturnOfDarthMaul
2026-07-12 06:07:14,day,finance,19,0x588b9dab66658fd6ce7765204b0ddc4d7a2e5635,572.6398999999997,0.0,realizedlosses
2026-07-12 06:07:14,day,finance,20,0xe60f07a844bd18448eb3b23818f94bec1589f4b4,499.5756943249987,0.0,cryptoincome
2026-07-12 06:07:14,day,finance,21,0xde0463ea7f611b065e8ab06bbfbddad75e6dfa37,414.5385302650002,0.0,mwenya
2026-07-12 06:07:14,day,finance,22,0x1cd24cc49782240413903b4b7e7694779f917f85,406.78809687000467,0.0,bitterfish
2026-07-12 06:07:14,day,finance,23,0x054076ba90e270c3ba4fcb449125a55bb1938913,395.8083613250001,0.0,Piperdoodle
2026-07-12 06:07:14,day,finance,24,0x8df73e2962d0184ea1f71621784d46ca6b5936c4,386.1643399141868,127.47,End123
2026-07-12 06:07:14,day,finance,25,0x38d812aff0b79f3bf5da2a477f780bcc163eea7c,385.6926450461033,233.31,thanksforplayin
2026-07-12 06:07:14,day,finance,26,0x5566b7c96220f4f40146a17bb25bcab6c0d37c29,383.5199986960315,140.913957,cash-machine
2026-07-12 06:07:14,day,finance,27,0x16adc02d29c41f5fa683503d863a9c6f29f10202,381.06743839499984,0.0,0x16ADc02d29C41f5Fa683503D863A9C6F29F10202-1781116578804
2026-07-12 06:07:14,day,finance,28,0xad5353afe30c2da57709e2704ef3ccdcf67eef24,364.3699433543147,2367.8320610000005,AJSV
2026-07-12 06:07:14,day,finance,29,0x9def9524630e31ff90f884eed32c3eecfbf8d1a5,359.2225711200026,355.865383,pbshine
2026-07-12 06:07:14,day,finance,30,0xf3505345381358c2311ef9bc8096ace10165f3ff,352.0703127710076,0.0,BettingQuant
2026-07-12 06:07:14,day,finance,31,0xfacd5eb6566d469f71fb42415177c74eb27d9109,348.54576306000047,0.0,0x79a009b7C0336273Bf3Bc7E1D940aD3e2152B9
2026-07-12 06:07:14,day,finance,32,0xcfff4295288ee29f75a38a7028611b7c1e93673d,326.0751973345032,397.78,graynotebook19
2026-07-12 06:07:14,day,finance,33,0xb7cb5fbcbe1b9f1b64126d6cfc0bd69a0a7b83a5,315.85120804500025,0.0,
2026-07-12 06:07:14,day,finance,34,0x9f208e85f326f865077fffa68b32d8b0e2bc12c3,315.1357876334914,60.024095,mildwindow27
2026-07-12 06:07:14,day,finance,35,0x3a8aa345d5db7ec5138298c8c4f4540259be7699,308.43671164700754,0.0,TheReturnOfDarthMaul
2026-07-12 06:07:14,day,finance,36,0x736539924a5602b37a03a54fc12c1cc8f98964da,288.7439434160042,1028.6799999999998,cqk
2026-07-12 06:07:14,day,finance,37,0x9592adb70397e9de67ba9abe6971e3f50fb7a7b8,286.843470238,0.0,trashpilot
2026-07-12 06:07:14,day,finance,38,0x5449c6b6aee2b13698b5b044fab581735fbb5fd5,275.31634415999997,0.0,Chungsnake
2026-07-12 06:07:14,day,finance,39,0x4c2da46b289847e3e8377c6f4ca3d520c620f8ae,268.5587493599969,3279.3071179999997,WashTrade
2026-07-12 06:07:14,day,finance,40,0x6992d56559dd30b5b5d0f5ca3d5427f9e94e6c1d,267.0,0.0,0x6992D56559Dd30b5B5D0F5cA3D5427F9e94e6c1d-1760272837095
2026-07-12 06:07:14,day,finance,41,0x15433540ca3794108e602bfd353189519af8baaf,261.5607805385007,0.0,DualDelta
2026-07-12 06:07:14,day,finance,42,0x8c66e28fbe7ede7f57ba6cbc70408dff442944f3,253.0391237650001,4500.0,0x8c66E28FbE7Ede7F57bA6CBc70408DfF442944F3-1777220320442
2026-07-12 06:07:14,day,finance,43,0xfc2f4f50ce2f6045d35558a5e2d8d4b2ac6610c7,243.00704999999834,0.0,0xFc2F4f50ce2F6045d35558A5E2D8d4b2aC6610c7-1769097007451
2026-07-12 06:07:14,day,finance,44,0xda1547a7c3e164f2b5a0e6693f2f32e21250f349,229.4766575399999,0.0,recessionincoming
2026-07-12 06:07:14,day,finance,45,0x0b34b69b3acfcf19e589179e0c5894f78261f5a6,228.13854993931182,3918.0,IronE
2026-07-12 06:07:14,day,finance,46,0x96f91943667762bbce634653e01e1a4745611d08,207.96904284000016,0.0,PoppingChairman
2026-07-12 06:07:14,day,finance,47,0x460aa5efb91662fadae1e3b16bfdf050daeda5b0,207.7515256700001,0.0,0x460Aa5EFB91662fAdAe1E3B16bfdF050DaeDA5b0-1775239438917
2026-07-12 06:07:14,day,finance,48,0xa45cdb0a5ba4629b5c7860dc3f310978a4dd1d10,202.76579724650583,0.0,lnkybtc
2026-07-12 06:07:14,day,finance,49,0xa53ba9d683f68602ccd767512d5c862a43824021,199.44551688482352,2490.25,Vagabund97
2026-07-12 06:07:14,day,finance,50,0x40cfb29411d29f4fa0908f2a121297042cccd21d,197.53281671041464,153.66,whig
2026-07-12 06:07:14,day,finance,51,0x05e485e31279fa430a49141511e32a13be6fc1e1,193.22198128999997,0.0,tyuku
2026-07-12 06:07:14,day,finance,52,0x492f7c119b63a367b1b7289fe37f4f44aa6f8144,191.13398892400005,0.0,Xavwv
2026-07-12 06:07:14,day,finance,53,0x6ffdf781b9fabc368137c1d835644f12b9a6a637,185.39763289850816,0.0,ng6000
2026-07-12 06:07:14,day,finance,54,0x1683acbf69fc8d5eab2f2ef150904efe2e166906,181.77755000000025,0.0,zommarb
2026-07-12 06:07:14,day,finance,55,0x9826f49b68cc753032600fe40b9ca21ca410e7fe,181.74905346750006,0.0,FMANTENNA
2026-07-12 06:07:14,day,finance,56,0x845e74d8be1b215f13f239bb3636b706d956d22b,179.22590000000002,0.0,PhysGuy
2026-07-12 06:07:14,day,finance,57,0xc401fdf872a9c93e06a9b332987a887f1d698b2c,176.39395563500034,0.0,burfee2002
2026-07-12 06:07:14,day,finance,58,0xfac31080805e6d2b1691eb9beea998a04dbb99ff,171.66752480300056,0.0,0xfAC31080805e6d2b1691Eb9BeeA998A04Dbb99FF-1772962139269
2026-07-12 06:07:14,day,finance,59,0x06ac70013cd0c7992ec830ad5df9f7f66d5b79ec,171.2164686820015,0.0,eastpak
2026-07-12 06:07:14,day,finance,60,0x1018fa33923d8b0f4b0f8a0822ee045d46027264,163.55420197999956,0.0,EgoVolae
2026-07-12 06:07:14,day,finance,61,0xdaee998426ebc81d0a15d7c13b2bdddaf8e18559,156.4793400120002,0.0,alpha5ii-copybestbot
2026-07-12 06:07:14,day,finance,62,0x563ea80ce1962ce0d1684fd38472eaef6b15a157,156.21780000000035,0.0,Vorian
2026-07-12 06:07:14,day,finance,63,0x630bc346b6d5aba682e4d3a984b93a6045553339,152.31412991300002,0.0,2481632641282565121024
2026-07-12 06:07:14,day,finance,64,0x5b6331e7ff0831a3fe2ed12004747db1a9c911a4,152.0632835559918,2061.25,neutralwave23
2026-07-12 06:07:14,day,finance,65,0xe278e3c172e37d91190476012625829008f0b608,149.9865525349992,0.0,Dar1us
2026-07-12 06:07:14,day,finance,66,0xe3726a1b9c6ba2f06585d1c9e01d00afaedaeb38,147.31180815902553,0.0,cry.eth2
2026-07-12 06:07:14,day,finance,67,0x5652090d21c85a9d1ca5b6a41fe07f3099fb00c9,145.48628717999986,0.0,AlphaBetaGamma2357
2026-07-12 06:07:14,day,finance,68,0x564f22744b7941ade18d5e0e4f347c30e3057026,144.24839038400205,1382.6600000000003,molodoyy
2026-07-12 06:07:14,day,finance,69,0x21b3d4f4375f97bc96d2b00985a6eae9ef53793d,141.95771467999998,0.0,Greenhug617
2026-07-12 06:07:14,day,finance,70,0x91572b16dc769ef8b8f1f98d5270b05a36e3626b,141.87693910399867,0.0,0x91572B16dC769ef8b8F1F98D5270B05A36e3626b-1770128923810
2026-07-12 06:07:14,day,finance,71,0x92d0cb81e6c891b835c8e0272e8c323095bd269e,136.57500000000027,261.0,Analista.
2026-07-12 06:07:14,day,finance,72,0x57c02fb1189621fe9c0dbd97c7066920eeb260c5,134.59937962000004,0.0,0xhanxyz
2026-07-12 06:07:14,day,finance,73,0x771183106f6fc61454af7d0dbc628cab2e7e650f,130.0,0.0,lolllll12
2026-07-12 06:07:14,day,finance,74,0x74f1b8944c7b10f7239e3dda0de6b8ee42e816a8,128.93792403550287,0.0,probability
2026-07-12 06:07:14,day,finance,75,0xf49137b0a972b2a72690cbbd860e0cef1facee5e,125.82660420475001,0.0,BoboPower
2026-07-12 06:07:14,day,finance,76,0x0bdbe2e7518338a7ef8e2c9f7e3eb7028b63d5fd,124.51285128000018,0.0,bigheadL
2026-07-12 06:07:14,day,finance,77,0x22dbd51e1a4e10fff072fa24300238c64033190f,124.04219999999998,0.0,SusanWarrenHR
2026-07-12 06:07:14,day,finance,78,0xd3316cbf9583e6a7d71286b69d5ae07ef77e733c,122.74000000000024,0.0,zzaqq2
2026-07-12 06:07:14,day,finance,79,0x7fb227ff98dc57a7654b33b20c7ef1764eafcb9a,120.06323744999995,0.0,zentrade
2026-07-12 06:07:14,day,finance,80,0x41f3b515c133850bc03e72b3bfaa42cf0962844e,119.26080086999536,4595.77,headsh0t
2026-07-12 06:07:14,day,finance,81,0xb2ef91409df27ba0f582284f23f7b47d00ed90e2,117.45691000000011,0.0,gambler-666
2026-07-12 06:07:14,day,finance,82,0xe172d9e17386f9b4298e2e6eaf8c66d8a8b4e8e0,115.04765999999927,0.0,megaforest
2026-07-12 06:07:14,day,finance,83,0xc5187cb669690150643ba2f9aac6b7d98d212594,114.53060812415788,29.310019,mustbethewater
2026-07-12 06:07:14,day,finance,84,0x9238743eeba8bbfe9e85ac7ba2e1e3d77877b73e,110.30619063000006,483.47,leCommissaire
2026-07-12 06:07:14,day,finance,85,0x5254f5c53c2f97c7964f106e870aa8307204891b,109.0811964799999,0.0,kymhmttt
2026-07-12 06:07:14,day,finance,86,0x4098f1b16c2cae8074d8eb4731df1ca9c99e8a15,108.21927999999997,0.0,mvbmdf
2026-07-12 06:07:14,day,finance,87,0xe444e790f8bcacc97759691b91d3e6b4dc9afa95,106.47293097500011,0.0,
2026-07-12 06:07:14,day,finance,88,0x9182ab8157689aa8fdb58aeca518e3fbed0b3368,106.13277953099896,0.0,0x9182AB8157689Aa8Fdb58aEcA518e3fbEd0b3368-1768191988443
2026-07-12 06:07:14,day,finance,89,0x4baf4239188fb0b708e4d16872986e1fa9af5fdf,105.72256675400058,0.0,Vanquish
2026-07-12 06:07:14,day,finance,90,0x8fe70c889ce14f67acea5d597e3d0351d73b4f20,104.66456102599886,0.0,amused85
2026-07-12 06:07:14,day,finance,91,0x3b621466d298a1754d827ef3da24dd8a0ba2728a,97.5002,200.0,splash886
2026-07-12 06:07:14,day,finance,92,0x9ea8d5634d3f777a05ea1edb9648e86a23cbc8bd,95.18495748399994,0.0,emma1997
2026-07-12 06:07:14,day,finance,93,0xe000e1dd06d3d17dc943dc9215a2e166efd5cbb1,95.14526590000037,0.0,whumpa
2026-07-12 06:07:14,day,finance,94,0xd561abcd133d8277493fd8bd92637124ac9c9b7b,95.01769994999995,0.0,andrez
2026-07-12 06:07:14,day,finance,95,0x4d3e6f882536f5bde89d20a64e2198b1c1e8783b,94.56802592500026,0.0,bitcoinmafia
2026-07-12 06:07:14,day,finance,96,0x0425c309a919ae3d2df43f20a6d6df297cd2b1df,92.45826083000003,0.0,qwrdxv
2026-07-12 06:07:14,day,finance,97,0x3c918a8ef8c379304f744592120cbb4d76149af7,92.39999999999964,0.0,Vilgefortz
2026-07-12 06:07:14,day,finance,98,0xf921cb6f0c1e700bb3fddfc57d99ba844cc17756,91.78791723999893,0.0,upthehell3
2026-07-12 06:07:14,day,finance,99,0x60d8579f44308d32e17cea71fb4215827631b8ed,90.44937340899997,0.0,landmen
2026-07-12 06:07:14,day,finance,100,0x460a20d648c4601abfcd0c71ec37eb6dfd26d738,89.08008698408997,107.0,politicalsavant
2026-07-12 06:07:14,day,culture,1,0x3eae57986be5e0ca435102ffe1f14206ffa2e2ed,5655.880275260506,0.0,thoodr
2026-07-12 06:07:14,day,culture,2,0xa5761fa386787d4bb7fb9f866acf034647538678,402.9999999999968,0.0,Top1-J
2026-07-12 06:07:14,day,culture,3,0x955c9661bf6e010beff0ba896a49f715a8c8990f,349.88530458995956,2751.7,
2026-07-12 06:07:14,day,culture,4,0x237b23c184060faf9af79e355e05eaa29e31cdec,318.64116340999954,0.0,filmnerd
2026-07-12 06:07:14,day,culture,5,0xdc4f08727c65afc4731b75cf1ed265666b7b4652,281.56727818749994,0.0,third-eye
2026-07-12 06:07:14,day,culture,6,0xffe792b970917313a9f0ab46612812fdfd9189bf,281.3783592423449,769.66,Lcz
2026-07-12 06:07:14,day,culture,7,0xfa3b4d18b821ff075d9290fea82434b3ae106900,269.5687110464946,941.8506279999999,xasd-440
2026-07-12 06:07:14,day,culture,8,0x7a852f8e891fc9baf2d79c78038ee7026a47fa91,265.80003505499917,0.0,relentless2241
2026-07-12 06:07:14,day,culture,9,0xaca23974e2b8131efbafaa1fe03ea9595ea0b9a1,262.64906660001725,0.0,ellio8989
2026-07-12 06:07:14,day,culture,10,0xd87da71be26ec366737cdae5280616c6a1d6ae50,255.90913772,2681.7200000000003,Johndiiiick
2026-07-12 06:07:14,day,culture,11,0x993f451b6d5c21996b1bf688493cea9c4c823ee3,253.77043594149927,0.0,hitjnn214
2026-07-12 06:07:14,day,culture,12,0x73e791f252c990ac2514bb52318bc22ec79bc504,247.71821530249963,2441.7,burnburn
2026-07-12 06:07:14,day,culture,13,0x9aeb534c42b58b21673d5e03e9da14fbd15b2729,228.96705498000665,2036.15,The-Joker
2026-07-12 06:07:14,day,culture,14,0xa829e599a27dfee252ba5294eb1fdecbed15691d,226.33448388449642,18077.84,lifeswhatyoumakeit
2026-07-12 06:07:14,day,culture,15,0xbbdcefe91e01e982c7b8532da6128f6ed7445d81,198.29539299999396,0.0,Bobi-Beebs
2026-07-12 06:07:14,day,culture,16,0x69891b1481e34384a0d564e5976b50270304b412,184.25329454349412,0.0,superstation
2026-07-12 06:07:14,day,culture,17,0xe2b1fc269d0c2e27da11fadd1d9596fe28227d2a,181.10536802050774,0.0,New.Jeans
2026-07-12 06:07:14,day,culture,18,0x846988dd97915cc9a847e5ac435262322e55dab0,177.41873726,2681.41,qqqq44
2026-07-12 06:07:14,day,culture,19,0x5d5e32dc9a054f4e4da123353dded3e2ac379a5e,175.94768999999974,0.0,polybettor
2026-07-12 06:07:14,day,culture,20,0x51a92887f5287401de33b43544468d535f5d57bb,165.52779635500008,0.0,Goatanus
2026-07-12 06:07:14,day,culture,21,0x5095e97281f28d4d8549fd3834802c24cbb793ee,166.11530718000722,0.0,0x5095e97281f28d4d8549fd3834802c24cbb793e
2026-07-12 06:07:14,day,culture,22,0xe089e5e74fb21bb106a7fffe1201f0bf82f4ad3a,164.61536997300936,9040.831488,lox97
2026-07-12 06:07:14,day,culture,23,0x69891b1481e34384a0d564e5976b50270304b412,162.93784763900476,0.0,superstation
2026-07-12 06:07:14,day,culture,24,0x1ecc2647111b4a16f24e245d31e1b34b3c73ca97,158.00066498999968,0.0,soulsapphire
2026-07-12 06:07:14,day,culture,25,0x5951a2f35aa850927a3df1af64e14641b813db15,154.7134613829969,70.0,0x5951a2f35AA850927A3DF1af64E14641B813dB15-1771201497892
2026-07-12 06:07:14,day,culture,26,0x8564848285e54c65f6cc2e3930b49362fbd84b2e,146.66266500000347,0.0,AllYourMoniesAreBelongToMe
2026-07-12 06:07:14,day,culture,27,0x74ff920ae2c6314627395eaf42b10fbb0604be5b,144.13666637640927,2867.520321,WanderingPanda
2026-07-12 06:07:14,day,culture,28,0xf7a9208339d5e13d6cdad107588e2f964003fee3,134.96000000000026,0.0,MaryGarcia6799
2026-07-12 06:07:14,day,culture,29,0x50a8a3e47f7048747aed551fcc38d9f0cbb298ed,134.73116058421147,4308.3271890000005,elonplstweets
2026-07-12 06:07:14,day,culture,30,0x115a63c208278a576150176880f48f064c94e4a6,130.26483740549884,0.0,0x115A63c208278A576150176880F48F064c94e4A6-1766247046507
2026-07-12 06:07:14,day,culture,31,0xf02105d60083d7d74d7e0f9785d79e06137cdf56,129.90569513000082,0.0,MollyParkets
2026-07-12 06:07:14,day,culture,32,0x477a7d28ed844984088129207c0afcb2459e2d8e,125.11360000000059,0.0,Bot9735
2026-07-12 06:07:14,day,culture,33,0x9290cfdcff27056a27555d4b9c50c9edfb2bf429,124.12009433600178,0.0,StefVie
2026-07-12 06:07:14,day,culture,34,0x392b5abcb6514e56f04d166b9cb535082ba9352a,122.49908500550009,0.0,0x392b5AbCb6514E56F04d166b9Cb535082BA9352a-1778103841807
2026-07-12 06:07:14,day,culture,35,0xa453d2c6f687fec8a5cd1519c1a387f28677b665,121.94699939999984,0.0,BossuSmekeru
2026-07-12 06:07:14,day,culture,36,0x89e0552b897baa5486a45ff257a39858a79a9412,121.05931699800112,0.0,Ross1212
2026-07-12 06:07:14,day,culture,37,0xf2d33b42844c825a8ee4322b217683ff048cdcbd,120.2656656879999,0.0,What.Could.Thing.7
2026-07-12 06:07:14,day,culture,38,0xef0d80a3431ec2fd3357a11442ea90256fb78733,113.00262054800169,2500.0,0x146fb4c5
2026-07-12 06:07:14,day,culture,39,0x2b9d677d75d42c4f08624816e298d251e8c795f4,112.82933908799998,37.989999999999995,GuyFromTinder
2026-07-12 06:07:14,day,culture,40,0xe9ce3189cc3fa8b767c2b9ebf2a564887cd19811,111.68034132699904,3000.0,safubets
2026-07-12 06:07:14,day,culture,41,0x77a18f221083fdd5ca17aef29ff48aaaa669de3d,108.12306293300026,0.0,wolfmoon
2026-07-12 06:07:14,day,culture,42,0xbe44a2a22bb26dc1c9693b96d0800e1dcc31e906,105.16539873499983,0.0,csgogogg
2026-07-12 06:07:14,day,culture,43,0xf0d5eb1cbe7350f1f896ade6c172e6700414c665,103.52774904000034,0.0,yen4u
2026-07-12 06:07:14,day,culture,44,0xdb976ec8f75771f7af08d13546fe3d000867eee8,103.20581900000002,1084.0,G.Hchen
2026-07-12 06:07:14,day,culture,45,0x913f5f691ce0a947cf60cd573cbdc7c66d8ec676,102.76562034999733,326.14,0x913f5F691Ce0a947CF60cD573CBdC7C66d8eC676-1774844074915
2026-07-12 06:07:14,day,culture,46,0x78bd412b8acd4d42d3c784e904429e58da876f69,101.96242499999994,0.0,IwaSperm00
2026-07-12 06:07:14,day,culture,47,0xe74247cb6e52d05eef7390005fe8434d217fadb0,99.05337247750049,0.0,0xe74247cB6e52D05EEf7390005fe8434D217FadB0-1771531164997
2026-07-12 06:07:14,day,culture,48,0x8565b21d736741147592264d75cc26ccf2040c43,96.51761555299163,0.0,dddtrips
2026-07-12 06:07:14,day,culture,49,0x4d1de0d8bf27bbb1f34545e974cfb794ac8e01ac,91.8554024531436,878.2593989999999,oneoftheppl
2026-07-12 06:07:14,day,culture,50,0x3f3bfc6d754e416699793901ffb12ddeee9f1d77,91.01834917000087,0.0,eNakeVets
2026-07-12 06:07:14,day,culture,51,0x44b0a564260008b65a111286e45079f2cf360822,89.71555287984847,490.586816,0x44b0A564260008b65A111286e45079F2CF360822-1779794130690
2026-07-12 06:07:14,day,culture,52,0x849ccb5907938ce8be18ed5dbf583288e2da4009,88.57047009146845,3356.743028,Ondra
2026-07-12 06:07:14,day,culture,53,0xdeac8d42a5400b2037d85317afde2765bb8b0216,87.29391054850021,0.0,0xdeac8D42A5400b2037d85317Afde2765bB8b0216-1767901914988
2026-07-12 06:07:14,day,culture,54,0xc4b2930b0feb1c0fab13c0b75c9fef34fea09a9b,86.10829993850075,0.0,datajesse
2026-07-12 06:07:14,day,culture,55,0x2eef3a18bc771827af0649a81aa54148a8e8eaca,85.82689374000074,1239.3400000000001,udt123
2026-07-12 06:07:14,day,culture,56,0x0076fff3def0069380fe6b7361387a3e827b1f36,83.69451026999991,0.0,Gambastylr
2026-07-12 06:07:14,day,culture,57,0xa42ddc450637c3bf49cab926f4547e7c5471c970,82.47160147100021,222.79,0xA42Ddc450637c3bF49CaB926F4547E7c5471c970-1774031961197
2026-07-12 06:07:14,day,culture,58,0x026260138767c7d6e7f2afd4d0f5d636b3dfd7b6,81.30032740050024,0.0,
2026-07-12 06:07:14,day,culture,59,0xa58d4f278d7953cd38eeb929f7e242bfc7c0b9b8,81.26442297097788,5731.649399,AiBird
2026-07-12 06:07:14,day,culture,60,0x288d86c1a4b514c0f46285adfaf2d98debd600ea,78.63908591158997,1868.272141,0x288D86c1a4B514C0F46285ADFAf2D98debd600EA-1780966225825
2026-07-12 06:07:14,day,culture,61,0x4d6fd86e6712929f6d181495ba5384e7c8ca6c76,77.90662369799989,0.0,angelsdemons
2026-07-12 06:07:14,day,culture,62,0xf7ba3f86d5b7cfd7e95bec07329ac03a222ad31c,75.81437220000001,0.0,Keeprichdemopass
2026-07-12 06:07:14,day,culture,63,0x562bc8068347268d9a69b8dd464d00eed0f9dc09,75.20212015000834,65.28,SweetChariot
2026-07-12 06:07:14,day,culture,64,0xc363b97a521d1748886cd8e638548458db0f9fd8,75.03960000000006,0.0,tktktktktktk
2026-07-12 06:07:14,day,culture,65,0x21b48e8e2daa01f531fff08b62f2b4df6cff1f06,75.00000000000006,0.0,proposal123
2026-07-12 06:07:14,day,culture,66,0xb23e88a3e729951c1992b361435a5c410fcf829a,74.54999999999998,0.0,clazzy1
2026-07-12 06:07:14,day,culture,67,0x5c9784bf224923c3bdba9823c1b922786d43fa05,72.15997599999992,0.0,discretionary
2026-07-12 06:07:14,day,culture,68,0x82b9fe12d4bef7c9227178f596e94be6aaa30609,69.97129775999997,0.0,Bobmand1
2026-07-12 06:07:14,day,culture,69,0xd416d3309f75426c82a5158cdcb209780af2d9e2,69.03829779499995,749.9100000000001,Annihilation
2026-07-12 06:07:14,day,culture,70,0x6864204009ba1e137989983eafee8644cb3f294b,67.60782814161212,14866.19242,hetacz
2026-07-12 06:07:14,day,culture,71,0xc1265aa3d6f6c8315756bc46305f29c0f7a4832c,67.4228670000003,9771.43,ZhangMuZhisDaddy
2026-07-12 06:07:14,day,culture,72,0x2924d14ef7fb302d7d520c2394310409fce5dcde,67.23462934753843,6222.3518779999995,0x9b257ead1a6240d4ab5c2ae0253
2026-07-12 06:07:14,day,culture,73,0xfa7616dceedbfce44529d6f5de4e45968cdf897e,65.79027683000027,671.52,mmmm12345
2026-07-12 06:07:14,day,culture,74,0x8df634e4ea3b0da1f37b87b26b545f948c689785,65.56983453649991,0.0,MattWalker
2026-07-12 06:07:14,day,culture,75,0xbd70eebd1374580d4fbbf0291f4b6fba44fdd270,65.50996799625136,1544.1126250000002,Pitter
2026-07-12 06:07:14,day,culture,76,0x590ed3d1a14ba08cad23f5c513bad6301772e43d,64.51715480409621,40361.855948000004,smalltimezzz
2026-07-12 06:07:14,day,culture,77,0xb9731ce9d1b49dccd2f606dbb769e54022c12812,63.89285339500003,0.0,wanderLH
2026-07-12 06:07:14,day,culture,78,0x714dc01f64bcd045221757aee513b702623ec177,62.01065915500021,0.0,
2026-07-12 06:07:14,day,culture,79,0xa0c0b2127f46690233ba625cda17a4bbe2b9c4c9,61.98499999999967,0.0,27781
2026-07-12 06:07:14,day,culture,80,0x21ffd2b7a212a6f277ed3eca1a9f8efcbca90d71,61.81775470913453,6871.974984,Haradwaith
2026-07-12 06:07:14,day,culture,81,0xc5ab6c9bef3317c6ea17c2dd57604ad8c79a2bcf,61.322720669999796,312.84,zzhzz
2026-07-12 06:07:14,day,culture,82,0xb09dfb36aa4718a3df7646251e0e047759af64c8,59.838856958995166,0.0,Sitdownandrelax
2026-07-12 06:07:14,day,culture,83,0x1359416a1289fd554e5b44872ec2a8b9db200c0d,59.029384499000045,0.0,CyberKillers
2026-07-12 06:07:14,day,culture,84,0x5b6331e7ff0831a3fe2ed12004747db1a9c911a4,57.98185832649324,0.0,neutralwave23
2026-07-12 06:07:14,day,culture,85,0x541da9ce82ff2011c732cf97e093b738a83c502f,56.77224750000005,0.0,holarat
2026-07-12 06:07:14,day,culture,86,0x3f8322d736a8791a634fd7083b5a526548c8fbd8,56.15093684,0.0,Talfr
2026-07-12 06:07:14,day,culture,87,0xd423e340f159718145bcf5adb8028b0612bb99e9,54.97283837500004,0.0,
2026-07-12 06:07:14,day,culture,88,0xaae9b2c5ad90e82b5068c7f8a4b491997633d661,54.86313789999804,0.0,ZorroDeLaVega
2026-07-12 06:07:14,day,culture,89,0x613b668ef24d3a37417cb5756c5943cae761da44,54.73453469629635,1426.467153,613b668ef24D3A37417cb5756c5943cae761DA44.
2026-07-12 06:07:14,day,culture,90,0xe962dfbaed113be79c38e122e67a431231a9663a,54.66686909300006,0.0,Maanimo
2026-07-12 06:07:14,day,culture,91,0x45a3935eda9a67180f95133b9ba2e83d150e23e6,54.23175877349968,0.0,KAU7
2026-07-12 06:07:14,day,culture,92,0x2d5403c7064a5e1660a6e31e74639db28a0b2bc7,52.67222129000038,0.0,Po1yBot-OZrhX2UfIz
2026-07-12 06:07:14,day,culture,93,0x47090d99948c5a3cdf417573092a5b19ced2fb48,52.60762303999968,0.0,ChaseR
2026-07-12 06:07:14,day,culture,94,0x091b648568ab457d0ea4a02fb7aa99faf3496396,52.581742114999884,0.0,JohanDON
2026-07-12 06:07:14,day,culture,95,0x073a1caba3c22e9e361ceae83aaa5405706f91e7,52.3447935735021,0.0,Mantronix
2026-07-12 06:07:14,day,culture,96,0x347cbdeb5b2fc5d2ba33c22c9129987cbf946b1f,52.28950575100134,3153.0,Po1yBot-QI6GR4DKSp
2026-07-12 06:07:14,day,culture,97,0x9d02e0ffaabcddcc1611cd0a3a68129aaae0d17a,52.04069229800007,0.0,mentoid
2026-07-12 06:07:14,day,culture,98,0x758b87dd3b6491bb122634be5d465d180a120a1c,51.6286775340003,250.65425,dropmeplease
2026-07-12 06:07:14,day,culture,99,0x952b4c17fd674156be12256d55a5926bd587c92f,49.94412053413399,1036.889997,0x952B4c17fD674156bE12256D55a5926bD587C92f-1779881789362
2026-07-12 06:07:14,day,culture,100,0xa51db81ca36e3f71b7943da8bc16e13db3889ce7,49.82782359000021,0.0,0xa51DB81CA36e3F71B7943DA8bC16E13DB3889cE7-1763995470303
2026-07-12 06:07:14,day,mentions,1,0xcb016f2b417f98c88fc91fffe7e69d4a6b1c7dfb,1575.9356620000003,227.0,0x7e1f9c90800E42806e242ABC5fcf26B571c79C27-1775842903107
2026-07-12 06:07:14,day,mentions,2,0x71f55f2605ead44c73e080b37e5d162882724cce,731.0934891719862,1636.5887040000002,legendofanime
2026-07-12 06:07:14,day,mentions,3,0x8e65394e0b88f7dc0f9cfde8491e847f76f811f3,668.264541925,0.0,aFAFRFa
2026-07-12 06:07:14,day,mentions,4,0xcb14f61711d913773f4b982af340fa7eae175358,560.9873675357142,1681.9699999999998,ooops
2026-07-12 06:07:14,day,mentions,5,0x3fbf76bb0a626881dfbeaf77df98d706b50efbce,538.4047075099999,174.44,0x3FBf76BB0a626881DfBEAF77DF98d706b50EfBCe-1781302828025
2026-07-12 06:07:14,day,mentions,6,0x373a949d617e60cbb25ca6df3f68018d573bf4c1,538.1973315344999,482.222221,funplayer-
2026-07-12 06:07:14,day,mentions,7,0xc33d6aa3eb972639f31e46a6a02201cece380d40,442.6236243133876,1277.975946,penguinec
2026-07-12 06:07:14,day,mentions,8,0xcd9cd64d08499ac9f919155c22ae5f21c9867133,383.2308584900006,0.0,imafish
2026-07-12 06:07:14,day,mentions,9,0x71389d69bb86385f122e18bb427578f1d70e8c89,361.79333001127316,647.470242,247525
2026-07-12 06:07:14,day,mentions,10,0x18113f74d50add32acbcec30106ace3cd574913b,357.3349996999998,0.0,DiddyTheDiddler
2026-07-12 06:07:14,day,mentions,11,0x4d022f236e5671ae89acee68507067ecea3abfec,322.9393495287727,2.702701,LBsport
2026-07-12 06:07:14,day,mentions,12,0x6cb67f27911771eb23e1cfa43c0b9f15b109d647,312.980519931595,23.809522,
2026-07-12 06:07:14,day,mentions,13,0xbe0e2ccaba04e1cff6328df819aba5648578d429,311.33165626499976,1311.86482,hesure
2026-07-12 06:07:14,day,mentions,14,0x2b340fca886b3c7a2cc928c4a89162133fe4b202,278.8011217195,156.191223,Fluo
2026-07-12 06:07:14,day,mentions,15,0xf4f88a1e25ff5dfae68326eb62049d6a1b7c5bf1,236.75719674310585,360.01160600000003,cosmicsteaks
2026-07-12 06:07:14,day,mentions,16,0xc9727ed498a58a9e8e8758d51c5a4eb0b752dcd9,180.43859677500404,1083.67,dyckpaths
2026-07-12 06:07:14,day,mentions,17,0xbc605ab11e44f0b09762313f2cdfb6b25514af79,176.46493275199998,0.0,spacegliderr
2026-07-12 06:07:14,day,mentions,18,0x85ee84be50f99d9ec7c379f9c56442aa7529a64a,168.2875799999997,150.0,0x85EE84bE50f99d9ec7c379F9C56442aA7529a64a-1775502961314
2026-07-12 06:07:14,day,mentions,19,0x347b13dbf510484f2c7d0ced7e3e2c40f4f1c9bc,150.76848104999976,0.0,mehanizator
2026-07-12 06:07:14,day,mentions,20,0x59fb4758b6a4282e744664bdf4aaeed0b70becea,145.60412323000003,732.99,UFCFan
2026-07-12 06:07:14,day,mentions,21,0x6cb67f27911771eb23e1cfa43c0b9f15b109d647,133.22828776659486,23.809522,
2026-07-12 06:07:14,day,mentions,22,0xeface9902242b0399856f981600b907dcc9bc9a1,129.20262945000286,0.0,macrosteaks
2026-07-12 06:07:14,day,mentions,23,0x9d77b70cd7f7b8aa1edc140e364dc4519d67cf31,124.09690519999995,160.94,Tanjiro.Kamado
2026-07-12 06:07:14,day,mentions,24,0xdacf9f8d0341fa3770fae5c7ccd9dcfed23e3c74,118.4935008049979,1108.78111,CosmicCedar
2026-07-12 06:07:14,day,mentions,25,0x1e94ed3120b2758098015fc4371302539f4ce436,114.25604060293598,303.13975600000003,crypt0xDiiGz
2026-07-12 06:07:14,day,mentions,26,0x0ad7f3411bc87f0b5362155e638f04ef05700971,91.49091019729198,727.712732,NFLandChill
2026-07-12 06:07:14,day,mentions,27,0xec90b0d2da1e836afe95ed2cfde3b0d5da74bb74,91.224635925,0.0,
2026-07-12 06:07:14,day,mentions,28,0xbe74297ff19030f104ce1d538709f43b30eca70e,87.21804500000326,0.0,title1
2026-07-12 06:07:14,day,mentions,29,0x94bbb8f7632d11dead6b8970646ad5655a5fc320,86.22302294000019,0.0,Praescientia
2026-07-12 06:07:14,day,mentions,30,0x3eccb67e467ab5cade77e17fe8b407450d691d30,82.93612500000017,0.0,EmeraldEdge
2026-07-12 06:07:14,day,mentions,31,0x50b977391c4b3dd88b0a0bef03c3434fe4284298,80.3176841000008,391.98650000000004,rocketcrypto
2026-07-12 06:07:14,day,mentions,32,0x3577763ad9d0d03f8977c74b962df9dea4996eff,76.83446738250001,0.0,0x3577763AD9D0d03F8977C74B962dF9Dea4996EFF-1767394315226
2026-07-12 06:07:14,day,mentions,33,0x50b9e4ca59b767769cc2de13ad9fc688de1d4467,73.48267277449995,0.0,ShunTheNonBeliever.
2026-07-12 06:07:14,day,mentions,34,0xe9076a87c5ed90ef16e6fe6529c943baeca0cff6,72.80745723239598,0.0,suntori
2026-07-12 06:07:14,day,mentions,35,0x0a08c9592c617ac8d057fb11ea45dfc2fd56c2e6,71.10939499999984,0.0,0x0A08C9592C617Ac8D057fb11EA45Dfc2fd56C2E6-1780086444199
2026-07-12 06:07:14,day,mentions,36,0xa24d3122ecad883b0fe1ff7b9b2d9967e23d3065,69.61143099999924,347.0202,Anatol50
2026-07-12 06:07:14,day,mentions,37,0x6216afe19506009a0014ffce6b625c80b94e1bd4,68.50915212,660.176466,
2026-07-12 06:07:14,day,mentions,38,0x13defc247ffbcce522383400ba9430994fb9fd91,67.37163968999988,0.0,browndust
2026-07-12 06:07:14,day,mentions,39,0x26bc39c2984d2038bc7616c3d6f7b1e9c5c06b72,58.82291649050001,0.0,neviaa
2026-07-12 06:07:14,day,mentions,40,0x7bbb2a2730e35844c2a786b9275033ce15cdad2e,57.50383036599999,78.0,niubeee
2026-07-12 06:07:14,day,mentions,41,0xa76b7dc2d87b3b029ee67305c538547489198a50,56.87564674999942,6.0,qcp14
2026-07-12 06:07:14,day,mentions,42,0x7f30ff787f4cf8f52ba95799a645ec957f367f55,53.57628260655105,476.814277,0x7f30fF787F4cF8f52ba95799a645ec957f367F55-1775771623870
2026-07-12 06:07:14,day,mentions,43,0x94ce695cd5cd4d9217e0abdc70ea5e78e245edf2,52.099999999999994,450.0,Yourstrulyy
2026-07-12 06:07:14,day,mentions,44,0x07b90f1e574b450a6a8a782f862d1a1e8f650fbb,49.08465436200004,0.0,Dondigidin
2026-07-12 06:07:14,day,mentions,45,0x26b2f27e885fcbdab1cced3c80d76e3ee17a6d5f,48.650155901206034,0.0,0x26B2F27E885FCbdAB1CCed3c80D76E3EE17A6D5f-1766234235073
2026-07-12 06:07:14,day,mentions,46,0xc8ab97a9089a9ff7e6ef0688e6e591a066946418,45.07841171000109,568.073656,ArmageddonRewardsBilly
2026-07-12 06:07:14,day,mentions,47,0x23c46463c281deb26a041fdcc24ae9c5d7629c42,44.23109980999834,23.25,oidocrop
2026-07-12 06:07:14,day,mentions,48,0x85dfe68799c81169482aad52aabd3d899404fb48,43.35935392965901,2653.281294,FoolAndHisMoney
2026-07-12 06:07:14,day,mentions,49,0xf903c4cd098184e67a06a04f9b8fdb36e7bbe028,43.23734732999992,120.0,Viserys
2026-07-12 06:07:14,day,mentions,50,0x04f6dab1a3d35fc9ad828536cd0f493013fd311a,42.94154809999992,0.0,LineEditor
2026-07-12 06:07:14,day,mentions,51,0xd11a3b05bf9b081749baefb967f42d12959c5ffd,40.158452979999986,0.0,Kollar4
2026-07-12 06:07:14,day,mentions,52,0x0a7aaf83341b52df34e8ffef52aa295538d6df1b,39.804119999999784,176.9072,Perypery
2026-07-12 06:07:14,day,mentions,53,0x79bfe69e715f54fca27308e6044e4f0c157cbcdf,39.092750000000024,0.0,hedgefundfounder
2026-07-12 06:07:14,day,mentions,54,0xcc3e87226912d35893b678eaa8a39d57b6fe37ef,36.65968000000066,70.05,LadyLuck2
2026-07-12 06:07:14,day,mentions,55,0x3c1133efae95cca87e721ef9982c7e539654c35a,31.00875437499998,0.0,
2026-07-12 06:07:14,day,mentions,56,0x0e935a8486b7e044b6b4195af7acd280163b6a82,29.52669163099995,0.0,0x0e935A8486B7e044b6b4195af7ACd280163b6A82-1778525694471
2026-07-12 06:07:14,day,mentions,57,0x2b9d677d75d42c4f08624816e298d251e8c795f4,29.40024173400002,21.05263,GuyFromTinder
2026-07-12 06:07:14,day,mentions,58,0xb79fadaa593335ee1a1ccb4506c9c89ac3b2d749,28.183809956568325,613.3839559999999,mountaingreen
2026-07-12 06:07:14,day,mentions,59,0xba8c5fbcc5f58b0e4ae0c1413e0413f8c803e77d,28.144400000000246,103.44,Rock.San
2026-07-12 06:07:14,day,mentions,60,0x03e1b2a5d7dc3685e6f6273842a32328d271e180,25.379999999999995,0.0,ilovecarrots
2026-07-12 06:07:14,day,mentions,61,0xc7d02944a76b9f83b199e9090ecc92c82d241f8a,25.079999999999927,0.0,0xc7D02944A76B9F83B199e9090ECC92C82d241F8a-1776944395495
2026-07-12 06:07:14,day,mentions,62,0xf37bd93206203525a515c6863e60eaa7d9154eda,24.68548915354999,39.06,Cmp-Gamble-Trash
2026-07-12 06:07:14,day,mentions,63,0x1bc38461df16adaae614478a9223b160576fa6c5,24.676460110483006,103.220483,spswdf
2026-07-12 06:07:14,day,mentions,64,0x0679890308e1ed0c66ec0d46128e0867bcba76a0,20.868627017500003,0.0,sanechca
2026-07-12 06:07:14,day,mentions,65,0x229c0a7d92977a9934e5ac2348d507988996b966,19.990705779863674,80.286466,qqqppp-l1
2026-07-12 06:07:14,day,mentions,66,0x90b8a592168217809c2d79366dfe682b80278665,16.971324999999993,53.74,cool.keith
2026-07-12 06:07:14,day,mentions,67,0x726c6e3d5cdb1a8a97b38c0e2d88448b19d66bfd,16.63643218000152,843.1300000000001,idl
2026-07-12 06:07:14,day,mentions,68,0xce85984e8e15d27c160768fdb86cd9f0f924e292,15.720507839999998,38.34,Basedrs
2026-07-12 06:07:14,day,mentions,69,0x510f4963b66b1b18505faab74b0bb943d1dda43c,15.636345569499937,199.82999999999998,PPMT
2026-07-12 06:07:14,day,mentions,70,0x15d6c94660256d48979862fceb245769c9a22179,15.188501250812005,0.0,
2026-07-12 06:07:14,day,mentions,71,0x6cb6e442305e583b8fe0aeddd7a95f971c66ec83,15.180499625000003,110.0,ItsCrashBandicoot
2026-07-12 06:07:14,day,mentions,72,0x8d10b39465225d7a881b56b4af8354997f0c940a,15.059112960306017,0.0,0x8d10b39465225d7a881b56b4Af8354997f0C940A-1767024582634
2026-07-12 06:07:14,day,mentions,73,0x86a6a519817e7bb547743b3a33899c29b4a04c3f,14.907791378499997,51.390156999999995,Dexsaf
2026-07-12 06:07:14,day,mentions,74,0x42b7601fea87e5b1ea958ffe47647945fabcabff,14.175664944999994,0.0,agentcal
2026-07-12 06:07:14,day,mentions,75,0x6d82f7d183c7f0d44968b012a2fd9ce83d7b9e66,14.03650000000001,0.0,WeatherOnlyHive
2026-07-12 06:07:14,day,mentions,76,0x498fe986af5af0425001b4d125e02b4426f3af74,13.999929199999997,0.0,0x498Fe986AF5Af0425001b4d125e02B4426F3af74-1772808189813
2026-07-12 06:07:14,day,mentions,77,0x46b353667fd7d846af3bbeda6584b0e5b883d3de,13.946524234999401,844.1443320000001,bjprolo
2026-07-12 06:07:14,day,mentions,78,0x99bce72fb855cc8eebe6c85683ede46da1784f35,13.823708230000307,52.66,
2026-07-12 06:07:14,day,mentions,79,0xe0dcc05376176f9f9e5160b9aae6f51e2ca93944,13.56576556000013,35.129999999999995,Dr.mett
2026-07-12 06:07:14,day,mentions,80,0xf2cf3cf7863182c763bce60580a7d20e9333464b,13.387350963499614,165.37,Mojito9
2026-07-12 06:07:14,day,mentions,81,0xb77778b0ed37ad61176519da34b24118c9593ff9,13.183937889615777,334.05090800000005,tiongbu
2026-07-12 06:07:14,day,mentions,82,0xcf45ee0626fe8ddb183add7b54ecac11213f5903,13.00060000000002,0.0,LaPulgaLeo
2026-07-12 06:07:14,day,mentions,83,0x846988dd97915cc9a847e5ac435262322e55dab0,12.811331962744003,394.786664,qqqq44
2026-07-12 06:07:14,day,mentions,84,0xbcd671efdc5dd18016e7577c8f05e2db8452f3c8,12.414400000000015,0.0,AutoOdds
2026-07-12 06:07:14,day,mentions,85,0xfe495635aad93a476355c5ce38ae0af530197a4c,12.074650000000474,0.0,DOG-UndressedVersion
2026-07-12 06:07:14,day,mentions,86,0x2849f88225b51b519b292c02fd07b3554b0a0329,11.428389630000005,11.09,dragonroar
2026-07-12 06:07:14,day,mentions,87,0x41e6de55cf3bd608b50952f681dfb562187466b7,10.970901875000067,49.405881,POB-T
2026-07-12 06:07:14,day,mentions,88,0x4b19e0ae70f76911562a1c277f4b5257ba8e3ee1,10.733473000000018,35.687947,motherofgod
2026-07-12 06:07:14,day,mentions,89,0xc602e34792d9a5e129f3404daef2df43d1d37fc1,10.733069454499855,205.57999999999998,Dr.PNL
2026-07-12 06:07:14,day,mentions,90,0x8dd8f566b50f54a7a8ec02412723974b40679a1c,10.105175747101384,92.590908,pengu1n
2026-07-12 06:07:14,day,mentions,91,0x1d1aa3439835cc8dbb5e55d615bee3f39b0d324e,10.099138530000346,777.84,b14k
2026-07-12 06:07:14,day,mentions,92,0xe2981fb219c98952ebe655061df138ffc74f8ca9,10.025000000000006,0.0,boughtATH
2026-07-12 06:07:14,day,mentions,93,0xc7a96310bd0f06311227001cd725d63ee3ab3f32,9.9715,0.0,RandomBETS1
2026-07-12 06:07:14,day,mentions,94,0x860c51f3afa22dfaa4ae2c26fc749701f545418d,9.682500000000001,0.0,umbrella-labs
2026-07-12 06:07:14,day,mentions,95,0x34af3a317ccc5fbed5ed504d13a064ffa7f4bd55,9.381794298000045,122.0,rpontici
2026-07-12 06:07:14,day,mentions,96,0xfe9339e4eca140c1a16f94a52b5cde4d29768d0e,9.06427717500037,0.0,winexecutescale
2026-07-12 06:07:14,day,mentions,97,0x9434869873423ebf81532154367c5917c70b99f8,8.530541559999998,0.0,0xbaFFf33AC633bE69b2a96071DBE05A2feAE4402D-1768549587724
2026-07-12 06:07:14,day,mentions,98,0x3ecced8f934a6a843bf349afb41dd968760952d2,8.479787205500003,0.0,mrtr
2026-07-12 06:07:14,day,mentions,99,0x355e5ae20cc1a3a2164f818e4bac8d22dd72a038,8.440039000011893,20.0,Olcan
2026-07-12 06:07:14,day,mentions,100,0xe60a678aa9df38fc2a2ac346ef9339c8a64fa633,8.213554727636932,117.44,letsgo33
2026-07-12 06:07:14,day,weather,1,0x535b242f133522a5686e8859df0d4114b8ca4b60,553.5916569549998,0.0,Sold-my-ps5-to-bet
2026-07-12 06:07:14,day,weather,2,0x118689b24aead1d6e9507b8068d056b2ec4f051b,313.8435959999988,2922.0,russell110320
2026-07-12 06:07:14,day,weather,3,0xcd1e3f52dfa06c063ebc16bca1891e5baf41862e,254.10909008999985,702.066452,0xcD1E3f52dfa06C063EBc16BcA1891E5bAf41862e-1780842650868
2026-07-12 06:07:14,day,weather,4,0x0484bf76425db5021ce2d369f78fc125906d4830,232.65911930183756,6128.766801000001,sleeper-service
2026-07-12 06:07:14,day,weather,5,0x7e0c371faed99a1f76bc4723bd3f15a2c41f8b5e,229.10131884968632,13257.295570999997,anonymous58371
2026-07-12 06:07:14,day,weather,6,0xfeccdc127f399b4f5222386922c58ff634ca77da,213.53030532218418,2877.618219,viksha11
2026-07-12 06:07:14,day,weather,7,0x26123cbf0f4820f7e70408a8c054ba7615c05289,177.35559984306383,11248.487896999999,nexvs
2026-07-12 06:07:14,day,weather,8,0xc7d02944a76b9f83b199e9090ecc92c82d241f8a,165.20168178841413,2963.2244659999997,0xc7D02944A76B9F83B199e9090ECC92C82d241F8a-1776944395495
2026-07-12 06:07:14,day,weather,9,0xa11376e9f170aaf97664cac13e9ab210a70193f4,158.31884098000046,83.03446600000001,ballzi.
2026-07-12 06:07:14,day,weather,10,0xec86a2d3f69015b1a9382e4dfa8695e1b48760e4,156.55258299955312,4978.816838,0xeC86a2d3f69015b1A9382e4dfA8695E1B48760E4-1770735132210
2026-07-12 06:07:14,day,weather,11,0x09a85cfe4d51e0cde12daa4d255b3f789fb447c1,149.6913401183665,1489.715175,tenkiyoho
2026-07-12 06:07:14,day,weather,12,0x23d18416645924e097c453e8ceadd4bfeb6a353f,141.6800000001749,0.0,fcomp3
2026-07-12 06:07:14,day,weather,13,0x7e35a2a8cfd1eb1e69dacd043206db5a787f1a6c,137.5789075749999,0.0,buoys
2026-07-12 06:07:14,day,weather,14,0xb49f3fae241faa938b7670348c4afa6464751821,131.9091237781986,689.331502,
2026-07-12 06:07:14,day,weather,15,0xe01069845e5f21c1cd1b438087f5badb24f65147,117.67112896889876,3494.255541,0xe01069845E5f21c1cd1B438087f5badB24F65147-1757127484637
2026-07-12 06:07:14,day,weather,16,0x34dbc406881a24b82f4b138e09169d9a004b1b63,107.52798575101997,286.49,0x34dBc406881A24B82F4b138e09169d9a004B1B63-1777004802209
2026-07-12 06:07:14,day,weather,17,0xc7ebbf1d86d63eba6847121012f51f046ad1da58,101.02156755150014,814.81,0xC7eBbf1D86d63EbA6847121012F51f046Ad1dA58-1775653815360
2026-07-12 06:07:14,day,weather,18,0x17bd8a9d2f9f5754d327528d28797aed50a6f0ba,99.12806567000007,1676.83,eyeonu
2026-07-12 06:07:14,day,weather,19,0x09b4c4173607390b4a499d91b43b713987d3e56d,95.0752699999997,0.0,AndreaPirlo
2026-07-12 06:07:14,day,weather,20,0xf73f7e9c6bd1f40dc045d2a93bec3dd4248aee53,94.43912671181437,1023.3767839999999,meteoblue
2026-07-12 06:07:14,day,weather,21,0x7e35a2a8cfd1eb1e69dacd043206db5a787f1a6c,129.01735757500046,0.0,buoys
2026-07-12 06:07:14,day,weather,22,0x78ed8966161ea0a22f0719b9c04391c6ac22ab3a,127.72610522705787,957.0012579999999,6000K
2026-07-12 06:07:14,day,weather,23,0x99bce72fb855cc8eebe6c85683ede46da1784f35,121.92883849762802,1928.291103,
2026-07-12 06:07:14,day,weather,24,0x13d3ed7ebeec50ee794cf0e783df1991ceb7415e,121.84008625187744,2545.583888,tianqizhishen
2026-07-12 06:07:14,day,weather,25,0xe01069845e5f21c1cd1b438087f5badb24f65147,118.08268038845523,4023.2153319999998,0xe01069845E5f21c1cd1B438087f5badB24F65147-1757127484637
2026-07-12 06:07:14,day,weather,26,0x85dfe68799c81169482aad52aabd3d899404fb48,117.3002161593738,4202.090491999999,FoolAndHisMoney
2026-07-12 06:07:14,day,weather,27,0x17bd8a9d2f9f5754d327528d28797aed50a6f0ba,116.29043632837511,2033.071295,eyeonu
2026-07-12 06:07:14,day,weather,28,0xa8214a76e24da3bd037763b5d76216c33ca00bc8,113.27704930684081,995.6957150000001,fuckpm
2026-07-12 06:07:14,day,weather,29,0x34dbc406881a24b82f4b138e09169d9a004b1b63,109.84062969301999,286.49,0x34dBc406881A24B82F4b138e09169d9a004B1B63-1777004802209
2026-07-12 06:07:14,day,weather,30,0x77357b4fcc685e5ba9e67b7ba00f8ae059c34740,108.00703949499984,0.0,
2026-07-12 06:07:14,day,weather,31,0x5a218c7ad04135830a45c41aaed7294df7809318,105.6548837380069,7571.245430000001,balthazar
2026-07-12 06:07:14,day,weather,32,0xc6bdd0d9bcd2176e4ea0d82a2b71002898792c9d,104.76470599782901,5423.213231000001,fewsk
2026-07-12 06:07:14,day,weather,33,0x23d18416645924e097c453e8ceadd4bfeb6a353f,100.31001999998716,0.0,fcomp3
2026-07-12 06:07:14,day,weather,34,0x2b8c0ed1252d1cf1ee4c47c8d3cf94d87aeb4406,99.53620007977572,562.568419,opentrading
2026-07-12 06:07:14,day,weather,35,0x116db6298abcdefe06f9f5458c293c7de185fbf1,92.18768013975205,4204.527632,opopv
2026-07-12 06:07:14,day,weather,36,0x0f37cb80dee49d55b5f6d9e595d52591d6371410,90.97554972488433,0.0,Hans323
2026-07-12 06:07:14,day,weather,37,0x37de5810f247a0cba8dc95b626bb4e7b9b32f512,90.6766152008804,1534.4841219999998,horse2026
2026-07-12 06:07:14,day,weather,38,0x945a49252f772a10c6ddd1d1e1e24ee20438a48c,90.35143618569236,10456.048927,zxcursed121
2026-07-12 06:07:14,day,weather,39,0x09b4c4173607390b4a499d91b43b713987d3e56d,82.45679463999977,0.0,AndreaPirlo
2026-07-12 06:07:14,day,weather,40,0x764b305694b026c1acce7bf862c3b5456a146bad,81.50176160752017,4719.660483,quietparcel
2026-07-12 06:07:14,day,weather,41,0x1e53e5e0a496b353893caac150e990df900714e7,81.03018814399957,0.0,0x1e53e5E0A496B353893Caac150e990DF900714e7-1768943982727
2026-07-12 06:07:14,day,weather,42,0x91f83dd2e149d23bf2193275d3ec4c8c07abd951,80.4688013620555,1135.5906799999998,asplla
2026-07-12 06:07:14,day,weather,43,0xd25156e222c9b907b128e27c36821fdb41db4d37,79.88547216817824,567.383542,neo7777
2026-07-12 06:07:14,day,weather,44,0x510f4963b66b1b18505faab74b0bb943d1dda43c,77.36620041397373,10418.600095000002,PPMT
2026-07-12 06:07:14,day,weather,45,0x94700fded82ba336a5c98fcfd006814a1368989d,76.72479344462408,3096.232915,fuccckSZ
2026-07-12 06:07:14,day,weather,46,0x65e61ec50f868182dd18d34df04f10cb9c626400,75.95473209502143,106.490208,rh-04
2026-07-12 06:07:14,day,weather,47,0x66f4a88ef66d603d748e1d6bebffdc14ee956ad5,75.76738136290419,3992.0830229999992,Jdjdjdndndndjdjdjd
2026-07-12 06:07:14,day,weather,48,0x88394534c6d050ac528964a2df5928dc5935ddb5,75.68079744323677,911.039702,ZhouYi-talk
2026-07-12 06:07:14,day,weather,49,0x66d609dbda9df641eff684190a01182f6de450c7,75.2166992299999,0.0,LieutenantMiloMinderbinder
2026-07-12 06:07:14,day,weather,50,0x556bb60768b7f4bea93632abf2b333357d7b4e33,74.75531165400048,7449.018,weather-alphadotcom
2026-07-12 06:07:14,day,weather,51,0x9e5dd800b5abad60a793fc207a3b266668d4c928,74.05835056000001,0.0,0xF4c639895ca296053A7389982fde40FD3A7F194c-1775302046666
2026-07-12 06:07:14,day,weather,52,0xea0044e4665a34633d32d34827cd6868f5171faf,70.32569301940805,1870.1196759999998,polarmint
2026-07-12 06:07:14,day,weather,53,0xfd48544efea39e627c34bfa81dda6f4e37411e93,66.88169729873889,1033.980589,satc1014
2026-07-12 06:07:14,day,weather,54,0x5745095625e12c0125bc1ce6f6f1c8e3f6e7aa5e,66.87431736849987,0.0,rushrimper
2026-07-12 06:07:14,day,weather,55,0x496f76bd5cf4c2819c710ae90ed1c84b2dc6fa5d,65.99140406924471,2601.9532070000005,0x496f76BD5Cf4c2819C710aE90Ed1C84B2dc6FA5D-1773782287927
2026-07-12 06:07:14,day,weather,56,0xd22956654da03aa5505a2355596d34f223befcd6,65.7241275844899,1301.127866,OmniStrat
2026-07-12 06:07:14,day,weather,57,0x2868073a4532e65bee1d6fc600aedc52fe9b9b6b,65.39157669577662,0.0,Delayed-Onset-Autism
2026-07-12 06:07:14,day,weather,58,0xbddc2a7690bf600e347d5eb4a9c28f9f24e55d4f,65.36638758473941,1111.005747,0xbddc2a7690BF600E347d5eb4A9C28f9F24E55d4f-1774968947489
2026-07-12 06:07:14,day,weather,59,0x7fc6e183e48e2f7658cd825ff4f40e44e9327306,64.75909935799882,0.0,tradingdecs
2026-07-12 06:07:14,day,weather,60,0x5556d0148b82f99c1e5990c91f7db7fb60eed729,64.26154675880001,782.071925,wenzhushouyi
2026-07-12 06:07:14,day,weather,61,0xb40e89677d59665d5188541ad860450a6e2a7cc9,64.03427608714264,5690.916880000001,Poligarch
2026-07-12 06:07:14,day,weather,62,0x15463d7c82ad6df69260a9def5e19c8ff838778b,63.62523293011236,1742.073717,meichuanneiku
2026-07-12 06:07:14,day,weather,63,0x77f069c3233901628c89d0e8ea5bb510a2822b1f,62.60734260344179,7532.593739,cleaningLady
2026-07-12 06:07:14,day,weather,64,0x05e172b931e5a210423e896e6bc280d082034c1e,62.50774513579381,1512.60821,GodofGamblers69
2026-07-12 06:07:14,day,weather,65,0xc24fc1414aedfdc5406fa31e85cfed26704d087f,61.59944792080199,1299.3400000000001,shyu5000
2026-07-12 06:07:14,day,weather,66,0x6b5012826833770af8b10acf3049f01edfcfc9ba,61.37281951781915,1275.98857,bentayan
2026-07-12 06:07:14,day,weather,67,0x04b3f873b003eba3774df1e5e47a370d27ee1b7e,60.30825106791099,333.4580900000001,0x04B3F873B003eba3774dF1E5e47A370d27Ee1B7E-1774574222951
2026-07-12 06:07:14,day,weather,68,0x2acf345851bd6dbcee9c07d157f58386a4fdf9bb,60.1156041686545,655.5754400000001,0x2acf345851Bd6DbcEE9c07d157f58386a4fDf9BB-1769529267515
2026-07-12 06:07:14,day,weather,69,0x85dbcb1712ca38c639559351ad31127c472e1423,59.40189249749801,2110.25,SkyWhisperer2
2026-07-12 06:07:14,day,weather,70,0x45b2cb2ae97f7dd81aa20058337a7a8b29b4cbc1,58.78389707698989,442.97429999999997,mocamoca
2026-07-12 06:07:14,day,weather,71,0x4989bfed5900ba096b08ba1f9b718464527c983e,58.75276496999959,1070.971712,weather.macau
2026-07-12 06:07:14,day,weather,72,0x3317eb6504690798f74471bbe35d8ed45903c0fa,58.37400000000001,0.0,pene124
2026-07-12 06:07:14,day,weather,73,0x34d5bcd9c244d411f7ba4710d7c69da159eca977,57.59772814400003,1236.51,hanxilgf
2026-07-12 06:07:14,day,weather,74,0x1941ca5d7f587827da004b1b1551b0bd6429deea,57.53398020619352,3056.6125059999995,0x8e7a8d72Bdx10a8H37R6bsF568dFa52E
2026-07-12 06:07:14,day,weather,75,0x6011655c4afb76f36dd1b08a137a1ba73466b31e,57.05494444855867,5211.025804999999,HighTempTation
2026-07-12 06:07:14,day,weather,76,0x7a4126074ece8dffeb2178f68d4ff0e8bf5a2562,56.42143217999819,170.59,NYKD-54
2026-07-12 06:07:14,day,weather,77,0x0130afd6f3efddf1c3e16e01217b172dd9befb49,55.90674120834683,2727.955125,123987456
2026-07-12 06:07:14,day,weather,78,0x5b7c457f0138e1df276c156608a285f11879f811,55.808192473295094,36.03846,0x7d5a...49cd06
2026-07-12 06:07:14,day,weather,79,0x6aa2d3399729991261ba820339a090b0c90105fb,53.82357737313441,9077.508017,superfastweather
2026-07-12 06:07:14,day,weather,80,0xfd557e6db670c9704bc1d0d8e8b585c7d9c9f905,53.136626820147285,5062.607141,northdrawer
2026-07-12 06:07:14,day,weather,81,0xe5c271b727270f001c77104b019a03f86f0c6b76,52.540104380522166,2033.442545,Kastellvalen
2026-07-12 06:07:14,day,weather,82,0xdbf08158da8516f5b9535ce60ae00b702ea8ff09,52.5166671895463,1288.029442,MarginSafety
2026-07-12 06:07:14,day,weather,83,0x02a3a8166292961bbf941ac8c92ddbc9d39cfbdc,52.34202220749984,0.0,jendhb
2026-07-12 06:07:14,day,weather,84,0x1e895bc24bdcd95142614b4f6334d51ce924e7ed,50.51619600000015,853.75,japafabricacafe
2026-07-12 06:07:14,day,weather,85,0x8a19890daccd81dc8eab48ea8a311d2a801e073d,49.63745668999945,958.17,Tokyo.is.hot
2026-07-12 06:07:14,day,weather,86,0x942e79166821f3f4e67872e44f1672fcccd2be27,49.44763402981516,2563.471903,smallreceipt
2026-07-12 06:07:14,day,weather,87,0xd2178baff3b409cdd9eabfc9e6e4dee000a07561,49.08306089949906,1390.8899999999999,Traingman
2026-07-12 06:07:14,day,weather,88,0x20e6e192cc7d036e25136bb535e10aad89af95c4,48.31473174999883,0.0,PnW
2026-07-12 06:07:14,day,weather,89,0x42e5ca21784929315826a32bc850ad927fd4c9a7,48.29788634999886,572.7088,leizhenzi
2026-07-12 06:07:14,day,weather,90,0x47f720a18cee7b3e8a372ccf139fbaf58e0fa3cd,48.02834399964425,4071.4087440000003,0x47F720A18CEe7b3E8a372CcF139fbaf58E0fA3CD-1783317931603
2026-07-12 06:07:14,day,weather,91,0x7de7cbeba7e2ea14c6445be39d4d46a3cf14a9c8,47.17772642999989,0.0,inventive
2026-07-12 06:07:14,day,weather,92,0xd46eca00cd366b09f0d2913cb00d12fe451fa2ba,47.028723733167396,900.6991629999999,
2026-07-12 06:07:14,day,weather,93,0xed541ad118dea9103306043869e83344cac44967,46.984320005029986,640.33,oddscalc
2026-07-12 06:07:14,day,weather,94,0xb9db6fa00ece6aacbc36b9bb8868f47720282ac6,46.23446100000001,424.021,dongfenglaile
2026-07-12 06:07:14,day,weather,95,0x941809833d47890e2383a0abf5277facff28e9f8,45.85149680150022,0.0,0x941809833D47890E2383a0abf5277FACff28e9F8-1781957605159
2026-07-12 06:07:14,day,weather,96,0x85d22a973e817f87afe0a7fd346a39823cce7479,45.59182214000066,1833.6290829999998,light2026
2026-07-12 06:07:14,day,weather,97,0x443eac4e61b71c26126583d65270f1ae0bdc712e,45.31588563000014,0.0,powderz
2026-07-12 06:07:14,day,weather,98,0x7ce336595687024c9ebf620f2dcb3b71269b1689,45.25094465530083,242.057776,0x7Ce336595687024C9ebF620F2dCb3b71269B1689-1774766944047
2026-07-12 06:07:14,day,weather,99,0x29bd17ae1d183a47f6d2adba47940b2ce451b52c,45.14443094000001,288.69974699999995,HuBing
2026-07-12 06:07:14,day,weather,100,0x7df00357d97916a5c7888b212a94535097790dfe,44.72158063467896,101.114586,neverhackme
2026-07-12 06:07:14,day,economics,1,0x714a685b5454ea4d52979563bbafa77b8168ab2f,19500.223667139988,0.0,pada
2026-07-12 06:07:14,day,economics,2,0xa309f903dbbd559e87d8d368834b8e41355c4cf2,18848.125931276976,0.0,dlkf
2026-07-12 06:07:14,day,economics,3,0xe9514aa0b925353ea0d5e32978d636ec25ebde18,10067.390872860036,0.0,b2d0
2026-07-12 06:07:14,day,economics,4,0x07046535ff9a910d7343a2c319a3e62234621858,6600.051754275104,0.0,HH168
2026-07-12 06:07:14,day,economics,5,0xddff18c9e86262e62af046d818dda0c3de6f52d6,6469.764288380007,0.0,wkmfa518
2026-07-12 06:07:14,day,economics,6,0x1521b47bf0c41f6b7fd3ad41cdec566812c8f23e,5040.268875414513,58286.21,alliswell
2026-07-12 06:07:14,day,economics,7,0x9bcada74fbcaa331afecdf7e861fbc9532ecca1f,5000.005769679992,0.0,rooivalk
2026-07-12 06:07:14,day,economics,8,0xa52b785a5510117ac3ae03d75d029f89a36c9480,4791.287200000021,0.0,Hashbrown
2026-07-12 06:07:14,day,economics,9,0xfbe66593e49c4e7a7180a2582f041158bfb800f8,4441.179323960021,0.0,gaven-willwin
2026-07-12 06:07:14,day,economics,10,0x0c0e270cf879583d6a0142fc817e05b768d0434e,4439.664503719949,0.0,The Spirit of Ukraine>UMA
2026-07-12 06:07:14,day,economics,11,0x8b6b42aab3d96d71992b89bb705b6a456cacafd5,4026.449951980001,0.0,sunlc.ai
2026-07-12 06:07:14,day,economics,12,0x60567382d04d7af8776eea04468a918519ebc27c,3667.88132364,0.0,akimbogod
2026-07-12 06:07:14,day,economics,13,0x63d43bbb87f85af03b8f2f9e2fad7b54334fa2f1,3482.6778437033063,0.0,wokerjoesleeper
2026-07-12 06:07:14,day,economics,14,0xe9076a87c5ed90ef16e6fe6529c943baeca0cff6,3398.6730437958395,16150.874863000001,suntori
2026-07-12 06:07:14,day,economics,15,0x086934317f099d0279493b3f73a954ee896114f1,3163.603972719997,0.0,MiuMiuYan
2026-07-12 06:07:14,day,economics,16,0xe033e9d4a0e8b30c417f3f7abcb029bc695940a5,3101.1778241284774,0.0,CDAP1
2026-07-12 06:07:14,day,economics,17,0xe472ce6be1fb4673d6155de37e414ead8bace7eb,2700.281786942178,500.0,TheRealWarMonger
2026-07-12 06:07:14,day,economics,18,0x9ffe14d8b1e05c23430c8592cd8ec30f70658edd,2617.47871677,0.0,tfg50
2026-07-12 06:07:14,day,economics,19,0xaf458bee32b8f1d9ba39ee876f20c7e3ce62ec7d,2615.7387308044854,0.0,fed26
2026-07-12 06:07:14,day,economics,20,0x4478d7bd8a295691ac84f60a5ec2b47e122102a4,2500.217023019497,0.0,Warren-Buffett
2026-07-12 06:07:14,day,economics,21,0x134a63b764ac7b008356e8db1857db94e6b09e42,2456.0058581299672,35000.0,Bertapotamous
2026-07-12 06:07:14,day,economics,22,0xce1d15f4ab2e11cca6fefe4fe7d70889e6531b9b,2299.999721299995,0.0,armads
2026-07-12 06:07:14,day,economics,23,0xeb6f0a13ea8c5a7a0514c25495adbe815c1025f0,2297.878259045494,11023.573574999999,ARUNDEL99
2026-07-12 06:07:14,day,economics,24,0x2458489f779c836fc773135d81b08ead95ccf8e7,2250.2599070584974,0.0,neuroplasticompany
2026-07-12 06:07:14,day,economics,25,0x8b4bca1d794779e66e023d44391b2a86c5ab541b,2240.476103212495,133670.789997,0x8B4bcA1D794779E66e023D44391B2A86C5ab541B-1769764313952
2026-07-12 06:07:14,day,economics,26,0x844ef6cdd0a4d691b7a81429ee550f025aa64f41,2099.9995472780047,0.0,flyfat88
2026-07-12 06:07:14,day,economics,27,0x212f7fc77c18c6ce34bb1dae43e9198ab19b7fd2,2075.871921479993,0.0,robau
2026-07-12 06:07:14,day,economics,28,0x0e5bd76779e74304d08e759072abf126d87da593,1970.0065100645297,0.0,JAHODA
2026-07-12 06:07:14,day,economics,29,0xb7b8e9681f5c863dfbd3ac7ec66bac69fa0edb31,1805.5129127164992,1500.0,charlatta
2026-07-12 06:07:14,day,economics,30,0x43405b1b3dee23baf8284b3bcfd79930600b64c4,1782.5395482955664,78.95,-nkt-
2026-07-12 06:07:14,day,economics,31,0xe7387473b067235436884d16799777cf279edf65,1752.5417157500196,0.0,Huludubu
2026-07-12 06:07:14,day,economics,32,0x5cd5c8d7a17c78d7389d8b87b611aed83322ac33,1688.2776545579982,0.0,nonkenny90
2026-07-12 06:07:14,day,economics,33,0x53e55bc7cb3d67ad177c023ce891ad076a9d6177,1669.815649735494,0.0,Arbguy
2026-07-12 06:07:14,day,economics,34,0x71ca04d689bc38c5e4dcda8a4d743f279c5a3501,1512.925848480023,0.0,Ronaldo2100
2026-07-12 06:07:14,day,economics,35,0x4097b449b30f8bcf9834ea1e976f235f689c88f2,1497.4374435749987,0.0,howesr1970
2026-07-12 06:07:14,day,economics,36,0xcaab19659b995951a44cc992447cb2ad5be324dd,1453.5536498918882,54.08,QMG-CORE
2026-07-12 06:07:14,day,economics,37,0x7d2299a379eb0b1c6077c7c419a383da6fb7f0cf,1437.7583333000002,0.0,Qtyu
2026-07-12 06:07:14,day,economics,38,0x9c2617462567859fcf5764e03b9a687ebca274bc,1425.599907925789,5000.0,Tigerofthehood
2026-07-12 06:07:14,day,economics,39,0x052f4191cd324a348835a846d34df5b0061e53fb,1354.815965157005,0.0,chriszyy3
2026-07-12 06:07:14,day,economics,40,0x33dc4cd4a175180fda291f2ab1876e03e247bb81,1340.7529162499986,28.79,hawkj
2026-07-12 06:07:14,day,economics,41,0x801dbe416065cfa8ecffeae526eeb37f393fd8e0,1249.9980239599972,0.0,Niseko
2026-07-12 06:07:14,day,economics,42,0x162f6fff88a52864f2ecc9833e58089d5254798d,1248.0084406000096,0.0,Valen9
2026-07-12 06:07:14,day,economics,43,0x4755188644460fc8140a18ccefc1e80b6a5e4158,1200.0000073000047,0.0,schizohedgehog
2026-07-12 06:07:14,day,economics,44,0x785fd6221d9987a8a401ea0ee3f5d65e26b6c1b5,1188.888666540006,0.0,TimothyChalamet888
2026-07-12 06:07:14,day,economics,45,0xfba638c083dcd88a6711a1ffba4352c5431a1fca,1188.8099746650018,0.0,Vladpoutino
2026-07-12 06:07:14,day,economics,46,0x851281eee06e684ca9a237030fcef0c26c63a3d2,1073.537400000001,0.0,HHYP
2026-07-12 06:07:14,day,economics,47,0xbded63dd8cc9cff81219917d443b4cfdeb915ae9,1033.6079628650004,0.0,PrimeirosRicos
2026-07-12 06:07:14,day,economics,48,0x5235578efe24555b0c98e7dc10a902b09089c04a,1026.7192188360787,499.9,back-in-whack
2026-07-12 06:07:14,day,economics,49,0x69aa9fa621403e3a121b29ad77d32ba9eb5e8847,975.0005539599952,5000.0,tsekinming01
2026-07-12 06:07:14,day,economics,50,0x2ed8f7a10686dbb0fb15f5c3335f30e0043793d4,937.7108860379885,10.37,podairpod
2026-07-12 06:07:14,day,economics,51,0xce71bed9dd1418abc34d244730879d795e8683bc,895.7986349949933,0.0,tutrucks
2026-07-12 06:07:14,day,economics,52,0x54e15a0a77e3147ac78831804e5dde13cb589d5a,870.7914329745036,0.0,Adrink3D
2026-07-12 06:07:14,day,economics,53,0x22e4248bdb066f65c9f11cd66cdd3719a28eef1c,840.0002681134938,0.0,ProfessionalPunter
2026-07-12 06:07:14,day,economics,54,0x2e0b70d482e6b389e81dea528be57d825dd48070,813.2685999999958,0.0,Trump2028
2026-07-12 06:07:14,day,economics,55,0xaab674486bc938bfad6a7473448ea2a4f9b2607e,729.158644185,0.0,marlboroman2
2026-07-12 06:07:14,day,economics,56,0xb1ca909e848cc24ec4e220ce1c453bc290c51705,728.8377667320001,15000.0,NonceChaser
2026-07-12 06:07:14,day,economics,57,0xb6c83e346ab31df6e24bc53ecb6e15c03b75b9e6,706.600399840001,0.0,shibagege
2026-07-12 06:07:14,day,economics,58,0xc6dd722558dbfbd8fa780efcbe819ed8c6604b9f,699.7509131900006,0.0,tourists
2026-07-12 06:07:14,day,economics,59,0x279586b44e055dfe58bd21fff9d67a675043acd0,686.4873200000001,0.0,0x279586b44E055dfE58BD21Fff9D67A675043Acd0-1763372677832
2026-07-12 06:07:14,day,economics,60,0xbe89905ca9a689f5129621b62fcf715b5a45b88c,673.9207378134888,23.59,simpleman
2026-07-12 06:07:14,day,economics,61,0xc61e2b6ff7a0d34a518f45b60954d05f34de244c,651.3127499999964,0.0,0xC61E2B6fF7a0D34A518f45b60954d05F34DE244C-1770198330686
2026-07-12 06:07:14,day,economics,62,0x77b61b96b30a36b885aa8280522a7cabf5e47fec,646.0234000000019,0.0,baba1443
2026-07-12 06:07:14,day,economics,63,0xa96c14b37ac162284e1b45eb22052aa1bf3dd1c7,625.551730539999,92.5,danielleggerman
2026-07-12 06:07:14,day,economics,64,0x0aae5c4ec45339a64a1dd2fe4ba98c2a19eb251c,605.2182962735096,120.02078900000001,uncleroger
2026-07-12 06:07:14,day,economics,65,0xdb1b125189913bf03405e74cbf47273b4466efb5,599.8000000000029,0.0,hack-vc
2026-07-12 06:07:14,day,economics,66,0x7bc14171ccb0d3e6bac219ec6a76211826e28db4,579.0483999999997,0.0,coali10
2026-07-12 06:07:14,day,economics,67,0x1ea77a5e8191db9f2c0a18f2692feccd0c47bcd9,570.0000662099992,0.0,ps5
2026-07-12 06:07:14,day,economics,68,0x49e94011df9060dcc367995892faeb193e348f85,567.3277394899997,0.0,MoonLambo1205
2026-07-12 06:07:14,day,economics,69,0x06fb6a9076bd43360d93660c0ca9086db5dd9713,563.1190811199995,0.0,jinwujinshu
2026-07-12 06:07:14,day,economics,70,0xd3ecb2aee0d65622da559ff356b00e8c2e626603,553.9995999999956,0.0,sabsabinxz
2026-07-12 06:07:14,day,economics,71,0x08c897e4780c299061fe683120e5bb18cf931da2,546.6021510199953,0.0,Folletin
2026-07-12 06:07:14,day,economics,72,0x9ddcb819e97bb16361e5cdb594c900989723f21c,541.1991308799988,0.0,SAPA9588
2026-07-12 06:07:14,day,economics,73,0x24787691ebc296444add2ee3dea03c9d6f9b2e62,539.8566843855015,0.0,exothetajunkie
2026-07-12 06:07:14,day,economics,74,0x0cbaab2d3f6cc5998e78cc1969c6ee1f4d1392d3,539.7815510899991,0.0,Anomymous
2026-07-12 06:07:14,day,economics,75,0xc576af380217a4d2b2d190e06c938e5505be747a,538.0384000000013,0.0,imhome
2026-07-12 06:07:14,day,economics,76,0x564f22744b7941ade18d5e0e4f347c30e3057026,533.0134397859997,656.2299999999999,molodoyy
2026-07-12 06:07:14,day,economics,77,0x45e74b87d293efa339cada452ca3a37a70280eab,532.1863349294998,0.0,omarlrodriguez
2026-07-12 06:07:14,day,economics,78,0xe36f5735f5bc12c36b361a599e8603d56f7ccd91,527.8627043000015,0.0,sameday1
2026-07-12 06:07:14,day,economics,79,0x712433f69c169ebaaa67ce13f3f66f54575e70c1,527.5428052579955,0.0,S55
2026-07-12 06:07:14,day,economics,80,0x62e651c34c394423e8c2c93b24a50b0e54cf564e,521.2999999999993,0.0,balangsat
2026-07-12 06:07:14,day,economics,81,0x96b59f71f635da5da031e3e93448c54fe226f5e7,519.8491126999143,0.0,ExhaustedBoyBilly
2026-07-12 06:07:14,day,economics,82,0xfb57f8670d2f51a76b0ce40c533ed7d7328c0a46,517.9342548900022,0.0,ppxtu
2026-07-12 06:07:14,day,economics,83,0xa66790e2b0075e73c3781ddaf1d0b875a3aaceb3,502.5503672605,12.559999999999999,Elias.Thornwell
2026-07-12 06:07:14,day,economics,84,0xe961babbccae0be01c2f6b5f28f8d002e332ef1b,500.4446864199999,0.0,Kryptogram
2026-07-12 06:07:14,day,economics,85,0xf5c49ad254b1d53ea0b86fb285dd3f11dc800926,500.00009626000246,0.0,0xdamocles
2026-07-12 06:07:14,day,economics,86,0xe665f54d3b82c79f1a29c4c327a21c7128dd7d42,500.0,0.0,dfs00
2026-07-12 06:07:14,day,economics,87,0xef5c8e2487d9b4d07565616b337e69f8488a661d,495.7492394480013,0.0,TruthfulG
2026-07-12 06:07:14,day,economics,88,0x235e75bafc6c7cc39a1fcc454e7034c1b5845673,481.00015254999994,0.0,Copyright-1
2026-07-12 06:07:14,day,economics,89,0x9952d39fcc7a5baf664da51dd1b9c95f23ca9cba,480.0000174000005,0.0,helpisontheway
2026-07-12 06:07:14,day,economics,90,0x5739ddf8672627ce076eff5f444610a250075f1a,475.50838544999715,0.0,hopedieslast
2026-07-12 06:07:14,day,economics,91,0x48d6f4103cfcadb098d9aa5104371b21e926653c,471.6106865799993,0.0,0x48d6F4103CfCAdb098D9aA5104371B21e926653C-1767066284282
2026-07-12 06:07:14,day,economics,92,0xde5868f5b8b7d9cb6c5f91fb92c3c736738af55c,466.96840000000157,0.0,faceverification
2026-07-12 06:07:14,day,economics,93,0xcd8f05e07d280a35a22258954dabfa8394094dc1,459.21139524000006,0.0,JoeMaserati
2026-07-12 06:07:14,day,economics,94,0x0d15e2724df455f9e65b15104d21d76412a2c454,457.0903730700011,0.0,e88888
2026-07-12 06:07:14,day,economics,95,0x5f176a980de5b25f89f17473e5e8adef565c519e,441.7179390800011,0.0,cezarn132
2026-07-12 06:07:14,day,economics,96,0x56e777a0ac58b25be414f8f29866e99ad5737c0b,437.52162026999576,0.0,Mataty1
2026-07-12 06:07:14,day,economics,97,0xecb14ac6e9ca447ce2f2912e6217b43d7b655da3,399.9999565700127,0.0,SaylorMoon
2026-07-12 06:07:14,day,economics,98,0xe7bd61ac59883bd4abda5c63865430452ecfebce,399.99990141,0.0,0x6b3d9f20a8e71c54d2f6b9c31e7a5d804c9f2b6
2026-07-12 06:07:14,day,economics,99,0xa83e100324690ff83be3699a8e6cfd2ab3c5ee22,388.1465929800015,0.0,mofumofu
2026-07-12 06:07:14,day,economics,100,0xef9b5d5e51eb4987240ed77422352d10604ed5ed,384.61538457999995,0.0,Chelseaone
2026-07-12 06:07:14,day,tech,1,0x633cf8ec4a531b501422fe1bccc8b23007b6781f,570.509414345,0.0,Jamodon - 2056
2026-07-12 06:07:14,day,tech,2,0x03805a13a0b3e058f55f6c6af95389d4f431073d,261.33412381500966,2254.813568,donthackme
2026-07-12 06:07:14,day,tech,3,0x5582b8e95a9aba2ee378e301be25423beea4db8c,248.05345477723392,120.0,arbing-your-mom
2026-07-12 06:07:14,day,tech,4,0x736539924a5602b37a03a54fc12c1cc8f98964da,240.075407954806,1388.073019,cqk
2026-07-12 06:07:14,day,tech,5,0x876bb030ddd424ef505ae02914024cf18c6a1703,192.8505707903987,337.63,rewardbots
2026-07-12 06:07:14,day,tech,6,0x564f22744b7941ade18d5e0e4f347c30e3057026,189.59231066827033,948.1800000000001,molodoyy
2026-07-12 06:07:14,day,tech,7,0xe7ba860db6857d41ffedca25af0ccf3b2eae23c4,150.8630544849998,0.0,cbgjvfyg6ybgfvukgv
2026-07-12 06:07:14,day,tech,8,0x41f34763a4cca3681d05024b8a23ec883b3b6202,138.8229903500005,0.0,grapygroyp
2026-07-12 06:07:14,day,tech,9,0x6560abb717a8e5f3afaacd1a31e9c03eed71e164,138.41382824399898,90.0,1walrus
2026-07-12 06:07:14,day,tech,10,0x44c1dfe43260c94ed4f1d00de2e1f80fb113ebc1,122.62060955003108,0.0,aenews2
2026-07-12 06:07:14,day,tech,11,0x97ead83eb0e6b7f142e63284791882f05ddf3363,121.00843243503596,1026.117373,Hakei.
2026-07-12 06:07:14,day,tech,12,0xac4a1fabdac2438d6afa2a9e8e83845310a0bf1e,109.96611914940172,112.2,HerrieDavis
2026-07-12 06:07:14,day,tech,13,0x52071e89ed7f68478a428fd65aed5dc572be686b,108.93460686499975,493.85,StraddleSeller
2026-07-12 06:07:14,day,tech,14,0x7d1bb9f000e5fce13db3a0927b64aa38e69de75c,97.70770664548058,72.27,bmtr
2026-07-12 06:07:14,day,tech,15,0x2110ba2a1e18840109482ff4ddc547baeff45850,88.76802339041387,981.4899999999999,George.Smiley
2026-07-12 06:07:14,day,tech,16,0x124a73f09f38910fe1f7638f22a0f223c3723741,87.74227927137599,432.619996,beary65
2026-07-12 06:07:14,day,tech,17,0xc7d02944a76b9f83b199e9090ecc92c82d241f8a,76.95766112837555,451.116586,0xc7D02944A76B9F83B199e9090ECC92C82d241F8a-1776944395495
2026-07-12 06:07:14,day,tech,18,0x360784ed50abc73bbf13fcb652fca5308d19c08b,71.53489656025998,192.30769,ThePotatoTurtle
2026-07-12 06:07:14,day,tech,19,0x1b6022ae41ad7a0b387a88c17885c754436ca55b,59.21991063999985,0.0,Outsmarter
2026-07-12 06:07:14,day,tech,20,0x168205abe04b2bbc665fada09297e284edec26ca,52.499951999999894,0.0,rewrewrewrwe
2026-07-12 06:07:14,day,tech,21,0x124a73f09f38910fe1f7638f22a0f223c3723741,64.15308617637595,432.619996,beary65
2026-07-12 06:07:14,day,tech,22,0x360784ed50abc73bbf13fcb652fca5308d19c08b,51.046050510259974,192.30769,ThePotatoTurtle
2026-07-12 06:07:14,day,tech,23,0xd32ce89f16509d3c8f8b5e9750305a5b2bc2a4c2,48.656467079068534,448.0,
2026-07-12 06:07:14,day,tech,24,0x5b6331e7ff0831a3fe2ed12004747db1a9c911a4,46.2401125942024,1892.300522,neutralwave23
2026-07-12 06:07:14,day,tech,25,0x2b9dbf4b6e0e11309a9d6d2a09b72f65f652adc0,46.069620641000256,0.0,seal7
2026-07-12 06:07:14,day,tech,26,0x00425c692a667981118f679ef68fdc775257321e,44.763017091998336,0.0,99problems123
2026-07-12 06:07:14,day,tech,27,0xc62d2e08687954cadb91a5901dfcdde4b14674fc,44.44351649799955,0.0,wannatakemoney
2026-07-12 06:07:14,day,tech,28,0xfc404d785423d89fd862f6b3f2fc4bcb556756a3,43.01913635200009,0.0,1660S.eth
2026-07-12 06:07:14,day,tech,29,0xbbaaf5c98a1ed5d24c32a64426f8a79b1f84cbea,41.64154462999977,0.0,Got2Luvya
2026-07-12 06:07:14,day,tech,30,0x6413bd26ffa5fcca38b93e4e5b8f3303ca32ab24,40.726904596000054,0.0,Agentstvonasilia
2026-07-12 06:07:14,day,tech,31,0x92a6294cd55b9c6ccd57efaffc365ad943118b84,40.47533535000048,2388.63,Trustinghorse
2026-07-12 06:07:14,day,tech,32,0xe7fe17248aab26ed24935921fb81bf0a452624e5,39.937031958000034,0.0,Banditoes
2026-07-12 06:07:14,day,tech,33,0xe562cfbf7b3292e0deb29a5b8fd3c38af4794fa9,39.85152015,0.0,Its-Bane
2026-07-12 06:07:14,day,tech,34,0xc7d02944a76b9f83b199e9090ecc92c82d241f8a,37.67130777937473,451.116586,0xc7D02944A76B9F83B199e9090ECC92C82d241F8a-1776944395495
2026-07-12 06:07:14,day,tech,35,0x54214017e913e03e9e038b868668c132049612e8,37.585945830000014,0.0,0x54214017e913e03e9e038b868668c132049612e8-1782897023874
2026-07-12 06:07:14,day,tech,36,0x1a3d83418c5fa02a0478e4f769649fda5e12fea1,36.41904779599997,0.0,betmandown
2026-07-12 06:07:14,day,tech,37,0xd0eac395d5118d707bd5bf152b1d10f862c13ce8,35.705106689999994,0.0,
2026-07-12 06:07:14,day,tech,38,0x4262c6daf3103188f5b0ade4b61326f09cbb0ef2,35.368698603999995,0.0,patouossa
2026-07-12 06:07:14,day,tech,39,0x747837d9e1763345ab994e8652c8d0ba59bb4003,35.08575903500014,0.0,xcaiox
2026-07-12 06:07:14,day,tech,40,0x4a13ecc717ee2784f9fd6811c365f5dab69bee8d,35.08327571999996,0.0,Mr.Anderson.
2026-07-12 06:07:14,day,tech,41,0xd3316cbf9583e6a7d71286b69d5ae07ef77e733c,34.84212838399992,31.0,zzaqq2
2026-07-12 06:07:14,day,tech,42,0xc229bb205179abcb6332bffd11e3cd7984e23aaf,34.157573280000065,0.0,facaidashen
2026-07-12 06:07:14,day,tech,43,0x79bfe69e715f54fca27308e6044e4f0c157cbcdf,33.682349999999985,292.89,hedgefundfounder
2026-07-12 06:07:14,day,tech,44,0x7084b959d318a60c55a5e6e351d0791666aa4bd6,33.36802399999999,0.0,notsatoshi1
2026-07-12 06:07:14,day,tech,45,0x90f7180856b033ea45200d892a7bc49fd1662501,32.889999999999986,0.0,ineedmassage
2026-07-12 06:07:14,day,tech,46,0x8964b58c08b784ecfe1d9344223692263d130bec,30.380429326000467,0.0,DegenerateJanet
2026-07-12 06:07:14,day,tech,47,0xe1b361d6a6f237b9ed7534d19b232df8369e1426,30.12026336299914,0.0,tja
2026-07-12 06:07:14,day,tech,48,0x942e79166821f3f4e67872e44f1672fcccd2be27,29.23847519512674,305.988391,smallreceipt
2026-07-12 06:07:14,day,tech,49,0x00c840982a21159bd108ed80e36fba9db141a75f,28.15686000000005,0.0,CRMUSK
2026-07-12 06:07:14,day,tech,50,0xe4ca3841ade21e05cbd5786dd5feea5d65c01383,27.26667478000003,0.0,BASSATS01
2026-07-12 06:07:14,day,tech,51,0x0130afd6f3efddf1c3e16e01217b172dd9befb49,26.986908851771688,127.923481,123987456
2026-07-12 06:07:14,day,tech,52,0xad5353afe30c2da57709e2704ef3ccdcf67eef24,25.31459919050269,42.37,AJSV
2026-07-12 06:07:14,day,tech,53,0x8594c920aebb0fdbd76ec860a558017a69037eed,24.73791379900007,0.0,Knowyourball
2026-07-12 06:07:14,day,tech,54,0x28b291aa82da13e1d58993873806c92908d5eb4f,24.73567593199914,1.52,libratus1
2026-07-12 06:07:14,day,tech,55,0xfc1d241fa7ee4b2161226032202c2f6a45984203,24.268426090000048,0.0,relaxie
2026-07-12 06:07:14,day,tech,56,0x048215305cbcf7cc790735bf00119551d75c6b0a,24.046274377498776,0.0,dumbfuqLIQUIDITYprovider
2026-07-12 06:07:14,day,tech,57,0xbe0bd69ba8600c9d637f175d8ee9c040fe5c06ac,23.147343610000007,0.0,0xbE0BD69ba8600c9D637F175D8EE9c040fE5c06ac-1782076475654
2026-07-12 06:07:14,day,tech,58,0x731c34cd5ea5a7ba7c8101b9978724cbb57a637d,22.760997910000015,0.0,RiskyyLemon
2026-07-12 06:07:14,day,tech,59,0x714dc01f64bcd045221757aee513b702623ec177,22.655933604999973,459.172407,
2026-07-12 06:07:14,day,tech,60,0xe30898ebedefd06a8acd3ea2bfdd7a00bd67309c,22.069539367624998,100.0,crop?
2026-07-12 06:07:14,day,tech,61,0x5ba2aaa0911a4395fa944dfcd98a005f5f90d79c,21.769996220000003,0.0,0x5bA2aaA0911a4395Fa944dFCd98A005F5F90d79C-1782916418856
2026-07-12 06:07:14,day,tech,62,0x72d6818cd76cc89dada83382e262a83b8a37934b,21.515768249999994,0.0,0x72d6818cd76CC89dADa83382E262a83B8A37934B-1763501088972
2026-07-12 06:07:14,day,tech,63,0xca75c722a4ec0e43d6b831807ae1e83d1e0705a6,21.000379679999924,0.0,FlobzzBets
2026-07-12 06:07:14,day,tech,64,0x08458f7e9d2858027de579e4c3ca305475496b6f,20.31423449199974,0.0,GollumGekko
2026-07-12 06:07:14,day,tech,65,0x501870715d934653d1ebe8b4564df87b36e96108,19.93505625000006,0.0,Bloombergg
2026-07-12 06:07:14,day,tech,66,0xf56577329d34cc2f6bfaaa97a4652382c52e8bff,19.76071416000001,0.0,Gamblino
2026-07-12 06:07:14,day,tech,67,0xd1091712f4ed0e17261feb174f5c080977506fa0,19.029008960000283,0.0,smallf
2026-07-12 06:07:14,day,tech,68,0x1a0f17f7a2a9a65ea669871fddd4d5c93cda53a2,19.019507550000014,0.0,nicknigelloki
2026-07-12 06:07:14,day,tech,69,0x24124601c80a6a7b3f9dc0bd7f91aab9825ff534,18.999334335000015,0.0,NOPH
2026-07-12 06:07:14,day,tech,70,0x67669a716ba0c68b69dbc8d072873956b089c353,17.49838244,0.0,mr.Supra
2026-07-12 06:07:14,day,tech,71,0x36edf4d48d3fdf4b59bb549be42843f3349c4a93,17.040434961999836,0.0,babyshark.
2026-07-12 06:07:14,day,tech,72,0xe681c1509b925021039ce6d10722d3a5f1b9d336,16.65518166000001,1030.77,Cannn
2026-07-12 06:07:14,day,tech,73,0xf5fa322e4bcde9f4c256771ed0e29548f01a7c51,16.5,0.0,dimensionnews1
2026-07-12 06:07:14,day,tech,74,0xe38ee6bef3ea40daac3e3adc2fca23ba456850c8,15.51428568,0.0,CryptoBizzi
2026-07-12 06:07:14,day,tech,75,0xefddc1d3285d0fe1b9f2aa06e04901f527a08370,15.415465090000225,0.0,vino1234
2026-07-12 06:07:14,day,tech,76,0x0787a58e205a70320db638113fe8da18c8800ca3,15.400000000000034,0.0,melonmanm
2026-07-12 06:07:14,day,tech,77,0x945c364fa1c96de749819ea8d4e873e6c0c24171,15.052631329999997,0.0,
2026-07-12 06:07:14,day,tech,78,0xf5fddbce23957217451b2517ab03744279123348,15.0,0.0,elv
2026-07-12 06:07:14,day,tech,79,0x0d42cc5ff0526fbb8f0bb9eafa9ebba3f23df124,14.87021556999997,0.0,42021
2026-07-12 06:07:14,day,tech,80,0x3c7130976e691e705bbbc00483b13e4f342fc03a,14.850000000000001,0.0,mcart13
2026-07-12 06:07:14,day,tech,81,0x49405c60fd55ffc74b2aefdccf7a307b6482e353,14.838277080000012,0.0,yassero
2026-07-12 06:07:14,day,tech,82,0x66c1cc4f994ee99a2f5977a2e071cbfd65852c72,14.413653780000118,0.0,Friday
2026-07-12 06:07:14,day,tech,83,0x3089e1a6e3e9122c328aebe47b86ff5e13b292f6,14.374968080000372,183.05,bonalddrunk
2026-07-12 06:07:14,day,tech,84,0xcc08f64608e6a3c10af37578d730ef72bdbba25c,14.356079999999992,0.0,0xcC08f64608e6a3C10Af37578d730eF72BdBBA25C-1771614492064
2026-07-12 06:07:14,day,tech,85,0x5b71f3a489a1085f7cb4d3d05a61993f429dcb46,14.32497343999998,0.0,merge777
2026-07-12 06:07:14,day,tech,86,0xcc3e87226912d35893b678eaa8a39d57b6fe37ef,14.146999999999935,0.0,LadyLuck2
2026-07-12 06:07:14,day,tech,87,0x3c7faacf6dccb2aab6f1d360d4d3f0f4118721bf,13.947675415999996,0.0,bobbery
2026-07-12 06:07:14,day,tech,88,0x2b24846f5bcf00502157a5482b802b6b0d945fd6,13.90727811,0.0,JitNugget
2026-07-12 06:07:14,day,tech,89,0x2f45248a9d36ff73754e68974560d36e8c1bab6a,13.633329352000146,0.0,web5
2026-07-12 06:07:14,day,tech,90,0x2c3928af89565c352afe8e2a1b25deed77a056dc,13.284525972999745,0.0,Dragontree
2026-07-12 06:07:14,day,tech,91,0xb98044b49fdb4b06b88e9628a4e56366057473b0,13.224843051000107,0.0,hitunfar
2026-07-12 06:07:14,day,tech,92,0x58c028e7c41ba7ef2bde2142cd371cf491661c8e,13.183111945500059,0.0,residual
2026-07-12 06:07:14,day,tech,93,0x8c70a2f481a02d34b8a7a7128427e8b9e036a710,13.0713,0.0,0x8C70a2f481a02D34b8a7a7128427e8b9E036A710-1774014383575
2026-07-12 06:07:14,day,tech,94,0x00193568a35a85e5f3dd9eaa065c59a294da6629,12.75506,0.0,denikv
2026-07-12 06:07:14,day,tech,95,0x89d9906e5c7842a7f546878a5fee7b892362f100,12.623178504999998,0.0,wizardok
2026-07-12 06:07:14,day,tech,96,0x14619de097b1fbe058d6d36282662c20958a30a1,12.608280290000039,0.0,fwed33
2026-07-12 06:07:14,day,tech,97,0x56a89027214d33acdbf23710a803152a936deea2,12.587064404999893,0.0,
2026-07-12 06:07:14,day,tech,98,0x8b4410e877fa826c7e986dfb30a5be73d72163fb,12.302784220000092,0.0,Bsau4
2026-07-12 06:07:14,day,tech,99,0x97cf8743ddf387db269a76941b6af1d26974c6eb,11.81675000000007,0.0,0x97CF8743dDF387dB269A76941B6aF1d26974c6eb-1769747285159
2026-07-12 06:07:14,day,tech,100,0xdb405a9ad581a23c68a32b5d5869d4ad5ae73612,11.792409456500081,0.0,DooBieZ
