timestamp,timeframe,category,rank,address,pnl,volume,userName
2026-05-06 06:08:30,day,overall,1,0x492442eab586f242b53bda933fd5de859c8a3782,461534.4992499994,837012.0,0x492442EaB586F242B53bDa933fD5dE859c8A3782-1766317541188
2026-05-06 06:08:30,day,overall,2,0xc8075693f48668a264b9fa313b47f52712fcc12b,187927.29603807977,910.0,texaskid
2026-05-06 06:08:30,day,overall,3,0x6a72f61820b26b1fe4d956e17b6dc2a1ea3033ee,187179.1722038705,326430.558988,kch123
2026-05-06 06:08:30,day,overall,4,0xada2005600dec949baf300f4c6120000bdb6eaab,176816.3778588506,0.0,0xada2005600dec949baf300f4c6120000bdb6eaab
2026-05-06 06:08:30,day,overall,5,0xfc25f141ed27bb1787338d2c4e7f51e3a15e1f7f,90605.0644260199,291217.01999999996,.Sisyphus
2026-05-06 06:08:30,day,overall,6,0xbddf61af533ff524d27154e589d2d7a81510c684,83346.72854405921,210324.399242,Countryside
2026-05-06 06:08:30,day,overall,7,0x1117eade222413335b7ec959e5b48c1d3dbc3532,80552.09260432003,74530.769914,benwyatt
2026-05-06 06:08:30,day,overall,8,0xb652e5dabc3fccd3c939acab0108f99866842db4,75392.95926281024,47310.00316200001,0x2a2C53bD278c04DA9962Fcf96490E17F3DfB9B
2026-05-06 06:08:30,day,overall,9,0x96489abcb9f583d6835c8ef95ffc923d05a86825,74132.92800673586,215549.949903,anoin123
2026-05-06 06:08:30,day,overall,10,0xa5ea13a81d2b7e8e424b182bdc1db08e756bd96a,62061.27569629345,15636.729413000001,bossoskil1
2026-05-06 06:08:30,day,overall,11,0xbd14b65383c15e0b0f64944ca000f9a2bc5dd62a,60412.15083276178,0.0,0xbd14b65383c15e0b0f64944ca000f9a2bc5dd62a
2026-05-06 06:08:30,day,overall,12,0x3c3ff2c7c85278fd53ef0bd6bed3bfc9ff2e75cf,50192.49136655778,45967.176462999996,TimmyTurner123
2026-05-06 06:08:30,day,overall,13,0x84cb17a50bc2487e8d64029783c3d2abcba328ad,44569.09072563742,124760.59466100001,Mikee12
2026-05-06 06:08:30,day,overall,14,0x36257cb65f199caa86f7d30625bbc1250a981187,43986.824529598816,0.0,0x36257cb65f199caa86f7d30625bbc1250a981187
2026-05-06 06:08:30,day,overall,15,0xa71093cafc0c099b4ccab24c3cb8018d817923c4,42002.10572204483,0.0,Talvez10
2026-05-06 06:08:30,day,overall,16,0xce9d175628fb6eb014636cf9e3e2976779eff402,33304.38598448,64046.896124,yaya88888
2026-05-06 06:08:30,day,overall,17,0x5b6331e7ff0831a3fe2ed12004747db1a9c911a4,33267.83853496481,215037.215283,neutralwave23
2026-05-06 06:08:30,day,overall,18,0xd6966eb1ae7b52320ba7ab1016680198c9e08a49,32697.79138239932,5329.358457,EIf
2026-05-06 06:08:30,day,overall,19,0xe0f01e5ce19e71138a1fc77d3b466f50b7f3bad3,31140.309816855006,5.0,chidorasengan
2026-05-06 06:08:30,day,overall,20,0x777d9f00c2b4f7b829c9de0049ca3e707db05143,31035.003078567795,70466.0,05143
2026-05-06 06:08:30,day,overall,21,0x0767aa79d578aead1c849fd9f0fdc6cdb50336b0,30866.067748780042,38446.09,beetlepimp
2026-05-06 06:08:30,day,overall,22,0x777d9f00c2b4f7b829c9de0049ca3e707db05143,30851.413682687446,70466.0,05143
2026-05-06 06:08:30,day,overall,23,0xd1001f4ef07ee37774934a8bc0083185ef6b853d,30278.063374397007,45744.93057800001,0xd1001f4ef07ee37774934a8bc0083185ef6b853d
2026-05-06 06:08:30,day,overall,24,0x5268527977f700f9bf9b6d5cd843859e4e70135d,26805.34261309258,420218.342543,HomeRunHazard
2026-05-06 06:08:30,day,overall,25,0x7a8885c8dc075f0578b648f29fa233408a7d41cc,25931.36455169556,26808.991802999997,stackingsats
2026-05-06 06:08:30,day,overall,26,0x9495425feeb0c250accb89275c97587011b19a27,24888.63180522155,585574.112067,LaBradfordSmith22
2026-05-06 06:08:30,day,overall,27,0x84cfffc3f16dcc353094de30d4a45226eccd2f63,24499.905340192374,297308.798514,mooseborzoi
2026-05-06 06:08:30,day,overall,28,0xc408cf3d54aedccbb5c604fc887a1a8a8d93c1ef,22820.738794294986,131656.628318,GeorgeIII
2026-05-06 06:08:30,day,overall,29,0x3ef70be398c60540e51e51b7aa2da61cf7f4b7bb,22730.422725605673,6150.393017,Thorkild
2026-05-06 06:08:30,day,overall,30,0x9eca63b0ed5f5cc2c81a177858aef570897c5a59,19567.954999999987,0.0,epend
2026-05-06 06:08:30,day,overall,31,0x163eff4d251df4bfc95c49f4d90cd1bf224edc5b,19432.860378145007,26708.079999999998,0x163EfF4d251dF4BFC95C49f4D90Cd1bF224eDC5B-1768366778047
2026-05-06 06:08:30,day,overall,32,0x7013c01a7eeb0c694c7e8bc5e289021ae33147ac,19310.249918381378,148539.241378,goodman877
2026-05-06 06:08:30,day,overall,33,0xf68a281980f8c13828e84e147e3822381d6e5b1b,18696.013084774095,146976.06678300002,iDARKenjoyer
2026-05-06 06:08:30,day,overall,34,0xe1a24206ed13433b70c603424c8a616b691d14b8,18534.988096810004,99999.90843699999,sss.tier
2026-05-06 06:08:30,day,overall,35,0x6a32a31f2b28c31c016c6a222f2942240d8d0086,18516.705088864954,7967.9941149999995,0x6A32A31F2B28c31c016C6A222f2942240d8D0086-1756820952447
2026-05-06 06:08:30,day,overall,36,0x88c4919de76e526d55a32c1f8afb439dd1f1129a,18239.817645449177,55431.387349,8934394839
2026-05-06 06:08:30,day,overall,37,0x13414a77a4be48988851c73dfd824d0168e70853,18176.633697061596,98323.17772899999,NRASCHATTER
2026-05-06 06:08:30,day,overall,38,0x49007e1e636d0e922d0122a02ea743e41d194a72,18130.720687504945,180883.27999999997,08AF
2026-05-06 06:08:30,day,overall,39,0x1ef5bc81296d559ad76c9c03efaab7be1323dc05,18037.973502608438,15321.85727,0x1ef5bc81296d559ad76c9c03efaab7be1323dc05
2026-05-06 06:08:30,day,overall,40,0x3f3aa7005f8006bfcc367d43a25cde25509fe8fd,17917.794476329997,15263.734266000001,us391
2026-05-06 06:08:30,day,overall,41,0x32ed517a571c01b6e9adecf61ba81ca48ff2f960,17753.09137388935,178220.96191399998,sportmaster777
2026-05-06 06:08:30,day,overall,42,0x5d1d9cfd66ee3068c2a8a57dedf1e1b006dcafd2,16923.510759419485,29757.126650000002,0x5d1d9cfd66ee3068c2a8a57dedf1e1b006dcafd2
2026-05-06 06:08:30,day,overall,43,0x7f9e2d1df78614564a70becc7fa14aa9a6623a0e,16732.00892835822,0.0,nojnn
2026-05-06 06:08:30,day,overall,44,0x16bb9951a36fce71e2ef57890b786145e0ba8492,16359.652400000024,0.0,SDTrading
2026-05-06 06:08:30,day,overall,45,0xde7be6d489bce070a959e0cb813128ae659b5f4b,16236.694494127842,39229.735052,wan123
2026-05-06 06:08:30,day,overall,46,0xdb15fbbcc1a8d1cbe112f7a2d74f6f752f2314f1,16094.10953817665,96830.73873900001,memain
2026-05-06 06:08:30,day,overall,47,0x86fbea68d619daf670185ecd38a69aa90f7703d4,15786.841124999233,33406.65716000001,0x86fbea68d619daf670185ecd38a69aa90f7703d4
2026-05-06 06:08:30,day,overall,48,0xa362affead1a13d6a540d4aa1b6bb13158dfa3e3,15590.891781231503,85459.840258,qsyqsyqsy
2026-05-06 06:08:30,day,overall,49,0xc4f8b9cfffec674b34ba2679a920ef5498ec96a4,15404.320000000007,0.0,feiqiu
2026-05-06 06:08:30,day,overall,50,0x52f5efdfb8759d4b9be1fbe63f80401474445e8a,14999.9929977,99999.953318,martingaleking
2026-05-06 06:08:30,day,overall,51,0xcd66d7ff1d5ddbb5e57d9eac844403550256664f,14349.976391519966,102499.831368,EliteAthleteMentality
2026-05-06 06:08:30,day,overall,52,0x5257aa84944804bbb0c718814ebebeeafaca3e2a,13557.47946661996,0.0,NO-GOD-PLEASE-NO
2026-05-06 06:08:30,day,overall,53,0xe0dbdb7f005f233f4510e4ef7e53a2f76a8df44e,12538.376799166697,6697.09,lug
2026-05-06 06:08:30,day,overall,54,0x4da7d599de1f841369cf55118d2173d801337abd,12414.080000000002,0.0,hansama31
2026-05-06 06:08:30,day,overall,55,0xf1528f12e645462c344799b62b1b421a6a4c64aa,12279.498294477453,14999.991834999999,phonesculptor
2026-05-06 06:08:30,day,overall,56,0x2dc13c6bda81b202281e796953a7323de675b33c,11877.840018120005,14345.34,xifutloong3
2026-05-06 06:08:30,day,overall,57,0x255ab4ffc544bccbcdc2e5891fa239c5a3813435,11791.093793739477,78785.392989,BaronOnThrone
2026-05-06 06:08:30,day,overall,58,0xa87d59e16744acfd5c4d16613d16ea34234ce4bf,11564.142498543997,0.0,ccn023390
2026-05-06 06:08:30,day,overall,59,0x4852886ccce179e68e6a8c94f9d01402ca5867c4,11480.335003150009,0.0,menghuan388
2026-05-06 06:08:30,day,overall,60,0x0979bad57d7a1403db89cbcd9c52bf43f2138d9b,11421.802546164603,54516.771064,askilika
2026-05-06 06:08:30,day,overall,61,0x2974bd0059e48f215c391882976e0f1b4c8c9c23,11122.235709601595,0.0,65765757
2026-05-06 06:08:30,day,overall,62,0x39d3c773be30fcc73161fc6768f46d563a779ef0,11090.09539968548,9830.0,matanovik
2026-05-06 06:08:30,day,overall,63,0x99a75dee1487879c95b3d61c92e4493e2c63fc82,11086.347609015007,0.0,duckfriedrice
2026-05-06 06:08:30,day,overall,64,0x1faa66202ed5b3da4e807be1956c7e46c9caad8a,10783.22324882725,34089.554,denise97
2026-05-06 06:08:30,day,overall,65,0x709e8dcb133555794decc598e07f2c923b8366f5,10409.546762360376,9033.581272999998,0xd4aa6f8e91cfea29b66a48ebff52814
2026-05-06 06:08:30,day,overall,66,0x4e9bbe644370fbb1f70834a43c79599dad18945a,10206.900000000023,0.0,wolfycoco
2026-05-06 06:08:30,day,overall,67,0x5a218c7ad04135830a45c41aaed7294df7809318,9764.17376524321,41933.992082000004,balthazar
2026-05-06 06:08:30,day,overall,68,0xf284ad6d607f777f34bc643cea587c33a886b9f9,9549.248109956045,185596.135338,strike123
2026-05-06 06:08:30,day,overall,69,0xd106952ebf30a3125affd8a23b6c1f30c35fc79c,9471.909245837596,16900.795098000002,Herdonia
2026-05-06 06:08:30,day,overall,70,0x6815040a7176c958e6ff8818bfe188e80dbd9edb,9235.49260323681,19423.41749,pilotbaby
2026-05-06 06:08:30,day,overall,71,0xead152b855effa6b5b5837f53b24c0756830c76a,9098.648644156608,0.0,elkmonkey
2026-05-06 06:08:30,day,overall,72,0xadfb6cba33cebca02eab6111ace1e3924b9cc2ef,9081.966296642862,88758.07460699999,KnightDasCapital
2026-05-06 06:08:30,day,overall,73,0xff12ffde498c958dc037def603dcbcc0052f09f9,9077.092679992464,400631.16845,Aceplus1
2026-05-06 06:08:30,day,overall,74,0xbd52ad6b7c3955976ceda0e85d5e501fee08df69,9056.437399999993,26575.76,md022217
2026-05-06 06:08:30,day,overall,75,0xd809c54478c5e50fe2aa20acccf0857baa0a6542,8833.495486738415,0.0,0xd809c54478c5e50fe2aa20acccf0857baa0a6542
2026-05-06 06:08:30,day,overall,76,0x03e8a544e97eeff5753bc1e90d46e5ef22af1697,8404.316907215398,0.0,weflyhigh
2026-05-06 06:08:30,day,overall,77,0xc8ab97a9089a9ff7e6ef0688e6e591a066946418,7977.233609611056,555864.371333,ArmageddonRewardsBilly
2026-05-06 06:08:30,day,overall,78,0x206191d01c411a5b346d11a2df2d463a356b8ec9,7864.644714107114,139361.177153,rebotsliaf
2026-05-06 06:08:30,day,overall,79,0x5188fa0e8a77e87bc6a58e6781fdfc4e165cc804,7721.402887414181,4539.827095000001,AllByMyseIf
2026-05-06 06:08:30,day,overall,80,0x153a9196135ee9ac4c202d1d25c558862bc19d6d,7664.236084085009,0.0,Coach99
2026-05-06 06:08:30,day,overall,81,0xa1e49df328c092e2ddee81631265712009cc4f8a,7569.290410930691,158225.584538,polikujh
2026-05-06 06:08:30,day,overall,82,0x384cb05012301ee6d63884d2cbdd9ad3d5ff2f59,7467.00269246237,0.0,Deerfieldx
2026-05-06 06:08:30,day,overall,83,0x67b6ccabe5f6c01a7a9ecad5d420ea0cdc7f00bc,7291.104043300009,9132.38878,forget4
2026-05-06 06:08:30,day,overall,84,0xa8c63f775ddbbe66b56614191747def3021444e8,7197.551138441621,12456.92,Tenebrus7
2026-05-06 06:08:30,day,overall,85,0xf0f7f99300c5fa7ebedd7b7d806b97528c580c5a,7088.147064534045,43921.938314,us291
2026-05-06 06:08:30,day,overall,86,0x83904a8afcd2860fe62e565f2c182b41f8883773,7017.243295000058,13727.8163,saygolani
2026-05-06 06:08:30,day,overall,87,0x614dc8d3542c12103d2c6a3553fd761e391d1546,6950.28731546051,62.769999999999996,mr.ozi
2026-05-06 06:08:30,day,overall,88,0x1392698d8891693334a2c33b0bd7e26f7a000e2f,6946.564522803703,16358.438280999999,SDWWWS
2026-05-06 06:08:30,day,overall,89,0xbc75cabb772f1da1c1772430620da0174c453f69,6778.244576752506,0.0,unknwnfnd
2026-05-06 06:08:30,day,overall,90,0x59253f9a0cdf254fa4518fd3aae2541f9e0ab194,6639.593668299994,0.0,0x59253f9a0Cdf254fa4518FD3aAe2541f9e0AB194-1730780830728
2026-05-06 06:08:30,day,overall,91,0x6853780d97f233b4fdf1089f2c648f45baad5846,6513.08656851307,16930.0,rugexpert
2026-05-06 06:08:30,day,overall,92,0x994bf485a7ba57fe4f437b93f6052dfad77cc047,6382.729480289704,17385.427374,Ilovemywife
2026-05-06 06:08:30,day,overall,93,0x71edffd0d70a1da823ff07a3c6fc81457294d338,6347.594242617362,912.95511,pako
2026-05-06 06:08:30,day,overall,94,0x9fe404508435c679efda71ad07f7755edb05e7b2,6337.26536170948,30037.24744,0x9fe404508435c679EFDA71ad07F7755edb05e7B2-1761886866996
2026-05-06 06:08:30,day,overall,95,0xae0f21790d847393dcc4da8b4d15f72ff84cf647,6328.662211724004,91347.250069,ThewhitewhaleV2
2026-05-06 06:08:30,day,overall,96,0x94970c2465132d2036ac07293b7ce692344dea43,6270.576205090836,29.340905,Kcirt999
2026-05-06 06:08:30,day,overall,97,0xdcbf7a02f2c66d4fae91809ad38824c12242d37f,6188.062625477527,468.198233,0xDCBf7a02F2c66D4faE91809ad38824c12242d37F-1771605177101
2026-05-06 06:08:30,day,overall,98,0xf1bf47707b8e4cec6292eaa6bc47dc25871411d7,6179.81415121106,71905.150217,mikemoneywire - 20419
2026-05-06 06:08:30,day,overall,99,0x9d94f602535e518ee1cb6aade0ca9569f1b1017d,6134.284043856213,161811.366493,eanvanezygv
2026-05-06 06:08:30,day,overall,100,0xe5efd6543002653b2eef940d8254911862ad9e7a,6123.447410531007,105298.990876,0xE5efD6543002653B2EEF940d8254911862aD9e7A-1729599643232
2026-05-06 06:08:30,day,politics,1,0x88c4919de76e526d55a32c1f8afb439dd1f1129a,18290.8472179682,31075.97597,8934394839
2026-05-06 06:08:30,day,politics,2,0x96489abcb9f583d6835c8ef95ffc923d05a86825,17009.85022287257,237940.66929299998,anoin123
2026-05-06 06:08:30,day,politics,3,0x7f9e2d1df78614564a70becc7fa14aa9a6623a0e,16812.69676904322,0.0,nojnn
2026-05-06 06:08:30,day,politics,4,0x2974bd0059e48f215c391882976e0f1b4c8c9c23,11102.715884939593,0.0,65765757
2026-05-06 06:08:30,day,politics,5,0x5188fa0e8a77e87bc6a58e6781fdfc4e165cc804,7659.287388274679,2539.827095,AllByMyseIf
2026-05-06 06:08:30,day,politics,6,0xa8c63f775ddbbe66b56614191747def3021444e8,7391.146228124351,11456.920000000002,Tenebrus7
2026-05-06 06:08:30,day,politics,7,0xbc75cabb772f1da1c1772430620da0174c453f69,6778.244576752506,0.0,unknwnfnd
2026-05-06 06:08:30,day,politics,8,0x614dc8d3542c12103d2c6a3553fd761e391d1546,6700.287416166975,62.769999999999996,mr.ozi
2026-05-06 06:08:30,day,politics,9,0x59253f9a0cdf254fa4518fd3aae2541f9e0ab194,6637.864423479994,0.0,0x59253f9a0Cdf254fa4518FD3aAe2541f9e0AB194-1730780830728
2026-05-06 06:08:30,day,politics,10,0x5a218c7ad04135830a45c41aaed7294df7809318,4323.024672394953,24212.750774000004,balthazar
2026-05-06 06:08:30,day,politics,11,0x21064fd320bfd5a86f8c92a94d3209edf4154dea,4081.18239664712,21458.720477,rainbowlilies
2026-05-06 06:08:30,day,politics,12,0xc02147dee42356b7a4edbb1c35ac4ffa95f61fa8,3674.129667567904,20116.721182,Eatpraylove
2026-05-06 06:08:30,day,politics,13,0x44c1dfe43260c94ed4f1d00de2e1f80fb113ebc1,3641.1220347941853,0.0,aenews2
2026-05-06 06:08:30,day,politics,14,0xc6587b11a2209e46dfe3928b31c5514a8e33b784,3532.9906606901204,0.0,Erasmus.
2026-05-06 06:08:30,day,politics,15,0xfd22b8843ae03a33a8a4c5e39ef1e5ff33ebad91,3215.2577844271436,0.0,AML
2026-05-06 06:08:30,day,politics,16,0xbaa2bcb5439e985ce4ccf815b4700027d1b92c73,2970.7382412699517,24081.162257999997,denizz
2026-05-06 06:08:30,day,politics,17,0xeed588bab0b0df73a9a6def7a59e512e9ede1a33,2962.1364536000074,0.0,mohahaha
2026-05-06 06:08:30,day,politics,18,0x9d84ce0306f8551e02efef1680475fc0f1dc1344,2669.890027691843,454.65,ImJustKen
2026-05-06 06:08:30,day,politics,19,0xb66582886125a2a2ea966f1ea60ea60b6ecabf8f,2639.9999999999964,0.0,Aeglos
2026-05-06 06:08:30,day,politics,20,0xc8849a93e05a2ae1b49bb07787a9e0059bb4e17e,2433.023240000004,0.0,Clicker1
2026-05-06 06:08:30,day,politics,21,0xe639e41094bbeae18f3e6d1790c17299183f082a,2273.560121699993,0.0,0xe639e41094bbeae18g3e6d1790c17299183f082a
2026-05-06 06:08:30,day,politics,22,0x27abdfc9393c72a6330a3be987da4b46c726e521,2245.316280248995,16234.099999999999,pd.unique
2026-05-06 06:08:30,day,politics,23,0xb1291441c7c016e4f373418e00550949404f34bf,2128.934608275,0.0,BobbyAxelrod33
2026-05-06 06:08:30,day,politics,24,0x6d9fc316c3b8377060a44b852ba664adbfd59790,2104.3092799435253,67200.724047,MEPP
2026-05-06 06:08:30,day,politics,25,0xbf93328f8b69273453228a82c913207731822fd7,2077.731859774991,0.0,hell0pia
2026-05-06 06:08:30,day,politics,26,0x7664aa7df89e2c02c01e3cd57e0abee078eb2e50,2038.8887287350105,0.0,snols
2026-05-06 06:08:30,day,politics,27,0xf9c1190aa8184bcbe418e6f5321c53b0bfbc39e2,2034.466717978823,62802.65809699999,AdrianCronauer
2026-05-06 06:08:30,day,politics,28,0xdf17f4a8dd01a4cfa6fc3da323a2baee5f8697d1,1986.4946274726535,12650.575,Clear-Corridor
2026-05-06 06:08:30,day,politics,29,0x62cf46cd4c3af254dccfc37a7f93de265b4b5826,1934.1946177939535,0.0,eCash
2026-05-06 06:08:30,day,politics,30,0xd1acd3925d895de9aec98ff95f3a30c5279d08d5,1656.4843217498856,0.0,Kickstand7
2026-05-06 06:08:30,day,politics,31,0x7744bfd749a70020d16a1fcbac1d064761c9999e,1639.4433582808706,0.0,chungguskhan
2026-05-06 06:08:30,day,politics,32,0xfa323e40632edca701abc6c8cf1f82175909bd9a,1569.4993474090443,0.0,FridayNight
2026-05-06 06:08:30,day,politics,33,0xdf705353876ceb2549f0c03ffcb4cba33d785e92,1482.3792549054951,10.445,AngryRhino
2026-05-06 06:08:30,day,politics,34,0x134a63b764ac7b008356e8db1857db94e6b09e42,1471.5514974100079,0.0,Bertapotamous
2026-05-06 06:08:30,day,politics,35,0x10fc6c4395bc1690ee6b79a1f0e93a1a0b6b9606,1444.4722533126624,73949.986212,Tbhidk-1767
2026-05-06 06:08:30,day,politics,36,0xb1ca909e848cc24ec4e220ce1c453bc290c51705,1415.6357444291207,53974.963554,NonceChaser
2026-05-06 06:08:30,day,politics,37,0xecb14ac6e9ca447ce2f2912e6217b43d7b655da3,1412.8561787719955,0.0,SaylorMoon
2026-05-06 06:08:30,day,politics,38,0xb8a717fed80eab7258a9ff6ba9961908691d7674,1405.6400902413734,1627.120712,pugdev
2026-05-06 06:08:30,day,politics,39,0x7523cafcee7bcf2db9a79d80e0d79b88a9a54c4c,1367.1668048040738,73.214826,DonaldinhoTrumpito
2026-05-06 06:08:30,day,politics,40,0x3c918a8ef8c379304f744592120cbb4d76149af7,1360.0856407974989,0.0,Vilgefortz
2026-05-06 06:08:30,day,politics,41,0x8f2f04f6a10a8ffadb8b39999b5b3ef40adeb226,1315.4542215419788,3159.1900000000005,misko1
2026-05-06 06:08:30,day,politics,42,0xfb5148fc7223630e0967dbfa8cd920d83ab4742d,1313.1588776864955,0.0,StudentMoney
2026-05-06 06:08:30,day,politics,43,0xa0926fbc4a90e29e479b459ef92a147ebe5b11e3,1269.4236405224874,0.0,G.laila
2026-05-06 06:08:30,day,politics,44,0x5011224f4848cb2cf2d87cf2b823551dfd0e220e,1244.0203443592036,19486.382919,GCNO1
2026-05-06 06:08:30,day,politics,45,0xd44e974a3edb232aa4aedbdcc59792b76a5f67e2,1227.0625256939384,2000.0,KrackenSruster
2026-05-06 06:08:30,day,politics,46,0xb10047d6a254b2ebb306d7a7d13bf59171ab6461,1212.5671980046027,38187.173616,Parz1vaI
2026-05-06 06:08:30,day,politics,47,0x8633c1c6844c5928b284a71e211584739474a08d,1188.448106568365,83081.59241499999,Pondermint
2026-05-06 06:08:30,day,politics,48,0x6139c42e48cf190e67a0a85d492413b499336b7a,1180.3299199844478,9634.890573,RememberAmalek
2026-05-06 06:08:30,day,politics,49,0x1cdd071bb612de6d66d0c882b676c663697de595,1170.9886157217225,3075.1578320000003,Lavincey
2026-05-06 06:08:30,day,politics,50,0x1c72797cd4b9b83f42e287144e334c4de347dfb6,1161.7477996459638,0.0,peasant
2026-05-06 06:08:30,day,politics,51,0x8df73e2962d0184ea1f71621784d46ca6b5936c4,1160.4339477189897,5502.76,End123
2026-05-06 06:08:30,day,politics,52,0x8454f39e7fa6957dfbf1ecc574820ada1c92331a,1129.6679490100069,225.0,cripes3
2026-05-06 06:08:30,day,politics,53,0x47ab026767cc320ac6e62f6ec747d59cf4d795df,1124.521358628379,84.5,bosshog
2026-05-06 06:08:30,day,politics,54,0x0c0e270cf879583d6a0142fc817e05b768d0434e,1106.7985406240914,6929.25,The Spirit of Ukraine>UMA
2026-05-06 06:08:30,day,politics,55,0x76161695634640d5e73ffcd19239192f938f69ee,1097.651151652506,0.0,Dbrain
2026-05-06 06:08:30,day,politics,56,0x8597ca63e722d6216bfc3057591fdc67ec49daee,1092.529182785016,0.0,Mr-Krabs
2026-05-06 06:08:30,day,politics,57,0x56ebe2a8eb1b9bccfd3059f981f9c987e45e076a,1073.655698765011,0.0,just.some.guy.2026
2026-05-06 06:08:30,day,politics,58,0xcd71fd5370880f3d92bb941e628c05840fe0d127,1056.9459841044882,0.0,Kevindoto
2026-05-06 06:08:30,day,politics,59,0x60a92c8620846d81f5ea17b0564e0d4b7c545a71,1050.2493299377675,6129.376484,paddaa
2026-05-06 06:08:30,day,politics,60,0x04902c7046da0f93f29d070b00f9366a165ac81f,1048.3454603170103,0.0,goingsocial
2026-05-06 06:08:30,day,politics,61,0x5f176a980de5b25f89f17473e5e8adef565c519e,1030.0783850400185,0.0,cezarn132
2026-05-06 06:08:30,day,politics,62,0x5cd5c8d7a17c78d7389d8b87b611aed83322ac33,1028.4370971573226,8900.722492,nonkenny90
2026-05-06 06:08:30,day,politics,63,0xf0ed9e68e6cd3ee712260abeaec32de56a7d47d8,1014.8365658346156,10117.125405,LinaBell
2026-05-06 06:08:30,day,politics,64,0x2663daca3cecf3767ca1c3b126002a8578a8ed1f,1011.6954866870656,157588.530278,Q96s3kwozynxpau
2026-05-06 06:08:30,day,politics,65,0x6d57da09ef86a327524853b36fbd2e39cf0cbfc5,1010.1420589718355,6342.360000000001,SitsToPee
2026-05-06 06:08:30,day,politics,66,0x000d257d2dc7616feaef4ae0f14600fdf50a758e,996.2280785799958,1037.2,scottilicious
2026-05-06 06:08:30,day,politics,67,0xd054e72b9e7995a6900aa8ced24dcfbd12007e38,991.2830791260058,0.0,0xD054e72B9E7995a6900AA8ceD24DcfbD12007e38-1771157416749
2026-05-06 06:08:30,day,politics,68,0xdd9ed02bb67b2ec504be24b98febd651fdac49b3,990.0728799989447,51180.030058000004,Binotto
2026-05-06 06:08:30,day,politics,69,0x9aeb26fffc9ce02d02390ffc6035bfb809542f31,978.9320017021382,100.0,seyo
2026-05-06 06:08:30,day,politics,70,0x9805cf385541892a26fd84a698e1acd693e008f9,967.1764395000537,541.16,usernamedefault.txt
2026-05-06 06:08:30,day,politics,71,0x38e59b36aae31b164200d0cad7c3fe5e0ee795e7,963.8834314631968,5121.6900000000005,cowcat
2026-05-06 06:08:30,day,politics,72,0x8b5532e4cb4810e8e3191e2f876d515b564f229c,959.9637706049998,0.0,RollTheDice777
2026-05-06 06:08:30,day,politics,73,0xc682d7943aad07c246986a7aa2989cfcb17817bb,948.8505521666175,12622.67687,zthunderfury
2026-05-06 06:08:30,day,politics,74,0x9ca119b8cd7bdb890aecf1ff3b0f6e3a45cc13b5,946.2837808014156,634.7624999999999,JoeBlack01
2026-05-06 06:08:30,day,politics,75,0x56769cafc75d6758548c8278a92af4d5e057b103,940.5286742144945,1000.0,Nigel.Farage
2026-05-06 06:08:30,day,politics,76,0xeface9902242b0399856f981600b907dcc9bc9a1,931.1586575650035,1462.849025,macrosteaks
2026-05-06 06:08:30,day,politics,77,0x5ecde7348ea5100af4360dd7a6e0a3fb1d420787,919.9519173264125,0.0,Mujurry
2026-05-06 06:08:30,day,politics,78,0xf284ad6d607f777f34bc643cea587c33a886b9f9,905.7701265750002,22860.96,strike123
2026-05-06 06:08:30,day,politics,79,0x34ab676b682e8132484a1c041f2c67706f063eb5,899.2521198259892,1030.0,toutiege
2026-05-06 06:08:30,day,politics,80,0xd48a81db62f742c4e42d86dfc23a7ee345366e90,896.0166837999423,0.0,NiFengFanPan
2026-05-06 06:08:30,day,politics,81,0x853212cd809da6acc458021c106af749b7aa738b,887.0137988749989,0.0,Mr.Kirk
2026-05-06 06:08:30,day,politics,82,0xcb59ea1babf3b26ea50088057e427ab0ed8f0a22,874.5459442925057,14800.53,BeneGesseritVoice
2026-05-06 06:08:30,day,politics,83,0x6dcb6dd9af7e9c904bba4fd3f9067cfa20c64f53,862.1935257200007,566.1700000000001,GOGO-
2026-05-06 06:08:30,day,politics,84,0x6ae0a24ae0797e62332852a52ae321e330177483,844.807395166762,285.36752,Want88
2026-05-06 06:08:30,day,politics,85,0x40047c2a7f97b6849ec2a665425c171dc4b6c40b,840.050736549998,0.0,0xrc
2026-05-06 06:08:30,day,politics,86,0xb7de57721ee931290e90bc0c8a9f38855130b802,815.474447770445,563.34965,on-cinema
2026-05-06 06:08:30,day,politics,87,0x202b3056678783c0ad73cc20c837b360b994971a,810.7906588550009,0.0,littlebird
2026-05-06 06:08:30,day,politics,88,0x5739ddf8672627ce076eff5f444610a250075f1a,807.1473278732738,5984.243332,hopedieslast
2026-05-06 06:08:30,day,politics,89,0xbb8e6477bcb4d0a79449507c607d36fd228fb243,803.5553300000174,0.0,Generator
2026-05-06 06:08:30,day,politics,90,0xd4140031e313f8d850740a80d2ee6653c925a4db,796.2152321055764,15995.060000000001,AishahSofey
2026-05-06 06:08:30,day,politics,91,0xb51b3beffd13cde071ed799e70a7b0b598e8b4d9,788.5591538152657,857.3974939999999,cambridgeisaac
2026-05-06 06:08:30,day,politics,92,0xe899b5ea69afb161da7a35597b6fe70398860899,787.7929563069483,0.0,SlavaUkraini
2026-05-06 06:08:30,day,politics,93,0x4310af9b5962303768de4f432d06e8ea3d2c37e1,773.985099999998,0.0,aoidwa
2026-05-06 06:08:30,day,politics,94,0xedb3ce947e1281b1fcbc1f739f914d7a84c34f21,766.2588828999997,0.0,gwitz
2026-05-06 06:08:30,day,politics,95,0x71ca04d689bc38c5e4dcda8a4d743f279c5a3501,748.9691778919896,0.0,Ronaldo2100
2026-05-06 06:08:30,day,politics,96,0x25db6ca5935ae858a5c1f2dcd5c62939805328de,738.5538305424961,0.0,0x25db6cA5935ae858A5c1F2dCD5c62939805328dE-1770665598557
2026-05-06 06:08:30,day,politics,97,0xfe4a60f991f8a488bf395a4af2b2bfd38453ac42,732.1419606599811,0.0,ManifoldWhaleTakesPolymarket
2026-05-06 06:08:30,day,politics,98,0x5005251fb9f8837f08b4d098ad5fae258742d015,722.9568983687999,1456.25,UKNAME..CCC
2026-05-06 06:08:30,day,politics,99,0x5bffcf561bcae83af680ad600cb99f1184d6ffbe,709.6500934707001,0.0,YatSen
2026-05-06 06:08:30,day,politics,100,0x126091a58494557662a8285c35f3f4b5e4f107ce,705.712253220001,0.0,bulgakov84
2026-05-06 06:08:30,day,sports,1,0x492442eab586f242b53bda933fd5de859c8a3782,461534.4992499999,837012.0,0x492442EaB586F242B53bDa933fD5dE859c8A3782-1766317541188
2026-05-06 06:08:30,day,sports,2,0xc8075693f48668a264b9fa313b47f52712fcc12b,187927.29603807977,910.0,texaskid
2026-05-06 06:08:30,day,sports,3,0x6a72f61820b26b1fe4d956e17b6dc2a1ea3033ee,187248.9680191744,326430.558988,kch123
2026-05-06 06:08:30,day,sports,4,0xfc25f141ed27bb1787338d2c4e7f51e3a15e1f7f,90630.82184844563,291217.01999999996,.Sisyphus
2026-05-06 06:08:30,day,sports,5,0xbddf61af533ff524d27154e589d2d7a81510c684,82849.85225220537,251990.80708000003,Countryside
2026-05-06 06:08:30,day,sports,6,0x1117eade222413335b7ec959e5b48c1d3dbc3532,81354.74798141362,74663.76991400002,benwyatt
2026-05-06 06:08:30,day,sports,7,0xb652e5dabc3fccd3c939acab0108f99866842db4,75387.72123156823,47310.00316200001,0x2a2C53bD278c04DA9962Fcf96490E17F3DfB9B
2026-05-06 06:08:30,day,sports,8,0xbd14b65383c15e0b0f64944ca000f9a2bc5dd62a,60448.35298791481,0.0,0xbd14b65383c15e0b0f64944ca000f9a2bc5dd62a
2026-05-06 06:08:30,day,sports,9,0xa5ea13a81d2b7e8e424b182bdc1db08e756bd96a,58950.798971476965,15651.429413000002,bossoskil1
2026-05-06 06:08:30,day,sports,10,0x3c3ff2c7c85278fd53ef0bd6bed3bfc9ff2e75cf,50192.49136655778,45967.176462999996,TimmyTurner123
2026-05-06 06:08:30,day,sports,11,0x84cb17a50bc2487e8d64029783c3d2abcba328ad,46611.46393255866,122859.02571500001,Mikee12
2026-05-06 06:08:30,day,sports,12,0x36257cb65f199caa86f7d30625bbc1250a981187,43754.8819933827,47806.245618,0x36257cb65f199caa86f7d30625bbc1250a981187
2026-05-06 06:08:30,day,sports,13,0xa71093cafc0c099b4ccab24c3cb8018d817923c4,42002.10572204483,0.0,Talvez10
2026-05-06 06:08:30,day,sports,14,0x5b6331e7ff0831a3fe2ed12004747db1a9c911a4,33979.12252868523,191417.799647,neutralwave23
2026-05-06 06:08:30,day,sports,15,0xce9d175628fb6eb014636cf9e3e2976779eff402,33490.771908515,101407.023879,yaya88888
2026-05-06 06:08:30,day,sports,16,0xd6966eb1ae7b52320ba7ab1016680198c9e08a49,32697.791382399537,5329.358457,EIf
2026-05-06 06:08:30,day,sports,17,0x2005d16a84ceefa912d4e380cd32e7ff827875ea,32375.257934240624,859506.781988,RN1
2026-05-06 06:08:30,day,sports,18,0xe0f01e5ce19e71138a1fc77d3b466f50b7f3bad3,31140.309816855006,5.0,chidorasengan
2026-05-06 06:08:30,day,sports,19,0x0767aa79d578aead1c849fd9f0fdc6cdb50336b0,30866.067748780042,38446.09,beetlepimp
2026-05-06 06:08:30,day,sports,20,0x777d9f00c2b4f7b829c9de0049ca3e707db05143,30851.413682687446,70466.0,05143
2026-05-06 06:08:30,day,sports,21,0xd1001f4ef07ee37774934a8bc0083185ef6b853d,30285.542936433005,45744.93057800001,0xd1001f4ef07ee37774934a8bc0083185ef6b853d
2026-05-06 06:08:30,day,sports,22,0xada2005600dec949baf300f4c6120000bdb6eaab,27929.66785348908,0.0,0xada2005600dec949baf300f4c6120000bdb6eaab
2026-05-06 06:08:30,day,sports,23,0x5268527977f700f9bf9b6d5cd843859e4e70135d,26805.34261309258,420218.342543,HomeRunHazard
2026-05-06 06:08:30,day,sports,24,0x7a8885c8dc075f0578b648f29fa233408a7d41cc,25931.36455169556,26808.991802999997,stackingsats
2026-05-06 06:08:30,day,sports,25,0x9495425feeb0c250accb89275c97587011b19a27,24888.63180522155,585574.112067,LaBradfordSmith22
2026-05-06 06:08:30,day,sports,26,0x84cfffc3f16dcc353094de30d4a45226eccd2f63,24499.905340192374,297308.798514,mooseborzoi
2026-05-06 06:08:30,day,sports,27,0x3ef70be398c60540e51e51b7aa2da61cf7f4b7bb,22730.422725605673,6150.393017,Thorkild
2026-05-06 06:08:30,day,sports,28,0xc408cf3d54aedccbb5c604fc887a1a8a8d93c1ef,22565.570544319984,131656.628318,GeorgeIII
2026-05-06 06:08:30,day,sports,29,0xde7be6d489bce070a959e0cb813128ae659b5f4b,21432.55885926501,9994.975051999998,wan123
2026-05-06 06:08:30,day,sports,30,0x9eca63b0ed5f5cc2c81a177858aef570897c5a59,19567.954999999987,0.0,epend
2026-05-06 06:08:30,day,sports,31,0x163eff4d251df4bfc95c49f4d90cd1bf224edc5b,19432.860378145007,26708.079999999998,0x163EfF4d251dF4BFC95C49f4D90Cd1bF224eDC5B-1768366778047
2026-05-06 06:08:30,day,sports,32,0x7013c01a7eeb0c694c7e8bc5e289021ae33147ac,19310.249918381378,148539.241378,goodman877
2026-05-06 06:08:30,day,sports,33,0xf68a281980f8c13828e84e147e3822381d6e5b1b,18681.950635951594,146976.06678300002,iDARKenjoyer
2026-05-06 06:08:30,day,sports,34,0xe1a24206ed13433b70c603424c8a616b691d14b8,18534.988096810004,99999.90843699999,sss.tier
2026-05-06 06:08:30,day,sports,35,0x6a32a31f2b28c31c016c6a222f2942240d8d0086,18516.705088864954,7967.9941149999995,0x6A32A31F2B28c31c016C6A222f2942240d8D0086-1756820952447
2026-05-06 06:08:30,day,sports,36,0x49007e1e636d0e922d0122a02ea743e41d194a72,18130.720687504945,180883.27999999997,08AF
2026-05-06 06:08:30,day,sports,37,0x1ef5bc81296d559ad76c9c03efaab7be1323dc05,18037.973502608438,15321.85727,0x1ef5bc81296d559ad76c9c03efaab7be1323dc05
2026-05-06 06:08:30,day,sports,38,0x3f3aa7005f8006bfcc367d43a25cde25509fe8fd,17917.794476329997,15263.734266000001,us391
2026-05-06 06:08:30,day,sports,39,0x32ed517a571c01b6e9adecf61ba81ca48ff2f960,17753.38130688935,178220.96191399996,sportmaster777
2026-05-06 06:08:30,day,sports,40,0x13414a77a4be48988851c73dfd824d0168e70853,17194.206900492893,98323.17772899999,NRASCHATTER
2026-05-06 06:08:30,day,sports,41,0x5d1d9cfd66ee3068c2a8a57dedf1e1b006dcafd2,16945.695978767602,29757.126650000006,0x5d1d9cfd66ee3068c2a8a57dedf1e1b006dcafd2
2026-05-06 06:08:30,day,sports,42,0x16bb9951a36fce71e2ef57890b786145e0ba8492,16359.652400000024,0.0,SDTrading
2026-05-06 06:08:30,day,sports,43,0xdb15fbbcc1a8d1cbe112f7a2d74f6f752f2314f1,16094.10953817665,96830.73873900001,memain
2026-05-06 06:08:30,day,sports,44,0x86fbea68d619daf670185ecd38a69aa90f7703d4,15794.167927135175,33406.65716,0x86fbea68d619daf670185ecd38a69aa90f7703d4
2026-05-06 06:08:30,day,sports,45,0xa362affead1a13d6a540d4aa1b6bb13158dfa3e3,15590.891781231503,85459.84025799998,qsyqsyqsy
2026-05-06 06:08:30,day,sports,46,0xc4f8b9cfffec674b34ba2679a920ef5498ec96a4,15404.320000000007,0.0,feiqiu
2026-05-06 06:08:30,day,sports,47,0x52f5efdfb8759d4b9be1fbe63f80401474445e8a,14999.9929977,99999.953318,martingaleking
2026-05-06 06:08:30,day,sports,48,0xcd66d7ff1d5ddbb5e57d9eac844403550256664f,14349.976391519966,102499.831368,EliteAthleteMentality
2026-05-06 06:08:30,day,sports,49,0x5257aa84944804bbb0c718814ebebeeafaca3e2a,13557.47946661996,0.0,NO-GOD-PLEASE-NO
2026-05-06 06:08:30,day,sports,50,0x4da7d599de1f841369cf55118d2173d801337abd,12414.080000000002,0.0,hansama31
2026-05-06 06:08:30,day,sports,51,0xf1528f12e645462c344799b62b1b421a6a4c64aa,12279.498294477453,14999.991834999999,phonesculptor
2026-05-06 06:08:30,day,sports,52,0xe0dbdb7f005f233f4510e4ef7e53a2f76a8df44e,11969.999999999975,6000.0,lug
2026-05-06 06:08:30,day,sports,53,0x2dc13c6bda81b202281e796953a7323de675b33c,11877.840018120005,14345.34,xifutloong3
2026-05-06 06:08:30,day,sports,54,0x255ab4ffc544bccbcdc2e5891fa239c5a3813435,11791.093793739477,78785.392989,BaronOnThrone
2026-05-06 06:08:30,day,sports,55,0xa87d59e16744acfd5c4d16613d16ea34234ce4bf,11564.142449999998,0.0,ccn023390
2026-05-06 06:08:30,day,sports,56,0x4852886ccce179e68e6a8c94f9d01402ca5867c4,11480.335003150005,0.0,menghuan388
2026-05-06 06:08:30,day,sports,57,0x0979bad57d7a1403db89cbcd9c52bf43f2138d9b,11421.802546164603,54516.77106399999,askilika
2026-05-06 06:08:30,day,sports,58,0x99a75dee1487879c95b3d61c92e4493e2c63fc82,11086.347609015007,0.0,duckfriedrice
2026-05-06 06:08:30,day,sports,59,0x39d3c773be30fcc73161fc6768f46d563a779ef0,10936.685972205363,9830.0,matanovik
2026-05-06 06:08:30,day,sports,60,0x709e8dcb133555794decc598e07f2c923b8366f5,10409.54676236026,9033.581272999998,0xd4aa6f8e91cfea29b66a48ebff52814
2026-05-06 06:08:30,day,sports,61,0x4e9bbe644370fbb1f70834a43c79599dad18945a,10206.900000000023,0.0,wolfycoco
2026-05-06 06:08:30,day,sports,62,0xd106952ebf30a3125affd8a23b6c1f30c35fc79c,9471.909245837596,16900.795098000002,Herdonia
2026-05-06 06:08:30,day,sports,63,0x6815040a7176c958e6ff8818bfe188e80dbd9edb,9235.49260323681,19423.41749,pilotbaby
2026-05-06 06:08:30,day,sports,64,0xead152b855effa6b5b5837f53b24c0756830c76a,9098.648644164437,0.0,elkmonkey
2026-05-06 06:08:30,day,sports,65,0xadfb6cba33cebca02eab6111ace1e3924b9cc2ef,9084.96629664248,88758.07460699999,KnightDasCapital
2026-05-06 06:08:30,day,sports,66,0xff12ffde498c958dc037def603dcbcc0052f09f9,9077.092679992464,400631.16845,Aceplus1
2026-05-06 06:08:30,day,sports,67,0xbd52ad6b7c3955976ceda0e85d5e501fee08df69,9056.437399999993,26575.76,md022217
2026-05-06 06:08:30,day,sports,68,0xd809c54478c5e50fe2aa20acccf0857baa0a6542,8833.493794278398,0.0,0xd809c54478c5e50fe2aa20acccf0857baa0a6542
2026-05-06 06:08:30,day,sports,69,0xf284ad6d607f777f34bc643cea587c33a886b9f9,8642.606083381044,162735.175338,strike123
2026-05-06 06:08:30,day,sports,70,0x03e8a544e97eeff5753bc1e90d46e5ef22af1697,8404.316907215398,0.0,weflyhigh
2026-05-06 06:08:30,day,sports,71,0x153a9196135ee9ac4c202d1d25c558862bc19d6d,7664.236084085009,0.0,Coach99
2026-05-06 06:08:30,day,sports,72,0xa1e49df328c092e2ddee81631265712009cc4f8a,7569.290410930691,158225.584538,polikujh
2026-05-06 06:08:30,day,sports,73,0x384cb05012301ee6d63884d2cbdd9ad3d5ff2f59,7466.42449672,0.0,Deerfieldx
2026-05-06 06:08:30,day,sports,74,0x67b6ccabe5f6c01a7a9ecad5d420ea0cdc7f00bc,7291.104043300009,9132.38878,forget4
2026-05-06 06:08:30,day,sports,75,0xf0f7f99300c5fa7ebedd7b7d806b97528c580c5a,7088.147064534045,43921.938314,us291
2026-05-06 06:08:30,day,sports,76,0x206191d01c411a5b346d11a2df2d463a356b8ec9,6862.703715357478,16664.984086,rebotsliaf
2026-05-06 06:08:30,day,sports,77,0x6853780d97f233b4fdf1089f2c648f45baad5846,6513.130000000001,16930.0,rugexpert
2026-05-06 06:08:30,day,sports,78,0x994bf485a7ba57fe4f437b93f6052dfad77cc047,6382.729480289705,17385.427374,Ilovemywife
2026-05-06 06:08:30,day,sports,79,0x9fe404508435c679efda71ad07f7755edb05e7b2,6337.26536170948,30037.24744,0x9fe404508435c679EFDA71ad07F7755edb05e7B2-1761886866996
2026-05-06 06:08:30,day,sports,80,0xae0f21790d847393dcc4da8b4d15f72ff84cf647,6328.662205365004,91347.250069,ThewhitewhaleV2
2026-05-06 06:08:30,day,sports,81,0x94970c2465132d2036ac07293b7ce692344dea43,6270.576205090836,29.340905,Kcirt999
2026-05-06 06:08:30,day,sports,82,0xdcbf7a02f2c66d4fae91809ad38824c12242d37f,6188.0626254775125,468.198233,0xDCBf7a02F2c66D4faE91809ad38824c12242d37F-1771605177101
2026-05-06 06:08:30,day,sports,83,0x9d94f602535e518ee1cb6aade0ca9569f1b1017d,6134.284052711213,161811.36649299998,eanvanezygv
2026-05-06 06:08:30,day,sports,84,0xe5efd6543002653b2eef940d8254911862ad9e7a,6123.447410531007,105298.990876,0xE5efD6543002653B2EEF940d8254911862aD9e7A-1729599643232
2026-05-06 06:08:30,day,sports,85,0xe807b8e5e8d8d442e726b23f832c08615d30307c,5992.511905229997,0.0,Teguh.pra
2026-05-06 06:08:30,day,sports,86,0x74cbe222b702c054d4ab02846fd1706081bbafe6,5861.06272,0.0,IcyPearl469
2026-05-06 06:08:30,day,sports,87,0x9b1e0334569aa1768a07705a859686aad58e82c9,5794.450060539588,4000.3288,FullPicks1
2026-05-06 06:08:30,day,sports,88,0x9770ca178764cdca1271934ad613ad7ab4a10ff5,5763.350595839904,0.0,SombrLIl
2026-05-06 06:08:30,day,sports,89,0x4924c71c054637d76d0a96d6d097a0d95f77f328,5654.899381940209,32253.015943,Aussieoioioi
2026-05-06 06:08:30,day,sports,90,0x60d0c28b5270652392ce7e5f0a138b55fb4b2e36,5602.3700999999965,0.0,Markram
2026-05-06 06:08:30,day,sports,91,0x8b24a5e26873c9674fbb073b79941c29ca93c4be,5499.994347483002,49999.948175,Lessgo123
2026-05-06 06:08:30,day,sports,92,0x0eb75bf6f54794a83bd26095811f30b530161f17,5311.567329930229,51872.508327999996,theeere206
2026-05-06 06:08:30,day,sports,93,0xf57eb9e945fffa6980db07f2ce6e4461add3bbd6,5175.0,5000.0,iambetking
2026-05-06 06:08:30,day,sports,94,0x204f72f35326db932158cba6adff0b9a1da95e14,5120.8897093608975,812357.7480559999,swisstony
2026-05-06 06:08:30,day,sports,95,0x48ecc049f171a8c7758e5d351e5f6c3c6df58f36,4902.072840000008,8929.66,machiavelia
2026-05-06 06:08:30,day,sports,96,0x7200ef39ca19e5ded632820a654e9de23ce29299,4815.0667985,34393.334275,dchen
2026-05-06 06:08:30,day,sports,97,0x6d3c5bd13984b2de47c3a88ddc455309aab3d294,4633.689556574973,142112.906807,VeryLucky888
2026-05-06 06:08:30,day,sports,98,0xb2fe0455982dc10c7d933752a4d4bbba20d77558,4581.350935298045,10715.07,fuzhaiyiqianwan
2026-05-06 06:08:30,day,sports,99,0xd4dafa21aad27e8514b5a5dad9278c3ece243175,4460.236697820001,19999.951413000003,DonChon
2026-05-06 06:08:30,day,sports,100,0xcd5aada6c360b0146fad306702b7e2afc91863f9,4457.087014335,0.0,4r4r34
2026-05-06 06:08:30,day,crypto,1,0x1faa66202ed5b3da4e807be1956c7e46c9caad8a,9033.595924000067,28812.7152,denise97
2026-05-06 06:08:30,day,crypto,2,0x1392698d8891693334a2c33b0bd7e26f7a000e2f,7308.0658718887025,15783.158280999998,SDWWWS
2026-05-06 06:08:30,day,crypto,3,0x71edffd0d70a1da823ff07a3c6fc81457294d338,6298.015472234452,912.95511,pako
2026-05-06 06:08:30,day,crypto,4,0x83904a8afcd2860fe62e565f2c182b41f8883773,5821.242799000123,11652.8659,saygolani
2026-05-06 06:08:30,day,crypto,5,0xcc500cbcc8b7cf5bd21975ebbea34f21b5644c82,5092.291747541865,21054.684499,justdance
2026-05-06 06:08:30,day,crypto,6,0xeebde7a0e019a63e6b476eb425505b7b3e6eba30,4732.516332852654,344695.226143,Bonereaper
2026-05-06 06:08:30,day,crypto,7,0xd1d6e092d1ca8368f2590dbe2620eb5e079b4185,4525.1650012,9789.612207999999,ee1qa3qev1
2026-05-06 06:08:30,day,crypto,8,0xdbd214e1a5bccece26a7acac9414f2e36ef142fc,4447.619029999999,17080.047000000002,myosing
2026-05-06 06:08:30,day,crypto,9,0x487a67394caf8a734b81c8c7d65cc5bdf9267da8,3959.000199999999,99.98,YesGambleNoCrypto
2026-05-06 06:08:30,day,crypto,10,0x90c9b9822730296629906bab8e5779ae29fc7e8b,3903.4561558196365,14568.171621999998,user5670
2026-05-06 06:08:30,day,crypto,11,0x2d70d17da20f1305a36c33ed00b4b071bd9f5b05,3830.0887660000008,49153.8324,FC111888
2026-05-06 06:08:30,day,crypto,12,0xb48ef6deecd526c0974c35e1f7b5c3bbd12fa144,3596.1335523797825,38451.48478,100x
2026-05-06 06:08:30,day,crypto,13,0x4910842d27c641e6c23c6680c115da4db100c095,3026.142084065006,0.0,willydh
2026-05-06 06:08:30,day,crypto,14,0xe0bebb65005e1f42ca5cc1a664b64a36e68617fa,3002.351907999986,11499.538999999999,wanglin9x9
2026-05-06 06:08:30,day,crypto,15,0xba016b05c84c9f073e5c9059d247d37cea4b8535,2810.3979620099562,97444.269709,shy-blue-rock
2026-05-06 06:08:30,day,crypto,16,0x3cd24842cb61da35ee1b6609604667c69c0231f4,2724.143576039998,0.0,Qiiiyo
2026-05-06 06:08:30,day,crypto,17,0x2334195baf2db920ff6e8940dcbc031451f99a9f,2623.4540173933856,62283.17249799999,0x2338195baf2DB920ff6E8940dcbC031451f98M
2026-05-06 06:08:30,day,crypto,18,0x34c515e560f95455bbf59a32c645475dc55a830d,2458.3102080000003,8057.9792,shibaloverdestroyer
2026-05-06 06:08:30,day,crypto,19,0xd0a5156a7bcb0bc2c2b33dc230b5586ed9437b04,2455.0698533465916,7052.187980000001,ZXIIO
2026-05-06 06:08:30,day,crypto,20,0xfae44fb0282b878476a48d9287dcee15717c299f,2200.000000000002,0.0,0xfaE44fB0282b878476a48D9287DCEE15717c299F-1767093192097
2026-05-06 06:08:30,day,crypto,21,0xe9c6312464b52aa3eff13d822b003282075995c9,2635.930746136699,12225.319338000001,kingofcoinflips
2026-05-06 06:08:30,day,crypto,22,0xd0a5156a7bcb0bc2c2b33dc230b5586ed9437b04,2455.0698533465916,7052.187980000001,ZXIIO
2026-05-06 06:08:30,day,crypto,23,0x14f66f7e5ca69e756cac1bfd4c7c8ac3a7fd15c4,2454.9632499999934,98198.53,peal
2026-05-06 06:08:30,day,crypto,24,0xdf0d2ccfe3d7c2ef120395534e43afe283509f79,2319.119691899934,200400.48099999997,0xdf0D2CcfE3d7C2EF120395534e43Afe283509F79-1774320078733
2026-05-06 06:08:30,day,crypto,25,0x9412cdfc1e3171e1aabb013d0f494986445d0cd0,2261.4430748203667,120552.197499,gansinimen
2026-05-06 06:08:30,day,crypto,26,0x4aa7512c9dca21b3ed2d27cb8f98ebf95ae17ca4,2199.2969903260214,21297.227109,satonakamoto68
2026-05-06 06:08:30,day,crypto,27,0xddb0629096a8a03f490b6572c06f2ee76465f95a,2175.002626577858,58310.31997200001,IVY56
2026-05-06 06:08:30,day,crypto,28,0x29a6b3e2f546f2ff211905cde9b0eb7a86566ea4,2140.2471766602275,26886.120738999998,cryptoskeeper
2026-05-06 06:08:30,day,crypto,29,0x9f5ffe76a818dce37c70f947998b52b70671a008,2130.9607929975464,98750.638381,0x9F5fFE76a818DCE37c70F947998b52b70671A008-1772728605528
2026-05-06 06:08:30,day,crypto,30,0x32835f17fbda571f0f02c0a3bf0a6f94d60a1da9,2104.6058924819954,0.0,SBFfromprison
2026-05-06 06:08:30,day,crypto,31,0x7cecad9ebf718ef99aa5c35713c9dd94a8b5f71c,2065.0011640000303,8208.6236,AmineLamuadni
2026-05-06 06:08:30,day,crypto,32,0xfae44fb0282b878476a48d9287dcee15717c299f,2000.0000000000036,0.0,0xfaE44fB0282b878476a48D9287DCEE15717c299F-1767093192097
2026-05-06 06:08:30,day,crypto,33,0xfcbecc7e5186e88e03445b81f593685d62828f44,1986.4214515065396,18070.071645,ascetic0x
2026-05-06 06:08:30,day,crypto,34,0x674887d1ac838099a48b629dff53f25b7b87ee08,1964.691144548211,46680.73488600001,nj23adsknml3
2026-05-06 06:08:30,day,crypto,35,0x4705408c791455edffc66782d4cea30c17afd03e,1950.0267517062894,36146.59151099999,0x4705408c791455edffc66782d4cea30c17afd03e
2026-05-06 06:08:30,day,crypto,36,0xd189664c5308903476f9f079820431e4fd7d06f4,1915.421854468761,115729.734911,rwo
2026-05-06 06:08:30,day,crypto,37,0x20d2309cd92b797ae7ca175ed828ed8a27fbe29d,1890.8555577653751,71965.95226599998,0x20d2309cd92b797ae7ca175ed828ed8a27fbe29d
2026-05-06 06:08:30,day,crypto,38,0xb27bc932bf8110d8f78e55da7d5f0497a18b5b82,1823.5133912658202,70337.262518,0xB27BC932bf8110D8F78e55da7d5f0497A18B5b82-1772569391020
2026-05-06 06:08:30,day,crypto,39,0x715982683f37d34fa1b79a15922caf16b3814c63,1809.6277982861693,8212.513746,nana1302
2026-05-06 06:08:30,day,crypto,40,0x931cd2259731f65ff31faa5233f446b9f50ca002,1804.8676689511012,3933.163869,0x931cd2259731f65ff31fAa5233f446B9f50Ca002-1777400384859
2026-05-06 06:08:30,day,crypto,41,0x02fe2a4c18e00a06747f7a3b92892f6c6e3fa6f3,1800.797057373191,39438.439784999995,pimax1
2026-05-06 06:08:30,day,crypto,42,0xee4ecafc71c980417249e1a3b32f23248fc9e2cc,1713.4752380000004,9281.717367000001,ddssaaas6
2026-05-06 06:08:30,day,crypto,43,0xadcefdd84ffd58d9500c4d03e328b016ef94a482,1699.9509840200049,1895.4467200000001,xiaoxiaocangying
2026-05-06 06:08:30,day,crypto,44,0x8d1d5d1c6041b13fc708b5d9f668070e1724ed4a,1695.3833536381062,54538.663998,CERTova
2026-05-06 06:08:30,day,crypto,45,0x885278f0e304bc2d53f805af2ab779cb6011c569,1627.445455885405,52747.040537999994,gabigol
2026-05-06 06:08:30,day,crypto,46,0xce25e214d5cfe4f459cf67f08df581885aae7fdc,1607.6602782203554,137876.717651,0xcE25E214D5cfE4f459cf67F08DF581885AAE7Fdc-1777575398144
2026-05-06 06:08:30,day,crypto,47,0x0f7bcb8c6069f2df60122919e99547d23578b21e,1515.9636181665082,3399.6898149999997,pilot1004
2026-05-06 06:08:30,day,crypto,48,0x5947c51069f1416f3825a2485856a3460101cc22,1477.6717618806647,14919.701212,0x5947C51069f1416f3825A2485856A3460101CC22-1777923171176
2026-05-06 06:08:30,day,crypto,49,0x6abe7704bd2c9812e1f74a6b01a61ac7368ed6a5,1472.90452609755,12188.550477000003,0x6abe7704bd2c9812E1f74A6B01a61AC7368ED6a5-1744064218199
2026-05-06 06:08:30,day,crypto,50,0xe8e406afb68bbcfef63eea074b8e91616db33548,1442.145880999995,8924.504,Frontrunnerized
2026-05-06 06:08:30,day,crypto,51,0x6fdc687773d4ba8753ea406f4eb2a403051a953f,1410.7220797428745,80906.68941199998,purple-lamp-tree
2026-05-06 06:08:30,day,crypto,52,0x7a1849ac8a195e3fd479f81c0b3277ab5d0cd1c9,1346.9858112599986,0.0,huatimus
2026-05-06 06:08:30,day,crypto,53,0x2528aa9add8a5cebcd634dc02bfd1eaa9213b041,1296.4389264627953,78136.952493,0xjfie45852vkvjvho249g9
2026-05-06 06:08:30,day,crypto,54,0xa2e3515dc3fbba389ca3bcd9d0a17677ab57fbb2,1292.9316065599996,6931.011590000001,Jsp789
2026-05-06 06:08:30,day,crypto,55,0xb20b80d15a4a3b776cd678a0b82beb7d23fb131c,1253.66132015024,9996.691435,Zienfjcin7
2026-05-06 06:08:30,day,crypto,56,0xe9076a87c5ed90ef16e6fe6529c943baeca0cff6,1253.1105899315444,248121.875741,0xe9076a87c5ed90ef16e6fe6529c943baeca0cff6
2026-05-06 06:08:30,day,crypto,57,0xf705fa045201391d9632b7f3cde06a5e24453ca7,1178.0474337115884,21352.670000000002,0xf705fa045201391d9632b7f3cde06a5e24453ca7
2026-05-06 06:08:30,day,crypto,58,0x082605596b7aaa4e1883d16219de123a5a0ee098,1167.757391711013,1646.280862,0x082605596b7aaa4e1883d16219de123a5a0ee098
2026-05-06 06:08:30,day,crypto,59,0xbc9bb5e0d7ed5609c18a71c1bf3e325de2ed1b9c,1159.432968977475,7752.2525000000005,jhz1122
2026-05-06 06:08:30,day,crypto,60,0xdeca32428d5cf4b1c4d7266a950e20791676ddd5,1151.173340718291,121247.77877400003,durrrrrrrr
2026-05-06 06:08:30,day,crypto,61,0x07a9bf6d9a913df0e149bb2d652998b57fd832c8,1148.3067097394996,0.0,ReedUpdatee
2026-05-06 06:08:30,day,crypto,62,0x424eb20fcd25113e3b98f42522a54580350b263b,1143.2074012281082,66049.36710999999,0x424eb20Fcd25113e3b98f42522A54580350b263b-1774330621025
2026-05-06 06:08:30,day,crypto,63,0xd47cf8a42917e91504a50da5dcee3347da373f0e,1121.3326286062293,22998.726887,nobebot2
2026-05-06 06:08:30,day,crypto,64,0xa02a7006aeeca7887b1a8bf0afb9926a579c86c6,1099.99958255,0.0,orangeor
2026-05-06 06:08:30,day,crypto,65,0x3431a3c03ecdafbb73f7ff504eb22bd4fc3903b8,1094.195805725023,2689.66282,Luckplay
2026-05-06 06:08:30,day,crypto,66,0xc9dc6c12e2e736396f63e1d4ff9ba6834e3f631e,1075.0784445099998,0.0,armandonakamoto
2026-05-06 06:08:30,day,crypto,67,0xad57d8efa9bd89be9ff74934a0f6e68853843fed,1060.5990515635149,4732.2284930000005,xepo
2026-05-06 06:08:30,day,crypto,68,0xb10047d6a254b2ebb306d7a7d13bf59171ab6461,1040.9305943219806,31698.93502,Parz1vaI
2026-05-06 06:08:30,day,crypto,69,0xeae707a267b3d6a112167b5c93c3fa74e38c2800,1031.0010323799997,0.0,destinyas
2026-05-06 06:08:30,day,crypto,70,0xe408ce333d83263a659ba42bda63733276ebfd80,1000.0,2000.0,46644676
2026-05-06 06:08:30,day,crypto,71,0x224f67d24c7f894cd8aea7ede6612dcb005fef71,997.3417500000724,6736.2,lsdkakl
2026-05-06 06:08:30,day,crypto,72,0xa40a970102c23322a0f5e28332a58c89dcf3fa62,991.4208977600065,0.0,BTCmaxi
2026-05-06 06:08:30,day,crypto,73,0x0d15e2724df455f9e65b15104d21d76412a2c454,960.6035378194999,0.0,e88888
2026-05-06 06:08:30,day,crypto,74,0xa61721845ec95a01c009ce53931bd16e004e5129,951.1252116392093,4426.261506,95detaon
2026-05-06 06:08:30,day,crypto,75,0x63adda169ca8f3311b361e3e7dc1a98fa882c072,938.7251199414532,82865.3541,0x63ADda169cA8F3311b361E3E7dc1a98FA882C072-1774822849424
2026-05-06 06:08:30,day,crypto,76,0xc5ae17997c95b7fc4aa8aca84e782ad59edd1144,929.7560374599225,16066.727645,Plmnkoijb
2026-05-06 06:08:30,day,crypto,77,0xfc0cb8da7a6bfcb50bc3a99632d378316f0dcfc9,928.7137882819006,15062.789412999999,crappy
2026-05-06 06:08:30,day,crypto,78,0xb305d384400e3d7a15780216a55368ea677eca4e,917.6773923068549,17352.697895,0xb305d384400eA7155368EA69921hs62hd2623
2026-05-06 06:08:30,day,crypto,79,0x27091ce48a08a3e21d63c42d33428cf1e55d20f5,899.2165848285804,20387.296736000008,dgcf
2026-05-06 06:08:30,day,crypto,80,0xee67f4f549180f564dd5910b1024b8c6729cef38,892.0901556099998,0.0,keasiyo
2026-05-06 06:08:30,day,crypto,81,0x39aa0d40d81a2ea7310c6b4b333904b8e2cd82eb,878.2311967369697,14709.166723,JMan507
2026-05-06 06:08:30,day,crypto,82,0x2bd7d944958e8ac0407a04e2e4702726f42a1ad6,859.310027715208,22729.152965999998,mirko221
2026-05-06 06:08:30,day,crypto,83,0x7e5d2991c2647de2348287e2f499329fc6a6c4c3,846.9887517001989,65187.22992799999,aswfadq1555
2026-05-06 06:08:30,day,crypto,84,0xdb5ad26b68d77ae966d29e7180147272ab7a3965,837.8747660157969,46871.750389999994,0xDB5
2026-05-06 06:08:30,day,crypto,85,0xc8ab97a9089a9ff7e6ef0688e6e591a066946418,830.4052204478357,31218.011818000003,ArmageddonRewardsBilly
2026-05-06 06:08:30,day,crypto,86,0x82311cdedaa7ee25d4672b0e3a3ee0dd0cd2c02e,815.3979733928791,21027.379813000003,fasoni
2026-05-06 06:08:30,day,crypto,87,0xcfbcc058317081efd8949d36ebe3ede30d04dcdb,814.3516814453192,6717.978232,0xcFBCC058317081efd8949D36EbE3eDe30D04DCdB-1770567330689
2026-05-06 06:08:30,day,crypto,88,0xee65685de42f8de9a03b4c53ee77d56a20d2cfc9,814.338573161047,145107.39712900002,0x50f7
2026-05-06 06:08:30,day,crypto,89,0xd1a6835297404bb68c2a5b1e13dc70cf696c3a51,806.2518082106819,4162.474937,Vonz
2026-05-06 06:08:30,day,crypto,90,0xc547326c577e21102f85e36b06cdb70d05e87b30,800.9599716922985,38716.236432000005,0x33d33
2026-05-06 06:08:30,day,crypto,91,0x75cc3b63a2f2423085e10706c78b494017b93ce1,798.5628354386863,31164.136513999998,0x75cc3b63a2f2423085e10706c78b494017b93ce1
2026-05-06 06:08:30,day,crypto,92,0x55be7aa03ecfbe37aa5460db791205f7ac9ddca3,774.1035990726668,13651.428130000002,coinman2
2026-05-06 06:08:30,day,crypto,93,0x672b002e9a32bd5daa0562136badd7ebcf7177eb,756.3403676382809,22090.231376,Cocooococo
2026-05-06 06:08:30,day,crypto,94,0xc213cde579252b0994fe83fb742da9d9d4a41388,753.2872805249999,0.0,pcb897
2026-05-06 06:08:30,day,crypto,95,0xac3aabaa94cc6ce0f3063630956c3b6a7509798d,752.2159567395001,0.0,Loser12
2026-05-06 06:08:30,day,crypto,96,0xd85eba7baab5229b78182decb78f360a6f636f11,749.1568523537917,17519.042565,dyn3
2026-05-06 06:08:30,day,crypto,97,0x81c26ba775461b7ff6de4c660fb657fc98eb98d3,741.0002460000105,1849.9754,1cpody
2026-05-06 06:08:30,day,crypto,98,0x1878b9bf883eaf8d757554cda0b4f13b2514d998,738.6508399999966,0.0,probability1
2026-05-06 06:08:30,day,crypto,99,0xa8670eeddde6a7b319920199392a6d77f74ff165,734.8882102900013,82229.94,bozo-2
2026-05-06 06:08:30,day,crypto,100,0x76a1f5f4a6ac99f5de9fba514d609072fc7c4652,710.1235911599965,1617.0900000000001,pd.acc1
2026-05-06 06:08:30,day,finance,1,0x5a218c7ad04135830a45c41aaed7294df7809318,5904.835517736111,7749.771572,balthazar
2026-05-06 06:08:30,day,finance,2,0xe3726a1b9c6ba2f06585d1c9e01d00afaedaeb38,3043.261849577393,3034.5499999999997,cry.eth2
2026-05-06 06:08:30,day,finance,3,0x8575467a6743c81ef0a8d06acc76e99b454a87fe,2302.491142548277,330.845017,products
2026-05-06 06:08:30,day,finance,4,0x55f197741be0a8d92675d59b0d9fa9e5c081842d,1849.4137186912126,1689.4900000000002,corral
2026-05-06 06:08:30,day,finance,5,0x7d0b0430c58c6fd0153c17be99c4a517f5bf840a,1466.6890980649987,0.0,0x7d0b0430c58c6fd0153c17be99c4a517f5bf840a
2026-05-06 06:08:30,day,finance,6,0x2dfea406909e8820581f7314a39f15fabdaa0a5e,1318.444604051997,0.0,Bgf56
2026-05-06 06:08:30,day,finance,7,0xf39651f0addaad0221806d828197064b97feed0d,1265.2920500000037,0.0,Pajamapants
2026-05-06 06:08:30,day,finance,8,0x31436bde35c25c3714e0c3e7fbd14a22107581b1,1118.7650267985082,0.0,yyyyyyy
2026-05-06 06:08:30,day,finance,9,0x7098c72245f2572dfabbde64ba36545e74a2b948,1053.7233300000007,0.0,0x7098C72245f2572DFABbde64bA36545E74A2b948-1731010864730
2026-05-06 06:08:30,day,finance,10,0x17559efac103ac7f361be37ec0b93888d4c55aac,1037.1901321856421,0.0,CamelUp
2026-05-06 06:08:30,day,finance,11,0x96489abcb9f583d6835c8ef95ffc923d05a86825,1003.9774902809877,448.826631,anoin123
2026-05-06 06:08:30,day,finance,12,0x6302cdefa498e7174dd0fcd6b06652a38eae7917,895.2734005020029,0.0,0x6302CDeFa498e7174dd0fcD6b06652A38eAe7917-1720863615256
2026-05-06 06:08:30,day,finance,13,0x671a326088dea34b79c51947e4a92c83545a2f1e,859.3379856828296,7200.804333,GingerMcKenna
2026-05-06 06:08:30,day,finance,14,0xf0ca28d5b0141f0a8e7b251dea80fd881cb166ed,844.6586195379205,0.0,Hauchn
2026-05-06 06:08:30,day,finance,15,0xe8dd7741ccb12350957ec71e9ee332e0d1e6ec86,833.3664360020339,0.0,influenz.eth
2026-05-06 06:08:30,day,finance,16,0x1664c334ffe2119c7b3d3be5da69c1f02dcba0ce,824.8066600384709,2504.333088,endgame3
2026-05-06 06:08:30,day,finance,17,0x28ca4e9a04531f2eac0c2770f95db4e1c6a65d19,779.6682283148748,134.0,DuneMentat
2026-05-06 06:08:30,day,finance,18,0xd1eed20edd22a289839379e89e3470ea1742a8ae,769.338900556857,1069.791019,chefradish
2026-05-06 06:08:30,day,finance,19,0x1cd24cc49782240413903b4b7e7694779f917f85,767.1666865399966,0.0,bitterfish
2026-05-06 06:08:30,day,finance,20,0xbfc1ad1049c0b71e96268ff0b55d696aa2c273d8,761.4890499999999,0.0,Ray777
2026-05-06 06:08:30,day,finance,21,0xb10047d6a254b2ebb306d7a7d13bf59171ab6461,754.9968144123777,7087.29,Parz1vaI
2026-05-06 06:08:30,day,finance,22,0x3c5d0fe285e0636f13f9a23bc7e99c2cfd711aaa,711.5430400000005,0.0,0x3c5d0Fe285E0636f13f9A23Bc7e99c2cfd711Aaa-1767899486571
2026-05-06 06:08:30,day,finance,23,0x00425c692a667981118f679ef68fdc775257321e,598.6935418079847,316.373156,99problems123
2026-05-06 06:08:30,day,finance,24,0x9c9ad74b04c7de5bf3030754e5b1cec7ad02553b,539.0112881870173,515.01,M2Bubble
2026-05-06 06:08:30,day,finance,25,0x4bbe10ba5b7f6df147c0dae17b46c44a6e562cf3,531.3915440700948,0.0,How.Dare.You
2026-05-06 06:08:30,day,finance,26,0x6b08b60c384fe00c2e885bbd7d308df8c44fbb8e,513.6321291999993,10034.85,bbmkklj
2026-05-06 06:08:30,day,finance,27,0x2e4d05beafd81a6e85bc0c6a94820d61ef34f703,509.24967575598566,1023.62,woshiLimpeh
2026-05-06 06:08:30,day,finance,28,0x3f13e11384ad580b1ade2d46c685c4e5a165be56,496.5255732789992,0.0,JasonBourne55
2026-05-06 06:08:30,day,finance,29,0xb0d90ef1959ff0c736bc1288103a3ccd1c75a88d,485.0060000000067,10188.73,0xb0d90ef1959fF0c736bC1288103A3CcD1C75A88D-1762256086008
2026-05-06 06:08:30,day,finance,30,0x131c8da468a06b0cf2831da2172b4839ffb56816,476.1123363984798,66.40476,0x131c8Da468a06B0Cf2831Da2172B4839Ffb56816-1767815908650
2026-05-06 06:08:30,day,finance,31,0x3b00d13e8890edd3dc447c0ee51c4ce9bc86d78b,475.83210202999953,0.0,Hocz54
2026-05-06 06:08:30,day,finance,32,0x8069c9ea9f5b0eed49ab51a27443d1060b73b7d4,472.58966715600036,0.0,applelover101
2026-05-06 06:08:30,day,finance,33,0xe917ff331e805261dbc903d39965a6b64ccd9612,464.3428916510002,6125.761316,SteveTheFish
2026-05-06 06:08:30,day,finance,34,0x7277ac5c4c24771d8ed0bcd75816e93800b1ab80,452.4423193230177,0.0,Xuxito
2026-05-06 06:08:30,day,finance,35,0x41816fc1ebdfeb33f6356f2655ab499253b3de86,451.26337012000295,0.0,BobInvestments
2026-05-06 06:08:30,day,finance,36,0x943ceb686511fe7aaca6a863b00493e088da1d17,450.5664523549999,0.0,DaMonkeyHope
2026-05-06 06:08:30,day,finance,37,0xeadf5963682dd237184f484da138ce74bfec26ef,442.68465329599985,0.0,0xEaDF5963682Dd237184F484DA138ce74bFeC26eF-1768801372213
2026-05-06 06:08:30,day,finance,38,0x3a8aa345d5db7ec5138298c8c4f4540259be7699,435.41131129699994,0.0,TheReturnOfDarthMaul
2026-05-06 06:08:30,day,finance,39,0xc5535e6419e52074dc13dd2a23d10f3c501e07f3,432.99921499000004,0.0,0xc5535E6419e52074dc13Dd2a23D10f3C501e07f3-1776917647437
2026-05-06 06:08:30,day,finance,40,0xabbeb2bdd30ba5c51cb14168b068103961648f37,431.08581167600096,0.0,mamai
2026-05-06 06:08:30,day,finance,41,0x27213ee3781c0f432680a778ae3f275d0b73325b,410.63909749096456,102.0,165198989
2026-05-06 06:08:30,day,finance,42,0xe1b361d6a6f237b9ed7534d19b232df8369e1426,407.7538301304994,0.0,tja
2026-05-06 06:08:30,day,finance,43,0x25db6ca5935ae858a5c1f2dcd5c62939805328de,401.5979166000003,0.0,0x25db6cA5935ae858A5c1F2dCD5c62939805328dE-1770665598557
2026-05-06 06:08:30,day,finance,44,0xa8b37cec5fa0b1b8cc3363e4f10a21a4049e4484,380.1655893353112,2536.3138710000003,pechenka2311
2026-05-06 06:08:30,day,finance,45,0x0ee43574468bbffe8b1cca1c5236ef712452276f,379.65966514800084,0.0,Syrianbutterfly
2026-05-06 06:08:30,day,finance,46,0x40604cb1f958c03bea0b18aa43e4cb0d62f33ec3,357.61092040499443,207.94,C03B
2026-05-06 06:08:30,day,finance,47,0x1e82e3eb816aaf755ac9b44bc9d98f01b08aaf92,354.1992347553787,10533.793332000001,0x1E82E3Eb816aAf755AC9b44BC9d98F01b08AAF92-1772042958755
2026-05-06 06:08:30,day,finance,48,0xcb894d56b6ed7f458e8534636a086b65e915a2e8,352.49963342000046,0.0,justme003
2026-05-06 06:08:30,day,finance,49,0x27abdfc9393c72a6330a3be987da4b46c726e521,337.1539880855853,16097.4,pd.unique
2026-05-06 06:08:30,day,finance,50,0xfd88805b5206417d66127ffd96679e22c0794037,331.4705306220003,200.0,PolCsf
2026-05-06 06:08:30,day,finance,51,0x72952c9e5522a5da03b4a7f99d1b48642052a044,328.6602378755001,0.0,Gekk0
2026-05-06 06:08:30,day,finance,52,0x5f45b60c29d6e4d55c0bfd8ddd39ad45c5e0a77a,322.19078095500026,0.0,0x5F45b60C29d6e4D55c0bFd8dDD39ad45C5e0a77A-1761473032186
2026-05-06 06:08:30,day,finance,53,0xa11757938dc4dba5f7d00cbc4b8257f66052a311,321.8232288559998,0.0,BurningTime
2026-05-06 06:08:30,day,finance,54,0x94a428cfa4f84b264e01f70d93d02bc96cb36356,306.8143292880268,0.0,GCottrell93
2026-05-06 06:08:30,day,finance,55,0xa74581ebc457ca0ac679e6cb8851edc40c928ca6,300.43639999999914,0.0,Lolololol
2026-05-06 06:08:30,day,finance,56,0x264cbb7263b0c336c58fb5a5de1773896e6bbaca,292.59868794575596,8399.078394,sdhyky
2026-05-06 06:08:30,day,finance,57,0x1d5f88f1b97317cccad804374e5bd847512e634d,291.55300432549984,0.0,firegold
2026-05-06 06:08:30,day,finance,58,0x7a6192ea6815d3177e978dd3f8c38be5f575af24,288.98890681299963,0.0,Gambler1968
2026-05-06 06:08:30,day,finance,59,0x47e899c2adc19f683127f2c5fab6fd9f8103faea,286.3914507440005,0.0,superforecastor
2026-05-06 06:08:30,day,finance,60,0x45b2cb2ae97f7dd81aa20058337a7a8b29b4cbc1,264.9330136749993,0.0,mocamoca
2026-05-06 06:08:30,day,finance,61,0x42d1e0daa3c83748cb1661bfcd9d3033278214aa,262.8173564635697,393.25324499999994,0x42D1e0daa3c83748CB1661bFcd9D3033278214aA-1760696201963
2026-05-06 06:08:30,day,finance,62,0xd26935092ce94d6393540974ce734ad798c96b9a,257.48191790000055,0.0,0xd26935092ce94d6393540974ce734ad798c96b9a
2026-05-06 06:08:30,day,finance,63,0x6138b966436f811bc0e3f0d35f1fb14b869b97a0,255.5913321474991,0.0,tradexplorer
2026-05-06 06:08:30,day,finance,64,0xdbf16bcffa41bd95faec2640daa2c95ab2bd86b5,253.5148954449985,0.0,UnderperformingForALiving
2026-05-06 06:08:30,day,finance,65,0x0e7fa09bf44514693b5ecc2420c50abc39b62015,253.15879414695019,2390.0,NoLoyaltyToTheBosses
2026-05-06 06:08:30,day,finance,66,0x9d84ce0306f8551e02efef1680475fc0f1dc1344,252.37205870244725,0.0,ImJustKen
2026-05-06 06:08:30,day,finance,67,0x94118afebda1d20c056fabcb0f530890807563c7,250.0,0.0,not-gOaTbAnKeR
2026-05-06 06:08:30,day,finance,68,0xdac56442dacdaa0a170de01c09750319059cae24,248.72827936000203,3116.4799999999996,VNINVESTOR
2026-05-06 06:08:30,day,finance,69,0x1abff27d1fec608b3f9866ada3b254df64a86024,241.89506700000038,0.0,carlitosway123
2026-05-06 06:08:30,day,finance,70,0xf3505345381358c2311ef9bc8096ace10165f3ff,237.52222236394664,125.40625,BettingQuant
2026-05-06 06:08:30,day,finance,71,0xf348854cbfc07952b301b61236588530b2ac968e,234.38891221200038,0.0,0xf348854cbfC07952B301B61236588530B2aC968e-1769174247965
2026-05-06 06:08:30,day,finance,72,0xd14aa86fa6cac2e09edd9944f5c0c0d48634a8ad,234.35725503299955,1000.0,l3t0
2026-05-06 06:08:30,day,finance,73,0xfc4e83702f6b04ffd1a92792c7d9791464c4818a,234.10400000000118,0.0,CREEDDDDD
2026-05-06 06:08:30,day,finance,74,0xdefebc7ed6f5d6e8710398f37eea6fc1746a17f4,232.4647746663686,10586.31933,e25247f2da2a2462f03c936c379b7ab0
2026-05-06 06:08:30,day,finance,75,0xc0a1298e2d6ba216efb554865369152da9c5a33b,231.82017043999986,0.0,EddyAncogld
2026-05-06 06:08:30,day,finance,76,0x7f7b87578fb5625d0ef3d5521ffb3abb7b9568f3,228.26373037000073,2711.63,msrcap
2026-05-06 06:08:30,day,finance,77,0x048215305cbcf7cc790735bf00119551d75c6b0a,226.82530250549098,873.574094,dumbfuqLIQUIDITYprovider
2026-05-06 06:08:30,day,finance,78,0x8a4c788f043023b8b28a762216d037e9f148532b,225.11002097500023,0.0,theo5
2026-05-06 06:08:30,day,finance,79,0xe222c5a5d56301551b3713c145a4c76e740db4cb,224.04567773800045,0.0,0xe222C5A5D56301551B3713c145a4c76E740DB4cB-1762089784581
2026-05-06 06:08:30,day,finance,80,0x4f23a0976493be385412ce9a6b93841ee2c090db,223.25810523100154,0.0,Hiworld.
2026-05-06 06:08:30,day,finance,81,0xd49b42bce7ea10bac53e2901c188cae20ea4bdf9,214.2410205755616,28977.367697,i18z
2026-05-06 06:08:30,day,finance,82,0xa49b6ea0a604c581f2a9569db42c192b1c487054,212.5043758385218,0.0,387411007415611814092217897387
2026-05-06 06:08:30,day,finance,83,0xe7ef910e098cd034ad3ec3b54259b3a28d60b402,208.07102111600398,0.0,Sylvertrades
2026-05-06 06:08:30,day,finance,84,0x7a388e45fa9d76c42cbb7ab89fed0d3a2fefd6ab,207.5627774748209,5199.986903999999,Larix1
2026-05-06 06:08:30,day,finance,85,0xeaa569032f3b8f97ae4aca3567d293ff45c67ac4,205.84998448500005,0.0,gammatrap
2026-05-06 06:08:30,day,finance,86,0xa58d4f278d7953cd38eeb929f7e242bfc7c0b9b8,204.5813722328012,2779.2099999999996,AiBird
2026-05-06 06:08:30,day,finance,87,0xaa85403962d2cf63e06c124cefc1e5fa21b24d17,203.3710017899998,0.0,epsilonbonds
2026-05-06 06:08:30,day,finance,88,0xae234bfddf7eee7c687a25c425532838eaee142e,202.52137909199882,0.0,0xbandit
2026-05-06 06:08:30,day,finance,89,0xaa98a97f71cbe19348798775b23696c9baa290bb,201.57335894799917,6972.639999999999,Hexagon555
2026-05-06 06:08:30,day,finance,90,0xefb3247a575c3e78304ec106ddafefefa5b702bf,200.0,0.0,MossadAgent99
2026-05-06 06:08:30,day,finance,91,0x1cdd071bb612de6d66d0c882b676c663697de595,198.25069821237093,1055.6845299999998,Lavincey
2026-05-06 06:08:30,day,finance,92,0x4a2be7a7e6e3b41dc2de00706b4c09660ca9af20,198.01569892499901,0.0,troim
2026-05-06 06:08:30,day,finance,93,0x76f5fc7dde9c1ded1f79039db4707e0e9466f507,195.8653810095875,14722.921870000002,vedaresearch4
2026-05-06 06:08:30,day,finance,94,0x7368675d907a8dd84b7fe53f86bfbe76e04b8b3b,194.8184000000001,23.3,CREEED
2026-05-06 06:08:30,day,finance,95,0xb47adfafc08e77ec77b03a6d1496066675ae6d60,187.23129900800086,0.0,0xfree-money
2026-05-06 06:08:30,day,finance,96,0x62e8a3fe83ec46e7439f6ebc0b99e1e6c56ac7f6,182.36351620049845,0.0,Dankwizart420
2026-05-06 06:08:30,day,finance,97,0xa0dd0519b051ee920637e26147b7676fed591b9b,182.12423529499938,0.0,torvikbukt
2026-05-06 06:08:30,day,finance,98,0x7650e94d9c2decc455d7e2b9f8af0c0aa319fac1,177.47731815399993,0.0,JT716
2026-05-06 06:08:30,day,finance,99,0x6a9a781b9c2790785842251918dc030ff495c308,174.54251429999977,0.0,0x6A9a781B9c2790785842251918DC030ff495C308-1769186703674
2026-05-06 06:08:30,day,finance,100,0x36901eb0f21519cc9055662a6d2483e96da1e16f,174.00047615659787,3006.626693,melchior1248
2026-05-06 06:08:30,day,culture,1,0xada2005600dec949baf300f4c6120000bdb6eaab,69630.5896227123,0.0,0xada2005600dec949baf300f4c6120000bdb6eaab
2026-05-06 06:08:30,day,culture,2,0xa7ce6905990451685b70082424ac9129418d6398,5225.181927745987,0.0,someone2026
2026-05-06 06:08:30,day,culture,3,0xdaef2be2a19ad331737d06545f85615b094554e9,3332.868912958158,1311.99,UCF-BIGGEST-FAN
2026-05-06 06:08:30,day,culture,4,0xb94c970ff6d7541773b6a1ec4181579f1c1cb5b5,3250.5636476988802,25852.44,T.hanks
2026-05-06 06:08:30,day,culture,5,0x7f42267ac46ce8c160830b3052d93bba2cf236ff,3229.37659,0.0,waterwaterwater
2026-05-06 06:08:30,day,culture,6,0x9574537d031ac68f2fefd4780e930d448a860089,2286.101399999985,0.0,0x9574537D031aC68F2FeFd4780e930d448a860089-1776565971121
2026-05-06 06:08:30,day,culture,7,0xe3726a1b9c6ba2f06585d1c9e01d00afaedaeb38,1650.4235340723171,2015.6299999999999,cry.eth2
2026-05-06 06:08:30,day,culture,8,0x006cc834cc092684f1b56626e23bedb3835c16ea,1404.141319999988,63999.99999999999,0x006cc834Cc092684F1B56626E23BEdB3835c16ea-1729683673397
2026-05-06 06:08:30,day,culture,9,0xb1fea225cd6d19c4df7b9126855d0992dd552b70,1372.5886900000041,0.0,zubizubizu
2026-05-06 06:08:30,day,culture,10,0xc7a968ac87984729453ba1776d9567f2c8144081,959.0741970349991,2200.0,Rehman010
2026-05-06 06:08:30,day,culture,11,0x13414a77a4be48988851c73dfd824d0168e70853,835.3117932830057,0.0,NRASCHATTER
2026-05-06 06:08:30,day,culture,12,0xfaf98181c44636998a194aa7660bcae1b977f4c4,824.5247244428357,13207.832991,onekey02
2026-05-06 06:08:30,day,culture,13,0x206191d01c411a5b346d11a2df2d463a356b8ec9,725.8493656071223,121583.544723,rebotsliaf
2026-05-06 06:08:30,day,culture,14,0xe74995389bfc1c24ca656e6c2502c1fca757f771,682.9021399999965,0.0,allenzzz
2026-05-06 06:08:30,day,culture,15,0x0e00f03576f4ec641245c5563c1eee22202b1e3f,600.0187443359973,0.0,oneandonlyhere
2026-05-06 06:08:30,day,culture,16,0x75003de792a09a4d0345913baf9c63d08faa567f,550.1179546981311,5685.00065,0x75003de792a09a4D0345913BaF9C63d08Faa567f-1763836802268
2026-05-06 06:08:30,day,culture,17,0x93511d72d294f1478739bc38f578bf0306fd9e4d,513.4517273099916,0.0,Dafu0715
2026-05-06 06:08:30,day,culture,18,0xd576b9ee74c58fcb913675fd9c1d14c85312d5e3,496.09999999999854,0.0,inrock30
2026-05-06 06:08:30,day,culture,19,0x87650b9f63563f7c456d9bbcceee5f9faf06ed81,476.89485129750074,0.0,2B9S
2026-05-06 06:08:30,day,culture,20,0x7523cafcee7bcf2db9a79d80e0d79b88a9a54c4c,455.4178213089908,0.0,DonaldinhoTrumpito
2026-05-06 06:08:30,day,culture,21,0xf8ccb567e89c3240359217ebd0b5b5fe7fce5a82,440.0,0.0,DapperChapper
2026-05-06 06:08:30,day,culture,22,0x05e2f520faf6e7b9e8a6f34f723ceb5eea3dea88,424.9345431500042,0.0,cledisidiot
2026-05-06 06:08:30,day,culture,23,0x77c812f7735ad07e3ce58fd466a0e1b4346bbc8c,409.9626477799611,25864.140646,dudukos
2026-05-06 06:08:30,day,culture,24,0xa660e6044a2466b83fd47677aee5150f0ce92b9d,335.80943665499944,0.0,truther128
2026-05-06 06:08:30,day,culture,25,0x562bc8068347268d9a69b8dd464d00eed0f9dc09,330.95374521999474,290.07,SweetChariot
2026-05-06 06:08:30,day,culture,26,0xae7c98235d5dc797edfa3d3af2e0334238a4487e,308.07033729271643,3851.498758,ProfitMuhammedPBUH
2026-05-06 06:08:30,day,culture,27,0x36901eb0f21519cc9055662a6d2483e96da1e16f,267.2974635937062,1695.958242,melchior1248
2026-05-06 06:08:30,day,culture,28,0xa66790e2b0075e73c3781ddaf1d0b875a3aaceb3,261.62241171349683,0.0,Elias.Thornwell
2026-05-06 06:08:30,day,culture,29,0x8007ad03470539b924f93d3d263981c39d05a8f4,250.23544103330642,3999.9306770000007,OstapP
2026-05-06 06:08:30,day,culture,30,0xb1ca909e848cc24ec4e220ce1c453bc290c51705,243.09094699781417,2913.17,NonceChaser
2026-05-06 06:08:30,day,culture,31,0x25b23e01a7d90e25871d1098841f25e856943b9e,238.5993476015999,1284.4197410000002,winnerPro8
2026-05-06 06:08:30,day,culture,32,0x8575467a6743c81ef0a8d06acc76e99b454a87fe,227.6858305114656,1404.1407829999998,products
2026-05-06 06:08:30,day,culture,33,0x6996ae50436e2e72ab1777df915b40ad0bb6408d,223.71391999999923,0.0,BENFICAA
2026-05-06 06:08:30,day,culture,34,0x3e5b23e9f71b2a2edcd5629d3f948f12f591073b,221.0374343559988,120.0,beenraping
2026-05-06 06:08:30,day,culture,35,0xa45cdb0a5ba4629b5c7860dc3f310978a4dd1d10,217.65858131400455,0.0,lockg
2026-05-06 06:08:30,day,culture,36,0xc4d5a24a240ec9f52669e3251e0473fd0c5687cf,212.85390726831974,74086.79261599999,bipbipbop
2026-05-06 06:08:30,day,culture,37,0x52e3ddefd4d851adf4c181bfe496dd99d66782d2,204.9175610100001,0.0,0x52e3dDefd4D851aDF4c181bFe496dD99d66782D2-1774177146439
2026-05-06 06:08:30,day,culture,38,0x79a8bd8353736962d5031a489451781317701bef,200.00002633000025,0.0,akbhaimau
2026-05-06 06:08:30,day,culture,39,0x5f56a9a1ac5cb8793024d196e5ec2cacfd9d348a,194.9758671366376,415.3,echotrader
2026-05-06 06:08:30,day,culture,40,0xdd5cc0a31573fc60a279577b80f00f27a32f0c2a,190.4286971399997,0.0,twe2nty
2026-05-06 06:08:30,day,culture,41,0x12479e9a4f1db75021b8113eaa9636e852279ce9,183.85505363000271,0.0,Krejza68
2026-05-06 06:08:30,day,culture,42,0xcb14f61711d913773f4b982af340fa7eae175358,182.35117673595778,183.422665,ooops
2026-05-06 06:08:30,day,culture,43,0xa61ef8773ec2e821962306ca87d4b57e39ff0abd,180.0012783946404,39451.181938,risk-manager
2026-05-06 06:08:30,day,culture,44,0xaec6eedd2455963a3baabe3a7815a0f5c74733f2,178.44332127500002,0.0,KY321
2026-05-06 06:08:30,day,culture,45,0x00c855ee05497e5a8b53e47f7437033d1b37e4c8,175.55999999999995,0.0,AmandaDavis4687
2026-05-06 06:08:30,day,culture,46,0xa6d9d375f8eab5f4dd3fcc2b597ca68b7be168a3,169.34788417799973,0.0,DGX123
2026-05-06 06:08:30,day,culture,47,0xa8fac068d32639c40188563c83c206b320e57dda,167.40088140698936,0.0,0xA8fAC068d32639c40188563C83c206b320E57Dda-1773425391498
2026-05-06 06:08:30,day,culture,48,0xe904443b4084bbda216e344353a44cd4324a2d9f,166.91958631999296,1263.93,shovelingdigging
2026-05-06 06:08:30,day,culture,49,0x33d41dc0a5e652c60d177fc33fae4b655883c167,159.6973310731246,1499.9999970000001,sunqibin
2026-05-06 06:08:30,day,culture,50,0xe02146e4f1182e2382e4dc05981cc15dbfda10e8,158.66081700499944,0.0,0xe02146e4f1182e2382e4dc05981cc15dbfda10e8
2026-05-06 06:08:30,day,culture,51,0x3eae57986be5e0ca435102ffe1f14206ffa2e2ed,155.85050000000047,0.0,thoodr
2026-05-06 06:08:30,day,culture,52,0xda2acc9e466aadeba3d3ead64c6393e75a9a7e17,152.91440000000148,0.0,wlooo
2026-05-06 06:08:30,day,culture,53,0x1740369c1f8b9df534cf1e3ffbef55dadbd8d7c0,151.01590618407863,5899.940134,ty88
2026-05-06 06:08:30,day,culture,54,0x6bdbbbf6b7a21c1bb1e83d5ba4c01ac1c4b64496,140.28409758832527,66.666665,0x6bDbBbf6b7A21c1bb1e83d5ba4c01ac1C4b64496-1771839100479
2026-05-06 06:08:30,day,culture,55,0x0976f559790454ea7bd42f8c31cd6bc814fb8f4e,139.58993517000016,0.0,miqiw
2026-05-06 06:08:30,day,culture,56,0x9df3f29010f74ac061f65c5e463a889ada7dddfc,132.17675804071155,1850.5586369999999,Frontiersman
2026-05-06 06:08:30,day,culture,57,0x0619dafd91786867631d0546917aa35c244ed801,130.69409880000148,764.92,Kinganibus
2026-05-06 06:08:30,day,culture,58,0xedc81b0fafe946a60edbf91f11e2f28365aaa743,128.9766322935193,3968.218381,James.N
2026-05-06 06:08:30,day,culture,59,0xdf5c03d17f3da1042215ab9d0e8e86f7aad1bf77,127.25003335000008,0.0,HBCM
2026-05-06 06:08:30,day,culture,60,0x2b9dd0a3ae93bf0d08ef733650bb9002160574f5,124.50174494999919,0.0,grinder456
2026-05-06 06:08:30,day,culture,61,0x08005e9dc4d8b989465b3a4d8a7a82564e63ceb0,124.02103464748474,2051.170621,ZHWHngguCU8w54QN
2026-05-06 06:08:30,day,culture,62,0x166dc6e1bf695c5ce5a7629c29a18385f555e540,114.34511404800105,0.0,Snazzyswizzle
2026-05-06 06:08:30,day,culture,63,0x3cf87457302dd86d7ad32475dbe701c80225843a,114.28574471600041,0.0,SendLin
2026-05-06 06:08:30,day,culture,64,0x606fbabd720bb76a39f89ffc7a529eea8fab1b2d,113.15581025099891,0.0,voramind
2026-05-06 06:08:30,day,culture,65,0xfcf2378f20cf408d077c21e731272f21cccea469,110.0000143219986,0.0,Roflan-ludoman
2026-05-06 06:08:30,day,culture,66,0x10fa4a451915c1f76f24b147b901536083a2a4bd,110.0,0.0,EmbraceChaos
2026-05-06 06:08:30,day,culture,66,0xc23dc0eca9e1c2e293de8911b9ac254f0bcd82c8,110.0,0.0,ZaiZoiBele
2026-05-06 06:08:30,day,culture,68,0xfb745c232f22c2bb9d2b66a1750c07a738601513,109.09413632140945,4049.7039680000003,timemachinee
2026-05-06 06:08:30,day,culture,69,0xfbfd14dd4bb607373119de95f1d4b21c3b6c0029,104.58363145999965,5000.0,XAE12Archangel
2026-05-06 06:08:30,day,culture,70,0x4fbe4a8f4c1d3077c8961aa379a85ee49740b0fe,103.36787999999976,0.0,SCbet
2026-05-06 06:08:30,day,culture,71,0x0eee1b21001ca9af6e5ab8a7321fc2ee46dd4c52,101.98687542331027,20366.165551,-0-
2026-05-06 06:08:30,day,culture,72,0x954d15e2ca1e2421e6d996107b6476a6c68ecd39,101.25763562999964,0.0,0x954D15E2ca1E2421e6D996107B6476A6c68ECD39-1774574096397
2026-05-06 06:08:30,day,culture,73,0x128cd861e622eb5951c55b730ec60115a46bad12,99.33657984260208,885.89,zhangyu1377
2026-05-06 06:08:30,day,culture,74,0x2557978ef33474b18be2e9d678697f525838dd37,99.19385681700078,0.0,cnerwuiva
2026-05-06 06:08:30,day,culture,75,0x731c34cd5ea5a7ba7c8101b9978724cbb57a637d,99.10058227000002,0.0,RiskyyLemon
2026-05-06 06:08:30,day,culture,76,0xdbf99963ba3e62c65a6870d0887d6f776e03b9cc,97.63827000000015,2000.0,ElonSleep
2026-05-06 06:08:30,day,culture,77,0x6b44cdccdc280e6d0be71782f0772a6bf4b2be1e,96.54021860749981,0.0,nufonehudis67
2026-05-06 06:08:30,day,culture,78,0xca6e9879b0a83eb471f974e159f2483c08b546f2,93.30753303525853,66600.52643999999,sb911
2026-05-06 06:08:30,day,culture,79,0x72331957933c31bf27b0c506fce855cb055af0ea,91.28700000000003,0.0,JeffreyCalhoun1112
2026-05-06 06:08:30,day,culture,80,0x090cc05526b83c6d660739fa181c5235e0993c25,90.91999999999996,0.0,DonaldMay8770
2026-05-06 06:08:30,day,culture,81,0xd75ca9b7fb5ca39b79cd943bad530383c7ce69b6,90.54828384000007,0.0,koovvinn
2026-05-06 06:08:30,day,culture,82,0x620ed8de95d8f7ef6919e9ee1d84abacb2d12742,90.0,0.0,steamrolling
2026-05-06 06:08:30,day,culture,83,0x2bc7e939bf48259488c991b095977d1f3beee411,89.98237257847359,59.992628999999994,jtradegbr
2026-05-06 06:08:30,day,culture,84,0x7ee93532cc731fc911a238741eb72151e15d7d37,89.89468307300004,0.0,0x7ee93532cc731Fc911a238741Eb72151E15D7d37-1777907419395
2026-05-06 06:08:30,day,culture,85,0x10ea03416347e8a9c0d8c1457f288181900902ed,89.57001640455883,1658.0820370000001,0x10ea03416347e8a9c0d8c1457f288181900902ed
2026-05-06 06:08:30,day,culture,86,0xf7a9208339d5e13d6cdad107588e2f964003fee3,88.44950000000017,0.0,MaryGarcia6799
2026-05-06 06:08:30,day,culture,87,0xbca17b0d255c88c972d859a76676e43432de7181,88.0,0.0,smartttt
2026-05-06 06:08:30,day,culture,88,0x3f3bfc6d754e416699793901ffb12ddeee9f1d77,87.9898273200015,15.87,eNakeVets
2026-05-06 06:08:30,day,culture,89,0xfffadf38a520cd5a0035ff52d7fceb436a08864b,86.96317593550884,33.333332,GoriIIa
2026-05-06 06:08:30,day,culture,90,0x1e1aed3928a9617e7c7ae674c4fa7aebbd9d7690,86.94044895294064,7839.5199999999995,Bitgod
2026-05-06 06:08:30,day,culture,91,0x8365a0c9908dca494abaf0b90584162b474ce9a6,85.69795999999906,0.0,Retired-Davis
2026-05-06 06:08:30,day,culture,92,0x5c3f8cd3939b1056d24b78d1974e81087eac4590,85.565104249408,537.4673319999999,chillmar
2026-05-06 06:08:30,day,culture,93,0x0857e2a0218705e009084c0a48a871bf059a063e,85.19761925999978,1263.973539,moolierw
2026-05-06 06:08:30,day,culture,94,0xe53afd15c95ab1f520ffd5571332579c924b62fb,84.85434274829987,1613.08556,eivindx53
2026-05-06 06:08:30,day,culture,95,0x732f92a77d0d7d9f3a2bca0ed6b5dd5b52b3201e,84.74137509197715,1623.0,Mr-Ferrari
2026-05-06 06:08:30,day,culture,96,0x35377795d164116750f1f0175c013f82cc3d56ea,83.99974577400008,0.0,javarisjavarjavarisonlamar
2026-05-06 06:08:30,day,culture,97,0x66c1cc4f994ee99a2f5977a2e071cbfd65852c72,83.92534539750022,1087.37,Friday
2026-05-06 06:08:30,day,culture,98,0xc30c0116e9a5c17f1c03240a0b02a819fe646509,82.49999999999909,0.0,Slowroasted
2026-05-06 06:08:30,day,culture,99,0x87fd780c51dce2b68a12c7947fc6d8b3aefe66bc,82.18000000000018,0.0,freefilm
2026-05-06 06:08:30,day,culture,100,0xa67685fa5213fd8167977bfb7b3f50c06d511c22,80.5,0.0,0x8712
2026-05-06 06:08:30,day,mentions,1,0x3574aa67e0027d389f4d12d5324c568cbd130f66,171.21624999999995,0.0,0x3574...D130F6
2026-05-06 06:08:30,day,mentions,2,0x299cb40195d270438f8950902f242d796457d85e,103.93208445699952,112.69,polopilo
2026-05-06 06:08:30,day,mentions,3,0x37a10c9fe980c79fa2dd6a8efa9b3c6bf83db0c8,82.86711625500061,0.0,panzerdragoon
2026-05-06 06:08:30,day,mentions,4,0x66c1a6fe836ff555ca32848646acedbbe93bfa3f,77.30504700490565,0.0,Barkbishop
2026-05-06 06:08:30,day,mentions,5,0x4f2b6c9eb5ff44f3537ceeb91f5f98cc96c156c9,71.44476611999998,1373.61,guoguoa
2026-05-06 06:08:30,day,mentions,6,0x92a6294cd55b9c6ccd57efaffc365ad943118b84,63.90323999999964,0.0,Trustinghorse
2026-05-06 06:08:30,day,mentions,7,0xc8ab97a9089a9ff7e6ef0688e6e591a066946418,59.82104983899853,35.294116,ArmageddonRewardsBilly
2026-05-06 06:08:30,day,mentions,8,0x83c56c56bc67c0b99b38abd1c0a3c1aca7a7e193,42.38989971999763,0.0,5tghfh67fghf
2026-05-06 06:08:30,day,mentions,9,0xc9751b5f25e1ecd88ec4630d19422b58d0562c68,36.74993024099945,2054.02,NeoSay10
2026-05-06 06:08:30,day,mentions,10,0x50396e4d9d11d38b0dcfd75280101a315f50946d,30.988469910002095,0.0,Barboncino
2026-05-06 06:08:30,day,mentions,11,0x2bef44404864a098ac054e024adf50738ebb8108,26.507622862000005,0.0,killshot
2026-05-06 06:08:30,day,mentions,12,0x7689ac055cd8597f2d9fb1a559cfd46f6aaadbe4,25.382285297808895,3100.072793,salchipapas
2026-05-06 06:08:30,day,mentions,13,0x18258793b36e52903a15e4b059f10f2430e6a678,24.05750000000002,0.0,0x18258793b36E52903A15e4B059f10F2430e6a678-1772083426090
2026-05-06 06:08:30,day,mentions,14,0x62d65b7daf6ef4c96b1e184baebbe5783a9254e8,24.0,0.0,WynnTakesL
2026-05-06 06:08:30,day,mentions,15,0xf08c827f8bccc70f51686be5538611fa696a91e9,22.575735000000122,0.0,Tourte-chaude
2026-05-06 06:08:30,day,mentions,16,0xe65b960189de07d620f6075be6249eb8b156271b,22.450000000000045,0.0,WallStreetGamer
2026-05-06 06:08:30,day,mentions,17,0xc19b9228fc202da90be28cc4b807f265849b7baa,18.729216000000008,0.0,0xC19b9228Fc202Da90be28cC4B807F265849b7baa-1771890267542
2026-05-06 06:08:30,day,mentions,18,0x66ca7fee3d820d801c319a7aede56a9d53c08078,18.009906419999425,17711.63,looppau
2026-05-06 06:08:30,day,mentions,19,0x3eccb67e467ab5cade77e17fe8b407450d691d30,16.997340010000016,231.595742,EmeraldEdge
2026-05-06 06:08:30,day,mentions,20,0x9e8ecc4cb3c4e48f544cba2fbbb252a6a65e8db8,16.549273831136816,0.0,DREAMBIG.
2026-05-06 06:08:30,day,mentions,21,0x053f95d7ac88e48b06f609a41f561b5ec4822c20,15.805994999999989,0.0,mwalde
2026-05-06 06:08:30,day,mentions,22,0x3314241c37a296e9aece7e7dfb5898652b4aa8c7,15.553510364999966,0.0,0x3314241c37A296e9AeCe7E7DFB5898652b4aa8c7-1767968276778
2026-05-06 06:08:30,day,mentions,23,0xf648cf9666812d2c93c966a95c8a268b7cd88232,15.314864325300107,162.3336,0xf648CF9666812D2C93C966A95C8a268b7cd88232-1766183645271
2026-05-06 06:08:30,day,mentions,24,0x705d3110b0b4d33fba025f6b36adb2d35c2bf3a9,14.525019260000136,122.837196,HugeSilver
2026-05-06 06:08:30,day,mentions,25,0xbae50178b9b59459b718658fa4e1f57a95a245e3,12.335360790000038,0.0,willalways
2026-05-06 06:08:30,day,mentions,26,0xd850eee235ec87b06d675af9901acc13eec8e26c,12.29904999999999,0.0,0xd850eee235ec87b06d675af9901acc13eec8e26c
2026-05-06 06:08:30,day,mentions,27,0x540a372a428c1556fd140d6f4e2e9ba4094e64c9,12.000000000000114,0.0,antwerpen
2026-05-06 06:08:30,day,mentions,28,0x57a596d11db530b013691e90554ac93121285097,10.856418844999979,0.0,0x57a596d11db530b013691e90554ac93121285097
2026-05-06 06:08:30,day,mentions,29,0x047208474fa7637edb4885d95c3db802321bc62f,10.845618300000007,1.81,KevinMatte9
2026-05-06 06:08:30,day,mentions,30,0x4d52c03eebf050e6de2ba779443d8c67c600f88a,9.899820000000005,0.0,hansaplast
2026-05-06 06:08:30,day,mentions,31,0x938e4cb1ee24d52a064e976563b15cd2fb42d242,9.701012380000037,435.17999999999995,Go-ahead
2026-05-06 06:08:30,day,mentions,32,0x726c6e3d5cdb1a8a97b38c0e2d88448b19d66bfd,9.624564999999961,53.85,di4
2026-05-06 06:08:30,day,mentions,33,0xabc69e3b05c3025deb22e866ccc4a06aa3553a33,9.367180000000001,0.0,bgg789
2026-05-06 06:08:30,day,mentions,34,0xb9c1ea9b9ae211e384e7128255e8387edb380791,9.238727129999006,0.0,Georgeamus1
2026-05-06 06:08:30,day,mentions,35,0x87f4b922a7a994599213f925a78884f657e149e7,9.077053195000019,0.0,Stol
2026-05-06 06:08:30,day,mentions,36,0xee6bbbd5386cbce29cfe60b601ee8eb1e6b8e9d8,9.070492324999986,0.0,Typeracer
2026-05-06 06:08:30,day,mentions,37,0x89e0552b897baa5486a45ff257a39858a79a9412,9.039000000000016,0.0,Ross1212
2026-05-06 06:08:30,day,mentions,38,0xa58d4f278d7953cd38eeb929f7e242bfc7c0b9b8,8.435211279999749,0.0,AiBird
2026-05-06 06:08:30,day,mentions,39,0xb37f3f453a78aebc6f39bf577f2d53708dadfdcf,8.213092235499744,0.0,Wwx
2026-05-06 06:08:30,day,mentions,40,0x2b62353ac4d960105acef2a265928ffcdb77438c,8.068736700000002,59.76842,TheOne777
2026-05-06 06:08:30,day,mentions,41,0x355e5ae20cc1a3a2164f818e4bac8d22dd72a038,8.000478174983073,110.02,Olcan
2026-05-06 06:08:30,day,mentions,42,0xa3e22cd32aa9238ef7dbcfb4761e33b9eaa1fdf8,7.749826455008588,0.0,pootytherewardfarmer
2026-05-06 06:08:30,day,mentions,43,0xc13bcbbdbad135c3a325771f0d49336b099ef908,7.367100000000008,0.0,volaris
2026-05-06 06:08:30,day,mentions,44,0x08a6ec01bf60bfacbde86ee1e61ff2e0d566f1bb,7.333700000000135,0.0,0x08A6eC01bF60bfaCbde86ee1e61FF2E0D566F1BB-1765049014005
2026-05-06 06:08:30,day,mentions,45,0xa5e3044fd953605f9407d58c76e48fd75a394d7e,7.192674484998406,6.94,peepeepooppoop
2026-05-06 06:08:30,day,mentions,46,0xe35dfe51d8288ea409ea18a139f188a83b33f5d5,7.170055979996505,816.56,chocolate123
2026-05-06 06:08:30,day,mentions,47,0xaacce94029369796560ee14ff12d899508b5c480,6.763382103150036,650.450493,0xAaccE94029369796560Ee14Ff12d899508b5c480-1772042151763
2026-05-06 06:08:30,day,mentions,48,0x768a663f18532874ab04b974f75d7570c2424f50,6.591448328650088,98.40847,datasurfer
2026-05-06 06:08:30,day,mentions,49,0x9f300e1b1b086290fa04c4c8f40cb6a10e95bb5a,6.584673573500012,110.3,gettingdrained
2026-05-06 06:08:30,day,mentions,50,0x402dc6ccf16c62d81172229590d3f903b2fa3dc6,6.418556449999997,0.0,Ilostmywife
2026-05-06 06:08:30,day,mentions,51,0x52bee11ad91a1a48abc851d4e4dea36e7102d46e,6.039674080000168,5793.5700000000015,d-flow
2026-05-06 06:08:30,day,mentions,52,0x79bfe69e715f54fca27308e6044e4f0c157cbcdf,6.006959999999964,0.0,0xadCE2F57E154168887d9C4267Eeb320Aa37FAF2
2026-05-06 06:08:30,day,mentions,53,0xa056b167dc5cd36864995676fa43463770b00f70,5.948050000000006,0.0,dwas22
2026-05-06 06:08:30,day,mentions,54,0x2a6b3729d70922dca68924a1bce71eeb59034e3e,5.689003395499981,1481.730699,droopyal
2026-05-06 06:08:30,day,mentions,55,0xeb747705bbd51b84a7f9018f69e0be82ec872f5a,5.653663250655882,212.021788,Tugaxe
2026-05-06 06:08:30,day,mentions,56,0x5cbc6852e4736c1628bd5f7cdfe5f57c4b271d39,5.643527557999903,0.0,SteadyC
2026-05-06 06:08:30,day,mentions,57,0xa8485e499d597746088ed85f15f4693fb1c78a1f,5.550000000000011,0.0,0xa8485E499d597746088ed85f15f4693FB1C78A1F-1771191606733
2026-05-06 06:08:30,day,mentions,58,0x0ec49699229f8c4bacdb7ae8bc9fd2c0f7c9f4a4,5.0,0.0,-Motionless-
2026-05-06 06:08:30,day,mentions,59,0x836ffd95ef3cf3c7987612279b2152b11ce6906e,4.889999999999986,0.0,RizzEmWithTheTism
2026-05-06 06:08:30,day,mentions,60,0xf2cf3cf7863182c763bce60580a7d20e9333464b,4.854509203455109,90.70867199999999,Mojito9
2026-05-06 06:08:30,day,mentions,61,0x5042e6dc8a612c493881a3e67519cc09f5f4fcb0,4.830319559886448,29.99,NoHigherLimit
2026-05-06 06:08:30,day,mentions,62,0xfe9339e4eca140c1a16f94a52b5cde4d29768d0e,4.820931094914499,48.531983,winexecutescale
2026-05-06 06:08:30,day,mentions,63,0xb47e0ebd655e6b0190a26b2814a9a2282dc0c602,4.81199848000324,36.856667,PMMMR
2026-05-06 06:08:30,day,mentions,64,0x8d65a382a2787525e9f730923cf6f209e6a5da6e,4.513888729999998,0.0,agentslaughter
2026-05-06 06:08:30,day,mentions,65,0xce42b95fbb42774924263e8cb9cf6a97d9309090,4.494439110000011,0.0,amznputs
2026-05-06 06:08:30,day,mentions,66,0x3687fc0b1d656a7c569a1baccf0b345246f8e697,4.439291662000187,0.0,TrappyPotter
2026-05-06 06:08:30,day,mentions,67,0x23c46463c281deb26a041fdcc24ae9c5d7629c42,4.231525000001966,0.0,oidocrop
2026-05-06 06:08:30,day,mentions,68,0xe8add924130c7eefe6fac53e8a097bc60cd5411a,3.9697199249999926,0.0,ryanchennnyy
2026-05-06 06:08:30,day,mentions,69,0x716934e59ade35d8c7469816542e368e744e3ca6,3.9629063020000217,0.0,0xd0496d05595247dd3d1f8c66558e634d791269d
2026-05-06 06:08:30,day,mentions,70,0xd209e3273bdfa944d426abd7e40b9d935adec1d7,3.4855565700000017,0.0,Clarikenoj
2026-05-06 06:08:30,day,mentions,71,0x149f91a2622dccde7380d76695ce8a964e8ad306,3.4275929965019714,0.0,JRocHWC
2026-05-06 06:08:30,day,mentions,72,0x6b17d237e6b7f74ce8171d6dc68e07bc21c803b2,3.424829020000942,8.0,rocky42007
2026-05-06 06:08:30,day,mentions,73,0x43103f5d1ae13d81d3d37ee433d6b120f8eb127f,3.382659999999939,961.7900000000001,tatumpr
2026-05-06 06:08:30,day,mentions,74,0x0b97c6b3e2eedcf896b0d2c8d9b8a9caa0390efe,3.3421968914999525,0.0,winner123
2026-05-06 06:08:30,day,mentions,75,0x33739438875aee79e98a26f87320d984f0703716,3.255354162500005,0.0,ogi250
2026-05-06 06:08:30,day,mentions,76,0xbb7e80417ccabd5e6190b679432a21e46257f1be,3.2432431200000025,0.0,buret
2026-05-06 06:08:30,day,mentions,77,0x3e5b23e9f71b2a2edcd5629d3f948f12f591073b,3.2179478499999163,2140.63,beenraping
2026-05-06 06:08:30,day,mentions,78,0xd25b8718f61fb64a754356ad8cf16b5579f59f3d,3.153149999998277,3003.0,OraculumNobius
2026-05-06 06:08:30,day,mentions,79,0xaa92ebc16679cf98ed83e18719db4c8d5508cda4,3.1428569700000004,0.0,hapyman
2026-05-06 06:08:30,day,mentions,80,0x65e035a56ecf7738fad42f0b10bf694225e93189,3.1253314146219893,130.154168,0x65e035a56ecf7738fad42f0b10bf694225e93189
2026-05-06 06:08:30,day,mentions,81,0x08ceded238219b4b3fff04e00a4778d839d4f301,3.123183690087899,84.678136,rocky42022
2026-05-06 06:08:30,day,mentions,82,0xdde458797628f99164f73bde7afccf7b46947bfd,3.069344319999999,0.0,FreeMoneyEasy
2026-05-06 06:08:30,day,mentions,83,0x341f7169288c2c81d6f5c8c799e7cbdc2c5d52bb,3.0632608200000107,0.0,gltaylor97
2026-05-06 06:08:30,day,mentions,84,0x7dd19f4602bf91911d35c85674c1297c5e50a7f6,3.0535960249999956,0.0,0x7DD19F4602BF91911D35C85674c1297C5E50a7F6-1777173925653
2026-05-06 06:08:30,day,mentions,85,0xf0b0ef1d6320c6be896b4c9c54dd74407e7f8cab,2.896005000004152,0.0,daroghi
2026-05-06 06:08:30,day,mentions,86,0x2c3928af89565c352afe8e2a1b25deed77a056dc,2.857908695557853,0.0,Dragontree
2026-05-06 06:08:30,day,mentions,87,0x13a9c16afa8f491ce9889f9e082fee8d319ee573,2.8015190769999663,62.0,mentionsgenius
2026-05-06 06:08:30,day,mentions,88,0x83868485d5a9695bf9ea0785293175255d4bc2f2,2.7318738949999783,70.0,noniqque
2026-05-06 06:08:30,day,mentions,89,0xbf0ea20ec0c2f66a86d5a578a545b7a60b3a4a20,2.5993500000000154,39.99,asufratleader
2026-05-06 06:08:30,day,mentions,90,0xbe0e2ccaba04e1cff6328df819aba5648578d429,2.4875283999999738,6.94,hesure
2026-05-06 06:08:30,day,mentions,91,0x72eadb438bffd7e61cb888e06ed08da604203207,2.3707666300000008,0.0,funfunfun123
2026-05-06 06:08:30,day,mentions,92,0xba8f0a51044792a22d430046305c282f4893ad42,2.227362655,35.03822,Orkh
2026-05-06 06:08:30,day,mentions,93,0xc8769416b054a6dfbaad14cb38309effc79b8711,2.2002425000000017,114.97,44444444ben
2026-05-06 06:08:30,day,mentions,94,0xb7830aeae23664e9f10215ec53b1bc7cd70fd4a9,2.0971738150000006,0.0,BigBillz
2026-05-06 06:08:30,day,mentions,95,0x30a0c0554c1f86675123d2a09be36e999585a458,2.059849999999983,0.0,TomoX
2026-05-06 06:08:30,day,mentions,96,0x45e7baf3547d9732e93fff7d8db0f05f7f1b3577,1.9510510950000253,0.0,p0pp
2026-05-06 06:08:30,day,mentions,97,0x477e46c414f76d543e19806b318d9c2499c5eddb,1.9481277049999983,0.0,doomsday7
2026-05-06 06:08:30,day,mentions,98,0x52bb668fc7430e68e8eb0f6b07174396341807db,1.8921842550000747,0.0,ShearedGoaty
2026-05-06 06:08:30,day,mentions,99,0x927ffeba73eb63ffb7e576aca7d32f78e54be7e7,1.8730113710062142,0.0,ClydeCash
2026-05-06 06:08:30,day,mentions,100,0x270d627c490ea2a58a66215ab0ee8db9c1d45ff2,1.844262225000012,0.0,0x270d627C490EA2a58a66215AB0ee8db9C1D45fF
2026-05-06 06:08:30,day,weather,1,0xada2005600dec949baf300f4c6120000bdb6eaab,18157.358589920637,0.0,0xada2005600dec949baf300f4c6120000bdb6eaab
2026-05-06 06:08:30,day,weather,2,0xf1e18ec32b2f1e123bc098e3956e6fd00012c152,1588.4675506892704,3367.020997,FruitsVeggies
2026-05-06 06:08:30,day,weather,3,0x6fffcd321d940621392ca57fa43ffc06e64433e0,971.9155666775032,0.0,caspermz
2026-05-06 06:08:30,day,weather,4,0x4066ed2b1e99d38100e65aa6566c79897e6d2407,695.7240109464366,2847.3220820000006,janee4
2026-05-06 06:08:30,day,weather,5,0x8f514910c5e1f2ce541d01d8bbd8e9bea9638b09,618.3377777984999,1171.79,0x8f514910c5e1f2ce541d01d8bbd8e9bea9638b09
2026-05-06 06:08:30,day,weather,6,0x06e8b7d7474f561130533455b0a9bdcc56339c25,594.225099000003,12025.002,6862584
2026-05-06 06:08:30,day,weather,7,0x488c725253fc21c7a9ca812030dc2f6343f98c1c,548.20970832678,10017.543332000001,WeatherHK
2026-05-06 06:08:30,day,weather,8,0xaa17a442e2231441a19f0bb3674ef970b4eaaa48,546.4522342972605,3869.6844889999998,0X357
2026-05-06 06:08:30,day,weather,9,0x94da42f946defc6888396f269167211efac825b5,506.96653997315394,381.365419,0x94da42f946defc6888396f269167211efac825b5
2026-05-06 06:08:30,day,weather,10,0x32d6379feb93d541a1ee97e5250a20c5031fa8f5,483.2006959149601,554.04444,Winbigtogeter
2026-05-06 06:08:30,day,weather,11,0x2e4818113b183641c2b3f25ca6b4c962c57a95c7,447.9412603009996,3272.316662,EfygeEfyge
2026-05-06 06:08:30,day,weather,12,0x906f2454a777600aea6c506247566decef82371a,401.1422089597072,1346.3916709999999,Railbird
2026-05-06 06:08:30,day,weather,13,0x5028d34cd2691f64255971410d595289a2a191c5,349.2667444509673,1201.520654,rocky42001
2026-05-06 06:08:30,day,weather,14,0x5a2b5dee9021a9c35b3470898f2cdde5f2f6c3cb,342.55153702900003,0.0,skeelz
2026-05-06 06:08:30,day,weather,15,0x936aacbb3d107b736b30db76e35b6bc1a508f6ce,318.11558545105004,1555.928184,0x936aacbb3d107b736b30db76e35b6bc1a508f6ce
2026-05-06 06:08:30,day,weather,16,0xad8199d39b562ca8547ab3d93866f84cdc26efd5,315.2971083528603,2846.419312,bb969
2026-05-06 06:08:30,day,weather,17,0xf0637528f0fa1c4634714e370447d7b4638c7893,298.43321981000014,0.0,SS123
2026-05-06 06:08:30,day,weather,18,0x4f74fd3694138c4bc93104ba61bd580409d98774,285.503090194377,1446.303003,0x4f74fd3694138c4bc93104ba61bd580409d98774
2026-05-06 06:08:30,day,weather,19,0x044f334595a7fd42c143e11c8ec47f23c8d1d1f1,256.2618088741465,2637.305625,gghff
2026-05-06 06:08:30,day,weather,20,0x377326c9360302d15d5ce7f7ad5718e27837f0dd,248.5731791165005,451.97999999999996,Alegrandebig
2026-05-06 06:08:30,day,weather,21,0x936aacbb3d107b736b30db76e35b6bc1a508f6ce,315.3317197757141,2081.0796920000003,0x936aacbb3d107b736b30db76e35b6bc1a508f6ce
2026-05-06 06:08:30,day,weather,22,0xcb894d56b6ed7f458e8534636a086b65e915a2e8,298.8915999999999,0.0,justme003
2026-05-06 06:08:30,day,weather,23,0xf0637528f0fa1c4634714e370447d7b4638c7893,298.43321981000014,0.0,SS123
2026-05-06 06:08:30,day,weather,24,0x044f334595a7fd42c143e11c8ec47f23c8d1d1f1,298.2403711127845,3255.867126,gghff
2026-05-06 06:08:30,day,weather,25,0x2f46c6f3f787f9076f47ec047742a1ca4e7a76f5,296.3252435886287,1700.135066,0xfunbro
2026-05-06 06:08:30,day,weather,26,0x4f74fd3694138c4bc93104ba61bd580409d98774,285.4137819993771,1446.303003,0x4f74fd3694138c4bc93104ba61bd580409d98774
2026-05-06 06:08:30,day,weather,27,0x686880eea810fa9141be46a1acec9eee41755198,265.3090140970253,13139.153534000001,0x686880EEA810Fa9141Be46A1aCec9Eee41755198-1770878625325
2026-05-06 06:08:30,day,weather,28,0x377326c9360302d15d5ce7f7ad5718e27837f0dd,259.9170743755013,772.076,Alegrandebig
2026-05-06 06:08:30,day,weather,29,0x118689b24aead1d6e9507b8068d056b2ec4f051b,252.43553208498633,0.0,russell110320
2026-05-06 06:08:30,day,weather,30,0x189e947b2031f2e19ec8d9a0d6f0308ab5a889d9,248.49566762128666,1173.519229,Bond-of-weather
2026-05-06 06:08:30,day,weather,31,0x6ad71109d8c777a728e99879a828210494d9347a,239.64052425198042,68.220587,ijs
2026-05-06 06:08:30,day,weather,32,0x5a2b5dee9021a9c35b3470898f2cdde5f2f6c3cb,231.109337719,0.0,skeelz
2026-05-06 06:08:30,day,weather,33,0x7bff96579b20fe3530e140d6a3c223c9f2127cd6,230.48641491000126,17150.649999999998,KingZeManel
2026-05-06 06:08:30,day,weather,34,0x94b121e0d4e4d9ee3a79cb4fb8d9d3ffc31c27cb,229.73462560824794,451.01542499999994,kakarotto81
2026-05-06 06:08:30,day,weather,35,0x232a4bfa324c6d41d15806b22378066213cddf29,227.17982781025515,378.011886,marcorael
2026-05-06 06:08:30,day,weather,36,0x60d8409b3c6a0ba25fd7eeb1dd41bec723d6f2a6,225.86373034266785,506.688994,qqewqwq
2026-05-06 06:08:30,day,weather,37,0xe25cdab15bc7a740ce1258b31f46e26831767908,223.23653432786614,5580.55908,0x492452EaB586F242
2026-05-06 06:08:30,day,weather,38,0xf3253c1c54781ad2c75f8d50f7148c84ebc0f8e0,216.83789922999995,5727.95,whackyy
2026-05-06 06:08:30,day,weather,39,0x94c4fe3b18435aa92024c7c1589537fcda3f43ca,216.0532000000003,0.0,Railcool
2026-05-06 06:08:30,day,weather,40,0xf56ccbb9d8158ae1dda67207d1f76acf2f81ad84,212.08749268348583,26662.131718999994,LXJXLJ
2026-05-06 06:08:30,day,weather,41,0xbe0c5f6b2ace60b1fe4d380c89d72d6d1dfcebae,209.40460726000003,3429.3100000000004,0xbe0c5f6b2ace60b1fe4d380c89d72d6d1dfcebae
2026-05-06 06:08:30,day,weather,42,0x0af29cc14fb231218c8d005685ac3db427a1ce86,207.83777513610016,2739.0365140000004,chendiana
2026-05-06 06:08:30,day,weather,43,0x77357b4fcc685e5ba9e67b7ba00f8ae059c34740,206.66876904317303,2695.9465959999998,0x77357b4fcc685e5ba9e67b7ba00f8ae059c34740
2026-05-06 06:08:30,day,weather,44,0xdca97bb941244584687c04928703b319b2bc0898,203.99668581500003,162.425954,0xdca97bb941244584687c04928703b319b2bc0898
2026-05-06 06:08:30,day,weather,45,0xbfa31966393f144475eb6648ed053fd1a6cb1e24,202.44991919164488,2322.092041,0xBf66...H16RK9
2026-05-06 06:08:30,day,weather,46,0xae68539542db9d69e66445c21e6e3bdde417064a,200.41505353308003,2927.97948,hgmr2
2026-05-06 06:08:30,day,weather,47,0x2c576d00e8e76c133e33dbb82b70eb5de78f372d,197.23331838471404,1096.301817,duoyou1314
2026-05-06 06:08:30,day,weather,48,0xc24f7c8d102dabaf7d13b09fdafa9833f71081d3,196.314552359034,811.298458,sunshinegirl
2026-05-06 06:08:30,day,weather,49,0x0a59a7f2a870392a5f555aaa11f49d612e748e5c,188.17599972000608,1.04493,Legend-
2026-05-06 06:08:30,day,weather,50,0x57ee70867b4e387de9de34fd62bc685aa02a8112,182.55523296067986,4433.390396,HenryTheAtmoPhD
2026-05-06 06:08:30,day,weather,51,0xd1ff029f90a1c4ba1419409be07be98282a8f3a0,180.479416157246,1045.497177,jinxcccat
2026-05-06 06:08:30,day,weather,52,0x0d42cc5ff0526fbb8f0bb9eafa9ebba3f23df124,169.12360207814095,1041.57106,42021
2026-05-06 06:08:30,day,weather,53,0x65b7baa2ad4e6cba03dfcaf554fd7cd208423798,167.16455607808297,515.2114039999999,valorantrac0
2026-05-06 06:08:30,day,weather,54,0xae47c8cd489f99c7d870086b90d0b7e45134638d,166.5729641163109,401.684443,ForaDoPadraoYT
2026-05-06 06:08:30,day,weather,55,0x15b17bb0a4af7d8e55b968e0e5de9a986a37a8e8,164.73327212961794,1831.8168830000002,MohammedEsposito
2026-05-06 06:08:30,day,weather,56,0xc7d02944a76b9f83b199e9090ecc92c82d241f8a,163.80280921274607,4141.393707000001,0xc7D02944A76B9F83B199e9090ECC92C82d241F8a-1776944395495
2026-05-06 06:08:30,day,weather,57,0xe45e1ce6f610348555ad84341cf6183ee551717e,162.59086519436028,2115.300866,xiaopingan365
2026-05-06 06:08:30,day,weather,58,0x658ba0b5401dc78a6822bceecddf5229dca484bf,159.4368955299874,5039.693212,0xBigStorm
2026-05-06 06:08:30,day,weather,59,0x5fa8113eb2047b9efae3f73a23361f67b14339c2,156.63164675649998,749.48,mistoquente
2026-05-06 06:08:30,day,weather,60,0xf7f48505305738f0b801ba06276d73d40c2d1e34,154.3314148730019,337.33,jey
2026-05-06 06:08:30,day,weather,61,0x00205869afa0fb65a86593abba6af620bfc316b9,153.87420468268465,2049.4378909999996,Richard.Tysen
2026-05-06 06:08:30,day,weather,62,0x937bcac3a8a30c07d827ad0550c3fe3a6756bfab,149.59806564864448,10955.425024,bhuumi
2026-05-06 06:08:30,day,weather,63,0xa3e22cd32aa9238ef7dbcfb4761e33b9eaa1fdf8,149.0223063835274,849.217406,pootytherewardfarmer
2026-05-06 06:08:30,day,weather,64,0x0e09d1f32963451855e429c384be6499dd0e5eef,147.69852736000007,548.13,Jc04126606
2026-05-06 06:08:30,day,weather,65,0xd16ef3416c3d795c3ffa1d7bffe1b990b079c43e,146.92810023283502,407.803765,0xd16ef3416c3d795c3ffa1d7bffe1b990b079c43e
2026-05-06 06:08:30,day,weather,66,0x4de1e1b5422b46e5baee69b310e8e5434b50f822,144.46599586169003,1396.352925,safeacct
2026-05-06 06:08:30,day,weather,67,0xe1a757b1ff951e9fe9a7c7347596274325c89c23,144.1826315264999,908.3129650000001,OCZEKE
2026-05-06 06:08:30,day,weather,68,0xf75991542e0adca9237608ba56f04c74668d0221,143.02374382999997,0.0,p-trader-2026
2026-05-06 06:08:30,day,weather,69,0xd0792ed4cae01ed80aee0eb7abcc1bef672c9810,142.05810549,0.0,artemsv
2026-05-06 06:08:30,day,weather,70,0x04faee393dcd7132bbee3158aad032074b54f437,140.54585057679702,1059.396256,Hongkg101
2026-05-06 06:08:30,day,weather,71,0xed7b24ca3294deb4bde9902323a8ac133a617b92,140.03767542100007,240.53,bigkahuna22
2026-05-06 06:08:30,day,weather,72,0x6df6e2a9ba1e8d7609daada0a83138817f4a8458,136.59350000000018,0.0,AvishaiBass
2026-05-06 06:08:30,day,weather,73,0xe12c3f269f3d4d9c2ae98dd350d803775d5adef5,131.74553302575012,1541.803915,logose
2026-05-06 06:08:30,day,weather,74,0x7e4bd2388cd26882dc57c9d943e7d63e35aeac6b,130.74852060590862,2375.6740339999997,christobirizz
2026-05-06 06:08:30,day,weather,75,0x8cd68f7a3d0e42bd2b5839929056416cc170092a,130.34602902700001,2448.446925,ProviderX
2026-05-06 06:08:30,day,weather,76,0x1fc46eb3939bb1f77698d326609586e4daa17ae7,129.94432232999998,2398.210305,0x1fC46eb3939bB1f77698D326609586E4DAA17AE7-1771437801102
2026-05-06 06:08:30,day,weather,77,0x354d603f9419c3af38d1ef6cb9503a7887d0eb8f,128.49331290897362,1353.531369,SwingProphet
2026-05-06 06:08:30,day,weather,78,0x9a2f45f9228083d61103930e635b1be5baffa13c,128.48342549120457,2329.258514,morgannnnn
2026-05-06 06:08:30,day,weather,79,0xfde5560579f46fa28697e3e2877768666d15676c,127.82498829649944,0.0,Jopol
2026-05-06 06:08:30,day,weather,80,0x43f7f0c3effde3c61b4257849bfc6e30912e35e5,126.69249800800037,200.0,Roro22
2026-05-06 06:08:30,day,weather,81,0x74ca5c377300386d77db9f007bfbd6947a0f690d,126.32270879000022,1485.63,0x74ca5c377300386d77db9f007bfbd6947a0f690d
2026-05-06 06:08:30,day,weather,82,0xa98a7b57b3ffc40dd701ac345a6ebb1d3255a5a8,125.28099729494079,746.8564650000001,lowM
2026-05-06 06:08:30,day,weather,83,0xe9076a87c5ed90ef16e6fe6529c943baeca0cff6,124.36906138135419,8714.898932999999,0xe9076a87c5ed90ef16e6fe6529c943baeca0cff6
2026-05-06 06:08:30,day,weather,84,0x5968454ab9fa39745d5d4adf78f23b80ebe53fc4,121.80827273878202,542.7500859999999,UranusProbe
2026-05-06 06:08:30,day,weather,85,0xd3f0eb083fb3698c7bf03befbc67fddc1cf4a4cc,119.71652549117704,376.725713,0xd3f0EB083fb3698C7bf03befBC67fDdC1CF4a4CC-1775407935821
2026-05-06 06:08:30,day,weather,86,0x44b637282c62c62eb96f79ab8952b9bb0c63672a,118.1857357450001,0.0,tigerz
2026-05-06 06:08:30,day,weather,87,0xfd8e46519d0a8f9c35e5010ef4e7f56f7583aea4,117.84878136847146,3619.339441,oleksiyz
2026-05-06 06:08:30,day,weather,88,0x5235aac47cf0a95ad0c3bcf9d18781ff97a443a8,116.84524221062009,757.35656,0x5235AaC47cf0A95AD0C3BcF9d18781FF97a443A8-1774274625522
2026-05-06 06:08:30,day,weather,89,0x3f0b450ec6b45633f60c16bbaabed9fdbd1ad571,116.78513342832719,439.24566400000003,0x3f0B450Ec6B45633f60C16bBaABeD9fDbD1AD571-1773606770537
2026-05-06 06:08:30,day,weather,90,0x665959eb02b5da0361f47fd79f5c1a36877bb7ca,113.31097431650153,0.0,user8979823749823
2026-05-06 06:08:30,day,weather,91,0x0b6b595d4006a3b75cf8988b045ceb0257f019e7,112.906859286096,354.977806,PrayGreen
2026-05-06 06:08:30,day,weather,92,0x2a25f7cbf3fc823e315c31602d2eccab85788055,112.34197335301724,2697.66,animal.bean
2026-05-06 06:08:30,day,weather,93,0xf2f6af4f27ec2dcf4072095ab804016e14cd5817,111.06034011236625,0.0,gopfan2
2026-05-06 06:08:30,day,weather,94,0x8302e5e7dac387cd2cc5e64c9ba1b6f5a70a8b44,110.97045793531197,380.298506,0x8302E5e7DAc387Cd2Cc5e64C9BA1b6F5A70A8b44-1776292789339
2026-05-06 06:08:30,day,weather,95,0x9e83dcf11f1457887cfec68efaec6ad6aeaa9394,108.19674619482339,2623.949657,legamb
2026-05-06 06:08:30,day,weather,96,0xc1e51a0e0ab9f10e2d489b312e35ad8b220dc5df,107.68807795750018,408.43,0xC1e51A0E0aB9f10e2D489B312e35ad8B220dc5df-1774574800875
2026-05-06 06:08:30,day,weather,97,0xc803bd39da5b560129976ef754b6914cdad78e7c,105.78936957192599,184.255654,Nata123
2026-05-06 06:08:30,day,weather,98,0x28a1b1a655331aff71d69660346a86c0e48969a1,105.76574145955766,3188.2962509999998,ehsan.onchain
2026-05-06 06:08:30,day,weather,99,0x261cd61ce457d51085d1eabe618207dcdb8a8b76,105.32823371782251,6807.1195880000005,Maxinski
2026-05-06 06:08:30,day,weather,100,0x40cc0e08a5a8601f7c2c198f14a58a303e009702,105.11968659500002,2797.22,m99999
2026-05-06 06:08:30,day,economics,1,0x96489abcb9f583d6835c8ef95ffc923d05a86825,63054.84940201772,36780.386922,anoin123
2026-05-06 06:08:30,day,economics,2,0xf1bf47707b8e4cec6292eaa6bc47dc25871411d7,8717.397692377555,71905.150217,mikemoneywire - 20419
2026-05-06 06:08:30,day,economics,3,0xc8ab97a9089a9ff7e6ef0688e6e591a066946418,8290.873926841654,125111.57172499999,ArmageddonRewardsBilly
2026-05-06 06:08:30,day,economics,4,0xada2005600dec949baf300f4c6120000bdb6eaab,4972.356166714715,0.0,0xada2005600dec949baf300f4c6120000bdb6eaab
2026-05-06 06:08:30,day,economics,5,0xf66166919d7d7afc3406d2dd36dd954a2f822259,3161.535749332521,0.0,suvorov
2026-05-06 06:08:30,day,economics,6,0x1a3fb05e94caef23e28905767cd603eb574a6dea,3053.021925124999,0.0,alextalley
2026-05-06 06:08:30,day,economics,7,0x436f969d99c90191fbc2c629e6b7a1b754402c7f,2846.7791808330003,0.0,0x436f969D99c90191fBC2c629e6B7a1B754402c7F-1772236065502
2026-05-06 06:08:30,day,economics,8,0xa022ba0a68e11a78348382ff168601012d4d77f8,2358.1422056169977,0.0,yungstalin
2026-05-06 06:08:30,day,economics,9,0x7bb244d0c70293e66dee84f3d0623fbbbf7d682c,2207.764690406002,0.0,WongKimArk
2026-05-06 06:08:30,day,economics,10,0xfa5f246bb1dbfe039dc7f4d3eede0d9808a86bfe,2002.5995046544995,25032.49,CryptoScam
2026-05-06 06:08:30,day,economics,11,0xb8ee94bd599a92d4747dda5f3bc6d2b243349e81,1871.9898271509574,5311.18,0xB8eE94bD599A92D4747DdA5f3bc6D2B243349e81-1765943326811
2026-05-06 06:08:30,day,economics,12,0xe961babbccae0be01c2f6b5f28f8d002e332ef1b,1865.842921354999,0.0,Kryptogram
2026-05-06 06:08:30,day,economics,13,0xab8f49a32aa63b75d8da76777bc1e4be444406d6,1834.16927581,0.0,lazercrazer
2026-05-06 06:08:30,day,economics,14,0x8e77537e059837d3c2ca5b4efe75e74e9498c4f3,1581.0014412979945,3214.2200000000003,dwpoker
2026-05-06 06:08:30,day,economics,15,0x879752bca887bc247ba883a52bc45e9c6be6bbbe,1567.6508972734955,2889.0,singularityman
2026-05-06 06:08:30,day,economics,16,0xe87f2c8db31af60d9b8fb28bc390fd891cb67d85,1521.8479100185014,0.0,0xE87F2c8DB31af60D9B8FB28bC390fD891cB67d85-1767548376380
2026-05-06 06:08:30,day,economics,17,0x225b7c9aaf6108ded29b9fda9939aa671ef6422a,1383.0913552616594,451.93153700000005,0x225b7c9Aaf6108deD29b9fdA9939aA671Ef6422A-1756591558414
2026-05-06 06:08:30,day,economics,18,0x014c4e7ae2145992861c2d1b124af633a97f820c,1310.4421299999967,0.0,Hyperlong
2026-05-06 06:08:30,day,economics,19,0xc0ff6a9ac424210cf218fda5c5753324c34a9953,1257.2616490180062,0.0,Runaround
2026-05-06 06:08:30,day,economics,20,0x9e7296fc4776144f60db9a5943ff2051696599c4,1245.0784882749995,0.0,carlos484
2026-05-06 06:08:30,day,economics,21,0x2c41d0ca2b4b2344912eead711f28cd4dcff133e,1162.4699507574987,0.0,lineth
2026-05-06 06:08:30,day,economics,22,0xe4f66905d9de398e55d9cce3964779b70dd4d00e,1156.6150403978695,226251.03788800002,Crimsonredraven
2026-05-06 06:08:30,day,economics,23,0x2e0b70d482e6b389e81dea528be57d825dd48070,1136.1888495719904,0.0,Trump2028
2026-05-06 06:08:30,day,economics,24,0xcca90a5d3c8f2d6663817e3650d6adbe9ab44c9f,1110.3779980524992,0.0,0xcCa90A5D3C8F2d6663817E3650D6aDbe9aB44C9f-1772395966516
2026-05-06 06:08:30,day,economics,25,0x6bab41a0dc40d6dd4c1a915b8c01969479fd1292,1048.2767462675365,27086.735666,Dropper
2026-05-06 06:08:30,day,economics,26,0x30df0ee90ad040dbaff5441a6be7d999a16a28a9,1011.5649414999989,0.0,0x30df0ee90ad040dbaff5441a6be7d999a16a28a9
2026-05-06 06:08:30,day,economics,27,0x29d337076f24d135b7b2b08796edfff4e32cb2ed,909.9722190000002,0.0,Couperin
2026-05-06 06:08:30,day,economics,28,0x879247bf7570a40d193dd3bb9118820e0b194174,898.0304763999989,0.0,hosoon123
2026-05-06 06:08:30,day,economics,29,0xd30dd9387fa206368283c436075b2f68a573acd8,871.4864945189997,0.0,Lerix
2026-05-06 06:08:30,day,economics,30,0x46d3d62ab3dd01fb8dc3b16f0141462c82df62e0,807.4965427099996,0.0,Optionsguru18
2026-05-06 06:08:30,day,economics,31,0x42abb0c4c00b3ca9c0e5dea7f5c4459d23673e26,771.7471683349995,0.0,brainlag9000
2026-05-06 06:08:30,day,economics,32,0xab19716584931d81cd9e7763402673a64baa4876,715.5571511108137,2194.019997,SlenderMan
2026-05-06 06:08:30,day,economics,33,0xa510249c44a60591cbe1747eb0fd97267d431f80,711.710818071974,31812.095999999998,0x4e25605fd905e9972efc0f4d8814530c655cd7a
2026-05-06 06:08:30,day,economics,34,0x5529bb3ddb164c1b1781ed58a5c3b4c2d02686d2,684.3104776379996,0.0,RUMBLED
2026-05-06 06:08:30,day,economics,35,0xc96cb25888f25ab1929b575834a6c406234f6a98,617.2344817869971,201.68,James000
2026-05-06 06:08:30,day,economics,36,0x0c0e270cf879583d6a0142fc817e05b768d0434e,616.0110947524663,0.0,The Spirit of Ukraine>UMA
2026-05-06 06:08:30,day,economics,37,0x88c89f10c2f85f98c05a87ebbb1a24b711e38c31,603.120980875,0.0,0x88C89f10C2F85f98c05a87EBbB1a24B711E38c31-1724061225204
2026-05-06 06:08:30,day,economics,38,0xf25fbade56a4bab4050308150148e2fcff15a743,566.4906418339996,0.0,Privatror
2026-05-06 06:08:30,day,economics,39,0x1ba2a89178a3293357e8913f51bf8469d85737ce,546.35655,0.0,Zeref
2026-05-06 06:08:30,day,economics,40,0x27e56917c5c7c5ae7662b85cf86c289bfc39fb20,536.5825218150003,0.0,AdjunctBias
2026-05-06 06:08:30,day,economics,41,0xfc2f4f50ce2f6045d35558a5e2d8d4b2ac6610c7,529.7838257304993,0.0,0xFc2F4f50ce2F6045d35558A5E2D8d4b2aC6610c7-1769097007451
2026-05-06 06:08:30,day,economics,42,0x599f72c605635944bbfafc4511aebd05ebe94ce3,525.1658566484998,0.0,Kura1101
2026-05-06 06:08:30,day,economics,43,0x69743b2bbbabf6605369544c9f68487873906256,501.49999999999955,0.0,AsukaSoryu
2026-05-06 06:08:30,day,economics,44,0x389a21fa2e2445c7f8b915b45b9b009bd641397d,479.1173568188308,1002.123193,SPY-KT
2026-05-06 06:08:30,day,economics,45,0xaf458bee32b8f1d9ba39ee876f20c7e3ce62ec7d,463.40212440997857,0.0,fed26
2026-05-06 06:08:30,day,economics,46,0x7523cafcee7bcf2db9a79d80e0d79b88a9a54c4c,456.9983811855127,0.0,DonaldinhoTrumpito
2026-05-06 06:08:30,day,economics,47,0xfb5148fc7223630e0967dbfa8cd920d83ab4742d,418.83963450000056,0.0,StudentMoney
2026-05-06 06:08:30,day,economics,48,0xae7fceb5828ad56356283188b505939d057f31c9,401.8059558790005,0.0,0xAE7FcEb5828Ad56356283188B505939D057F31c9-1768585935728
2026-05-06 06:08:30,day,economics,49,0xd44e974a3edb232aa4aedbdcc59792b76a5f67e2,397.34888715346005,1000.0,KrackenSruster
2026-05-06 06:08:30,day,economics,50,0x02d8495225a297157d25dbcf7ed9dd483bf80c91,392.0909856399994,0.0,BlasTesla
2026-05-06 06:08:30,day,economics,51,0x1cdd071bb612de6d66d0c882b676c663697de595,389.2801885932188,310.0,Lavincey
2026-05-06 06:08:30,day,economics,52,0xf1629522ce3d5e4cb3d6e61ca0cdb980b47fba35,389.08607238950003,0.0,bottling
2026-05-06 06:08:30,day,economics,53,0x765df9425ca5cde967267947d526a9ced255dca3,388.94059836999975,9980.389227999998,ami923
2026-05-06 06:08:30,day,economics,54,0xa5e3044fd953605f9407d58c76e48fd75a394d7e,374.43571205386445,6954.086697000001,peepeepooppoop
2026-05-06 06:08:30,day,economics,55,0xfc915907cf315161de19dbd0390787bdb84931eb,367.7803699999997,0.0,0xfc915907cf315161de19dbd0390787bdb84931eb
2026-05-06 06:08:30,day,economics,56,0x7fd3fe6580b5b944e32701fdbba0c0ef4991e662,364.31118209000033,0.0,7153649820
2026-05-06 06:08:30,day,economics,57,0xcc033f89eb48f85ed62b727f0745bb651578d5c0,356.72065460199974,0.0,zhaoyk
2026-05-06 06:08:30,day,economics,58,0xdbf16bcffa41bd95faec2640daa2c95ab2bd86b5,355.91191228500475,0.0,UnderperformingForALiving
2026-05-06 06:08:30,day,economics,59,0xc1cf7d0ccb729703a5f4d97ed1045a42dbd99656,347.2081408704994,602.69,Zarshka
2026-05-06 06:08:30,day,economics,60,0x2c6fe612dc43cc67676d2efc1e5eed50cbc1deee,346.6714505,0.0,YellowSnake
2026-05-06 06:08:30,day,economics,61,0xf25c3520c8cea885e4da9bd88e0aadd9d8a4732c,343.00041458,1300.0,5dec
2026-05-06 06:08:30,day,economics,62,0x4194a1cd722f3c31c9935dd4595e03a67ef79809,340.6015287139998,0.0,cpryor - 21286
2026-05-06 06:08:30,day,economics,63,0xd426adbc3c4461c86099c26221c877f20e42334a,337.78804420084634,773.91,881112
2026-05-06 06:08:30,day,economics,64,0x90d2a9148aecee066cbd4d3b64fa0e326fe3a6b3,331.13320915349914,0.0,cockataile
2026-05-06 06:08:30,day,economics,65,0xde7be6d489bce070a959e0cb813128ae659b5f4b,323.7727698719973,0.0,wan123
2026-05-06 06:08:30,day,economics,66,0x6d16c33b540069f5aa0d9f705b0d759dec927228,318.4707406736517,456.83000000000004,slippy0
2026-05-06 06:08:30,day,economics,67,0x2b9dd0a3ae93bf0d08ef733650bb9002160574f5,315.56822629500004,0.0,grinder456
2026-05-06 06:08:30,day,economics,68,0xd14aa86fa6cac2e09edd9944f5c0c0d48634a8ad,314.4996355599998,0.0,l3t0
2026-05-06 06:08:30,day,economics,69,0x744c072005bde6ddab8764a7477f61d3d22ae37f,311.3271416935871,2265.481413,Egozic86
2026-05-06 06:08:30,day,economics,70,0x2d613c30614b68eada0a37d65bddf3778d981fa7,289.4754277235006,0.0,generalVR
2026-05-06 06:08:30,day,economics,71,0x11d32eff6b8346f379726c9c8c0c98db019428ae,288.06749167699974,1858.5,Merkinator1
2026-05-06 06:08:30,day,economics,72,0xd3ecb2aee0d65622da559ff356b00e8c2e626603,280.6271659664999,0.0,sabsabinxz
2026-05-06 06:08:30,day,economics,73,0x33e46f9cf6e148ca2a3b6774e8aa9605a4816eae,269.72321414,0.0,Matesovicz
2026-05-06 06:08:30,day,economics,74,0xc69aedead7a1459ed0f5a358d9336ec09e9bbe40,265.918176065,5684.92,WakaFlockaFlame
2026-05-06 06:08:30,day,economics,75,0xf5e814660a5a5ac071390a36122e7bc7c1309fbd,265.4028048342011,3720.528499,fiter
2026-05-06 06:08:30,day,economics,76,0x9c987f84d18a4dd640909409b31212fbb805f4f4,243.99287555000046,0.0,Moonshot1019
2026-05-06 06:08:30,day,economics,77,0xbdea1d79a2b530a5f23e5d7c2eb906a52ee720b1,242.5748532915004,0.0,05729834
2026-05-06 06:08:30,day,economics,78,0x8333521ed10e5c714960cde86e43b0a93e9def3e,242.05048282500047,0.0,0x8333521Ed10E5c714960Cde86e43B0A93e9DeF3E-1772404534081
2026-05-06 06:08:30,day,economics,79,0x0ffcad4963e25dc150774363f4061ebe840c8236,240.04408263602818,0.0,perfectnostalgia
2026-05-06 06:08:30,day,economics,80,0x40471b34671887546013ceb58740625c2efe7293,225.58265710349406,0.0,esports095
2026-05-06 06:08:30,day,economics,81,0x199df422f3460e56931a6af1643a0bb97a9a6e7b,225.36272439199956,0.0,0x199dF422f3460e56931a6af1643A0bB97A9A6E7B-1723168998413
2026-05-06 06:08:30,day,economics,82,0xee1706b93845d50ea60e49219be7311a2ebb6ea1,224.1875,0.0,jwerhor
2026-05-06 06:08:30,day,economics,83,0x058f48b0fe2901214215aa53edf2ead7505c4883,220.49116511559697,4143.971424,0x058f48b0FE2901214215aA53eDF2EAd7505c4883-1777603428724
2026-05-06 06:08:30,day,economics,84,0x41e8266341517750bec28829015b5289fe00b994,217.59929447399918,0.0,0x41E8266341517750bec28829015b5289FE00b994-1766188710954
2026-05-06 06:08:30,day,economics,85,0x86974dde10087a6ff34978364ccd67dbea21190d,214.84034999999994,0.0,ckwww
2026-05-06 06:08:30,day,economics,86,0x8d14104748fd54f3c9f7ff259c44f5a425674987,210.25818564550036,0.0,Suprasapiens
2026-05-06 06:08:30,day,economics,87,0xa0e9e7676d20ddcefae6baca2ce51d1acebe1f00,208.49056589499992,0.0,0xa0E9e7676D20dDCefae6BAcA2ce51D1ACEbe1f00-1726048946452
2026-05-06 06:08:30,day,economics,88,0xc851cd9bee7d262afd78674f861f9f576a12cd2a,204.33145031049935,0.0,betwick
2026-05-06 06:08:30,day,economics,89,0x859babdb4d05c59c9fc013b05efe8f6ddb6b6bba,196.3775467305004,0.0,voidemir
2026-05-06 06:08:30,day,economics,90,0xbd38f8143f87f484d7f039626b5064b10f0e99d4,194.33686928499992,600.0,liberateme
2026-05-06 06:08:30,day,economics,91,0xa50314168a90c6efd197ca6a8c3b3741544c2342,191.99780139500012,0.0,qwerty12345678901
2026-05-06 06:08:30,day,economics,92,0x68722f6d6e51947c88724c3f382b60f4f8cc876f,189.86824973056002,18300.0,Pycckue-Ha-Mecme
2026-05-06 06:08:30,day,economics,93,0x25257a6a89dba93dd0c536b6279365632a4eb919,180.27457494800274,0.0,Trading4Fridge
2026-05-06 06:08:30,day,economics,94,0xe27c1f399b451496845eef2a8cfd2c25715f51db,179.99994048999997,0.0,Peerusdenarus
2026-05-06 06:08:30,day,economics,95,0x3a237fba30a72dbb7722461d1b8a83ac64d70f72,177.73242400200024,4999.993332,Pengue
2026-05-06 06:08:30,day,economics,96,0x9e7e57fbc4dd03dc7b0eea98f1f01bc100083e1d,175.00844364800287,0.0,mcorleone
2026-05-06 06:08:30,day,economics,97,0x0dc5a561af3e3d14bec8b8fc7ef2c0776252a303,173.734276024501,0.0,0x0DC5A561aF3E3d14BEc8b8fc7ef2C0776252A303-1767933810654
2026-05-06 06:08:30,day,economics,98,0x501870715d934653d1ebe8b4564df87b36e96108,172.8381948250003,0.0,Bloombergg
2026-05-06 06:08:30,day,economics,99,0x8f2f04f6a10a8ffadb8b39999b5b3ef40adeb226,172.46355314499942,0.0,misko1
2026-05-06 06:08:30,day,economics,100,0xe7a3cd81b59acfa06d21df09beb57b84b794e60a,170.59360714413015,113.88,MKIsabella
2026-05-06 06:08:30,day,tech,1,0xb89f5425341719d298dc2f5b9a92374f5fde1c44,750.3553299014975,4507.48,iusedtowritepoetryforaliving
2026-05-06 06:08:30,day,tech,2,0x048215305cbcf7cc790735bf00119551d75c6b0a,537.4044033279997,1968.14,dumbfuqLIQUIDITYprovider
2026-05-06 06:08:30,day,tech,3,0x55f197741be0a8d92675d59b0d9fa9e5c081842d,423.1875838205002,645.38,corral
2026-05-06 06:08:30,day,tech,4,0x3ab5ad27c676c4be1218397912eab5396e6de56f,336.72773594999853,0.0,Obamnna
2026-05-06 06:08:30,day,tech,5,0x7d1bb9f000e5fce13db3a0927b64aa38e69de75c,235.4034543118753,259.78,bmtr
2026-05-06 06:08:30,day,tech,6,0xa27a9cdd124609afac62a45a7fea8713130c4cde,205.03020464999918,0.0,Jungerrespecter
2026-05-06 06:08:30,day,tech,7,0x564f22744b7941ade18d5e0e4f347c30e3057026,159.12453056979462,68.127655,molodoyy
2026-05-06 06:08:30,day,tech,8,0xa7d2ec6680f4e5f6ab0da244d8006eec3e20f954,151.48505000000023,0.0,KiruaTrading
2026-05-06 06:08:30,day,tech,9,0x5afe3dd82317090c2f2eae0370049878669caf69,149.99756249999973,0.0,krokotuk
2026-05-06 06:08:30,day,tech,10,0xbf93328f8b69273453228a82c913207731822fd7,136.48014399000022,0.0,hell0pia
2026-05-06 06:08:30,day,tech,11,0xc0402e527a464e782bca96f802c77e5db8d8beac,120.77589000000012,0.0,nata45jlk3
2026-05-06 06:08:30,day,tech,12,0x220275250913a0af18fea9b24a2ce1fd85328787,119.7842999999998,0.0,aangelika
2026-05-06 06:08:30,day,tech,13,0x4a2be7a7e6e3b41dc2de00706b4c09660ca9af20,119.45051706499999,0.0,troim
2026-05-06 06:08:30,day,tech,14,0x34379b9a574de6c5f05b3216a315fbf5b707f8f3,99.03957938000002,87.89,gioogioo
2026-05-06 06:08:30,day,tech,15,0xa8f878d5027bbf73bb5d34e6db546abc04fe0e46,91.04709004733098,1926.142097,Golanido
2026-05-06 06:08:30,day,tech,16,0x9f4b897e75cc6de3ea741d5c0ace40d3f56df9bf,85.14256505999973,0.0,jijodebot
2026-05-06 06:08:30,day,tech,17,0x85ebae47bb192e46d748db54acc46ed9f3d7d068,82.80742823999992,0.0,t0x010
2026-05-06 06:08:30,day,tech,18,0xaadbd211bda2bc5fe28833c6cea1242aa8be85f9,77.34655071800003,0.0,0xbt
2026-05-06 06:08:30,day,tech,19,0x74957ea27ac4fbdee46d861fdae357859ff67fcf,76.18314798450035,0.0,ultralisk
2026-05-06 06:08:30,day,tech,20,0x83868485d5a9695bf9ea0785293175255d4bc2f2,71.03648794999997,0.0,noniqque
2026-05-06 06:08:30,day,tech,21,0xcf078d0b14d15b74b29c4d96070a8bd3644c39d8,67.21220404211306,1539.351033,0xCF078d0b14d15b74B29c4d96070A8Bd3644c39D8-1757304539453
2026-05-06 06:08:30,day,tech,22,0x7f2928f6f7626b13fbac2d566b834e4764fc0760,63.599394733000054,0.0,BerkshireHahaway
2026-05-06 06:08:30,day,tech,23,0x5ecde7348ea5100af4360dd7a6e0a3fb1d420787,62.87036472001637,0.0,Mujurry
2026-05-06 06:08:30,day,tech,24,0xdc83474bc4cdf4d037f8be1eca21cfa290aabcd2,60.37600841999986,0.0,0xdC83474BC4CDf4d037f8BE1EcA21cfa290aaBCD2-1772195983959
2026-05-06 06:08:30,day,tech,25,0x256ee70d4a3e131f01915d2a5976ecf77bf53e44,59.9999352599998,0.0,mky-2025
2026-05-06 06:08:30,day,tech,26,0xcf070b9ed273abd6185a4253713ce8e64c0ec770,59.99949974999981,0.0,MaxEnt
2026-05-06 06:08:30,day,tech,27,0x8f2100aa027be80f8ad7106d21a9f95a26a5b935,56.6202943049999,0.0,bonebot
2026-05-06 06:08:30,day,tech,28,0x1cdd071bb612de6d66d0c882b676c663697de595,52.803194088067784,64.25714099999999,Lavincey
2026-05-06 06:08:30,day,tech,29,0xbc605ab11e44f0b09762313f2cdfb6b25514af79,50.16741070250009,0.0,spacegliderr
2026-05-06 06:08:30,day,tech,30,0x829262825edd5983d85a544d03fecb094e4c0fbd,49.64499999999997,0.0,flathub
2026-05-06 06:08:30,day,tech,31,0x73717594077255fce14a2f419124c227c964cade,48.556737029999994,0.0,predict000r
2026-05-06 06:08:30,day,tech,32,0x57e4bd0fa030e6a6fdde7ee0b58aa497b4f6835e,48.50937118999991,0.0,imjustalarp
2026-05-06 06:08:30,day,tech,33,0x00c840982a21159bd108ed80e36fba9db141a75f,47.69999999999999,0.0,CRMUSK
2026-05-06 06:08:30,day,tech,34,0xa7034f35042c92e8878f26c98953b3627ced6a73,46.8749999999999,0.0,TheEvilMoneyDestroyer
2026-05-06 06:08:30,day,tech,35,0x47e7c056f2428aeff262f542fc11aeb5b965ecbf,44.047199819999946,0.0,Yurion0
2026-05-06 06:08:30,day,tech,36,0x0caf34346f0ceaa6d42a1af0664824134fce8794,42.788181659999964,0.0,0x0CaF34346F0CEaa6d42a1Af0664824134FCe8794-1777821246726
2026-05-06 06:08:30,day,tech,37,0x29b60646c35a94844002a83d7b1481c9c978302f,42.37627666999989,0.0,Bigsomething
2026-05-06 06:08:30,day,tech,38,0xdd24f9ad82636674d825ea80919bdc76d8921a80,42.34828544499999,0.0,0xdD24f9AD82636674D825eA80919bDc76D8921a80-1771760451891
2026-05-06 06:08:30,day,tech,39,0x21405be22aa7fc6983d91113b79d94cd73c35790,38.810875829999986,0.0,Entropy8
2026-05-06 06:08:30,day,tech,40,0x7cd4fdb6047eab243a1babbd9de611b9cc295c6a,38.23279020000002,0.0,0x7CD4fDB6047eab243a1bABbd9de611B9CC295c6a-1762965660757
2026-05-06 06:08:30,day,tech,41,0xf294919e16868d927b0247891543b9187d6e7967,32.73119891999988,0.0,doil
2026-05-06 06:08:30,day,tech,42,0xe8739d8052b0bd7e86875028d2b919fdffe39532,32.31388883999989,0.0,elyashib
2026-05-06 06:08:30,day,tech,43,0xa5e3044fd953605f9407d58c76e48fd75a394d7e,32.18839917280985,79.333906,peepeepooppoop
2026-05-06 06:08:30,day,tech,44,0xabbeb2bdd30ba5c51cb14168b068103961648f37,30.87634625999999,0.0,mamai
2026-05-06 06:08:30,day,tech,45,0x39dffc499a818e94ce0a7ac6001764b77c45644b,30.46875,0.0,accelarated
2026-05-06 06:08:30,day,tech,46,0xbb9c165825e9f233d1f611b50b193fe94513072b,29.562691514998733,0.0,jesterthegoose
2026-05-06 06:08:30,day,tech,47,0x728b2892b251d0c9d07d8583bdfc8637e40efd3e,29.347278765000738,0.0,obamaosama
2026-05-06 06:08:30,day,tech,48,0x07d4245464dc4fa05d0b3f084d82482462dc8991,28.017589354998563,0.0,Wojtek
2026-05-06 06:08:30,day,tech,49,0x3f73b7ace2bb5c65705bf0b7ec5f40693ae8acef,26.659549999999854,0.0,0x3F73B7Ace2BB5C65705bF0B7EC5f40693Ae8acEF-1776633856762
2026-05-06 06:08:30,day,tech,50,0x4b1b87c2190176ff8072c63060cfea2e1ae862c1,24.674829599999953,100.0,johnny2k
2026-05-06 06:08:30,day,tech,51,0x7a8048a6618824bb607b293bf03cb62b7174729c,24.614203809999935,0.0,atomicannie
2026-05-06 06:08:30,day,tech,52,0x1bfd792c102c75d3c41c954d058355a796ee40d0,23.9541999999999,0.0,4e2fbc2acf
2026-05-06 06:08:30,day,tech,53,0xefddc1d3285d0fe1b9f2aa06e04901f527a08370,23.658621019999828,0.0,vino1234
2026-05-06 06:08:30,day,tech,54,0x0dde1b35552efae5aa3759aedb6fa7b2d6f594c3,23.547758923499714,0.0,DFK
2026-05-06 06:08:30,day,tech,55,0x1c144e30f405a25f991cbd8baa15d40599090869,22.237936335000086,0.0,bernardbulletin
2026-05-06 06:08:30,day,tech,56,0xeb686d657ccb90d02953d2ad6450c3626729a1f1,22.171613499999985,0.0,bettingfund
2026-05-06 06:08:30,day,tech,57,0x94e4639e9aef0eab61533ecafe74c5f15662534a,21.964357869999958,0.0,xlefgerx
2026-05-06 06:08:30,day,tech,58,0xbeb9d19f10274da29f21625a2c91fa5a00fd3870,20.954602480000176,1142.6799999999998,AnonymousElephant69
2026-05-06 06:08:30,day,tech,59,0xad5353afe30c2da57709e2704ef3ccdcf67eef24,20.91750954261579,290.98521200000005,AJSV
2026-05-06 06:08:30,day,tech,60,0x9d84ce0306f8551e02efef1680475fc0f1dc1344,20.15569556999253,0.0,ImJustKen
2026-05-06 06:08:30,day,tech,61,0xf58c622a163c92b59eb5bbbbafd1bad45eb5d588,19.83294593550005,0.0,0xf58C622A163C92B59EB5bBBbAfD1baD45EB5d588-1776514679463
2026-05-06 06:08:30,day,tech,62,0xf47ec9518963e4a3b2b458bebce8f7551ef25031,19.444444250000032,0.0,abc19
2026-05-06 06:08:30,day,tech,63,0xb3fe2aeb7f5c6a2dc0cb3d9dbb009fa7c7b54a24,19.26137489499979,0.0,hortikkk
2026-05-06 06:08:30,day,tech,64,0x9f7a47ef5e3ee19a2c146b3ef439b86f48b90e63,19.179393879999985,0.0,MRVs
2026-05-06 06:08:30,day,tech,65,0x9974a5d270e6353bee0f8379e9a144f3ac4b2840,19.13721944399998,0.0,tryingtobest
2026-05-06 06:08:30,day,tech,66,0xa8c63f775ddbbe66b56614191747def3021444e8,18.137461860000258,0.0,Tenebrus7
2026-05-06 06:08:30,day,tech,67,0x924d812cfe6d158bff7faffd5978f3bfc935bfba,17.999792249999928,0.0,0x924d812cFE6D158bFF7faFfd5978f3BfC935bFba-1762064022398
2026-05-06 06:08:30,day,tech,68,0x36edf4d48d3fdf4b59bb549be42843f3349c4a93,17.93729996000002,0.0,babyshark.
2026-05-06 06:08:30,day,tech,69,0x2ef6acb2142bbb17608df9619d0eba29fa52c761,17.76905654999996,0.0,ilmari99
2026-05-06 06:08:30,day,tech,70,0xae234bfddf7eee7c687a25c425532838eaee142e,17.070979279999847,0.0,0xbandit
2026-05-06 06:08:30,day,tech,71,0x2c4465c9493251fa215adb034fe9699cc22f72bc,16.66466195999999,0.0,Oblyvion
2026-05-06 06:08:30,day,tech,72,0xa7fea388f955a9517067111030eb771c6d911f3e,15.900000000000006,0.0,Faston
2026-05-06 06:08:30,day,tech,73,0x935dee8f976a7f08a0fbea4106bb09f0f1dc08ff,15.356555236499844,0.0,0x935Dee8f976a7f08a0FBEa4106bb09F0f1Dc08
2026-05-06 06:08:30,day,tech,74,0x61b36d11209b5f58a642bda3d8f3148b4b919d22,15.294222709999985,0.0,rkassandra
2026-05-06 06:08:30,day,tech,75,0xb20d26cc96515f773073dd270aab7e12bcb4db55,15.0,0.0,jaedung
2026-05-06 06:08:30,day,tech,75,0xda9a16c69b43ca66f11d0aec87961f3839f9c6d8,15.0,0.0,llyrarianrhod
2026-05-06 06:08:30,day,tech,77,0x698aa64f0392f63c3d5aeae03bb2309b2c0afe0d,14.5,100.0,0x698aA64F0392F63C3D5AeAE03bb2309b2c0afe0D-1750686877678
2026-05-06 06:08:30,day,tech,78,0x4b819f6815bc79614c9be389b94955f76ec6f9b6,14.344713341746015,13.304505999999998,stra-l11
2026-05-06 06:08:30,day,tech,79,0x8168195505c66cc4c2eff831e343ae936d1390e7,14.13075457404392,118.26176000000001,BigAII
2026-05-06 06:08:30,day,tech,80,0xc3cd1d612bbf9fbf80da5a9bff0b0470cb46816c,13.795658850506015,158.227926,UbuntuTrading
2026-05-06 06:08:30,day,tech,81,0xeca0c0888e34df59589c67fbe53dc7f298b5e8f8,13.505760389999985,0.0,StarMaster
2026-05-06 06:08:30,day,tech,82,0xe3daa738026749deb966cde12c931e7c907d4b5e,13.458635790000017,0.0,charliedub
2026-05-06 06:08:30,day,tech,83,0x2e8b2f45648ec1d3e791031e705026a6ecbaed36,13.432835789999956,0.0,Hapdogg
2026-05-06 06:08:30,day,tech,84,0x5ce3c43f2b2be1b51ec5f4920acbf7340733f779,12.92234368000004,286.0,JJxx3
2026-05-06 06:08:30,day,tech,85,0xf2ddbbff7bc5193c5a17c9320886965b478482d3,12.882849999999905,0.0,418Imateapot
2026-05-06 06:08:30,day,tech,86,0x5b6331e7ff0831a3fe2ed12004747db1a9c911a4,12.52394030999767,0.0,neutralwave23
2026-05-06 06:08:30,day,tech,87,0x396f35c4d4f84c0a6c5f3b13e40e1de550367f78,12.207245999999998,0.0,lranon2nd
2026-05-06 06:08:30,day,tech,88,0x0619dafd91786867631d0546917aa35c244ed801,11.999999999999773,0.0,Kinganibus
2026-05-06 06:08:30,day,tech,89,0x3b37d367aa4f53c8c2439d85ddbc52a3e4716962,11.942411730000003,0.0,MWM
2026-05-06 06:08:30,day,tech,90,0x1e524ff2123d380a690dbdf2245de2a9428e91d6,11.684841981708928,707.867669,rocky42002
2026-05-06 06:08:30,day,tech,91,0xd0d9bc316073acb95addf458c2246517a3889074,11.504399980000017,0.0,reasoningTokens
2026-05-06 06:08:30,day,tech,92,0x307fe0255c2076697775fcc6be19dd17474cc327,11.40635390999999,0.0,lacuna-m1
2026-05-06 06:08:30,day,tech,93,0x07aa130f25e9f8aad138fa12de8e1bce7455e110,10.695148799999515,0.0,1dad
2026-05-06 06:08:30,day,tech,94,0x8f13db915cca106e6330e8a39996c0a875d8daae,10.682809523717992,131.567893,rocky42019
2026-05-06 06:08:30,day,tech,95,0x18088d9907fa21e2e98159b416517d08d275a321,10.503167640000015,0.0,Distinct-Pastrmajlija
2026-05-06 06:08:30,day,tech,96,0xc5a972a409a190f5a7c1079051f62795e9fe0c9a,10.335799999999978,0.0,Dow-Jones
2026-05-06 06:08:30,day,tech,97,0xf579036e211211ab1d5d944f1665c394d5959989,10.24984781400002,199.74,newguy666
2026-05-06 06:08:30,day,tech,98,0x14156aaf70f1d23d4e318ceaa240211229b29752,10.145255685000052,0.0,Reboiy
2026-05-06 06:08:30,day,tech,99,0xf903c4cd098184e67a06a04f9b8fdb36e7bbe028,9.94232900999998,0.0,Viserys
2026-05-06 06:08:30,day,tech,100,0xd416d3309f75426c82a5158cdcb209780af2d9e2,9.910375939999994,0.0,Annihilation
