timestamp,timeframe,category,rank,address,pnl,volume,userName
2026-09-21 08:43:07,day,overall,1,0x5268527977f700f9bf9b6d5cd843859e4e70135d,348274.25687591196,1458352.9734199997,HomeRunHazard
2026-09-21 08:43:07,day,overall,2,0x2c335066fe58fe9237c3d3dc7b275c2a034a0563,323810.38314609503,2160666.482477,0x2c335066FE58fe9237c3d3Dc7b275C2a034a0563-1759935795465
2026-09-21 08:43:07,day,overall,3,0x6211f97a76ed5c4b1d658f637041ac5f293db89e,284887.7091008392,147143.36,Tiger200
2026-09-21 08:43:07,day,overall,4,0x9f2fe025f84839ca81dd8e0338892605702d2ca8,282556.5587470761,669543.4444429999,surfandturf
2026-09-21 08:43:07,day,overall,5,0xfe787d2da716d60e8acff57fb87eb13cd4d10319,172949.2657688557,2510605.8456960004,ferrariChampions2026
2026-09-21 08:43:07,day,overall,6,0x4ab9b54427ec4b7f3646b1a0ef1bed73bc708ebe,102266.86937,0.0,RWCS
2026-09-21 08:43:07,day,overall,7,0x6c3aae17140c5e3cde62380daaa323e38575c459,100287.227136,0.0,AvrahamEisenberg - 10161
2026-09-21 08:43:07,day,overall,8,0x918b42a06ff25eaaa4a79eca9da6a9de46f4ea63,85701.07732885468,133082.955984,OhWhenTheReds
2026-09-21 08:43:07,day,overall,9,0xa8cf2ed8751f4e58ad039e1b68a8b58b4395031f,85547.41699299996,0.0,
2026-09-21 08:43:07,day,overall,10,0x1465b79bff7992bc703e1aafb3683b1089647072,69518.67578179436,151636.113219,JnStrtPrdctnMrkts
2026-09-21 08:43:07,day,overall,11,0xe987c520c086cf3930b0d163067b5470ba0ff0e1,64458.41274200013,170909.03825900002,0xe987c520c086Cf3930b0d163067B5470ba0FF0E1-1780518901092
2026-09-21 08:43:07,day,overall,12,0x26b46988d027c6c03cfa12a7c0c6d778be49b8a9,59429.34267969639,291170.975016,kkookkoo
2026-09-21 08:43:07,day,overall,13,0x395c354bf541b3d71d38130e380a415cb942ee8d,57596.24608866484,120076.44,Itlliccaa
2026-09-21 08:43:07,day,overall,14,0xc506cc1d5efd0c85bcb94f9ecaf1b541921ce987,56604.737070458395,0.0,Berniepaidoff
2026-09-21 08:43:07,day,overall,15,0x3d8a89a20aa73fba0f30d080e8120de9f9555724,50773.811573648985,0.0,Poyo
2026-09-21 08:43:07,day,overall,16,0x054964a95e2cb3fc2105a62a1edf3da44979c052,46766.39284902497,0.0,COMEONDUDE
2026-09-21 08:43:07,day,overall,17,0xb9c7d35d1f04d08624fabcfd3b6cee2d3c9baade,46000.00000000003,100000.0,taylorsversion
2026-09-21 08:43:07,day,overall,18,0xb7271c112cbd83eb4c1ef1b554ff963604ae2a9d,45241.01845997991,19326.19,Elaran1993
2026-09-21 08:43:07,day,overall,19,0xd38b71f3e8ed1af71983e5c309eac3dfa9b35029,41390.72523999959,82791.18,primm
2026-09-21 08:43:07,day,overall,20,0x1610db79f753a80207e1d66716be9e91e627ae49,40073.773973525735,519247.312905,HMLSF
2026-09-21 08:43:07,day,overall,21,0xc32359bbc920b365a05cd310b9a998508c980077,38583.944458938524,184639.589479,0x2a075c15e5d5a133b2cd6C882A93C879E6CF00D8-1772812507354
2026-09-21 08:43:07,day,overall,22,0x4f1d5ae26fc31472966e951af3183308736d8de2,37477.43766254817,38044.986778,e46m3
2026-09-21 08:43:07,day,overall,23,0x67542c3219b37fd1610aad290676ff91cdbfe3bc,34977.35114573361,212989.382574,maz26
2026-09-21 08:43:07,day,overall,24,0x2a69660046d7acc4ab204d7cc5ba78b0776cd2f7,34393.58659223816,693794.8003350002,UpTheBlues
2026-09-21 08:43:07,day,overall,25,0xd106952ebf30a3125affd8a23b6c1f30c35fc79c,34028.835595052224,10426.599821,Herdonia
2026-09-21 08:43:07,day,overall,26,0xb7fffe75ad88a55987cd8c60ad6a53640e80aa79,33260.18634400001,92319.910137,yoyoyoyoer
2026-09-21 08:43:07,day,overall,27,0xc789d1196769518a3c8d15c61cdc6415e40d1a62,30816.3706,0.0,tikstt2
2026-09-21 08:43:07,day,overall,28,0xe16d3f2a5807999b358affd9445c3a09e45e5e30,29392.310804805835,81558.350963,0xE16D3F2A5807999b358aFfD9445C3a09E45E5e30-1776429210592
2026-09-21 08:43:07,day,overall,29,0xa38a455bbdd4b68486548b7e19da99903f4f821d,29249.315758015968,1150382.308103,takeormake
2026-09-21 08:43:07,day,overall,30,0x0f35109cc3ceaf729609c3109310791bd616c84a,27254.641564000005,0.0,
2026-09-21 08:43:07,day,overall,31,0x782186952ef2ca75ea91c95aef25bbdcffb4bb1a,23607.80041509913,0.0,thif - 33063
2026-09-21 08:43:07,day,overall,32,0x16bb9951a36fce71e2ef57890b786145e0ba8492,23241.008753847127,0.0,SDTrading
2026-09-21 08:43:07,day,overall,33,0x3dfb153c197d4c19d3b31c1ecd2c7b6860eeabaf,21860.600947783794,96456.850512,0x3DFb153c197D4C19D3B31c1ecD2c7B6860eeabAf-1722957908185
2026-09-21 08:43:07,day,overall,34,0x95b198f900d19a80d3d7e47b7b17708af254f9ac,18124.591877,0.0,thepicklebomber - 3805
2026-09-21 08:43:07,day,overall,35,0xa080dadd87036ad01dbf5e9c254b0c3dbdba234f,17725.834664439026,445.456731,bands1
2026-09-21 08:43:07,day,overall,36,0x0fabca735d47e427ae47b5abe263c6918dbe4ed1,17276.04860000001,0.0,M4ken168
2026-09-21 08:43:07,day,overall,37,0x1b47e9b128e6b671edebfb2cac23dd3efc40d814,17195.61243863903,72103.63999999998,sbsigner
2026-09-21 08:43:07,day,overall,38,0x0828e2ab9f76708970ad6fa20f457f8cc6d0a1a6,16882.676497480417,102548.146393,0x0828e2aB9F76708970aD6FA20F457f8Cc6d0A1A6-1776562467419
2026-09-21 08:43:07,day,overall,39,0x536075898ec928492dcd70efb372e641eede1f6f,16837.065215645613,28009.143649,0x536075898ec928492dcd70efb372e641EEdE1F6F-1766758836161
2026-09-21 08:43:07,day,overall,40,0x89a636baae1c31a712eff86c564601ac4135429a,16666.170000000027,60007.0,n0tTODAY
2026-09-21 08:43:07,day,overall,41,0x7fb23b0d330ea4ac4f3cecce1eb81fb0bfb3ed4b,14768.168524999995,0.0,
2026-09-21 08:43:07,day,overall,42,0x4f70929ba287ac85dc2431c85382ccd9e6b0d185,14234.245540373948,0.0,Lance Uppercut
2026-09-21 08:43:07,day,overall,43,0xb595d09ce5bbc4d39e3b3d04e80c402d2c8d5922,14141.073495041488,15445.737728999997,0xB595d09Ce5bBc4d39E3b3D04E80C402d2C8D5922-1769777706105
2026-09-21 08:43:07,day,overall,44,0x0346afae2603313d2bbee96b628536c8cbe352a5,14001.02074307995,230001.21991500002,GoalLineGhost
2026-09-21 08:43:07,day,overall,45,0x9524e6caca4da8aa811b57564a0a5a6d9fc286cf,13472.165045994947,22844.140604000004,Crock95
2026-09-21 08:43:07,day,overall,46,0x4bff30af91642dc7d2b19a8664378fe55c45fc26,13438.40542475041,0.0,Sassy-Bucket
2026-09-21 08:43:07,day,overall,47,0x15ae79d7cd60b2a7f06ae46eb4c7a0eb16096ffd,13228.384830000006,0.0,humiliating piglet
2026-09-21 08:43:07,day,overall,48,0xec981ed70ae69c5cbcac08c1ba063e734f6bafcd,13103.578526717756,35200.004222,0xheavy888
2026-09-21 08:43:07,day,overall,49,0x03805a13a0b3e058f55f6c6af95389d4f431073d,13078.086472013883,34329.592279000004,donthackme
2026-09-21 08:43:07,day,overall,50,0xd1ed12197b7dc22dede923727e9b714024dbd7cb,12975.832697172966,338420.585673,curie
2026-09-21 08:43:07,day,overall,51,0x9cb990f1862568a63d8601efeebe0304225c32f2,12866.102533985744,114758.135797,jtwyslljy
2026-09-21 08:43:07,day,overall,52,0x52f5efdfb8759d4b9be1fbe63f80401474445e8a,12540.0,0.0,martingaleking
2026-09-21 08:43:07,day,overall,53,0xfea31bc088000ff909be1dfd8d0e3f2c7ef2d227,11975.268932735607,69741.73693999999,ndb1
2026-09-21 08:43:07,day,overall,54,0x457f2814dac53a0a9951b5c2ea5a9db20896aa1a,11816.723054419988,15000.0,Greedo
2026-09-21 08:43:07,day,overall,55,0xf5e15d3344c35890f1aa716dca88e13eb9065ad0,11707.030479527759,11906.393016,WYNNERBACC
2026-09-21 08:43:07,day,overall,56,0x9b129ad05bc0a8df3c73dfcc66fe75252daec2d5,11674.072141198541,7362.665565999998,0x9b129aD05Bc0a8df3C73DfCC66fE75252DaEC2D5-1778811687225
2026-09-21 08:43:07,day,overall,57,0x7b1036b62136cad4ac4b86668c3dcb9e84e2acab,11670.190879818916,16664.28,unknowngambler
2026-09-21 08:43:07,day,overall,58,0xc785252b25901a591e9d962e09f4342468444ef2,11508.594039557353,120273.466282,dips.
2026-09-21 08:43:07,day,overall,59,0x6f3e7f25baa7d2d49e15e2d2957ff3dec62cbcf8,11482.686464026807,25244.260000000002,fRibrenlc
2026-09-21 08:43:07,day,overall,60,0x903221b1098263779ae19486028c844e8c338717,11419.323762208425,0.0,0x903221b1
2026-09-21 08:43:07,day,overall,61,0xdaef2be2a19ad331737d06545f85615b094554e9,11363.728151873935,0.0,PEYZ-BIGGEST-FAN
2026-09-21 08:43:07,day,overall,62,0x032eb1bc893940263ad0b01889f262fc232f2a9e,10668.646704238601,85071.68,purplegatto
2026-09-21 08:43:07,day,overall,63,0x614dc8d3542c12103d2c6a3553fd761e391d1546,10652.705399282575,1155.2700009999999,mr.ozi
2026-09-21 08:43:07,day,overall,64,0x322f041810cee536293dcb4c99fc23b3a766940a,10043.226767999999,0.0,Sports
2026-09-21 08:43:07,day,overall,65,0xb56db5215443706244b0af76b3daaad3066ad621,10019.966152000008,25009.961966,DegenKingBetter
2026-09-21 08:43:07,day,overall,66,0xb6c35456f029c3eeb66853a0481199d2c474600f,9994.091247000004,35693.055553,everythingisokay
2026-09-21 08:43:07,day,overall,67,0xa2cd4ccda9a1f95949df7a3355c4c2daa0642ba0,9659.724076359958,0.0,0xA2cd4CcdA9A1f95949DF7A3355C4c2DAa0642Ba0-1729178570395
2026-09-21 08:43:07,day,overall,68,0xdf601027765a27703be9ba22a9894e40c15708c7,9531.032099999997,34550.0,edge7777
2026-09-21 08:43:07,day,overall,69,0x44c1dfe43260c94ed4f1d00de2e1f80fb113ebc1,9517.441623767823,66073.03823600001,aenews2
2026-09-21 08:43:07,day,overall,70,0xe0eeb30d92eb2a995fc82b4e58def02c53e6fa3f,9426.288296831113,0.0,predictor - 3335
2026-09-21 08:43:07,day,overall,71,0x689f7d0a49d2646dc199848ffbdb4757242e259c,9307.638721854484,14580.933362,FavoritesAreNotReal
2026-09-21 08:43:07,day,overall,72,0x33bcb6e9bd44be709122b2940c55e34f1a7e37dc,9151.289296680516,13.0,StudyPrediction
2026-09-21 08:43:07,day,overall,73,0x84898b583d56054b502c6564f3edfad43b54e211,8927.851561376445,0.0,JustLearning
2026-09-21 08:43:07,day,overall,74,0x866056133a70de9282a080758858d1a0c8b393ed,8887.232675386651,7859.841280000001,esportsbetter1
2026-09-21 08:43:07,day,overall,75,0x88c3fcdca5c1a4afbcc6352ba3a50123d17dbea3,8838.542386975008,26044.723447000004,GEAEW
2026-09-21 08:43:07,day,overall,76,0x682005011dd19c1e986cb060ed6ab83845f21c19,8751.543007926113,0.0,winwin518168
2026-09-21 08:43:07,day,overall,77,0x37e944c698f533d3144d1175f3e846dcafb9eede,8639.763519044936,23025.73909,GaoJin-GamblingGod
2026-09-21 08:43:07,day,overall,78,0xfefaf44054fb92d87882f2bd24bddbd163487bed,8476.656116999999,0.0,vivaFujimori - 33031
2026-09-21 08:43:07,day,overall,79,0xae95a2fd8df6b5e621d583157d47412a6b066579,8274.744259,0.0,draintheswamp!
2026-09-21 08:43:07,day,overall,80,0xf9fe29004c5a905c7b78bbb930ac57feea67366b,8253.527086300139,10172.583531000002,CanadianGoose
2026-09-21 08:43:07,day,overall,81,0x31706006a0ef88b2b8f6d093efbc83b359fbc6a0,8249.999999999985,0.0,thatguythatguy
2026-09-21 08:43:07,day,overall,82,0x1cfc260bfa2b5ae89377863180ca3b4f5c862111,8101.695442780286,47939.76254499999,lissartter
2026-09-21 08:43:07,day,overall,83,0x09fb8ab5f70b2140511c366451e0f02c3c10d01c,7974.457056,0.0,mkiaz - 1025
2026-09-21 08:43:07,day,overall,84,0xd6966eb1ae7b52320ba7ab1016680198c9e08a49,7973.84809141105,63977.360624999994,Painfulvoid
2026-09-21 08:43:07,day,overall,85,0xbbf379252411511adab081f016dc991aa6bbaa3a,7705.746632523533,62833.250731,0xbbf379252411511ADAb081F016Dc991aA6bbAA3A-1768154730738
2026-09-21 08:43:07,day,overall,86,0x1f682adb9a5cf101bcf53a7cd00bc2c594f7c9b3,7677.93231,0.0,0x3177d25a95524e6d98843c78cd604b67fb1b92b9
2026-09-21 08:43:07,day,overall,87,0x9703676286b93c2eca71ca96e8757104519a69c2,7637.177406619969,32052.291241000003,AnonymousUsername
2026-09-21 08:43:07,day,overall,88,0xe91171f655be1568e4c63f29663c0028649e3d4e,7629.559317475372,135968.52335699997,0xE91171f655bE1568e4c63f29663c0028649e3d4e-1765651946286
2026-09-21 08:43:07,day,overall,89,0x4aec70021891ea712aaf3e2dd76c30f6b09a4ce9,7501.5387436921155,30799.821396,gxxyy
2026-09-21 08:43:07,day,overall,90,0x7668efbca0df8195ba199d3e19cb768e8b3779ec,7415.563737000002,0.0,
2026-09-21 08:43:07,day,overall,91,0x03f4bd4bd14e0dffa6f012d023387e1a327f7e44,7407.51058392501,0.0,shaw
2026-09-21 08:43:07,day,overall,92,0xf2f6af4f27ec2dcf4072095ab804016e14cd5817,7392.005994850537,0.0,gopfan2
2026-09-21 08:43:07,day,overall,93,0x448861155279dbf833d041b963e3ac854599e319,7285.134375145195,51915.979999999996,Flipadelphia
2026-09-21 08:43:07,day,overall,94,0x6e70943dafad3442237b4ac2cb333dd9d5d3a900,7233.139868747001,21951.866066,t554655466
2026-09-21 08:43:07,day,overall,95,0xb55fa1296e6ec55d0ce53d93b9237389f11764d4,7196.871151339961,249005.4994979999,0xb55fa1296E6ec55D0cE53d93B9237389f11764d4-1777575277609
2026-09-21 08:43:07,day,overall,96,0xe390b3f7cdbd7d9821c080bbe460a2814770e80f,7137.500022664193,5000.0,AppleTiime
2026-09-21 08:43:07,day,overall,97,0x2d395d11014415644fe9a8599fe050e7f3a06053,6969.199413483263,24793.173252999997,minji
2026-09-21 08:43:07,day,overall,98,0x664a25f165a0150ce687410470f3352f5783fc5f,6658.686652426637,78750.324576,itsonlyamatteroftime
2026-09-21 08:43:07,day,overall,99,0x601adc5746593c23fe16770a3056271df946a675,6648.432613923262,0.0,Mastermind290420
2026-09-21 08:43:07,day,overall,100,0x6575759174ad221bba9947bc3f18750ec769b198,6636.091156816998,0.0,dromedaryy
2026-09-21 08:43:07,day,politics,1,0x4f1d5ae26fc31472966e951af3183308736d8de2,27140.331826090463,25292.251083999992,e46m3
2026-09-21 08:43:07,day,politics,2,0x9524e6caca4da8aa811b57564a0a5a6d9fc286cf,13475.069218626944,22844.140604000004,Crock95
2026-09-21 08:43:07,day,politics,3,0x614dc8d3542c12103d2c6a3553fd761e391d1546,10976.799742552568,1155.2700009999999,mr.ozi
2026-09-21 08:43:07,day,politics,4,0x9b129ad05bc0a8df3c73dfcc66fe75252daec2d5,10931.54590070324,1737.6604319999997,0x9b129aD05Bc0a8df3C73DfCC66fE75252DaEC2D5-1778811687225
2026-09-21 08:43:07,day,politics,5,0x03805a13a0b3e058f55f6c6af95389d4f431073d,10682.275610403623,14612.023850000001,donthackme
2026-09-21 08:43:07,day,politics,6,0x448861155279dbf833d041b963e3ac854599e319,7272.47067994508,51915.979999999996,Flipadelphia
2026-09-21 08:43:07,day,politics,7,0xf2f6af4f27ec2dcf4072095ab804016e14cd5817,6621.734561292455,0.0,gopfan2
2026-09-21 08:43:07,day,politics,8,0xc4c8983df5c71c6e7329e1a78ccbdde7ca10cabb,6104.30910860248,0.0,CARBEACH
2026-09-21 08:43:07,day,politics,9,0xac4a1fabdac2438d6afa2a9e8e83845310a0bf1e,5936.4673830996035,16153.482055,HerrieDavis
2026-09-21 08:43:07,day,politics,10,0xc851cd9bee7d262afd78674f861f9f576a12cd2a,5511.750599980878,5799.149976,betwick
2026-09-21 08:43:07,day,politics,11,0x44c1dfe43260c94ed4f1d00de2e1f80fb113ebc1,5363.325454895385,65322.138236000006,aenews2
2026-09-21 08:43:07,day,politics,12,0xa3282d3e882501229c75d0caf134e62e3afb4977,5278.330689059745,3932.4024339999996,korda77
2026-09-21 08:43:07,day,politics,13,0x1387d145aaf01f6e33b66525dda6e1f51f6955f8,5011.129836231878,16827.219999999994,Lucerys
2026-09-21 08:43:07,day,politics,14,0x6575759174ad221bba9947bc3f18750ec769b198,4969.432150015011,0.0,dromedaryy
2026-09-21 08:43:07,day,politics,15,0x2b9dbf4b6e0e11309a9d6d2a09b72f65f652adc0,4921.019391247959,0.0,seal7
2026-09-21 08:43:07,day,politics,16,0x23d81ba9371e576015c1e562db09c689f56b0288,4900.71735622501,444.649715,flawfence
2026-09-21 08:43:07,day,politics,17,0xb0e74df9430a089aa102e2207af5fde1967439d2,4784.361739296874,0.0,0xb0e74DF9430A089Aa102e2207Af5fde1967439D2-1789545517033
2026-09-21 08:43:07,day,politics,18,0x9f208e85f326f865077fffa68b32d8b0e2bc12c3,4704.499539037381,3742.5469000000003,mildwindow27
2026-09-21 08:43:07,day,politics,19,0xfbedb045813457be883ad83dd1078e88a2a1a665,4383.277405195178,1490.2058539999998,SpringlyFawl
2026-09-21 08:43:07,day,politics,20,0x21ffd2b7a212a6f277ed3eca1a9f8efcbca90d71,4298.459571675383,71446.58896899997,Haradwaith
2026-09-21 08:43:07,day,politics,21,0xff1e352d5310eab17d1e9fd7e00ec33f16c05e2d,4236.590443605994,47597.770000000004,0xff1e352d5310eab17d1e9fd7e00ec33f16c05e2
2026-09-21 08:43:07,day,politics,22,0xf5e47caf8b2e23aa9230d70758bdb2c9747f471a,4154.355407308939,1399.487143,0xF5e47CaF8B2E23aa9230D70758bDb2c9747F471a-1746012744983
2026-09-21 08:43:07,day,politics,23,0x5c14eb6a6d5083c003daa8241ed559d2dc82cc49,3993.929156942482,10.0,forinnerpsandr1x11222
2026-09-21 08:43:07,day,politics,24,0xc6dd722558dbfbd8fa780efcbe819ed8c6604b9f,3650.522096199915,0.0,tourists
2026-09-21 08:43:07,day,politics,25,0x3cd63e65f3df4aaf8ebe9de56fe5f8f633b218e4,3444.46117563601,0.0,HerbertAppreciator
2026-09-21 08:43:07,day,politics,26,0x011f2d377e56119fb09196dffb0948ae55711122,3381.0780277636077,18327.332773000002,11122
2026-09-21 08:43:07,day,politics,27,0xeb490d0534bb68b4c2ce139b219a728cd2c3693e,3353.521592411984,10.0,SuperavitFiscal
2026-09-21 08:43:07,day,politics,28,0xb0c85813a7a4428f1139ff91d3118a92c391fe7f,3301.7947615897865,21431.438220999997,highstake.sport
2026-09-21 08:43:07,day,politics,29,0xc02147dee42356b7a4edbb1c35ac4ffa95f61fa8,3219.3525230786763,65150.279357,Eatpraylove
2026-09-21 08:43:07,day,politics,30,0x74471a007ddcc488f6d57b5e86dfb35a8d48a16d,3173.942021706607,0.0,tetrose
2026-09-21 08:43:07,day,politics,31,0x84cfffc3f16dcc353094de30d4a45226eccd2f63,3160.373200000009,0.0,mooseborzoi
2026-09-21 08:43:07,day,politics,32,0x57b00c3ccef1b6bd6962fb9ca463c4e0b38e76f4,3057.9634808068076,94697.87626300001,nchgbhy
2026-09-21 08:43:07,day,politics,33,0xdf17f4a8dd01a4cfa6fc3da323a2baee5f8697d1,3041.349578541587,21937.511544999998,gkeqd
2026-09-21 08:43:07,day,politics,34,0x88c4919de76e526d55a32c1f8afb439dd1f1129a,2960.0453543770127,68827.74307299999,RenanPresidente.
2026-09-21 08:43:07,day,politics,35,0xd1e8ad4614a160553cd51122e6a1110b7c0b27b1,2868.1046929485055,0.0,alexhamilton
2026-09-21 08:43:07,day,politics,36,0x2d99e29c4f066ba32098c65e4c7454b277d94ca3,2810.518291164277,110022.369801,scout
2026-09-21 08:43:07,day,politics,37,0x6d9fc316c3b8377060a44b852ba664adbfd59790,2791.378256376367,15447.041093999998,MEPP
2026-09-21 08:43:07,day,politics,38,0x22e4248bdb066f65c9f11cd66cdd3719a28eef1c,2735.359064934979,0.0,ProfessionalPunter
2026-09-21 08:43:07,day,politics,39,0x836ffd95ef3cf3c7987612279b2152b11ce6906e,2708.427476477169,651.0,MrNoItAll
2026-09-21 08:43:07,day,politics,40,0xa0bca9bdd8540da95060ed1fafb78aa03835d428,2707.5550980159605,651.171667,Porx
2026-09-21 08:43:07,day,politics,41,0xeb34b86ca3ca64eb3cee6c9a0cce668385df7268,2707.1157110674976,29205.135676,kneelbeforetheking
2026-09-21 08:43:07,day,politics,42,0x162f6fff88a52864f2ecc9833e58089d5254798d,2690.9916288562235,77.34,Valen9
2026-09-21 08:43:07,day,politics,43,0x944e0472b99926f4f712fc97dc0a846a8c5d8c94,2685.065310946695,3346.8263209999996,mountaindewd
2026-09-21 08:43:07,day,politics,44,0x515e2144bf38402568979db4ea7f6b64636c8309,2555.251829076875,1367.8384260000003,bullishkirby
2026-09-21 08:43:07,day,politics,45,0x5d189e816b4149be00977c1a3c8840374aec4972,2553.9414613810077,3571.06,gloriafoster
2026-09-21 08:43:07,day,politics,46,0x032eb1bc893940263ad0b01889f262fc232f2a9e,2525.8254080000006,11212.0,purplegatto
2026-09-21 08:43:07,day,politics,47,0x137060efbd6e6004b50f14b8ff8108254db22cfd,2467.5732877619957,0.0,fqy2026
2026-09-21 08:43:07,day,politics,48,0xee1706b93845d50ea60e49219be7311a2ebb6ea1,2432.1607169894996,0.0,jwerhor
2026-09-21 08:43:07,day,politics,49,0xecb14ac6e9ca447ce2f2912e6217b43d7b655da3,2406.644463159493,0.0,SaylorMoon
2026-09-21 08:43:07,day,politics,50,0x1ab12dd078dd0896dd48c7c9bf8ea9f669455b1b,2365.228539223066,1758.3663219999999,shaloooom
2026-09-21 08:43:07,day,politics,51,0x40047c2a7f97b6849ec2a665425c171dc4b6c40b,2352.149543095984,50.0,0xrc
2026-09-21 08:43:07,day,politics,52,0xcf19c420814435ffb1c459588208ed23a7ee6402,2325.2574745440506,31.964574000000002,PantheraUncia
2026-09-21 08:43:07,day,politics,53,0xe25b9180f5687aa85bd94ee309bb72a464320f1b,2269.083342708065,65510.0,WordleAddict
2026-09-21 08:43:07,day,politics,54,0x17e313bb9173febb23c865a2ef8a4e8e0eaf9ba5,2224.8887821289973,20.0,hymolu
2026-09-21 08:43:07,day,politics,55,0x84eef61c62c8d008b672ff8b5e15a955f0e4c788,2183.410603872948,14990.834481000002,taxmoney
2026-09-21 08:43:07,day,politics,56,0xdf705353876ceb2549f0c03ffcb4cba33d785e92,2177.9894430495497,140227.97,AngryRhino
2026-09-21 08:43:07,day,politics,57,0xc23ecc9f4d36ad8fa7675f135a6f59f36dac6499,2097.512770608,0.0,Voland6777
2026-09-21 08:43:07,day,politics,58,0xddb1ecc4ddf67d6732630d5eea099f9ffa53ea72,2085.0876504252865,2050.0,0x22d479bf00cf48acfeb61c174fdae8d4e530b4
2026-09-21 08:43:07,day,politics,59,0xc5187cb669690150643ba2f9aac6b7d98d212594,2079.681041353353,525.0,mustbethewater
2026-09-21 08:43:07,day,politics,60,0x83733b87090cf97aee473b1000beb9bfab7af0bc,2068.870893488056,5257.636955,merod
2026-09-21 08:43:07,day,politics,61,0x63807bb19bef50c1523f38ac540016d853789fb0,2042.8612790787047,3421.9080750000003,fendop
2026-09-21 08:43:07,day,politics,62,0xb8e32d575b8d360f90bcc95596e9a0bee444aaf2,1972.1450517710055,0.0,Jan777
2026-09-21 08:43:07,day,politics,63,0xd8d5289c35124b5353f5a10a28b8cc29aec38935,1971.028755100153,1830.1768180000001,D8D5289c35124b5353f5A10A28B8cC29aEC38935
2026-09-21 08:43:07,day,politics,64,0x2974bd0059e48f215c391882976e0f1b4c8c9c23,1967.4487215382396,0.0,65765757
2026-09-21 08:43:07,day,politics,65,0xc97b0b2a2547bb3ed57167092ef8a6e816c347e5,1925.8394131779714,0.0,Avamax
2026-09-21 08:43:07,day,politics,66,0x0ead7a48afa30eba6413b8d5717569e514019572,1871.2492218565312,6022.601906,minisobaby
2026-09-21 08:43:07,day,politics,67,0x5e3d9733fa5876a5e7a07799445a25a5fb5a6143,1851.8165200890107,0.0,eightrock
2026-09-21 08:43:07,day,politics,68,0x3eae57986be5e0ca435102ffe1f14206ffa2e2ed,1843.6169009366859,4.25532,thoodr
2026-09-21 08:43:07,day,politics,69,0x56d0ec3e42cebca3de14da378720aa32d1f681d6,1831.0633971699972,0.0,MemeKing20
2026-09-21 08:43:07,day,politics,70,0x8afa03dd6974e44d00c4d14dcccb00c0ddf6adb6,1815.4801458900038,51148.574469,stupid22
2026-09-21 08:43:07,day,politics,71,0xeed8c2be411025120fb511ea2332dd0a1f6135f0,1814.1215755282465,63131.32249199999,WarriorH
2026-09-21 08:43:07,day,politics,72,0x27b0dceebc77ebc59573b818144743b9f1a2209b,1788.2016270700024,0.0,yuahldj
2026-09-21 08:43:07,day,politics,73,0x1d55aeab2ac1da8ce5887d8709a8328b2051f488,1778.5948027223058,9818.386161999999,zwxokx2
2026-09-21 08:43:07,day,politics,74,0x88e2b1b6c7847828fc91af43aba2fee07fb07489,1776.4190657590225,11739.494275000001,pakukudolphi
2026-09-21 08:43:07,day,politics,75,0xa0f21e6d351baa9185716b5c00c2925ed9621848,1711.659303538734,4432.303475,
2026-09-21 08:43:07,day,politics,76,0x12d6cccfc7470a3f4bafc53599a4779cbf2cf2a8,1653.3820717171766,122813.14,classified
2026-09-21 08:43:07,day,politics,77,0x9df5166f93d6a65ac3c3428d8644b2e7175361e1,1636.0263668545012,0.0,novice99
2026-09-21 08:43:07,day,politics,78,0xeb22f4735df6bd5d14e1b5fd10faefa7757d808a,1593.3760261404823,0.0,BigRabbit
2026-09-21 08:43:07,day,politics,79,0x4e72c22cd76f9973a48aedfd79feeaacc8b7ffb9,1590.6132515657955,1677.2667000000001,0x4E72c22CD76f9973a48aedfd79FeEAaCC8B7FFb9-1778811541343
2026-09-21 08:43:07,day,politics,80,0x8b881cf08d3a53d3711d7ea85783b94738e55f5e,1579.6592280395053,7017.4114,Bet1nthedark
2026-09-21 08:43:07,day,politics,81,0x4be5bfbdc705157e075d21ea1926594a03aac1b3,1579.127409331818,406.242259,dsoperative
2026-09-21 08:43:07,day,politics,82,0xcd71fd5370880f3d92bb941e628c05840fe0d127,1547.2898441714933,0.0,Kevindoto
2026-09-21 08:43:07,day,politics,83,0xe899b5ea69afb161da7a35597b6fe70398860899,1537.3958958331496,19052.239999999998,SlavaUkraini
2026-09-21 08:43:07,day,politics,84,0x7dcf235766e6b09c8869468a75d5495cf171a7bd,1531.7435896903917,3409.9650630000006,godblessme2026
2026-09-21 08:43:07,day,politics,85,0x49e94011df9060dcc367995892faeb193e348f85,1460.445178392998,0.0,MoonLambo1205
2026-09-21 08:43:07,day,politics,86,0x5edc7bba7516cd28dc886ad576ba197bb114bbad,1419.4700432319914,257.0,Tee1000
2026-09-21 08:43:07,day,politics,87,0x93521335308a270795daa9f073b5406938b12227,1412.4973963683005,1942.4699999999998,peterfromfamilyguy
2026-09-21 08:43:07,day,politics,88,0xf2d33b42844c825a8ee4322b217683ff048cdcbd,1398.8709641000023,0.0,What.Could.Thing.7
2026-09-21 08:43:07,day,politics,89,0x764b305694b026c1acce7bf862c3b5456a146bad,1391.0008867743018,2919.42,quietparcel
2026-09-21 08:43:07,day,politics,90,0x410aa391edffa58af64517ec579af5def62b2643,1387.3794775300012,0.0,afdafdafdafdafd
2026-09-21 08:43:07,day,politics,91,0x234485c24869cab818c56031dc12402895536458,1371.224925368765,186.0,mr52global
2026-09-21 08:43:07,day,politics,92,0x1ee9a5fc09665909c0cce297c581703bfbb9197f,1363.020023458499,7244.452286,vinii
2026-09-21 08:43:07,day,politics,93,0x706ccabb8023add7fe4e773aaaab812eb2d6a94b,1361.1505015400107,0.0,Amrosein
2026-09-21 08:43:07,day,politics,94,0x369f46433349a57cd6d08abf2819da737c09873e,1356.6502238664834,0.0,kindar
2026-09-21 08:43:07,day,politics,95,0x3c8ac6a99d9c7a41860aec2ae7520c7aaa68b45a,1339.3364617865009,0.0,momom
2026-09-21 08:43:07,day,politics,96,0xb51b3beffd13cde071ed799e70a7b0b598e8b4d9,1324.6570208321355,0.0,cambridgeisaac
2026-09-21 08:43:07,day,politics,97,0x2a93e62cf5b5cc67233062784d3fc2627030ddd8,1317.97786184,0.0,rurmd
2026-09-21 08:43:07,day,politics,98,0x9703676286b93c2eca71ca96e8757104519a69c2,1316.029402555636,1741.5199999999998,AnonymousUsername
2026-09-21 08:43:07,day,politics,99,0x99518fa0d201e7542ea2b852809da5a5c8d811bd,1304.7719373780174,0.0,imnice
2026-09-21 08:43:07,day,politics,100,0xfbc4f4bb4c9d3f7b0b5f011db376959191cc201d,1299.9967069400006,0.0,ChiCozCapital
2026-09-21 08:43:07,day,sports,1,0x5268527977f700f9bf9b6d5cd843859e4e70135d,348274.25687591196,1458352.9734199997,HomeRunHazard
2026-09-21 08:43:07,day,sports,2,0x2c335066fe58fe9237c3d3dc7b275c2a034a0563,323830.3788760961,2149264.482477,0x2c335066FE58fe9237c3d3Dc7b275C2a034a0563-1759935795465
2026-09-21 08:43:07,day,sports,3,0x6211f97a76ed5c4b1d658f637041ac5f293db89e,284887.7091008392,147143.36,Tiger200
2026-09-21 08:43:07,day,sports,4,0x9f2fe025f84839ca81dd8e0338892605702d2ca8,282556.5587470761,669543.4444429999,surfandturf
2026-09-21 08:43:07,day,sports,5,0xfe787d2da716d60e8acff57fb87eb13cd4d10319,172949.2657688572,2510605.8456960004,ferrariChampions2026
2026-09-21 08:43:07,day,sports,6,0x918b42a06ff25eaaa4a79eca9da6a9de46f4ea63,85701.07732885468,133082.955984,OhWhenTheReds
2026-09-21 08:43:07,day,sports,7,0xe987c520c086cf3930b0d163067b5470ba0ff0e1,64458.41274200013,170909.03825900002,0xe987c520c086Cf3930b0d163067B5470ba0FF0E1-1780518901092
2026-09-21 08:43:07,day,sports,8,0x26b46988d027c6c03cfa12a7c0c6d778be49b8a9,59429.34267969639,291170.975016,kkookkoo
2026-09-21 08:43:07,day,sports,9,0x395c354bf541b3d71d38130e380a415cb942ee8d,57597.29946466485,120036.44,Itlliccaa
2026-09-21 08:43:07,day,sports,10,0xc506cc1d5efd0c85bcb94f9ecaf1b541921ce987,56604.737070458395,0.0,Berniepaidoff
2026-09-21 08:43:07,day,sports,11,0x054964a95e2cb3fc2105a62a1edf3da44979c052,46766.39284902497,0.0,COMEONDUDE
2026-09-21 08:43:07,day,sports,12,0xb9c7d35d1f04d08624fabcfd3b6cee2d3c9baade,46000.00000000003,100000.0,taylorsversion
2026-09-21 08:43:07,day,sports,13,0xb7271c112cbd83eb4c1ef1b554ff963604ae2a9d,45241.01845997991,19326.19,Elaran1993
2026-09-21 08:43:07,day,sports,14,0xd38b71f3e8ed1af71983e5c309eac3dfa9b35029,41390.72523999959,82791.18,primm
2026-09-21 08:43:07,day,sports,15,0x1610db79f753a80207e1d66716be9e91e627ae49,40073.77397344564,519247.312905,HMLSF
2026-09-21 08:43:07,day,sports,16,0xc32359bbc920b365a05cd310b9a998508c980077,38583.94445801852,184639.589479,0x2a075c15e5d5a133b2cd6C882A93C879E6CF00D8-1772812507354
2026-09-21 08:43:07,day,sports,17,0x67542c3219b37fd1610aad290676ff91cdbfe3bc,34977.35114573361,212989.382574,maz26
2026-09-21 08:43:07,day,sports,18,0x2a69660046d7acc4ab204d7cc5ba78b0776cd2f7,34393.58659223793,693794.8003350003,UpTheBlues
2026-09-21 08:43:07,day,sports,19,0xd106952ebf30a3125affd8a23b6c1f30c35fc79c,34028.835595052224,10426.599821,Herdonia
2026-09-21 08:43:07,day,sports,20,0xb7fffe75ad88a55987cd8c60ad6a53640e80aa79,33260.18634400001,92319.910137,yoyoyoyoer
2026-09-21 08:43:07,day,sports,21,0xc789d1196769518a3c8d15c61cdc6415e40d1a62,30816.3706,0.0,tikstt2
2026-09-21 08:43:07,day,sports,22,0xa38a455bbdd4b68486548b7e19da99903f4f821d,30023.204964165867,1148649.598103,takeormake
2026-09-21 08:43:07,day,sports,23,0x16bb9951a36fce71e2ef57890b786145e0ba8492,23241.008753847127,0.0,SDTrading
2026-09-21 08:43:07,day,sports,24,0x3dfb153c197d4c19d3b31c1ecd2c7b6860eeabaf,21860.600947783794,96456.850512,0x3DFb153c197D4C19D3B31c1ecD2c7B6860eeabAf-1722957908185
2026-09-21 08:43:07,day,sports,25,0xa080dadd87036ad01dbf5e9c254b0c3dbdba234f,17725.834664439026,445.456731,bands1
2026-09-21 08:43:07,day,sports,26,0x0fabca735d47e427ae47b5abe263c6918dbe4ed1,17276.04860000001,0.0,M4ken168
2026-09-21 08:43:07,day,sports,27,0x1b47e9b128e6b671edebfb2cac23dd3efc40d814,17195.761888638997,72082.00999999998,sbsigner
2026-09-21 08:43:07,day,sports,28,0x0828e2ab9f76708970ad6fa20f457f8cc6d0a1a6,16882.676497480417,102548.146393,0x0828e2aB9F76708970aD6FA20F457f8Cc6d0A1A6-1776562467419
2026-09-21 08:43:07,day,sports,29,0x89a636baae1c31a712eff86c564601ac4135429a,16666.170000000013,60007.0,n0tTODAY
2026-09-21 08:43:07,day,sports,30,0xb595d09ce5bbc4d39e3b3d04e80c402d2c8d5922,14141.073495041463,15445.737728999997,0xB595d09Ce5bBc4d39E3b3D04E80C402d2C8D5922-1769777706105
2026-09-21 08:43:07,day,sports,31,0x0346afae2603313d2bbee96b628536c8cbe352a5,14001.020743079018,230001.21991500002,GoalLineGhost
2026-09-21 08:43:07,day,sports,32,0xfea31bc088000ff909be1dfd8d0e3f2c7ef2d227,13450.386069903616,69741.73693999999,ndb1
2026-09-21 08:43:07,day,sports,33,0x4bff30af91642dc7d2b19a8664378fe55c45fc26,13438.40542475041,0.0,Sassy-Bucket
2026-09-21 08:43:07,day,sports,34,0xd1ed12197b7dc22dede923727e9b714024dbd7cb,12977.13496458996,324934.437403,curie
2026-09-21 08:43:07,day,sports,35,0x9cb990f1862568a63d8601efeebe0304225c32f2,12866.10253398586,114758.135797,jtwyslljy
2026-09-21 08:43:07,day,sports,36,0x52f5efdfb8759d4b9be1fbe63f80401474445e8a,12540.0,0.0,martingaleking
2026-09-21 08:43:07,day,sports,37,0x457f2814dac53a0a9951b5c2ea5a9db20896aa1a,11824.499999999989,15000.0,Greedo
2026-09-21 08:43:07,day,sports,38,0xc785252b25901a591e9d962e09f4342468444ef2,11715.119571106017,113412.724085,dips.
2026-09-21 08:43:07,day,sports,39,0xf5e15d3344c35890f1aa716dca88e13eb9065ad0,11707.030765283256,11906.393016,WYNNERBACC
2026-09-21 08:43:07,day,sports,40,0x7b1036b62136cad4ac4b86668c3dcb9e84e2acab,11668.988264999964,16664.28,unknowngambler
2026-09-21 08:43:07,day,sports,41,0x6f3e7f25baa7d2d49e15e2d2957ff3dec62cbcf8,11395.13731352684,19407.65,fRibrenlc
2026-09-21 08:43:07,day,sports,42,0xdaef2be2a19ad331737d06545f85615b094554e9,10384.843393435964,0.0,PEYZ-BIGGEST-FAN
2026-09-21 08:43:07,day,sports,43,0xb56db5215443706244b0af76b3daaad3066ad621,10019.966152000008,25009.961966,DegenKingBetter
2026-09-21 08:43:07,day,sports,44,0x37e944c698f533d3144d1175f3e846dcafb9eede,9999.833239999934,20000.0,GaoJin-GamblingGod
2026-09-21 08:43:07,day,sports,45,0xb6c35456f029c3eeb66853a0481199d2c474600f,9994.091247000004,35693.055553,everythingisokay
2026-09-21 08:43:07,day,sports,46,0xdf601027765a27703be9ba22a9894e40c15708c7,9531.032099999997,34550.0,edge7777
2026-09-21 08:43:07,day,sports,47,0x689f7d0a49d2646dc199848ffbdb4757242e259c,9307.638721854484,14580.933362,FavoritesAreNotReal
2026-09-21 08:43:07,day,sports,48,0x33bcb6e9bd44be709122b2940c55e34f1a7e37dc,9086.533659797526,13.0,StudyPrediction
2026-09-21 08:43:07,day,sports,49,0x866056133a70de9282a080758858d1a0c8b393ed,8885.52434202659,7859.841280000001,esportsbetter1
2026-09-21 08:43:07,day,sports,50,0x682005011dd19c1e986cb060ed6ab83845f21c19,8751.543007926113,0.0,winwin518168
2026-09-21 08:43:07,day,sports,51,0x032eb1bc893940263ad0b01889f262fc232f2a9e,8269.050289088627,64638.62,purplegatto
2026-09-21 08:43:07,day,sports,52,0xf9fe29004c5a905c7b78bbb930ac57feea67366b,8253.527086300139,10172.583531000002,CanadianGoose
2026-09-21 08:43:07,day,sports,53,0x31706006a0ef88b2b8f6d093efbc83b359fbc6a0,8249.999999999985,0.0,thatguythatguy
2026-09-21 08:43:07,day,sports,54,0xd6966eb1ae7b52320ba7ab1016680198c9e08a49,7973.848091411055,63977.360624999994,Painfulvoid
2026-09-21 08:43:07,day,sports,55,0xbbf379252411511adab081f016dc991aa6bbaa3a,7705.746628917539,62833.250731,0xbbf379252411511ADAb081F016Dc991aA6bbAA3A-1768154730738
2026-09-21 08:43:07,day,sports,56,0xe91171f655be1568e4c63f29663c0028649e3d4e,7654.961250387045,125393.81518999998,0xE91171f655bE1568e4c63f29663c0028649e3d4e-1765651946286
2026-09-21 08:43:07,day,sports,57,0x03f4bd4bd14e0dffa6f012d023387e1a327f7e44,7407.51058392501,0.0,shaw
2026-09-21 08:43:07,day,sports,58,0xe390b3f7cdbd7d9821c080bbe460a2814770e80f,7137.500022664193,5000.0,AppleTiime
2026-09-21 08:43:07,day,sports,59,0x1cfc260bfa2b5ae89377863180ca3b4f5c862111,6679.57263598729,29664.538028999996,lissartter
2026-09-21 08:43:07,day,sports,60,0x601adc5746593c23fe16770a3056271df946a675,6648.432613923262,0.0,Mastermind290420
2026-09-21 08:43:07,day,sports,61,0x1a6692c85ec7ab4503ae10bd8a30da8e0ca4ae5e,6577.389779135045,10000.000000000002,fenglin5945
2026-09-21 08:43:07,day,sports,62,0x2ce8505aa641791eb8460f6ac6bf5c0511e34527,6558.293914314912,1801.1717499999997,0x2cE8505aA641791EB8460f6ac6bf5C0511E34527-1746735481513
2026-09-21 08:43:07,day,sports,63,0x8adc5aceb4718b2972e34dfffa45d58b56b5bafc,6537.419558482536,0.0,binkybarnes55
2026-09-21 08:43:07,day,sports,64,0xc29198ad764bd6adaf7bb971a3757a689ece5d74,6448.005998743349,167587.90151099995,SnakeBall
2026-09-21 08:43:07,day,sports,65,0x02c539f39a5eef3e0bb821d3dd4e9e74d03dc13a,6348.082865549002,0.0,garabanga
2026-09-21 08:43:07,day,sports,66,0x8488ef25f79c0cf2ffdff307973b2ac10464588c,6324.4187153398525,9199.98,rabby10
2026-09-21 08:43:07,day,sports,67,0x9703676286b93c2eca71ca96e8757104519a69c2,6321.148004064336,30310.771241000002,AnonymousUsername
2026-09-21 08:43:07,day,sports,68,0x1bc8b6519eb646dab62ac7be5b55920f5bb72f68,6067.64499999996,0.0,the.Hound
2026-09-21 08:43:07,day,sports,69,0xeb2938a20cf70edf8e4898d4da0b46d85583fe87,6044.321898000006,151326.48,Sharkooo
2026-09-21 08:43:07,day,sports,70,0x418d51e13d019913bb027db22ecc723fe1ad88a3,5869.609999392618,16000.0,0x418D51e13d019913BB027DB22ECc723fe1AD88A3-1720918577961
2026-09-21 08:43:07,day,sports,71,0xd218e474776403a330142299f7796e8ba32eb5c9,5714.395165400114,200159.989611,cigarettes
2026-09-21 08:43:07,day,sports,72,0x99dc56ad70310bd295964c15b33b34750d5ddbff,5614.351887719338,14117.533985999999,
2026-09-21 08:43:07,day,sports,73,0xec981ed70ae69c5cbcac08c1ba063e734f6bafcd,5442.105896074732,15212.160632000001,0xheavy888
2026-09-21 08:43:07,day,sports,74,0x388e0673edea5b98d0a8f5d7c6b8be59821e3360,5409.584999999999,0.0,ks788ds
2026-09-21 08:43:07,day,sports,75,0xc52ce9ab82877004321b12b199a25eaeb5b20078,5393.559191286047,1237.704917,alandestroy
2026-09-21 08:43:07,day,sports,76,0xae6f9421811243ab8ae4be5612a250f282e3d2b0,5349.999999999999,0.0,debildebil
2026-09-21 08:43:07,day,sports,77,0xe8e086f7ef06af27889edfb5026e1453c61d7eec,5315.693827366049,39342.381632,15perces
2026-09-21 08:43:07,day,sports,78,0x9166ec6b0d48b8a046f520c6f71e73914d8c5bd5,5310.205729999999,16330.0,aaaalesshaaa
2026-09-21 08:43:07,day,sports,79,0x21f333307ac6d2e65ac82f014b3dd2b64cbc35e3,5232.875742708252,2651.939505,hi774c
2026-09-21 08:43:07,day,sports,80,0xb8d757413fe4d4ec4716390938f12100614f5ac7,5094.863468999996,14984.848485,gangmusic
2026-09-21 08:43:07,day,sports,81,0x7b88161f737e26b60bc86a3adf9089aaf1285d08,4948.636095646245,68624.883268,Ajwritescrypt0
2026-09-21 08:43:07,day,sports,82,0x0dbe4798a1719b1fc08cd3acc2369dd77c069013,4902.253220470038,0.0,brussssss
2026-09-21 08:43:07,day,sports,83,0x64c4a7437742d07356774cad6d55dcd9cf411018,4679.995399999989,11999.99,Reformedx
2026-09-21 08:43:07,day,sports,84,0x99f0d31fdced5b3a0e5ee2867730a6644a6c9495,4603.387943007605,8318.239871999998,0x99F0d31fdced5B3A0e5Ee2867730A6644a6C9495-1779037126382
2026-09-21 08:43:07,day,sports,85,0xe954ddb021c19495f1c556f59dadbd1494821ef1,4549.40956755972,519.761865,kingflop
2026-09-21 08:43:07,day,sports,86,0x2005d16a84ceefa912d4e380cd32e7ff827875ea,4504.529307080433,2093686.0735380002,RN1
2026-09-21 08:43:07,day,sports,87,0xde9f7f4e77a1595623ceb58e469f776257ccd43c,4385.393422757275,29979.838260999997,tradecraft
2026-09-21 08:43:07,day,sports,88,0xd9dde44ddeababae222bf7aec96c85cbdab6b525,4357.088904946613,18409.174842,88M
2026-09-21 08:43:07,day,sports,89,0x842ac934cfff1467f27c167c42c318001e407422,4333.4632832572825,0.0,ChompChomp888
2026-09-21 08:43:07,day,sports,90,0xe337f5a28e9c530a676c959a1888ba5368664ad6,4280.627933932847,134677.669528,0xE337F5A28E9C530a676C959A1888Ba5368664ad6-1779639269540
2026-09-21 08:43:07,day,sports,91,0x885ffdf360e5b0b6e6acb963fb3f8ba2344c8ed9,4218.9363962903735,11599.781539,forecastication4
2026-09-21 08:43:07,day,sports,92,0x5e9458202b5817a72cf81105ec8a30e6f3705ba1,4135.028599340003,0.0,pleaseplease123
2026-09-21 08:43:07,day,sports,93,0xf1ef8705e9f63c790c6fffd6329aea7011718cd6,4128.520036709961,0.0,Outsid3rTrading
2026-09-21 08:43:07,day,sports,94,0x4959175440b8f38229b32f2f036057f6893ea6f5,3936.600955273185,1980.3066979999999,Majas
2026-09-21 08:43:07,day,sports,95,0x52d93dcf81444f793dda7fedc370f7a35101fb1a,3868.76073223984,50919.24713800003,LuckyLoo
2026-09-21 08:43:07,day,sports,96,0x24189b6c233a6b9a5365fe99b380673e900766c8,3665.101333999999,8528.122806,Xyp9xFan
2026-09-21 08:43:07,day,sports,97,0x0d2d845a6ff64e31e04a70afce8a573940767ff5,3656.1917523225275,554196.37529,38791873984189
2026-09-21 08:43:07,day,sports,98,0x42c99f38d2b951b0dc8e8bd5371fa80c9dd19623,3649.243869418977,9451.551894,TRCM
2026-09-21 08:43:07,day,sports,99,0x2d6ac4f70307102ac46e9e6ded67f3838ddf8add,3604.359177916049,30924.414127,GC-P
2026-09-21 08:43:07,day,sports,100,0x84dbb7103982e3617704a2ed7d5b39691952aeeb,3574.4656000030227,89529.41,Soarin22
2026-09-21 08:43:07,day,crypto,1,0x1465b79bff7992bc703e1aafb3683b1089647072,69518.67578179436,151636.113219,JnStrtPrdctnMrkts
2026-09-21 08:43:07,day,crypto,2,0x536075898ec928492dcd70efb372e641eede1f6f,16837.250929921112,28009.143649,0x536075898ec928492dcd70efb372e641EEdE1F6F-1766758836161
2026-09-21 08:43:07,day,crypto,3,0xb55fa1296e6ec55d0ce53d93b9237389f11764d4,7196.871151339728,249005.49949799996,0xb55fa1296E6ec55D0cE53d93B9237389f11764d4-1777575277609
2026-09-21 08:43:07,day,crypto,4,0xcc500cbcc8b7cf5bd21975ebbea34f21b5644c82,6602.7654822980985,16921.721674,justdance
2026-09-21 08:43:07,day,crypto,5,0x822590ec325a732fea768ab1d3e8a1e6679d5025,6042.332158141318,33276.252476999995,moh.ak
2026-09-21 08:43:07,day,crypto,6,0xde7be6d489bce070a959e0cb813128ae659b5f4b,6016.213581433003,0.0,wan123
2026-09-21 08:43:07,day,crypto,7,0xb87532a1a04c654700aa8153b3a95675ac4f4b16,4642.740936720045,31344.584913,En11006
2026-09-21 08:43:07,day,crypto,8,0x6db983ff1cbc85249e64e6ccd101aaa613ba4ab5,4521.026425745047,46107.65,tsihkodiives
2026-09-21 08:43:07,day,crypto,9,0xb4f9069e989adfc31eb8d6d551832b1fe1810b71,4512.586388263595,20162.460199,0xB4f9069e989adFC31EB8d6d551832B1fE1810b71-1782938207959
2026-09-21 08:43:07,day,crypto,10,0xd1049158a102840ce595efc6ab683a0cb6fbacef,4301.568035998,0.0,pilimili
2026-09-21 08:43:07,day,crypto,11,0xa40a970102c23322a0f5e28332a58c89dcf3fa62,4174.989398559992,0.0,BTCmaxi
2026-09-21 08:43:07,day,crypto,12,0x44c1dfe43260c94ed4f1d00de2e1f80fb113ebc1,4131.6204744540155,0.0,aenews2
2026-09-21 08:43:07,day,crypto,13,0x664a25f165a0150ce687410470f3352f5783fc5f,3854.5856175250374,42253.558244,itsonlyamatteroftime
2026-09-21 08:43:07,day,crypto,14,0xce25e214d5cfe4f459cf67f08df581885aae7fdc,3339.8061133620795,132566.135743,0xcE25E214D5cfE4f459cf67F08DF581885AAE7Fdc-1777575398144
2026-09-21 08:43:07,day,crypto,15,0x9d84ce0306f8551e02efef1680475fc0f1dc1344,3316.1416119776986,0.0,ImJustKen
2026-09-21 08:43:07,day,crypto,16,0x21f4c1a1be34a39a7bc20985df4b7e5a39fb691d,3138.6540889096577,354530.66438200005,iR5oIctspWfiWhFKjZwl
2026-09-21 08:43:07,day,crypto,17,0xb1a279adb096d316b1b168993e8ed976d3cd372a,2992.2644898380095,0.0,TwoEyes
2026-09-21 08:43:07,day,crypto,18,0x86de0516011e2ad7ce3abdc13577de8608db55c3,2761.725969403342,33008.653559,zhangfan151
2026-09-21 08:43:07,day,crypto,19,0xb895566d5d5e43d55caa4272031019dbef8cb4f9,2755.6076780209987,0.0,Camelcc
2026-09-21 08:43:07,day,crypto,20,0x5b6331e7ff0831a3fe2ed12004747db1a9c911a4,2755.3048376293154,12285.540689,neutralwave23
2026-09-21 08:43:07,day,crypto,21,0x0c689c8e78588fd3d02e56a6e787e7f9e9b09e76,2749.999910614002,0.0,monkeyking42
2026-09-21 08:43:07,day,crypto,22,0xe87f99db88da7a2e1b1b81cc71685a243b99f8e7,2705.1044929440013,0.0,Creamethod
2026-09-21 08:43:07,day,crypto,23,0xa813c68ff7ee4852d46b5f4e7565e741be9404fb,2681.577599514998,0.0,iagoWFLD
2026-09-21 08:43:07,day,crypto,24,0xe9c6312464b52aa3eff13d822b003282075995c9,2639.0094976729015,25222.884856,kingofcoinflips
2026-09-21 08:43:07,day,crypto,25,0xd1436fd149ffe4ec20f385ecf91b55e54a8f83ec,2130.8466162749937,0.0,0xD1436fd149ffE4EC20F385ECF91B55E54a8f83Ec-1762509323867
2026-09-21 08:43:07,day,crypto,26,0x48ac40fc545cf327edd5365435c3a9f385614a7e,2085.9789304699516,204345.64475100004,BoneOhio
2026-09-21 08:43:07,day,crypto,27,0xef24dbead89a87de80f7f330914feb6c651da44d,2035.2880015447981,3587.177739,0xEf24dBeAD89A87DE80F7f330914fEb6C651dA44d-1764841337487
2026-09-21 08:43:07,day,crypto,28,0x2476c35c4b70cbb0d0cdf8d4e5332a3c51718436,2017.146899359992,0.0,beheo123
2026-09-21 08:43:07,day,crypto,29,0xad45e9875d382d0b6ca408a2ec1020584dacb8c9,2003.6604360219753,0.0,JMLL
2026-09-21 08:43:07,day,crypto,30,0x10d57bd3327bcdf43bf0656e717aa56f9dbd5388,1942.9367450258578,30535.189974999994,maxmaxi04
2026-09-21 08:43:07,day,crypto,31,0x51b970365b02a3fbdb6d00d8c481ed6cb0e074f9,1745.0811149349975,0.0,user39100
2026-09-21 08:43:07,day,crypto,32,0xcd30457c790d8b35a08bcf3f894ad6bb52bc2dd0,1717.3097170444162,45093.555148999985,
2026-09-21 08:43:07,day,crypto,33,0x9707eafc9c59ae1631f5c0d7cf342c122592e3bc,1647.9693256069986,0.0,Clodsire
2026-09-21 08:43:07,day,crypto,34,0x363cdad35c9ec1129c0bd3cd332d7c218ef09b0e,1643.1979746294924,0.0,justanother1
2026-09-21 08:43:07,day,crypto,35,0x6575759174ad221bba9947bc3f18750ec769b198,1631.3687068019863,0.0,dromedaryy
2026-09-21 08:43:07,day,crypto,36,0x55be7aa03ecfbe37aa5460db791205f7ac9ddca3,1630.8228206473868,12884.208690999998,coinman2
2026-09-21 08:43:07,day,crypto,37,0x4755188644460fc8140a18ccefc1e80b6a5e4158,1601.8096202250017,0.0,schizohedgehog
2026-09-21 08:43:07,day,crypto,38,0x0fe40e887acbd0022f89d996acce26ab428501b7,1599.642066014756,50097.869833,gobblewobble
2026-09-21 08:43:07,day,crypto,39,0x097953bc2cbd8d2a32e2cca1935a74ec8aefeb0a,1569.634109999999,0.0,zz1223
2026-09-21 08:43:07,day,crypto,40,0xa0e72d5575095199ae08ce0dce447f21b7249461,1560.5587646060521,86301.95490900002,uninformedfloww
2026-09-21 08:43:07,day,crypto,41,0x3eba55f41f4064bc4b070d06a00fec7c2dd5849a,1515.4647099249996,0.0,pwnatorul
2026-09-21 08:43:07,day,crypto,42,0x61228f69f8fe2b61eec3e42c63035d4656042c55,1477.636992000007,2495.6400000000003,hhhh22222
2026-09-21 08:43:07,day,crypto,43,0x5e60d871c2d646de185e541290689b727ef0e468,1456.5622426293776,97210.850935,0x3664555C090fBEFHSVE94a7d216FCe860d746HD5
2026-09-21 08:43:07,day,crypto,44,0x41e2e1ccf1e4940029af02259a31c6b89b9fa354,1445.5137791498855,86795.65641699999,norm1e69
2026-09-21 08:43:07,day,crypto,45,0x7e3471906a6a168f57a4a2ba7ed27206b1b34cc1,1396.4237928399962,0.0,Lecsoman
2026-09-21 08:43:07,day,crypto,46,0xb27bc932bf8110d8f78e55da7d5f0497a18b5b82,1362.4276697101304,193338.070576,
2026-09-21 08:43:07,day,crypto,47,0x0c7c5204404e9d5402d258fedac59c7212bae4cb,1357.4694695968064,36521.186052000005,OhioRiskManagement
2026-09-21 08:43:07,day,crypto,48,0x7b5c0078d4f9cc7cd271e8d3c375eb7382a04960,1349.1657618549998,0.0,0x7B5c0078d4F9CC7cd271E8d3c375EB7382A04960-1774346687518
2026-09-21 08:43:07,day,crypto,49,0x322b2e7c44237c9fed01d534cd1c96687d52aa0c,1315.301116319275,138587.383566,yguaihdkjls
2026-09-21 08:43:07,day,crypto,50,0x55aeeb3eb4e8cc0da6d9e4939caf533bf6c3f5df,1306.0732357158377,143063.40970000002,animal00
2026-09-21 08:43:07,day,crypto,51,0x7cf89836b082aab85b137d45bfc6b991cf2104ae,1303.6531501643913,38725.012377,Alpharo28
2026-09-21 08:43:07,day,crypto,52,0xee67f4f549180f564dd5910b1024b8c6729cef38,1268.5337738099843,0.0,keasiyo
2026-09-21 08:43:07,day,crypto,53,0x388537259dc9e693c1c9b96fdf07a63f6b7aca77,1251.8994238664163,11163.176583999997,easypredict
2026-09-21 08:43:07,day,crypto,54,0xeae707a267b3d6a112167b5c93c3fa74e38c2800,1238.335755178001,0.0,destinyas
2026-09-21 08:43:07,day,crypto,55,0x0bf96a1c55e6f47ea84335bc3fc08a89653efd90,1229.0990975700006,8962.139386,alboto
2026-09-21 08:43:07,day,crypto,56,0xdb5ad26b68d77ae966d29e7180147272ab7a3965,1202.5677471500821,55670.658472,0xDB5
2026-09-21 08:43:07,day,crypto,57,0x1bbed6ce05e6c1eba4ae94a223a47ab591bf776d,1175.682633514998,1668.82,jingxingyhh
2026-09-21 08:43:07,day,crypto,58,0xc61a43c378630bade4d1a8474433494d04104a7c,1165.2138584599998,0.0,btcuppp
2026-09-21 08:43:07,day,crypto,59,0xd1ecce6afe1aa2b112abe0b4db682ce8af3f6ec7,1163.002501554999,0.0,p126.
2026-09-21 08:43:07,day,crypto,60,0x36f4c21a7ed49120c9e19966df5b0f658166ab1e,1146.077477455502,0.0,snoozer
2026-09-21 08:43:07,day,crypto,61,0xc1b4bfdc36eaa5c09e7231c61e5e44c5463f624f,1121.2694569269515,31870.307681000002,sir-upalot
2026-09-21 08:43:07,day,crypto,62,0xaa1a4f31c010d4a63fc49770d4ca2d69ea370602,1115.9082650171295,124064.11766900001,hdueilqhsdn
2026-09-21 08:43:07,day,crypto,63,0x4f423d4ad987215b20b95f788f83c250e9628bbc,1101.1818627809998,0.0,Vgsps11
2026-09-21 08:43:07,day,crypto,64,0xa6657ab4eb9d92c8bbfb1d1d52ce7205e4ca01e3,1075.0480806850683,11047.832389,MikeAddon
2026-09-21 08:43:07,day,crypto,65,0x05f6cb63d4ffdfaecd7ad8acd0765b6f6a5a25a1,1033.4654811909986,0.0,ethBELIVER
2026-09-21 08:43:07,day,crypto,66,0xa66c20d2dcc15cd2d14766a53295cea11406f291,1025.0154454049953,0.0,hahahahaa
2026-09-21 08:43:07,day,crypto,67,0x3fd0190eb137e335db080b9855f90c86849f0022,1024.898713924,0.0,
2026-09-21 08:43:07,day,crypto,68,0x715df5d081e2b1bdd226e865316e707adf8db09b,1018.270707083997,0.0,AlexMakedonskay
2026-09-21 08:43:07,day,crypto,69,0x3048d65321be3497164cdfc2996f94f98a2e7537,988.7939159139642,97923.051262,x-MoneyForWhiskas
2026-09-21 08:43:07,day,crypto,70,0x53e55bc7cb3d67ad177c023ce891ad076a9d6177,973.5923073249869,0.0,Arbguy
2026-09-21 08:43:07,day,crypto,71,0xecb14ac6e9ca447ce2f2912e6217b43d7b655da3,969.7844200000109,0.0,SaylorMoon
2026-09-21 08:43:07,day,crypto,72,0xe8ade1c67a880380ec861c476052c2f00057a859,966.925199819525,14334.204665,suanlimao6
2026-09-21 08:43:07,day,crypto,73,0xbfa41f44e58e10de3c74ad00af749efea6356ba3,959.4981300000036,0.0,4618
2026-09-21 08:43:07,day,crypto,74,0x46ab2c0b292e4a0764a106acc632ff3ed0b836f9,953.5789526988069,4542.027877,Mustafawewe
2026-09-21 08:43:07,day,crypto,75,0x32835f17fbda571f0f02c0a3bf0a6f94d60a1da9,951.6167711599846,0.0,SBFfromprison
2026-09-21 08:43:07,day,crypto,76,0x3c58ef422754ff22c7e806336feba0064d8b776b,937.0118554152432,27271.754281999994,antsaslyku
2026-09-21 08:43:07,day,crypto,77,0xbe529f3c699cc19b8e11d207a3c2fb8cb35432c5,906.5629606160012,0.0,Basquo
2026-09-21 08:43:07,day,crypto,78,0x8d1d5d1c6041b13fc708b5d9f668070e1724ed4a,904.8700815183256,14004.803334,CERTova
2026-09-21 08:43:07,day,crypto,79,0x1b414826a2c991d5ae1669a754291626d0df0b56,898.349960120273,52039.321165000016,Kathod-Shi-14
2026-09-21 08:43:07,day,crypto,80,0x123c22bc5ee04d556f1b98420a61a44ec122ed1d,891.6543623789403,17328.060578999997,0x123C22bC5eE04d556f1B98420A61a44Ec122ED1D-1789202078612
2026-09-21 08:43:07,day,crypto,81,0xbe4eac1e977cff2ecc7e0667f35d160fa974d0c6,891.3549890978502,0.0,0xbE4eAc1e977cFF2eCC7E0667f35d160fa974d0c6-1773956533353
2026-09-21 08:43:07,day,crypto,82,0xfb066dbffe1bdf00c8001af8aeca486c1230cb25,888.2513301559776,12447.835113000001,Yespa123
2026-09-21 08:43:07,day,crypto,83,0xd5a643204bbf5bc36438565ea52fde8d9b4c6991,875.6304283859872,3179.9239509999998,negar
2026-09-21 08:43:07,day,crypto,84,0xcb43452d00c374e826641e9e3bddff3394ec98b0,860.8641291300555,3781.11211,f0008
2026-09-21 08:43:07,day,crypto,85,0x4228048ea2f8f571ff2777cc32baee584c5134cb,859.4692597427347,7209.683806000001,trinity42
2026-09-21 08:43:07,day,crypto,86,0x0b0fca03617cf1b1d442c45852e34db991fc8cd9,854.194395405266,2759.84,pullthetrigger
2026-09-21 08:43:07,day,crypto,87,0xbf337426aa856996b8bb79b238345dd1a0276bf7,847.8513242192566,33200.978557999995,nagi777
2026-09-21 08:43:07,day,crypto,88,0xd1c6f4c08455c9f6a043723bf0a74362dd96737a,839.0,600.0,Lecreusois
2026-09-21 08:43:07,day,crypto,89,0x4f1d5ae26fc31472966e951af3183308736d8de2,834.3131481756955,3366.8699999999994,e46m3
2026-09-21 08:43:07,day,crypto,90,0x87f1b01ab931fdd14b9fcdb527a0822da0a8ec8f,827.4262967985051,0.0,PickleRickC-137
2026-09-21 08:43:07,day,crypto,91,0x765550c1f0af33254a2ac826710d33a4410c1fa8,826.6137349999917,0.0,0x765550C1F0Af33254a2Ac826710D33A4410c1Fa8-1773641069670
2026-09-21 08:43:07,day,crypto,92,0xa4affc210adbcedff0485f6760b10da9e36f48bd,823.7969886519995,0.0,goaty
2026-09-21 08:43:07,day,crypto,93,0x0100f1a36f952615e6e36e13ebe92d2b9929a303,820.7399486345057,40327.732600999996,Szgboy
2026-09-21 08:43:07,day,crypto,94,0x6dc4bf9d9be9b28e303c3ff1c403fc04e3bc6770,810.6642687790081,0.0,RealMaxNick
2026-09-21 08:43:07,day,crypto,95,0xe2a91c06ea3e0eb6cc2102ae84eaba059ac250cb,806.1044672010012,0.0,asdfasdav
2026-09-21 08:43:07,day,crypto,96,0xed366b5fe36e51bbee1622fde80da96c7974e096,804.4530811149993,0.0,Aptekar
2026-09-21 08:43:07,day,crypto,97,0x9d57c42e847173d06841703825d3fe2299e456ea,803.6303595160716,177608.067298,Polkadot-Frog
2026-09-21 08:43:07,day,crypto,98,0x978197534863aad7141d5da5c5db56249448165f,799.9641530000081,3199.8099159999997,fgn22
2026-09-21 08:43:07,day,crypto,99,0xe6534dd9d60cafcd8ac78091fbb883927b1d4594,791.6279514045018,0.0,johnlarx
2026-09-21 08:43:07,day,crypto,100,0x829ceeb214724e86b9f58384c3ee244ad28d6cf6,783.1016831220004,0.0,fleamarut1
2026-09-21 08:43:07,day,finance,1,0xc6e956068048c1cf98d8f0b3a495edc9da130741,5399.003599387128,252.63,luck00004
2026-09-21 08:43:07,day,finance,2,0x53c48faa2373f597b693567f79c3782c6ce7740b,2938.2995632979873,0.0,uma003
2026-09-21 08:43:07,day,finance,3,0x3a8aa345d5db7ec5138298c8c4f4540259be7699,2789.6434629730065,0.0,TheReturnOfDarthMaul
2026-09-21 08:43:07,day,finance,4,0x8b5a7da2fdf239b51b9c68a2a1a35bb156d200f2,2562.2057696884985,0.0,Joe-Biden
2026-09-21 08:43:07,day,finance,5,0x2974bd0059e48f215c391882976e0f1b4c8c9c23,1901.282539616488,0.0,65765757
2026-09-21 08:43:07,day,finance,6,0x9efdf8932077f748fa000ec4e74996829e21b227,1712.804289741504,0.0,zxdw
2026-09-21 08:43:07,day,finance,7,0xc97b0b2a2547bb3ed57167092ef8a6e816c347e5,1514.9595548120087,0.0,Avamax
2026-09-21 08:43:07,day,finance,8,0x80a0da00fbdc8440b0ef601341f14c3e24795708,1418.507811155001,7263.31,de5nuts
2026-09-21 08:43:07,day,finance,9,0xac9b386454ed02ef205e0ebd189d8864fd02d4c5,1412.1553448735003,26.86,tryingmyluckhere
2026-09-21 08:43:07,day,finance,10,0x64d9c4c9994321dc660efe7ddbf457c49f7846e6,1384.4975481585006,0.0,Pokemon001
2026-09-21 08:43:07,day,finance,11,0xeb490d0534bb68b4c2ce139b219a728cd2c3693e,1329.796907566517,0.0,SuperavitFiscal
2026-09-21 08:43:07,day,finance,12,0x3eae57986be5e0ca435102ffe1f14206ffa2e2ed,1177.5888732010062,0.0,thoodr
2026-09-21 08:43:07,day,finance,13,0x7b8c5eadb49be4452148aa31fd98738766c01556,1155.0018144320038,0.0,pmrev
2026-09-21 08:43:07,day,finance,14,0xa19cbababc312f9df185e49d7004c249ed1ade6b,1143.2472600764886,36.377819,Tokor
2026-09-21 08:43:07,day,finance,15,0x1018fa33923d8b0f4b0f8a0822ee045d46027264,1102.943002491098,0.0,EgoVolae
2026-09-21 08:43:07,day,finance,16,0x403f2471f8aaa1e8a224f1338b073bfa3fdb94f1,1056.821572117704,57510.66068500001,PippiTrader
2026-09-21 08:43:07,day,finance,17,0xa540e7ff75ef4bf7ebc6c793cbabe87cee970b43,915.212518991586,7120.163791,pennedreadful
2026-09-21 08:43:07,day,finance,18,0x8888a4f8c8d3834482d77405530d7f5428a40b39,839.9009005661101,7343.231255999999,0x8888A4F8c8D3834482d77405530d7f5428A40b39-1769323876037
2026-09-21 08:43:07,day,finance,19,0xb1ca909e848cc24ec4e220ce1c453bc290c51705,824.8645067279977,0.0,InterestingUser
2026-09-21 08:43:07,day,finance,20,0x88c4919de76e526d55a32c1f8afb439dd1f1129a,824.827316228002,0.0,RenanPresidente.
2026-09-21 08:43:07,day,finance,21,0x539d01b1c4d860570a3ea35aaf87168a1f351e69,719.2181643500044,0.0,fitmk
2026-09-21 08:43:07,day,finance,22,0xa1089452f0224a9973505f2d4347c2ea2f08abd3,692.3766215914992,0.0,Paul973973
2026-09-21 08:43:07,day,finance,23,0xb619ed5b378053f8309c307d2f7adf9c13665068,686.7360904139932,2726.84,tnl
2026-09-21 08:43:07,day,finance,24,0x7f9e2d1df78614564a70becc7fa14aa9a6623a0e,652.3536234724888,0.0,LulaVaiPerder
2026-09-21 08:43:07,day,finance,25,0x72f13795baf0bfc6714c3566fdf03ff95611595e,644.7681485680005,0.0,pmwinner
2026-09-21 08:43:07,day,finance,26,0x2af47b5b29d5ce8160cff1a0c27f381769c142ca,643.3206993010001,0.0,glenndefile
2026-09-21 08:43:07,day,finance,27,0x83733b87090cf97aee473b1000beb9bfab7af0bc,571.0299294314318,480.834,merod
2026-09-21 08:43:07,day,finance,28,0xf0ca28d5b0141f0a8e7b251dea80fd881cb166ed,540.3209489330184,105.19000000000001,Hauchn
2026-09-21 08:43:07,day,finance,29,0x9f208e85f326f865077fffa68b32d8b0e2bc12c3,536.8230944910001,193.71,mildwindow27
2026-09-21 08:43:07,day,finance,30,0xc401fdf872a9c93e06a9b332987a887f1d698b2c,527.9477269049999,0.0,oceanmist79
2026-09-21 08:43:07,day,finance,31,0x91572b16dc769ef8b8f1f98d5270b05a36e3626b,483.279654664002,0.0,0x91572B16dC769ef8b8F1F98D5270B05A36e3626b-1770128923810
2026-09-21 08:43:07,day,finance,32,0xfbfd14dd4bb607373119de95f1d4b21c3b6c0029,478.63251872950127,142.97,XAE12Archangel
2026-09-21 08:43:07,day,finance,33,0xa8c63f775ddbbe66b56614191747def3021444e8,462.76215596900147,134.45999999999998,Tenebrus7
2026-09-21 08:43:07,day,finance,34,0xeed8c2be411025120fb511ea2332dd0a1f6135f0,458.27455629306496,5466.720103,WarriorH
2026-09-21 08:43:07,day,finance,35,0x8afa03dd6974e44d00c4d14dcccb00c0ddf6adb6,444.7290892700594,7278.559618,stupid22
2026-09-21 08:43:07,day,finance,36,0x79d980791ab82aff891eee32d41b4e1fbb07baec,437.9996558849989,0.0,skibabiba
2026-09-21 08:43:07,day,finance,37,0x963137a0ba0b02ebf6f37710023cc1b0303289a1,434.65653249200113,0.0,0x963137a0BA0B02EBf6F37710023Cc1B0303289A1-1764031525036
2026-09-21 08:43:07,day,finance,38,0x60a92c8620846d81f5ea17b0564e0d4b7c545a71,412.89139067500014,0.0,paddaa
2026-09-21 08:43:07,day,finance,39,0xf8871f87fbb32d5ce21e3f8902f70f4f0f266b54,391.2155439779865,599.9914289999999,newbie77
2026-09-21 08:43:07,day,finance,40,0x938afc32eecb6eca6b9321a39574a64f25eacbcb,369.6102068125001,0.0,doppio1v9
2026-09-21 08:43:07,day,finance,41,0xd27cc742d023d06ef633a4c880cf1ff1836ec081,329.4880000000121,0.0,madkkee
2026-09-21 08:43:07,day,finance,42,0x31436bde35c25c3714e0c3e7fbd14a22107581b1,322.34851248199266,0.0,yyyyyyy
2026-09-21 08:43:07,day,finance,43,0x74b4f9447b14b12308963fc048ae363eb0756bea,305.03523106849934,1647.397,0x74B4F9447B14b12308963FC048Ae363EB0756bEA-1769170826159
2026-09-21 08:43:07,day,finance,44,0x71abe97b83eaba3f06cb04fd4d9a03ee37d2f015,298.4921334800001,0.0,groth
2026-09-21 08:43:07,day,finance,45,0xc58ba11733ecdd0c9c77bb9261570656c2fbff58,293.98034994,0.0,WorkingIsBad
2026-09-21 08:43:07,day,finance,46,0x294d6426745e9c48c978b91478b91365af32b362,293.9595842500007,0.0,ghuonliyelkihxeklkgeu
2026-09-21 08:43:07,day,finance,47,0x736539924a5602b37a03a54fc12c1cc8f98964da,292.9559733347269,1127.32,Contentious-Dinnerdate
2026-09-21 08:43:07,day,finance,48,0xa61ef8773ec2e821962306ca87d4b57e39ff0abd,292.2207028280036,0.0,risk-manager
2026-09-21 08:43:07,day,finance,49,0x090af6fd2aeb04202abc97370aa86c1b81d90fa6,290.0221297689859,145.13,VictorLudorum
2026-09-21 08:43:07,day,finance,50,0xe53312c6c15af508e0c31e2cfadbefddd399ab29,287.4991243040022,0.0,WharfMan
2026-09-21 08:43:07,day,finance,51,0xa5a822f64402d2f5c2b30c0dd3651e61de2a8aed,285.0922385444544,6596.285863,test456y78
2026-09-21 08:43:07,day,finance,52,0x1c3e24224559bf9cc0f8b895a305f2f30372176d,277.54932349649994,0.0,17735977
2026-09-21 08:43:07,day,finance,53,0x3b00d13e8890edd3dc447c0ee51c4ce9bc86d78b,273.2951599999983,0.0,Hocz54
2026-09-21 08:43:07,day,finance,54,0xe95e726d0ca927874f3998d815bfec51d19261f2,273.02814505400056,0.0,mewmew1
2026-09-21 08:43:07,day,finance,55,0xf4677fde7b20f3ac4f573355678de3a0f610935f,269.92545156149936,0.0,wntsang41
2026-09-21 08:43:07,day,finance,56,0xff7ca9cd180d33119e653e3eb50555a3e2ccb233,268.6296558334943,6536.570000000001,NoSteinNoGate
2026-09-21 08:43:07,day,finance,57,0xb3078bcc1266252ed38f9c509dd0d70e1a709c25,248.5027511500739,42472.610957000004,lilesto2
2026-09-21 08:43:07,day,finance,58,0x799435e6f356fe77446a783093db4560bf16c512,241.3171119440849,6611.09,Tsarh
2026-09-21 08:43:07,day,finance,59,0x277e6718cdf00f4f887d17589895ae031a337d32,231.2003828074976,52.0,aiwar
2026-09-21 08:43:07,day,finance,60,0x08458f7e9d2858027de579e4c3ca305475496b6f,230.46638936100862,8.67,GollumGekko
2026-09-21 08:43:07,day,finance,61,0x16e9b1b3c60b77e35639b90aaaf75e6ab2cbdb58,230.0413499999999,0.0,BIGDar
2026-09-21 08:43:07,day,finance,62,0xbdcb293dd41148a20895d0e818c0d96c0756e811,229.9045488600002,3235.95,ourdemocracy2
2026-09-21 08:43:07,day,finance,63,0xed7b5823a08f1fe610e7b97ca22af74125055cbe,224.83699153600014,0.0,Joy-bing
2026-09-21 08:43:07,day,finance,64,0x9d84ce0306f8551e02efef1680475fc0f1dc1344,223.79816583832144,124.76,ImJustKen
2026-09-21 08:43:07,day,finance,65,0x25257a6a89dba93dd0c536b6279365632a4eb919,217.1729056685017,0.0,Trading4Fridge
2026-09-21 08:43:07,day,finance,66,0xc74a96b8a834677cc2ab2dd579e525134d11f01b,216.99988541699713,0.0,Popopolly
2026-09-21 08:43:07,day,finance,67,0x4a0ba8efffe2a16b48b01f3fa5728ae0541a7a11,215.27707801950237,0.0,
2026-09-21 08:43:07,day,finance,68,0x982a77e75498fa134607f598c861b8de9d0c6851,214.87784390157321,36768.423898,grasstoucher69
2026-09-21 08:43:07,day,finance,69,0xe9076a87c5ed90ef16e6fe6529c943baeca0cff6,214.67928740919888,670.19063,suntori
2026-09-21 08:43:07,day,finance,70,0x375ed1b4edc464f7448fd6cde0e2ce5ad0a26c94,211.9876499999999,0.0,Hamtori
2026-09-21 08:43:07,day,finance,71,0xb528a976ca7d476602f8040c3d1a49e5145a5039,207.86527500000057,0.0,HelloKitty333
2026-09-21 08:43:07,day,finance,72,0x2e4d05beafd81a6e85bc0c6a94820d61ef34f703,207.51204962500196,0.0,woshiLimpeh
2026-09-21 08:43:07,day,finance,73,0xa037d9ae501a6830a8f37610e6bac4b721672fb3,205.24553014099968,0.0,0xa037d9Ae501a6830a8F37610e6baC4B721672fB3-1777131682067
2026-09-21 08:43:07,day,finance,74,0x7c9df67aec7b97d6f6ed1b433dedb9a03093acff,203.509714583,0.0,Tanjirooo
2026-09-21 08:43:07,day,finance,75,0xc8ab97a9089a9ff7e6ef0688e6e591a066946418,202.55791563430103,7296.197198,ArmageddonRewardsBilly
2026-09-21 08:43:07,day,finance,76,0xc6e1926fdb49f824e62e24f5434da966ba3e3b95,201.15518647999988,0.0,0xc6e1926FDb49F824E62E24f5434da966bA3e3b95-1724106061724
2026-09-21 08:43:07,day,finance,77,0x7eaa1446a6d9b5f83356f7cdeb4eae42bac2fd24,200.32969184749982,0.0,Alpheo
2026-09-21 08:43:07,day,finance,78,0x5cd5c8d7a17c78d7389d8b87b611aed83322ac33,200.32221932450557,0.0,nonkenny90
2026-09-21 08:43:07,day,finance,79,0xa2cd4ccda9a1f95949df7a3355c4c2daa0642ba0,195.88320000000022,0.0,0xA2cd4CcdA9A1f95949DF7A3355C4c2DAa0642Ba0-1729178570395
2026-09-21 08:43:07,day,finance,80,0xd01f16ed5775fb5c9b00399771d2e28a30b6ce7a,195.09348350000073,105.5,greedymartin
2026-09-21 08:43:07,day,finance,81,0xf3fa24ccca4b2eb320eed99828cdec812eb87be3,194.44759303649994,119.83,SuperTests
2026-09-21 08:43:07,day,finance,82,0x9ba7ebf3fc96ab54e25fdb62555ea5b0df5fa833,191.8423327649998,0.0,BondSeeker
2026-09-21 08:43:07,day,finance,83,0x4d3e6f882536f5bde89d20a64e2198b1c1e8783b,188.15995265248785,0.0,bitcoinmafia
2026-09-21 08:43:07,day,finance,84,0xadaf137fbfe5e20ed662fa72bb69a4ab6fce3da0,183.83729688950098,0.0,jcsberger
2026-09-21 08:43:07,day,finance,85,0x04cf3a55f559bd617163a73cfc460e8954a75224,181.49307019250364,0.0,lagex333
2026-09-21 08:43:07,day,finance,86,0x34af3a317ccc5fbed5ed504d13a064ffa7f4bd55,180.86578643850066,285.97,rpontici
2026-09-21 08:43:07,day,finance,87,0x9baebe30d1cefe0ac5be4be85189c9fa33e95d34,180.42753058300104,0.0,tinman2
2026-09-21 08:43:07,day,finance,88,0x96f91943667762bbce634653e01e1a4745611d08,176.0554785200004,0.0,PoppingChairman
2026-09-21 08:43:07,day,finance,89,0x43372356634781eea88d61bbdd7824cdce958882,172.1512604684176,1565.600234,Anjun
2026-09-21 08:43:07,day,finance,90,0xfb57f8670d2f51a76b0ce40c533ed7d7328c0a46,169.99931580000066,0.0,ppxtu
2026-09-21 08:43:07,day,finance,91,0x08c95f70b0565ee01fbb30705b61aa641616a2ef,169.51073354799982,0.0,ourdemocracy
2026-09-21 08:43:07,day,finance,92,0x969fae0a3a93778adc42178f72c612ed8c4e4d55,168.30222977287485,0.0,superstonksbro
2026-09-21 08:43:07,day,finance,93,0xa3282d3e882501229c75d0caf134e62e3afb4977,166.04615541149542,49.838832999999994,korda77
2026-09-21 08:43:07,day,finance,94,0x1683acbf69fc8d5eab2f2ef150904efe2e166906,163.54397000000017,0.0,zommarb
2026-09-21 08:43:07,day,finance,95,0xd3c0b00e826cd63de9b25a8ec446c93f3d91d212,163.52978487500008,0.0,LinusB
2026-09-21 08:43:07,day,finance,96,0x7dcf235766e6b09c8869468a75d5495cf171a7bd,161.05480166924735,138.396227,godblessme2026
2026-09-21 08:43:07,day,finance,97,0x777fae71d2ff9ec48a1213d48ba1d9d91024a1bb,160.62546499999007,0.0,Albert 1953
2026-09-21 08:43:07,day,finance,98,0xf9efef8ec6235e547ae1ce1ff0de4347e68320eb,159.91624895422513,3860.3735939999997,jeev
2026-09-21 08:43:07,day,finance,99,0x324467d49aff76fb7c2a9cc0d5535903a1fcf094,157.33627884000043,0.0,DaveDelchev
2026-09-21 08:43:07,day,finance,100,0x40604cb1f958c03bea0b18aa43e4cb0d62f33ec3,156.34791013493668,814.78,C03B
2026-09-21 08:43:07,day,culture,1,0xa2cd4ccda9a1f95949df7a3355c4c2daa0642ba0,9463.840876359958,0.0,0xA2cd4CcdA9A1f95949DF7A3355C4c2DAa0642Ba0-1729178570395
2026-09-21 08:43:07,day,culture,2,0xea4262df401e12cb0efa039f061a1f4b1a486b0d,5975.688861759496,0.0,world-changer
2026-09-21 08:43:07,day,culture,3,0x8c80d213c0cbad777d06ee3f58f6ca4bc03102c3,2927.453958480968,0.0,SecondWindCapital
2026-09-21 08:43:07,day,culture,4,0xb9eb019d3d00b8d32ef1f2ddb697a7d1cbc7ab05,1547.6190476109914,0.0,LuckyOne - 7118
2026-09-21 08:43:07,day,culture,5,0x45b39e1f71e47fd4afe4b988ffad690b644735bc,1325.3319930369944,0.0,onekey09
2026-09-21 08:43:07,day,culture,6,0x8b4bca1d794779e66e023d44391b2a86c5ab541b,1245.8197169664745,0.0,0x8B4bcA1D794779E66e023D44391B2A86C5ab541B-1769764313952
2026-09-21 08:43:07,day,culture,7,0x73836f35d84a6080ebe035195be41ba114d4bd0b,1167.460752646497,0.0,EricaXBT
2026-09-21 08:43:07,day,culture,8,0x9ba9dec33838f4ec9f032f7247d7481987e63ce9,976.9386249999807,0.0,TeamA
2026-09-21 08:43:07,day,culture,9,0xcfff4295288ee29f75a38a7028611b7c1e93673d,976.0671821840842,584.0602200000001,graynotebook19
2026-09-21 08:43:07,day,culture,10,0x3c8ac6a99d9c7a41860aec2ae7520c7aaa68b45a,908.9770463409914,0.0,momom
2026-09-21 08:43:07,day,culture,11,0xa3a39a3746dbd55f3a33ae38bd27ae2804c2c2f9,907.2241450000001,0.0,charliealmanack
2026-09-21 08:43:07,day,culture,12,0x4f1d5ae26fc31472966e951af3183308736d8de2,807.8995367269708,615.574846,e46m3
2026-09-21 08:43:07,day,culture,13,0xa18c5cf2bc6eec389d2d512582ae14654b99d792,769.5968329875031,0.0,i400
2026-09-21 08:43:07,day,culture,14,0xac482f27ac3d1144ca4f778af405eb5cac5d2feb,755.8706475060026,0.0,CryptoFortunate
2026-09-21 08:43:07,day,culture,15,0xdaef2be2a19ad331737d06545f85615b094554e9,744.886715417997,0.0,PEYZ-BIGGEST-FAN
2026-09-21 08:43:07,day,culture,16,0x8964b58c08b784ecfe1d9344223692263d130bec,731.3814888235293,672.75,DegenerateJanet
2026-09-21 08:43:07,day,culture,17,0xf9db42cd8186e1547c85bb80f2616af109c88dc1,691.6101350025001,0.0,Gabriell11
2026-09-21 08:43:07,day,culture,18,0xed107a85a4585a381e48c7f7ca4144909e7dd2e5,648.6262409632909,825.4715,qmarktea2
2026-09-21 08:43:07,day,culture,19,0x5eb0cd907aa0b7b4df11552e817570e265ea5012,640.6717010449956,0.0,arbandy
2026-09-21 08:43:07,day,culture,20,0x52e3ddefd4d851adf4c181bfe496dd99d66782d2,628.2900333449943,0.0,0x52e3dDefd4D851aDF4c181bFe496dD99d66782D2-1774177146439
2026-09-21 08:43:07,day,culture,21,0xf68a281980f8c13828e84e147e3822381d6e5b1b,604.1971798000013,0.0,Nooserac
2026-09-21 08:43:07,day,culture,22,0xf14ec403ec03d8f5329aed6587252667bcc76173,588.9469991499586,1610.5,
2026-09-21 08:43:07,day,culture,23,0xb028b82a80c2d1e855ab4f3cd3a18ecf76838686,580.8445337079975,476.15,Ox79879657hjgdsghgdj98090klfdkld
2026-09-21 08:43:07,day,culture,24,0x4cb5ec560735efca23f76f2dd152b74bc6a9b536,563.1211331350023,0.0,TheEmprah
2026-09-21 08:43:07,day,culture,25,0x220275250913a0af18fea9b24a2ce1fd85328787,556.0134427054873,0.0,aangelika
2026-09-21 08:43:07,day,culture,26,0xe2b1fc269d0c2e27da11fadd1d9596fe28227d2a,540.2280002804837,2029.28,New.Jeans
2026-09-21 08:43:07,day,culture,27,0x03805a13a0b3e058f55f6c6af95389d4f431073d,502.9864499140167,2734.0062029999995,donthackme
2026-09-21 08:43:07,day,culture,28,0xbcf30627403bcdfc14b3b1759a69caa6d4f59d88,492.09576655199635,0.0,PamBondiBonds
2026-09-21 08:43:07,day,culture,29,0xc58fb1ac447ef901b60e1ac447c49ab4f28ae0aa,483.46934295022584,2546.090259,0xC58FB1AC447Ef901B60E1Ac447C49Ab4f28aE0aa-1787056656324
2026-09-21 08:43:07,day,culture,30,0x9aeb534c42b58b21673d5e03e9da14fbd15b2729,472.4183995600615,0.0,The-Joker
2026-09-21 08:43:07,day,culture,31,0x834965f34911dfda31d5b313b5def15e6348c99d,439.69781748749665,0.0,llh
2026-09-21 08:43:07,day,culture,32,0x33d2b3adab3cd8d92e81a3bdb46e3315c709952e,436.5019728594998,13910.74,ddurrrrrr
2026-09-21 08:43:07,day,culture,33,0xc97b0b2a2547bb3ed57167092ef8a6e816c347e5,424.06370867899386,0.0,Avamax
2026-09-21 08:43:07,day,culture,34,0x0f7f9903f46c24ba66900ceb4a427873129c6450,396.60161600250285,0.0,Elonurmom
2026-09-21 08:43:07,day,culture,35,0xfbd8c9c22ca76b3662d0e53a4f79719fdc684027,393.6609615350171,1107.0,0xfBd8C9C22cA76B3662d0e53A4f79719FDC684027-1779347618060
2026-09-21 08:43:07,day,culture,36,0x28bf066c6cb952da62d6d182c16ad173ada64a4e,386.92117596150365,738.96,plainfolder
2026-09-21 08:43:07,day,culture,37,0x07aa130f25e9f8aad138fa12de8e1bce7455e110,378.1573868929918,0.0,1dad
2026-09-21 08:43:07,day,culture,38,0x96489abcb9f583d6835c8ef95ffc923d05a86825,371.7483204970122,0.0,anoin123
2026-09-21 08:43:07,day,culture,39,0x52071e89ed7f68478a428fd65aed5dc572be686b,369.2925358826918,371.97,StraddleSeller
2026-09-21 08:43:07,day,culture,40,0xe040ffe586e21cb49449e8daf19b1cdff87a824f,355.7218842080065,742.97,god83743894
2026-09-21 08:43:07,day,culture,41,0x04bf21c2527ae8d54a2f713a6420c608366c7caf,355.39189939001153,197.8,Red781RuM
2026-09-21 08:43:07,day,culture,42,0x8565b21d736741147592264d75cc26ccf2040c43,351.68489108646463,0.0,dddtrips
2026-09-21 08:43:07,day,culture,43,0x3006b8ff025a3786dd9e2e2b3e183d429143e9f4,329.4338877959972,0.0,Canaldi
2026-09-21 08:43:07,day,culture,44,0xfdf17710c572a46e992978d380cd27b1538c7195,328.9908981435001,0.0,GvLBV
2026-09-21 08:43:07,day,culture,45,0xd576b9ee74c58fcb913675fd9c1d14c85312d5e3,325.0,0.0,inrock30
2026-09-21 08:43:07,day,culture,45,0xdc71bed951076a6dfd27f6a341c441b8543ed033,325.0,0.0,0xDc71bED951076a6dfd27f6A341C441B8543ED033-1760135940099
2026-09-21 08:43:07,day,culture,47,0x5e39013a1d7c4b502ad2ea073d7e8a0469ca352c,311.60176459606555,0.0,0x5E39013a1d7C4B502ad2Ea073d7e8A0469cA352C-1765309578276
2026-09-21 08:43:07,day,culture,48,0x81c83c96127cbeeaea411630274d965818cd0738,310.0957897800008,0.0,bimbytodd2
2026-09-21 08:43:07,day,culture,49,0xdd1db2f6caa04a8bc5c7b86b340ff7a64ceebbf0,309.6849542084965,0.0,J3cExePrd1KEM
2026-09-21 08:43:07,day,culture,50,0x3eafc7a1ed054a81b4cc28870138851874d9a927,305.01495850799984,0.0,n3verl0se
2026-09-21 08:43:07,day,culture,51,0x6b25d12302d416c027770e93004c34d79b8a8963,303.8191764399962,0.0,0x6B25D12302D416C027770e93004C34d79b8A8963-1779781560953
2026-09-21 08:43:07,day,culture,52,0xf0d5eb1cbe7350f1f896ade6c172e6700414c665,297.4151408830221,0.0,yen4u
2026-09-21 08:43:07,day,culture,53,0xa3282d3e882501229c75d0caf134e62e3afb4977,296.86191142397,1662.602282,korda77
2026-09-21 08:43:07,day,culture,54,0x2924d14ef7fb302d7d520c2394310409fce5dcde,296.2947077600129,5212.46,Mei-ji
2026-09-21 08:43:07,day,culture,55,0xb1ca909e848cc24ec4e220ce1c453bc290c51705,259.1354742156109,3476.9808100000005,InterestingUser
2026-09-21 08:43:07,day,culture,56,0x1de92e091804c709f5e06bf1d132f946e673831d,248.9020425514973,0.0,gorovi
2026-09-21 08:43:07,day,culture,57,0x8c76c4787bf236398d2d1a42dd3e8af1393206ac,242.53434444850063,0.0,MajoriT
2026-09-21 08:43:07,day,culture,58,0x4509597c0f2ae2bbb796ca715e25a33f43c8e982,240.81100687191014,1223.4,powwy
2026-09-21 08:43:07,day,culture,59,0x1ee9a5fc09665909c0cce297c581703bfbb9197f,239.53881549358448,1343.23,vinii
2026-09-21 08:43:07,day,culture,60,0x1f0a343513aa6060488fabe96960e6d1e177f7aa,238.04728529659042,1765.214198,archaic
2026-09-21 08:43:07,day,culture,61,0xf29ff5f7b92d821e631ab37ad240a2dabf945cca,227.5,0.0,cryptoaxel
2026-09-21 08:43:07,day,culture,62,0x955c9661bf6e010beff0ba896a49f715a8c8990f,227.43389228004526,0.0,
2026-09-21 08:43:07,day,culture,63,0xbacd00c9080a82ded56f504ee8810af732b0ab35,224.3790627795679,474.84000000000003,ScottyNooo
2026-09-21 08:43:07,day,culture,64,0xa21de05abe49bd242f45e7aefe34be04c8f2a2b3,224.17666295518438,0.0,Laoxiong
2026-09-21 08:43:07,day,culture,65,0x0c18cf122dce8556302ff496affe379097aba04c,222.36686373879638,4718.994506,Lastworld13
2026-09-21 08:43:07,day,culture,66,0x0eee1b21001ca9af6e5ab8a7321fc2ee46dd4c52,221.00002874299753,0.0,-0-
2026-09-21 08:43:07,day,culture,67,0xeed8c2be411025120fb511ea2332dd0a1f6135f0,215.25858594099645,2703.0942440000003,WarriorH
2026-09-21 08:43:07,day,culture,68,0xb260e618bd5b0351f54cbb6b2370def471af715a,214.4341254703213,969.6402,Hit-man
2026-09-21 08:43:07,day,culture,69,0xc65fa568479fafe40c99d08d7de4379bc860a150,210.61202499999854,0.0,pemul1s
2026-09-21 08:43:07,day,culture,70,0x3fec2e1470cbdaba72b36e2de6f02a56249d2b67,210.2985950000002,0.0,Cangryman2020
2026-09-21 08:43:07,day,culture,71,0x8597ca63e722d6216bfc3057591fdc67ec49daee,208.88879947349778,0.0,Mr-Krabs
2026-09-21 08:43:07,day,culture,72,0x6bdc0efca8f1ae7a01cd44bf975b8fa4f9f16fcd,206.87044950000006,195.95999999999992,mapleggg
2026-09-21 08:43:07,day,culture,73,0xe74d4976e5e034182d708a3b9df602e72d4722fd,204.19455739499972,0.0,Pump
2026-09-21 08:43:07,day,culture,74,0x834191a479261b32e522b738520b8d53a315de89,203.11000376499987,0.0,0x834191a479261b32e522b738520b8d53a315de8
2026-09-21 08:43:07,day,culture,75,0x4e25605fd905e9972efc0f4d8814530c655cd7a7,197.14539482956025,0.0,
2026-09-21 08:43:07,day,culture,76,0xcce2b7c71f21e358b8e5e797e586cbc03160d58b,195.0,0.0,Tilton-Research
2026-09-21 08:43:07,day,culture,76,0xdbade4c82fb72780a0db9a38f821d8671aba9c95,195.0,0.0,SwissMiss
2026-09-21 08:43:07,day,culture,78,0x81e0595440b89dd65b1cedf081a5024ebef7aff6,190.31480000000056,0.0,Redlu
2026-09-21 08:43:07,day,culture,79,0xbd27db79205dd4b09832f16aadfdc34c81262807,188.49839403199803,0.0,Maxtyt
2026-09-21 08:43:07,day,culture,80,0x899843e09e4faaafc65682535cb1fd8ad2f032be,184.1454308914981,0.0,forever123
2026-09-21 08:43:07,day,culture,81,0x0c0e270cf879583d6a0142fc817e05b768d0434e,174.5318711364962,8094.05,The Spirit of Ukraine>UMA
2026-09-21 08:43:07,day,culture,82,0x590a6e6115271c71d155cd70d64da4804690204a,168.4694430695,0.0,Oahb
2026-09-21 08:43:07,day,culture,83,0x6fb9875b826058635d61b492db0f66437ed505c7,166.86714879899955,0.0,moneychen003
2026-09-21 08:43:07,day,culture,84,0xb120edd3cd40c299cb4a0f388ebc21da7df7fcfd,164.76921500000026,0.0,chifangaoshou
2026-09-21 08:43:07,day,culture,85,0xa7a6cd5399040aa661ee595f4421337d80188117,157.73873658000048,0.0,KoloJones
2026-09-21 08:43:07,day,culture,86,0xce1cbad99f6b19d11c3d8d83162f391c6a3052ea,157.62446118249864,0.0,feiralivre
2026-09-21 08:43:07,day,culture,87,0xbe78735039230635d5debcdc11400619d7e2c533,156.6850599999998,0.0,0xBE78735039230635D5debCDC11400619d7E2
2026-09-21 08:43:07,day,culture,88,0x4e1c7fcaa69c4395c72791d32de4ca1d0c713106,156.32923930499953,659.554211,0x4E1C7FCaa69C4395C72791d32DE4cA1d0c713106-1782286940758
2026-09-21 08:43:07,day,culture,89,0x7220532631dd203cf8378d5235198ad338516fde,156.0,0.0,ccch
2026-09-21 08:43:07,day,culture,90,0x10c7665a4963ca636109ceb2ef5ffcf20b81e210,154.76190475199837,0.0,python
2026-09-21 08:43:07,day,culture,91,0x41e816ec8eb178804ff4b3f523d0b01c4729626b,149.89508297500043,0.0,0x41E816EC8eb178804fF4B3f523d0b01c4729626b-1769306850569
2026-09-21 08:43:07,day,culture,92,0xa358af219e61e40619ab5df4401ea8a3bc9fa91f,149.49978327700228,0.0,67676767676767sixtyseven
2026-09-21 08:43:07,day,culture,93,0xb3ca2e355edd33710aba1c671da2a2c45431ac8e,149.49949758249932,0.0,OprahDebank
2026-09-21 08:43:07,day,culture,94,0x514bed69dd15b0aa7183f985bdce50681a026931,148.3308877137257,859.996667,ProsperIntelligence
2026-09-21 08:43:07,day,culture,95,0xb0c85813a7a4428f1139ff91d3118a92c391fe7f,144.2599665256348,3136.698912,highstake.sport
2026-09-21 08:43:07,day,culture,96,0x17f1888478009327ed2120be48153f7268770528,143.82831924464335,8338.431526999999,InsideR5
2026-09-21 08:43:07,day,culture,97,0x40cfb29411d29f4fa0908f2a121297042cccd21d,143.74986589900027,0.0,whig
2026-09-21 08:43:07,day,culture,98,0xe399bb71ff1fef9313c7625eb2b8f345f0297dc1,143.64285701349945,0.0,brother-magpie
2026-09-21 08:43:07,day,culture,99,0x0c1bd80ae0c26c724f39c40a824d9126ff97bcaf,142.68355554400023,0.0,tradetard
2026-09-21 08:43:07,day,culture,100,0x748ac19f73c96312e98227f49f65699542943c56,139.75279624700033,0.0,1nvoker1
2026-09-21 08:43:07,day,mentions,1,0x8673d3a19c559f43241312894bb82fc4fd8559a5,378.81106207991616,645.811112,
2026-09-21 08:43:07,day,mentions,2,0x2351331f6bf0d1239b3f8da6a31b61b62dadf059,322.69,0.0,LeZdou
2026-09-21 08:43:07,day,mentions,3,0x5415c298dde8c84f4ba726d36b411df6e9a72a6e,316.9956890249978,222.0,-Dominus-
2026-09-21 08:43:07,day,mentions,4,0x80ed3442ee13ca855d90cf78cede3ad3f66ece26,282.254029905301,771.526883,zerosixtynine
2026-09-21 08:43:07,day,mentions,5,0xc2da18d72c09acedea3d9758649cbaff6a894900,216.51339904,0.0,0xC2Da18D72C09acEdEa3d9758649cBAff6A894900-1788665374718
2026-09-21 08:43:07,day,mentions,6,0x12d51de654df441c57e97c81156613681114f0eb,211.4443,0.0,drakelong
2026-09-21 08:43:07,day,mentions,7,0xf9a23d70c3429c582dce8737fc7d818f9044a79a,165.5358899269986,0.0,bau7
2026-09-21 08:43:07,day,mentions,8,0x6510c97e4d3c6d7d3bab835e824fbf9d8447ea95,151.09176924292984,5773.007530000001,tbyck
2026-09-21 08:43:07,day,mentions,9,0x30fb41b5a08fff5d3dd983f6323e3343931a7db4,150.53626846285624,1025.405855,tradetosurvive1
2026-09-21 08:43:07,day,mentions,10,0x9a3fa403a6666eef75f92f181fcf13f9c051914a,130.1099400000012,2710.1,Rex416
2026-09-21 08:43:07,day,mentions,11,0x9f16feb66b8a4355528fd9eb1f6fceb989337013,109.69364161299997,883.243,empty-dog
2026-09-21 08:43:07,day,mentions,12,0xeed8eda559ccd382a549f874d78abe3f2512679c,102.48215759749999,601.4925,88dfhf
2026-09-21 08:43:07,day,mentions,13,0x3f41732df5afa542082d9878fa94a9f19e769979,100.6406131,1662.405039,FrogCharts
2026-09-21 08:43:07,day,mentions,14,0x0cb10c40b0776e9ee8cef970af85724654dda76c,91.12008629803313,481.58965,Quarrelsome-Branch
2026-09-21 08:43:07,day,mentions,15,0x8f3166b79a019a1f451d86513604ffa1f74a84a2,90.990320807008,99.05000000000001,0x8F3166B79A019A1F451d86513604Ffa1F74A84A2-1785673333356
2026-09-21 08:43:07,day,mentions,16,0xa400008ab672cc8a19928aa0a49852f80d1c14bb,89.89058251276505,14.0,0xA400008Ab672cC8A19928aa0a49852f80D1c14bb-1779714772177
2026-09-21 08:43:07,day,mentions,17,0xc808e7855e3ff6baebcfe9aec6965d86eafefffe,88.80365047109194,311.797,spxtest
2026-09-21 08:43:07,day,mentions,18,0xe6490ac0fde973fa67c32a0169d7cb6f4610304d,84.01401580000015,0.0,667766
2026-09-21 08:43:07,day,mentions,19,0x9dd483126ebe16f2d853d49060040b556a95a038,76.49066244743221,135.681537,HyperboreanBryanCaplanFan
2026-09-21 08:43:07,day,mentions,20,0x4a86051b0a7ac1530b70d4e6fc361a5fb755cfda,67.77412498000007,0.0,ARBaccDontFollow
2026-09-21 08:43:07,day,mentions,21,0x8a4ec9c5684b23599bb1dd827b8a5673c2fab38c,63.31717446999846,110.0,Jamieeee
2026-09-21 08:43:07,day,mentions,22,0x7bff96579b20fe3530e140d6a3c223c9f2127cd6,63.06800741242705,1014.8199999999999,KingZeManel
2026-09-21 08:43:07,day,mentions,23,0x569fffa15a130de2000ecd36e53a1532f7195561,61.0,0.0,gostzo123
2026-09-21 08:43:07,day,mentions,24,0x67d657e52db60591b27b411f0ed1dbde811c245e,59.220698270000184,1411.67,StupidMonkeyyy
2026-09-21 08:43:07,day,mentions,25,0x1964d019f4cae8dcc0f36cb80e0ec88084c15461,58.98529875099996,229.99,0xs55555
2026-09-21 08:43:07,day,mentions,26,0x38cf62d2fee064fc6316775a4bde92d4a0f17148,55.5,0.0,afflilbru
2026-09-21 08:43:07,day,mentions,27,0x4247c89f4a9236a6b5fb24502023bcc98ab1455f,51.080816999999115,257.05,09F911029D74
2026-09-21 08:43:07,day,mentions,28,0x721a29613c653d9430532402784c8b25ad5d9295,49.19924600000002,52.5,Laribobibo
2026-09-21 08:43:07,day,mentions,29,0x66c1a6fe836ff555ca32848646acedbbe93bfa3f,45.96774600686331,717.64,Platykurtic
2026-09-21 08:43:07,day,mentions,30,0x0c28d976bbfaad597a678f6fc3794d6ba56a9844,45.17839228371997,670.581792,youtube-trader
2026-09-21 08:43:07,day,mentions,31,0x7bbb2a2730e35844c2a786b9275033ce15cdad2e,42.00795996999989,172.61,niubeee
2026-09-21 08:43:07,day,mentions,32,0xe8fcb5f37ef114be04c7e54ff601730117340d3b,39.976768299999776,116.170732,Fihdrzgdd
2026-09-21 08:43:07,day,mentions,33,0xf4f88a1e25ff5dfae68326eb62049d6a1b7c5bf1,37.87979238000071,123.025,cosmicsteaks
2026-09-21 08:43:07,day,mentions,34,0x52ebca459280966f4a56240a05e38df8527067ac,34.04578954000044,1177.625477,AMAM13
2026-09-21 08:43:07,day,mentions,35,0xa53cfd6cb8f2c4d913ff15394580bb2d61577ba0,33.34084000000007,0.0,labal
2026-09-21 08:43:07,day,mentions,36,0x20b382be32a82d308fb9238f3c2a01756385d24c,32.38384999999971,0.0,Nowayfolding
2026-09-21 08:43:07,day,mentions,37,0x4e2de27450ab8222b3cad8353731779c6f304936,32.181186239999995,15.66,doctorno99
2026-09-21 08:43:07,day,mentions,38,0xb77778b0ed37ad61176519da34b24118c9593ff9,30.968720177062778,20.0,tiongbu
2026-09-21 08:43:07,day,mentions,39,0x2b340fca886b3c7a2cc928c4a89162133fe4b202,30.28725769148923,258.030156,Fluo
2026-09-21 08:43:07,day,mentions,40,0x05c8cce6a8271a20a48babac2095c673676d2223,29.546999999999855,0.0,HeDidWearASuit
2026-09-21 08:43:07,day,mentions,41,0x4e65c9cfd7e345cb6284e9016c28193fd78e7a19,28.154350000000026,0.0,weather-vane
2026-09-21 08:43:07,day,mentions,42,0x813fa110c4e2dfc6737ce185757764c8643e26ec,28.048661489999915,0.0,sdssds
2026-09-21 08:43:07,day,mentions,43,0x72316ed4813c7bec703b0d06be829fb066b5415a,27.30020000000001,240.0,0xe73f74d14C085b148BC9D50bef2071A01D291e97-1717946715486
2026-09-21 08:43:07,day,mentions,44,0x17f4b0fe0b10bcb3b04cfe102a6bc2c8ae659d7f,24.526936464999835,0.0,justmeandme
2026-09-21 08:43:07,day,mentions,45,0x290d0d19d90afbff047dd3585c4a716dc5f9dc40,23.574671884091003,340.909091,SickandTired
2026-09-21 08:43:07,day,mentions,46,0x25a74e4d0795b842a4e8e934620781e3c5f48b7c,22.597122126499976,16.72,cerco
2026-09-21 08:43:07,day,mentions,47,0x7a95a3c59926a540e32bf38524ab42b723ea2551,21.806478407097927,55.0,0x7a95A3C59926a540E32bf38524ab42b723ea2551-1771473941367
2026-09-21 08:43:07,day,mentions,48,0x1c865202529e466ed310ab3730c43689d3bfc427,21.43987000000004,0.0,SuAlteza
2026-09-21 08:43:07,day,mentions,49,0xdfb8ec661af7e85743a9adf33bb31ea0377da530,20.92741000000035,742.2099999999999,Remziwithadash
2026-09-21 08:43:07,day,mentions,50,0xf2f2df41cd3ff33147e622869ac052ce5ad2d1f0,19.394087499999955,39.98,SebW
2026-09-21 08:43:07,day,mentions,51,0x2ecb34e1cb95b3c8d9d3e2905668d3eee03a7645,18.68849480347842,85.0,AlphaPengu1n
2026-09-21 08:43:07,day,mentions,52,0x38f50488b14a87769e0c5cd6c514b6c2e8ec6824,18.09800784241088,91.0,HBOfan
2026-09-21 08:43:07,day,mentions,53,0xb0850f4176a8a312c28aac84e3907e610dc77b10,17.342734459999974,0.0,clingtastic
2026-09-21 08:43:07,day,mentions,54,0xe0dcc05376176f9f9e5160b9aae6f51e2ca93944,17.029926309999837,0.0,Dr.mett
2026-09-21 08:43:07,day,mentions,55,0x521070c99db06e54af5e8e4a91d6858decdfbd53,16.766168192376426,0.0,RadioFreeZerg
2026-09-21 08:43:07,day,mentions,56,0xf60fb8fa9df77178ce3b2a0efc86d28ec4e957a8,16.766166106988067,0.0,kirit4
2026-09-21 08:43:07,day,mentions,57,0xfe2232ecf61144d4b711f0d22da807d2d931521c,16.421429160000002,0.0,Wasserbrunner
2026-09-21 08:43:07,day,mentions,58,0xc468b3b8564017fcf2bf9ede2608a0ea24b1009d,16.26883348500087,0.0,PadreMaronno
2026-09-21 08:43:07,day,mentions,59,0x7b243a801ba512d41534537f8579a95e7d6eef34,15.210217,366.0,foolishcactus
2026-09-21 08:43:07,day,mentions,60,0x9a94e5b4f0d6c646ed49e832cf8142c45474d5f9,15.099747000000406,2049.812,.Menthe
2026-09-21 08:43:07,day,mentions,61,0xeface9902242b0399856f981600b907dcc9bc9a1,15.07975003950014,0.0,macrosteaks
2026-09-21 08:43:07,day,mentions,62,0xb22085e3eae25e5f96568f84c7b25b9bf7c45f71,15.000000000000021,0.0,buzzedballs
2026-09-21 08:43:07,day,mentions,63,0x726c6e3d5cdb1a8a97b38c0e2d88448b19d66bfd,14.458054329999868,0.0,idl
2026-09-21 08:43:07,day,mentions,64,0xb1317a64f7d5ee3c151f98204d56aa640eaa01b7,14.222986386514,0.0,-StubBorn-
2026-09-21 08:43:07,day,mentions,65,0xc9751b5f25e1ecd88ec4630d19422b58d0562c68,14.04999999999609,0.0,NeoSay10
2026-09-21 08:43:07,day,mentions,66,0xf6c6f97260df6b37d0d047e756703f60ce6c7d80,13.492062919999999,0.0,WeJustBettin
2026-09-21 08:43:07,day,mentions,67,0xb40e89677d59665d5188541ad860450a6e2a7cc9,12.951024177611544,90.0,Poligarch
2026-09-21 08:43:07,day,mentions,68,0xaa58e5052c6f2d5a6f2cf41b5472a41159d6140d,12.778799999999997,0.0,jose-arcadio-buendia
2026-09-21 08:43:07,day,mentions,69,0x8f83d9aee0904ee17a8a80857056db3b8cb888dd,12.72181205822799,67.478228,0x8f83d9aeE0904Ee17A8a80857056dB3b8Cb888DD-1786436206033
2026-09-21 08:43:07,day,mentions,70,0x5edac84d3078a6de72d8c67aa6495d3ff095d453,12.303984999999898,0.0,cubsy
2026-09-21 08:43:07,day,mentions,71,0x9b2fcb79bdb8a6a6174da327e9335f7889c6d8f8,11.85884999999962,0.0,SloppyDonny
2026-09-21 08:43:07,day,mentions,72,0x9a5c8cfd54064d1527a5ba2e99a80c2e603dd919,11.600000000000023,100.0,Xxxyyyzzz-552
2026-09-21 08:43:07,day,mentions,73,0x299cb40195d270438f8950902f242d796457d85e,11.585734999502165,117.0,0x61824002685454-836100846371
2026-09-21 08:43:07,day,mentions,74,0x7b415a4343112d0f674bd587b6bc3935478e50a7,11.303669409999998,0.0,sentewa40
2026-09-21 08:43:07,day,mentions,75,0x1690daedf91758fa77ec220e1caf590a745cd6c4,11.302200000000006,36.7,coconono
2026-09-21 08:43:07,day,mentions,76,0x1fcc97d92bccec98ab57be7f286c94425d77701b,11.009920697080247,31.024065,.heart
2026-09-21 08:43:07,day,mentions,77,0xe200f4bfd7081c0de90f0c0473b238e7582de4bf,10.967500000000012,80.0,kpup
2026-09-21 08:43:07,day,mentions,78,0x4613fd0ac1702f819cc64c67226641a4bad07932,10.74565385000001,0.0,
2026-09-21 08:43:07,day,mentions,79,0xd5707ff4ff6476f0ea344a46770c84b4436fb90a,10.73591511992197,15.68,sdregvh
2026-09-21 08:43:07,day,mentions,80,0x0c233406ed2e9022effc3fd63eb22f4d92fc01c6,10.200000000000003,0.0,0x1ef01de817862024966e8242e923a6
2026-09-21 08:43:07,day,mentions,81,0xbe74297ff19030f104ce1d538709f43b30eca70e,10.108238800002255,864.01,title1
2026-09-21 08:43:07,day,mentions,82,0xc1265aa3d6f6c8315756bc46305f29c0f7a4832c,10.0,10000.0,ZhangMuZhisDaddy
2026-09-21 08:43:07,day,mentions,83,0xc1331275fe7ad201cb77cc916f41dc5732c100dc,9.991738938718003,15.608218,pipidastr221
2026-09-21 08:43:07,day,mentions,84,0xef13bdcecd9c13e4a07bb20924657f3b110263d9,9.912838025105998,81.54925399999999,johnashbough
2026-09-21 08:43:07,day,mentions,85,0x28ca4e9a04531f2eac0c2770f95db4e1c6a65d19,9.653204472313519,182.695653,DuneMentat
2026-09-21 08:43:07,day,mentions,86,0x8dd8f566b50f54a7a8ec02412723974b40679a1c,9.495294475001401,33.0,pengu1n
2026-09-21 08:43:07,day,mentions,87,0x7fa1507e1803272c26d91fb263c507b995d3deeb,9.43437499999959,0.0,dekivagyok
2026-09-21 08:43:07,day,mentions,88,0xa3e22cd32aa9238ef7dbcfb4761e33b9eaa1fdf8,8.806779490936606,247.93,pootytherewardfarmer
2026-09-21 08:43:07,day,mentions,89,0x4c9affa3a4f5ba6b9ab3dd272c20e47ea47e0cd4,8.644876683425537,262.752357,pppnn
2026-09-21 08:43:07,day,mentions,90,0x7f974d7bede869972b015869fe1512a76275a349,8.54999999999999,0.0,Mate0013
2026-09-21 08:43:07,day,mentions,91,0x33ab58e55895f39619815d31dfc92d90d65f9523,8.438399999999973,8438.4,matchamission
2026-09-21 08:43:07,day,mentions,92,0x961b2866b349bad732c6fce081af9090be4d2b00,8.239975596999983,0.0,erFiodena
2026-09-21 08:43:07,day,mentions,93,0x4fff3c11a5d9b77822e01792f933cdb28557be78,8.182367855999956,527.3725,turtle911
2026-09-21 08:43:07,day,mentions,94,0x6936431c93a525f454d1bb914c107f926c86a45e,7.754272810000202,42.0,OnlyPhan
2026-09-21 08:43:07,day,mentions,95,0xf9b5e9803ea977b7111c9b7728ac6ea97f361212,7.5396,0.0,0xf9B5e9803Ea977b7111c9B7728aC6eA97f361212-1765800007149
2026-09-21 08:43:07,day,mentions,96,0x758dac51ba3cc9a246a79787da9df11c5f425d9e,7.538698204132999,335.925653,a5533
2026-09-21 08:43:07,day,mentions,97,0x03ca828bf65844e15c501325a0e17c3322ffb57b,7.53606,2000.0,phuhd
2026-09-21 08:43:07,day,mentions,98,0x6e9a6afde1e8bd4a0c7bf2809cf87fe14c00f3bb,7.520000000000209,0.0,OnePiece7
2026-09-21 08:43:07,day,mentions,99,0xe8c4d68aff65b38cac46987b9b65e01eb47d395d,7.501041899999109,0.0,JAMJAMJAM4
2026-09-21 08:43:07,day,mentions,100,0xb17d4706e45bf0935acc338162bd40af837e59ae,7.071874999999864,0.0,Mithrandir.
2026-09-21 08:43:07,day,weather,1,0xf2aa8381a08ec33467fbcdd0843aa31cb8d521fb,1599.5562717999994,0.0,rabbit007
2026-09-21 08:43:07,day,weather,2,0x9c95da0c1ec3394330998296582c2739cfa752db,1572.1952657561487,8874.830108,
2026-09-21 08:43:07,day,weather,3,0x39404e131af39fe446337950dd6b0388c139f8b5,1323.5885521173702,58505.09126300001,0x39404e131af39Fe446337950DD6B0388C139f8B5-1789916440493
2026-09-21 08:43:07,day,weather,4,0x37e9c1ce48bc3a444fec7904a3b7eba9d5d3ab9f,1313.1901441330328,632.8100000000001,Dannyzz
2026-09-21 08:43:07,day,weather,5,0x5a218c7ad04135830a45c41aaed7294df7809318,1071.6017180501367,10360.003439,balthazar
2026-09-21 08:43:07,day,weather,6,0x331bf91c132af9d921e1908ca0979363fc47193f,893.9142786201119,1333.5500000000002,BeefSlayer
2026-09-21 08:43:07,day,weather,7,0xf2f6af4f27ec2dcf4072095ab804016e14cd5817,770.5319807380438,0.0,gopfan2
2026-09-21 08:43:07,day,weather,8,0xdab7817e670763a31be053d567f675c8549e4baf,747.2689478233447,3421.6125910000005,XMXTest
2026-09-21 08:43:07,day,weather,9,0xe09ef8a63bf7feb1d67aa9f77bb9845077dfdeb3,626.0405932442401,710.9133320000001,Blackwaterddd
2026-09-21 08:43:07,day,weather,10,0x5b721da0811d071808f129537b7052b819b8bedd,598.1352012862237,4424.506075,Fitzg
2026-09-21 08:43:07,day,weather,11,0x29a5082998f18e7f90dd1a7fe6ad4dd9a665a3c4,593.1837843960639,12139.333434000002,0xSPBB
2026-09-21 08:43:07,day,weather,12,0x3617469e22c5d63c63af04436c1446fc0b3daded,554.05330526679,23896.847686999998,123561
2026-09-21 08:43:07,day,weather,13,0x9506e646497107cabf2d5b941a8e6a60d0db1c4f,540.0982475558303,2913.841139,
2026-09-21 08:43:07,day,weather,14,0x4f1d5ae26fc31472966e951af3183308736d8de2,537.0067546084283,2274.4120949999997,e46m3
2026-09-21 08:43:07,day,weather,15,0xa0bf1fb9adfcea4c7072d36befd4fcff63406060,519.2878080412311,2748.2895689999996,emberthespirit
2026-09-21 08:43:07,day,weather,16,0x5028d34cd2691f64255971410d595289a2a191c5,464.44084293773926,0.0,rocky42001
2026-09-21 08:43:07,day,weather,17,0xb8fe807aa951e35af53fd0fee36abc303864ce76,452.55691819771187,983.801112,CaptainCoinflip
2026-09-21 08:43:07,day,weather,18,0xb40e89677d59665d5188541ad860450a6e2a7cc9,430.5446216147684,15390.700078,Poligarch
2026-09-21 08:43:07,day,weather,19,0x7cf3e5276fd3a84bedf73ed21e264e7b4b2e32a7,377.3826681305327,3489.288322,TojeTestUserr12
2026-09-21 08:43:07,day,weather,20,0xcee6a215f2de749afd3a6a74721cc0c4fbb80a45,375.1408761041844,3576.6810020000003,
2026-09-21 08:43:07,day,weather,21,0x21d0c129deb8a7f7e1569045200d20e23862ce91,338.2072289099997,0.0,DEGENKHAN
2026-09-21 08:43:07,day,weather,22,0x2b9d677d75d42c4f08624816e298d251e8c795f4,334.29187684581586,413.27,GuyFromTinder
2026-09-21 08:43:07,day,weather,23,0x7bff96579b20fe3530e140d6a3c223c9f2127cd6,323.788614399964,2348.84,KingZeManel
2026-09-21 08:43:07,day,weather,24,0xd9fe6f0f41ca99fefa93c55d8890000e5a84db0d,292.462034743108,16639.076988,ghorrock
2026-09-21 08:43:07,day,weather,25,0x0fb475b0375a628a82f625c2e6b93b58050bc6d7,276.6984145773404,860.0212729999998,Kirt4sh
2026-09-21 08:43:07,day,weather,26,0x8d5e7e32347212e53e57f7ea2c1a4fa35192c921,274.07788033168447,2786.7257090000003,keyboard-politician
2026-09-21 08:43:07,day,weather,27,0x3069c1002bd0bb6aec054c7a27722919df95f8ef,270.1637889180013,0.0,Orion96
2026-09-21 08:43:07,day,weather,28,0xbbb72a812cfbc5217d77c0a0018c71f174d3a11a,266.5622604315322,1850.028938,sailor82
2026-09-21 08:43:07,day,weather,29,0x66d609dbda9df641eff684190a01182f6de450c7,262.8413077389996,0.0,LieutenantMiloMinderbinder
2026-09-21 08:43:07,day,weather,30,0x931466553a14d86e05d5fe0afbb00ae488cddb74,258.46624737870115,2960.292841,nomoney-nohoney
2026-09-21 08:43:07,day,weather,31,0x0e0e8174e213ff2c2ccb30c5652a7b7d77c72d75,256.6468313131495,1218.361308,AuspiciousWolf
2026-09-21 08:43:07,day,weather,32,0x7bbe0987962a6cd2728d1656e0465e7fa8cab95e,254.24837031416064,1555.122161,plm15
2026-09-21 08:43:07,day,weather,33,0x7533ad3b2b499a854d69d5374622a06ebb7c0ec2,247.7130473850002,0.0,jucalja1490
2026-09-21 08:43:07,day,weather,34,0x3e2056bc3982f15c9198c22853ec61e37dffb6a7,247.0916000000002,2799.9999999999995,0xD359c1cc3371114EC8d976abb8A8B38ACAD41E0E-1777021046532
2026-09-21 08:43:07,day,weather,35,0x4f8c5b840c93ebf84a64cf2109c375d19b429a58,246.57848379259895,394.365759,hxlg4ever
2026-09-21 08:43:07,day,weather,36,0x73534402899084573c0f0ddc003674eba01cb6c5,236.11670645786216,10969.026388,newbie147
2026-09-21 08:43:07,day,weather,37,0xbcad299aa03f5d60bde26a6da6416e25bbb1d6da,233.25631627681003,6677.412055999999,0xBcAd299AA03F5d60bDE26a6dA6416e25bBb1D6da-1789883163400
2026-09-21 08:43:07,day,weather,38,0x00482ed30ead06a69be21d2ebd3aacc8869a5861,231.3419916997084,5596.429559,Bertrame6868
2026-09-21 08:43:07,day,weather,39,0x3b0cfea5606f2c44fa1b83f274914b3e48d66515,226.27775691537136,1137.2700710000004,-GUYFAWKES-
2026-09-21 08:43:07,day,weather,40,0xa82651e7d1912695e762b48161f5d14ce437f980,223.95326071625004,1199.2775000000001,TheSauron
2026-09-21 08:43:07,day,weather,41,0xc878c6a7ba8ad896a897fe82e48b93fb66dfa6f3,217.80208666420003,1727.669028,ZEEBRA-KY
2026-09-21 08:43:07,day,weather,42,0x758dac51ba3cc9a246a79787da9df11c5f425d9e,211.62874452593564,25180.728506,a5533
2026-09-21 08:43:07,day,weather,43,0x4248a6f959dd65bc086f0286ec73790d556460ab,207.42472117608295,543.086404,nzbryant
2026-09-21 08:43:07,day,weather,44,0xb1fe8e3bacce4829bc4a434decbc6faefb4dcafe,203.96817547433966,1514.207475,zQ5da3x9V9ErKAPO
2026-09-21 08:43:07,day,weather,45,0x41f062f05600d46424b438b742dd6abc23e71a88,202.95326151077234,1017.4237380000001,0x41f062f05600D46424b438b742dd6abC23e71a88-1788704906099
2026-09-21 08:43:07,day,weather,46,0xf87c7529fce35f2c74a06aeadb7b24ac67bfcfcb,202.72554950328959,24606.523041000008,daegoth
2026-09-21 08:43:07,day,weather,47,0x1f85eb9c455c5bdef5d96c2739076678c7157b02,201.94938002290291,5768.854928000001,0x1F85EB9C455c5BDEF5D96C2739076678c7157B02-1778811447702
2026-09-21 08:43:07,day,weather,48,0xc9b98e3f6d4fba8ea7a6752bebd30d99ffded0ff,200.41243222500106,1294.6299999999999,0xC9b98e3F6D4FbA8Ea7A6752beBd30D99fFDeD0ff-1787939399297
2026-09-21 08:43:07,day,weather,49,0x496f76bd5cf4c2819c710ae90ed1c84b2dc6fa5d,199.69082796890143,19098.911261999994,0x496f76BD5Cf4c2819C710aE90Ed1C84B2dc6FA5D-1773782287927
2026-09-21 08:43:07,day,weather,50,0xb1ca909e848cc24ec4e220ce1c453bc290c51705,182.65995023000005,0.0,InterestingUser
2026-09-21 08:43:07,day,weather,51,0x3f41732df5afa542082d9878fa94a9f19e769979,182.62363533447115,2369.067359,FrogCharts
2026-09-21 08:43:07,day,weather,52,0x03805a13a0b3e058f55f6c6af95389d4f431073d,179.95196250096706,7115.663054000001,donthackme
2026-09-21 08:43:07,day,weather,53,0x63b054851ee0b6915b3218a56cb36e21bf644cf2,179.94484682350105,2750.4,WallStreetKlller
2026-09-21 08:43:07,day,weather,54,0x75f23b959c69f4fe7935d69a212cdfe91651a48f,178.66950266900002,6017.2605,0x75F23b959c69F4fE7935D69a212cDFe91651A48F-1789927473625
2026-09-21 08:43:07,day,weather,55,0x7df00357d97916a5c7888b212a94535097790dfe,177.15855549489606,2175.5753229999996,neverhackme
2026-09-21 08:43:07,day,weather,56,0xc24fc1414aedfdc5406fa31e85cfed26704d087f,173.57430798350333,8352.599999999999,shyu5000
2026-09-21 08:43:07,day,weather,57,0x8cc1262cf53b83047926e09af8e5ab3bf537b9f8,173.460247954863,3683.4771149999997,HKPicker
2026-09-21 08:43:07,day,weather,58,0x4f74fd3694138c4bc93104ba61bd580409d98774,172.34208000000126,0.0,
2026-09-21 08:43:07,day,weather,59,0xaef98eb0e78b43a7c65a7da69ef3c59476f90f1b,166.7127022513157,2172.416134,pepead
2026-09-21 08:43:07,day,weather,60,0x4e25605fd905e9972efc0f4d8814530c655cd7a7,164.41489989000183,0.0,
2026-09-21 08:43:07,day,weather,61,0x8b8b9c565c8dca43cfb767f0f2c20b2b323d2512,159.30573699479282,5547.127374,0x8B8b9c565C8dCA43cfb767F0F2C20B2B323d2512-1778811726293
2026-09-21 08:43:07,day,weather,62,0x21ffd2b7a212a6f277ed3eca1a9f8efcbca90d71,158.64983027490962,18069.125447999995,Haradwaith
2026-09-21 08:43:07,day,weather,63,0x5bae7577f470244ce8e678d20693eee2b8ffed25,157.360635758159,754.857975,makerabi
2026-09-21 08:43:07,day,weather,64,0x2bfd3738d0298174dfa80a1202f8156fa739c4cd,150.49484026000027,576.72,0x2bFd3738d0298174DFA80a1202f8156fa739C4cD-1781251227849
2026-09-21 08:43:07,day,weather,65,0x987f9b3e77fa04bd40dc08547304ea632c58b37d,148.26835215838855,605.192553,elvanozein
2026-09-21 08:43:07,day,weather,66,0x0e6be957dc8f4ff72d26ca6d1e750fece6013a4c,145.30100871318405,2057.974238,robert-mukhametov
2026-09-21 08:43:07,day,weather,67,0x8dcf7e03c1e09d0c25e7b6fecc9825bce6215668,144.00003804000016,0.0,semantics
2026-09-21 08:43:07,day,weather,68,0x7de7cbeba7e2ea14c6445be39d4d46a3cf14a9c8,141.5081792900005,0.0,inventive
2026-09-21 08:43:07,day,weather,69,0x15463d7c82ad6df69260a9def5e19c8ff838778b,140.2670372257926,4125.238738999999,ssstarboyyy
2026-09-21 08:43:07,day,weather,70,0xe6953214b110bdaebb473952e69a8c50d47f538e,135.4725571481565,1997.6312429999998,TWCheng
2026-09-21 08:43:07,day,weather,71,0x0c28d976bbfaad597a678f6fc3794d6ba56a9844,131.498285319778,5932.072776,youtube-trader
2026-09-21 08:43:07,day,weather,72,0x94700fded82ba336a5c98fcfd006814a1368989d,129.20736092100003,6604.29,WaHoooo
2026-09-21 08:43:07,day,weather,73,0x039b08dc2cb66400f1d725821b1a38924f799b6c,129.02233486950004,92.0,Mandalorec
2026-09-21 08:43:07,day,weather,74,0xb2e42d29690b7b63335a03c0fd5e64df0681b7f1,127.75084618789333,5211.293289,0xb2e42D29690B7B63335a03C0Fd5E64Df0681B7f1-1778811987251
2026-09-21 08:43:07,day,weather,75,0xc55451833341ee4c38a9441a32449ed6dab3efff,126.86456332362906,311.34862899999996,vedanggg
2026-09-21 08:43:07,day,weather,76,0x7199d484607f926ecd8dd9c360e5b5f064cf9395,125.96149253261967,806.712295,huangfeng889900
2026-09-21 08:43:07,day,weather,77,0x131570244066123a1fa8d3691e1129aa4f4a2931,124.11393648,2497.26,0x131570244066123a1fA8D3691E1129aA4f4a2931-1770775152171
2026-09-21 08:43:07,day,weather,78,0x82c74aa4afa068f136c39837dfca8fe7af94f1f8,122.14963399999999,345.0,Zumala
2026-09-21 08:43:07,day,weather,79,0x4127dd24f28448f5efb9023491d7ca977dd7a8ce,120.32407626622444,1555.139999,Fixz
2026-09-21 08:43:07,day,weather,80,0xf44076b9299b390a1f4bd5979d926ce989aeb009,118.57632726949981,355.85,pieped
2026-09-21 08:43:07,day,weather,81,0x87104080d019273261c278a85bab93241b5ef9c7,118.23530292499987,625.952277,yaoyan1976
2026-09-21 08:43:07,day,weather,82,0x9e24bd0ebc6a423c43cf600e7bf1170a867b7e71,118.10989448000004,381.0,0x9e24bD0ebC6A423C43cf600E7bF1170A867B7e71-1775632553699
2026-09-21 08:43:07,day,weather,83,0xc808e7855e3ff6baebcfe9aec6965d86eafefffe,116.55500307069815,318.0,spxtest
2026-09-21 08:43:07,day,weather,84,0x78ed8966161ea0a22f0719b9c04391c6ac22ab3a,116.15098726416818,1204.637771,ViataBateFilmul
2026-09-21 08:43:07,day,weather,85,0xaea0792d018dbc15619bf8234bf20ac34276875a,115.49808997299999,296.910257,arrizabalahahaha
2026-09-21 08:43:07,day,weather,86,0x3738f01bbdbc0b8dba83b1512bc1c9f89338ed32,110.97785656096957,976.4433300000002,jianghai01
2026-09-21 08:43:07,day,weather,87,0xdef6f7b147246e2bab5422c7363cdebbfd54f69a,107.30972821399337,0.0,bigbonder
2026-09-21 08:43:07,day,weather,88,0x4247c89f4a9236a6b5fb24502023bcc98ab1455f,107.1641060580032,1913.0771,09F911029D74
2026-09-21 08:43:07,day,weather,89,0x76f4765ebc9bdeaeb4af4d27504bff1d4ce782da,107.12002112699884,1480.155,hlwp229
2026-09-21 08:43:07,day,weather,90,0x95d381e71dba6f1c3199fd9bc040383d6fae6eff,104.30088899911607,3303.3122430000003,TunSahur
2026-09-21 08:43:07,day,weather,91,0x4c48e79c441db833e630257a7f09c652af591c17,103.3362179078174,3687.206297,myfirstd
2026-09-21 08:43:07,day,weather,92,0x7300833941f579802d58791eb1d0152c1b17e52c,102.28509028935423,4190.379873,PontiusPilate
2026-09-21 08:43:07,day,weather,93,0xd218e474776403a330142299f7796e8ba32eb5c9,102.13113561362388,0.0,cigarettes
2026-09-21 08:43:07,day,weather,94,0x3fad2d0bd001093fab820094e7a857fc08251a08,101.44856489514905,1604.5003299999998,0x3fad2D0bd001093fAB820094e7a857fC08251a08-1778240324586
2026-09-21 08:43:07,day,weather,95,0x7eeb94f2d5a474123e260f160b4f15d3f3eab6bd,100.29196855357259,2172.8422020000003,edgewarehouse
2026-09-21 08:43:07,day,weather,96,0xc8849a93e05a2ae1b49bb07787a9e0059bb4e17e,99.99957627999538,0.0,Clicker1
2026-09-21 08:43:07,day,weather,97,0x3eac7a5f0419f2efd13d21f3f1c0d0e5566efe52,98.25705999999988,0.0,adfadfadfgf
2026-09-21 08:43:07,day,weather,98,0x5a83009fa6c4fcf4c0eef638b7f2bfb5dd27497d,97.65830388699925,1230.953947,jixer01
2026-09-21 08:43:07,day,weather,99,0x7f15f350261a0dfa8bff802df364e33773d552f1,96.70468854,0.0,0x7f15F350261a0dfA8bff802df364E33773d552f1-1768964329836
2026-09-21 08:43:07,day,weather,100,0xfe8a44919d6ea7e80e861e18e2b9e490adc779a9,94.76611655029754,2200.8907469999995,OneMoreShot
2026-09-21 08:43:07,day,economics,1,0xfbe66593e49c4e7a7180a2582f041158bfb800f8,2366.1440053599945,0.0,gaven-willwin
2026-09-21 08:43:07,day,economics,2,0xce1d15f4ab2e11cca6fefe4fe7d70889e6531b9b,2299.999764100001,0.0,armads
2026-09-21 08:43:07,day,economics,3,0xdf17f4a8dd01a4cfa6fc3da323a2baee5f8697d1,1938.2388707500031,2744.0,gkeqd
2026-09-21 08:43:07,day,economics,4,0x57e7c7ef2a44ff08d724d0054fa2b648f93db491,1848.2966000000015,0.0,Marks1000
2026-09-21 08:43:07,day,economics,5,0xe9076a87c5ed90ef16e6fe6529c943baeca0cff6,1845.7182830013335,58.19333399999999,suntori
2026-09-21 08:43:07,day,economics,6,0x3a8aa345d5db7ec5138298c8c4f4540259be7699,1742.079116343055,0.0,TheReturnOfDarthMaul
2026-09-21 08:43:07,day,economics,7,0xe7387473b067235436884d16799777cf279edf65,1675.6869375799724,0.0,Huludubu
2026-09-21 08:43:07,day,economics,8,0x25db6ca5935ae858a5c1f2dcd5c62939805328de,1653.512166020002,44.440000000000005,0x25db6cA5935ae858A5c1F2dCD5c62939805328dE-1770665598557
2026-09-21 08:43:07,day,economics,9,0x801dbe416065cfa8ecffeae526eeb37f393fd8e0,1559.996233439997,0.0,Niseko
2026-09-21 08:43:07,day,economics,10,0xbaa2bcb5439e985ce4ccf815b4700027d1b92c73,1324.9213070200058,0.0,denizz
2026-09-21 08:43:07,day,economics,11,0x6302cdefa498e7174dd0fcd6b06652a38eae7917,1179.999825010018,0.0,0x6302CDeFa498e7174dd0fcD6b06652A38eAe7917-1720863615256
2026-09-21 08:43:07,day,economics,12,0x7c6ad2c1e9a6a86c663cb95cc328330576f20b8c,1154.4575150399978,0.0,Imo7o
2026-09-21 08:43:07,day,economics,13,0xc3daa1bb9ce85866fb1a7c3a5d02816798e641fe,1014.1974385247158,4902.038617,aghy
2026-09-21 08:43:07,day,economics,14,0x54b56146656e7eef9da02b3a030c18e06e924b31,990.6983809100457,56635.159999999996,pup1
2026-09-21 08:43:07,day,economics,15,0x6d9fc316c3b8377060a44b852ba664adbfd59790,799.9999857219955,0.0,MEPP
2026-09-21 08:43:07,day,economics,16,0x5f176a980de5b25f89f17473e5e8adef565c519e,787.2135276200006,0.0,cezarn132
2026-09-21 08:43:07,day,economics,17,0xaf458bee32b8f1d9ba39ee876f20c7e3ce62ec7d,783.897437107953,0.0,fed26
2026-09-21 08:43:07,day,economics,18,0x248a27f29b96633b6f5f53c7e526791cf6674b4a,693.4987110600014,0.0,dedpepe
2026-09-21 08:43:07,day,economics,19,0x9952d39fcc7a5baf664da51dd1b9c95f23ca9cba,675.9997259600004,0.0,helpisontheway
2026-09-21 08:43:07,day,economics,20,0x5e73afb20c2b27caccdaad9e49b97fd336576697,662.1145976799999,0.0,Newshound
2026-09-21 08:43:07,day,economics,21,0xa6f8220dfac596335d6b6719f2a2c7b451cc316d,576.7268541299964,0.0,Imbleciar
2026-09-21 08:43:07,day,economics,22,0x7cf93583951552553bc0d243a8582a3410ed2798,560.89878616223,62553.223266999994,SheltonDoubter
2026-09-21 08:43:07,day,economics,23,0xbe89905ca9a689f5129621b62fcf715b5a45b88c,444.7577460635075,0.0,simpleman
2026-09-21 08:43:07,day,economics,24,0x1681006e2a5c3ca35767f215947326591180b1c7,400.0,0.0,shuanyang
2026-09-21 08:43:07,day,economics,25,0x2cea147625e653974b96182a5cbcc1c4911b4ecc,383.44252555000276,0.0,SSCCAAMM
2026-09-21 08:43:07,day,economics,26,0x0cbaab2d3f6cc5998e78cc1969c6ee1f4d1392d3,375.16822476000016,0.0,Aq4ExePrd22Jn
2026-09-21 08:43:07,day,economics,27,0xec981ed70ae69c5cbcac08c1ba063e734f6bafcd,334.9999389950026,0.0,0xheavy888
2026-09-21 08:43:07,day,economics,28,0x8b881cf08d3a53d3711d7ea85783b94738e55f5e,332.13531581999996,0.0,Bet1nthedark
2026-09-21 08:43:07,day,economics,29,0xa58d4f278d7953cd38eeb929f7e242bfc7c0b9b8,317.9598927643783,8187.034692000001,AiBird
2026-09-21 08:43:07,day,economics,30,0xed107a85a4585a381e48c7f7ca4144909e7dd2e5,303.00520086067263,1.29,qmarktea2
2026-09-21 08:43:07,day,economics,31,0x936044a9c02ebebf6b017db6dfc053cf4bf203e6,301.9067194800009,0.0,ashensoul
2026-09-21 08:43:07,day,economics,32,0xaf2383b66194112d57ac196b00ab25f78c17aa95,300.5793682365002,0.0,apple-pi
2026-09-21 08:43:07,day,economics,33,0x02388370985ec313bcc199911073f91f52b6eb0b,299.99596955999914,0.0,DoloresZ
2026-09-21 08:43:07,day,economics,34,0x215adbb63b47d0ca92f849fe2c2dc1adb0f6254c,265.8385280450002,0.0,BikesAreTheBikes
2026-09-21 08:43:07,day,economics,35,0x8597ca63e722d6216bfc3057591fdc67ec49daee,263.9342956599985,0.0,Mr-Krabs
2026-09-21 08:43:07,day,economics,36,0xc5ea7779ccceb73c22eeeebb7ca2e6e8dc9d83f5,251.5600000000004,0.0,38388
2026-09-21 08:43:07,day,economics,37,0xe8c5827d987d9bf9e04102a2b84c7de426817a13,246.16412592000052,0.0,John-Silver
2026-09-21 08:43:07,day,economics,38,0x1cfc260bfa2b5ae89377863180ca3b4f5c862111,242.1445554109232,606.944706,lissartter
2026-09-21 08:43:07,day,economics,39,0xa49becb692927d455924583b5e3e5788246f4c40,238.76464800006943,2120.0,sleepy-panda
2026-09-21 08:43:07,day,economics,40,0x5b9115312cb4fc2b2b57c65045e611092f222709,232.44244144500772,0.0,x26
2026-09-21 08:43:07,day,economics,41,0xb4d2b5c75b176f364beefe9dffb605c8b161fa62,230.00084167000023,0.0,obakobakk
2026-09-21 08:43:07,day,economics,42,0xfe2d0b7350141c8413da4ab3eb72b5d71026da35,228.67174363836602,681.4992500000001,gmgmgmgmg
2026-09-21 08:43:07,day,economics,43,0xa24f0d516433ae4b8ecf4ce6de13c7eafbce7131,225.12019362000046,0.0,bala-bala
2026-09-21 08:43:07,day,economics,44,0xa7cc00c563726032007221e827bbf7fdb6d7644e,224.7721878299999,0.0,PotatoKotato
2026-09-21 08:43:07,day,economics,45,0xe3a1094b08b7be604181a97d386677c85fbf3c87,218.14837261999855,0.0,makemoney2025
2026-09-21 08:43:07,day,economics,46,0x09789b8b51146babd57e3e33b9376f3496f800e6,217.92137233999892,0.0,MarvelFan94
2026-09-21 08:43:07,day,economics,47,0xa012992f4e0b728a42db1efebe8341c5de3ffe65,212.4191371199995,0.0,FATBALL7
2026-09-21 08:43:07,day,economics,48,0x0dccfae62418c61d2f9a642e88df39702d8bd87c,210.49138932000005,0.0,0x0DccfaE62418c61D2F9A642e88Df39702D8Bd87c-1764932904403
2026-09-21 08:43:07,day,economics,49,0x40fb1ce140a1de46e30d03eb190c6a866c583bd7,210.42301514100018,0.0,0x40fB1ce140a1de46E30D03Eb190c6a866C583BD7-1762961870669
2026-09-21 08:43:07,day,economics,50,0xa289b3324a891d5cab24c92adde4aba24989d95c,209.99977640000088,0.0,k00pa
2026-09-21 08:43:07,day,economics,51,0x72a22d4d155079da8f50c89d4c6c03b6428e7b65,209.09979122000027,0.0,meowtai
2026-09-21 08:43:07,day,economics,52,0x0cb25edac705df4c6b4d23fb6fc4e18e78301872,206.95450317999985,0.0,0x0cb25edac705df4c6B4d23FB6Fc4E18E78301872-1774209617236
2026-09-21 08:43:07,day,economics,53,0xf5c49ad254b1d53ea0b86fb285dd3f11dc800926,204.11976986000082,0.0,0xdamocles
2026-09-21 08:43:07,day,economics,54,0x43b9fb91a92b1f9c5aa6ea779f418b4e768d5db9,200.85977206500047,0.0,UntitledUser1
2026-09-21 08:43:07,day,economics,55,0x8575467a6743c81ef0a8d06acc76e99b454a87fe,200.31183509548282,0.0,products
2026-09-21 08:43:07,day,economics,56,0x7e5e420a5cde8a322f3b5b93a12a164827f47315,199.99999999999955,0.0,StasPanda
2026-09-21 08:43:07,day,economics,57,0x75a27d0cc95b3586297c1e6b5417269332cd6992,199.99981174000027,0.0,BrownBees
2026-09-21 08:43:07,day,economics,58,0x748ac19f73c96312e98227f49f65699542943c56,199.99954335999962,0.0,1nvoker1
2026-09-21 08:43:07,day,economics,59,0xa07ddb63b8ad20854f59fd10ebf126b41c9f9871,199.99914444999922,0.0,mytothemoon
2026-09-21 08:43:07,day,economics,60,0x8e77537e059837d3c2ca5b4efe75e74e9498c4f3,199.6408697049992,0.0,dwpoker
2026-09-21 08:43:07,day,economics,61,0xd426adbc3c4461c86099c26221c877f20e42334a,191.55980000000272,0.0,881112
2026-09-21 08:43:07,day,economics,62,0xc6d0ff59ef83e7d6210c47d20408eb27b7844bad,191.08856053999625,0.0,strategy1.2
2026-09-21 08:43:07,day,economics,63,0xf1ef8705e9f63c790c6fffd6329aea7011718cd6,188.99524751399986,0.0,Outsid3rTrading
2026-09-21 08:43:07,day,economics,64,0x3eae57986be5e0ca435102ffe1f14206ffa2e2ed,187.19738153499748,0.0,thoodr
2026-09-21 08:43:07,day,economics,65,0x9ca119b8cd7bdb890aecf1ff3b0f6e3a45cc13b5,179.99841318000108,0.0,JoeBlack01
2026-09-21 08:43:07,day,economics,66,0xe617861a96631d7cefdb1ad43e95c33b5946f251,178.1910969385026,0.0,
2026-09-21 08:43:07,day,economics,67,0x21d0c129deb8a7f7e1569045200d20e23862ce91,176.69897241799845,0.0,DEGENKHAN
2026-09-21 08:43:07,day,economics,68,0x81525952f172646a4104030e9a9ef1e769c7bfda,171.02356361400234,0.0,KimJonEn
2026-09-21 08:43:07,day,economics,69,0x04dcbd9b805b220a9b2d27e4d9e649ed07902387,164.31660076518745,236.54,thursdays
2026-09-21 08:43:07,day,economics,70,0xb1ca909e848cc24ec4e220ce1c453bc290c51705,162.30594346551516,633.14,InterestingUser
2026-09-21 08:43:07,day,economics,71,0x39c3d7208946b664aab88797225a418f9d4e0c7e,160.43365815000107,0.0,sam52727482916
2026-09-21 08:43:07,day,economics,72,0x5ddde3b22f24ae9bf2de418882437f84d1990014,160.08370894000018,0.0,0x5dDde3B22F24AE9bf2de418882437F84D1990014-1765425723126
2026-09-21 08:43:07,day,economics,73,0xda44d94bfc2a1a66e727c2bae18f9f4d51112442,156.23650141000053,1916.0,maxoli
2026-09-21 08:43:07,day,economics,74,0x2a58cb03e4934ca46d03d80a3e531879402fb808,155.64790773418372,965.74,N.sam
2026-09-21 08:43:07,day,economics,75,0x08c897e4780c299061fe683120e5bb18cf931da2,153.26423226000043,0.0,Folletin
2026-09-21 08:43:07,day,economics,76,0xf83ec0e37ac9eece71c064507270e9001a734663,151.9188330317138,449.19500000000005,JustClickeverywhere
2026-09-21 08:43:07,day,economics,77,0xf1b29b5ad60ca3243e383d83dc4c8eeec40fa321,150.0,0.0,PolJim
2026-09-21 08:43:07,day,economics,78,0xb69b45222b1f77473d20c546dd0a96bf62a0aa30,143.9707953799998,0.0,0xB69B45222B1f77473D20c546dD0a96bf62a0aA30-1760836448088
2026-09-21 08:43:07,day,economics,79,0x9e42308e7d732aa04209fdc070e8bd779d5e1b36,139.7620883049999,286.02,7418399
2026-09-21 08:43:07,day,economics,80,0x43ab6682572796f6f684970ebb6cf8c14c92a0ef,138.80000000000018,0.0,0x43AB6682572796f6f684970eBB6Cf8C14c92A0eF-1761760556265
2026-09-21 08:43:07,day,economics,81,0xae89da6594bb0d421c8d807d74e213f8729e90b8,137.07111426899974,0.0,Ume-Chang
2026-09-21 08:43:07,day,economics,82,0xed49defb36f77e74912c0ff38d2667317bad8783,135.64534247999836,0.0,EducatedGuess69420
2026-09-21 08:43:07,day,economics,83,0xcd6be6693e2bc11150d397caa9e6f7c6744b68f5,131.23878973999672,0.0,AlfredTheShiller
2026-09-21 08:43:07,day,economics,84,0xa61ef8773ec2e821962306ca87d4b57e39ff0abd,129.99916505999863,0.0,risk-manager
2026-09-21 08:43:07,day,economics,85,0xedafc523537800d83224934a27f401ba9dda895d,129.62672771200414,0.0,
2026-09-21 08:43:07,day,economics,86,0xeed7c2e6c4e998fd50098b66144ee8dff01d16b2,128.77903809999953,148.0,grinder1011
2026-09-21 08:43:07,day,economics,87,0x3e0a8847c74b98a0d865e24ae399604ddf67b9cc,127.67961474000094,0.0,Melqui
2026-09-21 08:43:07,day,economics,88,0x36b4c862c275c64b726e0c4604368a4e7199c26e,126.93013481,0.0,0x36b4C862c275c64B726e0c4604368A4e7199c26e-1781033174639
2026-09-21 08:43:07,day,economics,89,0x72f7b4aa5acaff9629917cf4ec34620a41c492f7,126.16202665299988,0.0,crypto-basenji
2026-09-21 08:43:07,day,economics,90,0x6809e7f37d2f5aedb20ccebd2a129604a06a6d90,123.94905239500031,1187.66,.perfect
2026-09-21 08:43:07,day,economics,91,0x2e6e4103d3ad48e7be876df11a5eed5b53287f53,123.43944756500008,0.0,AndreiDmitr
2026-09-21 08:43:07,day,economics,92,0x93521335308a270795daa9f073b5406938b12227,123.00839619999988,0.0,peterfromfamilyguy
2026-09-21 08:43:07,day,economics,93,0x77fbd6bdba89da0ce4ae6e5bee380d6a51de266c,121.79942999999912,0.0,plumbis
2026-09-21 08:43:07,day,economics,94,0xfb57f8670d2f51a76b0ce40c533ed7d7328c0a46,120.0,0.0,ppxtu
2026-09-21 08:43:07,day,economics,95,0xeb22f4735df6bd5d14e1b5fd10faefa7757d808a,118.14724598449902,0.0,BigRabbit
2026-09-21 08:43:07,day,economics,96,0x27e56917c5c7c5ae7662b85cf86c289bfc39fb20,117.25961472900235,0.0,AdjunctBias
2026-09-21 08:43:07,day,economics,97,0x80a4552cdcde3b861b8adc146ab1fbd4711022cc,113.94469732953439,0.0,puravida
2026-09-21 08:43:07,day,economics,98,0xf4f3476be6e5b2de3a7e1bc849ff4b047bef330d,111.19906095849365,0.0,nada
2026-09-21 08:43:07,day,economics,99,0xa91edabae0eae478c830a6d5dfd3acc0571709e0,109.06406405754024,13429.13,enri.hl
2026-09-21 08:43:07,day,economics,100,0x9690d9f51b618222c29567c3b39aac2935a5f2d5,104.71537016000002,0.0,Djibooty
2026-09-21 08:43:07,day,tech,1,0x4f1d5ae26fc31472966e951af3183308736d8de2,8668.796866018034,3066.303332,e46m3
2026-09-21 08:43:07,day,tech,2,0xb0c85813a7a4428f1139ff91d3118a92c391fe7f,3105.2189696376736,3253.9700000000003,highstake.sport
2026-09-21 08:43:07,day,tech,3,0xfbd8c9c22ca76b3662d0e53a4f79719fdc684027,2026.1906884991913,2059.0,0xfBd8C9C22cA76B3662d0e53A4f79719FDC684027-1779347618060
2026-09-21 08:43:07,day,tech,4,0x03805a13a0b3e058f55f6c6af95389d4f431073d,1790.9624805607018,2171.3676410000003,donthackme
2026-09-21 08:43:07,day,tech,5,0x4959175440b8f38229b32f2f036057f6893ea6f5,989.9248147327644,2173.034195,Majas
2026-09-21 08:43:07,day,tech,6,0xe25b9180f5687aa85bd94ee309bb72a464320f1b,914.7332965650012,9.155173,WordleAddict
2026-09-21 08:43:07,day,tech,7,0x9b129ad05bc0a8df3c73dfcc66fe75252daec2d5,867.2781110504989,96.54,0x9b129aD05Bc0a8df3C73DfCC66fE75252DaEC2D5-1778811687225
2026-09-21 08:43:07,day,tech,8,0xfd557e6db670c9704bc1d0d8e8b585c7d9c9f905,790.6025540008777,592.313956,northdrawer
2026-09-21 08:43:07,day,tech,9,0x7dcf235766e6b09c8869468a75d5495cf171a7bd,745.4350557030048,1023.0,godblessme2026
2026-09-21 08:43:07,day,tech,10,0xcc792a28d90f3c5d8fe91e48a184913a65031c2a,730.8736918955037,0.0,enrico-vasaio
2026-09-21 08:43:07,day,tech,11,0xc74a96b8a834677cc2ab2dd579e525134d11f01b,638.4573472340126,390.0,Popopolly
2026-09-21 08:43:07,day,tech,12,0xb4f2592e67c333e73c923547cfe05e768180e5fa,626.5503936200012,0.0,M2sx92kljs42
2026-09-21 08:43:07,day,tech,13,0x28bf066c6cb952da62d6d182c16ad173ada64a4e,611.0744177108645,587.1500000000001,plainfolder
2026-09-21 08:43:07,day,tech,14,0x5744cce35b222cc4552a68501aff05c29c946eca,584.9141524100005,449.47,rsam5990
2026-09-21 08:43:07,day,tech,15,0xeed8c2be411025120fb511ea2332dd0a1f6135f0,553.310536566998,9281.91978,WarriorH
2026-09-21 08:43:07,day,tech,16,0x090af6fd2aeb04202abc97370aa86c1b81d90fa6,538.7514277219889,702.5000000000001,VictorLudorum
2026-09-21 08:43:07,day,tech,17,0xb1ca909e848cc24ec4e220ce1c453bc290c51705,500.129505669669,40.0,InterestingUser
2026-09-21 08:43:07,day,tech,18,0x63850ce907044eac77fba13d59f263ade68093f2,403.24723424249987,0.0,Waterfall
2026-09-21 08:43:07,day,tech,19,0x3eae57986be5e0ca435102ffe1f14206ffa2e2ed,394.80630000000383,0.0,thoodr
2026-09-21 08:43:07,day,tech,20,0x2cb89857887830459955712c1f1b9e43af197f4a,383.6530972499993,0.0,111test
2026-09-21 08:43:07,day,tech,21,0x5ecde7348ea5100af4360dd7a6e0a3fb1d420787,374.5212917465251,0.01,0xdc3E831cad
2026-09-21 08:43:07,day,tech,22,0xb25d2d8100bb0ac29e886c526c74c0871386d127,335.4725000000012,0.0,GammaSqueeze1234
2026-09-21 08:43:07,day,tech,23,0x71abe97b83eaba3f06cb04fd4d9a03ee37d2f015,335.1601325099999,0.0,groth
2026-09-21 08:43:07,day,tech,24,0xcfff4295288ee29f75a38a7028611b7c1e93673d,315.63954135918175,798.46,graynotebook19
2026-09-21 08:43:07,day,tech,25,0xfbedb045813457be883ad83dd1078e88a2a1a665,304.05246902128965,714.905271,SpringlyFawl
2026-09-21 08:43:07,day,tech,26,0x7a251ff68217a0418a8f7eddede5b638f8c881d1,300.58783399999993,0.0,h4xor
2026-09-21 08:43:07,day,tech,27,0xd6ddc6559313bcc819f1df1b3647f3930da998ee,288.9968498616149,658.214445,sqaolkytrpoi
2026-09-21 08:43:07,day,tech,28,0xc42d02afe568a863c7aa3117b90bbd2d5365ca94,288.6172500000007,0.0,0xC42d02AFE568A863C7aa3117b90bbd2D5365Ca94-1782962565138
2026-09-21 08:43:07,day,tech,29,0xae2a545c068389c5aab3466cecef33259e55384d,285.8092575429987,333.0,haveagoodday
2026-09-21 08:43:07,day,tech,30,0x7272c0d9478ef6447f48a20a7db2839a61a4a67d,274.0319703200007,0.0,0x7272c0D9478Ef6447f48A20a7Db2839A61A4a67d-1735227193318
2026-09-21 08:43:07,day,tech,31,0xd8726283468c86fdb22755db72774a6c58fedfae,271.17968499999995,0.0,Milksheen
2026-09-21 08:43:07,day,tech,32,0x122cb94c437ea5e6f088c6c0c143c592ab8efbed,269.5269684999985,3544.13,0x122Cb94C437EA5e6f088c6c0C143c592ab8EFBed-1782168978900
2026-09-21 08:43:07,day,tech,33,0xbe044d601fbe89c9e87eacfa57d813a31f783c60,261.76889415999995,0.0,0xbe044D601FBe89c9E87eACFa57d813A31F783C60-1767997097941
2026-09-21 08:43:07,day,tech,34,0xf797d4d1c038d1eb0593edae0e66bf8e4b2e0bf2,257.77895594349957,75.0,DerDon
2026-09-21 08:43:07,day,tech,35,0xe7ba860db6857d41ffedca25af0ccf3b2eae23c4,249.99992698999995,0.0,cbgjvfyg6ybgfvukgv
2026-09-21 08:43:07,day,tech,36,0x764b305694b026c1acce7bf862c3b5456a146bad,237.47214420177625,447.75,quietparcel
2026-09-21 08:43:07,day,tech,37,0xa3282d3e882501229c75d0caf134e62e3afb4977,233.28994530799173,341.49272499999995,korda77
2026-09-21 08:43:07,day,tech,38,0x3f3bfc6d754e416699793901ffb12ddeee9f1d77,213.89298039701316,698.0,eNakeVets
2026-09-21 08:43:07,day,tech,39,0xeb34b86ca3ca64eb3cee6c9a0cce668385df7268,206.72743227650426,1902.8200000000002,kneelbeforetheking
2026-09-21 08:43:07,day,tech,40,0x014c4e7ae2145992861c2d1b124af633a97f820c,196.9224018999999,1356.53,Hyperlong
2026-09-21 08:43:07,day,tech,41,0xda9126becc96be3598ddd05c4fc06f4093759ffd,186.84335756177404,424.6952,98Ddd05Cde45d05C4fC06f4093759FFDDFSFFSDDVF
2026-09-21 08:43:07,day,tech,42,0x5f2d64a75faa9e08534f1f1e60bfb4aee82c0d42,184.44729914883123,2363.341441,Boz13
2026-09-21 08:43:07,day,tech,43,0x38e59b36aae31b164200d0cad7c3fe5e0ee795e7,177.8378937740017,0.0,cowcat
2026-09-21 08:43:07,day,tech,44,0xe040ffe586e21cb49449e8daf19b1cdff87a824f,166.14592634600194,463.0,god83743894
2026-09-21 08:43:07,day,tech,45,0xc91b7d9f4463c9985f562149c31841cde87793bd,161.01283573651597,682.045476,0xC91b7D9F4464C9985f5621493829ahdfc
2026-09-21 08:43:07,day,tech,46,0x7e35a2a8cfd1eb1e69dacd043206db5a787f1a6c,157.4003259699998,0.0,buoys
2026-09-21 08:43:07,day,tech,47,0x9e3ed7b661a903fc97afcf49e0f014ebe869f882,146.64228316243316,1680.274644,0x9e3ed7b661a903fc97afcf49e0f014ebe869f882-1783406009396
2026-09-21 08:43:07,day,tech,48,0x41f34763a4cca3681d05024b8a23ec883b3b6202,138.8229903499996,0.0,grapygroyp
2026-09-21 08:43:07,day,tech,49,0x03bec60891f6397d7a9a2d101503c0496064f6d9,130.46739999999954,0.0,betjunkie
2026-09-21 08:43:07,day,tech,50,0xdf17f4a8dd01a4cfa6fc3da323a2baee5f8697d1,128.96370000000002,0.0,gkeqd
2026-09-21 08:43:07,day,tech,51,0x9495d622ab74a601ad1668d3dd4f7a2e68c3468f,128.33049360599762,1639.348789,0x9495d622aB74a6O1AD1668D3DD4F7A2E68C3468F
2026-09-21 08:43:07,day,tech,52,0x5f211a24da4c005d9438a1ea269673b85ed0b376,126.1499909129999,0.0,dpnd
2026-09-21 08:43:07,day,tech,53,0x8597ca63e722d6216bfc3057591fdc67ec49daee,125.02475000000095,0.0,Mr-Krabs
2026-09-21 08:43:07,day,tech,54,0x2a019dc0089ea8c6edbbafc8a7cc9ba77b4b6397,119.95445375750205,0.0,aviato
2026-09-21 08:43:07,day,tech,55,0x66e7ce01c6831b8a2503d09edd6167152ee68bcd,118.19130277896738,180.96111,0x66E7ce01C6831B8A2503D09eDD6167152Ee68BcD-1771870353938
2026-09-21 08:43:07,day,tech,56,0x1387d145aaf01f6e33b66525dda6e1f51f6955f8,117.61406217649346,523.3342700000001,Lucerys
2026-09-21 08:43:07,day,tech,57,0xacdfeeebdf8041fcccace40b8f991c0322f5251c,113.6496500000012,0.0,obeymesubjects
2026-09-21 08:43:07,day,tech,58,0x49e94011df9060dcc367995892faeb193e348f85,110.42179500000202,0.0,MoonLambo1205
2026-09-21 08:43:07,day,tech,59,0xd25dc5042c8b5bbbf25005954554abd2590363fb,109.99998165750003,0.0,qwersd
2026-09-21 08:43:07,day,tech,60,0xe97b7b1396a99341b32984fa8bbf62f2f68ab2ea,109.6257499999997,0.0,Tremirorot
2026-09-21 08:43:07,day,tech,61,0x225b7c9aaf6108ded29b9fda9939aa671ef6422a,107.44492161000107,0.0,0x225b7c9Aaf6108deD29b9fdA9939aA671Ef6422A-1756591558414
2026-09-21 08:43:07,day,tech,62,0xe8c4d68aff65b38cac46987b9b65e01eb47d395d,107.2045899385007,0.0,JAMJAMJAM4
2026-09-21 08:43:07,day,tech,63,0x85a85805bcbdf2e629788adac1420b6b53949281,106.13899625000022,0.0,LJa7io23MCv954j
2026-09-21 08:43:07,day,tech,64,0x300c5e1ec9e4d6e8bd9617f0a44508170c5b6a92,103.72352857016494,2272.152543,BAO95889
2026-09-21 08:43:07,day,tech,65,0x0e17fe350c6f3f443b207181fa550873f6b91787,102.13240624000002,718.1600000000001,0x0E17FE350C6F3F443b207181fa550873f6b91787-1789969077933
2026-09-21 08:43:07,day,tech,66,0xac990f444a5d016a6296227c8e4deefc9b841380,101.00000000000001,0.0,keoen
2026-09-21 08:43:07,day,tech,67,0xbade82415e3b67c2c9446625104b16d4beeeb0d9,99.04924985000004,0.0,smartspec1
2026-09-21 08:43:07,day,tech,68,0x9578af80708f271f705e27867dcf6ec653acf066,96.16560618249923,49.99,KimchiCapital
2026-09-21 08:43:07,day,tech,69,0x736539924a5602b37a03a54fc12c1cc8f98964da,93.0036824949857,853.6690000000001,Contentious-Dinnerdate
2026-09-21 08:43:07,day,tech,70,0x60a92c8620846d81f5ea17b0564e0d4b7c545a71,92.60220815500008,0.0,paddaa
2026-09-21 08:43:07,day,tech,71,0x25257a6a89dba93dd0c536b6279365632a4eb919,90.42584685999964,251.27,Trading4Fridge
2026-09-21 08:43:07,day,tech,72,0x01019e228bff8e0b7cc6155c0b54eebe18816846,88.09305000000018,0.0,PollyEmperor
2026-09-21 08:43:07,day,tech,73,0xa7d2ec6680f4e5f6ab0da244d8006eec3e20f954,87.2031302814994,818.0,KiruaTrading
2026-09-21 08:43:07,day,tech,74,0xa58d4f278d7953cd38eeb929f7e242bfc7c0b9b8,86.44144902100015,0.0,AiBird
2026-09-21 08:43:07,day,tech,75,0xc0eea70081e176f3548b409742d6e361c0fdec14,82.81680000000006,0.0,fafafaffafafafafafafafafafafafafafafafafa
2026-09-21 08:43:07,day,tech,76,0xc89674f5b754938eeeca220b62b6ded4c6572551,81.87122818499995,0.0,0xc89674F5b754938eEecA220B62B6ded4C6572551-1776754943951
2026-09-21 08:43:07,day,tech,77,0x4f71f873348b7acd0a883f717270f4ac4dc91721,81.11605924500145,0.0,0x4F71f873348B7acd0A883f717270F4AC4dC91721-1778715175566
2026-09-21 08:43:07,day,tech,78,0x032eb1bc893940263ad0b01889f262fc232f2a9e,79.06339099999974,1975.0,purplegatto
2026-09-21 08:43:07,day,tech,79,0xb0e74df9430a089aa102e2207af5fde1967439d2,76.13911596600155,0.0,0xb0e74DF9430A089Aa102e2207Af5fde1967439D2-1789545517033
2026-09-21 08:43:07,day,tech,80,0xf0d5eb1cbe7350f1f896ade6c172e6700414c665,75.74409999999989,0.0,yen4u
2026-09-21 08:43:07,day,tech,81,0x048a9d673a40171a1cf44ef518893d35fdf09be4,73.7633850000002,0.0,PavtheGreat
2026-09-21 08:43:07,day,tech,82,0x355e5ae20cc1a3a2164f818e4bac8d22dd72a038,72.54015144550067,2281.9427640000004,Olcan
2026-09-21 08:43:07,day,tech,83,0x0826042fb1f3f5ff4325ed7237ebc87468070b32,69.99884641200015,0.0,deltasniper
2026-09-21 08:43:07,day,tech,84,0xb51b3beffd13cde071ed799e70a7b0b598e8b4d9,69.58161212300911,599.9900000000001,cambridgeisaac
2026-09-21 08:43:07,day,tech,85,0xb1fea3922a1998248cf2ae51f740b9be2bb7423a,69.08464286949993,100.0,Mr.Frog🐸
2026-09-21 08:43:07,day,tech,86,0xdc83474bc4cdf4d037f8be1eca21cfa290aabcd2,67.74876165000023,0.0,0xdC83474BC4CDf4d037f8BE1EcA21cfa290aaBCD2-1772195983959
2026-09-21 08:43:07,day,tech,87,0xb94c9e108b961b632fa617fca3731801b4834c0c,66.46435715999905,0.0,dublyash2
2026-09-21 08:43:07,day,tech,88,0x1cf169df887c8aca4d8afc83b1a37710b2756ca1,64.58581111480134,319.81050700000003,qianyi2026
2026-09-21 08:43:07,day,tech,89,0xc5187cb669690150643ba2f9aac6b7d98d212594,58.32642674049566,10.11111,mustbethewater
2026-09-21 08:43:07,day,tech,90,0x28b291aa82da13e1d58993873806c92908d5eb4f,58.176637420996485,0.0,libratus1
2026-09-21 08:43:07,day,tech,91,0x21322b33abd6850ac01b7ede420c16a5b2967657,57.351312719999896,0.0,0x24321322b33abD6850aC01b7EDE4211
2026-09-21 08:43:07,day,tech,92,0xbbee0652bc38df479c203d31d0712bab7ab417c4,57.132818400000005,0.0,Gibbo1
2026-09-21 08:43:07,day,tech,93,0x1cac5c537efec302c6505dd92f907d0193426f43,56.99122727299982,61.97,SteviaDaddy
2026-09-21 08:43:07,day,tech,94,0x73e071e5944d78836aedfbf0ac0d0b6c0f9521aa,56.34662894999997,0.0,scrible
2026-09-21 08:43:07,day,tech,95,0x942e79166821f3f4e67872e44f1672fcccd2be27,55.29528677048802,445.14,smallreceipt
2026-09-21 08:43:07,day,tech,96,0x09fe78c8b9f10fb9c7c0a584bfab4205c76876ee,54.448014945999944,0.0,daniel122134
2026-09-21 08:43:07,day,tech,97,0x69aa9fa621403e3a121b29ad77d32ba9eb5e8847,53.31965618100185,0.0,tsekinming01
2026-09-21 08:43:07,day,tech,98,0x167be917e068770f46575b82f6aa2b0516e1beec,51.27747360000012,2752.15,yanping
2026-09-21 08:43:07,day,tech,99,0xa794b8eee315d8adff4751a39355e7bd72f142ad,50.0,0.0,L1quid
2026-09-21 08:43:07,day,tech,100,0xbdd444ab3dc32ac2976d366df2b1bd4aa7e4eaf5,48.4406944079999,0.0,kaixinwan
